index,condition,domain,scene,iteration,seed,status,log_dir
1,ours,tomato,01,1,2030859206,complete,/home/fr/brl/02_BRL_POMDP_CODE/experiments_logs/when_what_mechanisms/20260921_013627_859495/tomato/scene_01/ours/run_01_seed_2030859206
2,ours,tomato,01,2,2222960263,complete,/home/fr/brl/02_BRL_POMDP_CODE/experiments_logs/when_what_mechanisms/20260921_013627_859495/tomato/scene_01/ours/run_02_seed_2222960263
3,ours,tomato,01,3,1273020582,complete,/home/fr/brl/02_BRL_POMDP_CODE/experiments_logs/when_what_mechanisms/20260921_013627_859495/tomato/scene_01/ours/run_03_seed_1273020582
4,ours,tomato,01,4,866496583,complete,/home/fr/brl/02_BRL_POMDP_CODE/experiments_logs/when_what_mechanisms/20260921_013627_859495/tomato/scene_01/ours/run_04_seed_866496583
5,ours,tomato,01,5,2698243041,complete,/home/fr/brl/02_BRL_POMDP_CODE/experiments_logs/when_what_mechanisms/20260921_013627_859495/tomato/scene_01/ours/run_05_seed_2698243041
6,ours,tomato,01,6,1911303750,complete,/home/fr/brl/02_BRL_POMDP_CODE/experiments_logs/when_what_mechanisms/20260921_013627_859495/tomato/scene_01/ours/run_06_seed_1911303750
7,ours,tomato,01,7,796400590,complete,/home/fr/brl/02_BRL_POMDP_CODE/experiments_logs/when_what_mechanisms/20260921_013627_859495/tomato/scene_01/ours/run_07_seed_796400590
8,ours,tomato,01,8,1201029111,complete,/home/fr/brl/02_BRL_POMDP_CODE/experiments_logs/when_what_mechanisms/20260921_013627_859495/tomato/scene_01/ours/run_08_seed_1201029111
9,ours,tomato,01,9,3389846695,complete,/home/fr/brl/02_BRL_POMDP_CODE/experiments_logs/when_what_mechanisms/20260921_013627_859495/tomato/scene_01/ours/run_09_seed_3389846695
10,ours,tomato,01,10,2508123787,complete,/home/fr/brl/02_BRL_POMDP_CODE/experiments_logs/when_what_mechanisms/20260921_013627_859495/tomato/scene_01/ours/run_10_seed_2508123787
11,ours,tomato,01,11,2741500852,complete,/home/fr/brl/02_BRL_POMDP_CODE/experiments_logs/when_what_mechanisms/20260921_013627_859495/tomato/scene_01/ours/run_11_seed_2741500852
12,ours,tomato,01,12,4065849833,complete,/home/fr/brl/02_BRL_POMDP_CODE/experiments_logs/when_what_mechanisms/20260921_013627_859495/tomato/scene_01/ours/run_12_seed_4065849833
13,ours,tomato,01,13,821007751,complete,/home/fr/brl/02_BRL_POMDP_CODE/experiments_logs/when_what_mechanisms/20260921_013627_859495/tomato/scene_01/ours/run_13_seed_821007751
14,ours,tomato,01,14,965164034,complete,/home/fr/brl/02_BRL_POMDP_CODE/experiments_logs/when_what_mechanisms/20260921_013627_859495/tomato/scene_01/ours/run_14_seed_965164034
15,ours,tomato,01,15,3049697230,complete,/home/fr/brl/02_BRL_POMDP_CODE/experiments_logs/when_what_mechanisms/20260921_013627_859495/tomato/scene_01/ours/run_15_seed_3049697230
16,ours,tomato,01,16,597016452,complete,/home/fr/brl/02_BRL_POMDP_CODE/experiments_logs/when_what_mechanisms/20260921_013627_859495/tomato/scene_01/ours/run_16_seed_597016452
17,ours,tomato,01,17,2027029533,complete,/home/fr/brl/02_BRL_POMDP_CODE/experiments_logs/when_what_mechanisms/20260921_013627_859495/tomato/scene_01/ours/run_17_seed_2027029533
18,ours,tomato,01,18,3736902642,complete,/home/fr/brl/02_BRL_POMDP_CODE/experiments_logs/when_what_mechanisms/20260921_013627_859495/tomato/scene_01/ours/run_18_seed_3736902642
19,ours,tomato,01,19,323427982,complete,/home/fr/brl/02_BRL_POMDP_CODE/experiments_logs/when_what_mechanisms/20260921_013627_859495/tomato/scene_01/ours/run_19_seed_323427982
20,ours,tomato,01,20,311025495,complete,/home/fr/brl/02_BRL_POMDP_CODE/experiments_logs/when_what_mechanisms/20260921_013627_859495/tomato/scene_01/ours/run_20_seed_311025495
21,ours,tomato,01,21,871806833,complete,/home/fr/brl/02_BRL_POMDP_CODE/experiments_logs/when_what_mechanisms/20260921_013627_859495/tomato/scene_01/ours/run_21_seed_871806833
22,ours,tomato,01,22,217537032,complete,/home/fr/brl/02_BRL_POMDP_CODE/experiments_logs/when_what_mechanisms/20260921_013627_859495/tomato/scene_01/ours/run_22_seed_217537032
23,ours,tomato,01,23,532817344,complete,/home/fr/brl/02_BRL_POMDP_CODE/experiments_logs/when_what_mechanisms/20260921_013627_859495/tomato/scene_01/ours/run_23_seed_532817344
24,ours,tomato,01,24,3466707993,complete,/home/fr/brl/02_BRL_POMDP_CODE/experiments_logs/when_what_mechanisms/20260921_013627_859495/tomato/scene_01/ours/run_24_seed_3466707993
25,ours,tomato,01,25,1649478604,complete,/home/fr/brl/02_BRL_POMDP_CODE/experiments_logs/when_what_mechanisms/20260921_013627_859495/tomato/scene_01/ours/run_25_seed_1649478604
26,ours,tomato,01,26,2204152357,complete,/home/fr/brl/02_BRL_POMDP_CODE/experiments_logs/when_what_mechanisms/20260921_013627_859495/tomato/scene_01/ours/run_26_seed_2204152357
27,ours,tomato,01,27,1233339309,complete,/home/fr/brl/02_BRL_POMDP_CODE/experiments_logs/when_what_mechanisms/20260921_013627_859495/tomato/scene_01/ours/run_27_seed_1233339309
28,ours,tomato,01,28,3357973338,complete,/home/fr/brl/02_BRL_POMDP_CODE/experiments_logs/when_what_mechanisms/20260921_013627_859495/tomato/scene_01/ours/run_28_seed_3357973338
29,ours,tomato,01,29,3649707942,complete,/home/fr/brl/02_BRL_POMDP_CODE/experiments_logs/when_what_mechanisms/20260921_013627_859495/tomato/scene_01/ours/run_29_seed_3649707942
30,ours,tomato,01,30,3325784884,complete,/home/fr/brl/02_BRL_POMDP_CODE/experiments_logs/when_what_mechanisms/20260921_013627_859495/tomato/scene_01/ours/run_30_seed_3325784884
31,ours,tomato,01,31,3877458541,complete,/home/fr/brl/02_BRL_POMDP_CODE/experiments_logs/when_what_mechanisms/20260921_013627_859495/tomato/scene_01/ours/run_31_seed_3877458541
32,ours,tomato,01,32,3638621671,complete,/home/fr/brl/02_BRL_POMDP_CODE/experiments_logs/when_what_mechanisms/20260921_013627_859495/tomato/scene_01/ours/run_32_seed_3638621671
33,ours,tomato,01,33,1084618528,complete,/home/fr/brl/02_BRL_POMDP_CODE/experiments_logs/when_what_mechanisms/20260921_013627_859495/tomato/scene_01/ours/run_33_seed_1084618528
34,ours,tomato,01,34,405999239,complete,/home/fr/brl/02_BRL_POMDP_CODE/experiments_logs/when_what_mechanisms/20260921_013627_859495/tomato/scene_01/ours/run_34_seed_405999239
35,ours,tomato,01,35,4028845444,complete,/home/fr/brl/02_BRL_POMDP_CODE/experiments_logs/when_what_mechanisms/20260921_013627_859495/tomato/scene_01/ours/run_35_seed_4028845444
36,ours,tomato,01,36,2607182153,complete,/home/fr/brl/02_BRL_POMDP_CODE/experiments_logs/when_what_mechanisms/20260921_013627_859495/tomato/scene_01/ours/run_36_seed_2607182153
37,ours,tomato,01,37,338448945,complete,/home/fr/brl/02_BRL_POMDP_CODE/experiments_logs/when_what_mechanisms/20260921_013627_859495/tomato/scene_01/ours/run_37_seed_338448945
38,ours,tomato,01,38,3008854274,complete,/home/fr/brl/02_BRL_POMDP_CODE/experiments_logs/when_what_mechanisms/20260921_013627_859495/tomato/scene_01/ours/run_38_seed_3008854274
39,ours,tomato,01,39,3373062200,complete,/home/fr/brl/02_BRL_POMDP_CODE/experiments_logs/when_what_mechanisms/20260921_013627_859495/tomato/scene_01/ours/run_39_seed_3373062200
40,ours,tomato,01,40,1025671343,complete,/home/fr/brl/02_BRL_POMDP_CODE/experiments_logs/when_what_mechanisms/20260921_013627_859495/tomato/scene_01/ours/run_40_seed_1025671343
41,ours,tomato,02,1,233361013,complete,/home/fr/brl/02_BRL_POMDP_CODE/experiments_logs/when_what_mechanisms/20260921_013627_859495/tomato/scene_02/ours/run_01_seed_233361013
42,ours,tomato,02,2,3206958523,complete,/home/fr/brl/02_BRL_POMDP_CODE/experiments_logs/when_what_mechanisms/20260921_013627_859495/tomato/scene_02/ours/run_02_seed_3206958523
43,ours,tomato,02,3,2306136433,complete,/home/fr/brl/02_BRL_POMDP_CODE/experiments_logs/when_what_mechanisms/20260921_013627_859495/tomato/scene_02/ours/run_03_seed_2306136433
44,ours,tomato,02,4,1150817657,complete,/home/fr/brl/02_BRL_POMDP_CODE/experiments_logs/when_what_mechanisms/20260921_013627_859495/tomato/scene_02/ours/run_04_seed_1150817657
45,ours,tomato,02,5,418694264,complete,/home/fr/brl/02_BRL_POMDP_CODE/experiments_logs/when_what_mechanisms/20260921_013627_859495/tomato/scene_02/ours/run_05_seed_418694264
46,ours,tomato,02,6,2833878170,complete,/home/fr/brl/02_BRL_POMDP_CODE/experiments_logs/when_what_mechanisms/20260921_013627_859495/tomato/scene_02/ours/run_06_seed_2833878170
47,ours,tomato,02,7,2876796507,complete,/home/fr/brl/02_BRL_POMDP_CODE/experiments_logs/when_what_mechanisms/20260921_013627_859495/tomato/scene_02/ours/run_07_seed_2876796507
48,ours,tomato,02,8,2661673954,complete,/home/fr/brl/02_BRL_POMDP_CODE/experiments_logs/when_what_mechanisms/20260921_013627_859495/tomato/scene_02/ours/run_08_seed_2661673954
49,ours,tomato,02,9,3533124505,complete,/home/fr/brl/02_BRL_POMDP_CODE/experiments_logs/when_what_mechanisms/20260921_013627_859495/tomato/scene_02/ours/run_09_seed_3533124505
50,ours,tomato,02,10,3751400244,complete,/home/fr/brl/02_BRL_POMDP_CODE/experiments_logs/when_what_mechanisms/20260921_013627_859495/tomato/scene_02/ours/run_10_seed_3751400244
51,ours,tomato,02,11,4031054018,complete,/home/fr/brl/02_BRL_POMDP_CODE/experiments_logs/when_what_mechanisms/20260921_013627_859495/tomato/scene_02/ours/run_11_seed_4031054018
52,ours,tomato,02,12,1337352578,complete,/home/fr/brl/02_BRL_POMDP_CODE/experiments_logs/when_what_mechanisms/20260921_013627_859495/tomato/scene_02/ours/run_12_seed_1337352578
53,ours,tomato,02,13,2571575672,complete,/home/fr/brl/02_BRL_POMDP_CODE/experiments_logs/when_what_mechanisms/20260921_013627_859495/tomato/scene_02/ours/run_13_seed_2571575672
54,ours,tomato,02,14,1903174235,complete,/home/fr/brl/02_BRL_POMDP_CODE/experiments_logs/when_what_mechanisms/20260921_013627_859495/tomato/scene_02/ours/run_14_seed_1903174235
55,ours,tomato,02,15,1422635806,complete,/home/fr/brl/02_BRL_POMDP_CODE/experiments_logs/when_what_mechanisms/20260921_013627_859495/tomato/scene_02/ours/run_15_seed_1422635806
56,ours,tomato,02,16,559761095,complete,/home/fr/brl/02_BRL_POMDP_CODE/experiments_logs/when_what_mechanisms/20260921_013627_859495/tomato/scene_02/ours/run_16_seed_559761095
57,ours,tomato,02,17,2324409209,complete,/home/fr/brl/02_BRL_POMDP_CODE/experiments_logs/when_what_mechanisms/20260921_013627_859495/tomato/scene_02/ours/run_17_seed_2324409209
58,ours,tomato,02,18,474952343,complete,/home/fr/brl/02_BRL_POMDP_CODE/experiments_logs/when_what_mechanisms/20260921_013627_859495/tomato/scene_02/ours/run_18_seed_474952343
59,ours,tomato,02,19,1408900490,complete,/home/fr/brl/02_BRL_POMDP_CODE/experiments_logs/when_what_mechanisms/20260921_013627_859495/tomato/scene_02/ours/run_19_seed_1408900490
60,ours,tomato,02,20,1969507524,complete,/home/fr/brl/02_BRL_POMDP_CODE/experiments_logs/when_what_mechanisms/20260921_013627_859495/tomato/scene_02/ours/run_20_seed_1969507524
61,ours,tomato,02,21,850676597,complete,/home/fr/brl/02_BRL_POMDP_CODE/experiments_logs/when_what_mechanisms/20260921_013627_859495/tomato/scene_02/ours/run_21_seed_850676597
62,ours,tomato,02,22,464102713,complete,/home/fr/brl/02_BRL_POMDP_CODE/experiments_logs/when_what_mechanisms/20260921_013627_859495/tomato/scene_02/ours/run_22_seed_464102713
63,ours,tomato,02,23,2639844527,complete,/home/fr/brl/02_BRL_POMDP_CODE/experiments_logs/when_what_mechanisms/20260921_013627_859495/tomato/scene_02/ours/run_23_seed_2639844527
64,ours,tomato,02,24,2567273034,complete,/home/fr/brl/02_BRL_POMDP_CODE/experiments_logs/when_what_mechanisms/20260921_013627_859495/tomato/scene_02/ours/run_24_seed_2567273034
65,ours,tomato,02,25,3815863427,complete,/home/fr/brl/02_BRL_POMDP_CODE/experiments_logs/when_what_mechanisms/20260921_013627_859495/tomato/scene_02/ours/run_25_seed_3815863427
66,ours,tomato,02,26,2421989875,complete,/home/fr/brl/02_BRL_POMDP_CODE/experiments_logs/when_what_mechanisms/20260921_013627_859495/tomato/scene_02/ours/run_26_seed_2421989875
67,ours,tomato,02,27,790979284,complete,/home/fr/brl/02_BRL_POMDP_CODE/experiments_logs/when_what_mechanisms/20260921_013627_859495/tomato/scene_02/ours/run_27_seed_790979284
68,ours,tomato,02,28,484948157,complete,/home/fr/brl/02_BRL_POMDP_CODE/experiments_logs/when_what_mechanisms/20260921_013627_859495/tomato/scene_02/ours/run_28_seed_484948157
69,ours,tomato,02,29,2138595888,complete,/home/fr/brl/02_BRL_POMDP_CODE/experiments_logs/when_what_mechanisms/20260921_013627_859495/tomato/scene_02/ours/run_29_seed_2138595888
70,ours,tomato,02,30,63773712,complete,/home/fr/brl/02_BRL_POMDP_CODE/experiments_logs/when_what_mechanisms/20260921_013627_859495/tomato/scene_02/ours/run_30_seed_63773712
71,ours,tomato,02,31,3662297998,complete,/home/fr/brl/02_BRL_POMDP_CODE/experiments_logs/when_what_mechanisms/20260921_013627_859495/tomato/scene_02/ours/run_31_seed_3662297998
72,ours,tomato,02,32,3249674493,complete,/home/fr/brl/02_BRL_POMDP_CODE/experiments_logs/when_what_mechanisms/20260921_013627_859495/tomato/scene_02/ours/run_32_seed_3249674493
73,ours,tomato,02,33,4007070013,complete,/home/fr/brl/02_BRL_POMDP_CODE/experiments_logs/when_what_mechanisms/20260921_013627_859495/tomato/scene_02/ours/run_33_seed_4007070013
74,ours,tomato,02,34,2886041855,complete,/home/fr/brl/02_BRL_POMDP_CODE/experiments_logs/when_what_mechanisms/20260921_013627_859495/tomato/scene_02/ours/run_34_seed_2886041855
75,ours,tomato,02,35,2293168667,complete,/home/fr/brl/02_BRL_POMDP_CODE/experiments_logs/when_what_mechanisms/20260921_013627_859495/tomato/scene_02/ours/run_35_seed_2293168667
76,ours,tomato,02,36,3887351210,complete,/home/fr/brl/02_BRL_POMDP_CODE/experiments_logs/when_what_mechanisms/20260921_013627_859495/tomato/scene_02/ours/run_36_seed_3887351210
77,ours,tomato,02,37,2318091321,complete,/home/fr/brl/02_BRL_POMDP_CODE/experiments_logs/when_what_mechanisms/20260921_013627_859495/tomato/scene_02/ours/run_37_seed_2318091321
78,ours,tomato,02,38,1919828458,complete,/home/fr/brl/02_BRL_POMDP_CODE/experiments_logs/when_what_mechanisms/20260921_013627_859495/tomato/scene_02/ours/run_38_seed_1919828458
79,ours,tomato,02,39,1477592928,complete,/home/fr/brl/02_BRL_POMDP_CODE/experiments_logs/when_what_mechanisms/20260921_013627_859495/tomato/scene_02/ours/run_39_seed_1477592928
80,ours,tomato,02,40,742004455,complete,/home/fr/brl/02_BRL_POMDP_CODE/experiments_logs/when_what_mechanisms/20260921_013627_859495/tomato/scene_02/ours/run_40_seed_742004455
81,ours,tomato,03,1,2973460405,complete,/home/fr/brl/02_BRL_POMDP_CODE/experiments_logs/when_what_mechanisms/20260921_013627_859495/tomato/scene_03/ours/run_01_seed_2973460405
82,ours,tomato,03,2,2984508209,complete,/home/fr/brl/02_BRL_POMDP_CODE/experiments_logs/when_what_mechanisms/20260921_013627_859495/tomato/scene_03/ours/run_02_seed_2984508209
83,ours,tomato,03,3,3328359470,complete,/home/fr/brl/02_BRL_POMDP_CODE/experiments_logs/when_what_mechanisms/20260921_013627_859495/tomato/scene_03/ours/run_03_seed_3328359470
84,ours,tomato,03,4,2542173252,complete,/home/fr/brl/02_BRL_POMDP_CODE/experiments_logs/when_what_mechanisms/20260921_013627_859495/tomato/scene_03/ours/run_04_seed_2542173252
85,ours,tomato,03,5,1895575310,complete,/home/fr/brl/02_BRL_POMDP_CODE/experiments_logs/when_what_mechanisms/20260921_013627_859495/tomato/scene_03/ours/run_05_seed_1895575310
86,ours,tomato,03,6,3142806667,complete,/home/fr/brl/02_BRL_POMDP_CODE/experiments_logs/when_what_mechanisms/20260921_013627_859495/tomato/scene_03/ours/run_06_seed_3142806667
87,ours,tomato,03,7,1700967682,complete,/home/fr/brl/02_BRL_POMDP_CODE/experiments_logs/when_what_mechanisms/20260921_013627_859495/tomato/scene_03/ours/run_07_seed_1700967682
88,ours,tomato,03,8,3374813224,complete,/home/fr/brl/02_BRL_POMDP_CODE/experiments_logs/when_what_mechanisms/20260921_013627_859495/tomato/scene_03/ours/run_08_seed_3374813224
89,ours,tomato,03,9,2230064310,complete,/home/fr/brl/02_BRL_POMDP_CODE/experiments_logs/when_what_mechanisms/20260921_013627_859495/tomato/scene_03/ours/run_09_seed_2230064310
90,ours,tomato,03,10,2370079434,complete,/home/fr/brl/02_BRL_POMDP_CODE/experiments_logs/when_what_mechanisms/20260921_013627_859495/tomato/scene_03/ours/run_10_seed_2370079434
91,ours,tomato,03,11,3620707437,complete,/home/fr/brl/02_BRL_POMDP_CODE/experiments_logs/when_what_mechanisms/20260921_013627_859495/tomato/scene_03/ours/run_11_seed_3620707437
92,ours,tomato,03,12,1447435166,complete,/home/fr/brl/02_BRL_POMDP_CODE/experiments_logs/when_what_mechanisms/20260921_013627_859495/tomato/scene_03/ours/run_12_seed_1447435166
93,ours,tomato,03,13,975151081,complete,/home/fr/brl/02_BRL_POMDP_CODE/experiments_logs/when_what_mechanisms/20260921_013627_859495/tomato/scene_03/ours/run_13_seed_975151081
94,ours,tomato,03,14,3909183007,complete,/home/fr/brl/02_BRL_POMDP_CODE/experiments_logs/when_what_mechanisms/20260921_013627_859495/tomato/scene_03/ours/run_14_seed_3909183007
95,ours,tomato,03,15,3611211411,complete,/home/fr/brl/02_BRL_POMDP_CODE/experiments_logs/when_what_mechanisms/20260921_013627_859495/tomato/scene_03/ours/run_15_seed_3611211411
96,ours,tomato,03,16,1454289978,complete,/home/fr/brl/02_BRL_POMDP_CODE/experiments_logs/when_what_mechanisms/20260921_013627_859495/tomato/scene_03/ours/run_16_seed_1454289978
97,ours,tomato,03,17,3631765459,complete,/home/fr/brl/02_BRL_POMDP_CODE/experiments_logs/when_what_mechanisms/20260921_013627_859495/tomato/scene_03/ours/run_17_seed_3631765459
98,ours,tomato,03,18,1005437090,complete,/home/fr/brl/02_BRL_POMDP_CODE/experiments_logs/when_what_mechanisms/20260921_013627_859495/tomato/scene_03/ours/run_18_seed_1005437090
99,ours,tomato,03,19,2107246049,complete,/home/fr/brl/02_BRL_POMDP_CODE/experiments_logs/when_what_mechanisms/20260921_013627_859495/tomato/scene_03/ours/run_19_seed_2107246049
100,ours,tomato,03,20,2559286479,complete,/home/fr/brl/02_BRL_POMDP_CODE/experiments_logs/when_what_mechanisms/20260921_013627_859495/tomato/scene_03/ours/run_20_seed_2559286479
101,ours,tomato,03,21,3814785464,complete,/home/fr/brl/02_BRL_POMDP_CODE/experiments_logs/when_what_mechanisms/20260921_013627_859495/tomato/scene_03/ours/run_21_seed_3814785464
102,ours,tomato,03,22,1252332960,complete,/home/fr/brl/02_BRL_POMDP_CODE/experiments_logs/when_what_mechanisms/20260921_013627_859495/tomato/scene_03/ours/run_22_seed_1252332960
103,ours,tomato,03,23,4008873019,complete,/home/fr/brl/02_BRL_POMDP_CODE/experiments_logs/when_what_mechanisms/20260921_013627_859495/tomato/scene_03/ours/run_23_seed_4008873019
104,ours,tomato,03,24,1627605610,complete,/home/fr/brl/02_BRL_POMDP_CODE/experiments_logs/when_what_mechanisms/20260921_013627_859495/tomato/scene_03/ours/run_24_seed_1627605610
105,ours,tomato,03,25,2197107180,complete,/home/fr/brl/02_BRL_POMDP_CODE/experiments_logs/when_what_mechanisms/20260921_013627_859495/tomato/scene_03/ours/run_25_seed_2197107180
106,ours,tomato,03,26,70087057,complete,/home/fr/brl/02_BRL_POMDP_CODE/experiments_logs/when_what_mechanisms/20260921_013627_859495/tomato/scene_03/ours/run_26_seed_70087057
107,ours,tomato,03,27,8630651,complete,/home/fr/brl/02_BRL_POMDP_CODE/experiments_logs/when_what_mechanisms/20260921_013627_859495/tomato/scene_03/ours/run_27_seed_8630651
108,ours,tomato,03,28,657498695,complete,/home/fr/brl/02_BRL_POMDP_CODE/experiments_logs/when_what_mechanisms/20260921_013627_859495/tomato/scene_03/ours/run_28_seed_657498695
109,ours,tomato,03,29,1193704404,complete,/home/fr/brl/02_BRL_POMDP_CODE/experiments_logs/when_what_mechanisms/20260921_013627_859495/tomato/scene_03/ours/run_29_seed_1193704404
110,ours,tomato,03,30,1712963344,complete,/home/fr/brl/02_BRL_POMDP_CODE/experiments_logs/when_what_mechanisms/20260921_013627_859495/tomato/scene_03/ours/run_30_seed_1712963344
111,ours,tomato,03,31,1016817503,complete,/home/fr/brl/02_BRL_POMDP_CODE/experiments_logs/when_what_mechanisms/20260921_013627_859495/tomato/scene_03/ours/run_31_seed_1016817503
112,ours,tomato,03,32,4252591664,complete,/home/fr/brl/02_BRL_POMDP_CODE/experiments_logs/when_what_mechanisms/20260921_013627_859495/tomato/scene_03/ours/run_32_seed_4252591664
113,ours,tomato,03,33,2630779126,complete,/home/fr/brl/02_BRL_POMDP_CODE/experiments_logs/when_what_mechanisms/20260921_013627_859495/tomato/scene_03/ours/run_33_seed_2630779126
114,ours,tomato,03,34,822900858,complete,/home/fr/brl/02_BRL_POMDP_CODE/experiments_logs/when_what_mechanisms/20260921_013627_859495/tomato/scene_03/ours/run_34_seed_822900858
115,ours,tomato,03,35,604486275,complete,/home/fr/brl/02_BRL_POMDP_CODE/experiments_logs/when_what_mechanisms/20260921_013627_859495/tomato/scene_03/ours/run_35_seed_604486275
116,ours,tomato,03,36,522031486,complete,/home/fr/brl/02_BRL_POMDP_CODE/experiments_logs/when_what_mechanisms/20260921_013627_859495/tomato/scene_03/ours/run_36_seed_522031486
117,ours,tomato,03,37,2184183196,complete,/home/fr/brl/02_BRL_POMDP_CODE/experiments_logs/when_what_mechanisms/20260921_013627_859495/tomato/scene_03/ours/run_37_seed_2184183196
118,ours,tomato,03,38,2418572032,complete,/home/fr/brl/02_BRL_POMDP_CODE/experiments_logs/when_what_mechanisms/20260921_013627_859495/tomato/scene_03/ours/run_38_seed_2418572032
119,ours,tomato,03,39,2436888965,complete,/home/fr/brl/02_BRL_POMDP_CODE/experiments_logs/when_what_mechanisms/20260921_013627_859495/tomato/scene_03/ours/run_39_seed_2436888965
120,ours,tomato,03,40,598183825,complete,/home/fr/brl/02_BRL_POMDP_CODE/experiments_logs/when_what_mechanisms/20260921_013627_859495/tomato/scene_03/ours/run_40_seed_598183825
121,ours,tomato,04,1,1589093347,complete,/home/fr/brl/02_BRL_POMDP_CODE/experiments_logs/when_what_mechanisms/20260921_013627_859495/tomato/scene_04/ours/run_01_seed_1589093347
122,ours,tomato,04,2,712937450,complete,/home/fr/brl/02_BRL_POMDP_CODE/experiments_logs/when_what_mechanisms/20260921_013627_859495/tomato/scene_04/ours/run_02_seed_712937450
123,ours,tomato,04,3,3614412854,complete,/home/fr/brl/02_BRL_POMDP_CODE/experiments_logs/when_what_mechanisms/20260921_013627_859495/tomato/scene_04/ours/run_03_seed_3614412854
124,ours,tomato,04,4,2390740933,complete,/home/fr/brl/02_BRL_POMDP_CODE/experiments_logs/when_what_mechanisms/20260921_013627_859495/tomato/scene_04/ours/run_04_seed_2390740933
125,ours,tomato,04,5,2642505031,complete,/home/fr/brl/02_BRL_POMDP_CODE/experiments_logs/when_what_mechanisms/20260921_013627_859495/tomato/scene_04/ours/run_05_seed_2642505031
126,ours,tomato,04,6,442300768,complete,/home/fr/brl/02_BRL_POMDP_CODE/experiments_logs/when_what_mechanisms/20260921_013627_859495/tomato/scene_04/ours/run_06_seed_442300768
127,ours,tomato,04,7,3661502133,complete,/home/fr/brl/02_BRL_POMDP_CODE/experiments_logs/when_what_mechanisms/20260921_013627_859495/tomato/scene_04/ours/run_07_seed_3661502133
128,ours,tomato,04,8,236854069,complete,/home/fr/brl/02_BRL_POMDP_CODE/experiments_logs/when_what_mechanisms/20260921_013627_859495/tomato/scene_04/ours/run_08_seed_236854069
129,ours,tomato,04,9,2387734993,complete,/home/fr/brl/02_BRL_POMDP_CODE/experiments_logs/when_what_mechanisms/20260921_013627_859495/tomato/scene_04/ours/run_09_seed_2387734993
130,ours,tomato,04,10,321661848,complete,/home/fr/brl/02_BRL_POMDP_CODE/experiments_logs/when_what_mechanisms/20260921_013627_859495/tomato/scene_04/ours/run_10_seed_321661848
131,ours,tomato,04,11,2993320002,complete,/home/fr/brl/02_BRL_POMDP_CODE/experiments_logs/when_what_mechanisms/20260921_013627_859495/tomato/scene_04/ours/run_11_seed_2993320002
132,ours,tomato,04,12,1109362184,complete,/home/fr/brl/02_BRL_POMDP_CODE/experiments_logs/when_what_mechanisms/20260921_013627_859495/tomato/scene_04/ours/run_12_seed_1109362184
133,ours,tomato,04,13,3815955531,complete,/home/fr/brl/02_BRL_POMDP_CODE/experiments_logs/when_what_mechanisms/20260921_013627_859495/tomato/scene_04/ours/run_13_seed_3815955531
134,ours,tomato,04,14,2941533860,complete,/home/fr/brl/02_BRL_POMDP_CODE/experiments_logs/when_what_mechanisms/20260921_013627_859495/tomato/scene_04/ours/run_14_seed_2941533860
135,ours,tomato,04,15,2020323328,complete,/home/fr/brl/02_BRL_POMDP_CODE/experiments_logs/when_what_mechanisms/20260921_013627_859495/tomato/scene_04/ours/run_15_seed_2020323328
136,ours,tomato,04,16,3712541616,complete,/home/fr/brl/02_BRL_POMDP_CODE/experiments_logs/when_what_mechanisms/20260921_013627_859495/tomato/scene_04/ours/run_16_seed_3712541616
137,ours,tomato,04,17,3169457126,complete,/home/fr/brl/02_BRL_POMDP_CODE/experiments_logs/when_what_mechanisms/20260921_013627_859495/tomato/scene_04/ours/run_17_seed_3169457126
138,ours,tomato,04,18,3948166740,complete,/home/fr/brl/02_BRL_POMDP_CODE/experiments_logs/when_what_mechanisms/20260921_013627_859495/tomato/scene_04/ours/run_18_seed_3948166740
139,ours,tomato,04,19,1552731229,complete,/home/fr/brl/02_BRL_POMDP_CODE/experiments_logs/when_what_mechanisms/20260921_013627_859495/tomato/scene_04/ours/run_19_seed_1552731229
140,ours,tomato,04,20,1337586660,complete,/home/fr/brl/02_BRL_POMDP_CODE/experiments_logs/when_what_mechanisms/20260921_013627_859495/tomato/scene_04/ours/run_20_seed_1337586660
141,ours,tomato,04,21,56491935,complete,/home/fr/brl/02_BRL_POMDP_CODE/experiments_logs/when_what_mechanisms/20260921_013627_859495/tomato/scene_04/ours/run_21_seed_56491935
142,ours,tomato,04,22,2771536334,complete,/home/fr/brl/02_BRL_POMDP_CODE/experiments_logs/when_what_mechanisms/20260921_013627_859495/tomato/scene_04/ours/run_22_seed_2771536334
143,ours,tomato,04,23,3227930555,complete,/home/fr/brl/02_BRL_POMDP_CODE/experiments_logs/when_what_mechanisms/20260921_013627_859495/tomato/scene_04/ours/run_23_seed_3227930555
144,ours,tomato,04,24,740609622,complete,/home/fr/brl/02_BRL_POMDP_CODE/experiments_logs/when_what_mechanisms/20260921_013627_859495/tomato/scene_04/ours/run_24_seed_740609622
145,ours,tomato,04,25,218967378,complete,/home/fr/brl/02_BRL_POMDP_CODE/experiments_logs/when_what_mechanisms/20260921_013627_859495/tomato/scene_04/ours/run_25_seed_218967378
146,ours,tomato,04,26,1040908402,complete,/home/fr/brl/02_BRL_POMDP_CODE/experiments_logs/when_what_mechanisms/20260921_013627_859495/tomato/scene_04/ours/run_26_seed_1040908402
147,ours,tomato,04,27,2220313702,complete,/home/fr/brl/02_BRL_POMDP_CODE/experiments_logs/when_what_mechanisms/20260921_013627_859495/tomato/scene_04/ours/run_27_seed_2220313702
148,ours,tomato,04,28,168160880,complete,/home/fr/brl/02_BRL_POMDP_CODE/experiments_logs/when_what_mechanisms/20260921_013627_859495/tomato/scene_04/ours/run_28_seed_168160880
149,ours,tomato,04,29,3141647287,complete,/home/fr/brl/02_BRL_POMDP_CODE/experiments_logs/when_what_mechanisms/20260921_013627_859495/tomato/scene_04/ours/run_29_seed_3141647287
150,ours,tomato,04,30,2135663053,complete,/home/fr/brl/02_BRL_POMDP_CODE/experiments_logs/when_what_mechanisms/20260921_013627_859495/tomato/scene_04/ours/run_30_seed_2135663053
151,ours,tomato,04,31,2392905031,complete,/home/fr/brl/02_BRL_POMDP_CODE/experiments_logs/when_what_mechanisms/20260921_013627_859495/tomato/scene_04/ours/run_31_seed_2392905031
152,ours,tomato,04,32,3372736775,complete,/home/fr/brl/02_BRL_POMDP_CODE/experiments_logs/when_what_mechanisms/20260921_013627_859495/tomato/scene_04/ours/run_32_seed_3372736775
153,ours,tomato,04,33,3386497120,complete,/home/fr/brl/02_BRL_POMDP_CODE/experiments_logs/when_what_mechanisms/20260921_013627_859495/tomato/scene_04/ours/run_33_seed_3386497120
154,ours,tomato,04,34,1167440852,complete,/home/fr/brl/02_BRL_POMDP_CODE/experiments_logs/when_what_mechanisms/20260921_013627_859495/tomato/scene_04/ours/run_34_seed_1167440852
155,ours,tomato,04,35,222360660,complete,/home/fr/brl/02_BRL_POMDP_CODE/experiments_logs/when_what_mechanisms/20260921_013627_859495/tomato/scene_04/ours/run_35_seed_222360660
156,ours,tomato,04,36,216321642,complete,/home/fr/brl/02_BRL_POMDP_CODE/experiments_logs/when_what_mechanisms/20260921_013627_859495/tomato/scene_04/ours/run_36_seed_216321642
157,ours,tomato,04,37,1141903763,complete,/home/fr/brl/02_BRL_POMDP_CODE/experiments_logs/when_what_mechanisms/20260921_013627_859495/tomato/scene_04/ours/run_37_seed_1141903763
158,ours,tomato,04,38,2219488844,complete,/home/fr/brl/02_BRL_POMDP_CODE/experiments_logs/when_what_mechanisms/20260921_013627_859495/tomato/scene_04/ours/run_38_seed_2219488844
159,ours,tomato,04,39,3931316609,complete,/home/fr/brl/02_BRL_POMDP_CODE/experiments_logs/when_what_mechanisms/20260921_013627_859495/tomato/scene_04/ours/run_39_seed_3931316609
160,ours,tomato,04,40,3315816046,complete,/home/fr/brl/02_BRL_POMDP_CODE/experiments_logs/when_what_mechanisms/20260921_013627_859495/tomato/scene_04/ours/run_40_seed_3315816046
161,ours,tomato,05,1,3945754139,complete,/home/fr/brl/02_BRL_POMDP_CODE/experiments_logs/when_what_mechanisms/20260921_013627_859495/tomato/scene_05/ours/run_01_seed_3945754139
162,ours,tomato,05,2,259038599,complete,/home/fr/brl/02_BRL_POMDP_CODE/experiments_logs/when_what_mechanisms/20260921_013627_859495/tomato/scene_05/ours/run_02_seed_259038599
163,ours,tomato,05,3,2898963405,complete,/home/fr/brl/02_BRL_POMDP_CODE/experiments_logs/when_what_mechanisms/20260921_013627_859495/tomato/scene_05/ours/run_03_seed_2898963405
164,ours,tomato,05,4,1746555867,complete,/home/fr/brl/02_BRL_POMDP_CODE/experiments_logs/when_what_mechanisms/20260921_013627_859495/tomato/scene_05/ours/run_04_seed_1746555867
165,ours,tomato,05,5,879805946,complete,/home/fr/brl/02_BRL_POMDP_CODE/experiments_logs/when_what_mechanisms/20260921_013627_859495/tomato/scene_05/ours/run_05_seed_879805946
166,ours,tomato,05,6,1691996467,complete,/home/fr/brl/02_BRL_POMDP_CODE/experiments_logs/when_what_mechanisms/20260921_013627_859495/tomato/scene_05/ours/run_06_seed_1691996467
167,ours,tomato,05,7,2654066318,complete,/home/fr/brl/02_BRL_POMDP_CODE/experiments_logs/when_what_mechanisms/20260921_013627_859495/tomato/scene_05/ours/run_07_seed_2654066318
168,ours,tomato,05,8,715972481,complete,/home/fr/brl/02_BRL_POMDP_CODE/experiments_logs/when_what_mechanisms/20260921_013627_859495/tomato/scene_05/ours/run_08_seed_715972481
169,ours,tomato,05,9,794861334,complete,/home/fr/brl/02_BRL_POMDP_CODE/experiments_logs/when_what_mechanisms/20260921_013627_859495/tomato/scene_05/ours/run_09_seed_794861334
170,ours,tomato,05,10,179847475,complete,/home/fr/brl/02_BRL_POMDP_CODE/experiments_logs/when_what_mechanisms/20260921_013627_859495/tomato/scene_05/ours/run_10_seed_179847475
171,ours,tomato,05,11,2141224597,complete,/home/fr/brl/02_BRL_POMDP_CODE/experiments_logs/when_what_mechanisms/20260921_013627_859495/tomato/scene_05/ours/run_11_seed_2141224597
172,ours,tomato,05,12,3873493540,complete,/home/fr/brl/02_BRL_POMDP_CODE/experiments_logs/when_what_mechanisms/20260921_013627_859495/tomato/scene_05/ours/run_12_seed_3873493540
173,ours,tomato,05,13,444653586,complete,/home/fr/brl/02_BRL_POMDP_CODE/experiments_logs/when_what_mechanisms/20260921_013627_859495/tomato/scene_05/ours/run_13_seed_444653586
174,ours,tomato,05,14,2591322916,complete,/home/fr/brl/02_BRL_POMDP_CODE/experiments_logs/when_what_mechanisms/20260921_013627_859495/tomato/scene_05/ours/run_14_seed_2591322916
175,ours,tomato,05,15,2082077157,complete,/home/fr/brl/02_BRL_POMDP_CODE/experiments_logs/when_what_mechanisms/20260921_013627_859495/tomato/scene_05/ours/run_15_seed_2082077157
176,ours,tomato,05,16,1584111328,complete,/home/fr/brl/02_BRL_POMDP_CODE/experiments_logs/when_what_mechanisms/20260921_013627_859495/tomato/scene_05/ours/run_16_seed_1584111328
177,ours,tomato,05,17,2883494985,complete,/home/fr/brl/02_BRL_POMDP_CODE/experiments_logs/when_what_mechanisms/20260921_013627_859495/tomato/scene_05/ours/run_17_seed_2883494985
178,ours,tomato,05,18,2222584418,complete,/home/fr/brl/02_BRL_POMDP_CODE/experiments_logs/when_what_mechanisms/20260921_013627_859495/tomato/scene_05/ours/run_18_seed_2222584418
179,ours,tomato,05,19,1573496301,complete,/home/fr/brl/02_BRL_POMDP_CODE/experiments_logs/when_what_mechanisms/20260921_013627_859495/tomato/scene_05/ours/run_19_seed_1573496301
180,ours,tomato,05,20,3850832736,complete,/home/fr/brl/02_BRL_POMDP_CODE/experiments_logs/when_what_mechanisms/20260921_013627_859495/tomato/scene_05/ours/run_20_seed_3850832736
181,ours,tomato,05,21,1896365895,complete,/home/fr/brl/02_BRL_POMDP_CODE/experiments_logs/when_what_mechanisms/20260921_013627_859495/tomato/scene_05/ours/run_21_seed_1896365895
182,ours,tomato,05,22,2128654182,complete,/home/fr/brl/02_BRL_POMDP_CODE/experiments_logs/when_what_mechanisms/20260921_013627_859495/tomato/scene_05/ours/run_22_seed_2128654182
183,ours,tomato,05,23,3471226395,complete,/home/fr/brl/02_BRL_POMDP_CODE/experiments_logs/when_what_mechanisms/20260921_013627_859495/tomato/scene_05/ours/run_23_seed_3471226395
184,ours,tomato,05,24,1127296088,complete,/home/fr/brl/02_BRL_POMDP_CODE/experiments_logs/when_what_mechanisms/20260921_013627_859495/tomato/scene_05/ours/run_24_seed_1127296088
185,ours,tomato,05,25,346784313,complete,/home/fr/brl/02_BRL_POMDP_CODE/experiments_logs/when_what_mechanisms/20260921_013627_859495/tomato/scene_05/ours/run_25_seed_346784313
186,ours,tomato,05,26,1271340849,complete,/home/fr/brl/02_BRL_POMDP_CODE/experiments_logs/when_what_mechanisms/20260921_013627_859495/tomato/scene_05/ours/run_26_seed_1271340849
187,ours,tomato,05,27,1196215500,complete,/home/fr/brl/02_BRL_POMDP_CODE/experiments_logs/when_what_mechanisms/20260921_013627_859495/tomato/scene_05/ours/run_27_seed_1196215500
188,ours,tomato,05,28,3594782946,complete,/home/fr/brl/02_BRL_POMDP_CODE/experiments_logs/when_what_mechanisms/20260921_013627_859495/tomato/scene_05/ours/run_28_seed_3594782946
189,ours,tomato,05,29,3869246695,complete,/home/fr/brl/02_BRL_POMDP_CODE/experiments_logs/when_what_mechanisms/20260921_013627_859495/tomato/scene_05/ours/run_29_seed_3869246695
190,ours,tomato,05,30,2231101089,complete,/home/fr/brl/02_BRL_POMDP_CODE/experiments_logs/when_what_mechanisms/20260921_013627_859495/tomato/scene_05/ours/run_30_seed_2231101089
191,ours,tomato,05,31,28332744,complete,/home/fr/brl/02_BRL_POMDP_CODE/experiments_logs/when_what_mechanisms/20260921_013627_859495/tomato/scene_05/ours/run_31_seed_28332744
192,ours,tomato,05,32,815541928,complete,/home/fr/brl/02_BRL_POMDP_CODE/experiments_logs/when_what_mechanisms/20260921_013627_859495/tomato/scene_05/ours/run_32_seed_815541928
193,ours,tomato,05,33,3637968608,complete,/home/fr/brl/02_BRL_POMDP_CODE/experiments_logs/when_what_mechanisms/20260921_013627_859495/tomato/scene_05/ours/run_33_seed_3637968608
194,ours,tomato,05,34,1985644872,complete,/home/fr/brl/02_BRL_POMDP_CODE/experiments_logs/when_what_mechanisms/20260921_013627_859495/tomato/scene_05/ours/run_34_seed_1985644872
195,ours,tomato,05,35,589229374,complete,/home/fr/brl/02_BRL_POMDP_CODE/experiments_logs/when_what_mechanisms/20260921_013627_859495/tomato/scene_05/ours/run_35_seed_589229374
196,ours,tomato,05,36,1101473435,complete,/home/fr/brl/02_BRL_POMDP_CODE/experiments_logs/when_what_mechanisms/20260921_013627_859495/tomato/scene_05/ours/run_36_seed_1101473435
197,ours,tomato,05,37,3696024021,complete,/home/fr/brl/02_BRL_POMDP_CODE/experiments_logs/when_what_mechanisms/20260921_013627_859495/tomato/scene_05/ours/run_37_seed_3696024021
198,ours,tomato,05,38,4191848859,complete,/home/fr/brl/02_BRL_POMDP_CODE/experiments_logs/when_what_mechanisms/20260921_013627_859495/tomato/scene_05/ours/run_38_seed_4191848859
199,ours,tomato,05,39,1042830735,complete,/home/fr/brl/02_BRL_POMDP_CODE/experiments_logs/when_what_mechanisms/20260921_013627_859495/tomato/scene_05/ours/run_39_seed_1042830735
200,ours,tomato,05,40,3034198474,complete,/home/fr/brl/02_BRL_POMDP_CODE/experiments_logs/when_what_mechanisms/20260921_013627_859495/tomato/scene_05/ours/run_40_seed_3034198474
201,ours,wastesorting,01,1,4064545001,complete,/home/fr/brl/02_BRL_POMDP_CODE/experiments_logs/when_what_mechanisms/20260921_013627_859495/wastesorting/scene_01/ours/run_01_seed_4064545001
202,ours,wastesorting,01,2,3622402991,complete,/home/fr/brl/02_BRL_POMDP_CODE/experiments_logs/when_what_mechanisms/20260921_013627_859495/wastesorting/scene_01/ours/run_02_seed_3622402991
203,ours,wastesorting,01,3,2310768630,complete,/home/fr/brl/02_BRL_POMDP_CODE/experiments_logs/when_what_mechanisms/20260921_013627_859495/wastesorting/scene_01/ours/run_03_seed_2310768630
204,ours,wastesorting,01,4,2226680570,complete,/home/fr/brl/02_BRL_POMDP_CODE/experiments_logs/when_what_mechanisms/20260921_013627_859495/wastesorting/scene_01/ours/run_04_seed_2226680570
205,ours,wastesorting,01,5,4139245423,complete,/home/fr/brl/02_BRL_POMDP_CODE/experiments_logs/when_what_mechanisms/20260921_013627_859495/wastesorting/scene_01/ours/run_05_seed_4139245423
206,ours,wastesorting,01,6,3176006814,complete,/home/fr/brl/02_BRL_POMDP_CODE/experiments_logs/when_what_mechanisms/20260921_013627_859495/wastesorting/scene_01/ours/run_06_seed_3176006814
207,ours,wastesorting,01,7,1446821692,complete,/home/fr/brl/02_BRL_POMDP_CODE/experiments_logs/when_what_mechanisms/20260921_013627_859495/wastesorting/scene_01/ours/run_07_seed_1446821692
208,ours,wastesorting,01,8,2855763027,complete,/home/fr/brl/02_BRL_POMDP_CODE/experiments_logs/when_what_mechanisms/20260921_013627_859495/wastesorting/scene_01/ours/run_08_seed_2855763027
209,ours,wastesorting,01,9,3987872288,complete,/home/fr/brl/02_BRL_POMDP_CODE/experiments_logs/when_what_mechanisms/20260921_013627_859495/wastesorting/scene_01/ours/run_09_seed_3987872288
210,ours,wastesorting,01,10,3143992301,complete,/home/fr/brl/02_BRL_POMDP_CODE/experiments_logs/when_what_mechanisms/20260921_013627_859495/wastesorting/scene_01/ours/run_10_seed_3143992301
211,ours,wastesorting,01,11,304491485,complete,/home/fr/brl/02_BRL_POMDP_CODE/experiments_logs/when_what_mechanisms/20260921_013627_859495/wastesorting/scene_01/ours/run_11_seed_304491485
212,ours,wastesorting,01,12,1469124930,complete,/home/fr/brl/02_BRL_POMDP_CODE/experiments_logs/when_what_mechanisms/20260921_013627_859495/wastesorting/scene_01/ours/run_12_seed_1469124930
213,ours,wastesorting,01,13,3904873952,complete,/home/fr/brl/02_BRL_POMDP_CODE/experiments_logs/when_what_mechanisms/20260921_013627_859495/wastesorting/scene_01/ours/run_13_seed_3904873952
214,ours,wastesorting,01,14,1753239905,complete,/home/fr/brl/02_BRL_POMDP_CODE/experiments_logs/when_what_mechanisms/20260921_013627_859495/wastesorting/scene_01/ours/run_14_seed_1753239905
215,ours,wastesorting,01,15,3890046989,complete,/home/fr/brl/02_BRL_POMDP_CODE/experiments_logs/when_what_mechanisms/20260921_013627_859495/wastesorting/scene_01/ours/run_15_seed_3890046989
216,ours,wastesorting,01,16,4016452800,complete,/home/fr/brl/02_BRL_POMDP_CODE/experiments_logs/when_what_mechanisms/20260921_013627_859495/wastesorting/scene_01/ours/run_16_seed_4016452800
217,ours,wastesorting,01,17,1421291149,complete,/home/fr/brl/02_BRL_POMDP_CODE/experiments_logs/when_what_mechanisms/20260921_013627_859495/wastesorting/scene_01/ours/run_17_seed_1421291149
218,ours,wastesorting,01,18,1201660994,complete,/home/fr/brl/02_BRL_POMDP_CODE/experiments_logs/when_what_mechanisms/20260921_013627_859495/wastesorting/scene_01/ours/run_18_seed_1201660994
219,ours,wastesorting,01,19,2732686114,complete,/home/fr/brl/02_BRL_POMDP_CODE/experiments_logs/when_what_mechanisms/20260921_013627_859495/wastesorting/scene_01/ours/run_19_seed_2732686114
220,ours,wastesorting,01,20,3276452260,complete,/home/fr/brl/02_BRL_POMDP_CODE/experiments_logs/when_what_mechanisms/20260921_013627_859495/wastesorting/scene_01/ours/run_20_seed_3276452260
221,ours,wastesorting,01,21,973561137,complete,/home/fr/brl/02_BRL_POMDP_CODE/experiments_logs/when_what_mechanisms/20260921_013627_859495/wastesorting/scene_01/ours/run_21_seed_973561137
222,ours,wastesorting,01,22,221659181,complete,/home/fr/brl/02_BRL_POMDP_CODE/experiments_logs/when_what_mechanisms/20260921_013627_859495/wastesorting/scene_01/ours/run_22_seed_221659181
223,ours,wastesorting,01,23,3794435593,complete,/home/fr/brl/02_BRL_POMDP_CODE/experiments_logs/when_what_mechanisms/20260921_013627_859495/wastesorting/scene_01/ours/run_23_seed_3794435593
224,ours,wastesorting,01,24,1062380405,complete,/home/fr/brl/02_BRL_POMDP_CODE/experiments_logs/when_what_mechanisms/20260921_013627_859495/wastesorting/scene_01/ours/run_24_seed_1062380405
225,ours,wastesorting,01,25,2258604627,complete,/home/fr/brl/02_BRL_POMDP_CODE/experiments_logs/when_what_mechanisms/20260921_013627_859495/wastesorting/scene_01/ours/run_25_seed_2258604627
226,ours,wastesorting,01,26,2829245352,complete,/home/fr/brl/02_BRL_POMDP_CODE/experiments_logs/when_what_mechanisms/20260921_013627_859495/wastesorting/scene_01/ours/run_26_seed_2829245352
227,ours,wastesorting,01,27,3940097250,complete,/home/fr/brl/02_BRL_POMDP_CODE/experiments_logs/when_what_mechanisms/20260921_013627_859495/wastesorting/scene_01/ours/run_27_seed_3940097250
228,ours,wastesorting,01,28,2295953812,complete,/home/fr/brl/02_BRL_POMDP_CODE/experiments_logs/when_what_mechanisms/20260921_013627_859495/wastesorting/scene_01/ours/run_28_seed_2295953812
229,ours,wastesorting,01,29,1147340016,complete,/home/fr/brl/02_BRL_POMDP_CODE/experiments_logs/when_what_mechanisms/20260921_013627_859495/wastesorting/scene_01/ours/run_29_seed_1147340016
230,ours,wastesorting,01,30,3656921932,complete,/home/fr/brl/02_BRL_POMDP_CODE/experiments_logs/when_what_mechanisms/20260921_013627_859495/wastesorting/scene_01/ours/run_30_seed_3656921932
231,ours,wastesorting,01,31,834664221,complete,/home/fr/brl/02_BRL_POMDP_CODE/experiments_logs/when_what_mechanisms/20260921_013627_859495/wastesorting/scene_01/ours/run_31_seed_834664221
232,ours,wastesorting,01,32,2566599462,complete,/home/fr/brl/02_BRL_POMDP_CODE/experiments_logs/when_what_mechanisms/20260921_013627_859495/wastesorting/scene_01/ours/run_32_seed_2566599462
233,ours,wastesorting,01,33,481330159,complete,/home/fr/brl/02_BRL_POMDP_CODE/experiments_logs/when_what_mechanisms/20260921_013627_859495/wastesorting/scene_01/ours/run_33_seed_481330159
234,ours,wastesorting,01,34,3722475659,complete,/home/fr/brl/02_BRL_POMDP_CODE/experiments_logs/when_what_mechanisms/20260921_013627_859495/wastesorting/scene_01/ours/run_34_seed_3722475659
235,ours,wastesorting,01,35,3267154761,complete,/home/fr/brl/02_BRL_POMDP_CODE/experiments_logs/when_what_mechanisms/20260921_013627_859495/wastesorting/scene_01/ours/run_35_seed_3267154761
236,ours,wastesorting,01,36,2062582486,complete,/home/fr/brl/02_BRL_POMDP_CODE/experiments_logs/when_what_mechanisms/20260921_013627_859495/wastesorting/scene_01/ours/run_36_seed_2062582486
237,ours,wastesorting,01,37,4001804605,complete,/home/fr/brl/02_BRL_POMDP_CODE/experiments_logs/when_what_mechanisms/20260921_013627_859495/wastesorting/scene_01/ours/run_37_seed_4001804605
238,ours,wastesorting,01,38,3175035907,complete,/home/fr/brl/02_BRL_POMDP_CODE/experiments_logs/when_what_mechanisms/20260921_013627_859495/wastesorting/scene_01/ours/run_38_seed_3175035907
239,ours,wastesorting,01,39,3156193605,complete,/home/fr/brl/02_BRL_POMDP_CODE/experiments_logs/when_what_mechanisms/20260921_013627_859495/wastesorting/scene_01/ours/run_39_seed_3156193605
240,ours,wastesorting,01,40,3862245153,complete,/home/fr/brl/02_BRL_POMDP_CODE/experiments_logs/when_what_mechanisms/20260921_013627_859495/wastesorting/scene_01/ours/run_40_seed_3862245153
241,ours,wastesorting,02,1,2156641990,complete,/home/fr/brl/02_BRL_POMDP_CODE/experiments_logs/when_what_mechanisms/20260921_013627_859495/wastesorting/scene_02/ours/run_01_seed_2156641990
242,ours,wastesorting,02,2,715488211,complete,/home/fr/brl/02_BRL_POMDP_CODE/experiments_logs/when_what_mechanisms/20260921_013627_859495/wastesorting/scene_02/ours/run_02_seed_715488211
243,ours,wastesorting,02,3,1273456514,complete,/home/fr/brl/02_BRL_POMDP_CODE/experiments_logs/when_what_mechanisms/20260921_013627_859495/wastesorting/scene_02/ours/run_03_seed_1273456514
244,ours,wastesorting,02,4,1679391382,complete,/home/fr/brl/02_BRL_POMDP_CODE/experiments_logs/when_what_mechanisms/20260921_013627_859495/wastesorting/scene_02/ours/run_04_seed_1679391382
245,ours,wastesorting,02,5,1315496753,complete,/home/fr/brl/02_BRL_POMDP_CODE/experiments_logs/when_what_mechanisms/20260921_013627_859495/wastesorting/scene_02/ours/run_05_seed_1315496753
246,ours,wastesorting,02,6,3794247199,complete,/home/fr/brl/02_BRL_POMDP_CODE/experiments_logs/when_what_mechanisms/20260921_013627_859495/wastesorting/scene_02/ours/run_06_seed_3794247199
247,ours,wastesorting,02,7,2628956077,complete,/home/fr/brl/02_BRL_POMDP_CODE/experiments_logs/when_what_mechanisms/20260921_013627_859495/wastesorting/scene_02/ours/run_07_seed_2628956077
248,ours,wastesorting,02,8,1669852028,complete,/home/fr/brl/02_BRL_POMDP_CODE/experiments_logs/when_what_mechanisms/20260921_013627_859495/wastesorting/scene_02/ours/run_08_seed_1669852028
249,ours,wastesorting,02,9,2314118130,complete,/home/fr/brl/02_BRL_POMDP_CODE/experiments_logs/when_what_mechanisms/20260921_013627_859495/wastesorting/scene_02/ours/run_09_seed_2314118130
250,ours,wastesorting,02,10,1150653687,complete,/home/fr/brl/02_BRL_POMDP_CODE/experiments_logs/when_what_mechanisms/20260921_013627_859495/wastesorting/scene_02/ours/run_10_seed_1150653687
251,ours,wastesorting,02,11,3820178410,complete,/home/fr/brl/02_BRL_POMDP_CODE/experiments_logs/when_what_mechanisms/20260921_013627_859495/wastesorting/scene_02/ours/run_11_seed_3820178410
252,ours,wastesorting,02,12,1684512935,complete,/home/fr/brl/02_BRL_POMDP_CODE/experiments_logs/when_what_mechanisms/20260921_013627_859495/wastesorting/scene_02/ours/run_12_seed_1684512935
253,ours,wastesorting,02,13,800159661,complete,/home/fr/brl/02_BRL_POMDP_CODE/experiments_logs/when_what_mechanisms/20260921_013627_859495/wastesorting/scene_02/ours/run_13_seed_800159661
254,ours,wastesorting,02,14,3132007216,complete,/home/fr/brl/02_BRL_POMDP_CODE/experiments_logs/when_what_mechanisms/20260921_013627_859495/wastesorting/scene_02/ours/run_14_seed_3132007216
255,ours,wastesorting,02,15,431660203,complete,/home/fr/brl/02_BRL_POMDP_CODE/experiments_logs/when_what_mechanisms/20260921_013627_859495/wastesorting/scene_02/ours/run_15_seed_431660203
256,ours,wastesorting,02,16,4052769592,complete,/home/fr/brl/02_BRL_POMDP_CODE/experiments_logs/when_what_mechanisms/20260921_013627_859495/wastesorting/scene_02/ours/run_16_seed_4052769592
257,ours,wastesorting,02,17,1116766657,complete,/home/fr/brl/02_BRL_POMDP_CODE/experiments_logs/when_what_mechanisms/20260921_013627_859495/wastesorting/scene_02/ours/run_17_seed_1116766657
258,ours,wastesorting,02,18,1960486937,complete,/home/fr/brl/02_BRL_POMDP_CODE/experiments_logs/when_what_mechanisms/20260921_013627_859495/wastesorting/scene_02/ours/run_18_seed_1960486937
259,ours,wastesorting,02,19,1185595584,complete,/home/fr/brl/02_BRL_POMDP_CODE/experiments_logs/when_what_mechanisms/20260921_013627_859495/wastesorting/scene_02/ours/run_19_seed_1185595584
260,ours,wastesorting,02,20,2175442287,complete,/home/fr/brl/02_BRL_POMDP_CODE/experiments_logs/when_what_mechanisms/20260921_013627_859495/wastesorting/scene_02/ours/run_20_seed_2175442287
261,ours,wastesorting,02,21,1478189300,complete,/home/fr/brl/02_BRL_POMDP_CODE/experiments_logs/when_what_mechanisms/20260921_013627_859495/wastesorting/scene_02/ours/run_21_seed_1478189300
262,ours,wastesorting,02,22,2497538083,complete,/home/fr/brl/02_BRL_POMDP_CODE/experiments_logs/when_what_mechanisms/20260921_013627_859495/wastesorting/scene_02/ours/run_22_seed_2497538083
263,ours,wastesorting,02,23,92232459,complete,/home/fr/brl/02_BRL_POMDP_CODE/experiments_logs/when_what_mechanisms/20260921_013627_859495/wastesorting/scene_02/ours/run_23_seed_92232459
264,ours,wastesorting,02,24,3750062435,complete,/home/fr/brl/02_BRL_POMDP_CODE/experiments_logs/when_what_mechanisms/20260921_013627_859495/wastesorting/scene_02/ours/run_24_seed_3750062435
265,ours,wastesorting,02,25,3666558197,complete,/home/fr/brl/02_BRL_POMDP_CODE/experiments_logs/when_what_mechanisms/20260921_013627_859495/wastesorting/scene_02/ours/run_25_seed_3666558197
266,ours,wastesorting,02,26,4053942929,complete,/home/fr/brl/02_BRL_POMDP_CODE/experiments_logs/when_what_mechanisms/20260921_013627_859495/wastesorting/scene_02/ours/run_26_seed_4053942929
267,ours,wastesorting,02,27,1014673370,complete,/home/fr/brl/02_BRL_POMDP_CODE/experiments_logs/when_what_mechanisms/20260921_013627_859495/wastesorting/scene_02/ours/run_27_seed_1014673370
268,ours,wastesorting,02,28,3041513348,complete,/home/fr/brl/02_BRL_POMDP_CODE/experiments_logs/when_what_mechanisms/20260921_013627_859495/wastesorting/scene_02/ours/run_28_seed_3041513348
269,ours,wastesorting,02,29,3100998094,complete,/home/fr/brl/02_BRL_POMDP_CODE/experiments_logs/when_what_mechanisms/20260921_013627_859495/wastesorting/scene_02/ours/run_29_seed_3100998094
270,ours,wastesorting,02,30,2006819571,complete,/home/fr/brl/02_BRL_POMDP_CODE/experiments_logs/when_what_mechanisms/20260921_013627_859495/wastesorting/scene_02/ours/run_30_seed_2006819571
271,ours,wastesorting,02,31,604661570,complete,/home/fr/brl/02_BRL_POMDP_CODE/experiments_logs/when_what_mechanisms/20260921_013627_859495/wastesorting/scene_02/ours/run_31_seed_604661570
272,ours,wastesorting,02,32,1859675682,complete,/home/fr/brl/02_BRL_POMDP_CODE/experiments_logs/when_what_mechanisms/20260921_013627_859495/wastesorting/scene_02/ours/run_32_seed_1859675682
273,ours,wastesorting,02,33,2681088983,complete,/home/fr/brl/02_BRL_POMDP_CODE/experiments_logs/when_what_mechanisms/20260921_013627_859495/wastesorting/scene_02/ours/run_33_seed_2681088983
274,ours,wastesorting,02,34,2903446598,complete,/home/fr/brl/02_BRL_POMDP_CODE/experiments_logs/when_what_mechanisms/20260921_013627_859495/wastesorting/scene_02/ours/run_34_seed_2903446598
275,ours,wastesorting,02,35,4138266715,complete,/home/fr/brl/02_BRL_POMDP_CODE/experiments_logs/when_what_mechanisms/20260921_013627_859495/wastesorting/scene_02/ours/run_35_seed_4138266715
276,ours,wastesorting,02,36,3361930932,complete,/home/fr/brl/02_BRL_POMDP_CODE/experiments_logs/when_what_mechanisms/20260921_013627_859495/wastesorting/scene_02/ours/run_36_seed_3361930932
277,ours,wastesorting,02,37,2679542969,complete,/home/fr/brl/02_BRL_POMDP_CODE/experiments_logs/when_what_mechanisms/20260921_013627_859495/wastesorting/scene_02/ours/run_37_seed_2679542969
278,ours,wastesorting,02,38,1191125615,complete,/home/fr/brl/02_BRL_POMDP_CODE/experiments_logs/when_what_mechanisms/20260921_013627_859495/wastesorting/scene_02/ours/run_38_seed_1191125615
279,ours,wastesorting,02,39,2226175700,complete,/home/fr/brl/02_BRL_POMDP_CODE/experiments_logs/when_what_mechanisms/20260921_013627_859495/wastesorting/scene_02/ours/run_39_seed_2226175700
280,ours,wastesorting,02,40,3749131969,complete,/home/fr/brl/02_BRL_POMDP_CODE/experiments_logs/when_what_mechanisms/20260921_013627_859495/wastesorting/scene_02/ours/run_40_seed_3749131969
281,ours,wastesorting,03,1,935228514,complete,/home/fr/brl/02_BRL_POMDP_CODE/experiments_logs/when_what_mechanisms/20260921_013627_859495/wastesorting/scene_03/ours/run_01_seed_935228514
282,ours,wastesorting,03,2,1971182115,complete,/home/fr/brl/02_BRL_POMDP_CODE/experiments_logs/when_what_mechanisms/20260921_013627_859495/wastesorting/scene_03/ours/run_02_seed_1971182115
283,ours,wastesorting,03,3,2394637227,complete,/home/fr/brl/02_BRL_POMDP_CODE/experiments_logs/when_what_mechanisms/20260921_013627_859495/wastesorting/scene_03/ours/run_03_seed_2394637227
284,ours,wastesorting,03,4,3544407771,complete,/home/fr/brl/02_BRL_POMDP_CODE/experiments_logs/when_what_mechanisms/20260921_013627_859495/wastesorting/scene_03/ours/run_04_seed_3544407771
285,ours,wastesorting,03,5,151419445,complete,/home/fr/brl/02_BRL_POMDP_CODE/experiments_logs/when_what_mechanisms/20260921_013627_859495/wastesorting/scene_03/ours/run_05_seed_151419445
286,ours,wastesorting,03,6,878097152,complete,/home/fr/brl/02_BRL_POMDP_CODE/experiments_logs/when_what_mechanisms/20260921_013627_859495/wastesorting/scene_03/ours/run_06_seed_878097152
287,ours,wastesorting,03,7,2160290877,complete,/home/fr/brl/02_BRL_POMDP_CODE/experiments_logs/when_what_mechanisms/20260921_013627_859495/wastesorting/scene_03/ours/run_07_seed_2160290877
288,ours,wastesorting,03,8,1263200062,complete,/home/fr/brl/02_BRL_POMDP_CODE/experiments_logs/when_what_mechanisms/20260921_013627_859495/wastesorting/scene_03/ours/run_08_seed_1263200062
289,ours,wastesorting,03,9,2442584840,complete,/home/fr/brl/02_BRL_POMDP_CODE/experiments_logs/when_what_mechanisms/20260921_013627_859495/wastesorting/scene_03/ours/run_09_seed_2442584840
290,ours,wastesorting,03,10,995062266,complete,/home/fr/brl/02_BRL_POMDP_CODE/experiments_logs/when_what_mechanisms/20260921_013627_859495/wastesorting/scene_03/ours/run_10_seed_995062266
291,ours,wastesorting,03,11,1757091912,complete,/home/fr/brl/02_BRL_POMDP_CODE/experiments_logs/when_what_mechanisms/20260921_013627_859495/wastesorting/scene_03/ours/run_11_seed_1757091912
292,ours,wastesorting,03,12,703706258,complete,/home/fr/brl/02_BRL_POMDP_CODE/experiments_logs/when_what_mechanisms/20260921_013627_859495/wastesorting/scene_03/ours/run_12_seed_703706258
293,ours,wastesorting,03,13,3734705447,complete,/home/fr/brl/02_BRL_POMDP_CODE/experiments_logs/when_what_mechanisms/20260921_013627_859495/wastesorting/scene_03/ours/run_13_seed_3734705447
294,ours,wastesorting,03,14,808931924,complete,/home/fr/brl/02_BRL_POMDP_CODE/experiments_logs/when_what_mechanisms/20260921_013627_859495/wastesorting/scene_03/ours/run_14_seed_808931924
295,ours,wastesorting,03,15,1010706734,complete,/home/fr/brl/02_BRL_POMDP_CODE/experiments_logs/when_what_mechanisms/20260921_013627_859495/wastesorting/scene_03/ours/run_15_seed_1010706734
296,ours,wastesorting,03,16,1790509877,complete,/home/fr/brl/02_BRL_POMDP_CODE/experiments_logs/when_what_mechanisms/20260921_013627_859495/wastesorting/scene_03/ours/run_16_seed_1790509877
297,ours,wastesorting,03,17,1862543915,complete,/home/fr/brl/02_BRL_POMDP_CODE/experiments_logs/when_what_mechanisms/20260921_013627_859495/wastesorting/scene_03/ours/run_17_seed_1862543915
298,ours,wastesorting,03,18,2836132436,complete,/home/fr/brl/02_BRL_POMDP_CODE/experiments_logs/when_what_mechanisms/20260921_013627_859495/wastesorting/scene_03/ours/run_18_seed_2836132436
299,ours,wastesorting,03,19,4248209127,complete,/home/fr/brl/02_BRL_POMDP_CODE/experiments_logs/when_what_mechanisms/20260921_013627_859495/wastesorting/scene_03/ours/run_19_seed_4248209127
300,ours,wastesorting,03,20,1312241461,complete,/home/fr/brl/02_BRL_POMDP_CODE/experiments_logs/when_what_mechanisms/20260921_013627_859495/wastesorting/scene_03/ours/run_20_seed_1312241461
301,ours,wastesorting,03,21,1849750684,complete,/home/fr/brl/02_BRL_POMDP_CODE/experiments_logs/when_what_mechanisms/20260921_013627_859495/wastesorting/scene_03/ours/run_21_seed_1849750684
302,ours,wastesorting,03,22,3532582087,complete,/home/fr/brl/02_BRL_POMDP_CODE/experiments_logs/when_what_mechanisms/20260921_013627_859495/wastesorting/scene_03/ours/run_22_seed_3532582087
303,ours,wastesorting,03,23,1682900593,complete,/home/fr/brl/02_BRL_POMDP_CODE/experiments_logs/when_what_mechanisms/20260921_013627_859495/wastesorting/scene_03/ours/run_23_seed_1682900593
304,ours,wastesorting,03,24,2815362486,complete,/home/fr/brl/02_BRL_POMDP_CODE/experiments_logs/when_what_mechanisms/20260921_013627_859495/wastesorting/scene_03/ours/run_24_seed_2815362486
305,ours,wastesorting,03,25,408728855,complete,/home/fr/brl/02_BRL_POMDP_CODE/experiments_logs/when_what_mechanisms/20260921_013627_859495/wastesorting/scene_03/ours/run_25_seed_408728855
306,ours,wastesorting,03,26,2192330955,complete,/home/fr/brl/02_BRL_POMDP_CODE/experiments_logs/when_what_mechanisms/20260921_013627_859495/wastesorting/scene_03/ours/run_26_seed_2192330955
307,ours,wastesorting,03,27,2090573975,complete,/home/fr/brl/02_BRL_POMDP_CODE/experiments_logs/when_what_mechanisms/20260921_013627_859495/wastesorting/scene_03/ours/run_27_seed_2090573975
308,ours,wastesorting,03,28,1932548607,complete,/home/fr/brl/02_BRL_POMDP_CODE/experiments_logs/when_what_mechanisms/20260921_013627_859495/wastesorting/scene_03/ours/run_28_seed_1932548607
309,ours,wastesorting,03,29,1123572063,complete,/home/fr/brl/02_BRL_POMDP_CODE/experiments_logs/when_what_mechanisms/20260921_013627_859495/wastesorting/scene_03/ours/run_29_seed_1123572063
310,ours,wastesorting,03,30,4128056421,complete,/home/fr/brl/02_BRL_POMDP_CODE/experiments_logs/when_what_mechanisms/20260921_013627_859495/wastesorting/scene_03/ours/run_30_seed_4128056421
311,ours,wastesorting,03,31,428908864,complete,/home/fr/brl/02_BRL_POMDP_CODE/experiments_logs/when_what_mechanisms/20260921_013627_859495/wastesorting/scene_03/ours/run_31_seed_428908864
312,ours,wastesorting,03,32,3643526193,complete,/home/fr/brl/02_BRL_POMDP_CODE/experiments_logs/when_what_mechanisms/20260921_013627_859495/wastesorting/scene_03/ours/run_32_seed_3643526193
313,ours,wastesorting,03,33,3925417317,complete,/home/fr/brl/02_BRL_POMDP_CODE/experiments_logs/when_what_mechanisms/20260921_013627_859495/wastesorting/scene_03/ours/run_33_seed_3925417317
314,ours,wastesorting,03,34,3952233946,complete,/home/fr/brl/02_BRL_POMDP_CODE/experiments_logs/when_what_mechanisms/20260921_013627_859495/wastesorting/scene_03/ours/run_34_seed_3952233946
315,ours,wastesorting,03,35,3772505736,complete,/home/fr/brl/02_BRL_POMDP_CODE/experiments_logs/when_what_mechanisms/20260921_013627_859495/wastesorting/scene_03/ours/run_35_seed_3772505736
316,ours,wastesorting,03,36,2200107462,complete,/home/fr/brl/02_BRL_POMDP_CODE/experiments_logs/when_what_mechanisms/20260921_013627_859495/wastesorting/scene_03/ours/run_36_seed_2200107462
317,ours,wastesorting,03,37,1065524053,complete,/home/fr/brl/02_BRL_POMDP_CODE/experiments_logs/when_what_mechanisms/20260921_013627_859495/wastesorting/scene_03/ours/run_37_seed_1065524053
318,ours,wastesorting,03,38,1429072852,complete,/home/fr/brl/02_BRL_POMDP_CODE/experiments_logs/when_what_mechanisms/20260921_013627_859495/wastesorting/scene_03/ours/run_38_seed_1429072852
319,ours,wastesorting,03,39,1198822842,complete,/home/fr/brl/02_BRL_POMDP_CODE/experiments_logs/when_what_mechanisms/20260921_013627_859495/wastesorting/scene_03/ours/run_39_seed_1198822842
320,ours,wastesorting,03,40,864565644,complete,/home/fr/brl/02_BRL_POMDP_CODE/experiments_logs/when_what_mechanisms/20260921_013627_859495/wastesorting/scene_03/ours/run_40_seed_864565644
321,ours,wastesorting,04,1,3291161639,complete,/home/fr/brl/02_BRL_POMDP_CODE/experiments_logs/when_what_mechanisms/20260921_013627_859495/wastesorting/scene_04/ours/run_01_seed_3291161639
322,ours,wastesorting,04,2,1838985415,complete,/home/fr/brl/02_BRL_POMDP_CODE/experiments_logs/when_what_mechanisms/20260921_013627_859495/wastesorting/scene_04/ours/run_02_seed_1838985415
323,ours,wastesorting,04,3,1973069430,complete,/home/fr/brl/02_BRL_POMDP_CODE/experiments_logs/when_what_mechanisms/20260921_013627_859495/wastesorting/scene_04/ours/run_03_seed_1973069430
324,ours,wastesorting,04,4,414427021,complete,/home/fr/brl/02_BRL_POMDP_CODE/experiments_logs/when_what_mechanisms/20260921_013627_859495/wastesorting/scene_04/ours/run_04_seed_414427021
325,ours,wastesorting,04,5,3201562577,complete,/home/fr/brl/02_BRL_POMDP_CODE/experiments_logs/when_what_mechanisms/20260921_013627_859495/wastesorting/scene_04/ours/run_05_seed_3201562577
326,ours,wastesorting,04,6,2350780499,complete,/home/fr/brl/02_BRL_POMDP_CODE/experiments_logs/when_what_mechanisms/20260921_013627_859495/wastesorting/scene_04/ours/run_06_seed_2350780499
327,ours,wastesorting,04,7,2401657902,complete,/home/fr/brl/02_BRL_POMDP_CODE/experiments_logs/when_what_mechanisms/20260921_013627_859495/wastesorting/scene_04/ours/run_07_seed_2401657902
328,ours,wastesorting,04,8,3182553066,complete,/home/fr/brl/02_BRL_POMDP_CODE/experiments_logs/when_what_mechanisms/20260921_013627_859495/wastesorting/scene_04/ours/run_08_seed_3182553066
329,ours,wastesorting,04,9,1147895942,complete,/home/fr/brl/02_BRL_POMDP_CODE/experiments_logs/when_what_mechanisms/20260921_013627_859495/wastesorting/scene_04/ours/run_09_seed_1147895942
330,ours,wastesorting,04,10,472386282,complete,/home/fr/brl/02_BRL_POMDP_CODE/experiments_logs/when_what_mechanisms/20260921_013627_859495/wastesorting/scene_04/ours/run_10_seed_472386282
331,ours,wastesorting,04,11,558605806,complete,/home/fr/brl/02_BRL_POMDP_CODE/experiments_logs/when_what_mechanisms/20260921_013627_859495/wastesorting/scene_04/ours/run_11_seed_558605806
332,ours,wastesorting,04,12,3110233099,complete,/home/fr/brl/02_BRL_POMDP_CODE/experiments_logs/when_what_mechanisms/20260921_013627_859495/wastesorting/scene_04/ours/run_12_seed_3110233099
333,ours,wastesorting,04,13,1105776053,complete,/home/fr/brl/02_BRL_POMDP_CODE/experiments_logs/when_what_mechanisms/20260921_013627_859495/wastesorting/scene_04/ours/run_13_seed_1105776053
334,ours,wastesorting,04,14,3718837247,complete,/home/fr/brl/02_BRL_POMDP_CODE/experiments_logs/when_what_mechanisms/20260921_013627_859495/wastesorting/scene_04/ours/run_14_seed_3718837247
335,ours,wastesorting,04,15,4193229496,complete,/home/fr/brl/02_BRL_POMDP_CODE/experiments_logs/when_what_mechanisms/20260921_013627_859495/wastesorting/scene_04/ours/run_15_seed_4193229496
336,ours,wastesorting,04,16,3369209442,complete,/home/fr/brl/02_BRL_POMDP_CODE/experiments_logs/when_what_mechanisms/20260921_013627_859495/wastesorting/scene_04/ours/run_16_seed_3369209442
337,ours,wastesorting,04,17,3692021791,complete,/home/fr/brl/02_BRL_POMDP_CODE/experiments_logs/when_what_mechanisms/20260921_013627_859495/wastesorting/scene_04/ours/run_17_seed_3692021791
338,ours,wastesorting,04,18,1445352403,complete,/home/fr/brl/02_BRL_POMDP_CODE/experiments_logs/when_what_mechanisms/20260921_013627_859495/wastesorting/scene_04/ours/run_18_seed_1445352403
339,ours,wastesorting,04,19,2413410080,complete,/home/fr/brl/02_BRL_POMDP_CODE/experiments_logs/when_what_mechanisms/20260921_013627_859495/wastesorting/scene_04/ours/run_19_seed_2413410080
340,ours,wastesorting,04,20,3310113005,complete,/home/fr/brl/02_BRL_POMDP_CODE/experiments_logs/when_what_mechanisms/20260921_013627_859495/wastesorting/scene_04/ours/run_20_seed_3310113005
341,ours,wastesorting,04,21,1619001990,complete,/home/fr/brl/02_BRL_POMDP_CODE/experiments_logs/when_what_mechanisms/20260921_013627_859495/wastesorting/scene_04/ours/run_21_seed_1619001990
342,ours,wastesorting,04,22,3414205865,complete,/home/fr/brl/02_BRL_POMDP_CODE/experiments_logs/when_what_mechanisms/20260921_013627_859495/wastesorting/scene_04/ours/run_22_seed_3414205865
343,ours,wastesorting,04,23,3989924643,complete,/home/fr/brl/02_BRL_POMDP_CODE/experiments_logs/when_what_mechanisms/20260921_013627_859495/wastesorting/scene_04/ours/run_23_seed_3989924643
344,ours,wastesorting,04,24,1493522614,complete,/home/fr/brl/02_BRL_POMDP_CODE/experiments_logs/when_what_mechanisms/20260921_013627_859495/wastesorting/scene_04/ours/run_24_seed_1493522614
345,ours,wastesorting,04,25,13571565,complete,/home/fr/brl/02_BRL_POMDP_CODE/experiments_logs/when_what_mechanisms/20260921_013627_859495/wastesorting/scene_04/ours/run_25_seed_13571565
346,ours,wastesorting,04,26,2630099760,complete,/home/fr/brl/02_BRL_POMDP_CODE/experiments_logs/when_what_mechanisms/20260921_013627_859495/wastesorting/scene_04/ours/run_26_seed_2630099760
347,ours,wastesorting,04,27,3787165175,complete,/home/fr/brl/02_BRL_POMDP_CODE/experiments_logs/when_what_mechanisms/20260921_013627_859495/wastesorting/scene_04/ours/run_27_seed_3787165175
348,ours,wastesorting,04,28,1518896079,complete,/home/fr/brl/02_BRL_POMDP_CODE/experiments_logs/when_what_mechanisms/20260921_013627_859495/wastesorting/scene_04/ours/run_28_seed_1518896079
349,ours,wastesorting,04,29,506359200,complete,/home/fr/brl/02_BRL_POMDP_CODE/experiments_logs/when_what_mechanisms/20260921_013627_859495/wastesorting/scene_04/ours/run_29_seed_506359200
350,ours,wastesorting,04,30,2303938088,complete,/home/fr/brl/02_BRL_POMDP_CODE/experiments_logs/when_what_mechanisms/20260921_013627_859495/wastesorting/scene_04/ours/run_30_seed_2303938088
351,ours,wastesorting,04,31,1783261924,complete,/home/fr/brl/02_BRL_POMDP_CODE/experiments_logs/when_what_mechanisms/20260921_013627_859495/wastesorting/scene_04/ours/run_31_seed_1783261924
352,ours,wastesorting,04,32,3973487875,complete,/home/fr/brl/02_BRL_POMDP_CODE/experiments_logs/when_what_mechanisms/20260921_013627_859495/wastesorting/scene_04/ours/run_32_seed_3973487875
353,ours,wastesorting,04,33,3576324234,complete,/home/fr/brl/02_BRL_POMDP_CODE/experiments_logs/when_what_mechanisms/20260921_013627_859495/wastesorting/scene_04/ours/run_33_seed_3576324234
354,ours,wastesorting,04,34,3966743771,complete,/home/fr/brl/02_BRL_POMDP_CODE/experiments_logs/when_what_mechanisms/20260921_013627_859495/wastesorting/scene_04/ours/run_34_seed_3966743771
355,ours,wastesorting,04,35,3292785302,complete,/home/fr/brl/02_BRL_POMDP_CODE/experiments_logs/when_what_mechanisms/20260921_013627_859495/wastesorting/scene_04/ours/run_35_seed_3292785302
356,ours,wastesorting,04,36,2877610580,complete,/home/fr/brl/02_BRL_POMDP_CODE/experiments_logs/when_what_mechanisms/20260921_013627_859495/wastesorting/scene_04/ours/run_36_seed_2877610580
357,ours,wastesorting,04,37,1852316728,complete,/home/fr/brl/02_BRL_POMDP_CODE/experiments_logs/when_what_mechanisms/20260921_013627_859495/wastesorting/scene_04/ours/run_37_seed_1852316728
358,ours,wastesorting,04,38,132699259,complete,/home/fr/brl/02_BRL_POMDP_CODE/experiments_logs/when_what_mechanisms/20260921_013627_859495/wastesorting/scene_04/ours/run_38_seed_132699259
359,ours,wastesorting,04,39,1117810574,complete,/home/fr/brl/02_BRL_POMDP_CODE/experiments_logs/when_what_mechanisms/20260921_013627_859495/wastesorting/scene_04/ours/run_39_seed_1117810574
360,ours,wastesorting,04,40,2967203946,complete,/home/fr/brl/02_BRL_POMDP_CODE/experiments_logs/when_what_mechanisms/20260921_013627_859495/wastesorting/scene_04/ours/run_40_seed_2967203946
361,ours,wastesorting,05,1,630828154,complete,/home/fr/brl/02_BRL_POMDP_CODE/experiments_logs/when_what_mechanisms/20260921_013627_859495/wastesorting/scene_05/ours/run_01_seed_630828154
362,ours,wastesorting,05,2,435659992,complete,/home/fr/brl/02_BRL_POMDP_CODE/experiments_logs/when_what_mechanisms/20260921_013627_859495/wastesorting/scene_05/ours/run_02_seed_435659992
363,ours,wastesorting,05,3,3537170530,complete,/home/fr/brl/02_BRL_POMDP_CODE/experiments_logs/when_what_mechanisms/20260921_013627_859495/wastesorting/scene_05/ours/run_03_seed_3537170530
364,ours,wastesorting,05,4,1280378645,complete,/home/fr/brl/02_BRL_POMDP_CODE/experiments_logs/when_what_mechanisms/20260921_013627_859495/wastesorting/scene_05/ours/run_04_seed_1280378645
365,ours,wastesorting,05,5,3656925474,complete,/home/fr/brl/02_BRL_POMDP_CODE/experiments_logs/when_what_mechanisms/20260921_013627_859495/wastesorting/scene_05/ours/run_05_seed_3656925474
366,ours,wastesorting,05,6,1489971784,complete,/home/fr/brl/02_BRL_POMDP_CODE/experiments_logs/when_what_mechanisms/20260921_013627_859495/wastesorting/scene_05/ours/run_06_seed_1489971784
367,ours,wastesorting,05,7,3520141308,complete,/home/fr/brl/02_BRL_POMDP_CODE/experiments_logs/when_what_mechanisms/20260921_013627_859495/wastesorting/scene_05/ours/run_07_seed_3520141308
368,ours,wastesorting,05,8,411692590,complete,/home/fr/brl/02_BRL_POMDP_CODE/experiments_logs/when_what_mechanisms/20260921_013627_859495/wastesorting/scene_05/ours/run_08_seed_411692590
369,ours,wastesorting,05,9,2624923704,complete,/home/fr/brl/02_BRL_POMDP_CODE/experiments_logs/when_what_mechanisms/20260921_013627_859495/wastesorting/scene_05/ours/run_09_seed_2624923704
370,ours,wastesorting,05,10,3130661448,complete,/home/fr/brl/02_BRL_POMDP_CODE/experiments_logs/when_what_mechanisms/20260921_013627_859495/wastesorting/scene_05/ours/run_10_seed_3130661448
371,ours,wastesorting,05,11,3622248746,complete,/home/fr/brl/02_BRL_POMDP_CODE/experiments_logs/when_what_mechanisms/20260921_013627_859495/wastesorting/scene_05/ours/run_11_seed_3622248746
372,ours,wastesorting,05,12,600649243,complete,/home/fr/brl/02_BRL_POMDP_CODE/experiments_logs/when_what_mechanisms/20260921_013627_859495/wastesorting/scene_05/ours/run_12_seed_600649243
373,ours,wastesorting,05,13,3690243405,complete,/home/fr/brl/02_BRL_POMDP_CODE/experiments_logs/when_what_mechanisms/20260921_013627_859495/wastesorting/scene_05/ours/run_13_seed_3690243405
374,ours,wastesorting,05,14,2666206818,complete,/home/fr/brl/02_BRL_POMDP_CODE/experiments_logs/when_what_mechanisms/20260921_013627_859495/wastesorting/scene_05/ours/run_14_seed_2666206818
375,ours,wastesorting,05,15,2681637189,complete,/home/fr/brl/02_BRL_POMDP_CODE/experiments_logs/when_what_mechanisms/20260921_013627_859495/wastesorting/scene_05/ours/run_15_seed_2681637189
376,ours,wastesorting,05,16,3586644066,complete,/home/fr/brl/02_BRL_POMDP_CODE/experiments_logs/when_what_mechanisms/20260921_013627_859495/wastesorting/scene_05/ours/run_16_seed_3586644066
377,ours,wastesorting,05,17,3677160998,complete,/home/fr/brl/02_BRL_POMDP_CODE/experiments_logs/when_what_mechanisms/20260921_013627_859495/wastesorting/scene_05/ours/run_17_seed_3677160998
378,ours,wastesorting,05,18,1159978775,complete,/home/fr/brl/02_BRL_POMDP_CODE/experiments_logs/when_what_mechanisms/20260921_013627_859495/wastesorting/scene_05/ours/run_18_seed_1159978775
379,ours,wastesorting,05,19,4128091398,complete,/home/fr/brl/02_BRL_POMDP_CODE/experiments_logs/when_what_mechanisms/20260921_013627_859495/wastesorting/scene_05/ours/run_19_seed_4128091398
380,ours,wastesorting,05,20,3351623416,complete,/home/fr/brl/02_BRL_POMDP_CODE/experiments_logs/when_what_mechanisms/20260921_013627_859495/wastesorting/scene_05/ours/run_20_seed_3351623416
381,ours,wastesorting,05,21,3215763495,complete,/home/fr/brl/02_BRL_POMDP_CODE/experiments_logs/when_what_mechanisms/20260921_013627_859495/wastesorting/scene_05/ours/run_21_seed_3215763495
382,ours,wastesorting,05,22,1045924611,complete,/home/fr/brl/02_BRL_POMDP_CODE/experiments_logs/when_what_mechanisms/20260921_013627_859495/wastesorting/scene_05/ours/run_22_seed_1045924611
383,ours,wastesorting,05,23,449704548,complete,/home/fr/brl/02_BRL_POMDP_CODE/experiments_logs/when_what_mechanisms/20260921_013627_859495/wastesorting/scene_05/ours/run_23_seed_449704548
384,ours,wastesorting,05,24,1253677920,complete,/home/fr/brl/02_BRL_POMDP_CODE/experiments_logs/when_what_mechanisms/20260921_013627_859495/wastesorting/scene_05/ours/run_24_seed_1253677920
385,ours,wastesorting,05,25,382724118,complete,/home/fr/brl/02_BRL_POMDP_CODE/experiments_logs/when_what_mechanisms/20260921_013627_859495/wastesorting/scene_05/ours/run_25_seed_382724118
386,ours,wastesorting,05,26,4085569034,complete,/home/fr/brl/02_BRL_POMDP_CODE/experiments_logs/when_what_mechanisms/20260921_013627_859495/wastesorting/scene_05/ours/run_26_seed_4085569034
387,ours,wastesorting,05,27,1045529480,complete,/home/fr/brl/02_BRL_POMDP_CODE/experiments_logs/when_what_mechanisms/20260921_013627_859495/wastesorting/scene_05/ours/run_27_seed_1045529480
388,ours,wastesorting,05,28,2875578355,complete,/home/fr/brl/02_BRL_POMDP_CODE/experiments_logs/when_what_mechanisms/20260921_013627_859495/wastesorting/scene_05/ours/run_28_seed_2875578355
389,ours,wastesorting,05,29,230996701,complete,/home/fr/brl/02_BRL_POMDP_CODE/experiments_logs/when_what_mechanisms/20260921_013627_859495/wastesorting/scene_05/ours/run_29_seed_230996701
390,ours,wastesorting,05,30,4259545291,complete,/home/fr/brl/02_BRL_POMDP_CODE/experiments_logs/when_what_mechanisms/20260921_013627_859495/wastesorting/scene_05/ours/run_30_seed_4259545291
391,ours,wastesorting,05,31,671361218,complete,/home/fr/brl/02_BRL_POMDP_CODE/experiments_logs/when_what_mechanisms/20260921_013627_859495/wastesorting/scene_05/ours/run_31_seed_671361218
392,ours,wastesorting,05,32,1668817081,complete,/home/fr/brl/02_BRL_POMDP_CODE/experiments_logs/when_what_mechanisms/20260921_013627_859495/wastesorting/scene_05/ours/run_32_seed_1668817081
393,ours,wastesorting,05,33,3225313600,complete,/home/fr/brl/02_BRL_POMDP_CODE/experiments_logs/when_what_mechanisms/20260921_013627_859495/wastesorting/scene_05/ours/run_33_seed_3225313600
394,ours,wastesorting,05,34,1380997039,complete,/home/fr/brl/02_BRL_POMDP_CODE/experiments_logs/when_what_mechanisms/20260921_013627_859495/wastesorting/scene_05/ours/run_34_seed_1380997039
395,ours,wastesorting,05,35,2300990510,complete,/home/fr/brl/02_BRL_POMDP_CODE/experiments_logs/when_what_mechanisms/20260921_013627_859495/wastesorting/scene_05/ours/run_35_seed_2300990510
396,ours,wastesorting,05,36,2645731214,complete,/home/fr/brl/02_BRL_POMDP_CODE/experiments_logs/when_what_mechanisms/20260921_013627_859495/wastesorting/scene_05/ours/run_36_seed_2645731214
397,ours,wastesorting,05,37,1980913558,complete,/home/fr/brl/02_BRL_POMDP_CODE/experiments_logs/when_what_mechanisms/20260921_013627_859495/wastesorting/scene_05/ours/run_37_seed_1980913558
398,ours,wastesorting,05,38,4060354637,complete,/home/fr/brl/02_BRL_POMDP_CODE/experiments_logs/when_what_mechanisms/20260921_013627_859495/wastesorting/scene_05/ours/run_38_seed_4060354637
399,ours,wastesorting,05,39,3979866682,complete,/home/fr/brl/02_BRL_POMDP_CODE/experiments_logs/when_what_mechanisms/20260921_013627_859495/wastesorting/scene_05/ours/run_39_seed_3979866682
400,ours,wastesorting,05,40,2741241943,complete,/home/fr/brl/02_BRL_POMDP_CODE/experiments_logs/when_what_mechanisms/20260921_013627_859495/wastesorting/scene_05/ours/run_40_seed_2741241943
401,cp_when,tomato,01,1,2030859206,complete,/home/fr/brl/02_BRL_POMDP_CODE/experiments_logs/when_what_mechanisms/20260921_013627_859495/tomato/scene_01/cp_when/run_01_seed_2030859206
402,cp_when,tomato,01,2,2222960263,complete,/home/fr/brl/02_BRL_POMDP_CODE/experiments_logs/when_what_mechanisms/20260921_013627_859495/tomato/scene_01/cp_when/run_02_seed_2222960263
403,cp_when,tomato,01,3,1273020582,complete,/home/fr/brl/02_BRL_POMDP_CODE/experiments_logs/when_what_mechanisms/20260921_013627_859495/tomato/scene_01/cp_when/run_03_seed_1273020582
404,cp_when,tomato,01,4,866496583,complete,/home/fr/brl/02_BRL_POMDP_CODE/experiments_logs/when_what_mechanisms/20260921_013627_859495/tomato/scene_01/cp_when/run_04_seed_866496583
405,cp_when,tomato,01,5,2698243041,complete,/home/fr/brl/02_BRL_POMDP_CODE/experiments_logs/when_what_mechanisms/20260921_013627_859495/tomato/scene_01/cp_when/run_05_seed_2698243041
406,cp_when,tomato,01,6,1911303750,complete,/home/fr/brl/02_BRL_POMDP_CODE/experiments_logs/when_what_mechanisms/20260921_013627_859495/tomato/scene_01/cp_when/run_06_seed_1911303750
407,cp_when,tomato,01,7,796400590,complete,/home/fr/brl/02_BRL_POMDP_CODE/experiments_logs/when_what_mechanisms/20260921_013627_859495/tomato/scene_01/cp_when/run_07_seed_796400590
408,cp_when,tomato,01,8,1201029111,complete,/home/fr/brl/02_BRL_POMDP_CODE/experiments_logs/when_what_mechanisms/20260921_013627_859495/tomato/scene_01/cp_when/run_08_seed_1201029111
409,cp_when,tomato,01,9,3389846695,complete,/home/fr/brl/02_BRL_POMDP_CODE/experiments_logs/when_what_mechanisms/20260921_013627_859495/tomato/scene_01/cp_when/run_09_seed_3389846695
410,cp_when,tomato,01,10,2508123787,complete,/home/fr/brl/02_BRL_POMDP_CODE/experiments_logs/when_what_mechanisms/20260921_013627_859495/tomato/scene_01/cp_when/run_10_seed_2508123787
411,cp_when,tomato,01,11,2741500852,complete,/home/fr/brl/02_BRL_POMDP_CODE/experiments_logs/when_what_mechanisms/20260921_013627_859495/tomato/scene_01/cp_when/run_11_seed_2741500852
412,cp_when,tomato,01,12,4065849833,complete,/home/fr/brl/02_BRL_POMDP_CODE/experiments_logs/when_what_mechanisms/20260921_013627_859495/tomato/scene_01/cp_when/run_12_seed_4065849833
413,cp_when,tomato,01,13,821007751,complete,/home/fr/brl/02_BRL_POMDP_CODE/experiments_logs/when_what_mechanisms/20260921_013627_859495/tomato/scene_01/cp_when/run_13_seed_821007751
414,cp_when,tomato,01,14,965164034,complete,/home/fr/brl/02_BRL_POMDP_CODE/experiments_logs/when_what_mechanisms/20260921_013627_859495/tomato/scene_01/cp_when/run_14_seed_965164034
415,cp_when,tomato,01,15,3049697230,complete,/home/fr/brl/02_BRL_POMDP_CODE/experiments_logs/when_what_mechanisms/20260921_013627_859495/tomato/scene_01/cp_when/run_15_seed_3049697230
416,cp_when,tomato,01,16,597016452,complete,/home/fr/brl/02_BRL_POMDP_CODE/experiments_logs/when_what_mechanisms/20260921_013627_859495/tomato/scene_01/cp_when/run_16_seed_597016452
417,cp_when,tomato,01,17,2027029533,complete,/home/fr/brl/02_BRL_POMDP_CODE/experiments_logs/when_what_mechanisms/20260921_013627_859495/tomato/scene_01/cp_when/run_17_seed_2027029533
418,cp_when,tomato,01,18,3736902642,complete,/home/fr/brl/02_BRL_POMDP_CODE/experiments_logs/when_what_mechanisms/20260921_013627_859495/tomato/scene_01/cp_when/run_18_seed_3736902642
419,cp_when,tomato,01,19,323427982,complete,/home/fr/brl/02_BRL_POMDP_CODE/experiments_logs/when_what_mechanisms/20260921_013627_859495/tomato/scene_01/cp_when/run_19_seed_323427982
420,cp_when,tomato,01,20,311025495,complete,/home/fr/brl/02_BRL_POMDP_CODE/experiments_logs/when_what_mechanisms/20260921_013627_859495/tomato/scene_01/cp_when/run_20_seed_311025495
421,cp_when,tomato,01,21,871806833,complete,/home/fr/brl/02_BRL_POMDP_CODE/experiments_logs/when_what_mechanisms/20260921_013627_859495/tomato/scene_01/cp_when/run_21_seed_871806833
422,cp_when,tomato,01,22,217537032,complete,/home/fr/brl/02_BRL_POMDP_CODE/experiments_logs/when_what_mechanisms/20260921_013627_859495/tomato/scene_01/cp_when/run_22_seed_217537032
423,cp_when,tomato,01,23,532817344,complete,/home/fr/brl/02_BRL_POMDP_CODE/experiments_logs/when_what_mechanisms/20260921_013627_859495/tomato/scene_01/cp_when/run_23_seed_532817344
424,cp_when,tomato,01,24,3466707993,complete,/home/fr/brl/02_BRL_POMDP_CODE/experiments_logs/when_what_mechanisms/20260921_013627_859495/tomato/scene_01/cp_when/run_24_seed_3466707993
425,cp_when,tomato,01,25,1649478604,complete,/home/fr/brl/02_BRL_POMDP_CODE/experiments_logs/when_what_mechanisms/20260921_013627_859495/tomato/scene_01/cp_when/run_25_seed_1649478604
426,cp_when,tomato,01,26,2204152357,complete,/home/fr/brl/02_BRL_POMDP_CODE/experiments_logs/when_what_mechanisms/20260921_013627_859495/tomato/scene_01/cp_when/run_26_seed_2204152357
427,cp_when,tomato,01,27,1233339309,complete,/home/fr/brl/02_BRL_POMDP_CODE/experiments_logs/when_what_mechanisms/20260921_013627_859495/tomato/scene_01/cp_when/run_27_seed_1233339309
428,cp_when,tomato,01,28,3357973338,complete,/home/fr/brl/02_BRL_POMDP_CODE/experiments_logs/when_what_mechanisms/20260921_013627_859495/tomato/scene_01/cp_when/run_28_seed_3357973338
429,cp_when,tomato,01,29,3649707942,complete,/home/fr/brl/02_BRL_POMDP_CODE/experiments_logs/when_what_mechanisms/20260921_013627_859495/tomato/scene_01/cp_when/run_29_seed_3649707942
430,cp_when,tomato,01,30,3325784884,complete,/home/fr/brl/02_BRL_POMDP_CODE/experiments_logs/when_what_mechanisms/20260921_013627_859495/tomato/scene_01/cp_when/run_30_seed_3325784884
431,cp_when,tomato,01,31,3877458541,complete,/home/fr/brl/02_BRL_POMDP_CODE/experiments_logs/when_what_mechanisms/20260921_013627_859495/tomato/scene_01/cp_when/run_31_seed_3877458541
432,cp_when,tomato,01,32,3638621671,complete,/home/fr/brl/02_BRL_POMDP_CODE/experiments_logs/when_what_mechanisms/20260921_013627_859495/tomato/scene_01/cp_when/run_32_seed_3638621671
433,cp_when,tomato,01,33,1084618528,complete,/home/fr/brl/02_BRL_POMDP_CODE/experiments_logs/when_what_mechanisms/20260921_013627_859495/tomato/scene_01/cp_when/run_33_seed_1084618528
434,cp_when,tomato,01,34,405999239,complete,/home/fr/brl/02_BRL_POMDP_CODE/experiments_logs/when_what_mechanisms/20260921_013627_859495/tomato/scene_01/cp_when/run_34_seed_405999239
435,cp_when,tomato,01,35,4028845444,complete,/home/fr/brl/02_BRL_POMDP_CODE/experiments_logs/when_what_mechanisms/20260921_013627_859495/tomato/scene_01/cp_when/run_35_seed_4028845444
436,cp_when,tomato,01,36,2607182153,complete,/home/fr/brl/02_BRL_POMDP_CODE/experiments_logs/when_what_mechanisms/20260921_013627_859495/tomato/scene_01/cp_when/run_36_seed_2607182153
437,cp_when,tomato,01,37,338448945,complete,/home/fr/brl/02_BRL_POMDP_CODE/experiments_logs/when_what_mechanisms/20260921_013627_859495/tomato/scene_01/cp_when/run_37_seed_338448945
438,cp_when,tomato,01,38,3008854274,complete,/home/fr/brl/02_BRL_POMDP_CODE/experiments_logs/when_what_mechanisms/20260921_013627_859495/tomato/scene_01/cp_when/run_38_seed_3008854274
439,cp_when,tomato,01,39,3373062200,complete,/home/fr/brl/02_BRL_POMDP_CODE/experiments_logs/when_what_mechanisms/20260921_013627_859495/tomato/scene_01/cp_when/run_39_seed_3373062200
440,cp_when,tomato,01,40,1025671343,complete,/home/fr/brl/02_BRL_POMDP_CODE/experiments_logs/when_what_mechanisms/20260921_013627_859495/tomato/scene_01/cp_when/run_40_seed_1025671343
441,cp_when,tomato,02,1,233361013,complete,/home/fr/brl/02_BRL_POMDP_CODE/experiments_logs/when_what_mechanisms/20260921_013627_859495/tomato/scene_02/cp_when/run_01_seed_233361013
442,cp_when,tomato,02,2,3206958523,complete,/home/fr/brl/02_BRL_POMDP_CODE/experiments_logs/when_what_mechanisms/20260921_013627_859495/tomato/scene_02/cp_when/run_02_seed_3206958523
443,cp_when,tomato,02,3,2306136433,complete,/home/fr/brl/02_BRL_POMDP_CODE/experiments_logs/when_what_mechanisms/20260921_013627_859495/tomato/scene_02/cp_when/run_03_seed_2306136433
444,cp_when,tomato,02,4,1150817657,complete,/home/fr/brl/02_BRL_POMDP_CODE/experiments_logs/when_what_mechanisms/20260921_013627_859495/tomato/scene_02/cp_when/run_04_seed_1150817657
445,cp_when,tomato,02,5,418694264,complete,/home/fr/brl/02_BRL_POMDP_CODE/experiments_logs/when_what_mechanisms/20260921_013627_859495/tomato/scene_02/cp_when/run_05_seed_418694264
446,cp_when,tomato,02,6,2833878170,complete,/home/fr/brl/02_BRL_POMDP_CODE/experiments_logs/when_what_mechanisms/20260921_013627_859495/tomato/scene_02/cp_when/run_06_seed_2833878170
447,cp_when,tomato,02,7,2876796507,complete,/home/fr/brl/02_BRL_POMDP_CODE/experiments_logs/when_what_mechanisms/20260921_013627_859495/tomato/scene_02/cp_when/run_07_seed_2876796507
448,cp_when,tomato,02,8,2661673954,complete,/home/fr/brl/02_BRL_POMDP_CODE/experiments_logs/when_what_mechanisms/20260921_013627_859495/tomato/scene_02/cp_when/run_08_seed_2661673954
449,cp_when,tomato,02,9,3533124505,complete,/home/fr/brl/02_BRL_POMDP_CODE/experiments_logs/when_what_mechanisms/20260921_013627_859495/tomato/scene_02/cp_when/run_09_seed_3533124505
450,cp_when,tomato,02,10,3751400244,complete,/home/fr/brl/02_BRL_POMDP_CODE/experiments_logs/when_what_mechanisms/20260921_013627_859495/tomato/scene_02/cp_when/run_10_seed_3751400244
451,cp_when,tomato,02,11,4031054018,complete,/home/fr/brl/02_BRL_POMDP_CODE/experiments_logs/when_what_mechanisms/20260921_013627_859495/tomato/scene_02/cp_when/run_11_seed_4031054018
452,cp_when,tomato,02,12,1337352578,complete,/home/fr/brl/02_BRL_POMDP_CODE/experiments_logs/when_what_mechanisms/20260921_013627_859495/tomato/scene_02/cp_when/run_12_seed_1337352578
453,cp_when,tomato,02,13,2571575672,complete,/home/fr/brl/02_BRL_POMDP_CODE/experiments_logs/when_what_mechanisms/20260921_013627_859495/tomato/scene_02/cp_when/run_13_seed_2571575672
454,cp_when,tomato,02,14,1903174235,complete,/home/fr/brl/02_BRL_POMDP_CODE/experiments_logs/when_what_mechanisms/20260921_013627_859495/tomato/scene_02/cp_when/run_14_seed_1903174235
455,cp_when,tomato,02,15,1422635806,complete,/home/fr/brl/02_BRL_POMDP_CODE/experiments_logs/when_what_mechanisms/20260921_013627_859495/tomato/scene_02/cp_when/run_15_seed_1422635806
456,cp_when,tomato,02,16,559761095,complete,/home/fr/brl/02_BRL_POMDP_CODE/experiments_logs/when_what_mechanisms/20260921_013627_859495/tomato/scene_02/cp_when/run_16_seed_559761095
457,cp_when,tomato,02,17,2324409209,complete,/home/fr/brl/02_BRL_POMDP_CODE/experiments_logs/when_what_mechanisms/20260921_013627_859495/tomato/scene_02/cp_when/run_17_seed_2324409209
458,cp_when,tomato,02,18,474952343,complete,/home/fr/brl/02_BRL_POMDP_CODE/experiments_logs/when_what_mechanisms/20260921_013627_859495/tomato/scene_02/cp_when/run_18_seed_474952343
459,cp_when,tomato,02,19,1408900490,complete,/home/fr/brl/02_BRL_POMDP_CODE/experiments_logs/when_what_mechanisms/20260921_013627_859495/tomato/scene_02/cp_when/run_19_seed_1408900490
460,cp_when,tomato,02,20,1969507524,complete,/home/fr/brl/02_BRL_POMDP_CODE/experiments_logs/when_what_mechanisms/20260921_013627_859495/tomato/scene_02/cp_when/run_20_seed_1969507524
461,cp_when,tomato,02,21,850676597,complete,/home/fr/brl/02_BRL_POMDP_CODE/experiments_logs/when_what_mechanisms/20260921_013627_859495/tomato/scene_02/cp_when/run_21_seed_850676597
462,cp_when,tomato,02,22,464102713,complete,/home/fr/brl/02_BRL_POMDP_CODE/experiments_logs/when_what_mechanisms/20260921_013627_859495/tomato/scene_02/cp_when/run_22_seed_464102713
463,cp_when,tomato,02,23,2639844527,complete,/home/fr/brl/02_BRL_POMDP_CODE/experiments_logs/when_what_mechanisms/20260921_013627_859495/tomato/scene_02/cp_when/run_23_seed_2639844527
464,cp_when,tomato,02,24,2567273034,complete,/home/fr/brl/02_BRL_POMDP_CODE/experiments_logs/when_what_mechanisms/20260921_013627_859495/tomato/scene_02/cp_when/run_24_seed_2567273034
465,cp_when,tomato,02,25,3815863427,complete,/home/fr/brl/02_BRL_POMDP_CODE/experiments_logs/when_what_mechanisms/20260921_013627_859495/tomato/scene_02/cp_when/run_25_seed_3815863427
466,cp_when,tomato,02,26,2421989875,complete,/home/fr/brl/02_BRL_POMDP_CODE/experiments_logs/when_what_mechanisms/20260921_013627_859495/tomato/scene_02/cp_when/run_26_seed_2421989875
467,cp_when,tomato,02,27,790979284,complete,/home/fr/brl/02_BRL_POMDP_CODE/experiments_logs/when_what_mechanisms/20260921_013627_859495/tomato/scene_02/cp_when/run_27_seed_790979284
468,cp_when,tomato,02,28,484948157,complete,/home/fr/brl/02_BRL_POMDP_CODE/experiments_logs/when_what_mechanisms/20260921_013627_859495/tomato/scene_02/cp_when/run_28_seed_484948157
469,cp_when,tomato,02,29,2138595888,complete,/home/fr/brl/02_BRL_POMDP_CODE/experiments_logs/when_what_mechanisms/20260921_013627_859495/tomato/scene_02/cp_when/run_29_seed_2138595888
470,cp_when,tomato,02,30,63773712,complete,/home/fr/brl/02_BRL_POMDP_CODE/experiments_logs/when_what_mechanisms/20260921_013627_859495/tomato/scene_02/cp_when/run_30_seed_63773712
471,cp_when,tomato,02,31,3662297998,complete,/home/fr/brl/02_BRL_POMDP_CODE/experiments_logs/when_what_mechanisms/20260921_013627_859495/tomato/scene_02/cp_when/run_31_seed_3662297998
472,cp_when,tomato,02,32,3249674493,complete,/home/fr/brl/02_BRL_POMDP_CODE/experiments_logs/when_what_mechanisms/20260921_013627_859495/tomato/scene_02/cp_when/run_32_seed_3249674493
473,cp_when,tomato,02,33,4007070013,complete,/home/fr/brl/02_BRL_POMDP_CODE/experiments_logs/when_what_mechanisms/20260921_013627_859495/tomato/scene_02/cp_when/run_33_seed_4007070013
474,cp_when,tomato,02,34,2886041855,complete,/home/fr/brl/02_BRL_POMDP_CODE/experiments_logs/when_what_mechanisms/20260921_013627_859495/tomato/scene_02/cp_when/run_34_seed_2886041855
475,cp_when,tomato,02,35,2293168667,complete,/home/fr/brl/02_BRL_POMDP_CODE/experiments_logs/when_what_mechanisms/20260921_013627_859495/tomato/scene_02/cp_when/run_35_seed_2293168667
476,cp_when,tomato,02,36,3887351210,complete,/home/fr/brl/02_BRL_POMDP_CODE/experiments_logs/when_what_mechanisms/20260921_013627_859495/tomato/scene_02/cp_when/run_36_seed_3887351210
477,cp_when,tomato,02,37,2318091321,complete,/home/fr/brl/02_BRL_POMDP_CODE/experiments_logs/when_what_mechanisms/20260921_013627_859495/tomato/scene_02/cp_when/run_37_seed_2318091321
478,cp_when,tomato,02,38,1919828458,complete,/home/fr/brl/02_BRL_POMDP_CODE/experiments_logs/when_what_mechanisms/20260921_013627_859495/tomato/scene_02/cp_when/run_38_seed_1919828458
479,cp_when,tomato,02,39,1477592928,complete,/home/fr/brl/02_BRL_POMDP_CODE/experiments_logs/when_what_mechanisms/20260921_013627_859495/tomato/scene_02/cp_when/run_39_seed_1477592928
480,cp_when,tomato,02,40,742004455,complete,/home/fr/brl/02_BRL_POMDP_CODE/experiments_logs/when_what_mechanisms/20260921_013627_859495/tomato/scene_02/cp_when/run_40_seed_742004455
481,cp_when,tomato,03,1,2973460405,complete,/home/fr/brl/02_BRL_POMDP_CODE/experiments_logs/when_what_mechanisms/20260921_013627_859495/tomato/scene_03/cp_when/run_01_seed_2973460405
482,cp_when,tomato,03,2,2984508209,complete,/home/fr/brl/02_BRL_POMDP_CODE/experiments_logs/when_what_mechanisms/20260921_013627_859495/tomato/scene_03/cp_when/run_02_seed_2984508209
483,cp_when,tomato,03,3,3328359470,complete,/home/fr/brl/02_BRL_POMDP_CODE/experiments_logs/when_what_mechanisms/20260921_013627_859495/tomato/scene_03/cp_when/run_03_seed_3328359470
484,cp_when,tomato,03,4,2542173252,complete,/home/fr/brl/02_BRL_POMDP_CODE/experiments_logs/when_what_mechanisms/20260921_013627_859495/tomato/scene_03/cp_when/run_04_seed_2542173252
485,cp_when,tomato,03,5,1895575310,complete,/home/fr/brl/02_BRL_POMDP_CODE/experiments_logs/when_what_mechanisms/20260921_013627_859495/tomato/scene_03/cp_when/run_05_seed_1895575310
486,cp_when,tomato,03,6,3142806667,complete,/home/fr/brl/02_BRL_POMDP_CODE/experiments_logs/when_what_mechanisms/20260921_013627_859495/tomato/scene_03/cp_when/run_06_seed_3142806667
487,cp_when,tomato,03,7,1700967682,complete,/home/fr/brl/02_BRL_POMDP_CODE/experiments_logs/when_what_mechanisms/20260921_013627_859495/tomato/scene_03/cp_when/run_07_seed_1700967682
488,cp_when,tomato,03,8,3374813224,complete,/home/fr/brl/02_BRL_POMDP_CODE/experiments_logs/when_what_mechanisms/20260921_013627_859495/tomato/scene_03/cp_when/run_08_seed_3374813224
489,cp_when,tomato,03,9,2230064310,complete,/home/fr/brl/02_BRL_POMDP_CODE/experiments_logs/when_what_mechanisms/20260921_013627_859495/tomato/scene_03/cp_when/run_09_seed_2230064310
490,cp_when,tomato,03,10,2370079434,complete,/home/fr/brl/02_BRL_POMDP_CODE/experiments_logs/when_what_mechanisms/20260921_013627_859495/tomato/scene_03/cp_when/run_10_seed_2370079434
491,cp_when,tomato,03,11,3620707437,complete,/home/fr/brl/02_BRL_POMDP_CODE/experiments_logs/when_what_mechanisms/20260921_013627_859495/tomato/scene_03/cp_when/run_11_seed_3620707437
492,cp_when,tomato,03,12,1447435166,complete,/home/fr/brl/02_BRL_POMDP_CODE/experiments_logs/when_what_mechanisms/20260921_013627_859495/tomato/scene_03/cp_when/run_12_seed_1447435166
1,ours,tomato,01,1,2030859206,skipped,/home/fr/brl/02_BRL_POMDP_CODE/experiments_logs/when_what_mechanisms/20260921_013627_859495/tomato/scene_01/ours/run_01_seed_2030859206
2,ours,tomato,01,2,2222960263,skipped,/home/fr/brl/02_BRL_POMDP_CODE/experiments_logs/when_what_mechanisms/20260921_013627_859495/tomato/scene_01/ours/run_02_seed_2222960263
3,ours,tomato,01,3,1273020582,skipped,/home/fr/brl/02_BRL_POMDP_CODE/experiments_logs/when_what_mechanisms/20260921_013627_859495/tomato/scene_01/ours/run_03_seed_1273020582
4,ours,tomato,01,4,866496583,skipped,/home/fr/brl/02_BRL_POMDP_CODE/experiments_logs/when_what_mechanisms/20260921_013627_859495/tomato/scene_01/ours/run_04_seed_866496583
5,ours,tomato,01,5,2698243041,skipped,/home/fr/brl/02_BRL_POMDP_CODE/experiments_logs/when_what_mechanisms/20260921_013627_859495/tomato/scene_01/ours/run_05_seed_2698243041
6,ours,tomato,01,6,1911303750,skipped,/home/fr/brl/02_BRL_POMDP_CODE/experiments_logs/when_what_mechanisms/20260921_013627_859495/tomato/scene_01/ours/run_06_seed_1911303750
7,ours,tomato,01,7,796400590,skipped,/home/fr/brl/02_BRL_POMDP_CODE/experiments_logs/when_what_mechanisms/20260921_013627_859495/tomato/scene_01/ours/run_07_seed_796400590
8,ours,tomato,01,8,1201029111,skipped,/home/fr/brl/02_BRL_POMDP_CODE/experiments_logs/when_what_mechanisms/20260921_013627_859495/tomato/scene_01/ours/run_08_seed_1201029111
9,ours,tomato,01,9,3389846695,skipped,/home/fr/brl/02_BRL_POMDP_CODE/experiments_logs/when_what_mechanisms/20260921_013627_859495/tomato/scene_01/ours/run_09_seed_3389846695
10,ours,tomato,01,10,2508123787,skipped,/home/fr/brl/02_BRL_POMDP_CODE/experiments_logs/when_what_mechanisms/20260921_013627_859495/tomato/scene_01/ours/run_10_seed_2508123787
11,ours,tomato,01,11,2741500852,skipped,/home/fr/brl/02_BRL_POMDP_CODE/experiments_logs/when_what_mechanisms/20260921_013627_859495/tomato/scene_01/ours/run_11_seed_2741500852
12,ours,tomato,01,12,4065849833,skipped,/home/fr/brl/02_BRL_POMDP_CODE/experiments_logs/when_what_mechanisms/20260921_013627_859495/tomato/scene_01/ours/run_12_seed_4065849833
13,ours,tomato,01,13,821007751,skipped,/home/fr/brl/02_BRL_POMDP_CODE/experiments_logs/when_what_mechanisms/20260921_013627_859495/tomato/scene_01/ours/run_13_seed_821007751
14,ours,tomato,01,14,965164034,skipped,/home/fr/brl/02_BRL_POMDP_CODE/experiments_logs/when_what_mechanisms/20260921_013627_859495/tomato/scene_01/ours/run_14_seed_965164034
15,ours,tomato,01,15,3049697230,skipped,/home/fr/brl/02_BRL_POMDP_CODE/experiments_logs/when_what_mechanisms/20260921_013627_859495/tomato/scene_01/ours/run_15_seed_3049697230
16,ours,tomato,01,16,597016452,skipped,/home/fr/brl/02_BRL_POMDP_CODE/experiments_logs/when_what_mechanisms/20260921_013627_859495/tomato/scene_01/ours/run_16_seed_597016452
17,ours,tomato,01,17,2027029533,skipped,/home/fr/brl/02_BRL_POMDP_CODE/experiments_logs/when_what_mechanisms/20260921_013627_859495/tomato/scene_01/ours/run_17_seed_2027029533
18,ours,tomato,01,18,3736902642,skipped,/home/fr/brl/02_BRL_POMDP_CODE/experiments_logs/when_what_mechanisms/20260921_013627_859495/tomato/scene_01/ours/run_18_seed_3736902642
19,ours,tomato,01,19,323427982,skipped,/home/fr/brl/02_BRL_POMDP_CODE/experiments_logs/when_what_mechanisms/20260921_013627_859495/tomato/scene_01/ours/run_19_seed_323427982
20,ours,tomato,01,20,311025495,skipped,/home/fr/brl/02_BRL_POMDP_CODE/experiments_logs/when_what_mechanisms/20260921_013627_859495/tomato/scene_01/ours/run_20_seed_311025495
21,ours,tomato,01,21,871806833,skipped,/home/fr/brl/02_BRL_POMDP_CODE/experiments_logs/when_what_mechanisms/20260921_013627_859495/tomato/scene_01/ours/run_21_seed_871806833
22,ours,tomato,01,22,217537032,skipped,/home/fr/brl/02_BRL_POMDP_CODE/experiments_logs/when_what_mechanisms/20260921_013627_859495/tomato/scene_01/ours/run_22_seed_217537032
23,ours,tomato,01,23,532817344,skipped,/home/fr/brl/02_BRL_POMDP_CODE/experiments_logs/when_what_mechanisms/20260921_013627_859495/tomato/scene_01/ours/run_23_seed_532817344
24,ours,tomato,01,24,3466707993,skipped,/home/fr/brl/02_BRL_POMDP_CODE/experiments_logs/when_what_mechanisms/20260921_013627_859495/tomato/scene_01/ours/run_24_seed_3466707993
25,ours,tomato,01,25,1649478604,skipped,/home/fr/brl/02_BRL_POMDP_CODE/experiments_logs/when_what_mechanisms/20260921_013627_859495/tomato/scene_01/ours/run_25_seed_1649478604
26,ours,tomato,01,26,2204152357,skipped,/home/fr/brl/02_BRL_POMDP_CODE/experiments_logs/when_what_mechanisms/20260921_013627_859495/tomato/scene_01/ours/run_26_seed_2204152357
27,ours,tomato,01,27,1233339309,skipped,/home/fr/brl/02_BRL_POMDP_CODE/experiments_logs/when_what_mechanisms/20260921_013627_859495/tomato/scene_01/ours/run_27_seed_1233339309
28,ours,tomato,01,28,3357973338,skipped,/home/fr/brl/02_BRL_POMDP_CODE/experiments_logs/when_what_mechanisms/20260921_013627_859495/tomato/scene_01/ours/run_28_seed_3357973338
29,ours,tomato,01,29,3649707942,skipped,/home/fr/brl/02_BRL_POMDP_CODE/experiments_logs/when_what_mechanisms/20260921_013627_859495/tomato/scene_01/ours/run_29_seed_3649707942
30,ours,tomato,01,30,3325784884,skipped,/home/fr/brl/02_BRL_POMDP_CODE/experiments_logs/when_what_mechanisms/20260921_013627_859495/tomato/scene_01/ours/run_30_seed_3325784884
31,ours,tomato,01,31,3877458541,skipped,/home/fr/brl/02_BRL_POMDP_CODE/experiments_logs/when_what_mechanisms/20260921_013627_859495/tomato/scene_01/ours/run_31_seed_3877458541
32,ours,tomato,01,32,3638621671,skipped,/home/fr/brl/02_BRL_POMDP_CODE/experiments_logs/when_what_mechanisms/20260921_013627_859495/tomato/scene_01/ours/run_32_seed_3638621671
33,ours,tomato,01,33,1084618528,skipped,/home/fr/brl/02_BRL_POMDP_CODE/experiments_logs/when_what_mechanisms/20260921_013627_859495/tomato/scene_01/ours/run_33_seed_1084618528
34,ours,tomato,01,34,405999239,skipped,/home/fr/brl/02_BRL_POMDP_CODE/experiments_logs/when_what_mechanisms/20260921_013627_859495/tomato/scene_01/ours/run_34_seed_405999239
35,ours,tomato,01,35,4028845444,skipped,/home/fr/brl/02_BRL_POMDP_CODE/experiments_logs/when_what_mechanisms/20260921_013627_859495/tomato/scene_01/ours/run_35_seed_4028845444
36,ours,tomato,01,36,2607182153,skipped,/home/fr/brl/02_BRL_POMDP_CODE/experiments_logs/when_what_mechanisms/20260921_013627_859495/tomato/scene_01/ours/run_36_seed_2607182153
37,ours,tomato,01,37,338448945,skipped,/home/fr/brl/02_BRL_POMDP_CODE/experiments_logs/when_what_mechanisms/20260921_013627_859495/tomato/scene_01/ours/run_37_seed_338448945
38,ours,tomato,01,38,3008854274,skipped,/home/fr/brl/02_BRL_POMDP_CODE/experiments_logs/when_what_mechanisms/20260921_013627_859495/tomato/scene_01/ours/run_38_seed_3008854274
39,ours,tomato,01,39,3373062200,skipped,/home/fr/brl/02_BRL_POMDP_CODE/experiments_logs/when_what_mechanisms/20260921_013627_859495/tomato/scene_01/ours/run_39_seed_3373062200
40,ours,tomato,01,40,1025671343,skipped,/home/fr/brl/02_BRL_POMDP_CODE/experiments_logs/when_what_mechanisms/20260921_013627_859495/tomato/scene_01/ours/run_40_seed_1025671343
41,ours,tomato,02,1,233361013,skipped,/home/fr/brl/02_BRL_POMDP_CODE/experiments_logs/when_what_mechanisms/20260921_013627_859495/tomato/scene_02/ours/run_01_seed_233361013
42,ours,tomato,02,2,3206958523,skipped,/home/fr/brl/02_BRL_POMDP_CODE/experiments_logs/when_what_mechanisms/20260921_013627_859495/tomato/scene_02/ours/run_02_seed_3206958523
43,ours,tomato,02,3,2306136433,skipped,/home/fr/brl/02_BRL_POMDP_CODE/experiments_logs/when_what_mechanisms/20260921_013627_859495/tomato/scene_02/ours/run_03_seed_2306136433
44,ours,tomato,02,4,1150817657,skipped,/home/fr/brl/02_BRL_POMDP_CODE/experiments_logs/when_what_mechanisms/20260921_013627_859495/tomato/scene_02/ours/run_04_seed_1150817657
45,ours,tomato,02,5,418694264,skipped,/home/fr/brl/02_BRL_POMDP_CODE/experiments_logs/when_what_mechanisms/20260921_013627_859495/tomato/scene_02/ours/run_05_seed_418694264
46,ours,tomato,02,6,2833878170,skipped,/home/fr/brl/02_BRL_POMDP_CODE/experiments_logs/when_what_mechanisms/20260921_013627_859495/tomato/scene_02/ours/run_06_seed_2833878170
47,ours,tomato,02,7,2876796507,skipped,/home/fr/brl/02_BRL_POMDP_CODE/experiments_logs/when_what_mechanisms/20260921_013627_859495/tomato/scene_02/ours/run_07_seed_2876796507
48,ours,tomato,02,8,2661673954,skipped,/home/fr/brl/02_BRL_POMDP_CODE/experiments_logs/when_what_mechanisms/20260921_013627_859495/tomato/scene_02/ours/run_08_seed_2661673954
49,ours,tomato,02,9,3533124505,skipped,/home/fr/brl/02_BRL_POMDP_CODE/experiments_logs/when_what_mechanisms/20260921_013627_859495/tomato/scene_02/ours/run_09_seed_3533124505
50,ours,tomato,02,10,3751400244,skipped,/home/fr/brl/02_BRL_POMDP_CODE/experiments_logs/when_what_mechanisms/20260921_013627_859495/tomato/scene_02/ours/run_10_seed_3751400244
51,ours,tomato,02,11,4031054018,skipped,/home/fr/brl/02_BRL_POMDP_CODE/experiments_logs/when_what_mechanisms/20260921_013627_859495/tomato/scene_02/ours/run_11_seed_4031054018
52,ours,tomato,02,12,1337352578,skipped,/home/fr/brl/02_BRL_POMDP_CODE/experiments_logs/when_what_mechanisms/20260921_013627_859495/tomato/scene_02/ours/run_12_seed_1337352578
53,ours,tomato,02,13,2571575672,skipped,/home/fr/brl/02_BRL_POMDP_CODE/experiments_logs/when_what_mechanisms/20260921_013627_859495/tomato/scene_02/ours/run_13_seed_2571575672
54,ours,tomato,02,14,1903174235,skipped,/home/fr/brl/02_BRL_POMDP_CODE/experiments_logs/when_what_mechanisms/20260921_013627_859495/tomato/scene_02/ours/run_14_seed_1903174235
55,ours,tomato,02,15,1422635806,skipped,/home/fr/brl/02_BRL_POMDP_CODE/experiments_logs/when_what_mechanisms/20260921_013627_859495/tomato/scene_02/ours/run_15_seed_1422635806
56,ours,tomato,02,16,559761095,skipped,/home/fr/brl/02_BRL_POMDP_CODE/experiments_logs/when_what_mechanisms/20260921_013627_859495/tomato/scene_02/ours/run_16_seed_559761095
57,ours,tomato,02,17,2324409209,skipped,/home/fr/brl/02_BRL_POMDP_CODE/experiments_logs/when_what_mechanisms/20260921_013627_859495/tomato/scene_02/ours/run_17_seed_2324409209
58,ours,tomato,02,18,474952343,skipped,/home/fr/brl/02_BRL_POMDP_CODE/experiments_logs/when_what_mechanisms/20260921_013627_859495/tomato/scene_02/ours/run_18_seed_474952343
59,ours,tomato,02,19,1408900490,skipped,/home/fr/brl/02_BRL_POMDP_CODE/experiments_logs/when_what_mechanisms/20260921_013627_859495/tomato/scene_02/ours/run_19_seed_1408900490
60,ours,tomato,02,20,1969507524,skipped,/home/fr/brl/02_BRL_POMDP_CODE/experiments_logs/when_what_mechanisms/20260921_013627_859495/tomato/scene_02/ours/run_20_seed_1969507524
61,ours,tomato,02,21,850676597,skipped,/home/fr/brl/02_BRL_POMDP_CODE/experiments_logs/when_what_mechanisms/20260921_013627_859495/tomato/scene_02/ours/run_21_seed_850676597
62,ours,tomato,02,22,464102713,skipped,/home/fr/brl/02_BRL_POMDP_CODE/experiments_logs/when_what_mechanisms/20260921_013627_859495/tomato/scene_02/ours/run_22_seed_464102713
63,ours,tomato,02,23,2639844527,skipped,/home/fr/brl/02_BRL_POMDP_CODE/experiments_logs/when_what_mechanisms/20260921_013627_859495/tomato/scene_02/ours/run_23_seed_2639844527
64,ours,tomato,02,24,2567273034,skipped,/home/fr/brl/02_BRL_POMDP_CODE/experiments_logs/when_what_mechanisms/20260921_013627_859495/tomato/scene_02/ours/run_24_seed_2567273034
65,ours,tomato,02,25,3815863427,skipped,/home/fr/brl/02_BRL_POMDP_CODE/experiments_logs/when_what_mechanisms/20260921_013627_859495/tomato/scene_02/ours/run_25_seed_3815863427
66,ours,tomato,02,26,2421989875,skipped,/home/fr/brl/02_BRL_POMDP_CODE/experiments_logs/when_what_mechanisms/20260921_013627_859495/tomato/scene_02/ours/run_26_seed_2421989875
67,ours,tomato,02,27,790979284,skipped,/home/fr/brl/02_BRL_POMDP_CODE/experiments_logs/when_what_mechanisms/20260921_013627_859495/tomato/scene_02/ours/run_27_seed_790979284
68,ours,tomato,02,28,484948157,skipped,/home/fr/brl/02_BRL_POMDP_CODE/experiments_logs/when_what_mechanisms/20260921_013627_859495/tomato/scene_02/ours/run_28_seed_484948157
69,ours,tomato,02,29,2138595888,skipped,/home/fr/brl/02_BRL_POMDP_CODE/experiments_logs/when_what_mechanisms/20260921_013627_859495/tomato/scene_02/ours/run_29_seed_2138595888
70,ours,tomato,02,30,63773712,skipped,/home/fr/brl/02_BRL_POMDP_CODE/experiments_logs/when_what_mechanisms/20260921_013627_859495/tomato/scene_02/ours/run_30_seed_63773712
71,ours,tomato,02,31,3662297998,skipped,/home/fr/brl/02_BRL_POMDP_CODE/experiments_logs/when_what_mechanisms/20260921_013627_859495/tomato/scene_02/ours/run_31_seed_3662297998
72,ours,tomato,02,32,3249674493,skipped,/home/fr/brl/02_BRL_POMDP_CODE/experiments_logs/when_what_mechanisms/20260921_013627_859495/tomato/scene_02/ours/run_32_seed_3249674493
73,ours,tomato,02,33,4007070013,skipped,/home/fr/brl/02_BRL_POMDP_CODE/experiments_logs/when_what_mechanisms/20260921_013627_859495/tomato/scene_02/ours/run_33_seed_4007070013
74,ours,tomato,02,34,2886041855,skipped,/home/fr/brl/02_BRL_POMDP_CODE/experiments_logs/when_what_mechanisms/20260921_013627_859495/tomato/scene_02/ours/run_34_seed_2886041855
75,ours,tomato,02,35,2293168667,skipped,/home/fr/brl/02_BRL_POMDP_CODE/experiments_logs/when_what_mechanisms/20260921_013627_859495/tomato/scene_02/ours/run_35_seed_2293168667
76,ours,tomato,02,36,3887351210,skipped,/home/fr/brl/02_BRL_POMDP_CODE/experiments_logs/when_what_mechanisms/20260921_013627_859495/tomato/scene_02/ours/run_36_seed_3887351210
77,ours,tomato,02,37,2318091321,skipped,/home/fr/brl/02_BRL_POMDP_CODE/experiments_logs/when_what_mechanisms/20260921_013627_859495/tomato/scene_02/ours/run_37_seed_2318091321
78,ours,tomato,02,38,1919828458,skipped,/home/fr/brl/02_BRL_POMDP_CODE/experiments_logs/when_what_mechanisms/20260921_013627_859495/tomato/scene_02/ours/run_38_seed_1919828458
79,ours,tomato,02,39,1477592928,skipped,/home/fr/brl/02_BRL_POMDP_CODE/experiments_logs/when_what_mechanisms/20260921_013627_859495/tomato/scene_02/ours/run_39_seed_1477592928
80,ours,tomato,02,40,742004455,skipped,/home/fr/brl/02_BRL_POMDP_CODE/experiments_logs/when_what_mechanisms/20260921_013627_859495/tomato/scene_02/ours/run_40_seed_742004455
81,ours,tomato,03,1,2973460405,skipped,/home/fr/brl/02_BRL_POMDP_CODE/experiments_logs/when_what_mechanisms/20260921_013627_859495/tomato/scene_03/ours/run_01_seed_2973460405
82,ours,tomato,03,2,2984508209,skipped,/home/fr/brl/02_BRL_POMDP_CODE/experiments_logs/when_what_mechanisms/20260921_013627_859495/tomato/scene_03/ours/run_02_seed_2984508209
83,ours,tomato,03,3,3328359470,skipped,/home/fr/brl/02_BRL_POMDP_CODE/experiments_logs/when_what_mechanisms/20260921_013627_859495/tomato/scene_03/ours/run_03_seed_3328359470
84,ours,tomato,03,4,2542173252,skipped,/home/fr/brl/02_BRL_POMDP_CODE/experiments_logs/when_what_mechanisms/20260921_013627_859495/tomato/scene_03/ours/run_04_seed_2542173252
85,ours,tomato,03,5,1895575310,skipped,/home/fr/brl/02_BRL_POMDP_CODE/experiments_logs/when_what_mechanisms/20260921_013627_859495/tomato/scene_03/ours/run_05_seed_1895575310
86,ours,tomato,03,6,3142806667,skipped,/home/fr/brl/02_BRL_POMDP_CODE/experiments_logs/when_what_mechanisms/20260921_013627_859495/tomato/scene_03/ours/run_06_seed_3142806667
87,ours,tomato,03,7,1700967682,skipped,/home/fr/brl/02_BRL_POMDP_CODE/experiments_logs/when_what_mechanisms/20260921_013627_859495/tomato/scene_03/ours/run_07_seed_1700967682
88,ours,tomato,03,8,3374813224,skipped,/home/fr/brl/02_BRL_POMDP_CODE/experiments_logs/when_what_mechanisms/20260921_013627_859495/tomato/scene_03/ours/run_08_seed_3374813224
89,ours,tomato,03,9,2230064310,skipped,/home/fr/brl/02_BRL_POMDP_CODE/experiments_logs/when_what_mechanisms/20260921_013627_859495/tomato/scene_03/ours/run_09_seed_2230064310
90,ours,tomato,03,10,2370079434,skipped,/home/fr/brl/02_BRL_POMDP_CODE/experiments_logs/when_what_mechanisms/20260921_013627_859495/tomato/scene_03/ours/run_10_seed_2370079434
91,ours,tomato,03,11,3620707437,skipped,/home/fr/brl/02_BRL_POMDP_CODE/experiments_logs/when_what_mechanisms/20260921_013627_859495/tomato/scene_03/ours/run_11_seed_3620707437
92,ours,tomato,03,12,1447435166,skipped,/home/fr/brl/02_BRL_POMDP_CODE/experiments_logs/when_what_mechanisms/20260921_013627_859495/tomato/scene_03/ours/run_12_seed_1447435166
93,ours,tomato,03,13,975151081,skipped,/home/fr/brl/02_BRL_POMDP_CODE/experiments_logs/when_what_mechanisms/20260921_013627_859495/tomato/scene_03/ours/run_13_seed_975151081
94,ours,tomato,03,14,3909183007,skipped,/home/fr/brl/02_BRL_POMDP_CODE/experiments_logs/when_what_mechanisms/20260921_013627_859495/tomato/scene_03/ours/run_14_seed_3909183007
95,ours,tomato,03,15,3611211411,skipped,/home/fr/brl/02_BRL_POMDP_CODE/experiments_logs/when_what_mechanisms/20260921_013627_859495/tomato/scene_03/ours/run_15_seed_3611211411
96,ours,tomato,03,16,1454289978,skipped,/home/fr/brl/02_BRL_POMDP_CODE/experiments_logs/when_what_mechanisms/20260921_013627_859495/tomato/scene_03/ours/run_16_seed_1454289978
97,ours,tomato,03,17,3631765459,skipped,/home/fr/brl/02_BRL_POMDP_CODE/experiments_logs/when_what_mechanisms/20260921_013627_859495/tomato/scene_03/ours/run_17_seed_3631765459
98,ours,tomato,03,18,1005437090,skipped,/home/fr/brl/02_BRL_POMDP_CODE/experiments_logs/when_what_mechanisms/20260921_013627_859495/tomato/scene_03/ours/run_18_seed_1005437090
99,ours,tomato,03,19,2107246049,skipped,/home/fr/brl/02_BRL_POMDP_CODE/experiments_logs/when_what_mechanisms/20260921_013627_859495/tomato/scene_03/ours/run_19_seed_2107246049
100,ours,tomato,03,20,2559286479,skipped,/home/fr/brl/02_BRL_POMDP_CODE/experiments_logs/when_what_mechanisms/20260921_013627_859495/tomato/scene_03/ours/run_20_seed_2559286479
101,ours,tomato,03,21,3814785464,skipped,/home/fr/brl/02_BRL_POMDP_CODE/experiments_logs/when_what_mechanisms/20260921_013627_859495/tomato/scene_03/ours/run_21_seed_3814785464
102,ours,tomato,03,22,1252332960,skipped,/home/fr/brl/02_BRL_POMDP_CODE/experiments_logs/when_what_mechanisms/20260921_013627_859495/tomato/scene_03/ours/run_22_seed_1252332960
103,ours,tomato,03,23,4008873019,skipped,/home/fr/brl/02_BRL_POMDP_CODE/experiments_logs/when_what_mechanisms/20260921_013627_859495/tomato/scene_03/ours/run_23_seed_4008873019
104,ours,tomato,03,24,1627605610,skipped,/home/fr/brl/02_BRL_POMDP_CODE/experiments_logs/when_what_mechanisms/20260921_013627_859495/tomato/scene_03/ours/run_24_seed_1627605610
105,ours,tomato,03,25,2197107180,skipped,/home/fr/brl/02_BRL_POMDP_CODE/experiments_logs/when_what_mechanisms/20260921_013627_859495/tomato/scene_03/ours/run_25_seed_2197107180
106,ours,tomato,03,26,70087057,skipped,/home/fr/brl/02_BRL_POMDP_CODE/experiments_logs/when_what_mechanisms/20260921_013627_859495/tomato/scene_03/ours/run_26_seed_70087057
107,ours,tomato,03,27,8630651,skipped,/home/fr/brl/02_BRL_POMDP_CODE/experiments_logs/when_what_mechanisms/20260921_013627_859495/tomato/scene_03/ours/run_27_seed_8630651
108,ours,tomato,03,28,657498695,skipped,/home/fr/brl/02_BRL_POMDP_CODE/experiments_logs/when_what_mechanisms/20260921_013627_859495/tomato/scene_03/ours/run_28_seed_657498695
109,ours,tomato,03,29,1193704404,skipped,/home/fr/brl/02_BRL_POMDP_CODE/experiments_logs/when_what_mechanisms/20260921_013627_859495/tomato/scene_03/ours/run_29_seed_1193704404
110,ours,tomato,03,30,1712963344,skipped,/home/fr/brl/02_BRL_POMDP_CODE/experiments_logs/when_what_mechanisms/20260921_013627_859495/tomato/scene_03/ours/run_30_seed_1712963344
111,ours,tomato,03,31,1016817503,skipped,/home/fr/brl/02_BRL_POMDP_CODE/experiments_logs/when_what_mechanisms/20260921_013627_859495/tomato/scene_03/ours/run_31_seed_1016817503
112,ours,tomato,03,32,4252591664,skipped,/home/fr/brl/02_BRL_POMDP_CODE/experiments_logs/when_what_mechanisms/20260921_013627_859495/tomato/scene_03/ours/run_32_seed_4252591664
113,ours,tomato,03,33,2630779126,skipped,/home/fr/brl/02_BRL_POMDP_CODE/experiments_logs/when_what_mechanisms/20260921_013627_859495/tomato/scene_03/ours/run_33_seed_2630779126
114,ours,tomato,03,34,822900858,skipped,/home/fr/brl/02_BRL_POMDP_CODE/experiments_logs/when_what_mechanisms/20260921_013627_859495/tomato/scene_03/ours/run_34_seed_822900858
115,ours,tomato,03,35,604486275,skipped,/home/fr/brl/02_BRL_POMDP_CODE/experiments_logs/when_what_mechanisms/20260921_013627_859495/tomato/scene_03/ours/run_35_seed_604486275
116,ours,tomato,03,36,522031486,skipped,/home/fr/brl/02_BRL_POMDP_CODE/experiments_logs/when_what_mechanisms/20260921_013627_859495/tomato/scene_03/ours/run_36_seed_522031486
117,ours,tomato,03,37,2184183196,skipped,/home/fr/brl/02_BRL_POMDP_CODE/experiments_logs/when_what_mechanisms/20260921_013627_859495/tomato/scene_03/ours/run_37_seed_2184183196
118,ours,tomato,03,38,2418572032,skipped,/home/fr/brl/02_BRL_POMDP_CODE/experiments_logs/when_what_mechanisms/20260921_013627_859495/tomato/scene_03/ours/run_38_seed_2418572032
119,ours,tomato,03,39,2436888965,skipped,/home/fr/brl/02_BRL_POMDP_CODE/experiments_logs/when_what_mechanisms/20260921_013627_859495/tomato/scene_03/ours/run_39_seed_2436888965
120,ours,tomato,03,40,598183825,skipped,/home/fr/brl/02_BRL_POMDP_CODE/experiments_logs/when_what_mechanisms/20260921_013627_859495/tomato/scene_03/ours/run_40_seed_598183825
121,ours,tomato,04,1,1589093347,skipped,/home/fr/brl/02_BRL_POMDP_CODE/experiments_logs/when_what_mechanisms/20260921_013627_859495/tomato/scene_04/ours/run_01_seed_1589093347
122,ours,tomato,04,2,712937450,skipped,/home/fr/brl/02_BRL_POMDP_CODE/experiments_logs/when_what_mechanisms/20260921_013627_859495/tomato/scene_04/ours/run_02_seed_712937450
123,ours,tomato,04,3,3614412854,skipped,/home/fr/brl/02_BRL_POMDP_CODE/experiments_logs/when_what_mechanisms/20260921_013627_859495/tomato/scene_04/ours/run_03_seed_3614412854
124,ours,tomato,04,4,2390740933,skipped,/home/fr/brl/02_BRL_POMDP_CODE/experiments_logs/when_what_mechanisms/20260921_013627_859495/tomato/scene_04/ours/run_04_seed_2390740933
125,ours,tomato,04,5,2642505031,skipped,/home/fr/brl/02_BRL_POMDP_CODE/experiments_logs/when_what_mechanisms/20260921_013627_859495/tomato/scene_04/ours/run_05_seed_2642505031
126,ours,tomato,04,6,442300768,skipped,/home/fr/brl/02_BRL_POMDP_CODE/experiments_logs/when_what_mechanisms/20260921_013627_859495/tomato/scene_04/ours/run_06_seed_442300768
127,ours,tomato,04,7,3661502133,skipped,/home/fr/brl/02_BRL_POMDP_CODE/experiments_logs/when_what_mechanisms/20260921_013627_859495/tomato/scene_04/ours/run_07_seed_3661502133
128,ours,tomato,04,8,236854069,skipped,/home/fr/brl/02_BRL_POMDP_CODE/experiments_logs/when_what_mechanisms/20260921_013627_859495/tomato/scene_04/ours/run_08_seed_236854069
129,ours,tomato,04,9,2387734993,skipped,/home/fr/brl/02_BRL_POMDP_CODE/experiments_logs/when_what_mechanisms/20260921_013627_859495/tomato/scene_04/ours/run_09_seed_2387734993
130,ours,tomato,04,10,321661848,skipped,/home/fr/brl/02_BRL_POMDP_CODE/experiments_logs/when_what_mechanisms/20260921_013627_859495/tomato/scene_04/ours/run_10_seed_321661848
131,ours,tomato,04,11,2993320002,skipped,/home/fr/brl/02_BRL_POMDP_CODE/experiments_logs/when_what_mechanisms/20260921_013627_859495/tomato/scene_04/ours/run_11_seed_2993320002
132,ours,tomato,04,12,1109362184,skipped,/home/fr/brl/02_BRL_POMDP_CODE/experiments_logs/when_what_mechanisms/20260921_013627_859495/tomato/scene_04/ours/run_12_seed_1109362184
133,ours,tomato,04,13,3815955531,skipped,/home/fr/brl/02_BRL_POMDP_CODE/experiments_logs/when_what_mechanisms/20260921_013627_859495/tomato/scene_04/ours/run_13_seed_3815955531
134,ours,tomato,04,14,2941533860,skipped,/home/fr/brl/02_BRL_POMDP_CODE/experiments_logs/when_what_mechanisms/20260921_013627_859495/tomato/scene_04/ours/run_14_seed_2941533860
135,ours,tomato,04,15,2020323328,skipped,/home/fr/brl/02_BRL_POMDP_CODE/experiments_logs/when_what_mechanisms/20260921_013627_859495/tomato/scene_04/ours/run_15_seed_2020323328
136,ours,tomato,04,16,3712541616,skipped,/home/fr/brl/02_BRL_POMDP_CODE/experiments_logs/when_what_mechanisms/20260921_013627_859495/tomato/scene_04/ours/run_16_seed_3712541616
137,ours,tomato,04,17,3169457126,skipped,/home/fr/brl/02_BRL_POMDP_CODE/experiments_logs/when_what_mechanisms/20260921_013627_859495/tomato/scene_04/ours/run_17_seed_3169457126
138,ours,tomato,04,18,3948166740,skipped,/home/fr/brl/02_BRL_POMDP_CODE/experiments_logs/when_what_mechanisms/20260921_013627_859495/tomato/scene_04/ours/run_18_seed_3948166740
139,ours,tomato,04,19,1552731229,skipped,/home/fr/brl/02_BRL_POMDP_CODE/experiments_logs/when_what_mechanisms/20260921_013627_859495/tomato/scene_04/ours/run_19_seed_1552731229
140,ours,tomato,04,20,1337586660,skipped,/home/fr/brl/02_BRL_POMDP_CODE/experiments_logs/when_what_mechanisms/20260921_013627_859495/tomato/scene_04/ours/run_20_seed_1337586660
141,ours,tomato,04,21,56491935,skipped,/home/fr/brl/02_BRL_POMDP_CODE/experiments_logs/when_what_mechanisms/20260921_013627_859495/tomato/scene_04/ours/run_21_seed_56491935
142,ours,tomato,04,22,2771536334,skipped,/home/fr/brl/02_BRL_POMDP_CODE/experiments_logs/when_what_mechanisms/20260921_013627_859495/tomato/scene_04/ours/run_22_seed_2771536334
143,ours,tomato,04,23,3227930555,skipped,/home/fr/brl/02_BRL_POMDP_CODE/experiments_logs/when_what_mechanisms/20260921_013627_859495/tomato/scene_04/ours/run_23_seed_3227930555
144,ours,tomato,04,24,740609622,skipped,/home/fr/brl/02_BRL_POMDP_CODE/experiments_logs/when_what_mechanisms/20260921_013627_859495/tomato/scene_04/ours/run_24_seed_740609622
145,ours,tomato,04,25,218967378,skipped,/home/fr/brl/02_BRL_POMDP_CODE/experiments_logs/when_what_mechanisms/20260921_013627_859495/tomato/scene_04/ours/run_25_seed_218967378
146,ours,tomato,04,26,1040908402,skipped,/home/fr/brl/02_BRL_POMDP_CODE/experiments_logs/when_what_mechanisms/20260921_013627_859495/tomato/scene_04/ours/run_26_seed_1040908402
147,ours,tomato,04,27,2220313702,skipped,/home/fr/brl/02_BRL_POMDP_CODE/experiments_logs/when_what_mechanisms/20260921_013627_859495/tomato/scene_04/ours/run_27_seed_2220313702
148,ours,tomato,04,28,168160880,skipped,/home/fr/brl/02_BRL_POMDP_CODE/experiments_logs/when_what_mechanisms/20260921_013627_859495/tomato/scene_04/ours/run_28_seed_168160880
149,ours,tomato,04,29,3141647287,skipped,/home/fr/brl/02_BRL_POMDP_CODE/experiments_logs/when_what_mechanisms/20260921_013627_859495/tomato/scene_04/ours/run_29_seed_3141647287
150,ours,tomato,04,30,2135663053,skipped,/home/fr/brl/02_BRL_POMDP_CODE/experiments_logs/when_what_mechanisms/20260921_013627_859495/tomato/scene_04/ours/run_30_seed_2135663053
151,ours,tomato,04,31,2392905031,skipped,/home/fr/brl/02_BRL_POMDP_CODE/experiments_logs/when_what_mechanisms/20260921_013627_859495/tomato/scene_04/ours/run_31_seed_2392905031
152,ours,tomato,04,32,3372736775,skipped,/home/fr/brl/02_BRL_POMDP_CODE/experiments_logs/when_what_mechanisms/20260921_013627_859495/tomato/scene_04/ours/run_32_seed_3372736775
153,ours,tomato,04,33,3386497120,skipped,/home/fr/brl/02_BRL_POMDP_CODE/experiments_logs/when_what_mechanisms/20260921_013627_859495/tomato/scene_04/ours/run_33_seed_3386497120
154,ours,tomato,04,34,1167440852,skipped,/home/fr/brl/02_BRL_POMDP_CODE/experiments_logs/when_what_mechanisms/20260921_013627_859495/tomato/scene_04/ours/run_34_seed_1167440852
155,ours,tomato,04,35,222360660,skipped,/home/fr/brl/02_BRL_POMDP_CODE/experiments_logs/when_what_mechanisms/20260921_013627_859495/tomato/scene_04/ours/run_35_seed_222360660
156,ours,tomato,04,36,216321642,skipped,/home/fr/brl/02_BRL_POMDP_CODE/experiments_logs/when_what_mechanisms/20260921_013627_859495/tomato/scene_04/ours/run_36_seed_216321642
157,ours,tomato,04,37,1141903763,skipped,/home/fr/brl/02_BRL_POMDP_CODE/experiments_logs/when_what_mechanisms/20260921_013627_859495/tomato/scene_04/ours/run_37_seed_1141903763
158,ours,tomato,04,38,2219488844,skipped,/home/fr/brl/02_BRL_POMDP_CODE/experiments_logs/when_what_mechanisms/20260921_013627_859495/tomato/scene_04/ours/run_38_seed_2219488844
159,ours,tomato,04,39,3931316609,skipped,/home/fr/brl/02_BRL_POMDP_CODE/experiments_logs/when_what_mechanisms/20260921_013627_859495/tomato/scene_04/ours/run_39_seed_3931316609
160,ours,tomato,04,40,3315816046,skipped,/home/fr/brl/02_BRL_POMDP_CODE/experiments_logs/when_what_mechanisms/20260921_013627_859495/tomato/scene_04/ours/run_40_seed_3315816046
161,ours,tomato,05,1,3945754139,skipped,/home/fr/brl/02_BRL_POMDP_CODE/experiments_logs/when_what_mechanisms/20260921_013627_859495/tomato/scene_05/ours/run_01_seed_3945754139
162,ours,tomato,05,2,259038599,skipped,/home/fr/brl/02_BRL_POMDP_CODE/experiments_logs/when_what_mechanisms/20260921_013627_859495/tomato/scene_05/ours/run_02_seed_259038599
163,ours,tomato,05,3,2898963405,skipped,/home/fr/brl/02_BRL_POMDP_CODE/experiments_logs/when_what_mechanisms/20260921_013627_859495/tomato/scene_05/ours/run_03_seed_2898963405
164,ours,tomato,05,4,1746555867,skipped,/home/fr/brl/02_BRL_POMDP_CODE/experiments_logs/when_what_mechanisms/20260921_013627_859495/tomato/scene_05/ours/run_04_seed_1746555867
165,ours,tomato,05,5,879805946,skipped,/home/fr/brl/02_BRL_POMDP_CODE/experiments_logs/when_what_mechanisms/20260921_013627_859495/tomato/scene_05/ours/run_05_seed_879805946
166,ours,tomato,05,6,1691996467,skipped,/home/fr/brl/02_BRL_POMDP_CODE/experiments_logs/when_what_mechanisms/20260921_013627_859495/tomato/scene_05/ours/run_06_seed_1691996467
167,ours,tomato,05,7,2654066318,skipped,/home/fr/brl/02_BRL_POMDP_CODE/experiments_logs/when_what_mechanisms/20260921_013627_859495/tomato/scene_05/ours/run_07_seed_2654066318
168,ours,tomato,05,8,715972481,skipped,/home/fr/brl/02_BRL_POMDP_CODE/experiments_logs/when_what_mechanisms/20260921_013627_859495/tomato/scene_05/ours/run_08_seed_715972481
169,ours,tomato,05,9,794861334,skipped,/home/fr/brl/02_BRL_POMDP_CODE/experiments_logs/when_what_mechanisms/20260921_013627_859495/tomato/scene_05/ours/run_09_seed_794861334
170,ours,tomato,05,10,179847475,skipped,/home/fr/brl/02_BRL_POMDP_CODE/experiments_logs/when_what_mechanisms/20260921_013627_859495/tomato/scene_05/ours/run_10_seed_179847475
171,ours,tomato,05,11,2141224597,skipped,/home/fr/brl/02_BRL_POMDP_CODE/experiments_logs/when_what_mechanisms/20260921_013627_859495/tomato/scene_05/ours/run_11_seed_2141224597
172,ours,tomato,05,12,3873493540,skipped,/home/fr/brl/02_BRL_POMDP_CODE/experiments_logs/when_what_mechanisms/20260921_013627_859495/tomato/scene_05/ours/run_12_seed_3873493540
173,ours,tomato,05,13,444653586,skipped,/home/fr/brl/02_BRL_POMDP_CODE/experiments_logs/when_what_mechanisms/20260921_013627_859495/tomato/scene_05/ours/run_13_seed_444653586
174,ours,tomato,05,14,2591322916,skipped,/home/fr/brl/02_BRL_POMDP_CODE/experiments_logs/when_what_mechanisms/20260921_013627_859495/tomato/scene_05/ours/run_14_seed_2591322916
175,ours,tomato,05,15,2082077157,skipped,/home/fr/brl/02_BRL_POMDP_CODE/experiments_logs/when_what_mechanisms/20260921_013627_859495/tomato/scene_05/ours/run_15_seed_2082077157
176,ours,tomato,05,16,1584111328,skipped,/home/fr/brl/02_BRL_POMDP_CODE/experiments_logs/when_what_mechanisms/20260921_013627_859495/tomato/scene_05/ours/run_16_seed_1584111328
177,ours,tomato,05,17,2883494985,skipped,/home/fr/brl/02_BRL_POMDP_CODE/experiments_logs/when_what_mechanisms/20260921_013627_859495/tomato/scene_05/ours/run_17_seed_2883494985
178,ours,tomato,05,18,2222584418,skipped,/home/fr/brl/02_BRL_POMDP_CODE/experiments_logs/when_what_mechanisms/20260921_013627_859495/tomato/scene_05/ours/run_18_seed_2222584418
179,ours,tomato,05,19,1573496301,skipped,/home/fr/brl/02_BRL_POMDP_CODE/experiments_logs/when_what_mechanisms/20260921_013627_859495/tomato/scene_05/ours/run_19_seed_1573496301
180,ours,tomato,05,20,3850832736,skipped,/home/fr/brl/02_BRL_POMDP_CODE/experiments_logs/when_what_mechanisms/20260921_013627_859495/tomato/scene_05/ours/run_20_seed_3850832736
181,ours,tomato,05,21,1896365895,skipped,/home/fr/brl/02_BRL_POMDP_CODE/experiments_logs/when_what_mechanisms/20260921_013627_859495/tomato/scene_05/ours/run_21_seed_1896365895
182,ours,tomato,05,22,2128654182,skipped,/home/fr/brl/02_BRL_POMDP_CODE/experiments_logs/when_what_mechanisms/20260921_013627_859495/tomato/scene_05/ours/run_22_seed_2128654182
183,ours,tomato,05,23,3471226395,skipped,/home/fr/brl/02_BRL_POMDP_CODE/experiments_logs/when_what_mechanisms/20260921_013627_859495/tomato/scene_05/ours/run_23_seed_3471226395
184,ours,tomato,05,24,1127296088,skipped,/home/fr/brl/02_BRL_POMDP_CODE/experiments_logs/when_what_mechanisms/20260921_013627_859495/tomato/scene_05/ours/run_24_seed_1127296088
185,ours,tomato,05,25,346784313,skipped,/home/fr/brl/02_BRL_POMDP_CODE/experiments_logs/when_what_mechanisms/20260921_013627_859495/tomato/scene_05/ours/run_25_seed_346784313
186,ours,tomato,05,26,1271340849,skipped,/home/fr/brl/02_BRL_POMDP_CODE/experiments_logs/when_what_mechanisms/20260921_013627_859495/tomato/scene_05/ours/run_26_seed_1271340849
187,ours,tomato,05,27,1196215500,skipped,/home/fr/brl/02_BRL_POMDP_CODE/experiments_logs/when_what_mechanisms/20260921_013627_859495/tomato/scene_05/ours/run_27_seed_1196215500
188,ours,tomato,05,28,3594782946,skipped,/home/fr/brl/02_BRL_POMDP_CODE/experiments_logs/when_what_mechanisms/20260921_013627_859495/tomato/scene_05/ours/run_28_seed_3594782946
189,ours,tomato,05,29,3869246695,skipped,/home/fr/brl/02_BRL_POMDP_CODE/experiments_logs/when_what_mechanisms/20260921_013627_859495/tomato/scene_05/ours/run_29_seed_3869246695
190,ours,tomato,05,30,2231101089,skipped,/home/fr/brl/02_BRL_POMDP_CODE/experiments_logs/when_what_mechanisms/20260921_013627_859495/tomato/scene_05/ours/run_30_seed_2231101089
191,ours,tomato,05,31,28332744,skipped,/home/fr/brl/02_BRL_POMDP_CODE/experiments_logs/when_what_mechanisms/20260921_013627_859495/tomato/scene_05/ours/run_31_seed_28332744
192,ours,tomato,05,32,815541928,skipped,/home/fr/brl/02_BRL_POMDP_CODE/experiments_logs/when_what_mechanisms/20260921_013627_859495/tomato/scene_05/ours/run_32_seed_815541928
193,ours,tomato,05,33,3637968608,skipped,/home/fr/brl/02_BRL_POMDP_CODE/experiments_logs/when_what_mechanisms/20260921_013627_859495/tomato/scene_05/ours/run_33_seed_3637968608
194,ours,tomato,05,34,1985644872,skipped,/home/fr/brl/02_BRL_POMDP_CODE/experiments_logs/when_what_mechanisms/20260921_013627_859495/tomato/scene_05/ours/run_34_seed_1985644872
195,ours,tomato,05,35,589229374,skipped,/home/fr/brl/02_BRL_POMDP_CODE/experiments_logs/when_what_mechanisms/20260921_013627_859495/tomato/scene_05/ours/run_35_seed_589229374
196,ours,tomato,05,36,1101473435,skipped,/home/fr/brl/02_BRL_POMDP_CODE/experiments_logs/when_what_mechanisms/20260921_013627_859495/tomato/scene_05/ours/run_36_seed_1101473435
197,ours,tomato,05,37,3696024021,skipped,/home/fr/brl/02_BRL_POMDP_CODE/experiments_logs/when_what_mechanisms/20260921_013627_859495/tomato/scene_05/ours/run_37_seed_3696024021
198,ours,tomato,05,38,4191848859,skipped,/home/fr/brl/02_BRL_POMDP_CODE/experiments_logs/when_what_mechanisms/20260921_013627_859495/tomato/scene_05/ours/run_38_seed_4191848859
199,ours,tomato,05,39,1042830735,skipped,/home/fr/brl/02_BRL_POMDP_CODE/experiments_logs/when_what_mechanisms/20260921_013627_859495/tomato/scene_05/ours/run_39_seed_1042830735
200,ours,tomato,05,40,3034198474,skipped,/home/fr/brl/02_BRL_POMDP_CODE/experiments_logs/when_what_mechanisms/20260921_013627_859495/tomato/scene_05/ours/run_40_seed_3034198474
201,ours,wastesorting,01,1,4064545001,skipped,/home/fr/brl/02_BRL_POMDP_CODE/experiments_logs/when_what_mechanisms/20260921_013627_859495/wastesorting/scene_01/ours/run_01_seed_4064545001
202,ours,wastesorting,01,2,3622402991,skipped,/home/fr/brl/02_BRL_POMDP_CODE/experiments_logs/when_what_mechanisms/20260921_013627_859495/wastesorting/scene_01/ours/run_02_seed_3622402991
203,ours,wastesorting,01,3,2310768630,skipped,/home/fr/brl/02_BRL_POMDP_CODE/experiments_logs/when_what_mechanisms/20260921_013627_859495/wastesorting/scene_01/ours/run_03_seed_2310768630
204,ours,wastesorting,01,4,2226680570,skipped,/home/fr/brl/02_BRL_POMDP_CODE/experiments_logs/when_what_mechanisms/20260921_013627_859495/wastesorting/scene_01/ours/run_04_seed_2226680570
205,ours,wastesorting,01,5,4139245423,skipped,/home/fr/brl/02_BRL_POMDP_CODE/experiments_logs/when_what_mechanisms/20260921_013627_859495/wastesorting/scene_01/ours/run_05_seed_4139245423
206,ours,wastesorting,01,6,3176006814,skipped,/home/fr/brl/02_BRL_POMDP_CODE/experiments_logs/when_what_mechanisms/20260921_013627_859495/wastesorting/scene_01/ours/run_06_seed_3176006814
207,ours,wastesorting,01,7,1446821692,skipped,/home/fr/brl/02_BRL_POMDP_CODE/experiments_logs/when_what_mechanisms/20260921_013627_859495/wastesorting/scene_01/ours/run_07_seed_1446821692
208,ours,wastesorting,01,8,2855763027,skipped,/home/fr/brl/02_BRL_POMDP_CODE/experiments_logs/when_what_mechanisms/20260921_013627_859495/wastesorting/scene_01/ours/run_08_seed_2855763027
209,ours,wastesorting,01,9,3987872288,skipped,/home/fr/brl/02_BRL_POMDP_CODE/experiments_logs/when_what_mechanisms/20260921_013627_859495/wastesorting/scene_01/ours/run_09_seed_3987872288
210,ours,wastesorting,01,10,3143992301,skipped,/home/fr/brl/02_BRL_POMDP_CODE/experiments_logs/when_what_mechanisms/20260921_013627_859495/wastesorting/scene_01/ours/run_10_seed_3143992301
211,ours,wastesorting,01,11,304491485,skipped,/home/fr/brl/02_BRL_POMDP_CODE/experiments_logs/when_what_mechanisms/20260921_013627_859495/wastesorting/scene_01/ours/run_11_seed_304491485
212,ours,wastesorting,01,12,1469124930,skipped,/home/fr/brl/02_BRL_POMDP_CODE/experiments_logs/when_what_mechanisms/20260921_013627_859495/wastesorting/scene_01/ours/run_12_seed_1469124930
213,ours,wastesorting,01,13,3904873952,skipped,/home/fr/brl/02_BRL_POMDP_CODE/experiments_logs/when_what_mechanisms/20260921_013627_859495/wastesorting/scene_01/ours/run_13_seed_3904873952
214,ours,wastesorting,01,14,1753239905,skipped,/home/fr/brl/02_BRL_POMDP_CODE/experiments_logs/when_what_mechanisms/20260921_013627_859495/wastesorting/scene_01/ours/run_14_seed_1753239905
215,ours,wastesorting,01,15,3890046989,skipped,/home/fr/brl/02_BRL_POMDP_CODE/experiments_logs/when_what_mechanisms/20260921_013627_859495/wastesorting/scene_01/ours/run_15_seed_3890046989
216,ours,wastesorting,01,16,4016452800,skipped,/home/fr/brl/02_BRL_POMDP_CODE/experiments_logs/when_what_mechanisms/20260921_013627_859495/wastesorting/scene_01/ours/run_16_seed_4016452800
217,ours,wastesorting,01,17,1421291149,skipped,/home/fr/brl/02_BRL_POMDP_CODE/experiments_logs/when_what_mechanisms/20260921_013627_859495/wastesorting/scene_01/ours/run_17_seed_1421291149
218,ours,wastesorting,01,18,1201660994,skipped,/home/fr/brl/02_BRL_POMDP_CODE/experiments_logs/when_what_mechanisms/20260921_013627_859495/wastesorting/scene_01/ours/run_18_seed_1201660994
219,ours,wastesorting,01,19,2732686114,skipped,/home/fr/brl/02_BRL_POMDP_CODE/experiments_logs/when_what_mechanisms/20260921_013627_859495/wastesorting/scene_01/ours/run_19_seed_2732686114
220,ours,wastesorting,01,20,3276452260,skipped,/home/fr/brl/02_BRL_POMDP_CODE/experiments_logs/when_what_mechanisms/20260921_013627_859495/wastesorting/scene_01/ours/run_20_seed_3276452260
221,ours,wastesorting,01,21,973561137,skipped,/home/fr/brl/02_BRL_POMDP_CODE/experiments_logs/when_what_mechanisms/20260921_013627_859495/wastesorting/scene_01/ours/run_21_seed_973561137
222,ours,wastesorting,01,22,221659181,skipped,/home/fr/brl/02_BRL_POMDP_CODE/experiments_logs/when_what_mechanisms/20260921_013627_859495/wastesorting/scene_01/ours/run_22_seed_221659181
223,ours,wastesorting,01,23,3794435593,skipped,/home/fr/brl/02_BRL_POMDP_CODE/experiments_logs/when_what_mechanisms/20260921_013627_859495/wastesorting/scene_01/ours/run_23_seed_3794435593
224,ours,wastesorting,01,24,1062380405,skipped,/home/fr/brl/02_BRL_POMDP_CODE/experiments_logs/when_what_mechanisms/20260921_013627_859495/wastesorting/scene_01/ours/run_24_seed_1062380405
225,ours,wastesorting,01,25,2258604627,skipped,/home/fr/brl/02_BRL_POMDP_CODE/experiments_logs/when_what_mechanisms/20260921_013627_859495/wastesorting/scene_01/ours/run_25_seed_2258604627
226,ours,wastesorting,01,26,2829245352,skipped,/home/fr/brl/02_BRL_POMDP_CODE/experiments_logs/when_what_mechanisms/20260921_013627_859495/wastesorting/scene_01/ours/run_26_seed_2829245352
227,ours,wastesorting,01,27,3940097250,skipped,/home/fr/brl/02_BRL_POMDP_CODE/experiments_logs/when_what_mechanisms/20260921_013627_859495/wastesorting/scene_01/ours/run_27_seed_3940097250
228,ours,wastesorting,01,28,2295953812,skipped,/home/fr/brl/02_BRL_POMDP_CODE/experiments_logs/when_what_mechanisms/20260921_013627_859495/wastesorting/scene_01/ours/run_28_seed_2295953812
229,ours,wastesorting,01,29,1147340016,skipped,/home/fr/brl/02_BRL_POMDP_CODE/experiments_logs/when_what_mechanisms/20260921_013627_859495/wastesorting/scene_01/ours/run_29_seed_1147340016
230,ours,wastesorting,01,30,3656921932,skipped,/home/fr/brl/02_BRL_POMDP_CODE/experiments_logs/when_what_mechanisms/20260921_013627_859495/wastesorting/scene_01/ours/run_30_seed_3656921932
231,ours,wastesorting,01,31,834664221,skipped,/home/fr/brl/02_BRL_POMDP_CODE/experiments_logs/when_what_mechanisms/20260921_013627_859495/wastesorting/scene_01/ours/run_31_seed_834664221
232,ours,wastesorting,01,32,2566599462,skipped,/home/fr/brl/02_BRL_POMDP_CODE/experiments_logs/when_what_mechanisms/20260921_013627_859495/wastesorting/scene_01/ours/run_32_seed_2566599462
233,ours,wastesorting,01,33,481330159,skipped,/home/fr/brl/02_BRL_POMDP_CODE/experiments_logs/when_what_mechanisms/20260921_013627_859495/wastesorting/scene_01/ours/run_33_seed_481330159
234,ours,wastesorting,01,34,3722475659,skipped,/home/fr/brl/02_BRL_POMDP_CODE/experiments_logs/when_what_mechanisms/20260921_013627_859495/wastesorting/scene_01/ours/run_34_seed_3722475659
235,ours,wastesorting,01,35,3267154761,skipped,/home/fr/brl/02_BRL_POMDP_CODE/experiments_logs/when_what_mechanisms/20260921_013627_859495/wastesorting/scene_01/ours/run_35_seed_3267154761
236,ours,wastesorting,01,36,2062582486,skipped,/home/fr/brl/02_BRL_POMDP_CODE/experiments_logs/when_what_mechanisms/20260921_013627_859495/wastesorting/scene_01/ours/run_36_seed_2062582486
237,ours,wastesorting,01,37,4001804605,skipped,/home/fr/brl/02_BRL_POMDP_CODE/experiments_logs/when_what_mechanisms/20260921_013627_859495/wastesorting/scene_01/ours/run_37_seed_4001804605
238,ours,wastesorting,01,38,3175035907,skipped,/home/fr/brl/02_BRL_POMDP_CODE/experiments_logs/when_what_mechanisms/20260921_013627_859495/wastesorting/scene_01/ours/run_38_seed_3175035907
239,ours,wastesorting,01,39,3156193605,skipped,/home/fr/brl/02_BRL_POMDP_CODE/experiments_logs/when_what_mechanisms/20260921_013627_859495/wastesorting/scene_01/ours/run_39_seed_3156193605
240,ours,wastesorting,01,40,3862245153,skipped,/home/fr/brl/02_BRL_POMDP_CODE/experiments_logs/when_what_mechanisms/20260921_013627_859495/wastesorting/scene_01/ours/run_40_seed_3862245153
241,ours,wastesorting,02,1,2156641990,skipped,/home/fr/brl/02_BRL_POMDP_CODE/experiments_logs/when_what_mechanisms/20260921_013627_859495/wastesorting/scene_02/ours/run_01_seed_2156641990
242,ours,wastesorting,02,2,715488211,skipped,/home/fr/brl/02_BRL_POMDP_CODE/experiments_logs/when_what_mechanisms/20260921_013627_859495/wastesorting/scene_02/ours/run_02_seed_715488211
243,ours,wastesorting,02,3,1273456514,skipped,/home/fr/brl/02_BRL_POMDP_CODE/experiments_logs/when_what_mechanisms/20260921_013627_859495/wastesorting/scene_02/ours/run_03_seed_1273456514
244,ours,wastesorting,02,4,1679391382,skipped,/home/fr/brl/02_BRL_POMDP_CODE/experiments_logs/when_what_mechanisms/20260921_013627_859495/wastesorting/scene_02/ours/run_04_seed_1679391382
245,ours,wastesorting,02,5,1315496753,skipped,/home/fr/brl/02_BRL_POMDP_CODE/experiments_logs/when_what_mechanisms/20260921_013627_859495/wastesorting/scene_02/ours/run_05_seed_1315496753
246,ours,wastesorting,02,6,3794247199,skipped,/home/fr/brl/02_BRL_POMDP_CODE/experiments_logs/when_what_mechanisms/20260921_013627_859495/wastesorting/scene_02/ours/run_06_seed_3794247199
247,ours,wastesorting,02,7,2628956077,skipped,/home/fr/brl/02_BRL_POMDP_CODE/experiments_logs/when_what_mechanisms/20260921_013627_859495/wastesorting/scene_02/ours/run_07_seed_2628956077
248,ours,wastesorting,02,8,1669852028,skipped,/home/fr/brl/02_BRL_POMDP_CODE/experiments_logs/when_what_mechanisms/20260921_013627_859495/wastesorting/scene_02/ours/run_08_seed_1669852028
249,ours,wastesorting,02,9,2314118130,skipped,/home/fr/brl/02_BRL_POMDP_CODE/experiments_logs/when_what_mechanisms/20260921_013627_859495/wastesorting/scene_02/ours/run_09_seed_2314118130
250,ours,wastesorting,02,10,1150653687,skipped,/home/fr/brl/02_BRL_POMDP_CODE/experiments_logs/when_what_mechanisms/20260921_013627_859495/wastesorting/scene_02/ours/run_10_seed_1150653687
251,ours,wastesorting,02,11,3820178410,skipped,/home/fr/brl/02_BRL_POMDP_CODE/experiments_logs/when_what_mechanisms/20260921_013627_859495/wastesorting/scene_02/ours/run_11_seed_3820178410
252,ours,wastesorting,02,12,1684512935,skipped,/home/fr/brl/02_BRL_POMDP_CODE/experiments_logs/when_what_mechanisms/20260921_013627_859495/wastesorting/scene_02/ours/run_12_seed_1684512935
253,ours,wastesorting,02,13,800159661,skipped,/home/fr/brl/02_BRL_POMDP_CODE/experiments_logs/when_what_mechanisms/20260921_013627_859495/wastesorting/scene_02/ours/run_13_seed_800159661
254,ours,wastesorting,02,14,3132007216,skipped,/home/fr/brl/02_BRL_POMDP_CODE/experiments_logs/when_what_mechanisms/20260921_013627_859495/wastesorting/scene_02/ours/run_14_seed_3132007216
255,ours,wastesorting,02,15,431660203,skipped,/home/fr/brl/02_BRL_POMDP_CODE/experiments_logs/when_what_mechanisms/20260921_013627_859495/wastesorting/scene_02/ours/run_15_seed_431660203
256,ours,wastesorting,02,16,4052769592,skipped,/home/fr/brl/02_BRL_POMDP_CODE/experiments_logs/when_what_mechanisms/20260921_013627_859495/wastesorting/scene_02/ours/run_16_seed_4052769592
257,ours,wastesorting,02,17,1116766657,skipped,/home/fr/brl/02_BRL_POMDP_CODE/experiments_logs/when_what_mechanisms/20260921_013627_859495/wastesorting/scene_02/ours/run_17_seed_1116766657
258,ours,wastesorting,02,18,1960486937,skipped,/home/fr/brl/02_BRL_POMDP_CODE/experiments_logs/when_what_mechanisms/20260921_013627_859495/wastesorting/scene_02/ours/run_18_seed_1960486937
259,ours,wastesorting,02,19,1185595584,skipped,/home/fr/brl/02_BRL_POMDP_CODE/experiments_logs/when_what_mechanisms/20260921_013627_859495/wastesorting/scene_02/ours/run_19_seed_1185595584
260,ours,wastesorting,02,20,2175442287,skipped,/home/fr/brl/02_BRL_POMDP_CODE/experiments_logs/when_what_mechanisms/20260921_013627_859495/wastesorting/scene_02/ours/run_20_seed_2175442287
261,ours,wastesorting,02,21,1478189300,skipped,/home/fr/brl/02_BRL_POMDP_CODE/experiments_logs/when_what_mechanisms/20260921_013627_859495/wastesorting/scene_02/ours/run_21_seed_1478189300
262,ours,wastesorting,02,22,2497538083,skipped,/home/fr/brl/02_BRL_POMDP_CODE/experiments_logs/when_what_mechanisms/20260921_013627_859495/wastesorting/scene_02/ours/run_22_seed_2497538083
263,ours,wastesorting,02,23,92232459,skipped,/home/fr/brl/02_BRL_POMDP_CODE/experiments_logs/when_what_mechanisms/20260921_013627_859495/wastesorting/scene_02/ours/run_23_seed_92232459
264,ours,wastesorting,02,24,3750062435,skipped,/home/fr/brl/02_BRL_POMDP_CODE/experiments_logs/when_what_mechanisms/20260921_013627_859495/wastesorting/scene_02/ours/run_24_seed_3750062435
265,ours,wastesorting,02,25,3666558197,skipped,/home/fr/brl/02_BRL_POMDP_CODE/experiments_logs/when_what_mechanisms/20260921_013627_859495/wastesorting/scene_02/ours/run_25_seed_3666558197
266,ours,wastesorting,02,26,4053942929,skipped,/home/fr/brl/02_BRL_POMDP_CODE/experiments_logs/when_what_mechanisms/20260921_013627_859495/wastesorting/scene_02/ours/run_26_seed_4053942929
267,ours,wastesorting,02,27,1014673370,skipped,/home/fr/brl/02_BRL_POMDP_CODE/experiments_logs/when_what_mechanisms/20260921_013627_859495/wastesorting/scene_02/ours/run_27_seed_1014673370
268,ours,wastesorting,02,28,3041513348,skipped,/home/fr/brl/02_BRL_POMDP_CODE/experiments_logs/when_what_mechanisms/20260921_013627_859495/wastesorting/scene_02/ours/run_28_seed_3041513348
269,ours,wastesorting,02,29,3100998094,skipped,/home/fr/brl/02_BRL_POMDP_CODE/experiments_logs/when_what_mechanisms/20260921_013627_859495/wastesorting/scene_02/ours/run_29_seed_3100998094
270,ours,wastesorting,02,30,2006819571,skipped,/home/fr/brl/02_BRL_POMDP_CODE/experiments_logs/when_what_mechanisms/20260921_013627_859495/wastesorting/scene_02/ours/run_30_seed_2006819571
271,ours,wastesorting,02,31,604661570,skipped,/home/fr/brl/02_BRL_POMDP_CODE/experiments_logs/when_what_mechanisms/20260921_013627_859495/wastesorting/scene_02/ours/run_31_seed_604661570
272,ours,wastesorting,02,32,1859675682,skipped,/home/fr/brl/02_BRL_POMDP_CODE/experiments_logs/when_what_mechanisms/20260921_013627_859495/wastesorting/scene_02/ours/run_32_seed_1859675682
273,ours,wastesorting,02,33,2681088983,skipped,/home/fr/brl/02_BRL_POMDP_CODE/experiments_logs/when_what_mechanisms/20260921_013627_859495/wastesorting/scene_02/ours/run_33_seed_2681088983
274,ours,wastesorting,02,34,2903446598,skipped,/home/fr/brl/02_BRL_POMDP_CODE/experiments_logs/when_what_mechanisms/20260921_013627_859495/wastesorting/scene_02/ours/run_34_seed_2903446598
275,ours,wastesorting,02,35,4138266715,skipped,/home/fr/brl/02_BRL_POMDP_CODE/experiments_logs/when_what_mechanisms/20260921_013627_859495/wastesorting/scene_02/ours/run_35_seed_4138266715
276,ours,wastesorting,02,36,3361930932,skipped,/home/fr/brl/02_BRL_POMDP_CODE/experiments_logs/when_what_mechanisms/20260921_013627_859495/wastesorting/scene_02/ours/run_36_seed_3361930932
277,ours,wastesorting,02,37,2679542969,skipped,/home/fr/brl/02_BRL_POMDP_CODE/experiments_logs/when_what_mechanisms/20260921_013627_859495/wastesorting/scene_02/ours/run_37_seed_2679542969
278,ours,wastesorting,02,38,1191125615,skipped,/home/fr/brl/02_BRL_POMDP_CODE/experiments_logs/when_what_mechanisms/20260921_013627_859495/wastesorting/scene_02/ours/run_38_seed_1191125615
279,ours,wastesorting,02,39,2226175700,skipped,/home/fr/brl/02_BRL_POMDP_CODE/experiments_logs/when_what_mechanisms/20260921_013627_859495/wastesorting/scene_02/ours/run_39_seed_2226175700
280,ours,wastesorting,02,40,3749131969,skipped,/home/fr/brl/02_BRL_POMDP_CODE/experiments_logs/when_what_mechanisms/20260921_013627_859495/wastesorting/scene_02/ours/run_40_seed_3749131969
281,ours,wastesorting,03,1,935228514,skipped,/home/fr/brl/02_BRL_POMDP_CODE/experiments_logs/when_what_mechanisms/20260921_013627_859495/wastesorting/scene_03/ours/run_01_seed_935228514
282,ours,wastesorting,03,2,1971182115,skipped,/home/fr/brl/02_BRL_POMDP_CODE/experiments_logs/when_what_mechanisms/20260921_013627_859495/wastesorting/scene_03/ours/run_02_seed_1971182115
283,ours,wastesorting,03,3,2394637227,skipped,/home/fr/brl/02_BRL_POMDP_CODE/experiments_logs/when_what_mechanisms/20260921_013627_859495/wastesorting/scene_03/ours/run_03_seed_2394637227
284,ours,wastesorting,03,4,3544407771,skipped,/home/fr/brl/02_BRL_POMDP_CODE/experiments_logs/when_what_mechanisms/20260921_013627_859495/wastesorting/scene_03/ours/run_04_seed_3544407771
285,ours,wastesorting,03,5,151419445,skipped,/home/fr/brl/02_BRL_POMDP_CODE/experiments_logs/when_what_mechanisms/20260921_013627_859495/wastesorting/scene_03/ours/run_05_seed_151419445
286,ours,wastesorting,03,6,878097152,skipped,/home/fr/brl/02_BRL_POMDP_CODE/experiments_logs/when_what_mechanisms/20260921_013627_859495/wastesorting/scene_03/ours/run_06_seed_878097152
287,ours,wastesorting,03,7,2160290877,skipped,/home/fr/brl/02_BRL_POMDP_CODE/experiments_logs/when_what_mechanisms/20260921_013627_859495/wastesorting/scene_03/ours/run_07_seed_2160290877
288,ours,wastesorting,03,8,1263200062,skipped,/home/fr/brl/02_BRL_POMDP_CODE/experiments_logs/when_what_mechanisms/20260921_013627_859495/wastesorting/scene_03/ours/run_08_seed_1263200062
289,ours,wastesorting,03,9,2442584840,skipped,/home/fr/brl/02_BRL_POMDP_CODE/experiments_logs/when_what_mechanisms/20260921_013627_859495/wastesorting/scene_03/ours/run_09_seed_2442584840
290,ours,wastesorting,03,10,995062266,skipped,/home/fr/brl/02_BRL_POMDP_CODE/experiments_logs/when_what_mechanisms/20260921_013627_859495/wastesorting/scene_03/ours/run_10_seed_995062266
291,ours,wastesorting,03,11,1757091912,skipped,/home/fr/brl/02_BRL_POMDP_CODE/experiments_logs/when_what_mechanisms/20260921_013627_859495/wastesorting/scene_03/ours/run_11_seed_1757091912
292,ours,wastesorting,03,12,703706258,skipped,/home/fr/brl/02_BRL_POMDP_CODE/experiments_logs/when_what_mechanisms/20260921_013627_859495/wastesorting/scene_03/ours/run_12_seed_703706258
293,ours,wastesorting,03,13,3734705447,skipped,/home/fr/brl/02_BRL_POMDP_CODE/experiments_logs/when_what_mechanisms/20260921_013627_859495/wastesorting/scene_03/ours/run_13_seed_3734705447
294,ours,wastesorting,03,14,808931924,skipped,/home/fr/brl/02_BRL_POMDP_CODE/experiments_logs/when_what_mechanisms/20260921_013627_859495/wastesorting/scene_03/ours/run_14_seed_808931924
295,ours,wastesorting,03,15,1010706734,skipped,/home/fr/brl/02_BRL_POMDP_CODE/experiments_logs/when_what_mechanisms/20260921_013627_859495/wastesorting/scene_03/ours/run_15_seed_1010706734
296,ours,wastesorting,03,16,1790509877,skipped,/home/fr/brl/02_BRL_POMDP_CODE/experiments_logs/when_what_mechanisms/20260921_013627_859495/wastesorting/scene_03/ours/run_16_seed_1790509877
297,ours,wastesorting,03,17,1862543915,skipped,/home/fr/brl/02_BRL_POMDP_CODE/experiments_logs/when_what_mechanisms/20260921_013627_859495/wastesorting/scene_03/ours/run_17_seed_1862543915
298,ours,wastesorting,03,18,2836132436,skipped,/home/fr/brl/02_BRL_POMDP_CODE/experiments_logs/when_what_mechanisms/20260921_013627_859495/wastesorting/scene_03/ours/run_18_seed_2836132436
299,ours,wastesorting,03,19,4248209127,skipped,/home/fr/brl/02_BRL_POMDP_CODE/experiments_logs/when_what_mechanisms/20260921_013627_859495/wastesorting/scene_03/ours/run_19_seed_4248209127
300,ours,wastesorting,03,20,1312241461,skipped,/home/fr/brl/02_BRL_POMDP_CODE/experiments_logs/when_what_mechanisms/20260921_013627_859495/wastesorting/scene_03/ours/run_20_seed_1312241461
301,ours,wastesorting,03,21,1849750684,skipped,/home/fr/brl/02_BRL_POMDP_CODE/experiments_logs/when_what_mechanisms/20260921_013627_859495/wastesorting/scene_03/ours/run_21_seed_1849750684
302,ours,wastesorting,03,22,3532582087,skipped,/home/fr/brl/02_BRL_POMDP_CODE/experiments_logs/when_what_mechanisms/20260921_013627_859495/wastesorting/scene_03/ours/run_22_seed_3532582087
303,ours,wastesorting,03,23,1682900593,skipped,/home/fr/brl/02_BRL_POMDP_CODE/experiments_logs/when_what_mechanisms/20260921_013627_859495/wastesorting/scene_03/ours/run_23_seed_1682900593
304,ours,wastesorting,03,24,2815362486,skipped,/home/fr/brl/02_BRL_POMDP_CODE/experiments_logs/when_what_mechanisms/20260921_013627_859495/wastesorting/scene_03/ours/run_24_seed_2815362486
305,ours,wastesorting,03,25,408728855,skipped,/home/fr/brl/02_BRL_POMDP_CODE/experiments_logs/when_what_mechanisms/20260921_013627_859495/wastesorting/scene_03/ours/run_25_seed_408728855
306,ours,wastesorting,03,26,2192330955,skipped,/home/fr/brl/02_BRL_POMDP_CODE/experiments_logs/when_what_mechanisms/20260921_013627_859495/wastesorting/scene_03/ours/run_26_seed_2192330955
307,ours,wastesorting,03,27,2090573975,skipped,/home/fr/brl/02_BRL_POMDP_CODE/experiments_logs/when_what_mechanisms/20260921_013627_859495/wastesorting/scene_03/ours/run_27_seed_2090573975
308,ours,wastesorting,03,28,1932548607,skipped,/home/fr/brl/02_BRL_POMDP_CODE/experiments_logs/when_what_mechanisms/20260921_013627_859495/wastesorting/scene_03/ours/run_28_seed_1932548607
309,ours,wastesorting,03,29,1123572063,skipped,/home/fr/brl/02_BRL_POMDP_CODE/experiments_logs/when_what_mechanisms/20260921_013627_859495/wastesorting/scene_03/ours/run_29_seed_1123572063
310,ours,wastesorting,03,30,4128056421,skipped,/home/fr/brl/02_BRL_POMDP_CODE/experiments_logs/when_what_mechanisms/20260921_013627_859495/wastesorting/scene_03/ours/run_30_seed_4128056421
311,ours,wastesorting,03,31,428908864,skipped,/home/fr/brl/02_BRL_POMDP_CODE/experiments_logs/when_what_mechanisms/20260921_013627_859495/wastesorting/scene_03/ours/run_31_seed_428908864
312,ours,wastesorting,03,32,3643526193,skipped,/home/fr/brl/02_BRL_POMDP_CODE/experiments_logs/when_what_mechanisms/20260921_013627_859495/wastesorting/scene_03/ours/run_32_seed_3643526193
313,ours,wastesorting,03,33,3925417317,skipped,/home/fr/brl/02_BRL_POMDP_CODE/experiments_logs/when_what_mechanisms/20260921_013627_859495/wastesorting/scene_03/ours/run_33_seed_3925417317
314,ours,wastesorting,03,34,3952233946,skipped,/home/fr/brl/02_BRL_POMDP_CODE/experiments_logs/when_what_mechanisms/20260921_013627_859495/wastesorting/scene_03/ours/run_34_seed_3952233946
315,ours,wastesorting,03,35,3772505736,skipped,/home/fr/brl/02_BRL_POMDP_CODE/experiments_logs/when_what_mechanisms/20260921_013627_859495/wastesorting/scene_03/ours/run_35_seed_3772505736
316,ours,wastesorting,03,36,2200107462,skipped,/home/fr/brl/02_BRL_POMDP_CODE/experiments_logs/when_what_mechanisms/20260921_013627_859495/wastesorting/scene_03/ours/run_36_seed_2200107462
317,ours,wastesorting,03,37,1065524053,skipped,/home/fr/brl/02_BRL_POMDP_CODE/experiments_logs/when_what_mechanisms/20260921_013627_859495/wastesorting/scene_03/ours/run_37_seed_1065524053
318,ours,wastesorting,03,38,1429072852,skipped,/home/fr/brl/02_BRL_POMDP_CODE/experiments_logs/when_what_mechanisms/20260921_013627_859495/wastesorting/scene_03/ours/run_38_seed_1429072852
319,ours,wastesorting,03,39,1198822842,skipped,/home/fr/brl/02_BRL_POMDP_CODE/experiments_logs/when_what_mechanisms/20260921_013627_859495/wastesorting/scene_03/ours/run_39_seed_1198822842
320,ours,wastesorting,03,40,864565644,skipped,/home/fr/brl/02_BRL_POMDP_CODE/experiments_logs/when_what_mechanisms/20260921_013627_859495/wastesorting/scene_03/ours/run_40_seed_864565644
321,ours,wastesorting,04,1,3291161639,skipped,/home/fr/brl/02_BRL_POMDP_CODE/experiments_logs/when_what_mechanisms/20260921_013627_859495/wastesorting/scene_04/ours/run_01_seed_3291161639
322,ours,wastesorting,04,2,1838985415,skipped,/home/fr/brl/02_BRL_POMDP_CODE/experiments_logs/when_what_mechanisms/20260921_013627_859495/wastesorting/scene_04/ours/run_02_seed_1838985415
323,ours,wastesorting,04,3,1973069430,skipped,/home/fr/brl/02_BRL_POMDP_CODE/experiments_logs/when_what_mechanisms/20260921_013627_859495/wastesorting/scene_04/ours/run_03_seed_1973069430
324,ours,wastesorting,04,4,414427021,skipped,/home/fr/brl/02_BRL_POMDP_CODE/experiments_logs/when_what_mechanisms/20260921_013627_859495/wastesorting/scene_04/ours/run_04_seed_414427021
325,ours,wastesorting,04,5,3201562577,skipped,/home/fr/brl/02_BRL_POMDP_CODE/experiments_logs/when_what_mechanisms/20260921_013627_859495/wastesorting/scene_04/ours/run_05_seed_3201562577
326,ours,wastesorting,04,6,2350780499,skipped,/home/fr/brl/02_BRL_POMDP_CODE/experiments_logs/when_what_mechanisms/20260921_013627_859495/wastesorting/scene_04/ours/run_06_seed_2350780499
327,ours,wastesorting,04,7,2401657902,skipped,/home/fr/brl/02_BRL_POMDP_CODE/experiments_logs/when_what_mechanisms/20260921_013627_859495/wastesorting/scene_04/ours/run_07_seed_2401657902
328,ours,wastesorting,04,8,3182553066,skipped,/home/fr/brl/02_BRL_POMDP_CODE/experiments_logs/when_what_mechanisms/20260921_013627_859495/wastesorting/scene_04/ours/run_08_seed_3182553066
329,ours,wastesorting,04,9,1147895942,skipped,/home/fr/brl/02_BRL_POMDP_CODE/experiments_logs/when_what_mechanisms/20260921_013627_859495/wastesorting/scene_04/ours/run_09_seed_1147895942
330,ours,wastesorting,04,10,472386282,skipped,/home/fr/brl/02_BRL_POMDP_CODE/experiments_logs/when_what_mechanisms/20260921_013627_859495/wastesorting/scene_04/ours/run_10_seed_472386282
331,ours,wastesorting,04,11,558605806,skipped,/home/fr/brl/02_BRL_POMDP_CODE/experiments_logs/when_what_mechanisms/20260921_013627_859495/wastesorting/scene_04/ours/run_11_seed_558605806
332,ours,wastesorting,04,12,3110233099,skipped,/home/fr/brl/02_BRL_POMDP_CODE/experiments_logs/when_what_mechanisms/20260921_013627_859495/wastesorting/scene_04/ours/run_12_seed_3110233099
333,ours,wastesorting,04,13,1105776053,skipped,/home/fr/brl/02_BRL_POMDP_CODE/experiments_logs/when_what_mechanisms/20260921_013627_859495/wastesorting/scene_04/ours/run_13_seed_1105776053
334,ours,wastesorting,04,14,3718837247,skipped,/home/fr/brl/02_BRL_POMDP_CODE/experiments_logs/when_what_mechanisms/20260921_013627_859495/wastesorting/scene_04/ours/run_14_seed_3718837247
335,ours,wastesorting,04,15,4193229496,skipped,/home/fr/brl/02_BRL_POMDP_CODE/experiments_logs/when_what_mechanisms/20260921_013627_859495/wastesorting/scene_04/ours/run_15_seed_4193229496
336,ours,wastesorting,04,16,3369209442,skipped,/home/fr/brl/02_BRL_POMDP_CODE/experiments_logs/when_what_mechanisms/20260921_013627_859495/wastesorting/scene_04/ours/run_16_seed_3369209442
337,ours,wastesorting,04,17,3692021791,skipped,/home/fr/brl/02_BRL_POMDP_CODE/experiments_logs/when_what_mechanisms/20260921_013627_859495/wastesorting/scene_04/ours/run_17_seed_3692021791
338,ours,wastesorting,04,18,1445352403,skipped,/home/fr/brl/02_BRL_POMDP_CODE/experiments_logs/when_what_mechanisms/20260921_013627_859495/wastesorting/scene_04/ours/run_18_seed_1445352403
339,ours,wastesorting,04,19,2413410080,skipped,/home/fr/brl/02_BRL_POMDP_CODE/experiments_logs/when_what_mechanisms/20260921_013627_859495/wastesorting/scene_04/ours/run_19_seed_2413410080
340,ours,wastesorting,04,20,3310113005,skipped,/home/fr/brl/02_BRL_POMDP_CODE/experiments_logs/when_what_mechanisms/20260921_013627_859495/wastesorting/scene_04/ours/run_20_seed_3310113005
341,ours,wastesorting,04,21,1619001990,skipped,/home/fr/brl/02_BRL_POMDP_CODE/experiments_logs/when_what_mechanisms/20260921_013627_859495/wastesorting/scene_04/ours/run_21_seed_1619001990
342,ours,wastesorting,04,22,3414205865,skipped,/home/fr/brl/02_BRL_POMDP_CODE/experiments_logs/when_what_mechanisms/20260921_013627_859495/wastesorting/scene_04/ours/run_22_seed_3414205865
343,ours,wastesorting,04,23,3989924643,skipped,/home/fr/brl/02_BRL_POMDP_CODE/experiments_logs/when_what_mechanisms/20260921_013627_859495/wastesorting/scene_04/ours/run_23_seed_3989924643
344,ours,wastesorting,04,24,1493522614,skipped,/home/fr/brl/02_BRL_POMDP_CODE/experiments_logs/when_what_mechanisms/20260921_013627_859495/wastesorting/scene_04/ours/run_24_seed_1493522614
345,ours,wastesorting,04,25,13571565,skipped,/home/fr/brl/02_BRL_POMDP_CODE/experiments_logs/when_what_mechanisms/20260921_013627_859495/wastesorting/scene_04/ours/run_25_seed_13571565
346,ours,wastesorting,04,26,2630099760,skipped,/home/fr/brl/02_BRL_POMDP_CODE/experiments_logs/when_what_mechanisms/20260921_013627_859495/wastesorting/scene_04/ours/run_26_seed_2630099760
347,ours,wastesorting,04,27,3787165175,skipped,/home/fr/brl/02_BRL_POMDP_CODE/experiments_logs/when_what_mechanisms/20260921_013627_859495/wastesorting/scene_04/ours/run_27_seed_3787165175
348,ours,wastesorting,04,28,1518896079,skipped,/home/fr/brl/02_BRL_POMDP_CODE/experiments_logs/when_what_mechanisms/20260921_013627_859495/wastesorting/scene_04/ours/run_28_seed_1518896079
349,ours,wastesorting,04,29,506359200,skipped,/home/fr/brl/02_BRL_POMDP_CODE/experiments_logs/when_what_mechanisms/20260921_013627_859495/wastesorting/scene_04/ours/run_29_seed_506359200
350,ours,wastesorting,04,30,2303938088,skipped,/home/fr/brl/02_BRL_POMDP_CODE/experiments_logs/when_what_mechanisms/20260921_013627_859495/wastesorting/scene_04/ours/run_30_seed_2303938088
351,ours,wastesorting,04,31,1783261924,skipped,/home/fr/brl/02_BRL_POMDP_CODE/experiments_logs/when_what_mechanisms/20260921_013627_859495/wastesorting/scene_04/ours/run_31_seed_1783261924
352,ours,wastesorting,04,32,3973487875,skipped,/home/fr/brl/02_BRL_POMDP_CODE/experiments_logs/when_what_mechanisms/20260921_013627_859495/wastesorting/scene_04/ours/run_32_seed_3973487875
353,ours,wastesorting,04,33,3576324234,skipped,/home/fr/brl/02_BRL_POMDP_CODE/experiments_logs/when_what_mechanisms/20260921_013627_859495/wastesorting/scene_04/ours/run_33_seed_3576324234
354,ours,wastesorting,04,34,3966743771,skipped,/home/fr/brl/02_BRL_POMDP_CODE/experiments_logs/when_what_mechanisms/20260921_013627_859495/wastesorting/scene_04/ours/run_34_seed_3966743771
355,ours,wastesorting,04,35,3292785302,skipped,/home/fr/brl/02_BRL_POMDP_CODE/experiments_logs/when_what_mechanisms/20260921_013627_859495/wastesorting/scene_04/ours/run_35_seed_3292785302
356,ours,wastesorting,04,36,2877610580,skipped,/home/fr/brl/02_BRL_POMDP_CODE/experiments_logs/when_what_mechanisms/20260921_013627_859495/wastesorting/scene_04/ours/run_36_seed_2877610580
357,ours,wastesorting,04,37,1852316728,skipped,/home/fr/brl/02_BRL_POMDP_CODE/experiments_logs/when_what_mechanisms/20260921_013627_859495/wastesorting/scene_04/ours/run_37_seed_1852316728
358,ours,wastesorting,04,38,132699259,skipped,/home/fr/brl/02_BRL_POMDP_CODE/experiments_logs/when_what_mechanisms/20260921_013627_859495/wastesorting/scene_04/ours/run_38_seed_132699259
359,ours,wastesorting,04,39,1117810574,skipped,/home/fr/brl/02_BRL_POMDP_CODE/experiments_logs/when_what_mechanisms/20260921_013627_859495/wastesorting/scene_04/ours/run_39_seed_1117810574
360,ours,wastesorting,04,40,2967203946,skipped,/home/fr/brl/02_BRL_POMDP_CODE/experiments_logs/when_what_mechanisms/20260921_013627_859495/wastesorting/scene_04/ours/run_40_seed_2967203946
361,ours,wastesorting,05,1,630828154,skipped,/home/fr/brl/02_BRL_POMDP_CODE/experiments_logs/when_what_mechanisms/20260921_013627_859495/wastesorting/scene_05/ours/run_01_seed_630828154
362,ours,wastesorting,05,2,435659992,skipped,/home/fr/brl/02_BRL_POMDP_CODE/experiments_logs/when_what_mechanisms/20260921_013627_859495/wastesorting/scene_05/ours/run_02_seed_435659992
363,ours,wastesorting,05,3,3537170530,skipped,/home/fr/brl/02_BRL_POMDP_CODE/experiments_logs/when_what_mechanisms/20260921_013627_859495/wastesorting/scene_05/ours/run_03_seed_3537170530
364,ours,wastesorting,05,4,1280378645,skipped,/home/fr/brl/02_BRL_POMDP_CODE/experiments_logs/when_what_mechanisms/20260921_013627_859495/wastesorting/scene_05/ours/run_04_seed_1280378645
365,ours,wastesorting,05,5,3656925474,skipped,/home/fr/brl/02_BRL_POMDP_CODE/experiments_logs/when_what_mechanisms/20260921_013627_859495/wastesorting/scene_05/ours/run_05_seed_3656925474
366,ours,wastesorting,05,6,1489971784,skipped,/home/fr/brl/02_BRL_POMDP_CODE/experiments_logs/when_what_mechanisms/20260921_013627_859495/wastesorting/scene_05/ours/run_06_seed_1489971784
367,ours,wastesorting,05,7,3520141308,skipped,/home/fr/brl/02_BRL_POMDP_CODE/experiments_logs/when_what_mechanisms/20260921_013627_859495/wastesorting/scene_05/ours/run_07_seed_3520141308
368,ours,wastesorting,05,8,411692590,skipped,/home/fr/brl/02_BRL_POMDP_CODE/experiments_logs/when_what_mechanisms/20260921_013627_859495/wastesorting/scene_05/ours/run_08_seed_411692590
369,ours,wastesorting,05,9,2624923704,skipped,/home/fr/brl/02_BRL_POMDP_CODE/experiments_logs/when_what_mechanisms/20260921_013627_859495/wastesorting/scene_05/ours/run_09_seed_2624923704
370,ours,wastesorting,05,10,3130661448,skipped,/home/fr/brl/02_BRL_POMDP_CODE/experiments_logs/when_what_mechanisms/20260921_013627_859495/wastesorting/scene_05/ours/run_10_seed_3130661448
371,ours,wastesorting,05,11,3622248746,skipped,/home/fr/brl/02_BRL_POMDP_CODE/experiments_logs/when_what_mechanisms/20260921_013627_859495/wastesorting/scene_05/ours/run_11_seed_3622248746
372,ours,wastesorting,05,12,600649243,skipped,/home/fr/brl/02_BRL_POMDP_CODE/experiments_logs/when_what_mechanisms/20260921_013627_859495/wastesorting/scene_05/ours/run_12_seed_600649243
373,ours,wastesorting,05,13,3690243405,skipped,/home/fr/brl/02_BRL_POMDP_CODE/experiments_logs/when_what_mechanisms/20260921_013627_859495/wastesorting/scene_05/ours/run_13_seed_3690243405
374,ours,wastesorting,05,14,2666206818,skipped,/home/fr/brl/02_BRL_POMDP_CODE/experiments_logs/when_what_mechanisms/20260921_013627_859495/wastesorting/scene_05/ours/run_14_seed_2666206818
375,ours,wastesorting,05,15,2681637189,skipped,/home/fr/brl/02_BRL_POMDP_CODE/experiments_logs/when_what_mechanisms/20260921_013627_859495/wastesorting/scene_05/ours/run_15_seed_2681637189
376,ours,wastesorting,05,16,3586644066,skipped,/home/fr/brl/02_BRL_POMDP_CODE/experiments_logs/when_what_mechanisms/20260921_013627_859495/wastesorting/scene_05/ours/run_16_seed_3586644066
377,ours,wastesorting,05,17,3677160998,skipped,/home/fr/brl/02_BRL_POMDP_CODE/experiments_logs/when_what_mechanisms/20260921_013627_859495/wastesorting/scene_05/ours/run_17_seed_3677160998
378,ours,wastesorting,05,18,1159978775,skipped,/home/fr/brl/02_BRL_POMDP_CODE/experiments_logs/when_what_mechanisms/20260921_013627_859495/wastesorting/scene_05/ours/run_18_seed_1159978775
379,ours,wastesorting,05,19,4128091398,skipped,/home/fr/brl/02_BRL_POMDP_CODE/experiments_logs/when_what_mechanisms/20260921_013627_859495/wastesorting/scene_05/ours/run_19_seed_4128091398
380,ours,wastesorting,05,20,3351623416,skipped,/home/fr/brl/02_BRL_POMDP_CODE/experiments_logs/when_what_mechanisms/20260921_013627_859495/wastesorting/scene_05/ours/run_20_seed_3351623416
381,ours,wastesorting,05,21,3215763495,skipped,/home/fr/brl/02_BRL_POMDP_CODE/experiments_logs/when_what_mechanisms/20260921_013627_859495/wastesorting/scene_05/ours/run_21_seed_3215763495
382,ours,wastesorting,05,22,1045924611,skipped,/home/fr/brl/02_BRL_POMDP_CODE/experiments_logs/when_what_mechanisms/20260921_013627_859495/wastesorting/scene_05/ours/run_22_seed_1045924611
383,ours,wastesorting,05,23,449704548,skipped,/home/fr/brl/02_BRL_POMDP_CODE/experiments_logs/when_what_mechanisms/20260921_013627_859495/wastesorting/scene_05/ours/run_23_seed_449704548
384,ours,wastesorting,05,24,1253677920,skipped,/home/fr/brl/02_BRL_POMDP_CODE/experiments_logs/when_what_mechanisms/20260921_013627_859495/wastesorting/scene_05/ours/run_24_seed_1253677920
385,ours,wastesorting,05,25,382724118,skipped,/home/fr/brl/02_BRL_POMDP_CODE/experiments_logs/when_what_mechanisms/20260921_013627_859495/wastesorting/scene_05/ours/run_25_seed_382724118
386,ours,wastesorting,05,26,4085569034,skipped,/home/fr/brl/02_BRL_POMDP_CODE/experiments_logs/when_what_mechanisms/20260921_013627_859495/wastesorting/scene_05/ours/run_26_seed_4085569034
387,ours,wastesorting,05,27,1045529480,skipped,/home/fr/brl/02_BRL_POMDP_CODE/experiments_logs/when_what_mechanisms/20260921_013627_859495/wastesorting/scene_05/ours/run_27_seed_1045529480
388,ours,wastesorting,05,28,2875578355,skipped,/home/fr/brl/02_BRL_POMDP_CODE/experiments_logs/when_what_mechanisms/20260921_013627_859495/wastesorting/scene_05/ours/run_28_seed_2875578355
389,ours,wastesorting,05,29,230996701,skipped,/home/fr/brl/02_BRL_POMDP_CODE/experiments_logs/when_what_mechanisms/20260921_013627_859495/wastesorting/scene_05/ours/run_29_seed_230996701
390,ours,wastesorting,05,30,4259545291,skipped,/home/fr/brl/02_BRL_POMDP_CODE/experiments_logs/when_what_mechanisms/20260921_013627_859495/wastesorting/scene_05/ours/run_30_seed_4259545291
391,ours,wastesorting,05,31,671361218,skipped,/home/fr/brl/02_BRL_POMDP_CODE/experiments_logs/when_what_mechanisms/20260921_013627_859495/wastesorting/scene_05/ours/run_31_seed_671361218
392,ours,wastesorting,05,32,1668817081,skipped,/home/fr/brl/02_BRL_POMDP_CODE/experiments_logs/when_what_mechanisms/20260921_013627_859495/wastesorting/scene_05/ours/run_32_seed_1668817081
393,ours,wastesorting,05,33,3225313600,skipped,/home/fr/brl/02_BRL_POMDP_CODE/experiments_logs/when_what_mechanisms/20260921_013627_859495/wastesorting/scene_05/ours/run_33_seed_3225313600
394,ours,wastesorting,05,34,1380997039,skipped,/home/fr/brl/02_BRL_POMDP_CODE/experiments_logs/when_what_mechanisms/20260921_013627_859495/wastesorting/scene_05/ours/run_34_seed_1380997039
395,ours,wastesorting,05,35,2300990510,skipped,/home/fr/brl/02_BRL_POMDP_CODE/experiments_logs/when_what_mechanisms/20260921_013627_859495/wastesorting/scene_05/ours/run_35_seed_2300990510
396,ours,wastesorting,05,36,2645731214,skipped,/home/fr/brl/02_BRL_POMDP_CODE/experiments_logs/when_what_mechanisms/20260921_013627_859495/wastesorting/scene_05/ours/run_36_seed_2645731214
397,ours,wastesorting,05,37,1980913558,skipped,/home/fr/brl/02_BRL_POMDP_CODE/experiments_logs/when_what_mechanisms/20260921_013627_859495/wastesorting/scene_05/ours/run_37_seed_1980913558
398,ours,wastesorting,05,38,4060354637,skipped,/home/fr/brl/02_BRL_POMDP_CODE/experiments_logs/when_what_mechanisms/20260921_013627_859495/wastesorting/scene_05/ours/run_38_seed_4060354637
399,ours,wastesorting,05,39,3979866682,skipped,/home/fr/brl/02_BRL_POMDP_CODE/experiments_logs/when_what_mechanisms/20260921_013627_859495/wastesorting/scene_05/ours/run_39_seed_3979866682
400,ours,wastesorting,05,40,2741241943,skipped,/home/fr/brl/02_BRL_POMDP_CODE/experiments_logs/when_what_mechanisms/20260921_013627_859495/wastesorting/scene_05/ours/run_40_seed_2741241943
401,cp_when,tomato,01,1,2030859206,skipped,/home/fr/brl/02_BRL_POMDP_CODE/experiments_logs/when_what_mechanisms/20260921_013627_859495/tomato/scene_01/cp_when/run_01_seed_2030859206
402,cp_when,tomato,01,2,2222960263,skipped,/home/fr/brl/02_BRL_POMDP_CODE/experiments_logs/when_what_mechanisms/20260921_013627_859495/tomato/scene_01/cp_when/run_02_seed_2222960263
403,cp_when,tomato,01,3,1273020582,skipped,/home/fr/brl/02_BRL_POMDP_CODE/experiments_logs/when_what_mechanisms/20260921_013627_859495/tomato/scene_01/cp_when/run_03_seed_1273020582
404,cp_when,tomato,01,4,866496583,skipped,/home/fr/brl/02_BRL_POMDP_CODE/experiments_logs/when_what_mechanisms/20260921_013627_859495/tomato/scene_01/cp_when/run_04_seed_866496583
405,cp_when,tomato,01,5,2698243041,skipped,/home/fr/brl/02_BRL_POMDP_CODE/experiments_logs/when_what_mechanisms/20260921_013627_859495/tomato/scene_01/cp_when/run_05_seed_2698243041
406,cp_when,tomato,01,6,1911303750,skipped,/home/fr/brl/02_BRL_POMDP_CODE/experiments_logs/when_what_mechanisms/20260921_013627_859495/tomato/scene_01/cp_when/run_06_seed_1911303750
407,cp_when,tomato,01,7,796400590,skipped,/home/fr/brl/02_BRL_POMDP_CODE/experiments_logs/when_what_mechanisms/20260921_013627_859495/tomato/scene_01/cp_when/run_07_seed_796400590
408,cp_when,tomato,01,8,1201029111,skipped,/home/fr/brl/02_BRL_POMDP_CODE/experiments_logs/when_what_mechanisms/20260921_013627_859495/tomato/scene_01/cp_when/run_08_seed_1201029111
409,cp_when,tomato,01,9,3389846695,skipped,/home/fr/brl/02_BRL_POMDP_CODE/experiments_logs/when_what_mechanisms/20260921_013627_859495/tomato/scene_01/cp_when/run_09_seed_3389846695
410,cp_when,tomato,01,10,2508123787,skipped,/home/fr/brl/02_BRL_POMDP_CODE/experiments_logs/when_what_mechanisms/20260921_013627_859495/tomato/scene_01/cp_when/run_10_seed_2508123787
411,cp_when,tomato,01,11,2741500852,skipped,/home/fr/brl/02_BRL_POMDP_CODE/experiments_logs/when_what_mechanisms/20260921_013627_859495/tomato/scene_01/cp_when/run_11_seed_2741500852
412,cp_when,tomato,01,12,4065849833,skipped,/home/fr/brl/02_BRL_POMDP_CODE/experiments_logs/when_what_mechanisms/20260921_013627_859495/tomato/scene_01/cp_when/run_12_seed_4065849833
413,cp_when,tomato,01,13,821007751,skipped,/home/fr/brl/02_BRL_POMDP_CODE/experiments_logs/when_what_mechanisms/20260921_013627_859495/tomato/scene_01/cp_when/run_13_seed_821007751
414,cp_when,tomato,01,14,965164034,skipped,/home/fr/brl/02_BRL_POMDP_CODE/experiments_logs/when_what_mechanisms/20260921_013627_859495/tomato/scene_01/cp_when/run_14_seed_965164034
415,cp_when,tomato,01,15,3049697230,skipped,/home/fr/brl/02_BRL_POMDP_CODE/experiments_logs/when_what_mechanisms/20260921_013627_859495/tomato/scene_01/cp_when/run_15_seed_3049697230
416,cp_when,tomato,01,16,597016452,skipped,/home/fr/brl/02_BRL_POMDP_CODE/experiments_logs/when_what_mechanisms/20260921_013627_859495/tomato/scene_01/cp_when/run_16_seed_597016452
417,cp_when,tomato,01,17,2027029533,skipped,/home/fr/brl/02_BRL_POMDP_CODE/experiments_logs/when_what_mechanisms/20260921_013627_859495/tomato/scene_01/cp_when/run_17_seed_2027029533
418,cp_when,tomato,01,18,3736902642,skipped,/home/fr/brl/02_BRL_POMDP_CODE/experiments_logs/when_what_mechanisms/20260921_013627_859495/tomato/scene_01/cp_when/run_18_seed_3736902642
419,cp_when,tomato,01,19,323427982,skipped,/home/fr/brl/02_BRL_POMDP_CODE/experiments_logs/when_what_mechanisms/20260921_013627_859495/tomato/scene_01/cp_when/run_19_seed_323427982
420,cp_when,tomato,01,20,311025495,skipped,/home/fr/brl/02_BRL_POMDP_CODE/experiments_logs/when_what_mechanisms/20260921_013627_859495/tomato/scene_01/cp_when/run_20_seed_311025495
421,cp_when,tomato,01,21,871806833,skipped,/home/fr/brl/02_BRL_POMDP_CODE/experiments_logs/when_what_mechanisms/20260921_013627_859495/tomato/scene_01/cp_when/run_21_seed_871806833
422,cp_when,tomato,01,22,217537032,skipped,/home/fr/brl/02_BRL_POMDP_CODE/experiments_logs/when_what_mechanisms/20260921_013627_859495/tomato/scene_01/cp_when/run_22_seed_217537032
423,cp_when,tomato,01,23,532817344,skipped,/home/fr/brl/02_BRL_POMDP_CODE/experiments_logs/when_what_mechanisms/20260921_013627_859495/tomato/scene_01/cp_when/run_23_seed_532817344
424,cp_when,tomato,01,24,3466707993,skipped,/home/fr/brl/02_BRL_POMDP_CODE/experiments_logs/when_what_mechanisms/20260921_013627_859495/tomato/scene_01/cp_when/run_24_seed_3466707993
425,cp_when,tomato,01,25,1649478604,skipped,/home/fr/brl/02_BRL_POMDP_CODE/experiments_logs/when_what_mechanisms/20260921_013627_859495/tomato/scene_01/cp_when/run_25_seed_1649478604
426,cp_when,tomato,01,26,2204152357,skipped,/home/fr/brl/02_BRL_POMDP_CODE/experiments_logs/when_what_mechanisms/20260921_013627_859495/tomato/scene_01/cp_when/run_26_seed_2204152357
427,cp_when,tomato,01,27,1233339309,skipped,/home/fr/brl/02_BRL_POMDP_CODE/experiments_logs/when_what_mechanisms/20260921_013627_859495/tomato/scene_01/cp_when/run_27_seed_1233339309
428,cp_when,tomato,01,28,3357973338,skipped,/home/fr/brl/02_BRL_POMDP_CODE/experiments_logs/when_what_mechanisms/20260921_013627_859495/tomato/scene_01/cp_when/run_28_seed_3357973338
429,cp_when,tomato,01,29,3649707942,skipped,/home/fr/brl/02_BRL_POMDP_CODE/experiments_logs/when_what_mechanisms/20260921_013627_859495/tomato/scene_01/cp_when/run_29_seed_3649707942
430,cp_when,tomato,01,30,3325784884,skipped,/home/fr/brl/02_BRL_POMDP_CODE/experiments_logs/when_what_mechanisms/20260921_013627_859495/tomato/scene_01/cp_when/run_30_seed_3325784884
431,cp_when,tomato,01,31,3877458541,skipped,/home/fr/brl/02_BRL_POMDP_CODE/experiments_logs/when_what_mechanisms/20260921_013627_859495/tomato/scene_01/cp_when/run_31_seed_3877458541
432,cp_when,tomato,01,32,3638621671,skipped,/home/fr/brl/02_BRL_POMDP_CODE/experiments_logs/when_what_mechanisms/20260921_013627_859495/tomato/scene_01/cp_when/run_32_seed_3638621671
433,cp_when,tomato,01,33,1084618528,skipped,/home/fr/brl/02_BRL_POMDP_CODE/experiments_logs/when_what_mechanisms/20260921_013627_859495/tomato/scene_01/cp_when/run_33_seed_1084618528
434,cp_when,tomato,01,34,405999239,skipped,/home/fr/brl/02_BRL_POMDP_CODE/experiments_logs/when_what_mechanisms/20260921_013627_859495/tomato/scene_01/cp_when/run_34_seed_405999239
435,cp_when,tomato,01,35,4028845444,skipped,/home/fr/brl/02_BRL_POMDP_CODE/experiments_logs/when_what_mechanisms/20260921_013627_859495/tomato/scene_01/cp_when/run_35_seed_4028845444
436,cp_when,tomato,01,36,2607182153,skipped,/home/fr/brl/02_BRL_POMDP_CODE/experiments_logs/when_what_mechanisms/20260921_013627_859495/tomato/scene_01/cp_when/run_36_seed_2607182153
437,cp_when,tomato,01,37,338448945,skipped,/home/fr/brl/02_BRL_POMDP_CODE/experiments_logs/when_what_mechanisms/20260921_013627_859495/tomato/scene_01/cp_when/run_37_seed_338448945
438,cp_when,tomato,01,38,3008854274,skipped,/home/fr/brl/02_BRL_POMDP_CODE/experiments_logs/when_what_mechanisms/20260921_013627_859495/tomato/scene_01/cp_when/run_38_seed_3008854274
439,cp_when,tomato,01,39,3373062200,skipped,/home/fr/brl/02_BRL_POMDP_CODE/experiments_logs/when_what_mechanisms/20260921_013627_859495/tomato/scene_01/cp_when/run_39_seed_3373062200
440,cp_when,tomato,01,40,1025671343,skipped,/home/fr/brl/02_BRL_POMDP_CODE/experiments_logs/when_what_mechanisms/20260921_013627_859495/tomato/scene_01/cp_when/run_40_seed_1025671343
441,cp_when,tomato,02,1,233361013,skipped,/home/fr/brl/02_BRL_POMDP_CODE/experiments_logs/when_what_mechanisms/20260921_013627_859495/tomato/scene_02/cp_when/run_01_seed_233361013
442,cp_when,tomato,02,2,3206958523,skipped,/home/fr/brl/02_BRL_POMDP_CODE/experiments_logs/when_what_mechanisms/20260921_013627_859495/tomato/scene_02/cp_when/run_02_seed_3206958523
443,cp_when,tomato,02,3,2306136433,skipped,/home/fr/brl/02_BRL_POMDP_CODE/experiments_logs/when_what_mechanisms/20260921_013627_859495/tomato/scene_02/cp_when/run_03_seed_2306136433
444,cp_when,tomato,02,4,1150817657,skipped,/home/fr/brl/02_BRL_POMDP_CODE/experiments_logs/when_what_mechanisms/20260921_013627_859495/tomato/scene_02/cp_when/run_04_seed_1150817657
445,cp_when,tomato,02,5,418694264,skipped,/home/fr/brl/02_BRL_POMDP_CODE/experiments_logs/when_what_mechanisms/20260921_013627_859495/tomato/scene_02/cp_when/run_05_seed_418694264
446,cp_when,tomato,02,6,2833878170,skipped,/home/fr/brl/02_BRL_POMDP_CODE/experiments_logs/when_what_mechanisms/20260921_013627_859495/tomato/scene_02/cp_when/run_06_seed_2833878170
447,cp_when,tomato,02,7,2876796507,skipped,/home/fr/brl/02_BRL_POMDP_CODE/experiments_logs/when_what_mechanisms/20260921_013627_859495/tomato/scene_02/cp_when/run_07_seed_2876796507
448,cp_when,tomato,02,8,2661673954,skipped,/home/fr/brl/02_BRL_POMDP_CODE/experiments_logs/when_what_mechanisms/20260921_013627_859495/tomato/scene_02/cp_when/run_08_seed_2661673954
449,cp_when,tomato,02,9,3533124505,skipped,/home/fr/brl/02_BRL_POMDP_CODE/experiments_logs/when_what_mechanisms/20260921_013627_859495/tomato/scene_02/cp_when/run_09_seed_3533124505
450,cp_when,tomato,02,10,3751400244,skipped,/home/fr/brl/02_BRL_POMDP_CODE/experiments_logs/when_what_mechanisms/20260921_013627_859495/tomato/scene_02/cp_when/run_10_seed_3751400244
451,cp_when,tomato,02,11,4031054018,skipped,/home/fr/brl/02_BRL_POMDP_CODE/experiments_logs/when_what_mechanisms/20260921_013627_859495/tomato/scene_02/cp_when/run_11_seed_4031054018
452,cp_when,tomato,02,12,1337352578,skipped,/home/fr/brl/02_BRL_POMDP_CODE/experiments_logs/when_what_mechanisms/20260921_013627_859495/tomato/scene_02/cp_when/run_12_seed_1337352578
453,cp_when,tomato,02,13,2571575672,skipped,/home/fr/brl/02_BRL_POMDP_CODE/experiments_logs/when_what_mechanisms/20260921_013627_859495/tomato/scene_02/cp_when/run_13_seed_2571575672
454,cp_when,tomato,02,14,1903174235,skipped,/home/fr/brl/02_BRL_POMDP_CODE/experiments_logs/when_what_mechanisms/20260921_013627_859495/tomato/scene_02/cp_when/run_14_seed_1903174235
455,cp_when,tomato,02,15,1422635806,skipped,/home/fr/brl/02_BRL_POMDP_CODE/experiments_logs/when_what_mechanisms/20260921_013627_859495/tomato/scene_02/cp_when/run_15_seed_1422635806
456,cp_when,tomato,02,16,559761095,skipped,/home/fr/brl/02_BRL_POMDP_CODE/experiments_logs/when_what_mechanisms/20260921_013627_859495/tomato/scene_02/cp_when/run_16_seed_559761095
457,cp_when,tomato,02,17,2324409209,skipped,/home/fr/brl/02_BRL_POMDP_CODE/experiments_logs/when_what_mechanisms/20260921_013627_859495/tomato/scene_02/cp_when/run_17_seed_2324409209
458,cp_when,tomato,02,18,474952343,skipped,/home/fr/brl/02_BRL_POMDP_CODE/experiments_logs/when_what_mechanisms/20260921_013627_859495/tomato/scene_02/cp_when/run_18_seed_474952343
459,cp_when,tomato,02,19,1408900490,skipped,/home/fr/brl/02_BRL_POMDP_CODE/experiments_logs/when_what_mechanisms/20260921_013627_859495/tomato/scene_02/cp_when/run_19_seed_1408900490
460,cp_when,tomato,02,20,1969507524,skipped,/home/fr/brl/02_BRL_POMDP_CODE/experiments_logs/when_what_mechanisms/20260921_013627_859495/tomato/scene_02/cp_when/run_20_seed_1969507524
461,cp_when,tomato,02,21,850676597,skipped,/home/fr/brl/02_BRL_POMDP_CODE/experiments_logs/when_what_mechanisms/20260921_013627_859495/tomato/scene_02/cp_when/run_21_seed_850676597
462,cp_when,tomato,02,22,464102713,skipped,/home/fr/brl/02_BRL_POMDP_CODE/experiments_logs/when_what_mechanisms/20260921_013627_859495/tomato/scene_02/cp_when/run_22_seed_464102713
463,cp_when,tomato,02,23,2639844527,skipped,/home/fr/brl/02_BRL_POMDP_CODE/experiments_logs/when_what_mechanisms/20260921_013627_859495/tomato/scene_02/cp_when/run_23_seed_2639844527
464,cp_when,tomato,02,24,2567273034,skipped,/home/fr/brl/02_BRL_POMDP_CODE/experiments_logs/when_what_mechanisms/20260921_013627_859495/tomato/scene_02/cp_when/run_24_seed_2567273034
465,cp_when,tomato,02,25,3815863427,skipped,/home/fr/brl/02_BRL_POMDP_CODE/experiments_logs/when_what_mechanisms/20260921_013627_859495/tomato/scene_02/cp_when/run_25_seed_3815863427
466,cp_when,tomato,02,26,2421989875,skipped,/home/fr/brl/02_BRL_POMDP_CODE/experiments_logs/when_what_mechanisms/20260921_013627_859495/tomato/scene_02/cp_when/run_26_seed_2421989875
467,cp_when,tomato,02,27,790979284,skipped,/home/fr/brl/02_BRL_POMDP_CODE/experiments_logs/when_what_mechanisms/20260921_013627_859495/tomato/scene_02/cp_when/run_27_seed_790979284
468,cp_when,tomato,02,28,484948157,skipped,/home/fr/brl/02_BRL_POMDP_CODE/experiments_logs/when_what_mechanisms/20260921_013627_859495/tomato/scene_02/cp_when/run_28_seed_484948157
469,cp_when,tomato,02,29,2138595888,skipped,/home/fr/brl/02_BRL_POMDP_CODE/experiments_logs/when_what_mechanisms/20260921_013627_859495/tomato/scene_02/cp_when/run_29_seed_2138595888
470,cp_when,tomato,02,30,63773712,skipped,/home/fr/brl/02_BRL_POMDP_CODE/experiments_logs/when_what_mechanisms/20260921_013627_859495/tomato/scene_02/cp_when/run_30_seed_63773712
471,cp_when,tomato,02,31,3662297998,skipped,/home/fr/brl/02_BRL_POMDP_CODE/experiments_logs/when_what_mechanisms/20260921_013627_859495/tomato/scene_02/cp_when/run_31_seed_3662297998
472,cp_when,tomato,02,32,3249674493,skipped,/home/fr/brl/02_BRL_POMDP_CODE/experiments_logs/when_what_mechanisms/20260921_013627_859495/tomato/scene_02/cp_when/run_32_seed_3249674493
473,cp_when,tomato,02,33,4007070013,skipped,/home/fr/brl/02_BRL_POMDP_CODE/experiments_logs/when_what_mechanisms/20260921_013627_859495/tomato/scene_02/cp_when/run_33_seed_4007070013
474,cp_when,tomato,02,34,2886041855,skipped,/home/fr/brl/02_BRL_POMDP_CODE/experiments_logs/when_what_mechanisms/20260921_013627_859495/tomato/scene_02/cp_when/run_34_seed_2886041855
475,cp_when,tomato,02,35,2293168667,skipped,/home/fr/brl/02_BRL_POMDP_CODE/experiments_logs/when_what_mechanisms/20260921_013627_859495/tomato/scene_02/cp_when/run_35_seed_2293168667
476,cp_when,tomato,02,36,3887351210,skipped,/home/fr/brl/02_BRL_POMDP_CODE/experiments_logs/when_what_mechanisms/20260921_013627_859495/tomato/scene_02/cp_when/run_36_seed_3887351210
477,cp_when,tomato,02,37,2318091321,skipped,/home/fr/brl/02_BRL_POMDP_CODE/experiments_logs/when_what_mechanisms/20260921_013627_859495/tomato/scene_02/cp_when/run_37_seed_2318091321
478,cp_when,tomato,02,38,1919828458,skipped,/home/fr/brl/02_BRL_POMDP_CODE/experiments_logs/when_what_mechanisms/20260921_013627_859495/tomato/scene_02/cp_when/run_38_seed_1919828458
479,cp_when,tomato,02,39,1477592928,skipped,/home/fr/brl/02_BRL_POMDP_CODE/experiments_logs/when_what_mechanisms/20260921_013627_859495/tomato/scene_02/cp_when/run_39_seed_1477592928
480,cp_when,tomato,02,40,742004455,skipped,/home/fr/brl/02_BRL_POMDP_CODE/experiments_logs/when_what_mechanisms/20260921_013627_859495/tomato/scene_02/cp_when/run_40_seed_742004455
481,cp_when,tomato,03,1,2973460405,skipped,/home/fr/brl/02_BRL_POMDP_CODE/experiments_logs/when_what_mechanisms/20260921_013627_859495/tomato/scene_03/cp_when/run_01_seed_2973460405
482,cp_when,tomato,03,2,2984508209,skipped,/home/fr/brl/02_BRL_POMDP_CODE/experiments_logs/when_what_mechanisms/20260921_013627_859495/tomato/scene_03/cp_when/run_02_seed_2984508209
483,cp_when,tomato,03,3,3328359470,skipped,/home/fr/brl/02_BRL_POMDP_CODE/experiments_logs/when_what_mechanisms/20260921_013627_859495/tomato/scene_03/cp_when/run_03_seed_3328359470
484,cp_when,tomato,03,4,2542173252,skipped,/home/fr/brl/02_BRL_POMDP_CODE/experiments_logs/when_what_mechanisms/20260921_013627_859495/tomato/scene_03/cp_when/run_04_seed_2542173252
485,cp_when,tomato,03,5,1895575310,skipped,/home/fr/brl/02_BRL_POMDP_CODE/experiments_logs/when_what_mechanisms/20260921_013627_859495/tomato/scene_03/cp_when/run_05_seed_1895575310
486,cp_when,tomato,03,6,3142806667,skipped,/home/fr/brl/02_BRL_POMDP_CODE/experiments_logs/when_what_mechanisms/20260921_013627_859495/tomato/scene_03/cp_when/run_06_seed_3142806667
487,cp_when,tomato,03,7,1700967682,skipped,/home/fr/brl/02_BRL_POMDP_CODE/experiments_logs/when_what_mechanisms/20260921_013627_859495/tomato/scene_03/cp_when/run_07_seed_1700967682
488,cp_when,tomato,03,8,3374813224,skipped,/home/fr/brl/02_BRL_POMDP_CODE/experiments_logs/when_what_mechanisms/20260921_013627_859495/tomato/scene_03/cp_when/run_08_seed_3374813224
489,cp_when,tomato,03,9,2230064310,skipped,/home/fr/brl/02_BRL_POMDP_CODE/experiments_logs/when_what_mechanisms/20260921_013627_859495/tomato/scene_03/cp_when/run_09_seed_2230064310
490,cp_when,tomato,03,10,2370079434,skipped,/home/fr/brl/02_BRL_POMDP_CODE/experiments_logs/when_what_mechanisms/20260921_013627_859495/tomato/scene_03/cp_when/run_10_seed_2370079434
491,cp_when,tomato,03,11,3620707437,skipped,/home/fr/brl/02_BRL_POMDP_CODE/experiments_logs/when_what_mechanisms/20260921_013627_859495/tomato/scene_03/cp_when/run_11_seed_3620707437
492,cp_when,tomato,03,12,1447435166,skipped,/home/fr/brl/02_BRL_POMDP_CODE/experiments_logs/when_what_mechanisms/20260921_013627_859495/tomato/scene_03/cp_when/run_12_seed_1447435166
493,cp_when,tomato,03,13,975151081,complete,/home/fr/brl/02_BRL_POMDP_CODE/experiments_logs/when_what_mechanisms/20260921_013627_859495/tomato/scene_03/cp_when/run_13_seed_975151081
494,cp_when,tomato,03,14,3909183007,complete,/home/fr/brl/02_BRL_POMDP_CODE/experiments_logs/when_what_mechanisms/20260921_013627_859495/tomato/scene_03/cp_when/run_14_seed_3909183007
495,cp_when,tomato,03,15,3611211411,complete,/home/fr/brl/02_BRL_POMDP_CODE/experiments_logs/when_what_mechanisms/20260921_013627_859495/tomato/scene_03/cp_when/run_15_seed_3611211411
496,cp_when,tomato,03,16,1454289978,complete,/home/fr/brl/02_BRL_POMDP_CODE/experiments_logs/when_what_mechanisms/20260921_013627_859495/tomato/scene_03/cp_when/run_16_seed_1454289978
497,cp_when,tomato,03,17,3631765459,complete,/home/fr/brl/02_BRL_POMDP_CODE/experiments_logs/when_what_mechanisms/20260921_013627_859495/tomato/scene_03/cp_when/run_17_seed_3631765459
498,cp_when,tomato,03,18,1005437090,complete,/home/fr/brl/02_BRL_POMDP_CODE/experiments_logs/when_what_mechanisms/20260921_013627_859495/tomato/scene_03/cp_when/run_18_seed_1005437090
499,cp_when,tomato,03,19,2107246049,complete,/home/fr/brl/02_BRL_POMDP_CODE/experiments_logs/when_what_mechanisms/20260921_013627_859495/tomato/scene_03/cp_when/run_19_seed_2107246049
500,cp_when,tomato,03,20,2559286479,complete,/home/fr/brl/02_BRL_POMDP_CODE/experiments_logs/when_what_mechanisms/20260921_013627_859495/tomato/scene_03/cp_when/run_20_seed_2559286479
501,cp_when,tomato,03,21,3814785464,complete,/home/fr/brl/02_BRL_POMDP_CODE/experiments_logs/when_what_mechanisms/20260921_013627_859495/tomato/scene_03/cp_when/run_21_seed_3814785464
502,cp_when,tomato,03,22,1252332960,complete,/home/fr/brl/02_BRL_POMDP_CODE/experiments_logs/when_what_mechanisms/20260921_013627_859495/tomato/scene_03/cp_when/run_22_seed_1252332960
503,cp_when,tomato,03,23,4008873019,complete,/home/fr/brl/02_BRL_POMDP_CODE/experiments_logs/when_what_mechanisms/20260921_013627_859495/tomato/scene_03/cp_when/run_23_seed_4008873019
504,cp_when,tomato,03,24,1627605610,complete,/home/fr/brl/02_BRL_POMDP_CODE/experiments_logs/when_what_mechanisms/20260921_013627_859495/tomato/scene_03/cp_when/run_24_seed_1627605610
505,cp_when,tomato,03,25,2197107180,complete,/home/fr/brl/02_BRL_POMDP_CODE/experiments_logs/when_what_mechanisms/20260921_013627_859495/tomato/scene_03/cp_when/run_25_seed_2197107180
506,cp_when,tomato,03,26,70087057,complete,/home/fr/brl/02_BRL_POMDP_CODE/experiments_logs/when_what_mechanisms/20260921_013627_859495/tomato/scene_03/cp_when/run_26_seed_70087057
507,cp_when,tomato,03,27,8630651,complete,/home/fr/brl/02_BRL_POMDP_CODE/experiments_logs/when_what_mechanisms/20260921_013627_859495/tomato/scene_03/cp_when/run_27_seed_8630651
508,cp_when,tomato,03,28,657498695,complete,/home/fr/brl/02_BRL_POMDP_CODE/experiments_logs/when_what_mechanisms/20260921_013627_859495/tomato/scene_03/cp_when/run_28_seed_657498695
509,cp_when,tomato,03,29,1193704404,complete,/home/fr/brl/02_BRL_POMDP_CODE/experiments_logs/when_what_mechanisms/20260921_013627_859495/tomato/scene_03/cp_when/run_29_seed_1193704404
510,cp_when,tomato,03,30,1712963344,complete,/home/fr/brl/02_BRL_POMDP_CODE/experiments_logs/when_what_mechanisms/20260921_013627_859495/tomato/scene_03/cp_when/run_30_seed_1712963344
511,cp_when,tomato,03,31,1016817503,complete,/home/fr/brl/02_BRL_POMDP_CODE/experiments_logs/when_what_mechanisms/20260921_013627_859495/tomato/scene_03/cp_when/run_31_seed_1016817503
512,cp_when,tomato,03,32,4252591664,complete,/home/fr/brl/02_BRL_POMDP_CODE/experiments_logs/when_what_mechanisms/20260921_013627_859495/tomato/scene_03/cp_when/run_32_seed_4252591664
513,cp_when,tomato,03,33,2630779126,complete,/home/fr/brl/02_BRL_POMDP_CODE/experiments_logs/when_what_mechanisms/20260921_013627_859495/tomato/scene_03/cp_when/run_33_seed_2630779126
514,cp_when,tomato,03,34,822900858,complete,/home/fr/brl/02_BRL_POMDP_CODE/experiments_logs/when_what_mechanisms/20260921_013627_859495/tomato/scene_03/cp_when/run_34_seed_822900858
515,cp_when,tomato,03,35,604486275,complete,/home/fr/brl/02_BRL_POMDP_CODE/experiments_logs/when_what_mechanisms/20260921_013627_859495/tomato/scene_03/cp_when/run_35_seed_604486275
516,cp_when,tomato,03,36,522031486,complete,/home/fr/brl/02_BRL_POMDP_CODE/experiments_logs/when_what_mechanisms/20260921_013627_859495/tomato/scene_03/cp_when/run_36_seed_522031486
517,cp_when,tomato,03,37,2184183196,complete,/home/fr/brl/02_BRL_POMDP_CODE/experiments_logs/when_what_mechanisms/20260921_013627_859495/tomato/scene_03/cp_when/run_37_seed_2184183196
518,cp_when,tomato,03,38,2418572032,complete,/home/fr/brl/02_BRL_POMDP_CODE/experiments_logs/when_what_mechanisms/20260921_013627_859495/tomato/scene_03/cp_when/run_38_seed_2418572032
519,cp_when,tomato,03,39,2436888965,failed,/home/fr/brl/02_BRL_POMDP_CODE/experiments_logs/when_what_mechanisms/20260921_013627_859495/tomato/scene_03/cp_when/run_39_seed_2436888965
520,cp_when,tomato,03,40,598183825,complete,/home/fr/brl/02_BRL_POMDP_CODE/experiments_logs/when_what_mechanisms/20260921_013627_859495/tomato/scene_03/cp_when/run_40_seed_598183825
521,cp_when,tomato,04,1,1589093347,complete,/home/fr/brl/02_BRL_POMDP_CODE/experiments_logs/when_what_mechanisms/20260921_013627_859495/tomato/scene_04/cp_when/run_01_seed_1589093347
522,cp_when,tomato,04,2,712937450,complete,/home/fr/brl/02_BRL_POMDP_CODE/experiments_logs/when_what_mechanisms/20260921_013627_859495/tomato/scene_04/cp_when/run_02_seed_712937450
523,cp_when,tomato,04,3,3614412854,complete,/home/fr/brl/02_BRL_POMDP_CODE/experiments_logs/when_what_mechanisms/20260921_013627_859495/tomato/scene_04/cp_when/run_03_seed_3614412854
524,cp_when,tomato,04,4,2390740933,complete,/home/fr/brl/02_BRL_POMDP_CODE/experiments_logs/when_what_mechanisms/20260921_013627_859495/tomato/scene_04/cp_when/run_04_seed_2390740933
525,cp_when,tomato,04,5,2642505031,complete,/home/fr/brl/02_BRL_POMDP_CODE/experiments_logs/when_what_mechanisms/20260921_013627_859495/tomato/scene_04/cp_when/run_05_seed_2642505031
526,cp_when,tomato,04,6,442300768,complete,/home/fr/brl/02_BRL_POMDP_CODE/experiments_logs/when_what_mechanisms/20260921_013627_859495/tomato/scene_04/cp_when/run_06_seed_442300768
527,cp_when,tomato,04,7,3661502133,complete,/home/fr/brl/02_BRL_POMDP_CODE/experiments_logs/when_what_mechanisms/20260921_013627_859495/tomato/scene_04/cp_when/run_07_seed_3661502133
528,cp_when,tomato,04,8,236854069,complete,/home/fr/brl/02_BRL_POMDP_CODE/experiments_logs/when_what_mechanisms/20260921_013627_859495/tomato/scene_04/cp_when/run_08_seed_236854069
529,cp_when,tomato,04,9,2387734993,complete,/home/fr/brl/02_BRL_POMDP_CODE/experiments_logs/when_what_mechanisms/20260921_013627_859495/tomato/scene_04/cp_when/run_09_seed_2387734993
530,cp_when,tomato,04,10,321661848,complete,/home/fr/brl/02_BRL_POMDP_CODE/experiments_logs/when_what_mechanisms/20260921_013627_859495/tomato/scene_04/cp_when/run_10_seed_321661848
531,cp_when,tomato,04,11,2993320002,complete,/home/fr/brl/02_BRL_POMDP_CODE/experiments_logs/when_what_mechanisms/20260921_013627_859495/tomato/scene_04/cp_when/run_11_seed_2993320002
532,cp_when,tomato,04,12,1109362184,complete,/home/fr/brl/02_BRL_POMDP_CODE/experiments_logs/when_what_mechanisms/20260921_013627_859495/tomato/scene_04/cp_when/run_12_seed_1109362184
533,cp_when,tomato,04,13,3815955531,complete,/home/fr/brl/02_BRL_POMDP_CODE/experiments_logs/when_what_mechanisms/20260921_013627_859495/tomato/scene_04/cp_when/run_13_seed_3815955531
534,cp_when,tomato,04,14,2941533860,complete,/home/fr/brl/02_BRL_POMDP_CODE/experiments_logs/when_what_mechanisms/20260921_013627_859495/tomato/scene_04/cp_when/run_14_seed_2941533860
535,cp_when,tomato,04,15,2020323328,complete,/home/fr/brl/02_BRL_POMDP_CODE/experiments_logs/when_what_mechanisms/20260921_013627_859495/tomato/scene_04/cp_when/run_15_seed_2020323328
536,cp_when,tomato,04,16,3712541616,complete,/home/fr/brl/02_BRL_POMDP_CODE/experiments_logs/when_what_mechanisms/20260921_013627_859495/tomato/scene_04/cp_when/run_16_seed_3712541616
537,cp_when,tomato,04,17,3169457126,complete,/home/fr/brl/02_BRL_POMDP_CODE/experiments_logs/when_what_mechanisms/20260921_013627_859495/tomato/scene_04/cp_when/run_17_seed_3169457126
538,cp_when,tomato,04,18,3948166740,complete,/home/fr/brl/02_BRL_POMDP_CODE/experiments_logs/when_what_mechanisms/20260921_013627_859495/tomato/scene_04/cp_when/run_18_seed_3948166740
539,cp_when,tomato,04,19,1552731229,complete,/home/fr/brl/02_BRL_POMDP_CODE/experiments_logs/when_what_mechanisms/20260921_013627_859495/tomato/scene_04/cp_when/run_19_seed_1552731229
540,cp_when,tomato,04,20,1337586660,complete,/home/fr/brl/02_BRL_POMDP_CODE/experiments_logs/when_what_mechanisms/20260921_013627_859495/tomato/scene_04/cp_when/run_20_seed_1337586660
541,cp_when,tomato,04,21,56491935,complete,/home/fr/brl/02_BRL_POMDP_CODE/experiments_logs/when_what_mechanisms/20260921_013627_859495/tomato/scene_04/cp_when/run_21_seed_56491935
542,cp_when,tomato,04,22,2771536334,complete,/home/fr/brl/02_BRL_POMDP_CODE/experiments_logs/when_what_mechanisms/20260921_013627_859495/tomato/scene_04/cp_when/run_22_seed_2771536334
543,cp_when,tomato,04,23,3227930555,complete,/home/fr/brl/02_BRL_POMDP_CODE/experiments_logs/when_what_mechanisms/20260921_013627_859495/tomato/scene_04/cp_when/run_23_seed_3227930555
544,cp_when,tomato,04,24,740609622,complete,/home/fr/brl/02_BRL_POMDP_CODE/experiments_logs/when_what_mechanisms/20260921_013627_859495/tomato/scene_04/cp_when/run_24_seed_740609622
545,cp_when,tomato,04,25,218967378,complete,/home/fr/brl/02_BRL_POMDP_CODE/experiments_logs/when_what_mechanisms/20260921_013627_859495/tomato/scene_04/cp_when/run_25_seed_218967378
546,cp_when,tomato,04,26,1040908402,complete,/home/fr/brl/02_BRL_POMDP_CODE/experiments_logs/when_what_mechanisms/20260921_013627_859495/tomato/scene_04/cp_when/run_26_seed_1040908402
547,cp_when,tomato,04,27,2220313702,complete,/home/fr/brl/02_BRL_POMDP_CODE/experiments_logs/when_what_mechanisms/20260921_013627_859495/tomato/scene_04/cp_when/run_27_seed_2220313702
548,cp_when,tomato,04,28,168160880,complete,/home/fr/brl/02_BRL_POMDP_CODE/experiments_logs/when_what_mechanisms/20260921_013627_859495/tomato/scene_04/cp_when/run_28_seed_168160880
549,cp_when,tomato,04,29,3141647287,complete,/home/fr/brl/02_BRL_POMDP_CODE/experiments_logs/when_what_mechanisms/20260921_013627_859495/tomato/scene_04/cp_when/run_29_seed_3141647287
550,cp_when,tomato,04,30,2135663053,complete,/home/fr/brl/02_BRL_POMDP_CODE/experiments_logs/when_what_mechanisms/20260921_013627_859495/tomato/scene_04/cp_when/run_30_seed_2135663053
551,cp_when,tomato,04,31,2392905031,complete,/home/fr/brl/02_BRL_POMDP_CODE/experiments_logs/when_what_mechanisms/20260921_013627_859495/tomato/scene_04/cp_when/run_31_seed_2392905031
552,cp_when,tomato,04,32,3372736775,complete,/home/fr/brl/02_BRL_POMDP_CODE/experiments_logs/when_what_mechanisms/20260921_013627_859495/tomato/scene_04/cp_when/run_32_seed_3372736775
553,cp_when,tomato,04,33,3386497120,complete,/home/fr/brl/02_BRL_POMDP_CODE/experiments_logs/when_what_mechanisms/20260921_013627_859495/tomato/scene_04/cp_when/run_33_seed_3386497120
554,cp_when,tomato,04,34,1167440852,complete,/home/fr/brl/02_BRL_POMDP_CODE/experiments_logs/when_what_mechanisms/20260921_013627_859495/tomato/scene_04/cp_when/run_34_seed_1167440852
555,cp_when,tomato,04,35,222360660,complete,/home/fr/brl/02_BRL_POMDP_CODE/experiments_logs/when_what_mechanisms/20260921_013627_859495/tomato/scene_04/cp_when/run_35_seed_222360660
556,cp_when,tomato,04,36,216321642,complete,/home/fr/brl/02_BRL_POMDP_CODE/experiments_logs/when_what_mechanisms/20260921_013627_859495/tomato/scene_04/cp_when/run_36_seed_216321642
557,cp_when,tomato,04,37,1141903763,complete,/home/fr/brl/02_BRL_POMDP_CODE/experiments_logs/when_what_mechanisms/20260921_013627_859495/tomato/scene_04/cp_when/run_37_seed_1141903763
558,cp_when,tomato,04,38,2219488844,complete,/home/fr/brl/02_BRL_POMDP_CODE/experiments_logs/when_what_mechanisms/20260921_013627_859495/tomato/scene_04/cp_when/run_38_seed_2219488844
559,cp_when,tomato,04,39,3931316609,complete,/home/fr/brl/02_BRL_POMDP_CODE/experiments_logs/when_what_mechanisms/20260921_013627_859495/tomato/scene_04/cp_when/run_39_seed_3931316609
560,cp_when,tomato,04,40,3315816046,complete,/home/fr/brl/02_BRL_POMDP_CODE/experiments_logs/when_what_mechanisms/20260921_013627_859495/tomato/scene_04/cp_when/run_40_seed_3315816046
561,cp_when,tomato,05,1,3945754139,complete,/home/fr/brl/02_BRL_POMDP_CODE/experiments_logs/when_what_mechanisms/20260921_013627_859495/tomato/scene_05/cp_when/run_01_seed_3945754139
562,cp_when,tomato,05,2,259038599,complete,/home/fr/brl/02_BRL_POMDP_CODE/experiments_logs/when_what_mechanisms/20260921_013627_859495/tomato/scene_05/cp_when/run_02_seed_259038599
563,cp_when,tomato,05,3,2898963405,complete,/home/fr/brl/02_BRL_POMDP_CODE/experiments_logs/when_what_mechanisms/20260921_013627_859495/tomato/scene_05/cp_when/run_03_seed_2898963405
564,cp_when,tomato,05,4,1746555867,complete,/home/fr/brl/02_BRL_POMDP_CODE/experiments_logs/when_what_mechanisms/20260921_013627_859495/tomato/scene_05/cp_when/run_04_seed_1746555867
565,cp_when,tomato,05,5,879805946,complete,/home/fr/brl/02_BRL_POMDP_CODE/experiments_logs/when_what_mechanisms/20260921_013627_859495/tomato/scene_05/cp_when/run_05_seed_879805946
566,cp_when,tomato,05,6,1691996467,complete,/home/fr/brl/02_BRL_POMDP_CODE/experiments_logs/when_what_mechanisms/20260921_013627_859495/tomato/scene_05/cp_when/run_06_seed_1691996467
567,cp_when,tomato,05,7,2654066318,complete,/home/fr/brl/02_BRL_POMDP_CODE/experiments_logs/when_what_mechanisms/20260921_013627_859495/tomato/scene_05/cp_when/run_07_seed_2654066318
568,cp_when,tomato,05,8,715972481,complete,/home/fr/brl/02_BRL_POMDP_CODE/experiments_logs/when_what_mechanisms/20260921_013627_859495/tomato/scene_05/cp_when/run_08_seed_715972481
569,cp_when,tomato,05,9,794861334,complete,/home/fr/brl/02_BRL_POMDP_CODE/experiments_logs/when_what_mechanisms/20260921_013627_859495/tomato/scene_05/cp_when/run_09_seed_794861334
570,cp_when,tomato,05,10,179847475,complete,/home/fr/brl/02_BRL_POMDP_CODE/experiments_logs/when_what_mechanisms/20260921_013627_859495/tomato/scene_05/cp_when/run_10_seed_179847475
571,cp_when,tomato,05,11,2141224597,complete,/home/fr/brl/02_BRL_POMDP_CODE/experiments_logs/when_what_mechanisms/20260921_013627_859495/tomato/scene_05/cp_when/run_11_seed_2141224597
572,cp_when,tomato,05,12,3873493540,complete,/home/fr/brl/02_BRL_POMDP_CODE/experiments_logs/when_what_mechanisms/20260921_013627_859495/tomato/scene_05/cp_when/run_12_seed_3873493540
573,cp_when,tomato,05,13,444653586,complete,/home/fr/brl/02_BRL_POMDP_CODE/experiments_logs/when_what_mechanisms/20260921_013627_859495/tomato/scene_05/cp_when/run_13_seed_444653586
574,cp_when,tomato,05,14,2591322916,complete,/home/fr/brl/02_BRL_POMDP_CODE/experiments_logs/when_what_mechanisms/20260921_013627_859495/tomato/scene_05/cp_when/run_14_seed_2591322916
575,cp_when,tomato,05,15,2082077157,complete,/home/fr/brl/02_BRL_POMDP_CODE/experiments_logs/when_what_mechanisms/20260921_013627_859495/tomato/scene_05/cp_when/run_15_seed_2082077157
576,cp_when,tomato,05,16,1584111328,complete,/home/fr/brl/02_BRL_POMDP_CODE/experiments_logs/when_what_mechanisms/20260921_013627_859495/tomato/scene_05/cp_when/run_16_seed_1584111328
577,cp_when,tomato,05,17,2883494985,complete,/home/fr/brl/02_BRL_POMDP_CODE/experiments_logs/when_what_mechanisms/20260921_013627_859495/tomato/scene_05/cp_when/run_17_seed_2883494985
578,cp_when,tomato,05,18,2222584418,complete,/home/fr/brl/02_BRL_POMDP_CODE/experiments_logs/when_what_mechanisms/20260921_013627_859495/tomato/scene_05/cp_when/run_18_seed_2222584418
579,cp_when,tomato,05,19,1573496301,complete,/home/fr/brl/02_BRL_POMDP_CODE/experiments_logs/when_what_mechanisms/20260921_013627_859495/tomato/scene_05/cp_when/run_19_seed_1573496301
580,cp_when,tomato,05,20,3850832736,complete,/home/fr/brl/02_BRL_POMDP_CODE/experiments_logs/when_what_mechanisms/20260921_013627_859495/tomato/scene_05/cp_when/run_20_seed_3850832736
581,cp_when,tomato,05,21,1896365895,complete,/home/fr/brl/02_BRL_POMDP_CODE/experiments_logs/when_what_mechanisms/20260921_013627_859495/tomato/scene_05/cp_when/run_21_seed_1896365895
582,cp_when,tomato,05,22,2128654182,complete,/home/fr/brl/02_BRL_POMDP_CODE/experiments_logs/when_what_mechanisms/20260921_013627_859495/tomato/scene_05/cp_when/run_22_seed_2128654182
583,cp_when,tomato,05,23,3471226395,complete,/home/fr/brl/02_BRL_POMDP_CODE/experiments_logs/when_what_mechanisms/20260921_013627_859495/tomato/scene_05/cp_when/run_23_seed_3471226395
584,cp_when,tomato,05,24,1127296088,complete,/home/fr/brl/02_BRL_POMDP_CODE/experiments_logs/when_what_mechanisms/20260921_013627_859495/tomato/scene_05/cp_when/run_24_seed_1127296088
585,cp_when,tomato,05,25,346784313,complete,/home/fr/brl/02_BRL_POMDP_CODE/experiments_logs/when_what_mechanisms/20260921_013627_859495/tomato/scene_05/cp_when/run_25_seed_346784313
586,cp_when,tomato,05,26,1271340849,complete,/home/fr/brl/02_BRL_POMDP_CODE/experiments_logs/when_what_mechanisms/20260921_013627_859495/tomato/scene_05/cp_when/run_26_seed_1271340849
587,cp_when,tomato,05,27,1196215500,complete,/home/fr/brl/02_BRL_POMDP_CODE/experiments_logs/when_what_mechanisms/20260921_013627_859495/tomato/scene_05/cp_when/run_27_seed_1196215500
588,cp_when,tomato,05,28,3594782946,complete,/home/fr/brl/02_BRL_POMDP_CODE/experiments_logs/when_what_mechanisms/20260921_013627_859495/tomato/scene_05/cp_when/run_28_seed_3594782946
589,cp_when,tomato,05,29,3869246695,complete,/home/fr/brl/02_BRL_POMDP_CODE/experiments_logs/when_what_mechanisms/20260921_013627_859495/tomato/scene_05/cp_when/run_29_seed_3869246695
590,cp_when,tomato,05,30,2231101089,complete,/home/fr/brl/02_BRL_POMDP_CODE/experiments_logs/when_what_mechanisms/20260921_013627_859495/tomato/scene_05/cp_when/run_30_seed_2231101089
591,cp_when,tomato,05,31,28332744,complete,/home/fr/brl/02_BRL_POMDP_CODE/experiments_logs/when_what_mechanisms/20260921_013627_859495/tomato/scene_05/cp_when/run_31_seed_28332744
592,cp_when,tomato,05,32,815541928,complete,/home/fr/brl/02_BRL_POMDP_CODE/experiments_logs/when_what_mechanisms/20260921_013627_859495/tomato/scene_05/cp_when/run_32_seed_815541928
593,cp_when,tomato,05,33,3637968608,complete,/home/fr/brl/02_BRL_POMDP_CODE/experiments_logs/when_what_mechanisms/20260921_013627_859495/tomato/scene_05/cp_when/run_33_seed_3637968608
594,cp_when,tomato,05,34,1985644872,complete,/home/fr/brl/02_BRL_POMDP_CODE/experiments_logs/when_what_mechanisms/20260921_013627_859495/tomato/scene_05/cp_when/run_34_seed_1985644872
595,cp_when,tomato,05,35,589229374,complete,/home/fr/brl/02_BRL_POMDP_CODE/experiments_logs/when_what_mechanisms/20260921_013627_859495/tomato/scene_05/cp_when/run_35_seed_589229374
596,cp_when,tomato,05,36,1101473435,complete,/home/fr/brl/02_BRL_POMDP_CODE/experiments_logs/when_what_mechanisms/20260921_013627_859495/tomato/scene_05/cp_when/run_36_seed_1101473435
597,cp_when,tomato,05,37,3696024021,complete,/home/fr/brl/02_BRL_POMDP_CODE/experiments_logs/when_what_mechanisms/20260921_013627_859495/tomato/scene_05/cp_when/run_37_seed_3696024021
598,cp_when,tomato,05,38,4191848859,complete,/home/fr/brl/02_BRL_POMDP_CODE/experiments_logs/when_what_mechanisms/20260921_013627_859495/tomato/scene_05/cp_when/run_38_seed_4191848859
599,cp_when,tomato,05,39,1042830735,complete,/home/fr/brl/02_BRL_POMDP_CODE/experiments_logs/when_what_mechanisms/20260921_013627_859495/tomato/scene_05/cp_when/run_39_seed_1042830735
600,cp_when,tomato,05,40,3034198474,complete,/home/fr/brl/02_BRL_POMDP_CODE/experiments_logs/when_what_mechanisms/20260921_013627_859495/tomato/scene_05/cp_when/run_40_seed_3034198474
601,cp_when,wastesorting,01,1,4064545001,complete,/home/fr/brl/02_BRL_POMDP_CODE/experiments_logs/when_what_mechanisms/20260921_013627_859495/wastesorting/scene_01/cp_when/run_01_seed_4064545001
602,cp_when,wastesorting,01,2,3622402991,complete,/home/fr/brl/02_BRL_POMDP_CODE/experiments_logs/when_what_mechanisms/20260921_013627_859495/wastesorting/scene_01/cp_when/run_02_seed_3622402991
603,cp_when,wastesorting,01,3,2310768630,complete,/home/fr/brl/02_BRL_POMDP_CODE/experiments_logs/when_what_mechanisms/20260921_013627_859495/wastesorting/scene_01/cp_when/run_03_seed_2310768630
604,cp_when,wastesorting,01,4,2226680570,complete,/home/fr/brl/02_BRL_POMDP_CODE/experiments_logs/when_what_mechanisms/20260921_013627_859495/wastesorting/scene_01/cp_when/run_04_seed_2226680570
605,cp_when,wastesorting,01,5,4139245423,complete,/home/fr/brl/02_BRL_POMDP_CODE/experiments_logs/when_what_mechanisms/20260921_013627_859495/wastesorting/scene_01/cp_when/run_05_seed_4139245423
606,cp_when,wastesorting,01,6,3176006814,complete,/home/fr/brl/02_BRL_POMDP_CODE/experiments_logs/when_what_mechanisms/20260921_013627_859495/wastesorting/scene_01/cp_when/run_06_seed_3176006814
607,cp_when,wastesorting,01,7,1446821692,complete,/home/fr/brl/02_BRL_POMDP_CODE/experiments_logs/when_what_mechanisms/20260921_013627_859495/wastesorting/scene_01/cp_when/run_07_seed_1446821692
608,cp_when,wastesorting,01,8,2855763027,complete,/home/fr/brl/02_BRL_POMDP_CODE/experiments_logs/when_what_mechanisms/20260921_013627_859495/wastesorting/scene_01/cp_when/run_08_seed_2855763027
609,cp_when,wastesorting,01,9,3987872288,complete,/home/fr/brl/02_BRL_POMDP_CODE/experiments_logs/when_what_mechanisms/20260921_013627_859495/wastesorting/scene_01/cp_when/run_09_seed_3987872288
610,cp_when,wastesorting,01,10,3143992301,complete,/home/fr/brl/02_BRL_POMDP_CODE/experiments_logs/when_what_mechanisms/20260921_013627_859495/wastesorting/scene_01/cp_when/run_10_seed_3143992301
611,cp_when,wastesorting,01,11,304491485,complete,/home/fr/brl/02_BRL_POMDP_CODE/experiments_logs/when_what_mechanisms/20260921_013627_859495/wastesorting/scene_01/cp_when/run_11_seed_304491485
612,cp_when,wastesorting,01,12,1469124930,complete,/home/fr/brl/02_BRL_POMDP_CODE/experiments_logs/when_what_mechanisms/20260921_013627_859495/wastesorting/scene_01/cp_when/run_12_seed_1469124930
613,cp_when,wastesorting,01,13,3904873952,complete,/home/fr/brl/02_BRL_POMDP_CODE/experiments_logs/when_what_mechanisms/20260921_013627_859495/wastesorting/scene_01/cp_when/run_13_seed_3904873952
614,cp_when,wastesorting,01,14,1753239905,complete,/home/fr/brl/02_BRL_POMDP_CODE/experiments_logs/when_what_mechanisms/20260921_013627_859495/wastesorting/scene_01/cp_when/run_14_seed_1753239905
615,cp_when,wastesorting,01,15,3890046989,complete,/home/fr/brl/02_BRL_POMDP_CODE/experiments_logs/when_what_mechanisms/20260921_013627_859495/wastesorting/scene_01/cp_when/run_15_seed_3890046989
616,cp_when,wastesorting,01,16,4016452800,complete,/home/fr/brl/02_BRL_POMDP_CODE/experiments_logs/when_what_mechanisms/20260921_013627_859495/wastesorting/scene_01/cp_when/run_16_seed_4016452800
617,cp_when,wastesorting,01,17,1421291149,complete,/home/fr/brl/02_BRL_POMDP_CODE/experiments_logs/when_what_mechanisms/20260921_013627_859495/wastesorting/scene_01/cp_when/run_17_seed_1421291149
618,cp_when,wastesorting,01,18,1201660994,complete,/home/fr/brl/02_BRL_POMDP_CODE/experiments_logs/when_what_mechanisms/20260921_013627_859495/wastesorting/scene_01/cp_when/run_18_seed_1201660994
619,cp_when,wastesorting,01,19,2732686114,complete,/home/fr/brl/02_BRL_POMDP_CODE/experiments_logs/when_what_mechanisms/20260921_013627_859495/wastesorting/scene_01/cp_when/run_19_seed_2732686114
620,cp_when,wastesorting,01,20,3276452260,complete,/home/fr/brl/02_BRL_POMDP_CODE/experiments_logs/when_what_mechanisms/20260921_013627_859495/wastesorting/scene_01/cp_when/run_20_seed_3276452260
621,cp_when,wastesorting,01,21,973561137,complete,/home/fr/brl/02_BRL_POMDP_CODE/experiments_logs/when_what_mechanisms/20260921_013627_859495/wastesorting/scene_01/cp_when/run_21_seed_973561137
622,cp_when,wastesorting,01,22,221659181,complete,/home/fr/brl/02_BRL_POMDP_CODE/experiments_logs/when_what_mechanisms/20260921_013627_859495/wastesorting/scene_01/cp_when/run_22_seed_221659181
623,cp_when,wastesorting,01,23,3794435593,complete,/home/fr/brl/02_BRL_POMDP_CODE/experiments_logs/when_what_mechanisms/20260921_013627_859495/wastesorting/scene_01/cp_when/run_23_seed_3794435593
624,cp_when,wastesorting,01,24,1062380405,complete,/home/fr/brl/02_BRL_POMDP_CODE/experiments_logs/when_what_mechanisms/20260921_013627_859495/wastesorting/scene_01/cp_when/run_24_seed_1062380405
625,cp_when,wastesorting,01,25,2258604627,complete,/home/fr/brl/02_BRL_POMDP_CODE/experiments_logs/when_what_mechanisms/20260921_013627_859495/wastesorting/scene_01/cp_when/run_25_seed_2258604627
626,cp_when,wastesorting,01,26,2829245352,complete,/home/fr/brl/02_BRL_POMDP_CODE/experiments_logs/when_what_mechanisms/20260921_013627_859495/wastesorting/scene_01/cp_when/run_26_seed_2829245352
627,cp_when,wastesorting,01,27,3940097250,complete,/home/fr/brl/02_BRL_POMDP_CODE/experiments_logs/when_what_mechanisms/20260921_013627_859495/wastesorting/scene_01/cp_when/run_27_seed_3940097250
628,cp_when,wastesorting,01,28,2295953812,complete,/home/fr/brl/02_BRL_POMDP_CODE/experiments_logs/when_what_mechanisms/20260921_013627_859495/wastesorting/scene_01/cp_when/run_28_seed_2295953812
629,cp_when,wastesorting,01,29,1147340016,complete,/home/fr/brl/02_BRL_POMDP_CODE/experiments_logs/when_what_mechanisms/20260921_013627_859495/wastesorting/scene_01/cp_when/run_29_seed_1147340016
630,cp_when,wastesorting,01,30,3656921932,complete,/home/fr/brl/02_BRL_POMDP_CODE/experiments_logs/when_what_mechanisms/20260921_013627_859495/wastesorting/scene_01/cp_when/run_30_seed_3656921932
631,cp_when,wastesorting,01,31,834664221,complete,/home/fr/brl/02_BRL_POMDP_CODE/experiments_logs/when_what_mechanisms/20260921_013627_859495/wastesorting/scene_01/cp_when/run_31_seed_834664221
632,cp_when,wastesorting,01,32,2566599462,complete,/home/fr/brl/02_BRL_POMDP_CODE/experiments_logs/when_what_mechanisms/20260921_013627_859495/wastesorting/scene_01/cp_when/run_32_seed_2566599462
633,cp_when,wastesorting,01,33,481330159,complete,/home/fr/brl/02_BRL_POMDP_CODE/experiments_logs/when_what_mechanisms/20260921_013627_859495/wastesorting/scene_01/cp_when/run_33_seed_481330159
634,cp_when,wastesorting,01,34,3722475659,complete,/home/fr/brl/02_BRL_POMDP_CODE/experiments_logs/when_what_mechanisms/20260921_013627_859495/wastesorting/scene_01/cp_when/run_34_seed_3722475659
635,cp_when,wastesorting,01,35,3267154761,complete,/home/fr/brl/02_BRL_POMDP_CODE/experiments_logs/when_what_mechanisms/20260921_013627_859495/wastesorting/scene_01/cp_when/run_35_seed_3267154761
636,cp_when,wastesorting,01,36,2062582486,complete,/home/fr/brl/02_BRL_POMDP_CODE/experiments_logs/when_what_mechanisms/20260921_013627_859495/wastesorting/scene_01/cp_when/run_36_seed_2062582486
637,cp_when,wastesorting,01,37,4001804605,complete,/home/fr/brl/02_BRL_POMDP_CODE/experiments_logs/when_what_mechanisms/20260921_013627_859495/wastesorting/scene_01/cp_when/run_37_seed_4001804605
638,cp_when,wastesorting,01,38,3175035907,complete,/home/fr/brl/02_BRL_POMDP_CODE/experiments_logs/when_what_mechanisms/20260921_013627_859495/wastesorting/scene_01/cp_when/run_38_seed_3175035907
639,cp_when,wastesorting,01,39,3156193605,complete,/home/fr/brl/02_BRL_POMDP_CODE/experiments_logs/when_what_mechanisms/20260921_013627_859495/wastesorting/scene_01/cp_when/run_39_seed_3156193605
640,cp_when,wastesorting,01,40,3862245153,complete,/home/fr/brl/02_BRL_POMDP_CODE/experiments_logs/when_what_mechanisms/20260921_013627_859495/wastesorting/scene_01/cp_when/run_40_seed_3862245153
641,cp_when,wastesorting,02,1,2156641990,complete,/home/fr/brl/02_BRL_POMDP_CODE/experiments_logs/when_what_mechanisms/20260921_013627_859495/wastesorting/scene_02/cp_when/run_01_seed_2156641990
642,cp_when,wastesorting,02,2,715488211,complete,/home/fr/brl/02_BRL_POMDP_CODE/experiments_logs/when_what_mechanisms/20260921_013627_859495/wastesorting/scene_02/cp_when/run_02_seed_715488211
643,cp_when,wastesorting,02,3,1273456514,complete,/home/fr/brl/02_BRL_POMDP_CODE/experiments_logs/when_what_mechanisms/20260921_013627_859495/wastesorting/scene_02/cp_when/run_03_seed_1273456514
644,cp_when,wastesorting,02,4,1679391382,complete,/home/fr/brl/02_BRL_POMDP_CODE/experiments_logs/when_what_mechanisms/20260921_013627_859495/wastesorting/scene_02/cp_when/run_04_seed_1679391382
645,cp_when,wastesorting,02,5,1315496753,complete,/home/fr/brl/02_BRL_POMDP_CODE/experiments_logs/when_what_mechanisms/20260921_013627_859495/wastesorting/scene_02/cp_when/run_05_seed_1315496753
646,cp_when,wastesorting,02,6,3794247199,complete,/home/fr/brl/02_BRL_POMDP_CODE/experiments_logs/when_what_mechanisms/20260921_013627_859495/wastesorting/scene_02/cp_when/run_06_seed_3794247199
647,cp_when,wastesorting,02,7,2628956077,complete,/home/fr/brl/02_BRL_POMDP_CODE/experiments_logs/when_what_mechanisms/20260921_013627_859495/wastesorting/scene_02/cp_when/run_07_seed_2628956077
648,cp_when,wastesorting,02,8,1669852028,complete,/home/fr/brl/02_BRL_POMDP_CODE/experiments_logs/when_what_mechanisms/20260921_013627_859495/wastesorting/scene_02/cp_when/run_08_seed_1669852028
649,cp_when,wastesorting,02,9,2314118130,complete,/home/fr/brl/02_BRL_POMDP_CODE/experiments_logs/when_what_mechanisms/20260921_013627_859495/wastesorting/scene_02/cp_when/run_09_seed_2314118130
650,cp_when,wastesorting,02,10,1150653687,complete,/home/fr/brl/02_BRL_POMDP_CODE/experiments_logs/when_what_mechanisms/20260921_013627_859495/wastesorting/scene_02/cp_when/run_10_seed_1150653687
651,cp_when,wastesorting,02,11,3820178410,complete,/home/fr/brl/02_BRL_POMDP_CODE/experiments_logs/when_what_mechanisms/20260921_013627_859495/wastesorting/scene_02/cp_when/run_11_seed_3820178410
652,cp_when,wastesorting,02,12,1684512935,complete,/home/fr/brl/02_BRL_POMDP_CODE/experiments_logs/when_what_mechanisms/20260921_013627_859495/wastesorting/scene_02/cp_when/run_12_seed_1684512935
653,cp_when,wastesorting,02,13,800159661,complete,/home/fr/brl/02_BRL_POMDP_CODE/experiments_logs/when_what_mechanisms/20260921_013627_859495/wastesorting/scene_02/cp_when/run_13_seed_800159661
654,cp_when,wastesorting,02,14,3132007216,complete,/home/fr/brl/02_BRL_POMDP_CODE/experiments_logs/when_what_mechanisms/20260921_013627_859495/wastesorting/scene_02/cp_when/run_14_seed_3132007216
655,cp_when,wastesorting,02,15,431660203,complete,/home/fr/brl/02_BRL_POMDP_CODE/experiments_logs/when_what_mechanisms/20260921_013627_859495/wastesorting/scene_02/cp_when/run_15_seed_431660203
656,cp_when,wastesorting,02,16,4052769592,complete,/home/fr/brl/02_BRL_POMDP_CODE/experiments_logs/when_what_mechanisms/20260921_013627_859495/wastesorting/scene_02/cp_when/run_16_seed_4052769592
657,cp_when,wastesorting,02,17,1116766657,complete,/home/fr/brl/02_BRL_POMDP_CODE/experiments_logs/when_what_mechanisms/20260921_013627_859495/wastesorting/scene_02/cp_when/run_17_seed_1116766657
658,cp_when,wastesorting,02,18,1960486937,complete,/home/fr/brl/02_BRL_POMDP_CODE/experiments_logs/when_what_mechanisms/20260921_013627_859495/wastesorting/scene_02/cp_when/run_18_seed_1960486937
659,cp_when,wastesorting,02,19,1185595584,complete,/home/fr/brl/02_BRL_POMDP_CODE/experiments_logs/when_what_mechanisms/20260921_013627_859495/wastesorting/scene_02/cp_when/run_19_seed_1185595584
660,cp_when,wastesorting,02,20,2175442287,complete,/home/fr/brl/02_BRL_POMDP_CODE/experiments_logs/when_what_mechanisms/20260921_013627_859495/wastesorting/scene_02/cp_when/run_20_seed_2175442287
661,cp_when,wastesorting,02,21,1478189300,complete,/home/fr/brl/02_BRL_POMDP_CODE/experiments_logs/when_what_mechanisms/20260921_013627_859495/wastesorting/scene_02/cp_when/run_21_seed_1478189300
662,cp_when,wastesorting,02,22,2497538083,complete,/home/fr/brl/02_BRL_POMDP_CODE/experiments_logs/when_what_mechanisms/20260921_013627_859495/wastesorting/scene_02/cp_when/run_22_seed_2497538083
663,cp_when,wastesorting,02,23,92232459,complete,/home/fr/brl/02_BRL_POMDP_CODE/experiments_logs/when_what_mechanisms/20260921_013627_859495/wastesorting/scene_02/cp_when/run_23_seed_92232459
664,cp_when,wastesorting,02,24,3750062435,complete,/home/fr/brl/02_BRL_POMDP_CODE/experiments_logs/when_what_mechanisms/20260921_013627_859495/wastesorting/scene_02/cp_when/run_24_seed_3750062435
665,cp_when,wastesorting,02,25,3666558197,complete,/home/fr/brl/02_BRL_POMDP_CODE/experiments_logs/when_what_mechanisms/20260921_013627_859495/wastesorting/scene_02/cp_when/run_25_seed_3666558197
666,cp_when,wastesorting,02,26,4053942929,complete,/home/fr/brl/02_BRL_POMDP_CODE/experiments_logs/when_what_mechanisms/20260921_013627_859495/wastesorting/scene_02/cp_when/run_26_seed_4053942929
667,cp_when,wastesorting,02,27,1014673370,complete,/home/fr/brl/02_BRL_POMDP_CODE/experiments_logs/when_what_mechanisms/20260921_013627_859495/wastesorting/scene_02/cp_when/run_27_seed_1014673370
668,cp_when,wastesorting,02,28,3041513348,complete,/home/fr/brl/02_BRL_POMDP_CODE/experiments_logs/when_what_mechanisms/20260921_013627_859495/wastesorting/scene_02/cp_when/run_28_seed_3041513348
669,cp_when,wastesorting,02,29,3100998094,complete,/home/fr/brl/02_BRL_POMDP_CODE/experiments_logs/when_what_mechanisms/20260921_013627_859495/wastesorting/scene_02/cp_when/run_29_seed_3100998094
670,cp_when,wastesorting,02,30,2006819571,complete,/home/fr/brl/02_BRL_POMDP_CODE/experiments_logs/when_what_mechanisms/20260921_013627_859495/wastesorting/scene_02/cp_when/run_30_seed_2006819571
671,cp_when,wastesorting,02,31,604661570,complete,/home/fr/brl/02_BRL_POMDP_CODE/experiments_logs/when_what_mechanisms/20260921_013627_859495/wastesorting/scene_02/cp_when/run_31_seed_604661570
672,cp_when,wastesorting,02,32,1859675682,complete,/home/fr/brl/02_BRL_POMDP_CODE/experiments_logs/when_what_mechanisms/20260921_013627_859495/wastesorting/scene_02/cp_when/run_32_seed_1859675682
673,cp_when,wastesorting,02,33,2681088983,complete,/home/fr/brl/02_BRL_POMDP_CODE/experiments_logs/when_what_mechanisms/20260921_013627_859495/wastesorting/scene_02/cp_when/run_33_seed_2681088983
674,cp_when,wastesorting,02,34,2903446598,complete,/home/fr/brl/02_BRL_POMDP_CODE/experiments_logs/when_what_mechanisms/20260921_013627_859495/wastesorting/scene_02/cp_when/run_34_seed_2903446598
675,cp_when,wastesorting,02,35,4138266715,complete,/home/fr/brl/02_BRL_POMDP_CODE/experiments_logs/when_what_mechanisms/20260921_013627_859495/wastesorting/scene_02/cp_when/run_35_seed_4138266715
676,cp_when,wastesorting,02,36,3361930932,complete,/home/fr/brl/02_BRL_POMDP_CODE/experiments_logs/when_what_mechanisms/20260921_013627_859495/wastesorting/scene_02/cp_when/run_36_seed_3361930932
677,cp_when,wastesorting,02,37,2679542969,complete,/home/fr/brl/02_BRL_POMDP_CODE/experiments_logs/when_what_mechanisms/20260921_013627_859495/wastesorting/scene_02/cp_when/run_37_seed_2679542969
678,cp_when,wastesorting,02,38,1191125615,complete,/home/fr/brl/02_BRL_POMDP_CODE/experiments_logs/when_what_mechanisms/20260921_013627_859495/wastesorting/scene_02/cp_when/run_38_seed_1191125615
679,cp_when,wastesorting,02,39,2226175700,complete,/home/fr/brl/02_BRL_POMDP_CODE/experiments_logs/when_what_mechanisms/20260921_013627_859495/wastesorting/scene_02/cp_when/run_39_seed_2226175700
680,cp_when,wastesorting,02,40,3749131969,complete,/home/fr/brl/02_BRL_POMDP_CODE/experiments_logs/when_what_mechanisms/20260921_013627_859495/wastesorting/scene_02/cp_when/run_40_seed_3749131969
681,cp_when,wastesorting,03,1,935228514,complete,/home/fr/brl/02_BRL_POMDP_CODE/experiments_logs/when_what_mechanisms/20260921_013627_859495/wastesorting/scene_03/cp_when/run_01_seed_935228514
682,cp_when,wastesorting,03,2,1971182115,complete,/home/fr/brl/02_BRL_POMDP_CODE/experiments_logs/when_what_mechanisms/20260921_013627_859495/wastesorting/scene_03/cp_when/run_02_seed_1971182115
683,cp_when,wastesorting,03,3,2394637227,complete,/home/fr/brl/02_BRL_POMDP_CODE/experiments_logs/when_what_mechanisms/20260921_013627_859495/wastesorting/scene_03/cp_when/run_03_seed_2394637227
684,cp_when,wastesorting,03,4,3544407771,complete,/home/fr/brl/02_BRL_POMDP_CODE/experiments_logs/when_what_mechanisms/20260921_013627_859495/wastesorting/scene_03/cp_when/run_04_seed_3544407771
685,cp_when,wastesorting,03,5,151419445,complete,/home/fr/brl/02_BRL_POMDP_CODE/experiments_logs/when_what_mechanisms/20260921_013627_859495/wastesorting/scene_03/cp_when/run_05_seed_151419445
686,cp_when,wastesorting,03,6,878097152,complete,/home/fr/brl/02_BRL_POMDP_CODE/experiments_logs/when_what_mechanisms/20260921_013627_859495/wastesorting/scene_03/cp_when/run_06_seed_878097152
687,cp_when,wastesorting,03,7,2160290877,complete,/home/fr/brl/02_BRL_POMDP_CODE/experiments_logs/when_what_mechanisms/20260921_013627_859495/wastesorting/scene_03/cp_when/run_07_seed_2160290877
688,cp_when,wastesorting,03,8,1263200062,complete,/home/fr/brl/02_BRL_POMDP_CODE/experiments_logs/when_what_mechanisms/20260921_013627_859495/wastesorting/scene_03/cp_when/run_08_seed_1263200062
689,cp_when,wastesorting,03,9,2442584840,complete,/home/fr/brl/02_BRL_POMDP_CODE/experiments_logs/when_what_mechanisms/20260921_013627_859495/wastesorting/scene_03/cp_when/run_09_seed_2442584840
690,cp_when,wastesorting,03,10,995062266,complete,/home/fr/brl/02_BRL_POMDP_CODE/experiments_logs/when_what_mechanisms/20260921_013627_859495/wastesorting/scene_03/cp_when/run_10_seed_995062266
691,cp_when,wastesorting,03,11,1757091912,complete,/home/fr/brl/02_BRL_POMDP_CODE/experiments_logs/when_what_mechanisms/20260921_013627_859495/wastesorting/scene_03/cp_when/run_11_seed_1757091912
692,cp_when,wastesorting,03,12,703706258,complete,/home/fr/brl/02_BRL_POMDP_CODE/experiments_logs/when_what_mechanisms/20260921_013627_859495/wastesorting/scene_03/cp_when/run_12_seed_703706258
693,cp_when,wastesorting,03,13,3734705447,complete,/home/fr/brl/02_BRL_POMDP_CODE/experiments_logs/when_what_mechanisms/20260921_013627_859495/wastesorting/scene_03/cp_when/run_13_seed_3734705447
694,cp_when,wastesorting,03,14,808931924,complete,/home/fr/brl/02_BRL_POMDP_CODE/experiments_logs/when_what_mechanisms/20260921_013627_859495/wastesorting/scene_03/cp_when/run_14_seed_808931924
695,cp_when,wastesorting,03,15,1010706734,complete,/home/fr/brl/02_BRL_POMDP_CODE/experiments_logs/when_what_mechanisms/20260921_013627_859495/wastesorting/scene_03/cp_when/run_15_seed_1010706734
696,cp_when,wastesorting,03,16,1790509877,complete,/home/fr/brl/02_BRL_POMDP_CODE/experiments_logs/when_what_mechanisms/20260921_013627_859495/wastesorting/scene_03/cp_when/run_16_seed_1790509877
697,cp_when,wastesorting,03,17,1862543915,complete,/home/fr/brl/02_BRL_POMDP_CODE/experiments_logs/when_what_mechanisms/20260921_013627_859495/wastesorting/scene_03/cp_when/run_17_seed_1862543915
698,cp_when,wastesorting,03,18,2836132436,complete,/home/fr/brl/02_BRL_POMDP_CODE/experiments_logs/when_what_mechanisms/20260921_013627_859495/wastesorting/scene_03/cp_when/run_18_seed_2836132436
699,cp_when,wastesorting,03,19,4248209127,complete,/home/fr/brl/02_BRL_POMDP_CODE/experiments_logs/when_what_mechanisms/20260921_013627_859495/wastesorting/scene_03/cp_when/run_19_seed_4248209127
700,cp_when,wastesorting,03,20,1312241461,complete,/home/fr/brl/02_BRL_POMDP_CODE/experiments_logs/when_what_mechanisms/20260921_013627_859495/wastesorting/scene_03/cp_when/run_20_seed_1312241461
701,cp_when,wastesorting,03,21,1849750684,complete,/home/fr/brl/02_BRL_POMDP_CODE/experiments_logs/when_what_mechanisms/20260921_013627_859495/wastesorting/scene_03/cp_when/run_21_seed_1849750684
702,cp_when,wastesorting,03,22,3532582087,complete,/home/fr/brl/02_BRL_POMDP_CODE/experiments_logs/when_what_mechanisms/20260921_013627_859495/wastesorting/scene_03/cp_when/run_22_seed_3532582087
703,cp_when,wastesorting,03,23,1682900593,complete,/home/fr/brl/02_BRL_POMDP_CODE/experiments_logs/when_what_mechanisms/20260921_013627_859495/wastesorting/scene_03/cp_when/run_23_seed_1682900593
704,cp_when,wastesorting,03,24,2815362486,complete,/home/fr/brl/02_BRL_POMDP_CODE/experiments_logs/when_what_mechanisms/20260921_013627_859495/wastesorting/scene_03/cp_when/run_24_seed_2815362486
705,cp_when,wastesorting,03,25,408728855,complete,/home/fr/brl/02_BRL_POMDP_CODE/experiments_logs/when_what_mechanisms/20260921_013627_859495/wastesorting/scene_03/cp_when/run_25_seed_408728855
706,cp_when,wastesorting,03,26,2192330955,complete,/home/fr/brl/02_BRL_POMDP_CODE/experiments_logs/when_what_mechanisms/20260921_013627_859495/wastesorting/scene_03/cp_when/run_26_seed_2192330955
707,cp_when,wastesorting,03,27,2090573975,complete,/home/fr/brl/02_BRL_POMDP_CODE/experiments_logs/when_what_mechanisms/20260921_013627_859495/wastesorting/scene_03/cp_when/run_27_seed_2090573975
708,cp_when,wastesorting,03,28,1932548607,complete,/home/fr/brl/02_BRL_POMDP_CODE/experiments_logs/when_what_mechanisms/20260921_013627_859495/wastesorting/scene_03/cp_when/run_28_seed_1932548607
709,cp_when,wastesorting,03,29,1123572063,complete,/home/fr/brl/02_BRL_POMDP_CODE/experiments_logs/when_what_mechanisms/20260921_013627_859495/wastesorting/scene_03/cp_when/run_29_seed_1123572063
710,cp_when,wastesorting,03,30,4128056421,complete,/home/fr/brl/02_BRL_POMDP_CODE/experiments_logs/when_what_mechanisms/20260921_013627_859495/wastesorting/scene_03/cp_when/run_30_seed_4128056421
711,cp_when,wastesorting,03,31,428908864,complete,/home/fr/brl/02_BRL_POMDP_CODE/experiments_logs/when_what_mechanisms/20260921_013627_859495/wastesorting/scene_03/cp_when/run_31_seed_428908864
712,cp_when,wastesorting,03,32,3643526193,complete,/home/fr/brl/02_BRL_POMDP_CODE/experiments_logs/when_what_mechanisms/20260921_013627_859495/wastesorting/scene_03/cp_when/run_32_seed_3643526193
713,cp_when,wastesorting,03,33,3925417317,complete,/home/fr/brl/02_BRL_POMDP_CODE/experiments_logs/when_what_mechanisms/20260921_013627_859495/wastesorting/scene_03/cp_when/run_33_seed_3925417317
714,cp_when,wastesorting,03,34,3952233946,complete,/home/fr/brl/02_BRL_POMDP_CODE/experiments_logs/when_what_mechanisms/20260921_013627_859495/wastesorting/scene_03/cp_when/run_34_seed_3952233946
715,cp_when,wastesorting,03,35,3772505736,complete,/home/fr/brl/02_BRL_POMDP_CODE/experiments_logs/when_what_mechanisms/20260921_013627_859495/wastesorting/scene_03/cp_when/run_35_seed_3772505736
716,cp_when,wastesorting,03,36,2200107462,complete,/home/fr/brl/02_BRL_POMDP_CODE/experiments_logs/when_what_mechanisms/20260921_013627_859495/wastesorting/scene_03/cp_when/run_36_seed_2200107462
717,cp_when,wastesorting,03,37,1065524053,complete,/home/fr/brl/02_BRL_POMDP_CODE/experiments_logs/when_what_mechanisms/20260921_013627_859495/wastesorting/scene_03/cp_when/run_37_seed_1065524053
718,cp_when,wastesorting,03,38,1429072852,complete,/home/fr/brl/02_BRL_POMDP_CODE/experiments_logs/when_what_mechanisms/20260921_013627_859495/wastesorting/scene_03/cp_when/run_38_seed_1429072852
719,cp_when,wastesorting,03,39,1198822842,complete,/home/fr/brl/02_BRL_POMDP_CODE/experiments_logs/when_what_mechanisms/20260921_013627_859495/wastesorting/scene_03/cp_when/run_39_seed_1198822842
720,cp_when,wastesorting,03,40,864565644,complete,/home/fr/brl/02_BRL_POMDP_CODE/experiments_logs/when_what_mechanisms/20260921_013627_859495/wastesorting/scene_03/cp_when/run_40_seed_864565644
721,cp_when,wastesorting,04,1,3291161639,complete,/home/fr/brl/02_BRL_POMDP_CODE/experiments_logs/when_what_mechanisms/20260921_013627_859495/wastesorting/scene_04/cp_when/run_01_seed_3291161639
722,cp_when,wastesorting,04,2,1838985415,complete,/home/fr/brl/02_BRL_POMDP_CODE/experiments_logs/when_what_mechanisms/20260921_013627_859495/wastesorting/scene_04/cp_when/run_02_seed_1838985415
723,cp_when,wastesorting,04,3,1973069430,complete,/home/fr/brl/02_BRL_POMDP_CODE/experiments_logs/when_what_mechanisms/20260921_013627_859495/wastesorting/scene_04/cp_when/run_03_seed_1973069430
724,cp_when,wastesorting,04,4,414427021,complete,/home/fr/brl/02_BRL_POMDP_CODE/experiments_logs/when_what_mechanisms/20260921_013627_859495/wastesorting/scene_04/cp_when/run_04_seed_414427021
725,cp_when,wastesorting,04,5,3201562577,complete,/home/fr/brl/02_BRL_POMDP_CODE/experiments_logs/when_what_mechanisms/20260921_013627_859495/wastesorting/scene_04/cp_when/run_05_seed_3201562577
726,cp_when,wastesorting,04,6,2350780499,complete,/home/fr/brl/02_BRL_POMDP_CODE/experiments_logs/when_what_mechanisms/20260921_013627_859495/wastesorting/scene_04/cp_when/run_06_seed_2350780499
727,cp_when,wastesorting,04,7,2401657902,complete,/home/fr/brl/02_BRL_POMDP_CODE/experiments_logs/when_what_mechanisms/20260921_013627_859495/wastesorting/scene_04/cp_when/run_07_seed_2401657902
728,cp_when,wastesorting,04,8,3182553066,complete,/home/fr/brl/02_BRL_POMDP_CODE/experiments_logs/when_what_mechanisms/20260921_013627_859495/wastesorting/scene_04/cp_when/run_08_seed_3182553066
729,cp_when,wastesorting,04,9,1147895942,complete,/home/fr/brl/02_BRL_POMDP_CODE/experiments_logs/when_what_mechanisms/20260921_013627_859495/wastesorting/scene_04/cp_when/run_09_seed_1147895942
730,cp_when,wastesorting,04,10,472386282,complete,/home/fr/brl/02_BRL_POMDP_CODE/experiments_logs/when_what_mechanisms/20260921_013627_859495/wastesorting/scene_04/cp_when/run_10_seed_472386282
731,cp_when,wastesorting,04,11,558605806,complete,/home/fr/brl/02_BRL_POMDP_CODE/experiments_logs/when_what_mechanisms/20260921_013627_859495/wastesorting/scene_04/cp_when/run_11_seed_558605806
732,cp_when,wastesorting,04,12,3110233099,complete,/home/fr/brl/02_BRL_POMDP_CODE/experiments_logs/when_what_mechanisms/20260921_013627_859495/wastesorting/scene_04/cp_when/run_12_seed_3110233099
733,cp_when,wastesorting,04,13,1105776053,complete,/home/fr/brl/02_BRL_POMDP_CODE/experiments_logs/when_what_mechanisms/20260921_013627_859495/wastesorting/scene_04/cp_when/run_13_seed_1105776053
734,cp_when,wastesorting,04,14,3718837247,complete,/home/fr/brl/02_BRL_POMDP_CODE/experiments_logs/when_what_mechanisms/20260921_013627_859495/wastesorting/scene_04/cp_when/run_14_seed_3718837247
735,cp_when,wastesorting,04,15,4193229496,complete,/home/fr/brl/02_BRL_POMDP_CODE/experiments_logs/when_what_mechanisms/20260921_013627_859495/wastesorting/scene_04/cp_when/run_15_seed_4193229496
736,cp_when,wastesorting,04,16,3369209442,complete,/home/fr/brl/02_BRL_POMDP_CODE/experiments_logs/when_what_mechanisms/20260921_013627_859495/wastesorting/scene_04/cp_when/run_16_seed_3369209442
737,cp_when,wastesorting,04,17,3692021791,complete,/home/fr/brl/02_BRL_POMDP_CODE/experiments_logs/when_what_mechanisms/20260921_013627_859495/wastesorting/scene_04/cp_when/run_17_seed_3692021791
738,cp_when,wastesorting,04,18,1445352403,complete,/home/fr/brl/02_BRL_POMDP_CODE/experiments_logs/when_what_mechanisms/20260921_013627_859495/wastesorting/scene_04/cp_when/run_18_seed_1445352403
739,cp_when,wastesorting,04,19,2413410080,complete,/home/fr/brl/02_BRL_POMDP_CODE/experiments_logs/when_what_mechanisms/20260921_013627_859495/wastesorting/scene_04/cp_when/run_19_seed_2413410080
740,cp_when,wastesorting,04,20,3310113005,complete,/home/fr/brl/02_BRL_POMDP_CODE/experiments_logs/when_what_mechanisms/20260921_013627_859495/wastesorting/scene_04/cp_when/run_20_seed_3310113005
741,cp_when,wastesorting,04,21,1619001990,complete,/home/fr/brl/02_BRL_POMDP_CODE/experiments_logs/when_what_mechanisms/20260921_013627_859495/wastesorting/scene_04/cp_when/run_21_seed_1619001990
742,cp_when,wastesorting,04,22,3414205865,complete,/home/fr/brl/02_BRL_POMDP_CODE/experiments_logs/when_what_mechanisms/20260921_013627_859495/wastesorting/scene_04/cp_when/run_22_seed_3414205865
743,cp_when,wastesorting,04,23,3989924643,complete,/home/fr/brl/02_BRL_POMDP_CODE/experiments_logs/when_what_mechanisms/20260921_013627_859495/wastesorting/scene_04/cp_when/run_23_seed_3989924643
744,cp_when,wastesorting,04,24,1493522614,complete,/home/fr/brl/02_BRL_POMDP_CODE/experiments_logs/when_what_mechanisms/20260921_013627_859495/wastesorting/scene_04/cp_when/run_24_seed_1493522614
745,cp_when,wastesorting,04,25,13571565,complete,/home/fr/brl/02_BRL_POMDP_CODE/experiments_logs/when_what_mechanisms/20260921_013627_859495/wastesorting/scene_04/cp_when/run_25_seed_13571565
746,cp_when,wastesorting,04,26,2630099760,complete,/home/fr/brl/02_BRL_POMDP_CODE/experiments_logs/when_what_mechanisms/20260921_013627_859495/wastesorting/scene_04/cp_when/run_26_seed_2630099760
747,cp_when,wastesorting,04,27,3787165175,complete,/home/fr/brl/02_BRL_POMDP_CODE/experiments_logs/when_what_mechanisms/20260921_013627_859495/wastesorting/scene_04/cp_when/run_27_seed_3787165175
748,cp_when,wastesorting,04,28,1518896079,complete,/home/fr/brl/02_BRL_POMDP_CODE/experiments_logs/when_what_mechanisms/20260921_013627_859495/wastesorting/scene_04/cp_when/run_28_seed_1518896079
749,cp_when,wastesorting,04,29,506359200,complete,/home/fr/brl/02_BRL_POMDP_CODE/experiments_logs/when_what_mechanisms/20260921_013627_859495/wastesorting/scene_04/cp_when/run_29_seed_506359200
750,cp_when,wastesorting,04,30,2303938088,complete,/home/fr/brl/02_BRL_POMDP_CODE/experiments_logs/when_what_mechanisms/20260921_013627_859495/wastesorting/scene_04/cp_when/run_30_seed_2303938088
751,cp_when,wastesorting,04,31,1783261924,complete,/home/fr/brl/02_BRL_POMDP_CODE/experiments_logs/when_what_mechanisms/20260921_013627_859495/wastesorting/scene_04/cp_when/run_31_seed_1783261924
752,cp_when,wastesorting,04,32,3973487875,complete,/home/fr/brl/02_BRL_POMDP_CODE/experiments_logs/when_what_mechanisms/20260921_013627_859495/wastesorting/scene_04/cp_when/run_32_seed_3973487875
753,cp_when,wastesorting,04,33,3576324234,complete,/home/fr/brl/02_BRL_POMDP_CODE/experiments_logs/when_what_mechanisms/20260921_013627_859495/wastesorting/scene_04/cp_when/run_33_seed_3576324234
754,cp_when,wastesorting,04,34,3966743771,complete,/home/fr/brl/02_BRL_POMDP_CODE/experiments_logs/when_what_mechanisms/20260921_013627_859495/wastesorting/scene_04/cp_when/run_34_seed_3966743771
755,cp_when,wastesorting,04,35,3292785302,complete,/home/fr/brl/02_BRL_POMDP_CODE/experiments_logs/when_what_mechanisms/20260921_013627_859495/wastesorting/scene_04/cp_when/run_35_seed_3292785302
756,cp_when,wastesorting,04,36,2877610580,complete,/home/fr/brl/02_BRL_POMDP_CODE/experiments_logs/when_what_mechanisms/20260921_013627_859495/wastesorting/scene_04/cp_when/run_36_seed_2877610580
757,cp_when,wastesorting,04,37,1852316728,complete,/home/fr/brl/02_BRL_POMDP_CODE/experiments_logs/when_what_mechanisms/20260921_013627_859495/wastesorting/scene_04/cp_when/run_37_seed_1852316728
758,cp_when,wastesorting,04,38,132699259,complete,/home/fr/brl/02_BRL_POMDP_CODE/experiments_logs/when_what_mechanisms/20260921_013627_859495/wastesorting/scene_04/cp_when/run_38_seed_132699259
759,cp_when,wastesorting,04,39,1117810574,complete,/home/fr/brl/02_BRL_POMDP_CODE/experiments_logs/when_what_mechanisms/20260921_013627_859495/wastesorting/scene_04/cp_when/run_39_seed_1117810574
760,cp_when,wastesorting,04,40,2967203946,complete,/home/fr/brl/02_BRL_POMDP_CODE/experiments_logs/when_what_mechanisms/20260921_013627_859495/wastesorting/scene_04/cp_when/run_40_seed_2967203946
761,cp_when,wastesorting,05,1,630828154,complete,/home/fr/brl/02_BRL_POMDP_CODE/experiments_logs/when_what_mechanisms/20260921_013627_859495/wastesorting/scene_05/cp_when/run_01_seed_630828154
762,cp_when,wastesorting,05,2,435659992,complete,/home/fr/brl/02_BRL_POMDP_CODE/experiments_logs/when_what_mechanisms/20260921_013627_859495/wastesorting/scene_05/cp_when/run_02_seed_435659992
763,cp_when,wastesorting,05,3,3537170530,complete,/home/fr/brl/02_BRL_POMDP_CODE/experiments_logs/when_what_mechanisms/20260921_013627_859495/wastesorting/scene_05/cp_when/run_03_seed_3537170530
764,cp_when,wastesorting,05,4,1280378645,complete,/home/fr/brl/02_BRL_POMDP_CODE/experiments_logs/when_what_mechanisms/20260921_013627_859495/wastesorting/scene_05/cp_when/run_04_seed_1280378645
765,cp_when,wastesorting,05,5,3656925474,complete,/home/fr/brl/02_BRL_POMDP_CODE/experiments_logs/when_what_mechanisms/20260921_013627_859495/wastesorting/scene_05/cp_when/run_05_seed_3656925474
766,cp_when,wastesorting,05,6,1489971784,complete,/home/fr/brl/02_BRL_POMDP_CODE/experiments_logs/when_what_mechanisms/20260921_013627_859495/wastesorting/scene_05/cp_when/run_06_seed_1489971784
767,cp_when,wastesorting,05,7,3520141308,complete,/home/fr/brl/02_BRL_POMDP_CODE/experiments_logs/when_what_mechanisms/20260921_013627_859495/wastesorting/scene_05/cp_when/run_07_seed_3520141308
768,cp_when,wastesorting,05,8,411692590,complete,/home/fr/brl/02_BRL_POMDP_CODE/experiments_logs/when_what_mechanisms/20260921_013627_859495/wastesorting/scene_05/cp_when/run_08_seed_411692590
769,cp_when,wastesorting,05,9,2624923704,complete,/home/fr/brl/02_BRL_POMDP_CODE/experiments_logs/when_what_mechanisms/20260921_013627_859495/wastesorting/scene_05/cp_when/run_09_seed_2624923704
770,cp_when,wastesorting,05,10,3130661448,complete,/home/fr/brl/02_BRL_POMDP_CODE/experiments_logs/when_what_mechanisms/20260921_013627_859495/wastesorting/scene_05/cp_when/run_10_seed_3130661448
771,cp_when,wastesorting,05,11,3622248746,complete,/home/fr/brl/02_BRL_POMDP_CODE/experiments_logs/when_what_mechanisms/20260921_013627_859495/wastesorting/scene_05/cp_when/run_11_seed_3622248746
772,cp_when,wastesorting,05,12,600649243,complete,/home/fr/brl/02_BRL_POMDP_CODE/experiments_logs/when_what_mechanisms/20260921_013627_859495/wastesorting/scene_05/cp_when/run_12_seed_600649243
773,cp_when,wastesorting,05,13,3690243405,complete,/home/fr/brl/02_BRL_POMDP_CODE/experiments_logs/when_what_mechanisms/20260921_013627_859495/wastesorting/scene_05/cp_when/run_13_seed_3690243405
774,cp_when,wastesorting,05,14,2666206818,complete,/home/fr/brl/02_BRL_POMDP_CODE/experiments_logs/when_what_mechanisms/20260921_013627_859495/wastesorting/scene_05/cp_when/run_14_seed_2666206818
775,cp_when,wastesorting,05,15,2681637189,complete,/home/fr/brl/02_BRL_POMDP_CODE/experiments_logs/when_what_mechanisms/20260921_013627_859495/wastesorting/scene_05/cp_when/run_15_seed_2681637189
776,cp_when,wastesorting,05,16,3586644066,complete,/home/fr/brl/02_BRL_POMDP_CODE/experiments_logs/when_what_mechanisms/20260921_013627_859495/wastesorting/scene_05/cp_when/run_16_seed_3586644066
777,cp_when,wastesorting,05,17,3677160998,complete,/home/fr/brl/02_BRL_POMDP_CODE/experiments_logs/when_what_mechanisms/20260921_013627_859495/wastesorting/scene_05/cp_when/run_17_seed_3677160998
778,cp_when,wastesorting,05,18,1159978775,complete,/home/fr/brl/02_BRL_POMDP_CODE/experiments_logs/when_what_mechanisms/20260921_013627_859495/wastesorting/scene_05/cp_when/run_18_seed_1159978775
779,cp_when,wastesorting,05,19,4128091398,complete,/home/fr/brl/02_BRL_POMDP_CODE/experiments_logs/when_what_mechanisms/20260921_013627_859495/wastesorting/scene_05/cp_when/run_19_seed_4128091398
780,cp_when,wastesorting,05,20,3351623416,complete,/home/fr/brl/02_BRL_POMDP_CODE/experiments_logs/when_what_mechanisms/20260921_013627_859495/wastesorting/scene_05/cp_when/run_20_seed_3351623416
781,cp_when,wastesorting,05,21,3215763495,complete,/home/fr/brl/02_BRL_POMDP_CODE/experiments_logs/when_what_mechanisms/20260921_013627_859495/wastesorting/scene_05/cp_when/run_21_seed_3215763495
782,cp_when,wastesorting,05,22,1045924611,complete,/home/fr/brl/02_BRL_POMDP_CODE/experiments_logs/when_what_mechanisms/20260921_013627_859495/wastesorting/scene_05/cp_when/run_22_seed_1045924611
783,cp_when,wastesorting,05,23,449704548,complete,/home/fr/brl/02_BRL_POMDP_CODE/experiments_logs/when_what_mechanisms/20260921_013627_859495/wastesorting/scene_05/cp_when/run_23_seed_449704548
784,cp_when,wastesorting,05,24,1253677920,complete,/home/fr/brl/02_BRL_POMDP_CODE/experiments_logs/when_what_mechanisms/20260921_013627_859495/wastesorting/scene_05/cp_when/run_24_seed_1253677920
785,cp_when,wastesorting,05,25,382724118,complete,/home/fr/brl/02_BRL_POMDP_CODE/experiments_logs/when_what_mechanisms/20260921_013627_859495/wastesorting/scene_05/cp_when/run_25_seed_382724118
786,cp_when,wastesorting,05,26,4085569034,complete,/home/fr/brl/02_BRL_POMDP_CODE/experiments_logs/when_what_mechanisms/20260921_013627_859495/wastesorting/scene_05/cp_when/run_26_seed_4085569034
787,cp_when,wastesorting,05,27,1045529480,complete,/home/fr/brl/02_BRL_POMDP_CODE/experiments_logs/when_what_mechanisms/20260921_013627_859495/wastesorting/scene_05/cp_when/run_27_seed_1045529480
788,cp_when,wastesorting,05,28,2875578355,complete,/home/fr/brl/02_BRL_POMDP_CODE/experiments_logs/when_what_mechanisms/20260921_013627_859495/wastesorting/scene_05/cp_when/run_28_seed_2875578355
789,cp_when,wastesorting,05,29,230996701,complete,/home/fr/brl/02_BRL_POMDP_CODE/experiments_logs/when_what_mechanisms/20260921_013627_859495/wastesorting/scene_05/cp_when/run_29_seed_230996701
790,cp_when,wastesorting,05,30,4259545291,complete,/home/fr/brl/02_BRL_POMDP_CODE/experiments_logs/when_what_mechanisms/20260921_013627_859495/wastesorting/scene_05/cp_when/run_30_seed_4259545291
791,cp_when,wastesorting,05,31,671361218,complete,/home/fr/brl/02_BRL_POMDP_CODE/experiments_logs/when_what_mechanisms/20260921_013627_859495/wastesorting/scene_05/cp_when/run_31_seed_671361218
792,cp_when,wastesorting,05,32,1668817081,complete,/home/fr/brl/02_BRL_POMDP_CODE/experiments_logs/when_what_mechanisms/20260921_013627_859495/wastesorting/scene_05/cp_when/run_32_seed_1668817081
793,cp_when,wastesorting,05,33,3225313600,complete,/home/fr/brl/02_BRL_POMDP_CODE/experiments_logs/when_what_mechanisms/20260921_013627_859495/wastesorting/scene_05/cp_when/run_33_seed_3225313600
794,cp_when,wastesorting,05,34,1380997039,complete,/home/fr/brl/02_BRL_POMDP_CODE/experiments_logs/when_what_mechanisms/20260921_013627_859495/wastesorting/scene_05/cp_when/run_34_seed_1380997039
795,cp_when,wastesorting,05,35,2300990510,complete,/home/fr/brl/02_BRL_POMDP_CODE/experiments_logs/when_what_mechanisms/20260921_013627_859495/wastesorting/scene_05/cp_when/run_35_seed_2300990510
796,cp_when,wastesorting,05,36,2645731214,complete,/home/fr/brl/02_BRL_POMDP_CODE/experiments_logs/when_what_mechanisms/20260921_013627_859495/wastesorting/scene_05/cp_when/run_36_seed_2645731214
797,cp_when,wastesorting,05,37,1980913558,complete,/home/fr/brl/02_BRL_POMDP_CODE/experiments_logs/when_what_mechanisms/20260921_013627_859495/wastesorting/scene_05/cp_when/run_37_seed_1980913558
798,cp_when,wastesorting,05,38,4060354637,complete,/home/fr/brl/02_BRL_POMDP_CODE/experiments_logs/when_what_mechanisms/20260921_013627_859495/wastesorting/scene_05/cp_when/run_38_seed_4060354637
799,cp_when,wastesorting,05,39,3979866682,complete,/home/fr/brl/02_BRL_POMDP_CODE/experiments_logs/when_what_mechanisms/20260921_013627_859495/wastesorting/scene_05/cp_when/run_39_seed_3979866682
800,cp_when,wastesorting,05,40,2741241943,complete,/home/fr/brl/02_BRL_POMDP_CODE/experiments_logs/when_what_mechanisms/20260921_013627_859495/wastesorting/scene_05/cp_when/run_40_seed_2741241943
801,value_when,tomato,01,1,2030859206,complete,/home/fr/brl/02_BRL_POMDP_CODE/experiments_logs/when_what_mechanisms/20260921_013627_859495/tomato/scene_01/value_when/run_01_seed_2030859206
802,value_when,tomato,01,2,2222960263,complete,/home/fr/brl/02_BRL_POMDP_CODE/experiments_logs/when_what_mechanisms/20260921_013627_859495/tomato/scene_01/value_when/run_02_seed_2222960263
803,value_when,tomato,01,3,1273020582,complete,/home/fr/brl/02_BRL_POMDP_CODE/experiments_logs/when_what_mechanisms/20260921_013627_859495/tomato/scene_01/value_when/run_03_seed_1273020582
804,value_when,tomato,01,4,866496583,complete,/home/fr/brl/02_BRL_POMDP_CODE/experiments_logs/when_what_mechanisms/20260921_013627_859495/tomato/scene_01/value_when/run_04_seed_866496583
805,value_when,tomato,01,5,2698243041,complete,/home/fr/brl/02_BRL_POMDP_CODE/experiments_logs/when_what_mechanisms/20260921_013627_859495/tomato/scene_01/value_when/run_05_seed_2698243041
806,value_when,tomato,01,6,1911303750,complete,/home/fr/brl/02_BRL_POMDP_CODE/experiments_logs/when_what_mechanisms/20260921_013627_859495/tomato/scene_01/value_when/run_06_seed_1911303750
807,value_when,tomato,01,7,796400590,complete,/home/fr/brl/02_BRL_POMDP_CODE/experiments_logs/when_what_mechanisms/20260921_013627_859495/tomato/scene_01/value_when/run_07_seed_796400590
808,value_when,tomato,01,8,1201029111,complete,/home/fr/brl/02_BRL_POMDP_CODE/experiments_logs/when_what_mechanisms/20260921_013627_859495/tomato/scene_01/value_when/run_08_seed_1201029111
809,value_when,tomato,01,9,3389846695,complete,/home/fr/brl/02_BRL_POMDP_CODE/experiments_logs/when_what_mechanisms/20260921_013627_859495/tomato/scene_01/value_when/run_09_seed_3389846695
810,value_when,tomato,01,10,2508123787,complete,/home/fr/brl/02_BRL_POMDP_CODE/experiments_logs/when_what_mechanisms/20260921_013627_859495/tomato/scene_01/value_when/run_10_seed_2508123787
811,value_when,tomato,01,11,2741500852,complete,/home/fr/brl/02_BRL_POMDP_CODE/experiments_logs/when_what_mechanisms/20260921_013627_859495/tomato/scene_01/value_when/run_11_seed_2741500852
812,value_when,tomato,01,12,4065849833,complete,/home/fr/brl/02_BRL_POMDP_CODE/experiments_logs/when_what_mechanisms/20260921_013627_859495/tomato/scene_01/value_when/run_12_seed_4065849833
813,value_when,tomato,01,13,821007751,complete,/home/fr/brl/02_BRL_POMDP_CODE/experiments_logs/when_what_mechanisms/20260921_013627_859495/tomato/scene_01/value_when/run_13_seed_821007751
814,value_when,tomato,01,14,965164034,complete,/home/fr/brl/02_BRL_POMDP_CODE/experiments_logs/when_what_mechanisms/20260921_013627_859495/tomato/scene_01/value_when/run_14_seed_965164034
815,value_when,tomato,01,15,3049697230,complete,/home/fr/brl/02_BRL_POMDP_CODE/experiments_logs/when_what_mechanisms/20260921_013627_859495/tomato/scene_01/value_when/run_15_seed_3049697230
816,value_when,tomato,01,16,597016452,complete,/home/fr/brl/02_BRL_POMDP_CODE/experiments_logs/when_what_mechanisms/20260921_013627_859495/tomato/scene_01/value_when/run_16_seed_597016452
817,value_when,tomato,01,17,2027029533,complete,/home/fr/brl/02_BRL_POMDP_CODE/experiments_logs/when_what_mechanisms/20260921_013627_859495/tomato/scene_01/value_when/run_17_seed_2027029533
818,value_when,tomato,01,18,3736902642,complete,/home/fr/brl/02_BRL_POMDP_CODE/experiments_logs/when_what_mechanisms/20260921_013627_859495/tomato/scene_01/value_when/run_18_seed_3736902642
819,value_when,tomato,01,19,323427982,complete,/home/fr/brl/02_BRL_POMDP_CODE/experiments_logs/when_what_mechanisms/20260921_013627_859495/tomato/scene_01/value_when/run_19_seed_323427982
820,value_when,tomato,01,20,311025495,complete,/home/fr/brl/02_BRL_POMDP_CODE/experiments_logs/when_what_mechanisms/20260921_013627_859495/tomato/scene_01/value_when/run_20_seed_311025495
821,value_when,tomato,01,21,871806833,complete,/home/fr/brl/02_BRL_POMDP_CODE/experiments_logs/when_what_mechanisms/20260921_013627_859495/tomato/scene_01/value_when/run_21_seed_871806833
822,value_when,tomato,01,22,217537032,complete,/home/fr/brl/02_BRL_POMDP_CODE/experiments_logs/when_what_mechanisms/20260921_013627_859495/tomato/scene_01/value_when/run_22_seed_217537032
823,value_when,tomato,01,23,532817344,complete,/home/fr/brl/02_BRL_POMDP_CODE/experiments_logs/when_what_mechanisms/20260921_013627_859495/tomato/scene_01/value_when/run_23_seed_532817344
824,value_when,tomato,01,24,3466707993,complete,/home/fr/brl/02_BRL_POMDP_CODE/experiments_logs/when_what_mechanisms/20260921_013627_859495/tomato/scene_01/value_when/run_24_seed_3466707993
825,value_when,tomato,01,25,1649478604,complete,/home/fr/brl/02_BRL_POMDP_CODE/experiments_logs/when_what_mechanisms/20260921_013627_859495/tomato/scene_01/value_when/run_25_seed_1649478604
826,value_when,tomato,01,26,2204152357,complete,/home/fr/brl/02_BRL_POMDP_CODE/experiments_logs/when_what_mechanisms/20260921_013627_859495/tomato/scene_01/value_when/run_26_seed_2204152357
827,value_when,tomato,01,27,1233339309,complete,/home/fr/brl/02_BRL_POMDP_CODE/experiments_logs/when_what_mechanisms/20260921_013627_859495/tomato/scene_01/value_when/run_27_seed_1233339309
828,value_when,tomato,01,28,3357973338,complete,/home/fr/brl/02_BRL_POMDP_CODE/experiments_logs/when_what_mechanisms/20260921_013627_859495/tomato/scene_01/value_when/run_28_seed_3357973338
829,value_when,tomato,01,29,3649707942,complete,/home/fr/brl/02_BRL_POMDP_CODE/experiments_logs/when_what_mechanisms/20260921_013627_859495/tomato/scene_01/value_when/run_29_seed_3649707942
830,value_when,tomato,01,30,3325784884,complete,/home/fr/brl/02_BRL_POMDP_CODE/experiments_logs/when_what_mechanisms/20260921_013627_859495/tomato/scene_01/value_when/run_30_seed_3325784884
831,value_when,tomato,01,31,3877458541,complete,/home/fr/brl/02_BRL_POMDP_CODE/experiments_logs/when_what_mechanisms/20260921_013627_859495/tomato/scene_01/value_when/run_31_seed_3877458541
832,value_when,tomato,01,32,3638621671,complete,/home/fr/brl/02_BRL_POMDP_CODE/experiments_logs/when_what_mechanisms/20260921_013627_859495/tomato/scene_01/value_when/run_32_seed_3638621671
833,value_when,tomato,01,33,1084618528,complete,/home/fr/brl/02_BRL_POMDP_CODE/experiments_logs/when_what_mechanisms/20260921_013627_859495/tomato/scene_01/value_when/run_33_seed_1084618528
834,value_when,tomato,01,34,405999239,complete,/home/fr/brl/02_BRL_POMDP_CODE/experiments_logs/when_what_mechanisms/20260921_013627_859495/tomato/scene_01/value_when/run_34_seed_405999239
835,value_when,tomato,01,35,4028845444,complete,/home/fr/brl/02_BRL_POMDP_CODE/experiments_logs/when_what_mechanisms/20260921_013627_859495/tomato/scene_01/value_when/run_35_seed_4028845444
836,value_when,tomato,01,36,2607182153,complete,/home/fr/brl/02_BRL_POMDP_CODE/experiments_logs/when_what_mechanisms/20260921_013627_859495/tomato/scene_01/value_when/run_36_seed_2607182153
837,value_when,tomato,01,37,338448945,complete,/home/fr/brl/02_BRL_POMDP_CODE/experiments_logs/when_what_mechanisms/20260921_013627_859495/tomato/scene_01/value_when/run_37_seed_338448945
838,value_when,tomato,01,38,3008854274,complete,/home/fr/brl/02_BRL_POMDP_CODE/experiments_logs/when_what_mechanisms/20260921_013627_859495/tomato/scene_01/value_when/run_38_seed_3008854274
839,value_when,tomato,01,39,3373062200,complete,/home/fr/brl/02_BRL_POMDP_CODE/experiments_logs/when_what_mechanisms/20260921_013627_859495/tomato/scene_01/value_when/run_39_seed_3373062200
840,value_when,tomato,01,40,1025671343,complete,/home/fr/brl/02_BRL_POMDP_CODE/experiments_logs/when_what_mechanisms/20260921_013627_859495/tomato/scene_01/value_when/run_40_seed_1025671343
841,value_when,tomato,02,1,233361013,complete,/home/fr/brl/02_BRL_POMDP_CODE/experiments_logs/when_what_mechanisms/20260921_013627_859495/tomato/scene_02/value_when/run_01_seed_233361013
842,value_when,tomato,02,2,3206958523,complete,/home/fr/brl/02_BRL_POMDP_CODE/experiments_logs/when_what_mechanisms/20260921_013627_859495/tomato/scene_02/value_when/run_02_seed_3206958523
843,value_when,tomato,02,3,2306136433,complete,/home/fr/brl/02_BRL_POMDP_CODE/experiments_logs/when_what_mechanisms/20260921_013627_859495/tomato/scene_02/value_when/run_03_seed_2306136433
844,value_when,tomato,02,4,1150817657,complete,/home/fr/brl/02_BRL_POMDP_CODE/experiments_logs/when_what_mechanisms/20260921_013627_859495/tomato/scene_02/value_when/run_04_seed_1150817657
845,value_when,tomato,02,5,418694264,complete,/home/fr/brl/02_BRL_POMDP_CODE/experiments_logs/when_what_mechanisms/20260921_013627_859495/tomato/scene_02/value_when/run_05_seed_418694264
846,value_when,tomato,02,6,2833878170,complete,/home/fr/brl/02_BRL_POMDP_CODE/experiments_logs/when_what_mechanisms/20260921_013627_859495/tomato/scene_02/value_when/run_06_seed_2833878170
847,value_when,tomato,02,7,2876796507,complete,/home/fr/brl/02_BRL_POMDP_CODE/experiments_logs/when_what_mechanisms/20260921_013627_859495/tomato/scene_02/value_when/run_07_seed_2876796507
848,value_when,tomato,02,8,2661673954,complete,/home/fr/brl/02_BRL_POMDP_CODE/experiments_logs/when_what_mechanisms/20260921_013627_859495/tomato/scene_02/value_when/run_08_seed_2661673954
849,value_when,tomato,02,9,3533124505,complete,/home/fr/brl/02_BRL_POMDP_CODE/experiments_logs/when_what_mechanisms/20260921_013627_859495/tomato/scene_02/value_when/run_09_seed_3533124505
850,value_when,tomato,02,10,3751400244,complete,/home/fr/brl/02_BRL_POMDP_CODE/experiments_logs/when_what_mechanisms/20260921_013627_859495/tomato/scene_02/value_when/run_10_seed_3751400244
851,value_when,tomato,02,11,4031054018,complete,/home/fr/brl/02_BRL_POMDP_CODE/experiments_logs/when_what_mechanisms/20260921_013627_859495/tomato/scene_02/value_when/run_11_seed_4031054018
852,value_when,tomato,02,12,1337352578,complete,/home/fr/brl/02_BRL_POMDP_CODE/experiments_logs/when_what_mechanisms/20260921_013627_859495/tomato/scene_02/value_when/run_12_seed_1337352578
853,value_when,tomato,02,13,2571575672,complete,/home/fr/brl/02_BRL_POMDP_CODE/experiments_logs/when_what_mechanisms/20260921_013627_859495/tomato/scene_02/value_when/run_13_seed_2571575672
854,value_when,tomato,02,14,1903174235,complete,/home/fr/brl/02_BRL_POMDP_CODE/experiments_logs/when_what_mechanisms/20260921_013627_859495/tomato/scene_02/value_when/run_14_seed_1903174235
855,value_when,tomato,02,15,1422635806,complete,/home/fr/brl/02_BRL_POMDP_CODE/experiments_logs/when_what_mechanisms/20260921_013627_859495/tomato/scene_02/value_when/run_15_seed_1422635806
856,value_when,tomato,02,16,559761095,complete,/home/fr/brl/02_BRL_POMDP_CODE/experiments_logs/when_what_mechanisms/20260921_013627_859495/tomato/scene_02/value_when/run_16_seed_559761095
857,value_when,tomato,02,17,2324409209,complete,/home/fr/brl/02_BRL_POMDP_CODE/experiments_logs/when_what_mechanisms/20260921_013627_859495/tomato/scene_02/value_when/run_17_seed_2324409209
858,value_when,tomato,02,18,474952343,complete,/home/fr/brl/02_BRL_POMDP_CODE/experiments_logs/when_what_mechanisms/20260921_013627_859495/tomato/scene_02/value_when/run_18_seed_474952343
859,value_when,tomato,02,19,1408900490,complete,/home/fr/brl/02_BRL_POMDP_CODE/experiments_logs/when_what_mechanisms/20260921_013627_859495/tomato/scene_02/value_when/run_19_seed_1408900490
860,value_when,tomato,02,20,1969507524,complete,/home/fr/brl/02_BRL_POMDP_CODE/experiments_logs/when_what_mechanisms/20260921_013627_859495/tomato/scene_02/value_when/run_20_seed_1969507524
861,value_when,tomato,02,21,850676597,complete,/home/fr/brl/02_BRL_POMDP_CODE/experiments_logs/when_what_mechanisms/20260921_013627_859495/tomato/scene_02/value_when/run_21_seed_850676597
862,value_when,tomato,02,22,464102713,complete,/home/fr/brl/02_BRL_POMDP_CODE/experiments_logs/when_what_mechanisms/20260921_013627_859495/tomato/scene_02/value_when/run_22_seed_464102713
863,value_when,tomato,02,23,2639844527,complete,/home/fr/brl/02_BRL_POMDP_CODE/experiments_logs/when_what_mechanisms/20260921_013627_859495/tomato/scene_02/value_when/run_23_seed_2639844527
864,value_when,tomato,02,24,2567273034,complete,/home/fr/brl/02_BRL_POMDP_CODE/experiments_logs/when_what_mechanisms/20260921_013627_859495/tomato/scene_02/value_when/run_24_seed_2567273034
865,value_when,tomato,02,25,3815863427,complete,/home/fr/brl/02_BRL_POMDP_CODE/experiments_logs/when_what_mechanisms/20260921_013627_859495/tomato/scene_02/value_when/run_25_seed_3815863427
866,value_when,tomato,02,26,2421989875,complete,/home/fr/brl/02_BRL_POMDP_CODE/experiments_logs/when_what_mechanisms/20260921_013627_859495/tomato/scene_02/value_when/run_26_seed_2421989875
867,value_when,tomato,02,27,790979284,complete,/home/fr/brl/02_BRL_POMDP_CODE/experiments_logs/when_what_mechanisms/20260921_013627_859495/tomato/scene_02/value_when/run_27_seed_790979284
868,value_when,tomato,02,28,484948157,complete,/home/fr/brl/02_BRL_POMDP_CODE/experiments_logs/when_what_mechanisms/20260921_013627_859495/tomato/scene_02/value_when/run_28_seed_484948157
869,value_when,tomato,02,29,2138595888,complete,/home/fr/brl/02_BRL_POMDP_CODE/experiments_logs/when_what_mechanisms/20260921_013627_859495/tomato/scene_02/value_when/run_29_seed_2138595888
870,value_when,tomato,02,30,63773712,complete,/home/fr/brl/02_BRL_POMDP_CODE/experiments_logs/when_what_mechanisms/20260921_013627_859495/tomato/scene_02/value_when/run_30_seed_63773712
871,value_when,tomato,02,31,3662297998,complete,/home/fr/brl/02_BRL_POMDP_CODE/experiments_logs/when_what_mechanisms/20260921_013627_859495/tomato/scene_02/value_when/run_31_seed_3662297998
872,value_when,tomato,02,32,3249674493,complete,/home/fr/brl/02_BRL_POMDP_CODE/experiments_logs/when_what_mechanisms/20260921_013627_859495/tomato/scene_02/value_when/run_32_seed_3249674493
873,value_when,tomato,02,33,4007070013,complete,/home/fr/brl/02_BRL_POMDP_CODE/experiments_logs/when_what_mechanisms/20260921_013627_859495/tomato/scene_02/value_when/run_33_seed_4007070013
874,value_when,tomato,02,34,2886041855,complete,/home/fr/brl/02_BRL_POMDP_CODE/experiments_logs/when_what_mechanisms/20260921_013627_859495/tomato/scene_02/value_when/run_34_seed_2886041855
875,value_when,tomato,02,35,2293168667,complete,/home/fr/brl/02_BRL_POMDP_CODE/experiments_logs/when_what_mechanisms/20260921_013627_859495/tomato/scene_02/value_when/run_35_seed_2293168667
876,value_when,tomato,02,36,3887351210,complete,/home/fr/brl/02_BRL_POMDP_CODE/experiments_logs/when_what_mechanisms/20260921_013627_859495/tomato/scene_02/value_when/run_36_seed_3887351210
877,value_when,tomato,02,37,2318091321,complete,/home/fr/brl/02_BRL_POMDP_CODE/experiments_logs/when_what_mechanisms/20260921_013627_859495/tomato/scene_02/value_when/run_37_seed_2318091321
878,value_when,tomato,02,38,1919828458,complete,/home/fr/brl/02_BRL_POMDP_CODE/experiments_logs/when_what_mechanisms/20260921_013627_859495/tomato/scene_02/value_when/run_38_seed_1919828458
879,value_when,tomato,02,39,1477592928,complete,/home/fr/brl/02_BRL_POMDP_CODE/experiments_logs/when_what_mechanisms/20260921_013627_859495/tomato/scene_02/value_when/run_39_seed_1477592928
880,value_when,tomato,02,40,742004455,complete,/home/fr/brl/02_BRL_POMDP_CODE/experiments_logs/when_what_mechanisms/20260921_013627_859495/tomato/scene_02/value_when/run_40_seed_742004455
881,value_when,tomato,03,1,2973460405,complete,/home/fr/brl/02_BRL_POMDP_CODE/experiments_logs/when_what_mechanisms/20260921_013627_859495/tomato/scene_03/value_when/run_01_seed_2973460405
882,value_when,tomato,03,2,2984508209,complete,/home/fr/brl/02_BRL_POMDP_CODE/experiments_logs/when_what_mechanisms/20260921_013627_859495/tomato/scene_03/value_when/run_02_seed_2984508209
883,value_when,tomato,03,3,3328359470,complete,/home/fr/brl/02_BRL_POMDP_CODE/experiments_logs/when_what_mechanisms/20260921_013627_859495/tomato/scene_03/value_when/run_03_seed_3328359470
884,value_when,tomato,03,4,2542173252,complete,/home/fr/brl/02_BRL_POMDP_CODE/experiments_logs/when_what_mechanisms/20260921_013627_859495/tomato/scene_03/value_when/run_04_seed_2542173252
885,value_when,tomato,03,5,1895575310,complete,/home/fr/brl/02_BRL_POMDP_CODE/experiments_logs/when_what_mechanisms/20260921_013627_859495/tomato/scene_03/value_when/run_05_seed_1895575310
886,value_when,tomato,03,6,3142806667,complete,/home/fr/brl/02_BRL_POMDP_CODE/experiments_logs/when_what_mechanisms/20260921_013627_859495/tomato/scene_03/value_when/run_06_seed_3142806667
887,value_when,tomato,03,7,1700967682,complete,/home/fr/brl/02_BRL_POMDP_CODE/experiments_logs/when_what_mechanisms/20260921_013627_859495/tomato/scene_03/value_when/run_07_seed_1700967682
888,value_when,tomato,03,8,3374813224,complete,/home/fr/brl/02_BRL_POMDP_CODE/experiments_logs/when_what_mechanisms/20260921_013627_859495/tomato/scene_03/value_when/run_08_seed_3374813224
889,value_when,tomato,03,9,2230064310,complete,/home/fr/brl/02_BRL_POMDP_CODE/experiments_logs/when_what_mechanisms/20260921_013627_859495/tomato/scene_03/value_when/run_09_seed_2230064310
890,value_when,tomato,03,10,2370079434,complete,/home/fr/brl/02_BRL_POMDP_CODE/experiments_logs/when_what_mechanisms/20260921_013627_859495/tomato/scene_03/value_when/run_10_seed_2370079434
891,value_when,tomato,03,11,3620707437,complete,/home/fr/brl/02_BRL_POMDP_CODE/experiments_logs/when_what_mechanisms/20260921_013627_859495/tomato/scene_03/value_when/run_11_seed_3620707437
892,value_when,tomato,03,12,1447435166,complete,/home/fr/brl/02_BRL_POMDP_CODE/experiments_logs/when_what_mechanisms/20260921_013627_859495/tomato/scene_03/value_when/run_12_seed_1447435166
893,value_when,tomato,03,13,975151081,complete,/home/fr/brl/02_BRL_POMDP_CODE/experiments_logs/when_what_mechanisms/20260921_013627_859495/tomato/scene_03/value_when/run_13_seed_975151081
894,value_when,tomato,03,14,3909183007,complete,/home/fr/brl/02_BRL_POMDP_CODE/experiments_logs/when_what_mechanisms/20260921_013627_859495/tomato/scene_03/value_when/run_14_seed_3909183007
895,value_when,tomato,03,15,3611211411,complete,/home/fr/brl/02_BRL_POMDP_CODE/experiments_logs/when_what_mechanisms/20260921_013627_859495/tomato/scene_03/value_when/run_15_seed_3611211411
896,value_when,tomato,03,16,1454289978,complete,/home/fr/brl/02_BRL_POMDP_CODE/experiments_logs/when_what_mechanisms/20260921_013627_859495/tomato/scene_03/value_when/run_16_seed_1454289978
897,value_when,tomato,03,17,3631765459,complete,/home/fr/brl/02_BRL_POMDP_CODE/experiments_logs/when_what_mechanisms/20260921_013627_859495/tomato/scene_03/value_when/run_17_seed_3631765459
898,value_when,tomato,03,18,1005437090,complete,/home/fr/brl/02_BRL_POMDP_CODE/experiments_logs/when_what_mechanisms/20260921_013627_859495/tomato/scene_03/value_when/run_18_seed_1005437090
899,value_when,tomato,03,19,2107246049,complete,/home/fr/brl/02_BRL_POMDP_CODE/experiments_logs/when_what_mechanisms/20260921_013627_859495/tomato/scene_03/value_when/run_19_seed_2107246049
900,value_when,tomato,03,20,2559286479,complete,/home/fr/brl/02_BRL_POMDP_CODE/experiments_logs/when_what_mechanisms/20260921_013627_859495/tomato/scene_03/value_when/run_20_seed_2559286479
901,value_when,tomato,03,21,3814785464,complete,/home/fr/brl/02_BRL_POMDP_CODE/experiments_logs/when_what_mechanisms/20260921_013627_859495/tomato/scene_03/value_when/run_21_seed_3814785464
902,value_when,tomato,03,22,1252332960,complete,/home/fr/brl/02_BRL_POMDP_CODE/experiments_logs/when_what_mechanisms/20260921_013627_859495/tomato/scene_03/value_when/run_22_seed_1252332960
903,value_when,tomato,03,23,4008873019,complete,/home/fr/brl/02_BRL_POMDP_CODE/experiments_logs/when_what_mechanisms/20260921_013627_859495/tomato/scene_03/value_when/run_23_seed_4008873019
904,value_when,tomato,03,24,1627605610,complete,/home/fr/brl/02_BRL_POMDP_CODE/experiments_logs/when_what_mechanisms/20260921_013627_859495/tomato/scene_03/value_when/run_24_seed_1627605610
905,value_when,tomato,03,25,2197107180,complete,/home/fr/brl/02_BRL_POMDP_CODE/experiments_logs/when_what_mechanisms/20260921_013627_859495/tomato/scene_03/value_when/run_25_seed_2197107180
906,value_when,tomato,03,26,70087057,complete,/home/fr/brl/02_BRL_POMDP_CODE/experiments_logs/when_what_mechanisms/20260921_013627_859495/tomato/scene_03/value_when/run_26_seed_70087057
907,value_when,tomato,03,27,8630651,complete,/home/fr/brl/02_BRL_POMDP_CODE/experiments_logs/when_what_mechanisms/20260921_013627_859495/tomato/scene_03/value_when/run_27_seed_8630651
908,value_when,tomato,03,28,657498695,complete,/home/fr/brl/02_BRL_POMDP_CODE/experiments_logs/when_what_mechanisms/20260921_013627_859495/tomato/scene_03/value_when/run_28_seed_657498695
909,value_when,tomato,03,29,1193704404,complete,/home/fr/brl/02_BRL_POMDP_CODE/experiments_logs/when_what_mechanisms/20260921_013627_859495/tomato/scene_03/value_when/run_29_seed_1193704404
910,value_when,tomato,03,30,1712963344,complete,/home/fr/brl/02_BRL_POMDP_CODE/experiments_logs/when_what_mechanisms/20260921_013627_859495/tomato/scene_03/value_when/run_30_seed_1712963344
911,value_when,tomato,03,31,1016817503,complete,/home/fr/brl/02_BRL_POMDP_CODE/experiments_logs/when_what_mechanisms/20260921_013627_859495/tomato/scene_03/value_when/run_31_seed_1016817503
912,value_when,tomato,03,32,4252591664,complete,/home/fr/brl/02_BRL_POMDP_CODE/experiments_logs/when_what_mechanisms/20260921_013627_859495/tomato/scene_03/value_when/run_32_seed_4252591664
913,value_when,tomato,03,33,2630779126,complete,/home/fr/brl/02_BRL_POMDP_CODE/experiments_logs/when_what_mechanisms/20260921_013627_859495/tomato/scene_03/value_when/run_33_seed_2630779126
914,value_when,tomato,03,34,822900858,complete,/home/fr/brl/02_BRL_POMDP_CODE/experiments_logs/when_what_mechanisms/20260921_013627_859495/tomato/scene_03/value_when/run_34_seed_822900858
915,value_when,tomato,03,35,604486275,complete,/home/fr/brl/02_BRL_POMDP_CODE/experiments_logs/when_what_mechanisms/20260921_013627_859495/tomato/scene_03/value_when/run_35_seed_604486275
916,value_when,tomato,03,36,522031486,complete,/home/fr/brl/02_BRL_POMDP_CODE/experiments_logs/when_what_mechanisms/20260921_013627_859495/tomato/scene_03/value_when/run_36_seed_522031486
917,value_when,tomato,03,37,2184183196,complete,/home/fr/brl/02_BRL_POMDP_CODE/experiments_logs/when_what_mechanisms/20260921_013627_859495/tomato/scene_03/value_when/run_37_seed_2184183196
918,value_when,tomato,03,38,2418572032,complete,/home/fr/brl/02_BRL_POMDP_CODE/experiments_logs/when_what_mechanisms/20260921_013627_859495/tomato/scene_03/value_when/run_38_seed_2418572032
919,value_when,tomato,03,39,2436888965,complete,/home/fr/brl/02_BRL_POMDP_CODE/experiments_logs/when_what_mechanisms/20260921_013627_859495/tomato/scene_03/value_when/run_39_seed_2436888965
920,value_when,tomato,03,40,598183825,complete,/home/fr/brl/02_BRL_POMDP_CODE/experiments_logs/when_what_mechanisms/20260921_013627_859495/tomato/scene_03/value_when/run_40_seed_598183825
921,value_when,tomato,04,1,1589093347,complete,/home/fr/brl/02_BRL_POMDP_CODE/experiments_logs/when_what_mechanisms/20260921_013627_859495/tomato/scene_04/value_when/run_01_seed_1589093347
922,value_when,tomato,04,2,712937450,complete,/home/fr/brl/02_BRL_POMDP_CODE/experiments_logs/when_what_mechanisms/20260921_013627_859495/tomato/scene_04/value_when/run_02_seed_712937450
923,value_when,tomato,04,3,3614412854,complete,/home/fr/brl/02_BRL_POMDP_CODE/experiments_logs/when_what_mechanisms/20260921_013627_859495/tomato/scene_04/value_when/run_03_seed_3614412854
924,value_when,tomato,04,4,2390740933,complete,/home/fr/brl/02_BRL_POMDP_CODE/experiments_logs/when_what_mechanisms/20260921_013627_859495/tomato/scene_04/value_when/run_04_seed_2390740933
925,value_when,tomato,04,5,2642505031,complete,/home/fr/brl/02_BRL_POMDP_CODE/experiments_logs/when_what_mechanisms/20260921_013627_859495/tomato/scene_04/value_when/run_05_seed_2642505031
926,value_when,tomato,04,6,442300768,complete,/home/fr/brl/02_BRL_POMDP_CODE/experiments_logs/when_what_mechanisms/20260921_013627_859495/tomato/scene_04/value_when/run_06_seed_442300768
927,value_when,tomato,04,7,3661502133,complete,/home/fr/brl/02_BRL_POMDP_CODE/experiments_logs/when_what_mechanisms/20260921_013627_859495/tomato/scene_04/value_when/run_07_seed_3661502133
928,value_when,tomato,04,8,236854069,complete,/home/fr/brl/02_BRL_POMDP_CODE/experiments_logs/when_what_mechanisms/20260921_013627_859495/tomato/scene_04/value_when/run_08_seed_236854069
929,value_when,tomato,04,9,2387734993,complete,/home/fr/brl/02_BRL_POMDP_CODE/experiments_logs/when_what_mechanisms/20260921_013627_859495/tomato/scene_04/value_when/run_09_seed_2387734993
930,value_when,tomato,04,10,321661848,complete,/home/fr/brl/02_BRL_POMDP_CODE/experiments_logs/when_what_mechanisms/20260921_013627_859495/tomato/scene_04/value_when/run_10_seed_321661848
931,value_when,tomato,04,11,2993320002,complete,/home/fr/brl/02_BRL_POMDP_CODE/experiments_logs/when_what_mechanisms/20260921_013627_859495/tomato/scene_04/value_when/run_11_seed_2993320002
932,value_when,tomato,04,12,1109362184,complete,/home/fr/brl/02_BRL_POMDP_CODE/experiments_logs/when_what_mechanisms/20260921_013627_859495/tomato/scene_04/value_when/run_12_seed_1109362184
933,value_when,tomato,04,13,3815955531,complete,/home/fr/brl/02_BRL_POMDP_CODE/experiments_logs/when_what_mechanisms/20260921_013627_859495/tomato/scene_04/value_when/run_13_seed_3815955531
934,value_when,tomato,04,14,2941533860,complete,/home/fr/brl/02_BRL_POMDP_CODE/experiments_logs/when_what_mechanisms/20260921_013627_859495/tomato/scene_04/value_when/run_14_seed_2941533860
935,value_when,tomato,04,15,2020323328,complete,/home/fr/brl/02_BRL_POMDP_CODE/experiments_logs/when_what_mechanisms/20260921_013627_859495/tomato/scene_04/value_when/run_15_seed_2020323328
936,value_when,tomato,04,16,3712541616,complete,/home/fr/brl/02_BRL_POMDP_CODE/experiments_logs/when_what_mechanisms/20260921_013627_859495/tomato/scene_04/value_when/run_16_seed_3712541616
937,value_when,tomato,04,17,3169457126,complete,/home/fr/brl/02_BRL_POMDP_CODE/experiments_logs/when_what_mechanisms/20260921_013627_859495/tomato/scene_04/value_when/run_17_seed_3169457126
938,value_when,tomato,04,18,3948166740,complete,/home/fr/brl/02_BRL_POMDP_CODE/experiments_logs/when_what_mechanisms/20260921_013627_859495/tomato/scene_04/value_when/run_18_seed_3948166740
939,value_when,tomato,04,19,1552731229,complete,/home/fr/brl/02_BRL_POMDP_CODE/experiments_logs/when_what_mechanisms/20260921_013627_859495/tomato/scene_04/value_when/run_19_seed_1552731229
940,value_when,tomato,04,20,1337586660,complete,/home/fr/brl/02_BRL_POMDP_CODE/experiments_logs/when_what_mechanisms/20260921_013627_859495/tomato/scene_04/value_when/run_20_seed_1337586660
941,value_when,tomato,04,21,56491935,complete,/home/fr/brl/02_BRL_POMDP_CODE/experiments_logs/when_what_mechanisms/20260921_013627_859495/tomato/scene_04/value_when/run_21_seed_56491935
942,value_when,tomato,04,22,2771536334,complete,/home/fr/brl/02_BRL_POMDP_CODE/experiments_logs/when_what_mechanisms/20260921_013627_859495/tomato/scene_04/value_when/run_22_seed_2771536334
943,value_when,tomato,04,23,3227930555,complete,/home/fr/brl/02_BRL_POMDP_CODE/experiments_logs/when_what_mechanisms/20260921_013627_859495/tomato/scene_04/value_when/run_23_seed_3227930555
944,value_when,tomato,04,24,740609622,complete,/home/fr/brl/02_BRL_POMDP_CODE/experiments_logs/when_what_mechanisms/20260921_013627_859495/tomato/scene_04/value_when/run_24_seed_740609622
945,value_when,tomato,04,25,218967378,complete,/home/fr/brl/02_BRL_POMDP_CODE/experiments_logs/when_what_mechanisms/20260921_013627_859495/tomato/scene_04/value_when/run_25_seed_218967378
946,value_when,tomato,04,26,1040908402,complete,/home/fr/brl/02_BRL_POMDP_CODE/experiments_logs/when_what_mechanisms/20260921_013627_859495/tomato/scene_04/value_when/run_26_seed_1040908402
947,value_when,tomato,04,27,2220313702,complete,/home/fr/brl/02_BRL_POMDP_CODE/experiments_logs/when_what_mechanisms/20260921_013627_859495/tomato/scene_04/value_when/run_27_seed_2220313702
948,value_when,tomato,04,28,168160880,complete,/home/fr/brl/02_BRL_POMDP_CODE/experiments_logs/when_what_mechanisms/20260921_013627_859495/tomato/scene_04/value_when/run_28_seed_168160880
949,value_when,tomato,04,29,3141647287,complete,/home/fr/brl/02_BRL_POMDP_CODE/experiments_logs/when_what_mechanisms/20260921_013627_859495/tomato/scene_04/value_when/run_29_seed_3141647287
950,value_when,tomato,04,30,2135663053,complete,/home/fr/brl/02_BRL_POMDP_CODE/experiments_logs/when_what_mechanisms/20260921_013627_859495/tomato/scene_04/value_when/run_30_seed_2135663053
951,value_when,tomato,04,31,2392905031,complete,/home/fr/brl/02_BRL_POMDP_CODE/experiments_logs/when_what_mechanisms/20260921_013627_859495/tomato/scene_04/value_when/run_31_seed_2392905031
952,value_when,tomato,04,32,3372736775,complete,/home/fr/brl/02_BRL_POMDP_CODE/experiments_logs/when_what_mechanisms/20260921_013627_859495/tomato/scene_04/value_when/run_32_seed_3372736775
953,value_when,tomato,04,33,3386497120,complete,/home/fr/brl/02_BRL_POMDP_CODE/experiments_logs/when_what_mechanisms/20260921_013627_859495/tomato/scene_04/value_when/run_33_seed_3386497120
954,value_when,tomato,04,34,1167440852,complete,/home/fr/brl/02_BRL_POMDP_CODE/experiments_logs/when_what_mechanisms/20260921_013627_859495/tomato/scene_04/value_when/run_34_seed_1167440852
955,value_when,tomato,04,35,222360660,complete,/home/fr/brl/02_BRL_POMDP_CODE/experiments_logs/when_what_mechanisms/20260921_013627_859495/tomato/scene_04/value_when/run_35_seed_222360660
956,value_when,tomato,04,36,216321642,complete,/home/fr/brl/02_BRL_POMDP_CODE/experiments_logs/when_what_mechanisms/20260921_013627_859495/tomato/scene_04/value_when/run_36_seed_216321642
957,value_when,tomato,04,37,1141903763,complete,/home/fr/brl/02_BRL_POMDP_CODE/experiments_logs/when_what_mechanisms/20260921_013627_859495/tomato/scene_04/value_when/run_37_seed_1141903763
958,value_when,tomato,04,38,2219488844,complete,/home/fr/brl/02_BRL_POMDP_CODE/experiments_logs/when_what_mechanisms/20260921_013627_859495/tomato/scene_04/value_when/run_38_seed_2219488844
959,value_when,tomato,04,39,3931316609,complete,/home/fr/brl/02_BRL_POMDP_CODE/experiments_logs/when_what_mechanisms/20260921_013627_859495/tomato/scene_04/value_when/run_39_seed_3931316609
960,value_when,tomato,04,40,3315816046,complete,/home/fr/brl/02_BRL_POMDP_CODE/experiments_logs/when_what_mechanisms/20260921_013627_859495/tomato/scene_04/value_when/run_40_seed_3315816046
961,value_when,tomato,05,1,3945754139,complete,/home/fr/brl/02_BRL_POMDP_CODE/experiments_logs/when_what_mechanisms/20260921_013627_859495/tomato/scene_05/value_when/run_01_seed_3945754139
962,value_when,tomato,05,2,259038599,complete,/home/fr/brl/02_BRL_POMDP_CODE/experiments_logs/when_what_mechanisms/20260921_013627_859495/tomato/scene_05/value_when/run_02_seed_259038599
963,value_when,tomato,05,3,2898963405,complete,/home/fr/brl/02_BRL_POMDP_CODE/experiments_logs/when_what_mechanisms/20260921_013627_859495/tomato/scene_05/value_when/run_03_seed_2898963405
964,value_when,tomato,05,4,1746555867,complete,/home/fr/brl/02_BRL_POMDP_CODE/experiments_logs/when_what_mechanisms/20260921_013627_859495/tomato/scene_05/value_when/run_04_seed_1746555867
965,value_when,tomato,05,5,879805946,complete,/home/fr/brl/02_BRL_POMDP_CODE/experiments_logs/when_what_mechanisms/20260921_013627_859495/tomato/scene_05/value_when/run_05_seed_879805946
966,value_when,tomato,05,6,1691996467,complete,/home/fr/brl/02_BRL_POMDP_CODE/experiments_logs/when_what_mechanisms/20260921_013627_859495/tomato/scene_05/value_when/run_06_seed_1691996467
967,value_when,tomato,05,7,2654066318,complete,/home/fr/brl/02_BRL_POMDP_CODE/experiments_logs/when_what_mechanisms/20260921_013627_859495/tomato/scene_05/value_when/run_07_seed_2654066318
968,value_when,tomato,05,8,715972481,complete,/home/fr/brl/02_BRL_POMDP_CODE/experiments_logs/when_what_mechanisms/20260921_013627_859495/tomato/scene_05/value_when/run_08_seed_715972481
969,value_when,tomato,05,9,794861334,complete,/home/fr/brl/02_BRL_POMDP_CODE/experiments_logs/when_what_mechanisms/20260921_013627_859495/tomato/scene_05/value_when/run_09_seed_794861334
970,value_when,tomato,05,10,179847475,complete,/home/fr/brl/02_BRL_POMDP_CODE/experiments_logs/when_what_mechanisms/20260921_013627_859495/tomato/scene_05/value_when/run_10_seed_179847475
971,value_when,tomato,05,11,2141224597,complete,/home/fr/brl/02_BRL_POMDP_CODE/experiments_logs/when_what_mechanisms/20260921_013627_859495/tomato/scene_05/value_when/run_11_seed_2141224597
972,value_when,tomato,05,12,3873493540,complete,/home/fr/brl/02_BRL_POMDP_CODE/experiments_logs/when_what_mechanisms/20260921_013627_859495/tomato/scene_05/value_when/run_12_seed_3873493540
973,value_when,tomato,05,13,444653586,complete,/home/fr/brl/02_BRL_POMDP_CODE/experiments_logs/when_what_mechanisms/20260921_013627_859495/tomato/scene_05/value_when/run_13_seed_444653586
974,value_when,tomato,05,14,2591322916,complete,/home/fr/brl/02_BRL_POMDP_CODE/experiments_logs/when_what_mechanisms/20260921_013627_859495/tomato/scene_05/value_when/run_14_seed_2591322916
975,value_when,tomato,05,15,2082077157,complete,/home/fr/brl/02_BRL_POMDP_CODE/experiments_logs/when_what_mechanisms/20260921_013627_859495/tomato/scene_05/value_when/run_15_seed_2082077157
976,value_when,tomato,05,16,1584111328,complete,/home/fr/brl/02_BRL_POMDP_CODE/experiments_logs/when_what_mechanisms/20260921_013627_859495/tomato/scene_05/value_when/run_16_seed_1584111328
977,value_when,tomato,05,17,2883494985,complete,/home/fr/brl/02_BRL_POMDP_CODE/experiments_logs/when_what_mechanisms/20260921_013627_859495/tomato/scene_05/value_when/run_17_seed_2883494985
978,value_when,tomato,05,18,2222584418,complete,/home/fr/brl/02_BRL_POMDP_CODE/experiments_logs/when_what_mechanisms/20260921_013627_859495/tomato/scene_05/value_when/run_18_seed_2222584418
979,value_when,tomato,05,19,1573496301,complete,/home/fr/brl/02_BRL_POMDP_CODE/experiments_logs/when_what_mechanisms/20260921_013627_859495/tomato/scene_05/value_when/run_19_seed_1573496301
980,value_when,tomato,05,20,3850832736,complete,/home/fr/brl/02_BRL_POMDP_CODE/experiments_logs/when_what_mechanisms/20260921_013627_859495/tomato/scene_05/value_when/run_20_seed_3850832736
981,value_when,tomato,05,21,1896365895,complete,/home/fr/brl/02_BRL_POMDP_CODE/experiments_logs/when_what_mechanisms/20260921_013627_859495/tomato/scene_05/value_when/run_21_seed_1896365895
982,value_when,tomato,05,22,2128654182,complete,/home/fr/brl/02_BRL_POMDP_CODE/experiments_logs/when_what_mechanisms/20260921_013627_859495/tomato/scene_05/value_when/run_22_seed_2128654182
983,value_when,tomato,05,23,3471226395,complete,/home/fr/brl/02_BRL_POMDP_CODE/experiments_logs/when_what_mechanisms/20260921_013627_859495/tomato/scene_05/value_when/run_23_seed_3471226395
984,value_when,tomato,05,24,1127296088,complete,/home/fr/brl/02_BRL_POMDP_CODE/experiments_logs/when_what_mechanisms/20260921_013627_859495/tomato/scene_05/value_when/run_24_seed_1127296088
985,value_when,tomato,05,25,346784313,complete,/home/fr/brl/02_BRL_POMDP_CODE/experiments_logs/when_what_mechanisms/20260921_013627_859495/tomato/scene_05/value_when/run_25_seed_346784313
986,value_when,tomato,05,26,1271340849,complete,/home/fr/brl/02_BRL_POMDP_CODE/experiments_logs/when_what_mechanisms/20260921_013627_859495/tomato/scene_05/value_when/run_26_seed_1271340849
987,value_when,tomato,05,27,1196215500,complete,/home/fr/brl/02_BRL_POMDP_CODE/experiments_logs/when_what_mechanisms/20260921_013627_859495/tomato/scene_05/value_when/run_27_seed_1196215500
988,value_when,tomato,05,28,3594782946,complete,/home/fr/brl/02_BRL_POMDP_CODE/experiments_logs/when_what_mechanisms/20260921_013627_859495/tomato/scene_05/value_when/run_28_seed_3594782946
989,value_when,tomato,05,29,3869246695,complete,/home/fr/brl/02_BRL_POMDP_CODE/experiments_logs/when_what_mechanisms/20260921_013627_859495/tomato/scene_05/value_when/run_29_seed_3869246695
990,value_when,tomato,05,30,2231101089,complete,/home/fr/brl/02_BRL_POMDP_CODE/experiments_logs/when_what_mechanisms/20260921_013627_859495/tomato/scene_05/value_when/run_30_seed_2231101089
991,value_when,tomato,05,31,28332744,complete,/home/fr/brl/02_BRL_POMDP_CODE/experiments_logs/when_what_mechanisms/20260921_013627_859495/tomato/scene_05/value_when/run_31_seed_28332744
992,value_when,tomato,05,32,815541928,complete,/home/fr/brl/02_BRL_POMDP_CODE/experiments_logs/when_what_mechanisms/20260921_013627_859495/tomato/scene_05/value_when/run_32_seed_815541928
993,value_when,tomato,05,33,3637968608,complete,/home/fr/brl/02_BRL_POMDP_CODE/experiments_logs/when_what_mechanisms/20260921_013627_859495/tomato/scene_05/value_when/run_33_seed_3637968608
994,value_when,tomato,05,34,1985644872,complete,/home/fr/brl/02_BRL_POMDP_CODE/experiments_logs/when_what_mechanisms/20260921_013627_859495/tomato/scene_05/value_when/run_34_seed_1985644872
995,value_when,tomato,05,35,589229374,complete,/home/fr/brl/02_BRL_POMDP_CODE/experiments_logs/when_what_mechanisms/20260921_013627_859495/tomato/scene_05/value_when/run_35_seed_589229374
996,value_when,tomato,05,36,1101473435,complete,/home/fr/brl/02_BRL_POMDP_CODE/experiments_logs/when_what_mechanisms/20260921_013627_859495/tomato/scene_05/value_when/run_36_seed_1101473435
997,value_when,tomato,05,37,3696024021,complete,/home/fr/brl/02_BRL_POMDP_CODE/experiments_logs/when_what_mechanisms/20260921_013627_859495/tomato/scene_05/value_when/run_37_seed_3696024021
998,value_when,tomato,05,38,4191848859,complete,/home/fr/brl/02_BRL_POMDP_CODE/experiments_logs/when_what_mechanisms/20260921_013627_859495/tomato/scene_05/value_when/run_38_seed_4191848859
999,value_when,tomato,05,39,1042830735,complete,/home/fr/brl/02_BRL_POMDP_CODE/experiments_logs/when_what_mechanisms/20260921_013627_859495/tomato/scene_05/value_when/run_39_seed_1042830735
1000,value_when,tomato,05,40,3034198474,complete,/home/fr/brl/02_BRL_POMDP_CODE/experiments_logs/when_what_mechanisms/20260921_013627_859495/tomato/scene_05/value_when/run_40_seed_3034198474
1001,value_when,wastesorting,01,1,4064545001,complete,/home/fr/brl/02_BRL_POMDP_CODE/experiments_logs/when_what_mechanisms/20260921_013627_859495/wastesorting/scene_01/value_when/run_01_seed_4064545001
1002,value_when,wastesorting,01,2,3622402991,complete,/home/fr/brl/02_BRL_POMDP_CODE/experiments_logs/when_what_mechanisms/20260921_013627_859495/wastesorting/scene_01/value_when/run_02_seed_3622402991
1003,value_when,wastesorting,01,3,2310768630,complete,/home/fr/brl/02_BRL_POMDP_CODE/experiments_logs/when_what_mechanisms/20260921_013627_859495/wastesorting/scene_01/value_when/run_03_seed_2310768630
1004,value_when,wastesorting,01,4,2226680570,complete,/home/fr/brl/02_BRL_POMDP_CODE/experiments_logs/when_what_mechanisms/20260921_013627_859495/wastesorting/scene_01/value_when/run_04_seed_2226680570
1005,value_when,wastesorting,01,5,4139245423,complete,/home/fr/brl/02_BRL_POMDP_CODE/experiments_logs/when_what_mechanisms/20260921_013627_859495/wastesorting/scene_01/value_when/run_05_seed_4139245423
1006,value_when,wastesorting,01,6,3176006814,complete,/home/fr/brl/02_BRL_POMDP_CODE/experiments_logs/when_what_mechanisms/20260921_013627_859495/wastesorting/scene_01/value_when/run_06_seed_3176006814
1007,value_when,wastesorting,01,7,1446821692,complete,/home/fr/brl/02_BRL_POMDP_CODE/experiments_logs/when_what_mechanisms/20260921_013627_859495/wastesorting/scene_01/value_when/run_07_seed_1446821692
1008,value_when,wastesorting,01,8,2855763027,complete,/home/fr/brl/02_BRL_POMDP_CODE/experiments_logs/when_what_mechanisms/20260921_013627_859495/wastesorting/scene_01/value_when/run_08_seed_2855763027
1009,value_when,wastesorting,01,9,3987872288,complete,/home/fr/brl/02_BRL_POMDP_CODE/experiments_logs/when_what_mechanisms/20260921_013627_859495/wastesorting/scene_01/value_when/run_09_seed_3987872288
1010,value_when,wastesorting,01,10,3143992301,complete,/home/fr/brl/02_BRL_POMDP_CODE/experiments_logs/when_what_mechanisms/20260921_013627_859495/wastesorting/scene_01/value_when/run_10_seed_3143992301
1011,value_when,wastesorting,01,11,304491485,complete,/home/fr/brl/02_BRL_POMDP_CODE/experiments_logs/when_what_mechanisms/20260921_013627_859495/wastesorting/scene_01/value_when/run_11_seed_304491485
1012,value_when,wastesorting,01,12,1469124930,complete,/home/fr/brl/02_BRL_POMDP_CODE/experiments_logs/when_what_mechanisms/20260921_013627_859495/wastesorting/scene_01/value_when/run_12_seed_1469124930
1013,value_when,wastesorting,01,13,3904873952,complete,/home/fr/brl/02_BRL_POMDP_CODE/experiments_logs/when_what_mechanisms/20260921_013627_859495/wastesorting/scene_01/value_when/run_13_seed_3904873952
1014,value_when,wastesorting,01,14,1753239905,complete,/home/fr/brl/02_BRL_POMDP_CODE/experiments_logs/when_what_mechanisms/20260921_013627_859495/wastesorting/scene_01/value_when/run_14_seed_1753239905
1015,value_when,wastesorting,01,15,3890046989,complete,/home/fr/brl/02_BRL_POMDP_CODE/experiments_logs/when_what_mechanisms/20260921_013627_859495/wastesorting/scene_01/value_when/run_15_seed_3890046989
1016,value_when,wastesorting,01,16,4016452800,complete,/home/fr/brl/02_BRL_POMDP_CODE/experiments_logs/when_what_mechanisms/20260921_013627_859495/wastesorting/scene_01/value_when/run_16_seed_4016452800
1017,value_when,wastesorting,01,17,1421291149,complete,/home/fr/brl/02_BRL_POMDP_CODE/experiments_logs/when_what_mechanisms/20260921_013627_859495/wastesorting/scene_01/value_when/run_17_seed_1421291149
1018,value_when,wastesorting,01,18,1201660994,complete,/home/fr/brl/02_BRL_POMDP_CODE/experiments_logs/when_what_mechanisms/20260921_013627_859495/wastesorting/scene_01/value_when/run_18_seed_1201660994
1019,value_when,wastesorting,01,19,2732686114,complete,/home/fr/brl/02_BRL_POMDP_CODE/experiments_logs/when_what_mechanisms/20260921_013627_859495/wastesorting/scene_01/value_when/run_19_seed_2732686114
1020,value_when,wastesorting,01,20,3276452260,complete,/home/fr/brl/02_BRL_POMDP_CODE/experiments_logs/when_what_mechanisms/20260921_013627_859495/wastesorting/scene_01/value_when/run_20_seed_3276452260
1021,value_when,wastesorting,01,21,973561137,complete,/home/fr/brl/02_BRL_POMDP_CODE/experiments_logs/when_what_mechanisms/20260921_013627_859495/wastesorting/scene_01/value_when/run_21_seed_973561137
1022,value_when,wastesorting,01,22,221659181,complete,/home/fr/brl/02_BRL_POMDP_CODE/experiments_logs/when_what_mechanisms/20260921_013627_859495/wastesorting/scene_01/value_when/run_22_seed_221659181
1023,value_when,wastesorting,01,23,3794435593,complete,/home/fr/brl/02_BRL_POMDP_CODE/experiments_logs/when_what_mechanisms/20260921_013627_859495/wastesorting/scene_01/value_when/run_23_seed_3794435593
1024,value_when,wastesorting,01,24,1062380405,complete,/home/fr/brl/02_BRL_POMDP_CODE/experiments_logs/when_what_mechanisms/20260921_013627_859495/wastesorting/scene_01/value_when/run_24_seed_1062380405
1025,value_when,wastesorting,01,25,2258604627,complete,/home/fr/brl/02_BRL_POMDP_CODE/experiments_logs/when_what_mechanisms/20260921_013627_859495/wastesorting/scene_01/value_when/run_25_seed_2258604627
1026,value_when,wastesorting,01,26,2829245352,complete,/home/fr/brl/02_BRL_POMDP_CODE/experiments_logs/when_what_mechanisms/20260921_013627_859495/wastesorting/scene_01/value_when/run_26_seed_2829245352
1027,value_when,wastesorting,01,27,3940097250,complete,/home/fr/brl/02_BRL_POMDP_CODE/experiments_logs/when_what_mechanisms/20260921_013627_859495/wastesorting/scene_01/value_when/run_27_seed_3940097250
1028,value_when,wastesorting,01,28,2295953812,complete,/home/fr/brl/02_BRL_POMDP_CODE/experiments_logs/when_what_mechanisms/20260921_013627_859495/wastesorting/scene_01/value_when/run_28_seed_2295953812
1029,value_when,wastesorting,01,29,1147340016,complete,/home/fr/brl/02_BRL_POMDP_CODE/experiments_logs/when_what_mechanisms/20260921_013627_859495/wastesorting/scene_01/value_when/run_29_seed_1147340016
1030,value_when,wastesorting,01,30,3656921932,complete,/home/fr/brl/02_BRL_POMDP_CODE/experiments_logs/when_what_mechanisms/20260921_013627_859495/wastesorting/scene_01/value_when/run_30_seed_3656921932
1031,value_when,wastesorting,01,31,834664221,complete,/home/fr/brl/02_BRL_POMDP_CODE/experiments_logs/when_what_mechanisms/20260921_013627_859495/wastesorting/scene_01/value_when/run_31_seed_834664221
1032,value_when,wastesorting,01,32,2566599462,complete,/home/fr/brl/02_BRL_POMDP_CODE/experiments_logs/when_what_mechanisms/20260921_013627_859495/wastesorting/scene_01/value_when/run_32_seed_2566599462
1033,value_when,wastesorting,01,33,481330159,complete,/home/fr/brl/02_BRL_POMDP_CODE/experiments_logs/when_what_mechanisms/20260921_013627_859495/wastesorting/scene_01/value_when/run_33_seed_481330159
1034,value_when,wastesorting,01,34,3722475659,complete,/home/fr/brl/02_BRL_POMDP_CODE/experiments_logs/when_what_mechanisms/20260921_013627_859495/wastesorting/scene_01/value_when/run_34_seed_3722475659
1035,value_when,wastesorting,01,35,3267154761,complete,/home/fr/brl/02_BRL_POMDP_CODE/experiments_logs/when_what_mechanisms/20260921_013627_859495/wastesorting/scene_01/value_when/run_35_seed_3267154761
1036,value_when,wastesorting,01,36,2062582486,complete,/home/fr/brl/02_BRL_POMDP_CODE/experiments_logs/when_what_mechanisms/20260921_013627_859495/wastesorting/scene_01/value_when/run_36_seed_2062582486
1037,value_when,wastesorting,01,37,4001804605,complete,/home/fr/brl/02_BRL_POMDP_CODE/experiments_logs/when_what_mechanisms/20260921_013627_859495/wastesorting/scene_01/value_when/run_37_seed_4001804605
1038,value_when,wastesorting,01,38,3175035907,complete,/home/fr/brl/02_BRL_POMDP_CODE/experiments_logs/when_what_mechanisms/20260921_013627_859495/wastesorting/scene_01/value_when/run_38_seed_3175035907
1039,value_when,wastesorting,01,39,3156193605,complete,/home/fr/brl/02_BRL_POMDP_CODE/experiments_logs/when_what_mechanisms/20260921_013627_859495/wastesorting/scene_01/value_when/run_39_seed_3156193605
1040,value_when,wastesorting,01,40,3862245153,complete,/home/fr/brl/02_BRL_POMDP_CODE/experiments_logs/when_what_mechanisms/20260921_013627_859495/wastesorting/scene_01/value_when/run_40_seed_3862245153
1041,value_when,wastesorting,02,1,2156641990,complete,/home/fr/brl/02_BRL_POMDP_CODE/experiments_logs/when_what_mechanisms/20260921_013627_859495/wastesorting/scene_02/value_when/run_01_seed_2156641990
1042,value_when,wastesorting,02,2,715488211,complete,/home/fr/brl/02_BRL_POMDP_CODE/experiments_logs/when_what_mechanisms/20260921_013627_859495/wastesorting/scene_02/value_when/run_02_seed_715488211
1043,value_when,wastesorting,02,3,1273456514,complete,/home/fr/brl/02_BRL_POMDP_CODE/experiments_logs/when_what_mechanisms/20260921_013627_859495/wastesorting/scene_02/value_when/run_03_seed_1273456514
1044,value_when,wastesorting,02,4,1679391382,complete,/home/fr/brl/02_BRL_POMDP_CODE/experiments_logs/when_what_mechanisms/20260921_013627_859495/wastesorting/scene_02/value_when/run_04_seed_1679391382
1045,value_when,wastesorting,02,5,1315496753,complete,/home/fr/brl/02_BRL_POMDP_CODE/experiments_logs/when_what_mechanisms/20260921_013627_859495/wastesorting/scene_02/value_when/run_05_seed_1315496753
1046,value_when,wastesorting,02,6,3794247199,complete,/home/fr/brl/02_BRL_POMDP_CODE/experiments_logs/when_what_mechanisms/20260921_013627_859495/wastesorting/scene_02/value_when/run_06_seed_3794247199
1047,value_when,wastesorting,02,7,2628956077,complete,/home/fr/brl/02_BRL_POMDP_CODE/experiments_logs/when_what_mechanisms/20260921_013627_859495/wastesorting/scene_02/value_when/run_07_seed_2628956077
1048,value_when,wastesorting,02,8,1669852028,complete,/home/fr/brl/02_BRL_POMDP_CODE/experiments_logs/when_what_mechanisms/20260921_013627_859495/wastesorting/scene_02/value_when/run_08_seed_1669852028
1049,value_when,wastesorting,02,9,2314118130,complete,/home/fr/brl/02_BRL_POMDP_CODE/experiments_logs/when_what_mechanisms/20260921_013627_859495/wastesorting/scene_02/value_when/run_09_seed_2314118130
1050,value_when,wastesorting,02,10,1150653687,complete,/home/fr/brl/02_BRL_POMDP_CODE/experiments_logs/when_what_mechanisms/20260921_013627_859495/wastesorting/scene_02/value_when/run_10_seed_1150653687
1051,value_when,wastesorting,02,11,3820178410,complete,/home/fr/brl/02_BRL_POMDP_CODE/experiments_logs/when_what_mechanisms/20260921_013627_859495/wastesorting/scene_02/value_when/run_11_seed_3820178410
1052,value_when,wastesorting,02,12,1684512935,complete,/home/fr/brl/02_BRL_POMDP_CODE/experiments_logs/when_what_mechanisms/20260921_013627_859495/wastesorting/scene_02/value_when/run_12_seed_1684512935
1053,value_when,wastesorting,02,13,800159661,complete,/home/fr/brl/02_BRL_POMDP_CODE/experiments_logs/when_what_mechanisms/20260921_013627_859495/wastesorting/scene_02/value_when/run_13_seed_800159661
1054,value_when,wastesorting,02,14,3132007216,complete,/home/fr/brl/02_BRL_POMDP_CODE/experiments_logs/when_what_mechanisms/20260921_013627_859495/wastesorting/scene_02/value_when/run_14_seed_3132007216
1055,value_when,wastesorting,02,15,431660203,complete,/home/fr/brl/02_BRL_POMDP_CODE/experiments_logs/when_what_mechanisms/20260921_013627_859495/wastesorting/scene_02/value_when/run_15_seed_431660203
1056,value_when,wastesorting,02,16,4052769592,complete,/home/fr/brl/02_BRL_POMDP_CODE/experiments_logs/when_what_mechanisms/20260921_013627_859495/wastesorting/scene_02/value_when/run_16_seed_4052769592
1057,value_when,wastesorting,02,17,1116766657,complete,/home/fr/brl/02_BRL_POMDP_CODE/experiments_logs/when_what_mechanisms/20260921_013627_859495/wastesorting/scene_02/value_when/run_17_seed_1116766657
1058,value_when,wastesorting,02,18,1960486937,complete,/home/fr/brl/02_BRL_POMDP_CODE/experiments_logs/when_what_mechanisms/20260921_013627_859495/wastesorting/scene_02/value_when/run_18_seed_1960486937
1059,value_when,wastesorting,02,19,1185595584,complete,/home/fr/brl/02_BRL_POMDP_CODE/experiments_logs/when_what_mechanisms/20260921_013627_859495/wastesorting/scene_02/value_when/run_19_seed_1185595584
1060,value_when,wastesorting,02,20,2175442287,complete,/home/fr/brl/02_BRL_POMDP_CODE/experiments_logs/when_what_mechanisms/20260921_013627_859495/wastesorting/scene_02/value_when/run_20_seed_2175442287
1061,value_when,wastesorting,02,21,1478189300,complete,/home/fr/brl/02_BRL_POMDP_CODE/experiments_logs/when_what_mechanisms/20260921_013627_859495/wastesorting/scene_02/value_when/run_21_seed_1478189300
1062,value_when,wastesorting,02,22,2497538083,complete,/home/fr/brl/02_BRL_POMDP_CODE/experiments_logs/when_what_mechanisms/20260921_013627_859495/wastesorting/scene_02/value_when/run_22_seed_2497538083
1063,value_when,wastesorting,02,23,92232459,complete,/home/fr/brl/02_BRL_POMDP_CODE/experiments_logs/when_what_mechanisms/20260921_013627_859495/wastesorting/scene_02/value_when/run_23_seed_92232459
1064,value_when,wastesorting,02,24,3750062435,complete,/home/fr/brl/02_BRL_POMDP_CODE/experiments_logs/when_what_mechanisms/20260921_013627_859495/wastesorting/scene_02/value_when/run_24_seed_3750062435
1065,value_when,wastesorting,02,25,3666558197,complete,/home/fr/brl/02_BRL_POMDP_CODE/experiments_logs/when_what_mechanisms/20260921_013627_859495/wastesorting/scene_02/value_when/run_25_seed_3666558197
1066,value_when,wastesorting,02,26,4053942929,complete,/home/fr/brl/02_BRL_POMDP_CODE/experiments_logs/when_what_mechanisms/20260921_013627_859495/wastesorting/scene_02/value_when/run_26_seed_4053942929
1067,value_when,wastesorting,02,27,1014673370,complete,/home/fr/brl/02_BRL_POMDP_CODE/experiments_logs/when_what_mechanisms/20260921_013627_859495/wastesorting/scene_02/value_when/run_27_seed_1014673370
1068,value_when,wastesorting,02,28,3041513348,complete,/home/fr/brl/02_BRL_POMDP_CODE/experiments_logs/when_what_mechanisms/20260921_013627_859495/wastesorting/scene_02/value_when/run_28_seed_3041513348
1069,value_when,wastesorting,02,29,3100998094,complete,/home/fr/brl/02_BRL_POMDP_CODE/experiments_logs/when_what_mechanisms/20260921_013627_859495/wastesorting/scene_02/value_when/run_29_seed_3100998094
1070,value_when,wastesorting,02,30,2006819571,complete,/home/fr/brl/02_BRL_POMDP_CODE/experiments_logs/when_what_mechanisms/20260921_013627_859495/wastesorting/scene_02/value_when/run_30_seed_2006819571
1071,value_when,wastesorting,02,31,604661570,complete,/home/fr/brl/02_BRL_POMDP_CODE/experiments_logs/when_what_mechanisms/20260921_013627_859495/wastesorting/scene_02/value_when/run_31_seed_604661570
1072,value_when,wastesorting,02,32,1859675682,complete,/home/fr/brl/02_BRL_POMDP_CODE/experiments_logs/when_what_mechanisms/20260921_013627_859495/wastesorting/scene_02/value_when/run_32_seed_1859675682
1073,value_when,wastesorting,02,33,2681088983,complete,/home/fr/brl/02_BRL_POMDP_CODE/experiments_logs/when_what_mechanisms/20260921_013627_859495/wastesorting/scene_02/value_when/run_33_seed_2681088983
1074,value_when,wastesorting,02,34,2903446598,complete,/home/fr/brl/02_BRL_POMDP_CODE/experiments_logs/when_what_mechanisms/20260921_013627_859495/wastesorting/scene_02/value_when/run_34_seed_2903446598
1075,value_when,wastesorting,02,35,4138266715,complete,/home/fr/brl/02_BRL_POMDP_CODE/experiments_logs/when_what_mechanisms/20260921_013627_859495/wastesorting/scene_02/value_when/run_35_seed_4138266715
1076,value_when,wastesorting,02,36,3361930932,complete,/home/fr/brl/02_BRL_POMDP_CODE/experiments_logs/when_what_mechanisms/20260921_013627_859495/wastesorting/scene_02/value_when/run_36_seed_3361930932
1077,value_when,wastesorting,02,37,2679542969,complete,/home/fr/brl/02_BRL_POMDP_CODE/experiments_logs/when_what_mechanisms/20260921_013627_859495/wastesorting/scene_02/value_when/run_37_seed_2679542969
1078,value_when,wastesorting,02,38,1191125615,complete,/home/fr/brl/02_BRL_POMDP_CODE/experiments_logs/when_what_mechanisms/20260921_013627_859495/wastesorting/scene_02/value_when/run_38_seed_1191125615
1079,value_when,wastesorting,02,39,2226175700,complete,/home/fr/brl/02_BRL_POMDP_CODE/experiments_logs/when_what_mechanisms/20260921_013627_859495/wastesorting/scene_02/value_when/run_39_seed_2226175700
1080,value_when,wastesorting,02,40,3749131969,complete,/home/fr/brl/02_BRL_POMDP_CODE/experiments_logs/when_what_mechanisms/20260921_013627_859495/wastesorting/scene_02/value_when/run_40_seed_3749131969
1081,value_when,wastesorting,03,1,935228514,complete,/home/fr/brl/02_BRL_POMDP_CODE/experiments_logs/when_what_mechanisms/20260921_013627_859495/wastesorting/scene_03/value_when/run_01_seed_935228514
1082,value_when,wastesorting,03,2,1971182115,complete,/home/fr/brl/02_BRL_POMDP_CODE/experiments_logs/when_what_mechanisms/20260921_013627_859495/wastesorting/scene_03/value_when/run_02_seed_1971182115
1083,value_when,wastesorting,03,3,2394637227,complete,/home/fr/brl/02_BRL_POMDP_CODE/experiments_logs/when_what_mechanisms/20260921_013627_859495/wastesorting/scene_03/value_when/run_03_seed_2394637227
1084,value_when,wastesorting,03,4,3544407771,complete,/home/fr/brl/02_BRL_POMDP_CODE/experiments_logs/when_what_mechanisms/20260921_013627_859495/wastesorting/scene_03/value_when/run_04_seed_3544407771
1085,value_when,wastesorting,03,5,151419445,complete,/home/fr/brl/02_BRL_POMDP_CODE/experiments_logs/when_what_mechanisms/20260921_013627_859495/wastesorting/scene_03/value_when/run_05_seed_151419445
1086,value_when,wastesorting,03,6,878097152,complete,/home/fr/brl/02_BRL_POMDP_CODE/experiments_logs/when_what_mechanisms/20260921_013627_859495/wastesorting/scene_03/value_when/run_06_seed_878097152
1087,value_when,wastesorting,03,7,2160290877,complete,/home/fr/brl/02_BRL_POMDP_CODE/experiments_logs/when_what_mechanisms/20260921_013627_859495/wastesorting/scene_03/value_when/run_07_seed_2160290877
1088,value_when,wastesorting,03,8,1263200062,complete,/home/fr/brl/02_BRL_POMDP_CODE/experiments_logs/when_what_mechanisms/20260921_013627_859495/wastesorting/scene_03/value_when/run_08_seed_1263200062
1089,value_when,wastesorting,03,9,2442584840,complete,/home/fr/brl/02_BRL_POMDP_CODE/experiments_logs/when_what_mechanisms/20260921_013627_859495/wastesorting/scene_03/value_when/run_09_seed_2442584840
1090,value_when,wastesorting,03,10,995062266,complete,/home/fr/brl/02_BRL_POMDP_CODE/experiments_logs/when_what_mechanisms/20260921_013627_859495/wastesorting/scene_03/value_when/run_10_seed_995062266
1091,value_when,wastesorting,03,11,1757091912,complete,/home/fr/brl/02_BRL_POMDP_CODE/experiments_logs/when_what_mechanisms/20260921_013627_859495/wastesorting/scene_03/value_when/run_11_seed_1757091912
1092,value_when,wastesorting,03,12,703706258,complete,/home/fr/brl/02_BRL_POMDP_CODE/experiments_logs/when_what_mechanisms/20260921_013627_859495/wastesorting/scene_03/value_when/run_12_seed_703706258
1093,value_when,wastesorting,03,13,3734705447,complete,/home/fr/brl/02_BRL_POMDP_CODE/experiments_logs/when_what_mechanisms/20260921_013627_859495/wastesorting/scene_03/value_when/run_13_seed_3734705447
1094,value_when,wastesorting,03,14,808931924,complete,/home/fr/brl/02_BRL_POMDP_CODE/experiments_logs/when_what_mechanisms/20260921_013627_859495/wastesorting/scene_03/value_when/run_14_seed_808931924
1095,value_when,wastesorting,03,15,1010706734,complete,/home/fr/brl/02_BRL_POMDP_CODE/experiments_logs/when_what_mechanisms/20260921_013627_859495/wastesorting/scene_03/value_when/run_15_seed_1010706734
1096,value_when,wastesorting,03,16,1790509877,complete,/home/fr/brl/02_BRL_POMDP_CODE/experiments_logs/when_what_mechanisms/20260921_013627_859495/wastesorting/scene_03/value_when/run_16_seed_1790509877
1097,value_when,wastesorting,03,17,1862543915,complete,/home/fr/brl/02_BRL_POMDP_CODE/experiments_logs/when_what_mechanisms/20260921_013627_859495/wastesorting/scene_03/value_when/run_17_seed_1862543915
1098,value_when,wastesorting,03,18,2836132436,complete,/home/fr/brl/02_BRL_POMDP_CODE/experiments_logs/when_what_mechanisms/20260921_013627_859495/wastesorting/scene_03/value_when/run_18_seed_2836132436
1099,value_when,wastesorting,03,19,4248209127,complete,/home/fr/brl/02_BRL_POMDP_CODE/experiments_logs/when_what_mechanisms/20260921_013627_859495/wastesorting/scene_03/value_when/run_19_seed_4248209127
1100,value_when,wastesorting,03,20,1312241461,complete,/home/fr/brl/02_BRL_POMDP_CODE/experiments_logs/when_what_mechanisms/20260921_013627_859495/wastesorting/scene_03/value_when/run_20_seed_1312241461
1101,value_when,wastesorting,03,21,1849750684,complete,/home/fr/brl/02_BRL_POMDP_CODE/experiments_logs/when_what_mechanisms/20260921_013627_859495/wastesorting/scene_03/value_when/run_21_seed_1849750684
1102,value_when,wastesorting,03,22,3532582087,complete,/home/fr/brl/02_BRL_POMDP_CODE/experiments_logs/when_what_mechanisms/20260921_013627_859495/wastesorting/scene_03/value_when/run_22_seed_3532582087
1103,value_when,wastesorting,03,23,1682900593,complete,/home/fr/brl/02_BRL_POMDP_CODE/experiments_logs/when_what_mechanisms/20260921_013627_859495/wastesorting/scene_03/value_when/run_23_seed_1682900593
1104,value_when,wastesorting,03,24,2815362486,complete,/home/fr/brl/02_BRL_POMDP_CODE/experiments_logs/when_what_mechanisms/20260921_013627_859495/wastesorting/scene_03/value_when/run_24_seed_2815362486
1105,value_when,wastesorting,03,25,408728855,complete,/home/fr/brl/02_BRL_POMDP_CODE/experiments_logs/when_what_mechanisms/20260921_013627_859495/wastesorting/scene_03/value_when/run_25_seed_408728855
1106,value_when,wastesorting,03,26,2192330955,complete,/home/fr/brl/02_BRL_POMDP_CODE/experiments_logs/when_what_mechanisms/20260921_013627_859495/wastesorting/scene_03/value_when/run_26_seed_2192330955
1107,value_when,wastesorting,03,27,2090573975,complete,/home/fr/brl/02_BRL_POMDP_CODE/experiments_logs/when_what_mechanisms/20260921_013627_859495/wastesorting/scene_03/value_when/run_27_seed_2090573975
1108,value_when,wastesorting,03,28,1932548607,complete,/home/fr/brl/02_BRL_POMDP_CODE/experiments_logs/when_what_mechanisms/20260921_013627_859495/wastesorting/scene_03/value_when/run_28_seed_1932548607
1109,value_when,wastesorting,03,29,1123572063,complete,/home/fr/brl/02_BRL_POMDP_CODE/experiments_logs/when_what_mechanisms/20260921_013627_859495/wastesorting/scene_03/value_when/run_29_seed_1123572063
1110,value_when,wastesorting,03,30,4128056421,complete,/home/fr/brl/02_BRL_POMDP_CODE/experiments_logs/when_what_mechanisms/20260921_013627_859495/wastesorting/scene_03/value_when/run_30_seed_4128056421
1111,value_when,wastesorting,03,31,428908864,complete,/home/fr/brl/02_BRL_POMDP_CODE/experiments_logs/when_what_mechanisms/20260921_013627_859495/wastesorting/scene_03/value_when/run_31_seed_428908864
1112,value_when,wastesorting,03,32,3643526193,complete,/home/fr/brl/02_BRL_POMDP_CODE/experiments_logs/when_what_mechanisms/20260921_013627_859495/wastesorting/scene_03/value_when/run_32_seed_3643526193
1113,value_when,wastesorting,03,33,3925417317,complete,/home/fr/brl/02_BRL_POMDP_CODE/experiments_logs/when_what_mechanisms/20260921_013627_859495/wastesorting/scene_03/value_when/run_33_seed_3925417317
1114,value_when,wastesorting,03,34,3952233946,complete,/home/fr/brl/02_BRL_POMDP_CODE/experiments_logs/when_what_mechanisms/20260921_013627_859495/wastesorting/scene_03/value_when/run_34_seed_3952233946
1115,value_when,wastesorting,03,35,3772505736,complete,/home/fr/brl/02_BRL_POMDP_CODE/experiments_logs/when_what_mechanisms/20260921_013627_859495/wastesorting/scene_03/value_when/run_35_seed_3772505736
1116,value_when,wastesorting,03,36,2200107462,complete,/home/fr/brl/02_BRL_POMDP_CODE/experiments_logs/when_what_mechanisms/20260921_013627_859495/wastesorting/scene_03/value_when/run_36_seed_2200107462
1117,value_when,wastesorting,03,37,1065524053,complete,/home/fr/brl/02_BRL_POMDP_CODE/experiments_logs/when_what_mechanisms/20260921_013627_859495/wastesorting/scene_03/value_when/run_37_seed_1065524053
1118,value_when,wastesorting,03,38,1429072852,complete,/home/fr/brl/02_BRL_POMDP_CODE/experiments_logs/when_what_mechanisms/20260921_013627_859495/wastesorting/scene_03/value_when/run_38_seed_1429072852
1119,value_when,wastesorting,03,39,1198822842,complete,/home/fr/brl/02_BRL_POMDP_CODE/experiments_logs/when_what_mechanisms/20260921_013627_859495/wastesorting/scene_03/value_when/run_39_seed_1198822842
1120,value_when,wastesorting,03,40,864565644,complete,/home/fr/brl/02_BRL_POMDP_CODE/experiments_logs/when_what_mechanisms/20260921_013627_859495/wastesorting/scene_03/value_when/run_40_seed_864565644
1121,value_when,wastesorting,04,1,3291161639,complete,/home/fr/brl/02_BRL_POMDP_CODE/experiments_logs/when_what_mechanisms/20260921_013627_859495/wastesorting/scene_04/value_when/run_01_seed_3291161639
1122,value_when,wastesorting,04,2,1838985415,complete,/home/fr/brl/02_BRL_POMDP_CODE/experiments_logs/when_what_mechanisms/20260921_013627_859495/wastesorting/scene_04/value_when/run_02_seed_1838985415
1123,value_when,wastesorting,04,3,1973069430,complete,/home/fr/brl/02_BRL_POMDP_CODE/experiments_logs/when_what_mechanisms/20260921_013627_859495/wastesorting/scene_04/value_when/run_03_seed_1973069430
1124,value_when,wastesorting,04,4,414427021,complete,/home/fr/brl/02_BRL_POMDP_CODE/experiments_logs/when_what_mechanisms/20260921_013627_859495/wastesorting/scene_04/value_when/run_04_seed_414427021
1125,value_when,wastesorting,04,5,3201562577,complete,/home/fr/brl/02_BRL_POMDP_CODE/experiments_logs/when_what_mechanisms/20260921_013627_859495/wastesorting/scene_04/value_when/run_05_seed_3201562577
1126,value_when,wastesorting,04,6,2350780499,complete,/home/fr/brl/02_BRL_POMDP_CODE/experiments_logs/when_what_mechanisms/20260921_013627_859495/wastesorting/scene_04/value_when/run_06_seed_2350780499
1127,value_when,wastesorting,04,7,2401657902,complete,/home/fr/brl/02_BRL_POMDP_CODE/experiments_logs/when_what_mechanisms/20260921_013627_859495/wastesorting/scene_04/value_when/run_07_seed_2401657902
1128,value_when,wastesorting,04,8,3182553066,complete,/home/fr/brl/02_BRL_POMDP_CODE/experiments_logs/when_what_mechanisms/20260921_013627_859495/wastesorting/scene_04/value_when/run_08_seed_3182553066
1129,value_when,wastesorting,04,9,1147895942,complete,/home/fr/brl/02_BRL_POMDP_CODE/experiments_logs/when_what_mechanisms/20260921_013627_859495/wastesorting/scene_04/value_when/run_09_seed_1147895942
1130,value_when,wastesorting,04,10,472386282,complete,/home/fr/brl/02_BRL_POMDP_CODE/experiments_logs/when_what_mechanisms/20260921_013627_859495/wastesorting/scene_04/value_when/run_10_seed_472386282
1131,value_when,wastesorting,04,11,558605806,complete,/home/fr/brl/02_BRL_POMDP_CODE/experiments_logs/when_what_mechanisms/20260921_013627_859495/wastesorting/scene_04/value_when/run_11_seed_558605806
1132,value_when,wastesorting,04,12,3110233099,complete,/home/fr/brl/02_BRL_POMDP_CODE/experiments_logs/when_what_mechanisms/20260921_013627_859495/wastesorting/scene_04/value_when/run_12_seed_3110233099
1133,value_when,wastesorting,04,13,1105776053,complete,/home/fr/brl/02_BRL_POMDP_CODE/experiments_logs/when_what_mechanisms/20260921_013627_859495/wastesorting/scene_04/value_when/run_13_seed_1105776053
1134,value_when,wastesorting,04,14,3718837247,complete,/home/fr/brl/02_BRL_POMDP_CODE/experiments_logs/when_what_mechanisms/20260921_013627_859495/wastesorting/scene_04/value_when/run_14_seed_3718837247
1135,value_when,wastesorting,04,15,4193229496,complete,/home/fr/brl/02_BRL_POMDP_CODE/experiments_logs/when_what_mechanisms/20260921_013627_859495/wastesorting/scene_04/value_when/run_15_seed_4193229496
1136,value_when,wastesorting,04,16,3369209442,complete,/home/fr/brl/02_BRL_POMDP_CODE/experiments_logs/when_what_mechanisms/20260921_013627_859495/wastesorting/scene_04/value_when/run_16_seed_3369209442
1137,value_when,wastesorting,04,17,3692021791,complete,/home/fr/brl/02_BRL_POMDP_CODE/experiments_logs/when_what_mechanisms/20260921_013627_859495/wastesorting/scene_04/value_when/run_17_seed_3692021791
1138,value_when,wastesorting,04,18,1445352403,complete,/home/fr/brl/02_BRL_POMDP_CODE/experiments_logs/when_what_mechanisms/20260921_013627_859495/wastesorting/scene_04/value_when/run_18_seed_1445352403
1139,value_when,wastesorting,04,19,2413410080,complete,/home/fr/brl/02_BRL_POMDP_CODE/experiments_logs/when_what_mechanisms/20260921_013627_859495/wastesorting/scene_04/value_when/run_19_seed_2413410080
1140,value_when,wastesorting,04,20,3310113005,complete,/home/fr/brl/02_BRL_POMDP_CODE/experiments_logs/when_what_mechanisms/20260921_013627_859495/wastesorting/scene_04/value_when/run_20_seed_3310113005
1141,value_when,wastesorting,04,21,1619001990,complete,/home/fr/brl/02_BRL_POMDP_CODE/experiments_logs/when_what_mechanisms/20260921_013627_859495/wastesorting/scene_04/value_when/run_21_seed_1619001990
1142,value_when,wastesorting,04,22,3414205865,complete,/home/fr/brl/02_BRL_POMDP_CODE/experiments_logs/when_what_mechanisms/20260921_013627_859495/wastesorting/scene_04/value_when/run_22_seed_3414205865
1143,value_when,wastesorting,04,23,3989924643,complete,/home/fr/brl/02_BRL_POMDP_CODE/experiments_logs/when_what_mechanisms/20260921_013627_859495/wastesorting/scene_04/value_when/run_23_seed_3989924643
1144,value_when,wastesorting,04,24,1493522614,complete,/home/fr/brl/02_BRL_POMDP_CODE/experiments_logs/when_what_mechanisms/20260921_013627_859495/wastesorting/scene_04/value_when/run_24_seed_1493522614
1145,value_when,wastesorting,04,25,13571565,complete,/home/fr/brl/02_BRL_POMDP_CODE/experiments_logs/when_what_mechanisms/20260921_013627_859495/wastesorting/scene_04/value_when/run_25_seed_13571565
1146,value_when,wastesorting,04,26,2630099760,complete,/home/fr/brl/02_BRL_POMDP_CODE/experiments_logs/when_what_mechanisms/20260921_013627_859495/wastesorting/scene_04/value_when/run_26_seed_2630099760
1147,value_when,wastesorting,04,27,3787165175,complete,/home/fr/brl/02_BRL_POMDP_CODE/experiments_logs/when_what_mechanisms/20260921_013627_859495/wastesorting/scene_04/value_when/run_27_seed_3787165175
1148,value_when,wastesorting,04,28,1518896079,complete,/home/fr/brl/02_BRL_POMDP_CODE/experiments_logs/when_what_mechanisms/20260921_013627_859495/wastesorting/scene_04/value_when/run_28_seed_1518896079
1149,value_when,wastesorting,04,29,506359200,complete,/home/fr/brl/02_BRL_POMDP_CODE/experiments_logs/when_what_mechanisms/20260921_013627_859495/wastesorting/scene_04/value_when/run_29_seed_506359200
1150,value_when,wastesorting,04,30,2303938088,complete,/home/fr/brl/02_BRL_POMDP_CODE/experiments_logs/when_what_mechanisms/20260921_013627_859495/wastesorting/scene_04/value_when/run_30_seed_2303938088
1151,value_when,wastesorting,04,31,1783261924,complete,/home/fr/brl/02_BRL_POMDP_CODE/experiments_logs/when_what_mechanisms/20260921_013627_859495/wastesorting/scene_04/value_when/run_31_seed_1783261924
1152,value_when,wastesorting,04,32,3973487875,complete,/home/fr/brl/02_BRL_POMDP_CODE/experiments_logs/when_what_mechanisms/20260921_013627_859495/wastesorting/scene_04/value_when/run_32_seed_3973487875
1153,value_when,wastesorting,04,33,3576324234,complete,/home/fr/brl/02_BRL_POMDP_CODE/experiments_logs/when_what_mechanisms/20260921_013627_859495/wastesorting/scene_04/value_when/run_33_seed_3576324234
1154,value_when,wastesorting,04,34,3966743771,complete,/home/fr/brl/02_BRL_POMDP_CODE/experiments_logs/when_what_mechanisms/20260921_013627_859495/wastesorting/scene_04/value_when/run_34_seed_3966743771
1155,value_when,wastesorting,04,35,3292785302,complete,/home/fr/brl/02_BRL_POMDP_CODE/experiments_logs/when_what_mechanisms/20260921_013627_859495/wastesorting/scene_04/value_when/run_35_seed_3292785302
1156,value_when,wastesorting,04,36,2877610580,complete,/home/fr/brl/02_BRL_POMDP_CODE/experiments_logs/when_what_mechanisms/20260921_013627_859495/wastesorting/scene_04/value_when/run_36_seed_2877610580
1157,value_when,wastesorting,04,37,1852316728,complete,/home/fr/brl/02_BRL_POMDP_CODE/experiments_logs/when_what_mechanisms/20260921_013627_859495/wastesorting/scene_04/value_when/run_37_seed_1852316728
1158,value_when,wastesorting,04,38,132699259,complete,/home/fr/brl/02_BRL_POMDP_CODE/experiments_logs/when_what_mechanisms/20260921_013627_859495/wastesorting/scene_04/value_when/run_38_seed_132699259
1159,value_when,wastesorting,04,39,1117810574,complete,/home/fr/brl/02_BRL_POMDP_CODE/experiments_logs/when_what_mechanisms/20260921_013627_859495/wastesorting/scene_04/value_when/run_39_seed_1117810574
1160,value_when,wastesorting,04,40,2967203946,complete,/home/fr/brl/02_BRL_POMDP_CODE/experiments_logs/when_what_mechanisms/20260921_013627_859495/wastesorting/scene_04/value_when/run_40_seed_2967203946
1161,value_when,wastesorting,05,1,630828154,complete,/home/fr/brl/02_BRL_POMDP_CODE/experiments_logs/when_what_mechanisms/20260921_013627_859495/wastesorting/scene_05/value_when/run_01_seed_630828154
1162,value_when,wastesorting,05,2,435659992,complete,/home/fr/brl/02_BRL_POMDP_CODE/experiments_logs/when_what_mechanisms/20260921_013627_859495/wastesorting/scene_05/value_when/run_02_seed_435659992
1163,value_when,wastesorting,05,3,3537170530,complete,/home/fr/brl/02_BRL_POMDP_CODE/experiments_logs/when_what_mechanisms/20260921_013627_859495/wastesorting/scene_05/value_when/run_03_seed_3537170530
1164,value_when,wastesorting,05,4,1280378645,complete,/home/fr/brl/02_BRL_POMDP_CODE/experiments_logs/when_what_mechanisms/20260921_013627_859495/wastesorting/scene_05/value_when/run_04_seed_1280378645
1165,value_when,wastesorting,05,5,3656925474,complete,/home/fr/brl/02_BRL_POMDP_CODE/experiments_logs/when_what_mechanisms/20260921_013627_859495/wastesorting/scene_05/value_when/run_05_seed_3656925474
1166,value_when,wastesorting,05,6,1489971784,complete,/home/fr/brl/02_BRL_POMDP_CODE/experiments_logs/when_what_mechanisms/20260921_013627_859495/wastesorting/scene_05/value_when/run_06_seed_1489971784
1167,value_when,wastesorting,05,7,3520141308,complete,/home/fr/brl/02_BRL_POMDP_CODE/experiments_logs/when_what_mechanisms/20260921_013627_859495/wastesorting/scene_05/value_when/run_07_seed_3520141308
1168,value_when,wastesorting,05,8,411692590,complete,/home/fr/brl/02_BRL_POMDP_CODE/experiments_logs/when_what_mechanisms/20260921_013627_859495/wastesorting/scene_05/value_when/run_08_seed_411692590
1169,value_when,wastesorting,05,9,2624923704,complete,/home/fr/brl/02_BRL_POMDP_CODE/experiments_logs/when_what_mechanisms/20260921_013627_859495/wastesorting/scene_05/value_when/run_09_seed_2624923704
1170,value_when,wastesorting,05,10,3130661448,complete,/home/fr/brl/02_BRL_POMDP_CODE/experiments_logs/when_what_mechanisms/20260921_013627_859495/wastesorting/scene_05/value_when/run_10_seed_3130661448
1171,value_when,wastesorting,05,11,3622248746,complete,/home/fr/brl/02_BRL_POMDP_CODE/experiments_logs/when_what_mechanisms/20260921_013627_859495/wastesorting/scene_05/value_when/run_11_seed_3622248746
1172,value_when,wastesorting,05,12,600649243,complete,/home/fr/brl/02_BRL_POMDP_CODE/experiments_logs/when_what_mechanisms/20260921_013627_859495/wastesorting/scene_05/value_when/run_12_seed_600649243
1173,value_when,wastesorting,05,13,3690243405,complete,/home/fr/brl/02_BRL_POMDP_CODE/experiments_logs/when_what_mechanisms/20260921_013627_859495/wastesorting/scene_05/value_when/run_13_seed_3690243405
1174,value_when,wastesorting,05,14,2666206818,complete,/home/fr/brl/02_BRL_POMDP_CODE/experiments_logs/when_what_mechanisms/20260921_013627_859495/wastesorting/scene_05/value_when/run_14_seed_2666206818
1175,value_when,wastesorting,05,15,2681637189,complete,/home/fr/brl/02_BRL_POMDP_CODE/experiments_logs/when_what_mechanisms/20260921_013627_859495/wastesorting/scene_05/value_when/run_15_seed_2681637189
1176,value_when,wastesorting,05,16,3586644066,complete,/home/fr/brl/02_BRL_POMDP_CODE/experiments_logs/when_what_mechanisms/20260921_013627_859495/wastesorting/scene_05/value_when/run_16_seed_3586644066
1177,value_when,wastesorting,05,17,3677160998,complete,/home/fr/brl/02_BRL_POMDP_CODE/experiments_logs/when_what_mechanisms/20260921_013627_859495/wastesorting/scene_05/value_when/run_17_seed_3677160998
1178,value_when,wastesorting,05,18,1159978775,complete,/home/fr/brl/02_BRL_POMDP_CODE/experiments_logs/when_what_mechanisms/20260921_013627_859495/wastesorting/scene_05/value_when/run_18_seed_1159978775
1179,value_when,wastesorting,05,19,4128091398,complete,/home/fr/brl/02_BRL_POMDP_CODE/experiments_logs/when_what_mechanisms/20260921_013627_859495/wastesorting/scene_05/value_when/run_19_seed_4128091398
1180,value_when,wastesorting,05,20,3351623416,complete,/home/fr/brl/02_BRL_POMDP_CODE/experiments_logs/when_what_mechanisms/20260921_013627_859495/wastesorting/scene_05/value_when/run_20_seed_3351623416
1181,value_when,wastesorting,05,21,3215763495,complete,/home/fr/brl/02_BRL_POMDP_CODE/experiments_logs/when_what_mechanisms/20260921_013627_859495/wastesorting/scene_05/value_when/run_21_seed_3215763495
1182,value_when,wastesorting,05,22,1045924611,complete,/home/fr/brl/02_BRL_POMDP_CODE/experiments_logs/when_what_mechanisms/20260921_013627_859495/wastesorting/scene_05/value_when/run_22_seed_1045924611
1183,value_when,wastesorting,05,23,449704548,complete,/home/fr/brl/02_BRL_POMDP_CODE/experiments_logs/when_what_mechanisms/20260921_013627_859495/wastesorting/scene_05/value_when/run_23_seed_449704548
1184,value_when,wastesorting,05,24,1253677920,complete,/home/fr/brl/02_BRL_POMDP_CODE/experiments_logs/when_what_mechanisms/20260921_013627_859495/wastesorting/scene_05/value_when/run_24_seed_1253677920
1185,value_when,wastesorting,05,25,382724118,complete,/home/fr/brl/02_BRL_POMDP_CODE/experiments_logs/when_what_mechanisms/20260921_013627_859495/wastesorting/scene_05/value_when/run_25_seed_382724118
1186,value_when,wastesorting,05,26,4085569034,complete,/home/fr/brl/02_BRL_POMDP_CODE/experiments_logs/when_what_mechanisms/20260921_013627_859495/wastesorting/scene_05/value_when/run_26_seed_4085569034
1187,value_when,wastesorting,05,27,1045529480,complete,/home/fr/brl/02_BRL_POMDP_CODE/experiments_logs/when_what_mechanisms/20260921_013627_859495/wastesorting/scene_05/value_when/run_27_seed_1045529480
1188,value_when,wastesorting,05,28,2875578355,complete,/home/fr/brl/02_BRL_POMDP_CODE/experiments_logs/when_what_mechanisms/20260921_013627_859495/wastesorting/scene_05/value_when/run_28_seed_2875578355
1189,value_when,wastesorting,05,29,230996701,complete,/home/fr/brl/02_BRL_POMDP_CODE/experiments_logs/when_what_mechanisms/20260921_013627_859495/wastesorting/scene_05/value_when/run_29_seed_230996701
1190,value_when,wastesorting,05,30,4259545291,complete,/home/fr/brl/02_BRL_POMDP_CODE/experiments_logs/when_what_mechanisms/20260921_013627_859495/wastesorting/scene_05/value_when/run_30_seed_4259545291
1191,value_when,wastesorting,05,31,671361218,complete,/home/fr/brl/02_BRL_POMDP_CODE/experiments_logs/when_what_mechanisms/20260921_013627_859495/wastesorting/scene_05/value_when/run_31_seed_671361218
1192,value_when,wastesorting,05,32,1668817081,complete,/home/fr/brl/02_BRL_POMDP_CODE/experiments_logs/when_what_mechanisms/20260921_013627_859495/wastesorting/scene_05/value_when/run_32_seed_1668817081
1193,value_when,wastesorting,05,33,3225313600,complete,/home/fr/brl/02_BRL_POMDP_CODE/experiments_logs/when_what_mechanisms/20260921_013627_859495/wastesorting/scene_05/value_when/run_33_seed_3225313600
1194,value_when,wastesorting,05,34,1380997039,complete,/home/fr/brl/02_BRL_POMDP_CODE/experiments_logs/when_what_mechanisms/20260921_013627_859495/wastesorting/scene_05/value_when/run_34_seed_1380997039
1195,value_when,wastesorting,05,35,2300990510,complete,/home/fr/brl/02_BRL_POMDP_CODE/experiments_logs/when_what_mechanisms/20260921_013627_859495/wastesorting/scene_05/value_when/run_35_seed_2300990510
1196,value_when,wastesorting,05,36,2645731214,complete,/home/fr/brl/02_BRL_POMDP_CODE/experiments_logs/when_what_mechanisms/20260921_013627_859495/wastesorting/scene_05/value_when/run_36_seed_2645731214
1197,value_when,wastesorting,05,37,1980913558,complete,/home/fr/brl/02_BRL_POMDP_CODE/experiments_logs/when_what_mechanisms/20260921_013627_859495/wastesorting/scene_05/value_when/run_37_seed_1980913558
1198,value_when,wastesorting,05,38,4060354637,complete,/home/fr/brl/02_BRL_POMDP_CODE/experiments_logs/when_what_mechanisms/20260921_013627_859495/wastesorting/scene_05/value_when/run_38_seed_4060354637
1199,value_when,wastesorting,05,39,3979866682,complete,/home/fr/brl/02_BRL_POMDP_CODE/experiments_logs/when_what_mechanisms/20260921_013627_859495/wastesorting/scene_05/value_when/run_39_seed_3979866682
1200,value_when,wastesorting,05,40,2741241943,complete,/home/fr/brl/02_BRL_POMDP_CODE/experiments_logs/when_what_mechanisms/20260921_013627_859495/wastesorting/scene_05/value_when/run_40_seed_2741241943
1201,value_what,tomato,01,1,2030859206,complete,/home/fr/brl/02_BRL_POMDP_CODE/experiments_logs/when_what_mechanisms/20260921_013627_859495/tomato/scene_01/value_what/run_01_seed_2030859206
1202,value_what,tomato,01,2,2222960263,complete,/home/fr/brl/02_BRL_POMDP_CODE/experiments_logs/when_what_mechanisms/20260921_013627_859495/tomato/scene_01/value_what/run_02_seed_2222960263
1203,value_what,tomato,01,3,1273020582,complete,/home/fr/brl/02_BRL_POMDP_CODE/experiments_logs/when_what_mechanisms/20260921_013627_859495/tomato/scene_01/value_what/run_03_seed_1273020582
1204,value_what,tomato,01,4,866496583,complete,/home/fr/brl/02_BRL_POMDP_CODE/experiments_logs/when_what_mechanisms/20260921_013627_859495/tomato/scene_01/value_what/run_04_seed_866496583
1205,value_what,tomato,01,5,2698243041,complete,/home/fr/brl/02_BRL_POMDP_CODE/experiments_logs/when_what_mechanisms/20260921_013627_859495/tomato/scene_01/value_what/run_05_seed_2698243041
1206,value_what,tomato,01,6,1911303750,complete,/home/fr/brl/02_BRL_POMDP_CODE/experiments_logs/when_what_mechanisms/20260921_013627_859495/tomato/scene_01/value_what/run_06_seed_1911303750
1207,value_what,tomato,01,7,796400590,complete,/home/fr/brl/02_BRL_POMDP_CODE/experiments_logs/when_what_mechanisms/20260921_013627_859495/tomato/scene_01/value_what/run_07_seed_796400590
1208,value_what,tomato,01,8,1201029111,complete,/home/fr/brl/02_BRL_POMDP_CODE/experiments_logs/when_what_mechanisms/20260921_013627_859495/tomato/scene_01/value_what/run_08_seed_1201029111
1209,value_what,tomato,01,9,3389846695,complete,/home/fr/brl/02_BRL_POMDP_CODE/experiments_logs/when_what_mechanisms/20260921_013627_859495/tomato/scene_01/value_what/run_09_seed_3389846695
1210,value_what,tomato,01,10,2508123787,complete,/home/fr/brl/02_BRL_POMDP_CODE/experiments_logs/when_what_mechanisms/20260921_013627_859495/tomato/scene_01/value_what/run_10_seed_2508123787
1211,value_what,tomato,01,11,2741500852,complete,/home/fr/brl/02_BRL_POMDP_CODE/experiments_logs/when_what_mechanisms/20260921_013627_859495/tomato/scene_01/value_what/run_11_seed_2741500852
1212,value_what,tomato,01,12,4065849833,complete,/home/fr/brl/02_BRL_POMDP_CODE/experiments_logs/when_what_mechanisms/20260921_013627_859495/tomato/scene_01/value_what/run_12_seed_4065849833
1213,value_what,tomato,01,13,821007751,complete,/home/fr/brl/02_BRL_POMDP_CODE/experiments_logs/when_what_mechanisms/20260921_013627_859495/tomato/scene_01/value_what/run_13_seed_821007751
1214,value_what,tomato,01,14,965164034,complete,/home/fr/brl/02_BRL_POMDP_CODE/experiments_logs/when_what_mechanisms/20260921_013627_859495/tomato/scene_01/value_what/run_14_seed_965164034
1215,value_what,tomato,01,15,3049697230,complete,/home/fr/brl/02_BRL_POMDP_CODE/experiments_logs/when_what_mechanisms/20260921_013627_859495/tomato/scene_01/value_what/run_15_seed_3049697230
1216,value_what,tomato,01,16,597016452,complete,/home/fr/brl/02_BRL_POMDP_CODE/experiments_logs/when_what_mechanisms/20260921_013627_859495/tomato/scene_01/value_what/run_16_seed_597016452
1217,value_what,tomato,01,17,2027029533,complete,/home/fr/brl/02_BRL_POMDP_CODE/experiments_logs/when_what_mechanisms/20260921_013627_859495/tomato/scene_01/value_what/run_17_seed_2027029533
1218,value_what,tomato,01,18,3736902642,complete,/home/fr/brl/02_BRL_POMDP_CODE/experiments_logs/when_what_mechanisms/20260921_013627_859495/tomato/scene_01/value_what/run_18_seed_3736902642
1219,value_what,tomato,01,19,323427982,complete,/home/fr/brl/02_BRL_POMDP_CODE/experiments_logs/when_what_mechanisms/20260921_013627_859495/tomato/scene_01/value_what/run_19_seed_323427982
1220,value_what,tomato,01,20,311025495,complete,/home/fr/brl/02_BRL_POMDP_CODE/experiments_logs/when_what_mechanisms/20260921_013627_859495/tomato/scene_01/value_what/run_20_seed_311025495
1221,value_what,tomato,01,21,871806833,complete,/home/fr/brl/02_BRL_POMDP_CODE/experiments_logs/when_what_mechanisms/20260921_013627_859495/tomato/scene_01/value_what/run_21_seed_871806833
1222,value_what,tomato,01,22,217537032,complete,/home/fr/brl/02_BRL_POMDP_CODE/experiments_logs/when_what_mechanisms/20260921_013627_859495/tomato/scene_01/value_what/run_22_seed_217537032
1223,value_what,tomato,01,23,532817344,complete,/home/fr/brl/02_BRL_POMDP_CODE/experiments_logs/when_what_mechanisms/20260921_013627_859495/tomato/scene_01/value_what/run_23_seed_532817344
1224,value_what,tomato,01,24,3466707993,complete,/home/fr/brl/02_BRL_POMDP_CODE/experiments_logs/when_what_mechanisms/20260921_013627_859495/tomato/scene_01/value_what/run_24_seed_3466707993
1225,value_what,tomato,01,25,1649478604,complete,/home/fr/brl/02_BRL_POMDP_CODE/experiments_logs/when_what_mechanisms/20260921_013627_859495/tomato/scene_01/value_what/run_25_seed_1649478604
1226,value_what,tomato,01,26,2204152357,complete,/home/fr/brl/02_BRL_POMDP_CODE/experiments_logs/when_what_mechanisms/20260921_013627_859495/tomato/scene_01/value_what/run_26_seed_2204152357
1227,value_what,tomato,01,27,1233339309,complete,/home/fr/brl/02_BRL_POMDP_CODE/experiments_logs/when_what_mechanisms/20260921_013627_859495/tomato/scene_01/value_what/run_27_seed_1233339309
1228,value_what,tomato,01,28,3357973338,complete,/home/fr/brl/02_BRL_POMDP_CODE/experiments_logs/when_what_mechanisms/20260921_013627_859495/tomato/scene_01/value_what/run_28_seed_3357973338
1229,value_what,tomato,01,29,3649707942,complete,/home/fr/brl/02_BRL_POMDP_CODE/experiments_logs/when_what_mechanisms/20260921_013627_859495/tomato/scene_01/value_what/run_29_seed_3649707942
1230,value_what,tomato,01,30,3325784884,complete,/home/fr/brl/02_BRL_POMDP_CODE/experiments_logs/when_what_mechanisms/20260921_013627_859495/tomato/scene_01/value_what/run_30_seed_3325784884
1231,value_what,tomato,01,31,3877458541,complete,/home/fr/brl/02_BRL_POMDP_CODE/experiments_logs/when_what_mechanisms/20260921_013627_859495/tomato/scene_01/value_what/run_31_seed_3877458541
1232,value_what,tomato,01,32,3638621671,complete,/home/fr/brl/02_BRL_POMDP_CODE/experiments_logs/when_what_mechanisms/20260921_013627_859495/tomato/scene_01/value_what/run_32_seed_3638621671
1233,value_what,tomato,01,33,1084618528,complete,/home/fr/brl/02_BRL_POMDP_CODE/experiments_logs/when_what_mechanisms/20260921_013627_859495/tomato/scene_01/value_what/run_33_seed_1084618528
1234,value_what,tomato,01,34,405999239,complete,/home/fr/brl/02_BRL_POMDP_CODE/experiments_logs/when_what_mechanisms/20260921_013627_859495/tomato/scene_01/value_what/run_34_seed_405999239
1235,value_what,tomato,01,35,4028845444,complete,/home/fr/brl/02_BRL_POMDP_CODE/experiments_logs/when_what_mechanisms/20260921_013627_859495/tomato/scene_01/value_what/run_35_seed_4028845444
1236,value_what,tomato,01,36,2607182153,complete,/home/fr/brl/02_BRL_POMDP_CODE/experiments_logs/when_what_mechanisms/20260921_013627_859495/tomato/scene_01/value_what/run_36_seed_2607182153
1237,value_what,tomato,01,37,338448945,complete,/home/fr/brl/02_BRL_POMDP_CODE/experiments_logs/when_what_mechanisms/20260921_013627_859495/tomato/scene_01/value_what/run_37_seed_338448945
1238,value_what,tomato,01,38,3008854274,complete,/home/fr/brl/02_BRL_POMDP_CODE/experiments_logs/when_what_mechanisms/20260921_013627_859495/tomato/scene_01/value_what/run_38_seed_3008854274
1239,value_what,tomato,01,39,3373062200,complete,/home/fr/brl/02_BRL_POMDP_CODE/experiments_logs/when_what_mechanisms/20260921_013627_859495/tomato/scene_01/value_what/run_39_seed_3373062200
1240,value_what,tomato,01,40,1025671343,complete,/home/fr/brl/02_BRL_POMDP_CODE/experiments_logs/when_what_mechanisms/20260921_013627_859495/tomato/scene_01/value_what/run_40_seed_1025671343
1241,value_what,tomato,02,1,233361013,complete,/home/fr/brl/02_BRL_POMDP_CODE/experiments_logs/when_what_mechanisms/20260921_013627_859495/tomato/scene_02/value_what/run_01_seed_233361013
1242,value_what,tomato,02,2,3206958523,complete,/home/fr/brl/02_BRL_POMDP_CODE/experiments_logs/when_what_mechanisms/20260921_013627_859495/tomato/scene_02/value_what/run_02_seed_3206958523
1243,value_what,tomato,02,3,2306136433,complete,/home/fr/brl/02_BRL_POMDP_CODE/experiments_logs/when_what_mechanisms/20260921_013627_859495/tomato/scene_02/value_what/run_03_seed_2306136433
1244,value_what,tomato,02,4,1150817657,complete,/home/fr/brl/02_BRL_POMDP_CODE/experiments_logs/when_what_mechanisms/20260921_013627_859495/tomato/scene_02/value_what/run_04_seed_1150817657
1245,value_what,tomato,02,5,418694264,complete,/home/fr/brl/02_BRL_POMDP_CODE/experiments_logs/when_what_mechanisms/20260921_013627_859495/tomato/scene_02/value_what/run_05_seed_418694264
1246,value_what,tomato,02,6,2833878170,complete,/home/fr/brl/02_BRL_POMDP_CODE/experiments_logs/when_what_mechanisms/20260921_013627_859495/tomato/scene_02/value_what/run_06_seed_2833878170
1247,value_what,tomato,02,7,2876796507,complete,/home/fr/brl/02_BRL_POMDP_CODE/experiments_logs/when_what_mechanisms/20260921_013627_859495/tomato/scene_02/value_what/run_07_seed_2876796507
1248,value_what,tomato,02,8,2661673954,complete,/home/fr/brl/02_BRL_POMDP_CODE/experiments_logs/when_what_mechanisms/20260921_013627_859495/tomato/scene_02/value_what/run_08_seed_2661673954
1249,value_what,tomato,02,9,3533124505,complete,/home/fr/brl/02_BRL_POMDP_CODE/experiments_logs/when_what_mechanisms/20260921_013627_859495/tomato/scene_02/value_what/run_09_seed_3533124505
1250,value_what,tomato,02,10,3751400244,complete,/home/fr/brl/02_BRL_POMDP_CODE/experiments_logs/when_what_mechanisms/20260921_013627_859495/tomato/scene_02/value_what/run_10_seed_3751400244
1251,value_what,tomato,02,11,4031054018,complete,/home/fr/brl/02_BRL_POMDP_CODE/experiments_logs/when_what_mechanisms/20260921_013627_859495/tomato/scene_02/value_what/run_11_seed_4031054018
1252,value_what,tomato,02,12,1337352578,complete,/home/fr/brl/02_BRL_POMDP_CODE/experiments_logs/when_what_mechanisms/20260921_013627_859495/tomato/scene_02/value_what/run_12_seed_1337352578
1253,value_what,tomato,02,13,2571575672,complete,/home/fr/brl/02_BRL_POMDP_CODE/experiments_logs/when_what_mechanisms/20260921_013627_859495/tomato/scene_02/value_what/run_13_seed_2571575672
1254,value_what,tomato,02,14,1903174235,complete,/home/fr/brl/02_BRL_POMDP_CODE/experiments_logs/when_what_mechanisms/20260921_013627_859495/tomato/scene_02/value_what/run_14_seed_1903174235
1255,value_what,tomato,02,15,1422635806,complete,/home/fr/brl/02_BRL_POMDP_CODE/experiments_logs/when_what_mechanisms/20260921_013627_859495/tomato/scene_02/value_what/run_15_seed_1422635806
1256,value_what,tomato,02,16,559761095,complete,/home/fr/brl/02_BRL_POMDP_CODE/experiments_logs/when_what_mechanisms/20260921_013627_859495/tomato/scene_02/value_what/run_16_seed_559761095
1257,value_what,tomato,02,17,2324409209,complete,/home/fr/brl/02_BRL_POMDP_CODE/experiments_logs/when_what_mechanisms/20260921_013627_859495/tomato/scene_02/value_what/run_17_seed_2324409209
1258,value_what,tomato,02,18,474952343,complete,/home/fr/brl/02_BRL_POMDP_CODE/experiments_logs/when_what_mechanisms/20260921_013627_859495/tomato/scene_02/value_what/run_18_seed_474952343
1259,value_what,tomato,02,19,1408900490,complete,/home/fr/brl/02_BRL_POMDP_CODE/experiments_logs/when_what_mechanisms/20260921_013627_859495/tomato/scene_02/value_what/run_19_seed_1408900490
1260,value_what,tomato,02,20,1969507524,complete,/home/fr/brl/02_BRL_POMDP_CODE/experiments_logs/when_what_mechanisms/20260921_013627_859495/tomato/scene_02/value_what/run_20_seed_1969507524
1261,value_what,tomato,02,21,850676597,complete,/home/fr/brl/02_BRL_POMDP_CODE/experiments_logs/when_what_mechanisms/20260921_013627_859495/tomato/scene_02/value_what/run_21_seed_850676597
1262,value_what,tomato,02,22,464102713,complete,/home/fr/brl/02_BRL_POMDP_CODE/experiments_logs/when_what_mechanisms/20260921_013627_859495/tomato/scene_02/value_what/run_22_seed_464102713
1263,value_what,tomato,02,23,2639844527,complete,/home/fr/brl/02_BRL_POMDP_CODE/experiments_logs/when_what_mechanisms/20260921_013627_859495/tomato/scene_02/value_what/run_23_seed_2639844527
1264,value_what,tomato,02,24,2567273034,complete,/home/fr/brl/02_BRL_POMDP_CODE/experiments_logs/when_what_mechanisms/20260921_013627_859495/tomato/scene_02/value_what/run_24_seed_2567273034
1265,value_what,tomato,02,25,3815863427,complete,/home/fr/brl/02_BRL_POMDP_CODE/experiments_logs/when_what_mechanisms/20260921_013627_859495/tomato/scene_02/value_what/run_25_seed_3815863427
1266,value_what,tomato,02,26,2421989875,complete,/home/fr/brl/02_BRL_POMDP_CODE/experiments_logs/when_what_mechanisms/20260921_013627_859495/tomato/scene_02/value_what/run_26_seed_2421989875
1267,value_what,tomato,02,27,790979284,complete,/home/fr/brl/02_BRL_POMDP_CODE/experiments_logs/when_what_mechanisms/20260921_013627_859495/tomato/scene_02/value_what/run_27_seed_790979284
1268,value_what,tomato,02,28,484948157,complete,/home/fr/brl/02_BRL_POMDP_CODE/experiments_logs/when_what_mechanisms/20260921_013627_859495/tomato/scene_02/value_what/run_28_seed_484948157
1269,value_what,tomato,02,29,2138595888,complete,/home/fr/brl/02_BRL_POMDP_CODE/experiments_logs/when_what_mechanisms/20260921_013627_859495/tomato/scene_02/value_what/run_29_seed_2138595888
1270,value_what,tomato,02,30,63773712,complete,/home/fr/brl/02_BRL_POMDP_CODE/experiments_logs/when_what_mechanisms/20260921_013627_859495/tomato/scene_02/value_what/run_30_seed_63773712
1271,value_what,tomato,02,31,3662297998,complete,/home/fr/brl/02_BRL_POMDP_CODE/experiments_logs/when_what_mechanisms/20260921_013627_859495/tomato/scene_02/value_what/run_31_seed_3662297998
1272,value_what,tomato,02,32,3249674493,complete,/home/fr/brl/02_BRL_POMDP_CODE/experiments_logs/when_what_mechanisms/20260921_013627_859495/tomato/scene_02/value_what/run_32_seed_3249674493
1273,value_what,tomato,02,33,4007070013,complete,/home/fr/brl/02_BRL_POMDP_CODE/experiments_logs/when_what_mechanisms/20260921_013627_859495/tomato/scene_02/value_what/run_33_seed_4007070013
1274,value_what,tomato,02,34,2886041855,complete,/home/fr/brl/02_BRL_POMDP_CODE/experiments_logs/when_what_mechanisms/20260921_013627_859495/tomato/scene_02/value_what/run_34_seed_2886041855
1275,value_what,tomato,02,35,2293168667,complete,/home/fr/brl/02_BRL_POMDP_CODE/experiments_logs/when_what_mechanisms/20260921_013627_859495/tomato/scene_02/value_what/run_35_seed_2293168667
1276,value_what,tomato,02,36,3887351210,complete,/home/fr/brl/02_BRL_POMDP_CODE/experiments_logs/when_what_mechanisms/20260921_013627_859495/tomato/scene_02/value_what/run_36_seed_3887351210
1277,value_what,tomato,02,37,2318091321,complete,/home/fr/brl/02_BRL_POMDP_CODE/experiments_logs/when_what_mechanisms/20260921_013627_859495/tomato/scene_02/value_what/run_37_seed_2318091321
1278,value_what,tomato,02,38,1919828458,complete,/home/fr/brl/02_BRL_POMDP_CODE/experiments_logs/when_what_mechanisms/20260921_013627_859495/tomato/scene_02/value_what/run_38_seed_1919828458
1279,value_what,tomato,02,39,1477592928,complete,/home/fr/brl/02_BRL_POMDP_CODE/experiments_logs/when_what_mechanisms/20260921_013627_859495/tomato/scene_02/value_what/run_39_seed_1477592928
1280,value_what,tomato,02,40,742004455,complete,/home/fr/brl/02_BRL_POMDP_CODE/experiments_logs/when_what_mechanisms/20260921_013627_859495/tomato/scene_02/value_what/run_40_seed_742004455
1281,value_what,tomato,03,1,2973460405,complete,/home/fr/brl/02_BRL_POMDP_CODE/experiments_logs/when_what_mechanisms/20260921_013627_859495/tomato/scene_03/value_what/run_01_seed_2973460405
1282,value_what,tomato,03,2,2984508209,complete,/home/fr/brl/02_BRL_POMDP_CODE/experiments_logs/when_what_mechanisms/20260921_013627_859495/tomato/scene_03/value_what/run_02_seed_2984508209
1283,value_what,tomato,03,3,3328359470,complete,/home/fr/brl/02_BRL_POMDP_CODE/experiments_logs/when_what_mechanisms/20260921_013627_859495/tomato/scene_03/value_what/run_03_seed_3328359470
1284,value_what,tomato,03,4,2542173252,complete,/home/fr/brl/02_BRL_POMDP_CODE/experiments_logs/when_what_mechanisms/20260921_013627_859495/tomato/scene_03/value_what/run_04_seed_2542173252
1285,value_what,tomato,03,5,1895575310,complete,/home/fr/brl/02_BRL_POMDP_CODE/experiments_logs/when_what_mechanisms/20260921_013627_859495/tomato/scene_03/value_what/run_05_seed_1895575310
1286,value_what,tomato,03,6,3142806667,complete,/home/fr/brl/02_BRL_POMDP_CODE/experiments_logs/when_what_mechanisms/20260921_013627_859495/tomato/scene_03/value_what/run_06_seed_3142806667
1287,value_what,tomato,03,7,1700967682,complete,/home/fr/brl/02_BRL_POMDP_CODE/experiments_logs/when_what_mechanisms/20260921_013627_859495/tomato/scene_03/value_what/run_07_seed_1700967682
1288,value_what,tomato,03,8,3374813224,complete,/home/fr/brl/02_BRL_POMDP_CODE/experiments_logs/when_what_mechanisms/20260921_013627_859495/tomato/scene_03/value_what/run_08_seed_3374813224
1289,value_what,tomato,03,9,2230064310,complete,/home/fr/brl/02_BRL_POMDP_CODE/experiments_logs/when_what_mechanisms/20260921_013627_859495/tomato/scene_03/value_what/run_09_seed_2230064310
1290,value_what,tomato,03,10,2370079434,complete,/home/fr/brl/02_BRL_POMDP_CODE/experiments_logs/when_what_mechanisms/20260921_013627_859495/tomato/scene_03/value_what/run_10_seed_2370079434
1291,value_what,tomato,03,11,3620707437,complete,/home/fr/brl/02_BRL_POMDP_CODE/experiments_logs/when_what_mechanisms/20260921_013627_859495/tomato/scene_03/value_what/run_11_seed_3620707437
1292,value_what,tomato,03,12,1447435166,complete,/home/fr/brl/02_BRL_POMDP_CODE/experiments_logs/when_what_mechanisms/20260921_013627_859495/tomato/scene_03/value_what/run_12_seed_1447435166
1293,value_what,tomato,03,13,975151081,complete,/home/fr/brl/02_BRL_POMDP_CODE/experiments_logs/when_what_mechanisms/20260921_013627_859495/tomato/scene_03/value_what/run_13_seed_975151081
1294,value_what,tomato,03,14,3909183007,complete,/home/fr/brl/02_BRL_POMDP_CODE/experiments_logs/when_what_mechanisms/20260921_013627_859495/tomato/scene_03/value_what/run_14_seed_3909183007
1295,value_what,tomato,03,15,3611211411,complete,/home/fr/brl/02_BRL_POMDP_CODE/experiments_logs/when_what_mechanisms/20260921_013627_859495/tomato/scene_03/value_what/run_15_seed_3611211411
1296,value_what,tomato,03,16,1454289978,complete,/home/fr/brl/02_BRL_POMDP_CODE/experiments_logs/when_what_mechanisms/20260921_013627_859495/tomato/scene_03/value_what/run_16_seed_1454289978
1297,value_what,tomato,03,17,3631765459,complete,/home/fr/brl/02_BRL_POMDP_CODE/experiments_logs/when_what_mechanisms/20260921_013627_859495/tomato/scene_03/value_what/run_17_seed_3631765459
1298,value_what,tomato,03,18,1005437090,complete,/home/fr/brl/02_BRL_POMDP_CODE/experiments_logs/when_what_mechanisms/20260921_013627_859495/tomato/scene_03/value_what/run_18_seed_1005437090
1299,value_what,tomato,03,19,2107246049,complete,/home/fr/brl/02_BRL_POMDP_CODE/experiments_logs/when_what_mechanisms/20260921_013627_859495/tomato/scene_03/value_what/run_19_seed_2107246049
1300,value_what,tomato,03,20,2559286479,complete,/home/fr/brl/02_BRL_POMDP_CODE/experiments_logs/when_what_mechanisms/20260921_013627_859495/tomato/scene_03/value_what/run_20_seed_2559286479
1301,value_what,tomato,03,21,3814785464,complete,/home/fr/brl/02_BRL_POMDP_CODE/experiments_logs/when_what_mechanisms/20260921_013627_859495/tomato/scene_03/value_what/run_21_seed_3814785464
1302,value_what,tomato,03,22,1252332960,complete,/home/fr/brl/02_BRL_POMDP_CODE/experiments_logs/when_what_mechanisms/20260921_013627_859495/tomato/scene_03/value_what/run_22_seed_1252332960
1303,value_what,tomato,03,23,4008873019,complete,/home/fr/brl/02_BRL_POMDP_CODE/experiments_logs/when_what_mechanisms/20260921_013627_859495/tomato/scene_03/value_what/run_23_seed_4008873019
1304,value_what,tomato,03,24,1627605610,complete,/home/fr/brl/02_BRL_POMDP_CODE/experiments_logs/when_what_mechanisms/20260921_013627_859495/tomato/scene_03/value_what/run_24_seed_1627605610
1305,value_what,tomato,03,25,2197107180,complete,/home/fr/brl/02_BRL_POMDP_CODE/experiments_logs/when_what_mechanisms/20260921_013627_859495/tomato/scene_03/value_what/run_25_seed_2197107180
1306,value_what,tomato,03,26,70087057,complete,/home/fr/brl/02_BRL_POMDP_CODE/experiments_logs/when_what_mechanisms/20260921_013627_859495/tomato/scene_03/value_what/run_26_seed_70087057
1307,value_what,tomato,03,27,8630651,complete,/home/fr/brl/02_BRL_POMDP_CODE/experiments_logs/when_what_mechanisms/20260921_013627_859495/tomato/scene_03/value_what/run_27_seed_8630651
1308,value_what,tomato,03,28,657498695,complete,/home/fr/brl/02_BRL_POMDP_CODE/experiments_logs/when_what_mechanisms/20260921_013627_859495/tomato/scene_03/value_what/run_28_seed_657498695
1309,value_what,tomato,03,29,1193704404,complete,/home/fr/brl/02_BRL_POMDP_CODE/experiments_logs/when_what_mechanisms/20260921_013627_859495/tomato/scene_03/value_what/run_29_seed_1193704404
1310,value_what,tomato,03,30,1712963344,complete,/home/fr/brl/02_BRL_POMDP_CODE/experiments_logs/when_what_mechanisms/20260921_013627_859495/tomato/scene_03/value_what/run_30_seed_1712963344
1311,value_what,tomato,03,31,1016817503,complete,/home/fr/brl/02_BRL_POMDP_CODE/experiments_logs/when_what_mechanisms/20260921_013627_859495/tomato/scene_03/value_what/run_31_seed_1016817503
1312,value_what,tomato,03,32,4252591664,complete,/home/fr/brl/02_BRL_POMDP_CODE/experiments_logs/when_what_mechanisms/20260921_013627_859495/tomato/scene_03/value_what/run_32_seed_4252591664
1313,value_what,tomato,03,33,2630779126,complete,/home/fr/brl/02_BRL_POMDP_CODE/experiments_logs/when_what_mechanisms/20260921_013627_859495/tomato/scene_03/value_what/run_33_seed_2630779126
1314,value_what,tomato,03,34,822900858,complete,/home/fr/brl/02_BRL_POMDP_CODE/experiments_logs/when_what_mechanisms/20260921_013627_859495/tomato/scene_03/value_what/run_34_seed_822900858
1315,value_what,tomato,03,35,604486275,complete,/home/fr/brl/02_BRL_POMDP_CODE/experiments_logs/when_what_mechanisms/20260921_013627_859495/tomato/scene_03/value_what/run_35_seed_604486275
1316,value_what,tomato,03,36,522031486,complete,/home/fr/brl/02_BRL_POMDP_CODE/experiments_logs/when_what_mechanisms/20260921_013627_859495/tomato/scene_03/value_what/run_36_seed_522031486
1317,value_what,tomato,03,37,2184183196,complete,/home/fr/brl/02_BRL_POMDP_CODE/experiments_logs/when_what_mechanisms/20260921_013627_859495/tomato/scene_03/value_what/run_37_seed_2184183196
1318,value_what,tomato,03,38,2418572032,complete,/home/fr/brl/02_BRL_POMDP_CODE/experiments_logs/when_what_mechanisms/20260921_013627_859495/tomato/scene_03/value_what/run_38_seed_2418572032
1319,value_what,tomato,03,39,2436888965,complete,/home/fr/brl/02_BRL_POMDP_CODE/experiments_logs/when_what_mechanisms/20260921_013627_859495/tomato/scene_03/value_what/run_39_seed_2436888965
1320,value_what,tomato,03,40,598183825,complete,/home/fr/brl/02_BRL_POMDP_CODE/experiments_logs/when_what_mechanisms/20260921_013627_859495/tomato/scene_03/value_what/run_40_seed_598183825
1321,value_what,tomato,04,1,1589093347,complete,/home/fr/brl/02_BRL_POMDP_CODE/experiments_logs/when_what_mechanisms/20260921_013627_859495/tomato/scene_04/value_what/run_01_seed_1589093347
1322,value_what,tomato,04,2,712937450,complete,/home/fr/brl/02_BRL_POMDP_CODE/experiments_logs/when_what_mechanisms/20260921_013627_859495/tomato/scene_04/value_what/run_02_seed_712937450
1323,value_what,tomato,04,3,3614412854,complete,/home/fr/brl/02_BRL_POMDP_CODE/experiments_logs/when_what_mechanisms/20260921_013627_859495/tomato/scene_04/value_what/run_03_seed_3614412854
1324,value_what,tomato,04,4,2390740933,complete,/home/fr/brl/02_BRL_POMDP_CODE/experiments_logs/when_what_mechanisms/20260921_013627_859495/tomato/scene_04/value_what/run_04_seed_2390740933
1325,value_what,tomato,04,5,2642505031,complete,/home/fr/brl/02_BRL_POMDP_CODE/experiments_logs/when_what_mechanisms/20260921_013627_859495/tomato/scene_04/value_what/run_05_seed_2642505031
1326,value_what,tomato,04,6,442300768,complete,/home/fr/brl/02_BRL_POMDP_CODE/experiments_logs/when_what_mechanisms/20260921_013627_859495/tomato/scene_04/value_what/run_06_seed_442300768
1327,value_what,tomato,04,7,3661502133,complete,/home/fr/brl/02_BRL_POMDP_CODE/experiments_logs/when_what_mechanisms/20260921_013627_859495/tomato/scene_04/value_what/run_07_seed_3661502133
1328,value_what,tomato,04,8,236854069,complete,/home/fr/brl/02_BRL_POMDP_CODE/experiments_logs/when_what_mechanisms/20260921_013627_859495/tomato/scene_04/value_what/run_08_seed_236854069
1329,value_what,tomato,04,9,2387734993,complete,/home/fr/brl/02_BRL_POMDP_CODE/experiments_logs/when_what_mechanisms/20260921_013627_859495/tomato/scene_04/value_what/run_09_seed_2387734993
1330,value_what,tomato,04,10,321661848,complete,/home/fr/brl/02_BRL_POMDP_CODE/experiments_logs/when_what_mechanisms/20260921_013627_859495/tomato/scene_04/value_what/run_10_seed_321661848
1331,value_what,tomato,04,11,2993320002,complete,/home/fr/brl/02_BRL_POMDP_CODE/experiments_logs/when_what_mechanisms/20260921_013627_859495/tomato/scene_04/value_what/run_11_seed_2993320002
1332,value_what,tomato,04,12,1109362184,complete,/home/fr/brl/02_BRL_POMDP_CODE/experiments_logs/when_what_mechanisms/20260921_013627_859495/tomato/scene_04/value_what/run_12_seed_1109362184
1333,value_what,tomato,04,13,3815955531,complete,/home/fr/brl/02_BRL_POMDP_CODE/experiments_logs/when_what_mechanisms/20260921_013627_859495/tomato/scene_04/value_what/run_13_seed_3815955531
1334,value_what,tomato,04,14,2941533860,complete,/home/fr/brl/02_BRL_POMDP_CODE/experiments_logs/when_what_mechanisms/20260921_013627_859495/tomato/scene_04/value_what/run_14_seed_2941533860
1335,value_what,tomato,04,15,2020323328,complete,/home/fr/brl/02_BRL_POMDP_CODE/experiments_logs/when_what_mechanisms/20260921_013627_859495/tomato/scene_04/value_what/run_15_seed_2020323328
1336,value_what,tomato,04,16,3712541616,complete,/home/fr/brl/02_BRL_POMDP_CODE/experiments_logs/when_what_mechanisms/20260921_013627_859495/tomato/scene_04/value_what/run_16_seed_3712541616
1337,value_what,tomato,04,17,3169457126,complete,/home/fr/brl/02_BRL_POMDP_CODE/experiments_logs/when_what_mechanisms/20260921_013627_859495/tomato/scene_04/value_what/run_17_seed_3169457126
1338,value_what,tomato,04,18,3948166740,complete,/home/fr/brl/02_BRL_POMDP_CODE/experiments_logs/when_what_mechanisms/20260921_013627_859495/tomato/scene_04/value_what/run_18_seed_3948166740
1339,value_what,tomato,04,19,1552731229,complete,/home/fr/brl/02_BRL_POMDP_CODE/experiments_logs/when_what_mechanisms/20260921_013627_859495/tomato/scene_04/value_what/run_19_seed_1552731229
1340,value_what,tomato,04,20,1337586660,complete,/home/fr/brl/02_BRL_POMDP_CODE/experiments_logs/when_what_mechanisms/20260921_013627_859495/tomato/scene_04/value_what/run_20_seed_1337586660
1341,value_what,tomato,04,21,56491935,complete,/home/fr/brl/02_BRL_POMDP_CODE/experiments_logs/when_what_mechanisms/20260921_013627_859495/tomato/scene_04/value_what/run_21_seed_56491935
1342,value_what,tomato,04,22,2771536334,complete,/home/fr/brl/02_BRL_POMDP_CODE/experiments_logs/when_what_mechanisms/20260921_013627_859495/tomato/scene_04/value_what/run_22_seed_2771536334
1343,value_what,tomato,04,23,3227930555,complete,/home/fr/brl/02_BRL_POMDP_CODE/experiments_logs/when_what_mechanisms/20260921_013627_859495/tomato/scene_04/value_what/run_23_seed_3227930555
1344,value_what,tomato,04,24,740609622,complete,/home/fr/brl/02_BRL_POMDP_CODE/experiments_logs/when_what_mechanisms/20260921_013627_859495/tomato/scene_04/value_what/run_24_seed_740609622
1345,value_what,tomato,04,25,218967378,complete,/home/fr/brl/02_BRL_POMDP_CODE/experiments_logs/when_what_mechanisms/20260921_013627_859495/tomato/scene_04/value_what/run_25_seed_218967378
1346,value_what,tomato,04,26,1040908402,complete,/home/fr/brl/02_BRL_POMDP_CODE/experiments_logs/when_what_mechanisms/20260921_013627_859495/tomato/scene_04/value_what/run_26_seed_1040908402
1347,value_what,tomato,04,27,2220313702,complete,/home/fr/brl/02_BRL_POMDP_CODE/experiments_logs/when_what_mechanisms/20260921_013627_859495/tomato/scene_04/value_what/run_27_seed_2220313702
1348,value_what,tomato,04,28,168160880,complete,/home/fr/brl/02_BRL_POMDP_CODE/experiments_logs/when_what_mechanisms/20260921_013627_859495/tomato/scene_04/value_what/run_28_seed_168160880
1349,value_what,tomato,04,29,3141647287,complete,/home/fr/brl/02_BRL_POMDP_CODE/experiments_logs/when_what_mechanisms/20260921_013627_859495/tomato/scene_04/value_what/run_29_seed_3141647287
1350,value_what,tomato,04,30,2135663053,complete,/home/fr/brl/02_BRL_POMDP_CODE/experiments_logs/when_what_mechanisms/20260921_013627_859495/tomato/scene_04/value_what/run_30_seed_2135663053
1351,value_what,tomato,04,31,2392905031,complete,/home/fr/brl/02_BRL_POMDP_CODE/experiments_logs/when_what_mechanisms/20260921_013627_859495/tomato/scene_04/value_what/run_31_seed_2392905031
1352,value_what,tomato,04,32,3372736775,complete,/home/fr/brl/02_BRL_POMDP_CODE/experiments_logs/when_what_mechanisms/20260921_013627_859495/tomato/scene_04/value_what/run_32_seed_3372736775
1353,value_what,tomato,04,33,3386497120,complete,/home/fr/brl/02_BRL_POMDP_CODE/experiments_logs/when_what_mechanisms/20260921_013627_859495/tomato/scene_04/value_what/run_33_seed_3386497120
1354,value_what,tomato,04,34,1167440852,complete,/home/fr/brl/02_BRL_POMDP_CODE/experiments_logs/when_what_mechanisms/20260921_013627_859495/tomato/scene_04/value_what/run_34_seed_1167440852
1355,value_what,tomato,04,35,222360660,complete,/home/fr/brl/02_BRL_POMDP_CODE/experiments_logs/when_what_mechanisms/20260921_013627_859495/tomato/scene_04/value_what/run_35_seed_222360660
1356,value_what,tomato,04,36,216321642,complete,/home/fr/brl/02_BRL_POMDP_CODE/experiments_logs/when_what_mechanisms/20260921_013627_859495/tomato/scene_04/value_what/run_36_seed_216321642
1357,value_what,tomato,04,37,1141903763,complete,/home/fr/brl/02_BRL_POMDP_CODE/experiments_logs/when_what_mechanisms/20260921_013627_859495/tomato/scene_04/value_what/run_37_seed_1141903763
1358,value_what,tomato,04,38,2219488844,complete,/home/fr/brl/02_BRL_POMDP_CODE/experiments_logs/when_what_mechanisms/20260921_013627_859495/tomato/scene_04/value_what/run_38_seed_2219488844
1359,value_what,tomato,04,39,3931316609,complete,/home/fr/brl/02_BRL_POMDP_CODE/experiments_logs/when_what_mechanisms/20260921_013627_859495/tomato/scene_04/value_what/run_39_seed_3931316609
1360,value_what,tomato,04,40,3315816046,complete,/home/fr/brl/02_BRL_POMDP_CODE/experiments_logs/when_what_mechanisms/20260921_013627_859495/tomato/scene_04/value_what/run_40_seed_3315816046
1361,value_what,tomato,05,1,3945754139,complete,/home/fr/brl/02_BRL_POMDP_CODE/experiments_logs/when_what_mechanisms/20260921_013627_859495/tomato/scene_05/value_what/run_01_seed_3945754139
1362,value_what,tomato,05,2,259038599,complete,/home/fr/brl/02_BRL_POMDP_CODE/experiments_logs/when_what_mechanisms/20260921_013627_859495/tomato/scene_05/value_what/run_02_seed_259038599
1363,value_what,tomato,05,3,2898963405,complete,/home/fr/brl/02_BRL_POMDP_CODE/experiments_logs/when_what_mechanisms/20260921_013627_859495/tomato/scene_05/value_what/run_03_seed_2898963405
1364,value_what,tomato,05,4,1746555867,complete,/home/fr/brl/02_BRL_POMDP_CODE/experiments_logs/when_what_mechanisms/20260921_013627_859495/tomato/scene_05/value_what/run_04_seed_1746555867
1365,value_what,tomato,05,5,879805946,complete,/home/fr/brl/02_BRL_POMDP_CODE/experiments_logs/when_what_mechanisms/20260921_013627_859495/tomato/scene_05/value_what/run_05_seed_879805946
1366,value_what,tomato,05,6,1691996467,complete,/home/fr/brl/02_BRL_POMDP_CODE/experiments_logs/when_what_mechanisms/20260921_013627_859495/tomato/scene_05/value_what/run_06_seed_1691996467
1367,value_what,tomato,05,7,2654066318,complete,/home/fr/brl/02_BRL_POMDP_CODE/experiments_logs/when_what_mechanisms/20260921_013627_859495/tomato/scene_05/value_what/run_07_seed_2654066318
1368,value_what,tomato,05,8,715972481,complete,/home/fr/brl/02_BRL_POMDP_CODE/experiments_logs/when_what_mechanisms/20260921_013627_859495/tomato/scene_05/value_what/run_08_seed_715972481
1369,value_what,tomato,05,9,794861334,complete,/home/fr/brl/02_BRL_POMDP_CODE/experiments_logs/when_what_mechanisms/20260921_013627_859495/tomato/scene_05/value_what/run_09_seed_794861334
1370,value_what,tomato,05,10,179847475,complete,/home/fr/brl/02_BRL_POMDP_CODE/experiments_logs/when_what_mechanisms/20260921_013627_859495/tomato/scene_05/value_what/run_10_seed_179847475
1371,value_what,tomato,05,11,2141224597,complete,/home/fr/brl/02_BRL_POMDP_CODE/experiments_logs/when_what_mechanisms/20260921_013627_859495/tomato/scene_05/value_what/run_11_seed_2141224597
1372,value_what,tomato,05,12,3873493540,complete,/home/fr/brl/02_BRL_POMDP_CODE/experiments_logs/when_what_mechanisms/20260921_013627_859495/tomato/scene_05/value_what/run_12_seed_3873493540
1373,value_what,tomato,05,13,444653586,complete,/home/fr/brl/02_BRL_POMDP_CODE/experiments_logs/when_what_mechanisms/20260921_013627_859495/tomato/scene_05/value_what/run_13_seed_444653586
1374,value_what,tomato,05,14,2591322916,complete,/home/fr/brl/02_BRL_POMDP_CODE/experiments_logs/when_what_mechanisms/20260921_013627_859495/tomato/scene_05/value_what/run_14_seed_2591322916
1375,value_what,tomato,05,15,2082077157,complete,/home/fr/brl/02_BRL_POMDP_CODE/experiments_logs/when_what_mechanisms/20260921_013627_859495/tomato/scene_05/value_what/run_15_seed_2082077157
1376,value_what,tomato,05,16,1584111328,complete,/home/fr/brl/02_BRL_POMDP_CODE/experiments_logs/when_what_mechanisms/20260921_013627_859495/tomato/scene_05/value_what/run_16_seed_1584111328
1377,value_what,tomato,05,17,2883494985,complete,/home/fr/brl/02_BRL_POMDP_CODE/experiments_logs/when_what_mechanisms/20260921_013627_859495/tomato/scene_05/value_what/run_17_seed_2883494985
1378,value_what,tomato,05,18,2222584418,complete,/home/fr/brl/02_BRL_POMDP_CODE/experiments_logs/when_what_mechanisms/20260921_013627_859495/tomato/scene_05/value_what/run_18_seed_2222584418
1379,value_what,tomato,05,19,1573496301,complete,/home/fr/brl/02_BRL_POMDP_CODE/experiments_logs/when_what_mechanisms/20260921_013627_859495/tomato/scene_05/value_what/run_19_seed_1573496301
1380,value_what,tomato,05,20,3850832736,complete,/home/fr/brl/02_BRL_POMDP_CODE/experiments_logs/when_what_mechanisms/20260921_013627_859495/tomato/scene_05/value_what/run_20_seed_3850832736
1381,value_what,tomato,05,21,1896365895,complete,/home/fr/brl/02_BRL_POMDP_CODE/experiments_logs/when_what_mechanisms/20260921_013627_859495/tomato/scene_05/value_what/run_21_seed_1896365895
1382,value_what,tomato,05,22,2128654182,complete,/home/fr/brl/02_BRL_POMDP_CODE/experiments_logs/when_what_mechanisms/20260921_013627_859495/tomato/scene_05/value_what/run_22_seed_2128654182
1383,value_what,tomato,05,23,3471226395,complete,/home/fr/brl/02_BRL_POMDP_CODE/experiments_logs/when_what_mechanisms/20260921_013627_859495/tomato/scene_05/value_what/run_23_seed_3471226395
1384,value_what,tomato,05,24,1127296088,complete,/home/fr/brl/02_BRL_POMDP_CODE/experiments_logs/when_what_mechanisms/20260921_013627_859495/tomato/scene_05/value_what/run_24_seed_1127296088
1385,value_what,tomato,05,25,346784313,complete,/home/fr/brl/02_BRL_POMDP_CODE/experiments_logs/when_what_mechanisms/20260921_013627_859495/tomato/scene_05/value_what/run_25_seed_346784313
1386,value_what,tomato,05,26,1271340849,complete,/home/fr/brl/02_BRL_POMDP_CODE/experiments_logs/when_what_mechanisms/20260921_013627_859495/tomato/scene_05/value_what/run_26_seed_1271340849
1387,value_what,tomato,05,27,1196215500,complete,/home/fr/brl/02_BRL_POMDP_CODE/experiments_logs/when_what_mechanisms/20260921_013627_859495/tomato/scene_05/value_what/run_27_seed_1196215500
1388,value_what,tomato,05,28,3594782946,complete,/home/fr/brl/02_BRL_POMDP_CODE/experiments_logs/when_what_mechanisms/20260921_013627_859495/tomato/scene_05/value_what/run_28_seed_3594782946
1389,value_what,tomato,05,29,3869246695,complete,/home/fr/brl/02_BRL_POMDP_CODE/experiments_logs/when_what_mechanisms/20260921_013627_859495/tomato/scene_05/value_what/run_29_seed_3869246695
1390,value_what,tomato,05,30,2231101089,complete,/home/fr/brl/02_BRL_POMDP_CODE/experiments_logs/when_what_mechanisms/20260921_013627_859495/tomato/scene_05/value_what/run_30_seed_2231101089
1391,value_what,tomato,05,31,28332744,complete,/home/fr/brl/02_BRL_POMDP_CODE/experiments_logs/when_what_mechanisms/20260921_013627_859495/tomato/scene_05/value_what/run_31_seed_28332744
1392,value_what,tomato,05,32,815541928,complete,/home/fr/brl/02_BRL_POMDP_CODE/experiments_logs/when_what_mechanisms/20260921_013627_859495/tomato/scene_05/value_what/run_32_seed_815541928
1393,value_what,tomato,05,33,3637968608,complete,/home/fr/brl/02_BRL_POMDP_CODE/experiments_logs/when_what_mechanisms/20260921_013627_859495/tomato/scene_05/value_what/run_33_seed_3637968608
1394,value_what,tomato,05,34,1985644872,complete,/home/fr/brl/02_BRL_POMDP_CODE/experiments_logs/when_what_mechanisms/20260921_013627_859495/tomato/scene_05/value_what/run_34_seed_1985644872
1395,value_what,tomato,05,35,589229374,complete,/home/fr/brl/02_BRL_POMDP_CODE/experiments_logs/when_what_mechanisms/20260921_013627_859495/tomato/scene_05/value_what/run_35_seed_589229374
1396,value_what,tomato,05,36,1101473435,complete,/home/fr/brl/02_BRL_POMDP_CODE/experiments_logs/when_what_mechanisms/20260921_013627_859495/tomato/scene_05/value_what/run_36_seed_1101473435
1397,value_what,tomato,05,37,3696024021,complete,/home/fr/brl/02_BRL_POMDP_CODE/experiments_logs/when_what_mechanisms/20260921_013627_859495/tomato/scene_05/value_what/run_37_seed_3696024021
1398,value_what,tomato,05,38,4191848859,complete,/home/fr/brl/02_BRL_POMDP_CODE/experiments_logs/when_what_mechanisms/20260921_013627_859495/tomato/scene_05/value_what/run_38_seed_4191848859
1399,value_what,tomato,05,39,1042830735,complete,/home/fr/brl/02_BRL_POMDP_CODE/experiments_logs/when_what_mechanisms/20260921_013627_859495/tomato/scene_05/value_what/run_39_seed_1042830735
1400,value_what,tomato,05,40,3034198474,complete,/home/fr/brl/02_BRL_POMDP_CODE/experiments_logs/when_what_mechanisms/20260921_013627_859495/tomato/scene_05/value_what/run_40_seed_3034198474
1401,value_what,wastesorting,01,1,4064545001,complete,/home/fr/brl/02_BRL_POMDP_CODE/experiments_logs/when_what_mechanisms/20260921_013627_859495/wastesorting/scene_01/value_what/run_01_seed_4064545001
1402,value_what,wastesorting,01,2,3622402991,complete,/home/fr/brl/02_BRL_POMDP_CODE/experiments_logs/when_what_mechanisms/20260921_013627_859495/wastesorting/scene_01/value_what/run_02_seed_3622402991
1403,value_what,wastesorting,01,3,2310768630,complete,/home/fr/brl/02_BRL_POMDP_CODE/experiments_logs/when_what_mechanisms/20260921_013627_859495/wastesorting/scene_01/value_what/run_03_seed_2310768630
1404,value_what,wastesorting,01,4,2226680570,complete,/home/fr/brl/02_BRL_POMDP_CODE/experiments_logs/when_what_mechanisms/20260921_013627_859495/wastesorting/scene_01/value_what/run_04_seed_2226680570
1405,value_what,wastesorting,01,5,4139245423,complete,/home/fr/brl/02_BRL_POMDP_CODE/experiments_logs/when_what_mechanisms/20260921_013627_859495/wastesorting/scene_01/value_what/run_05_seed_4139245423
1406,value_what,wastesorting,01,6,3176006814,complete,/home/fr/brl/02_BRL_POMDP_CODE/experiments_logs/when_what_mechanisms/20260921_013627_859495/wastesorting/scene_01/value_what/run_06_seed_3176006814
1407,value_what,wastesorting,01,7,1446821692,complete,/home/fr/brl/02_BRL_POMDP_CODE/experiments_logs/when_what_mechanisms/20260921_013627_859495/wastesorting/scene_01/value_what/run_07_seed_1446821692
1408,value_what,wastesorting,01,8,2855763027,complete,/home/fr/brl/02_BRL_POMDP_CODE/experiments_logs/when_what_mechanisms/20260921_013627_859495/wastesorting/scene_01/value_what/run_08_seed_2855763027
1409,value_what,wastesorting,01,9,3987872288,complete,/home/fr/brl/02_BRL_POMDP_CODE/experiments_logs/when_what_mechanisms/20260921_013627_859495/wastesorting/scene_01/value_what/run_09_seed_3987872288
1410,value_what,wastesorting,01,10,3143992301,complete,/home/fr/brl/02_BRL_POMDP_CODE/experiments_logs/when_what_mechanisms/20260921_013627_859495/wastesorting/scene_01/value_what/run_10_seed_3143992301
1411,value_what,wastesorting,01,11,304491485,complete,/home/fr/brl/02_BRL_POMDP_CODE/experiments_logs/when_what_mechanisms/20260921_013627_859495/wastesorting/scene_01/value_what/run_11_seed_304491485
1412,value_what,wastesorting,01,12,1469124930,complete,/home/fr/brl/02_BRL_POMDP_CODE/experiments_logs/when_what_mechanisms/20260921_013627_859495/wastesorting/scene_01/value_what/run_12_seed_1469124930
1413,value_what,wastesorting,01,13,3904873952,complete,/home/fr/brl/02_BRL_POMDP_CODE/experiments_logs/when_what_mechanisms/20260921_013627_859495/wastesorting/scene_01/value_what/run_13_seed_3904873952
1414,value_what,wastesorting,01,14,1753239905,complete,/home/fr/brl/02_BRL_POMDP_CODE/experiments_logs/when_what_mechanisms/20260921_013627_859495/wastesorting/scene_01/value_what/run_14_seed_1753239905
1415,value_what,wastesorting,01,15,3890046989,complete,/home/fr/brl/02_BRL_POMDP_CODE/experiments_logs/when_what_mechanisms/20260921_013627_859495/wastesorting/scene_01/value_what/run_15_seed_3890046989
1416,value_what,wastesorting,01,16,4016452800,complete,/home/fr/brl/02_BRL_POMDP_CODE/experiments_logs/when_what_mechanisms/20260921_013627_859495/wastesorting/scene_01/value_what/run_16_seed_4016452800
1417,value_what,wastesorting,01,17,1421291149,complete,/home/fr/brl/02_BRL_POMDP_CODE/experiments_logs/when_what_mechanisms/20260921_013627_859495/wastesorting/scene_01/value_what/run_17_seed_1421291149
1418,value_what,wastesorting,01,18,1201660994,complete,/home/fr/brl/02_BRL_POMDP_CODE/experiments_logs/when_what_mechanisms/20260921_013627_859495/wastesorting/scene_01/value_what/run_18_seed_1201660994
1419,value_what,wastesorting,01,19,2732686114,complete,/home/fr/brl/02_BRL_POMDP_CODE/experiments_logs/when_what_mechanisms/20260921_013627_859495/wastesorting/scene_01/value_what/run_19_seed_2732686114
1420,value_what,wastesorting,01,20,3276452260,complete,/home/fr/brl/02_BRL_POMDP_CODE/experiments_logs/when_what_mechanisms/20260921_013627_859495/wastesorting/scene_01/value_what/run_20_seed_3276452260
1421,value_what,wastesorting,01,21,973561137,complete,/home/fr/brl/02_BRL_POMDP_CODE/experiments_logs/when_what_mechanisms/20260921_013627_859495/wastesorting/scene_01/value_what/run_21_seed_973561137
1422,value_what,wastesorting,01,22,221659181,complete,/home/fr/brl/02_BRL_POMDP_CODE/experiments_logs/when_what_mechanisms/20260921_013627_859495/wastesorting/scene_01/value_what/run_22_seed_221659181
1423,value_what,wastesorting,01,23,3794435593,complete,/home/fr/brl/02_BRL_POMDP_CODE/experiments_logs/when_what_mechanisms/20260921_013627_859495/wastesorting/scene_01/value_what/run_23_seed_3794435593
1424,value_what,wastesorting,01,24,1062380405,complete,/home/fr/brl/02_BRL_POMDP_CODE/experiments_logs/when_what_mechanisms/20260921_013627_859495/wastesorting/scene_01/value_what/run_24_seed_1062380405
1425,value_what,wastesorting,01,25,2258604627,complete,/home/fr/brl/02_BRL_POMDP_CODE/experiments_logs/when_what_mechanisms/20260921_013627_859495/wastesorting/scene_01/value_what/run_25_seed_2258604627
1426,value_what,wastesorting,01,26,2829245352,complete,/home/fr/brl/02_BRL_POMDP_CODE/experiments_logs/when_what_mechanisms/20260921_013627_859495/wastesorting/scene_01/value_what/run_26_seed_2829245352
1427,value_what,wastesorting,01,27,3940097250,complete,/home/fr/brl/02_BRL_POMDP_CODE/experiments_logs/when_what_mechanisms/20260921_013627_859495/wastesorting/scene_01/value_what/run_27_seed_3940097250
1428,value_what,wastesorting,01,28,2295953812,complete,/home/fr/brl/02_BRL_POMDP_CODE/experiments_logs/when_what_mechanisms/20260921_013627_859495/wastesorting/scene_01/value_what/run_28_seed_2295953812
1429,value_what,wastesorting,01,29,1147340016,complete,/home/fr/brl/02_BRL_POMDP_CODE/experiments_logs/when_what_mechanisms/20260921_013627_859495/wastesorting/scene_01/value_what/run_29_seed_1147340016
1430,value_what,wastesorting,01,30,3656921932,complete,/home/fr/brl/02_BRL_POMDP_CODE/experiments_logs/when_what_mechanisms/20260921_013627_859495/wastesorting/scene_01/value_what/run_30_seed_3656921932
1431,value_what,wastesorting,01,31,834664221,complete,/home/fr/brl/02_BRL_POMDP_CODE/experiments_logs/when_what_mechanisms/20260921_013627_859495/wastesorting/scene_01/value_what/run_31_seed_834664221
1432,value_what,wastesorting,01,32,2566599462,complete,/home/fr/brl/02_BRL_POMDP_CODE/experiments_logs/when_what_mechanisms/20260921_013627_859495/wastesorting/scene_01/value_what/run_32_seed_2566599462
1433,value_what,wastesorting,01,33,481330159,complete,/home/fr/brl/02_BRL_POMDP_CODE/experiments_logs/when_what_mechanisms/20260921_013627_859495/wastesorting/scene_01/value_what/run_33_seed_481330159
1434,value_what,wastesorting,01,34,3722475659,complete,/home/fr/brl/02_BRL_POMDP_CODE/experiments_logs/when_what_mechanisms/20260921_013627_859495/wastesorting/scene_01/value_what/run_34_seed_3722475659
1435,value_what,wastesorting,01,35,3267154761,complete,/home/fr/brl/02_BRL_POMDP_CODE/experiments_logs/when_what_mechanisms/20260921_013627_859495/wastesorting/scene_01/value_what/run_35_seed_3267154761
1436,value_what,wastesorting,01,36,2062582486,complete,/home/fr/brl/02_BRL_POMDP_CODE/experiments_logs/when_what_mechanisms/20260921_013627_859495/wastesorting/scene_01/value_what/run_36_seed_2062582486
1437,value_what,wastesorting,01,37,4001804605,complete,/home/fr/brl/02_BRL_POMDP_CODE/experiments_logs/when_what_mechanisms/20260921_013627_859495/wastesorting/scene_01/value_what/run_37_seed_4001804605
1438,value_what,wastesorting,01,38,3175035907,complete,/home/fr/brl/02_BRL_POMDP_CODE/experiments_logs/when_what_mechanisms/20260921_013627_859495/wastesorting/scene_01/value_what/run_38_seed_3175035907
1439,value_what,wastesorting,01,39,3156193605,complete,/home/fr/brl/02_BRL_POMDP_CODE/experiments_logs/when_what_mechanisms/20260921_013627_859495/wastesorting/scene_01/value_what/run_39_seed_3156193605
1440,value_what,wastesorting,01,40,3862245153,complete,/home/fr/brl/02_BRL_POMDP_CODE/experiments_logs/when_what_mechanisms/20260921_013627_859495/wastesorting/scene_01/value_what/run_40_seed_3862245153
1441,value_what,wastesorting,02,1,2156641990,complete,/home/fr/brl/02_BRL_POMDP_CODE/experiments_logs/when_what_mechanisms/20260921_013627_859495/wastesorting/scene_02/value_what/run_01_seed_2156641990
1442,value_what,wastesorting,02,2,715488211,complete,/home/fr/brl/02_BRL_POMDP_CODE/experiments_logs/when_what_mechanisms/20260921_013627_859495/wastesorting/scene_02/value_what/run_02_seed_715488211
1443,value_what,wastesorting,02,3,1273456514,complete,/home/fr/brl/02_BRL_POMDP_CODE/experiments_logs/when_what_mechanisms/20260921_013627_859495/wastesorting/scene_02/value_what/run_03_seed_1273456514
1444,value_what,wastesorting,02,4,1679391382,complete,/home/fr/brl/02_BRL_POMDP_CODE/experiments_logs/when_what_mechanisms/20260921_013627_859495/wastesorting/scene_02/value_what/run_04_seed_1679391382
1445,value_what,wastesorting,02,5,1315496753,complete,/home/fr/brl/02_BRL_POMDP_CODE/experiments_logs/when_what_mechanisms/20260921_013627_859495/wastesorting/scene_02/value_what/run_05_seed_1315496753
1446,value_what,wastesorting,02,6,3794247199,complete,/home/fr/brl/02_BRL_POMDP_CODE/experiments_logs/when_what_mechanisms/20260921_013627_859495/wastesorting/scene_02/value_what/run_06_seed_3794247199
1447,value_what,wastesorting,02,7,2628956077,complete,/home/fr/brl/02_BRL_POMDP_CODE/experiments_logs/when_what_mechanisms/20260921_013627_859495/wastesorting/scene_02/value_what/run_07_seed_2628956077
1448,value_what,wastesorting,02,8,1669852028,complete,/home/fr/brl/02_BRL_POMDP_CODE/experiments_logs/when_what_mechanisms/20260921_013627_859495/wastesorting/scene_02/value_what/run_08_seed_1669852028
1449,value_what,wastesorting,02,9,2314118130,complete,/home/fr/brl/02_BRL_POMDP_CODE/experiments_logs/when_what_mechanisms/20260921_013627_859495/wastesorting/scene_02/value_what/run_09_seed_2314118130
1450,value_what,wastesorting,02,10,1150653687,complete,/home/fr/brl/02_BRL_POMDP_CODE/experiments_logs/when_what_mechanisms/20260921_013627_859495/wastesorting/scene_02/value_what/run_10_seed_1150653687
1451,value_what,wastesorting,02,11,3820178410,complete,/home/fr/brl/02_BRL_POMDP_CODE/experiments_logs/when_what_mechanisms/20260921_013627_859495/wastesorting/scene_02/value_what/run_11_seed_3820178410
1452,value_what,wastesorting,02,12,1684512935,complete,/home/fr/brl/02_BRL_POMDP_CODE/experiments_logs/when_what_mechanisms/20260921_013627_859495/wastesorting/scene_02/value_what/run_12_seed_1684512935
1453,value_what,wastesorting,02,13,800159661,complete,/home/fr/brl/02_BRL_POMDP_CODE/experiments_logs/when_what_mechanisms/20260921_013627_859495/wastesorting/scene_02/value_what/run_13_seed_800159661
1454,value_what,wastesorting,02,14,3132007216,complete,/home/fr/brl/02_BRL_POMDP_CODE/experiments_logs/when_what_mechanisms/20260921_013627_859495/wastesorting/scene_02/value_what/run_14_seed_3132007216
1455,value_what,wastesorting,02,15,431660203,complete,/home/fr/brl/02_BRL_POMDP_CODE/experiments_logs/when_what_mechanisms/20260921_013627_859495/wastesorting/scene_02/value_what/run_15_seed_431660203
1456,value_what,wastesorting,02,16,4052769592,complete,/home/fr/brl/02_BRL_POMDP_CODE/experiments_logs/when_what_mechanisms/20260921_013627_859495/wastesorting/scene_02/value_what/run_16_seed_4052769592
1457,value_what,wastesorting,02,17,1116766657,complete,/home/fr/brl/02_BRL_POMDP_CODE/experiments_logs/when_what_mechanisms/20260921_013627_859495/wastesorting/scene_02/value_what/run_17_seed_1116766657
1458,value_what,wastesorting,02,18,1960486937,complete,/home/fr/brl/02_BRL_POMDP_CODE/experiments_logs/when_what_mechanisms/20260921_013627_859495/wastesorting/scene_02/value_what/run_18_seed_1960486937
1459,value_what,wastesorting,02,19,1185595584,complete,/home/fr/brl/02_BRL_POMDP_CODE/experiments_logs/when_what_mechanisms/20260921_013627_859495/wastesorting/scene_02/value_what/run_19_seed_1185595584
1460,value_what,wastesorting,02,20,2175442287,complete,/home/fr/brl/02_BRL_POMDP_CODE/experiments_logs/when_what_mechanisms/20260921_013627_859495/wastesorting/scene_02/value_what/run_20_seed_2175442287
1461,value_what,wastesorting,02,21,1478189300,complete,/home/fr/brl/02_BRL_POMDP_CODE/experiments_logs/when_what_mechanisms/20260921_013627_859495/wastesorting/scene_02/value_what/run_21_seed_1478189300
1462,value_what,wastesorting,02,22,2497538083,complete,/home/fr/brl/02_BRL_POMDP_CODE/experiments_logs/when_what_mechanisms/20260921_013627_859495/wastesorting/scene_02/value_what/run_22_seed_2497538083
1463,value_what,wastesorting,02,23,92232459,complete,/home/fr/brl/02_BRL_POMDP_CODE/experiments_logs/when_what_mechanisms/20260921_013627_859495/wastesorting/scene_02/value_what/run_23_seed_92232459
1464,value_what,wastesorting,02,24,3750062435,complete,/home/fr/brl/02_BRL_POMDP_CODE/experiments_logs/when_what_mechanisms/20260921_013627_859495/wastesorting/scene_02/value_what/run_24_seed_3750062435
1465,value_what,wastesorting,02,25,3666558197,complete,/home/fr/brl/02_BRL_POMDP_CODE/experiments_logs/when_what_mechanisms/20260921_013627_859495/wastesorting/scene_02/value_what/run_25_seed_3666558197
1466,value_what,wastesorting,02,26,4053942929,complete,/home/fr/brl/02_BRL_POMDP_CODE/experiments_logs/when_what_mechanisms/20260921_013627_859495/wastesorting/scene_02/value_what/run_26_seed_4053942929
1467,value_what,wastesorting,02,27,1014673370,complete,/home/fr/brl/02_BRL_POMDP_CODE/experiments_logs/when_what_mechanisms/20260921_013627_859495/wastesorting/scene_02/value_what/run_27_seed_1014673370
1468,value_what,wastesorting,02,28,3041513348,complete,/home/fr/brl/02_BRL_POMDP_CODE/experiments_logs/when_what_mechanisms/20260921_013627_859495/wastesorting/scene_02/value_what/run_28_seed_3041513348
1469,value_what,wastesorting,02,29,3100998094,complete,/home/fr/brl/02_BRL_POMDP_CODE/experiments_logs/when_what_mechanisms/20260921_013627_859495/wastesorting/scene_02/value_what/run_29_seed_3100998094
1470,value_what,wastesorting,02,30,2006819571,complete,/home/fr/brl/02_BRL_POMDP_CODE/experiments_logs/when_what_mechanisms/20260921_013627_859495/wastesorting/scene_02/value_what/run_30_seed_2006819571
1471,value_what,wastesorting,02,31,604661570,complete,/home/fr/brl/02_BRL_POMDP_CODE/experiments_logs/when_what_mechanisms/20260921_013627_859495/wastesorting/scene_02/value_what/run_31_seed_604661570
1472,value_what,wastesorting,02,32,1859675682,complete,/home/fr/brl/02_BRL_POMDP_CODE/experiments_logs/when_what_mechanisms/20260921_013627_859495/wastesorting/scene_02/value_what/run_32_seed_1859675682
1473,value_what,wastesorting,02,33,2681088983,complete,/home/fr/brl/02_BRL_POMDP_CODE/experiments_logs/when_what_mechanisms/20260921_013627_859495/wastesorting/scene_02/value_what/run_33_seed_2681088983
1474,value_what,wastesorting,02,34,2903446598,complete,/home/fr/brl/02_BRL_POMDP_CODE/experiments_logs/when_what_mechanisms/20260921_013627_859495/wastesorting/scene_02/value_what/run_34_seed_2903446598
1475,value_what,wastesorting,02,35,4138266715,complete,/home/fr/brl/02_BRL_POMDP_CODE/experiments_logs/when_what_mechanisms/20260921_013627_859495/wastesorting/scene_02/value_what/run_35_seed_4138266715
1476,value_what,wastesorting,02,36,3361930932,complete,/home/fr/brl/02_BRL_POMDP_CODE/experiments_logs/when_what_mechanisms/20260921_013627_859495/wastesorting/scene_02/value_what/run_36_seed_3361930932
1477,value_what,wastesorting,02,37,2679542969,complete,/home/fr/brl/02_BRL_POMDP_CODE/experiments_logs/when_what_mechanisms/20260921_013627_859495/wastesorting/scene_02/value_what/run_37_seed_2679542969
1478,value_what,wastesorting,02,38,1191125615,complete,/home/fr/brl/02_BRL_POMDP_CODE/experiments_logs/when_what_mechanisms/20260921_013627_859495/wastesorting/scene_02/value_what/run_38_seed_1191125615
1479,value_what,wastesorting,02,39,2226175700,complete,/home/fr/brl/02_BRL_POMDP_CODE/experiments_logs/when_what_mechanisms/20260921_013627_859495/wastesorting/scene_02/value_what/run_39_seed_2226175700
1480,value_what,wastesorting,02,40,3749131969,complete,/home/fr/brl/02_BRL_POMDP_CODE/experiments_logs/when_what_mechanisms/20260921_013627_859495/wastesorting/scene_02/value_what/run_40_seed_3749131969
1481,value_what,wastesorting,03,1,935228514,complete,/home/fr/brl/02_BRL_POMDP_CODE/experiments_logs/when_what_mechanisms/20260921_013627_859495/wastesorting/scene_03/value_what/run_01_seed_935228514
1482,value_what,wastesorting,03,2,1971182115,complete,/home/fr/brl/02_BRL_POMDP_CODE/experiments_logs/when_what_mechanisms/20260921_013627_859495/wastesorting/scene_03/value_what/run_02_seed_1971182115
1483,value_what,wastesorting,03,3,2394637227,complete,/home/fr/brl/02_BRL_POMDP_CODE/experiments_logs/when_what_mechanisms/20260921_013627_859495/wastesorting/scene_03/value_what/run_03_seed_2394637227
1484,value_what,wastesorting,03,4,3544407771,complete,/home/fr/brl/02_BRL_POMDP_CODE/experiments_logs/when_what_mechanisms/20260921_013627_859495/wastesorting/scene_03/value_what/run_04_seed_3544407771
1485,value_what,wastesorting,03,5,151419445,complete,/home/fr/brl/02_BRL_POMDP_CODE/experiments_logs/when_what_mechanisms/20260921_013627_859495/wastesorting/scene_03/value_what/run_05_seed_151419445
1486,value_what,wastesorting,03,6,878097152,complete,/home/fr/brl/02_BRL_POMDP_CODE/experiments_logs/when_what_mechanisms/20260921_013627_859495/wastesorting/scene_03/value_what/run_06_seed_878097152
1487,value_what,wastesorting,03,7,2160290877,complete,/home/fr/brl/02_BRL_POMDP_CODE/experiments_logs/when_what_mechanisms/20260921_013627_859495/wastesorting/scene_03/value_what/run_07_seed_2160290877
1488,value_what,wastesorting,03,8,1263200062,complete,/home/fr/brl/02_BRL_POMDP_CODE/experiments_logs/when_what_mechanisms/20260921_013627_859495/wastesorting/scene_03/value_what/run_08_seed_1263200062
1489,value_what,wastesorting,03,9,2442584840,complete,/home/fr/brl/02_BRL_POMDP_CODE/experiments_logs/when_what_mechanisms/20260921_013627_859495/wastesorting/scene_03/value_what/run_09_seed_2442584840
1490,value_what,wastesorting,03,10,995062266,complete,/home/fr/brl/02_BRL_POMDP_CODE/experiments_logs/when_what_mechanisms/20260921_013627_859495/wastesorting/scene_03/value_what/run_10_seed_995062266
1491,value_what,wastesorting,03,11,1757091912,complete,/home/fr/brl/02_BRL_POMDP_CODE/experiments_logs/when_what_mechanisms/20260921_013627_859495/wastesorting/scene_03/value_what/run_11_seed_1757091912
1492,value_what,wastesorting,03,12,703706258,complete,/home/fr/brl/02_BRL_POMDP_CODE/experiments_logs/when_what_mechanisms/20260921_013627_859495/wastesorting/scene_03/value_what/run_12_seed_703706258
1493,value_what,wastesorting,03,13,3734705447,complete,/home/fr/brl/02_BRL_POMDP_CODE/experiments_logs/when_what_mechanisms/20260921_013627_859495/wastesorting/scene_03/value_what/run_13_seed_3734705447
1494,value_what,wastesorting,03,14,808931924,complete,/home/fr/brl/02_BRL_POMDP_CODE/experiments_logs/when_what_mechanisms/20260921_013627_859495/wastesorting/scene_03/value_what/run_14_seed_808931924
1495,value_what,wastesorting,03,15,1010706734,complete,/home/fr/brl/02_BRL_POMDP_CODE/experiments_logs/when_what_mechanisms/20260921_013627_859495/wastesorting/scene_03/value_what/run_15_seed_1010706734
1496,value_what,wastesorting,03,16,1790509877,complete,/home/fr/brl/02_BRL_POMDP_CODE/experiments_logs/when_what_mechanisms/20260921_013627_859495/wastesorting/scene_03/value_what/run_16_seed_1790509877
1497,value_what,wastesorting,03,17,1862543915,complete,/home/fr/brl/02_BRL_POMDP_CODE/experiments_logs/when_what_mechanisms/20260921_013627_859495/wastesorting/scene_03/value_what/run_17_seed_1862543915
1498,value_what,wastesorting,03,18,2836132436,complete,/home/fr/brl/02_BRL_POMDP_CODE/experiments_logs/when_what_mechanisms/20260921_013627_859495/wastesorting/scene_03/value_what/run_18_seed_2836132436
1499,value_what,wastesorting,03,19,4248209127,complete,/home/fr/brl/02_BRL_POMDP_CODE/experiments_logs/when_what_mechanisms/20260921_013627_859495/wastesorting/scene_03/value_what/run_19_seed_4248209127
1500,value_what,wastesorting,03,20,1312241461,complete,/home/fr/brl/02_BRL_POMDP_CODE/experiments_logs/when_what_mechanisms/20260921_013627_859495/wastesorting/scene_03/value_what/run_20_seed_1312241461
1501,value_what,wastesorting,03,21,1849750684,complete,/home/fr/brl/02_BRL_POMDP_CODE/experiments_logs/when_what_mechanisms/20260921_013627_859495/wastesorting/scene_03/value_what/run_21_seed_1849750684
1502,value_what,wastesorting,03,22,3532582087,complete,/home/fr/brl/02_BRL_POMDP_CODE/experiments_logs/when_what_mechanisms/20260921_013627_859495/wastesorting/scene_03/value_what/run_22_seed_3532582087
1503,value_what,wastesorting,03,23,1682900593,complete,/home/fr/brl/02_BRL_POMDP_CODE/experiments_logs/when_what_mechanisms/20260921_013627_859495/wastesorting/scene_03/value_what/run_23_seed_1682900593
1504,value_what,wastesorting,03,24,2815362486,complete,/home/fr/brl/02_BRL_POMDP_CODE/experiments_logs/when_what_mechanisms/20260921_013627_859495/wastesorting/scene_03/value_what/run_24_seed_2815362486
1505,value_what,wastesorting,03,25,408728855,complete,/home/fr/brl/02_BRL_POMDP_CODE/experiments_logs/when_what_mechanisms/20260921_013627_859495/wastesorting/scene_03/value_what/run_25_seed_408728855
1506,value_what,wastesorting,03,26,2192330955,complete,/home/fr/brl/02_BRL_POMDP_CODE/experiments_logs/when_what_mechanisms/20260921_013627_859495/wastesorting/scene_03/value_what/run_26_seed_2192330955
1507,value_what,wastesorting,03,27,2090573975,complete,/home/fr/brl/02_BRL_POMDP_CODE/experiments_logs/when_what_mechanisms/20260921_013627_859495/wastesorting/scene_03/value_what/run_27_seed_2090573975
1508,value_what,wastesorting,03,28,1932548607,complete,/home/fr/brl/02_BRL_POMDP_CODE/experiments_logs/when_what_mechanisms/20260921_013627_859495/wastesorting/scene_03/value_what/run_28_seed_1932548607
1509,value_what,wastesorting,03,29,1123572063,complete,/home/fr/brl/02_BRL_POMDP_CODE/experiments_logs/when_what_mechanisms/20260921_013627_859495/wastesorting/scene_03/value_what/run_29_seed_1123572063
1510,value_what,wastesorting,03,30,4128056421,complete,/home/fr/brl/02_BRL_POMDP_CODE/experiments_logs/when_what_mechanisms/20260921_013627_859495/wastesorting/scene_03/value_what/run_30_seed_4128056421
1511,value_what,wastesorting,03,31,428908864,complete,/home/fr/brl/02_BRL_POMDP_CODE/experiments_logs/when_what_mechanisms/20260921_013627_859495/wastesorting/scene_03/value_what/run_31_seed_428908864
1512,value_what,wastesorting,03,32,3643526193,complete,/home/fr/brl/02_BRL_POMDP_CODE/experiments_logs/when_what_mechanisms/20260921_013627_859495/wastesorting/scene_03/value_what/run_32_seed_3643526193
1513,value_what,wastesorting,03,33,3925417317,complete,/home/fr/brl/02_BRL_POMDP_CODE/experiments_logs/when_what_mechanisms/20260921_013627_859495/wastesorting/scene_03/value_what/run_33_seed_3925417317
1514,value_what,wastesorting,03,34,3952233946,complete,/home/fr/brl/02_BRL_POMDP_CODE/experiments_logs/when_what_mechanisms/20260921_013627_859495/wastesorting/scene_03/value_what/run_34_seed_3952233946
1515,value_what,wastesorting,03,35,3772505736,complete,/home/fr/brl/02_BRL_POMDP_CODE/experiments_logs/when_what_mechanisms/20260921_013627_859495/wastesorting/scene_03/value_what/run_35_seed_3772505736
1516,value_what,wastesorting,03,36,2200107462,complete,/home/fr/brl/02_BRL_POMDP_CODE/experiments_logs/when_what_mechanisms/20260921_013627_859495/wastesorting/scene_03/value_what/run_36_seed_2200107462
1517,value_what,wastesorting,03,37,1065524053,complete,/home/fr/brl/02_BRL_POMDP_CODE/experiments_logs/when_what_mechanisms/20260921_013627_859495/wastesorting/scene_03/value_what/run_37_seed_1065524053
1518,value_what,wastesorting,03,38,1429072852,complete,/home/fr/brl/02_BRL_POMDP_CODE/experiments_logs/when_what_mechanisms/20260921_013627_859495/wastesorting/scene_03/value_what/run_38_seed_1429072852
1519,value_what,wastesorting,03,39,1198822842,complete,/home/fr/brl/02_BRL_POMDP_CODE/experiments_logs/when_what_mechanisms/20260921_013627_859495/wastesorting/scene_03/value_what/run_39_seed_1198822842
1520,value_what,wastesorting,03,40,864565644,complete,/home/fr/brl/02_BRL_POMDP_CODE/experiments_logs/when_what_mechanisms/20260921_013627_859495/wastesorting/scene_03/value_what/run_40_seed_864565644
1521,value_what,wastesorting,04,1,3291161639,complete,/home/fr/brl/02_BRL_POMDP_CODE/experiments_logs/when_what_mechanisms/20260921_013627_859495/wastesorting/scene_04/value_what/run_01_seed_3291161639
1522,value_what,wastesorting,04,2,1838985415,complete,/home/fr/brl/02_BRL_POMDP_CODE/experiments_logs/when_what_mechanisms/20260921_013627_859495/wastesorting/scene_04/value_what/run_02_seed_1838985415
1523,value_what,wastesorting,04,3,1973069430,complete,/home/fr/brl/02_BRL_POMDP_CODE/experiments_logs/when_what_mechanisms/20260921_013627_859495/wastesorting/scene_04/value_what/run_03_seed_1973069430
1524,value_what,wastesorting,04,4,414427021,complete,/home/fr/brl/02_BRL_POMDP_CODE/experiments_logs/when_what_mechanisms/20260921_013627_859495/wastesorting/scene_04/value_what/run_04_seed_414427021
1525,value_what,wastesorting,04,5,3201562577,complete,/home/fr/brl/02_BRL_POMDP_CODE/experiments_logs/when_what_mechanisms/20260921_013627_859495/wastesorting/scene_04/value_what/run_05_seed_3201562577
1526,value_what,wastesorting,04,6,2350780499,complete,/home/fr/brl/02_BRL_POMDP_CODE/experiments_logs/when_what_mechanisms/20260921_013627_859495/wastesorting/scene_04/value_what/run_06_seed_2350780499
1527,value_what,wastesorting,04,7,2401657902,complete,/home/fr/brl/02_BRL_POMDP_CODE/experiments_logs/when_what_mechanisms/20260921_013627_859495/wastesorting/scene_04/value_what/run_07_seed_2401657902
1528,value_what,wastesorting,04,8,3182553066,complete,/home/fr/brl/02_BRL_POMDP_CODE/experiments_logs/when_what_mechanisms/20260921_013627_859495/wastesorting/scene_04/value_what/run_08_seed_3182553066
1529,value_what,wastesorting,04,9,1147895942,complete,/home/fr/brl/02_BRL_POMDP_CODE/experiments_logs/when_what_mechanisms/20260921_013627_859495/wastesorting/scene_04/value_what/run_09_seed_1147895942
1530,value_what,wastesorting,04,10,472386282,complete,/home/fr/brl/02_BRL_POMDP_CODE/experiments_logs/when_what_mechanisms/20260921_013627_859495/wastesorting/scene_04/value_what/run_10_seed_472386282
1531,value_what,wastesorting,04,11,558605806,complete,/home/fr/brl/02_BRL_POMDP_CODE/experiments_logs/when_what_mechanisms/20260921_013627_859495/wastesorting/scene_04/value_what/run_11_seed_558605806
1532,value_what,wastesorting,04,12,3110233099,complete,/home/fr/brl/02_BRL_POMDP_CODE/experiments_logs/when_what_mechanisms/20260921_013627_859495/wastesorting/scene_04/value_what/run_12_seed_3110233099
1533,value_what,wastesorting,04,13,1105776053,complete,/home/fr/brl/02_BRL_POMDP_CODE/experiments_logs/when_what_mechanisms/20260921_013627_859495/wastesorting/scene_04/value_what/run_13_seed_1105776053
1534,value_what,wastesorting,04,14,3718837247,complete,/home/fr/brl/02_BRL_POMDP_CODE/experiments_logs/when_what_mechanisms/20260921_013627_859495/wastesorting/scene_04/value_what/run_14_seed_3718837247
1535,value_what,wastesorting,04,15,4193229496,complete,/home/fr/brl/02_BRL_POMDP_CODE/experiments_logs/when_what_mechanisms/20260921_013627_859495/wastesorting/scene_04/value_what/run_15_seed_4193229496
1536,value_what,wastesorting,04,16,3369209442,complete,/home/fr/brl/02_BRL_POMDP_CODE/experiments_logs/when_what_mechanisms/20260921_013627_859495/wastesorting/scene_04/value_what/run_16_seed_3369209442
1537,value_what,wastesorting,04,17,3692021791,complete,/home/fr/brl/02_BRL_POMDP_CODE/experiments_logs/when_what_mechanisms/20260921_013627_859495/wastesorting/scene_04/value_what/run_17_seed_3692021791
1538,value_what,wastesorting,04,18,1445352403,complete,/home/fr/brl/02_BRL_POMDP_CODE/experiments_logs/when_what_mechanisms/20260921_013627_859495/wastesorting/scene_04/value_what/run_18_seed_1445352403
1539,value_what,wastesorting,04,19,2413410080,complete,/home/fr/brl/02_BRL_POMDP_CODE/experiments_logs/when_what_mechanisms/20260921_013627_859495/wastesorting/scene_04/value_what/run_19_seed_2413410080
1540,value_what,wastesorting,04,20,3310113005,complete,/home/fr/brl/02_BRL_POMDP_CODE/experiments_logs/when_what_mechanisms/20260921_013627_859495/wastesorting/scene_04/value_what/run_20_seed_3310113005
1541,value_what,wastesorting,04,21,1619001990,complete,/home/fr/brl/02_BRL_POMDP_CODE/experiments_logs/when_what_mechanisms/20260921_013627_859495/wastesorting/scene_04/value_what/run_21_seed_1619001990
1542,value_what,wastesorting,04,22,3414205865,complete,/home/fr/brl/02_BRL_POMDP_CODE/experiments_logs/when_what_mechanisms/20260921_013627_859495/wastesorting/scene_04/value_what/run_22_seed_3414205865
1543,value_what,wastesorting,04,23,3989924643,complete,/home/fr/brl/02_BRL_POMDP_CODE/experiments_logs/when_what_mechanisms/20260921_013627_859495/wastesorting/scene_04/value_what/run_23_seed_3989924643
1544,value_what,wastesorting,04,24,1493522614,complete,/home/fr/brl/02_BRL_POMDP_CODE/experiments_logs/when_what_mechanisms/20260921_013627_859495/wastesorting/scene_04/value_what/run_24_seed_1493522614
1545,value_what,wastesorting,04,25,13571565,complete,/home/fr/brl/02_BRL_POMDP_CODE/experiments_logs/when_what_mechanisms/20260921_013627_859495/wastesorting/scene_04/value_what/run_25_seed_13571565
1546,value_what,wastesorting,04,26,2630099760,complete,/home/fr/brl/02_BRL_POMDP_CODE/experiments_logs/when_what_mechanisms/20260921_013627_859495/wastesorting/scene_04/value_what/run_26_seed_2630099760
1547,value_what,wastesorting,04,27,3787165175,complete,/home/fr/brl/02_BRL_POMDP_CODE/experiments_logs/when_what_mechanisms/20260921_013627_859495/wastesorting/scene_04/value_what/run_27_seed_3787165175
1548,value_what,wastesorting,04,28,1518896079,complete,/home/fr/brl/02_BRL_POMDP_CODE/experiments_logs/when_what_mechanisms/20260921_013627_859495/wastesorting/scene_04/value_what/run_28_seed_1518896079
1549,value_what,wastesorting,04,29,506359200,complete,/home/fr/brl/02_BRL_POMDP_CODE/experiments_logs/when_what_mechanisms/20260921_013627_859495/wastesorting/scene_04/value_what/run_29_seed_506359200
1550,value_what,wastesorting,04,30,2303938088,complete,/home/fr/brl/02_BRL_POMDP_CODE/experiments_logs/when_what_mechanisms/20260921_013627_859495/wastesorting/scene_04/value_what/run_30_seed_2303938088
1551,value_what,wastesorting,04,31,1783261924,complete,/home/fr/brl/02_BRL_POMDP_CODE/experiments_logs/when_what_mechanisms/20260921_013627_859495/wastesorting/scene_04/value_what/run_31_seed_1783261924
1552,value_what,wastesorting,04,32,3973487875,complete,/home/fr/brl/02_BRL_POMDP_CODE/experiments_logs/when_what_mechanisms/20260921_013627_859495/wastesorting/scene_04/value_what/run_32_seed_3973487875
1553,value_what,wastesorting,04,33,3576324234,complete,/home/fr/brl/02_BRL_POMDP_CODE/experiments_logs/when_what_mechanisms/20260921_013627_859495/wastesorting/scene_04/value_what/run_33_seed_3576324234
1554,value_what,wastesorting,04,34,3966743771,complete,/home/fr/brl/02_BRL_POMDP_CODE/experiments_logs/when_what_mechanisms/20260921_013627_859495/wastesorting/scene_04/value_what/run_34_seed_3966743771
1555,value_what,wastesorting,04,35,3292785302,complete,/home/fr/brl/02_BRL_POMDP_CODE/experiments_logs/when_what_mechanisms/20260921_013627_859495/wastesorting/scene_04/value_what/run_35_seed_3292785302
1556,value_what,wastesorting,04,36,2877610580,complete,/home/fr/brl/02_BRL_POMDP_CODE/experiments_logs/when_what_mechanisms/20260921_013627_859495/wastesorting/scene_04/value_what/run_36_seed_2877610580
1557,value_what,wastesorting,04,37,1852316728,complete,/home/fr/brl/02_BRL_POMDP_CODE/experiments_logs/when_what_mechanisms/20260921_013627_859495/wastesorting/scene_04/value_what/run_37_seed_1852316728
1558,value_what,wastesorting,04,38,132699259,complete,/home/fr/brl/02_BRL_POMDP_CODE/experiments_logs/when_what_mechanisms/20260921_013627_859495/wastesorting/scene_04/value_what/run_38_seed_132699259
1559,value_what,wastesorting,04,39,1117810574,complete,/home/fr/brl/02_BRL_POMDP_CODE/experiments_logs/when_what_mechanisms/20260921_013627_859495/wastesorting/scene_04/value_what/run_39_seed_1117810574
1560,value_what,wastesorting,04,40,2967203946,complete,/home/fr/brl/02_BRL_POMDP_CODE/experiments_logs/when_what_mechanisms/20260921_013627_859495/wastesorting/scene_04/value_what/run_40_seed_2967203946
1561,value_what,wastesorting,05,1,630828154,complete,/home/fr/brl/02_BRL_POMDP_CODE/experiments_logs/when_what_mechanisms/20260921_013627_859495/wastesorting/scene_05/value_what/run_01_seed_630828154
1562,value_what,wastesorting,05,2,435659992,complete,/home/fr/brl/02_BRL_POMDP_CODE/experiments_logs/when_what_mechanisms/20260921_013627_859495/wastesorting/scene_05/value_what/run_02_seed_435659992
1563,value_what,wastesorting,05,3,3537170530,complete,/home/fr/brl/02_BRL_POMDP_CODE/experiments_logs/when_what_mechanisms/20260921_013627_859495/wastesorting/scene_05/value_what/run_03_seed_3537170530
1564,value_what,wastesorting,05,4,1280378645,complete,/home/fr/brl/02_BRL_POMDP_CODE/experiments_logs/when_what_mechanisms/20260921_013627_859495/wastesorting/scene_05/value_what/run_04_seed_1280378645
1565,value_what,wastesorting,05,5,3656925474,complete,/home/fr/brl/02_BRL_POMDP_CODE/experiments_logs/when_what_mechanisms/20260921_013627_859495/wastesorting/scene_05/value_what/run_05_seed_3656925474
1566,value_what,wastesorting,05,6,1489971784,complete,/home/fr/brl/02_BRL_POMDP_CODE/experiments_logs/when_what_mechanisms/20260921_013627_859495/wastesorting/scene_05/value_what/run_06_seed_1489971784
1567,value_what,wastesorting,05,7,3520141308,complete,/home/fr/brl/02_BRL_POMDP_CODE/experiments_logs/when_what_mechanisms/20260921_013627_859495/wastesorting/scene_05/value_what/run_07_seed_3520141308
1568,value_what,wastesorting,05,8,411692590,complete,/home/fr/brl/02_BRL_POMDP_CODE/experiments_logs/when_what_mechanisms/20260921_013627_859495/wastesorting/scene_05/value_what/run_08_seed_411692590
1569,value_what,wastesorting,05,9,2624923704,complete,/home/fr/brl/02_BRL_POMDP_CODE/experiments_logs/when_what_mechanisms/20260921_013627_859495/wastesorting/scene_05/value_what/run_09_seed_2624923704
1570,value_what,wastesorting,05,10,3130661448,complete,/home/fr/brl/02_BRL_POMDP_CODE/experiments_logs/when_what_mechanisms/20260921_013627_859495/wastesorting/scene_05/value_what/run_10_seed_3130661448
1571,value_what,wastesorting,05,11,3622248746,complete,/home/fr/brl/02_BRL_POMDP_CODE/experiments_logs/when_what_mechanisms/20260921_013627_859495/wastesorting/scene_05/value_what/run_11_seed_3622248746
1572,value_what,wastesorting,05,12,600649243,complete,/home/fr/brl/02_BRL_POMDP_CODE/experiments_logs/when_what_mechanisms/20260921_013627_859495/wastesorting/scene_05/value_what/run_12_seed_600649243
1573,value_what,wastesorting,05,13,3690243405,complete,/home/fr/brl/02_BRL_POMDP_CODE/experiments_logs/when_what_mechanisms/20260921_013627_859495/wastesorting/scene_05/value_what/run_13_seed_3690243405
1574,value_what,wastesorting,05,14,2666206818,complete,/home/fr/brl/02_BRL_POMDP_CODE/experiments_logs/when_what_mechanisms/20260921_013627_859495/wastesorting/scene_05/value_what/run_14_seed_2666206818
1575,value_what,wastesorting,05,15,2681637189,complete,/home/fr/brl/02_BRL_POMDP_CODE/experiments_logs/when_what_mechanisms/20260921_013627_859495/wastesorting/scene_05/value_what/run_15_seed_2681637189
1576,value_what,wastesorting,05,16,3586644066,complete,/home/fr/brl/02_BRL_POMDP_CODE/experiments_logs/when_what_mechanisms/20260921_013627_859495/wastesorting/scene_05/value_what/run_16_seed_3586644066
1577,value_what,wastesorting,05,17,3677160998,complete,/home/fr/brl/02_BRL_POMDP_CODE/experiments_logs/when_what_mechanisms/20260921_013627_859495/wastesorting/scene_05/value_what/run_17_seed_3677160998
1578,value_what,wastesorting,05,18,1159978775,complete,/home/fr/brl/02_BRL_POMDP_CODE/experiments_logs/when_what_mechanisms/20260921_013627_859495/wastesorting/scene_05/value_what/run_18_seed_1159978775
1579,value_what,wastesorting,05,19,4128091398,complete,/home/fr/brl/02_BRL_POMDP_CODE/experiments_logs/when_what_mechanisms/20260921_013627_859495/wastesorting/scene_05/value_what/run_19_seed_4128091398
1580,value_what,wastesorting,05,20,3351623416,complete,/home/fr/brl/02_BRL_POMDP_CODE/experiments_logs/when_what_mechanisms/20260921_013627_859495/wastesorting/scene_05/value_what/run_20_seed_3351623416
1581,value_what,wastesorting,05,21,3215763495,complete,/home/fr/brl/02_BRL_POMDP_CODE/experiments_logs/when_what_mechanisms/20260921_013627_859495/wastesorting/scene_05/value_what/run_21_seed_3215763495
1582,value_what,wastesorting,05,22,1045924611,complete,/home/fr/brl/02_BRL_POMDP_CODE/experiments_logs/when_what_mechanisms/20260921_013627_859495/wastesorting/scene_05/value_what/run_22_seed_1045924611
1583,value_what,wastesorting,05,23,449704548,complete,/home/fr/brl/02_BRL_POMDP_CODE/experiments_logs/when_what_mechanisms/20260921_013627_859495/wastesorting/scene_05/value_what/run_23_seed_449704548
1584,value_what,wastesorting,05,24,1253677920,complete,/home/fr/brl/02_BRL_POMDP_CODE/experiments_logs/when_what_mechanisms/20260921_013627_859495/wastesorting/scene_05/value_what/run_24_seed_1253677920
1585,value_what,wastesorting,05,25,382724118,complete,/home/fr/brl/02_BRL_POMDP_CODE/experiments_logs/when_what_mechanisms/20260921_013627_859495/wastesorting/scene_05/value_what/run_25_seed_382724118
1586,value_what,wastesorting,05,26,4085569034,complete,/home/fr/brl/02_BRL_POMDP_CODE/experiments_logs/when_what_mechanisms/20260921_013627_859495/wastesorting/scene_05/value_what/run_26_seed_4085569034
1587,value_what,wastesorting,05,27,1045529480,complete,/home/fr/brl/02_BRL_POMDP_CODE/experiments_logs/when_what_mechanisms/20260921_013627_859495/wastesorting/scene_05/value_what/run_27_seed_1045529480
1588,value_what,wastesorting,05,28,2875578355,complete,/home/fr/brl/02_BRL_POMDP_CODE/experiments_logs/when_what_mechanisms/20260921_013627_859495/wastesorting/scene_05/value_what/run_28_seed_2875578355
1589,value_what,wastesorting,05,29,230996701,complete,/home/fr/brl/02_BRL_POMDP_CODE/experiments_logs/when_what_mechanisms/20260921_013627_859495/wastesorting/scene_05/value_what/run_29_seed_230996701
1590,value_what,wastesorting,05,30,4259545291,complete,/home/fr/brl/02_BRL_POMDP_CODE/experiments_logs/when_what_mechanisms/20260921_013627_859495/wastesorting/scene_05/value_what/run_30_seed_4259545291
1591,value_what,wastesorting,05,31,671361218,complete,/home/fr/brl/02_BRL_POMDP_CODE/experiments_logs/when_what_mechanisms/20260921_013627_859495/wastesorting/scene_05/value_what/run_31_seed_671361218
1592,value_what,wastesorting,05,32,1668817081,complete,/home/fr/brl/02_BRL_POMDP_CODE/experiments_logs/when_what_mechanisms/20260921_013627_859495/wastesorting/scene_05/value_what/run_32_seed_1668817081
1593,value_what,wastesorting,05,33,3225313600,complete,/home/fr/brl/02_BRL_POMDP_CODE/experiments_logs/when_what_mechanisms/20260921_013627_859495/wastesorting/scene_05/value_what/run_33_seed_3225313600
1594,value_what,wastesorting,05,34,1380997039,complete,/home/fr/brl/02_BRL_POMDP_CODE/experiments_logs/when_what_mechanisms/20260921_013627_859495/wastesorting/scene_05/value_what/run_34_seed_1380997039
1595,value_what,wastesorting,05,35,2300990510,complete,/home/fr/brl/02_BRL_POMDP_CODE/experiments_logs/when_what_mechanisms/20260921_013627_859495/wastesorting/scene_05/value_what/run_35_seed_2300990510
1596,value_what,wastesorting,05,36,2645731214,complete,/home/fr/brl/02_BRL_POMDP_CODE/experiments_logs/when_what_mechanisms/20260921_013627_859495/wastesorting/scene_05/value_what/run_36_seed_2645731214
1597,value_what,wastesorting,05,37,1980913558,complete,/home/fr/brl/02_BRL_POMDP_CODE/experiments_logs/when_what_mechanisms/20260921_013627_859495/wastesorting/scene_05/value_what/run_37_seed_1980913558
1598,value_what,wastesorting,05,38,4060354637,complete,/home/fr/brl/02_BRL_POMDP_CODE/experiments_logs/when_what_mechanisms/20260921_013627_859495/wastesorting/scene_05/value_what/run_38_seed_4060354637
1599,value_what,wastesorting,05,39,3979866682,complete,/home/fr/brl/02_BRL_POMDP_CODE/experiments_logs/when_what_mechanisms/20260921_013627_859495/wastesorting/scene_05/value_what/run_39_seed_3979866682
1600,value_what,wastesorting,05,40,2741241943,complete,/home/fr/brl/02_BRL_POMDP_CODE/experiments_logs/when_what_mechanisms/20260921_013627_859495/wastesorting/scene_05/value_what/run_40_seed_2741241943
