domain,experiment,policy,threshold,scene,run_id,source_file,timestamp,success,planning_length,reward,question_count,query_step_count,query_probability_per_step,elapsed_seconds,model,prompt_version,seed,qhat,stop_reason,autonomous_action_count,fallback_in_prediction_count,action_failure_count,average_candidate_count,average_candidate_count_when_asked,average_prediction_set_size,average_prediction_set_size_when_asked,token_overall,max_step,max_belief_particles,search_time_total,search_time_avg,execute_time_total,execute_time_avg,update_time_total,update_time_avg,interaction_time_total,interaction_time_avg,pruning_time_total,pruning_time_avg,step_total_time_total,step_total_time_avg,tree_node_count_avg,tree_node_count_max,tree_nodes_expanded_this_step_avg,tree_nodes_expanded_this_step_max,root_action_count_avg,root_action_count_max,max_tree_depth_avg,max_tree_depth_max,belief_frontier_size_avg,belief_frontier_size_max,belief_entropy_avg,belief_entropy_max
tomato,when_what,ours,0.8,scene_01,601,/home/fr/brl/02_BRL_POMDP_CODE/experiments_logs/system_log/tomato/scene_01_step50/when_what_ours_thres_0-8_rand_0-4/exp_tomato_20260912_150158_586536.txt,2026-09-12 15:01:58,True,19,10.0,15,8,0.42105263157894735,6.0787,,,2030859206,,GOAL DONE,,,,,,,,,50,8000,6.0397,0.3179,0.0169,0.0009,0.0075,0.0004,0.0077,0.0004,0.0062,0.0003,6.0786,0.3199,,,,,,,,,,,,
tomato,when_what,ours,0.8,scene_01,602,/home/fr/brl/02_BRL_POMDP_CODE/experiments_logs/system_log/tomato/scene_01_step50/when_what_ours_thres_0-8_rand_0-4/exp_tomato_20260912_150222_076340.txt,2026-09-12 15:02:22,True,17,5.0,12,7,0.4117647058823529,5.8066,,,2222960263,,GOAL DONE,,,,,,,,,50,8000,5.7692,0.3394,0.0166,0.001,0.0076,0.0004,0.0068,0.0004,0.0059,0.0003,5.8064,0.3416,,,,,,,,,,,,
tomato,when_what,ours,0.8,scene_01,603,/home/fr/brl/02_BRL_POMDP_CODE/experiments_logs/system_log/tomato/scene_01_step50/when_what_ours_thres_0-8_rand_0-4/exp_tomato_20260912_150242_658979.txt,2026-09-12 15:02:42,True,19,-10.0,19,10,0.5263157894736842,6.3711,,,1273020582,,GOAL DONE,,,,,,,,,50,8000,6.3248,0.3329,0.0192,0.001,0.0108,0.0006,0.0098,0.0005,0.0059,0.0003,6.371,0.3353,,,,,,,,,,,,
tomato,when_what,ours,0.8,scene_01,604,/home/fr/brl/02_BRL_POMDP_CODE/experiments_logs/system_log/tomato/scene_01_step50/when_what_ours_thres_0-8_rand_0-4/exp_tomato_20260912_150306_543613.txt,2026-09-12 15:03:06,True,15,20.0,13,8,0.5333333333333333,4.4557,,,866496583,,GOAL DONE,,,,,,,,,50,8000,4.4246,0.295,0.0137,0.0009,0.0061,0.0004,0.0065,0.0004,0.0044,0.0003,4.4556,0.297,,,,,,,,,,,,
tomato,when_what,ours,0.8,scene_01,605,/home/fr/brl/02_BRL_POMDP_CODE/experiments_logs/system_log/tomato/scene_01_step50/when_what_ours_thres_0-8_rand_0-4/exp_tomato_20260912_150329_749315.txt,2026-09-12 15:03:29,True,20,-10.0,15,10,0.5,6.8046,,,2698243041,,GOAL DONE,,,,,,,,,50,8000,6.7604,0.338,0.02,0.001,0.0097,0.0005,0.0081,0.0004,0.0058,0.0003,6.8045,0.3402,,,,,,,,,,,,
tomato,when_what,ours,0.8,scene_01,606,/home/fr/brl/02_BRL_POMDP_CODE/experiments_logs/system_log/tomato/scene_01_step50/when_what_ours_thres_0-8_rand_0-4/exp_tomato_20260912_150350_884424.txt,2026-09-12 15:03:50,True,17,20.0,11,8,0.47058823529411764,5.0044,,,1911303750,,GOAL DONE,,,,,,,,,50,8000,4.9674,0.2922,0.017,0.001,0.0076,0.0004,0.0068,0.0004,0.0051,0.0003,5.0043,0.2944,,,,,,,,,,,,
tomato,when_what,ours,0.8,scene_01,607,/home/fr/brl/02_BRL_POMDP_CODE/experiments_logs/system_log/tomato/scene_01_step50/when_what_ours_thres_0-8_rand_0-4/exp_tomato_20260912_150419_628829.txt,2026-09-12 15:04:19,True,17,15.0,12,7,0.4117647058823529,4.9611,,,796400590,,GOAL DONE,,,,,,,,,50,8000,4.9261,0.2898,0.0157,0.0009,0.0063,0.0004,0.0074,0.0004,0.0051,0.0003,4.961,0.2918,,,,,,,,,,,,
tomato,when_what,ours,0.8,scene_01,608,/home/fr/brl/02_BRL_POMDP_CODE/experiments_logs/system_log/tomato/scene_01_step50/when_what_ours_thres_0-8_rand_0-4/exp_tomato_20260912_150444_573944.txt,2026-09-12 15:04:44,True,24,-15.0,21,13,0.5416666666666666,7.7455,,,1201029111,,GOAL DONE,,,,,,,,,50,8000,7.6964,0.3207,0.0231,0.001,0.0092,0.0004,0.0087,0.0004,0.0074,0.0003,7.7453,0.3227,,,,,,,,,,,,
tomato,when_what,ours,0.8,scene_01,609,/home/fr/brl/02_BRL_POMDP_CODE/experiments_logs/system_log/tomato/scene_01_step50/when_what_ours_thres_0-8_rand_0-4/exp_tomato_20260912_150504_061692.txt,2026-09-12 15:05:04,True,18,-5.0,19,9,0.5,5.5048,,,3389846695,,GOAL DONE,,,,,,,,,50,8000,5.4624,0.3035,0.0164,0.0009,0.0105,0.0006,0.0101,0.0006,0.0049,0.0003,5.5047,0.3058,,,,,,,,,,,,
tomato,when_what,ours,0.8,scene_01,610,/home/fr/brl/02_BRL_POMDP_CODE/experiments_logs/system_log/tomato/scene_01_step50/when_what_ours_thres_0-8_rand_0-4/exp_tomato_20260912_150529_216155.txt,2026-09-12 15:05:29,True,18,10.0,25,11,0.6111111111111112,5.9754,,,2508123787,,GOAL DONE,,,,,,,,,50,8000,5.9306,0.3295,0.0189,0.001,0.0106,0.0006,0.0104,0.0006,0.0044,0.0002,5.9753,0.332,,,,,,,,,,,,
tomato,when_what,ours,0.8,scene_01,611,/home/fr/brl/02_BRL_POMDP_CODE/experiments_logs/system_log/tomato/scene_01_step50/when_what_ours_thres_0-8_rand_0-4/exp_tomato_20260912_150558_505149.txt,2026-09-12 15:05:58,True,16,0.0,19,9,0.5625,5.2804,,,2741500852,,GOAL DONE,,,,,,,,,50,8000,5.2396,0.3275,0.0165,0.001,0.0103,0.0006,0.0091,0.0006,0.0044,0.0003,5.2803,0.33,,,,,,,,,,,,
tomato,when_what,ours,0.8,scene_01,612,/home/fr/brl/02_BRL_POMDP_CODE/experiments_logs/system_log/tomato/scene_01_step50/when_what_ours_thres_0-8_rand_0-4/exp_tomato_20260912_150615_280877.txt,2026-09-12 15:06:15,True,15,15.0,13,7,0.4666666666666667,4.8441,,,4065849833,,GOAL DONE,,,,,,,,,50,8000,4.8085,0.3206,0.0152,0.001,0.0084,0.0006,0.0078,0.0005,0.0038,0.0003,4.844,0.3229,,,,,,,,,,,,
tomato,when_what,ours,0.8,scene_01,613,/home/fr/brl/02_BRL_POMDP_CODE/experiments_logs/system_log/tomato/scene_01_step50/when_what_ours_thres_0-8_rand_0-4/exp_tomato_20260912_150637_784243.txt,2026-09-12 15:06:37,True,15,-5.0,14,8,0.5333333333333333,4.5277,,,821007751,,GOAL DONE,,,,,,,,,50,8000,4.4985,0.2999,0.0128,0.0009,0.0053,0.0004,0.0068,0.0005,0.004,0.0003,4.5276,0.3018,,,,,,,,,,,,
tomato,when_what,ours,0.8,scene_01,614,/home/fr/brl/02_BRL_POMDP_CODE/experiments_logs/system_log/tomato/scene_01_step50/when_what_ours_thres_0-8_rand_0-4/exp_tomato_20260912_150708_125146.txt,2026-09-12 15:07:08,True,22,-20.0,17,8,0.36363636363636365,6.9084,,,965164034,,GOAL DONE,,,,,,,,,50,8000,6.8562,0.3116,0.0231,0.0011,0.0121,0.0005,0.0097,0.0004,0.0067,0.0003,6.9082,0.314,,,,,,,,,,,,
tomato,when_what,ours,0.8,scene_01,615,/home/fr/brl/02_BRL_POMDP_CODE/experiments_logs/system_log/tomato/scene_01_step50/when_what_ours_thres_0-8_rand_0-4/exp_tomato_20260912_150727_075082.txt,2026-09-12 15:07:27,True,15,5.0,12,6,0.4,4.6381,,,3049697230,,GOAL DONE,,,,,,,,,50,8000,4.6064,0.3071,0.014,0.0009,0.0063,0.0004,0.0069,0.0005,0.0041,0.0003,4.638,0.3092,,,,,,,,,,,,
tomato,when_what,ours,0.8,scene_01,616,/home/fr/brl/02_BRL_POMDP_CODE/experiments_logs/system_log/tomato/scene_01_step50/when_what_ours_thres_0-8_rand_0-4/exp_tomato_20260912_150808_699299.txt,2026-09-12 15:08:08,True,32,-45.0,24,15,0.46875,10.6962,,,597016452,,GOAL DONE,,,,,,,,,50,8000,10.6238,0.332,0.0352,0.0011,0.0169,0.0005,0.0112,0.0004,0.0082,0.0003,10.696,0.3343,,,,,,,,,,,,
tomato,when_what,ours,0.8,scene_01,617,/home/fr/brl/02_BRL_POMDP_CODE/experiments_logs/system_log/tomato/scene_01_step50/when_what_ours_thres_0-8_rand_0-4/exp_tomato_20260912_150846_684344.txt,2026-09-12 15:08:46,True,27,-30.0,24,12,0.4444444444444444,8.6862,,,2027029533,,GOAL DONE,,,,,,,,,50,8000,8.6261,0.3195,0.026,0.001,0.0132,0.0005,0.0117,0.0004,0.0085,0.0003,8.686,0.3217,,,,,,,,,,,,
tomato,when_what,ours,0.8,scene_01,618,/home/fr/brl/02_BRL_POMDP_CODE/experiments_logs/system_log/tomato/scene_01_step50/when_what_ours_thres_0-8_rand_0-4/exp_tomato_20260912_150913_821715.txt,2026-09-12 15:09:13,True,20,-10.0,4,4,0.2,6.6396,,,3736902642,,GOAL DONE,,,,,,,,,50,8000,6.5985,0.3299,0.0221,0.0011,0.0097,0.0005,0.0035,0.0002,0.0053,0.0003,6.6395,0.332,,,,,,,,,,,,
tomato,when_what,ours,0.8,scene_01,619,/home/fr/brl/02_BRL_POMDP_CODE/experiments_logs/system_log/tomato/scene_01_step50/when_what_ours_thres_0-8_rand_0-4/exp_tomato_20260912_150951_197623.txt,2026-09-12 15:09:51,True,25,-5.0,29,13,0.52,8.3629,,,323427982,,GOAL DONE,,,,,,,,,50,8000,8.3004,0.332,0.0265,0.0011,0.0162,0.0006,0.0128,0.0005,0.0064,0.0003,8.3628,0.3345,,,,,,,,,,,,
tomato,when_what,ours,0.8,scene_01,620,/home/fr/brl/02_BRL_POMDP_CODE/experiments_logs/system_log/tomato/scene_01_step50/when_what_ours_thres_0-8_rand_0-4/exp_tomato_20260912_151027_126097.txt,2026-09-12 15:10:27,True,16,0.0,13,7,0.4375,5.0605,,,311025495,,GOAL DONE,,,,,,,,,50,8000,5.0258,0.3141,0.0147,0.0009,0.007,0.0004,0.0078,0.0005,0.0048,0.0003,5.0604,0.3163,,,,,,,,,,,,
tomato,when_what,ours,0.8,scene_01,621,/home/fr/brl/02_BRL_POMDP_CODE/experiments_logs/system_log/tomato/scene_01_step50/when_what_ours_thres_0-8_rand_0-4/exp_tomato_20260912_151047_478334.txt,2026-09-12 15:10:47,True,14,10.0,8,5,0.35714285714285715,4.2363,,,871806833,,GOAL DONE,,,,,,,,,50,8000,4.2073,0.3005,0.0125,0.0009,0.0053,0.0004,0.006,0.0004,0.0047,0.0003,4.2362,0.3026,,,,,,,,,,,,
tomato,when_what,ours,0.8,scene_01,622,/home/fr/brl/02_BRL_POMDP_CODE/experiments_logs/system_log/tomato/scene_01_step50/when_what_ours_thres_0-8_rand_0-4/exp_tomato_20260912_151105_979063.txt,2026-09-12 15:11:05,True,20,-20.0,16,10,0.5,6.2473,,,217537032,,GOAL DONE,,,,,,,,,50,8000,6.2058,0.3103,0.0192,0.001,0.0079,0.0004,0.0075,0.0004,0.0064,0.0003,6.2471,0.3124,,,,,,,,,,,,
tomato,when_what,ours,0.8,scene_01,623,/home/fr/brl/02_BRL_POMDP_CODE/experiments_logs/system_log/tomato/scene_01_step50/when_what_ours_thres_0-8_rand_0-4/exp_tomato_20260912_151128_160298.txt,2026-09-12 15:11:28,True,21,5.0,9,7,0.3333333333333333,6.8101,,,532817344,,GOAL DONE,,,,,,,,,50,8000,6.7709,0.3224,0.0193,0.0009,0.0074,0.0004,0.0065,0.0003,0.0053,0.0003,6.81,0.3243,,,,,,,,,,,,
tomato,when_what,ours,0.8,scene_01,624,/home/fr/brl/02_BRL_POMDP_CODE/experiments_logs/system_log/tomato/scene_01_step50/when_what_ours_thres_0-8_rand_0-4/exp_tomato_20260912_151153_031759.txt,2026-09-12 15:11:53,True,15,10.0,12,6,0.4,4.6173,,,3466707993,,GOAL DONE,,,,,,,,,50,8000,4.5855,0.3057,0.0137,0.0009,0.006,0.0004,0.0075,0.0005,0.0042,0.0003,4.6172,0.3078,,,,,,,,,,,,
tomato,when_what,ours,0.8,scene_01,625,/home/fr/brl/02_BRL_POMDP_CODE/experiments_logs/system_log/tomato/scene_01_step50/when_what_ours_thres_0-8_rand_0-4/exp_tomato_20260912_151211_567574.txt,2026-09-12 15:12:11,True,15,5.0,7,5,0.3333333333333333,4.4879,,,1649478604,,GOAL DONE,,,,,,,,,50,8000,4.4591,0.2973,0.0127,0.0008,0.0053,0.0004,0.0058,0.0004,0.0046,0.0003,4.4878,0.2992,,,,,,,,,,,,
tomato,when_what,ours,0.8,scene_01,626,/home/fr/brl/02_BRL_POMDP_CODE/experiments_logs/system_log/tomato/scene_01_step50/when_what_ours_thres_0-8_rand_0-4/exp_tomato_20260912_151236_574128.txt,2026-09-12 15:12:36,True,18,0.0,12,7,0.3888888888888889,5.9716,,,2204152357,,GOAL DONE,,,,,,,,,50,8000,5.9354,0.3297,0.0164,0.0009,0.0068,0.0004,0.0072,0.0004,0.0053,0.0003,5.9715,0.3318,,,,,,,,,,,,
tomato,when_what,ours,0.8,scene_01,627,/home/fr/brl/02_BRL_POMDP_CODE/experiments_logs/system_log/tomato/scene_01_step50/when_what_ours_thres_0-8_rand_0-4/exp_tomato_20260912_151256_599686.txt,2026-09-12 15:12:56,True,15,15.0,11,6,0.4,4.9097,,,1233339309,,GOAL DONE,,,,,,,,,50,8000,4.8762,0.3251,0.015,0.001,0.0073,0.0005,0.0066,0.0004,0.0042,0.0003,4.9096,0.3273,,,,,,,,,,,,
tomato,when_what,ours,0.8,scene_01,628,/home/fr/brl/02_BRL_POMDP_CODE/experiments_logs/system_log/tomato/scene_01_step50/when_what_ours_thres_0-8_rand_0-4/exp_tomato_20260912_151324_612252.txt,2026-09-12 15:13:24,True,18,-10.0,26,10,0.5555555555555556,5.926,,,3357973338,,GOAL DONE,,,,,,,,,50,8000,5.8765,0.3265,0.0193,0.0011,0.0122,0.0007,0.0126,0.0007,0.0051,0.0003,5.9259,0.3292,,,,,,,,,,,,
tomato,when_what,ours,0.8,scene_01,629,/home/fr/brl/02_BRL_POMDP_CODE/experiments_logs/system_log/tomato/scene_01_step50/when_what_ours_thres_0-8_rand_0-4/exp_tomato_20260912_151340_034917.txt,2026-09-12 15:13:40,True,15,15.0,10,5,0.3333333333333333,4.5947,,,3649707942,,GOAL DONE,,,,,,,,,50,8000,4.5645,0.3043,0.0133,0.0009,0.0055,0.0004,0.0065,0.0004,0.0045,0.0003,4.5946,0.3063,,,,,,,,,,,,
tomato,when_what,ours,0.8,scene_01,630,/home/fr/brl/02_BRL_POMDP_CODE/experiments_logs/system_log/tomato/scene_01_step50/when_what_ours_thres_0-8_rand_0-4/exp_tomato_20260912_151405_204186.txt,2026-09-12 15:14:05,True,17,5.0,14,7,0.4117647058823529,4.9724,,,3325784884,,GOAL DONE,,,,,,,,,50,8000,4.9327,0.2902,0.0158,0.0009,0.0094,0.0006,0.0098,0.0006,0.0042,0.0002,4.9723,0.2925,,,,,,,,,,,,
tomato,when_what,ours,0.8,scene_01,631,/home/fr/brl/02_BRL_POMDP_CODE/experiments_logs/system_log/tomato/scene_01_step50/when_what_ours_thres_0-8_rand_0-4/exp_tomato_20260912_151421_279397.txt,2026-09-12 15:14:21,True,16,-10.0,12,7,0.4375,5.2624,,,3877458541,,GOAL DONE,,,,,,,,,50,8000,5.2276,0.3267,0.0155,0.001,0.0073,0.0005,0.0065,0.0004,0.0051,0.0003,5.2623,0.3289,,,,,,,,,,,,
tomato,when_what,ours,0.8,scene_01,632,/home/fr/brl/02_BRL_POMDP_CODE/experiments_logs/system_log/tomato/scene_01_step50/when_what_ours_thres_0-8_rand_0-4/exp_tomato_20260912_151439_820554.txt,2026-09-12 15:14:39,True,19,5.0,13,8,0.42105263157894735,6.0728,,,3638621671,,GOAL DONE,,,,,,,,,50,8000,6.036,0.3177,0.0167,0.0009,0.0066,0.0003,0.0071,0.0004,0.0059,0.0003,6.0726,0.3196,,,,,,,,,,,,
tomato,when_what,ours,0.8,scene_01,633,/home/fr/brl/02_BRL_POMDP_CODE/experiments_logs/system_log/tomato/scene_01_step50/when_what_ours_thres_0-8_rand_0-4/exp_tomato_20260912_151501_194623.txt,2026-09-12 15:15:01,True,16,5.0,12,6,0.375,5.0968,,,1084618528,,GOAL DONE,,,,,,,,,50,8000,5.0642,0.3165,0.0144,0.0009,0.0064,0.0004,0.0077,0.0005,0.0037,0.0002,5.0967,0.3185,,,,,,,,,,,,
tomato,when_what,ours,0.8,scene_01,634,/home/fr/brl/02_BRL_POMDP_CODE/experiments_logs/system_log/tomato/scene_01_step50/when_what_ours_thres_0-8_rand_0-4/exp_tomato_20260912_151527_443451.txt,2026-09-12 15:15:27,True,19,10.0,17,9,0.47368421052631576,6.3956,,,405999239,,GOAL DONE,,,,,,,,,50,8000,6.3526,0.3343,0.0188,0.001,0.0094,0.0005,0.0081,0.0004,0.0062,0.0003,6.3955,0.3366,,,,,,,,,,,,
tomato,when_what,ours,0.8,scene_01,635,/home/fr/brl/02_BRL_POMDP_CODE/experiments_logs/system_log/tomato/scene_01_step50/when_what_ours_thres_0-8_rand_0-4/exp_tomato_20260912_151548_856495.txt,2026-09-12 15:15:48,True,18,-10.0,20,10,0.5555555555555556,5.8742,,,4028845444,,GOAL DONE,,,,,,,,,50,8000,5.8284,0.3238,0.0191,0.0011,0.0119,0.0007,0.0101,0.0006,0.0042,0.0002,5.8741,0.3263,,,,,,,,,,,,
tomato,when_what,ours,0.8,scene_01,636,/home/fr/brl/02_BRL_POMDP_CODE/experiments_logs/system_log/tomato/scene_01_step50/when_what_ours_thres_0-8_rand_0-4/exp_tomato_20260912_151624_053309.txt,2026-09-12 15:16:24,True,18,-20.0,16,11,0.6111111111111112,6.1218,,,2607182153,,GOAL DONE,,,,,,,,,50,8000,6.0807,0.3378,0.0192,0.0011,0.0095,0.0005,0.0071,0.0004,0.0048,0.0003,6.1217,0.3401,,,,,,,,,,,,
tomato,when_what,ours,0.8,scene_01,637,/home/fr/brl/02_BRL_POMDP_CODE/experiments_logs/system_log/tomato/scene_01_step50/when_what_ours_thres_0-8_rand_0-4/exp_tomato_20260912_151704_373726.txt,2026-09-12 15:17:04,True,24,-30.0,27,12,0.5,8.2487,,,338448945,,GOAL DONE,,,,,,,,,50,8000,8.1808,0.3409,0.0273,0.0011,0.0194,0.0008,0.0144,0.0006,0.0061,0.0003,8.2485,0.3437,,,,,,,,,,,,
tomato,when_what,ours,0.8,scene_01,638,/home/fr/brl/02_BRL_POMDP_CODE/experiments_logs/system_log/tomato/scene_01_step50/when_what_ours_thres_0-8_rand_0-4/exp_tomato_20260912_151733_979572.txt,2026-09-12 15:17:33,True,22,-15.0,16,10,0.45454545454545453,7.1885,,,3008854274,,GOAL DONE,,,,,,,,,50,8000,7.1447,0.3248,0.0208,0.0009,0.0092,0.0004,0.008,0.0004,0.0052,0.0002,7.1883,0.3267,,,,,,,,,,,,
tomato,when_what,ours,0.8,scene_01,639,/home/fr/brl/02_BRL_POMDP_CODE/experiments_logs/system_log/tomato/scene_01_step50/when_what_ours_thres_0-8_rand_0-4/exp_tomato_20260912_151751_642567.txt,2026-09-12 15:17:51,True,13,0.0,8,6,0.46153846153846156,3.9815,,,3373062200,,GOAL DONE,,,,,,,,,50,8000,3.9559,0.3043,0.0112,0.0009,0.005,0.0004,0.0057,0.0004,0.0034,0.0003,3.9814,0.3063,,,,,,,,,,,,
tomato,when_what,ours,0.8,scene_01,640,/home/fr/brl/02_BRL_POMDP_CODE/experiments_logs/system_log/tomato/scene_01_step50/when_what_ours_thres_0-8_rand_0-4/exp_tomato_20260912_151819_815612.txt,2026-09-12 15:18:19,True,24,-30.0,28,12,0.5,7.6437,,,1025671343,,GOAL DONE,,,,,,,,,50,8000,7.5856,0.3161,0.0245,0.001,0.0141,0.0006,0.0128,0.0005,0.006,0.0003,7.6436,0.3185,,,,,,,,,,,,
tomato,when_what,ours_what_only,0.8,scene_01,641,/home/fr/brl/02_BRL_POMDP_CODE/experiments_logs/system_log/tomato/scene_01_step50/when_what_ours_what_only_thres_0-8_rand_0-4/exp_tomato_20260912_150152_371850.txt,2026-09-12 15:01:52,True,22,10.0,10,9,0.4090909090909091,6.7318,,,2030859206,,GOAL DONE,,,,,,,,,50,8000,6.691,0.3041,0.0204,0.0009,0.0085,0.0004,0.005,0.0002,0.0063,0.0003,6.7316,0.306,,,,,,,,,,,,
tomato,when_what,ours_what_only,0.8,scene_01,642,/home/fr/brl/02_BRL_POMDP_CODE/experiments_logs/system_log/tomato/scene_01_step50/when_what_ours_what_only_thres_0-8_rand_0-4/exp_tomato_20260912_150216_139774.txt,2026-09-12 15:02:16,True,17,5.0,7,6,0.35294117647058826,5.7702,,,2222960263,,GOAL DONE,,,,,,,,,50,8000,5.7363,0.3374,0.0164,0.001,0.0075,0.0004,0.0041,0.0002,0.0054,0.0003,5.7701,0.3394,,,,,,,,,,,,
tomato,when_what,ours_what_only,0.8,scene_01,643,/home/fr/brl/02_BRL_POMDP_CODE/experiments_logs/system_log/tomato/scene_01_step50/when_what_ours_what_only_thres_0-8_rand_0-4/exp_tomato_20260912_150236_160886.txt,2026-09-12 15:02:36,False,12,-20.0,9,6,0.5,3.7389,,,1273020582,,PLAN FAILURE,,,,,,,,,50,8000,3.7095,0.3091,0.0126,0.001,0.009,0.0007,0.0044,0.0004,0.0031,0.0003,3.7388,0.3116,,,,,,,,,,,,
tomato,when_what,ours_what_only,0.8,scene_01,644,/home/fr/brl/02_BRL_POMDP_CODE/experiments_logs/system_log/tomato/scene_01_step50/when_what_ours_what_only_thres_0-8_rand_0-4/exp_tomato_20260912_150301_985916.txt,2026-09-12 15:03:01,True,22,0.0,12,9,0.4090909090909091,7.2698,,,866496583,,GOAL DONE,,,,,,,,,50,8000,7.227,0.3285,0.0211,0.001,0.0095,0.0004,0.0051,0.0002,0.0065,0.0003,7.2696,0.3304,,,,,,,,,,,,
tomato,when_what,ours_what_only,0.8,scene_01,645,/home/fr/brl/02_BRL_POMDP_CODE/experiments_logs/system_log/tomato/scene_01_step50/when_what_ours_what_only_thres_0-8_rand_0-4/exp_tomato_20260912_150322_811663.txt,2026-09-12 15:03:22,True,20,-10.0,11,8,0.4,6.5535,,,2698243041,,GOAL DONE,,,,,,,,,50,8000,6.5109,0.3255,0.0196,0.001,0.0094,0.0005,0.007,0.0004,0.006,0.0003,6.5534,0.3277,,,,,,,,,,,,
tomato,when_what,ours_what_only,0.8,scene_01,646,/home/fr/brl/02_BRL_POMDP_CODE/experiments_logs/system_log/tomato/scene_01_step50/when_what_ours_what_only_thres_0-8_rand_0-4/exp_tomato_20260912_150345_775530.txt,2026-09-12 15:03:45,True,19,10.0,15,12,0.631578947368421,5.3419,,,1911303750,,GOAL DONE,,,,,,,,,50,8000,5.3054,0.2792,0.0169,0.0009,0.0068,0.0004,0.0073,0.0004,0.005,0.0003,5.3418,0.2811,,,,,,,,,,,,
tomato,when_what,ours_what_only,0.8,scene_01,647,/home/fr/brl/02_BRL_POMDP_CODE/experiments_logs/system_log/tomato/scene_01_step50/when_what_ours_what_only_thres_0-8_rand_0-4/exp_tomato_20260912_150414_539585.txt,2026-09-12 15:04:14,False,26,-5.0,12,10,0.38461538461538464,9.03,,,796400590,,PLAN FAILURE,,,,,,,,,50,8000,8.9741,0.3452,0.0285,0.0011,0.0128,0.0005,0.0059,0.0002,0.0079,0.0003,9.0298,0.3473,,,,,,,,,,,,
tomato,when_what,ours_what_only,0.8,scene_01,648,/home/fr/brl/02_BRL_POMDP_CODE/experiments_logs/system_log/tomato/scene_01_step50/when_what_ours_what_only_thres_0-8_rand_0-4/exp_tomato_20260912_150436_701364.txt,2026-09-12 15:04:36,False,16,5.0,15,10,0.625,4.4996,,,1201029111,,PLAN FAILURE,,,,,,,,,50,8000,4.4671,0.2792,0.0147,0.0009,0.0062,0.0004,0.0071,0.0004,0.004,0.0003,4.4995,0.2812,,,,,,,,,,,,
tomato,when_what,ours_what_only,0.8,scene_01,649,/home/fr/brl/02_BRL_POMDP_CODE/experiments_logs/system_log/tomato/scene_01_step50/when_what_ours_what_only_thres_0-8_rand_0-4/exp_tomato_20260912_150458_431647.txt,2026-09-12 15:04:58,False,13,-5.0,12,7,0.5384615384615384,3.9627,,,3389846695,,PLAN FAILURE,,,,,,,,,50,8000,3.9263,0.302,0.0139,0.0011,0.0123,0.0009,0.0066,0.0005,0.0032,0.0002,3.9626,0.3048,,,,,,,,,,,,
tomato,when_what,ours_what_only,0.8,scene_01,650,/home/fr/brl/02_BRL_POMDP_CODE/experiments_logs/system_log/tomato/scene_01_step50/when_what_ours_what_only_thres_0-8_rand_0-4/exp_tomato_20260912_150523_117660.txt,2026-09-12 15:05:23,True,20,5.0,16,9,0.45,6.4471,,,2508123787,,GOAL DONE,,,,,,,,,50,8000,6.4036,0.3202,0.02,0.001,0.0099,0.0005,0.0079,0.0004,0.0051,0.0003,6.4469,0.3223,,,,,,,,,,,,
tomato,when_what,ours_what_only,0.8,scene_01,651,/home/fr/brl/02_BRL_POMDP_CODE/experiments_logs/system_log/tomato/scene_01_step50/when_what_ours_what_only_thres_0-8_rand_0-4/exp_tomato_20260912_150553_095208.txt,2026-09-12 15:05:53,True,26,-20.0,17,13,0.5,9.0854,,,2741500852,,GOAL DONE,,,,,,,,,50,8000,9.0259,0.3471,0.0283,0.0011,0.0154,0.0006,0.0086,0.0003,0.0065,0.0003,9.0852,0.3494,,,,,,,,,,,,
tomato,when_what,ours_what_only,0.8,scene_01,652,/home/fr/brl/02_BRL_POMDP_CODE/experiments_logs/system_log/tomato/scene_01_step50/when_what_ours_what_only_thres_0-8_rand_0-4/exp_tomato_20260912_150610_309476.txt,2026-09-12 15:06:10,False,6,-5.0,3,2,0.3333333333333333,1.5992,,,4065849833,,PLAN FAILURE,,,,,,,,,50,8000,1.5865,0.2644,0.0049,0.0008,0.0035,0.0006,0.0026,0.0004,0.0014,0.0002,1.5991,0.2665,,,,,,,,,,,,
tomato,when_what,ours_what_only,0.8,scene_01,653,/home/fr/brl/02_BRL_POMDP_CODE/experiments_logs/system_log/tomato/scene_01_step50/when_what_ours_what_only_thres_0-8_rand_0-4/exp_tomato_20260912_150633_128347.txt,2026-09-12 15:06:33,False,20,-5.0,14,9,0.45,6.3523,,,821007751,,PLAN FAILURE,,,,,,,,,50,8000,6.3114,0.3156,0.0194,0.001,0.0084,0.0004,0.0072,0.0004,0.0054,0.0003,6.3522,0.3176,,,,,,,,,,,,
tomato,when_what,ours_what_only,0.8,scene_01,654,/home/fr/brl/02_BRL_POMDP_CODE/experiments_logs/system_log/tomato/scene_01_step50/when_what_ours_what_only_thres_0-8_rand_0-4/exp_tomato_20260912_150701_085873.txt,2026-09-12 15:07:01,True,23,-25.0,9,7,0.30434782608695654,7.5488,,,965164034,,GOAL DONE,,,,,,,,,50,8000,7.4926,0.3258,0.0255,0.0011,0.0191,0.0008,0.0054,0.0002,0.0056,0.0002,7.5487,0.3282,,,,,,,,,,,,
tomato,when_what,ours_what_only,0.8,scene_01,655,/home/fr/brl/02_BRL_POMDP_CODE/experiments_logs/system_log/tomato/scene_01_step50/when_what_ours_what_only_thres_0-8_rand_0-4/exp_tomato_20260912_150722_313158.txt,2026-09-12 15:07:22,False,7,0.0,4,3,0.42857142857142855,1.8178,,,3049697230,,PLAN FAILURE,,,,,,,,,50,8000,1.804,0.2577,0.0058,0.0008,0.0035,0.0005,0.0029,0.0004,0.0014,0.0002,1.8177,0.2597,,,,,,,,,,,,
tomato,when_what,ours_what_only,0.8,scene_01,656,/home/fr/brl/02_BRL_POMDP_CODE/experiments_logs/system_log/tomato/scene_01_step50/when_what_ours_what_only_thres_0-8_rand_0-4/exp_tomato_20260912_150757_875194.txt,2026-09-12 15:07:57,True,29,-25.0,19,14,0.4827586206896552,9.79,,,597016452,,GOAL DONE,,,,,,,,,50,8000,9.7271,0.3354,0.0308,0.0011,0.0148,0.0005,0.0092,0.0003,0.0074,0.0003,9.7898,0.3376,,,,,,,,,,,,
tomato,when_what,ours_what_only,0.8,scene_01,657,/home/fr/brl/02_BRL_POMDP_CODE/experiments_logs/system_log/tomato/scene_01_step50/when_what_ours_what_only_thres_0-8_rand_0-4/exp_tomato_20260912_150837_891977.txt,2026-09-12 15:08:37,True,30,-25.0,26,15,0.5,10.0473,,,2027029533,,GOAL DONE,,,,,,,,,50,8000,9.969,0.3323,0.0334,0.0011,0.0237,0.0008,0.0125,0.0004,0.0078,0.0003,10.0471,0.3349,,,,,,,,,,,,
tomato,when_what,ours_what_only,0.8,scene_01,658,/home/fr/brl/02_BRL_POMDP_CODE/experiments_logs/system_log/tomato/scene_01_step50/when_what_ours_what_only_thres_0-8_rand_0-4/exp_tomato_20260912_150907_058381.txt,2026-09-12 15:09:07,True,20,-10.0,7,7,0.35,6.6629,,,3736902642,,GOAL DONE,,,,,,,,,50,8000,6.6154,0.3308,0.0271,0.0014,0.0099,0.0005,0.004,0.0002,0.0059,0.0003,6.6628,0.3331,,,,,,,,,,,,
tomato,when_what,ours_what_only,0.8,scene_01,659,/home/fr/brl/02_BRL_POMDP_CODE/experiments_logs/system_log/tomato/scene_01_step50/when_what_ours_what_only_thres_0-8_rand_0-4/exp_tomato_20260912_150942_706403.txt,2026-09-12 15:09:42,True,32,-25.0,18,16,0.5,10.0661,,,323427982,,GOAL DONE,,,,,,,,,50,8000,10.0029,0.3126,0.0322,0.001,0.0138,0.0004,0.0067,0.0002,0.0097,0.0003,10.0659,0.3146,,,,,,,,,,,,
tomato,when_what,ours_what_only,0.8,scene_01,660,/home/fr/brl/02_BRL_POMDP_CODE/experiments_logs/system_log/tomato/scene_01_step50/when_what_ours_what_only_thres_0-8_rand_0-4/exp_tomato_20260912_151021_937697.txt,2026-09-12 15:10:21,True,37,-65.0,39,16,0.43243243243243246,12.5017,,,311025495,,GOAL DONE,,,,,,,,,50,8000,12.4006,0.3352,0.0429,0.0012,0.0311,0.0008,0.017,0.0005,0.0091,0.0002,12.5015,0.3379,,,,,,,,,,,,
tomato,when_what,ours_what_only,0.8,scene_01,661,/home/fr/brl/02_BRL_POMDP_CODE/experiments_logs/system_log/tomato/scene_01_step50/when_what_ours_what_only_thres_0-8_rand_0-4/exp_tomato_20260912_151043_117991.txt,2026-09-12 15:10:43,True,18,15.0,11,9,0.5,5.7629,,,871806833,,GOAL DONE,,,,,,,,,50,8000,5.7259,0.3181,0.0174,0.001,0.0075,0.0004,0.0067,0.0004,0.005,0.0003,5.7628,0.3202,,,,,,,,,,,,
tomato,when_what,ours_what_only,0.8,scene_01,662,/home/fr/brl/02_BRL_POMDP_CODE/experiments_logs/system_log/tomato/scene_01_step50/when_what_ours_what_only_thres_0-8_rand_0-4/exp_tomato_20260912_151059_602712.txt,2026-09-12 15:10:59,False,10,-15.0,5,4,0.4,2.4805,,,217537032,,PLAN FAILURE,,,,,,,,,50,8000,2.4595,0.2459,0.0085,0.0008,0.0069,0.0007,0.0033,0.0003,0.0022,0.0002,2.4805,0.248,,,,,,,,,,,,
tomato,when_what,ours_what_only,0.8,scene_01,663,/home/fr/brl/02_BRL_POMDP_CODE/experiments_logs/system_log/tomato/scene_01_step50/when_what_ours_what_only_thres_0-8_rand_0-4/exp_tomato_20260912_151121_227724.txt,2026-09-12 15:11:21,True,21,5.0,8,6,0.2857142857142857,6.9157,,,532817344,,GOAL DONE,,,,,,,,,50,8000,6.8756,0.3274,0.0195,0.0009,0.0076,0.0004,0.0064,0.0003,0.006,0.0003,6.9156,0.3293,,,,,,,,,,,,
tomato,when_what,ours_what_only,0.8,scene_01,664,/home/fr/brl/02_BRL_POMDP_CODE/experiments_logs/system_log/tomato/scene_01_step50/when_what_ours_what_only_thres_0-8_rand_0-4/exp_tomato_20260912_151148_282349.txt,2026-09-12 15:11:48,False,21,0.0,11,10,0.47619047619047616,7.4914,,,3466707993,,PLAN FAILURE,,,,,,,,,50,8000,7.4463,0.3546,0.0223,0.0011,0.0111,0.0005,0.0051,0.0002,0.0059,0.0003,7.4913,0.3567,,,,,,,,,,,,
tomato,when_what,ours_what_only,0.8,scene_01,665,/home/fr/brl/02_BRL_POMDP_CODE/experiments_logs/system_log/tomato/scene_01_step50/when_what_ours_what_only_thres_0-8_rand_0-4/exp_tomato_20260912_151206_954361.txt,2026-09-12 15:12:06,True,15,5.0,6,6,0.4,4.5388,,,1649478604,,GOAL DONE,,,,,,,,,50,8000,4.5119,0.3008,0.0129,0.0009,0.0054,0.0004,0.0038,0.0003,0.0044,0.0003,4.5387,0.3026,,,,,,,,,,,,
tomato,when_what,ours_what_only,0.8,scene_01,666,/home/fr/brl/02_BRL_POMDP_CODE/experiments_logs/system_log/tomato/scene_01_step50/when_what_ours_what_only_thres_0-8_rand_0-4/exp_tomato_20260912_151230_473630.txt,2026-09-12 15:12:30,True,21,5.0,18,14,0.6666666666666666,6.4225,,,2204152357,,GOAL DONE,,,,,,,,,50,8000,6.3821,0.3039,0.0193,0.0009,0.0084,0.0004,0.0065,0.0003,0.0057,0.0003,6.4224,0.3058,,,,,,,,,,,,
tomato,when_what,ours_what_only,0.8,scene_01,667,/home/fr/brl/02_BRL_POMDP_CODE/experiments_logs/system_log/tomato/scene_01_step50/when_what_ours_what_only_thres_0-8_rand_0-4/exp_tomato_20260912_151251_560838.txt,2026-09-12 15:12:51,True,15,15.0,2,2,0.13333333333333333,4.8771,,,1233339309,,GOAL DONE,,,,,,,,,50,8000,4.848,0.3232,0.0145,0.001,0.0071,0.0005,0.003,0.0002,0.004,0.0003,4.877,0.3251,,,,,,,,,,,,
tomato,when_what,ours_what_only,0.8,scene_01,668,/home/fr/brl/02_BRL_POMDP_CODE/experiments_logs/system_log/tomato/scene_01_step50/when_what_ours_what_only_thres_0-8_rand_0-4/exp_tomato_20260912_151318_553423.txt,2026-09-12 15:13:18,True,24,-15.0,11,9,0.375,7.6974,,,3357973338,,GOAL DONE,,,,,,,,,50,8000,7.6487,0.3187,0.0241,0.001,0.013,0.0005,0.005,0.0002,0.006,0.0002,7.6972,0.3207,,,,,,,,,,,,
tomato,when_what,ours_what_only,0.8,scene_01,669,/home/fr/brl/02_BRL_POMDP_CODE/experiments_logs/system_log/tomato/scene_01_step50/when_what_ours_what_only_thres_0-8_rand_0-4/exp_tomato_20260912_151335_316756.txt,2026-09-12 15:13:35,False,10,-15.0,2,2,0.2,2.9356,,,3649707942,,PLAN FAILURE,,,,,,,,,50,8000,2.9187,0.2919,0.008,0.0008,0.0037,0.0004,0.0024,0.0002,0.0026,0.0003,2.9355,0.2936,,,,,,,,,,,,
tomato,when_what,ours_what_only,0.8,scene_01,670,/home/fr/brl/02_BRL_POMDP_CODE/experiments_logs/system_log/tomato/scene_01_step50/when_what_ours_what_only_thres_0-8_rand_0-4/exp_tomato_20260912_151400_106452.txt,2026-09-12 15:14:00,True,23,-10.0,23,11,0.4782608695652174,7.3383,,,3325784884,,GOAL DONE,,,,,,,,,50,8000,7.2746,0.3163,0.0254,0.0011,0.0192,0.0008,0.0127,0.0006,0.0058,0.0003,7.3382,0.3191,,,,,,,,,,,,
tomato,when_what,ours_what_only,0.8,scene_01,671,/home/fr/brl/02_BRL_POMDP_CODE/experiments_logs/system_log/tomato/scene_01_step50/when_what_ours_what_only_thres_0-8_rand_0-4/exp_tomato_20260912_151415_887522.txt,2026-09-12 15:14:15,False,9,5.0,0,0,0.0,2.5876,,,3877458541,,PLAN FAILURE,,,,,,,,,50,8000,2.5734,0.2859,0.0072,0.0008,0.0036,0.0004,0.0007,0.0001,0.0024,0.0003,2.5876,0.2875,,,,,,,,,,,,
tomato,when_what,ours_what_only,0.8,scene_01,672,/home/fr/brl/02_BRL_POMDP_CODE/experiments_logs/system_log/tomato/scene_01_step50/when_what_ours_what_only_thres_0-8_rand_0-4/exp_tomato_20260912_151433_616003.txt,2026-09-12 15:14:33,False,10,15.0,5,3,0.3,2.9806,,,3638621671,,PLAN FAILURE,,,,,,,,,50,8000,2.9602,0.296,0.0091,0.0009,0.0053,0.0005,0.0036,0.0004,0.0022,0.0002,2.9806,0.2981,,,,,,,,,,,,
tomato,when_what,ours_what_only,0.8,scene_01,673,/home/fr/brl/02_BRL_POMDP_CODE/experiments_logs/system_log/tomato/scene_01_step50/when_what_ours_what_only_thres_0-8_rand_0-4/exp_tomato_20260912_151455_966866.txt,2026-09-12 15:14:55,True,18,-10.0,4,4,0.2222222222222222,5.3542,,,1084618528,,GOAL DONE,,,,,,,,,50,8000,5.3209,0.2956,0.017,0.0009,0.0068,0.0004,0.0042,0.0002,0.0048,0.0003,5.3541,0.2975,,,,,,,,,,,,
tomato,when_what,ours_what_only,0.8,scene_01,674,/home/fr/brl/02_BRL_POMDP_CODE/experiments_logs/system_log/tomato/scene_01_step50/when_what_ours_what_only_thres_0-8_rand_0-4/exp_tomato_20260912_151520_925940.txt,2026-09-12 15:15:20,True,20,-5.0,5,5,0.25,6.4674,,,405999239,,GOAL DONE,,,,,,,,,50,8000,6.4278,0.3214,0.0198,0.001,0.0099,0.0005,0.0038,0.0002,0.0055,0.0003,6.4673,0.3234,,,,,,,,,,,,
tomato,when_what,ours_what_only,0.8,scene_01,675,/home/fr/brl/02_BRL_POMDP_CODE/experiments_logs/system_log/tomato/scene_01_step50/when_what_ours_what_only_thres_0-8_rand_0-4/exp_tomato_20260912_151542_854113.txt,2026-09-12 15:15:42,True,18,0.0,14,9,0.5,5.4915,,,4028845444,,GOAL DONE,,,,,,,,,50,8000,5.4552,0.3031,0.0167,0.0009,0.007,0.0004,0.0071,0.0004,0.0049,0.0003,5.4914,0.3051,,,,,,,,,,,,
tomato,when_what,ours_what_only,0.8,scene_01,676,/home/fr/brl/02_BRL_POMDP_CODE/experiments_logs/system_log/tomato/scene_01_step50/when_what_ours_what_only_thres_0-8_rand_0-4/exp_tomato_20260912_151617_804384.txt,2026-09-12 15:16:17,False,12,-10.0,7,6,0.5,3.6986,,,2607182153,,PLAN FAILURE,,,,,,,,,50,8000,3.6722,0.306,0.0116,0.001,0.006,0.0005,0.005,0.0004,0.0034,0.0003,3.6985,0.3082,,,,,,,,,,,,
tomato,when_what,ours_what_only,0.8,scene_01,677,/home/fr/brl/02_BRL_POMDP_CODE/experiments_logs/system_log/tomato/scene_01_step50/when_what_ours_what_only_thres_0-8_rand_0-4/exp_tomato_20260912_151655_997531.txt,2026-09-12 15:16:55,True,33,-55.0,17,11,0.3333333333333333,11.5383,,,338448945,,GOAL DONE,,,,,,,,,50,8000,11.461,0.3473,0.0392,0.0012,0.0219,0.0007,0.007,0.0002,0.0083,0.0003,11.5381,0.3496,,,,,,,,,,,,
tomato,when_what,ours_what_only,0.8,scene_01,678,/home/fr/brl/02_BRL_POMDP_CODE/experiments_logs/system_log/tomato/scene_01_step50/when_what_ours_what_only_thres_0-8_rand_0-4/exp_tomato_20260912_151726_664590.txt,2026-09-12 15:17:26,True,22,-15.0,19,13,0.5909090909090909,7.3368,,,3008854274,,GOAL DONE,,,,,,,,,50,8000,7.2916,0.3314,0.021,0.001,0.0093,0.0004,0.0086,0.0004,0.0058,0.0003,7.3367,0.3335,,,,,,,,,,,,
tomato,when_what,ours_what_only,0.8,scene_01,679,/home/fr/brl/02_BRL_POMDP_CODE/experiments_logs/system_log/tomato/scene_01_step50/when_what_ours_what_only_thres_0-8_rand_0-4/exp_tomato_20260912_151747_530821.txt,2026-09-12 15:17:47,True,15,5.0,3,2,0.13333333333333333,4.6837,,,3373062200,,GOAL DONE,,,,,,,,,50,8000,4.6566,0.3104,0.0126,0.0008,0.0052,0.0003,0.0049,0.0003,0.0039,0.0003,4.6836,0.3122,,,,,,,,,,,,
tomato,when_what,ours_what_only,0.8,scene_01,680,/home/fr/brl/02_BRL_POMDP_CODE/experiments_logs/system_log/tomato/scene_01_step50/when_what_ours_what_only_thres_0-8_rand_0-4/exp_tomato_20260912_151812_030979.txt,2026-09-12 15:18:12,True,21,-20.0,14,9,0.42857142857142855,6.1765,,,1025671343,,GOAL DONE,,,,,,,,,50,8000,6.1342,0.2921,0.0198,0.0009,0.0085,0.0004,0.0074,0.0004,0.0059,0.0003,6.1763,0.2941,,,,,,,,,,,,
tomato,when_what,ours_when_only,0.8,scene_01,681,/home/fr/brl/02_BRL_POMDP_CODE/experiments_logs/system_log/tomato/scene_01_step50/when_what_ours_when_only_thres_0-8_rand_0-4/exp_tomato_20260912_150145_513313.txt,2026-09-12 15:01:45,True,19,10.0,18,8,0.42105263157894735,6.0644,,,2030859206,,GOAL DONE,,,,,,,,,50,8000,6.0266,0.3172,0.0169,0.0009,0.0074,0.0004,0.0074,0.0004,0.0055,0.0003,6.0642,0.3192,,,,,,,,,,,,
tomato,when_what,ours_when_only,0.8,scene_01,682,/home/fr/brl/02_BRL_POMDP_CODE/experiments_logs/system_log/tomato/scene_01_step50/when_what_ours_when_only_thres_0-8_rand_0-4/exp_tomato_20260912_150210_243743.txt,2026-09-12 15:02:10,True,17,5.0,15,7,0.4117647058823529,5.7149,,,2222960263,,GOAL DONE,,,,,,,,,50,8000,5.6731,0.3337,0.0211,0.0012,0.0076,0.0004,0.0064,0.0004,0.0063,0.0004,5.7147,0.3362,,,,,,,,,,,,
tomato,when_what,ours_when_only,0.8,scene_01,683,/home/fr/brl/02_BRL_POMDP_CODE/experiments_logs/system_log/tomato/scene_01_step50/when_what_ours_when_only_thres_0-8_rand_0-4/exp_tomato_20260912_150232_297243.txt,2026-09-12 15:02:32,True,19,-10.0,29,10,0.5263157894736842,6.1373,,,1273020582,,GOAL DONE,,,,,,,,,50,8000,6.0924,0.3207,0.0185,0.001,0.0105,0.0006,0.0105,0.0006,0.0049,0.0003,6.1372,0.323,,,,,,,,,,,,
tomato,when_what,ours_when_only,0.8,scene_01,684,/home/fr/brl/02_BRL_POMDP_CODE/experiments_logs/system_log/tomato/scene_01_step50/when_what_ours_when_only_thres_0-8_rand_0-4/exp_tomato_20260912_150254_588476.txt,2026-09-12 15:02:54,True,15,20.0,15,8,0.5333333333333333,4.4454,,,866496583,,GOAL DONE,,,,,,,,,50,8000,4.4148,0.2943,0.0136,0.0009,0.006,0.0004,0.0065,0.0004,0.0041,0.0003,4.4453,0.2964,,,,,,,,,,,,
tomato,when_what,ours_when_only,0.8,scene_01,685,/home/fr/brl/02_BRL_POMDP_CODE/experiments_logs/system_log/tomato/scene_01_step50/when_what_ours_when_only_thres_0-8_rand_0-4/exp_tomato_20260912_150316_132186.txt,2026-09-12 15:03:16,True,14,10.0,11,5,0.35714285714285715,4.6777,,,2698243041,,GOAL DONE,,,,,,,,,50,8000,4.6485,0.332,0.0128,0.0009,0.0061,0.0004,0.0061,0.0004,0.0038,0.0003,4.6776,0.3341,,,,,,,,,,,,
tomato,when_what,ours_when_only,0.8,scene_01,686,/home/fr/brl/02_BRL_POMDP_CODE/experiments_logs/system_log/tomato/scene_01_step50/when_what_ours_when_only_thres_0-8_rand_0-4/exp_tomato_20260912_150340_300543.txt,2026-09-12 15:03:40,True,17,20.0,15,8,0.47058823529411764,4.9635,,,1911303750,,GOAL DONE,,,,,,,,,50,8000,4.9269,0.2898,0.0169,0.001,0.0074,0.0004,0.0065,0.0004,0.0053,0.0003,4.9634,0.292,,,,,,,,,,,,
tomato,when_what,ours_when_only,0.8,scene_01,687,/home/fr/brl/02_BRL_POMDP_CODE/experiments_logs/system_log/tomato/scene_01_step50/when_what_ours_when_only_thres_0-8_rand_0-4/exp_tomato_20260912_150405_379440.txt,2026-09-12 15:04:05,True,17,15.0,14,7,0.4117647058823529,5.0753,,,796400590,,GOAL DONE,,,,,,,,,50,8000,5.0408,0.2965,0.0158,0.0009,0.0064,0.0004,0.0066,0.0004,0.0051,0.0003,5.0751,0.2985,,,,,,,,,,,,
tomato,when_what,ours_when_only,0.8,scene_01,688,/home/fr/brl/02_BRL_POMDP_CODE/experiments_logs/system_log/tomato/scene_01_step50/when_what_ours_when_only_thres_0-8_rand_0-4/exp_tomato_20260912_150432_070124.txt,2026-09-12 15:04:32,True,24,-15.0,21,13,0.5416666666666666,7.6465,,,1201029111,,GOAL DONE,,,,,,,,,50,8000,7.5986,0.3166,0.0226,0.0009,0.009,0.0004,0.0084,0.0004,0.0072,0.0003,7.6463,0.3186,,,,,,,,,,,,
tomato,when_what,ours_when_only,0.8,scene_01,689,/home/fr/brl/02_BRL_POMDP_CODE/experiments_logs/system_log/tomato/scene_01_step50/when_what_ours_when_only_thres_0-8_rand_0-4/exp_tomato_20260912_150454_342747.txt,2026-09-12 15:04:54,True,18,-5.0,21,9,0.5,5.5249,,,3389846695,,GOAL DONE,,,,,,,,,50,8000,5.4813,0.3045,0.0164,0.0009,0.0106,0.0006,0.011,0.0006,0.005,0.0003,5.5247,0.3069,,,,,,,,,,,,
tomato,when_what,ours_when_only,0.8,scene_01,690,/home/fr/brl/02_BRL_POMDP_CODE/experiments_logs/system_log/tomato/scene_01_step50/when_what_ours_when_only_thres_0-8_rand_0-4/exp_tomato_20260912_150516_537714.txt,2026-09-12 15:05:16,True,18,10.0,30,11,0.6111111111111112,5.9086,,,2508123787,,GOAL DONE,,,,,,,,,50,8000,5.8625,0.3257,0.0194,0.0011,0.0112,0.0006,0.0104,0.0006,0.0047,0.0003,5.9085,0.3283,,,,,,,,,,,,
tomato,when_what,ours_when_only,0.8,scene_01,691,/home/fr/brl/02_BRL_POMDP_CODE/experiments_logs/system_log/tomato/scene_01_step50/when_what_ours_when_only_thres_0-8_rand_0-4/exp_tomato_20260912_150543_879016.txt,2026-09-12 15:05:43,True,16,0.0,26,9,0.5625,5.2964,,,2741500852,,GOAL DONE,,,,,,,,,50,8000,5.256,0.3285,0.0165,0.001,0.0103,0.0006,0.0089,0.0006,0.0043,0.0003,5.2963,0.331,,,,,,,,,,,,
tomato,when_what,ours_when_only,0.8,scene_01,692,/home/fr/brl/02_BRL_POMDP_CODE/experiments_logs/system_log/tomato/scene_01_step50/when_what_ours_when_only_thres_0-8_rand_0-4/exp_tomato_20260912_150608_576428.txt,2026-09-12 15:06:08,True,15,15.0,19,7,0.4666666666666667,4.9527,,,4065849833,,GOAL DONE,,,,,,,,,50,8000,4.9161,0.3277,0.0154,0.001,0.0087,0.0006,0.0076,0.0005,0.0044,0.0003,4.9526,0.3302,,,,,,,,,,,,
tomato,when_what,ours_when_only,0.8,scene_01,693,/home/fr/brl/02_BRL_POMDP_CODE/experiments_logs/system_log/tomato/scene_01_step50/when_what_ours_when_only_thres_0-8_rand_0-4/exp_tomato_20260912_150626_640387.txt,2026-09-12 15:06:26,True,15,-5.0,17,8,0.5333333333333333,4.6133,,,821007751,,GOAL DONE,,,,,,,,,50,8000,4.5837,0.3056,0.0131,0.0009,0.0055,0.0004,0.0067,0.0004,0.0039,0.0003,4.6132,0.3075,,,,,,,,,,,,
tomato,when_what,ours_when_only,0.8,scene_01,694,/home/fr/brl/02_BRL_POMDP_CODE/experiments_logs/system_log/tomato/scene_01_step50/when_what_ours_when_only_thres_0-8_rand_0-4/exp_tomato_20260912_150653_412057.txt,2026-09-12 15:06:53,True,23,-10.0,25,12,0.5217391304347826,7.8959,,,965164034,,GOAL DONE,,,,,,,,,50,8000,7.8452,0.3411,0.024,0.001,0.011,0.0005,0.0088,0.0004,0.0063,0.0003,7.8958,0.3433,,,,,,,,,,,,
tomato,when_what,ours_when_only,0.8,scene_01,695,/home/fr/brl/02_BRL_POMDP_CODE/experiments_logs/system_log/tomato/scene_01_step50/when_what_ours_when_only_thres_0-8_rand_0-4/exp_tomato_20260912_150720_369910.txt,2026-09-12 15:07:20,True,15,5.0,15,6,0.4,4.6151,,,3049697230,,GOAL DONE,,,,,,,,,50,8000,4.5837,0.3056,0.0139,0.0009,0.0063,0.0004,0.0065,0.0004,0.0044,0.0003,4.615,0.3077,,,,,,,,,,,,
tomato,when_what,ours_when_only,0.8,scene_01,696,/home/fr/brl/02_BRL_POMDP_CODE/experiments_logs/system_log/tomato/scene_01_step50/when_what_ours_when_only_thres_0-8_rand_0-4/exp_tomato_20260912_150747_956526.txt,2026-09-12 15:07:47,True,32,-45.0,30,15,0.46875,10.7542,,,597016452,,GOAL DONE,,,,,,,,,50,8000,10.6817,0.3338,0.0356,0.0011,0.017,0.0005,0.0111,0.0003,0.008,0.0002,10.754,0.3361,,,,,,,,,,,,
tomato,when_what,ours_when_only,0.8,scene_01,697,/home/fr/brl/02_BRL_POMDP_CODE/experiments_logs/system_log/tomato/scene_01_step50/when_what_ours_when_only_thres_0-8_rand_0-4/exp_tomato_20260912_150827_718305.txt,2026-09-12 15:08:27,True,27,-30.0,32,12,0.4444444444444444,8.7585,,,2027029533,,GOAL DONE,,,,,,,,,50,8000,8.7001,0.3222,0.026,0.001,0.0134,0.0005,0.0111,0.0004,0.0072,0.0003,8.7583,0.3244,,,,,,,,,,,,
tomato,when_what,ours_when_only,0.8,scene_01,698,/home/fr/brl/02_BRL_POMDP_CODE/experiments_logs/system_log/tomato/scene_01_step50/when_what_ours_when_only_thres_0-8_rand_0-4/exp_tomato_20260912_150900_267342.txt,2026-09-12 15:09:00,True,20,-10.0,4,4,0.2,6.651,,,3736902642,,GOAL DONE,,,,,,,,,50,8000,6.6092,0.3305,0.0224,0.0011,0.0098,0.0005,0.0033,0.0002,0.0058,0.0003,6.6509,0.3325,,,,,,,,,,,,
tomato,when_what,ours_when_only,0.8,scene_01,699,/home/fr/brl/02_BRL_POMDP_CODE/experiments_logs/system_log/tomato/scene_01_step50/when_what_ours_when_only_thres_0-8_rand_0-4/exp_tomato_20260912_150932_512661.txt,2026-09-12 15:09:32,True,25,-5.0,34,13,0.52,8.3303,,,323427982,,GOAL DONE,,,,,,,,,50,8000,8.2687,0.3307,0.0265,0.0011,0.0161,0.0006,0.0118,0.0005,0.0065,0.0003,8.3301,0.3332,,,,,,,,,,,,
tomato,when_what,ours_when_only,0.8,scene_01,700,/home/fr/brl/02_BRL_POMDP_CODE/experiments_logs/system_log/tomato/scene_01_step50/when_what_ours_when_only_thres_0-8_rand_0-4/exp_tomato_20260912_151009_302410.txt,2026-09-12 15:10:09,True,16,0.0,16,7,0.4375,5.0006,,,311025495,,GOAL DONE,,,,,,,,,50,8000,4.9668,0.3104,0.0146,0.0009,0.007,0.0004,0.0071,0.0004,0.0046,0.0003,5.0005,0.3125,,,,,,,,,,,,
tomato,when_what,ours_when_only,0.8,scene_01,701,/home/fr/brl/02_BRL_POMDP_CODE/experiments_logs/system_log/tomato/scene_01_step50/when_what_ours_when_only_thres_0-8_rand_0-4/exp_tomato_20260912_151037_228818.txt,2026-09-12 15:10:37,True,14,10.0,12,5,0.35714285714285715,4.1047,,,871806833,,GOAL DONE,,,,,,,,,50,8000,4.0769,0.2912,0.0118,0.0008,0.0052,0.0004,0.0067,0.0005,0.0038,0.0003,4.1046,0.2932,,,,,,,,,,,,
tomato,when_what,ours_when_only,0.8,scene_01,702,/home/fr/brl/02_BRL_POMDP_CODE/experiments_logs/system_log/tomato/scene_01_step50/when_what_ours_when_only_thres_0-8_rand_0-4/exp_tomato_20260912_151056_991689.txt,2026-09-12 15:10:56,True,20,-20.0,18,10,0.5,6.0081,,,217537032,,GOAL DONE,,,,,,,,,50,8000,5.969,0.2985,0.0188,0.0009,0.0076,0.0004,0.0065,0.0003,0.0056,0.0003,6.008,0.3004,,,,,,,,,,,,
tomato,when_what,ours_when_only,0.8,scene_01,703,/home/fr/brl/02_BRL_POMDP_CODE/experiments_logs/system_log/tomato/scene_01_step50/when_what_ours_when_only_thres_0-8_rand_0-4/exp_tomato_20260912_151114_179240.txt,2026-09-12 15:11:14,True,14,10.0,16,6,0.42857142857142855,4.5509,,,532817344,,GOAL DONE,,,,,,,,,50,8000,4.5189,0.3228,0.013,0.0009,0.007,0.0005,0.0076,0.0005,0.004,0.0003,4.5509,0.3251,,,,,,,,,,,,
tomato,when_what,ours_when_only,0.8,scene_01,704,/home/fr/brl/02_BRL_POMDP_CODE/experiments_logs/system_log/tomato/scene_01_step50/when_what_ours_when_only_thres_0-8_rand_0-4/exp_tomato_20260912_151140_661598.txt,2026-09-12 15:11:40,True,15,10.0,14,6,0.4,4.6517,,,3466707993,,GOAL DONE,,,,,,,,,50,8000,4.6217,0.3081,0.0136,0.0009,0.006,0.0004,0.0059,0.0004,0.0041,0.0003,4.6516,0.3101,,,,,,,,,,,,
tomato,when_what,ours_when_only,0.8,scene_01,705,/home/fr/brl/02_BRL_POMDP_CODE/experiments_logs/system_log/tomato/scene_01_step50/when_what_ours_when_only_thres_0-8_rand_0-4/exp_tomato_20260912_151202_285225.txt,2026-09-12 15:12:02,True,15,5.0,11,5,0.3333333333333333,4.4913,,,1649478604,,GOAL DONE,,,,,,,,,50,8000,4.4619,0.2975,0.0128,0.0009,0.0053,0.0004,0.0066,0.0004,0.0043,0.0003,4.4912,0.2994,,,,,,,,,,,,
tomato,when_what,ours_when_only,0.8,scene_01,706,/home/fr/brl/02_BRL_POMDP_CODE/experiments_logs/system_log/tomato/scene_01_step50/when_what_ours_when_only_thres_0-8_rand_0-4/exp_tomato_20260912_151223_924858.txt,2026-09-12 15:12:23,True,18,0.0,14,7,0.3888888888888889,5.6712,,,2204152357,,GOAL DONE,,,,,,,,,50,8000,5.6361,0.3131,0.016,0.0009,0.0065,0.0004,0.0069,0.0004,0.0052,0.0003,5.6711,0.3151,,,,,,,,,,,,
tomato,when_what,ours_when_only,0.8,scene_01,707,/home/fr/brl/02_BRL_POMDP_CODE/experiments_logs/system_log/tomato/scene_01_step50/when_what_ours_when_only_thres_0-8_rand_0-4/exp_tomato_20260912_151246_556408.txt,2026-09-12 15:12:46,True,15,15.0,15,6,0.4,4.8407,,,1233339309,,GOAL DONE,,,,,,,,,50,8000,4.8075,0.3205,0.0146,0.001,0.0072,0.0005,0.0066,0.0004,0.0044,0.0003,4.8406,0.3227,,,,,,,,,,,,
tomato,when_what,ours_when_only,0.8,scene_01,708,/home/fr/brl/02_BRL_POMDP_CODE/experiments_logs/system_log/tomato/scene_01_step50/when_what_ours_when_only_thres_0-8_rand_0-4/exp_tomato_20260912_151310_728903.txt,2026-09-12 15:13:10,True,18,-10.0,31,10,0.5555555555555556,5.9971,,,3357973338,,GOAL DONE,,,,,,,,,50,8000,5.9485,0.3305,0.0194,0.0011,0.0125,0.0007,0.0109,0.0006,0.0053,0.0003,5.997,0.3332,,,,,,,,,,,,
tomato,when_what,ours_when_only,0.8,scene_01,709,/home/fr/brl/02_BRL_POMDP_CODE/experiments_logs/system_log/tomato/scene_01_step50/when_what_ours_when_only_thres_0-8_rand_0-4/exp_tomato_20260912_151332_250282.txt,2026-09-12 15:13:32,True,15,15.0,9,5,0.3333333333333333,4.4896,,,3649707942,,GOAL DONE,,,,,,,,,50,8000,4.4613,0.2974,0.0131,0.0009,0.0053,0.0004,0.0053,0.0004,0.0043,0.0003,4.4895,0.2993,,,,,,,,,,,,
tomato,when_what,ours_when_only,0.8,scene_01,710,/home/fr/brl/02_BRL_POMDP_CODE/experiments_logs/system_log/tomato/scene_01_step50/when_what_ours_when_only_thres_0-8_rand_0-4/exp_tomato_20260912_151352_639967.txt,2026-09-12 15:13:52,True,17,5.0,19,7,0.4117647058823529,5.0394,,,3325784884,,GOAL DONE,,,,,,,,,50,8000,5.0,0.2941,0.016,0.0009,0.0095,0.0006,0.0093,0.0005,0.0042,0.0002,5.0393,0.2964,,,,,,,,,,,,
tomato,when_what,ours_when_only,0.8,scene_01,711,/home/fr/brl/02_BRL_POMDP_CODE/experiments_logs/system_log/tomato/scene_01_step50/when_what_ours_when_only_thres_0-8_rand_0-4/exp_tomato_20260912_151413_172606.txt,2026-09-12 15:14:13,True,16,-10.0,14,7,0.4375,5.2254,,,3877458541,,GOAL DONE,,,,,,,,,50,8000,5.1916,0.3245,0.0155,0.001,0.0073,0.0005,0.0062,0.0004,0.0044,0.0003,5.2253,0.3266,,,,,,,,,,,,
tomato,when_what,ours_when_only,0.8,scene_01,712,/home/fr/brl/02_BRL_POMDP_CODE/experiments_logs/system_log/tomato/scene_01_step50/when_what_ours_when_only_thres_0-8_rand_0-4/exp_tomato_20260912_151430_506931.txt,2026-09-12 15:14:30,True,19,5.0,15,8,0.42105263157894735,6.0329,,,3638621671,,GOAL DONE,,,,,,,,,50,8000,5.9969,0.3156,0.0167,0.0009,0.0067,0.0004,0.0062,0.0003,0.006,0.0003,6.0328,0.3175,,,,,,,,,,,,
tomato,when_what,ours_when_only,0.8,scene_01,713,/home/fr/brl/02_BRL_POMDP_CODE/experiments_logs/system_log/tomato/scene_01_step50/when_what_ours_when_only_thres_0-8_rand_0-4/exp_tomato_20260912_151450_481181.txt,2026-09-12 15:14:50,True,16,5.0,15,6,0.375,5.0108,,,1084618528,,GOAL DONE,,,,,,,,,50,8000,4.9792,0.3112,0.0142,0.0009,0.0063,0.0004,0.0069,0.0004,0.0038,0.0002,5.0107,0.3132,,,,,,,,,,,,
tomato,when_what,ours_when_only,0.8,scene_01,714,/home/fr/brl/02_BRL_POMDP_CODE/experiments_logs/system_log/tomato/scene_01_step50/when_what_ours_when_only_thres_0-8_rand_0-4/exp_tomato_20260912_151514_329321.txt,2026-09-12 15:15:14,True,19,10.0,21,9,0.47368421052631576,6.3796,,,405999239,,GOAL DONE,,,,,,,,,50,8000,6.3373,0.3335,0.0187,0.001,0.0093,0.0005,0.0082,0.0004,0.0056,0.0003,6.3795,0.3358,,,,,,,,,,,,
tomato,when_what,ours_when_only,0.8,scene_01,715,/home/fr/brl/02_BRL_POMDP_CODE/experiments_logs/system_log/tomato/scene_01_step50/when_what_ours_when_only_thres_0-8_rand_0-4/exp_tomato_20260912_151537_235682.txt,2026-09-12 15:15:37,True,18,-10.0,27,10,0.5555555555555556,5.9308,,,4028845444,,GOAL DONE,,,,,,,,,50,8000,5.8842,0.3269,0.0195,0.0011,0.0122,0.0007,0.0098,0.0005,0.0047,0.0003,5.9307,0.3295,,,,,,,,,,,,
tomato,when_what,ours_when_only,0.8,scene_01,716,/home/fr/brl/02_BRL_POMDP_CODE/experiments_logs/system_log/tomato/scene_01_step50/when_what_ours_when_only_thres_0-8_rand_0-4/exp_tomato_20260912_151613_976582.txt,2026-09-12 15:16:13,True,17,10.0,22,11,0.6470588235294118,5.761,,,2607182153,,GOAL DONE,,,,,,,,,50,8000,5.721,0.3365,0.0175,0.001,0.0097,0.0006,0.0076,0.0004,0.0047,0.0003,5.7609,0.3389,,,,,,,,,,,,
tomato,when_what,ours_when_only,0.8,scene_01,717,/home/fr/brl/02_BRL_POMDP_CODE/experiments_logs/system_log/tomato/scene_01_step50/when_what_ours_when_only_thres_0-8_rand_0-4/exp_tomato_20260912_151644_328455.txt,2026-09-12 15:16:44,True,24,-30.0,31,12,0.5,8.2263,,,338448945,,GOAL DONE,,,,,,,,,50,8000,8.1581,0.3399,0.0277,0.0012,0.02,0.0008,0.0138,0.0006,0.0061,0.0003,8.2262,0.3428,,,,,,,,,,,,
tomato,when_what,ours_when_only,0.8,scene_01,718,/home/fr/brl/02_BRL_POMDP_CODE/experiments_logs/system_log/tomato/scene_01_step50/when_what_ours_when_only_thres_0-8_rand_0-4/exp_tomato_20260912_151719_195751.txt,2026-09-12 15:17:19,True,22,-15.0,19,10,0.45454545454545453,7.3407,,,3008854274,,GOAL DONE,,,,,,,,,50,8000,7.297,0.3317,0.0211,0.001,0.0094,0.0004,0.0072,0.0003,0.0055,0.0002,7.3406,0.3337,,,,,,,,,,,,
tomato,when_what,ours_when_only,0.8,scene_01,719,/home/fr/brl/02_BRL_POMDP_CODE/experiments_logs/system_log/tomato/scene_01_step50/when_what_ours_when_only_thres_0-8_rand_0-4/exp_tomato_20260912_151742_711891.txt,2026-09-12 15:17:42,True,13,0.0,12,6,0.46153846153846156,3.8902,,,3373062200,,GOAL DONE,,,,,,,,,50,8000,3.8641,0.2972,0.0112,0.0009,0.005,0.0004,0.0063,0.0005,0.0032,0.0002,3.8901,0.2992,,,,,,,,,,,,
tomato,when_what,ours_when_only,0.8,scene_01,720,/home/fr/brl/02_BRL_POMDP_CODE/experiments_logs/system_log/tomato/scene_01_step50/when_what_ours_when_only_thres_0-8_rand_0-4/exp_tomato_20260912_151805_726983.txt,2026-09-12 15:18:05,True,24,-30.0,33,12,0.5,7.7767,,,1025671343,,GOAL DONE,,,,,,,,,50,8000,7.7186,0.3216,0.0251,0.001,0.0146,0.0006,0.0117,0.0005,0.0061,0.0003,7.7765,0.324,,,,,,,,,,,,
tomato,when_what,random,0.8,scene_01,721,/home/fr/brl/02_BRL_POMDP_CODE/experiments_logs/system_log/tomato/scene_01_step50/when_what_random_thres_0-8_rand_0-4/exp_tomato_20260912_150139_322419.txt,2026-09-12 15:01:39,True,22,10.0,10,9,0.4090909090909091,6.9111,,,2030859206,,GOAL DONE,,,,,,,,,50,8000,6.8695,0.3123,0.0204,0.0009,0.0086,0.0004,0.0046,0.0002,0.0073,0.0003,6.9109,0.3141,,,,,,,,,,,,
tomato,when_what,random,0.8,scene_01,722,/home/fr/brl/02_BRL_POMDP_CODE/experiments_logs/system_log/tomato/scene_01_step50/when_what_random_thres_0-8_rand_0-4/exp_tomato_20260912_150204_402510.txt,2026-09-12 15:02:04,True,17,5.0,8,6,0.35294117647058826,5.6912,,,2222960263,,GOAL DONE,,,,,,,,,50,8000,5.6578,0.3328,0.0163,0.001,0.0075,0.0004,0.0038,0.0002,0.0053,0.0003,5.6911,0.3348,,,,,,,,,,,,
tomato,when_what,random,0.8,scene_01,723,/home/fr/brl/02_BRL_POMDP_CODE/experiments_logs/system_log/tomato/scene_01_step50/when_what_random_thres_0-8_rand_0-4/exp_tomato_20260912_150226_047171.txt,2026-09-12 15:02:26,False,12,-20.0,9,6,0.5,3.8432,,,1273020582,,PLAN FAILURE,,,,,,,,,50,8000,3.8141,0.3178,0.0127,0.0011,0.0091,0.0008,0.004,0.0003,0.0031,0.0003,3.8431,0.3203,,,,,,,,,,,,
tomato,when_what,random,0.8,scene_01,724,/home/fr/brl/02_BRL_POMDP_CODE/experiments_logs/system_log/tomato/scene_01_step50/when_what_random_thres_0-8_rand_0-4/exp_tomato_20260912_150250_011896.txt,2026-09-12 15:02:50,True,22,0.0,13,9,0.4090909090909091,7.2262,,,866496583,,GOAL DONE,,,,,,,,,50,8000,7.1836,0.3265,0.021,0.001,0.0096,0.0004,0.0046,0.0002,0.0068,0.0003,7.226,0.3285,,,,,,,,,,,,
tomato,when_what,random,0.8,scene_01,725,/home/fr/brl/02_BRL_POMDP_CODE/experiments_logs/system_log/tomato/scene_01_step50/when_what_random_thres_0-8_rand_0-4/exp_tomato_20260912_150311_326433.txt,2026-09-12 15:03:11,True,14,10.0,10,6,0.42857142857142855,4.6759,,,2698243041,,GOAL DONE,,,,,,,,,50,8000,4.6464,0.3319,0.013,0.0009,0.0061,0.0004,0.0061,0.0004,0.0039,0.0003,4.6758,0.334,,,,,,,,,,,,
tomato,when_what,random,0.8,scene_01,726,/home/fr/brl/02_BRL_POMDP_CODE/experiments_logs/system_log/tomato/scene_01_step50/when_what_random_thres_0-8_rand_0-4/exp_tomato_20260912_150335_211055.txt,2026-09-12 15:03:35,True,19,10.0,18,12,0.631578947368421,5.3345,,,1911303750,,GOAL DONE,,,,,,,,,50,8000,5.298,0.2788,0.0168,0.0009,0.0069,0.0004,0.007,0.0004,0.0051,0.0003,5.3344,0.2808,,,,,,,,,,,,
tomato,when_what,random,0.8,scene_01,727,/home/fr/brl/02_BRL_POMDP_CODE/experiments_logs/system_log/tomato/scene_01_step50/when_what_random_thres_0-8_rand_0-4/exp_tomato_20260912_150400_165677.txt,2026-09-12 15:04:00,False,26,-5.0,15,10,0.38461538461538464,9.1554,,,796400590,,PLAN FAILURE,,,,,,,,,50,8000,9.0995,0.35,0.029,0.0011,0.0129,0.0005,0.0058,0.0002,0.0076,0.0003,9.1553,0.3521,,,,,,,,,,,,
tomato,when_what,random,0.8,scene_01,728,/home/fr/brl/02_BRL_POMDP_CODE/experiments_logs/system_log/tomato/scene_01_step50/when_what_random_thres_0-8_rand_0-4/exp_tomato_20260912_150424_294403.txt,2026-09-12 15:04:24,False,16,5.0,17,10,0.625,4.5286,,,1201029111,,PLAN FAILURE,,,,,,,,,50,8000,4.4968,0.281,0.0148,0.0009,0.0062,0.0004,0.0063,0.0004,0.004,0.0003,4.5285,0.283,,,,,,,,,,,,
tomato,when_what,random,0.8,scene_01,729,/home/fr/brl/02_BRL_POMDP_CODE/experiments_logs/system_log/tomato/scene_01_step50/when_what_random_thres_0-8_rand_0-4/exp_tomato_20260912_150448_685645.txt,2026-09-12 15:04:48,False,13,-5.0,15,7,0.5384615384615384,3.9832,,,3389846695,,PLAN FAILURE,,,,,,,,,50,8000,3.9459,0.3035,0.0143,0.0011,0.0122,0.0009,0.0074,0.0006,0.0031,0.0002,3.9831,0.3064,,,,,,,,,,,,
tomato,when_what,random,0.8,scene_01,730,/home/fr/brl/02_BRL_POMDP_CODE/experiments_logs/system_log/tomato/scene_01_step50/when_what_random_thres_0-8_rand_0-4/exp_tomato_20260912_150510_497534.txt,2026-09-12 15:05:10,True,20,5.0,19,9,0.45,6.3074,,,2508123787,,GOAL DONE,,,,,,,,,50,8000,6.2639,0.3132,0.0202,0.001,0.0098,0.0005,0.0078,0.0004,0.0052,0.0003,6.3073,0.3154,,,,,,,,,,,,
tomato,when_what,random,0.8,scene_01,731,/home/fr/brl/02_BRL_POMDP_CODE/experiments_logs/system_log/tomato/scene_01_step50/when_what_random_thres_0-8_rand_0-4/exp_tomato_20260912_150538_450315.txt,2026-09-12 15:05:38,True,26,-20.0,24,13,0.5,9.0982,,,2741500852,,GOAL DONE,,,,,,,,,50,8000,9.0379,0.3476,0.0285,0.0011,0.0155,0.0006,0.0086,0.0003,0.007,0.0003,9.0981,0.3499,,,,,,,,,,,,
tomato,when_what,random,0.8,scene_01,732,/home/fr/brl/02_BRL_POMDP_CODE/experiments_logs/system_log/tomato/scene_01_step50/when_what_random_thres_0-8_rand_0-4/exp_tomato_20260912_150603_487950.txt,2026-09-12 15:06:03,True,15,15.0,6,4,0.26666666666666666,4.8524,,,4065849833,,GOAL DONE,,,,,,,,,50,8000,4.8202,0.3213,0.0153,0.001,0.0086,0.0006,0.004,0.0003,0.0039,0.0003,4.8523,0.3235,,,,,,,,,,,,
tomato,when_what,random,0.8,scene_01,733,/home/fr/brl/02_BRL_POMDP_CODE/experiments_logs/system_log/tomato/scene_01_step50/when_what_random_thres_0-8_rand_0-4/exp_tomato_20260912_150621_895273.txt,2026-09-12 15:06:21,False,20,-5.0,17,9,0.45,6.4895,,,821007751,,PLAN FAILURE,,,,,,,,,50,8000,6.4476,0.3224,0.0199,0.001,0.0086,0.0004,0.0071,0.0004,0.0057,0.0003,6.4894,0.3245,,,,,,,,,,,,
tomato,when_what,random,0.8,scene_01,734,/home/fr/brl/02_BRL_POMDP_CODE/experiments_logs/system_log/tomato/scene_01_step50/when_what_random_thres_0-8_rand_0-4/exp_tomato_20260912_150645_369884.txt,2026-09-12 15:06:45,True,23,-25.0,9,7,0.30434782608695654,7.4571,,,965164034,,GOAL DONE,,,,,,,,,50,8000,7.4017,0.3218,0.0255,0.0011,0.0186,0.0008,0.0049,0.0002,0.0057,0.0002,7.4569,0.3242,,,,,,,,,,,,
tomato,when_what,random,0.8,scene_01,735,/home/fr/brl/02_BRL_POMDP_CODE/experiments_logs/system_log/tomato/scene_01_step50/when_what_random_thres_0-8_rand_0-4/exp_tomato_20260912_150715_624558.txt,2026-09-12 15:07:15,True,21,0.0,10,6,0.2857142857142857,7.3412,,,3049697230,,GOAL DONE,,,,,,,,,50,8000,7.296,0.3474,0.0224,0.0011,0.0101,0.0005,0.0065,0.0003,0.0056,0.0003,7.3411,0.3496,,,,,,,,,,,,
tomato,when_what,random,0.8,scene_01,736,/home/fr/brl/02_BRL_POMDP_CODE/experiments_logs/system_log/tomato/scene_01_step50/when_what_random_thres_0-8_rand_0-4/exp_tomato_20260912_150737_071642.txt,2026-09-12 15:07:37,True,29,-25.0,26,14,0.4827586206896552,9.8677,,,597016452,,GOAL DONE,,,,,,,,,50,8000,9.8047,0.3381,0.0307,0.0011,0.015,0.0005,0.0093,0.0003,0.0072,0.0002,9.8675,0.3403,,,,,,,,,,,,
tomato,when_what,random,0.8,scene_01,737,/home/fr/brl/02_BRL_POMDP_CODE/experiments_logs/system_log/tomato/scene_01_step50/when_what_random_thres_0-8_rand_0-4/exp_tomato_20260912_150818_827858.txt,2026-09-12 15:08:18,True,30,-25.0,37,15,0.5,9.9977,,,2027029533,,GOAL DONE,,,,,,,,,50,8000,9.9198,0.3307,0.0327,0.0011,0.0235,0.0008,0.013,0.0004,0.0079,0.0003,9.9975,0.3333,,,,,,,,,,,,
tomato,when_what,random,0.8,scene_01,738,/home/fr/brl/02_BRL_POMDP_CODE/experiments_logs/system_log/tomato/scene_01_step50/when_what_random_thres_0-8_rand_0-4/exp_tomato_20260912_150853_488640.txt,2026-09-12 15:08:53,True,20,-10.0,7,7,0.35,6.6666,,,3736902642,,GOAL DONE,,,,,,,,,50,8000,6.6195,0.331,0.0274,0.0014,0.0099,0.0005,0.0035,0.0002,0.0057,0.0003,6.6665,0.3333,,,,,,,,,,,,
tomato,when_what,random,0.8,scene_01,739,/home/fr/brl/02_BRL_POMDP_CODE/experiments_logs/system_log/tomato/scene_01_step50/when_what_random_thres_0-8_rand_0-4/exp_tomato_20260912_150924_055983.txt,2026-09-12 15:09:24,True,32,-25.0,16,16,0.5,10.1052,,,323427982,,GOAL DONE,,,,,,,,,50,8000,10.043,0.3138,0.0323,0.001,0.0139,0.0004,0.0059,0.0002,0.0093,0.0003,10.105,0.3158,,,,,,,,,,,,
tomato,when_what,random,0.8,scene_01,740,/home/fr/brl/02_BRL_POMDP_CODE/experiments_logs/system_log/tomato/scene_01_step50/when_what_random_thres_0-8_rand_0-4/exp_tomato_20260912_151004_177780.txt,2026-09-12 15:10:04,True,37,-65.0,48,16,0.43243243243243246,12.8536,,,311025495,,GOAL DONE,,,,,,,,,50,8000,12.7513,0.3446,0.0438,0.0012,0.0315,0.0009,0.0169,0.0005,0.0091,0.0002,12.8534,0.3474,,,,,,,,,,,,
tomato,when_what,random,0.8,scene_01,741,/home/fr/brl/02_BRL_POMDP_CODE/experiments_logs/system_log/tomato/scene_01_step50/when_what_random_thres_0-8_rand_0-4/exp_tomato_20260912_151032_992151.txt,2026-09-12 15:10:32,True,18,15.0,14,9,0.5,5.7346,,,871806833,,GOAL DONE,,,,,,,,,50,8000,5.6968,0.3165,0.0174,0.001,0.0075,0.0004,0.0073,0.0004,0.0052,0.0003,5.7345,0.3186,,,,,,,,,,,,
tomato,when_what,random,0.8,scene_01,742,/home/fr/brl/02_BRL_POMDP_CODE/experiments_logs/system_log/tomato/scene_01_step50/when_what_random_thres_0-8_rand_0-4/exp_tomato_20260912_151050_852990.txt,2026-09-12 15:10:50,False,12,-10.0,10,4,0.3333333333333333,3.2433,,,217537032,,PLAN FAILURE,,,,,,,,,50,8000,3.2179,0.2682,0.0102,0.0009,0.0041,0.0003,0.0065,0.0005,0.0041,0.0003,3.2432,0.2703,,,,,,,,,,,,
tomato,when_what,random,0.8,scene_01,743,/home/fr/brl/02_BRL_POMDP_CODE/experiments_logs/system_log/tomato/scene_01_step50/when_what_random_thres_0-8_rand_0-4/exp_tomato_20260912_151109_503388.txt,2026-09-12 15:11:09,False,12,10.0,8,2,0.16666666666666666,3.3984,,,532817344,,PLAN FAILURE,,,,,,,,,50,8000,3.3727,0.2811,0.0105,0.0009,0.0056,0.0005,0.0058,0.0005,0.0036,0.0003,3.3984,0.2832,,,,,,,,,,,,
tomato,when_what,random,0.8,scene_01,744,/home/fr/brl/02_BRL_POMDP_CODE/experiments_logs/system_log/tomato/scene_01_step50/when_what_random_thres_0-8_rand_0-4/exp_tomato_20260912_151135_882504.txt,2026-09-12 15:11:35,False,21,0.0,13,10,0.47619047619047616,7.5913,,,3466707993,,PLAN FAILURE,,,,,,,,,50,8000,7.5465,0.3594,0.0226,0.0011,0.0112,0.0005,0.0047,0.0002,0.0057,0.0003,7.5912,0.3615,,,,,,,,,,,,
tomato,when_what,random,0.8,scene_01,745,/home/fr/brl/02_BRL_POMDP_CODE/experiments_logs/system_log/tomato/scene_01_step50/when_what_random_thres_0-8_rand_0-4/exp_tomato_20260912_151157_667696.txt,2026-09-12 15:11:57,True,15,5.0,6,6,0.4,4.5025,,,1649478604,,GOAL DONE,,,,,,,,,50,8000,4.4759,0.2984,0.0129,0.0009,0.0053,0.0004,0.0036,0.0002,0.0044,0.0003,4.5024,0.3002,,,,,,,,,,,,
tomato,when_what,random,0.8,scene_01,746,/home/fr/brl/02_BRL_POMDP_CODE/experiments_logs/system_log/tomato/scene_01_step50/when_what_random_thres_0-8_rand_0-4/exp_tomato_20260912_151218_126773.txt,2026-09-12 15:12:18,True,21,5.0,22,14,0.6666666666666666,6.4328,,,2204152357,,GOAL DONE,,,,,,,,,50,8000,6.3928,0.3044,0.0193,0.0009,0.0084,0.0004,0.0063,0.0003,0.0055,0.0003,6.4327,0.3063,,,,,,,,,,,,
tomato,when_what,random,0.8,scene_01,747,/home/fr/brl/02_BRL_POMDP_CODE/experiments_logs/system_log/tomato/scene_01_step50/when_what_random_thres_0-8_rand_0-4/exp_tomato_20260912_151241_591460.txt,2026-09-12 15:12:41,True,15,15.0,2,2,0.13333333333333333,4.8865,,,1233339309,,GOAL DONE,,,,,,,,,50,8000,4.8569,0.3238,0.0147,0.001,0.0072,0.0005,0.0031,0.0002,0.0041,0.0003,4.8864,0.3258,,,,,,,,,,,,
tomato,when_what,random,0.8,scene_01,748,/home/fr/brl/02_BRL_POMDP_CODE/experiments_logs/system_log/tomato/scene_01_step50/when_what_random_thres_0-8_rand_0-4/exp_tomato_20260912_151304_605582.txt,2026-09-12 15:13:04,True,24,-15.0,10,9,0.375,7.8795,,,3357973338,,GOAL DONE,,,,,,,,,50,8000,7.83,0.3263,0.0246,0.001,0.0132,0.0006,0.0044,0.0002,0.0065,0.0003,7.8793,0.3283,,,,,,,,,,,,
tomato,when_what,random,0.8,scene_01,749,/home/fr/brl/02_BRL_POMDP_CODE/experiments_logs/system_log/tomato/scene_01_step50/when_what_random_thres_0-8_rand_0-4/exp_tomato_20260912_151327_623421.txt,2026-09-12 15:13:27,False,10,-15.0,2,2,0.2,2.8806,,,3649707942,,PLAN FAILURE,,,,,,,,,50,8000,2.8642,0.2864,0.0077,0.0008,0.0036,0.0004,0.0023,0.0002,0.0026,0.0003,2.8806,0.2881,,,,,,,,,,,,
tomato,when_what,random,0.8,scene_01,750,/home/fr/brl/02_BRL_POMDP_CODE/experiments_logs/system_log/tomato/scene_01_step50/when_what_random_thres_0-8_rand_0-4/exp_tomato_20260912_151347_463846.txt,2026-09-12 15:13:47,True,23,-10.0,30,11,0.4782608695652174,7.2955,,,3325784884,,GOAL DONE,,,,,,,,,50,8000,7.2307,0.3144,0.0264,0.0011,0.0193,0.0008,0.012,0.0005,0.0065,0.0003,7.2953,0.3172,,,,,,,,,,,,
tomato,when_what,random,0.8,scene_01,751,/home/fr/brl/02_BRL_POMDP_CODE/experiments_logs/system_log/tomato/scene_01_step50/when_what_random_thres_0-8_rand_0-4/exp_tomato_20260912_151407_814267.txt,2026-09-12 15:14:07,False,9,5.0,0,0,0.0,2.4833,,,3877458541,,PLAN FAILURE,,,,,,,,,50,8000,2.4691,0.2743,0.0071,0.0008,0.0036,0.0004,0.0007,0.0001,0.0025,0.0003,2.4832,0.2759,,,,,,,,,,,,
tomato,when_what,random,0.8,scene_01,752,/home/fr/brl/02_BRL_POMDP_CODE/experiments_logs/system_log/tomato/scene_01_step50/when_what_random_thres_0-8_rand_0-4/exp_tomato_20260912_151424_345010.txt,2026-09-12 15:14:24,False,10,15.0,7,3,0.3,2.9348,,,3638621671,,PLAN FAILURE,,,,,,,,,50,8000,2.9143,0.2914,0.0091,0.0009,0.0053,0.0005,0.0036,0.0004,0.0023,0.0002,2.9347,0.2935,,,,,,,,,,,,
tomato,when_what,random,0.8,scene_01,753,/home/fr/brl/02_BRL_POMDP_CODE/experiments_logs/system_log/tomato/scene_01_step50/when_what_random_thres_0-8_rand_0-4/exp_tomato_20260912_151445_340283.txt,2026-09-12 15:14:45,True,18,-10.0,4,4,0.2222222222222222,5.3934,,,1084618528,,GOAL DONE,,,,,,,,,50,8000,5.3614,0.2979,0.0166,0.0009,0.0066,0.0004,0.0039,0.0002,0.0044,0.0002,5.3933,0.2996,,,,,,,,,,,,
tomato,when_what,random,0.8,scene_01,754,/home/fr/brl/02_BRL_POMDP_CODE/experiments_logs/system_log/tomato/scene_01_step50/when_what_random_thres_0-8_rand_0-4/exp_tomato_20260912_151507_818278.txt,2026-09-12 15:15:07,True,20,-5.0,5,5,0.25,6.4961,,,405999239,,GOAL DONE,,,,,,,,,50,8000,6.4558,0.3228,0.0202,0.001,0.0101,0.0005,0.0037,0.0002,0.0057,0.0003,6.4959,0.3248,,,,,,,,,,,,
tomato,when_what,random,0.8,scene_01,755,/home/fr/brl/02_BRL_POMDP_CODE/experiments_logs/system_log/tomato/scene_01_step50/when_what_random_thres_0-8_rand_0-4/exp_tomato_20260912_151531_174581.txt,2026-09-12 15:15:31,False,11,-20.0,15,6,0.5454545454545454,3.6022,,,4028845444,,PLAN FAILURE,,,,,,,,,50,8000,3.5687,0.3244,0.013,0.0012,0.0106,0.001,0.007,0.0006,0.0026,0.0002,3.6021,0.3275,,,,,,,,,,,,
tomato,when_what,random,0.8,scene_01,756,/home/fr/brl/02_BRL_POMDP_CODE/experiments_logs/system_log/tomato/scene_01_step50/when_what_random_thres_0-8_rand_0-4/exp_tomato_20260912_151608_092396.txt,2026-09-12 15:16:08,False,50,-80.0,25,20,0.4,19.1037,,,2607182153,,MAX STEP,,,,,,,,,50,8000,18.9878,0.3798,0.0621,0.0012,0.0289,0.0006,0.0093,0.0002,0.0142,0.0003,19.1034,0.3821,,,,,,,,,,,,
tomato,when_what,random,0.8,scene_01,757,/home/fr/brl/02_BRL_POMDP_CODE/experiments_logs/system_log/tomato/scene_01_step50/when_what_random_thres_0-8_rand_0-4/exp_tomato_20260912_151635_976437.txt,2026-09-12 15:16:35,True,33,-55.0,17,11,0.3333333333333333,11.7958,,,338448945,,GOAL DONE,,,,,,,,,50,8000,11.7185,0.3551,0.0392,0.0012,0.0223,0.0007,0.0062,0.0002,0.0087,0.0003,11.7956,0.3574,,,,,,,,,,,,
tomato,when_what,random,0.8,scene_01,758,/home/fr/brl/02_BRL_POMDP_CODE/experiments_logs/system_log/tomato/scene_01_step50/when_what_random_thres_0-8_rand_0-4/exp_tomato_20260912_151711_723563.txt,2026-09-12 15:17:11,True,22,-15.0,21,13,0.5909090909090909,7.219,,,3008854274,,GOAL DONE,,,,,,,,,50,8000,7.1747,0.3261,0.0211,0.001,0.0093,0.0004,0.0076,0.0003,0.0057,0.0003,7.2189,0.3281,,,,,,,,,,,,
tomato,when_what,random,0.8,scene_01,759,/home/fr/brl/02_BRL_POMDP_CODE/experiments_logs/system_log/tomato/scene_01_step50/when_what_random_thres_0-8_rand_0-4/exp_tomato_20260912_151738_690117.txt,2026-09-12 15:17:38,True,15,5.0,8,2,0.13333333333333333,4.5789,,,3373062200,,GOAL DONE,,,,,,,,,50,8000,4.5505,0.3034,0.0127,0.0008,0.0052,0.0003,0.0061,0.0004,0.0039,0.0003,4.5788,0.3053,,,,,,,,,,,,
tomato,when_what,random,0.8,scene_01,760,/home/fr/brl/02_BRL_POMDP_CODE/experiments_logs/system_log/tomato/scene_01_step50/when_what_random_thres_0-8_rand_0-4/exp_tomato_20260912_151757_823425.txt,2026-09-12 15:17:57,True,21,-20.0,15,9,0.42857142857142855,6.0567,,,1025671343,,GOAL DONE,,,,,,,,,50,8000,6.0174,0.2865,0.019,0.0009,0.0083,0.0004,0.0061,0.0003,0.0054,0.0003,6.0566,0.2884,,,,,,,,,,,,
tomato,when_what,ours,0.8,scene_02,1361,/home/fr/brl/02_BRL_POMDP_CODE/experiments_logs/system_log/tomato/scene_02_step50/when_what_ours_thres_0-8_rand_0-4/exp_tomato_20260912_151852_135849.txt,2026-09-12 15:18:52,True,26,-25.0,20,13,0.5,8.7241,,,233361013,,GOAL DONE,,,,,,,,,50,8000,8.6672,0.3334,0.0264,0.001,0.0124,0.0005,0.0098,0.0004,0.0076,0.0003,8.7239,0.3355,,,,,,,,,,,,
tomato,when_what,ours,0.8,scene_02,1362,/home/fr/brl/02_BRL_POMDP_CODE/experiments_logs/system_log/tomato/scene_02_step50/when_what_ours_thres_0-8_rand_0-4/exp_tomato_20260912_151915_782619.txt,2026-09-12 15:19:15,True,18,-5.0,12,7,0.3888888888888889,5.404,,,3206958523,,GOAL DONE,,,,,,,,,50,8000,5.3651,0.2981,0.0157,0.0009,0.0088,0.0005,0.0087,0.0005,0.0051,0.0003,5.4038,0.3002,,,,,,,,,,,,
tomato,when_what,ours,0.8,scene_02,1363,/home/fr/brl/02_BRL_POMDP_CODE/experiments_logs/system_log/tomato/scene_02_step50/when_what_ours_thres_0-8_rand_0-4/exp_tomato_20260912_151942_536268.txt,2026-09-12 15:19:42,True,19,0.0,18,8,0.42105263157894735,6.1573,,,2306136433,,GOAL DONE,,,,,,,,,50,8000,6.1148,0.3218,0.0178,0.0009,0.009,0.0005,0.0099,0.0005,0.0053,0.0003,6.1572,0.3241,,,,,,,,,,,,
tomato,when_what,ours,0.8,scene_02,1364,/home/fr/brl/02_BRL_POMDP_CODE/experiments_logs/system_log/tomato/scene_02_step50/when_what_ours_thres_0-8_rand_0-4/exp_tomato_20260912_152018_256632.txt,2026-09-12 15:20:18,True,25,-25.0,34,14,0.56,8.2993,,,1150817657,,GOAL DONE,,,,,,,,,50,8000,8.2325,0.3293,0.0275,0.0011,0.017,0.0007,0.0145,0.0006,0.0071,0.0003,8.2991,0.332,,,,,,,,,,,,
tomato,when_what,ours,0.8,scene_02,1365,/home/fr/brl/02_BRL_POMDP_CODE/experiments_logs/system_log/tomato/scene_02_step50/when_what_ours_thres_0-8_rand_0-4/exp_tomato_20260912_152045_207618.txt,2026-09-12 15:20:45,True,24,-15.0,16,11,0.4583333333333333,7.6577,,,418694264,,GOAL DONE,,,,,,,,,50,8000,7.6079,0.317,0.0224,0.0009,0.0111,0.0005,0.0098,0.0004,0.0058,0.0002,7.6575,0.3191,,,,,,,,,,,,
tomato,when_what,ours,0.8,scene_02,1366,/home/fr/brl/02_BRL_POMDP_CODE/experiments_logs/system_log/tomato/scene_02_step50/when_what_ours_thres_0-8_rand_0-4/exp_tomato_20260912_152113_881917.txt,2026-09-12 15:21:13,True,26,-30.0,44,17,0.6538461538461539,9.1041,,,2833878170,,GOAL DONE,,,,,,,,,50,8000,9.0186,0.3469,0.0331,0.0013,0.0249,0.001,0.0193,0.0007,0.0075,0.0003,9.104,0.3502,,,,,,,,,,,,
tomato,when_what,ours,0.8,scene_02,1367,/home/fr/brl/02_BRL_POMDP_CODE/experiments_logs/system_log/tomato/scene_02_step50/when_what_ours_thres_0-8_rand_0-4/exp_tomato_20260912_152132_716701.txt,2026-09-12 15:21:32,True,15,10.0,8,5,0.3333333333333333,4.6532,,,2876796507,,GOAL DONE,,,,,,,,,50,8000,4.6201,0.308,0.0129,0.0009,0.0057,0.0004,0.0102,0.0007,0.004,0.0003,4.6531,0.3102,,,,,,,,,,,,
tomato,when_what,ours,0.8,scene_02,1368,/home/fr/brl/02_BRL_POMDP_CODE/experiments_logs/system_log/tomato/scene_02_step50/when_what_ours_thres_0-8_rand_0-4/exp_tomato_20260912_152159_799311.txt,2026-09-12 15:21:59,True,20,-10.0,15,9,0.45,6.6556,,,2661673954,,GOAL DONE,,,,,,,,,50,8000,6.6124,0.3306,0.02,0.001,0.009,0.0005,0.0077,0.0004,0.006,0.0003,6.6555,0.3328,,,,,,,,,,,,
tomato,when_what,ours,0.8,scene_02,1369,/home/fr/brl/02_BRL_POMDP_CODE/experiments_logs/system_log/tomato/scene_02_step50/when_what_ours_thres_0-8_rand_0-4/exp_tomato_20260912_152215_979869.txt,2026-09-12 15:22:15,True,16,10.0,12,7,0.4375,5.0986,,,3533124505,,GOAL DONE,,,,,,,,,50,8000,5.0616,0.3164,0.0151,0.0009,0.0083,0.0005,0.0084,0.0005,0.0047,0.0003,5.0985,0.3187,,,,,,,,,,,,
tomato,when_what,ours,0.8,scene_02,1370,/home/fr/brl/02_BRL_POMDP_CODE/experiments_logs/system_log/tomato/scene_02_step50/when_what_ours_thres_0-8_rand_0-4/exp_tomato_20260912_152239_284872.txt,2026-09-12 15:22:39,True,14,20.0,8,5,0.35714285714285715,4.2803,,,3751400244,,GOAL DONE,,,,,,,,,50,8000,4.2529,0.3038,0.0121,0.0009,0.0052,0.0004,0.0058,0.0004,0.004,0.0003,4.2802,0.3057,,,,,,,,,,,,
tomato,when_what,ours,0.8,scene_02,1371,/home/fr/brl/02_BRL_POMDP_CODE/experiments_logs/system_log/tomato/scene_02_step50/when_what_ours_thres_0-8_rand_0-4/exp_tomato_20260912_152301_131079.txt,2026-09-12 15:23:01,True,15,5.0,12,6,0.4,4.426,,,4031054018,,GOAL DONE,,,,,,,,,50,8000,4.3911,0.2927,0.0132,0.0009,0.0084,0.0006,0.0086,0.0006,0.0043,0.0003,4.4259,0.2951,,,,,,,,,,,,
tomato,when_what,ours,0.8,scene_02,1372,/home/fr/brl/02_BRL_POMDP_CODE/experiments_logs/system_log/tomato/scene_02_step50/when_what_ours_thres_0-8_rand_0-4/exp_tomato_20260912_152327_468787.txt,2026-09-12 15:23:27,True,26,-15.0,23,13,0.5,9.0677,,,1337352578,,GOAL DONE,,,,,,,,,50,8000,9.0087,0.3465,0.0279,0.0011,0.013,0.0005,0.0099,0.0004,0.0075,0.0003,9.0675,0.3488,,,,,,,,,,,,
tomato,when_what,ours,0.8,scene_02,1373,/home/fr/brl/02_BRL_POMDP_CODE/experiments_logs/system_log/tomato/scene_02_step50/when_what_ours_thres_0-8_rand_0-4/exp_tomato_20260912_152349_998802.txt,2026-09-12 15:23:49,True,17,-15.0,12,7,0.4117647058823529,5.5718,,,2571575672,,GOAL DONE,,,,,,,,,50,8000,5.5353,0.3256,0.0164,0.001,0.0075,0.0004,0.0069,0.0004,0.0052,0.0003,5.5717,0.3277,,,,,,,,,,,,
tomato,when_what,ours,0.8,scene_02,1374,/home/fr/brl/02_BRL_POMDP_CODE/experiments_logs/system_log/tomato/scene_02_step50/when_what_ours_thres_0-8_rand_0-4/exp_tomato_20260912_152416_055155.txt,2026-09-12 15:24:16,True,22,10.0,26,11,0.5,7.3477,,,1903174235,,GOAL DONE,,,,,,,,,50,8000,7.2928,0.3315,0.0225,0.001,0.0126,0.0006,0.0129,0.0006,0.0063,0.0003,7.3476,0.334,,,,,,,,,,,,
tomato,when_what,ours,0.8,scene_02,1375,/home/fr/brl/02_BRL_POMDP_CODE/experiments_logs/system_log/tomato/scene_02_step50/when_what_ours_thres_0-8_rand_0-4/exp_tomato_20260912_152437_113826.txt,2026-09-12 15:24:37,True,15,5.0,14,7,0.4666666666666667,4.9723,,,1422635806,,GOAL DONE,,,,,,,,,50,8000,4.9401,0.3293,0.0139,0.0009,0.0064,0.0004,0.0074,0.0005,0.004,0.0003,4.9722,0.3315,,,,,,,,,,,,
tomato,when_what,ours,0.8,scene_02,1376,/home/fr/brl/02_BRL_POMDP_CODE/experiments_logs/system_log/tomato/scene_02_step50/when_what_ours_thres_0-8_rand_0-4/exp_tomato_20260912_152511_151726.txt,2026-09-12 15:25:11,True,29,-25.0,17,12,0.41379310344827586,9.7882,,,559761095,,GOAL DONE,,,,,,,,,50,8000,9.7293,0.3355,0.0291,0.001,0.0119,0.0004,0.0089,0.0003,0.0083,0.0003,9.788,0.3375,,,,,,,,,,,,
tomato,when_what,ours,0.8,scene_02,1377,/home/fr/brl/02_BRL_POMDP_CODE/experiments_logs/system_log/tomato/scene_02_step50/when_what_ours_thres_0-8_rand_0-4/exp_tomato_20260912_152529_393053.txt,2026-09-12 15:25:29,True,23,0.0,20,11,0.4782608695652174,7.374,,,2324409209,,GOAL DONE,,,,,,,,,50,8000,7.3227,0.3184,0.023,0.001,0.0117,0.0005,0.0097,0.0004,0.0063,0.0003,7.3739,0.3206,,,,,,,,,,,,
tomato,when_what,ours,0.8,scene_02,1378,/home/fr/brl/02_BRL_POMDP_CODE/experiments_logs/system_log/tomato/scene_02_step50/when_what_ours_thres_0-8_rand_0-4/exp_tomato_20260912_152545_085604.txt,2026-09-12 15:25:45,True,20,-20.0,17,12,0.6,6.2598,,,474952343,,GOAL DONE,,,,,,,,,50,8000,6.2177,0.3109,0.0195,0.001,0.0084,0.0004,0.0078,0.0004,0.0059,0.0003,6.2597,0.313,,,,,,,,,,,,
tomato,when_what,ours,0.8,scene_02,1379,/home/fr/brl/02_BRL_POMDP_CODE/experiments_logs/system_log/tomato/scene_02_step50/when_what_ours_thres_0-8_rand_0-4/exp_tomato_20260912_152608_268704.txt,2026-09-12 15:26:08,True,18,10.0,19,9,0.5,5.7449,,,1408900490,,GOAL DONE,,,,,,,,,50,8000,5.6984,0.3166,0.0177,0.001,0.012,0.0007,0.0114,0.0006,0.0048,0.0003,5.7448,0.3192,,,,,,,,,,,,
tomato,when_what,ours,0.8,scene_02,1380,/home/fr/brl/02_BRL_POMDP_CODE/experiments_logs/system_log/tomato/scene_02_step50/when_what_ours_thres_0-8_rand_0-4/exp_tomato_20260912_152628_710621.txt,2026-09-12 15:26:28,True,17,15.0,9,7,0.4117647058823529,5.1066,,,1969507524,,GOAL DONE,,,,,,,,,50,8000,5.0749,0.2985,0.0145,0.0009,0.0055,0.0003,0.0064,0.0004,0.0048,0.0003,5.1065,0.3004,,,,,,,,,,,,
tomato,when_what,ours,0.8,scene_02,1381,/home/fr/brl/02_BRL_POMDP_CODE/experiments_logs/system_log/tomato/scene_02_step50/when_what_ours_thres_0-8_rand_0-4/exp_tomato_20260912_152651_623031.txt,2026-09-12 15:26:51,True,15,20.0,12,7,0.4666666666666667,4.8786,,,850676597,,GOAL DONE,,,,,,,,,50,8000,4.8443,0.323,0.0147,0.001,0.0078,0.0005,0.007,0.0005,0.0044,0.0003,4.8786,0.3252,,,,,,,,,,,,
tomato,when_what,ours,0.8,scene_02,1382,/home/fr/brl/02_BRL_POMDP_CODE/experiments_logs/system_log/tomato/scene_02_step50/when_what_ours_thres_0-8_rand_0-4/exp_tomato_20260912_152708_637425.txt,2026-09-12 15:27:08,True,13,0.0,10,5,0.38461538461538464,4.1702,,,464102713,,GOAL DONE,,,,,,,,,50,8000,4.1432,0.3187,0.0114,0.0009,0.0052,0.0004,0.0063,0.0005,0.0038,0.0003,4.1701,0.3208,,,,,,,,,,,,
tomato,when_what,ours,0.8,scene_02,1383,/home/fr/brl/02_BRL_POMDP_CODE/experiments_logs/system_log/tomato/scene_02_step50/when_what_ours_thres_0-8_rand_0-4/exp_tomato_20260912_152733_938499.txt,2026-09-12 15:27:33,True,23,-5.0,11,5,0.21739130434782608,7.5719,,,2639844527,,GOAL DONE,,,,,,,,,50,8000,7.5192,0.3269,0.0266,0.0012,0.0116,0.0005,0.007,0.0003,0.007,0.0003,7.5718,0.3292,,,,,,,,,,,,
tomato,when_what,ours,0.8,scene_02,1384,/home/fr/brl/02_BRL_POMDP_CODE/experiments_logs/system_log/tomato/scene_02_step50/when_what_ours_thres_0-8_rand_0-4/exp_tomato_20260912_152753_509944.txt,2026-09-12 15:27:53,True,15,5.0,11,6,0.4,4.7281,,,2567273034,,GOAL DONE,,,,,,,,,50,8000,4.6952,0.313,0.0144,0.001,0.0071,0.0005,0.0065,0.0004,0.0045,0.0003,4.728,0.3152,,,,,,,,,,,,
tomato,when_what,ours,0.8,scene_02,1385,/home/fr/brl/02_BRL_POMDP_CODE/experiments_logs/system_log/tomato/scene_02_step50/when_what_ours_thres_0-8_rand_0-4/exp_tomato_20260912_152817_540331.txt,2026-09-12 15:28:17,True,14,20.0,12,6,0.42857142857142855,4.4232,,,3815863427,,GOAL DONE,,,,,,,,,50,8000,4.3919,0.3137,0.013,0.0009,0.0068,0.0005,0.007,0.0005,0.0041,0.0003,4.4231,0.3159,,,,,,,,,,,,
tomato,when_what,ours,0.8,scene_02,1386,/home/fr/brl/02_BRL_POMDP_CODE/experiments_logs/system_log/tomato/scene_02_step50/when_what_ours_thres_0-8_rand_0-4/exp_tomato_20260912_152839_563328.txt,2026-09-12 15:28:39,True,16,-10.0,16,8,0.5,4.6858,,,2421989875,,GOAL DONE,,,,,,,,,50,8000,4.6488,0.2905,0.014,0.0009,0.0085,0.0005,0.0094,0.0006,0.0047,0.0003,4.6857,0.2929,,,,,,,,,,,,
tomato,when_what,ours,0.8,scene_02,1387,/home/fr/brl/02_BRL_POMDP_CODE/experiments_logs/system_log/tomato/scene_02_step50/when_what_ours_thres_0-8_rand_0-4/exp_tomato_20260912_152905_832287.txt,2026-09-12 15:29:05,True,21,0.0,19,9,0.42857142857142855,7.0834,,,790979284,,GOAL DONE,,,,,,,,,50,8000,7.036,0.335,0.0206,0.001,0.0109,0.0005,0.0101,0.0005,0.0052,0.0002,7.0833,0.3373,,,,,,,,,,,,
tomato,when_what,ours,0.8,scene_02,1388,/home/fr/brl/02_BRL_POMDP_CODE/experiments_logs/system_log/tomato/scene_02_step50/when_what_ours_thres_0-8_rand_0-4/exp_tomato_20260912_152926_583644.txt,2026-09-12 15:29:26,True,16,15.0,12,9,0.5625,5.071,,,484948157,,GOAL DONE,,,,,,,,,50,8000,5.0359,0.3147,0.0155,0.001,0.0078,0.0005,0.0066,0.0004,0.0047,0.0003,5.0709,0.3169,,,,,,,,,,,,
tomato,when_what,ours,0.8,scene_02,1389,/home/fr/brl/02_BRL_POMDP_CODE/experiments_logs/system_log/tomato/scene_02_step50/when_what_ours_thres_0-8_rand_0-4/exp_tomato_20260912_152952_004335.txt,2026-09-12 15:29:52,True,20,-5.0,14,9,0.45,6.7702,,,2138595888,,GOAL DONE,,,,,,,,,50,8000,6.7252,0.3363,0.0201,0.001,0.0099,0.0005,0.0081,0.0004,0.0062,0.0003,6.77,0.3385,,,,,,,,,,,,
tomato,when_what,ours,0.8,scene_02,1390,/home/fr/brl/02_BRL_POMDP_CODE/experiments_logs/system_log/tomato/scene_02_step50/when_what_ours_thres_0-8_rand_0-4/exp_tomato_20260912_153013_820163.txt,2026-09-12 15:30:13,True,17,0.0,16,9,0.5294117647058824,5.4951,,,63773712,,GOAL DONE,,,,,,,,,50,8000,5.4565,0.321,0.0165,0.001,0.0088,0.0005,0.0081,0.0005,0.0046,0.0003,5.495,0.3232,,,,,,,,,,,,
tomato,when_what,ours,0.8,scene_02,1391,/home/fr/brl/02_BRL_POMDP_CODE/experiments_logs/system_log/tomato/scene_02_step50/when_what_ours_thres_0-8_rand_0-4/exp_tomato_20260912_153034_791221.txt,2026-09-12 15:30:34,True,17,5.0,13,7,0.4117647058823529,5.3863,,,3662297998,,GOAL DONE,,,,,,,,,50,8000,5.347,0.3145,0.017,0.001,0.0083,0.0005,0.0078,0.0005,0.0057,0.0003,5.3862,0.3168,,,,,,,,,,,,
tomato,when_what,ours,0.8,scene_02,1392,/home/fr/brl/02_BRL_POMDP_CODE/experiments_logs/system_log/tomato/scene_02_step50/when_what_ours_thres_0-8_rand_0-4/exp_tomato_20260912_153053_479167.txt,2026-09-12 15:30:53,True,14,10.0,14,6,0.42857142857142855,4.501,,,3249674493,,GOAL DONE,,,,,,,,,50,8000,4.4695,0.3193,0.013,0.0009,0.0068,0.0005,0.0075,0.0005,0.0038,0.0003,4.5009,0.3215,,,,,,,,,,,,
tomato,when_what,ours,0.8,scene_02,1393,/home/fr/brl/02_BRL_POMDP_CODE/experiments_logs/system_log/tomato/scene_02_step50/when_what_ours_thres_0-8_rand_0-4/exp_tomato_20260912_153114_901329.txt,2026-09-12 15:31:14,True,20,0.0,11,9,0.45,6.2466,,,4007070013,,GOAL DONE,,,,,,,,,50,8000,6.2083,0.3104,0.0183,0.0009,0.0067,0.0003,0.0066,0.0003,0.0061,0.0003,6.2465,0.3123,,,,,,,,,,,,
tomato,when_what,ours,0.8,scene_02,1394,/home/fr/brl/02_BRL_POMDP_CODE/experiments_logs/system_log/tomato/scene_02_step50/when_what_ours_thres_0-8_rand_0-4/exp_tomato_20260912_153139_236824.txt,2026-09-12 15:31:39,True,14,20.0,12,6,0.42857142857142855,4.5779,,,2886041855,,GOAL DONE,,,,,,,,,50,8000,4.5463,0.3247,0.0132,0.0009,0.0063,0.0004,0.0071,0.0005,0.0046,0.0003,4.5778,0.327,,,,,,,,,,,,
tomato,when_what,ours,0.8,scene_02,1395,/home/fr/brl/02_BRL_POMDP_CODE/experiments_logs/system_log/tomato/scene_02_step50/when_what_ours_thres_0-8_rand_0-4/exp_tomato_20260912_153209_327465.txt,2026-09-12 15:32:09,True,20,-20.0,17,11,0.55,6.6966,,,2293168667,,GOAL DONE,,,,,,,,,50,8000,6.6511,0.3326,0.0215,0.0011,0.0106,0.0005,0.0076,0.0004,0.0052,0.0003,6.6964,0.3348,,,,,,,,,,,,
tomato,when_what,ours,0.8,scene_02,1396,/home/fr/brl/02_BRL_POMDP_CODE/experiments_logs/system_log/tomato/scene_02_step50/when_what_ours_thres_0-8_rand_0-4/exp_tomato_20260912_153233_713450.txt,2026-09-12 15:32:33,True,20,10.0,19,9,0.45,6.4899,,,3887351210,,GOAL DONE,,,,,,,,,50,8000,6.4429,0.3221,0.0201,0.001,0.0109,0.0005,0.0101,0.0005,0.0053,0.0003,6.4898,0.3245,,,,,,,,,,,,
tomato,when_what,ours,0.8,scene_02,1397,/home/fr/brl/02_BRL_POMDP_CODE/experiments_logs/system_log/tomato/scene_02_step50/when_what_ours_thres_0-8_rand_0-4/exp_tomato_20260912_153252_103520.txt,2026-09-12 15:32:52,True,15,10.0,10,5,0.3333333333333333,4.3851,,,2318091321,,GOAL DONE,,,,,,,,,50,8000,4.3557,0.2904,0.0127,0.0008,0.0053,0.0004,0.0064,0.0004,0.0047,0.0003,4.3851,0.2923,,,,,,,,,,,,
tomato,when_what,ours,0.8,scene_02,1398,/home/fr/brl/02_BRL_POMDP_CODE/experiments_logs/system_log/tomato/scene_02_step50/when_what_ours_thres_0-8_rand_0-4/exp_tomato_20260912_153315_352255.txt,2026-09-12 15:33:15,True,15,0.0,13,6,0.4,4.8602,,,1919828458,,GOAL DONE,,,,,,,,,50,8000,4.826,0.3217,0.0146,0.001,0.0077,0.0005,0.0073,0.0005,0.0042,0.0003,4.8601,0.324,,,,,,,,,,,,
tomato,when_what,ours,0.8,scene_02,1399,/home/fr/brl/02_BRL_POMDP_CODE/experiments_logs/system_log/tomato/scene_02_step50/when_what_ours_thres_0-8_rand_0-4/exp_tomato_20260912_153345_677501.txt,2026-09-12 15:33:45,True,17,5.0,12,8,0.47058823529411764,5.5354,,,1477592928,,GOAL DONE,,,,,,,,,50,8000,5.4998,0.3235,0.0169,0.001,0.0072,0.0004,0.0067,0.0004,0.0044,0.0003,5.5353,0.3256,,,,,,,,,,,,
tomato,when_what,ours,0.8,scene_02,1400,/home/fr/brl/02_BRL_POMDP_CODE/experiments_logs/system_log/tomato/scene_02_step50/when_what_ours_thres_0-8_rand_0-4/exp_tomato_20260912_153359_952127.txt,2026-09-12 15:33:59,True,17,-10.0,9,6,0.35294117647058826,5.5777,,,742004455,,GOAL DONE,,,,,,,,,50,8000,5.5451,0.3262,0.0148,0.0009,0.0056,0.0003,0.0062,0.0004,0.0054,0.0003,5.5775,0.3281,,,,,,,,,,,,
tomato,when_what,ours_what_only,0.8,scene_02,1401,/home/fr/brl/02_BRL_POMDP_CODE/experiments_logs/system_log/tomato/scene_02_step50/when_what_ours_what_only_thres_0-8_rand_0-4/exp_tomato_20260912_151843_285474.txt,2026-09-12 15:18:43,False,22,-30.0,13,8,0.36363636363636365,7.2562,,,233361013,,PLAN FAILURE,,,,,,,,,50,8000,7.206,0.3275,0.0235,0.0011,0.0116,0.0005,0.0077,0.0003,0.0066,0.0003,7.256,0.3298,,,,,,,,,,,,
tomato,when_what,ours_what_only,0.8,scene_02,1402,/home/fr/brl/02_BRL_POMDP_CODE/experiments_logs/system_log/tomato/scene_02_step50/when_what_ours_what_only_thres_0-8_rand_0-4/exp_tomato_20260912_151910_248109.txt,2026-09-12 15:19:10,True,20,-10.0,10,6,0.3,5.967,,,3206958523,,GOAL DONE,,,,,,,,,50,8000,5.9264,0.2963,0.0169,0.0008,0.0089,0.0004,0.0083,0.0004,0.0059,0.0003,5.9669,0.2983,,,,,,,,,,,,
tomato,when_what,ours_what_only,0.8,scene_02,1403,/home/fr/brl/02_BRL_POMDP_CODE/experiments_logs/system_log/tomato/scene_02_step50/when_what_ours_what_only_thres_0-8_rand_0-4/exp_tomato_20260912_151936_234729.txt,2026-09-12 15:19:36,True,20,-10.0,10,7,0.35,6.9105,,,2306136433,,GOAL DONE,,,,,,,,,50,8000,6.8638,0.3432,0.0218,0.0011,0.0132,0.0007,0.0058,0.0003,0.0054,0.0003,6.9103,0.3455,,,,,,,,,,,,
tomato,when_what,ours_what_only,0.8,scene_02,1404,/home/fr/brl/02_BRL_POMDP_CODE/experiments_logs/system_log/tomato/scene_02_step50/when_what_ours_what_only_thres_0-8_rand_0-4/exp_tomato_20260912_152009_832884.txt,2026-09-12 15:20:09,True,28,-20.0,16,10,0.35714285714285715,9.3362,,,1150817657,,GOAL DONE,,,,,,,,,50,8000,9.2735,0.3312,0.0303,0.0011,0.0153,0.0005,0.0092,0.0003,0.0071,0.0003,9.3361,0.3334,,,,,,,,,,,,
tomato,when_what,ours_what_only,0.8,scene_02,1405,/home/fr/brl/02_BRL_POMDP_CODE/experiments_logs/system_log/tomato/scene_02_step50/when_what_ours_what_only_thres_0-8_rand_0-4/exp_tomato_20260912_152037_420690.txt,2026-09-12 15:20:37,True,24,-15.0,18,14,0.5833333333333334,7.5582,,,418694264,,GOAL DONE,,,,,,,,,50,8000,7.5101,0.3129,0.0221,0.0009,0.011,0.0005,0.0084,0.0003,0.0059,0.0002,7.558,0.3149,,,,,,,,,,,,
tomato,when_what,ours_what_only,0.8,scene_02,1406,/home/fr/brl/02_BRL_POMDP_CODE/experiments_logs/system_log/tomato/scene_02_step50/when_what_ours_what_only_thres_0-8_rand_0-4/exp_tomato_20260912_152104_651925.txt,2026-09-12 15:21:04,False,15,-20.0,19,7,0.4666666666666667,5.0215,,,2833878170,,PLAN FAILURE,,,,,,,,,50,8000,4.9756,0.3317,0.0178,0.0012,0.0145,0.001,0.0095,0.0006,0.0038,0.0003,5.0215,0.3348,,,,,,,,,,,,
tomato,when_what,ours_what_only,0.8,scene_02,1407,/home/fr/brl/02_BRL_POMDP_CODE/experiments_logs/system_log/tomato/scene_02_step50/when_what_ours_what_only_thres_0-8_rand_0-4/exp_tomato_20260912_152127_940724.txt,2026-09-12 15:21:27,True,15,10.0,11,8,0.5333333333333333,4.5558,,,2876796507,,GOAL DONE,,,,,,,,,50,8000,4.5226,0.3015,0.0127,0.0008,0.0054,0.0004,0.0106,0.0007,0.0041,0.0003,4.5557,0.3037,,,,,,,,,,,,
tomato,when_what,ours_what_only,0.8,scene_02,1408,/home/fr/brl/02_BRL_POMDP_CODE/experiments_logs/system_log/tomato/scene_02_step50/when_what_ours_what_only_thres_0-8_rand_0-4/exp_tomato_20260912_152153_015614.txt,2026-09-12 15:21:53,True,20,-10.0,8,7,0.35,6.6807,,,2661673954,,GOAL DONE,,,,,,,,,50,8000,6.6417,0.3321,0.0193,0.001,0.0087,0.0004,0.0044,0.0002,0.0062,0.0003,6.6806,0.334,,,,,,,,,,,,
tomato,when_what,ours_what_only,0.8,scene_02,1409,/home/fr/brl/02_BRL_POMDP_CODE/experiments_logs/system_log/tomato/scene_02_step50/when_what_ours_what_only_thres_0-8_rand_0-4/exp_tomato_20260912_152210_755850.txt,2026-09-12 15:22:10,False,9,10.0,5,4,0.4444444444444444,2.8191,,,3533124505,,PLAN FAILURE,,,,,,,,,50,8000,2.7982,0.3109,0.0082,0.0009,0.0053,0.0006,0.0048,0.0005,0.0023,0.0003,2.819,0.3132,,,,,,,,,,,,
tomato,when_what,ours_what_only,0.8,scene_02,1410,/home/fr/brl/02_BRL_POMDP_CODE/experiments_logs/system_log/tomato/scene_02_step50/when_what_ours_what_only_thres_0-8_rand_0-4/exp_tomato_20260912_152234_872146.txt,2026-09-12 15:22:34,False,21,15.0,4,4,0.19047619047619047,7.06,,,3751400244,,PLAN FAILURE,,,,,,,,,50,8000,7.0205,0.3343,0.0205,0.001,0.0083,0.0004,0.0041,0.0002,0.006,0.0003,7.0599,0.3362,,,,,,,,,,,,
tomato,when_what,ours_what_only,0.8,scene_02,1411,/home/fr/brl/02_BRL_POMDP_CODE/experiments_logs/system_log/tomato/scene_02_step50/when_what_ours_what_only_thres_0-8_rand_0-4/exp_tomato_20260912_152256_574664.txt,2026-09-12 15:22:56,False,18,5.0,15,10,0.5555555555555556,5.6096,,,4031054018,,PLAN FAILURE,,,,,,,,,50,8000,5.5637,0.3091,0.0174,0.001,0.0105,0.0006,0.0131,0.0007,0.0045,0.0002,5.6095,0.3116,,,,,,,,,,,,
tomato,when_what,ours_what_only,0.8,scene_02,1412,/home/fr/brl/02_BRL_POMDP_CODE/experiments_logs/system_log/tomato/scene_02_step50/when_what_ours_what_only_thres_0-8_rand_0-4/exp_tomato_20260912_152318_272911.txt,2026-09-12 15:23:18,True,16,-5.0,6,5,0.3125,4.8035,,,1337352578,,GOAL DONE,,,,,,,,,50,8000,4.7762,0.2985,0.0136,0.0008,0.0055,0.0003,0.0037,0.0002,0.0041,0.0003,4.8034,0.3002,,,,,,,,,,,,
tomato,when_what,ours_what_only,0.8,scene_02,1413,/home/fr/brl/02_BRL_POMDP_CODE/experiments_logs/system_log/tomato/scene_02_step50/when_what_ours_what_only_thres_0-8_rand_0-4/exp_tomato_20260912_152344_295268.txt,2026-09-12 15:23:44,True,17,-15.0,6,3,0.17647058823529413,5.5198,,,2571575672,,GOAL DONE,,,,,,,,,50,8000,5.4857,0.3227,0.0163,0.001,0.0073,0.0004,0.0056,0.0003,0.0045,0.0003,5.5197,0.3247,,,,,,,,,,,,
tomato,when_what,ours_what_only,0.8,scene_02,1414,/home/fr/brl/02_BRL_POMDP_CODE/experiments_logs/system_log/tomato/scene_02_step50/when_what_ours_what_only_thres_0-8_rand_0-4/exp_tomato_20260912_152408_573551.txt,2026-09-12 15:24:08,True,17,5.0,7,4,0.23529411764705882,5.3698,,,1903174235,,GOAL DONE,,,,,,,,,50,8000,5.3345,0.3138,0.0163,0.001,0.0086,0.0005,0.0049,0.0003,0.0048,0.0003,5.3697,0.3159,,,,,,,,,,,,
tomato,when_what,ours_what_only,0.8,scene_02,1415,/home/fr/brl/02_BRL_POMDP_CODE/experiments_logs/system_log/tomato/scene_02_step50/when_what_ours_what_only_thres_0-8_rand_0-4/exp_tomato_20260912_152432_008004.txt,2026-09-12 15:24:32,True,16,10.0,17,10,0.625,5.4106,,,1422635806,,GOAL DONE,,,,,,,,,50,8000,5.375,0.3359,0.0157,0.001,0.0075,0.0005,0.0076,0.0005,0.0044,0.0003,5.4105,0.3382,,,,,,,,,,,,
tomato,when_what,ours_what_only,0.8,scene_02,1416,/home/fr/brl/02_BRL_POMDP_CODE/experiments_logs/system_log/tomato/scene_02_step50/when_what_ours_what_only_thres_0-8_rand_0-4/exp_tomato_20260912_152501_238187.txt,2026-09-12 15:25:01,True,20,-15.0,6,5,0.25,6.8946,,,559761095,,GOAL DONE,,,,,,,,,50,8000,6.8542,0.3427,0.0207,0.001,0.0096,0.0005,0.0041,0.0002,0.0055,0.0003,6.8945,0.3447,,,,,,,,,,,,
tomato,when_what,ours_what_only,0.8,scene_02,1417,/home/fr/brl/02_BRL_POMDP_CODE/experiments_logs/system_log/tomato/scene_02_step50/when_what_ours_what_only_thres_0-8_rand_0-4/exp_tomato_20260912_152521_888242.txt,2026-09-12 15:25:21,False,5,0.0,2,2,0.4,1.4498,,,2324409209,,PLAN FAILURE,,,,,,,,,50,8000,1.4391,0.2878,0.004,0.0008,0.0032,0.0006,0.0022,0.0004,0.0011,0.0002,1.4497,0.2899,,,,,,,,,,,,
tomato,when_what,ours_what_only,0.8,scene_02,1418,/home/fr/brl/02_BRL_POMDP_CODE/experiments_logs/system_log/tomato/scene_02_step50/when_what_ours_what_only_thres_0-8_rand_0-4/exp_tomato_20260912_152538_702680.txt,2026-09-12 15:25:38,False,7,0.0,3,3,0.42857142857142855,1.7444,,,474952343,,PLAN FAILURE,,,,,,,,,50,8000,1.7298,0.2471,0.0061,0.0009,0.0035,0.0005,0.003,0.0004,0.002,0.0003,1.7444,0.2492,,,,,,,,,,,,
tomato,when_what,ours_what_only,0.8,scene_02,1419,/home/fr/brl/02_BRL_POMDP_CODE/experiments_logs/system_log/tomato/scene_02_step50/when_what_ours_what_only_thres_0-8_rand_0-4/exp_tomato_20260912_152602_394150.txt,2026-09-12 15:26:02,True,18,10.0,15,9,0.5,5.6074,,,1408900490,,GOAL DONE,,,,,,,,,50,8000,5.5634,0.3091,0.0176,0.001,0.0132,0.0007,0.0082,0.0005,0.0046,0.0003,5.6073,0.3115,,,,,,,,,,,,
tomato,when_what,ours_what_only,0.8,scene_02,1420,/home/fr/brl/02_BRL_POMDP_CODE/experiments_logs/system_log/tomato/scene_02_step50/when_what_ours_what_only_thres_0-8_rand_0-4/exp_tomato_20260912_152623_470975.txt,2026-09-12 15:26:23,True,17,15.0,4,4,0.23529411764705882,4.939,,,1969507524,,GOAL DONE,,,,,,,,,50,8000,4.9093,0.2888,0.0147,0.0009,0.0058,0.0003,0.0036,0.0002,0.0052,0.0003,4.9389,0.2905,,,,,,,,,,,,
tomato,when_what,ours_what_only,0.8,scene_02,1421,/home/fr/brl/02_BRL_POMDP_CODE/experiments_logs/system_log/tomato/scene_02_step50/when_what_ours_what_only_thres_0-8_rand_0-4/exp_tomato_20260912_152646_617548.txt,2026-09-12 15:26:46,True,15,20.0,8,5,0.3333333333333333,4.8529,,,850676597,,GOAL DONE,,,,,,,,,50,8000,4.8198,0.3213,0.0146,0.001,0.0079,0.0005,0.0058,0.0004,0.0043,0.0003,4.8528,0.3235,,,,,,,,,,,,
tomato,when_what,ours_what_only,0.8,scene_02,1422,/home/fr/brl/02_BRL_POMDP_CODE/experiments_logs/system_log/tomato/scene_02_step50/when_what_ours_what_only_thres_0-8_rand_0-4/exp_tomato_20260912_152704_341131.txt,2026-09-12 15:27:04,True,13,0.0,6,4,0.3076923076923077,4.1052,,,464102713,,GOAL DONE,,,,,,,,,50,8000,4.0805,0.3139,0.0114,0.0009,0.0051,0.0004,0.0037,0.0003,0.0041,0.0003,4.1051,0.3158,,,,,,,,,,,,
tomato,when_what,ours_what_only,0.8,scene_02,1423,/home/fr/brl/02_BRL_POMDP_CODE/experiments_logs/system_log/tomato/scene_02_step50/when_what_ours_what_only_thres_0-8_rand_0-4/exp_tomato_20260912_152726_238103.txt,2026-09-12 15:27:26,True,16,-15.0,11,7,0.4375,4.7683,,,2639844527,,GOAL DONE,,,,,,,,,50,8000,4.7347,0.2959,0.0138,0.0009,0.0082,0.0005,0.0061,0.0004,0.005,0.0003,4.7682,0.298,,,,,,,,,,,,
tomato,when_what,ours_what_only,0.8,scene_02,1424,/home/fr/brl/02_BRL_POMDP_CODE/experiments_logs/system_log/tomato/scene_02_step50/when_what_ours_what_only_thres_0-8_rand_0-4/exp_tomato_20260912_152748_649289.txt,2026-09-12 15:27:48,True,15,5.0,11,9,0.6,4.7685,,,2567273034,,GOAL DONE,,,,,,,,,50,8000,4.7373,0.3158,0.0146,0.001,0.0072,0.0005,0.0047,0.0003,0.0043,0.0003,4.7684,0.3179,,,,,,,,,,,,
tomato,when_what,ours_what_only,0.8,scene_02,1425,/home/fr/brl/02_BRL_POMDP_CODE/experiments_logs/system_log/tomato/scene_02_step50/when_what_ours_what_only_thres_0-8_rand_0-4/exp_tomato_20260912_152812_989661.txt,2026-09-12 15:28:12,True,22,-5.0,10,8,0.36363636363636365,7.3108,,,3815863427,,GOAL DONE,,,,,,,,,50,8000,7.27,0.3305,0.0204,0.0009,0.0075,0.0003,0.0049,0.0002,0.0076,0.0003,7.3107,0.3323,,,,,,,,,,,,
tomato,when_what,ours_what_only,0.8,scene_02,1426,/home/fr/brl/02_BRL_POMDP_CODE/experiments_logs/system_log/tomato/scene_02_step50/when_what_ours_what_only_thres_0-8_rand_0-4/exp_tomato_20260912_152834_741750.txt,2026-09-12 15:28:34,True,19,-5.0,16,10,0.5263157894736842,6.0971,,,2421989875,,GOAL DONE,,,,,,,,,50,8000,6.0584,0.3189,0.0174,0.0009,0.0066,0.0003,0.0077,0.0004,0.0065,0.0003,6.097,0.3209,,,,,,,,,,,,
tomato,when_what,ours_what_only,0.8,scene_02,1427,/home/fr/brl/02_BRL_POMDP_CODE/experiments_logs/system_log/tomato/scene_02_step50/when_what_ours_what_only_thres_0-8_rand_0-4/exp_tomato_20260912_152858_619166.txt,2026-09-12 15:28:58,True,19,25.0,2,2,0.10526315789473684,5.8648,,,790979284,,GOAL DONE,,,,,,,,,50,8000,5.8251,0.3066,0.0186,0.001,0.0112,0.0006,0.0035,0.0002,0.0058,0.0003,5.8647,0.3087,,,,,,,,,,,,
tomato,when_what,ours_what_only,0.8,scene_02,1428,/home/fr/brl/02_BRL_POMDP_CODE/experiments_logs/system_log/tomato/scene_02_step50/when_what_ours_what_only_thres_0-8_rand_0-4/exp_tomato_20260912_152921_384182.txt,2026-09-12 15:29:21,True,16,15.0,10,9,0.5625,5.159,,,484948157,,GOAL DONE,,,,,,,,,50,8000,5.1253,0.3203,0.0157,0.001,0.0081,0.0005,0.0045,0.0003,0.005,0.0003,5.1589,0.3224,,,,,,,,,,,,
tomato,when_what,ours_what_only,0.8,scene_02,1429,/home/fr/brl/02_BRL_POMDP_CODE/experiments_logs/system_log/tomato/scene_02_step50/when_what_ours_what_only_thres_0-8_rand_0-4/exp_tomato_20260912_152945_100809.txt,2026-09-12 15:29:45,True,20,10.0,9,7,0.35,6.4565,,,2138595888,,GOAL DONE,,,,,,,,,50,8000,6.4135,0.3207,0.0196,0.001,0.0107,0.0005,0.0063,0.0003,0.0058,0.0003,6.4564,0.3228,,,,,,,,,,,,
tomato,when_what,ours_what_only,0.8,scene_02,1430,/home/fr/brl/02_BRL_POMDP_CODE/experiments_logs/system_log/tomato/scene_02_step50/when_what_ours_what_only_thres_0-8_rand_0-4/exp_tomato_20260912_153008_193040.txt,2026-09-12 15:30:08,True,17,0.0,14,9,0.5294117647058824,5.529,,,63773712,,GOAL DONE,,,,,,,,,50,8000,5.4898,0.3229,0.0166,0.001,0.009,0.0005,0.0076,0.0004,0.0056,0.0003,5.5289,0.3252,,,,,,,,,,,,
tomato,when_what,ours_what_only,0.8,scene_02,1431,/home/fr/brl/02_BRL_POMDP_CODE/experiments_logs/system_log/tomato/scene_02_step50/when_what_ours_what_only_thres_0-8_rand_0-4/exp_tomato_20260912_153029_271376.txt,2026-09-12 15:30:29,True,16,20.0,11,8,0.5,4.9409,,,3662297998,,GOAL DONE,,,,,,,,,50,8000,4.9009,0.3063,0.0152,0.001,0.0074,0.0005,0.0115,0.0007,0.0055,0.0003,4.9408,0.3088,,,,,,,,,,,,
tomato,when_what,ours_what_only,0.8,scene_02,1432,/home/fr/brl/02_BRL_POMDP_CODE/experiments_logs/system_log/tomato/scene_02_step50/when_what_ours_what_only_thres_0-8_rand_0-4/exp_tomato_20260912_153048_852307.txt,2026-09-12 15:30:48,True,15,20.0,12,5,0.3333333333333333,4.5433,,,3249674493,,GOAL DONE,,,,,,,,,50,8000,4.5102,0.3007,0.0142,0.0009,0.0069,0.0005,0.0073,0.0005,0.0043,0.0003,4.5432,0.3029,,,,,,,,,,,,
tomato,when_what,ours_what_only,0.8,scene_02,1433,/home/fr/brl/02_BRL_POMDP_CODE/experiments_logs/system_log/tomato/scene_02_step50/when_what_ours_what_only_thres_0-8_rand_0-4/exp_tomato_20260912_153108_529074.txt,2026-09-12 15:31:08,False,14,10.0,9,7,0.5,4.2266,,,4007070013,,PLAN FAILURE,,,,,,,,,50,8000,4.1961,0.2997,0.0133,0.0009,0.0061,0.0004,0.0062,0.0004,0.0044,0.0003,4.2265,0.3019,,,,,,,,,,,,
tomato,when_what,ours_what_only,0.8,scene_02,1434,/home/fr/brl/02_BRL_POMDP_CODE/experiments_logs/system_log/tomato/scene_02_step50/when_what_ours_what_only_thres_0-8_rand_0-4/exp_tomato_20260912_153134_528350.txt,2026-09-12 15:31:34,True,21,10.0,12,10,0.47619047619047616,7.2894,,,2886041855,,GOAL DONE,,,,,,,,,50,8000,7.2458,0.345,0.0215,0.001,0.0107,0.0005,0.0052,0.0002,0.0056,0.0003,7.2893,0.3471,,,,,,,,,,,,
tomato,when_what,ours_what_only,0.8,scene_02,1435,/home/fr/brl/02_BRL_POMDP_CODE/experiments_logs/system_log/tomato/scene_02_step50/when_what_ours_what_only_thres_0-8_rand_0-4/exp_tomato_20260912_153202_503047.txt,2026-09-12 15:32:02,True,22,-15.0,10,6,0.2727272727272727,6.7433,,,2293168667,,GOAL DONE,,,,,,,,,50,8000,6.696,0.3044,0.0219,0.001,0.0129,0.0006,0.0052,0.0002,0.0068,0.0003,6.7431,0.3065,,,,,,,,,,,,
tomato,when_what,ours_what_only,0.8,scene_02,1436,/home/fr/brl/02_BRL_POMDP_CODE/experiments_logs/system_log/tomato/scene_02_step50/when_what_ours_what_only_thres_0-8_rand_0-4/exp_tomato_20260912_153227_097134.txt,2026-09-12 15:32:27,True,18,10.0,11,7,0.3888888888888889,5.5531,,,3887351210,,GOAL DONE,,,,,,,,,50,8000,5.5146,0.3064,0.0177,0.001,0.0092,0.0005,0.0055,0.0003,0.0055,0.0003,5.553,0.3085,,,,,,,,,,,,
tomato,when_what,ours_what_only,0.8,scene_02,1437,/home/fr/brl/02_BRL_POMDP_CODE/experiments_logs/system_log/tomato/scene_02_step50/when_what_ours_what_only_thres_0-8_rand_0-4/exp_tomato_20260912_153247_588006.txt,2026-09-12 15:32:47,True,15,10.0,6,4,0.26666666666666666,4.4624,,,2318091321,,GOAL DONE,,,,,,,,,50,8000,4.4356,0.2957,0.0128,0.0009,0.0054,0.0004,0.0039,0.0003,0.0042,0.0003,4.4623,0.2975,,,,,,,,,,,,
tomato,when_what,ours_what_only,0.8,scene_02,1438,/home/fr/brl/02_BRL_POMDP_CODE/experiments_logs/system_log/tomato/scene_02_step50/when_what_ours_what_only_thres_0-8_rand_0-4/exp_tomato_20260912_153310_361684.txt,2026-09-12 15:33:10,True,19,10.0,6,6,0.3157894736842105,6.5053,,,1919828458,,GOAL DONE,,,,,,,,,50,8000,6.4666,0.3403,0.0198,0.001,0.0097,0.0005,0.0038,0.0002,0.0049,0.0003,6.5052,0.3424,,,,,,,,,,,,
tomato,when_what,ours_what_only,0.8,scene_02,1439,/home/fr/brl/02_BRL_POMDP_CODE/experiments_logs/system_log/tomato/scene_02_step50/when_what_ours_what_only_thres_0-8_rand_0-4/exp_tomato_20260912_153340_029180.txt,2026-09-12 15:33:40,False,43,-25.0,21,17,0.3953488372093023,15.6589,,,1477592928,,PLAN FAILURE,,,,,,,,,50,8000,15.5665,0.362,0.0484,0.0011,0.0204,0.0005,0.0104,0.0002,0.012,0.0003,15.6586,0.3642,,,,,,,,,,,,
tomato,when_what,ours_what_only,0.8,scene_02,1440,/home/fr/brl/02_BRL_POMDP_CODE/experiments_logs/system_log/tomato/scene_02_step50/when_what_ours_what_only_thres_0-8_rand_0-4/exp_tomato_20260912_153354_245955.txt,2026-09-12 15:33:54,False,5,0.0,2,2,0.4,1.2791,,,742004455,,PLAN FAILURE,,,,,,,,,50,8000,1.2678,0.2536,0.0043,0.0009,0.0033,0.0007,0.0023,0.0005,0.0012,0.0002,1.2791,0.2558,,,,,,,,,,,,
tomato,when_what,ours_when_only,0.8,scene_02,1441,/home/fr/brl/02_BRL_POMDP_CODE/experiments_logs/system_log/tomato/scene_02_step50/when_what_ours_when_only_thres_0-8_rand_0-4/exp_tomato_20260912_151835_903976.txt,2026-09-12 15:18:35,True,26,-25.0,26,13,0.5,8.622,,,233361013,,GOAL DONE,,,,,,,,,50,8000,8.5661,0.3295,0.0262,0.001,0.0121,0.0005,0.0098,0.0004,0.007,0.0003,8.6218,0.3316,,,,,,,,,,,,
tomato,when_what,ours_when_only,0.8,scene_02,1442,/home/fr/brl/02_BRL_POMDP_CODE/experiments_logs/system_log/tomato/scene_02_step50/when_what_ours_when_only_thres_0-8_rand_0-4/exp_tomato_20260912_151904_148790.txt,2026-09-12 15:19:04,True,18,-5.0,20,7,0.3888888888888889,5.6175,,,3206958523,,GOAL DONE,,,,,,,,,50,8000,5.5769,0.3098,0.0162,0.0009,0.009,0.0005,0.0097,0.0005,0.0051,0.0003,5.6174,0.3121,,,,,,,,,,,,
tomato,when_what,ours_when_only,0.8,scene_02,1443,/home/fr/brl/02_BRL_POMDP_CODE/experiments_logs/system_log/tomato/scene_02_step50/when_what_ours_when_only_thres_0-8_rand_0-4/exp_tomato_20260912_151929_193458.txt,2026-09-12 15:19:29,True,19,0.0,22,8,0.42105263157894735,6.1974,,,2306136433,,GOAL DONE,,,,,,,,,50,8000,6.1559,0.324,0.018,0.0009,0.0091,0.0005,0.0086,0.0005,0.0053,0.0003,6.1973,0.3262,,,,,,,,,,,,
tomato,when_what,ours_when_only,0.8,scene_02,1444,/home/fr/brl/02_BRL_POMDP_CODE/experiments_logs/system_log/tomato/scene_02_step50/when_what_ours_when_only_thres_0-8_rand_0-4/exp_tomato_20260912_152000_364622.txt,2026-09-12 15:20:00,True,25,-25.0,40,14,0.56,8.2811,,,1150817657,,GOAL DONE,,,,,,,,,50,8000,8.2169,0.3287,0.0275,0.0011,0.0169,0.0007,0.0125,0.0005,0.0065,0.0003,8.281,0.3312,,,,,,,,,,,,
tomato,when_what,ours_when_only,0.8,scene_02,1445,/home/fr/brl/02_BRL_POMDP_CODE/experiments_logs/system_log/tomato/scene_02_step50/when_what_ours_when_only_thres_0-8_rand_0-4/exp_tomato_20260912_152029_731676.txt,2026-09-12 15:20:29,True,15,10.0,12,6,0.4,4.6091,,,418694264,,GOAL DONE,,,,,,,,,50,8000,4.5795,0.3053,0.0129,0.0009,0.0052,0.0003,0.0064,0.0004,0.0046,0.0003,4.609,0.3073,,,,,,,,,,,,
tomato,when_what,ours_when_only,0.8,scene_02,1446,/home/fr/brl/02_BRL_POMDP_CODE/experiments_logs/system_log/tomato/scene_02_step50/when_what_ours_when_only_thres_0-8_rand_0-4/exp_tomato_20260912_152059_502993.txt,2026-09-12 15:20:59,True,26,-30.0,54,17,0.6538461538461539,8.9002,,,2833878170,,GOAL DONE,,,,,,,,,50,8000,8.8223,0.3393,0.0315,0.0012,0.0225,0.0009,0.0167,0.0006,0.0065,0.0002,8.9001,0.3423,,,,,,,,,,,,
tomato,when_what,ours_when_only,0.8,scene_02,1447,/home/fr/brl/02_BRL_POMDP_CODE/experiments_logs/system_log/tomato/scene_02_step50/when_what_ours_when_only_thres_0-8_rand_0-4/exp_tomato_20260912_152123_253734.txt,2026-09-12 15:21:23,True,15,10.0,9,5,0.3333333333333333,4.5991,,,2876796507,,GOAL DONE,,,,,,,,,50,8000,4.5652,0.3043,0.0128,0.0009,0.0058,0.0004,0.0107,0.0007,0.0043,0.0003,4.599,0.3066,,,,,,,,,,,,
tomato,when_what,ours_when_only,0.8,scene_02,1448,/home/fr/brl/02_BRL_POMDP_CODE/experiments_logs/system_log/tomato/scene_02_step50/when_what_ours_when_only_thres_0-8_rand_0-4/exp_tomato_20260912_152146_207952.txt,2026-09-12 15:21:46,True,20,-10.0,17,9,0.45,6.6039,,,2661673954,,GOAL DONE,,,,,,,,,50,8000,6.5623,0.3281,0.0194,0.001,0.0088,0.0004,0.0067,0.0003,0.0062,0.0003,6.6037,0.3302,,,,,,,,,,,,
tomato,when_what,ours_when_only,0.8,scene_02,1449,/home/fr/brl/02_BRL_POMDP_CODE/experiments_logs/system_log/tomato/scene_02_step50/when_what_ours_when_only_thres_0-8_rand_0-4/exp_tomato_20260912_152207_809086.txt,2026-09-12 15:22:07,True,16,10.0,17,7,0.4375,4.9746,,,3533124505,,GOAL DONE,,,,,,,,,50,8000,4.9413,0.3088,0.0147,0.0009,0.0069,0.0004,0.0067,0.0004,0.0046,0.0003,4.9745,0.3109,,,,,,,,,,,,
tomato,when_what,ours_when_only,0.8,scene_02,1450,/home/fr/brl/02_BRL_POMDP_CODE/experiments_logs/system_log/tomato/scene_02_step50/when_what_ours_when_only_thres_0-8_rand_0-4/exp_tomato_20260912_152227_683550.txt,2026-09-12 15:22:27,True,14,20.0,12,5,0.35714285714285715,4.3011,,,3751400244,,GOAL DONE,,,,,,,,,50,8000,4.2727,0.3052,0.0122,0.0009,0.0052,0.0004,0.0065,0.0005,0.0042,0.0003,4.301,0.3072,,,,,,,,,,,,
tomato,when_what,ours_when_only,0.8,scene_02,1451,/home/fr/brl/02_BRL_POMDP_CODE/experiments_logs/system_log/tomato/scene_02_step50/when_what_ours_when_only_thres_0-8_rand_0-4/exp_tomato_20260912_152250_835409.txt,2026-09-12 15:22:50,True,20,0.0,24,8,0.4,5.8412,,,4031054018,,GOAL DONE,,,,,,,,,50,8000,5.793,0.2896,0.0177,0.0009,0.0122,0.0006,0.0124,0.0006,0.0054,0.0003,5.8411,0.2921,,,,,,,,,,,,
tomato,when_what,ours_when_only,0.8,scene_02,1452,/home/fr/brl/02_BRL_POMDP_CODE/experiments_logs/system_log/tomato/scene_02_step50/when_what_ours_when_only_thres_0-8_rand_0-4/exp_tomato_20260912_152313_335032.txt,2026-09-12 15:23:13,True,21,0.0,26,11,0.5238095238095238,7.1353,,,1337352578,,GOAL DONE,,,,,,,,,50,8000,7.0893,0.3376,0.0215,0.001,0.01,0.0005,0.0078,0.0004,0.0062,0.0003,7.1351,0.3398,,,,,,,,,,,,
tomato,when_what,ours_when_only,0.8,scene_02,1453,/home/fr/brl/02_BRL_POMDP_CODE/experiments_logs/system_log/tomato/scene_02_step50/when_what_ours_when_only_thres_0-8_rand_0-4/exp_tomato_20260912_152338_653567.txt,2026-09-12 15:23:38,True,17,-15.0,17,7,0.4117647058823529,5.5491,,,2571575672,,GOAL DONE,,,,,,,,,50,8000,5.5129,0.3243,0.0165,0.001,0.0073,0.0004,0.0071,0.0004,0.0049,0.0003,5.549,0.3264,,,,,,,,,,,,
tomato,when_what,ours_when_only,0.8,scene_02,1454,/home/fr/brl/02_BRL_POMDP_CODE/experiments_logs/system_log/tomato/scene_02_step50/when_what_ours_when_only_thres_0-8_rand_0-4/exp_tomato_20260912_152403_078098.txt,2026-09-12 15:24:03,True,22,10.0,31,11,0.5,7.3952,,,1903174235,,GOAL DONE,,,,,,,,,50,8000,7.3425,0.3338,0.0224,0.001,0.0128,0.0006,0.0111,0.0005,0.0058,0.0003,7.395,0.3361,,,,,,,,,,,,
tomato,when_what,ours_when_only,0.8,scene_02,1455,/home/fr/brl/02_BRL_POMDP_CODE/experiments_logs/system_log/tomato/scene_02_step50/when_what_ours_when_only_thres_0-8_rand_0-4/exp_tomato_20260912_152426_470468.txt,2026-09-12 15:24:26,True,15,5.0,15,7,0.4666666666666667,4.8606,,,1422635806,,GOAL DONE,,,,,,,,,50,8000,4.8297,0.322,0.0138,0.0009,0.0063,0.0004,0.0061,0.0004,0.0043,0.0003,4.8605,0.324,,,,,,,,,,,,
tomato,when_what,ours_when_only,0.8,scene_02,1456,/home/fr/brl/02_BRL_POMDP_CODE/experiments_logs/system_log/tomato/scene_02_step50/when_what_ours_when_only_thres_0-8_rand_0-4/exp_tomato_20260912_152454_210074.txt,2026-09-12 15:24:54,True,29,-25.0,24,12,0.41379310344827586,9.8931,,,559761095,,GOAL DONE,,,,,,,,,50,8000,9.8329,0.3391,0.0295,0.001,0.0121,0.0004,0.0101,0.0003,0.0077,0.0003,9.8929,0.3411,,,,,,,,,,,,
tomato,when_what,ours_when_only,0.8,scene_02,1457,/home/fr/brl/02_BRL_POMDP_CODE/experiments_logs/system_log/tomato/scene_02_step50/when_what_ours_when_only_thres_0-8_rand_0-4/exp_tomato_20260912_152520_310677.txt,2026-09-12 15:25:20,True,23,0.0,29,11,0.4782608695652174,7.4432,,,2324409209,,GOAL DONE,,,,,,,,,50,8000,7.3905,0.3213,0.0231,0.001,0.0118,0.0005,0.0108,0.0005,0.0064,0.0003,7.4431,0.3236,,,,,,,,,,,,
tomato,when_what,ours_when_only,0.8,scene_02,1458,/home/fr/brl/02_BRL_POMDP_CODE/experiments_logs/system_log/tomato/scene_02_step50/when_what_ours_when_only_thres_0-8_rand_0-4/exp_tomato_20260912_152536_832245.txt,2026-09-12 15:25:36,True,18,-10.0,19,10,0.5555555555555556,5.4495,,,474952343,,GOAL DONE,,,,,,,,,50,8000,5.4133,0.3007,0.017,0.0009,0.0072,0.0004,0.0065,0.0004,0.0051,0.0003,5.4494,0.3027,,,,,,,,,,,,
tomato,when_what,ours_when_only,0.8,scene_02,1459,/home/fr/brl/02_BRL_POMDP_CODE/experiments_logs/system_log/tomato/scene_02_step50/when_what_ours_when_only_thres_0-8_rand_0-4/exp_tomato_20260912_152556_655786.txt,2026-09-12 15:25:56,True,18,10.0,25,9,0.5,5.6634,,,1408900490,,GOAL DONE,,,,,,,,,50,8000,5.6176,0.3121,0.0174,0.001,0.012,0.0007,0.0111,0.0006,0.0048,0.0003,5.6633,0.3146,,,,,,,,,,,,
tomato,when_what,ours_when_only,0.8,scene_02,1460,/home/fr/brl/02_BRL_POMDP_CODE/experiments_logs/system_log/tomato/scene_02_step50/when_what_ours_when_only_thres_0-8_rand_0-4/exp_tomato_20260912_152618_405491.txt,2026-09-12 15:26:18,True,17,15.0,11,7,0.4117647058823529,4.9217,,,1969507524,,GOAL DONE,,,,,,,,,50,8000,4.8908,0.2877,0.0142,0.0008,0.0054,0.0003,0.0062,0.0004,0.0046,0.0003,4.9216,0.2895,,,,,,,,,,,,
tomato,when_what,ours_when_only,0.8,scene_02,1461,/home/fr/brl/02_BRL_POMDP_CODE/experiments_logs/system_log/tomato/scene_02_step50/when_what_ours_when_only_thres_0-8_rand_0-4/exp_tomato_20260912_152641_636163.txt,2026-09-12 15:26:41,True,17,15.0,22,9,0.5294117647058824,5.2599,,,850676597,,GOAL DONE,,,,,,,,,50,8000,5.2233,0.3073,0.0156,0.0009,0.007,0.0004,0.008,0.0005,0.0055,0.0003,5.2598,0.3094,,,,,,,,,,,,
tomato,when_what,ours_when_only,0.8,scene_02,1462,/home/fr/brl/02_BRL_POMDP_CODE/experiments_logs/system_log/tomato/scene_02_step50/when_what_ours_when_only_thres_0-8_rand_0-4/exp_tomato_20260912_152700_107601.txt,2026-09-12 15:27:00,True,13,0.0,13,5,0.38461538461538464,4.1128,,,464102713,,GOAL DONE,,,,,,,,,50,8000,4.0857,0.3143,0.0113,0.0009,0.005,0.0004,0.0063,0.0005,0.004,0.0003,4.1127,0.3164,,,,,,,,,,,,
tomato,when_what,ours_when_only,0.8,scene_02,1463,/home/fr/brl/02_BRL_POMDP_CODE/experiments_logs/system_log/tomato/scene_02_step50/when_what_ours_when_only_thres_0-8_rand_0-4/exp_tomato_20260912_152721_338591.txt,2026-09-12 15:27:21,True,23,-5.0,13,5,0.21739130434782608,7.6899,,,2639844527,,GOAL DONE,,,,,,,,,50,8000,7.6365,0.332,0.0272,0.0012,0.0118,0.0005,0.0061,0.0003,0.0077,0.0003,7.6898,0.3343,,,,,,,,,,,,
tomato,when_what,ours_when_only,0.8,scene_02,1464,/home/fr/brl/02_BRL_POMDP_CODE/experiments_logs/system_log/tomato/scene_02_step50/when_what_ours_when_only_thres_0-8_rand_0-4/exp_tomato_20260912_152743_754897.txt,2026-09-12 15:27:43,True,15,5.0,13,6,0.4,4.79,,,2567273034,,GOAL DONE,,,,,,,,,50,8000,4.7568,0.3171,0.0145,0.001,0.0072,0.0005,0.0067,0.0004,0.0043,0.0003,4.7899,0.3193,,,,,,,,,,,,
tomato,when_what,ours_when_only,0.8,scene_02,1465,/home/fr/brl/02_BRL_POMDP_CODE/experiments_logs/system_log/tomato/scene_02_step50/when_what_ours_when_only_thres_0-8_rand_0-4/exp_tomato_20260912_152805_553330.txt,2026-09-12 15:28:05,True,14,20.0,13,6,0.42857142857142855,4.4088,,,3815863427,,GOAL DONE,,,,,,,,,50,8000,4.3773,0.3127,0.0131,0.0009,0.0068,0.0005,0.0066,0.0005,0.0046,0.0003,4.4087,0.3149,,,,,,,,,,,,
tomato,when_what,ours_when_only,0.8,scene_02,1466,/home/fr/brl/02_BRL_POMDP_CODE/experiments_logs/system_log/tomato/scene_02_step50/when_what_ours_when_only_thres_0-8_rand_0-4/exp_tomato_20260912_152828_513867.txt,2026-09-12 15:28:28,True,16,-10.0,21,8,0.5,4.6949,,,2421989875,,GOAL DONE,,,,,,,,,50,8000,4.6588,0.2912,0.014,0.0009,0.0086,0.0005,0.0084,0.0005,0.0046,0.0003,4.6948,0.2934,,,,,,,,,,,,
tomato,when_what,ours_when_only,0.8,scene_02,1467,/home/fr/brl/02_BRL_POMDP_CODE/experiments_logs/system_log/tomato/scene_02_step50/when_what_ours_when_only_thres_0-8_rand_0-4/exp_tomato_20260912_152852_620383.txt,2026-09-12 15:28:52,True,21,0.0,24,9,0.42857142857142855,7.1107,,,790979284,,GOAL DONE,,,,,,,,,50,8000,7.0617,0.3363,0.021,0.001,0.0111,0.0005,0.0103,0.0005,0.0061,0.0003,7.1106,0.3386,,,,,,,,,,,,
tomato,when_what,ours_when_only,0.8,scene_02,1468,/home/fr/brl/02_BRL_POMDP_CODE/experiments_logs/system_log/tomato/scene_02_step50/when_what_ours_when_only_thres_0-8_rand_0-4/exp_tomato_20260912_152916_100419.txt,2026-09-12 15:29:16,True,16,15.0,13,5,0.3125,4.9197,,,484948157,,GOAL DONE,,,,,,,,,50,8000,4.8861,0.3054,0.0153,0.001,0.0067,0.0004,0.0063,0.0004,0.0048,0.0003,4.9196,0.3075,,,,,,,,,,,,
tomato,when_what,ours_when_only,0.8,scene_02,1469,/home/fr/brl/02_BRL_POMDP_CODE/experiments_logs/system_log/tomato/scene_02_step50/when_what_ours_when_only_thres_0-8_rand_0-4/exp_tomato_20260912_152938_509707.txt,2026-09-12 15:29:38,True,20,-5.0,18,9,0.45,6.7696,,,2138595888,,GOAL DONE,,,,,,,,,50,8000,6.7257,0.3363,0.0198,0.001,0.0099,0.0005,0.008,0.0004,0.0057,0.0003,6.7695,0.3385,,,,,,,,,,,,
tomato,when_what,ours_when_only,0.8,scene_02,1470,/home/fr/brl/02_BRL_POMDP_CODE/experiments_logs/system_log/tomato/scene_02_step50/when_what_ours_when_only_thres_0-8_rand_0-4/exp_tomato_20260912_153002_538746.txt,2026-09-12 15:30:02,True,16,5.0,15,7,0.4375,5.1185,,,63773712,,GOAL DONE,,,,,,,,,50,8000,5.0851,0.3178,0.0147,0.0009,0.007,0.0004,0.0066,0.0004,0.0046,0.0003,5.1184,0.3199,,,,,,,,,,,,
tomato,when_what,ours_when_only,0.8,scene_02,1471,/home/fr/brl/02_BRL_POMDP_CODE/experiments_logs/system_log/tomato/scene_02_step50/when_what_ours_when_only_thres_0-8_rand_0-4/exp_tomato_20260912_153024_198696.txt,2026-09-12 15:30:24,True,17,5.0,14,7,0.4117647058823529,5.2057,,,3662297998,,GOAL DONE,,,,,,,,,50,8000,5.1692,0.3041,0.0162,0.001,0.0081,0.0005,0.0068,0.0004,0.005,0.0003,5.2056,0.3062,,,,,,,,,,,,
tomato,when_what,ours_when_only,0.8,scene_02,1472,/home/fr/brl/02_BRL_POMDP_CODE/experiments_logs/system_log/tomato/scene_02_step50/when_what_ours_when_only_thres_0-8_rand_0-4/exp_tomato_20260912_153044_182968.txt,2026-09-12 15:30:44,True,14,10.0,16,6,0.42857142857142855,4.5708,,,3249674493,,GOAL DONE,,,,,,,,,50,8000,4.5398,0.3243,0.013,0.0009,0.0069,0.0005,0.0071,0.0005,0.0037,0.0003,4.5708,0.3265,,,,,,,,,,,,
tomato,when_what,ours_when_only,0.8,scene_02,1473,/home/fr/brl/02_BRL_POMDP_CODE/experiments_logs/system_log/tomato/scene_02_step50/when_what_ours_when_only_thres_0-8_rand_0-4/exp_tomato_20260912_153104_171801.txt,2026-09-12 15:31:04,True,20,0.0,11,9,0.45,6.2178,,,4007070013,,GOAL DONE,,,,,,,,,50,8000,6.181,0.3091,0.0179,0.0009,0.0067,0.0003,0.0057,0.0003,0.0059,0.0003,6.2176,0.3109,,,,,,,,,,,,
tomato,when_what,ours_when_only,0.8,scene_02,1474,/home/fr/brl/02_BRL_POMDP_CODE/experiments_logs/system_log/tomato/scene_02_step50/when_what_ours_when_only_thres_0-8_rand_0-4/exp_tomato_20260912_153127_106392.txt,2026-09-12 15:31:27,True,14,20.0,14,6,0.42857142857142855,4.6392,,,2886041855,,GOAL DONE,,,,,,,,,50,8000,4.6082,0.3292,0.0131,0.0009,0.0063,0.0004,0.0066,0.0005,0.0046,0.0003,4.6391,0.3314,,,,,,,,,,,,
tomato,when_what,ours_when_only,0.8,scene_02,1475,/home/fr/brl/02_BRL_POMDP_CODE/experiments_logs/system_log/tomato/scene_02_step50/when_what_ours_when_only_thres_0-8_rand_0-4/exp_tomato_20260912_153155_630059.txt,2026-09-12 15:31:55,True,39,-50.0,36,18,0.46153846153846156,13.909,,,2293168667,,GOAL DONE,,,,,,,,,50,8000,13.8198,0.3544,0.0438,0.0011,0.0212,0.0005,0.0126,0.0003,0.0103,0.0003,13.9087,0.3566,,,,,,,,,,,,
tomato,when_what,ours_when_only,0.8,scene_02,1476,/home/fr/brl/02_BRL_POMDP_CODE/experiments_logs/system_log/tomato/scene_02_step50/when_what_ours_when_only_thres_0-8_rand_0-4/exp_tomato_20260912_153221_408805.txt,2026-09-12 15:32:21,True,20,10.0,28,9,0.45,6.4788,,,3887351210,,GOAL DONE,,,,,,,,,50,8000,6.4306,0.3215,0.0205,0.001,0.0109,0.0005,0.0098,0.0005,0.0066,0.0003,6.4787,0.3239,,,,,,,,,,,,
tomato,when_what,ours_when_only,0.8,scene_02,1477,/home/fr/brl/02_BRL_POMDP_CODE/experiments_logs/system_log/tomato/scene_02_step50/when_what_ours_when_only_thres_0-8_rand_0-4/exp_tomato_20260912_153242_993563.txt,2026-09-12 15:32:42,True,15,10.0,11,5,0.3333333333333333,4.4878,,,2318091321,,GOAL DONE,,,,,,,,,50,8000,4.4589,0.2973,0.0129,0.0009,0.0054,0.0004,0.0057,0.0004,0.0045,0.0003,4.4877,0.2992,,,,,,,,,,,,
tomato,when_what,ours_when_only,0.8,scene_02,1478,/home/fr/brl/02_BRL_POMDP_CODE/experiments_logs/system_log/tomato/scene_02_step50/when_what_ours_when_only_thres_0-8_rand_0-4/exp_tomato_20260912_153303_731339.txt,2026-09-12 15:33:03,True,15,0.0,17,6,0.4,4.9184,,,1919828458,,GOAL DONE,,,,,,,,,50,8000,4.8836,0.3256,0.0149,0.001,0.0078,0.0005,0.0077,0.0005,0.0041,0.0003,4.9183,0.3279,,,,,,,,,,,,
tomato,when_what,ours_when_only,0.8,scene_02,1479,/home/fr/brl/02_BRL_POMDP_CODE/experiments_logs/system_log/tomato/scene_02_step50/when_what_ours_when_only_thres_0-8_rand_0-4/exp_tomato_20260912_153324_244342.txt,2026-09-12 15:33:24,True,14,20.0,10,6,0.42857142857142855,4.1927,,,1477592928,,GOAL DONE,,,,,,,,,50,8000,4.1655,0.2975,0.0122,0.0009,0.0051,0.0004,0.0059,0.0004,0.0037,0.0003,4.1926,0.2995,,,,,,,,,,,,
tomato,when_what,ours_when_only,0.8,scene_02,1480,/home/fr/brl/02_BRL_POMDP_CODE/experiments_logs/system_log/tomato/scene_02_step50/when_what_ours_when_only_thres_0-8_rand_0-4/exp_tomato_20260912_153352_838250.txt,2026-09-12 15:33:52,True,17,-10.0,11,6,0.35294117647058826,5.6014,,,742004455,,GOAL DONE,,,,,,,,,50,8000,5.5692,0.3276,0.0148,0.0009,0.0056,0.0003,0.0062,0.0004,0.0052,0.0003,5.6013,0.3295,,,,,,,,,,,,
tomato,when_what,random,0.8,scene_02,1481,/home/fr/brl/02_BRL_POMDP_CODE/experiments_logs/system_log/tomato/scene_02_step50/when_what_random_thres_0-8_rand_0-4/exp_tomato_20260912_151827_156663.txt,2026-09-12 15:18:27,False,22,-30.0,20,8,0.36363636363636365,7.2137,,,233361013,,PLAN FAILURE,,,,,,,,,50,8000,7.1652,0.3257,0.023,0.001,0.0116,0.0005,0.0081,0.0004,0.0053,0.0002,7.2136,0.3279,,,,,,,,,,,,
tomato,when_what,random,0.8,scene_02,1482,/home/fr/brl/02_BRL_POMDP_CODE/experiments_logs/system_log/tomato/scene_02_step50/when_what_random_thres_0-8_rand_0-4/exp_tomato_20260912_151858_395332.txt,2026-09-12 15:18:58,True,20,-10.0,16,6,0.3,6.132,,,3206958523,,GOAL DONE,,,,,,,,,50,8000,6.0896,0.3045,0.0174,0.0009,0.0091,0.0005,0.0094,0.0005,0.0059,0.0003,6.1319,0.3066,,,,,,,,,,,,
tomato,when_what,random,0.8,scene_02,1483,/home/fr/brl/02_BRL_POMDP_CODE/experiments_logs/system_log/tomato/scene_02_step50/when_what_random_thres_0-8_rand_0-4/exp_tomato_20260912_151922_864308.txt,2026-09-12 15:19:22,True,20,-10.0,14,7,0.35,6.9535,,,2306136433,,GOAL DONE,,,,,,,,,50,8000,6.9073,0.3454,0.0217,0.0011,0.0131,0.0007,0.0057,0.0003,0.0051,0.0003,6.9534,0.3477,,,,,,,,,,,,
tomato,when_what,random,0.8,scene_02,1484,/home/fr/brl/02_BRL_POMDP_CODE/experiments_logs/system_log/tomato/scene_02_step50/when_what_random_thres_0-8_rand_0-4/exp_tomato_20260912_151951_954137.txt,2026-09-12 15:19:51,True,28,-20.0,19,10,0.35714285714285715,9.2932,,,1150817657,,GOAL DONE,,,,,,,,,50,8000,9.2322,0.3297,0.0302,0.0011,0.0151,0.0005,0.0075,0.0003,0.0074,0.0003,9.293,0.3319,,,,,,,,,,,,
tomato,when_what,random,0.8,scene_02,1485,/home/fr/brl/02_BRL_POMDP_CODE/experiments_logs/system_log/tomato/scene_02_step50/when_what_random_thres_0-8_rand_0-4/exp_tomato_20260912_152024_993444.txt,2026-09-12 15:20:24,True,21,-5.0,20,13,0.6190476190476191,6.6063,,,418694264,,GOAL DONE,,,,,,,,,50,8000,6.5638,0.3126,0.0187,0.0009,0.0098,0.0005,0.0079,0.0004,0.0055,0.0003,6.6062,0.3146,,,,,,,,,,,,
tomato,when_what,random,0.8,scene_02,1486,/home/fr/brl/02_BRL_POMDP_CODE/experiments_logs/system_log/tomato/scene_02_step50/when_what_random_thres_0-8_rand_0-4/exp_tomato_20260912_152050_469691.txt,2026-09-12 15:20:50,False,15,-20.0,23,7,0.4666666666666667,5.1333,,,2833878170,,PLAN FAILURE,,,,,,,,,50,8000,5.0865,0.3391,0.0182,0.0012,0.0144,0.001,0.0099,0.0007,0.004,0.0003,5.1332,0.3422,,,,,,,,,,,,
tomato,when_what,random,0.8,scene_02,1487,/home/fr/brl/02_BRL_POMDP_CODE/experiments_logs/system_log/tomato/scene_02_step50/when_what_random_thres_0-8_rand_0-4/exp_tomato_20260912_152118_533796.txt,2026-09-12 15:21:18,True,15,10.0,13,8,0.5333333333333333,4.5226,,,2876796507,,GOAL DONE,,,,,,,,,50,8000,4.4885,0.2992,0.0129,0.0009,0.0055,0.0004,0.0109,0.0007,0.0043,0.0003,4.5225,0.3015,,,,,,,,,,,,
tomato,when_what,random,0.8,scene_02,1488,/home/fr/brl/02_BRL_POMDP_CODE/experiments_logs/system_log/tomato/scene_02_step50/when_what_random_thres_0-8_rand_0-4/exp_tomato_20260912_152139_480632.txt,2026-09-12 15:21:39,True,20,-10.0,10,7,0.35,6.6359,,,2661673954,,GOAL DONE,,,,,,,,,50,8000,6.5964,0.3298,0.0198,0.001,0.009,0.0005,0.0041,0.0002,0.0059,0.0003,6.6357,0.3318,,,,,,,,,,,,
tomato,when_what,random,0.8,scene_02,1489,/home/fr/brl/02_BRL_POMDP_CODE/experiments_logs/system_log/tomato/scene_02_step50/when_what_random_thres_0-8_rand_0-4/exp_tomato_20260912_152202_732041.txt,2026-09-12 15:22:02,False,9,10.0,9,4,0.4444444444444444,2.8007,,,3533124505,,PLAN FAILURE,,,,,,,,,50,8000,2.7801,0.3089,0.0082,0.0009,0.0053,0.0006,0.0048,0.0005,0.0021,0.0002,2.8007,0.3112,,,,,,,,,,,,
tomato,when_what,random,0.8,scene_02,1490,/home/fr/brl/02_BRL_POMDP_CODE/experiments_logs/system_log/tomato/scene_02_step50/when_what_random_thres_0-8_rand_0-4/exp_tomato_20260912_152223_252298.txt,2026-09-12 15:22:23,False,21,15.0,4,4,0.19047619047619047,7.1453,,,3751400244,,PLAN FAILURE,,,,,,,,,50,8000,7.106,0.3384,0.0204,0.001,0.0083,0.0004,0.0039,0.0002,0.006,0.0003,7.1451,0.3402,,,,,,,,,,,,
tomato,when_what,random,0.8,scene_02,1491,/home/fr/brl/02_BRL_POMDP_CODE/experiments_logs/system_log/tomato/scene_02_step50/when_what_random_thres_0-8_rand_0-4/exp_tomato_20260912_152244_862909.txt,2026-09-12 15:22:44,False,18,5.0,17,10,0.5555555555555556,5.4436,,,4031054018,,PLAN FAILURE,,,,,,,,,50,8000,5.3977,0.2999,0.0172,0.001,0.0104,0.0006,0.0133,0.0007,0.0046,0.0003,5.4435,0.3024,,,,,,,,,,,,
tomato,when_what,random,0.8,scene_02,1492,/home/fr/brl/02_BRL_POMDP_CODE/experiments_logs/system_log/tomato/scene_02_step50/when_what_random_thres_0-8_rand_0-4/exp_tomato_20260912_152306_072014.txt,2026-09-12 15:23:06,True,16,-5.0,5,5,0.3125,4.8153,,,1337352578,,GOAL DONE,,,,,,,,,50,8000,4.7883,0.2993,0.0135,0.0008,0.0054,0.0003,0.0033,0.0002,0.0043,0.0003,4.8152,0.3009,,,,,,,,,,,,
tomato,when_what,random,0.8,scene_02,1493,/home/fr/brl/02_BRL_POMDP_CODE/experiments_logs/system_log/tomato/scene_02_step50/when_what_random_thres_0-8_rand_0-4/exp_tomato_20260912_152332_972397.txt,2026-09-12 15:23:32,True,17,-15.0,10,3,0.17647058823529413,5.3748,,,2571575672,,GOAL DONE,,,,,,,,,50,8000,5.3403,0.3141,0.0161,0.0009,0.0073,0.0004,0.0062,0.0004,0.0045,0.0003,5.3747,0.3162,,,,,,,,,,,,
tomato,when_what,random,0.8,scene_02,1494,/home/fr/brl/02_BRL_POMDP_CODE/experiments_logs/system_log/tomato/scene_02_step50/when_what_random_thres_0-8_rand_0-4/exp_tomato_20260912_152355_549946.txt,2026-09-12 15:23:55,True,17,5.0,10,4,0.23529411764705882,5.426,,,1903174235,,GOAL DONE,,,,,,,,,50,8000,5.3915,0.3171,0.0164,0.001,0.0086,0.0005,0.0046,0.0003,0.0044,0.0003,5.4259,0.3192,,,,,,,,,,,,
tomato,when_what,random,0.8,scene_02,1495,/home/fr/brl/02_BRL_POMDP_CODE/experiments_logs/system_log/tomato/scene_02_step50/when_what_random_thres_0-8_rand_0-4/exp_tomato_20260912_152421_476495.txt,2026-09-12 15:24:21,True,16,10.0,16,10,0.625,5.293,,,1422635806,,GOAL DONE,,,,,,,,,50,8000,5.2593,0.3287,0.0155,0.001,0.0074,0.0005,0.006,0.0004,0.0043,0.0003,5.2929,0.3308,,,,,,,,,,,,
tomato,when_what,random,0.8,scene_02,1496,/home/fr/brl/02_BRL_POMDP_CODE/experiments_logs/system_log/tomato/scene_02_step50/when_what_random_thres_0-8_rand_0-4/exp_tomato_20260912_152444_188773.txt,2026-09-12 15:24:44,True,20,-15.0,6,5,0.25,6.946,,,559761095,,GOAL DONE,,,,,,,,,50,8000,6.9072,0.3454,0.0199,0.001,0.0092,0.0005,0.0038,0.0002,0.0052,0.0003,6.9459,0.3473,,,,,,,,,,,,
tomato,when_what,random,0.8,scene_02,1497,/home/fr/brl/02_BRL_POMDP_CODE/experiments_logs/system_log/tomato/scene_02_step50/when_what_random_thres_0-8_rand_0-4/exp_tomato_20260912_152512_743122.txt,2026-09-12 15:25:12,False,5,0.0,2,2,0.4,1.4603,,,2324409209,,PLAN FAILURE,,,,,,,,,50,8000,1.4496,0.2899,0.0041,0.0008,0.0033,0.0007,0.0022,0.0004,0.0011,0.0002,1.4603,0.2921,,,,,,,,,,,,
tomato,when_what,random,0.8,scene_02,1498,/home/fr/brl/02_BRL_POMDP_CODE/experiments_logs/system_log/tomato/scene_02_step50/when_what_random_thres_0-8_rand_0-4/exp_tomato_20260912_152531_257231.txt,2026-09-12 15:25:31,False,7,0.0,3,3,0.42857142857142855,1.7378,,,474952343,,PLAN FAILURE,,,,,,,,,50,8000,1.7244,0.2463,0.0058,0.0008,0.0034,0.0005,0.0022,0.0003,0.0018,0.0003,1.7378,0.2483,,,,,,,,,,,,
tomato,when_what,random,0.8,scene_02,1499,/home/fr/brl/02_BRL_POMDP_CODE/experiments_logs/system_log/tomato/scene_02_step50/when_what_random_thres_0-8_rand_0-4/exp_tomato_20260912_152550_857578.txt,2026-09-12 15:25:50,True,18,10.0,14,9,0.5,5.6376,,,1408900490,,GOAL DONE,,,,,,,,,50,8000,5.5963,0.3109,0.0173,0.001,0.0119,0.0007,0.007,0.0004,0.0047,0.0003,5.6375,0.3132,,,,,,,,,,,,
tomato,when_what,random,0.8,scene_02,1500,/home/fr/brl/02_BRL_POMDP_CODE/experiments_logs/system_log/tomato/scene_02_step50/when_what_random_thres_0-8_rand_0-4/exp_tomato_20260912_152613_354374.txt,2026-09-12 15:26:13,True,17,15.0,4,4,0.23529411764705882,4.9485,,,1969507524,,GOAL DONE,,,,,,,,,50,8000,4.9195,0.2894,0.0143,0.0008,0.0058,0.0003,0.0034,0.0002,0.0051,0.0003,4.9484,0.2911,,,,,,,,,,,,
tomato,when_what,random,0.8,scene_02,1501,/home/fr/brl/02_BRL_POMDP_CODE/experiments_logs/system_log/tomato/scene_02_step50/when_what_random_thres_0-8_rand_0-4/exp_tomato_20260912_152636_246937.txt,2026-09-12 15:26:36,True,23,0.0,14,8,0.34782608695652173,7.4102,,,850676597,,GOAL DONE,,,,,,,,,50,8000,7.3608,0.32,0.0231,0.001,0.0126,0.0005,0.0069,0.0003,0.0061,0.0003,7.41,0.3222,,,,,,,,,,,,
tomato,when_what,random,0.8,scene_02,1502,/home/fr/brl/02_BRL_POMDP_CODE/experiments_logs/system_log/tomato/scene_02_step50/when_what_random_thres_0-8_rand_0-4/exp_tomato_20260912_152655_868356.txt,2026-09-12 15:26:55,True,13,0.0,6,4,0.3076923076923077,4.1193,,,464102713,,GOAL DONE,,,,,,,,,50,8000,4.0949,0.315,0.0116,0.0009,0.0051,0.0004,0.0032,0.0002,0.0041,0.0003,4.1192,0.3169,,,,,,,,,,,,
tomato,when_what,random,0.8,scene_02,1503,/home/fr/brl/02_BRL_POMDP_CODE/experiments_logs/system_log/tomato/scene_02_step50/when_what_random_thres_0-8_rand_0-4/exp_tomato_20260912_152713_519136.txt,2026-09-12 15:27:13,True,16,-15.0,13,7,0.4375,4.7542,,,2639844527,,GOAL DONE,,,,,,,,,50,8000,4.72,0.295,0.0141,0.0009,0.0081,0.0005,0.0063,0.0004,0.0052,0.0003,4.7541,0.2971,,,,,,,,,,,,
tomato,when_what,random,0.8,scene_02,1504,/home/fr/brl/02_BRL_POMDP_CODE/experiments_logs/system_log/tomato/scene_02_step50/when_what_random_thres_0-8_rand_0-4/exp_tomato_20260912_152738_836230.txt,2026-09-12 15:27:38,True,15,5.0,12,9,0.6,4.7637,,,2567273034,,GOAL DONE,,,,,,,,,50,8000,4.7332,0.3155,0.0145,0.001,0.0071,0.0005,0.0041,0.0003,0.0045,0.0003,4.7636,0.3176,,,,,,,,,,,,
tomato,when_what,random,0.8,scene_02,1505,/home/fr/brl/02_BRL_POMDP_CODE/experiments_logs/system_log/tomato/scene_02_step50/when_what_random_thres_0-8_rand_0-4/exp_tomato_20260912_152801_015115.txt,2026-09-12 15:28:01,True,22,-5.0,9,8,0.36363636363636365,7.3802,,,3815863427,,GOAL DONE,,,,,,,,,50,8000,7.3392,0.3336,0.0206,0.0009,0.0076,0.0003,0.0045,0.0002,0.0077,0.0003,7.38,0.3355,,,,,,,,,,,,
tomato,when_what,random,0.8,scene_02,1506,/home/fr/brl/02_BRL_POMDP_CODE/experiments_logs/system_log/tomato/scene_02_step50/when_what_random_thres_0-8_rand_0-4/exp_tomato_20260912_152823_690683.txt,2026-09-12 15:28:23,True,19,-5.0,21,10,0.5263157894736842,6.028,,,2421989875,,GOAL DONE,,,,,,,,,50,8000,5.9902,0.3153,0.0172,0.0009,0.0067,0.0004,0.0072,0.0004,0.0062,0.0003,6.0279,0.3173,,,,,,,,,,,,
tomato,when_what,random,0.8,scene_02,1507,/home/fr/brl/02_BRL_POMDP_CODE/experiments_logs/system_log/tomato/scene_02_step50/when_what_random_thres_0-8_rand_0-4/exp_tomato_20260912_152845_373559.txt,2026-09-12 15:28:45,True,19,25.0,2,2,0.10526315789473684,5.6792,,,790979284,,GOAL DONE,,,,,,,,,50,8000,5.6389,0.2968,0.0184,0.001,0.0111,0.0006,0.0033,0.0002,0.0069,0.0004,5.6791,0.2989,,,,,,,,,,,,
tomato,when_what,random,0.8,scene_02,1508,/home/fr/brl/02_BRL_POMDP_CODE/experiments_logs/system_log/tomato/scene_02_step50/when_what_random_thres_0-8_rand_0-4/exp_tomato_20260912_152911_053961.txt,2026-09-12 15:29:11,True,16,15.0,11,9,0.5625,5.0884,,,484948157,,GOAL DONE,,,,,,,,,50,8000,5.0539,0.3159,0.0159,0.001,0.0092,0.0006,0.0039,0.0002,0.0051,0.0003,5.0883,0.318,,,,,,,,,,,,
tomato,when_what,random,0.8,scene_02,1509,/home/fr/brl/02_BRL_POMDP_CODE/experiments_logs/system_log/tomato/scene_02_step50/when_what_random_thres_0-8_rand_0-4/exp_tomato_20260912_152931_609091.txt,2026-09-12 15:29:31,False,15,10.0,9,5,0.3333333333333333,4.8989,,,2138595888,,PLAN FAILURE,,,,,,,,,50,8000,4.8655,0.3244,0.0148,0.001,0.0087,0.0006,0.0054,0.0004,0.0041,0.0003,4.8988,0.3266,,,,,,,,,,,,
tomato,when_what,random,0.8,scene_02,1510,/home/fr/brl/02_BRL_POMDP_CODE/experiments_logs/system_log/tomato/scene_02_step50/when_what_random_thres_0-8_rand_0-4/exp_tomato_20260912_152957_294937.txt,2026-09-12 15:29:57,True,16,5.0,18,8,0.5,5.1611,,,63773712,,GOAL DONE,,,,,,,,,50,8000,5.1279,0.3205,0.0146,0.0009,0.0071,0.0004,0.0068,0.0004,0.0043,0.0003,5.161,0.3226,,,,,,,,,,,,
tomato,when_what,random,0.8,scene_02,1511,/home/fr/brl/02_BRL_POMDP_CODE/experiments_logs/system_log/tomato/scene_02_step50/when_what_random_thres_0-8_rand_0-4/exp_tomato_20260912_153018_863057.txt,2026-09-12 15:30:18,True,16,20.0,14,8,0.5,4.9159,,,3662297998,,GOAL DONE,,,,,,,,,50,8000,4.8779,0.3049,0.0149,0.0009,0.0074,0.0005,0.0104,0.0006,0.0049,0.0003,4.9158,0.3072,,,,,,,,,,,,
tomato,when_what,random,0.8,scene_02,1512,/home/fr/brl/02_BRL_POMDP_CODE/experiments_logs/system_log/tomato/scene_02_step50/when_what_random_thres_0-8_rand_0-4/exp_tomato_20260912_153039_481968.txt,2026-09-12 15:30:39,True,15,20.0,14,5,0.3333333333333333,4.5602,,,3249674493,,GOAL DONE,,,,,,,,,50,8000,4.5261,0.3017,0.0148,0.001,0.0071,0.0005,0.0073,0.0005,0.0046,0.0003,4.5601,0.304,,,,,,,,,,,,
tomato,when_what,random,0.8,scene_02,1513,/home/fr/brl/02_BRL_POMDP_CODE/experiments_logs/system_log/tomato/scene_02_step50/when_what_random_thres_0-8_rand_0-4/exp_tomato_20260912_153057_824912.txt,2026-09-12 15:30:57,False,14,10.0,9,7,0.5,4.2195,,,4007070013,,PLAN FAILURE,,,,,,,,,50,8000,4.1911,0.2994,0.0133,0.0009,0.006,0.0004,0.005,0.0004,0.0037,0.0003,4.2194,0.3014,,,,,,,,,,,,
tomato,when_what,random,0.8,scene_02,1514,/home/fr/brl/02_BRL_POMDP_CODE/experiments_logs/system_log/tomato/scene_02_step50/when_what_random_thres_0-8_rand_0-4/exp_tomato_20260912_153122_339225.txt,2026-09-12 15:31:22,True,21,10.0,14,10,0.47619047619047616,7.3075,,,2886041855,,GOAL DONE,,,,,,,,,50,8000,7.264,0.3459,0.0215,0.001,0.0108,0.0005,0.0048,0.0002,0.0059,0.0003,7.3074,0.348,,,,,,,,,,,,
tomato,when_what,random,0.8,scene_02,1515,/home/fr/brl/02_BRL_POMDP_CODE/experiments_logs/system_log/tomato/scene_02_step50/when_what_random_thres_0-8_rand_0-4/exp_tomato_20260912_153141_596876.txt,2026-09-12 15:31:41,False,8,10.0,2,2,0.25,2.2311,,,2293168667,,PLAN FAILURE,,,,,,,,,50,8000,2.2164,0.277,0.0064,0.0008,0.0036,0.0004,0.0025,0.0003,0.0021,0.0003,2.2311,0.2789,,,,,,,,,,,,
tomato,when_what,random,0.8,scene_02,1516,/home/fr/brl/02_BRL_POMDP_CODE/experiments_logs/system_log/tomato/scene_02_step50/when_what_random_thres_0-8_rand_0-4/exp_tomato_20260912_153214_801568.txt,2026-09-12 15:32:14,True,18,10.0,14,7,0.3888888888888889,5.346,,,3887351210,,GOAL DONE,,,,,,,,,50,8000,5.3095,0.295,0.0171,0.001,0.0089,0.0005,0.0052,0.0003,0.0048,0.0003,5.3458,0.297,,,,,,,,,,,,
tomato,when_what,random,0.8,scene_02,1517,/home/fr/brl/02_BRL_POMDP_CODE/experiments_logs/system_log/tomato/scene_02_step50/when_what_random_thres_0-8_rand_0-4/exp_tomato_20260912_153238_371801.txt,2026-09-12 15:32:38,True,15,10.0,6,4,0.26666666666666666,4.5253,,,2318091321,,GOAL DONE,,,,,,,,,50,8000,4.4982,0.2999,0.013,0.0009,0.0055,0.0004,0.0036,0.0002,0.0046,0.0003,4.5252,0.3017,,,,,,,,,,,,
tomato,when_what,random,0.8,scene_02,1518,/home/fr/brl/02_BRL_POMDP_CODE/experiments_logs/system_log/tomato/scene_02_step50/when_what_random_thres_0-8_rand_0-4/exp_tomato_20260912_153258_684273.txt,2026-09-12 15:32:58,True,19,10.0,6,6,0.3157894736842105,6.4498,,,1919828458,,GOAL DONE,,,,,,,,,50,8000,6.4117,0.3375,0.0196,0.001,0.0095,0.0005,0.0036,0.0002,0.005,0.0003,6.4497,0.3395,,,,,,,,,,,,
tomato,when_what,random,0.8,scene_02,1519,/home/fr/brl/02_BRL_POMDP_CODE/experiments_logs/system_log/tomato/scene_02_step50/when_what_random_thres_0-8_rand_0-4/exp_tomato_20260912_153319_923094.txt,2026-09-12 15:33:19,True,15,25.0,9,6,0.4,4.4433,,,1477592928,,GOAL DONE,,,,,,,,,50,8000,4.4105,0.294,0.0176,0.0012,0.0052,0.0003,0.0057,0.0004,0.004,0.0003,4.4432,0.2962,,,,,,,,,,,,
tomato,when_what,random,0.8,scene_02,1520,/home/fr/brl/02_BRL_POMDP_CODE/experiments_logs/system_log/tomato/scene_02_step50/when_what_random_thres_0-8_rand_0-4/exp_tomato_20260912_153347_107852.txt,2026-09-12 15:33:47,False,5,0.0,2,2,0.4,1.2944,,,742004455,,PLAN FAILURE,,,,,,,,,50,8000,1.2833,0.2567,0.0042,0.0008,0.0033,0.0007,0.0022,0.0004,0.0014,0.0003,1.2944,0.2589,,,,,,,,,,,,
tomato,when_what,ours,0.8,scene_03,2121,/home/fr/brl/02_BRL_POMDP_CODE/experiments_logs/system_log/tomato/scene_03_step50/when_what_ours_thres_0-8_rand_0-4/exp_tomato_20260912_153417_640146.txt,2026-09-12 15:34:17,True,15,20.0,15,7,0.4666666666666667,4.8512,,,2973460405,,GOAL DONE,,,,,,,,,50,8000,4.8152,0.321,0.0155,0.001,0.0079,0.0005,0.0079,0.0005,0.0042,0.0003,4.8511,0.3234,,,,,,,,,,,,
tomato,when_what,ours,0.8,scene_03,2122,/home/fr/brl/02_BRL_POMDP_CODE/experiments_logs/system_log/tomato/scene_03_step50/when_what_ours_thres_0-8_rand_0-4/exp_tomato_20260912_153455_067066.txt,2026-09-12 15:34:55,True,25,-5.0,19,10,0.4,8.2901,,,2984508209,,GOAL DONE,,,,,,,,,50,8000,8.236,0.3294,0.0252,0.001,0.0114,0.0005,0.009,0.0004,0.0078,0.0003,8.2899,0.3316,,,,,,,,,,,,
tomato,when_what,ours,0.8,scene_03,2123,/home/fr/brl/02_BRL_POMDP_CODE/experiments_logs/system_log/tomato/scene_03_step50/when_what_ours_thres_0-8_rand_0-4/exp_tomato_20260912_153518_999969.txt,2026-09-12 15:35:18,True,14,10.0,12,6,0.42857142857142855,4.466,,,3328359470,,GOAL DONE,,,,,,,,,50,8000,4.4343,0.3167,0.0132,0.0009,0.0067,0.0005,0.0072,0.0005,0.0041,0.0003,4.4659,0.319,,,,,,,,,,,,
tomato,when_what,ours,0.8,scene_03,2124,/home/fr/brl/02_BRL_POMDP_CODE/experiments_logs/system_log/tomato/scene_03_step50/when_what_ours_thres_0-8_rand_0-4/exp_tomato_20260912_153536_606132.txt,2026-09-12 15:35:36,True,17,5.0,12,7,0.4117647058823529,5.2065,,,2542173252,,GOAL DONE,,,,,,,,,50,8000,5.1689,0.3041,0.0171,0.001,0.0079,0.0005,0.0071,0.0004,0.0051,0.0003,5.2064,0.3063,,,,,,,,,,,,
tomato,when_what,ours,0.8,scene_03,2125,/home/fr/brl/02_BRL_POMDP_CODE/experiments_logs/system_log/tomato/scene_03_step50/when_what_ours_thres_0-8_rand_0-4/exp_tomato_20260912_153600_002362.txt,2026-09-12 15:36:00,True,16,5.0,14,8,0.5,5.0995,,,1895575310,,GOAL DONE,,,,,,,,,50,8000,5.059,0.3162,0.0164,0.001,0.0093,0.0006,0.0088,0.0006,0.0056,0.0003,5.0994,0.3187,,,,,,,,,,,,
tomato,when_what,ours,0.8,scene_03,2126,/home/fr/brl/02_BRL_POMDP_CODE/experiments_logs/system_log/tomato/scene_03_step50/when_what_ours_thres_0-8_rand_0-4/exp_tomato_20260912_153621_188922.txt,2026-09-12 15:36:21,True,17,10.0,12,7,0.4117647058823529,5.1336,,,3142806667,,GOAL DONE,,,,,,,,,50,8000,5.0979,0.2999,0.0158,0.0009,0.0071,0.0004,0.007,0.0004,0.0053,0.0003,5.1335,0.302,,,,,,,,,,,,
tomato,when_what,ours,0.8,scene_03,2127,/home/fr/brl/02_BRL_POMDP_CODE/experiments_logs/system_log/tomato/scene_03_step50/when_what_ours_thres_0-8_rand_0-4/exp_tomato_20260912_153634_269022.txt,2026-09-12 15:36:34,True,15,15.0,14,7,0.4666666666666667,4.8065,,,1700967682,,GOAL DONE,,,,,,,,,50,8000,4.7687,0.3179,0.0143,0.001,0.01,0.0007,0.0091,0.0006,0.004,0.0003,4.8064,0.3204,,,,,,,,,,,,
tomato,when_what,ours,0.8,scene_03,2128,/home/fr/brl/02_BRL_POMDP_CODE/experiments_logs/system_log/tomato/scene_03_step50/when_what_ours_thres_0-8_rand_0-4/exp_tomato_20260912_153658_240444.txt,2026-09-12 15:36:58,True,18,15.0,17,9,0.5,5.8354,,,3374813224,,GOAL DONE,,,,,,,,,50,8000,5.7914,0.3217,0.0182,0.001,0.0107,0.0006,0.0093,0.0005,0.0053,0.0003,5.8353,0.3242,,,,,,,,,,,,
tomato,when_what,ours,0.8,scene_03,2129,/home/fr/brl/02_BRL_POMDP_CODE/experiments_logs/system_log/tomato/scene_03_step50/when_what_ours_thres_0-8_rand_0-4/exp_tomato_20260912_153718_127727.txt,2026-09-12 15:37:18,True,15,25.0,9,5,0.3333333333333333,4.8854,,,2230064310,,GOAL DONE,,,,,,,,,50,8000,4.853,0.3235,0.0141,0.0009,0.0064,0.0004,0.0063,0.0004,0.0052,0.0003,4.8853,0.3257,,,,,,,,,,,,
tomato,when_what,ours,0.8,scene_03,2130,/home/fr/brl/02_BRL_POMDP_CODE/experiments_logs/system_log/tomato/scene_03_step50/when_what_ours_thres_0-8_rand_0-4/exp_tomato_20260912_153732_422017.txt,2026-09-12 15:37:32,True,16,15.0,11,7,0.4375,4.9464,,,2370079434,,GOAL DONE,,,,,,,,,50,8000,4.9116,0.307,0.0149,0.0009,0.0072,0.0005,0.0071,0.0004,0.0052,0.0003,4.9463,0.3091,,,,,,,,,,,,
tomato,when_what,ours,0.8,scene_03,2131,/home/fr/brl/02_BRL_POMDP_CODE/experiments_logs/system_log/tomato/scene_03_step50/when_what_ours_thres_0-8_rand_0-4/exp_tomato_20260912_153754_353274.txt,2026-09-12 15:37:54,True,14,15.0,10,7,0.5,4.2467,,,3620707437,,GOAL DONE,,,,,,,,,50,8000,4.2193,0.3014,0.0121,0.0009,0.0052,0.0004,0.0062,0.0004,0.0036,0.0003,4.2466,0.3033,,,,,,,,,,,,
tomato,when_what,ours,0.8,scene_03,2132,/home/fr/brl/02_BRL_POMDP_CODE/experiments_logs/system_log/tomato/scene_03_step50/when_what_ours_thres_0-8_rand_0-4/exp_tomato_20260912_153828_558772.txt,2026-09-12 15:38:28,True,33,-25.0,34,17,0.5151515151515151,10.632,,,1447435166,,GOAL DONE,,,,,,,,,50,8000,10.5516,0.3197,0.0355,0.0011,0.0202,0.0006,0.0154,0.0005,0.0084,0.0003,10.6318,0.3222,,,,,,,,,,,,
tomato,when_what,ours,0.8,scene_03,2133,/home/fr/brl/02_BRL_POMDP_CODE/experiments_logs/system_log/tomato/scene_03_step50/when_what_ours_thres_0-8_rand_0-4/exp_tomato_20260912_153853_061145.txt,2026-09-12 15:38:53,True,15,10.0,14,7,0.4666666666666667,4.6712,,,975151081,,GOAL DONE,,,,,,,,,50,8000,4.6387,0.3092,0.0138,0.0009,0.0068,0.0005,0.0073,0.0005,0.0042,0.0003,4.6711,0.3114,,,,,,,,,,,,
tomato,when_what,ours,0.8,scene_03,2134,/home/fr/brl/02_BRL_POMDP_CODE/experiments_logs/system_log/tomato/scene_03_step50/when_what_ours_thres_0-8_rand_0-4/exp_tomato_20260912_153916_699275.txt,2026-09-12 15:39:16,True,15,10.0,11,6,0.4,4.8805,,,3909183007,,GOAL DONE,,,,,,,,,50,8000,4.8486,0.3232,0.0137,0.0009,0.0069,0.0005,0.0069,0.0005,0.0041,0.0003,4.8804,0.3254,,,,,,,,,,,,
tomato,when_what,ours,0.8,scene_03,2135,/home/fr/brl/02_BRL_POMDP_CODE/experiments_logs/system_log/tomato/scene_03_step50/when_what_ours_thres_0-8_rand_0-4/exp_tomato_20260912_153935_470638.txt,2026-09-12 15:39:35,True,13,10.0,8,4,0.3076923076923077,4.0482,,,3611211411,,GOAL DONE,,,,,,,,,50,8000,4.0225,0.3094,0.011,0.0008,0.005,0.0004,0.0057,0.0004,0.0037,0.0003,4.0481,0.3114,,,,,,,,,,,,
tomato,when_what,ours,0.8,scene_03,2136,/home/fr/brl/02_BRL_POMDP_CODE/experiments_logs/system_log/tomato/scene_03_step50/when_what_ours_thres_0-8_rand_0-4/exp_tomato_20260912_153958_400943.txt,2026-09-12 15:39:58,True,18,20.0,13,7,0.3888888888888889,5.8385,,,1454289978,,GOAL DONE,,,,,,,,,50,8000,5.7969,0.3221,0.018,0.001,0.0094,0.0005,0.0082,0.0005,0.0053,0.0003,5.8384,0.3244,,,,,,,,,,,,
tomato,when_what,ours,0.8,scene_03,2137,/home/fr/brl/02_BRL_POMDP_CODE/experiments_logs/system_log/tomato/scene_03_step50/when_what_ours_thres_0-8_rand_0-4/exp_tomato_20260912_154026_377457.txt,2026-09-12 15:40:26,True,19,5.0,19,8,0.42105263157894735,5.9659,,,3631765459,,GOAL DONE,,,,,,,,,50,8000,5.9196,0.3116,0.0179,0.0009,0.0119,0.0006,0.0108,0.0006,0.0053,0.0003,5.9658,0.314,,,,,,,,,,,,
tomato,when_what,ours,0.8,scene_03,2138,/home/fr/brl/02_BRL_POMDP_CODE/experiments_logs/system_log/tomato/scene_03_step50/when_what_ours_thres_0-8_rand_0-4/exp_tomato_20260912_154056_856429.txt,2026-09-12 15:40:56,True,23,-5.0,28,12,0.5217391304347826,7.2335,,,1005437090,,GOAL DONE,,,,,,,,,50,8000,7.1715,0.3118,0.0242,0.0011,0.0175,0.0008,0.014,0.0006,0.0056,0.0002,7.2333,0.3145,,,,,,,,,,,,
tomato,when_what,ours,0.8,scene_03,2139,/home/fr/brl/02_BRL_POMDP_CODE/experiments_logs/system_log/tomato/scene_03_step50/when_what_ours_thres_0-8_rand_0-4/exp_tomato_20260912_154115_457138.txt,2026-09-12 15:41:15,True,18,5.0,14,10,0.5555555555555556,5.9293,,,2107246049,,GOAL DONE,,,,,,,,,50,8000,5.8877,0.3271,0.0182,0.001,0.0095,0.0005,0.0075,0.0004,0.0059,0.0003,5.9292,0.3294,,,,,,,,,,,,
tomato,when_what,ours,0.8,scene_03,2140,/home/fr/brl/02_BRL_POMDP_CODE/experiments_logs/system_log/tomato/scene_03_step50/when_what_ours_thres_0-8_rand_0-4/exp_tomato_20260912_154141_846757.txt,2026-09-12 15:41:41,True,18,10.0,11,7,0.3888888888888889,5.9213,,,2559286479,,GOAL DONE,,,,,,,,,50,8000,5.8839,0.3269,0.0171,0.001,0.008,0.0004,0.007,0.0004,0.0048,0.0003,5.9212,0.329,,,,,,,,,,,,
tomato,when_what,ours,0.8,scene_03,2141,/home/fr/brl/02_BRL_POMDP_CODE/experiments_logs/system_log/tomato/scene_03_step50/when_what_ours_thres_0-8_rand_0-4/exp_tomato_20260912_154217_161493.txt,2026-09-12 15:42:17,True,28,-5.0,21,11,0.39285714285714285,9.4078,,,3814785464,,GOAL DONE,,,,,,,,,50,8000,9.3495,0.3339,0.0278,0.001,0.0117,0.0004,0.0096,0.0003,0.0085,0.0003,9.4076,0.336,,,,,,,,,,,,
tomato,when_what,ours,0.8,scene_03,2142,/home/fr/brl/02_BRL_POMDP_CODE/experiments_logs/system_log/tomato/scene_03_step50/when_what_ours_thres_0-8_rand_0-4/exp_tomato_20260912_154317_675198.txt,2026-09-12 15:43:17,True,32,-35.0,40,18,0.5625,10.7957,,,1252332960,,GOAL DONE,,,,,,,,,50,8000,10.7084,0.3346,0.0378,0.0012,0.0241,0.0008,0.017,0.0005,0.0075,0.0002,10.7955,0.3374,,,,,,,,,,,,
tomato,when_what,ours,0.8,scene_03,2143,/home/fr/brl/02_BRL_POMDP_CODE/experiments_logs/system_log/tomato/scene_03_step50/when_what_ours_thres_0-8_rand_0-4/exp_tomato_20260912_154340_622460.txt,2026-09-12 15:43:40,True,15,20.0,18,8,0.5333333333333333,4.8782,,,4008873019,,GOAL DONE,,,,,,,,,50,8000,4.843,0.3229,0.0147,0.001,0.008,0.0005,0.0081,0.0005,0.0041,0.0003,4.8782,0.3252,,,,,,,,,,,,
tomato,when_what,ours,0.8,scene_03,2144,/home/fr/brl/02_BRL_POMDP_CODE/experiments_logs/system_log/tomato/scene_03_step50/when_what_ours_thres_0-8_rand_0-4/exp_tomato_20260912_154413_397970.txt,2026-09-12 15:44:13,True,23,5.0,19,13,0.5652173913043478,7.5985,,,1627605610,,GOAL DONE,,,,,,,,,50,8000,7.5484,0.3282,0.0241,0.001,0.0105,0.0005,0.0093,0.0004,0.0056,0.0002,7.5984,0.3304,,,,,,,,,,,,
tomato,when_what,ours,0.8,scene_03,2145,/home/fr/brl/02_BRL_POMDP_CODE/experiments_logs/system_log/tomato/scene_03_step50/when_what_ours_thres_0-8_rand_0-4/exp_tomato_20260912_154433_009121.txt,2026-09-12 15:44:33,True,16,15.0,9,6,0.375,4.6296,,,2197107180,,GOAL DONE,,,,,,,,,50,8000,4.5982,0.2874,0.0143,0.0009,0.0061,0.0004,0.0061,0.0004,0.0045,0.0003,4.6295,0.2893,,,,,,,,,,,,
tomato,when_what,ours,0.8,scene_03,2146,/home/fr/brl/02_BRL_POMDP_CODE/experiments_logs/system_log/tomato/scene_03_step50/when_what_ours_thres_0-8_rand_0-4/exp_tomato_20260912_154449_850998.txt,2026-09-12 15:44:49,True,17,0.0,17,8,0.47058823529411764,5.5517,,,70087057,,GOAL DONE,,,,,,,,,50,8000,5.5097,0.3241,0.0182,0.0011,0.0099,0.0006,0.0083,0.0005,0.0051,0.0003,5.5516,0.3266,,,,,,,,,,,,
tomato,when_what,ours,0.8,scene_03,2147,/home/fr/brl/02_BRL_POMDP_CODE/experiments_logs/system_log/tomato/scene_03_step50/when_what_ours_thres_0-8_rand_0-4/exp_tomato_20260912_154518_300114.txt,2026-09-12 15:45:18,True,23,-10.0,19,10,0.43478260869565216,7.7896,,,8630651,,GOAL DONE,,,,,,,,,50,8000,7.7376,0.3364,0.0241,0.001,0.0112,0.0005,0.009,0.0004,0.007,0.0003,7.7894,0.3387,,,,,,,,,,,,
tomato,when_what,ours,0.8,scene_03,2148,/home/fr/brl/02_BRL_POMDP_CODE/experiments_logs/system_log/tomato/scene_03_step50/when_what_ours_thres_0-8_rand_0-4/exp_tomato_20260912_154550_344821.txt,2026-09-12 15:45:50,True,25,10.0,22,14,0.56,8.5888,,,657498695,,GOAL DONE,,,,,,,,,50,8000,8.5345,0.3414,0.0255,0.001,0.0115,0.0005,0.0099,0.0004,0.0067,0.0003,8.5886,0.3435,,,,,,,,,,,,
tomato,when_what,ours,0.8,scene_03,2149,/home/fr/brl/02_BRL_POMDP_CODE/experiments_logs/system_log/tomato/scene_03_step50/when_what_ours_thres_0-8_rand_0-4/exp_tomato_20260912_154608_534546.txt,2026-09-12 15:46:08,True,14,15.0,8,5,0.35714285714285715,4.5403,,,1193704404,,GOAL DONE,,,,,,,,,50,8000,4.5124,0.3223,0.0123,0.0009,0.0053,0.0004,0.0058,0.0004,0.0042,0.0003,4.5402,0.3243,,,,,,,,,,,,
tomato,when_what,ours,0.8,scene_03,2150,/home/fr/brl/02_BRL_POMDP_CODE/experiments_logs/system_log/tomato/scene_03_step50/when_what_ours_thres_0-8_rand_0-4/exp_tomato_20260912_154640_828735.txt,2026-09-12 15:46:40,True,26,-35.0,18,11,0.4230769230769231,8.8843,,,1712963344,,GOAL DONE,,,,,,,,,50,8000,8.8231,0.3394,0.0321,0.0012,0.0125,0.0005,0.0092,0.0004,0.0068,0.0003,8.8842,0.3417,,,,,,,,,,,,
tomato,when_what,ours,0.8,scene_03,2151,/home/fr/brl/02_BRL_POMDP_CODE/experiments_logs/system_log/tomato/scene_03_step50/when_what_ours_thres_0-8_rand_0-4/exp_tomato_20260912_154654_875700.txt,2026-09-12 15:46:54,True,15,25.0,14,7,0.4666666666666667,4.6279,,,1016817503,,GOAL DONE,,,,,,,,,50,8000,4.5885,0.3059,0.0147,0.001,0.0104,0.0007,0.0099,0.0007,0.004,0.0003,4.6278,0.3085,,,,,,,,,,,,
tomato,when_what,ours,0.8,scene_03,2152,/home/fr/brl/02_BRL_POMDP_CODE/experiments_logs/system_log/tomato/scene_03_step50/when_what_ours_thres_0-8_rand_0-4/exp_tomato_20260912_154710_830380.txt,2026-09-12 15:47:10,True,14,20.0,8,4,0.2857142857142857,4.2277,,,4252591664,,GOAL DONE,,,,,,,,,50,8000,4.1995,0.3,0.0124,0.0009,0.0051,0.0004,0.0061,0.0004,0.0041,0.0003,4.2276,0.302,,,,,,,,,,,,
tomato,when_what,ours,0.8,scene_03,2153,/home/fr/brl/02_BRL_POMDP_CODE/experiments_logs/system_log/tomato/scene_03_step50/when_what_ours_thres_0-8_rand_0-4/exp_tomato_20260912_154732_052549.txt,2026-09-12 15:47:32,True,16,20.0,15,7,0.4375,4.668,,,2630779126,,GOAL DONE,,,,,,,,,50,8000,4.6311,0.2894,0.014,0.0009,0.0085,0.0005,0.01,0.0006,0.004,0.0002,4.6679,0.2917,,,,,,,,,,,,
tomato,when_what,ours,0.8,scene_03,2154,/home/fr/brl/02_BRL_POMDP_CODE/experiments_logs/system_log/tomato/scene_03_step50/when_what_ours_thres_0-8_rand_0-4/exp_tomato_20260912_154757_491496.txt,2026-09-12 15:47:57,True,17,-5.0,15,8,0.47058823529411764,5.5359,,,822900858,,GOAL DONE,,,,,,,,,50,8000,5.4973,0.3234,0.0173,0.001,0.0085,0.0005,0.0076,0.0004,0.0047,0.0003,5.5358,0.3256,,,,,,,,,,,,
tomato,when_what,ours,0.8,scene_03,2155,/home/fr/brl/02_BRL_POMDP_CODE/experiments_logs/system_log/tomato/scene_03_step50/when_what_ours_thres_0-8_rand_0-4/exp_tomato_20260912_154815_676217.txt,2026-09-12 15:48:15,True,19,-5.0,14,9,0.47368421052631576,5.9139,,,604486275,,GOAL DONE,,,,,,,,,50,8000,5.8748,0.3092,0.0177,0.0009,0.0081,0.0004,0.0078,0.0004,0.0051,0.0003,5.9138,0.3113,,,,,,,,,,,,
tomato,when_what,ours,0.8,scene_03,2156,/home/fr/brl/02_BRL_POMDP_CODE/experiments_logs/system_log/tomato/scene_03_step50/when_what_ours_thres_0-8_rand_0-4/exp_tomato_20260912_154836_023123.txt,2026-09-12 15:48:36,True,18,20.0,16,8,0.4444444444444444,5.7448,,,522031486,,GOAL DONE,,,,,,,,,50,8000,5.7034,0.3169,0.0172,0.001,0.0095,0.0005,0.0094,0.0005,0.0047,0.0003,5.7447,0.3191,,,,,,,,,,,,
tomato,when_what,ours,0.8,scene_03,2157,/home/fr/brl/02_BRL_POMDP_CODE/experiments_logs/system_log/tomato/scene_03_step50/when_what_ours_thres_0-8_rand_0-4/exp_tomato_20260912_154900_408979.txt,2026-09-12 15:49:00,True,22,5.0,22,10,0.45454545454545453,6.4786,,,2184183196,,GOAL DONE,,,,,,,,,50,8000,6.4267,0.2921,0.0206,0.0009,0.0125,0.0006,0.0116,0.0005,0.0067,0.0003,6.4785,0.2945,,,,,,,,,,,,
tomato,when_what,ours,0.8,scene_03,2158,/home/fr/brl/02_BRL_POMDP_CODE/experiments_logs/system_log/tomato/scene_03_step50/when_what_ours_thres_0-8_rand_0-4/exp_tomato_20260912_154949_774987.txt,2026-09-12 15:49:49,True,15,25.0,15,8,0.5333333333333333,4.9597,,,2418572032,,GOAL DONE,,,,,,,,,50,8000,4.9247,0.3283,0.0152,0.001,0.0074,0.0005,0.0075,0.0005,0.0045,0.0003,4.9596,0.3306,,,,,,,,,,,,
tomato,when_what,ours,0.8,scene_03,2159,/home/fr/brl/02_BRL_POMDP_CODE/experiments_logs/system_log/tomato/scene_03_step50/when_what_ours_thres_0-8_rand_0-4/exp_tomato_20260912_155013_410932.txt,2026-09-12 15:50:13,True,17,0.0,11,8,0.47058823529411764,5.3935,,,2436888965,,GOAL DONE,,,,,,,,,50,8000,5.3593,0.3153,0.0153,0.0009,0.007,0.0004,0.0067,0.0004,0.0049,0.0003,5.3934,0.3173,,,,,,,,,,,,
tomato,when_what,ours,0.8,scene_03,2160,/home/fr/brl/02_BRL_POMDP_CODE/experiments_logs/system_log/tomato/scene_03_step50/when_what_ours_thres_0-8_rand_0-4/exp_tomato_20260912_155057_514683.txt,2026-09-12 15:50:57,True,29,-15.0,32,16,0.5517241379310345,9.4371,,,598183825,,GOAL DONE,,,,,,,,,50,8000,9.3687,0.3231,0.0296,0.001,0.016,0.0006,0.0134,0.0005,0.0086,0.0003,9.437,0.3254,,,,,,,,,,,,
tomato,when_what,ours_what_only,0.8,scene_03,2161,/home/fr/brl/02_BRL_POMDP_CODE/experiments_logs/system_log/tomato/scene_03_step50/when_what_ours_what_only_thres_0-8_rand_0-4/exp_tomato_20260912_153412_667031.txt,2026-09-12 15:34:12,True,19,-5.0,8,4,0.21052631578947367,5.3253,,,2973460405,,GOAL DONE,,,,,,,,,50,8000,5.2881,0.2783,0.0163,0.0009,0.0085,0.0004,0.0061,0.0003,0.0058,0.0003,5.3252,0.2803,,,,,,,,,,,,
tomato,when_what,ours_what_only,0.8,scene_03,2162,/home/fr/brl/02_BRL_POMDP_CODE/experiments_logs/system_log/tomato/scene_03_step50/when_what_ours_what_only_thres_0-8_rand_0-4/exp_tomato_20260912_153446_651272.txt,2026-09-12 15:34:46,True,30,-10.0,20,13,0.43333333333333335,10.0925,,,2984508209,,GOAL DONE,,,,,,,,,50,8000,10.0298,0.3343,0.0302,0.001,0.013,0.0004,0.0096,0.0003,0.009,0.0003,10.0923,0.3364,,,,,,,,,,,,
tomato,when_what,ours_what_only,0.8,scene_03,2163,/home/fr/brl/02_BRL_POMDP_CODE/experiments_logs/system_log/tomato/scene_03_step50/when_what_ours_what_only_thres_0-8_rand_0-4/exp_tomato_20260912_153514_386141.txt,2026-09-12 15:35:14,True,23,-10.0,13,11,0.4782608695652174,7.3054,,,3328359470,,GOAL DONE,,,,,,,,,50,8000,7.2543,0.3154,0.0241,0.001,0.0136,0.0006,0.0058,0.0003,0.0069,0.0003,7.3052,0.3176,,,,,,,,,,,,
tomato,when_what,ours_what_only,0.8,scene_03,2164,/home/fr/brl/02_BRL_POMDP_CODE/experiments_logs/system_log/tomato/scene_03_step50/when_what_ours_what_only_thres_0-8_rand_0-4/exp_tomato_20260912_153531_275306.txt,2026-09-12 15:35:31,False,12,10.0,4,2,0.16666666666666666,3.3709,,,2542173252,,PLAN FAILURE,,,,,,,,,50,8000,3.3476,0.279,0.0106,0.0009,0.0057,0.0005,0.0036,0.0003,0.0031,0.0003,3.3708,0.2809,,,,,,,,,,,,
tomato,when_what,ours_what_only,0.8,scene_03,2165,/home/fr/brl/02_BRL_POMDP_CODE/experiments_logs/system_log/tomato/scene_03_step50/when_what_ours_what_only_thres_0-8_rand_0-4/exp_tomato_20260912_153554_773655.txt,2026-09-12 15:35:54,True,19,-5.0,11,7,0.3684210526315789,6.1861,,,1895575310,,GOAL DONE,,,,,,,,,50,8000,6.1469,0.3235,0.0181,0.001,0.0076,0.0004,0.0068,0.0004,0.0061,0.0003,6.1859,0.3256,,,,,,,,,,,,
tomato,when_what,ours_what_only,0.8,scene_03,2166,/home/fr/brl/02_BRL_POMDP_CODE/experiments_logs/system_log/tomato/scene_03_step50/when_what_ours_what_only_thres_0-8_rand_0-4/exp_tomato_20260912_153615_924811.txt,2026-09-12 15:36:15,True,17,10.0,5,2,0.11764705882352941,5.1943,,,3142806667,,GOAL DONE,,,,,,,,,50,8000,5.1599,0.3035,0.0159,0.0009,0.0072,0.0004,0.0056,0.0003,0.0052,0.0003,5.1941,0.3055,,,,,,,,,,,,
tomato,when_what,ours_what_only,0.8,scene_03,2167,/home/fr/brl/02_BRL_POMDP_CODE/experiments_logs/system_log/tomato/scene_03_step50/when_what_ours_what_only_thres_0-8_rand_0-4/exp_tomato_20260912_153629_338419.txt,2026-09-12 15:36:29,False,6,-5.0,4,1,0.16666666666666666,1.5623,,,1700967682,,PLAN FAILURE,,,,,,,,,50,8000,1.5445,0.2574,0.0052,0.0009,0.0066,0.0011,0.0045,0.0007,0.0013,0.0002,1.5622,0.2604,,,,,,,,,,,,
tomato,when_what,ours_what_only,0.8,scene_03,2168,/home/fr/brl/02_BRL_POMDP_CODE/experiments_logs/system_log/tomato/scene_03_step50/when_what_ours_what_only_thres_0-8_rand_0-4/exp_tomato_20260912_153652_280445.txt,2026-09-12 15:36:52,True,18,0.0,14,9,0.5,5.8608,,,3374813224,,GOAL DONE,,,,,,,,,50,8000,5.8207,0.3234,0.0182,0.001,0.0104,0.0006,0.0059,0.0003,0.005,0.0003,5.8606,0.3256,,,,,,,,,,,,
tomato,when_what,ours_what_only,0.8,scene_03,2169,/home/fr/brl/02_BRL_POMDP_CODE/experiments_logs/system_log/tomato/scene_03_step50/when_what_ours_what_only_thres_0-8_rand_0-4/exp_tomato_20260912_153713_118824.txt,2026-09-12 15:37:13,True,15,25.0,6,5,0.3333333333333333,4.8843,,,2230064310,,GOAL DONE,,,,,,,,,50,8000,4.8546,0.3236,0.014,0.0009,0.0063,0.0004,0.004,0.0003,0.0051,0.0003,4.8842,0.3256,,,,,,,,,,,,
tomato,when_what,ours_what_only,0.8,scene_03,2170,/home/fr/brl/02_BRL_POMDP_CODE/experiments_logs/system_log/tomato/scene_03_step50/when_what_ours_what_only_thres_0-8_rand_0-4/exp_tomato_20260912_153727_344367.txt,2026-09-12 15:37:27,False,7,-5.0,2,2,0.2857142857142857,1.9886,,,2370079434,,PLAN FAILURE,,,,,,,,,50,8000,1.9749,0.2821,0.0057,0.0008,0.0035,0.0005,0.0025,0.0004,0.0017,0.0002,1.9885,0.2841,,,,,,,,,,,,
tomato,when_what,ours_what_only,0.8,scene_03,2171,/home/fr/brl/02_BRL_POMDP_CODE/experiments_logs/system_log/tomato/scene_03_step50/when_what_ours_what_only_thres_0-8_rand_0-4/exp_tomato_20260912_153749_978194.txt,2026-09-12 15:37:49,True,19,5.0,9,8,0.42105263157894735,6.4626,,,3620707437,,GOAL DONE,,,,,,,,,50,8000,6.4225,0.338,0.0188,0.001,0.0098,0.0005,0.0064,0.0003,0.0046,0.0002,6.4625,0.3401,,,,,,,,,,,,
tomato,when_what,ours_what_only,0.8,scene_03,2172,/home/fr/brl/02_BRL_POMDP_CODE/experiments_logs/system_log/tomato/scene_03_step50/when_what_ours_what_only_thres_0-8_rand_0-4/exp_tomato_20260912_153817_796449.txt,2026-09-12 15:38:17,True,31,-65.0,12,9,0.2903225806451613,9.6683,,,1447435166,,GOAL DONE,,,,,,,,,50,8000,9.6068,0.3099,0.0311,0.001,0.0151,0.0005,0.0058,0.0002,0.0088,0.0003,9.6681,0.3119,,,,,,,,,,,,
tomato,when_what,ours_what_only,0.8,scene_03,2173,/home/fr/brl/02_BRL_POMDP_CODE/experiments_logs/system_log/tomato/scene_03_step50/when_what_ours_what_only_thres_0-8_rand_0-4/exp_tomato_20260912_153848_265910.txt,2026-09-12 15:38:48,True,21,-15.0,9,5,0.23809523809523808,7.2683,,,975151081,,GOAL DONE,,,,,,,,,50,8000,7.224,0.344,0.0206,0.001,0.0094,0.0004,0.0068,0.0003,0.007,0.0003,7.2681,0.3461,,,,,,,,,,,,
tomato,when_what,ours_what_only,0.8,scene_03,2174,/home/fr/brl/02_BRL_POMDP_CODE/experiments_logs/system_log/tomato/scene_03_step50/when_what_ours_what_only_thres_0-8_rand_0-4/exp_tomato_20260912_153911_691293.txt,2026-09-12 15:39:11,True,21,0.0,6,6,0.2857142857142857,6.8928,,,3909183007,,GOAL DONE,,,,,,,,,50,8000,6.8519,0.3263,0.0207,0.001,0.0093,0.0004,0.0042,0.0002,0.0061,0.0003,6.8926,0.3282,,,,,,,,,,,,
tomato,when_what,ours_what_only,0.8,scene_03,2175,/home/fr/brl/02_BRL_POMDP_CODE/experiments_logs/system_log/tomato/scene_03_step50/when_what_ours_what_only_thres_0-8_rand_0-4/exp_tomato_20260912_153931_293961.txt,2026-09-12 15:39:31,True,17,10.0,8,8,0.47058823529411764,5.0947,,,3611211411,,GOAL DONE,,,,,,,,,50,8000,5.0638,0.2979,0.0154,0.0009,0.0052,0.0003,0.0038,0.0002,0.0059,0.0003,5.0946,0.2997,,,,,,,,,,,,
tomato,when_what,ours_what_only,0.8,scene_03,2176,/home/fr/brl/02_BRL_POMDP_CODE/experiments_logs/system_log/tomato/scene_03_step50/when_what_ours_what_only_thres_0-8_rand_0-4/exp_tomato_20260912_153952_437985.txt,2026-09-12 15:39:52,True,17,5.0,10,6,0.35294117647058826,5.4445,,,1454289978,,GOAL DONE,,,,,,,,,50,8000,5.4046,0.3179,0.0169,0.001,0.0105,0.0006,0.0072,0.0004,0.0049,0.0003,5.4444,0.3203,,,,,,,,,,,,
tomato,when_what,ours_what_only,0.8,scene_03,2177,/home/fr/brl/02_BRL_POMDP_CODE/experiments_logs/system_log/tomato/scene_03_step50/when_what_ours_what_only_thres_0-8_rand_0-4/exp_tomato_20260912_154020_285392.txt,2026-09-12 15:40:20,True,23,5.0,11,8,0.34782608695652173,7.7503,,,3631765459,,GOAL DONE,,,,,,,,,50,8000,7.7,0.3348,0.023,0.001,0.0141,0.0006,0.0069,0.0003,0.0058,0.0003,7.7501,0.337,,,,,,,,,,,,
tomato,when_what,ours_what_only,0.8,scene_03,2178,/home/fr/brl/02_BRL_POMDP_CODE/experiments_logs/system_log/tomato/scene_03_step50/when_what_ours_what_only_thres_0-8_rand_0-4/exp_tomato_20260912_154049_491410.txt,2026-09-12 15:40:49,True,22,-30.0,15,9,0.4090909090909091,6.6091,,,1005437090,,GOAL DONE,,,,,,,,,50,8000,6.5559,0.298,0.0218,0.001,0.0146,0.0007,0.0099,0.0005,0.0063,0.0003,6.609,0.3004,,,,,,,,,,,,
tomato,when_what,ours_what_only,0.8,scene_03,2179,/home/fr/brl/02_BRL_POMDP_CODE/experiments_logs/system_log/tomato/scene_03_step50/when_what_ours_what_only_thres_0-8_rand_0-4/exp_tomato_20260912_154109_404074.txt,2026-09-12 15:41:09,False,10,10.0,3,3,0.3,2.8074,,,2107246049,,PLAN FAILURE,,,,,,,,,50,8000,2.7862,0.2786,0.0091,0.0009,0.0055,0.0006,0.0029,0.0003,0.0034,0.0003,2.8074,0.2807,,,,,,,,,,,,
tomato,when_what,ours_what_only,0.8,scene_03,2180,/home/fr/brl/02_BRL_POMDP_CODE/experiments_logs/system_log/tomato/scene_03_step50/when_what_ours_what_only_thres_0-8_rand_0-4/exp_tomato_20260912_154135_791356.txt,2026-09-12 15:41:35,True,21,5.0,7,6,0.2857142857142857,7.0161,,,2559286479,,GOAL DONE,,,,,,,,,50,8000,6.974,0.3321,0.0205,0.001,0.0094,0.0004,0.0062,0.0003,0.0054,0.0003,7.016,0.3341,,,,,,,,,,,,
tomato,when_what,ours_what_only,0.8,scene_03,2181,/home/fr/brl/02_BRL_POMDP_CODE/experiments_logs/system_log/tomato/scene_03_step50/when_what_ours_what_only_thres_0-8_rand_0-4/exp_tomato_20260912_154207_621304.txt,2026-09-12 15:42:07,True,24,-5.0,16,14,0.5833333333333334,7.8273,,,3814785464,,GOAL DONE,,,,,,,,,50,8000,7.7834,0.3243,0.0215,0.0009,0.0083,0.0003,0.0061,0.0003,0.0073,0.0003,7.8272,0.3261,,,,,,,,,,,,
tomato,when_what,ours_what_only,0.8,scene_03,2182,/home/fr/brl/02_BRL_POMDP_CODE/experiments_logs/system_log/tomato/scene_03_step50/when_what_ours_what_only_thres_0-8_rand_0-4/exp_tomato_20260912_154306_741526.txt,2026-09-12 15:43:06,False,50,-75.0,26,18,0.36,19.3156,,,1252332960,,MAX STEP,,,,,,,,,50,8000,19.1971,0.3839,0.0621,0.0012,0.0307,0.0006,0.0108,0.0002,0.0134,0.0003,19.3152,0.3863,,,,,,,,,,,,
tomato,when_what,ours_what_only,0.8,scene_03,2183,/home/fr/brl/02_BRL_POMDP_CODE/experiments_logs/system_log/tomato/scene_03_step50/when_what_ours_what_only_thres_0-8_rand_0-4/exp_tomato_20260912_154335_612590.txt,2026-09-12 15:43:35,True,19,10.0,9,7,0.3684210526315789,6.3926,,,4008873019,,GOAL DONE,,,,,,,,,50,8000,6.3544,0.3344,0.0188,0.001,0.0095,0.0005,0.0043,0.0002,0.0052,0.0003,6.3925,0.3364,,,,,,,,,,,,
tomato,when_what,ours_what_only,0.8,scene_03,2184,/home/fr/brl/02_BRL_POMDP_CODE/experiments_logs/system_log/tomato/scene_03_step50/when_what_ours_what_only_thres_0-8_rand_0-4/exp_tomato_20260912_154405_668300.txt,2026-09-12 15:44:05,True,21,10.0,5,5,0.23809523809523808,6.8727,,,1627605610,,GOAL DONE,,,,,,,,,50,8000,6.8329,0.3254,0.0205,0.001,0.0093,0.0004,0.004,0.0002,0.0055,0.0003,6.8725,0.3273,,,,,,,,,,,,
tomato,when_what,ours_what_only,0.8,scene_03,2185,/home/fr/brl/02_BRL_POMDP_CODE/experiments_logs/system_log/tomato/scene_03_step50/when_what_ours_what_only_thres_0-8_rand_0-4/exp_tomato_20260912_154428_254383.txt,2026-09-12 15:44:28,True,16,15.0,9,7,0.4375,4.8468,,,2197107180,,GOAL DONE,,,,,,,,,50,8000,4.8155,0.301,0.0148,0.0009,0.0064,0.0004,0.0047,0.0003,0.0049,0.0003,4.8467,0.3029,,,,,,,,,,,,
tomato,when_what,ours_what_only,0.8,scene_03,2186,/home/fr/brl/02_BRL_POMDP_CODE/experiments_logs/system_log/tomato/scene_03_step50/when_what_ours_what_only_thres_0-8_rand_0-4/exp_tomato_20260912_154444_175012.txt,2026-09-12 15:44:44,False,9,20.0,7,3,0.3333333333333333,2.6198,,,70087057,,PLAN FAILURE,,,,,,,,,50,8000,2.598,0.2887,0.0082,0.0009,0.0052,0.0006,0.0055,0.0006,0.0027,0.0003,2.6198,0.2911,,,,,,,,,,,,
tomato,when_what,ours_what_only,0.8,scene_03,2187,/home/fr/brl/02_BRL_POMDP_CODE/experiments_logs/system_log/tomato/scene_03_step50/when_what_ours_what_only_thres_0-8_rand_0-4/exp_tomato_20260912_154510_387894.txt,2026-09-12 15:45:10,True,19,-5.0,11,9,0.47368421052631576,6.1397,,,8630651,,GOAL DONE,,,,,,,,,50,8000,6.0997,0.321,0.0189,0.001,0.0097,0.0005,0.0051,0.0003,0.0059,0.0003,6.1396,0.3231,,,,,,,,,,,,
tomato,when_what,ours_what_only,0.8,scene_03,2188,/home/fr/brl/02_BRL_POMDP_CODE/experiments_logs/system_log/tomato/scene_03_step50/when_what_ours_what_only_thres_0-8_rand_0-4/exp_tomato_20260912_154541_624258.txt,2026-09-12 15:45:41,True,23,-5.0,14,9,0.391304347826087,7.2192,,,657498695,,GOAL DONE,,,,,,,,,50,8000,7.1677,0.3116,0.0234,0.001,0.0129,0.0006,0.0086,0.0004,0.006,0.0003,7.219,0.3139,,,,,,,,,,,,
tomato,when_what,ours_what_only,0.8,scene_03,2189,/home/fr/brl/02_BRL_POMDP_CODE/experiments_logs/system_log/tomato/scene_03_step50/when_what_ours_what_only_thres_0-8_rand_0-4/exp_tomato_20260912_154603_867309.txt,2026-09-12 15:46:03,True,14,15.0,6,6,0.42857142857142855,4.4424,,,1193704404,,GOAL DONE,,,,,,,,,50,8000,4.4165,0.3155,0.0123,0.0009,0.0052,0.0004,0.0037,0.0003,0.0043,0.0003,4.4423,0.3173,,,,,,,,,,,,
tomato,when_what,ours_what_only,0.8,scene_03,2190,/home/fr/brl/02_BRL_POMDP_CODE/experiments_logs/system_log/tomato/scene_03_step50/when_what_ours_what_only_thres_0-8_rand_0-4/exp_tomato_20260912_154631_815377.txt,2026-09-12 15:46:31,False,21,-20.0,8,6,0.2857142857142857,6.9083,,,1712963344,,PLAN FAILURE,,,,,,,,,50,8000,6.8681,0.3271,0.0197,0.0009,0.0095,0.0005,0.0051,0.0002,0.0053,0.0003,6.9081,0.329,,,,,,,,,,,,
tomato,when_what,ours_what_only,0.8,scene_03,2191,/home/fr/brl/02_BRL_POMDP_CODE/experiments_logs/system_log/tomato/scene_03_step50/when_what_ours_what_only_thres_0-8_rand_0-4/exp_tomato_20260912_154650_117783.txt,2026-09-12 15:46:50,False,8,0.0,3,3,0.375,2.1615,,,1016817503,,PLAN FAILURE,,,,,,,,,50,8000,2.1434,0.2679,0.0069,0.0009,0.0066,0.0008,0.0026,0.0003,0.0018,0.0002,2.1614,0.2702,,,,,,,,,,,,
tomato,when_what,ours_what_only,0.8,scene_03,2192,/home/fr/brl/02_BRL_POMDP_CODE/experiments_logs/system_log/tomato/scene_03_step50/when_what_ours_what_only_thres_0-8_rand_0-4/exp_tomato_20260912_154706_470787.txt,2026-09-12 15:47:06,False,11,-10.0,10,5,0.45454545454545453,3.5394,,,4252591664,,PLAN FAILURE,,,,,,,,,50,8000,3.5136,0.3194,0.0106,0.001,0.007,0.0006,0.0051,0.0005,0.0028,0.0003,3.5393,0.3218,,,,,,,,,,,,
tomato,when_what,ours_what_only,0.8,scene_03,2193,/home/fr/brl/02_BRL_POMDP_CODE/experiments_logs/system_log/tomato/scene_03_step50/when_what_ours_what_only_thres_0-8_rand_0-4/exp_tomato_20260912_154727_249692.txt,2026-09-12 15:47:27,False,19,15.0,9,9,0.47368421052631576,6.0363,,,2630779126,,PLAN FAILURE,,,,,,,,,50,8000,5.9983,0.3157,0.0193,0.001,0.0087,0.0005,0.0047,0.0002,0.0047,0.0002,6.0362,0.3177,,,,,,,,,,,,
tomato,when_what,ours_what_only,0.8,scene_03,2194,/home/fr/brl/02_BRL_POMDP_CODE/experiments_logs/system_log/tomato/scene_03_step50/when_what_ours_what_only_thres_0-8_rand_0-4/exp_tomato_20260912_154751_828636.txt,2026-09-12 15:47:51,False,20,-5.0,3,3,0.15,6.8055,,,822900858,,PLAN FAILURE,,,,,,,,,50,8000,6.7643,0.3382,0.0208,0.001,0.0104,0.0005,0.0036,0.0002,0.0059,0.0003,6.8053,0.3403,,,,,,,,,,,,
tomato,when_what,ours_what_only,0.8,scene_03,2195,/home/fr/brl/02_BRL_POMDP_CODE/experiments_logs/system_log/tomato/scene_03_step50/when_what_ours_what_only_thres_0-8_rand_0-4/exp_tomato_20260912_154809_634214.txt,2026-09-12 15:48:09,False,10,10.0,5,4,0.4,2.8832,,,604486275,,PLAN FAILURE,,,,,,,,,50,8000,2.8585,0.2858,0.0083,0.0008,0.0106,0.0011,0.003,0.0003,0.0025,0.0003,2.8831,0.2883,,,,,,,,,,,,
tomato,when_what,ours_what_only,0.8,scene_03,2196,/home/fr/brl/02_BRL_POMDP_CODE/experiments_logs/system_log/tomato/scene_03_step50/when_what_ours_what_only_thres_0-8_rand_0-4/exp_tomato_20260912_154830_157267.txt,2026-09-12 15:48:30,False,11,5.0,1,1,0.09090909090909091,3.4369,,,522031486,,PLAN FAILURE,,,,,,,,,50,8000,3.4128,0.3103,0.011,0.001,0.0072,0.0007,0.0027,0.0002,0.0029,0.0003,3.4368,0.3124,,,,,,,,,,,,
tomato,when_what,ours_what_only,0.8,scene_03,2197,/home/fr/brl/02_BRL_POMDP_CODE/experiments_logs/system_log/tomato/scene_03_step50/when_what_ours_what_only_thres_0-8_rand_0-4/exp_tomato_20260912_154853_797093.txt,2026-09-12 15:48:53,True,19,-5.0,10,7,0.3684210526315789,5.5305,,,2184183196,,GOAL DONE,,,,,,,,,50,8000,5.4915,0.289,0.0171,0.0009,0.0106,0.0006,0.0053,0.0003,0.0054,0.0003,5.5304,0.2911,,,,,,,,,,,,
tomato,when_what,ours_what_only,0.8,scene_03,2198,/home/fr/brl/02_BRL_POMDP_CODE/experiments_logs/system_log/tomato/scene_03_step50/when_what_ours_what_only_thres_0-8_rand_0-4/exp_tomato_20260912_154944_683915.txt,2026-09-12 15:49:44,False,50,-115.0,11,11,0.22,19.5616,,,2418572032,,MAX STEP,,,,,,,,,50,8000,19.4457,0.3889,0.0644,0.0013,0.0275,0.0006,0.0067,0.0001,0.0159,0.0003,19.5613,0.3912,,,,,,,,,,,,
tomato,when_what,ours_what_only,0.8,scene_03,2199,/home/fr/brl/02_BRL_POMDP_CODE/experiments_logs/system_log/tomato/scene_03_step50/when_what_ours_what_only_thres_0-8_rand_0-4/exp_tomato_20260912_155007_888033.txt,2026-09-12 15:50:07,False,12,0.0,10,7,0.5833333333333334,3.6039,,,2436888965,,PLAN FAILURE,,,,,,,,,50,8000,3.578,0.2982,0.0104,0.0009,0.0055,0.0005,0.0063,0.0005,0.0034,0.0003,3.6038,0.3003,,,,,,,,,,,,
tomato,when_what,ours_what_only,0.8,scene_03,2200,/home/fr/brl/02_BRL_POMDP_CODE/experiments_logs/system_log/tomato/scene_03_step50/when_what_ours_what_only_thres_0-8_rand_0-4/exp_tomato_20260912_155047_946368.txt,2026-09-12 15:50:47,True,36,-45.0,22,14,0.3888888888888889,12.3324,,,598183825,,GOAL DONE,,,,,,,,,50,8000,12.255,0.3404,0.0368,0.001,0.02,0.0006,0.0096,0.0003,0.01,0.0003,12.3322,0.3426,,,,,,,,,,,,
tomato,when_what,ours_when_only,0.8,scene_03,2201,/home/fr/brl/02_BRL_POMDP_CODE/experiments_logs/system_log/tomato/scene_03_step50/when_what_ours_when_only_thres_0-8_rand_0-4/exp_tomato_20260912_153407_217475.txt,2026-09-12 15:34:07,True,15,20.0,17,7,0.4666666666666667,4.8781,,,2973460405,,GOAL DONE,,,,,,,,,50,8000,4.8429,0.3229,0.0152,0.001,0.0079,0.0005,0.0077,0.0005,0.0041,0.0003,4.878,0.3252,,,,,,,,,,,,
tomato,when_what,ours_when_only,0.8,scene_03,2202,/home/fr/brl/02_BRL_POMDP_CODE/experiments_logs/system_log/tomato/scene_03_step50/when_what_ours_when_only_thres_0-8_rand_0-4/exp_tomato_20260912_153436_433215.txt,2026-09-12 15:34:36,True,25,-5.0,26,10,0.4,8.4132,,,2984508209,,GOAL DONE,,,,,,,,,50,8000,8.3583,0.3343,0.0257,0.001,0.0116,0.0005,0.0096,0.0004,0.0074,0.0003,8.413,0.3365,,,,,,,,,,,,
tomato,when_what,ours_when_only,0.8,scene_03,2203,/home/fr/brl/02_BRL_POMDP_CODE/experiments_logs/system_log/tomato/scene_03_step50/when_what_ours_when_only_thres_0-8_rand_0-4/exp_tomato_20260912_153506_942593.txt,2026-09-12 15:35:06,True,14,10.0,17,6,0.42857142857142855,4.439,,,3328359470,,GOAL DONE,,,,,,,,,50,8000,4.4065,0.3147,0.0131,0.0009,0.0067,0.0005,0.0078,0.0006,0.0046,0.0003,4.439,0.3171,,,,,,,,,,,,
tomato,when_what,ours_when_only,0.8,scene_03,2204,/home/fr/brl/02_BRL_POMDP_CODE/experiments_logs/system_log/tomato/scene_03_step50/when_what_ours_when_only_thres_0-8_rand_0-4/exp_tomato_20260912_153527_777907.txt,2026-09-12 15:35:27,True,17,5.0,19,7,0.4117647058823529,5.2328,,,2542173252,,GOAL DONE,,,,,,,,,50,8000,5.1952,0.3056,0.0166,0.001,0.0076,0.0004,0.0075,0.0004,0.0054,0.0003,5.2327,0.3078,,,,,,,,,,,,
tomato,when_what,ours_when_only,0.8,scene_03,2205,/home/fr/brl/02_BRL_POMDP_CODE/experiments_logs/system_log/tomato/scene_03_step50/when_what_ours_when_only_thres_0-8_rand_0-4/exp_tomato_20260912_153548_458644.txt,2026-09-12 15:35:48,True,16,5.0,19,8,0.5,5.2104,,,1895575310,,GOAL DONE,,,,,,,,,50,8000,5.1712,0.3232,0.0166,0.001,0.0082,0.0005,0.0082,0.0005,0.0059,0.0004,5.2103,0.3256,,,,,,,,,,,,
tomato,when_what,ours_when_only,0.8,scene_03,2206,/home/fr/brl/02_BRL_POMDP_CODE/experiments_logs/system_log/tomato/scene_03_step50/when_what_ours_when_only_thres_0-8_rand_0-4/exp_tomato_20260912_153610_601231.txt,2026-09-12 15:36:10,True,17,10.0,17,7,0.4117647058823529,5.1865,,,3142806667,,GOAL DONE,,,,,,,,,50,8000,5.15,0.3029,0.0159,0.0009,0.0072,0.0004,0.0078,0.0005,0.0052,0.0003,5.1864,0.3051,,,,,,,,,,,,
tomato,when_what,ours_when_only,0.8,scene_03,2207,/home/fr/brl/02_BRL_POMDP_CODE/experiments_logs/system_log/tomato/scene_03_step50/when_what_ours_when_only_thres_0-8_rand_0-4/exp_tomato_20260912_153627_650720.txt,2026-09-12 15:36:27,True,15,15.0,22,7,0.4666666666666667,4.6785,,,1700967682,,GOAL DONE,,,,,,,,,50,8000,4.6397,0.3093,0.0138,0.0009,0.0099,0.0007,0.0106,0.0007,0.004,0.0003,4.6784,0.3119,,,,,,,,,,,,
tomato,when_what,ours_when_only,0.8,scene_03,2208,/home/fr/brl/02_BRL_POMDP_CODE/experiments_logs/system_log/tomato/scene_03_step50/when_what_ours_when_only_thres_0-8_rand_0-4/exp_tomato_20260912_153646_297571.txt,2026-09-12 15:36:46,True,18,15.0,22,9,0.5,5.8325,,,3374813224,,GOAL DONE,,,,,,,,,50,8000,5.7892,0.3216,0.0179,0.001,0.0104,0.0006,0.0093,0.0005,0.0051,0.0003,5.8324,0.324,,,,,,,,,,,,
tomato,when_what,ours_when_only,0.8,scene_03,2209,/home/fr/brl/02_BRL_POMDP_CODE/experiments_logs/system_log/tomato/scene_03_step50/when_what_ours_when_only_thres_0-8_rand_0-4/exp_tomato_20260912_153708_107341.txt,2026-09-12 15:37:08,True,15,25.0,14,5,0.3333333333333333,4.8224,,,2230064310,,GOAL DONE,,,,,,,,,50,8000,4.7898,0.3193,0.0137,0.0009,0.0064,0.0004,0.0067,0.0004,0.0053,0.0004,4.8223,0.3215,,,,,,,,,,,,
tomato,when_what,ours_when_only,0.8,scene_03,2210,/home/fr/brl/02_BRL_POMDP_CODE/experiments_logs/system_log/tomato/scene_03_step50/when_what_ours_when_only_thres_0-8_rand_0-4/exp_tomato_20260912_153725_225746.txt,2026-09-12 15:37:25,True,16,15.0,16,7,0.4375,4.8421,,,2370079434,,GOAL DONE,,,,,,,,,50,8000,4.8077,0.3005,0.0146,0.0009,0.0071,0.0004,0.0072,0.0005,0.0051,0.0003,4.842,0.3026,,,,,,,,,,,,
tomato,when_what,ours_when_only,0.8,scene_03,2211,/home/fr/brl/02_BRL_POMDP_CODE/experiments_logs/system_log/tomato/scene_03_step50/when_what_ours_when_only_thres_0-8_rand_0-4/exp_tomato_20260912_153743_361284.txt,2026-09-12 15:37:43,True,14,15.0,17,7,0.5,4.2389,,,3620707437,,GOAL DONE,,,,,,,,,50,8000,4.2103,0.3007,0.012,0.0009,0.0053,0.0004,0.0068,0.0005,0.004,0.0003,4.2388,0.3028,,,,,,,,,,,,
tomato,when_what,ours_when_only,0.8,scene_03,2212,/home/fr/brl/02_BRL_POMDP_CODE/experiments_logs/system_log/tomato/scene_03_step50/when_what_ours_when_only_thres_0-8_rand_0-4/exp_tomato_20260912_153807_997474.txt,2026-09-12 15:38:07,True,33,-25.0,43,17,0.5151515151515151,10.3872,,,1447435166,,GOAL DONE,,,,,,,,,50,8000,10.3075,0.3123,0.035,0.0011,0.0199,0.0006,0.0156,0.0005,0.0084,0.0003,10.387,0.3148,,,,,,,,,,,,
tomato,when_what,ours_when_only,0.8,scene_03,2213,/home/fr/brl/02_BRL_POMDP_CODE/experiments_logs/system_log/tomato/scene_03_step50/when_what_ours_when_only_thres_0-8_rand_0-4/exp_tomato_20260912_153840_869224.txt,2026-09-12 15:38:40,True,15,10.0,19,7,0.4666666666666667,4.9035,,,975151081,,GOAL DONE,,,,,,,,,50,8000,4.8691,0.3246,0.0143,0.001,0.0071,0.0005,0.0079,0.0005,0.0047,0.0003,4.9034,0.3269,,,,,,,,,,,,
tomato,when_what,ours_when_only,0.8,scene_03,2214,/home/fr/brl/02_BRL_POMDP_CODE/experiments_logs/system_log/tomato/scene_03_step50/when_what_ours_when_only_thres_0-8_rand_0-4/exp_tomato_20260912_153904_666615.txt,2026-09-12 15:39:04,True,14,20.0,13,6,0.42857142857142855,4.2993,,,3909183007,,GOAL DONE,,,,,,,,,50,8000,4.271,0.3051,0.012,0.0009,0.0052,0.0004,0.0067,0.0005,0.0041,0.0003,4.2992,0.3071,,,,,,,,,,,,
tomato,when_what,ours_when_only,0.8,scene_03,2215,/home/fr/brl/02_BRL_POMDP_CODE/experiments_logs/system_log/tomato/scene_03_step50/when_what_ours_when_only_thres_0-8_rand_0-4/exp_tomato_20260912_153926_091304.txt,2026-09-12 15:39:26,True,13,10.0,8,4,0.3076923076923077,4.2058,,,3611211411,,GOAL DONE,,,,,,,,,50,8000,4.1798,0.3215,0.0115,0.0009,0.0052,0.0004,0.0051,0.0004,0.0038,0.0003,4.2057,0.3235,,,,,,,,,,,,
tomato,when_what,ours_when_only,0.8,scene_03,2216,/home/fr/brl/02_BRL_POMDP_CODE/experiments_logs/system_log/tomato/scene_03_step50/when_what_ours_when_only_thres_0-8_rand_0-4/exp_tomato_20260912_153946_862945.txt,2026-09-12 15:39:46,True,18,20.0,16,7,0.3888888888888889,5.8105,,,1454289978,,GOAL DONE,,,,,,,,,50,8000,5.7687,0.3205,0.0175,0.001,0.0102,0.0006,0.0084,0.0005,0.0051,0.0003,5.8103,0.3228,,,,,,,,,,,,
tomato,when_what,ours_when_only,0.8,scene_03,2217,/home/fr/brl/02_BRL_POMDP_CODE/experiments_logs/system_log/tomato/scene_03_step50/when_what_ours_when_only_thres_0-8_rand_0-4/exp_tomato_20260912_154012_408933.txt,2026-09-12 15:40:12,True,21,-10.0,30,10,0.47619047619047616,6.8404,,,3631765459,,GOAL DONE,,,,,,,,,50,8000,6.792,0.3234,0.0203,0.001,0.0108,0.0005,0.0108,0.0005,0.0059,0.0003,6.8403,0.3257,,,,,,,,,,,,
tomato,when_what,ours_when_only,0.8,scene_03,2218,/home/fr/brl/02_BRL_POMDP_CODE/experiments_logs/system_log/tomato/scene_03_step50/when_what_ours_when_only_thres_0-8_rand_0-4/exp_tomato_20260912_154042_757033.txt,2026-09-12 15:40:42,True,31,-25.0,44,16,0.5161290322580645,9.7322,,,1005437090,,GOAL DONE,,,,,,,,,50,8000,9.6542,0.3114,0.0327,0.0011,0.0202,0.0007,0.0166,0.0005,0.0076,0.0002,9.732,0.3139,,,,,,,,,,,,
tomato,when_what,ours_when_only,0.8,scene_03,2219,/home/fr/brl/02_BRL_POMDP_CODE/experiments_logs/system_log/tomato/scene_03_step50/when_what_ours_when_only_thres_0-8_rand_0-4/exp_tomato_20260912_154106_470260.txt,2026-09-12 15:41:06,True,20,20.0,18,8,0.4,6.5966,,,2107246049,,GOAL DONE,,,,,,,,,50,8000,6.5537,0.3277,0.0197,0.001,0.0095,0.0005,0.0076,0.0004,0.0055,0.0003,6.5964,0.3298,,,,,,,,,,,,
tomato,when_what,ours_when_only,0.8,scene_03,2220,/home/fr/brl/02_BRL_POMDP_CODE/experiments_logs/system_log/tomato/scene_03_step50/when_what_ours_when_only_thres_0-8_rand_0-4/exp_tomato_20260912_154128_645382.txt,2026-09-12 15:41:28,True,18,10.0,15,7,0.3888888888888889,5.9217,,,2559286479,,GOAL DONE,,,,,,,,,50,8000,5.8844,0.3269,0.017,0.0009,0.008,0.0004,0.0068,0.0004,0.005,0.0003,5.9216,0.329,,,,,,,,,,,,
tomato,when_what,ours_when_only,0.8,scene_03,2221,/home/fr/brl/02_BRL_POMDP_CODE/experiments_logs/system_log/tomato/scene_03_step50/when_what_ours_when_only_thres_0-8_rand_0-4/exp_tomato_20260912_154159_664089.txt,2026-09-12 15:41:59,True,28,-5.0,25,11,0.39285714285714285,9.6096,,,3814785464,,GOAL DONE,,,,,,,,,50,8000,9.5506,0.3411,0.0281,0.001,0.0118,0.0004,0.0094,0.0003,0.0089,0.0003,9.6094,0.3432,,,,,,,,,,,,
tomato,when_what,ours_when_only,0.8,scene_03,2222,/home/fr/brl/02_BRL_POMDP_CODE/experiments_logs/system_log/tomato/scene_03_step50/when_what_ours_when_only_thres_0-8_rand_0-4/exp_tomato_20260912_154247_289759.txt,2026-09-12 15:42:47,True,32,-35.0,55,18,0.5625,10.8422,,,1252332960,,GOAL DONE,,,,,,,,,50,8000,10.7538,0.3361,0.0389,0.0012,0.0242,0.0008,0.0166,0.0005,0.0079,0.0002,10.8421,0.3388,,,,,,,,,,,,
tomato,when_what,ours_when_only,0.8,scene_03,2223,/home/fr/brl/02_BRL_POMDP_CODE/experiments_logs/system_log/tomato/scene_03_step50/when_what_ours_when_only_thres_0-8_rand_0-4/exp_tomato_20260912_154329_087893.txt,2026-09-12 15:43:29,True,15,20.0,20,8,0.5333333333333333,4.8438,,,4008873019,,GOAL DONE,,,,,,,,,50,8000,4.8086,0.3206,0.0147,0.001,0.008,0.0005,0.0078,0.0005,0.0043,0.0003,4.8437,0.3229,,,,,,,,,,,,
tomato,when_what,ours_when_only,0.8,scene_03,2224,/home/fr/brl/02_BRL_POMDP_CODE/experiments_logs/system_log/tomato/scene_03_step50/when_what_ours_when_only_thres_0-8_rand_0-4/exp_tomato_20260912_154358_664910.txt,2026-09-12 15:43:58,True,31,-15.0,33,14,0.45161290322580644,10.896,,,1627605610,,GOAL DONE,,,,,,,,,50,8000,10.8249,0.3492,0.033,0.0011,0.0177,0.0006,0.0115,0.0004,0.008,0.0003,10.8958,0.3515,,,,,,,,,,,,
tomato,when_what,ours_when_only,0.8,scene_03,2225,/home/fr/brl/02_BRL_POMDP_CODE/experiments_logs/system_log/tomato/scene_03_step50/when_what_ours_when_only_thres_0-8_rand_0-4/exp_tomato_20260912_154423_273898.txt,2026-09-12 15:44:23,True,16,15.0,12,6,0.375,4.8167,,,2197107180,,GOAL DONE,,,,,,,,,50,8000,4.7845,0.299,0.0148,0.0009,0.0063,0.0004,0.0058,0.0004,0.0049,0.0003,4.8166,0.301,,,,,,,,,,,,
tomato,when_what,ours_when_only,0.8,scene_03,2226,/home/fr/brl/02_BRL_POMDP_CODE/experiments_logs/system_log/tomato/scene_03_step50/when_what_ours_when_only_thres_0-8_rand_0-4/exp_tomato_20260912_154441_426845.txt,2026-09-12 15:44:41,True,17,0.0,24,8,0.47058823529411764,5.5752,,,70087057,,GOAL DONE,,,,,,,,,50,8000,5.5325,0.3254,0.0188,0.0011,0.01,0.0006,0.0079,0.0005,0.0055,0.0003,5.5751,0.3279,,,,,,,,,,,,
tomato,when_what,ours_when_only,0.8,scene_03,2227,/home/fr/brl/02_BRL_POMDP_CODE/experiments_logs/system_log/tomato/scene_03_step50/when_what_ours_when_only_thres_0-8_rand_0-4/exp_tomato_20260912_154504_118047.txt,2026-09-12 15:45:04,True,23,-10.0,25,10,0.43478260869565216,7.7131,,,8630651,,GOAL DONE,,,,,,,,,50,8000,7.6613,0.3331,0.0239,0.001,0.0112,0.0005,0.0089,0.0004,0.0073,0.0003,7.713,0.3353,,,,,,,,,,,,
tomato,when_what,ours_when_only,0.8,scene_03,2228,/home/fr/brl/02_BRL_POMDP_CODE/experiments_logs/system_log/tomato/scene_03_step50/when_what_ours_when_only_thres_0-8_rand_0-4/exp_tomato_20260912_154534_277392.txt,2026-09-12 15:45:34,True,26,-15.0,44,14,0.5384615384615384,8.4816,,,657498695,,GOAL DONE,,,,,,,,,50,8000,8.4135,0.3236,0.0294,0.0011,0.0177,0.0007,0.0139,0.0005,0.0064,0.0002,8.4814,0.3262,,,,,,,,,,,,
tomato,when_what,ours_when_only,0.8,scene_03,2229,/home/fr/brl/02_BRL_POMDP_CODE/experiments_logs/system_log/tomato/scene_03_step50/when_what_ours_when_only_thres_0-8_rand_0-4/exp_tomato_20260912_154559_296123.txt,2026-09-12 15:45:59,True,14,15.0,10,5,0.35714285714285715,4.4276,,,1193704404,,GOAL DONE,,,,,,,,,50,8000,4.4002,0.3143,0.0122,0.0009,0.0052,0.0004,0.0055,0.0004,0.0041,0.0003,4.4275,0.3163,,,,,,,,,,,,
tomato,when_what,ours_when_only,0.8,scene_03,2230,/home/fr/brl/02_BRL_POMDP_CODE/experiments_logs/system_log/tomato/scene_03_step50/when_what_ours_when_only_thres_0-8_rand_0-4/exp_tomato_20260912_154624_774244.txt,2026-09-12 15:46:24,True,26,-35.0,19,11,0.4230769230769231,9.1425,,,1712963344,,GOAL DONE,,,,,,,,,50,8000,9.082,0.3493,0.0323,0.0012,0.0125,0.0005,0.0086,0.0003,0.0063,0.0002,9.1423,0.3516,,,,,,,,,,,,
tomato,when_what,ours_when_only,0.8,scene_03,2231,/home/fr/brl/02_BRL_POMDP_CODE/experiments_logs/system_log/tomato/scene_03_step50/when_what_ours_when_only_thres_0-8_rand_0-4/exp_tomato_20260912_154647_827142.txt,2026-09-12 15:46:47,True,15,25.0,17,7,0.4666666666666667,4.6129,,,1016817503,,GOAL DONE,,,,,,,,,50,8000,4.5758,0.3051,0.0139,0.0009,0.0099,0.0007,0.0086,0.0006,0.0043,0.0003,4.6128,0.3075,,,,,,,,,,,,
tomato,when_what,ours_when_only,0.8,scene_03,2232,/home/fr/brl/02_BRL_POMDP_CODE/experiments_logs/system_log/tomato/scene_03_step50/when_what_ours_when_only_thres_0-8_rand_0-4/exp_tomato_20260912_154702_806861.txt,2026-09-12 15:47:02,True,14,20.0,10,4,0.2857142857142857,4.1936,,,4252591664,,GOAL DONE,,,,,,,,,50,8000,4.1666,0.2976,0.0122,0.0009,0.0052,0.0004,0.0053,0.0004,0.0039,0.0003,4.1935,0.2995,,,,,,,,,,,,
tomato,when_what,ours_when_only,0.8,scene_03,2233,/home/fr/brl/02_BRL_POMDP_CODE/experiments_logs/system_log/tomato/scene_03_step50/when_what_ours_when_only_thres_0-8_rand_0-4/exp_tomato_20260912_154721_084410.txt,2026-09-12 15:47:21,True,16,20.0,19,7,0.4375,4.715,,,2630779126,,GOAL DONE,,,,,,,,,50,8000,4.6794,0.2925,0.0142,0.0009,0.0083,0.0005,0.0088,0.0005,0.0038,0.0002,4.7149,0.2947,,,,,,,,,,,,
tomato,when_what,ours_when_only,0.8,scene_03,2234,/home/fr/brl/02_BRL_POMDP_CODE/experiments_logs/system_log/tomato/scene_03_step50/when_what_ours_when_only_thres_0-8_rand_0-4/exp_tomato_20260912_154744_893916.txt,2026-09-12 15:47:44,True,17,-5.0,22,8,0.47058823529411764,5.695,,,822900858,,GOAL DONE,,,,,,,,,50,8000,5.656,0.3327,0.0175,0.001,0.0086,0.0005,0.0075,0.0004,0.005,0.0003,5.6949,0.335,,,,,,,,,,,,
tomato,when_what,ours_when_only,0.8,scene_03,2235,/home/fr/brl/02_BRL_POMDP_CODE/experiments_logs/system_log/tomato/scene_03_step50/when_what_ours_when_only_thres_0-8_rand_0-4/exp_tomato_20260912_154806_621887.txt,2026-09-12 15:48:06,True,19,-5.0,21,9,0.47368421052631576,5.9985,,,604486275,,GOAL DONE,,,,,,,,,50,8000,5.9581,0.3136,0.0179,0.0009,0.0083,0.0004,0.0085,0.0004,0.0051,0.0003,5.9984,0.3157,,,,,,,,,,,,
tomato,when_what,ours_when_only,0.8,scene_03,2236,/home/fr/brl/02_BRL_POMDP_CODE/experiments_logs/system_log/tomato/scene_03_step50/when_what_ours_when_only_thres_0-8_rand_0-4/exp_tomato_20260912_154826_589783.txt,2026-09-12 15:48:26,True,22,0.0,23,10,0.45454545454545453,7.2498,,,522031486,,GOAL DONE,,,,,,,,,50,8000,7.1991,0.3272,0.0228,0.001,0.0118,0.0005,0.0098,0.0004,0.0058,0.0003,7.2497,0.3295,,,,,,,,,,,,
tomato,when_what,ours_when_only,0.8,scene_03,2237,/home/fr/brl/02_BRL_POMDP_CODE/experiments_logs/system_log/tomato/scene_03_step50/when_what_ours_when_only_thres_0-8_rand_0-4/exp_tomato_20260912_154848_137733.txt,2026-09-12 15:48:48,True,22,5.0,27,10,0.45454545454545453,6.3464,,,2184183196,,GOAL DONE,,,,,,,,,50,8000,6.2951,0.2861,0.0204,0.0009,0.0127,0.0006,0.0112,0.0005,0.0065,0.0003,6.3463,0.2885,,,,,,,,,,,,
tomato,when_what,ours_when_only,0.8,scene_03,2238,/home/fr/brl/02_BRL_POMDP_CODE/experiments_logs/system_log/tomato/scene_03_step50/when_what_ours_when_only_thres_0-8_rand_0-4/exp_tomato_20260912_154924_995380.txt,2026-09-12 15:49:24,True,15,25.0,18,8,0.5333333333333333,4.8645,,,2418572032,,GOAL DONE,,,,,,,,,50,8000,4.8299,0.322,0.0151,0.001,0.0072,0.0005,0.0073,0.0005,0.0046,0.0003,4.8644,0.3243,,,,,,,,,,,,
tomato,when_what,ours_when_only,0.8,scene_03,2239,/home/fr/brl/02_BRL_POMDP_CODE/experiments_logs/system_log/tomato/scene_03_step50/when_what_ours_when_only_thres_0-8_rand_0-4/exp_tomato_20260912_155004_156293.txt,2026-09-12 15:50:04,True,22,-15.0,16,8,0.36363636363636365,6.9941,,,2436888965,,GOAL DONE,,,,,,,,,50,8000,6.9485,0.3158,0.0219,0.001,0.0095,0.0004,0.0077,0.0004,0.0058,0.0003,6.9939,0.3179,,,,,,,,,,,,
tomato,when_what,ours_when_only,0.8,scene_03,2240,/home/fr/brl/02_BRL_POMDP_CODE/experiments_logs/system_log/tomato/scene_03_step50/when_what_ours_when_only_thres_0-8_rand_0-4/exp_tomato_20260912_155035_486700.txt,2026-09-12 15:50:35,True,29,-15.0,41,16,0.5517241379310345,9.2954,,,598183825,,GOAL DONE,,,,,,,,,50,8000,9.2281,0.3182,0.0294,0.001,0.0158,0.0005,0.0127,0.0004,0.0086,0.0003,9.2953,0.3205,,,,,,,,,,,,
tomato,when_what,random,0.8,scene_03,2241,/home/fr/brl/02_BRL_POMDP_CODE/experiments_logs/system_log/tomato/scene_03_step50/when_what_random_thres_0-8_rand_0-4/exp_tomato_20260912_153402_219623.txt,2026-09-12 15:34:02,False,8,5.0,8,3,0.375,2.1363,,,2973460405,,PLAN FAILURE,,,,,,,,,50,8000,2.1139,0.2642,0.0077,0.001,0.0074,0.0009,0.0052,0.0006,0.0019,0.0002,2.1362,0.267,,,,,,,,,,,,
tomato,when_what,random,0.8,scene_03,2242,/home/fr/brl/02_BRL_POMDP_CODE/experiments_logs/system_log/tomato/scene_03_step50/when_what_random_thres_0-8_rand_0-4/exp_tomato_20260912_153427_896225.txt,2026-09-12 15:34:27,True,30,-10.0,28,13,0.43333333333333335,10.1266,,,2984508209,,GOAL DONE,,,,,,,,,50,8000,10.0628,0.3354,0.0306,0.001,0.0129,0.0004,0.0099,0.0003,0.0096,0.0003,10.1264,0.3375,,,,,,,,,,,,
tomato,when_what,random,0.8,scene_03,2243,/home/fr/brl/02_BRL_POMDP_CODE/experiments_logs/system_log/tomato/scene_03_step50/when_what_random_thres_0-8_rand_0-4/exp_tomato_20260912_153502_398064.txt,2026-09-12 15:35:02,True,23,-10.0,14,11,0.4782608695652174,7.2002,,,3328359470,,GOAL DONE,,,,,,,,,50,8000,7.1492,0.3108,0.0244,0.0011,0.0141,0.0006,0.0053,0.0002,0.0064,0.0003,7.2,0.313,,,,,,,,,,,,
tomato,when_what,random,0.8,scene_03,2244,/home/fr/brl/02_BRL_POMDP_CODE/experiments_logs/system_log/tomato/scene_03_step50/when_what_random_thres_0-8_rand_0-4/exp_tomato_20260912_153522_413432.txt,2026-09-12 15:35:22,False,12,10.0,4,2,0.16666666666666666,3.2827,,,2542173252,,PLAN FAILURE,,,,,,,,,50,8000,3.2591,0.2716,0.0107,0.0009,0.0057,0.0005,0.0035,0.0003,0.0035,0.0003,3.2826,0.2735,,,,,,,,,,,,
tomato,when_what,random,0.8,scene_03,2245,/home/fr/brl/02_BRL_POMDP_CODE/experiments_logs/system_log/tomato/scene_03_step50/when_what_random_thres_0-8_rand_0-4/exp_tomato_20260912_153543_120503.txt,2026-09-12 15:35:43,True,19,-5.0,14,7,0.3684210526315789,6.3853,,,1895575310,,GOAL DONE,,,,,,,,,50,8000,6.3445,0.3339,0.0185,0.001,0.0079,0.0004,0.0073,0.0004,0.0064,0.0003,6.3851,0.3361,,,,,,,,,,,,
tomato,when_what,random,0.8,scene_03,2246,/home/fr/brl/02_BRL_POMDP_CODE/experiments_logs/system_log/tomato/scene_03_step50/when_what_random_thres_0-8_rand_0-4/exp_tomato_20260912_153605_291230.txt,2026-09-12 15:36:05,True,17,10.0,9,2,0.11764705882352941,5.1637,,,3142806667,,GOAL DONE,,,,,,,,,50,8000,5.1286,0.3017,0.016,0.0009,0.0072,0.0004,0.0062,0.0004,0.0053,0.0003,5.1636,0.3037,,,,,,,,,,,,
tomato,when_what,random,0.8,scene_03,2247,/home/fr/brl/02_BRL_POMDP_CODE/experiments_logs/system_log/tomato/scene_03_step50/when_what_random_thres_0-8_rand_0-4/exp_tomato_20260912_153622_847916.txt,2026-09-12 15:36:22,False,6,-5.0,4,1,0.16666666666666666,1.5244,,,1700967682,,PLAN FAILURE,,,,,,,,,50,8000,1.5074,0.2512,0.0051,0.0009,0.0063,0.0011,0.004,0.0007,0.0014,0.0002,1.5244,0.2541,,,,,,,,,,,,
tomato,when_what,random,0.8,scene_03,2248,/home/fr/brl/02_BRL_POMDP_CODE/experiments_logs/system_log/tomato/scene_03_step50/when_what_random_thres_0-8_rand_0-4/exp_tomato_20260912_153640_337974.txt,2026-09-12 15:36:40,False,18,5.0,15,9,0.5,5.9414,,,3374813224,,PLAN FAILURE,,,,,,,,,50,8000,5.8991,0.3277,0.0196,0.0011,0.0112,0.0006,0.0055,0.0003,0.0055,0.0003,5.9413,0.3301,,,,,,,,,,,,
tomato,when_what,random,0.8,scene_03,2249,/home/fr/brl/02_BRL_POMDP_CODE/experiments_logs/system_log/tomato/scene_03_step50/when_what_random_thres_0-8_rand_0-4/exp_tomato_20260912_153703_179303.txt,2026-09-12 15:37:03,True,15,25.0,7,5,0.3333333333333333,4.8128,,,2230064310,,GOAL DONE,,,,,,,,,50,8000,4.7826,0.3188,0.014,0.0009,0.0076,0.0005,0.0037,0.0002,0.0047,0.0003,4.8128,0.3209,,,,,,,,,,,,
tomato,when_what,random,0.8,scene_03,2250,/home/fr/brl/02_BRL_POMDP_CODE/experiments_logs/system_log/tomato/scene_03_step50/when_what_random_thres_0-8_rand_0-4/exp_tomato_20260912_153720_253951.txt,2026-09-12 15:37:20,False,7,-5.0,2,2,0.2857142857142857,1.9901,,,2370079434,,PLAN FAILURE,,,,,,,,,50,8000,1.9764,0.2823,0.0057,0.0008,0.0036,0.0005,0.0025,0.0004,0.0018,0.0003,1.9901,0.2843,,,,,,,,,,,,
tomato,when_what,random,0.8,scene_03,2251,/home/fr/brl/02_BRL_POMDP_CODE/experiments_logs/system_log/tomato/scene_03_step50/when_what_random_thres_0-8_rand_0-4/exp_tomato_20260912_153738_994421.txt,2026-09-12 15:37:38,True,19,5.0,14,8,0.42105263157894735,6.4471,,,3620707437,,GOAL DONE,,,,,,,,,50,8000,6.4055,0.3371,0.0189,0.001,0.0099,0.0005,0.007,0.0004,0.0052,0.0003,6.447,0.3393,,,,,,,,,,,,
tomato,when_what,random,0.8,scene_03,2252,/home/fr/brl/02_BRL_POMDP_CODE/experiments_logs/system_log/tomato/scene_03_step50/when_what_random_thres_0-8_rand_0-4/exp_tomato_20260912_153757_480822.txt,2026-09-12 15:37:57,False,11,-20.0,10,4,0.36363636363636365,2.9965,,,1447435166,,PLAN FAILURE,,,,,,,,,50,8000,2.9711,0.2701,0.009,0.0008,0.0071,0.0006,0.0063,0.0006,0.0027,0.0002,2.9965,0.2724,,,,,,,,,,,,
tomato,when_what,random,0.8,scene_03,2253,/home/fr/brl/02_BRL_POMDP_CODE/experiments_logs/system_log/tomato/scene_03_step50/when_what_random_thres_0-8_rand_0-4/exp_tomato_20260912_153835_838845.txt,2026-09-12 15:38:35,True,21,-15.0,12,5,0.23809523809523808,7.1485,,,975151081,,GOAL DONE,,,,,,,,,50,8000,7.1062,0.3384,0.0202,0.001,0.009,0.0004,0.0068,0.0003,0.0057,0.0003,7.1484,0.3404,,,,,,,,,,,,
tomato,when_what,random,0.8,scene_03,2254,/home/fr/brl/02_BRL_POMDP_CODE/experiments_logs/system_log/tomato/scene_03_step50/when_what_random_thres_0-8_rand_0-4/exp_tomato_20260912_153900_238565.txt,2026-09-12 15:39:00,True,21,0.0,6,6,0.2857142857142857,7.051,,,3909183007,,GOAL DONE,,,,,,,,,50,8000,7.0102,0.3338,0.0206,0.001,0.0093,0.0004,0.004,0.0002,0.0064,0.0003,7.0509,0.3358,,,,,,,,,,,,
tomato,when_what,random,0.8,scene_03,2255,/home/fr/brl/02_BRL_POMDP_CODE/experiments_logs/system_log/tomato/scene_03_step50/when_what_random_thres_0-8_rand_0-4/exp_tomato_20260912_153921_755696.txt,2026-09-12 15:39:21,True,17,10.0,9,8,0.47058823529411764,4.9267,,,3611211411,,GOAL DONE,,,,,,,,,50,8000,4.8973,0.2881,0.0149,0.0009,0.0052,0.0003,0.0036,0.0002,0.0052,0.0003,4.9266,0.2898,,,,,,,,,,,,
tomato,when_what,random,0.8,scene_03,2256,/home/fr/brl/02_BRL_POMDP_CODE/experiments_logs/system_log/tomato/scene_03_step50/when_what_random_thres_0-8_rand_0-4/exp_tomato_20260912_153940_922681.txt,2026-09-12 15:39:40,True,17,5.0,11,6,0.35294117647058826,5.3217,,,1454289978,,GOAL DONE,,,,,,,,,50,8000,5.283,0.3108,0.0166,0.001,0.0104,0.0006,0.0063,0.0004,0.0048,0.0003,5.3216,0.313,,,,,,,,,,,,
tomato,when_what,random,0.8,scene_03,2257,/home/fr/brl/02_BRL_POMDP_CODE/experiments_logs/system_log/tomato/scene_03_step50/when_what_random_thres_0-8_rand_0-4/exp_tomato_20260912_154005_437519.txt,2026-09-12 15:40:05,True,21,-10.0,20,7,0.3333333333333333,6.9065,,,3631765459,,GOAL DONE,,,,,,,,,50,8000,6.8604,0.3267,0.0207,0.001,0.011,0.0005,0.0079,0.0004,0.0059,0.0003,6.9064,0.3289,,,,,,,,,,,,
tomato,when_what,random,0.8,scene_03,2258,/home/fr/brl/02_BRL_POMDP_CODE/experiments_logs/system_log/tomato/scene_03_step50/when_what_random_thres_0-8_rand_0-4/exp_tomato_20260912_154032_904878.txt,2026-09-12 15:40:32,True,22,-30.0,23,9,0.4090909090909091,6.4003,,,1005437090,,GOAL DONE,,,,,,,,,50,8000,6.3474,0.2885,0.0214,0.001,0.0143,0.0006,0.0107,0.0005,0.0061,0.0003,6.4002,0.2909,,,,,,,,,,,,
tomato,when_what,random,0.8,scene_03,2259,/home/fr/brl/02_BRL_POMDP_CODE/experiments_logs/system_log/tomato/scene_03_step50/when_what_random_thres_0-8_rand_0-4/exp_tomato_20260912_154059_741912.txt,2026-09-12 15:40:59,False,10,10.0,3,3,0.3,2.7553,,,2107246049,,PLAN FAILURE,,,,,,,,,50,8000,2.735,0.2735,0.009,0.0009,0.0055,0.0006,0.0028,0.0003,0.0028,0.0003,2.7553,0.2755,,,,,,,,,,,,
tomato,when_what,random,0.8,scene_03,2260,/home/fr/brl/02_BRL_POMDP_CODE/experiments_logs/system_log/tomato/scene_03_step50/when_what_random_thres_0-8_rand_0-4/exp_tomato_20260912_154122_594172.txt,2026-09-12 15:41:22,True,21,5.0,9,6,0.2857142857142857,7.0067,,,2559286479,,GOAL DONE,,,,,,,,,50,8000,6.9633,0.3316,0.0209,0.001,0.0093,0.0004,0.0066,0.0003,0.006,0.0003,7.0065,0.3336,,,,,,,,,,,,
tomato,when_what,random,0.8,scene_03,2261,/home/fr/brl/02_BRL_POMDP_CODE/experiments_logs/system_log/tomato/scene_03_step50/when_what_random_thres_0-8_rand_0-4/exp_tomato_20260912_154149_924291.txt,2026-09-12 15:41:49,True,24,-5.0,19,14,0.5833333333333334,7.9746,,,3814785464,,GOAL DONE,,,,,,,,,50,8000,7.9308,0.3304,0.0217,0.0009,0.0084,0.0003,0.0056,0.0002,0.0076,0.0003,7.9745,0.3323,,,,,,,,,,,,
tomato,when_what,random,0.8,scene_03,2262,/home/fr/brl/02_BRL_POMDP_CODE/experiments_logs/system_log/tomato/scene_03_step50/when_what_random_thres_0-8_rand_0-4/exp_tomato_20260912_154236_321429.txt,2026-09-12 15:42:36,False,50,-75.0,29,18,0.36,19.0315,,,1252332960,,MAX STEP,,,,,,,,,50,8000,18.914,0.3783,0.0617,0.0012,0.0302,0.0006,0.01,0.0002,0.0142,0.0003,19.0312,0.3806,,,,,,,,,,,,
tomato,when_what,random,0.8,scene_03,2263,/home/fr/brl/02_BRL_POMDP_CODE/experiments_logs/system_log/tomato/scene_03_step50/when_what_random_thres_0-8_rand_0-4/exp_tomato_20260912_154324_115851.txt,2026-09-12 15:43:24,True,19,10.0,8,7,0.3684210526315789,6.3173,,,4008873019,,GOAL DONE,,,,,,,,,50,8000,6.2794,0.3305,0.0188,0.001,0.0093,0.0005,0.0038,0.0002,0.0056,0.0003,6.3172,0.3325,,,,,,,,,,,,
tomato,when_what,random,0.8,scene_03,2264,/home/fr/brl/02_BRL_POMDP_CODE/experiments_logs/system_log/tomato/scene_03_step50/when_what_random_thres_0-8_rand_0-4/exp_tomato_20260912_154347_639700.txt,2026-09-12 15:43:47,True,21,10.0,7,5,0.23809523809523808,6.8875,,,1627605610,,GOAL DONE,,,,,,,,,50,8000,6.8474,0.3261,0.0209,0.001,0.0092,0.0004,0.004,0.0002,0.0055,0.0003,6.8874,0.328,,,,,,,,,,,,
tomato,when_what,random,0.8,scene_03,2265,/home/fr/brl/02_BRL_POMDP_CODE/experiments_logs/system_log/tomato/scene_03_step50/when_what_random_thres_0-8_rand_0-4/exp_tomato_20260912_154418_328492.txt,2026-09-12 15:44:18,True,16,15.0,10,7,0.4375,4.796,,,2197107180,,GOAL DONE,,,,,,,,,50,8000,4.7659,0.2979,0.0148,0.0009,0.0064,0.0004,0.004,0.0003,0.0044,0.0003,4.7959,0.2997,,,,,,,,,,,,
tomato,when_what,random,0.8,scene_03,2266,/home/fr/brl/02_BRL_POMDP_CODE/experiments_logs/system_log/tomato/scene_03_step50/when_what_random_thres_0-8_rand_0-4/exp_tomato_20260912_154435_724306.txt,2026-09-12 15:44:35,False,9,20.0,9,3,0.3333333333333333,2.5867,,,70087057,,PLAN FAILURE,,,,,,,,,50,8000,2.5658,0.2851,0.0081,0.0009,0.0052,0.0006,0.0049,0.0005,0.0025,0.0003,2.5866,0.2874,,,,,,,,,,,,
tomato,when_what,random,0.8,scene_03,2267,/home/fr/brl/02_BRL_POMDP_CODE/experiments_logs/system_log/tomato/scene_03_step50/when_what_random_thres_0-8_rand_0-4/exp_tomato_20260912_154456_270930.txt,2026-09-12 15:44:56,True,19,-5.0,14,9,0.47368421052631576,6.2762,,,8630651,,GOAL DONE,,,,,,,,,50,8000,6.2361,0.3282,0.0195,0.001,0.0096,0.0005,0.0046,0.0002,0.0059,0.0003,6.2761,0.3303,,,,,,,,,,,,
tomato,when_what,random,0.8,scene_03,2268,/home/fr/brl/02_BRL_POMDP_CODE/experiments_logs/system_log/tomato/scene_03_step50/when_what_random_thres_0-8_rand_0-4/exp_tomato_20260912_154525_676240.txt,2026-09-12 15:45:25,True,23,-5.0,22,9,0.391304347826087,7.2472,,,657498695,,GOAL DONE,,,,,,,,,50,8000,7.1947,0.3128,0.0236,0.001,0.013,0.0006,0.0093,0.0004,0.006,0.0003,7.2471,0.3151,,,,,,,,,,,,
tomato,when_what,random,0.8,scene_03,2269,/home/fr/brl/02_BRL_POMDP_CODE/experiments_logs/system_log/tomato/scene_03_step50/when_what_random_thres_0-8_rand_0-4/exp_tomato_20260912_154554_741913.txt,2026-09-12 15:45:54,True,14,15.0,6,6,0.42857142857142855,4.2703,,,1193704404,,GOAL DONE,,,,,,,,,50,8000,4.2454,0.3032,0.012,0.0009,0.0051,0.0004,0.0033,0.0002,0.0042,0.0003,4.2702,0.305,,,,,,,,,,,,
tomato,when_what,random,0.8,scene_03,2270,/home/fr/brl/02_BRL_POMDP_CODE/experiments_logs/system_log/tomato/scene_03_step50/when_what_random_thres_0-8_rand_0-4/exp_tomato_20260912_154615_499617.txt,2026-09-12 15:46:15,False,21,-20.0,9,6,0.2857142857142857,6.8349,,,1712963344,,PLAN FAILURE,,,,,,,,,50,8000,6.7949,0.3236,0.0198,0.0009,0.0094,0.0004,0.0048,0.0002,0.0054,0.0003,6.8348,0.3255,,,,,,,,,,,,
tomato,when_what,random,0.8,scene_03,2271,/home/fr/brl/02_BRL_POMDP_CODE/experiments_logs/system_log/tomato/scene_03_step50/when_what_random_thres_0-8_rand_0-4/exp_tomato_20260912_154643_085739.txt,2026-09-12 15:46:43,False,8,0.0,3,3,0.375,2.1339,,,1016817503,,PLAN FAILURE,,,,,,,,,50,8000,2.1157,0.2645,0.0069,0.0009,0.0067,0.0008,0.0024,0.0003,0.0019,0.0002,2.1339,0.2667,,,,,,,,,,,,
tomato,when_what,random,0.8,scene_03,2272,/home/fr/brl/02_BRL_POMDP_CODE/experiments_logs/system_log/tomato/scene_03_step50/when_what_random_thres_0-8_rand_0-4/exp_tomato_20260912_154658_482934.txt,2026-09-12 15:46:58,False,11,-10.0,12,5,0.45454545454545453,3.4751,,,4252591664,,PLAN FAILURE,,,,,,,,,50,8000,3.4501,0.3136,0.0106,0.001,0.007,0.0006,0.0047,0.0004,0.0026,0.0002,3.475,0.3159,,,,,,,,,,,,
tomato,when_what,random,0.8,scene_03,2273,/home/fr/brl/02_BRL_POMDP_CODE/experiments_logs/system_log/tomato/scene_03_step50/when_what_random_thres_0-8_rand_0-4/exp_tomato_20260912_154716_236614.txt,2026-09-12 15:47:16,True,17,-5.0,13,8,0.47058823529411764,5.2815,,,2630779126,,GOAL DONE,,,,,,,,,50,8000,5.247,0.3086,0.0165,0.001,0.0087,0.0005,0.0045,0.0003,0.0045,0.0003,5.2814,0.3107,,,,,,,,,,,,
tomato,when_what,random,0.8,scene_03,2274,/home/fr/brl/02_BRL_POMDP_CODE/experiments_logs/system_log/tomato/scene_03_step50/when_what_random_thres_0-8_rand_0-4/exp_tomato_20260912_154739_067672.txt,2026-09-12 15:47:39,False,20,-5.0,3,3,0.15,6.8898,,,822900858,,PLAN FAILURE,,,,,,,,,50,8000,6.8492,0.3425,0.0208,0.001,0.0105,0.0005,0.0034,0.0002,0.0053,0.0003,6.8896,0.3445,,,,,,,,,,,,
tomato,when_what,random,0.8,scene_03,2275,/home/fr/brl/02_BRL_POMDP_CODE/experiments_logs/system_log/tomato/scene_03_step50/when_what_random_thres_0-8_rand_0-4/exp_tomato_20260912_154800_494162.txt,2026-09-12 15:48:00,False,10,10.0,5,4,0.4,2.874,,,604486275,,PLAN FAILURE,,,,,,,,,50,8000,2.8495,0.285,0.0083,0.0008,0.0106,0.0011,0.0028,0.0003,0.0024,0.0002,2.8739,0.2874,,,,,,,,,,,,
tomato,when_what,random,0.8,scene_03,2276,/home/fr/brl/02_BRL_POMDP_CODE/experiments_logs/system_log/tomato/scene_03_step50/when_what_random_thres_0-8_rand_0-4/exp_tomato_20260912_154819_208310.txt,2026-09-12 15:48:19,False,11,5.0,1,1,0.09090909090909091,3.3983,,,522031486,,PLAN FAILURE,,,,,,,,,50,8000,3.3749,0.3068,0.0108,0.001,0.0072,0.0007,0.0026,0.0002,0.0025,0.0002,3.3983,0.3089,,,,,,,,,,,,
tomato,when_what,random,0.8,scene_03,2277,/home/fr/brl/02_BRL_POMDP_CODE/experiments_logs/system_log/tomato/scene_03_step50/when_what_random_thres_0-8_rand_0-4/exp_tomato_20260912_154841_664042.txt,2026-09-12 15:48:41,True,19,-5.0,14,7,0.3684210526315789,5.5141,,,2184183196,,GOAL DONE,,,,,,,,,50,8000,5.4746,0.2881,0.0173,0.0009,0.0105,0.0006,0.0054,0.0003,0.0058,0.0003,5.514,0.2902,,,,,,,,,,,,
tomato,when_what,random,0.8,scene_03,2278,/home/fr/brl/02_BRL_POMDP_CODE/experiments_logs/system_log/tomato/scene_03_step50/when_what_random_thres_0-8_rand_0-4/exp_tomato_20260912_154920_000222.txt,2026-09-12 15:49:20,False,50,-115.0,14,11,0.22,19.4658,,,2418572032,,MAX STEP,,,,,,,,,50,8000,19.3515,0.387,0.0642,0.0013,0.0274,0.0005,0.0065,0.0001,0.0147,0.0003,19.4655,0.3893,,,,,,,,,,,,
tomato,when_what,random,0.8,scene_03,2279,/home/fr/brl/02_BRL_POMDP_CODE/experiments_logs/system_log/tomato/scene_03_step50/when_what_random_thres_0-8_rand_0-4/exp_tomato_20260912_154957_027450.txt,2026-09-12 15:49:57,True,22,-15.0,20,11,0.5,7.1264,,,2436888965,,GOAL DONE,,,,,,,,,50,8000,7.0789,0.3218,0.0227,0.001,0.0096,0.0004,0.0084,0.0004,0.0061,0.0003,7.1262,0.3239,,,,,,,,,,,,
tomato,when_what,random,0.8,scene_03,2280,/home/fr/brl/02_BRL_POMDP_CODE/experiments_logs/system_log/tomato/scene_03_step50/when_what_random_thres_0-8_rand_0-4/exp_tomato_20260912_155026_069282.txt,2026-09-12 15:50:26,True,36,-45.0,24,14,0.3888888888888889,12.5297,,,598183825,,GOAL DONE,,,,,,,,,50,8000,12.4531,0.3459,0.0369,0.001,0.02,0.0006,0.0089,0.0002,0.0099,0.0003,12.5295,0.348,,,,,,,,,,,,
tomato,when_what,ours,0.8,scene_04,2881,/home/fr/brl/02_BRL_POMDP_CODE/experiments_logs/system_log/tomato/scene_04_step50/when_what_ours_thres_0-8_rand_0-4/exp_tomato_20260912_155110_973800.txt,2026-09-12 15:51:10,True,15,15.0,10,6,0.4,5.0049,,,1589093347,,GOAL DONE,,,,,,,,,50,8000,4.9718,0.3315,0.0144,0.001,0.0064,0.0004,0.0063,0.0004,0.0056,0.0004,5.0048,0.3337,,,,,,,,,,,,
tomato,when_what,ours,0.8,scene_04,2882,/home/fr/brl/02_BRL_POMDP_CODE/experiments_logs/system_log/tomato/scene_04_step50/when_what_ours_thres_0-8_rand_0-4/exp_tomato_20260912_155144_483203.txt,2026-09-12 15:51:44,True,24,-20.0,30,13,0.5416666666666666,8.0636,,,712937450,,GOAL DONE,,,,,,,,,50,8000,7.9988,0.3333,0.0269,0.0011,0.0176,0.0007,0.0136,0.0006,0.0061,0.0003,8.0635,0.336,,,,,,,,,,,,
tomato,when_what,ours,0.8,scene_04,2883,/home/fr/brl/02_BRL_POMDP_CODE/experiments_logs/system_log/tomato/scene_04_step50/when_what_ours_thres_0-8_rand_0-4/exp_tomato_20260912_155203_634489.txt,2026-09-12 15:52:03,True,18,5.0,12,8,0.4444444444444444,5.839,,,3614412854,,GOAL DONE,,,,,,,,,50,8000,5.7998,0.3222,0.0181,0.001,0.0089,0.0005,0.0071,0.0004,0.0046,0.0003,5.8389,0.3244,,,,,,,,,,,,
tomato,when_what,ours,0.8,scene_04,2884,/home/fr/brl/02_BRL_POMDP_CODE/experiments_logs/system_log/tomato/scene_04_step50/when_what_ours_thres_0-8_rand_0-4/exp_tomato_20260912_155226_592402.txt,2026-09-12 15:52:26,True,18,5.0,9,6,0.3333333333333333,5.6294,,,2390740933,,GOAL DONE,,,,,,,,,50,8000,5.5926,0.3107,0.0173,0.001,0.0073,0.0004,0.0064,0.0004,0.0053,0.0003,5.6293,0.3127,,,,,,,,,,,,
tomato,when_what,ours,0.8,scene_04,2885,/home/fr/brl/02_BRL_POMDP_CODE/experiments_logs/system_log/tomato/scene_04_step50/when_what_ours_thres_0-8_rand_0-4/exp_tomato_20260912_155251_547575.txt,2026-09-12 15:52:51,True,18,15.0,11,6,0.3333333333333333,6.0048,,,2642505031,,GOAL DONE,,,,,,,,,50,8000,5.9666,0.3315,0.0175,0.001,0.0079,0.0004,0.007,0.0004,0.0053,0.0003,6.0047,0.3336,,,,,,,,,,,,
tomato,when_what,ours,0.8,scene_04,2886,/home/fr/brl/02_BRL_POMDP_CODE/experiments_logs/system_log/tomato/scene_04_step50/when_what_ours_thres_0-8_rand_0-4/exp_tomato_20260912_155318_685263.txt,2026-09-12 15:53:18,True,20,5.0,16,9,0.45,6.5523,,,442300768,,GOAL DONE,,,,,,,,,50,8000,6.5092,0.3255,0.0193,0.001,0.0092,0.0005,0.0081,0.0004,0.0059,0.0003,6.5522,0.3276,,,,,,,,,,,,
tomato,when_what,ours,0.8,scene_04,2887,/home/fr/brl/02_BRL_POMDP_CODE/experiments_logs/system_log/tomato/scene_04_step50/when_what_ours_thres_0-8_rand_0-4/exp_tomato_20260912_155351_671345.txt,2026-09-12 15:53:51,True,20,-20.0,17,9,0.45,6.4659,,,3661502133,,GOAL DONE,,,,,,,,,50,8000,6.4235,0.3212,0.0195,0.001,0.0088,0.0004,0.0078,0.0004,0.0057,0.0003,6.4658,0.3233,,,,,,,,,,,,
tomato,when_what,ours,0.8,scene_04,2888,/home/fr/brl/02_BRL_POMDP_CODE/experiments_logs/system_log/tomato/scene_04_step50/when_what_ours_thres_0-8_rand_0-4/exp_tomato_20260912_155417_885311.txt,2026-09-12 15:54:17,True,21,-25.0,15,9,0.42857142857142855,7.0332,,,236854069,,GOAL DONE,,,,,,,,,50,8000,6.9861,0.3327,0.0215,0.001,0.0109,0.0005,0.0082,0.0004,0.006,0.0003,7.0331,0.3349,,,,,,,,,,,,
tomato,when_what,ours,0.8,scene_04,2889,/home/fr/brl/02_BRL_POMDP_CODE/experiments_logs/system_log/tomato/scene_04_step50/when_what_ours_thres_0-8_rand_0-4/exp_tomato_20260912_155427_844508.txt,2026-09-12 15:54:27,False,3,0.0,1,1,0.3333333333333333,0.7372,,,2387734993,,PLAN FAILURE,,,,,,,,,50,8000,0.7277,0.2426,0.0025,0.0008,0.0031,0.001,0.0034,0.0011,0.0004,0.0001,0.7372,0.2457,,,,,,,,,,,,
tomato,when_what,ours,0.8,scene_04,2890,/home/fr/brl/02_BRL_POMDP_CODE/experiments_logs/system_log/tomato/scene_04_step50/when_what_ours_thres_0-8_rand_0-4/exp_tomato_20260912_155454_866703.txt,2026-09-12 15:54:54,True,20,-25.0,19,10,0.5,6.578,,,321661848,,GOAL DONE,,,,,,,,,50,8000,6.5303,0.3265,0.0214,0.0011,0.0113,0.0006,0.009,0.0005,0.0054,0.0003,6.5779,0.3289,,,,,,,,,,,,
tomato,when_what,ours,0.8,scene_04,2891,/home/fr/brl/02_BRL_POMDP_CODE/experiments_logs/system_log/tomato/scene_04_step50/when_what_ours_thres_0-8_rand_0-4/exp_tomato_20260912_155525_329438.txt,2026-09-12 15:55:25,True,17,-10.0,13,8,0.47058823529411764,5.2628,,,2993320002,,GOAL DONE,,,,,,,,,50,8000,5.2297,0.3076,0.0152,0.0009,0.0062,0.0004,0.0068,0.0004,0.0045,0.0003,5.2627,0.3096,,,,,,,,,,,,
tomato,when_what,ours,0.8,scene_04,2892,/home/fr/brl/02_BRL_POMDP_CODE/experiments_logs/system_log/tomato/scene_04_step50/when_what_ours_thres_0-8_rand_0-4/exp_tomato_20260912_155546_419502.txt,2026-09-12 15:55:46,True,16,-5.0,15,8,0.5,4.8354,,,1109362184,,GOAL DONE,,,,,,,,,50,8000,4.8008,0.3,0.0149,0.0009,0.0071,0.0004,0.0076,0.0005,0.0046,0.0003,4.8353,0.3022,,,,,,,,,,,,
tomato,when_what,ours,0.8,scene_04,2893,/home/fr/brl/02_BRL_POMDP_CODE/experiments_logs/system_log/tomato/scene_04_step50/when_what_ours_thres_0-8_rand_0-4/exp_tomato_20260912_155609_833478.txt,2026-09-12 15:56:09,True,16,-10.0,12,7,0.4375,4.9354,,,3815955531,,GOAL DONE,,,,,,,,,50,8000,4.9015,0.3063,0.0148,0.0009,0.007,0.0004,0.0071,0.0004,0.0047,0.0003,4.9353,0.3085,,,,,,,,,,,,
tomato,when_what,ours,0.8,scene_04,2894,/home/fr/brl/02_BRL_POMDP_CODE/experiments_logs/system_log/tomato/scene_04_step50/when_what_ours_thres_0-8_rand_0-4/exp_tomato_20260912_155627_782020.txt,2026-09-12 15:56:27,True,17,0.0,17,7,0.4117647058823529,5.5149,,,2941533860,,GOAL DONE,,,,,,,,,50,8000,5.4753,0.3221,0.0167,0.001,0.0087,0.0005,0.0088,0.0005,0.005,0.0003,5.5148,0.3244,,,,,,,,,,,,
tomato,when_what,ours,0.8,scene_04,2895,/home/fr/brl/02_BRL_POMDP_CODE/experiments_logs/system_log/tomato/scene_04_step50/when_what_ours_thres_0-8_rand_0-4/exp_tomato_20260912_155649_936155.txt,2026-09-12 15:56:49,True,21,0.0,8,7,0.3333333333333333,6.4275,,,2020323328,,GOAL DONE,,,,,,,,,50,8000,6.3888,0.3042,0.019,0.0009,0.0069,0.0003,0.0063,0.0003,0.0061,0.0003,6.4274,0.3061,,,,,,,,,,,,
tomato,when_what,ours,0.8,scene_04,2896,/home/fr/brl/02_BRL_POMDP_CODE/experiments_logs/system_log/tomato/scene_04_step50/when_what_ours_thres_0-8_rand_0-4/exp_tomato_20260912_155718_461701.txt,2026-09-12 15:57:18,True,15,5.0,13,7,0.4666666666666667,4.5093,,,3712541616,,GOAL DONE,,,,,,,,,50,8000,4.4764,0.2984,0.014,0.0009,0.0071,0.0005,0.0071,0.0005,0.0042,0.0003,4.5092,0.3006,,,,,,,,,,,,
tomato,when_what,ours,0.8,scene_04,2897,/home/fr/brl/02_BRL_POMDP_CODE/experiments_logs/system_log/tomato/scene_04_step50/when_what_ours_thres_0-8_rand_0-4/exp_tomato_20260912_155742_377593.txt,2026-09-12 15:57:42,True,16,10.0,16,9,0.5625,5.1966,,,3169457126,,GOAL DONE,,,,,,,,,50,8000,5.1566,0.3223,0.0151,0.0009,0.0103,0.0006,0.0094,0.0006,0.0047,0.0003,5.1965,0.3248,,,,,,,,,,,,
tomato,when_what,ours,0.8,scene_04,2898,/home/fr/brl/02_BRL_POMDP_CODE/experiments_logs/system_log/tomato/scene_04_step50/when_what_ours_thres_0-8_rand_0-4/exp_tomato_20260912_155808_366871.txt,2026-09-12 15:58:08,True,22,-15.0,12,8,0.36363636363636365,6.3784,,,3948166740,,GOAL DONE,,,,,,,,,50,8000,6.3337,0.2879,0.0201,0.0009,0.0088,0.0004,0.0087,0.0004,0.0065,0.0003,6.3783,0.2899,,,,,,,,,,,,
tomato,when_what,ours,0.8,scene_04,2899,/home/fr/brl/02_BRL_POMDP_CODE/experiments_logs/system_log/tomato/scene_04_step50/when_what_ours_thres_0-8_rand_0-4/exp_tomato_20260912_155854_131137.txt,2026-09-12 15:58:54,False,50,-80.0,19,13,0.26,19.5477,,,1552731229,,MAX STEP,,,,,,,,,50,8000,19.4338,0.3887,0.0597,0.0012,0.0242,0.0005,0.0103,0.0002,0.0182,0.0004,19.5473,0.3909,,,,,,,,,,,,
tomato,when_what,ours,0.8,scene_04,2900,/home/fr/brl/02_BRL_POMDP_CODE/experiments_logs/system_log/tomato/scene_04_step50/when_what_ours_thres_0-8_rand_0-4/exp_tomato_20260912_155916_857784.txt,2026-09-12 15:59:16,True,15,5.0,11,6,0.4,4.8731,,,1337586660,,GOAL DONE,,,,,,,,,50,8000,4.8393,0.3226,0.0151,0.001,0.0073,0.0005,0.0065,0.0004,0.0046,0.0003,4.873,0.3249,,,,,,,,,,,,
tomato,when_what,ours,0.8,scene_04,2901,/home/fr/brl/02_BRL_POMDP_CODE/experiments_logs/system_log/tomato/scene_04_step50/when_what_ours_thres_0-8_rand_0-4/exp_tomato_20260912_155941_050881.txt,2026-09-12 15:59:41,True,16,10.0,11,7,0.4375,5.3172,,,56491935,,GOAL DONE,,,,,,,,,50,8000,5.2825,0.3302,0.0149,0.0009,0.0072,0.0005,0.0073,0.0005,0.0048,0.0003,5.3171,0.3323,,,,,,,,,,,,
tomato,when_what,ours,0.8,scene_04,2902,/home/fr/brl/02_BRL_POMDP_CODE/experiments_logs/system_log/tomato/scene_04_step50/when_what_ours_thres_0-8_rand_0-4/exp_tomato_20260912_160010_815929.txt,2026-09-12 16:00:10,True,22,-10.0,25,12,0.5454545454545454,7.355,,,2771536334,,GOAL DONE,,,,,,,,,50,8000,7.2981,0.3317,0.024,0.0011,0.0144,0.0007,0.0118,0.0005,0.006,0.0003,7.3548,0.3343,,,,,,,,,,,,
tomato,when_what,ours,0.8,scene_04,2903,/home/fr/brl/02_BRL_POMDP_CODE/experiments_logs/system_log/tomato/scene_04_step50/when_what_ours_thres_0-8_rand_0-4/exp_tomato_20260912_160031_545684.txt,2026-09-12 16:00:31,True,16,10.0,19,10,0.625,5.0266,,,3227930555,,GOAL DONE,,,,,,,,,50,8000,4.9866,0.3117,0.0163,0.001,0.0101,0.0006,0.009,0.0006,0.0042,0.0003,5.0265,0.3142,,,,,,,,,,,,
tomato,when_what,ours,0.8,scene_04,2904,/home/fr/brl/02_BRL_POMDP_CODE/experiments_logs/system_log/tomato/scene_04_step50/when_what_ours_thres_0-8_rand_0-4/exp_tomato_20260912_160048_142646.txt,2026-09-12 16:00:48,True,13,20.0,8,6,0.46153846153846156,4.0232,,,740609622,,GOAL DONE,,,,,,,,,50,8000,3.9972,0.3075,0.0111,0.0009,0.005,0.0004,0.0058,0.0004,0.0037,0.0003,4.0231,0.3095,,,,,,,,,,,,
tomato,when_what,ours,0.8,scene_04,2905,/home/fr/brl/02_BRL_POMDP_CODE/experiments_logs/system_log/tomato/scene_04_step50/when_what_ours_thres_0-8_rand_0-4/exp_tomato_20260912_160113_907226.txt,2026-09-12 16:01:13,True,16,10.0,8,7,0.4375,5.5111,,,218967378,,GOAL DONE,,,,,,,,,50,8000,5.4782,0.3424,0.0151,0.0009,0.0069,0.0004,0.0058,0.0004,0.0047,0.0003,5.511,0.3444,,,,,,,,,,,,
tomato,when_what,ours,0.8,scene_04,2906,/home/fr/brl/02_BRL_POMDP_CODE/experiments_logs/system_log/tomato/scene_04_step50/when_what_ours_thres_0-8_rand_0-4/exp_tomato_20260912_160138_145629.txt,2026-09-12 16:01:38,True,21,-5.0,22,9,0.42857142857142855,6.885,,,1040908402,,GOAL DONE,,,,,,,,,50,8000,6.8346,0.3255,0.0201,0.001,0.0123,0.0006,0.0118,0.0006,0.0056,0.0003,6.8849,0.3279,,,,,,,,,,,,
tomato,when_what,ours,0.8,scene_04,2907,/home/fr/brl/02_BRL_POMDP_CODE/experiments_logs/system_log/tomato/scene_04_step50/when_what_ours_thres_0-8_rand_0-4/exp_tomato_20260912_160158_435538.txt,2026-09-12 16:01:58,True,20,5.0,13,10,0.5,6.3938,,,2220313702,,GOAL DONE,,,,,,,,,50,8000,6.353,0.3177,0.0199,0.001,0.0082,0.0004,0.0071,0.0004,0.005,0.0003,6.3937,0.3197,,,,,,,,,,,,
tomato,when_what,ours,0.8,scene_04,2908,/home/fr/brl/02_BRL_POMDP_CODE/experiments_logs/system_log/tomato/scene_04_step50/when_what_ours_thres_0-8_rand_0-4/exp_tomato_20260912_160211_914773.txt,2026-09-12 16:02:11,True,14,10.0,10,6,0.42857142857142855,4.461,,,168160880,,GOAL DONE,,,,,,,,,50,8000,4.4294,0.3164,0.0134,0.001,0.0069,0.0005,0.0071,0.0005,0.004,0.0003,4.4609,0.3186,,,,,,,,,,,,
tomato,when_what,ours,0.8,scene_04,2909,/home/fr/brl/02_BRL_POMDP_CODE/experiments_logs/system_log/tomato/scene_04_step50/when_what_ours_thres_0-8_rand_0-4/exp_tomato_20260912_160230_461226.txt,2026-09-12 16:02:30,True,14,0.0,13,6,0.42857142857142855,4.5334,,,3141647287,,GOAL DONE,,,,,,,,,50,8000,4.5011,0.3215,0.0137,0.001,0.0069,0.0005,0.0073,0.0005,0.004,0.0003,4.5333,0.3238,,,,,,,,,,,,
tomato,when_what,ours,0.8,scene_04,2910,/home/fr/brl/02_BRL_POMDP_CODE/experiments_logs/system_log/tomato/scene_04_step50/when_what_ours_thres_0-8_rand_0-4/exp_tomato_20260912_160246_090036.txt,2026-09-12 16:02:46,True,18,10.0,22,9,0.5,5.8551,,,2135663053,,GOAL DONE,,,,,,,,,50,8000,5.8086,0.3227,0.0179,0.001,0.012,0.0007,0.0112,0.0006,0.005,0.0003,5.855,0.3253,,,,,,,,,,,,
tomato,when_what,ours,0.8,scene_04,2911,/home/fr/brl/02_BRL_POMDP_CODE/experiments_logs/system_log/tomato/scene_04_step50/when_what_ours_thres_0-8_rand_0-4/exp_tomato_20260912_160301_636868.txt,2026-09-12 16:03:01,True,14,20.0,8,6,0.42857142857142855,4.5165,,,2392905031,,GOAL DONE,,,,,,,,,50,8000,4.4867,0.3205,0.013,0.0009,0.0066,0.0005,0.0059,0.0004,0.0039,0.0003,4.5164,0.3226,,,,,,,,,,,,
tomato,when_what,ours,0.8,scene_04,2912,/home/fr/brl/02_BRL_POMDP_CODE/experiments_logs/system_log/tomato/scene_04_step50/when_what_ours_thres_0-8_rand_0-4/exp_tomato_20260912_160327_580189.txt,2026-09-12 16:03:27,True,20,-10.0,17,11,0.55,6.3792,,,3372736775,,GOAL DONE,,,,,,,,,50,8000,6.3357,0.3168,0.0189,0.0009,0.0095,0.0005,0.009,0.0004,0.0056,0.0003,6.379,0.319,,,,,,,,,,,,
tomato,when_what,ours,0.8,scene_04,2913,/home/fr/brl/02_BRL_POMDP_CODE/experiments_logs/system_log/tomato/scene_04_step50/when_what_ours_thres_0-8_rand_0-4/exp_tomato_20260912_160359_649883.txt,2026-09-12 16:03:59,True,26,-30.0,40,15,0.5769230769230769,8.9576,,,3386497120,,GOAL DONE,,,,,,,,,50,8000,8.8845,0.3417,0.03,0.0012,0.0199,0.0008,0.0165,0.0006,0.006,0.0002,8.9574,0.3445,,,,,,,,,,,,
tomato,when_what,ours,0.8,scene_04,2914,/home/fr/brl/02_BRL_POMDP_CODE/experiments_logs/system_log/tomato/scene_04_step50/when_what_ours_thres_0-8_rand_0-4/exp_tomato_20260912_160420_226912.txt,2026-09-12 16:04:20,True,14,-5.0,10,6,0.42857142857142855,4.3049,,,1167440852,,GOAL DONE,,,,,,,,,50,8000,4.2771,0.3055,0.0123,0.0009,0.0051,0.0004,0.0063,0.0004,0.0037,0.0003,4.3048,0.3075,,,,,,,,,,,,
tomato,when_what,ours,0.8,scene_04,2915,/home/fr/brl/02_BRL_POMDP_CODE/experiments_logs/system_log/tomato/scene_04_step50/when_what_ours_thres_0-8_rand_0-4/exp_tomato_20260912_160440_885130.txt,2026-09-12 16:04:40,True,17,5.0,20,9,0.5294117647058824,5.4109,,,222360660,,GOAL DONE,,,,,,,,,50,8000,5.366,0.3156,0.0182,0.0011,0.0119,0.0007,0.0099,0.0006,0.0045,0.0003,5.4108,0.3183,,,,,,,,,,,,
tomato,when_what,ours,0.8,scene_04,2916,/home/fr/brl/02_BRL_POMDP_CODE/experiments_logs/system_log/tomato/scene_04_step50/when_what_ours_thres_0-8_rand_0-4/exp_tomato_20260912_160515_621045.txt,2026-09-12 16:05:15,True,21,0.0,17,10,0.47619047619047616,7.1975,,,216321642,,GOAL DONE,,,,,,,,,50,8000,7.1535,0.3406,0.0194,0.0009,0.0095,0.0005,0.0091,0.0004,0.0054,0.0003,7.1974,0.3427,,,,,,,,,,,,
tomato,when_what,ours,0.8,scene_04,2917,/home/fr/brl/02_BRL_POMDP_CODE/experiments_logs/system_log/tomato/scene_04_step50/when_what_ours_thres_0-8_rand_0-4/exp_tomato_20260912_160539_169272.txt,2026-09-12 16:05:39,True,17,-5.0,14,7,0.4117647058823529,5.5319,,,1141903763,,GOAL DONE,,,,,,,,,50,8000,5.4951,0.3232,0.0163,0.001,0.0081,0.0005,0.0076,0.0004,0.0043,0.0003,5.5318,0.3254,,,,,,,,,,,,
tomato,when_what,ours,0.8,scene_04,2918,/home/fr/brl/02_BRL_POMDP_CODE/experiments_logs/system_log/tomato/scene_04_step50/when_what_ours_thres_0-8_rand_0-4/exp_tomato_20260912_160554_126340.txt,2026-09-12 16:05:54,True,18,0.0,15,11,0.6111111111111112,5.6997,,,2219488844,,GOAL DONE,,,,,,,,,50,8000,5.6644,0.3147,0.0159,0.0009,0.0063,0.0004,0.0072,0.0004,0.0053,0.0003,5.6995,0.3166,,,,,,,,,,,,
tomato,when_what,ours,0.8,scene_04,2919,/home/fr/brl/02_BRL_POMDP_CODE/experiments_logs/system_log/tomato/scene_04_step50/when_what_ours_thres_0-8_rand_0-4/exp_tomato_20260912_160612_252503.txt,2026-09-12 16:06:12,True,14,10.0,10,5,0.35714285714285715,4.4424,,,3931316609,,GOAL DONE,,,,,,,,,50,8000,4.4116,0.3151,0.013,0.0009,0.0068,0.0005,0.0066,0.0005,0.004,0.0003,4.4423,0.3173,,,,,,,,,,,,
tomato,when_what,ours,0.8,scene_04,2920,/home/fr/brl/02_BRL_POMDP_CODE/experiments_logs/system_log/tomato/scene_04_step50/when_what_ours_thres_0-8_rand_0-4/exp_tomato_20260912_160648_126460.txt,2026-09-12 16:06:48,True,31,-15.0,23,13,0.41935483870967744,10.9107,,,3315816046,,GOAL DONE,,,,,,,,,50,8000,10.8411,0.3497,0.0329,0.0011,0.0143,0.0005,0.0106,0.0003,0.0108,0.0003,10.9105,0.352,,,,,,,,,,,,
tomato,when_what,ours_what_only,0.8,scene_04,2921,/home/fr/brl/02_BRL_POMDP_CODE/experiments_logs/system_log/tomato/scene_04_step50/when_what_ours_what_only_thres_0-8_rand_0-4/exp_tomato_20260912_155105_840412.txt,2026-09-12 15:51:05,False,6,5.0,5,2,0.3333333333333333,1.5735,,,1589093347,,PLAN FAILURE,,,,,,,,,50,8000,1.5585,0.2597,0.0049,0.0008,0.0034,0.0006,0.0049,0.0008,0.0017,0.0003,1.5734,0.2622,,,,,,,,,,,,
tomato,when_what,ours_what_only,0.8,scene_04,2922,/home/fr/brl/02_BRL_POMDP_CODE/experiments_logs/system_log/tomato/scene_04_step50/when_what_ours_what_only_thres_0-8_rand_0-4/exp_tomato_20260912_155136_287957.txt,2026-09-12 15:51:36,True,24,-20.0,21,13,0.5416666666666666,8.3033,,,712937450,,GOAL DONE,,,,,,,,,50,8000,8.2427,0.3434,0.0273,0.0011,0.0179,0.0007,0.0085,0.0004,0.0062,0.0003,8.3031,0.346,,,,,,,,,,,,
tomato,when_what,ours_what_only,0.8,scene_04,2923,/home/fr/brl/02_BRL_POMDP_CODE/experiments_logs/system_log/tomato/scene_04_step50/when_what_ours_what_only_thres_0-8_rand_0-4/exp_tomato_20260912_155157_662285.txt,2026-09-12 15:51:57,False,11,10.0,6,5,0.45454545454545453,3.4951,,,3614412854,,PLAN FAILURE,,,,,,,,,50,8000,3.4699,0.3154,0.0107,0.001,0.0064,0.0006,0.0051,0.0005,0.0027,0.0002,3.495,0.3177,,,,,,,,,,,,
tomato,when_what,ours_what_only,0.8,scene_04,2924,/home/fr/brl/02_BRL_POMDP_CODE/experiments_logs/system_log/tomato/scene_04_step50/when_what_ours_what_only_thres_0-8_rand_0-4/exp_tomato_20260912_155220_832973.txt,2026-09-12 15:52:20,True,19,10.0,9,8,0.42105263157894735,5.8144,,,2390740933,,GOAL DONE,,,,,,,,,50,8000,5.7784,0.3041,0.0178,0.0009,0.0073,0.0004,0.0044,0.0002,0.0059,0.0003,5.8142,0.306,,,,,,,,,,,,
tomato,when_what,ours_what_only,0.8,scene_04,2925,/home/fr/brl/02_BRL_POMDP_CODE/experiments_logs/system_log/tomato/scene_04_step50/when_what_ours_what_only_thres_0-8_rand_0-4/exp_tomato_20260912_155245_416355.txt,2026-09-12 15:52:45,True,19,15.0,13,12,0.631578947368421,6.2582,,,2642505031,,GOAL DONE,,,,,,,,,50,8000,6.2213,0.3274,0.0177,0.0009,0.0076,0.0004,0.0053,0.0003,0.0057,0.0003,6.2581,0.3294,,,,,,,,,,,,
tomato,when_what,ours_what_only,0.8,scene_04,2926,/home/fr/brl/02_BRL_POMDP_CODE/experiments_logs/system_log/tomato/scene_04_step50/when_what_ours_what_only_thres_0-8_rand_0-4/exp_tomato_20260912_155312_028126.txt,2026-09-12 15:53:12,True,20,5.0,10,10,0.5,6.7183,,,442300768,,GOAL DONE,,,,,,,,,50,8000,6.6777,0.3339,0.0197,0.001,0.0095,0.0005,0.0047,0.0002,0.0061,0.0003,6.7181,0.3359,,,,,,,,,,,,
tomato,when_what,ours_what_only,0.8,scene_04,2927,/home/fr/brl/02_BRL_POMDP_CODE/experiments_logs/system_log/tomato/scene_04_step50/when_what_ours_what_only_thres_0-8_rand_0-4/exp_tomato_20260912_155345_079530.txt,2026-09-12 15:53:45,True,28,-30.0,11,7,0.25,9.8164,,,3661502133,,GOAL DONE,,,,,,,,,50,8000,9.7545,0.3484,0.0307,0.0011,0.0146,0.0005,0.0078,0.0003,0.0081,0.0003,9.8162,0.3506,,,,,,,,,,,,
tomato,when_what,ours_what_only,0.8,scene_04,2928,/home/fr/brl/02_BRL_POMDP_CODE/experiments_logs/system_log/tomato/scene_04_step50/when_what_ours_what_only_thres_0-8_rand_0-4/exp_tomato_20260912_155410_727880.txt,2026-09-12 15:54:10,False,21,-15.0,9,7,0.3333333333333333,7.133,,,236854069,,PLAN FAILURE,,,,,,,,,50,8000,7.0887,0.3376,0.0217,0.001,0.0109,0.0005,0.0052,0.0002,0.006,0.0003,7.1329,0.3397,,,,,,,,,,,,
tomato,when_what,ours_what_only,0.8,scene_04,2929,/home/fr/brl/02_BRL_POMDP_CODE/experiments_logs/system_log/tomato/scene_04_step50/when_what_ours_what_only_thres_0-8_rand_0-4/exp_tomato_20260912_155426_981514.txt,2026-09-12 15:54:26,False,3,0.0,0,0,0.0,0.7405,,,2387734993,,PLAN FAILURE,,,,,,,,,50,8000,0.7341,0.2447,0.0025,0.0008,0.0031,0.001,0.0003,0.0001,0.0004,0.0001,0.7404,0.2468,,,,,,,,,,,,
tomato,when_what,ours_what_only,0.8,scene_04,2930,/home/fr/brl/02_BRL_POMDP_CODE/experiments_logs/system_log/tomato/scene_04_step50/when_what_ours_what_only_thres_0-8_rand_0-4/exp_tomato_20260912_155448_165202.txt,2026-09-12 15:54:48,True,20,-25.0,8,6,0.3,6.5591,,,321661848,,GOAL DONE,,,,,,,,,50,8000,6.5084,0.3254,0.0274,0.0014,0.0117,0.0006,0.0047,0.0002,0.0064,0.0003,6.559,0.328,,,,,,,,,,,,
tomato,when_what,ours_what_only,0.8,scene_04,2931,/home/fr/brl/02_BRL_POMDP_CODE/experiments_logs/system_log/tomato/scene_04_step50/when_what_ours_what_only_thres_0-8_rand_0-4/exp_tomato_20260912_155519_942685.txt,2026-09-12 15:55:19,True,29,-40.0,13,13,0.4482758620689655,9.7394,,,2993320002,,GOAL DONE,,,,,,,,,50,8000,9.6829,0.3339,0.029,0.001,0.0119,0.0004,0.0059,0.0002,0.0089,0.0003,9.7392,0.3358,,,,,,,,,,,,
tomato,when_what,ours_what_only,0.8,scene_04,2932,/home/fr/brl/02_BRL_POMDP_CODE/experiments_logs/system_log/tomato/scene_04_step50/when_what_ours_what_only_thres_0-8_rand_0-4/exp_tomato_20260912_155541_455225.txt,2026-09-12 15:55:41,True,17,15.0,15,10,0.5882352941176471,5.4593,,,1109362184,,GOAL DONE,,,,,,,,,50,8000,5.4217,0.3189,0.016,0.0009,0.0088,0.0005,0.0078,0.0005,0.0045,0.0003,5.4592,0.3211,,,,,,,,,,,,
tomato,when_what,ours_what_only,0.8,scene_04,2933,/home/fr/brl/02_BRL_POMDP_CODE/experiments_logs/system_log/tomato/scene_04_step50/when_what_ours_what_only_thres_0-8_rand_0-4/exp_tomato_20260912_155604_768565.txt,2026-09-12 15:56:04,True,20,-10.0,10,9,0.45,6.4583,,,3815955531,,GOAL DONE,,,,,,,,,50,8000,6.4193,0.321,0.0187,0.0009,0.0082,0.0004,0.0063,0.0003,0.0053,0.0003,6.4582,0.3229,,,,,,,,,,,,
tomato,when_what,ours_what_only,0.8,scene_04,2934,/home/fr/brl/02_BRL_POMDP_CODE/experiments_logs/system_log/tomato/scene_04_step50/when_what_ours_what_only_thres_0-8_rand_0-4/exp_tomato_20260912_155622_143944.txt,2026-09-12 15:56:22,False,10,-10.0,9,3,0.3,3.1472,,,2941533860,,PLAN FAILURE,,,,,,,,,50,8000,3.121,0.3121,0.0101,0.001,0.0071,0.0007,0.0062,0.0006,0.0025,0.0003,3.1471,0.3147,,,,,,,,,,,,
tomato,when_what,ours_what_only,0.8,scene_04,2935,/home/fr/brl/02_BRL_POMDP_CODE/experiments_logs/system_log/tomato/scene_04_step50/when_what_ours_what_only_thres_0-8_rand_0-4/exp_tomato_20260912_155643_378186.txt,2026-09-12 15:56:43,True,21,0.0,8,7,0.3333333333333333,6.4427,,,2020323328,,GOAL DONE,,,,,,,,,50,8000,6.4045,0.305,0.0189,0.0009,0.0069,0.0003,0.0063,0.0003,0.0056,0.0003,6.4426,0.3068,,,,,,,,,,,,
tomato,when_what,ours_what_only,0.8,scene_04,2936,/home/fr/brl/02_BRL_POMDP_CODE/experiments_logs/system_log/tomato/scene_04_step50/when_what_ours_what_only_thres_0-8_rand_0-4/exp_tomato_20260912_155713_821527.txt,2026-09-12 15:57:13,True,27,-15.0,8,8,0.2962962962962963,9.4673,,,3712541616,,GOAL DONE,,,,,,,,,50,8000,9.4152,0.3487,0.0267,0.001,0.0116,0.0004,0.0049,0.0002,0.0081,0.0003,9.4671,0.3506,,,,,,,,,,,,
tomato,when_what,ours_what_only,0.8,scene_04,2937,/home/fr/brl/02_BRL_POMDP_CODE/experiments_logs/system_log/tomato/scene_04_step50/when_what_ours_what_only_thres_0-8_rand_0-4/exp_tomato_20260912_155737_057098.txt,2026-09-12 15:57:37,True,20,0.0,7,4,0.2,5.9993,,,3169457126,,GOAL DONE,,,,,,,,,50,8000,5.9578,0.2979,0.0183,0.0009,0.011,0.0006,0.0061,0.0003,0.0055,0.0003,5.9992,0.3,,,,,,,,,,,,
tomato,when_what,ours_what_only,0.8,scene_04,2938,/home/fr/brl/02_BRL_POMDP_CODE/experiments_logs/system_log/tomato/scene_04_step50/when_what_ours_what_only_thres_0-8_rand_0-4/exp_tomato_20260912_155801_858599.txt,2026-09-12 15:58:01,True,22,-15.0,13,10,0.45454545454545453,6.4126,,,3948166740,,GOAL DONE,,,,,,,,,50,8000,6.372,0.2896,0.0191,0.0009,0.0071,0.0003,0.0074,0.0003,0.0065,0.0003,6.4125,0.2915,,,,,,,,,,,,
tomato,when_what,ours_what_only,0.8,scene_04,2939,/home/fr/brl/02_BRL_POMDP_CODE/experiments_logs/system_log/tomato/scene_04_step50/when_what_ours_what_only_thres_0-8_rand_0-4/exp_tomato_20260912_155834_450526.txt,2026-09-12 15:58:34,False,10,10.0,4,2,0.2,2.9854,,,1552731229,,PLAN FAILURE,,,,,,,,,50,8000,2.9654,0.2965,0.009,0.0009,0.0049,0.0005,0.0032,0.0003,0.0027,0.0003,2.9854,0.2985,,,,,,,,,,,,
tomato,when_what,ours_what_only,0.8,scene_04,2940,/home/fr/brl/02_BRL_POMDP_CODE/experiments_logs/system_log/tomato/scene_04_step50/when_what_ours_what_only_thres_0-8_rand_0-4/exp_tomato_20260912_155911_855685.txt,2026-09-12 15:59:11,True,22,-10.0,11,6,0.2727272727272727,7.5836,,,1337586660,,GOAL DONE,,,,,,,,,50,8000,7.5366,0.3426,0.0228,0.001,0.01,0.0005,0.007,0.0003,0.0066,0.0003,7.5835,0.3447,,,,,,,,,,,,
tomato,when_what,ours_what_only,0.8,scene_04,2941,/home/fr/brl/02_BRL_POMDP_CODE/experiments_logs/system_log/tomato/scene_04_step50/when_what_ours_what_only_thres_0-8_rand_0-4/exp_tomato_20260912_155935_604477.txt,2026-09-12 15:59:35,True,20,-5.0,10,5,0.25,6.6456,,,56491935,,GOAL DONE,,,,,,,,,50,8000,6.6011,0.3301,0.0189,0.0009,0.0106,0.0005,0.0092,0.0005,0.0052,0.0003,6.6455,0.3323,,,,,,,,,,,,
tomato,when_what,ours_what_only,0.8,scene_04,2942,/home/fr/brl/02_BRL_POMDP_CODE/experiments_logs/system_log/tomato/scene_04_step50/when_what_ours_what_only_thres_0-8_rand_0-4/exp_tomato_20260912_160003_328021.txt,2026-09-12 16:00:03,True,22,-10.0,12,8,0.36363636363636365,7.3792,,,2771536334,,GOAL DONE,,,,,,,,,50,8000,7.3248,0.3329,0.0249,0.0011,0.015,0.0007,0.0078,0.0004,0.0061,0.0003,7.3791,0.3354,,,,,,,,,,,,
tomato,when_what,ours_what_only,0.8,scene_04,2943,/home/fr/brl/02_BRL_POMDP_CODE/experiments_logs/system_log/tomato/scene_04_step50/when_what_ours_what_only_thres_0-8_rand_0-4/exp_tomato_20260912_160026_386910.txt,2026-09-12 16:00:26,True,16,10.0,15,9,0.5625,5.1515,,,3227930555,,GOAL DONE,,,,,,,,,50,8000,5.1134,0.3196,0.0167,0.001,0.0104,0.0006,0.0062,0.0004,0.0044,0.0003,5.1514,0.322,,,,,,,,,,,,
tomato,when_what,ours_what_only,0.8,scene_04,2944,/home/fr/brl/02_BRL_POMDP_CODE/experiments_logs/system_log/tomato/scene_04_step50/when_what_ours_what_only_thres_0-8_rand_0-4/exp_tomato_20260912_160043_993306.txt,2026-09-12 16:00:43,True,13,20.0,4,4,0.3076923076923077,3.9999,,,740609622,,GOAL DONE,,,,,,,,,50,8000,3.9766,0.3059,0.0112,0.0009,0.0051,0.0004,0.0031,0.0002,0.0036,0.0003,3.9998,0.3077,,,,,,,,,,,,
tomato,when_what,ours_what_only,0.8,scene_04,2945,/home/fr/brl/02_BRL_POMDP_CODE/experiments_logs/system_log/tomato/scene_04_step50/when_what_ours_what_only_thres_0-8_rand_0-4/exp_tomato_20260912_160108_254299.txt,2026-09-12 16:01:08,True,16,10.0,11,10,0.625,5.6318,,,218967378,,GOAL DONE,,,,,,,,,50,8000,5.5984,0.3499,0.0156,0.001,0.007,0.0004,0.0064,0.0004,0.004,0.0002,5.6317,0.352,,,,,,,,,,,,
tomato,when_what,ours_what_only,0.8,scene_04,2946,/home/fr/brl/02_BRL_POMDP_CODE/experiments_logs/system_log/tomato/scene_04_step50/when_what_ours_what_only_thres_0-8_rand_0-4/exp_tomato_20260912_160131_132130.txt,2026-09-12 16:01:31,False,20,-25.0,7,7,0.35,5.0135,,,1040908402,,PLAN FAILURE,,,,,,,,,50,8000,4.9796,0.249,0.017,0.0008,0.0058,0.0003,0.0042,0.0002,0.0064,0.0003,5.0134,0.2507,,,,,,,,,,,,
tomato,when_what,ours_what_only,0.8,scene_04,2947,/home/fr/brl/02_BRL_POMDP_CODE/experiments_logs/system_log/tomato/scene_04_step50/when_what_ours_what_only_thres_0-8_rand_0-4/exp_tomato_20260912_160151_914036.txt,2026-09-12 16:01:51,False,14,-20.0,9,5,0.35714285714285715,4.4398,,,2220313702,,PLAN FAILURE,,,,,,,,,50,8000,4.399,0.3142,0.0169,0.0012,0.0149,0.0011,0.0051,0.0004,0.0034,0.0002,4.4397,0.3171,,,,,,,,,,,,
tomato,when_what,ours_what_only,0.8,scene_04,2948,/home/fr/brl/02_BRL_POMDP_CODE/experiments_logs/system_log/tomato/scene_04_step50/when_what_ours_what_only_thres_0-8_rand_0-4/exp_tomato_20260912_160207_329699.txt,2026-09-12 16:02:07,False,7,10.0,1,1,0.14285714285714285,2.0734,,,168160880,,PLAN FAILURE,,,,,,,,,50,8000,2.0578,0.294,0.0067,0.001,0.005,0.0007,0.0022,0.0003,0.0015,0.0002,2.0734,0.2962,,,,,,,,,,,,
tomato,when_what,ours_what_only,0.8,scene_04,2949,/home/fr/brl/02_BRL_POMDP_CODE/experiments_logs/system_log/tomato/scene_04_step50/when_what_ours_what_only_thres_0-8_rand_0-4/exp_tomato_20260912_160225_802305.txt,2026-09-12 16:02:25,True,14,0.0,11,4,0.2857142857142857,4.5199,,,3141647287,,GOAL DONE,,,,,,,,,50,8000,4.4885,0.3206,0.0134,0.001,0.0067,0.0005,0.007,0.0005,0.0039,0.0003,4.5198,0.3228,,,,,,,,,,,,
tomato,when_what,ours_what_only,0.8,scene_04,2950,/home/fr/brl/02_BRL_POMDP_CODE/experiments_logs/system_log/tomato/scene_04_step50/when_what_ours_what_only_thres_0-8_rand_0-4/exp_tomato_20260912_160240_093245.txt,2026-09-12 16:02:40,False,6,-5.0,7,3,0.5,1.7325,,,2135663053,,PLAN FAILURE,,,,,,,,,50,8000,1.7145,0.2857,0.0054,0.0009,0.0063,0.0011,0.005,0.0008,0.0011,0.0002,1.7324,0.2887,,,,,,,,,,,,
tomato,when_what,ours_what_only,0.8,scene_04,2951,/home/fr/brl/02_BRL_POMDP_CODE/experiments_logs/system_log/tomato/scene_04_step50/when_what_ours_what_only_thres_0-8_rand_0-4/exp_tomato_20260912_160257_012903.txt,2026-09-12 16:02:57,False,10,10.0,3,3,0.3,2.9644,,,2392905031,,PLAN FAILURE,,,,,,,,,50,8000,2.9436,0.2944,0.0092,0.0009,0.0055,0.0005,0.0028,0.0003,0.003,0.0003,2.9643,0.2964,,,,,,,,,,,,
tomato,when_what,ours_what_only,0.8,scene_04,2952,/home/fr/brl/02_BRL_POMDP_CODE/experiments_logs/system_log/tomato/scene_04_step50/when_what_ours_what_only_thres_0-8_rand_0-4/exp_tomato_20260912_160321_074207.txt,2026-09-12 16:03:21,True,20,-10.0,10,6,0.3,6.2785,,,3372736775,,GOAL DONE,,,,,,,,,50,8000,6.2376,0.3119,0.0186,0.0009,0.0091,0.0005,0.0073,0.0004,0.0053,0.0003,6.2784,0.3139,,,,,,,,,,,,
tomato,when_what,ours_what_only,0.8,scene_04,2953,/home/fr/brl/02_BRL_POMDP_CODE/experiments_logs/system_log/tomato/scene_04_step50/when_what_ours_what_only_thres_0-8_rand_0-4/exp_tomato_20260912_160350_561414.txt,2026-09-12 16:03:50,True,20,-5.0,17,12,0.6,6.964,,,3386497120,,GOAL DONE,,,,,,,,,50,8000,6.9207,0.346,0.021,0.0011,0.0104,0.0005,0.0063,0.0003,0.005,0.0003,6.9639,0.3482,,,,,,,,,,,,
tomato,when_what,ours_what_only,0.8,scene_04,2954,/home/fr/brl/02_BRL_POMDP_CODE/experiments_logs/system_log/tomato/scene_04_step50/when_what_ours_what_only_thres_0-8_rand_0-4/exp_tomato_20260912_160415_796015.txt,2026-09-12 16:04:15,False,15,0.0,8,6,0.4,4.6087,,,1167440852,,PLAN FAILURE,,,,,,,,,50,8000,4.5779,0.3052,0.0146,0.001,0.0078,0.0005,0.0041,0.0003,0.0038,0.0003,4.6086,0.3072,,,,,,,,,,,,
tomato,when_what,ours_what_only,0.8,scene_04,2955,/home/fr/brl/02_BRL_POMDP_CODE/experiments_logs/system_log/tomato/scene_04_step50/when_what_ours_what_only_thres_0-8_rand_0-4/exp_tomato_20260912_160435_346794.txt,2026-09-12 16:04:35,False,14,5.0,11,6,0.42857142857142855,4.6879,,,222360660,,PLAN FAILURE,,,,,,,,,50,8000,4.6486,0.332,0.0166,0.0012,0.0119,0.0009,0.0074,0.0005,0.003,0.0002,4.6878,0.3348,,,,,,,,,,,,
tomato,when_what,ours_what_only,0.8,scene_04,2956,/home/fr/brl/02_BRL_POMDP_CODE/experiments_logs/system_log/tomato/scene_04_step50/when_what_ours_what_only_thres_0-8_rand_0-4/exp_tomato_20260912_160508_291870.txt,2026-09-12 16:05:08,True,29,-20.0,27,18,0.6206896551724138,9.9681,,,216321642,,GOAL DONE,,,,,,,,,50,8000,9.9033,0.3415,0.0306,0.0011,0.0153,0.0005,0.0108,0.0004,0.0073,0.0003,9.968,0.3437,,,,,,,,,,,,
tomato,when_what,ours_what_only,0.8,scene_04,2957,/home/fr/brl/02_BRL_POMDP_CODE/experiments_logs/system_log/tomato/scene_04_step50/when_what_ours_what_only_thres_0-8_rand_0-4/exp_tomato_20260912_160533_507095.txt,2026-09-12 16:05:33,True,18,0.0,14,8,0.4444444444444444,6.1112,,,1141903763,,GOAL DONE,,,,,,,,,50,8000,6.0691,0.3372,0.0171,0.0009,0.0083,0.0005,0.012,0.0007,0.0043,0.0002,6.1111,0.3395,,,,,,,,,,,,
tomato,when_what,ours_what_only,0.8,scene_04,2958,/home/fr/brl/02_BRL_POMDP_CODE/experiments_logs/system_log/tomato/scene_04_step50/when_what_ours_what_only_thres_0-8_rand_0-4/exp_tomato_20260912_160548_299043.txt,2026-09-12 16:05:48,False,6,5.0,4,1,0.16666666666666666,1.531,,,2219488844,,PLAN FAILURE,,,,,,,,,50,8000,1.5167,0.2528,0.0049,0.0008,0.0034,0.0006,0.0047,0.0008,0.0012,0.0002,1.531,0.2552,,,,,,,,,,,,
tomato,when_what,ours_what_only,0.8,scene_04,2959,/home/fr/brl/02_BRL_POMDP_CODE/experiments_logs/system_log/tomato/scene_04_step50/when_what_ours_what_only_thres_0-8_rand_0-4/exp_tomato_20260912_160607_686617.txt,2026-09-12 16:06:07,True,14,10.0,11,8,0.5714285714285714,4.3862,,,3931316609,,GOAL DONE,,,,,,,,,50,8000,4.3558,0.3111,0.013,0.0009,0.0068,0.0005,0.0064,0.0005,0.0038,0.0003,4.3861,0.3133,,,,,,,,,,,,
tomato,when_what,ours_what_only,0.8,scene_04,2960,/home/fr/brl/02_BRL_POMDP_CODE/experiments_logs/system_log/tomato/scene_04_step50/when_what_ours_what_only_thres_0-8_rand_0-4/exp_tomato_20260912_160637_096099.txt,2026-09-12 16:06:37,True,22,-10.0,17,11,0.5,6.816,,,3315816046,,GOAL DONE,,,,,,,,,50,8000,6.7661,0.3076,0.021,0.001,0.0126,0.0006,0.0094,0.0004,0.0063,0.0003,6.8158,0.3098,,,,,,,,,,,,
tomato,when_what,ours_when_only,0.8,scene_04,2961,/home/fr/brl/02_BRL_POMDP_CODE/experiments_logs/system_log/tomato/scene_04_step50/when_what_ours_when_only_thres_0-8_rand_0-4/exp_tomato_20260912_155104_141403.txt,2026-09-12 15:51:04,True,15,15.0,14,6,0.4,4.8291,,,1589093347,,GOAL DONE,,,,,,,,,50,8000,4.7965,0.3198,0.0141,0.0009,0.0063,0.0004,0.007,0.0005,0.0048,0.0003,4.829,0.3219,,,,,,,,,,,,
tomato,when_what,ours_when_only,0.8,scene_04,2962,/home/fr/brl/02_BRL_POMDP_CODE/experiments_logs/system_log/tomato/scene_04_step50/when_what_ours_when_only_thres_0-8_rand_0-4/exp_tomato_20260912_155127_855230.txt,2026-09-12 15:51:27,True,24,-20.0,40,13,0.5416666666666666,8.1642,,,712937450,,GOAL DONE,,,,,,,,,50,8000,8.098,0.3374,0.0272,0.0011,0.0177,0.0007,0.0136,0.0006,0.0071,0.0003,8.164,0.3402,,,,,,,,,,,,
tomato,when_what,ours_when_only,0.8,scene_04,2963,/home/fr/brl/02_BRL_POMDP_CODE/experiments_logs/system_log/tomato/scene_04_step50/when_what_ours_when_only_thres_0-8_rand_0-4/exp_tomato_20260912_155154_042404.txt,2026-09-12 15:51:54,True,18,5.0,21,8,0.4444444444444444,5.8101,,,3614412854,,GOAL DONE,,,,,,,,,50,8000,5.7689,0.3205,0.0182,0.001,0.0087,0.0005,0.0084,0.0005,0.0054,0.0003,5.81,0.3228,,,,,,,,,,,,
tomato,when_what,ours_when_only,0.8,scene_04,2964,/home/fr/brl/02_BRL_POMDP_CODE/experiments_logs/system_log/tomato/scene_04_step50/when_what_ours_when_only_thres_0-8_rand_0-4/exp_tomato_20260912_155214_897116.txt,2026-09-12 15:52:14,True,18,5.0,12,6,0.3333333333333333,5.4981,,,2390740933,,GOAL DONE,,,,,,,,,50,8000,5.4613,0.3034,0.0171,0.0009,0.0073,0.0004,0.0065,0.0004,0.0054,0.0003,5.498,0.3054,,,,,,,,,,,,
tomato,when_what,ours_when_only,0.8,scene_04,2965,/home/fr/brl/02_BRL_POMDP_CODE/experiments_logs/system_log/tomato/scene_04_step50/when_what_ours_when_only_thres_0-8_rand_0-4/exp_tomato_20260912_155239_036859.txt,2026-09-12 15:52:39,True,18,15.0,14,6,0.3333333333333333,5.8559,,,2642505031,,GOAL DONE,,,,,,,,,50,8000,5.8181,0.3232,0.0171,0.0009,0.0076,0.0004,0.0072,0.0004,0.0054,0.0003,5.8557,0.3253,,,,,,,,,,,,
tomato,when_what,ours_when_only,0.8,scene_04,2966,/home/fr/brl/02_BRL_POMDP_CODE/experiments_logs/system_log/tomato/scene_04_step50/when_what_ours_when_only_thres_0-8_rand_0-4/exp_tomato_20260912_155305_183746.txt,2026-09-12 15:53:05,True,20,5.0,21,9,0.45,6.7282,,,442300768,,GOAL DONE,,,,,,,,,50,8000,6.6846,0.3342,0.0195,0.001,0.0094,0.0005,0.0081,0.0004,0.006,0.0003,6.7281,0.3364,,,,,,,,,,,,
tomato,when_what,ours_when_only,0.8,scene_04,2967,/home/fr/brl/02_BRL_POMDP_CODE/experiments_logs/system_log/tomato/scene_04_step50/when_what_ours_when_only_thres_0-8_rand_0-4/exp_tomato_20260912_155335_133308.txt,2026-09-12 15:53:35,True,20,-20.0,22,9,0.45,6.523,,,3661502133,,GOAL DONE,,,,,,,,,50,8000,6.4794,0.324,0.0197,0.001,0.0089,0.0004,0.008,0.0004,0.0065,0.0003,6.5229,0.3261,,,,,,,,,,,,
tomato,when_what,ours_when_only,0.8,scene_04,2968,/home/fr/brl/02_BRL_POMDP_CODE/experiments_logs/system_log/tomato/scene_04_step50/when_what_ours_when_only_thres_0-8_rand_0-4/exp_tomato_20260912_155403_470763.txt,2026-09-12 15:54:03,True,14,10.0,10,6,0.42857142857142855,4.5602,,,236854069,,GOAL DONE,,,,,,,,,50,8000,4.5314,0.3237,0.013,0.0009,0.0063,0.0004,0.0051,0.0004,0.0041,0.0003,4.5601,0.3257,,,,,,,,,,,,
tomato,when_what,ours_when_only,0.8,scene_04,2969,/home/fr/brl/02_BRL_POMDP_CODE/experiments_logs/system_log/tomato/scene_04_step50/when_what_ours_when_only_thres_0-8_rand_0-4/exp_tomato_20260912_155426_117577.txt,2026-09-12 15:54:26,True,21,5.0,19,8,0.38095238095238093,7.2248,,,2387734993,,GOAL DONE,,,,,,,,,50,8000,7.1777,0.3418,0.0216,0.001,0.0107,0.0005,0.0077,0.0004,0.0065,0.0003,7.2246,0.344,,,,,,,,,,,,
tomato,when_what,ours_when_only,0.8,scene_04,2970,/home/fr/brl/02_BRL_POMDP_CODE/experiments_logs/system_log/tomato/scene_04_step50/when_what_ours_when_only_thres_0-8_rand_0-4/exp_tomato_20260912_155441_484857.txt,2026-09-12 15:54:41,True,20,-25.0,28,10,0.5,6.6769,,,321661848,,GOAL DONE,,,,,,,,,50,8000,6.6271,0.3314,0.0219,0.0011,0.0115,0.0006,0.0094,0.0005,0.0066,0.0003,6.6768,0.3338,,,,,,,,,,,,
tomato,when_what,ours_when_only,0.8,scene_04,2971,/home/fr/brl/02_BRL_POMDP_CODE/experiments_logs/system_log/tomato/scene_04_step50/when_what_ours_when_only_thres_0-8_rand_0-4/exp_tomato_20260912_155510_074659.txt,2026-09-12 15:55:10,True,17,-10.0,16,8,0.47058823529411764,5.196,,,2993320002,,GOAL DONE,,,,,,,,,50,8000,5.1624,0.3037,0.015,0.0009,0.0063,0.0004,0.0071,0.0004,0.0048,0.0003,5.1959,0.3056,,,,,,,,,,,,
tomato,when_what,ours_when_only,0.8,scene_04,2972,/home/fr/brl/02_BRL_POMDP_CODE/experiments_logs/system_log/tomato/scene_04_step50/when_what_ours_when_only_thres_0-8_rand_0-4/exp_tomato_20260912_155535_868029.txt,2026-09-12 15:55:35,True,16,-5.0,18,8,0.5,4.7947,,,1109362184,,GOAL DONE,,,,,,,,,50,8000,4.7607,0.2975,0.0149,0.0009,0.0069,0.0004,0.0074,0.0005,0.0043,0.0003,4.7946,0.2997,,,,,,,,,,,,
tomato,when_what,ours_when_only,0.8,scene_04,2973,/home/fr/brl/02_BRL_POMDP_CODE/experiments_logs/system_log/tomato/scene_04_step50/when_what_ours_when_only_thres_0-8_rand_0-4/exp_tomato_20260912_155558_178512.txt,2026-09-12 15:55:58,True,16,-10.0,15,7,0.4375,5.0747,,,3815955531,,GOAL DONE,,,,,,,,,50,8000,5.0406,0.315,0.0149,0.0009,0.007,0.0004,0.0073,0.0005,0.0044,0.0003,5.0747,0.3172,,,,,,,,,,,,
tomato,when_what,ours_when_only,0.8,scene_04,2974,/home/fr/brl/02_BRL_POMDP_CODE/experiments_logs/system_log/tomato/scene_04_step50/when_what_ours_when_only_thres_0-8_rand_0-4/exp_tomato_20260912_155618_867558.txt,2026-09-12 15:56:18,True,17,0.0,19,7,0.4117647058823529,5.5974,,,2941533860,,GOAL DONE,,,,,,,,,50,8000,5.5591,0.327,0.0168,0.001,0.0089,0.0005,0.0075,0.0004,0.0047,0.0003,5.5973,0.3293,,,,,,,,,,,,
tomato,when_what,ours_when_only,0.8,scene_04,2975,/home/fr/brl/02_BRL_POMDP_CODE/experiments_logs/system_log/tomato/scene_04_step50/when_what_ours_when_only_thres_0-8_rand_0-4/exp_tomato_20260912_155636_802162.txt,2026-09-12 15:56:36,True,22,-20.0,14,8,0.36363636363636365,6.69,,,2020323328,,GOAL DONE,,,,,,,,,50,8000,6.6483,0.3022,0.02,0.0009,0.0072,0.0003,0.0071,0.0003,0.0067,0.0003,6.6899,0.3041,,,,,,,,,,,,
tomato,when_what,ours_when_only,0.8,scene_04,2976,/home/fr/brl/02_BRL_POMDP_CODE/experiments_logs/system_log/tomato/scene_04_step50/when_what_ours_when_only_thres_0-8_rand_0-4/exp_tomato_20260912_155704_228499.txt,2026-09-12 15:57:04,True,15,5.0,15,7,0.4666666666666667,4.4846,,,3712541616,,GOAL DONE,,,,,,,,,50,8000,4.4511,0.2967,0.0141,0.0009,0.007,0.0005,0.007,0.0005,0.0049,0.0003,4.4845,0.299,,,,,,,,,,,,
tomato,when_what,ours_when_only,0.8,scene_04,2977,/home/fr/brl/02_BRL_POMDP_CODE/experiments_logs/system_log/tomato/scene_04_step50/when_what_ours_when_only_thres_0-8_rand_0-4/exp_tomato_20260912_155730_920874.txt,2026-09-12 15:57:30,True,19,5.0,23,9,0.47368421052631576,6.2811,,,3169457126,,GOAL DONE,,,,,,,,,50,8000,6.2383,0.3283,0.0192,0.001,0.0094,0.0005,0.0084,0.0004,0.0053,0.0003,6.2809,0.3306,,,,,,,,,,,,
tomato,when_what,ours_when_only,0.8,scene_04,2978,/home/fr/brl/02_BRL_POMDP_CODE/experiments_logs/system_log/tomato/scene_04_step50/when_what_ours_when_only_thres_0-8_rand_0-4/exp_tomato_20260912_155755_319202.txt,2026-09-12 15:57:55,True,22,-15.0,16,8,0.36363636363636365,6.2742,,,3948166740,,GOAL DONE,,,,,,,,,50,8000,6.2337,0.2833,0.0189,0.0009,0.0072,0.0003,0.0073,0.0003,0.0066,0.0003,6.274,0.2852,,,,,,,,,,,,
tomato,when_what,ours_when_only,0.8,scene_04,2979,/home/fr/brl/02_BRL_POMDP_CODE/experiments_logs/system_log/tomato/scene_04_step50/when_what_ours_when_only_thres_0-8_rand_0-4/exp_tomato_20260912_155831_331816.txt,2026-09-12 15:58:31,False,50,-80.0,24,13,0.26,19.721,,,1552731229,,MAX STEP,,,,,,,,,50,8000,19.6101,0.3922,0.0592,0.0012,0.0242,0.0005,0.0097,0.0002,0.0164,0.0003,19.7207,0.3944,,,,,,,,,,,,
tomato,when_what,ours_when_only,0.8,scene_04,2980,/home/fr/brl/02_BRL_POMDP_CODE/experiments_logs/system_log/tomato/scene_04_step50/when_what_ours_when_only_thres_0-8_rand_0-4/exp_tomato_20260912_155904_143221.txt,2026-09-12 15:59:04,True,15,5.0,15,6,0.4,4.9084,,,1337586660,,GOAL DONE,,,,,,,,,50,8000,4.8749,0.325,0.0148,0.001,0.0072,0.0005,0.0066,0.0004,0.0044,0.0003,4.9083,0.3272,,,,,,,,,,,,
tomato,when_what,ours_when_only,0.8,scene_04,2981,/home/fr/brl/02_BRL_POMDP_CODE/experiments_logs/system_log/tomato/scene_04_step50/when_what_ours_when_only_thres_0-8_rand_0-4/exp_tomato_20260912_155928_837023.txt,2026-09-12 15:59:28,True,16,10.0,10,7,0.4375,5.1675,,,56491935,,GOAL DONE,,,,,,,,,50,8000,5.1353,0.321,0.0146,0.0009,0.007,0.0004,0.0058,0.0004,0.0044,0.0003,5.1674,0.323,,,,,,,,,,,,
tomato,when_what,ours_when_only,0.8,scene_04,2982,/home/fr/brl/02_BRL_POMDP_CODE/experiments_logs/system_log/tomato/scene_04_step50/when_what_ours_when_only_thres_0-8_rand_0-4/exp_tomato_20260912_155955_825892.txt,2026-09-12 15:59:55,True,22,-10.0,34,12,0.5454545454545454,7.312,,,2771536334,,GOAL DONE,,,,,,,,,50,8000,7.2557,0.3298,0.0236,0.0011,0.0146,0.0007,0.012,0.0005,0.0055,0.0003,7.3118,0.3324,,,,,,,,,,,,
tomato,when_what,ours_when_only,0.8,scene_04,2983,/home/fr/brl/02_BRL_POMDP_CODE/experiments_logs/system_log/tomato/scene_04_step50/when_what_ours_when_only_thres_0-8_rand_0-4/exp_tomato_20260912_160021_107108.txt,2026-09-12 16:00:21,True,16,10.0,26,10,0.625,5.0281,,,3227930555,,GOAL DONE,,,,,,,,,50,8000,4.9876,0.3117,0.0163,0.001,0.0101,0.0006,0.0095,0.0006,0.0042,0.0003,5.028,0.3143,,,,,,,,,,,,
tomato,when_what,ours_when_only,0.8,scene_04,2984,/home/fr/brl/02_BRL_POMDP_CODE/experiments_logs/system_log/tomato/scene_04_step50/when_what_ours_when_only_thres_0-8_rand_0-4/exp_tomato_20260912_160039_858633.txt,2026-09-12 16:00:39,True,13,20.0,14,6,0.46153846153846156,4.0147,,,740609622,,GOAL DONE,,,,,,,,,50,8000,3.9881,0.3068,0.0112,0.0009,0.0051,0.0004,0.0059,0.0005,0.004,0.0003,4.0146,0.3088,,,,,,,,,,,,
tomato,when_what,ours_when_only,0.8,scene_04,2985,/home/fr/brl/02_BRL_POMDP_CODE/experiments_logs/system_log/tomato/scene_04_step50/when_what_ours_when_only_thres_0-8_rand_0-4/exp_tomato_20260912_160102_492982.txt,2026-09-12 16:01:02,True,16,25.0,14,6,0.375,5.3431,,,218967378,,GOAL DONE,,,,,,,,,50,8000,5.3102,0.3319,0.0148,0.0009,0.0064,0.0004,0.0068,0.0004,0.0044,0.0003,5.343,0.3339,,,,,,,,,,,,
tomato,when_what,ours_when_only,0.8,scene_04,2986,/home/fr/brl/02_BRL_POMDP_CODE/experiments_logs/system_log/tomato/scene_04_step50/when_what_ours_when_only_thres_0-8_rand_0-4/exp_tomato_20260912_160125_991791.txt,2026-09-12 16:01:25,True,21,-5.0,24,9,0.42857142857142855,6.9212,,,1040908402,,GOAL DONE,,,,,,,,,50,8000,6.8713,0.3272,0.0201,0.001,0.0124,0.0006,0.0108,0.0005,0.0061,0.0003,6.9211,0.3296,,,,,,,,,,,,
tomato,when_what,ours_when_only,0.8,scene_04,2987,/home/fr/brl/02_BRL_POMDP_CODE/experiments_logs/system_log/tomato/scene_04_step50/when_what_ours_when_only_thres_0-8_rand_0-4/exp_tomato_20260912_160147_347160.txt,2026-09-12 16:01:47,True,16,15.0,17,9,0.5625,4.5248,,,2220313702,,GOAL DONE,,,,,,,,,50,8000,4.4935,0.2808,0.0141,0.0009,0.0053,0.0003,0.0071,0.0004,0.0044,0.0003,4.5247,0.2828,,,,,,,,,,,,
tomato,when_what,ours_when_only,0.8,scene_04,2988,/home/fr/brl/02_BRL_POMDP_CODE/experiments_logs/system_log/tomato/scene_04_step50/when_what_ours_when_only_thres_0-8_rand_0-4/exp_tomato_20260912_160205_138031.txt,2026-09-12 16:02:05,True,14,10.0,13,6,0.42857142857142855,4.3564,,,168160880,,GOAL DONE,,,,,,,,,50,8000,4.3268,0.3091,0.0128,0.0009,0.0067,0.0005,0.0062,0.0004,0.0035,0.0003,4.3563,0.3112,,,,,,,,,,,,
tomato,when_what,ours_when_only,0.8,scene_04,2989,/home/fr/brl/02_BRL_POMDP_CODE/experiments_logs/system_log/tomato/scene_04_step50/when_what_ours_when_only_thres_0-8_rand_0-4/exp_tomato_20260912_160221_154129.txt,2026-09-12 16:02:21,True,14,0.0,15,6,0.42857142857142855,4.4478,,,3141647287,,GOAL DONE,,,,,,,,,50,8000,4.4168,0.3155,0.0134,0.001,0.0066,0.0005,0.0067,0.0005,0.0038,0.0003,4.4477,0.3177,,,,,,,,,,,,
tomato,when_what,ours_when_only,0.8,scene_04,2990,/home/fr/brl/02_BRL_POMDP_CODE/experiments_logs/system_log/tomato/scene_04_step50/when_what_ours_when_only_thres_0-8_rand_0-4/exp_tomato_20260912_160238_235086.txt,2026-09-12 16:02:38,True,18,10.0,24,9,0.5,5.8273,,,2135663053,,GOAL DONE,,,,,,,,,50,8000,5.7833,0.3213,0.0177,0.001,0.0118,0.0007,0.0096,0.0005,0.0044,0.0002,5.8272,0.3237,,,,,,,,,,,,
tomato,when_what,ours_when_only,0.8,scene_04,2991,/home/fr/brl/02_BRL_POMDP_CODE/experiments_logs/system_log/tomato/scene_04_step50/when_what_ours_when_only_thres_0-8_rand_0-4/exp_tomato_20260912_160253_929316.txt,2026-09-12 16:02:53,True,14,20.0,12,6,0.42857142857142855,4.6192,,,2392905031,,GOAL DONE,,,,,,,,,50,8000,4.588,0.3277,0.0131,0.0009,0.0067,0.0005,0.0068,0.0005,0.0043,0.0003,4.6191,0.3299,,,,,,,,,,,,
tomato,when_what,ours_when_only,0.8,scene_04,2992,/home/fr/brl/02_BRL_POMDP_CODE/experiments_logs/system_log/tomato/scene_04_step50/when_what_ours_when_only_thres_0-8_rand_0-4/exp_tomato_20260912_160314_668035.txt,2026-09-12 16:03:14,True,20,-10.0,24,11,0.55,6.333,,,3372736775,,GOAL DONE,,,,,,,,,50,8000,6.2904,0.3145,0.0187,0.0009,0.009,0.0005,0.0087,0.0004,0.0056,0.0003,6.3329,0.3166,,,,,,,,,,,,
tomato,when_what,ours_when_only,0.8,scene_04,2993,/home/fr/brl/02_BRL_POMDP_CODE/experiments_logs/system_log/tomato/scene_04_step50/when_what_ours_when_only_thres_0-8_rand_0-4/exp_tomato_20260912_160343_466597.txt,2026-09-12 16:03:43,True,26,-30.0,48,15,0.5769230769230769,8.7482,,,3386497120,,GOAL DONE,,,,,,,,,50,8000,8.6786,0.3338,0.0288,0.0011,0.0192,0.0007,0.0151,0.0006,0.0058,0.0002,8.7481,0.3365,,,,,,,,,,,,
tomato,when_what,ours_when_only,0.8,scene_04,2994,/home/fr/brl/02_BRL_POMDP_CODE/experiments_logs/system_log/tomato/scene_04_step50/when_what_ours_when_only_thres_0-8_rand_0-4/exp_tomato_20260912_160411_056793.txt,2026-09-12 16:04:11,True,14,-5.0,10,6,0.42857142857142855,4.3788,,,1167440852,,GOAL DONE,,,,,,,,,50,8000,4.3512,0.3108,0.0126,0.0009,0.0052,0.0004,0.005,0.0004,0.0043,0.0003,4.3787,0.3128,,,,,,,,,,,,
tomato,when_what,ours_when_only,0.8,scene_04,2995,/home/fr/brl/02_BRL_POMDP_CODE/experiments_logs/system_log/tomato/scene_04_step50/when_what_ours_when_only_thres_0-8_rand_0-4/exp_tomato_20260912_160430_533934.txt,2026-09-12 16:04:30,True,17,5.0,28,9,0.5294117647058824,5.4836,,,222360660,,GOAL DONE,,,,,,,,,50,8000,5.4385,0.3199,0.0183,0.0011,0.0121,0.0007,0.0098,0.0006,0.0045,0.0003,5.4835,0.3226,,,,,,,,,,,,
tomato,when_what,ours_when_only,0.8,scene_04,2996,/home/fr/brl/02_BRL_POMDP_CODE/experiments_logs/system_log/tomato/scene_04_step50/when_what_ours_when_only_thres_0-8_rand_0-4/exp_tomato_20260912_160458_191621.txt,2026-09-12 16:04:58,True,21,0.0,19,10,0.47619047619047616,7.1156,,,216321642,,GOAL DONE,,,,,,,,,50,8000,7.0729,0.3368,0.0193,0.0009,0.0093,0.0004,0.008,0.0004,0.0055,0.0003,7.1155,0.3388,,,,,,,,,,,,
tomato,when_what,ours_when_only,0.8,scene_04,2997,/home/fr/brl/02_BRL_POMDP_CODE/experiments_logs/system_log/tomato/scene_04_step50/when_what_ours_when_only_thres_0-8_rand_0-4/exp_tomato_20260912_160527_296930.txt,2026-09-12 16:05:27,True,17,-5.0,18,7,0.4117647058823529,5.4283,,,1141903763,,GOAL DONE,,,,,,,,,50,8000,5.3921,0.3172,0.0159,0.0009,0.0081,0.0005,0.0077,0.0005,0.004,0.0002,5.4282,0.3193,,,,,,,,,,,,
tomato,when_what,ours_when_only,0.8,scene_04,2998,/home/fr/brl/02_BRL_POMDP_CODE/experiments_logs/system_log/tomato/scene_04_step50/when_what_ours_when_only_thres_0-8_rand_0-4/exp_tomato_20260912_160546_640952.txt,2026-09-12 16:05:46,True,18,0.0,16,11,0.6111111111111112,5.668,,,2219488844,,GOAL DONE,,,,,,,,,50,8000,5.6338,0.313,0.0158,0.0009,0.0063,0.0003,0.0066,0.0004,0.0049,0.0003,5.6679,0.3149,,,,,,,,,,,,
tomato,when_what,ours_when_only,0.8,scene_04,2999,/home/fr/brl/02_BRL_POMDP_CODE/experiments_logs/system_log/tomato/scene_04_step50/when_what_ours_when_only_thres_0-8_rand_0-4/exp_tomato_20260912_160603_172926.txt,2026-09-12 16:06:03,True,14,10.0,14,5,0.35714285714285715,4.356,,,3931316609,,GOAL DONE,,,,,,,,,50,8000,4.3251,0.3089,0.0128,0.0009,0.0067,0.0005,0.007,0.0005,0.0041,0.0003,4.3559,0.3111,,,,,,,,,,,,
tomato,when_what,ours_when_only,0.8,scene_04,3000,/home/fr/brl/02_BRL_POMDP_CODE/experiments_logs/system_log/tomato/scene_04_step50/when_what_ours_when_only_thres_0-8_rand_0-4/exp_tomato_20260912_160630_147770.txt,2026-09-12 16:06:30,True,31,-15.0,24,13,0.41935483870967744,10.7607,,,3315816046,,GOAL DONE,,,,,,,,,50,8000,10.6941,0.345,0.0324,0.001,0.0142,0.0005,0.0089,0.0003,0.0102,0.0003,10.7605,0.3471,,,,,,,,,,,,
tomato,when_what,random,0.8,scene_04,3001,/home/fr/brl/02_BRL_POMDP_CODE/experiments_logs/system_log/tomato/scene_04_step50/when_what_random_thres_0-8_rand_0-4/exp_tomato_20260912_155059_180883.txt,2026-09-12 15:50:59,False,6,5.0,7,2,0.3333333333333333,1.5346,,,1589093347,,PLAN FAILURE,,,,,,,,,50,8000,1.5196,0.2533,0.0049,0.0008,0.0034,0.0006,0.0052,0.0009,0.0013,0.0002,1.5346,0.2558,,,,,,,,,,,,
tomato,when_what,random,0.8,scene_04,3002,/home/fr/brl/02_BRL_POMDP_CODE/experiments_logs/system_log/tomato/scene_04_step50/when_what_random_thres_0-8_rand_0-4/exp_tomato_20260912_155119_557221.txt,2026-09-12 15:51:19,True,24,-20.0,24,13,0.5416666666666666,8.4505,,,712937450,,GOAL DONE,,,,,,,,,50,8000,8.3899,0.3496,0.0276,0.0012,0.0181,0.0008,0.0077,0.0003,0.0065,0.0003,8.4504,0.3521,,,,,,,,,,,,
tomato,when_what,random,0.8,scene_04,3003,/home/fr/brl/02_BRL_POMDP_CODE/experiments_logs/system_log/tomato/scene_04_step50/when_what_random_thres_0-8_rand_0-4/exp_tomato_20260912_155148_107750.txt,2026-09-12 15:51:48,False,11,10.0,8,5,0.45454545454545453,3.4969,,,3614412854,,PLAN FAILURE,,,,,,,,,50,8000,3.4719,0.3156,0.0108,0.001,0.0065,0.0006,0.0048,0.0004,0.0027,0.0002,3.4968,0.3179,,,,,,,,,,,,
tomato,when_what,random,0.8,scene_04,3004,/home/fr/brl/02_BRL_POMDP_CODE/experiments_logs/system_log/tomato/scene_04_step50/when_what_random_thres_0-8_rand_0-4/exp_tomato_20260912_155209_251729.txt,2026-09-12 15:52:09,True,18,5.0,7,7,0.3888888888888889,5.4846,,,2390740933,,GOAL DONE,,,,,,,,,50,8000,5.4509,0.3028,0.0172,0.001,0.0072,0.0004,0.0037,0.0002,0.005,0.0003,5.4845,0.3047,,,,,,,,,,,,
tomato,when_what,random,0.8,scene_04,3005,/home/fr/brl/02_BRL_POMDP_CODE/experiments_logs/system_log/tomato/scene_04_step50/when_what_random_thres_0-8_rand_0-4/exp_tomato_20260912_155233_055443.txt,2026-09-12 15:52:33,True,19,15.0,18,12,0.631578947368421,6.3383,,,2642505031,,GOAL DONE,,,,,,,,,50,8000,6.3003,0.3316,0.0183,0.001,0.0078,0.0004,0.0052,0.0003,0.0062,0.0003,6.3382,0.3336,,,,,,,,,,,,
tomato,when_what,random,0.8,scene_04,3006,/home/fr/brl/02_BRL_POMDP_CODE/experiments_logs/system_log/tomato/scene_04_step50/when_what_random_thres_0-8_rand_0-4/exp_tomato_20260912_155258_329446.txt,2026-09-12 15:52:58,True,20,5.0,10,10,0.5,6.644,,,442300768,,GOAL DONE,,,,,,,,,50,8000,6.6047,0.3302,0.0194,0.001,0.0094,0.0005,0.0043,0.0002,0.0058,0.0003,6.6439,0.3322,,,,,,,,,,,,
tomato,when_what,random,0.8,scene_04,3007,/home/fr/brl/02_BRL_POMDP_CODE/experiments_logs/system_log/tomato/scene_04_step50/when_what_random_thres_0-8_rand_0-4/exp_tomato_20260912_155328_480755.txt,2026-09-12 15:53:28,True,28,-30.0,14,7,0.25,9.6667,,,3661502133,,GOAL DONE,,,,,,,,,50,8000,9.6043,0.343,0.0303,0.0011,0.0147,0.0005,0.008,0.0003,0.0087,0.0003,9.6665,0.3452,,,,,,,,,,,,
tomato,when_what,random,0.8,scene_04,3008,/home/fr/brl/02_BRL_POMDP_CODE/experiments_logs/system_log/tomato/scene_04_step50/when_what_random_thres_0-8_rand_0-4/exp_tomato_20260912_155358_787548.txt,2026-09-12 15:53:58,False,21,-15.0,11,7,0.3333333333333333,6.9948,,,236854069,,PLAN FAILURE,,,,,,,,,50,8000,6.9507,0.331,0.0218,0.001,0.011,0.0005,0.0047,0.0002,0.0061,0.0003,6.9947,0.3331,,,,,,,,,,,,
tomato,when_what,random,0.8,scene_04,3009,/home/fr/brl/02_BRL_POMDP_CODE/experiments_logs/system_log/tomato/scene_04_step50/when_what_random_thres_0-8_rand_0-4/exp_tomato_20260912_155418_760934.txt,2026-09-12 15:54:18,False,3,0.0,0,0,0.0,0.7523,,,2387734993,,PLAN FAILURE,,,,,,,,,50,8000,0.7459,0.2486,0.0026,0.0009,0.0031,0.001,0.0003,0.0001,0.0004,0.0001,0.7523,0.2508,,,,,,,,,,,,
tomato,when_what,random,0.8,scene_04,3010,/home/fr/brl/02_BRL_POMDP_CODE/experiments_logs/system_log/tomato/scene_04_step50/when_what_random_thres_0-8_rand_0-4/exp_tomato_20260912_155434_672588.txt,2026-09-12 15:54:34,True,20,-25.0,10,6,0.3,6.6982,,,321661848,,GOAL DONE,,,,,,,,,50,8000,6.6481,0.3324,0.0277,0.0014,0.0115,0.0006,0.0044,0.0002,0.0059,0.0003,6.6981,0.3349,,,,,,,,,,,,
tomato,when_what,random,0.8,scene_04,3011,/home/fr/brl/02_BRL_POMDP_CODE/experiments_logs/system_log/tomato/scene_04_step50/when_what_random_thres_0-8_rand_0-4/exp_tomato_20260912_155504_739169.txt,2026-09-12 15:55:04,True,29,-40.0,14,13,0.4482758620689655,9.7478,,,2993320002,,GOAL DONE,,,,,,,,,50,8000,9.6917,0.3342,0.029,0.001,0.0119,0.0004,0.0053,0.0002,0.0091,0.0003,9.7476,0.3361,,,,,,,,,,,,
tomato,when_what,random,0.8,scene_04,3012,/home/fr/brl/02_BRL_POMDP_CODE/experiments_logs/system_log/tomato/scene_04_step50/when_what_random_thres_0-8_rand_0-4/exp_tomato_20260912_155530_946035.txt,2026-09-12 15:55:30,True,17,15.0,22,10,0.5882352941176471,5.4894,,,1109362184,,GOAL DONE,,,,,,,,,50,8000,5.4494,0.3206,0.0163,0.001,0.0089,0.0005,0.0098,0.0006,0.0045,0.0003,5.4893,0.3229,,,,,,,,,,,,
tomato,when_what,random,0.8,scene_04,3013,/home/fr/brl/02_BRL_POMDP_CODE/experiments_logs/system_log/tomato/scene_04_step50/when_what_random_thres_0-8_rand_0-4/exp_tomato_20260912_155552_977055.txt,2026-09-12 15:55:52,True,20,-10.0,13,9,0.45,6.4293,,,3815955531,,GOAL DONE,,,,,,,,,50,8000,6.3892,0.3195,0.019,0.001,0.0082,0.0004,0.0068,0.0003,0.0055,0.0003,6.4292,0.3215,,,,,,,,,,,,
tomato,when_what,random,0.8,scene_04,3014,/home/fr/brl/02_BRL_POMDP_CODE/experiments_logs/system_log/tomato/scene_04_step50/when_what_random_thres_0-8_rand_0-4/exp_tomato_20260912_155613_144689.txt,2026-09-12 15:56:13,False,10,-10.0,11,3,0.3,3.1804,,,2941533860,,PLAN FAILURE,,,,,,,,,50,8000,3.1544,0.3154,0.0103,0.001,0.0072,0.0007,0.0058,0.0006,0.0025,0.0002,3.1804,0.318,,,,,,,,,,,,
tomato,when_what,random,0.8,scene_04,3015,/home/fr/brl/02_BRL_POMDP_CODE/experiments_logs/system_log/tomato/scene_04_step50/when_what_random_thres_0-8_rand_0-4/exp_tomato_20260912_155629_982352.txt,2026-09-12 15:56:29,False,9,-20.0,10,4,0.4444444444444444,2.0763,,,2020323328,,PLAN FAILURE,,,,,,,,,50,8000,2.0581,0.2287,0.0071,0.0008,0.0037,0.0004,0.0051,0.0006,0.0021,0.0002,2.0763,0.2307,,,,,,,,,,,,
tomato,when_what,random,0.8,scene_04,3016,/home/fr/brl/02_BRL_POMDP_CODE/experiments_logs/system_log/tomato/scene_04_step50/when_what_random_thres_0-8_rand_0-4/exp_tomato_20260912_155659_613584.txt,2026-09-12 15:56:59,True,27,-15.0,8,8,0.2962962962962963,9.5465,,,3712541616,,GOAL DONE,,,,,,,,,50,8000,9.4949,0.3517,0.0269,0.001,0.0118,0.0004,0.0046,0.0002,0.0077,0.0003,9.5464,0.3536,,,,,,,,,,,,
tomato,when_what,random,0.8,scene_04,3017,/home/fr/brl/02_BRL_POMDP_CODE/experiments_logs/system_log/tomato/scene_04_step50/when_what_random_thres_0-8_rand_0-4/exp_tomato_20260912_155724_513963.txt,2026-09-12 15:57:24,True,20,0.0,8,4,0.2,5.9239,,,3169457126,,GOAL DONE,,,,,,,,,50,8000,5.8821,0.2941,0.0184,0.0009,0.0109,0.0005,0.0063,0.0003,0.0056,0.0003,5.9238,0.2962,,,,,,,,,,,,
tomato,when_what,random,0.8,scene_04,3018,/home/fr/brl/02_BRL_POMDP_CODE/experiments_logs/system_log/tomato/scene_04_step50/when_what_random_thres_0-8_rand_0-4/exp_tomato_20260912_155748_916645.txt,2026-09-12 15:57:48,True,22,-15.0,19,10,0.45454545454545453,6.4085,,,3948166740,,GOAL DONE,,,,,,,,,50,8000,6.3669,0.2894,0.0193,0.0009,0.0072,0.0003,0.0075,0.0003,0.007,0.0003,6.4084,0.2913,,,,,,,,,,,,
tomato,when_what,random,0.8,scene_04,3019,/home/fr/brl/02_BRL_POMDP_CODE/experiments_logs/system_log/tomato/scene_04_step50/when_what_random_thres_0-8_rand_0-4/exp_tomato_20260912_155811_477505.txt,2026-09-12 15:58:11,False,10,10.0,3,2,0.2,2.9863,,,1552731229,,PLAN FAILURE,,,,,,,,,50,8000,2.9674,0.2967,0.0089,0.0009,0.0046,0.0005,0.0027,0.0003,0.0024,0.0002,2.9863,0.2986,,,,,,,,,,,,
tomato,when_what,random,0.8,scene_04,3020,/home/fr/brl/02_BRL_POMDP_CODE/experiments_logs/system_log/tomato/scene_04_step50/when_what_random_thres_0-8_rand_0-4/exp_tomato_20260912_155859_108568.txt,2026-09-12 15:58:59,True,15,5.0,11,4,0.26666666666666666,4.848,,,1337586660,,GOAL DONE,,,,,,,,,50,8000,4.8142,0.3209,0.0151,0.001,0.0073,0.0005,0.0064,0.0004,0.0046,0.0003,4.8479,0.3232,,,,,,,,,,,,
tomato,when_what,random,0.8,scene_04,3021,/home/fr/brl/02_BRL_POMDP_CODE/experiments_logs/system_log/tomato/scene_04_step50/when_what_random_thres_0-8_rand_0-4/exp_tomato_20260912_155923_543938.txt,2026-09-12 15:59:23,True,20,-5.0,10,5,0.25,6.5593,,,56491935,,GOAL DONE,,,,,,,,,50,8000,6.5165,0.3258,0.0188,0.0009,0.0106,0.0005,0.0074,0.0004,0.0055,0.0003,6.5592,0.328,,,,,,,,,,,,
tomato,when_what,random,0.8,scene_04,3022,/home/fr/brl/02_BRL_POMDP_CODE/experiments_logs/system_log/tomato/scene_04_step50/when_what_random_thres_0-8_rand_0-4/exp_tomato_20260912_155948_388618.txt,2026-09-12 15:59:48,True,22,-10.0,16,8,0.36363636363636365,7.2141,,,2771536334,,GOAL DONE,,,,,,,,,50,8000,7.1625,0.3256,0.0233,0.0011,0.0141,0.0006,0.0076,0.0003,0.006,0.0003,7.2139,0.3279,,,,,,,,,,,,
tomato,when_what,random,0.8,scene_04,3023,/home/fr/brl/02_BRL_POMDP_CODE/experiments_logs/system_log/tomato/scene_04_step50/when_what_random_thres_0-8_rand_0-4/exp_tomato_20260912_160015_948886.txt,2026-09-12 16:00:15,True,16,10.0,17,9,0.5625,5.0085,,,3227930555,,GOAL DONE,,,,,,,,,50,8000,4.9721,0.3108,0.0162,0.001,0.01,0.0006,0.0056,0.0003,0.0042,0.0003,5.0084,0.313,,,,,,,,,,,,
tomato,when_what,random,0.8,scene_04,3024,/home/fr/brl/02_BRL_POMDP_CODE/experiments_logs/system_log/tomato/scene_04_step50/when_what_random_thres_0-8_rand_0-4/exp_tomato_20260912_160035_711485.txt,2026-09-12 16:00:35,True,13,20.0,4,4,0.3076923076923077,4.0359,,,740609622,,GOAL DONE,,,,,,,,,50,8000,4.0121,0.3086,0.0113,0.0009,0.0051,0.0004,0.003,0.0002,0.0039,0.0003,4.0358,0.3104,,,,,,,,,,,,
tomato,when_what,random,0.8,scene_04,3025,/home/fr/brl/02_BRL_POMDP_CODE/experiments_logs/system_log/tomato/scene_04_step50/when_what_random_thres_0-8_rand_0-4/exp_tomato_20260912_160057_024065.txt,2026-09-12 16:00:57,True,25,-10.0,25,17,0.68,8.7507,,,218967378,,GOAL DONE,,,,,,,,,50,8000,8.7023,0.3481,0.0229,0.0009,0.0083,0.0003,0.009,0.0004,0.0075,0.0003,8.7505,0.35,,,,,,,,,,,,
tomato,when_what,random,0.8,scene_04,3026,/home/fr/brl/02_BRL_POMDP_CODE/experiments_logs/system_log/tomato/scene_04_step50/when_what_random_thres_0-8_rand_0-4/exp_tomato_20260912_160118_940294.txt,2026-09-12 16:01:18,False,20,-25.0,7,7,0.35,4.9083,,,1040908402,,PLAN FAILURE,,,,,,,,,50,8000,4.8755,0.2438,0.0167,0.0008,0.0057,0.0003,0.0038,0.0002,0.0061,0.0003,4.9082,0.2454,,,,,,,,,,,,
tomato,when_what,random,0.8,scene_04,3027,/home/fr/brl/02_BRL_POMDP_CODE/experiments_logs/system_log/tomato/scene_04_step50/when_what_random_thres_0-8_rand_0-4/exp_tomato_20260912_160142_696302.txt,2026-09-12 16:01:42,False,14,-20.0,12,5,0.35714285714285715,4.4146,,,2220313702,,PLAN FAILURE,,,,,,,,,50,8000,4.3751,0.3125,0.0169,0.0012,0.0139,0.001,0.005,0.0004,0.0034,0.0002,4.4146,0.3153,,,,,,,,,,,,
tomato,when_what,random,0.8,scene_04,3028,/home/fr/brl/02_BRL_POMDP_CODE/experiments_logs/system_log/tomato/scene_04_step50/when_what_random_thres_0-8_rand_0-4/exp_tomato_20260912_160200_652462.txt,2026-09-12 16:02:00,False,7,10.0,1,1,0.14285714285714285,2.089,,,168160880,,PLAN FAILURE,,,,,,,,,50,8000,2.0731,0.2962,0.0069,0.001,0.0052,0.0007,0.0022,0.0003,0.0015,0.0002,2.089,0.2984,,,,,,,,,,,,
tomato,when_what,random,0.8,scene_04,3029,/home/fr/brl/02_BRL_POMDP_CODE/experiments_logs/system_log/tomato/scene_04_step50/when_what_random_thres_0-8_rand_0-4/exp_tomato_20260912_160216_579818.txt,2026-09-12 16:02:16,True,14,0.0,13,4,0.2857142857142857,4.5309,,,3141647287,,GOAL DONE,,,,,,,,,50,8000,4.4999,0.3214,0.0135,0.001,0.0069,0.0005,0.0063,0.0005,0.0039,0.0003,4.5308,0.3236,,,,,,,,,,,,
tomato,when_what,random,0.8,scene_04,3030,/home/fr/brl/02_BRL_POMDP_CODE/experiments_logs/system_log/tomato/scene_04_step50/when_what_random_thres_0-8_rand_0-4/exp_tomato_20260912_160232_280829.txt,2026-09-12 16:02:32,False,6,-5.0,8,3,0.5,1.693,,,2135663053,,PLAN FAILURE,,,,,,,,,50,8000,1.6752,0.2792,0.0055,0.0009,0.0064,0.0011,0.0045,0.0008,0.0012,0.0002,1.6929,0.2822,,,,,,,,,,,,
tomato,when_what,random,0.8,scene_04,3031,/home/fr/brl/02_BRL_POMDP_CODE/experiments_logs/system_log/tomato/scene_04_step50/when_what_random_thres_0-8_rand_0-4/exp_tomato_20260912_160249_180733.txt,2026-09-12 16:02:49,False,10,10.0,3,3,0.3,2.9523,,,2392905031,,PLAN FAILURE,,,,,,,,,50,8000,2.9325,0.2933,0.0089,0.0009,0.0054,0.0005,0.0027,0.0003,0.0025,0.0002,2.9523,0.2952,,,,,,,,,,,,
tomato,when_what,random,0.8,scene_04,3032,/home/fr/brl/02_BRL_POMDP_CODE/experiments_logs/system_log/tomato/scene_04_step50/when_what_random_thres_0-8_rand_0-4/exp_tomato_20260912_160308_232088.txt,2026-09-12 16:03:08,True,20,-10.0,17,6,0.3,6.4601,,,3372736775,,GOAL DONE,,,,,,,,,50,8000,6.4187,0.3209,0.0189,0.0009,0.0092,0.0005,0.0074,0.0004,0.0054,0.0003,6.4599,0.323,,,,,,,,,,,,
tomato,when_what,random,0.8,scene_04,3033,/home/fr/brl/02_BRL_POMDP_CODE/experiments_logs/system_log/tomato/scene_04_step50/when_what_random_thres_0-8_rand_0-4/exp_tomato_20260912_160334_589777.txt,2026-09-12 16:03:34,True,20,-5.0,19,12,0.6,6.8827,,,3386497120,,GOAL DONE,,,,,,,,,50,8000,6.8399,0.342,0.021,0.001,0.0103,0.0005,0.006,0.0003,0.005,0.0002,6.8826,0.3441,,,,,,,,,,,,
tomato,when_what,random,0.8,scene_04,3034,/home/fr/brl/02_BRL_POMDP_CODE/experiments_logs/system_log/tomato/scene_04_step50/when_what_random_thres_0-8_rand_0-4/exp_tomato_20260912_160406_552237.txt,2026-09-12 16:04:06,True,21,10.0,11,11,0.5238095238095238,6.7752,,,1167440852,,GOAL DONE,,,,,,,,,50,8000,6.7336,0.3206,0.0209,0.001,0.0097,0.0005,0.0044,0.0002,0.006,0.0003,6.775,0.3226,,,,,,,,,,,,
tomato,when_what,random,0.8,scene_04,3035,/home/fr/brl/02_BRL_POMDP_CODE/experiments_logs/system_log/tomato/scene_04_step50/when_what_random_thres_0-8_rand_0-4/exp_tomato_20260912_160424_923125.txt,2026-09-12 16:04:24,False,14,5.0,15,6,0.42857142857142855,4.5695,,,222360660,,PLAN FAILURE,,,,,,,,,50,8000,4.5311,0.3237,0.0162,0.0012,0.0116,0.0008,0.007,0.0005,0.0032,0.0002,4.5694,0.3264,,,,,,,,,,,,
tomato,when_what,random,0.8,scene_04,3036,/home/fr/brl/02_BRL_POMDP_CODE/experiments_logs/system_log/tomato/scene_04_step50/when_what_random_thres_0-8_rand_0-4/exp_tomato_20260912_160450_944068.txt,2026-09-12 16:04:50,True,29,-20.0,30,18,0.6206896551724138,9.929,,,216321642,,GOAL DONE,,,,,,,,,50,8000,9.8651,0.3402,0.0307,0.0011,0.0153,0.0005,0.0099,0.0003,0.0071,0.0002,9.9288,0.3424,,,,,,,,,,,,
tomato,when_what,random,0.8,scene_04,3037,/home/fr/brl/02_BRL_POMDP_CODE/experiments_logs/system_log/tomato/scene_04_step50/when_what_random_thres_0-8_rand_0-4/exp_tomato_20260912_160521_742808.txt,2026-09-12 16:05:21,True,18,0.0,16,8,0.4444444444444444,5.9907,,,1141903763,,GOAL DONE,,,,,,,,,50,8000,5.9498,0.3305,0.0168,0.0009,0.0082,0.0005,0.0116,0.0006,0.0038,0.0002,5.9906,0.3328,,,,,,,,,,,,
tomato,when_what,random,0.8,scene_04,3038,/home/fr/brl/02_BRL_POMDP_CODE/experiments_logs/system_log/tomato/scene_04_step50/when_what_random_thres_0-8_rand_0-4/exp_tomato_20260912_160540_843778.txt,2026-09-12 16:05:40,False,6,5.0,8,1,0.16666666666666666,1.5467,,,2219488844,,PLAN FAILURE,,,,,,,,,50,8000,1.5307,0.2551,0.0052,0.0009,0.0034,0.0006,0.0057,0.0009,0.0016,0.0003,1.5467,0.2578,,,,,,,,,,,,
tomato,when_what,random,0.8,scene_04,3039,/home/fr/brl/02_BRL_POMDP_CODE/experiments_logs/system_log/tomato/scene_04_step50/when_what_random_thres_0-8_rand_0-4/exp_tomato_20260912_160558_651261.txt,2026-09-12 16:05:58,True,14,10.0,16,8,0.5714285714285714,4.3968,,,3931316609,,GOAL DONE,,,,,,,,,50,8000,4.3653,0.3118,0.0132,0.0009,0.0068,0.0005,0.0068,0.0005,0.0042,0.0003,4.3967,0.314,,,,,,,,,,,,
tomato,when_what,random,0.8,scene_04,3040,/home/fr/brl/02_BRL_POMDP_CODE/experiments_logs/system_log/tomato/scene_04_step50/when_what_random_thres_0-8_rand_0-4/exp_tomato_20260912_160619_255603.txt,2026-09-12 16:06:19,True,22,-10.0,18,11,0.5,6.8693,,,3315816046,,GOAL DONE,,,,,,,,,50,8000,6.8191,0.31,0.0211,0.001,0.0126,0.0006,0.0094,0.0004,0.0064,0.0003,6.8691,0.3122,,,,,,,,,,,,
tomato,when_what,ours,0.8,scene_05,3641,/home/fr/brl/02_BRL_POMDP_CODE/experiments_logs/system_log/tomato/scene_05_step50/when_what_ours_thres_0-8_rand_0-4/exp_tomato_20260912_160712_856893.txt,2026-09-12 16:07:12,True,18,-10.0,12,6,0.3333333333333333,5.4987,,,3945754139,,GOAL DONE,,,,,,,,,50,8000,5.4622,0.3035,0.0162,0.0009,0.0073,0.0004,0.0073,0.0004,0.0052,0.0003,5.4986,0.3055,,,,,,,,,,,,
tomato,when_what,ours,0.8,scene_05,3642,/home/fr/brl/02_BRL_POMDP_CODE/experiments_logs/system_log/tomato/scene_05_step50/when_what_ours_thres_0-8_rand_0-4/exp_tomato_20260912_160744_447520.txt,2026-09-12 16:07:44,True,23,0.0,23,11,0.4782608695652174,7.8045,,,259038599,,GOAL DONE,,,,,,,,,50,8000,7.7455,0.3368,0.0258,0.0011,0.0154,0.0007,0.0114,0.0005,0.0057,0.0002,7.8043,0.3393,,,,,,,,,,,,
tomato,when_what,ours,0.8,scene_05,3643,/home/fr/brl/02_BRL_POMDP_CODE/experiments_logs/system_log/tomato/scene_05_step50/when_what_ours_thres_0-8_rand_0-4/exp_tomato_20260912_160813_214680.txt,2026-09-12 16:08:13,True,23,0.0,18,10,0.43478260869565216,7.6691,,,2898963405,,GOAL DONE,,,,,,,,,50,8000,7.6144,0.3311,0.0232,0.001,0.0117,0.0005,0.0129,0.0006,0.0063,0.0003,7.669,0.3334,,,,,,,,,,,,
tomato,when_what,ours,0.8,scene_05,3644,/home/fr/brl/02_BRL_POMDP_CODE/experiments_logs/system_log/tomato/scene_05_step50/when_what_ours_thres_0-8_rand_0-4/exp_tomato_20260912_160841_178831.txt,2026-09-12 16:08:41,True,21,-25.0,16,10,0.47619047619047616,6.8759,,,1746555867,,GOAL DONE,,,,,,,,,50,8000,6.8345,0.3255,0.0187,0.0009,0.007,0.0003,0.0075,0.0004,0.0075,0.0004,6.8757,0.3274,,,,,,,,,,,,
tomato,when_what,ours,0.8,scene_05,3645,/home/fr/brl/02_BRL_POMDP_CODE/experiments_logs/system_log/tomato/scene_05_step50/when_what_ours_thres_0-8_rand_0-4/exp_tomato_20260912_160933_148301.txt,2026-09-12 16:09:33,True,19,0.0,14,9,0.47368421052631576,6.3286,,,879805946,,GOAL DONE,,,,,,,,,50,8000,6.2882,0.331,0.0183,0.001,0.0083,0.0004,0.0078,0.0004,0.0054,0.0003,6.3285,0.3331,,,,,,,,,,,,
tomato,when_what,ours,0.8,scene_05,3646,/home/fr/brl/02_BRL_POMDP_CODE/experiments_logs/system_log/tomato/scene_05_step50/when_what_ours_thres_0-8_rand_0-4/exp_tomato_20260912_160946_196357.txt,2026-09-12 16:09:46,True,16,0.0,11,7,0.4375,5.098,,,1691996467,,GOAL DONE,,,,,,,,,50,8000,5.0642,0.3165,0.015,0.0009,0.0065,0.0004,0.0067,0.0004,0.0053,0.0003,5.0979,0.3186,,,,,,,,,,,,
tomato,when_what,ours,0.8,scene_05,3647,/home/fr/brl/02_BRL_POMDP_CODE/experiments_logs/system_log/tomato/scene_05_step50/when_what_ours_thres_0-8_rand_0-4/exp_tomato_20260912_161010_268768.txt,2026-09-12 16:10:10,True,17,15.0,13,7,0.4117647058823529,5.4786,,,2654066318,,GOAL DONE,,,,,,,,,50,8000,5.4429,0.3202,0.0161,0.0009,0.0073,0.0004,0.0069,0.0004,0.005,0.0003,5.4785,0.3223,,,,,,,,,,,,
tomato,when_what,ours,0.8,scene_05,3648,/home/fr/brl/02_BRL_POMDP_CODE/experiments_logs/system_log/tomato/scene_05_step50/when_what_ours_thres_0-8_rand_0-4/exp_tomato_20260912_161024_195264.txt,2026-09-12 16:10:24,True,16,-10.0,14,7,0.4375,4.8491,,,715972481,,GOAL DONE,,,,,,,,,50,8000,4.8168,0.3011,0.0144,0.0009,0.0055,0.0003,0.0071,0.0004,0.0048,0.0003,4.849,0.3031,,,,,,,,,,,,
tomato,when_what,ours,0.8,scene_05,3649,/home/fr/brl/02_BRL_POMDP_CODE/experiments_logs/system_log/tomato/scene_05_step50/when_what_ours_thres_0-8_rand_0-4/exp_tomato_20260912_161055_827619.txt,2026-09-12 16:10:55,True,14,5.0,10,7,0.5,4.2969,,,794861334,,GOAL DONE,,,,,,,,,50,8000,4.2691,0.3049,0.0121,0.0009,0.0052,0.0004,0.006,0.0004,0.0041,0.0003,4.2968,0.3069,,,,,,,,,,,,
tomato,when_what,ours,0.8,scene_05,3650,/home/fr/brl/02_BRL_POMDP_CODE/experiments_logs/system_log/tomato/scene_05_step50/when_what_ours_thres_0-8_rand_0-4/exp_tomato_20260912_161122_092256.txt,2026-09-12 16:11:22,True,24,0.0,28,13,0.5416666666666666,8.5265,,,179847475,,GOAL DONE,,,,,,,,,50,8000,8.4643,0.3527,0.0268,0.0011,0.0161,0.0007,0.0123,0.0005,0.0064,0.0003,8.5264,0.3553,,,,,,,,,,,,
tomato,when_what,ours,0.8,scene_05,3651,/home/fr/brl/02_BRL_POMDP_CODE/experiments_logs/system_log/tomato/scene_05_step50/when_what_ours_thres_0-8_rand_0-4/exp_tomato_20260912_161139_179598.txt,2026-09-12 16:11:39,True,14,20.0,7,5,0.35714285714285715,4.2056,,,2141224597,,GOAL DONE,,,,,,,,,50,8000,4.1776,0.2984,0.0124,0.0009,0.0052,0.0004,0.0057,0.0004,0.0043,0.0003,4.2056,0.3004,,,,,,,,,,,,
tomato,when_what,ours,0.8,scene_05,3652,/home/fr/brl/02_BRL_POMDP_CODE/experiments_logs/system_log/tomato/scene_05_step50/when_what_ours_thres_0-8_rand_0-4/exp_tomato_20260912_161154_631928.txt,2026-09-12 16:11:54,True,17,10.0,10,6,0.35294117647058826,5.4181,,,3873493540,,GOAL DONE,,,,,,,,,50,8000,5.3765,0.3163,0.0161,0.0009,0.0075,0.0004,0.0122,0.0007,0.0053,0.0003,5.418,0.3187,,,,,,,,,,,,
tomato,when_what,ours,0.8,scene_05,3653,/home/fr/brl/02_BRL_POMDP_CODE/experiments_logs/system_log/tomato/scene_05_step50/when_what_ours_thres_0-8_rand_0-4/exp_tomato_20260912_161218_280499.txt,2026-09-12 16:12:18,True,17,5.0,13,7,0.4117647058823529,5.6883,,,444653586,,GOAL DONE,,,,,,,,,50,8000,5.6515,0.3324,0.0164,0.001,0.0076,0.0004,0.0071,0.0004,0.0053,0.0003,5.6882,0.3346,,,,,,,,,,,,
tomato,when_what,ours,0.8,scene_05,3654,/home/fr/brl/02_BRL_POMDP_CODE/experiments_logs/system_log/tomato/scene_05_step50/when_what_ours_thres_0-8_rand_0-4/exp_tomato_20260912_161237_889502.txt,2026-09-12 16:12:37,True,15,15.0,9,5,0.3333333333333333,4.8366,,,2591322916,,GOAL DONE,,,,,,,,,50,8000,4.8067,0.3204,0.0133,0.0009,0.0054,0.0004,0.0063,0.0004,0.0044,0.0003,4.8365,0.3224,,,,,,,,,,,,
tomato,when_what,ours,0.8,scene_05,3655,/home/fr/brl/02_BRL_POMDP_CODE/experiments_logs/system_log/tomato/scene_05_step50/when_what_ours_thres_0-8_rand_0-4/exp_tomato_20260912_161250_921477.txt,2026-09-12 16:12:50,True,16,5.0,15,7,0.4375,4.7167,,,2082077157,,GOAL DONE,,,,,,,,,50,8000,4.6815,0.2926,0.0152,0.0009,0.0062,0.0004,0.0081,0.0005,0.0052,0.0003,4.7166,0.2948,,,,,,,,,,,,
tomato,when_what,ours,0.8,scene_05,3656,/home/fr/brl/02_BRL_POMDP_CODE/experiments_logs/system_log/tomato/scene_05_step50/when_what_ours_thres_0-8_rand_0-4/exp_tomato_20260912_161306_157132.txt,2026-09-12 16:13:06,True,18,20.0,14,8,0.4444444444444444,5.8886,,,1584111328,,GOAL DONE,,,,,,,,,50,8000,5.8433,0.3246,0.0228,0.0013,0.009,0.0005,0.0083,0.0005,0.0048,0.0003,5.8885,0.3271,,,,,,,,,,,,
tomato,when_what,ours,0.8,scene_05,3657,/home/fr/brl/02_BRL_POMDP_CODE/experiments_logs/system_log/tomato/scene_05_step50/when_what_ours_thres_0-8_rand_0-4/exp_tomato_20260912_161338_134392.txt,2026-09-12 16:13:38,True,15,10.0,11,6,0.4,4.5971,,,2883494985,,GOAL DONE,,,,,,,,,50,8000,4.5633,0.3042,0.0145,0.001,0.0076,0.0005,0.0071,0.0005,0.0041,0.0003,4.597,0.3065,,,,,,,,,,,,
tomato,when_what,ours,0.8,scene_05,3658,/home/fr/brl/02_BRL_POMDP_CODE/experiments_logs/system_log/tomato/scene_05_step50/when_what_ours_thres_0-8_rand_0-4/exp_tomato_20260912_161401_090467.txt,2026-09-12 16:14:01,True,18,0.0,13,8,0.4444444444444444,5.8621,,,2222584418,,GOAL DONE,,,,,,,,,50,8000,5.8211,0.3234,0.0182,0.001,0.0092,0.0005,0.0075,0.0004,0.0057,0.0003,5.862,0.3257,,,,,,,,,,,,
tomato,when_what,ours,0.8,scene_05,3659,/home/fr/brl/02_BRL_POMDP_CODE/experiments_logs/system_log/tomato/scene_05_step50/when_what_ours_thres_0-8_rand_0-4/exp_tomato_20260912_161422_627449.txt,2026-09-12 16:14:22,True,18,-15.0,11,6,0.3333333333333333,5.3041,,,1573496301,,GOAL DONE,,,,,,,,,50,8000,5.2668,0.2926,0.0174,0.001,0.0077,0.0004,0.0068,0.0004,0.0048,0.0003,5.3039,0.2947,,,,,,,,,,,,
tomato,when_what,ours,0.8,scene_05,3660,/home/fr/brl/02_BRL_POMDP_CODE/experiments_logs/system_log/tomato/scene_05_step50/when_what_ours_thres_0-8_rand_0-4/exp_tomato_20260912_161444_371884.txt,2026-09-12 16:14:44,True,16,-10.0,11,6,0.375,5.3375,,,3850832736,,GOAL DONE,,,,,,,,,50,8000,5.3028,0.3314,0.0155,0.001,0.0075,0.0005,0.0067,0.0004,0.0047,0.0003,5.3374,0.3336,,,,,,,,,,,,
tomato,when_what,ours,0.8,scene_05,3661,/home/fr/brl/02_BRL_POMDP_CODE/experiments_logs/system_log/tomato/scene_05_step50/when_what_ours_thres_0-8_rand_0-4/exp_tomato_20260912_161500_613128.txt,2026-09-12 16:15:00,True,20,-25.0,15,9,0.45,6.4851,,,1896365895,,GOAL DONE,,,,,,,,,50,8000,6.4466,0.3223,0.0174,0.0009,0.0068,0.0003,0.0079,0.0004,0.0059,0.0003,6.4849,0.3242,,,,,,,,,,,,
tomato,when_what,ours,0.8,scene_05,3662,/home/fr/brl/02_BRL_POMDP_CODE/experiments_logs/system_log/tomato/scene_05_step50/when_what_ours_thres_0-8_rand_0-4/exp_tomato_20260912_161521_983871.txt,2026-09-12 16:15:21,True,16,-5.0,9,5,0.3125,5.2261,,,2128654182,,GOAL DONE,,,,,,,,,50,8000,5.1937,0.3246,0.0145,0.0009,0.0064,0.0004,0.0062,0.0004,0.0048,0.0003,5.226,0.3266,,,,,,,,,,,,
tomato,when_what,ours,0.8,scene_05,3663,/home/fr/brl/02_BRL_POMDP_CODE/experiments_logs/system_log/tomato/scene_05_step50/when_what_ours_thres_0-8_rand_0-4/exp_tomato_20260912_161535_560107.txt,2026-09-12 16:15:35,True,15,5.0,18,9,0.6,4.8328,,,3471226395,,GOAL DONE,,,,,,,,,50,8000,4.7975,0.3198,0.0148,0.001,0.0073,0.0005,0.0077,0.0005,0.0051,0.0003,4.8327,0.3222,,,,,,,,,,,,
tomato,when_what,ours,0.8,scene_05,3664,/home/fr/brl/02_BRL_POMDP_CODE/experiments_logs/system_log/tomato/scene_05_step50/when_what_ours_thres_0-8_rand_0-4/exp_tomato_20260912_161549_522381.txt,2026-09-12 16:15:49,True,16,-5.0,9,6,0.375,5.1062,,,1127296088,,GOAL DONE,,,,,,,,,50,8000,5.0757,0.3172,0.0137,0.0009,0.0054,0.0003,0.006,0.0004,0.0049,0.0003,5.1061,0.3191,,,,,,,,,,,,
tomato,when_what,ours,0.8,scene_05,3665,/home/fr/brl/02_BRL_POMDP_CODE/experiments_logs/system_log/tomato/scene_05_step50/when_what_ours_thres_0-8_rand_0-4/exp_tomato_20260912_161610_111100.txt,2026-09-12 16:16:10,True,14,5.0,12,7,0.5,4.5777,,,346784313,,GOAL DONE,,,,,,,,,50,8000,4.5502,0.325,0.0118,0.0008,0.0051,0.0004,0.0063,0.0005,0.0039,0.0003,4.5776,0.327,,,,,,,,,,,,
tomato,when_what,ours,0.8,scene_05,3666,/home/fr/brl/02_BRL_POMDP_CODE/experiments_logs/system_log/tomato/scene_05_step50/when_what_ours_thres_0-8_rand_0-4/exp_tomato_20260912_161623_541511.txt,2026-09-12 16:16:23,True,17,5.0,22,10,0.5882352941176471,5.4812,,,1271340849,,GOAL DONE,,,,,,,,,50,8000,5.4323,0.3195,0.0178,0.001,0.0134,0.0008,0.0125,0.0007,0.0047,0.0003,5.4811,0.3224,,,,,,,,,,,,
tomato,when_what,ours,0.8,scene_05,3667,/home/fr/brl/02_BRL_POMDP_CODE/experiments_logs/system_log/tomato/scene_05_step50/when_what_ours_thres_0-8_rand_0-4/exp_tomato_20260912_161642_438032.txt,2026-09-12 16:16:42,True,13,10.0,9,5,0.38461538461538464,4.0335,,,1196215500,,GOAL DONE,,,,,,,,,50,8000,4.0061,0.3082,0.0114,0.0009,0.0052,0.0004,0.0063,0.0005,0.0041,0.0003,4.0334,0.3103,,,,,,,,,,,,
tomato,when_what,ours,0.8,scene_05,3668,/home/fr/brl/02_BRL_POMDP_CODE/experiments_logs/system_log/tomato/scene_05_step50/when_what_ours_thres_0-8_rand_0-4/exp_tomato_20260912_161705_892775.txt,2026-09-12 16:17:05,True,18,-10.0,13,7,0.3888888888888889,5.6734,,,3594782946,,GOAL DONE,,,,,,,,,50,8000,5.6366,0.3131,0.0161,0.0009,0.0072,0.0004,0.0075,0.0004,0.0055,0.0003,5.6733,0.3152,,,,,,,,,,,,
tomato,when_what,ours,0.8,scene_05,3669,/home/fr/brl/02_BRL_POMDP_CODE/experiments_logs/system_log/tomato/scene_05_step50/when_what_ours_thres_0-8_rand_0-4/exp_tomato_20260912_161729_301182.txt,2026-09-12 16:17:29,True,19,5.0,12,6,0.3157894736842105,6.0387,,,3869246695,,GOAL DONE,,,,,,,,,50,8000,5.998,0.3157,0.018,0.0009,0.0086,0.0005,0.0077,0.0004,0.006,0.0003,6.0386,0.3178,,,,,,,,,,,,
tomato,when_what,ours,0.8,scene_05,3670,/home/fr/brl/02_BRL_POMDP_CODE/experiments_logs/system_log/tomato/scene_05_step50/when_what_ours_thres_0-8_rand_0-4/exp_tomato_20260912_161744_661766.txt,2026-09-12 16:17:44,True,18,15.0,14,8,0.4444444444444444,5.564,,,2231101089,,GOAL DONE,,,,,,,,,50,8000,5.5259,0.307,0.0176,0.001,0.0074,0.0004,0.0072,0.0004,0.0054,0.0003,5.5639,0.3091,,,,,,,,,,,,
tomato,when_what,ours,0.8,scene_05,3671,/home/fr/brl/02_BRL_POMDP_CODE/experiments_logs/system_log/tomato/scene_05_step50/when_what_ours_thres_0-8_rand_0-4/exp_tomato_20260912_161807_641734.txt,2026-09-12 16:18:07,True,18,-5.0,17,9,0.5,5.6526,,,28332744,,GOAL DONE,,,,,,,,,50,8000,5.6149,0.3119,0.0159,0.0009,0.0072,0.0004,0.0088,0.0005,0.0053,0.0003,5.6525,0.314,,,,,,,,,,,,
tomato,when_what,ours,0.8,scene_05,3672,/home/fr/brl/02_BRL_POMDP_CODE/experiments_logs/system_log/tomato/scene_05_step50/when_what_ours_thres_0-8_rand_0-4/exp_tomato_20260912_161827_352086.txt,2026-09-12 16:18:27,True,15,0.0,11,7,0.4666666666666667,4.7766,,,815541928,,GOAL DONE,,,,,,,,,50,8000,4.7457,0.3164,0.014,0.0009,0.0063,0.0004,0.0062,0.0004,0.0041,0.0003,4.7765,0.3184,,,,,,,,,,,,
tomato,when_what,ours,0.8,scene_05,3673,/home/fr/brl/02_BRL_POMDP_CODE/experiments_logs/system_log/tomato/scene_05_step50/when_what_ours_thres_0-8_rand_0-4/exp_tomato_20260912_161856_168828.txt,2026-09-12 16:18:56,True,27,-20.0,23,13,0.48148148148148145,9.5097,,,3637968608,,GOAL DONE,,,,,,,,,50,8000,9.4474,0.3499,0.0284,0.0011,0.0134,0.0005,0.0106,0.0004,0.0091,0.0003,9.5095,0.3522,,,,,,,,,,,,
tomato,when_what,ours,0.8,scene_05,3674,/home/fr/brl/02_BRL_POMDP_CODE/experiments_logs/system_log/tomato/scene_05_step50/when_what_ours_thres_0-8_rand_0-4/exp_tomato_20260912_161941_932733.txt,2026-09-12 16:19:41,True,32,-30.0,31,15,0.46875,11.0809,,,1985644872,,GOAL DONE,,,,,,,,,50,8000,11.0035,0.3439,0.035,0.0011,0.0189,0.0006,0.0141,0.0004,0.0085,0.0003,11.0807,0.3463,,,,,,,,,,,,
tomato,when_what,ours,0.8,scene_05,3675,/home/fr/brl/02_BRL_POMDP_CODE/experiments_logs/system_log/tomato/scene_05_step50/when_what_ours_thres_0-8_rand_0-4/exp_tomato_20260912_162002_917780.txt,2026-09-12 16:20:02,True,14,5.0,10,6,0.42857142857142855,4.4007,,,589229374,,GOAL DONE,,,,,,,,,50,8000,4.3726,0.3123,0.012,0.0009,0.0052,0.0004,0.006,0.0004,0.0046,0.0003,4.4006,0.3143,,,,,,,,,,,,
tomato,when_what,ours,0.8,scene_05,3676,/home/fr/brl/02_BRL_POMDP_CODE/experiments_logs/system_log/tomato/scene_05_step50/when_what_ours_thres_0-8_rand_0-4/exp_tomato_20260912_162030_669487.txt,2026-09-12 16:20:30,True,21,-20.0,14,9,0.42857142857142855,6.4683,,,1101473435,,GOAL DONE,,,,,,,,,50,8000,6.4273,0.3061,0.0191,0.0009,0.0076,0.0004,0.0081,0.0004,0.0056,0.0003,6.4682,0.308,,,,,,,,,,,,
tomato,when_what,ours,0.8,scene_05,3677,/home/fr/brl/02_BRL_POMDP_CODE/experiments_logs/system_log/tomato/scene_05_step50/when_what_ours_thres_0-8_rand_0-4/exp_tomato_20260912_162103_688422.txt,2026-09-12 16:21:03,True,24,-5.0,16,8,0.3333333333333333,8.0162,,,3696024021,,GOAL DONE,,,,,,,,,50,8000,7.9635,0.3318,0.0256,0.0011,0.0108,0.0004,0.0078,0.0003,0.0079,0.0003,8.0161,0.334,,,,,,,,,,,,
tomato,when_what,ours,0.8,scene_05,3678,/home/fr/brl/02_BRL_POMDP_CODE/experiments_logs/system_log/tomato/scene_05_step50/when_what_ours_thres_0-8_rand_0-4/exp_tomato_20260912_162128_071388.txt,2026-09-12 16:21:28,True,18,5.0,11,7,0.3888888888888889,6.0351,,,4191848859,,GOAL DONE,,,,,,,,,50,8000,5.9993,0.3333,0.0162,0.0009,0.0067,0.0004,0.0067,0.0004,0.0056,0.0003,6.0349,0.3353,,,,,,,,,,,,
tomato,when_what,ours,0.8,scene_05,3679,/home/fr/brl/02_BRL_POMDP_CODE/experiments_logs/system_log/tomato/scene_05_step50/when_what_ours_thres_0-8_rand_0-4/exp_tomato_20260912_162150_486503.txt,2026-09-12 16:21:50,True,15,5.0,12,6,0.4,4.6628,,,1042830735,,GOAL DONE,,,,,,,,,50,8000,4.6265,0.3084,0.014,0.0009,0.0065,0.0004,0.011,0.0007,0.0044,0.0003,4.6627,0.3108,,,,,,,,,,,,
tomato,when_what,ours,0.8,scene_05,3680,/home/fr/brl/02_BRL_POMDP_CODE/experiments_logs/system_log/tomato/scene_05_step50/when_what_ours_thres_0-8_rand_0-4/exp_tomato_20260912_162211_604040.txt,2026-09-12 16:22:11,True,18,5.0,18,9,0.5,5.9612,,,3034198474,,GOAL DONE,,,,,,,,,50,8000,5.9178,0.3288,0.0181,0.001,0.0106,0.0006,0.0093,0.0005,0.0048,0.0003,5.9611,0.3312,,,,,,,,,,,,
tomato,when_what,ours_what_only,0.8,scene_05,3681,/home/fr/brl/02_BRL_POMDP_CODE/experiments_logs/system_log/tomato/scene_05_step50/when_what_ours_what_only_thres_0-8_rand_0-4/exp_tomato_20260912_160707_230761.txt,2026-09-12 16:07:07,True,23,-10.0,19,13,0.5652173913043478,7.1028,,,3945754139,,GOAL DONE,,,,,,,,,50,8000,7.0563,0.3068,0.0212,0.0009,0.0096,0.0004,0.0078,0.0003,0.0072,0.0003,7.1027,0.3088,,,,,,,,,,,,
tomato,when_what,ours_what_only,0.8,scene_05,3682,/home/fr/brl/02_BRL_POMDP_CODE/experiments_logs/system_log/tomato/scene_05_step50/when_what_ours_what_only_thres_0-8_rand_0-4/exp_tomato_20260912_160736_512500.txt,2026-09-12 16:07:36,True,23,0.0,18,13,0.5652173913043478,7.7212,,,259038599,,GOAL DONE,,,,,,,,,50,8000,7.6679,0.3334,0.0247,0.0011,0.0149,0.0006,0.0072,0.0003,0.0057,0.0002,7.721,0.3357,,,,,,,,,,,,
tomato,when_what,ours_what_only,0.8,scene_05,3683,/home/fr/brl/02_BRL_POMDP_CODE/experiments_logs/system_log/tomato/scene_05_step50/when_what_ours_what_only_thres_0-8_rand_0-4/exp_tomato_20260912_160805_419150.txt,2026-09-12 16:08:05,True,20,10.0,15,13,0.65,6.5305,,,2898963405,,GOAL DONE,,,,,,,,,50,8000,6.4822,0.3241,0.0207,0.001,0.0104,0.0005,0.0112,0.0006,0.0055,0.0003,6.5303,0.3265,,,,,,,,,,,,
tomato,when_what,ours_what_only,0.8,scene_05,3684,/home/fr/brl/02_BRL_POMDP_CODE/experiments_logs/system_log/tomato/scene_05_step50/when_what_ours_what_only_thres_0-8_rand_0-4/exp_tomato_20260912_160834_176131.txt,2026-09-12 16:08:34,False,21,-35.0,9,7,0.3333333333333333,6.9654,,,1746555867,,PLAN FAILURE,,,,,,,,,50,8000,6.9252,0.3298,0.0197,0.0009,0.0082,0.0004,0.0051,0.0002,0.0066,0.0003,6.9653,0.3317,,,,,,,,,,,,
tomato,when_what,ours_what_only,0.8,scene_05,3685,/home/fr/brl/02_BRL_POMDP_CODE/experiments_logs/system_log/tomato/scene_05_step50/when_what_ours_what_only_thres_0-8_rand_0-4/exp_tomato_20260912_160926_696899.txt,2026-09-12 16:09:26,False,50,-105.0,14,12,0.24,19.0713,,,879805946,,MAX STEP,,,,,,,,,50,8000,18.9616,0.3792,0.0597,0.0012,0.0256,0.0005,0.0077,0.0002,0.0152,0.0003,19.071,0.3814,,,,,,,,,,,,
tomato,when_what,ours_what_only,0.8,scene_05,3686,/home/fr/brl/02_BRL_POMDP_CODE/experiments_logs/system_log/tomato/scene_05_step50/when_what_ours_what_only_thres_0-8_rand_0-4/exp_tomato_20260912_160940_966637.txt,2026-09-12 16:09:40,False,5,0.0,6,3,0.6,1.212,,,1691996467,,PLAN FAILURE,,,,,,,,,50,8000,1.1984,0.2397,0.004,0.0008,0.0034,0.0007,0.0048,0.001,0.0013,0.0003,1.212,0.2424,,,,,,,,,,,,
tomato,when_what,ours_what_only,0.8,scene_05,3687,/home/fr/brl/02_BRL_POMDP_CODE/experiments_logs/system_log/tomato/scene_05_step50/when_what_ours_what_only_thres_0-8_rand_0-4/exp_tomato_20260912_161004_664574.txt,2026-09-12 16:10:04,True,19,0.0,16,12,0.631578947368421,6.2589,,,2654066318,,GOAL DONE,,,,,,,,,50,8000,6.22,0.3274,0.0177,0.0009,0.0075,0.0004,0.0074,0.0004,0.0058,0.0003,6.2588,0.3294,,,,,,,,,,,,
tomato,when_what,ours_what_only,0.8,scene_05,3688,/home/fr/brl/02_BRL_POMDP_CODE/experiments_logs/system_log/tomato/scene_05_step50/when_what_ours_what_only_thres_0-8_rand_0-4/exp_tomato_20260912_161019_216109.txt,2026-09-12 16:10:19,False,7,-5.0,6,2,0.2857142857142857,1.8472,,,715972481,,PLAN FAILURE,,,,,,,,,50,8000,1.8308,0.2615,0.0056,0.0008,0.0035,0.0005,0.0054,0.0008,0.0018,0.0003,1.8472,0.2639,,,,,,,,,,,,
tomato,when_what,ours_what_only,0.8,scene_05,3689,/home/fr/brl/02_BRL_POMDP_CODE/experiments_logs/system_log/tomato/scene_05_step50/when_what_ours_what_only_thres_0-8_rand_0-4/exp_tomato_20260912_161051_403184.txt,2026-09-12 16:10:51,True,33,-55.0,32,15,0.45454545454545453,11.3078,,,794861334,,GOAL DONE,,,,,,,,,50,8000,11.2234,0.3401,0.0378,0.0011,0.0232,0.0007,0.0131,0.0004,0.0093,0.0003,11.3076,0.3427,,,,,,,,,,,,
tomato,when_what,ours_what_only,0.8,scene_05,3690,/home/fr/brl/02_BRL_POMDP_CODE/experiments_logs/system_log/tomato/scene_05_step50/when_what_ours_what_only_thres_0-8_rand_0-4/exp_tomato_20260912_161113_438654.txt,2026-09-12 16:11:13,True,14,15.0,5,3,0.21428571428571427,4.3503,,,179847475,,GOAL DONE,,,,,,,,,50,8000,4.3182,0.3084,0.0146,0.001,0.0085,0.0006,0.0041,0.0003,0.0045,0.0003,4.3502,0.3107,,,,,,,,,,,,
tomato,when_what,ours_what_only,0.8,scene_05,3691,/home/fr/brl/02_BRL_POMDP_CODE/experiments_logs/system_log/tomato/scene_05_step50/when_what_ours_what_only_thres_0-8_rand_0-4/exp_tomato_20260912_161134_845930.txt,2026-09-12 16:11:34,True,14,20.0,9,8,0.5714285714285714,4.1363,,,2141224597,,GOAL DONE,,,,,,,,,50,8000,4.1104,0.2936,0.0122,0.0009,0.0051,0.0004,0.0042,0.0003,0.004,0.0003,4.1362,0.2954,,,,,,,,,,,,
tomato,when_what,ours_what_only,0.8,scene_05,3692,/home/fr/brl/02_BRL_POMDP_CODE/experiments_logs/system_log/tomato/scene_05_step50/when_what_ours_what_only_thres_0-8_rand_0-4/exp_tomato_20260912_161149_078962.txt,2026-09-12 16:11:49,False,8,-10.0,2,2,0.25,2.1386,,,3873493540,,PLAN FAILURE,,,,,,,,,50,8000,2.119,0.2649,0.0068,0.0009,0.0081,0.001,0.0027,0.0003,0.0018,0.0002,2.1386,0.2673,,,,,,,,,,,,
tomato,when_what,ours_what_only,0.8,scene_05,3693,/home/fr/brl/02_BRL_POMDP_CODE/experiments_logs/system_log/tomato/scene_05_step50/when_what_ours_what_only_thres_0-8_rand_0-4/exp_tomato_20260912_161212_460307.txt,2026-09-12 16:12:12,True,17,10.0,5,4,0.23529411764705882,5.7754,,,444653586,,GOAL DONE,,,,,,,,,50,8000,5.7391,0.3376,0.0176,0.001,0.0095,0.0006,0.0037,0.0002,0.0051,0.0003,5.7753,0.3397,,,,,,,,,,,,
tomato,when_what,ours_what_only,0.8,scene_05,3694,/home/fr/brl/02_BRL_POMDP_CODE/experiments_logs/system_log/tomato/scene_05_step50/when_what_ours_what_only_thres_0-8_rand_0-4/exp_tomato_20260912_161232_921604.txt,2026-09-12 16:12:32,True,15,15.0,10,9,0.6,4.7259,,,2591322916,,GOAL DONE,,,,,,,,,50,8000,4.6982,0.3132,0.0132,0.0009,0.0054,0.0004,0.0046,0.0003,0.0041,0.0003,4.7258,0.3151,,,,,,,,,,,,
tomato,when_what,ours_what_only,0.8,scene_05,3695,/home/fr/brl/02_BRL_POMDP_CODE/experiments_logs/system_log/tomato/scene_05_step50/when_what_ours_what_only_thres_0-8_rand_0-4/exp_tomato_20260912_161246_070513.txt,2026-09-12 16:12:46,False,6,-5.0,5,2,0.3333333333333333,1.5961,,,2082077157,,PLAN FAILURE,,,,,,,,,50,8000,1.5813,0.2635,0.0051,0.0009,0.0034,0.0006,0.0049,0.0008,0.0013,0.0002,1.5961,0.266,,,,,,,,,,,,
tomato,when_what,ours_what_only,0.8,scene_05,3696,/home/fr/brl/02_BRL_POMDP_CODE/experiments_logs/system_log/tomato/scene_05_step50/when_what_ours_what_only_thres_0-8_rand_0-4/exp_tomato_20260912_161300_144922.txt,2026-09-12 16:13:00,False,6,5.0,3,2,0.3333333333333333,1.5573,,,1584111328,,PLAN FAILURE,,,,,,,,,50,8000,1.5447,0.2575,0.005,0.0008,0.0034,0.0006,0.0026,0.0004,0.0014,0.0002,1.5573,0.2595,,,,,,,,,,,,
tomato,when_what,ours_what_only,0.8,scene_05,3697,/home/fr/brl/02_BRL_POMDP_CODE/experiments_logs/system_log/tomato/scene_05_step50/when_what_ours_what_only_thres_0-8_rand_0-4/exp_tomato_20260912_161333_409262.txt,2026-09-12 16:13:33,True,15,10.0,12,7,0.4666666666666667,4.6641,,,2883494985,,GOAL DONE,,,,,,,,,50,8000,4.6299,0.3087,0.0146,0.001,0.0078,0.0005,0.0075,0.0005,0.004,0.0003,4.664,0.3109,,,,,,,,,,,,
tomato,when_what,ours_what_only,0.8,scene_05,3698,/home/fr/brl/02_BRL_POMDP_CODE/experiments_logs/system_log/tomato/scene_05_step50/when_what_ours_what_only_thres_0-8_rand_0-4/exp_tomato_20260912_161355_095865.txt,2026-09-12 16:13:55,True,18,0.0,8,5,0.2777777777777778,6.001,,,2222584418,,GOAL DONE,,,,,,,,,50,8000,5.9606,0.3311,0.0186,0.001,0.0094,0.0005,0.0066,0.0004,0.0053,0.0003,6.0009,0.3334,,,,,,,,,,,,
tomato,when_what,ours_what_only,0.8,scene_05,3699,/home/fr/brl/02_BRL_POMDP_CODE/experiments_logs/system_log/tomato/scene_05_step50/when_what_ours_what_only_thres_0-8_rand_0-4/exp_tomato_20260912_161417_198404.txt,2026-09-12 16:14:17,True,18,-15.0,8,7,0.3888888888888889,5.2582,,,1573496301,,GOAL DONE,,,,,,,,,50,8000,5.2231,0.2902,0.0175,0.001,0.0078,0.0004,0.0043,0.0002,0.005,0.0003,5.2581,0.2921,,,,,,,,,,,,
tomato,when_what,ours_what_only,0.8,scene_05,3700,/home/fr/brl/02_BRL_POMDP_CODE/experiments_logs/system_log/tomato/scene_05_step50/when_what_ours_what_only_thres_0-8_rand_0-4/exp_tomato_20260912_161438_908463.txt,2026-09-12 16:14:38,True,16,-10.0,9,6,0.375,5.2849,,,3850832736,,GOAL DONE,,,,,,,,,50,8000,5.2511,0.3282,0.0153,0.001,0.0073,0.0005,0.0059,0.0004,0.0048,0.0003,5.2848,0.3303,,,,,,,,,,,,
tomato,when_what,ours_what_only,0.8,scene_05,3701,/home/fr/brl/02_BRL_POMDP_CODE/experiments_logs/system_log/tomato/scene_05_step50/when_what_ours_what_only_thres_0-8_rand_0-4/exp_tomato_20260912_161453_996550.txt,2026-09-12 16:14:53,False,5,10.0,7,3,0.6,1.3227,,,1896365895,,PLAN FAILURE,,,,,,,,,50,8000,1.3088,0.2618,0.0041,0.0008,0.0033,0.0007,0.0052,0.001,0.0012,0.0002,1.3226,0.2645,,,,,,,,,,,,
tomato,when_what,ours_what_only,0.8,scene_05,3702,/home/fr/brl/02_BRL_POMDP_CODE/experiments_logs/system_log/tomato/scene_05_step50/when_what_ours_what_only_thres_0-8_rand_0-4/exp_tomato_20260912_161516_625488.txt,2026-09-12 16:15:16,True,16,-5.0,6,5,0.3125,5.2418,,,2128654182,,GOAL DONE,,,,,,,,,50,8000,5.2114,0.3257,0.0144,0.0009,0.0064,0.0004,0.0041,0.0003,0.0051,0.0003,5.2417,0.3276,,,,,,,,,,,,
tomato,when_what,ours_what_only,0.8,scene_05,3703,/home/fr/brl/02_BRL_POMDP_CODE/experiments_logs/system_log/tomato/scene_05_step50/when_what_ours_what_only_thres_0-8_rand_0-4/exp_tomato_20260912_161530_602663.txt,2026-09-12 16:15:30,False,6,-5.0,3,2,0.3333333333333333,1.6621,,,3471226395,,PLAN FAILURE,,,,,,,,,50,8000,1.6482,0.2747,0.0048,0.0008,0.0033,0.0006,0.0043,0.0007,0.0012,0.0002,1.6621,0.277,,,,,,,,,,,,
tomato,when_what,ours_what_only,0.8,scene_05,3704,/home/fr/brl/02_BRL_POMDP_CODE/experiments_logs/system_log/tomato/scene_05_step50/when_what_ours_what_only_thres_0-8_rand_0-4/exp_tomato_20260912_161544_288407.txt,2026-09-12 16:15:44,False,6,-5.0,1,1,0.16666666666666666,1.5838,,,1127296088,,PLAN FAILURE,,,,,,,,,50,8000,1.5721,0.262,0.0049,0.0008,0.0033,0.0006,0.0022,0.0004,0.0011,0.0002,1.5838,0.264,,,,,,,,,,,,
tomato,when_what,ours_what_only,0.8,scene_05,3705,/home/fr/brl/02_BRL_POMDP_CODE/experiments_logs/system_log/tomato/scene_05_step50/when_what_ours_what_only_thres_0-8_rand_0-4/exp_tomato_20260912_161605_409057.txt,2026-09-12 16:16:05,True,17,-5.0,10,9,0.5294117647058824,5.3923,,,346784313,,GOAL DONE,,,,,,,,,50,8000,5.3616,0.3154,0.0144,0.0008,0.0056,0.0003,0.0046,0.0003,0.0055,0.0003,5.3922,0.3172,,,,,,,,,,,,
tomato,when_what,ours_what_only,0.8,scene_05,3706,/home/fr/brl/02_BRL_POMDP_CODE/experiments_logs/system_log/tomato/scene_05_step50/when_what_ours_what_only_thres_0-8_rand_0-4/exp_tomato_20260912_161617_930007.txt,2026-09-12 16:16:17,False,4,-5.0,1,1,0.25,0.9639,,,1271340849,,PLAN FAILURE,,,,,,,,,50,8000,0.951,0.2377,0.0037,0.0009,0.0062,0.0016,0.0023,0.0006,0.0006,0.0002,0.9639,0.241,,,,,,,,,,,,
tomato,when_what,ours_what_only,0.8,scene_05,3707,/home/fr/brl/02_BRL_POMDP_CODE/experiments_logs/system_log/tomato/scene_05_step50/when_what_ours_what_only_thres_0-8_rand_0-4/exp_tomato_20260912_161638_275684.txt,2026-09-12 16:16:38,False,19,10.0,9,6,0.3157894736842105,5.2037,,,1196215500,,PLAN FAILURE,,,,,,,,,50,8000,5.1673,0.272,0.016,0.0008,0.0086,0.0005,0.0064,0.0003,0.0047,0.0002,5.2036,0.2739,,,,,,,,,,,,
tomato,when_what,ours_what_only,0.8,scene_05,3708,/home/fr/brl/02_BRL_POMDP_CODE/experiments_logs/system_log/tomato/scene_05_step50/when_what_ours_what_only_thres_0-8_rand_0-4/exp_tomato_20260912_161700_089670.txt,2026-09-12 16:17:00,True,18,-10.0,13,9,0.5,5.8007,,,3594782946,,GOAL DONE,,,,,,,,,50,8000,5.7635,0.3202,0.0165,0.0009,0.0074,0.0004,0.0072,0.0004,0.0057,0.0003,5.8006,0.3223,,,,,,,,,,,,
tomato,when_what,ours_what_only,0.8,scene_05,3709,/home/fr/brl/02_BRL_POMDP_CODE/experiments_logs/system_log/tomato/scene_05_step50/when_what_ours_what_only_thres_0-8_rand_0-4/exp_tomato_20260912_161723_132010.txt,2026-09-12 16:17:23,True,17,15.0,10,7,0.4117647058823529,5.4443,,,3869246695,,GOAL DONE,,,,,,,,,50,8000,5.4087,0.3182,0.0166,0.001,0.0083,0.0005,0.0051,0.0003,0.0052,0.0003,5.4442,0.3202,,,,,,,,,,,,
tomato,when_what,ours_what_only,0.8,scene_05,3710,/home/fr/brl/02_BRL_POMDP_CODE/experiments_logs/system_log/tomato/scene_05_step50/when_what_ours_what_only_thres_0-8_rand_0-4/exp_tomato_20260912_161738_970105.txt,2026-09-12 16:17:38,False,7,10.0,8,3,0.42857142857142855,1.9366,,,2231101089,,PLAN FAILURE,,,,,,,,,50,8000,1.918,0.274,0.007,0.001,0.0045,0.0006,0.0055,0.0008,0.0015,0.0002,1.9366,0.2767,,,,,,,,,,,,
tomato,when_what,ours_what_only,0.8,scene_05,3711,/home/fr/brl/02_BRL_POMDP_CODE/experiments_logs/system_log/tomato/scene_05_step50/when_what_ours_what_only_thres_0-8_rand_0-4/exp_tomato_20260912_161801_856263.txt,2026-09-12 16:18:01,False,18,0.0,16,8,0.4444444444444444,5.6103,,,28332744,,PLAN FAILURE,,,,,,,,,50,8000,5.5702,0.3095,0.0167,0.0009,0.0076,0.0004,0.0093,0.0005,0.006,0.0003,5.6102,0.3117,,,,,,,,,,,,
tomato,when_what,ours_what_only,0.8,scene_05,3712,/home/fr/brl/02_BRL_POMDP_CODE/experiments_logs/system_log/tomato/scene_05_step50/when_what_ours_what_only_thres_0-8_rand_0-4/exp_tomato_20260912_161822_448151.txt,2026-09-12 16:18:22,False,15,10.0,4,4,0.26666666666666666,4.7764,,,815541928,,PLAN FAILURE,,,,,,,,,50,8000,4.7486,0.3166,0.0136,0.0009,0.0062,0.0004,0.0032,0.0002,0.0044,0.0003,4.7763,0.3184,,,,,,,,,,,,
tomato,when_what,ours_what_only,0.8,scene_05,3713,/home/fr/brl/02_BRL_POMDP_CODE/experiments_logs/system_log/tomato/scene_05_step50/when_what_ours_what_only_thres_0-8_rand_0-4/exp_tomato_20260912_161846_528181.txt,2026-09-12 16:18:46,True,20,5.0,11,7,0.35,6.5994,,,3637968608,,GOAL DONE,,,,,,,,,50,8000,6.5541,0.3277,0.0204,0.001,0.0096,0.0005,0.0075,0.0004,0.0073,0.0004,6.5993,0.33,,,,,,,,,,,,
tomato,when_what,ours_what_only,0.8,scene_05,3714,/home/fr/brl/02_BRL_POMDP_CODE/experiments_logs/system_log/tomato/scene_05_step50/when_what_ours_what_only_thres_0-8_rand_0-4/exp_tomato_20260912_161930_723988.txt,2026-09-12 16:19:30,True,36,-40.0,30,20,0.5555555555555556,12.4308,,,1985644872,,GOAL DONE,,,,,,,,,50,8000,12.3462,0.3429,0.0399,0.0011,0.0213,0.0006,0.0128,0.0004,0.0096,0.0003,12.4305,0.3453,,,,,,,,,,,,
tomato,when_what,ours_what_only,0.8,scene_05,3715,/home/fr/brl/02_BRL_POMDP_CODE/experiments_logs/system_log/tomato/scene_05_step50/when_what_ours_what_only_thres_0-8_rand_0-4/exp_tomato_20260912_161958_387304.txt,2026-09-12 16:19:58,True,18,-10.0,11,7,0.3888888888888889,5.9699,,,589229374,,GOAL DONE,,,,,,,,,50,8000,5.9324,0.3296,0.0171,0.001,0.0075,0.0004,0.0067,0.0004,0.0057,0.0003,5.9697,0.3317,,,,,,,,,,,,
tomato,when_what,ours_what_only,0.8,scene_05,3716,/home/fr/brl/02_BRL_POMDP_CODE/experiments_logs/system_log/tomato/scene_05_step50/when_what_ours_what_only_thres_0-8_rand_0-4/exp_tomato_20260912_162024_072504.txt,2026-09-12 16:20:24,True,25,-20.0,19,14,0.56,7.8277,,,1101473435,,GOAL DONE,,,,,,,,,50,8000,7.7731,0.3109,0.0251,0.001,0.0129,0.0005,0.009,0.0004,0.007,0.0003,7.8276,0.3131,,,,,,,,,,,,
tomato,when_what,ours_what_only,0.8,scene_05,3717,/home/fr/brl/02_BRL_POMDP_CODE/experiments_logs/system_log/tomato/scene_05_step50/when_what_ours_what_only_thres_0-8_rand_0-4/exp_tomato_20260912_162055_540686.txt,2026-09-12 16:20:55,True,24,-5.0,21,13,0.5416666666666666,8.2488,,,3696024021,,GOAL DONE,,,,,,,,,50,8000,8.1931,0.3414,0.0264,0.0011,0.011,0.0005,0.009,0.0004,0.0087,0.0004,8.2487,0.3437,,,,,,,,,,,,
tomato,when_what,ours_what_only,0.8,scene_05,3718,/home/fr/brl/02_BRL_POMDP_CODE/experiments_logs/system_log/tomato/scene_05_step50/when_what_ours_what_only_thres_0-8_rand_0-4/exp_tomato_20260912_162121_912681.txt,2026-09-12 16:21:21,True,18,5.0,8,7,0.3888888888888889,5.929,,,4191848859,,GOAL DONE,,,,,,,,,50,8000,5.8955,0.3275,0.0163,0.0009,0.0067,0.0004,0.0044,0.0002,0.0056,0.0003,5.9288,0.3294,,,,,,,,,,,,
tomato,when_what,ours_what_only,0.8,scene_05,3719,/home/fr/brl/02_BRL_POMDP_CODE/experiments_logs/system_log/tomato/scene_05_step50/when_what_ours_what_only_thres_0-8_rand_0-4/exp_tomato_20260912_162145_695001.txt,2026-09-12 16:21:45,True,19,5.0,9,8,0.42105263157894735,6.2996,,,1042830735,,GOAL DONE,,,,,,,,,50,8000,6.2632,0.3296,0.0179,0.0009,0.0078,0.0004,0.0045,0.0002,0.0056,0.0003,6.2995,0.3316,,,,,,,,,,,,
tomato,when_what,ours_what_only,0.8,scene_05,3720,/home/fr/brl/02_BRL_POMDP_CODE/experiments_logs/system_log/tomato/scene_05_step50/when_what_ours_what_only_thres_0-8_rand_0-4/exp_tomato_20260912_162205_517252.txt,2026-09-12 16:22:05,False,13,0.0,9,7,0.5384615384615384,4.3628,,,3034198474,,PLAN FAILURE,,,,,,,,,50,8000,4.3292,0.333,0.0145,0.0011,0.0109,0.0008,0.0044,0.0003,0.0035,0.0003,4.3627,0.3356,,,,,,,,,,,,
tomato,when_what,ours_when_only,0.8,scene_05,3721,/home/fr/brl/02_BRL_POMDP_CODE/experiments_logs/system_log/tomato/scene_05_step50/when_what_ours_when_only_thres_0-8_rand_0-4/exp_tomato_20260912_160700_002869.txt,2026-09-12 16:07:00,True,18,-10.0,15,6,0.3333333333333333,5.5217,,,3945754139,,GOAL DONE,,,,,,,,,50,8000,5.4844,0.3047,0.0168,0.0009,0.0073,0.0004,0.0071,0.0004,0.0056,0.0003,5.5216,0.3068,,,,,,,,,,,,
tomato,when_what,ours_when_only,0.8,scene_05,3722,/home/fr/brl/02_BRL_POMDP_CODE/experiments_logs/system_log/tomato/scene_05_step50/when_what_ours_when_only_thres_0-8_rand_0-4/exp_tomato_20260912_160728_659700.txt,2026-09-12 16:07:28,True,23,0.0,32,11,0.4782608695652174,7.7848,,,259038599,,GOAL DONE,,,,,,,,,50,8000,7.7267,0.3359,0.0257,0.0011,0.015,0.0007,0.0112,0.0005,0.0056,0.0002,7.7847,0.3385,,,,,,,,,,,,
tomato,when_what,ours_when_only,0.8,scene_05,3723,/home/fr/brl/02_BRL_POMDP_CODE/experiments_logs/system_log/tomato/scene_05_step50/when_what_ours_when_only_thres_0-8_rand_0-4/exp_tomato_20260912_160758_760565.txt,2026-09-12 16:07:58,True,24,-35.0,19,10,0.4166666666666667,7.5802,,,2898963405,,GOAL DONE,,,,,,,,,50,8000,7.5295,0.3137,0.0217,0.0009,0.009,0.0004,0.0125,0.0005,0.0068,0.0003,7.58,0.3158,,,,,,,,,,,,
tomato,when_what,ours_when_only,0.8,scene_05,3724,/home/fr/brl/02_BRL_POMDP_CODE/experiments_logs/system_log/tomato/scene_05_step50/when_what_ours_when_only_thres_0-8_rand_0-4/exp_tomato_20260912_160827_084759.txt,2026-09-12 16:08:27,True,21,-25.0,20,10,0.47619047619047616,6.8617,,,1746555867,,GOAL DONE,,,,,,,,,50,8000,6.8213,0.3248,0.0184,0.0009,0.007,0.0003,0.0079,0.0004,0.0066,0.0003,6.8616,0.3267,,,,,,,,,,,,
tomato,when_what,ours_when_only,0.8,scene_05,3725,/home/fr/brl/02_BRL_POMDP_CODE/experiments_logs/system_log/tomato/scene_05_step50/when_what_ours_when_only_thres_0-8_rand_0-4/exp_tomato_20260912_160907_497639.txt,2026-09-12 16:09:07,True,19,0.0,23,9,0.47368421052631576,6.305,,,879805946,,GOAL DONE,,,,,,,,,50,8000,6.2635,0.3297,0.0184,0.001,0.0084,0.0004,0.0088,0.0005,0.0054,0.0003,6.3049,0.3318,,,,,,,,,,,,
tomato,when_what,ours_when_only,0.8,scene_05,3726,/home/fr/brl/02_BRL_POMDP_CODE/experiments_logs/system_log/tomato/scene_05_step50/when_what_ours_when_only_thres_0-8_rand_0-4/exp_tomato_20260912_160939_620918.txt,2026-09-12 16:09:39,True,16,0.0,12,7,0.4375,5.0264,,,1691996467,,GOAL DONE,,,,,,,,,50,8000,4.994,0.3121,0.0143,0.0009,0.0063,0.0004,0.0065,0.0004,0.0049,0.0003,5.0263,0.3141,,,,,,,,,,,,
tomato,when_what,ours_when_only,0.8,scene_05,3727,/home/fr/brl/02_BRL_POMDP_CODE/experiments_logs/system_log/tomato/scene_05_step50/when_what_ours_when_only_thres_0-8_rand_0-4/exp_tomato_20260912_160958_280233.txt,2026-09-12 16:09:58,True,17,15.0,18,7,0.4117647058823529,5.5631,,,2654066318,,GOAL DONE,,,,,,,,,50,8000,5.5267,0.3251,0.0164,0.001,0.0074,0.0004,0.007,0.0004,0.0052,0.0003,5.563,0.3272,,,,,,,,,,,,
tomato,when_what,ours_when_only,0.8,scene_05,3728,/home/fr/brl/02_BRL_POMDP_CODE/experiments_logs/system_log/tomato/scene_05_step50/when_what_ours_when_only_thres_0-8_rand_0-4/exp_tomato_20260912_161017_237985.txt,2026-09-12 16:10:17,True,16,-10.0,14,7,0.4375,4.8476,,,715972481,,GOAL DONE,,,,,,,,,50,8000,4.8173,0.3011,0.0137,0.0009,0.0054,0.0003,0.006,0.0004,0.0047,0.0003,4.8475,0.303,,,,,,,,,,,,
tomato,when_what,ours_when_only,0.8,scene_05,3729,/home/fr/brl/02_BRL_POMDP_CODE/experiments_logs/system_log/tomato/scene_05_step50/when_what_ours_when_only_thres_0-8_rand_0-4/exp_tomato_20260912_161039_968173.txt,2026-09-12 16:10:39,True,14,5.0,17,7,0.5,4.2835,,,794861334,,GOAL DONE,,,,,,,,,50,8000,4.2549,0.3039,0.0121,0.0009,0.0051,0.0004,0.0069,0.0005,0.0041,0.0003,4.2834,0.306,,,,,,,,,,,,
tomato,when_what,ours_when_only,0.8,scene_05,3730,/home/fr/brl/02_BRL_POMDP_CODE/experiments_logs/system_log/tomato/scene_05_step50/when_what_ours_when_only_thres_0-8_rand_0-4/exp_tomato_20260912_161108_962118.txt,2026-09-12 16:11:08,True,24,0.0,36,13,0.5416666666666666,8.4767,,,179847475,,GOAL DONE,,,,,,,,,50,8000,8.4144,0.3506,0.0265,0.0011,0.0161,0.0007,0.0128,0.0005,0.0063,0.0003,8.4765,0.3532,,,,,,,,,,,,
tomato,when_what,ours_when_only,0.8,scene_05,3731,/home/fr/brl/02_BRL_POMDP_CODE/experiments_logs/system_log/tomato/scene_05_step50/when_what_ours_when_only_thres_0-8_rand_0-4/exp_tomato_20260912_161130_583848.txt,2026-09-12 16:11:30,True,14,20.0,14,5,0.35714285714285715,4.1425,,,2141224597,,GOAL DONE,,,,,,,,,50,8000,4.1136,0.2938,0.0126,0.0009,0.0052,0.0004,0.0068,0.0005,0.004,0.0003,4.1424,0.2959,,,,,,,,,,,,
tomato,when_what,ours_when_only,0.8,scene_05,3732,/home/fr/brl/02_BRL_POMDP_CODE/experiments_logs/system_log/tomato/scene_05_step50/when_what_ours_when_only_thres_0-8_rand_0-4/exp_tomato_20260912_161146_832922.txt,2026-09-12 16:11:46,True,17,10.0,15,6,0.35294117647058826,5.3175,,,3873493540,,GOAL DONE,,,,,,,,,50,8000,5.2787,0.3105,0.0155,0.0009,0.0073,0.0004,0.011,0.0006,0.0047,0.0003,5.3174,0.3128,,,,,,,,,,,,
tomato,when_what,ours_when_only,0.8,scene_05,3733,/home/fr/brl/02_BRL_POMDP_CODE/experiments_logs/system_log/tomato/scene_05_step50/when_what_ours_when_only_thres_0-8_rand_0-4/exp_tomato_20260912_161206_556234.txt,2026-09-12 16:12:06,True,17,5.0,15,7,0.4117647058823529,5.8965,,,444653586,,GOAL DONE,,,,,,,,,50,8000,5.8574,0.3446,0.0173,0.001,0.0081,0.0005,0.0069,0.0004,0.0063,0.0004,5.8963,0.3468,,,,,,,,,,,,
tomato,when_what,ours_when_only,0.8,scene_05,3734,/home/fr/brl/02_BRL_POMDP_CODE/experiments_logs/system_log/tomato/scene_05_step50/when_what_ours_when_only_thres_0-8_rand_0-4/exp_tomato_20260912_161228_068784.txt,2026-09-12 16:12:28,True,15,15.0,12,5,0.3333333333333333,4.8091,,,2591322916,,GOAL DONE,,,,,,,,,50,8000,4.7798,0.3187,0.0133,0.0009,0.0054,0.0004,0.0058,0.0004,0.0043,0.0003,4.809,0.3206,,,,,,,,,,,,
tomato,when_what,ours_when_only,0.8,scene_05,3735,/home/fr/brl/02_BRL_POMDP_CODE/experiments_logs/system_log/tomato/scene_05_step50/when_what_ours_when_only_thres_0-8_rand_0-4/exp_tomato_20260912_161244_342312.txt,2026-09-12 16:12:44,True,16,5.0,14,7,0.4375,4.6703,,,2082077157,,GOAL DONE,,,,,,,,,50,8000,4.6373,0.2898,0.0149,0.0009,0.0061,0.0004,0.0066,0.0004,0.0049,0.0003,4.6702,0.2919,,,,,,,,,,,,
tomato,when_what,ours_when_only,0.8,scene_05,3736,/home/fr/brl/02_BRL_POMDP_CODE/experiments_logs/system_log/tomato/scene_05_step50/when_what_ours_when_only_thres_0-8_rand_0-4/exp_tomato_20260912_161258_460188.txt,2026-09-12 16:12:58,True,18,20.0,22,8,0.4444444444444444,5.708,,,1584111328,,GOAL DONE,,,,,,,,,50,8000,5.6627,0.3146,0.0222,0.0012,0.0088,0.0005,0.0092,0.0005,0.0045,0.0003,5.7078,0.3171,,,,,,,,,,,,
tomato,when_what,ours_when_only,0.8,scene_05,3737,/home/fr/brl/02_BRL_POMDP_CODE/experiments_logs/system_log/tomato/scene_05_step50/when_what_ours_when_only_thres_0-8_rand_0-4/exp_tomato_20260912_161328_616573.txt,2026-09-12 16:13:28,True,15,10.0,14,6,0.4,4.6808,,,2883494985,,GOAL DONE,,,,,,,,,50,8000,4.6445,0.3096,0.0154,0.001,0.0085,0.0006,0.0073,0.0005,0.0047,0.0003,4.6807,0.312,,,,,,,,,,,,
tomato,when_what,ours_when_only,0.8,scene_05,3738,/home/fr/brl/02_BRL_POMDP_CODE/experiments_logs/system_log/tomato/scene_05_step50/when_what_ours_when_only_thres_0-8_rand_0-4/exp_tomato_20260912_161348_964537.txt,2026-09-12 16:13:48,True,16,10.0,17,6,0.375,5.3681,,,2222584418,,GOAL DONE,,,,,,,,,50,8000,5.3319,0.3332,0.0155,0.001,0.0074,0.0005,0.0074,0.0005,0.0054,0.0003,5.368,0.3355,,,,,,,,,,,,
tomato,when_what,ours_when_only,0.8,scene_05,3739,/home/fr/brl/02_BRL_POMDP_CODE/experiments_logs/system_log/tomato/scene_05_step50/when_what_ours_when_only_thres_0-8_rand_0-4/exp_tomato_20260912_161411_804590.txt,2026-09-12 16:14:11,True,18,-15.0,13,6,0.3333333333333333,5.2784,,,1573496301,,GOAL DONE,,,,,,,,,50,8000,5.2403,0.2911,0.0177,0.001,0.0081,0.0004,0.0065,0.0004,0.0052,0.0003,5.2782,0.2932,,,,,,,,,,,,
tomato,when_what,ours_when_only,0.8,scene_05,3740,/home/fr/brl/02_BRL_POMDP_CODE/experiments_logs/system_log/tomato/scene_05_step50/when_what_ours_when_only_thres_0-8_rand_0-4/exp_tomato_20260912_161433_503798.txt,2026-09-12 16:14:33,True,16,-10.0,16,6,0.375,5.3782,,,3850832736,,GOAL DONE,,,,,,,,,50,8000,5.343,0.3339,0.0155,0.001,0.0074,0.0005,0.0069,0.0004,0.005,0.0003,5.3781,0.3361,,,,,,,,,,,,
tomato,when_what,ours_when_only,0.8,scene_05,3741,/home/fr/brl/02_BRL_POMDP_CODE/experiments_logs/system_log/tomato/scene_05_step50/when_what_ours_when_only_thres_0-8_rand_0-4/exp_tomato_20260912_161452_544464.txt,2026-09-12 16:14:52,True,20,-25.0,18,9,0.45,6.5801,,,1896365895,,GOAL DONE,,,,,,,,,50,8000,6.5428,0.3271,0.0176,0.0009,0.0068,0.0003,0.0067,0.0003,0.0057,0.0003,6.58,0.329,,,,,,,,,,,,
tomato,when_what,ours_when_only,0.8,scene_05,3742,/home/fr/brl/02_BRL_POMDP_CODE/experiments_logs/system_log/tomato/scene_05_step50/when_what_ours_when_only_thres_0-8_rand_0-4/exp_tomato_20260912_161511_259312.txt,2026-09-12 16:15:11,True,16,-5.0,12,5,0.3125,5.1672,,,2128654182,,GOAL DONE,,,,,,,,,50,8000,5.1346,0.3209,0.0145,0.0009,0.0064,0.0004,0.0063,0.0004,0.0049,0.0003,5.1671,0.3229,,,,,,,,,,,,
tomato,when_what,ours_when_only,0.8,scene_05,3743,/home/fr/brl/02_BRL_POMDP_CODE/experiments_logs/system_log/tomato/scene_05_step50/when_what_ours_when_only_thres_0-8_rand_0-4/exp_tomato_20260912_161528_835259.txt,2026-09-12 16:15:28,True,15,5.0,22,9,0.6,4.9293,,,3471226395,,GOAL DONE,,,,,,,,,50,8000,4.8942,0.3263,0.015,0.001,0.0072,0.0005,0.0079,0.0005,0.0045,0.0003,4.9292,0.3286,,,,,,,,,,,,
tomato,when_what,ours_when_only,0.8,scene_05,3744,/home/fr/brl/02_BRL_POMDP_CODE/experiments_logs/system_log/tomato/scene_05_step50/when_what_ours_when_only_thres_0-8_rand_0-4/exp_tomato_20260912_161542_573012.txt,2026-09-12 16:15:42,True,16,-5.0,12,6,0.375,5.1238,,,1127296088,,GOAL DONE,,,,,,,,,50,8000,5.0934,0.3183,0.0137,0.0009,0.0056,0.0003,0.0064,0.0004,0.0044,0.0003,5.1237,0.3202,,,,,,,,,,,,
tomato,when_what,ours_when_only,0.8,scene_05,3745,/home/fr/brl/02_BRL_POMDP_CODE/experiments_logs/system_log/tomato/scene_05_step50/when_what_ours_when_only_thres_0-8_rand_0-4/exp_tomato_20260912_161559_897427.txt,2026-09-12 16:15:59,True,14,5.0,11,7,0.5,4.5876,,,346784313,,GOAL DONE,,,,,,,,,50,8000,4.5606,0.3258,0.012,0.0009,0.0052,0.0004,0.0053,0.0004,0.0041,0.0003,4.5875,0.3277,,,,,,,,,,,,
tomato,when_what,ours_when_only,0.8,scene_05,3746,/home/fr/brl/02_BRL_POMDP_CODE/experiments_logs/system_log/tomato/scene_05_step50/when_what_ours_when_only_thres_0-8_rand_0-4/exp_tomato_20260912_161616_835172.txt,2026-09-12 16:16:16,True,17,5.0,27,10,0.5882352941176471,5.5068,,,1271340849,,GOAL DONE,,,,,,,,,50,8000,5.458,0.3211,0.0182,0.0011,0.0136,0.0008,0.0117,0.0007,0.0049,0.0003,5.5067,0.3239,,,,,,,,,,,,
tomato,when_what,ours_when_only,0.8,scene_05,3747,/home/fr/brl/02_BRL_POMDP_CODE/experiments_logs/system_log/tomato/scene_05_step50/when_what_ours_when_only_thres_0-8_rand_0-4/exp_tomato_20260912_161632_971534.txt,2026-09-12 16:16:32,True,13,10.0,10,5,0.38461538461538464,3.9679,,,1196215500,,GOAL DONE,,,,,,,,,50,8000,3.9424,0.3033,0.0114,0.0009,0.005,0.0004,0.0052,0.0004,0.0036,0.0003,3.9678,0.3052,,,,,,,,,,,,
tomato,when_what,ours_when_only,0.8,scene_05,3748,/home/fr/brl/02_BRL_POMDP_CODE/experiments_logs/system_log/tomato/scene_05_step50/when_what_ours_when_only_thres_0-8_rand_0-4/exp_tomato_20260912_161654_158007.txt,2026-09-12 16:16:54,True,18,-10.0,20,7,0.3888888888888889,5.7831,,,3594782946,,GOAL DONE,,,,,,,,,50,8000,5.7436,0.3191,0.0173,0.001,0.0081,0.0004,0.0081,0.0005,0.0055,0.0003,5.783,0.3213,,,,,,,,,,,,
tomato,when_what,ours_when_only,0.8,scene_05,3749,/home/fr/brl/02_BRL_POMDP_CODE/experiments_logs/system_log/tomato/scene_05_step50/when_what_ours_when_only_thres_0-8_rand_0-4/exp_tomato_20260912_161717_563070.txt,2026-09-12 16:17:17,True,19,5.0,16,6,0.3157894736842105,6.0101,,,3869246695,,GOAL DONE,,,,,,,,,50,8000,5.9688,0.3141,0.0183,0.001,0.0085,0.0004,0.0077,0.0004,0.0063,0.0003,6.01,0.3163,,,,,,,,,,,,
tomato,when_what,ours_when_only,0.8,scene_05,3750,/home/fr/brl/02_BRL_POMDP_CODE/experiments_logs/system_log/tomato/scene_05_step50/when_what_ours_when_only_thres_0-8_rand_0-4/exp_tomato_20260912_161736_902411.txt,2026-09-12 16:17:36,True,18,15.0,19,8,0.4444444444444444,5.4317,,,2231101089,,GOAL DONE,,,,,,,,,50,8000,5.3936,0.2996,0.0174,0.001,0.0074,0.0004,0.0075,0.0004,0.0054,0.0003,5.4316,0.3018,,,,,,,,,,,,
tomato,when_what,ours_when_only,0.8,scene_05,3751,/home/fr/brl/02_BRL_POMDP_CODE/experiments_logs/system_log/tomato/scene_05_step50/when_what_ours_when_only_thres_0-8_rand_0-4/exp_tomato_20260912_161756_118912.txt,2026-09-12 16:17:56,True,18,-5.0,22,9,0.5,5.5722,,,28332744,,GOAL DONE,,,,,,,,,50,8000,5.5351,0.3075,0.0161,0.0009,0.0072,0.0004,0.0081,0.0004,0.0053,0.0003,5.5721,0.3096,,,,,,,,,,,,
tomato,when_what,ours_when_only,0.8,scene_05,3752,/home/fr/brl/02_BRL_POMDP_CODE/experiments_logs/system_log/tomato/scene_05_step50/when_what_ours_when_only_thres_0-8_rand_0-4/exp_tomato_20260912_161817_543650.txt,2026-09-12 16:18:17,True,15,0.0,13,7,0.4666666666666667,4.8698,,,815541928,,GOAL DONE,,,,,,,,,50,8000,4.8379,0.3225,0.0141,0.0009,0.0064,0.0004,0.0065,0.0004,0.0044,0.0003,4.8697,0.3246,,,,,,,,,,,,
tomato,when_what,ours_when_only,0.8,scene_05,3753,/home/fr/brl/02_BRL_POMDP_CODE/experiments_logs/system_log/tomato/scene_05_step50/when_what_ours_when_only_thres_0-8_rand_0-4/exp_tomato_20260912_161839_800098.txt,2026-09-12 16:18:39,True,17,10.0,25,10,0.5882352941176471,5.611,,,3637968608,,GOAL DONE,,,,,,,,,50,8000,5.5708,0.3277,0.017,0.001,0.0089,0.0005,0.0085,0.0005,0.0053,0.0003,5.6109,0.3301,,,,,,,,,,,,
tomato,when_what,ours_when_only,0.8,scene_05,3754,/home/fr/brl/02_BRL_POMDP_CODE/experiments_logs/system_log/tomato/scene_05_step50/when_what_ours_when_only_thres_0-8_rand_0-4/exp_tomato_20260912_161918_166652.txt,2026-09-12 16:19:18,True,32,-30.0,39,15,0.46875,10.8244,,,1985644872,,GOAL DONE,,,,,,,,,50,8000,10.7494,0.3359,0.0336,0.001,0.0185,0.0006,0.0138,0.0004,0.0084,0.0003,10.8242,0.3383,,,,,,,,,,,,
tomato,when_what,ours_when_only,0.8,scene_05,3755,/home/fr/brl/02_BRL_POMDP_CODE/experiments_logs/system_log/tomato/scene_05_step50/when_what_ours_when_only_thres_0-8_rand_0-4/exp_tomato_20260912_161952_291994.txt,2026-09-12 16:19:52,True,14,5.0,13,6,0.42857142857142855,4.3416,,,589229374,,GOAL DONE,,,,,,,,,50,8000,4.3137,0.3081,0.0117,0.0008,0.0051,0.0004,0.0064,0.0005,0.0043,0.0003,4.3415,0.3101,,,,,,,,,,,,
tomato,when_what,ours_when_only,0.8,scene_05,3756,/home/fr/brl/02_BRL_POMDP_CODE/experiments_logs/system_log/tomato/scene_05_step50/when_what_ours_when_only_thres_0-8_rand_0-4/exp_tomato_20260912_162016_114999.txt,2026-09-12 16:20:16,True,21,-20.0,23,9,0.42857142857142855,6.4818,,,1101473435,,GOAL DONE,,,,,,,,,50,8000,6.4397,0.3067,0.0188,0.0009,0.0077,0.0004,0.0094,0.0004,0.0056,0.0003,6.4817,0.3087,,,,,,,,,,,,
tomato,when_what,ours_when_only,0.8,scene_05,3757,/home/fr/brl/02_BRL_POMDP_CODE/experiments_logs/system_log/tomato/scene_05_step50/when_what_ours_when_only_thres_0-8_rand_0-4/exp_tomato_20260912_162047_159286.txt,2026-09-12 16:20:47,True,24,-5.0,19,8,0.3333333333333333,8.0912,,,3696024021,,GOAL DONE,,,,,,,,,50,8000,8.0371,0.3349,0.0259,0.0011,0.011,0.0005,0.0079,0.0003,0.0086,0.0004,8.0911,0.3371,,,,,,,,,,,,
tomato,when_what,ours_when_only,0.8,scene_05,3758,/home/fr/brl/02_BRL_POMDP_CODE/experiments_logs/system_log/tomato/scene_05_step50/when_what_ours_when_only_thres_0-8_rand_0-4/exp_tomato_20260912_162115_855420.txt,2026-09-12 16:21:15,True,18,5.0,15,7,0.3888888888888889,6.1098,,,4191848859,,GOAL DONE,,,,,,,,,50,8000,6.069,0.3372,0.0165,0.0009,0.0079,0.0004,0.0097,0.0005,0.0061,0.0003,6.1097,0.3394,,,,,,,,,,,,
tomato,when_what,ours_when_only,0.8,scene_05,3759,/home/fr/brl/02_BRL_POMDP_CODE/experiments_logs/system_log/tomato/scene_05_step50/when_what_ours_when_only_thres_0-8_rand_0-4/exp_tomato_20260912_162139_260785.txt,2026-09-12 16:21:39,True,15,5.0,15,6,0.4,4.6658,,,1042830735,,GOAL DONE,,,,,,,,,50,8000,4.6297,0.3086,0.0138,0.0009,0.0065,0.0004,0.0111,0.0007,0.0043,0.0003,4.6657,0.311,,,,,,,,,,,,
tomato,when_what,ours_when_only,0.8,scene_05,3760,/home/fr/brl/02_BRL_POMDP_CODE/experiments_logs/system_log/tomato/scene_05_step50/when_what_ours_when_only_thres_0-8_rand_0-4/exp_tomato_20260912_162201_024714.txt,2026-09-12 16:22:01,True,18,5.0,27,9,0.5,5.968,,,3034198474,,GOAL DONE,,,,,,,,,50,8000,5.9245,0.3291,0.018,0.001,0.0107,0.0006,0.0094,0.0005,0.0048,0.0003,5.9679,0.3315,,,,,,,,,,,,
tomato,when_what,random,0.8,scene_05,3761,/home/fr/brl/02_BRL_POMDP_CODE/experiments_logs/system_log/tomato/scene_05_step50/when_what_random_thres_0-8_rand_0-4/exp_tomato_20260912_160654_346771.txt,2026-09-12 16:06:54,True,20,0.0,12,10,0.5,6.0916,,,3945754139,,GOAL DONE,,,,,,,,,50,8000,6.0547,0.3027,0.0179,0.0009,0.0075,0.0004,0.0051,0.0003,0.0059,0.0003,6.0915,0.3046,,,,,,,,,,,,
tomato,when_what,random,0.8,scene_05,3762,/home/fr/brl/02_BRL_POMDP_CODE/experiments_logs/system_log/tomato/scene_05_step50/when_what_random_thres_0-8_rand_0-4/exp_tomato_20260912_160720_750073.txt,2026-09-12 16:07:20,True,23,0.0,21,13,0.5652173913043478,7.7679,,,259038599,,GOAL DONE,,,,,,,,,50,8000,7.7129,0.3353,0.0255,0.0011,0.0156,0.0007,0.0072,0.0003,0.0061,0.0003,7.7677,0.3377,,,,,,,,,,,,
tomato,when_what,random,0.8,scene_05,3763,/home/fr/brl/02_BRL_POMDP_CODE/experiments_logs/system_log/tomato/scene_05_step50/when_what_random_thres_0-8_rand_0-4/exp_tomato_20260912_160751_045513.txt,2026-09-12 16:07:51,True,20,10.0,17,13,0.65,6.4735,,,2898963405,,GOAL DONE,,,,,,,,,50,8000,6.4246,0.3212,0.0209,0.001,0.0104,0.0005,0.0113,0.0006,0.0057,0.0003,6.4734,0.3237,,,,,,,,,,,,
tomato,when_what,random,0.8,scene_05,3764,/home/fr/brl/02_BRL_POMDP_CODE/experiments_logs/system_log/tomato/scene_05_step50/when_what_random_thres_0-8_rand_0-4/exp_tomato_20260912_160820_095975.txt,2026-09-12 16:08:20,False,21,-35.0,8,7,0.3333333333333333,6.752,,,1746555867,,PLAN FAILURE,,,,,,,,,50,8000,6.7134,0.3197,0.0193,0.0009,0.0079,0.0004,0.0045,0.0002,0.0064,0.0003,6.7519,0.3215,,,,,,,,,,,,
tomato,when_what,random,0.8,scene_05,3765,/home/fr/brl/02_BRL_POMDP_CODE/experiments_logs/system_log/tomato/scene_05_step50/when_what_random_thres_0-8_rand_0-4/exp_tomato_20260912_160901_065085.txt,2026-09-12 16:09:01,False,50,-105.0,15,12,0.24,19.7575,,,879805946,,MAX STEP,,,,,,,,,50,8000,19.6403,0.3928,0.0629,0.0013,0.0283,0.0006,0.0071,0.0001,0.0173,0.0003,19.7571,0.3951,,,,,,,,,,,,
tomato,when_what,random,0.8,scene_05,3766,/home/fr/brl/02_BRL_POMDP_CODE/experiments_logs/system_log/tomato/scene_05_step50/when_what_random_thres_0-8_rand_0-4/exp_tomato_20260912_160934_465572.txt,2026-09-12 16:09:34,False,5,0.0,9,3,0.6,1.1792,,,1691996467,,PLAN FAILURE,,,,,,,,,50,8000,1.1656,0.2331,0.004,0.0008,0.0032,0.0006,0.0052,0.001,0.0011,0.0002,1.1791,0.2358,,,,,,,,,,,,
tomato,when_what,random,0.8,scene_05,3767,/home/fr/brl/02_BRL_POMDP_CODE/experiments_logs/system_log/tomato/scene_05_step50/when_what_random_thres_0-8_rand_0-4/exp_tomato_20260912_160952_588040.txt,2026-09-12 16:09:52,True,19,0.0,18,12,0.631578947368421,6.2626,,,2654066318,,GOAL DONE,,,,,,,,,50,8000,6.2234,0.3275,0.0181,0.001,0.0076,0.0004,0.007,0.0004,0.006,0.0003,6.2625,0.3296,,,,,,,,,,,,
tomato,when_what,random,0.8,scene_05,3768,/home/fr/brl/02_BRL_POMDP_CODE/experiments_logs/system_log/tomato/scene_05_step50/when_what_random_thres_0-8_rand_0-4/exp_tomato_20260912_161012_253638.txt,2026-09-12 16:10:12,False,7,-5.0,7,2,0.2857142857142857,1.8549,,,715972481,,PLAN FAILURE,,,,,,,,,50,8000,1.8392,0.2627,0.0058,0.0008,0.0034,0.0005,0.0046,0.0007,0.0017,0.0002,1.8548,0.265,,,,,,,,,,,,
tomato,when_what,random,0.8,scene_05,3769,/home/fr/brl/02_BRL_POMDP_CODE/experiments_logs/system_log/tomato/scene_05_step50/when_what_random_thres_0-8_rand_0-4/exp_tomato_20260912_161035_555321.txt,2026-09-12 16:10:35,True,33,-55.0,34,15,0.45454545454545453,11.2249,,,794861334,,GOAL DONE,,,,,,,,,50,8000,11.1438,0.3377,0.0375,0.0011,0.0227,0.0007,0.0111,0.0003,0.0089,0.0003,11.2246,0.3401,,,,,,,,,,,,
tomato,when_what,random,0.8,scene_05,3770,/home/fr/brl/02_BRL_POMDP_CODE/experiments_logs/system_log/tomato/scene_05_step50/when_what_random_thres_0-8_rand_0-4/exp_tomato_20260912_161100_363021.txt,2026-09-12 16:11:00,True,14,15.0,7,3,0.21428571428571427,4.4093,,,179847475,,GOAL DONE,,,,,,,,,50,8000,4.3774,0.3127,0.0143,0.001,0.0086,0.0006,0.0043,0.0003,0.0042,0.0003,4.4092,0.3149,,,,,,,,,,,,
tomato,when_what,random,0.8,scene_05,3771,/home/fr/brl/02_BRL_POMDP_CODE/experiments_logs/system_log/tomato/scene_05_step50/when_what_random_thres_0-8_rand_0-4/exp_tomato_20260912_161126_313062.txt,2026-09-12 16:11:26,True,14,20.0,10,8,0.5714285714285714,4.0945,,,2141224597,,GOAL DONE,,,,,,,,,50,8000,4.0689,0.2906,0.0122,0.0009,0.0052,0.0004,0.0039,0.0003,0.004,0.0003,4.0944,0.2925,,,,,,,,,,,,
tomato,when_what,random,0.8,scene_05,3772,/home/fr/brl/02_BRL_POMDP_CODE/experiments_logs/system_log/tomato/scene_05_step50/when_what_random_thres_0-8_rand_0-4/exp_tomato_20260912_161141_390882.txt,2026-09-12 16:11:41,False,8,-10.0,2,2,0.25,2.0776,,,3873493540,,PLAN FAILURE,,,,,,,,,50,8000,2.0586,0.2573,0.0066,0.0008,0.0078,0.001,0.0025,0.0003,0.0019,0.0002,2.0776,0.2597,,,,,,,,,,,,
tomato,when_what,random,0.8,scene_05,3773,/home/fr/brl/02_BRL_POMDP_CODE/experiments_logs/system_log/tomato/scene_05_step50/when_what_random_thres_0-8_rand_0-4/exp_tomato_20260912_161200_536474.txt,2026-09-12 16:12:00,True,17,10.0,7,4,0.23529411764705882,5.7747,,,444653586,,GOAL DONE,,,,,,,,,50,8000,5.7393,0.3376,0.0174,0.001,0.0096,0.0006,0.0036,0.0002,0.0044,0.0003,5.7746,0.3397,,,,,,,,,,,,
tomato,when_what,random,0.8,scene_05,3774,/home/fr/brl/02_BRL_POMDP_CODE/experiments_logs/system_log/tomato/scene_05_step50/when_what_random_thres_0-8_rand_0-4/exp_tomato_20260912_161223_130020.txt,2026-09-12 16:12:23,True,15,15.0,11,9,0.6,4.7222,,,2591322916,,GOAL DONE,,,,,,,,,50,8000,4.6948,0.313,0.0132,0.0009,0.0054,0.0004,0.0041,0.0003,0.0043,0.0003,4.7221,0.3148,,,,,,,,,,,,
tomato,when_what,random,0.8,scene_05,3775,/home/fr/brl/02_BRL_POMDP_CODE/experiments_logs/system_log/tomato/scene_05_step50/when_what_random_thres_0-8_rand_0-4/exp_tomato_20260912_161239_546841.txt,2026-09-12 16:12:39,False,6,-5.0,8,2,0.3333333333333333,1.5361,,,2082077157,,PLAN FAILURE,,,,,,,,,50,8000,1.5211,0.2535,0.0048,0.0008,0.0033,0.0006,0.0056,0.0009,0.0012,0.0002,1.5361,0.256,,,,,,,,,,,,
tomato,when_what,random,0.8,scene_05,3776,/home/fr/brl/02_BRL_POMDP_CODE/experiments_logs/system_log/tomato/scene_05_step50/when_what_random_thres_0-8_rand_0-4/exp_tomato_20260912_161252_624115.txt,2026-09-12 16:12:52,False,6,5.0,3,2,0.3333333333333333,1.5689,,,1584111328,,PLAN FAILURE,,,,,,,,,50,8000,1.5565,0.2594,0.005,0.0008,0.0034,0.0006,0.0025,0.0004,0.0013,0.0002,1.5689,0.2615,,,,,,,,,,,,
tomato,when_what,random,0.8,scene_05,3777,/home/fr/brl/02_BRL_POMDP_CODE/experiments_logs/system_log/tomato/scene_05_step50/when_what_random_thres_0-8_rand_0-4/exp_tomato_20260912_161323_805379.txt,2026-09-12 16:13:23,False,44,-80.0,21,10,0.22727272727272727,17.52,,,2883494985,,PLAN FAILURE,,,,,,,,,50,8000,17.4109,0.3957,0.0588,0.0013,0.0274,0.0006,0.0085,0.0002,0.0132,0.0003,17.5198,0.3982,,,,,,,,,,,,
tomato,when_what,random,0.8,scene_05,3778,/home/fr/brl/02_BRL_POMDP_CODE/experiments_logs/system_log/tomato/scene_05_step50/when_what_random_thres_0-8_rand_0-4/exp_tomato_20260912_161343_469672.txt,2026-09-12 16:13:43,True,16,10.0,15,4,0.25,5.212,,,2222584418,,GOAL DONE,,,,,,,,,50,8000,5.1773,0.3236,0.0151,0.0009,0.0072,0.0004,0.007,0.0004,0.005,0.0003,5.2119,0.3257,,,,,,,,,,,,
tomato,when_what,random,0.8,scene_05,3779,/home/fr/brl/02_BRL_POMDP_CODE/experiments_logs/system_log/tomato/scene_05_step50/when_what_random_thres_0-8_rand_0-4/exp_tomato_20260912_161406_393959.txt,2026-09-12 16:14:06,True,18,-15.0,8,7,0.3888888888888889,5.1787,,,1573496301,,GOAL DONE,,,,,,,,,50,8000,5.144,0.2858,0.0173,0.001,0.0076,0.0004,0.004,0.0002,0.0053,0.0003,5.1786,0.2877,,,,,,,,,,,,
tomato,when_what,random,0.8,scene_05,3780,/home/fr/brl/02_BRL_POMDP_CODE/experiments_logs/system_log/tomato/scene_05_step50/when_what_random_thres_0-8_rand_0-4/exp_tomato_20260912_161427_999166.txt,2026-09-12 16:14:27,True,16,-10.0,12,6,0.375,5.2513,,,3850832736,,GOAL DONE,,,,,,,,,50,8000,5.2174,0.3261,0.0154,0.001,0.0073,0.0005,0.006,0.0004,0.0048,0.0003,5.2512,0.3282,,,,,,,,,,,,
tomato,when_what,random,0.8,scene_05,3781,/home/fr/brl/02_BRL_POMDP_CODE/experiments_logs/system_log/tomato/scene_05_step50/when_what_random_thres_0-8_rand_0-4/exp_tomato_20260912_161445_835763.txt,2026-09-12 16:14:45,False,5,10.0,7,3,0.6,1.3333,,,1896365895,,PLAN FAILURE,,,,,,,,,50,8000,1.3205,0.2641,0.0041,0.0008,0.0033,0.0007,0.0042,0.0008,0.0011,0.0002,1.3333,0.2667,,,,,,,,,,,,
tomato,when_what,random,0.8,scene_05,3782,/home/fr/brl/02_BRL_POMDP_CODE/experiments_logs/system_log/tomato/scene_05_step50/when_what_random_thres_0-8_rand_0-4/exp_tomato_20260912_161505_963458.txt,2026-09-12 16:15:05,True,16,-5.0,10,5,0.3125,5.2209,,,2128654182,,GOAL DONE,,,,,,,,,50,8000,5.1898,0.3244,0.0148,0.0009,0.0064,0.0004,0.0042,0.0003,0.0052,0.0003,5.2208,0.3263,,,,,,,,,,,,
tomato,when_what,random,0.8,scene_05,3783,/home/fr/brl/02_BRL_POMDP_CODE/experiments_logs/system_log/tomato/scene_05_step50/when_what_random_thres_0-8_rand_0-4/exp_tomato_20260912_161523_779129.txt,2026-09-12 16:15:23,False,6,-5.0,6,2,0.3333333333333333,1.6694,,,3471226395,,PLAN FAILURE,,,,,,,,,50,8000,1.6555,0.2759,0.0049,0.0008,0.0034,0.0006,0.0043,0.0007,0.0012,0.0002,1.6694,0.2782,,,,,,,,,,,,
tomato,when_what,random,0.8,scene_05,3784,/home/fr/brl/02_BRL_POMDP_CODE/experiments_logs/system_log/tomato/scene_05_step50/when_what_random_thres_0-8_rand_0-4/exp_tomato_20260912_161537_315242.txt,2026-09-12 16:15:37,False,6,-5.0,1,1,0.16666666666666666,1.6232,,,1127296088,,PLAN FAILURE,,,,,,,,,50,8000,1.6103,0.2684,0.0052,0.0009,0.0035,0.0006,0.0022,0.0004,0.0018,0.0003,1.6231,0.2705,,,,,,,,,,,,
tomato,when_what,random,0.8,scene_05,3785,/home/fr/brl/02_BRL_POMDP_CODE/experiments_logs/system_log/tomato/scene_05_step50/when_what_random_thres_0-8_rand_0-4/exp_tomato_20260912_161555_178953.txt,2026-09-12 16:15:55,True,17,-5.0,10,9,0.5294117647058824,5.5231,,,346784313,,GOAL DONE,,,,,,,,,50,8000,5.4928,0.3231,0.0146,0.0009,0.0057,0.0003,0.0044,0.0003,0.0052,0.0003,5.523,0.3249,,,,,,,,,,,,
tomato,when_what,random,0.8,scene_05,3786,/home/fr/brl/02_BRL_POMDP_CODE/experiments_logs/system_log/tomato/scene_05_step50/when_what_random_thres_0-8_rand_0-4/exp_tomato_20260912_161611_198242.txt,2026-09-12 16:16:11,False,4,-5.0,1,1,0.25,0.9601,,,1271340849,,PLAN FAILURE,,,,,,,,,50,8000,0.9475,0.2369,0.0037,0.0009,0.0061,0.0015,0.0022,0.0006,0.0005,0.0001,0.9601,0.24,,,,,,,,,,,,
tomato,when_what,random,0.8,scene_05,3787,/home/fr/brl/02_BRL_POMDP_CODE/experiments_logs/system_log/tomato/scene_05_step50/when_what_random_thres_0-8_rand_0-4/exp_tomato_20260912_161628_877901.txt,2026-09-12 16:16:28,False,19,10.0,11,6,0.3157894736842105,5.2073,,,1196215500,,PLAN FAILURE,,,,,,,,,50,8000,5.1709,0.2722,0.0163,0.0009,0.0086,0.0005,0.0061,0.0003,0.005,0.0003,5.2071,0.2741,,,,,,,,,,,,
tomato,when_what,random,0.8,scene_05,3788,/home/fr/brl/02_BRL_POMDP_CODE/experiments_logs/system_log/tomato/scene_05_step50/when_what_random_thres_0-8_rand_0-4/exp_tomato_20260912_161648_248098.txt,2026-09-12 16:16:48,True,18,-10.0,18,9,0.5,5.6774,,,3594782946,,GOAL DONE,,,,,,,,,50,8000,5.641,0.3134,0.0166,0.0009,0.0073,0.0004,0.0066,0.0004,0.0054,0.0003,5.6773,0.3154,,,,,,,,,,,,
tomato,when_what,random,0.8,scene_05,3789,/home/fr/brl/02_BRL_POMDP_CODE/experiments_logs/system_log/tomato/scene_05_step50/when_what_random_thres_0-8_rand_0-4/exp_tomato_20260912_161711_428865.txt,2026-09-12 16:17:11,True,17,15.0,12,7,0.4117647058823529,5.3979,,,3869246695,,GOAL DONE,,,,,,,,,50,8000,5.3638,0.3155,0.0161,0.0009,0.0081,0.0005,0.0047,0.0003,0.0047,0.0003,5.3978,0.3175,,,,,,,,,,,,
tomato,when_what,random,0.8,scene_05,3790,/home/fr/brl/02_BRL_POMDP_CODE/experiments_logs/system_log/tomato/scene_05_step50/when_what_random_thres_0-8_rand_0-4/exp_tomato_20260912_161731_345472.txt,2026-09-12 16:17:31,False,7,10.0,13,3,0.42857142857142855,1.9147,,,2231101089,,PLAN FAILURE,,,,,,,,,50,8000,1.8958,0.2708,0.0069,0.001,0.0044,0.0006,0.0058,0.0008,0.0016,0.0002,1.9146,0.2735,,,,,,,,,,,,
tomato,when_what,random,0.8,scene_05,3791,/home/fr/brl/02_BRL_POMDP_CODE/experiments_logs/system_log/tomato/scene_05_step50/when_what_random_thres_0-8_rand_0-4/exp_tomato_20260912_161750_416199.txt,2026-09-12 16:17:50,False,18,0.0,17,8,0.4444444444444444,5.6235,,,28332744,,PLAN FAILURE,,,,,,,,,50,8000,5.5869,0.3104,0.0163,0.0009,0.0073,0.0004,0.007,0.0004,0.0055,0.0003,5.6234,0.3124,,,,,,,,,,,,
tomato,when_what,random,0.8,scene_05,3792,/home/fr/brl/02_BRL_POMDP_CODE/experiments_logs/system_log/tomato/scene_05_step50/when_what_random_thres_0-8_rand_0-4/exp_tomato_20260912_161812_550392.txt,2026-09-12 16:18:12,False,15,10.0,4,4,0.26666666666666666,4.7778,,,815541928,,PLAN FAILURE,,,,,,,,,50,8000,4.7493,0.3166,0.0138,0.0009,0.0063,0.0004,0.0031,0.0002,0.005,0.0003,4.7777,0.3185,,,,,,,,,,,,
tomato,when_what,random,0.8,scene_05,3793,/home/fr/brl/02_BRL_POMDP_CODE/experiments_logs/system_log/tomato/scene_05_step50/when_what_random_thres_0-8_rand_0-4/exp_tomato_20260912_161834_059949.txt,2026-09-12 16:18:34,True,20,5.0,17,7,0.35,6.5793,,,3637968608,,GOAL DONE,,,,,,,,,50,8000,6.5364,0.3268,0.0201,0.001,0.0089,0.0004,0.0072,0.0004,0.0061,0.0003,6.5792,0.329,,,,,,,,,,,,
tomato,when_what,random,0.8,scene_05,3794,/home/fr/brl/02_BRL_POMDP_CODE/experiments_logs/system_log/tomato/scene_05_step50/when_what_random_thres_0-8_rand_0-4/exp_tomato_20260912_161907_218201.txt,2026-09-12 16:19:07,True,32,-30.0,29,18,0.5625,10.9201,,,1985644872,,GOAL DONE,,,,,,,,,50,8000,10.8465,0.339,0.0342,0.0011,0.0189,0.0006,0.011,0.0003,0.0086,0.0003,10.9199,0.3412,,,,,,,,,,,,
tomato,when_what,random,0.8,scene_05,3795,/home/fr/brl/02_BRL_POMDP_CODE/experiments_logs/system_log/tomato/scene_05_step50/when_what_random_thres_0-8_rand_0-4/exp_tomato_20260912_161947_823206.txt,2026-09-12 16:19:47,True,18,-10.0,17,7,0.3888888888888889,5.7828,,,589229374,,GOAL DONE,,,,,,,,,50,8000,5.7456,0.3192,0.0167,0.0009,0.0073,0.0004,0.0072,0.0004,0.0055,0.0003,5.7827,0.3213,,,,,,,,,,,,
tomato,when_what,random,0.8,scene_05,3796,/home/fr/brl/02_BRL_POMDP_CODE/experiments_logs/system_log/tomato/scene_05_step50/when_what_random_thres_0-8_rand_0-4/exp_tomato_20260912_162009_504558.txt,2026-09-12 16:20:09,False,21,-30.0,18,12,0.5714285714285714,6.4593,,,1101473435,,PLAN FAILURE,,,,,,,,,50,8000,6.4179,0.3056,0.0189,0.0009,0.0077,0.0004,0.0083,0.0004,0.0059,0.0003,6.4592,0.3076,,,,,,,,,,,,
tomato,when_what,random,0.8,scene_05,3797,/home/fr/brl/02_BRL_POMDP_CODE/experiments_logs/system_log/tomato/scene_05_step50/when_what_random_thres_0-8_rand_0-4/exp_tomato_20260912_162038_929137.txt,2026-09-12 16:20:38,True,24,-5.0,25,13,0.5416666666666666,8.1307,,,3696024021,,GOAL DONE,,,,,,,,,50,8000,8.0761,0.3365,0.026,0.0011,0.0109,0.0005,0.0089,0.0004,0.0082,0.0003,8.1305,0.3388,,,,,,,,,,,,
tomato,when_what,random,0.8,scene_05,3798,/home/fr/brl/02_BRL_POMDP_CODE/experiments_logs/system_log/tomato/scene_05_step50/when_what_random_thres_0-8_rand_0-4/exp_tomato_20260912_162109_617986.txt,2026-09-12 16:21:09,True,18,5.0,9,7,0.3888888888888889,5.8045,,,4191848859,,GOAL DONE,,,,,,,,,50,8000,5.7719,0.3207,0.016,0.0009,0.0065,0.0004,0.004,0.0002,0.0055,0.0003,5.8044,0.3225,,,,,,,,,,,,
tomato,when_what,random,0.8,scene_05,3799,/home/fr/brl/02_BRL_POMDP_CODE/experiments_logs/system_log/tomato/scene_05_step50/when_what_random_thres_0-8_rand_0-4/exp_tomato_20260912_162134_468364.txt,2026-09-12 16:21:34,True,19,5.0,9,8,0.42105263157894735,6.2628,,,1042830735,,GOAL DONE,,,,,,,,,50,8000,6.2271,0.3277,0.0177,0.0009,0.0078,0.0004,0.004,0.0002,0.0057,0.0003,6.2627,0.3296,,,,,,,,,,,,
tomato,when_what,random,0.8,scene_05,3800,/home/fr/brl/02_BRL_POMDP_CODE/experiments_logs/system_log/tomato/scene_05_step50/when_what_random_thres_0-8_rand_0-4/exp_tomato_20260912_162154_926476.txt,2026-09-12 16:21:54,False,13,0.0,11,7,0.5384615384615384,4.2918,,,3034198474,,PLAN FAILURE,,,,,,,,,50,8000,4.2583,0.3276,0.0143,0.0011,0.0107,0.0008,0.0045,0.0003,0.0036,0.0003,4.2917,0.3301,,,,,,,,,,,,
wastesorting,when_what,ours,0.8,scene_01,601,/home/fr/brl/02_BRL_POMDP_CODE/experiments_logs/system_log/wastesorting/scene_01_step50/when_what_ours_thres_0-8_rand_0-4/exp_wastesorting_20260912_162219_903093.txt,2026-09-12 16:22:19,True,12,5.0,14,6,0.5,2.2655,,,4064545001,,GOAL DONE,,,,,,,,,50,8000,2.1493,0.1791,0.0422,0.0035,0.0359,0.003,0.0359,0.003,0.0019,0.0002,2.2654,0.1888,,,,,,,,,,,,
wastesorting,when_what,ours,0.8,scene_01,602,/home/fr/brl/02_BRL_POMDP_CODE/experiments_logs/system_log/wastesorting/scene_01_step50/when_what_ours_thres_0-8_rand_0-4/exp_wastesorting_20260912_162229_193636.txt,2026-09-12 16:22:29,True,12,10.0,13,4,0.3333333333333333,2.1832,,,3622402991,,GOAL DONE,,,,,,,,,50,8000,2.097,0.1747,0.0421,0.0035,0.0216,0.0018,0.0199,0.0017,0.0022,0.0002,2.1831,0.1819,,,,,,,,,,,,
wastesorting,when_what,ours,0.8,scene_01,603,/home/fr/brl/02_BRL_POMDP_CODE/experiments_logs/system_log/wastesorting/scene_01_step50/when_what_ours_thres_0-8_rand_0-4/exp_wastesorting_20260912_162239_713303.txt,2026-09-12 16:22:39,True,12,5.0,13,5,0.4166666666666667,2.5087,,,2310768630,,GOAL DONE,,,,,,,,,50,8000,2.392,0.1993,0.0461,0.0038,0.0323,0.0027,0.0354,0.0029,0.0026,0.0002,2.5086,0.209,,,,,,,,,,,,
wastesorting,when_what,ours,0.8,scene_01,604,/home/fr/brl/02_BRL_POMDP_CODE/experiments_logs/system_log/wastesorting/scene_01_step50/when_what_ours_thres_0-8_rand_0-4/exp_wastesorting_20260912_162246_087256.txt,2026-09-12 16:22:46,True,11,15.0,13,4,0.36363636363636365,1.8684,,,2226680570,,GOAL DONE,,,,,,,,,50,8000,1.7858,0.1623,0.0399,0.0036,0.0195,0.0018,0.0205,0.0019,0.0023,0.0002,1.8683,0.1698,,,,,,,,,,,,
wastesorting,when_what,ours,0.8,scene_01,605,/home/fr/brl/02_BRL_POMDP_CODE/experiments_logs/system_log/wastesorting/scene_01_step50/when_what_ours_thres_0-8_rand_0-4/exp_wastesorting_20260912_162253_397410.txt,2026-09-12 16:22:53,True,11,10.0,9,4,0.36363636363636365,1.7319,,,4139245423,,GOAL DONE,,,,,,,,,50,8000,1.6509,0.1501,0.0422,0.0038,0.0171,0.0016,0.0192,0.0017,0.0023,0.0002,1.7318,0.1574,,,,,,,,,,,,
wastesorting,when_what,ours,0.8,scene_01,606,/home/fr/brl/02_BRL_POMDP_CODE/experiments_logs/system_log/wastesorting/scene_01_step50/when_what_ours_thres_0-8_rand_0-4/exp_wastesorting_20260912_162300_568552.txt,2026-09-12 16:23:00,True,10,20.0,5,2,0.2,1.6366,,,3176006814,,GOAL DONE,,,,,,,,,50,8000,1.5701,0.157,0.0358,0.0036,0.0158,0.0016,0.0131,0.0013,0.0016,0.0002,1.6366,0.1637,,,,,,,,,,,,
wastesorting,when_what,ours,0.8,scene_01,607,/home/fr/brl/02_BRL_POMDP_CODE/experiments_logs/system_log/wastesorting/scene_01_step50/when_what_ours_thres_0-8_rand_0-4/exp_wastesorting_20260912_162308_921068.txt,2026-09-12 16:23:08,True,10,10.0,7,3,0.3,1.672,,,1446821692,,GOAL DONE,,,,,,,,,50,8000,1.6031,0.1603,0.037,0.0037,0.0159,0.0016,0.0139,0.0014,0.0018,0.0002,1.6719,0.1672,,,,,,,,,,,,
wastesorting,when_what,ours,0.8,scene_01,608,/home/fr/brl/02_BRL_POMDP_CODE/experiments_logs/system_log/wastesorting/scene_01_step50/when_what_ours_thres_0-8_rand_0-4/exp_wastesorting_20260912_162319_171819.txt,2026-09-12 16:23:19,True,12,15.0,13,6,0.5,2.412,,,2855763027,,GOAL DONE,,,,,,,,,50,8000,2.3057,0.1921,0.0427,0.0036,0.0322,0.0027,0.0288,0.0024,0.0023,0.0002,2.412,0.201,,,,,,,,,,,,
wastesorting,when_what,ours,0.8,scene_01,609,/home/fr/brl/02_BRL_POMDP_CODE/experiments_logs/system_log/wastesorting/scene_01_step50/when_what_ours_thres_0-8_rand_0-4/exp_wastesorting_20260912_162327_718917.txt,2026-09-12 16:23:27,True,13,15.0,17,5,0.38461538461538464,1.9972,,,3987872288,,GOAL DONE,,,,,,,,,50,8000,1.896,0.1458,0.0434,0.0033,0.0221,0.0017,0.0329,0.0025,0.0027,0.0002,1.9972,0.1536,,,,,,,,,,,,
wastesorting,when_what,ours,0.8,scene_01,610,/home/fr/brl/02_BRL_POMDP_CODE/experiments_logs/system_log/wastesorting/scene_01_step50/when_what_ours_thres_0-8_rand_0-4/exp_wastesorting_20260912_162337_446294.txt,2026-09-12 16:23:37,True,13,5.0,19,6,0.46153846153846156,2.7656,,,3143992301,,GOAL DONE,,,,,,,,,50,8000,2.6218,0.2017,0.0573,0.0044,0.0392,0.003,0.0444,0.0034,0.0026,0.0002,2.7656,0.2127,,,,,,,,,,,,
wastesorting,when_what,ours,0.8,scene_01,611,/home/fr/brl/02_BRL_POMDP_CODE/experiments_logs/system_log/wastesorting/scene_01_step50/when_what_ours_thres_0-8_rand_0-4/exp_wastesorting_20260912_162346_409317.txt,2026-09-12 16:23:46,True,11,15.0,8,3,0.2727272727272727,2.0364,,,304491485,,GOAL DONE,,,,,,,,,50,8000,1.9626,0.1784,0.0361,0.0033,0.0188,0.0017,0.0163,0.0015,0.0023,0.0002,2.0363,0.1851,,,,,,,,,,,,
wastesorting,when_what,ours,0.8,scene_01,612,/home/fr/brl/02_BRL_POMDP_CODE/experiments_logs/system_log/wastesorting/scene_01_step50/when_what_ours_thres_0-8_rand_0-4/exp_wastesorting_20260912_162355_535263.txt,2026-09-12 16:23:55,True,10,10.0,8,4,0.4,1.6182,,,1469124930,,GOAL DONE,,,,,,,,,50,8000,1.5492,0.1549,0.0313,0.0031,0.0155,0.0016,0.0201,0.002,0.0018,0.0002,1.6181,0.1618,,,,,,,,,,,,
wastesorting,when_what,ours,0.8,scene_01,613,/home/fr/brl/02_BRL_POMDP_CODE/experiments_logs/system_log/wastesorting/scene_01_step50/when_what_ours_thres_0-8_rand_0-4/exp_wastesorting_20260912_162405_846877.txt,2026-09-12 16:24:05,True,12,15.0,12,4,0.3333333333333333,2.4203,,,3904873952,,GOAL DONE,,,,,,,,,50,8000,2.3072,0.1923,0.0433,0.0036,0.0312,0.0026,0.0351,0.0029,0.0031,0.0003,2.4202,0.2017,,,,,,,,,,,,
wastesorting,when_what,ours,0.8,scene_01,614,/home/fr/brl/02_BRL_POMDP_CODE/experiments_logs/system_log/wastesorting/scene_01_step50/when_what_ours_thres_0-8_rand_0-4/exp_wastesorting_20260912_162414_850956.txt,2026-09-12 16:24:14,True,12,15.0,13,5,0.4166666666666667,1.9462,,,1753239905,,GOAL DONE,,,,,,,,,50,8000,1.8633,0.1553,0.0422,0.0035,0.0195,0.0016,0.019,0.0016,0.002,0.0002,1.9461,0.1622,,,,,,,,,,,,
wastesorting,when_what,ours,0.8,scene_01,615,/home/fr/brl/02_BRL_POMDP_CODE/experiments_logs/system_log/wastesorting/scene_01_step50/when_what_ours_thres_0-8_rand_0-4/exp_wastesorting_20260912_162422_466592.txt,2026-09-12 16:24:22,True,10,15.0,9,3,0.3,1.6024,,,3890046989,,GOAL DONE,,,,,,,,,50,8000,1.5172,0.1517,0.0407,0.0041,0.0162,0.0016,0.0262,0.0026,0.0019,0.0002,1.6024,0.1602,,,,,,,,,,,,
wastesorting,when_what,ours,0.8,scene_01,616,/home/fr/brl/02_BRL_POMDP_CODE/experiments_logs/system_log/wastesorting/scene_01_step50/when_what_ours_thres_0-8_rand_0-4/exp_wastesorting_20260912_162431_539666.txt,2026-09-12 16:24:31,True,11,20.0,11,3,0.2727272727272727,2.1243,,,4016452800,,GOAL DONE,,,,,,,,,50,8000,2.0065,0.1824,0.0395,0.0036,0.0309,0.0028,0.0448,0.0041,0.0022,0.0002,2.1242,0.1931,,,,,,,,,,,,
wastesorting,when_what,ours,0.8,scene_01,617,/home/fr/brl/02_BRL_POMDP_CODE/experiments_logs/system_log/wastesorting/scene_01_step50/when_what_ours_thres_0-8_rand_0-4/exp_wastesorting_20260912_162441_095539.txt,2026-09-12 16:24:41,True,10,5.0,9,3,0.3,1.9806,,,1421291149,,GOAL DONE,,,,,,,,,50,8000,1.9103,0.191,0.0326,0.0033,0.0188,0.0019,0.0167,0.0017,0.0018,0.0002,1.9806,0.1981,,,,,,,,,,,,
wastesorting,when_what,ours,0.8,scene_01,618,/home/fr/brl/02_BRL_POMDP_CODE/experiments_logs/system_log/wastesorting/scene_01_step50/when_what_ours_thres_0-8_rand_0-4/exp_wastesorting_20260912_162448_858389.txt,2026-09-12 16:24:48,True,13,0.0,17,7,0.5384615384615384,1.8994,,,1201660994,,GOAL DONE,,,,,,,,,50,8000,1.8123,0.1394,0.0451,0.0035,0.0197,0.0015,0.0198,0.0015,0.0021,0.0002,1.8993,0.1461,,,,,,,,,,,,
wastesorting,when_what,ours,0.8,scene_01,619,/home/fr/brl/02_BRL_POMDP_CODE/experiments_logs/system_log/wastesorting/scene_01_step50/when_what_ours_thres_0-8_rand_0-4/exp_wastesorting_20260912_162456_636331.txt,2026-09-12 16:24:56,True,11,10.0,7,4,0.36363636363636365,1.7381,,,2732686114,,GOAL DONE,,,,,,,,,50,8000,1.6649,0.1514,0.0389,0.0035,0.0188,0.0017,0.0136,0.0012,0.0017,0.0002,1.7381,0.158,,,,,,,,,,,,
wastesorting,when_what,ours,0.8,scene_01,620,/home/fr/brl/02_BRL_POMDP_CODE/experiments_logs/system_log/wastesorting/scene_01_step50/when_what_ours_thres_0-8_rand_0-4/exp_wastesorting_20260912_162505_598441.txt,2026-09-12 16:25:05,True,13,0.0,14,6,0.46153846153846156,1.8628,,,3276452260,,GOAL DONE,,,,,,,,,50,8000,1.7826,0.1371,0.0438,0.0034,0.0174,0.0013,0.0161,0.0012,0.0025,0.0002,1.8627,0.1433,,,,,,,,,,,,
wastesorting,when_what,ours,0.8,scene_01,621,/home/fr/brl/02_BRL_POMDP_CODE/experiments_logs/system_log/wastesorting/scene_01_step50/when_what_ours_thres_0-8_rand_0-4/exp_wastesorting_20260912_162511_807631.txt,2026-09-12 16:25:11,True,11,15.0,9,3,0.2727272727272727,1.7905,,,973561137,,GOAL DONE,,,,,,,,,50,8000,1.7169,0.1561,0.0355,0.0032,0.019,0.0017,0.0169,0.0015,0.0019,0.0002,1.7905,0.1628,,,,,,,,,,,,
wastesorting,when_what,ours,0.8,scene_01,622,/home/fr/brl/02_BRL_POMDP_CODE/experiments_logs/system_log/wastesorting/scene_01_step50/when_what_ours_thres_0-8_rand_0-4/exp_wastesorting_20260912_162521_611508.txt,2026-09-12 16:25:21,True,11,5.0,8,5,0.45454545454545453,1.7746,,,221659181,,GOAL DONE,,,,,,,,,50,8000,1.7048,0.155,0.0365,0.0033,0.0162,0.0015,0.0143,0.0013,0.0026,0.0002,1.7746,0.1613,,,,,,,,,,,,
wastesorting,when_what,ours,0.8,scene_01,623,/home/fr/brl/02_BRL_POMDP_CODE/experiments_logs/system_log/wastesorting/scene_01_step50/when_what_ours_thres_0-8_rand_0-4/exp_wastesorting_20260912_162529_359894.txt,2026-09-12 16:25:29,True,12,15.0,17,5,0.4166666666666667,1.8656,,,3794435593,,GOAL DONE,,,,,,,,,50,8000,1.784,0.1487,0.0402,0.0033,0.0192,0.0016,0.0197,0.0016,0.0022,0.0002,1.8655,0.1555,,,,,,,,,,,,
wastesorting,when_what,ours,0.8,scene_01,624,/home/fr/brl/02_BRL_POMDP_CODE/experiments_logs/system_log/wastesorting/scene_01_step50/when_what_ours_thres_0-8_rand_0-4/exp_wastesorting_20260912_162537_122213.txt,2026-09-12 16:25:37,True,10,10.0,12,3,0.3,1.7728,,,1062380405,,GOAL DONE,,,,,,,,,50,8000,1.6923,0.1692,0.0337,0.0034,0.0189,0.0019,0.0255,0.0026,0.002,0.0002,1.7727,0.1773,,,,,,,,,,,,
wastesorting,when_what,ours,0.8,scene_01,625,/home/fr/brl/02_BRL_POMDP_CODE/experiments_logs/system_log/wastesorting/scene_01_step50/when_what_ours_thres_0-8_rand_0-4/exp_wastesorting_20260912_162545_498575.txt,2026-09-12 16:25:45,True,10,15.0,13,3,0.3,1.8018,,,2258604627,,GOAL DONE,,,,,,,,,50,8000,1.7167,0.1717,0.0339,0.0034,0.0185,0.0019,0.0305,0.003,0.0019,0.0002,1.8018,0.1802,,,,,,,,,,,,
wastesorting,when_what,ours,0.8,scene_01,626,/home/fr/brl/02_BRL_POMDP_CODE/experiments_logs/system_log/wastesorting/scene_01_step50/when_what_ours_thres_0-8_rand_0-4/exp_wastesorting_20260912_162552_375700.txt,2026-09-12 16:25:52,True,10,20.0,6,3,0.3,1.5783,,,2829245352,,GOAL DONE,,,,,,,,,50,8000,1.5131,0.1513,0.0346,0.0035,0.0155,0.0016,0.0134,0.0013,0.0016,0.0002,1.5783,0.1578,,,,,,,,,,,,
wastesorting,when_what,ours,0.8,scene_01,627,/home/fr/brl/02_BRL_POMDP_CODE/experiments_logs/system_log/wastesorting/scene_01_step50/when_what_ours_thres_0-8_rand_0-4/exp_wastesorting_20260912_162602_208070.txt,2026-09-12 16:26:02,True,13,0.0,19,7,0.5384615384615384,2.3945,,,3940097250,,GOAL DONE,,,,,,,,,50,8000,2.271,0.1747,0.0504,0.0039,0.0354,0.0027,0.0346,0.0027,0.0027,0.0002,2.3944,0.1842,,,,,,,,,,,,
wastesorting,when_what,ours,0.8,scene_01,628,/home/fr/brl/02_BRL_POMDP_CODE/experiments_logs/system_log/wastesorting/scene_01_step50/when_what_ours_thres_0-8_rand_0-4/exp_wastesorting_20260912_162610_069460.txt,2026-09-12 16:26:10,True,12,20.0,12,4,0.3333333333333333,1.8227,,,2295953812,,GOAL DONE,,,,,,,,,50,8000,1.7417,0.1451,0.0389,0.0032,0.0189,0.0016,0.0208,0.0017,0.0021,0.0002,1.8227,0.1519,,,,,,,,,,,,
wastesorting,when_what,ours,0.8,scene_01,629,/home/fr/brl/02_BRL_POMDP_CODE/experiments_logs/system_log/wastesorting/scene_01_step50/when_what_ours_thres_0-8_rand_0-4/exp_wastesorting_20260912_162619_002058.txt,2026-09-12 16:26:19,True,14,20.0,20,7,0.5,2.023,,,1147340016,,GOAL DONE,,,,,,,,,50,8000,1.9202,0.1372,0.0513,0.0037,0.0232,0.0017,0.0252,0.0018,0.0027,0.0002,2.0229,0.1445,,,,,,,,,,,,
wastesorting,when_what,ours,0.8,scene_01,630,/home/fr/brl/02_BRL_POMDP_CODE/experiments_logs/system_log/wastesorting/scene_01_step50/when_what_ours_thres_0-8_rand_0-4/exp_wastesorting_20260912_162627_746671.txt,2026-09-12 16:26:27,True,14,10.0,20,7,0.5,2.3641,,,3656921932,,GOAL DONE,,,,,,,,,50,8000,2.2309,0.1594,0.0497,0.0035,0.0366,0.0026,0.044,0.0031,0.0026,0.0002,2.364,0.1689,,,,,,,,,,,,
wastesorting,when_what,ours,0.8,scene_01,631,/home/fr/brl/02_BRL_POMDP_CODE/experiments_logs/system_log/wastesorting/scene_01_step50/when_what_ours_thres_0-8_rand_0-4/exp_wastesorting_20260912_162635_226879.txt,2026-09-12 16:26:35,True,10,5.0,8,3,0.3,1.757,,,834664221,,GOAL DONE,,,,,,,,,50,8000,1.688,0.1688,0.0326,0.0033,0.0184,0.0018,0.016,0.0016,0.0018,0.0002,1.7569,0.1757,,,,,,,,,,,,
wastesorting,when_what,ours,0.8,scene_01,632,/home/fr/brl/02_BRL_POMDP_CODE/experiments_logs/system_log/wastesorting/scene_01_step50/when_what_ours_thres_0-8_rand_0-4/exp_wastesorting_20260912_162644_181203.txt,2026-09-12 16:26:44,True,11,10.0,16,5,0.45454545454545453,2.3971,,,2566599462,,GOAL DONE,,,,,,,,,50,8000,2.2716,0.2065,0.0435,0.004,0.0384,0.0035,0.0412,0.0037,0.0021,0.0002,2.3971,0.2179,,,,,,,,,,,,
wastesorting,when_what,ours,0.8,scene_01,633,/home/fr/brl/02_BRL_POMDP_CODE/experiments_logs/system_log/wastesorting/scene_01_step50/when_what_ours_thres_0-8_rand_0-4/exp_wastesorting_20260912_162651_905679.txt,2026-09-12 16:26:51,True,13,15.0,17,6,0.46153846153846156,1.9681,,,481330159,,GOAL DONE,,,,,,,,,50,8000,1.8797,0.1446,0.0459,0.0035,0.0196,0.0015,0.0204,0.0016,0.0022,0.0002,1.9681,0.1514,,,,,,,,,,,,
wastesorting,when_what,ours,0.8,scene_01,634,/home/fr/brl/02_BRL_POMDP_CODE/experiments_logs/system_log/wastesorting/scene_01_step50/when_what_ours_thres_0-8_rand_0-4/exp_wastesorting_20260912_162701_131548.txt,2026-09-12 16:27:01,True,14,15.0,18,6,0.42857142857142855,2.188,,,3722475659,,GOAL DONE,,,,,,,,,50,8000,2.0815,0.1487,0.0456,0.0033,0.0256,0.0018,0.0323,0.0023,0.0027,0.0002,2.1879,0.1563,,,,,,,,,,,,
wastesorting,when_what,ours,0.8,scene_01,635,/home/fr/brl/02_BRL_POMDP_CODE/experiments_logs/system_log/wastesorting/scene_01_step50/when_what_ours_thres_0-8_rand_0-4/exp_wastesorting_20260912_162709_380250.txt,2026-09-12 16:27:09,True,11,5.0,11,4,0.36363636363636365,1.8254,,,3267154761,,GOAL DONE,,,,,,,,,50,8000,1.7467,0.1588,0.0369,0.0034,0.0209,0.0019,0.0187,0.0017,0.002,0.0002,1.8254,0.1659,,,,,,,,,,,,
wastesorting,when_what,ours,0.8,scene_01,636,/home/fr/brl/02_BRL_POMDP_CODE/experiments_logs/system_log/wastesorting/scene_01_step50/when_what_ours_thres_0-8_rand_0-4/exp_wastesorting_20260912_162716_957830.txt,2026-09-12 16:27:16,True,12,15.0,11,4,0.3333333333333333,1.7513,,,2062582486,,GOAL DONE,,,,,,,,,50,8000,1.668,0.139,0.0398,0.0033,0.0221,0.0018,0.0194,0.0016,0.0018,0.0001,1.7513,0.1459,,,,,,,,,,,,
wastesorting,when_what,ours,0.8,scene_01,637,/home/fr/brl/02_BRL_POMDP_CODE/experiments_logs/system_log/wastesorting/scene_01_step50/when_what_ours_thres_0-8_rand_0-4/exp_wastesorting_20260912_162727_328836.txt,2026-09-12 16:27:27,True,12,15.0,13,4,0.3333333333333333,2.4917,,,4001804605,,GOAL DONE,,,,,,,,,50,8000,2.3779,0.1982,0.0441,0.0037,0.0353,0.0029,0.0319,0.0027,0.0022,0.0002,2.4916,0.2076,,,,,,,,,,,,
wastesorting,when_what,ours,0.8,scene_01,638,/home/fr/brl/02_BRL_POMDP_CODE/experiments_logs/system_log/wastesorting/scene_01_step50/when_what_ours_thres_0-8_rand_0-4/exp_wastesorting_20260912_162734_425599.txt,2026-09-12 16:27:34,True,10,10.0,6,3,0.3,1.5136,,,3175035907,,GOAL DONE,,,,,,,,,50,8000,1.4474,0.1447,0.0319,0.0032,0.0192,0.0019,0.0132,0.0013,0.0016,0.0002,1.5135,0.1514,,,,,,,,,,,,
wastesorting,when_what,ours,0.8,scene_01,639,/home/fr/brl/02_BRL_POMDP_CODE/experiments_logs/system_log/wastesorting/scene_01_step50/when_what_ours_thres_0-8_rand_0-4/exp_wastesorting_20260912_162742_627593.txt,2026-09-12 16:27:42,True,13,15.0,11,6,0.46153846153846156,1.9267,,,3156193605,,GOAL DONE,,,,,,,,,50,8000,1.8506,0.1424,0.0409,0.0031,0.0171,0.0013,0.0154,0.0012,0.0024,0.0002,1.9266,0.1482,,,,,,,,,,,,
wastesorting,when_what,ours,0.8,scene_01,640,/home/fr/brl/02_BRL_POMDP_CODE/experiments_logs/system_log/wastesorting/scene_01_step50/when_what_ours_thres_0-8_rand_0-4/exp_wastesorting_20260912_162750_262644.txt,2026-09-12 16:27:50,True,10,10.0,6,3,0.3,1.6328,,,3862245153,,GOAL DONE,,,,,,,,,50,8000,1.5698,0.157,0.032,0.0032,0.0153,0.0015,0.0135,0.0013,0.002,0.0002,1.6327,0.1633,,,,,,,,,,,,
wastesorting,when_what,ours_what_only,0.8,scene_01,641,/home/fr/brl/02_BRL_POMDP_CODE/experiments_logs/system_log/wastesorting/scene_01_step50/when_what_ours_what_only_thres_0-8_rand_0-4/exp_wastesorting_20260912_162217_511699.txt,2026-09-12 16:22:17,False,4,0.0,1,1,0.25,1.614,,,4064545001,,PLAN FAILURE,,,,,,,,,50,8000,1.5607,0.3902,0.0202,0.005,0.0306,0.0076,0.0017,0.0004,0.0007,0.0002,1.614,0.4035,,,,,,,,,,,,
wastesorting,when_what,ours_what_only,0.8,scene_01,642,/home/fr/brl/02_BRL_POMDP_CODE/experiments_logs/system_log/wastesorting/scene_01_step50/when_what_ours_what_only_thres_0-8_rand_0-4/exp_wastesorting_20260912_162226_873532.txt,2026-09-12 16:22:26,True,13,15.0,7,3,0.23076923076923078,2.2196,,,3622402991,,GOAL DONE,,,,,,,,,50,8000,2.1219,0.1632,0.0539,0.0041,0.0346,0.0027,0.0068,0.0005,0.0021,0.0002,2.2195,0.1707,,,,,,,,,,,,
wastesorting,when_what,ours_what_only,0.8,scene_01,643,/home/fr/brl/02_BRL_POMDP_CODE/experiments_logs/system_log/wastesorting/scene_01_step50/when_what_ours_what_only_thres_0-8_rand_0-4/exp_wastesorting_20260912_162237_073892.txt,2026-09-12 16:22:37,True,12,5.0,14,7,0.5833333333333334,2.4965,,,2310768630,,GOAL DONE,,,,,,,,,50,8000,2.3793,0.1983,0.0462,0.0038,0.0326,0.0027,0.0356,0.003,0.0025,0.0002,2.4965,0.208,,,,,,,,,,,,
wastesorting,when_what,ours_what_only,0.8,scene_01,644,/home/fr/brl/02_BRL_POMDP_CODE/experiments_logs/system_log/wastesorting/scene_01_step50/when_what_ours_what_only_thres_0-8_rand_0-4/exp_wastesorting_20260912_162244_089392.txt,2026-09-12 16:22:44,False,3,0.0,0,0,0.0,1.0664,,,2226680570,,PLAN FAILURE,,,,,,,,,50,8000,1.0347,0.3449,0.0159,0.0053,0.015,0.005,0.0004,0.0001,0.0004,0.0001,1.0664,0.3555,,,,,,,,,,,,
wastesorting,when_what,ours_what_only,0.8,scene_01,645,/home/fr/brl/02_BRL_POMDP_CODE/experiments_logs/system_log/wastesorting/scene_01_step50/when_what_ours_what_only_thres_0-8_rand_0-4/exp_wastesorting_20260912_162251_528967.txt,2026-09-12 16:22:51,True,11,10.0,7,5,0.45454545454545453,1.6657,,,4139245423,,GOAL DONE,,,,,,,,,50,8000,1.608,0.1462,0.035,0.0032,0.0167,0.0015,0.0037,0.0003,0.002,0.0002,1.6657,0.1514,,,,,,,,,,,,
wastesorting,when_what,ours_what_only,0.8,scene_01,646,/home/fr/brl/02_BRL_POMDP_CODE/experiments_logs/system_log/wastesorting/scene_01_step50/when_what_ours_what_only_thres_0-8_rand_0-4/exp_wastesorting_20260912_162258_801483.txt,2026-09-12 16:22:58,True,10,20.0,9,6,0.6,1.6798,,,3176006814,,GOAL DONE,,,,,,,,,50,8000,1.6103,0.161,0.0374,0.0037,0.0158,0.0016,0.014,0.0014,0.0021,0.0002,1.6798,0.168,,,,,,,,,,,,
wastesorting,when_what,ours_what_only,0.8,scene_01,647,/home/fr/brl/02_BRL_POMDP_CODE/experiments_logs/system_log/wastesorting/scene_01_step50/when_what_ours_what_only_thres_0-8_rand_0-4/exp_wastesorting_20260912_162307_116123.txt,2026-09-12 16:23:07,True,16,15.0,11,9,0.5625,2.2619,,,1446821692,,GOAL DONE,,,,,,,,,50,8000,2.1755,0.136,0.0558,0.0035,0.0206,0.0013,0.0065,0.0004,0.0031,0.0002,2.2618,0.1414,,,,,,,,,,,,
wastesorting,when_what,ours_what_only,0.8,scene_01,648,/home/fr/brl/02_BRL_POMDP_CODE/experiments_logs/system_log/wastesorting/scene_01_step50/when_what_ours_what_only_thres_0-8_rand_0-4/exp_wastesorting_20260912_162316_626762.txt,2026-09-12 16:23:16,True,13,15.0,9,5,0.38461538461538464,2.4473,,,2855763027,,GOAL DONE,,,,,,,,,50,8000,2.3416,0.1801,0.0534,0.0041,0.0322,0.0025,0.0175,0.0013,0.0022,0.0002,2.4472,0.1882,,,,,,,,,,,,
wastesorting,when_what,ours_what_only,0.8,scene_01,649,/home/fr/brl/02_BRL_POMDP_CODE/experiments_logs/system_log/wastesorting/scene_01_step50/when_what_ours_what_only_thres_0-8_rand_0-4/exp_wastesorting_20260912_162325_592907.txt,2026-09-12 16:23:25,True,13,15.0,17,8,0.6153846153846154,1.9898,,,3987872288,,GOAL DONE,,,,,,,,,50,8000,1.8869,0.1451,0.0481,0.0037,0.0224,0.0017,0.0295,0.0023,0.0026,0.0002,1.9898,0.1531,,,,,,,,,,,,
wastesorting,when_what,ours_what_only,0.8,scene_01,650,/home/fr/brl/02_BRL_POMDP_CODE/experiments_logs/system_log/wastesorting/scene_01_step50/when_what_ours_what_only_thres_0-8_rand_0-4/exp_wastesorting_20260912_162334_541716.txt,2026-09-12 16:23:34,False,5,0.0,0,0,0.0,1.8685,,,3143992301,,PLAN FAILURE,,,,,,,,,50,8000,1.8102,0.362,0.0261,0.0052,0.0307,0.0061,0.0006,0.0001,0.0009,0.0002,1.8685,0.3737,,,,,,,,,,,,
wastesorting,when_what,ours_what_only,0.8,scene_01,651,/home/fr/brl/02_BRL_POMDP_CODE/experiments_logs/system_log/wastesorting/scene_01_step50/when_what_ours_what_only_thres_0-8_rand_0-4/exp_wastesorting_20260912_162344_240867.txt,2026-09-12 16:23:44,True,13,20.0,13,9,0.6923076923076923,2.1338,,,304491485,,GOAL DONE,,,,,,,,,50,8000,2.0565,0.1582,0.0406,0.0031,0.0195,0.0015,0.0148,0.0011,0.0021,0.0002,2.1337,0.1641,,,,,,,,,,,,
wastesorting,when_what,ours_what_only,0.8,scene_01,652,/home/fr/brl/02_BRL_POMDP_CODE/experiments_logs/system_log/wastesorting/scene_01_step50/when_what_ours_what_only_thres_0-8_rand_0-4/exp_wastesorting_20260912_162353_788683.txt,2026-09-12 16:23:53,True,14,15.0,1,1,0.07142857142857142,2.643,,,1469124930,,GOAL DONE,,,,,,,,,50,8000,2.5478,0.182,0.0512,0.0037,0.0382,0.0027,0.0024,0.0002,0.0029,0.0002,2.6429,0.1888,,,,,,,,,,,,
wastesorting,when_what,ours_what_only,0.8,scene_01,653,/home/fr/brl/02_BRL_POMDP_CODE/experiments_logs/system_log/wastesorting/scene_01_step50/when_what_ours_what_only_thres_0-8_rand_0-4/exp_wastesorting_20260912_162403_297199.txt,2026-09-12 16:24:03,True,12,15.0,13,5,0.4166666666666667,2.4278,,,3904873952,,GOAL DONE,,,,,,,,,50,8000,2.3148,0.1929,0.0431,0.0036,0.0317,0.0026,0.0352,0.0029,0.0026,0.0002,2.4277,0.2023,,,,,,,,,,,,
wastesorting,when_what,ours_what_only,0.8,scene_01,654,/home/fr/brl/02_BRL_POMDP_CODE/experiments_logs/system_log/wastesorting/scene_01_step50/when_what_ours_what_only_thres_0-8_rand_0-4/exp_wastesorting_20260912_162412_772171.txt,2026-09-12 16:24:12,True,15,15.0,8,6,0.4,2.287,,,1753239905,,GOAL DONE,,,,,,,,,50,8000,2.1978,0.1465,0.0575,0.0038,0.0228,0.0015,0.0055,0.0004,0.0029,0.0002,2.2869,0.1525,,,,,,,,,,,,
wastesorting,when_what,ours_what_only,0.8,scene_01,655,/home/fr/brl/02_BRL_POMDP_CODE/experiments_logs/system_log/wastesorting/scene_01_step50/when_what_ours_what_only_thres_0-8_rand_0-4/exp_wastesorting_20260912_162420_732442.txt,2026-09-12 16:24:20,True,11,10.0,5,5,0.45454545454545453,1.9595,,,3890046989,,GOAL DONE,,,,,,,,,50,8000,1.8968,0.1724,0.0386,0.0035,0.0187,0.0017,0.0026,0.0002,0.0024,0.0002,1.9594,0.1781,,,,,,,,,,,,
wastesorting,when_what,ours_what_only,0.8,scene_01,656,/home/fr/brl/02_BRL_POMDP_CODE/experiments_logs/system_log/wastesorting/scene_01_step50/when_what_ours_what_only_thres_0-8_rand_0-4/exp_wastesorting_20260912_162429_283668.txt,2026-09-12 16:24:29,True,11,20.0,14,6,0.5454545454545454,2.1073,,,4016452800,,GOAL DONE,,,,,,,,,50,8000,1.988,0.1807,0.0403,0.0037,0.0308,0.0028,0.0452,0.0041,0.0027,0.0002,2.1073,0.1916,,,,,,,,,,,,
wastesorting,when_what,ours_what_only,0.8,scene_01,657,/home/fr/brl/02_BRL_POMDP_CODE/experiments_logs/system_log/wastesorting/scene_01_step50/when_what_ours_what_only_thres_0-8_rand_0-4/exp_wastesorting_20260912_162438_982927.txt,2026-09-12 16:24:38,True,16,0.0,7,6,0.375,2.5221,,,1421291149,,GOAL DONE,,,,,,,,,50,8000,2.4248,0.1515,0.0546,0.0034,0.0361,0.0023,0.0036,0.0002,0.0026,0.0002,2.522,0.1576,,,,,,,,,,,,
wastesorting,when_what,ours_what_only,0.8,scene_01,658,/home/fr/brl/02_BRL_POMDP_CODE/experiments_logs/system_log/wastesorting/scene_01_step50/when_what_ours_what_only_thres_0-8_rand_0-4/exp_wastesorting_20260912_162446_826092.txt,2026-09-12 16:24:46,True,11,0.0,6,5,0.45454545454545453,1.7226,,,1201660994,,GOAL DONE,,,,,,,,,50,8000,1.6624,0.1511,0.036,0.0033,0.019,0.0017,0.0031,0.0003,0.0018,0.0002,1.7225,0.1566,,,,,,,,,,,,
wastesorting,when_what,ours_what_only,0.8,scene_01,659,/home/fr/brl/02_BRL_POMDP_CODE/experiments_logs/system_log/wastesorting/scene_01_step50/when_what_ours_what_only_thres_0-8_rand_0-4/exp_wastesorting_20260912_162454_764838.txt,2026-09-12 16:24:54,True,12,10.0,9,5,0.4166666666666667,1.8311,,,2732686114,,GOAL DONE,,,,,,,,,50,8000,1.7561,0.1463,0.0379,0.0032,0.0202,0.0017,0.0145,0.0012,0.002,0.0002,1.831,0.1526,,,,,,,,,,,,
wastesorting,when_what,ours_what_only,0.8,scene_01,660,/home/fr/brl/02_BRL_POMDP_CODE/experiments_logs/system_log/wastesorting/scene_01_step50/when_what_ours_what_only_thres_0-8_rand_0-4/exp_wastesorting_20260912_162503_602769.txt,2026-09-12 16:25:03,True,16,10.0,12,7,0.4375,2.2812,,,3276452260,,GOAL DONE,,,,,,,,,50,8000,2.1848,0.1366,0.0535,0.0033,0.0233,0.0015,0.0165,0.001,0.0027,0.0002,2.2811,0.1426,,,,,,,,,,,,
wastesorting,when_what,ours_what_only,0.8,scene_01,661,/home/fr/brl/02_BRL_POMDP_CODE/experiments_logs/system_log/wastesorting/scene_01_step50/when_what_ours_what_only_thres_0-8_rand_0-4/exp_wastesorting_20260912_162509_885069.txt,2026-09-12 16:25:09,False,3,0.0,0,0,0.0,1.0838,,,973561137,,PLAN FAILURE,,,,,,,,,50,8000,1.0517,0.3506,0.0127,0.0042,0.0183,0.0061,0.0004,0.0001,0.0005,0.0002,1.0838,0.3613,,,,,,,,,,,,
wastesorting,when_what,ours_what_only,0.8,scene_01,662,/home/fr/brl/02_BRL_POMDP_CODE/experiments_logs/system_log/wastesorting/scene_01_step50/when_what_ours_what_only_thres_0-8_rand_0-4/exp_wastesorting_20260912_162519_712904.txt,2026-09-12 16:25:19,True,13,10.0,9,4,0.3076923076923077,2.1241,,,221659181,,GOAL DONE,,,,,,,,,50,8000,2.0389,0.1568,0.043,0.0033,0.0225,0.0017,0.0173,0.0013,0.0022,0.0002,2.124,0.1634,,,,,,,,,,,,
wastesorting,when_what,ours_what_only,0.8,scene_01,663,/home/fr/brl/02_BRL_POMDP_CODE/experiments_logs/system_log/wastesorting/scene_01_step50/when_what_ours_what_only_thres_0-8_rand_0-4/exp_wastesorting_20260912_162527_353625.txt,2026-09-12 16:25:27,True,11,20.0,6,4,0.36363636363636365,1.7214,,,3794435593,,GOAL DONE,,,,,,,,,50,8000,1.6605,0.151,0.0354,0.0032,0.0187,0.0017,0.0047,0.0004,0.0018,0.0002,1.7214,0.1565,,,,,,,,,,,,
wastesorting,when_what,ours_what_only,0.8,scene_01,664,/home/fr/brl/02_BRL_POMDP_CODE/experiments_logs/system_log/wastesorting/scene_01_step50/when_what_ours_what_only_thres_0-8_rand_0-4/exp_wastesorting_20260912_162535_215835.txt,2026-09-12 16:25:35,True,14,10.0,4,4,0.2857142857142857,1.862,,,1062380405,,GOAL DONE,,,,,,,,,50,8000,1.7921,0.128,0.0477,0.0034,0.0172,0.0012,0.0025,0.0002,0.0022,0.0002,1.862,0.133,,,,,,,,,,,,
wastesorting,when_what,ours_what_only,0.8,scene_01,665,/home/fr/brl/02_BRL_POMDP_CODE/experiments_logs/system_log/wastesorting/scene_01_step50/when_what_ours_what_only_thres_0-8_rand_0-4/exp_wastesorting_20260912_162543_563496.txt,2026-09-12 16:25:43,False,8,0.0,8,4,0.5,2.1247,,,2258604627,,PLAN FAILURE,,,,,,,,,50,8000,2.0473,0.2559,0.0323,0.004,0.0367,0.0046,0.0069,0.0009,0.0013,0.0002,2.1247,0.2656,,,,,,,,,,,,
wastesorting,when_what,ours_what_only,0.8,scene_01,666,/home/fr/brl/02_BRL_POMDP_CODE/experiments_logs/system_log/wastesorting/scene_01_step50/when_what_ours_what_only_thres_0-8_rand_0-4/exp_wastesorting_20260912_162550_668438.txt,2026-09-12 16:25:50,True,10,20.0,7,7,0.7,1.5823,,,2829245352,,GOAL DONE,,,,,,,,,50,8000,1.5238,0.1524,0.0386,0.0039,0.0153,0.0015,0.0028,0.0003,0.0016,0.0002,1.5822,0.1582,,,,,,,,,,,,
wastesorting,when_what,ours_what_only,0.8,scene_01,667,/home/fr/brl/02_BRL_POMDP_CODE/experiments_logs/system_log/wastesorting/scene_01_step50/when_what_ours_what_only_thres_0-8_rand_0-4/exp_wastesorting_20260912_162559_702943.txt,2026-09-12 16:25:59,True,13,0.0,19,7,0.5384615384615384,2.3076,,,3940097250,,GOAL DONE,,,,,,,,,50,8000,2.186,0.1682,0.0505,0.0039,0.0344,0.0026,0.0341,0.0026,0.0023,0.0002,2.3076,0.1775,,,,,,,,,,,,
wastesorting,when_what,ours_what_only,0.8,scene_01,668,/home/fr/brl/02_BRL_POMDP_CODE/experiments_logs/system_log/wastesorting/scene_01_step50/when_what_ours_what_only_thres_0-8_rand_0-4/exp_wastesorting_20260912_162608_117111.txt,2026-09-12 16:26:08,True,12,25.0,9,4,0.3333333333333333,1.7975,,,2295953812,,GOAL DONE,,,,,,,,,50,8000,1.7211,0.1434,0.0382,0.0032,0.0188,0.0016,0.0174,0.0014,0.0018,0.0002,1.7975,0.1498,,,,,,,,,,,,
wastesorting,when_what,ours_what_only,0.8,scene_01,669,/home/fr/brl/02_BRL_POMDP_CODE/experiments_logs/system_log/wastesorting/scene_01_step50/when_what_ours_what_only_thres_0-8_rand_0-4/exp_wastesorting_20260912_162616_854306.txt,2026-09-12 16:26:16,True,16,15.0,11,5,0.3125,2.2084,,,1147340016,,GOAL DONE,,,,,,,,,50,8000,2.1123,0.132,0.0517,0.0032,0.0234,0.0015,0.0171,0.0011,0.0033,0.0002,2.2083,0.138,,,,,,,,,,,,
wastesorting,when_what,ours_what_only,0.8,scene_01,670,/home/fr/brl/02_BRL_POMDP_CODE/experiments_logs/system_log/wastesorting/scene_01_step50/when_what_ours_what_only_thres_0-8_rand_0-4/exp_wastesorting_20260912_162625_251229.txt,2026-09-12 16:26:25,False,7,5.0,1,1,0.14285714285714285,1.7377,,,3656921932,,PLAN FAILURE,,,,,,,,,50,8000,1.6706,0.2387,0.0298,0.0043,0.034,0.0049,0.002,0.0003,0.0012,0.0002,1.7377,0.2482,,,,,,,,,,,,
wastesorting,when_what,ours_what_only,0.8,scene_01,671,/home/fr/brl/02_BRL_POMDP_CODE/experiments_logs/system_log/wastesorting/scene_01_step50/when_what_ours_what_only_thres_0-8_rand_0-4/exp_wastesorting_20260912_162633_337253.txt,2026-09-12 16:26:33,True,10,5.0,2,2,0.2,1.7403,,,834664221,,GOAL DONE,,,,,,,,,50,8000,1.6851,0.1685,0.0326,0.0033,0.0185,0.0018,0.0021,0.0002,0.0017,0.0002,1.7402,0.174,,,,,,,,,,,,
wastesorting,when_what,ours_what_only,0.8,scene_01,672,/home/fr/brl/02_BRL_POMDP_CODE/experiments_logs/system_log/wastesorting/scene_01_step50/when_what_ours_what_only_thres_0-8_rand_0-4/exp_wastesorting_20260912_162641_644764.txt,2026-09-12 16:26:41,False,6,0.0,9,4,0.6666666666666666,1.8241,,,2566599462,,PLAN FAILURE,,,,,,,,,50,8000,1.7448,0.2908,0.0282,0.0047,0.0339,0.0057,0.0159,0.0027,0.001,0.0002,1.824,0.304,,,,,,,,,,,,
wastesorting,when_what,ours_what_only,0.8,scene_01,673,/home/fr/brl/02_BRL_POMDP_CODE/experiments_logs/system_log/wastesorting/scene_01_step50/when_what_ours_what_only_thres_0-8_rand_0-4/exp_wastesorting_20260912_162649_803241.txt,2026-09-12 16:26:49,False,6,0.0,2,2,0.3333333333333333,1.3444,,,481330159,,PLAN FAILURE,,,,,,,,,50,8000,1.3009,0.2168,0.0222,0.0037,0.018,0.003,0.0019,0.0003,0.0012,0.0002,1.3443,0.2241,,,,,,,,,,,,
wastesorting,when_what,ours_what_only,0.8,scene_01,674,/home/fr/brl/02_BRL_POMDP_CODE/experiments_logs/system_log/wastesorting/scene_01_step50/when_what_ours_what_only_thres_0-8_rand_0-4/exp_wastesorting_20260912_162658_817671.txt,2026-09-12 16:26:58,True,14,15.0,9,5,0.35714285714285715,2.1454,,,3722475659,,GOAL DONE,,,,,,,,,50,8000,2.0465,0.1462,0.049,0.0035,0.0263,0.0019,0.0207,0.0015,0.0026,0.0002,2.1453,0.1532,,,,,,,,,,,,
wastesorting,when_what,ours_what_only,0.8,scene_01,675,/home/fr/brl/02_BRL_POMDP_CODE/experiments_logs/system_log/wastesorting/scene_01_step50/when_what_ours_what_only_thres_0-8_rand_0-4/exp_wastesorting_20260912_162707_429315.txt,2026-09-12 16:27:07,True,14,15.0,13,6,0.42857142857142855,2.0772,,,3267154761,,GOAL DONE,,,,,,,,,50,8000,1.9919,0.1423,0.0446,0.0032,0.0195,0.0014,0.0181,0.0013,0.0027,0.0002,2.0771,0.1484,,,,,,,,,,,,
wastesorting,when_what,ours_what_only,0.8,scene_01,676,/home/fr/brl/02_BRL_POMDP_CODE/experiments_logs/system_log/wastesorting/scene_01_step50/when_what_ours_what_only_thres_0-8_rand_0-4/exp_wastesorting_20260912_162715_073478.txt,2026-09-12 16:27:15,True,12,15.0,7,5,0.4166666666666667,1.7901,,,2062582486,,GOAL DONE,,,,,,,,,50,8000,1.7147,0.1429,0.0451,0.0038,0.0224,0.0019,0.0058,0.0005,0.0019,0.0002,1.7901,0.1492,,,,,,,,,,,,
wastesorting,when_what,ours_what_only,0.8,scene_01,677,/home/fr/brl/02_BRL_POMDP_CODE/experiments_logs/system_log/wastesorting/scene_01_step50/when_what_ours_what_only_thres_0-8_rand_0-4/exp_wastesorting_20260912_162724_702975.txt,2026-09-12 16:27:24,True,12,15.0,9,4,0.3333333333333333,2.4613,,,4001804605,,GOAL DONE,,,,,,,,,50,8000,2.3612,0.1968,0.0431,0.0036,0.035,0.0029,0.0199,0.0017,0.0019,0.0002,2.4613,0.2051,,,,,,,,,,,,
wastesorting,when_what,ours_what_only,0.8,scene_01,678,/home/fr/brl/02_BRL_POMDP_CODE/experiments_logs/system_log/wastesorting/scene_01_step50/when_what_ours_what_only_thres_0-8_rand_0-4/exp_wastesorting_20260912_162732_780804.txt,2026-09-12 16:27:32,True,12,10.0,8,5,0.4166666666666667,1.7391,,,3175035907,,GOAL DONE,,,,,,,,,50,8000,1.6644,0.1387,0.0381,0.0032,0.0205,0.0017,0.0139,0.0012,0.002,0.0002,1.7391,0.1449,,,,,,,,,,,,
wastesorting,when_what,ours_what_only,0.8,scene_01,679,/home/fr/brl/02_BRL_POMDP_CODE/experiments_logs/system_log/wastesorting/scene_01_step50/when_what_ours_what_only_thres_0-8_rand_0-4/exp_wastesorting_20260912_162740_565919.txt,2026-09-12 16:27:40,True,13,15.0,4,4,0.3076923076923077,1.9063,,,3156193605,,GOAL DONE,,,,,,,,,50,8000,1.8441,0.1419,0.0403,0.0031,0.017,0.0013,0.0024,0.0002,0.0022,0.0002,1.9063,0.1466,,,,,,,,,,,,
wastesorting,when_what,ours_what_only,0.8,scene_01,680,/home/fr/brl/02_BRL_POMDP_CODE/experiments_logs/system_log/wastesorting/scene_01_step50/when_what_ours_what_only_thres_0-8_rand_0-4/exp_wastesorting_20260912_162748_504149.txt,2026-09-12 16:27:48,True,14,10.0,6,5,0.35714285714285715,1.9291,,,3862245153,,GOAL DONE,,,,,,,,,50,8000,1.8591,0.1328,0.047,0.0034,0.0169,0.0012,0.0032,0.0002,0.0025,0.0002,1.929,0.1378,,,,,,,,,,,,
wastesorting,when_what,ours_when_only,0.8,scene_01,681,/home/fr/brl/02_BRL_POMDP_CODE/experiments_logs/system_log/wastesorting/scene_01_step50/when_what_ours_when_only_thres_0-8_rand_0-4/exp_wastesorting_20260912_162215_760184.txt,2026-09-12 16:22:15,True,12,5.0,30,6,0.5,2.2567,,,4064545001,,GOAL DONE,,,,,,,,,50,8000,2.1314,0.1776,0.0423,0.0035,0.0324,0.0027,0.0482,0.004,0.0021,0.0002,2.2566,0.1881,,,,,,,,,,,,
wastesorting,when_what,ours_when_only,0.8,scene_01,682,/home/fr/brl/02_BRL_POMDP_CODE/experiments_logs/system_log/wastesorting/scene_01_step50/when_what_ours_when_only_thres_0-8_rand_0-4/exp_wastesorting_20260912_162224_546411.txt,2026-09-12 16:22:24,True,12,10.0,26,4,0.3333333333333333,2.1979,,,3622402991,,GOAL DONE,,,,,,,,,50,8000,2.1036,0.1753,0.0433,0.0036,0.0218,0.0018,0.0266,0.0022,0.0023,0.0002,2.1979,0.1832,,,,,,,,,,,,
wastesorting,when_what,ours_when_only,0.8,scene_01,683,/home/fr/brl/02_BRL_POMDP_CODE/experiments_logs/system_log/wastesorting/scene_01_step50/when_what_ours_when_only_thres_0-8_rand_0-4/exp_wastesorting_20260912_162234_440480.txt,2026-09-12 16:22:34,True,12,5.0,26,5,0.4166666666666667,2.4778,,,2310768630,,GOAL DONE,,,,,,,,,50,8000,2.3429,0.1952,0.047,0.0039,0.0323,0.0027,0.0527,0.0044,0.0026,0.0002,2.4777,0.2065,,,,,,,,,,,,
wastesorting,when_what,ours_when_only,0.8,scene_01,684,/home/fr/brl/02_BRL_POMDP_CODE/experiments_logs/system_log/wastesorting/scene_01_step50/when_what_ours_when_only_thres_0-8_rand_0-4/exp_wastesorting_20260912_162242_891110.txt,2026-09-12 16:22:42,True,11,15.0,24,4,0.36363636363636365,1.8751,,,2226680570,,GOAL DONE,,,,,,,,,50,8000,1.7784,0.1617,0.0391,0.0036,0.0189,0.0017,0.0361,0.0033,0.0023,0.0002,1.875,0.1705,,,,,,,,,,,,
wastesorting,when_what,ours_when_only,0.8,scene_01,685,/home/fr/brl/02_BRL_POMDP_CODE/experiments_logs/system_log/wastesorting/scene_01_step50/when_what_ours_when_only_thres_0-8_rand_0-4/exp_wastesorting_20260912_162249_739424.txt,2026-09-12 16:22:49,True,11,10.0,18,4,0.36363636363636365,1.7161,,,4139245423,,GOAL DONE,,,,,,,,,50,8000,1.6338,0.1485,0.0366,0.0033,0.0169,0.0015,0.0261,0.0024,0.0025,0.0002,1.7161,0.156,,,,,,,,,,,,
wastesorting,when_what,ours_when_only,0.8,scene_01,686,/home/fr/brl/02_BRL_POMDP_CODE/experiments_logs/system_log/wastesorting/scene_01_step50/when_what_ours_when_only_thres_0-8_rand_0-4/exp_wastesorting_20260912_162256_992073.txt,2026-09-12 16:22:56,True,10,20.0,18,2,0.2,1.6529,,,3176006814,,GOAL DONE,,,,,,,,,50,8000,1.5709,0.1571,0.0317,0.0032,0.0154,0.0015,0.033,0.0033,0.0018,0.0002,1.6528,0.1653,,,,,,,,,,,,
wastesorting,when_what,ours_when_only,0.8,scene_01,687,/home/fr/brl/02_BRL_POMDP_CODE/experiments_logs/system_log/wastesorting/scene_01_step50/when_what_ours_when_only_thres_0-8_rand_0-4/exp_wastesorting_20260912_162304_727736.txt,2026-09-12 16:23:04,True,10,10.0,10,3,0.3,1.6446,,,1446821692,,GOAL DONE,,,,,,,,,50,8000,1.5807,0.1581,0.0322,0.0032,0.0156,0.0016,0.0139,0.0014,0.0019,0.0002,1.6446,0.1645,,,,,,,,,,,,
wastesorting,when_what,ours_when_only,0.8,scene_01,688,/home/fr/brl/02_BRL_POMDP_CODE/experiments_logs/system_log/wastesorting/scene_01_step50/when_what_ours_when_only_thres_0-8_rand_0-4/exp_wastesorting_20260912_162314_049319.txt,2026-09-12 16:23:14,True,12,15.0,28,6,0.5,2.4446,,,2855763027,,GOAL DONE,,,,,,,,,50,8000,2.3113,0.1926,0.0436,0.0036,0.0321,0.0027,0.0547,0.0046,0.0026,0.0002,2.4446,0.2037,,,,,,,,,,,,
wastesorting,when_what,ours_when_only,0.8,scene_01,689,/home/fr/brl/02_BRL_POMDP_CODE/experiments_logs/system_log/wastesorting/scene_01_step50/when_what_ours_when_only_thres_0-8_rand_0-4/exp_wastesorting_20260912_162323_474265.txt,2026-09-12 16:23:23,True,13,15.0,26,5,0.38461538461538464,2.0328,,,3987872288,,GOAL DONE,,,,,,,,,50,8000,1.9244,0.148,0.0428,0.0033,0.0227,0.0017,0.0403,0.0031,0.0023,0.0002,2.0327,0.1564,,,,,,,,,,,,
wastesorting,when_what,ours_when_only,0.8,scene_01,690,/home/fr/brl/02_BRL_POMDP_CODE/experiments_logs/system_log/wastesorting/scene_01_step50/when_what_ours_when_only_thres_0-8_rand_0-4/exp_wastesorting_20260912_162332_543592.txt,2026-09-12 16:23:32,True,13,5.0,37,6,0.46153846153846156,2.6877,,,3143992301,,GOAL DONE,,,,,,,,,50,8000,2.5461,0.1959,0.0501,0.0039,0.0374,0.0029,0.0514,0.004,0.0024,0.0002,2.6876,0.2067,,,,,,,,,,,,
wastesorting,when_what,ours_when_only,0.8,scene_01,691,/home/fr/brl/02_BRL_POMDP_CODE/experiments_logs/system_log/wastesorting/scene_01_step50/when_what_ours_when_only_thres_0-8_rand_0-4/exp_wastesorting_20260912_162341_973977.txt,2026-09-12 16:23:41,True,11,15.0,21,3,0.2727272727272727,2.0476,,,304491485,,GOAL DONE,,,,,,,,,50,8000,1.9483,0.1771,0.0433,0.0039,0.0187,0.0017,0.0346,0.0031,0.0025,0.0002,2.0476,0.1861,,,,,,,,,,,,
wastesorting,when_what,ours_when_only,0.8,scene_01,692,/home/fr/brl/02_BRL_POMDP_CODE/experiments_logs/system_log/wastesorting/scene_01_step50/when_what_ours_when_only_thres_0-8_rand_0-4/exp_wastesorting_20260912_162351_011294.txt,2026-09-12 16:23:51,True,10,10.0,15,4,0.4,1.6659,,,1469124930,,GOAL DONE,,,,,,,,,50,8000,1.5967,0.1597,0.0327,0.0033,0.0159,0.0016,0.0184,0.0018,0.0019,0.0002,1.6659,0.1666,,,,,,,,,,,,
wastesorting,when_what,ours_when_only,0.8,scene_01,693,/home/fr/brl/02_BRL_POMDP_CODE/experiments_logs/system_log/wastesorting/scene_01_step50/when_what_ours_when_only_thres_0-8_rand_0-4/exp_wastesorting_20260912_162400_742471.txt,2026-09-12 16:24:00,True,12,15.0,28,4,0.3333333333333333,2.4693,,,3904873952,,GOAL DONE,,,,,,,,,50,8000,2.3429,0.1952,0.0474,0.004,0.0325,0.0027,0.0437,0.0036,0.0026,0.0002,2.4693,0.2058,,,,,,,,,,,,
wastesorting,when_what,ours_when_only,0.8,scene_01,694,/home/fr/brl/02_BRL_POMDP_CODE/experiments_logs/system_log/wastesorting/scene_01_step50/when_what_ours_when_only_thres_0-8_rand_0-4/exp_wastesorting_20260912_162410_352770.txt,2026-09-12 16:24:10,True,12,15.0,24,5,0.4166666666666667,1.9643,,,1753239905,,GOAL DONE,,,,,,,,,50,8000,1.8607,0.1551,0.0436,0.0036,0.0237,0.002,0.0338,0.0028,0.0022,0.0002,1.9643,0.1637,,,,,,,,,,,,
wastesorting,when_what,ours_when_only,0.8,scene_01,695,/home/fr/brl/02_BRL_POMDP_CODE/experiments_logs/system_log/wastesorting/scene_01_step50/when_what_ours_when_only_thres_0-8_rand_0-4/exp_wastesorting_20260912_162418_642586.txt,2026-09-12 16:24:18,True,10,15.0,10,3,0.3,1.6128,,,3890046989,,GOAL DONE,,,,,,,,,50,8000,1.54,0.154,0.0359,0.0036,0.0164,0.0016,0.0183,0.0018,0.0019,0.0002,1.6127,0.1613,,,,,,,,,,,,
wastesorting,when_what,ours_when_only,0.8,scene_01,696,/home/fr/brl/02_BRL_POMDP_CODE/experiments_logs/system_log/wastesorting/scene_01_step50/when_what_ours_when_only_thres_0-8_rand_0-4/exp_wastesorting_20260912_162427_050747.txt,2026-09-12 16:24:27,True,11,20.0,23,3,0.2727272727272727,2.1397,,,4016452800,,GOAL DONE,,,,,,,,,50,8000,2.0164,0.1833,0.0403,0.0037,0.0316,0.0029,0.0485,0.0044,0.0025,0.0002,2.1396,0.1945,,,,,,,,,,,,
wastesorting,when_what,ours_when_only,0.8,scene_01,697,/home/fr/brl/02_BRL_POMDP_CODE/experiments_logs/system_log/wastesorting/scene_01_step50/when_what_ours_when_only_thres_0-8_rand_0-4/exp_wastesorting_20260912_162436_330169.txt,2026-09-12 16:24:36,True,10,5.0,18,3,0.3,2.0269,,,1421291149,,GOAL DONE,,,,,,,,,50,8000,1.9314,0.1931,0.0417,0.0042,0.0188,0.0019,0.0326,0.0033,0.0021,0.0002,2.0268,0.2027,,,,,,,,,,,,
wastesorting,when_what,ours_when_only,0.8,scene_01,698,/home/fr/brl/02_BRL_POMDP_CODE/experiments_logs/system_log/wastesorting/scene_01_step50/when_what_ours_when_only_thres_0-8_rand_0-4/exp_wastesorting_20260912_162444_969026.txt,2026-09-12 16:24:44,True,13,0.0,32,7,0.5384615384615384,1.8701,,,1201660994,,GOAL DONE,,,,,,,,,50,8000,1.7748,0.1365,0.041,0.0032,0.0196,0.0015,0.0323,0.0025,0.0021,0.0002,1.8701,0.1439,,,,,,,,,,,,
wastesorting,when_what,ours_when_only,0.8,scene_01,699,/home/fr/brl/02_BRL_POMDP_CODE/experiments_logs/system_log/wastesorting/scene_01_step50/when_what_ours_when_only_thres_0-8_rand_0-4/exp_wastesorting_20260912_162452_777859.txt,2026-09-12 16:24:52,True,11,5.0,21,5,0.45454545454545453,1.7035,,,2732686114,,GOAL DONE,,,,,,,,,50,8000,1.6287,0.1481,0.0359,0.0033,0.0198,0.0018,0.0167,0.0015,0.002,0.0002,1.7034,0.1549,,,,,,,,,,,,
wastesorting,when_what,ours_when_only,0.8,scene_01,700,/home/fr/brl/02_BRL_POMDP_CODE/experiments_logs/system_log/wastesorting/scene_01_step50/when_what_ours_when_only_thres_0-8_rand_0-4/exp_wastesorting_20260912_162501_187570.txt,2026-09-12 16:25:01,True,13,0.0,25,6,0.46153846153846156,1.9388,,,3276452260,,GOAL DONE,,,,,,,,,50,8000,1.8343,0.1411,0.0509,0.0039,0.018,0.0014,0.0328,0.0025,0.0025,0.0002,1.9387,0.1491,,,,,,,,,,,,
wastesorting,when_what,ours_when_only,0.8,scene_01,701,/home/fr/brl/02_BRL_POMDP_CODE/experiments_logs/system_log/wastesorting/scene_01_step50/when_what_ours_when_only_thres_0-8_rand_0-4/exp_wastesorting_20260912_162508_672955.txt,2026-09-12 16:25:08,True,11,15.0,17,3,0.2727272727272727,1.7513,,,973561137,,GOAL DONE,,,,,,,,,50,8000,1.68,0.1527,0.0351,0.0032,0.0201,0.0018,0.0139,0.0013,0.0019,0.0002,1.7513,0.1592,,,,,,,,,,,,
wastesorting,when_what,ours_when_only,0.8,scene_01,702,/home/fr/brl/02_BRL_POMDP_CODE/experiments_logs/system_log/wastesorting/scene_01_step50/when_what_ours_when_only_thres_0-8_rand_0-4/exp_wastesorting_20260912_162517_453576.txt,2026-09-12 16:25:17,True,13,10.0,29,7,0.5384615384615384,2.4622,,,221659181,,GOAL DONE,,,,,,,,,50,8000,2.3376,0.1798,0.0503,0.0039,0.0324,0.0025,0.0391,0.003,0.0024,0.0002,2.4622,0.1894,,,,,,,,,,,,
wastesorting,when_what,ours_when_only,0.8,scene_01,703,/home/fr/brl/02_BRL_POMDP_CODE/experiments_logs/system_log/wastesorting/scene_01_step50/when_what_ours_when_only_thres_0-8_rand_0-4/exp_wastesorting_20260912_162525_501978.txt,2026-09-12 16:25:25,True,12,15.0,30,5,0.4166666666666667,1.889,,,3794435593,,GOAL DONE,,,,,,,,,50,8000,1.7938,0.1495,0.0385,0.0032,0.0189,0.0016,0.0352,0.0029,0.0023,0.0002,1.8889,0.1574,,,,,,,,,,,,
wastesorting,when_what,ours_when_only,0.8,scene_01,704,/home/fr/brl/02_BRL_POMDP_CODE/experiments_logs/system_log/wastesorting/scene_01_step50/when_what_ours_when_only_thres_0-8_rand_0-4/exp_wastesorting_20260912_162533_219122.txt,2026-09-12 16:25:33,True,10,10.0,20,3,0.3,1.7808,,,1062380405,,GOAL DONE,,,,,,,,,50,8000,1.6904,0.169,0.0342,0.0034,0.0189,0.0019,0.035,0.0035,0.002,0.0002,1.7807,0.1781,,,,,,,,,,,,
wastesorting,when_what,ours_when_only,0.8,scene_01,705,/home/fr/brl/02_BRL_POMDP_CODE/experiments_logs/system_log/wastesorting/scene_01_step50/when_what_ours_when_only_thres_0-8_rand_0-4/exp_wastesorting_20260912_162541_308298.txt,2026-09-12 16:25:41,True,10,15.0,21,3,0.3,1.7631,,,2258604627,,GOAL DONE,,,,,,,,,50,8000,1.6827,0.1683,0.033,0.0033,0.0182,0.0018,0.0273,0.0027,0.0016,0.0002,1.763,0.1763,,,,,,,,,,,,
wastesorting,when_what,ours_when_only,0.8,scene_01,706,/home/fr/brl/02_BRL_POMDP_CODE/experiments_logs/system_log/wastesorting/scene_01_step50/when_what_ours_when_only_thres_0-8_rand_0-4/exp_wastesorting_20260912_162548_947314.txt,2026-09-12 16:25:48,True,10,20.0,11,3,0.3,1.5953,,,2829245352,,GOAL DONE,,,,,,,,,50,8000,1.5292,0.1529,0.0352,0.0035,0.0158,0.0016,0.013,0.0013,0.0018,0.0002,1.5952,0.1595,,,,,,,,,,,,
wastesorting,when_what,ours_when_only,0.8,scene_01,707,/home/fr/brl/02_BRL_POMDP_CODE/experiments_logs/system_log/wastesorting/scene_01_step50/when_what_ours_when_only_thres_0-8_rand_0-4/exp_wastesorting_20260912_162557_265153.txt,2026-09-12 16:25:57,True,13,0.0,43,7,0.5384615384615384,2.2851,,,3940097250,,GOAL DONE,,,,,,,,,50,8000,2.1464,0.1651,0.0489,0.0038,0.0342,0.0026,0.0525,0.004,0.0027,0.0002,2.285,0.1758,,,,,,,,,,,,
wastesorting,when_what,ours_when_only,0.8,scene_01,708,/home/fr/brl/02_BRL_POMDP_CODE/experiments_logs/system_log/wastesorting/scene_01_step50/when_what_ours_when_only_thres_0-8_rand_0-4/exp_wastesorting_20260912_162606_186150.txt,2026-09-12 16:26:06,True,12,20.0,21,4,0.3333333333333333,1.8595,,,2295953812,,GOAL DONE,,,,,,,,,50,8000,1.7572,0.1464,0.0445,0.0037,0.019,0.0016,0.0363,0.003,0.0022,0.0002,1.8595,0.155,,,,,,,,,,,,
wastesorting,when_what,ours_when_only,0.8,scene_01,709,/home/fr/brl/02_BRL_POMDP_CODE/experiments_logs/system_log/wastesorting/scene_01_step50/when_what_ours_when_only_thres_0-8_rand_0-4/exp_wastesorting_20260912_162614_513124.txt,2026-09-12 16:26:14,True,14,20.0,38,7,0.5,1.9663,,,1147340016,,GOAL DONE,,,,,,,,,50,8000,1.8556,0.1325,0.0448,0.0032,0.0226,0.0016,0.0405,0.0029,0.0024,0.0002,1.9662,0.1404,,,,,,,,,,,,
wastesorting,when_what,ours_when_only,0.8,scene_01,710,/home/fr/brl/02_BRL_POMDP_CODE/experiments_logs/system_log/wastesorting/scene_01_step50/when_what_ours_when_only_thres_0-8_rand_0-4/exp_wastesorting_20260912_162623_385323.txt,2026-09-12 16:26:23,True,14,10.0,40,7,0.5,2.3659,,,3656921932,,GOAL DONE,,,,,,,,,50,8000,2.2226,0.1588,0.0518,0.0037,0.0357,0.0026,0.0523,0.0037,0.0031,0.0002,2.3658,0.169,,,,,,,,,,,,
wastesorting,when_what,ours_when_only,0.8,scene_01,711,/home/fr/brl/02_BRL_POMDP_CODE/experiments_logs/system_log/wastesorting/scene_01_step50/when_what_ours_when_only_thres_0-8_rand_0-4/exp_wastesorting_20260912_162631_465757.txt,2026-09-12 16:26:31,True,11,15.0,22,3,0.2727272727272727,1.6509,,,834664221,,GOAL DONE,,,,,,,,,50,8000,1.5667,0.1424,0.0349,0.0032,0.0164,0.0015,0.0308,0.0028,0.0018,0.0002,1.6508,0.1501,,,,,,,,,,,,
wastesorting,when_what,ours_when_only,0.8,scene_01,712,/home/fr/brl/02_BRL_POMDP_CODE/experiments_logs/system_log/wastesorting/scene_01_step50/when_what_ours_when_only_thres_0-8_rand_0-4/exp_wastesorting_20260912_162639_689651.txt,2026-09-12 16:26:39,True,11,10.0,34,5,0.45454545454545453,2.3476,,,2566599462,,GOAL DONE,,,,,,,,,50,8000,2.2045,0.2004,0.0435,0.004,0.0376,0.0034,0.0595,0.0054,0.0022,0.0002,2.3476,0.2134,,,,,,,,,,,,
wastesorting,when_what,ours_when_only,0.8,scene_01,713,/home/fr/brl/02_BRL_POMDP_CODE/experiments_logs/system_log/wastesorting/scene_01_step50/when_what_ours_when_only_thres_0-8_rand_0-4/exp_wastesorting_20260912_162648_331934.txt,2026-09-12 16:26:48,True,12,0.0,32,5,0.4166666666666667,2.54,,,481330159,,GOAL DONE,,,,,,,,,50,8000,2.4045,0.2004,0.0467,0.0039,0.0346,0.0029,0.0513,0.0043,0.0025,0.0002,2.5399,0.2117,,,,,,,,,,,,
wastesorting,when_what,ours_when_only,0.8,scene_01,714,/home/fr/brl/02_BRL_POMDP_CODE/experiments_logs/system_log/wastesorting/scene_01_step50/when_what_ours_when_only_thres_0-8_rand_0-4/exp_wastesorting_20260912_162656_535978.txt,2026-09-12 16:26:56,True,14,15.0,39,6,0.42857142857142855,2.1963,,,3722475659,,GOAL DONE,,,,,,,,,50,8000,2.0841,0.1489,0.0466,0.0033,0.0252,0.0018,0.0374,0.0027,0.0026,0.0002,2.1962,0.1569,,,,,,,,,,,,
wastesorting,when_what,ours_when_only,0.8,scene_01,715,/home/fr/brl/02_BRL_POMDP_CODE/experiments_logs/system_log/wastesorting/scene_01_step50/when_what_ours_when_only_thres_0-8_rand_0-4/exp_wastesorting_20260912_162705_224783.txt,2026-09-12 16:27:05,True,11,5.0,23,4,0.36363636363636365,1.8009,,,3267154761,,GOAL DONE,,,,,,,,,50,8000,1.7094,0.1554,0.0396,0.0036,0.0188,0.0017,0.0309,0.0028,0.0018,0.0002,1.8008,0.1637,,,,,,,,,,,,
wastesorting,when_what,ours_when_only,0.8,scene_01,716,/home/fr/brl/02_BRL_POMDP_CODE/experiments_logs/system_log/wastesorting/scene_01_step50/when_what_ours_when_only_thres_0-8_rand_0-4/exp_wastesorting_20260912_162713_154971.txt,2026-09-12 16:27:13,True,12,15.0,31,4,0.3333333333333333,1.7651,,,2062582486,,GOAL DONE,,,,,,,,,50,8000,1.6659,0.1388,0.0391,0.0033,0.0221,0.0018,0.0359,0.003,0.0018,0.0001,1.7651,0.1471,,,,,,,,,,,,
wastesorting,when_what,ours_when_only,0.8,scene_01,717,/home/fr/brl/02_BRL_POMDP_CODE/experiments_logs/system_log/wastesorting/scene_01_step50/when_what_ours_when_only_thres_0-8_rand_0-4/exp_wastesorting_20260912_162722_107463.txt,2026-09-12 16:27:22,True,12,15.0,27,4,0.3333333333333333,2.4452,,,4001804605,,GOAL DONE,,,,,,,,,50,8000,2.3167,0.1931,0.0444,0.0037,0.0348,0.0029,0.0466,0.0039,0.0024,0.0002,2.4451,0.2038,,,,,,,,,,,,
wastesorting,when_what,ours_when_only,0.8,scene_01,718,/home/fr/brl/02_BRL_POMDP_CODE/experiments_logs/system_log/wastesorting/scene_01_step50/when_what_ours_when_only_thres_0-8_rand_0-4/exp_wastesorting_20260912_162730_896680.txt,2026-09-12 16:27:30,True,10,10.0,12,3,0.3,1.5675,,,3175035907,,GOAL DONE,,,,,,,,,50,8000,1.4961,0.1496,0.0366,0.0037,0.0188,0.0019,0.0142,0.0014,0.0016,0.0002,1.5674,0.1567,,,,,,,,,,,,
wastesorting,when_what,ours_when_only,0.8,scene_01,719,/home/fr/brl/02_BRL_POMDP_CODE/experiments_logs/system_log/wastesorting/scene_01_step50/when_what_ours_when_only_thres_0-8_rand_0-4/exp_wastesorting_20260912_162738_532410.txt,2026-09-12 16:27:38,True,13,15.0,26,6,0.46153846153846156,1.9352,,,3156193605,,GOAL DONE,,,,,,,,,50,8000,1.8357,0.1412,0.041,0.0032,0.017,0.0013,0.0388,0.003,0.0024,0.0002,1.9351,0.1489,,,,,,,,,,,,
wastesorting,when_what,ours_when_only,0.8,scene_01,720,/home/fr/brl/02_BRL_POMDP_CODE/experiments_logs/system_log/wastesorting/scene_01_step50/when_what_ours_when_only_thres_0-8_rand_0-4/exp_wastesorting_20260912_162746_439967.txt,2026-09-12 16:27:46,True,10,10.0,13,3,0.3,1.6285,,,3862245153,,GOAL DONE,,,,,,,,,50,8000,1.5589,0.1559,0.0322,0.0032,0.0154,0.0015,0.0198,0.002,0.0019,0.0002,1.6284,0.1628,,,,,,,,,,,,
wastesorting,when_what,random,0.8,scene_01,721,/home/fr/brl/02_BRL_POMDP_CODE/experiments_logs/system_log/wastesorting/scene_01_step50/when_what_random_thres_0-8_rand_0-4/exp_wastesorting_20260912_162213_372931.txt,2026-09-12 16:22:13,False,4,0.0,1,1,0.25,1.6343,,,4064545001,,PLAN FAILURE,,,,,,,,,50,8000,1.581,0.3953,0.0202,0.005,0.0306,0.0077,0.0016,0.0004,0.0007,0.0002,1.6342,0.4086,,,,,,,,,,,,
wastesorting,when_what,random,0.8,scene_01,722,/home/fr/brl/02_BRL_POMDP_CODE/experiments_logs/system_log/wastesorting/scene_01_step50/when_what_random_thres_0-8_rand_0-4/exp_wastesorting_20260912_162222_217165.txt,2026-09-12 16:22:22,True,13,15.0,10,3,0.23076923076923078,2.1824,,,3622402991,,GOAL DONE,,,,,,,,,50,8000,2.0847,0.1604,0.0537,0.0041,0.0346,0.0027,0.0069,0.0005,0.0022,0.0002,2.1823,0.1679,,,,,,,,,,,,
wastesorting,when_what,random,0.8,scene_01,723,/home/fr/brl/02_BRL_POMDP_CODE/experiments_logs/system_log/wastesorting/scene_01_step50/when_what_random_thres_0-8_rand_0-4/exp_wastesorting_20260912_162231_827838.txt,2026-09-12 16:22:31,True,12,5.0,23,7,0.5833333333333334,2.5012,,,2310768630,,GOAL DONE,,,,,,,,,50,8000,2.3677,0.1973,0.0478,0.004,0.0317,0.0026,0.051,0.0043,0.0027,0.0002,2.5011,0.2084,,,,,,,,,,,,
wastesorting,when_what,random,0.8,scene_01,724,/home/fr/brl/02_BRL_POMDP_CODE/experiments_logs/system_log/wastesorting/scene_01_step50/when_what_random_thres_0-8_rand_0-4/exp_wastesorting_20260912_162240_880705.txt,2026-09-12 16:22:40,False,3,0.0,0,0,0.0,1.0222,,,2226680570,,PLAN FAILURE,,,,,,,,,50,8000,0.9909,0.3303,0.0156,0.0052,0.0148,0.0049,0.0004,0.0001,0.0004,0.0001,1.0221,0.3407,,,,,,,,,,,,
wastesorting,when_what,random,0.8,scene_01,725,/home/fr/brl/02_BRL_POMDP_CODE/experiments_logs/system_log/wastesorting/scene_01_step50/when_what_random_thres_0-8_rand_0-4/exp_wastesorting_20260912_162247_893009.txt,2026-09-12 16:22:47,True,11,10.0,12,5,0.45454545454545453,1.6789,,,4139245423,,GOAL DONE,,,,,,,,,50,8000,1.62,0.1473,0.0353,0.0032,0.0168,0.0015,0.0041,0.0004,0.0023,0.0002,1.6788,0.1526,,,,,,,,,,,,
wastesorting,when_what,random,0.8,scene_01,726,/home/fr/brl/02_BRL_POMDP_CODE/experiments_logs/system_log/wastesorting/scene_01_step50/when_what_random_thres_0-8_rand_0-4/exp_wastesorting_20260912_162255_213162.txt,2026-09-12 16:22:55,True,10,20.0,20,6,0.6,1.6868,,,3176006814,,GOAL DONE,,,,,,,,,50,8000,1.6033,0.1603,0.0323,0.0032,0.0159,0.0016,0.0333,0.0033,0.0017,0.0002,1.6867,0.1687,,,,,,,,,,,,
wastesorting,when_what,random,0.8,scene_01,727,/home/fr/brl/02_BRL_POMDP_CODE/experiments_logs/system_log/wastesorting/scene_01_step50/when_what_random_thres_0-8_rand_0-4/exp_wastesorting_20260912_162302_945635.txt,2026-09-12 16:23:02,True,16,15.0,17,9,0.5625,2.243,,,1446821692,,GOAL DONE,,,,,,,,,50,8000,2.1536,0.1346,0.0572,0.0036,0.0204,0.0013,0.0088,0.0005,0.0027,0.0002,2.2429,0.1402,,,,,,,,,,,,
wastesorting,when_what,random,0.8,scene_01,728,/home/fr/brl/02_BRL_POMDP_CODE/experiments_logs/system_log/wastesorting/scene_01_step50/when_what_random_thres_0-8_rand_0-4/exp_wastesorting_20260912_162311_479272.txt,2026-09-12 16:23:11,True,13,15.0,15,5,0.38461538461538464,2.428,,,2855763027,,GOAL DONE,,,,,,,,,50,8000,2.3207,0.1785,0.0492,0.0038,0.0325,0.0025,0.0229,0.0018,0.0024,0.0002,2.428,0.1868,,,,,,,,,,,,
wastesorting,when_what,random,0.8,scene_01,729,/home/fr/brl/02_BRL_POMDP_CODE/experiments_logs/system_log/wastesorting/scene_01_step50/when_what_random_thres_0-8_rand_0-4/exp_wastesorting_20260912_162321_302520.txt,2026-09-12 16:23:21,True,13,15.0,21,8,0.6153846153846154,2.0014,,,3987872288,,GOAL DONE,,,,,,,,,50,8000,1.8978,0.146,0.0424,0.0033,0.0224,0.0017,0.0361,0.0028,0.0023,0.0002,2.0013,0.1539,,,,,,,,,,,,
wastesorting,when_what,random,0.8,scene_01,730,/home/fr/brl/02_BRL_POMDP_CODE/experiments_logs/system_log/wastesorting/scene_01_step50/when_what_random_thres_0-8_rand_0-4/exp_wastesorting_20260912_162329_727768.txt,2026-09-12 16:23:29,False,5,0.0,0,0,0.0,1.8728,,,3143992301,,PLAN FAILURE,,,,,,,,,50,8000,1.8135,0.3627,0.0265,0.0053,0.0312,0.0062,0.0006,0.0001,0.0009,0.0002,1.8728,0.3746,,,,,,,,,,,,
wastesorting,when_what,random,0.8,scene_01,731,/home/fr/brl/02_BRL_POMDP_CODE/experiments_logs/system_log/wastesorting/scene_01_step50/when_what_random_thres_0-8_rand_0-4/exp_wastesorting_20260912_162339_799723.txt,2026-09-12 16:23:39,True,13,20.0,26,9,0.6923076923076923,2.2233,,,304491485,,GOAL DONE,,,,,,,,,50,8000,2.1256,0.1635,0.0425,0.0033,0.0198,0.0015,0.0325,0.0025,0.0027,0.0002,2.2232,0.171,,,,,,,,,,,,
wastesorting,when_what,random,0.8,scene_01,732,/home/fr/brl/02_BRL_POMDP_CODE/experiments_logs/system_log/wastesorting/scene_01_step50/when_what_random_thres_0-8_rand_0-4/exp_wastesorting_20260912_162349_213666.txt,2026-09-12 16:23:49,True,14,15.0,1,1,0.07142857142857142,2.6689,,,1469124930,,GOAL DONE,,,,,,,,,50,8000,2.574,0.1839,0.0514,0.0037,0.0383,0.0027,0.0022,0.0002,0.0026,0.0002,2.6688,0.1906,,,,,,,,,,,,
wastesorting,when_what,random,0.8,scene_01,733,/home/fr/brl/02_BRL_POMDP_CODE/experiments_logs/system_log/wastesorting/scene_01_step50/when_what_random_thres_0-8_rand_0-4/exp_wastesorting_20260912_162358_139797.txt,2026-09-12 16:23:58,True,12,15.0,27,5,0.4166666666666667,2.4733,,,3904873952,,GOAL DONE,,,,,,,,,50,8000,2.335,0.1946,0.0488,0.0041,0.036,0.003,0.05,0.0042,0.0032,0.0003,2.4732,0.2061,,,,,,,,,,,,
wastesorting,when_what,random,0.8,scene_01,734,/home/fr/brl/02_BRL_POMDP_CODE/experiments_logs/system_log/wastesorting/scene_01_step50/when_what_random_thres_0-8_rand_0-4/exp_wastesorting_20260912_162408_257253.txt,2026-09-12 16:24:08,True,15,15.0,11,6,0.4,2.2804,,,1753239905,,GOAL DONE,,,,,,,,,50,8000,2.1926,0.1462,0.0565,0.0038,0.023,0.0015,0.0053,0.0004,0.0027,0.0002,2.2803,0.152,,,,,,,,,,,,
wastesorting,when_what,random,0.8,scene_01,735,/home/fr/brl/02_BRL_POMDP_CODE/experiments_logs/system_log/wastesorting/scene_01_step50/when_what_random_thres_0-8_rand_0-4/exp_wastesorting_20260912_162416_896811.txt,2026-09-12 16:24:16,True,11,10.0,5,5,0.45454545454545453,1.9144,,,3890046989,,GOAL DONE,,,,,,,,,50,8000,1.8525,0.1684,0.0386,0.0035,0.0184,0.0017,0.0024,0.0002,0.0023,0.0002,1.9143,0.174,,,,,,,,,,,,
wastesorting,when_what,random,0.8,scene_01,736,/home/fr/brl/02_BRL_POMDP_CODE/experiments_logs/system_log/wastesorting/scene_01_step50/when_what_random_thres_0-8_rand_0-4/exp_wastesorting_20260912_162424_758202.txt,2026-09-12 16:24:24,True,11,20.0,28,6,0.5454545454545454,2.1654,,,4016452800,,GOAL DONE,,,,,,,,,50,8000,2.0424,0.1857,0.0411,0.0037,0.0311,0.0028,0.0481,0.0044,0.0024,0.0002,2.1654,0.1969,,,,,,,,,,,,
wastesorting,when_what,random,0.8,scene_01,737,/home/fr/brl/02_BRL_POMDP_CODE/experiments_logs/system_log/wastesorting/scene_01_step50/when_what_random_thres_0-8_rand_0-4/exp_wastesorting_20260912_162434_172043.txt,2026-09-12 16:24:34,True,16,0.0,12,6,0.375,2.5054,,,1421291149,,GOAL DONE,,,,,,,,,50,8000,2.408,0.1505,0.0547,0.0034,0.0356,0.0022,0.0038,0.0002,0.0029,0.0002,2.5053,0.1566,,,,,,,,,,,,
wastesorting,when_what,random,0.8,scene_01,738,/home/fr/brl/02_BRL_POMDP_CODE/experiments_logs/system_log/wastesorting/scene_01_step50/when_what_random_thres_0-8_rand_0-4/exp_wastesorting_20260912_162442_968370.txt,2026-09-12 16:24:42,True,11,0.0,9,5,0.45454545454545453,1.7394,,,1201660994,,GOAL DONE,,,,,,,,,50,8000,1.6794,0.1527,0.0361,0.0033,0.0186,0.0017,0.0033,0.0003,0.0018,0.0002,1.7393,0.1581,,,,,,,,,,,,
wastesorting,when_what,random,0.8,scene_01,739,/home/fr/brl/02_BRL_POMDP_CODE/experiments_logs/system_log/wastesorting/scene_01_step50/when_what_random_thres_0-8_rand_0-4/exp_wastesorting_20260912_162450_943491.txt,2026-09-12 16:24:50,True,12,20.0,18,5,0.4166666666666667,1.9567,,,2732686114,,GOAL DONE,,,,,,,,,50,8000,1.8764,0.1564,0.0388,0.0032,0.023,0.0019,0.0159,0.0013,0.0023,0.0002,1.9567,0.1631,,,,,,,,,,,,
wastesorting,when_what,random,0.8,scene_01,740,/home/fr/brl/02_BRL_POMDP_CODE/experiments_logs/system_log/wastesorting/scene_01_step50/when_what_random_thres_0-8_rand_0-4/exp_wastesorting_20260912_162459_118089.txt,2026-09-12 16:24:59,True,16,10.0,24,7,0.4375,2.3484,,,3276452260,,GOAL DONE,,,,,,,,,50,8000,2.2246,0.139,0.0612,0.0038,0.0237,0.0015,0.0354,0.0022,0.0031,0.0002,2.3484,0.1468,,,,,,,,,,,,
wastesorting,when_what,random,0.8,scene_01,741,/home/fr/brl/02_BRL_POMDP_CODE/experiments_logs/system_log/wastesorting/scene_01_step50/when_what_random_thres_0-8_rand_0-4/exp_wastesorting_20260912_162506_790583.txt,2026-09-12 16:25:06,False,3,0.0,0,0,0.0,1.0665,,,973561137,,PLAN FAILURE,,,,,,,,,50,8000,1.0346,0.3449,0.0128,0.0043,0.0182,0.0061,0.0004,0.0001,0.0004,0.0001,1.0665,0.3555,,,,,,,,,,,,
wastesorting,when_what,random,0.8,scene_01,742,/home/fr/brl/02_BRL_POMDP_CODE/experiments_logs/system_log/wastesorting/scene_01_step50/when_what_random_thres_0-8_rand_0-4/exp_wastesorting_20260912_162514_858476.txt,2026-09-12 16:25:14,True,18,10.0,14,7,0.3888888888888889,2.9223,,,221659181,,GOAL DONE,,,,,,,,,50,8000,2.7967,0.1554,0.0674,0.0037,0.0356,0.002,0.0186,0.001,0.0035,0.0002,2.9222,0.1623,,,,,,,,,,,,
wastesorting,when_what,random,0.8,scene_01,743,/home/fr/brl/02_BRL_POMDP_CODE/experiments_logs/system_log/wastesorting/scene_01_step50/when_what_random_thres_0-8_rand_0-4/exp_wastesorting_20260912_162523_471749.txt,2026-09-12 16:25:23,True,11,20.0,7,4,0.36363636363636365,1.7333,,,3794435593,,GOAL DONE,,,,,,,,,50,8000,1.6728,0.1521,0.0353,0.0032,0.0188,0.0017,0.0044,0.0004,0.0017,0.0002,1.7332,0.1576,,,,,,,,,,,,
wastesorting,when_what,random,0.8,scene_01,744,/home/fr/brl/02_BRL_POMDP_CODE/experiments_logs/system_log/wastesorting/scene_01_step50/when_what_random_thres_0-8_rand_0-4/exp_wastesorting_20260912_162531_310463.txt,2026-09-12 16:25:31,True,14,10.0,4,4,0.2857142857142857,1.8229,,,1062380405,,GOAL DONE,,,,,,,,,50,8000,1.7537,0.1253,0.0473,0.0034,0.017,0.0012,0.0024,0.0002,0.0022,0.0002,1.8228,0.1302,,,,,,,,,,,,
wastesorting,when_what,random,0.8,scene_01,745,/home/fr/brl/02_BRL_POMDP_CODE/experiments_logs/system_log/wastesorting/scene_01_step50/when_what_random_thres_0-8_rand_0-4/exp_wastesorting_20260912_162539_418791.txt,2026-09-12 16:25:39,False,8,0.0,10,4,0.5,2.1707,,,2258604627,,PLAN FAILURE,,,,,,,,,50,8000,2.0916,0.2614,0.0342,0.0043,0.0373,0.0047,0.0058,0.0007,0.0016,0.0002,2.1707,0.2713,,,,,,,,,,,,
wastesorting,when_what,random,0.8,scene_01,746,/home/fr/brl/02_BRL_POMDP_CODE/experiments_logs/system_log/wastesorting/scene_01_step50/when_what_random_thres_0-8_rand_0-4/exp_wastesorting_20260912_162547_220883.txt,2026-09-12 16:25:47,True,10,20.0,7,7,0.7,1.5901,,,2829245352,,GOAL DONE,,,,,,,,,50,8000,1.5306,0.1531,0.0392,0.0039,0.0158,0.0016,0.0025,0.0002,0.0017,0.0002,1.59,0.159,,,,,,,,,,,,
wastesorting,when_what,random,0.8,scene_01,747,/home/fr/brl/02_BRL_POMDP_CODE/experiments_logs/system_log/wastesorting/scene_01_step50/when_what_random_thres_0-8_rand_0-4/exp_wastesorting_20260912_162554_850323.txt,2026-09-12 16:25:54,True,13,0.0,41,7,0.5384615384615384,2.3438,,,3940097250,,GOAL DONE,,,,,,,,,50,8000,2.2014,0.1693,0.0506,0.0039,0.0353,0.0027,0.0535,0.0041,0.0028,0.0002,2.3438,0.1803,,,,,,,,,,,,
wastesorting,when_what,random,0.8,scene_01,748,/home/fr/brl/02_BRL_POMDP_CODE/experiments_logs/system_log/wastesorting/scene_01_step50/when_what_random_thres_0-8_rand_0-4/exp_wastesorting_20260912_162604_196404.txt,2026-09-12 16:26:04,True,12,25.0,15,4,0.3333333333333333,1.8568,,,2295953812,,GOAL DONE,,,,,,,,,50,8000,1.7522,0.146,0.0472,0.0039,0.0192,0.0016,0.036,0.003,0.0019,0.0002,1.8567,0.1547,,,,,,,,,,,,
wastesorting,when_what,random,0.8,scene_01,749,/home/fr/brl/02_BRL_POMDP_CODE/experiments_logs/system_log/wastesorting/scene_01_step50/when_what_random_thres_0-8_rand_0-4/exp_wastesorting_20260912_162612_415280.txt,2026-09-12 16:26:12,True,16,15.0,17,5,0.3125,2.2112,,,1147340016,,GOAL DONE,,,,,,,,,50,8000,2.1018,0.1314,0.0515,0.0032,0.0241,0.0015,0.0305,0.0019,0.0031,0.0002,2.2112,0.1382,,,,,,,,,,,,
wastesorting,when_what,random,0.8,scene_01,750,/home/fr/brl/02_BRL_POMDP_CODE/experiments_logs/system_log/wastesorting/scene_01_step50/when_what_random_thres_0-8_rand_0-4/exp_wastesorting_20260912_162620_887793.txt,2026-09-12 16:26:20,False,7,5.0,1,1,0.14285714285714285,1.7597,,,3656921932,,PLAN FAILURE,,,,,,,,,50,8000,1.6921,0.2417,0.0298,0.0043,0.0347,0.005,0.0018,0.0003,0.0011,0.0002,1.7597,0.2514,,,,,,,,,,,,
wastesorting,when_what,random,0.8,scene_01,751,/home/fr/brl/02_BRL_POMDP_CODE/experiments_logs/system_log/wastesorting/scene_01_step50/when_what_random_thres_0-8_rand_0-4/exp_wastesorting_20260912_162629_683121.txt,2026-09-12 16:26:29,True,10,5.0,2,2,0.2,1.8025,,,834664221,,GOAL DONE,,,,,,,,,50,8000,1.7437,0.1744,0.0351,0.0035,0.0192,0.0019,0.0021,0.0002,0.0021,0.0002,1.8024,0.1802,,,,,,,,,,,,
wastesorting,when_what,random,0.8,scene_01,752,/home/fr/brl/02_BRL_POMDP_CODE/experiments_logs/system_log/wastesorting/scene_01_step50/when_what_random_thres_0-8_rand_0-4/exp_wastesorting_20260912_162637_211453.txt,2026-09-12 16:26:37,False,6,0.0,19,4,0.6666666666666666,1.8575,,,2566599462,,PLAN FAILURE,,,,,,,,,50,8000,1.7605,0.2934,0.0288,0.0048,0.0343,0.0057,0.0328,0.0055,0.001,0.0002,1.8575,0.3096,,,,,,,,,,,,
wastesorting,when_what,random,0.8,scene_01,753,/home/fr/brl/02_BRL_POMDP_CODE/experiments_logs/system_log/wastesorting/scene_01_step50/when_what_random_thres_0-8_rand_0-4/exp_wastesorting_20260912_162645_659802.txt,2026-09-12 16:26:45,False,6,0.0,2,2,0.3333333333333333,1.343,,,481330159,,PLAN FAILURE,,,,,,,,,50,8000,1.2995,0.2166,0.0224,0.0037,0.0182,0.003,0.0018,0.0003,0.001,0.0002,1.343,0.2238,,,,,,,,,,,,
wastesorting,when_what,random,0.8,scene_01,754,/home/fr/brl/02_BRL_POMDP_CODE/experiments_logs/system_log/wastesorting/scene_01_step50/when_what_random_thres_0-8_rand_0-4/exp_wastesorting_20260912_162654_203952.txt,2026-09-12 16:26:54,True,14,15.0,18,5,0.35714285714285715,2.1703,,,3722475659,,GOAL DONE,,,,,,,,,50,8000,2.0749,0.1482,0.0501,0.0036,0.0266,0.0019,0.0157,0.0011,0.0027,0.0002,2.1702,0.155,,,,,,,,,,,,
wastesorting,when_what,random,0.8,scene_01,755,/home/fr/brl/02_BRL_POMDP_CODE/experiments_logs/system_log/wastesorting/scene_01_step50/when_what_random_thres_0-8_rand_0-4/exp_wastesorting_20260912_162703_295820.txt,2026-09-12 16:27:03,True,14,15.0,26,6,0.42857142857142855,2.0333,,,3267154761,,GOAL DONE,,,,,,,,,50,8000,1.9329,0.1381,0.0478,0.0034,0.0195,0.0014,0.0304,0.0022,0.0024,0.0002,2.0332,0.1452,,,,,,,,,,,,
wastesorting,when_what,random,0.8,scene_01,756,/home/fr/brl/02_BRL_POMDP_CODE/experiments_logs/system_log/wastesorting/scene_01_step50/when_what_random_thres_0-8_rand_0-4/exp_wastesorting_20260912_162711_262320.txt,2026-09-12 16:27:11,True,12,15.0,11,5,0.4166666666666667,1.7484,,,2062582486,,GOAL DONE,,,,,,,,,50,8000,1.6748,0.1396,0.0442,0.0037,0.0218,0.0018,0.0055,0.0005,0.0017,0.0001,1.7483,0.1457,,,,,,,,,,,,
wastesorting,when_what,random,0.8,scene_01,757,/home/fr/brl/02_BRL_POMDP_CODE/experiments_logs/system_log/wastesorting/scene_01_step50/when_what_random_thres_0-8_rand_0-4/exp_wastesorting_20260912_162719_532638.txt,2026-09-12 16:27:19,True,12,15.0,18,4,0.3333333333333333,2.4379,,,4001804605,,GOAL DONE,,,,,,,,,50,8000,2.3189,0.1932,0.0431,0.0036,0.0348,0.0029,0.0383,0.0032,0.0024,0.0002,2.4378,0.2032,,,,,,,,,,,,
wastesorting,when_what,random,0.8,scene_01,758,/home/fr/brl/02_BRL_POMDP_CODE/experiments_logs/system_log/wastesorting/scene_01_step50/when_what_random_thres_0-8_rand_0-4/exp_wastesorting_20260912_162729_196885.txt,2026-09-12 16:27:29,True,12,10.0,17,5,0.4166666666666667,1.736,,,3175035907,,GOAL DONE,,,,,,,,,50,8000,1.6578,0.1381,0.0419,0.0035,0.0191,0.0016,0.0148,0.0012,0.0021,0.0002,1.7359,0.1447,,,,,,,,,,,,
wastesorting,when_what,random,0.8,scene_01,759,/home/fr/brl/02_BRL_POMDP_CODE/experiments_logs/system_log/wastesorting/scene_01_step50/when_what_random_thres_0-8_rand_0-4/exp_wastesorting_20260912_162736_471802.txt,2026-09-12 16:27:36,True,13,15.0,4,4,0.3076923076923077,1.9139,,,3156193605,,GOAL DONE,,,,,,,,,50,8000,1.8513,0.1424,0.0408,0.0031,0.0168,0.0013,0.0023,0.0002,0.0023,0.0002,1.9138,0.1472,,,,,,,,,,,,
wastesorting,when_what,random,0.8,scene_01,760,/home/fr/brl/02_BRL_POMDP_CODE/experiments_logs/system_log/wastesorting/scene_01_step50/when_what_random_thres_0-8_rand_0-4/exp_wastesorting_20260912_162744_682960.txt,2026-09-12 16:27:44,True,14,10.0,9,5,0.35714285714285715,1.9288,,,3862245153,,GOAL DONE,,,,,,,,,50,8000,1.8584,0.1327,0.0471,0.0034,0.0169,0.0012,0.0035,0.0002,0.0026,0.0002,1.9287,0.1378,,,,,,,,,,,,
wastesorting,when_what,ours,0.8,scene_02,1361,/home/fr/brl/02_BRL_POMDP_CODE/experiments_logs/system_log/wastesorting/scene_02_step50/when_what_ours_thres_0-8_rand_0-4/exp_wastesorting_20260912_162800_041912.txt,2026-09-12 16:28:00,True,14,10.0,15,6,0.42857142857142855,2.3036,,,2156641990,,GOAL DONE,,,,,,,,,50,8000,2.1925,0.1566,0.045,0.0032,0.0351,0.0025,0.0282,0.002,0.0024,0.0002,2.3035,0.1645,,,,,,,,,,,,
wastesorting,when_what,ours,0.8,scene_02,1362,/home/fr/brl/02_BRL_POMDP_CODE/experiments_logs/system_log/wastesorting/scene_02_step50/when_what_ours_thres_0-8_rand_0-4/exp_wastesorting_20260912_162809_155720.txt,2026-09-12 16:28:09,True,14,5.0,18,8,0.5714285714285714,2.053,,,715488211,,GOAL DONE,,,,,,,,,50,8000,1.9324,0.138,0.0532,0.0038,0.0346,0.0025,0.0303,0.0022,0.0021,0.0002,2.0529,0.1466,,,,,,,,,,,,
wastesorting,when_what,ours,0.8,scene_02,1363,/home/fr/brl/02_BRL_POMDP_CODE/experiments_logs/system_log/wastesorting/scene_02_step50/when_what_ours_thres_0-8_rand_0-4/exp_wastesorting_20260912_162818_371717.txt,2026-09-12 16:28:18,True,14,15.0,16,8,0.5714285714285714,2.101,,,1273456514,,GOAL DONE,,,,,,,,,50,8000,1.9821,0.1416,0.0522,0.0037,0.0371,0.0027,0.0269,0.0019,0.0024,0.0002,2.1009,0.1501,,,,,,,,,,,,
wastesorting,when_what,ours,0.8,scene_02,1364,/home/fr/brl/02_BRL_POMDP_CODE/experiments_logs/system_log/wastesorting/scene_02_step50/when_what_ours_thres_0-8_rand_0-4/exp_wastesorting_20260912_162825_303854.txt,2026-09-12 16:28:25,True,11,10.0,10,3,0.2727272727272727,1.5779,,,1679391382,,GOAL DONE,,,,,,,,,50,8000,1.4877,0.1352,0.0417,0.0038,0.0188,0.0017,0.0278,0.0025,0.0016,0.0001,1.5778,0.1434,,,,,,,,,,,,
wastesorting,when_what,ours,0.8,scene_02,1365,/home/fr/brl/02_BRL_POMDP_CODE/experiments_logs/system_log/wastesorting/scene_02_step50/when_what_ours_thres_0-8_rand_0-4/exp_wastesorting_20260912_162832_929194.txt,2026-09-12 16:28:32,True,11,5.0,12,5,0.45454545454545453,1.6985,,,1315496753,,GOAL DONE,,,,,,,,,50,8000,1.6254,0.1478,0.0339,0.0031,0.0189,0.0017,0.0183,0.0017,0.0018,0.0002,1.6985,0.1544,,,,,,,,,,,,
wastesorting,when_what,ours,0.8,scene_02,1366,/home/fr/brl/02_BRL_POMDP_CODE/experiments_logs/system_log/wastesorting/scene_02_step50/when_what_ours_thres_0-8_rand_0-4/exp_wastesorting_20260912_162840_895090.txt,2026-09-12 16:28:40,True,12,5.0,14,7,0.5833333333333334,1.7331,,,3794247199,,GOAL DONE,,,,,,,,,50,8000,1.6567,0.1381,0.0367,0.0031,0.0196,0.0016,0.0173,0.0014,0.0026,0.0002,1.7331,0.1444,,,,,,,,,,,,
wastesorting,when_what,ours,0.8,scene_02,1367,/home/fr/brl/02_BRL_POMDP_CODE/experiments_logs/system_log/wastesorting/scene_02_step50/when_what_ours_thres_0-8_rand_0-4/exp_wastesorting_20260912_162846_951310.txt,2026-09-12 16:28:46,True,11,5.0,11,5,0.45454545454545453,1.5152,,,2628956077,,GOAL DONE,,,,,,,,,50,8000,1.4479,0.1316,0.0333,0.003,0.0167,0.0015,0.0151,0.0014,0.0019,0.0002,1.5151,0.1377,,,,,,,,,,,,
wastesorting,when_what,ours,0.8,scene_02,1368,/home/fr/brl/02_BRL_POMDP_CODE/experiments_logs/system_log/wastesorting/scene_02_step50/when_what_ours_thres_0-8_rand_0-4/exp_wastesorting_20260912_162852_996920.txt,2026-09-12 16:28:52,True,10,25.0,6,3,0.3,1.3666,,,1669852028,,GOAL DONE,,,,,,,,,50,8000,1.3004,0.13,0.0299,0.003,0.0214,0.0021,0.013,0.0013,0.0017,0.0002,1.3665,0.1367,,,,,,,,,,,,
wastesorting,when_what,ours,0.8,scene_02,1369,/home/fr/brl/02_BRL_POMDP_CODE/experiments_logs/system_log/wastesorting/scene_02_step50/when_what_ours_thres_0-8_rand_0-4/exp_wastesorting_20260912_162858_671736.txt,2026-09-12 16:28:58,True,11,10.0,15,4,0.36363636363636365,1.5818,,,2314118130,,GOAL DONE,,,,,,,,,50,8000,1.5053,0.1368,0.0338,0.0031,0.0188,0.0017,0.0217,0.002,0.0019,0.0002,1.5818,0.1438,,,,,,,,,,,,
wastesorting,when_what,ours,0.8,scene_02,1370,/home/fr/brl/02_BRL_POMDP_CODE/experiments_logs/system_log/wastesorting/scene_02_step50/when_what_ours_thres_0-8_rand_0-4/exp_wastesorting_20260912_162905_514163.txt,2026-09-12 16:29:05,True,11,10.0,9,3,0.2727272727272727,1.5384,,,1150653687,,GOAL DONE,,,,,,,,,50,8000,1.465,0.1332,0.0361,0.0033,0.0186,0.0017,0.0162,0.0015,0.0022,0.0002,1.5383,0.1398,,,,,,,,,,,,
wastesorting,when_what,ours,0.8,scene_02,1371,/home/fr/brl/02_BRL_POMDP_CODE/experiments_logs/system_log/wastesorting/scene_02_step50/when_what_ours_thres_0-8_rand_0-4/exp_wastesorting_20260912_162913_362723.txt,2026-09-12 16:29:13,True,12,5.0,12,6,0.5,1.7652,,,3820178410,,GOAL DONE,,,,,,,,,50,8000,1.6913,0.1409,0.0365,0.003,0.0191,0.0016,0.0164,0.0014,0.0016,0.0001,1.7652,0.1471,,,,,,,,,,,,
wastesorting,when_what,ours,0.8,scene_02,1372,/home/fr/brl/02_BRL_POMDP_CODE/experiments_logs/system_log/wastesorting/scene_02_step50/when_what_ours_thres_0-8_rand_0-4/exp_wastesorting_20260912_162920_648489.txt,2026-09-12 16:29:20,True,13,15.0,21,6,0.46153846153846156,2.1448,,,1684512935,,GOAL DONE,,,,,,,,,50,8000,2.0111,0.1547,0.0438,0.0034,0.0377,0.0029,0.0493,0.0038,0.0026,0.0002,2.1448,0.165,,,,,,,,,,,,
wastesorting,when_what,ours,0.8,scene_02,1373,/home/fr/brl/02_BRL_POMDP_CODE/experiments_logs/system_log/wastesorting/scene_02_step50/when_what_ours_thres_0-8_rand_0-4/exp_wastesorting_20260912_162928_399453.txt,2026-09-12 16:29:28,True,11,0.0,10,5,0.45454545454545453,1.7317,,,800159661,,GOAL DONE,,,,,,,,,50,8000,1.6607,0.151,0.034,0.0031,0.0185,0.0017,0.0163,0.0015,0.0019,0.0002,1.7316,0.1574,,,,,,,,,,,,
wastesorting,when_what,ours,0.8,scene_02,1374,/home/fr/brl/02_BRL_POMDP_CODE/experiments_logs/system_log/wastesorting/scene_02_step50/when_what_ours_thres_0-8_rand_0-4/exp_wastesorting_20260912_162935_807184.txt,2026-09-12 16:29:35,True,12,25.0,11,4,0.3333333333333333,1.6673,,,3132007216,,GOAL DONE,,,,,,,,,50,8000,1.5911,0.1326,0.0374,0.0031,0.0195,0.0016,0.0169,0.0014,0.0021,0.0002,1.6672,0.1389,,,,,,,,,,,,
wastesorting,when_what,ours,0.8,scene_02,1375,/home/fr/brl/02_BRL_POMDP_CODE/experiments_logs/system_log/wastesorting/scene_02_step50/when_what_ours_thres_0-8_rand_0-4/exp_wastesorting_20260912_162941_586931.txt,2026-09-12 16:29:41,True,12,20.0,11,4,0.3333333333333333,1.5586,,,431660203,,GOAL DONE,,,,,,,,,50,8000,1.48,0.1233,0.0364,0.003,0.0192,0.0016,0.0209,0.0017,0.002,0.0002,1.5586,0.1299,,,,,,,,,,,,
wastesorting,when_what,ours,0.8,scene_02,1376,/home/fr/brl/02_BRL_POMDP_CODE/experiments_logs/system_log/wastesorting/scene_02_step50/when_what_ours_thres_0-8_rand_0-4/exp_wastesorting_20260912_162948_759565.txt,2026-09-12 16:29:48,True,13,20.0,14,6,0.46153846153846156,1.8695,,,4052769592,,GOAL DONE,,,,,,,,,50,8000,1.7828,0.1371,0.0407,0.0031,0.0235,0.0018,0.0194,0.0015,0.0028,0.0002,1.8695,0.1438,,,,,,,,,,,,
wastesorting,when_what,ours,0.8,scene_02,1377,/home/fr/brl/02_BRL_POMDP_CODE/experiments_logs/system_log/wastesorting/scene_02_step50/when_what_ours_thres_0-8_rand_0-4/exp_wastesorting_20260912_162955_508778.txt,2026-09-12 16:29:55,True,11,10.0,8,3,0.2727272727272727,1.5502,,,1116766657,,GOAL DONE,,,,,,,,,50,8000,1.4765,0.1342,0.0372,0.0034,0.0186,0.0017,0.0159,0.0014,0.0017,0.0002,1.5501,0.1409,,,,,,,,,,,,
wastesorting,when_what,ours,0.8,scene_02,1378,/home/fr/brl/02_BRL_POMDP_CODE/experiments_logs/system_log/wastesorting/scene_02_step50/when_what_ours_thres_0-8_rand_0-4/exp_wastesorting_20260912_163002_445809.txt,2026-09-12 16:30:02,True,10,20.0,9,3,0.3,1.5037,,,1960486937,,GOAL DONE,,,,,,,,,50,8000,1.4257,0.1426,0.0357,0.0036,0.0185,0.0018,0.0219,0.0022,0.0017,0.0002,1.5036,0.1504,,,,,,,,,,,,
wastesorting,when_what,ours,0.8,scene_02,1379,/home/fr/brl/02_BRL_POMDP_CODE/experiments_logs/system_log/wastesorting/scene_02_step50/when_what_ours_thres_0-8_rand_0-4/exp_wastesorting_20260912_163009_148188.txt,2026-09-12 16:30:09,True,11,15.0,10,3,0.2727272727272727,1.5529,,,1185595584,,GOAL DONE,,,,,,,,,50,8000,1.4734,0.1339,0.034,0.0031,0.0191,0.0017,0.0241,0.0022,0.0018,0.0002,1.5528,0.1412,,,,,,,,,,,,
wastesorting,when_what,ours,0.8,scene_02,1380,/home/fr/brl/02_BRL_POMDP_CODE/experiments_logs/system_log/wastesorting/scene_02_step50/when_what_ours_thres_0-8_rand_0-4/exp_wastesorting_20260912_163018_188309.txt,2026-09-12 16:30:18,True,13,10.0,17,5,0.38461538461538464,1.8707,,,2175442287,,GOAL DONE,,,,,,,,,50,8000,1.7764,0.1366,0.0446,0.0034,0.0225,0.0017,0.0245,0.0019,0.0024,0.0002,1.8706,0.1439,,,,,,,,,,,,
wastesorting,when_what,ours,0.8,scene_02,1381,/home/fr/brl/02_BRL_POMDP_CODE/experiments_logs/system_log/wastesorting/scene_02_step50/when_what_ours_thres_0-8_rand_0-4/exp_wastesorting_20260912_163025_289373.txt,2026-09-12 16:30:25,True,11,10.0,12,3,0.2727272727272727,1.5283,,,1478189300,,GOAL DONE,,,,,,,,,50,8000,1.459,0.1326,0.0334,0.003,0.0166,0.0015,0.0172,0.0016,0.0017,0.0002,1.5282,0.1389,,,,,,,,,,,,
wastesorting,when_what,ours,0.8,scene_02,1382,/home/fr/brl/02_BRL_POMDP_CODE/experiments_logs/system_log/wastesorting/scene_02_step50/when_what_ours_thres_0-8_rand_0-4/exp_wastesorting_20260912_163034_006151.txt,2026-09-12 16:30:34,True,14,10.0,19,6,0.42857142857142855,2.304,,,2497538083,,GOAL DONE,,,,,,,,,50,8000,2.1793,0.1557,0.0478,0.0034,0.0388,0.0028,0.0346,0.0025,0.0032,0.0002,2.3039,0.1646,,,,,,,,,,,,
wastesorting,when_what,ours,0.8,scene_02,1383,/home/fr/brl/02_BRL_POMDP_CODE/experiments_logs/system_log/wastesorting/scene_02_step50/when_what_ours_thres_0-8_rand_0-4/exp_wastesorting_20260912_163040_968495.txt,2026-09-12 16:30:40,True,11,10.0,10,5,0.45454545454545453,1.5613,,,92232459,,GOAL DONE,,,,,,,,,50,8000,1.4928,0.1357,0.0348,0.0032,0.0166,0.0015,0.0149,0.0014,0.002,0.0002,1.5613,0.1419,,,,,,,,,,,,
wastesorting,when_what,ours,0.8,scene_02,1384,/home/fr/brl/02_BRL_POMDP_CODE/experiments_logs/system_log/wastesorting/scene_02_step50/when_what_ours_thres_0-8_rand_0-4/exp_wastesorting_20260912_163049_305050.txt,2026-09-12 16:30:49,True,13,10.0,18,6,0.46153846153846156,1.8835,,,3750062435,,GOAL DONE,,,,,,,,,50,8000,1.7753,0.1366,0.046,0.0035,0.0245,0.0019,0.0351,0.0027,0.0024,0.0002,1.8835,0.1449,,,,,,,,,,,,
wastesorting,when_what,ours,0.8,scene_02,1385,/home/fr/brl/02_BRL_POMDP_CODE/experiments_logs/system_log/wastesorting/scene_02_step50/when_what_ours_thres_0-8_rand_0-4/exp_wastesorting_20260912_163056_186165.txt,2026-09-12 16:30:56,True,12,10.0,13,6,0.5,1.5746,,,3666558197,,GOAL DONE,,,,,,,,,50,8000,1.4997,0.125,0.0401,0.0033,0.0169,0.0014,0.0157,0.0013,0.0018,0.0002,1.5745,0.1312,,,,,,,,,,,,
wastesorting,when_what,ours,0.8,scene_02,1386,/home/fr/brl/02_BRL_POMDP_CODE/experiments_logs/system_log/wastesorting/scene_02_step50/when_what_ours_thres_0-8_rand_0-4/exp_wastesorting_20260912_163104_096880.txt,2026-09-12 16:31:04,True,12,5.0,15,6,0.5,1.9323,,,4053942929,,GOAL DONE,,,,,,,,,50,8000,1.828,0.1523,0.0396,0.0033,0.0341,0.0028,0.0283,0.0024,0.0019,0.0002,1.9322,0.161,,,,,,,,,,,,
wastesorting,when_what,ours,0.8,scene_02,1387,/home/fr/brl/02_BRL_POMDP_CODE/experiments_logs/system_log/wastesorting/scene_02_step50/when_what_ours_thres_0-8_rand_0-4/exp_wastesorting_20260912_163110_690611.txt,2026-09-12 16:31:10,True,10,5.0,6,3,0.3,1.4479,,,1014673370,,GOAL DONE,,,,,,,,,50,8000,1.3822,0.1382,0.0346,0.0035,0.0157,0.0016,0.0134,0.0013,0.0017,0.0002,1.4478,0.1448,,,,,,,,,,,,
wastesorting,when_what,ours,0.8,scene_02,1388,/home/fr/brl/02_BRL_POMDP_CODE/experiments_logs/system_log/wastesorting/scene_02_step50/when_what_ours_thres_0-8_rand_0-4/exp_wastesorting_20260912_163117_788677.txt,2026-09-12 16:31:17,True,12,10.0,14,4,0.3333333333333333,1.6481,,,3041513348,,GOAL DONE,,,,,,,,,50,8000,1.5562,0.1297,0.0373,0.0031,0.0199,0.0017,0.0319,0.0027,0.0024,0.0002,1.648,0.1373,,,,,,,,,,,,
wastesorting,when_what,ours,0.8,scene_02,1389,/home/fr/brl/02_BRL_POMDP_CODE/experiments_logs/system_log/wastesorting/scene_02_step50/when_what_ours_thres_0-8_rand_0-4/exp_wastesorting_20260912_163125_329524.txt,2026-09-12 16:31:25,True,14,0.0,19,7,0.5,2.1433,,,3100998094,,GOAL DONE,,,,,,,,,50,8000,2.0118,0.1437,0.0507,0.0036,0.0351,0.0025,0.0431,0.0031,0.0023,0.0002,2.1432,0.1531,,,,,,,,,,,,
wastesorting,when_what,ours,0.8,scene_02,1390,/home/fr/brl/02_BRL_POMDP_CODE/experiments_logs/system_log/wastesorting/scene_02_step50/when_what_ours_thres_0-8_rand_0-4/exp_wastesorting_20260912_163131_547538.txt,2026-09-12 16:31:31,True,10,20.0,5,2,0.2,1.4339,,,2006819571,,GOAL DONE,,,,,,,,,50,8000,1.3723,0.1372,0.0307,0.0031,0.0157,0.0016,0.0132,0.0013,0.0017,0.0002,1.4338,0.1434,,,,,,,,,,,,
wastesorting,when_what,ours,0.8,scene_02,1391,/home/fr/brl/02_BRL_POMDP_CODE/experiments_logs/system_log/wastesorting/scene_02_step50/when_what_ours_thres_0-8_rand_0-4/exp_wastesorting_20260912_163138_620495.txt,2026-09-12 16:31:38,True,10,25.0,8,4,0.4,1.4771,,,604661570,,GOAL DONE,,,,,,,,,50,8000,1.415,0.1415,0.03,0.003,0.0153,0.0015,0.015,0.0015,0.0015,0.0002,1.477,0.1477,,,,,,,,,,,,
wastesorting,when_what,ours,0.8,scene_02,1392,/home/fr/brl/02_BRL_POMDP_CODE/experiments_logs/system_log/wastesorting/scene_02_step50/when_what_ours_thres_0-8_rand_0-4/exp_wastesorting_20260912_163147_446352.txt,2026-09-12 16:31:47,True,11,0.0,15,5,0.45454545454545453,2.0212,,,1859675682,,GOAL DONE,,,,,,,,,50,8000,1.9006,0.1728,0.0369,0.0034,0.032,0.0029,0.0493,0.0045,0.0021,0.0002,2.0211,0.1837,,,,,,,,,,,,
wastesorting,when_what,ours,0.8,scene_02,1393,/home/fr/brl/02_BRL_POMDP_CODE/experiments_logs/system_log/wastesorting/scene_02_step50/when_what_ours_thres_0-8_rand_0-4/exp_wastesorting_20260912_163154_114734.txt,2026-09-12 16:31:54,True,11,20.0,10,4,0.36363636363636365,1.509,,,2681088983,,GOAL DONE,,,,,,,,,50,8000,1.4304,0.13,0.0405,0.0037,0.0184,0.0017,0.0175,0.0016,0.0019,0.0002,1.5089,0.1372,,,,,,,,,,,,
wastesorting,when_what,ours,0.8,scene_02,1394,/home/fr/brl/02_BRL_POMDP_CODE/experiments_logs/system_log/wastesorting/scene_02_step50/when_what_ours_thres_0-8_rand_0-4/exp_wastesorting_20260912_163202_569515.txt,2026-09-12 16:32:02,True,12,0.0,15,6,0.5,2.0125,,,2903446598,,GOAL DONE,,,,,,,,,50,8000,1.9096,0.1591,0.04,0.0033,0.0328,0.0027,0.0276,0.0023,0.0022,0.0002,2.0124,0.1677,,,,,,,,,,,,
wastesorting,when_what,ours,0.8,scene_02,1395,/home/fr/brl/02_BRL_POMDP_CODE/experiments_logs/system_log/wastesorting/scene_02_step50/when_what_ours_thres_0-8_rand_0-4/exp_wastesorting_20260912_163209_556658.txt,2026-09-12 16:32:09,True,10,0.0,9,3,0.3,1.4819,,,4138266715,,GOAL DONE,,,,,,,,,50,8000,1.4138,0.1414,0.0349,0.0035,0.0164,0.0016,0.0148,0.0015,0.0018,0.0002,1.4819,0.1482,,,,,,,,,,,,
wastesorting,when_what,ours,0.8,scene_02,1396,/home/fr/brl/02_BRL_POMDP_CODE/experiments_logs/system_log/wastesorting/scene_02_step50/when_what_ours_thres_0-8_rand_0-4/exp_wastesorting_20260912_163217_899431.txt,2026-09-12 16:32:17,True,13,10.0,15,5,0.38461538461538464,2.0328,,,3361930932,,GOAL DONE,,,,,,,,,50,8000,1.9088,0.1468,0.0432,0.0033,0.0353,0.0027,0.0424,0.0033,0.0027,0.0002,2.0327,0.1564,,,,,,,,,,,,
wastesorting,when_what,ours,0.8,scene_02,1397,/home/fr/brl/02_BRL_POMDP_CODE/experiments_logs/system_log/wastesorting/scene_02_step50/when_what_ours_thres_0-8_rand_0-4/exp_wastesorting_20260912_163225_054501.txt,2026-09-12 16:32:25,True,12,0.0,13,6,0.5,1.6662,,,2679542969,,GOAL DONE,,,,,,,,,50,8000,1.5903,0.1325,0.0368,0.0031,0.0195,0.0016,0.0175,0.0015,0.0018,0.0002,1.6662,0.1388,,,,,,,,,,,,
wastesorting,when_what,ours,0.8,scene_02,1398,/home/fr/brl/02_BRL_POMDP_CODE/experiments_logs/system_log/wastesorting/scene_02_step50/when_what_ours_thres_0-8_rand_0-4/exp_wastesorting_20260912_163233_740009.txt,2026-09-12 16:32:33,True,11,10.0,12,4,0.36363636363636365,1.8233,,,1191125615,,GOAL DONE,,,,,,,,,50,8000,1.7236,0.1567,0.0404,0.0037,0.0313,0.0028,0.0259,0.0024,0.002,0.0002,1.8232,0.1657,,,,,,,,,,,,
wastesorting,when_what,ours,0.8,scene_02,1399,/home/fr/brl/02_BRL_POMDP_CODE/experiments_logs/system_log/wastesorting/scene_02_step50/when_what_ours_thres_0-8_rand_0-4/exp_wastesorting_20260912_163241_160566.txt,2026-09-12 16:32:41,True,12,15.0,12,5,0.4166666666666667,1.7496,,,2226175700,,GOAL DONE,,,,,,,,,50,8000,1.6679,0.139,0.0382,0.0032,0.022,0.0018,0.0188,0.0016,0.0023,0.0002,1.7495,0.1458,,,,,,,,,,,,
wastesorting,when_what,ours,0.8,scene_02,1400,/home/fr/brl/02_BRL_POMDP_CODE/experiments_logs/system_log/wastesorting/scene_02_step50/when_what_ours_thres_0-8_rand_0-4/exp_wastesorting_20260912_163247_714716.txt,2026-09-12 16:32:47,True,11,10.0,7,3,0.2727272727272727,1.4592,,,3749131969,,GOAL DONE,,,,,,,,,50,8000,1.3951,0.1268,0.0325,0.003,0.016,0.0015,0.0138,0.0013,0.0016,0.0001,1.4591,0.1326,,,,,,,,,,,,
wastesorting,when_what,ours_what_only,0.8,scene_02,1401,/home/fr/brl/02_BRL_POMDP_CODE/experiments_logs/system_log/wastesorting/scene_02_step50/when_what_ours_what_only_thres_0-8_rand_0-4/exp_wastesorting_20260912_162757_608310.txt,2026-09-12 16:27:57,True,14,10.0,14,7,0.5,2.2706,,,2156641990,,GOAL DONE,,,,,,,,,50,8000,2.1619,0.1544,0.0449,0.0032,0.0349,0.0025,0.0261,0.0019,0.0025,0.0002,2.2705,0.1622,,,,,,,,,,,,
wastesorting,when_what,ours_what_only,0.8,scene_02,1402,/home/fr/brl/02_BRL_POMDP_CODE/experiments_logs/system_log/wastesorting/scene_02_step50/when_what_ours_what_only_thres_0-8_rand_0-4/exp_wastesorting_20260912_162806_969930.txt,2026-09-12 16:28:06,True,15,15.0,12,6,0.4,2.2158,,,715488211,,GOAL DONE,,,,,,,,,50,8000,2.1072,0.1405,0.0486,0.0032,0.0379,0.0025,0.019,0.0013,0.0028,0.0002,2.2158,0.1477,,,,,,,,,,,,
wastesorting,when_what,ours_what_only,0.8,scene_02,1403,/home/fr/brl/02_BRL_POMDP_CODE/experiments_logs/system_log/wastesorting/scene_02_step50/when_what_ours_what_only_thres_0-8_rand_0-4/exp_wastesorting_20260912_162816_138190.txt,2026-09-12 16:28:16,True,14,10.0,5,5,0.35714285714285715,2.172,,,1273456514,,GOAL DONE,,,,,,,,,50,8000,2.0882,0.1492,0.0466,0.0033,0.0313,0.0022,0.0028,0.0002,0.0027,0.0002,2.1719,0.1551,,,,,,,,,,,,
wastesorting,when_what,ours_what_only,0.8,scene_02,1404,/home/fr/brl/02_BRL_POMDP_CODE/experiments_logs/system_log/wastesorting/scene_02_step50/when_what_ours_what_only_thres_0-8_rand_0-4/exp_wastesorting_20260912_162823_592526.txt,2026-09-12 16:28:23,True,11,10.0,14,7,0.6363636363636364,1.6095,,,1679391382,,GOAL DONE,,,,,,,,,50,8000,1.5175,0.138,0.0417,0.0038,0.0191,0.0017,0.0291,0.0026,0.0019,0.0002,1.6094,0.1463,,,,,,,,,,,,
wastesorting,when_what,ours_what_only,0.8,scene_02,1405,/home/fr/brl/02_BRL_POMDP_CODE/experiments_logs/system_log/wastesorting/scene_02_step50/when_what_ours_what_only_thres_0-8_rand_0-4/exp_wastesorting_20260912_162831_097823.txt,2026-09-12 16:28:31,True,12,15.0,4,4,0.3333333333333333,1.7881,,,1315496753,,GOAL DONE,,,,,,,,,50,8000,1.728,0.144,0.0365,0.003,0.0189,0.0016,0.0025,0.0002,0.002,0.0002,1.7881,0.149,,,,,,,,,,,,
wastesorting,when_what,ours_what_only,0.8,scene_02,1406,/home/fr/brl/02_BRL_POMDP_CODE/experiments_logs/system_log/wastesorting/scene_02_step50/when_what_ours_what_only_thres_0-8_rand_0-4/exp_wastesorting_20260912_162839_030634.txt,2026-09-12 16:28:39,True,15,5.0,6,6,0.4,1.9626,,,3794247199,,GOAL DONE,,,,,,,,,50,8000,1.8923,0.1262,0.0443,0.003,0.0199,0.0013,0.0029,0.0002,0.0028,0.0002,1.9625,0.1308,,,,,,,,,,,,
wastesorting,when_what,ours_what_only,0.8,scene_02,1407,/home/fr/brl/02_BRL_POMDP_CODE/experiments_logs/system_log/wastesorting/scene_02_step50/when_what_ours_what_only_thres_0-8_rand_0-4/exp_wastesorting_20260912_162845_306807.txt,2026-09-12 16:28:45,False,9,5.0,5,4,0.4444444444444444,1.2109,,,2628956077,,PLAN FAILURE,,,,,,,,,50,8000,1.1567,0.1285,0.0329,0.0037,0.0168,0.0019,0.0029,0.0003,0.0015,0.0002,1.2109,0.1345,,,,,,,,,,,,
wastesorting,when_what,ours_what_only,0.8,scene_02,1408,/home/fr/brl/02_BRL_POMDP_CODE/experiments_logs/system_log/wastesorting/scene_02_step50/when_what_ours_what_only_thres_0-8_rand_0-4/exp_wastesorting_20260912_162851_507509.txt,2026-09-12 16:28:51,True,10,25.0,4,4,0.4,1.3488,,,1669852028,,GOAL DONE,,,,,,,,,50,8000,1.2994,0.1299,0.0297,0.003,0.0157,0.0016,0.0023,0.0002,0.0014,0.0001,1.3487,0.1349,,,,,,,,,,,,
wastesorting,when_what,ours_what_only,0.8,scene_02,1409,/home/fr/brl/02_BRL_POMDP_CODE/experiments_logs/system_log/wastesorting/scene_02_step50/when_what_ours_what_only_thres_0-8_rand_0-4/exp_wastesorting_20260912_162856_961204.txt,2026-09-12 16:28:56,False,5,0.0,0,0,0.0,0.9752,,,2314118130,,PLAN FAILURE,,,,,,,,,50,8000,0.9422,0.1884,0.0164,0.0033,0.0153,0.0031,0.0005,0.0001,0.0007,0.0001,0.9751,0.195,,,,,,,,,,,,
wastesorting,when_what,ours_what_only,0.8,scene_02,1410,/home/fr/brl/02_BRL_POMDP_CODE/experiments_logs/system_log/wastesorting/scene_02_step50/when_what_ours_what_only_thres_0-8_rand_0-4/exp_wastesorting_20260912_162903_842885.txt,2026-09-12 16:29:03,True,12,15.0,9,6,0.5,1.5962,,,1150653687,,GOAL DONE,,,,,,,,,50,8000,1.5211,0.1268,0.0401,0.0033,0.0187,0.0016,0.0138,0.0012,0.0022,0.0002,1.5962,0.133,,,,,,,,,,,,
wastesorting,when_what,ours_what_only,0.8,scene_02,1411,/home/fr/brl/02_BRL_POMDP_CODE/experiments_logs/system_log/wastesorting/scene_02_step50/when_what_ours_what_only_thres_0-8_rand_0-4/exp_wastesorting_20260912_162911_462593.txt,2026-09-12 16:29:11,True,13,15.0,7,5,0.38461538461538464,1.8592,,,3820178410,,GOAL DONE,,,,,,,,,50,8000,1.7915,0.1378,0.0408,0.0031,0.0192,0.0015,0.0051,0.0004,0.0023,0.0002,1.8592,0.143,,,,,,,,,,,,
wastesorting,when_what,ours_what_only,0.8,scene_02,1412,/home/fr/brl/02_BRL_POMDP_CODE/experiments_logs/system_log/wastesorting/scene_02_step50/when_what_ours_what_only_thres_0-8_rand_0-4/exp_wastesorting_20260912_162918_368965.txt,2026-09-12 16:29:18,False,4,0.0,7,2,0.5,1.2273,,,1684512935,,PLAN FAILURE,,,,,,,,,50,8000,1.1562,0.289,0.017,0.0043,0.0313,0.0078,0.022,0.0055,0.0007,0.0002,1.2273,0.3068,,,,,,,,,,,,
wastesorting,when_what,ours_what_only,0.8,scene_02,1413,/home/fr/brl/02_BRL_POMDP_CODE/experiments_logs/system_log/wastesorting/scene_02_step50/when_what_ours_what_only_thres_0-8_rand_0-4/exp_wastesorting_20260912_162926_535511.txt,2026-09-12 16:29:26,True,13,5.0,4,4,0.3076923076923077,1.8627,,,800159661,,GOAL DONE,,,,,,,,,50,8000,1.7929,0.1379,0.0447,0.0034,0.0195,0.0015,0.0026,0.0002,0.0025,0.0002,1.8626,0.1433,,,,,,,,,,,,
wastesorting,when_what,ours_what_only,0.8,scene_02,1414,/home/fr/brl/02_BRL_POMDP_CODE/experiments_logs/system_log/wastesorting/scene_02_step50/when_what_ours_what_only_thres_0-8_rand_0-4/exp_wastesorting_20260912_162934_014530.txt,2026-09-12 16:29:34,True,13,25.0,6,5,0.38461538461538464,1.7585,,,3132007216,,GOAL DONE,,,,,,,,,50,8000,1.6924,0.1302,0.0399,0.0031,0.0198,0.0015,0.0033,0.0003,0.0027,0.0002,1.7584,0.1353,,,,,,,,,,,,
wastesorting,when_what,ours_what_only,0.8,scene_02,1415,/home/fr/brl/02_BRL_POMDP_CODE/experiments_logs/system_log/wastesorting/scene_02_step50/when_what_ours_what_only_thres_0-8_rand_0-4/exp_wastesorting_20260912_162939_895835.txt,2026-09-12 16:29:39,False,6,5.0,7,4,0.6666666666666666,1.0313,,,431660203,,PLAN FAILURE,,,,,,,,,50,8000,0.9636,0.1606,0.0196,0.0033,0.0225,0.0037,0.0247,0.0041,0.0008,0.0001,1.0313,0.1719,,,,,,,,,,,,
wastesorting,when_what,ours_what_only,0.8,scene_02,1416,/home/fr/brl/02_BRL_POMDP_CODE/experiments_logs/system_log/wastesorting/scene_02_step50/when_what_ours_what_only_thres_0-8_rand_0-4/exp_wastesorting_20260912_162946_753123.txt,2026-09-12 16:29:46,False,5,0.0,5,2,0.4,1.4368,,,4052769592,,PLAN FAILURE,,,,,,,,,50,8000,1.3698,0.274,0.0196,0.0039,0.0336,0.0067,0.013,0.0026,0.0008,0.0002,1.4368,0.2874,,,,,,,,,,,,
wastesorting,when_what,ours_what_only,0.8,scene_02,1417,/home/fr/brl/02_BRL_POMDP_CODE/experiments_logs/system_log/wastesorting/scene_02_step50/when_what_ours_what_only_thres_0-8_rand_0-4/exp_wastesorting_20260912_162953_827956.txt,2026-09-12 16:29:53,True,11,10.0,12,7,0.6363636363636364,1.5816,,,1116766657,,GOAL DONE,,,,,,,,,50,8000,1.5053,0.1368,0.0388,0.0035,0.0189,0.0017,0.0164,0.0015,0.002,0.0002,1.5815,0.1438,,,,,,,,,,,,
wastesorting,when_what,ours_what_only,0.8,scene_02,1418,/home/fr/brl/02_BRL_POMDP_CODE/experiments_logs/system_log/wastesorting/scene_02_step50/when_what_ours_what_only_thres_0-8_rand_0-4/exp_wastesorting_20260912_163000_813536.txt,2026-09-12 16:30:00,True,12,15.0,7,4,0.3333333333333333,1.7113,,,1960486937,,GOAL DONE,,,,,,,,,50,8000,1.6331,0.1361,0.0373,0.0031,0.0199,0.0017,0.0184,0.0015,0.0023,0.0002,1.7112,0.1426,,,,,,,,,,,,
wastesorting,when_what,ours_what_only,0.8,scene_02,1419,/home/fr/brl/02_BRL_POMDP_CODE/experiments_logs/system_log/wastesorting/scene_02_step50/when_what_ours_what_only_thres_0-8_rand_0-4/exp_wastesorting_20260912_163007_468631.txt,2026-09-12 16:30:07,True,11,15.0,7,2,0.18181818181818182,1.5413,,,1185595584,,GOAL DONE,,,,,,,,,50,8000,1.4646,0.1331,0.034,0.0031,0.0189,0.0017,0.0216,0.002,0.002,0.0002,1.5412,0.1401,,,,,,,,,,,,
wastesorting,when_what,ours_what_only,0.8,scene_02,1420,/home/fr/brl/02_BRL_POMDP_CODE/experiments_logs/system_log/wastesorting/scene_02_step50/when_what_ours_what_only_thres_0-8_rand_0-4/exp_wastesorting_20260912_163016_187782.txt,2026-09-12 16:30:16,True,15,15.0,5,3,0.2,2.3161,,,2175442287,,GOAL DONE,,,,,,,,,50,8000,2.2204,0.148,0.048,0.0032,0.0399,0.0027,0.005,0.0003,0.0024,0.0002,2.316,0.1544,,,,,,,,,,,,
wastesorting,when_what,ours_what_only,0.8,scene_02,1421,/home/fr/brl/02_BRL_POMDP_CODE/experiments_logs/system_log/wastesorting/scene_02_step50/when_what_ours_what_only_thres_0-8_rand_0-4/exp_wastesorting_20260912_163023_636120.txt,2026-09-12 16:30:23,True,14,10.0,13,4,0.2857142857142857,1.792,,,1478189300,,GOAL DONE,,,,,,,,,50,8000,1.7122,0.1223,0.0418,0.003,0.0179,0.0013,0.0174,0.0012,0.0023,0.0002,1.7919,0.128,,,,,,,,,,,,
wastesorting,when_what,ours_what_only,0.8,scene_02,1422,/home/fr/brl/02_BRL_POMDP_CODE/experiments_logs/system_log/wastesorting/scene_02_step50/when_what_ours_what_only_thres_0-8_rand_0-4/exp_wastesorting_20260912_163031_571067.txt,2026-09-12 16:30:31,False,8,0.0,14,5,0.625,1.7345,,,2497538083,,PLAN FAILURE,,,,,,,,,50,8000,1.6392,0.2049,0.0293,0.0037,0.0367,0.0046,0.0276,0.0034,0.0015,0.0002,1.7344,0.2168,,,,,,,,,,,,
wastesorting,when_what,ours_what_only,0.8,scene_02,1423,/home/fr/brl/02_BRL_POMDP_CODE/experiments_logs/system_log/wastesorting/scene_02_step50/when_what_ours_what_only_thres_0-8_rand_0-4/exp_wastesorting_20260912_163039_296095.txt,2026-09-12 16:30:39,True,13,10.0,13,8,0.6153846153846154,1.6682,,,92232459,,GOAL DONE,,,,,,,,,50,8000,1.5958,0.1228,0.0385,0.003,0.0165,0.0013,0.015,0.0012,0.002,0.0002,1.6681,0.1283,,,,,,,,,,,,
wastesorting,when_what,ours_what_only,0.8,scene_02,1424,/home/fr/brl/02_BRL_POMDP_CODE/experiments_logs/system_log/wastesorting/scene_02_step50/when_what_ours_what_only_thres_0-8_rand_0-4/exp_wastesorting_20260912_163047_309530.txt,2026-09-12 16:30:47,True,16,15.0,3,3,0.1875,2.0569,,,3750062435,,GOAL DONE,,,,,,,,,50,8000,1.9771,0.1236,0.0485,0.003,0.0257,0.0016,0.0027,0.0002,0.0025,0.0002,2.0568,0.1285,,,,,,,,,,,,
wastesorting,when_what,ours_what_only,0.8,scene_02,1425,/home/fr/brl/02_BRL_POMDP_CODE/experiments_logs/system_log/wastesorting/scene_02_step50/when_what_ours_what_only_thres_0-8_rand_0-4/exp_wastesorting_20260912_163054_480206.txt,2026-09-12 16:30:54,True,12,10.0,13,7,0.5833333333333334,1.5982,,,3666558197,,GOAL DONE,,,,,,,,,50,8000,1.522,0.1268,0.0413,0.0034,0.0168,0.0014,0.0153,0.0013,0.0025,0.0002,1.5981,0.1332,,,,,,,,,,,,
wastesorting,when_what,ours_what_only,0.8,scene_02,1426,/home/fr/brl/02_BRL_POMDP_CODE/experiments_logs/system_log/wastesorting/scene_02_step50/when_what_ours_what_only_thres_0-8_rand_0-4/exp_wastesorting_20260912_163102_030037.txt,2026-09-12 16:31:02,False,11,5.0,11,4,0.36363636363636365,1.7947,,,4053942929,,PLAN FAILURE,,,,,,,,,50,8000,1.6931,0.1539,0.0382,0.0035,0.0353,0.0032,0.0257,0.0023,0.0022,0.0002,1.7946,0.1631,,,,,,,,,,,,
wastesorting,when_what,ours_what_only,0.8,scene_02,1427,/home/fr/brl/02_BRL_POMDP_CODE/experiments_logs/system_log/wastesorting/scene_02_step50/when_what_ours_what_only_thres_0-8_rand_0-4/exp_wastesorting_20260912_163109_112394.txt,2026-09-12 16:31:09,True,12,10.0,3,3,0.25,1.5771,,,1014673370,,GOAL DONE,,,,,,,,,50,8000,1.5206,0.1267,0.0358,0.003,0.016,0.0013,0.0025,0.0002,0.0018,0.0002,1.577,0.1314,,,,,,,,,,,,
wastesorting,when_what,ours_what_only,0.8,scene_02,1428,/home/fr/brl/02_BRL_POMDP_CODE/experiments_logs/system_log/wastesorting/scene_02_step50/when_what_ours_what_only_thres_0-8_rand_0-4/exp_wastesorting_20260912_163116_031585.txt,2026-09-12 16:31:16,True,12,10.0,15,7,0.5833333333333334,1.6375,,,3041513348,,GOAL DONE,,,,,,,,,50,8000,1.5499,0.1292,0.0367,0.0031,0.0193,0.0016,0.0291,0.0024,0.0022,0.0002,1.6374,0.1365,,,,,,,,,,,,
wastesorting,when_what,ours_what_only,0.8,scene_02,1429,/home/fr/brl/02_BRL_POMDP_CODE/experiments_logs/system_log/wastesorting/scene_02_step50/when_what_ours_what_only_thres_0-8_rand_0-4/exp_wastesorting_20260912_163123_056688.txt,2026-09-12 16:31:23,False,6,0.0,1,1,0.16666666666666666,1.3122,,,3100998094,,PLAN FAILURE,,,,,,,,,50,8000,1.257,0.2095,0.022,0.0037,0.0304,0.0051,0.0017,0.0003,0.001,0.0002,1.3122,0.2187,,,,,,,,,,,,
wastesorting,when_what,ours_what_only,0.8,scene_02,1430,/home/fr/brl/02_BRL_POMDP_CODE/experiments_logs/system_log/wastesorting/scene_02_step50/when_what_ours_what_only_thres_0-8_rand_0-4/exp_wastesorting_20260912_163129_989615.txt,2026-09-12 16:31:29,True,10,20.0,2,2,0.2,1.4183,,,2006819571,,GOAL DONE,,,,,,,,,50,8000,1.3668,0.1367,0.0311,0.0031,0.016,0.0016,0.0022,0.0002,0.0019,0.0002,1.4183,0.1418,,,,,,,,,,,,
wastesorting,when_what,ours_what_only,0.8,scene_02,1431,/home/fr/brl/02_BRL_POMDP_CODE/experiments_logs/system_log/wastesorting/scene_02_step50/when_what_ours_what_only_thres_0-8_rand_0-4/exp_wastesorting_20260912_163137_011930.txt,2026-09-12 16:31:37,True,14,5.0,13,9,0.6428571428571429,1.7877,,,604661570,,GOAL DONE,,,,,,,,,50,8000,1.7133,0.1224,0.0404,0.0029,0.0159,0.0011,0.0154,0.0011,0.0023,0.0002,1.7876,0.1277,,,,,,,,,,,,
wastesorting,when_what,ours_what_only,0.8,scene_02,1432,/home/fr/brl/02_BRL_POMDP_CODE/experiments_logs/system_log/wastesorting/scene_02_step50/when_what_ours_what_only_thres_0-8_rand_0-4/exp_wastesorting_20260912_163145_287509.txt,2026-09-12 16:31:45,True,13,15.0,8,6,0.46153846153846156,2.1783,,,1859675682,,GOAL DONE,,,,,,,,,50,8000,2.0826,0.1602,0.0522,0.004,0.0357,0.0027,0.0054,0.0004,0.0021,0.0002,2.1783,0.1676,,,,,,,,,,,,
wastesorting,when_what,ours_what_only,0.8,scene_02,1433,/home/fr/brl/02_BRL_POMDP_CODE/experiments_logs/system_log/wastesorting/scene_02_step50/when_what_ours_what_only_thres_0-8_rand_0-4/exp_wastesorting_20260912_163152_480464.txt,2026-09-12 16:31:52,True,11,20.0,13,7,0.6363636363636364,1.5471,,,2681088983,,GOAL DONE,,,,,,,,,50,8000,1.468,0.1335,0.0399,0.0036,0.019,0.0017,0.0183,0.0017,0.0016,0.0001,1.547,0.1406,,,,,,,,,,,,
wastesorting,when_what,ours_what_only,0.8,scene_02,1434,/home/fr/brl/02_BRL_POMDP_CODE/experiments_logs/system_log/wastesorting/scene_02_step50/when_what_ours_what_only_thres_0-8_rand_0-4/exp_wastesorting_20260912_163200_422787.txt,2026-09-12 16:32:00,True,12,10.0,9,4,0.3333333333333333,1.9413,,,2903446598,,GOAL DONE,,,,,,,,,50,8000,1.8553,0.1546,0.0382,0.0032,0.0315,0.0026,0.0141,0.0012,0.0019,0.0002,1.9412,0.1618,,,,,,,,,,,,
wastesorting,when_what,ours_what_only,0.8,scene_02,1435,/home/fr/brl/02_BRL_POMDP_CODE/experiments_logs/system_log/wastesorting/scene_02_step50/when_what_ours_what_only_thres_0-8_rand_0-4/exp_wastesorting_20260912_163207_942958.txt,2026-09-12 16:32:07,True,13,10.0,7,3,0.23076923076923078,1.7234,,,4138266715,,GOAL DONE,,,,,,,,,50,8000,1.6566,0.1274,0.0396,0.003,0.0195,0.0015,0.0053,0.0004,0.0021,0.0002,1.7233,0.1326,,,,,,,,,,,,
wastesorting,when_what,ours_what_only,0.8,scene_02,1436,/home/fr/brl/02_BRL_POMDP_CODE/experiments_logs/system_log/wastesorting/scene_02_step50/when_what_ours_what_only_thres_0-8_rand_0-4/exp_wastesorting_20260912_163215_739145.txt,2026-09-12 16:32:15,True,12,10.0,10,5,0.4166666666666667,1.8954,,,3361930932,,GOAL DONE,,,,,,,,,50,8000,1.7795,0.1483,0.0486,0.0041,0.0356,0.003,0.0294,0.0024,0.0019,0.0002,1.8953,0.1579,,,,,,,,,,,,
wastesorting,when_what,ours_what_only,0.8,scene_02,1437,/home/fr/brl/02_BRL_POMDP_CODE/experiments_logs/system_log/wastesorting/scene_02_step50/when_what_ours_what_only_thres_0-8_rand_0-4/exp_wastesorting_20260912_163223_260812.txt,2026-09-12 16:32:23,True,13,20.0,9,6,0.46153846153846156,1.6376,,,2679542969,,GOAL DONE,,,,,,,,,50,8000,1.5643,0.1203,0.0401,0.0031,0.0168,0.0013,0.0141,0.0011,0.002,0.0002,1.6375,0.126,,,,,,,,,,,,
wastesorting,when_what,ours_what_only,0.8,scene_02,1438,/home/fr/brl/02_BRL_POMDP_CODE/experiments_logs/system_log/wastesorting/scene_02_step50/when_what_ours_what_only_thres_0-8_rand_0-4/exp_wastesorting_20260912_163231_784570.txt,2026-09-12 16:32:31,True,14,20.0,12,5,0.35714285714285715,2.2302,,,1191125615,,GOAL DONE,,,,,,,,,50,8000,2.1253,0.1518,0.0512,0.0037,0.0353,0.0025,0.0157,0.0011,0.0024,0.0002,2.2301,0.1593,,,,,,,,,,,,
wastesorting,when_what,ours_what_only,0.8,scene_02,1439,/home/fr/brl/02_BRL_POMDP_CODE/experiments_logs/system_log/wastesorting/scene_02_step50/when_what_ours_what_only_thres_0-8_rand_0-4/exp_wastesorting_20260912_163239_282361.txt,2026-09-12 16:32:39,True,12,15.0,7,5,0.4166666666666667,1.7419,,,2226175700,,GOAL DONE,,,,,,,,,50,8000,1.6744,0.1395,0.0377,0.0031,0.0222,0.0018,0.0052,0.0004,0.0021,0.0002,1.7418,0.1452,,,,,,,,,,,,
wastesorting,when_what,ours_what_only,0.8,scene_02,1440,/home/fr/brl/02_BRL_POMDP_CODE/experiments_logs/system_log/wastesorting/scene_02_step50/when_what_ours_what_only_thres_0-8_rand_0-4/exp_wastesorting_20260912_163246_123723.txt,2026-09-12 16:32:46,True,11,10.0,9,6,0.5454545454545454,1.5068,,,3749131969,,GOAL DONE,,,,,,,,,50,8000,1.4391,0.1308,0.0346,0.0031,0.0166,0.0015,0.0141,0.0013,0.0021,0.0002,1.5067,0.137,,,,,,,,,,,,
wastesorting,when_what,ours_when_only,0.8,scene_02,1441,/home/fr/brl/02_BRL_POMDP_CODE/experiments_logs/system_log/wastesorting/scene_02_step50/when_what_ours_when_only_thres_0-8_rand_0-4/exp_wastesorting_20260912_162755_205610.txt,2026-09-12 16:27:55,True,14,10.0,38,6,0.42857142857142855,2.3317,,,2156641990,,GOAL DONE,,,,,,,,,50,8000,2.1809,0.1558,0.0445,0.0032,0.0348,0.0025,0.0687,0.0049,0.0025,0.0002,2.3316,0.1665,,,,,,,,,,,,
wastesorting,when_what,ours_when_only,0.8,scene_02,1442,/home/fr/brl/02_BRL_POMDP_CODE/experiments_logs/system_log/wastesorting/scene_02_step50/when_what_ours_when_only_thres_0-8_rand_0-4/exp_wastesorting_20260912_162804_626578.txt,2026-09-12 16:28:04,True,14,5.0,44,8,0.5714285714285714,2.0729,,,715488211,,GOAL DONE,,,,,,,,,50,8000,1.9286,0.1378,0.0492,0.0035,0.035,0.0025,0.0577,0.0041,0.0021,0.0001,2.0728,0.1481,,,,,,,,,,,,
wastesorting,when_what,ours_when_only,0.8,scene_02,1443,/home/fr/brl/02_BRL_POMDP_CODE/experiments_logs/system_log/wastesorting/scene_02_step50/when_what_ours_when_only_thres_0-8_rand_0-4/exp_wastesorting_20260912_162813_830186.txt,2026-09-12 16:28:13,True,14,15.0,36,8,0.5714285714285714,2.2203,,,1273456514,,GOAL DONE,,,,,,,,,50,8000,2.0775,0.1484,0.0518,0.0037,0.037,0.0026,0.0509,0.0036,0.0028,0.0002,2.2202,0.1586,,,,,,,,,,,,
wastesorting,when_what,ours_when_only,0.8,scene_02,1444,/home/fr/brl/02_BRL_POMDP_CODE/experiments_logs/system_log/wastesorting/scene_02_step50/when_what_ours_when_only_thres_0-8_rand_0-4/exp_wastesorting_20260912_162821_850715.txt,2026-09-12 16:28:21,True,11,10.0,21,3,0.2727272727272727,1.6478,,,1679391382,,GOAL DONE,,,,,,,,,50,8000,1.5607,0.1419,0.0351,0.0032,0.0193,0.0018,0.0302,0.0027,0.0022,0.0002,1.6476,0.1498,,,,,,,,,,,,
wastesorting,when_what,ours_when_only,0.8,scene_02,1445,/home/fr/brl/02_BRL_POMDP_CODE/experiments_logs/system_log/wastesorting/scene_02_step50/when_what_ours_when_only_thres_0-8_rand_0-4/exp_wastesorting_20260912_162829_176462.txt,2026-09-12 16:28:29,True,11,5.0,26,5,0.45454545454545453,1.7618,,,1315496753,,GOAL DONE,,,,,,,,,50,8000,1.6843,0.1531,0.0344,0.0031,0.0195,0.0018,0.0213,0.0019,0.002,0.0002,1.7617,0.1602,,,,,,,,,,,,
wastesorting,when_what,ours_when_only,0.8,scene_02,1446,/home/fr/brl/02_BRL_POMDP_CODE/experiments_logs/system_log/wastesorting/scene_02_step50/when_what_ours_when_only_thres_0-8_rand_0-4/exp_wastesorting_20260912_162836_938684.txt,2026-09-12 16:28:36,True,12,5.0,31,7,0.5833333333333334,1.7767,,,3794247199,,GOAL DONE,,,,,,,,,50,8000,1.6805,0.14,0.0366,0.0031,0.0198,0.0017,0.0371,0.0031,0.0023,0.0002,1.7767,0.1481,,,,,,,,,,,,
wastesorting,when_what,ours_when_only,0.8,scene_02,1447,/home/fr/brl/02_BRL_POMDP_CODE/experiments_logs/system_log/wastesorting/scene_02_step50/when_what_ours_when_only_thres_0-8_rand_0-4/exp_wastesorting_20260912_162843_967993.txt,2026-09-12 16:28:43,True,11,5.0,20,5,0.45454545454545453,1.5575,,,2628956077,,GOAL DONE,,,,,,,,,50,8000,1.4861,0.1351,0.0351,0.0032,0.0179,0.0016,0.0154,0.0014,0.0028,0.0003,1.5575,0.1416,,,,,,,,,,,,
wastesorting,when_what,ours_when_only,0.8,scene_02,1448,/home/fr/brl/02_BRL_POMDP_CODE/experiments_logs/system_log/wastesorting/scene_02_step50/when_what_ours_when_only_thres_0-8_rand_0-4/exp_wastesorting_20260912_162850_031625.txt,2026-09-12 16:28:50,True,10,25.0,11,3,0.3,1.4017,,,1669852028,,GOAL DONE,,,,,,,,,50,8000,1.339,0.1339,0.031,0.0031,0.016,0.0016,0.0135,0.0013,0.002,0.0002,1.4016,0.1402,,,,,,,,,,,,
wastesorting,when_what,ours_when_only,0.8,scene_02,1449,/home/fr/brl/02_BRL_POMDP_CODE/experiments_logs/system_log/wastesorting/scene_02_step50/when_what_ours_when_only_thres_0-8_rand_0-4/exp_wastesorting_20260912_162855_851999.txt,2026-09-12 16:28:55,True,11,10.0,25,4,0.36363636363636365,1.5966,,,2314118130,,GOAL DONE,,,,,,,,,50,8000,1.5022,0.1366,0.0379,0.0034,0.0188,0.0017,0.0354,0.0032,0.002,0.0002,1.5965,0.1451,,,,,,,,,,,,
wastesorting,when_what,ours_when_only,0.8,scene_02,1450,/home/fr/brl/02_BRL_POMDP_CODE/experiments_logs/system_log/wastesorting/scene_02_step50/when_what_ours_when_only_thres_0-8_rand_0-4/exp_wastesorting_20260912_162902_111366.txt,2026-09-12 16:29:02,True,11,10.0,23,3,0.2727272727272727,1.5392,,,1150653687,,GOAL DONE,,,,,,,,,50,8000,1.4419,0.1311,0.0394,0.0036,0.0184,0.0017,0.0373,0.0034,0.002,0.0002,1.5391,0.1399,,,,,,,,,,,,
wastesorting,when_what,ours_when_only,0.8,scene_02,1451,/home/fr/brl/02_BRL_POMDP_CODE/experiments_logs/system_log/wastesorting/scene_02_step50/when_what_ours_when_only_thres_0-8_rand_0-4/exp_wastesorting_20260912_162909_460515.txt,2026-09-12 16:29:09,True,12,5.0,23,6,0.5,1.8114,,,3820178410,,GOAL DONE,,,,,,,,,50,8000,1.7288,0.1441,0.0368,0.0031,0.0194,0.0016,0.0242,0.002,0.0019,0.0002,1.8113,0.1509,,,,,,,,,,,,
wastesorting,when_what,ours_when_only,0.8,scene_02,1452,/home/fr/brl/02_BRL_POMDP_CODE/experiments_logs/system_log/wastesorting/scene_02_step50/when_what_ours_when_only_thres_0-8_rand_0-4/exp_wastesorting_20260912_162916_999122.txt,2026-09-12 16:29:16,True,13,15.0,44,6,0.46153846153846156,2.1819,,,1684512935,,GOAL DONE,,,,,,,,,50,8000,2.0367,0.1567,0.0436,0.0034,0.0376,0.0029,0.0611,0.0047,0.0025,0.0002,2.1818,0.1678,,,,,,,,,,,,
wastesorting,when_what,ours_when_only,0.8,scene_02,1453,/home/fr/brl/02_BRL_POMDP_CODE/experiments_logs/system_log/wastesorting/scene_02_step50/when_what_ours_when_only_thres_0-8_rand_0-4/exp_wastesorting_20260912_162924_542192.txt,2026-09-12 16:29:24,True,11,0.0,19,5,0.45454545454545453,1.7586,,,800159661,,GOAL DONE,,,,,,,,,50,8000,1.6736,0.1521,0.0371,0.0034,0.0186,0.0017,0.0272,0.0025,0.0018,0.0002,1.7586,0.1599,,,,,,,,,,,,
wastesorting,when_what,ours_when_only,0.8,scene_02,1454,/home/fr/brl/02_BRL_POMDP_CODE/experiments_logs/system_log/wastesorting/scene_02_step50/when_what_ours_when_only_thres_0-8_rand_0-4/exp_wastesorting_20260912_162932_119901.txt,2026-09-12 16:29:32,True,12,25.0,24,4,0.3333333333333333,1.6802,,,3132007216,,GOAL DONE,,,,,,,,,50,8000,1.5924,0.1327,0.0425,0.0035,0.0195,0.0016,0.0236,0.002,0.002,0.0002,1.6802,0.14,,,,,,,,,,,,
wastesorting,when_what,ours_when_only,0.8,scene_02,1455,/home/fr/brl/02_BRL_POMDP_CODE/experiments_logs/system_log/wastesorting/scene_02_step50/when_what_ours_when_only_thres_0-8_rand_0-4/exp_wastesorting_20260912_162938_729925.txt,2026-09-12 16:29:38,True,12,20.0,23,4,0.3333333333333333,1.6257,,,431660203,,GOAL DONE,,,,,,,,,50,8000,1.5271,0.1273,0.046,0.0038,0.0203,0.0017,0.0297,0.0025,0.0023,0.0002,1.6256,0.1355,,,,,,,,,,,,
wastesorting,when_what,ours_when_only,0.8,scene_02,1456,/home/fr/brl/02_BRL_POMDP_CODE/experiments_logs/system_log/wastesorting/scene_02_step50/when_what_ours_when_only_thres_0-8_rand_0-4/exp_wastesorting_20260912_162945_181830.txt,2026-09-12 16:29:45,True,13,20.0,27,6,0.46153846153846156,1.8603,,,4052769592,,GOAL DONE,,,,,,,,,50,8000,1.7613,0.1355,0.0403,0.0031,0.0225,0.0017,0.0332,0.0026,0.0027,0.0002,1.8603,0.1431,,,,,,,,,,,,
wastesorting,when_what,ours_when_only,0.8,scene_02,1457,/home/fr/brl/02_BRL_POMDP_CODE/experiments_logs/system_log/wastesorting/scene_02_step50/when_what_ours_when_only_thres_0-8_rand_0-4/exp_wastesorting_20260912_162952_113892.txt,2026-09-12 16:29:52,True,11,10.0,19,3,0.2727272727272727,1.5558,,,1116766657,,GOAL DONE,,,,,,,,,50,8000,1.4774,0.1343,0.0374,0.0034,0.0186,0.0017,0.0204,0.0019,0.0017,0.0002,1.5558,0.1414,,,,,,,,,,,,
wastesorting,when_what,ours_when_only,0.8,scene_02,1458,/home/fr/brl/02_BRL_POMDP_CODE/experiments_logs/system_log/wastesorting/scene_02_step50/when_what_ours_when_only_thres_0-8_rand_0-4/exp_wastesorting_20260912_162958_968924.txt,2026-09-12 16:29:58,True,10,20.0,19,3,0.3,1.4876,,,1960486937,,GOAL DONE,,,,,,,,,50,8000,1.3983,0.1398,0.0382,0.0038,0.0183,0.0018,0.0312,0.0031,0.0015,0.0001,1.4876,0.1488,,,,,,,,,,,,
wastesorting,when_what,ours_when_only,0.8,scene_02,1459,/home/fr/brl/02_BRL_POMDP_CODE/experiments_logs/system_log/wastesorting/scene_02_step50/when_what_ours_when_only_thres_0-8_rand_0-4/exp_wastesorting_20260912_163005_795586.txt,2026-09-12 16:30:05,True,11,15.0,19,3,0.2727272727272727,1.5841,,,1185595584,,GOAL DONE,,,,,,,,,50,8000,1.4998,0.1363,0.0347,0.0032,0.0193,0.0018,0.0278,0.0025,0.0022,0.0002,1.5841,0.144,,,,,,,,,,,,
wastesorting,when_what,ours_when_only,0.8,scene_02,1460,/home/fr/brl/02_BRL_POMDP_CODE/experiments_logs/system_log/wastesorting/scene_02_step50/when_what_ours_when_only_thres_0-8_rand_0-4/exp_wastesorting_20260912_163013_728423.txt,2026-09-12 16:30:13,True,13,10.0,33,5,0.38461538461538464,1.9306,,,2175442287,,GOAL DONE,,,,,,,,,50,8000,1.8236,0.1403,0.0408,0.0031,0.0233,0.0018,0.0399,0.0031,0.0027,0.0002,1.9305,0.1485,,,,,,,,,,,,
wastesorting,when_what,ours_when_only,0.8,scene_02,1461,/home/fr/brl/02_BRL_POMDP_CODE/experiments_logs/system_log/wastesorting/scene_02_step50/when_what_ours_when_only_thres_0-8_rand_0-4/exp_wastesorting_20260912_163021_717357.txt,2026-09-12 16:30:21,True,11,10.0,14,3,0.2727272727272727,1.5065,,,1478189300,,GOAL DONE,,,,,,,,,50,8000,1.4404,0.1309,0.0331,0.003,0.0163,0.0015,0.0144,0.0013,0.0021,0.0002,1.5065,0.137,,,,,,,,,,,,
wastesorting,when_what,ours_when_only,0.8,scene_02,1462,/home/fr/brl/02_BRL_POMDP_CODE/experiments_logs/system_log/wastesorting/scene_02_step50/when_what_ours_when_only_thres_0-8_rand_0-4/exp_wastesorting_20260912_163029_700795.txt,2026-09-12 16:30:29,True,14,10.0,43,6,0.42857142857142855,2.3673,,,2497538083,,GOAL DONE,,,,,,,,,50,8000,2.1971,0.1569,0.0484,0.0035,0.0431,0.0031,0.0754,0.0054,0.003,0.0002,2.3673,0.1691,,,,,,,,,,,,
wastesorting,when_what,ours_when_only,0.8,scene_02,1463,/home/fr/brl/02_BRL_POMDP_CODE/experiments_logs/system_log/wastesorting/scene_02_step50/when_what_ours_when_only_thres_0-8_rand_0-4/exp_wastesorting_20260912_163037_497118.txt,2026-09-12 16:30:37,True,11,10.0,23,5,0.45454545454545453,1.5353,,,92232459,,GOAL DONE,,,,,,,,,50,8000,1.4477,0.1316,0.038,0.0035,0.0162,0.0015,0.0312,0.0028,0.0021,0.0002,1.5352,0.1396,,,,,,,,,,,,
wastesorting,when_what,ours_when_only,0.8,scene_02,1464,/home/fr/brl/02_BRL_POMDP_CODE/experiments_logs/system_log/wastesorting/scene_02_step50/when_what_ours_when_only_thres_0-8_rand_0-4/exp_wastesorting_20260912_163045_121453.txt,2026-09-12 16:30:45,True,13,10.0,31,6,0.46153846153846156,1.798,,,3750062435,,GOAL DONE,,,,,,,,,50,8000,1.7098,0.1315,0.0387,0.003,0.0221,0.0017,0.0251,0.0019,0.002,0.0002,1.7979,0.1383,,,,,,,,,,,,
wastesorting,when_what,ours_when_only,0.8,scene_02,1465,/home/fr/brl/02_BRL_POMDP_CODE/experiments_logs/system_log/wastesorting/scene_02_step50/when_what_ours_when_only_thres_0-8_rand_0-4/exp_wastesorting_20260912_163052_749601.txt,2026-09-12 16:30:52,True,12,10.0,24,6,0.5,1.6059,,,3666558197,,GOAL DONE,,,,,,,,,50,8000,1.5218,0.1268,0.0366,0.0031,0.017,0.0014,0.0284,0.0024,0.0018,0.0001,1.6059,0.1338,,,,,,,,,,,,
wastesorting,when_what,ours_when_only,0.8,scene_02,1466,/home/fr/brl/02_BRL_POMDP_CODE/experiments_logs/system_log/wastesorting/scene_02_step50/when_what_ours_when_only_thres_0-8_rand_0-4/exp_wastesorting_20260912_163100_106434.txt,2026-09-12 16:31:00,True,12,5.0,26,6,0.5,1.9003,,,4053942929,,GOAL DONE,,,,,,,,,50,8000,1.7921,0.1493,0.0387,0.0032,0.0337,0.0028,0.0336,0.0028,0.002,0.0002,1.9003,0.1584,,,,,,,,,,,,
wastesorting,when_what,ours_when_only,0.8,scene_02,1467,/home/fr/brl/02_BRL_POMDP_CODE/experiments_logs/system_log/wastesorting/scene_02_step50/when_what_ours_when_only_thres_0-8_rand_0-4/exp_wastesorting_20260912_163107_409062.txt,2026-09-12 16:31:07,True,10,5.0,13,3,0.3,1.4574,,,1014673370,,GOAL DONE,,,,,,,,,50,8000,1.3784,0.1378,0.0305,0.003,0.0161,0.0016,0.0306,0.0031,0.0016,0.0002,1.4574,0.1457,,,,,,,,,,,,
wastesorting,when_what,ours_when_only,0.8,scene_02,1468,/home/fr/brl/02_BRL_POMDP_CODE/experiments_logs/system_log/wastesorting/scene_02_step50/when_what_ours_when_only_thres_0-8_rand_0-4/exp_wastesorting_20260912_163114_254617.txt,2026-09-12 16:31:14,True,12,10.0,28,4,0.3333333333333333,1.6507,,,3041513348,,GOAL DONE,,,,,,,,,50,8000,1.5574,0.1298,0.0372,0.0031,0.0196,0.0016,0.0341,0.0028,0.0021,0.0002,1.6506,0.1376,,,,,,,,,,,,
wastesorting,when_what,ours_when_only,0.8,scene_02,1469,/home/fr/brl/02_BRL_POMDP_CODE/experiments_logs/system_log/wastesorting/scene_02_step50/when_what_ours_when_only_thres_0-8_rand_0-4/exp_wastesorting_20260912_163121_610796.txt,2026-09-12 16:31:21,True,14,0.0,44,7,0.5,2.2181,,,3100998094,,GOAL DONE,,,,,,,,,50,8000,2.0578,0.147,0.0547,0.0039,0.0434,0.0031,0.0591,0.0042,0.0026,0.0002,2.218,0.1584,,,,,,,,,,,,
wastesorting,when_what,ours_when_only,0.8,scene_02,1470,/home/fr/brl/02_BRL_POMDP_CODE/experiments_logs/system_log/wastesorting/scene_02_step50/when_what_ours_when_only_thres_0-8_rand_0-4/exp_wastesorting_20260912_163128_438674.txt,2026-09-12 16:31:28,True,10,20.0,15,2,0.2,1.4479,,,2006819571,,GOAL DONE,,,,,,,,,50,8000,1.3643,0.1364,0.0341,0.0034,0.0159,0.0016,0.0317,0.0032,0.0016,0.0002,1.4478,0.1448,,,,,,,,,,,,
wastesorting,when_what,ours_when_only,0.8,scene_02,1471,/home/fr/brl/02_BRL_POMDP_CODE/experiments_logs/system_log/wastesorting/scene_02_step50/when_what_ours_when_only_thres_0-8_rand_0-4/exp_wastesorting_20260912_163135_095623.txt,2026-09-12 16:31:35,True,10,25.0,13,4,0.4,1.4869,,,604661570,,GOAL DONE,,,,,,,,,50,8000,1.4223,0.1422,0.03,0.003,0.0158,0.0016,0.017,0.0017,0.0016,0.0002,1.4869,0.1487,,,,,,,,,,,,
wastesorting,when_what,ours_when_only,0.8,scene_02,1472,/home/fr/brl/02_BRL_POMDP_CODE/experiments_logs/system_log/wastesorting/scene_02_step50/when_what_ours_when_only_thres_0-8_rand_0-4/exp_wastesorting_20260912_163142_972342.txt,2026-09-12 16:31:42,True,11,0.0,24,5,0.45454545454545453,1.9912,,,1859675682,,GOAL DONE,,,,,,,,,50,8000,1.8613,0.1692,0.0403,0.0037,0.0314,0.0029,0.0558,0.0051,0.002,0.0002,1.9911,0.181,,,,,,,,,,,,
wastesorting,when_what,ours_when_only,0.8,scene_02,1473,/home/fr/brl/02_BRL_POMDP_CODE/experiments_logs/system_log/wastesorting/scene_02_step50/when_what_ours_when_only_thres_0-8_rand_0-4/exp_wastesorting_20260912_163150_798975.txt,2026-09-12 16:31:50,True,11,20.0,19,4,0.36363636363636365,1.5371,,,2681088983,,GOAL DONE,,,,,,,,,50,8000,1.458,0.1325,0.0371,0.0034,0.0188,0.0017,0.0212,0.0019,0.0018,0.0002,1.537,0.1397,,,,,,,,,,,,
wastesorting,when_what,ours_when_only,0.8,scene_02,1474,/home/fr/brl/02_BRL_POMDP_CODE/experiments_logs/system_log/wastesorting/scene_02_step50/when_what_ours_when_only_thres_0-8_rand_0-4/exp_wastesorting_20260912_163158_350209.txt,2026-09-12 16:31:58,True,12,0.0,23,6,0.5,2.015,,,2903446598,,GOAL DONE,,,,,,,,,50,8000,1.9069,0.1589,0.0412,0.0034,0.033,0.0028,0.0313,0.0026,0.0023,0.0002,2.0149,0.1679,,,,,,,,,,,,
wastesorting,when_what,ours_when_only,0.8,scene_02,1475,/home/fr/brl/02_BRL_POMDP_CODE/experiments_logs/system_log/wastesorting/scene_02_step50/when_what_ours_when_only_thres_0-8_rand_0-4/exp_wastesorting_20260912_163206_084674.txt,2026-09-12 16:32:06,True,10,0.0,17,3,0.3,1.4997,,,4138266715,,GOAL DONE,,,,,,,,,50,8000,1.4217,0.1422,0.0316,0.0032,0.0164,0.0016,0.0279,0.0028,0.0019,0.0002,1.4997,0.15,,,,,,,,,,,,
wastesorting,when_what,ours_when_only,0.8,scene_02,1476,/home/fr/brl/02_BRL_POMDP_CODE/experiments_logs/system_log/wastesorting/scene_02_step50/when_what_ours_when_only_thres_0-8_rand_0-4/exp_wastesorting_20260912_163213_718329.txt,2026-09-12 16:32:13,True,13,10.0,36,5,0.38461538461538464,2.0185,,,3361930932,,GOAL DONE,,,,,,,,,50,8000,1.8917,0.1455,0.0433,0.0033,0.0351,0.0027,0.0454,0.0035,0.0027,0.0002,2.0184,0.1553,,,,,,,,,,,,
wastesorting,when_what,ours_when_only,0.8,scene_02,1477,/home/fr/brl/02_BRL_POMDP_CODE/experiments_logs/system_log/wastesorting/scene_02_step50/when_what_ours_when_only_thres_0-8_rand_0-4/exp_wastesorting_20260912_163221_495880.txt,2026-09-12 16:32:21,True,12,0.0,30,6,0.5,1.6902,,,2679542969,,GOAL DONE,,,,,,,,,50,8000,1.589,0.1324,0.041,0.0034,0.0197,0.0016,0.0379,0.0032,0.0023,0.0002,1.6901,0.1408,,,,,,,,,,,,
wastesorting,when_what,ours_when_only,0.8,scene_02,1478,/home/fr/brl/02_BRL_POMDP_CODE/experiments_logs/system_log/wastesorting/scene_02_step50/when_what_ours_when_only_thres_0-8_rand_0-4/exp_wastesorting_20260912_163229_417390.txt,2026-09-12 16:32:29,True,11,10.0,25,4,0.36363636363636365,1.8718,,,1191125615,,GOAL DONE,,,,,,,,,50,8000,1.7513,0.1592,0.0407,0.0037,0.0313,0.0028,0.0465,0.0042,0.0018,0.0002,1.8718,0.1702,,,,,,,,,,,,
wastesorting,when_what,ours_when_only,0.8,scene_02,1479,/home/fr/brl/02_BRL_POMDP_CODE/experiments_logs/system_log/wastesorting/scene_02_step50/when_what_ours_when_only_thres_0-8_rand_0-4/exp_wastesorting_20260912_163237_427416.txt,2026-09-12 16:32:37,True,12,15.0,27,5,0.4166666666666667,1.702,,,2226175700,,GOAL DONE,,,,,,,,,50,8000,1.6011,0.1334,0.0367,0.0031,0.0214,0.0018,0.0406,0.0034,0.0019,0.0002,1.7019,0.1418,,,,,,,,,,,,
wastesorting,when_what,ours_when_only,0.8,scene_02,1480,/home/fr/brl/02_BRL_POMDP_CODE/experiments_logs/system_log/wastesorting/scene_02_step50/when_what_ours_when_only_thres_0-8_rand_0-4/exp_wastesorting_20260912_163244_487256.txt,2026-09-12 16:32:44,True,11,10.0,23,3,0.2727272727272727,1.5335,,,3749131969,,GOAL DONE,,,,,,,,,50,8000,1.4442,0.1313,0.0338,0.0031,0.0165,0.0015,0.0367,0.0033,0.0021,0.0002,1.5335,0.1394,,,,,,,,,,,,
wastesorting,when_what,random,0.8,scene_02,1481,/home/fr/brl/02_BRL_POMDP_CODE/experiments_logs/system_log/wastesorting/scene_02_step50/when_what_random_thres_0-8_rand_0-4/exp_wastesorting_20260912_162752_742515.txt,2026-09-12 16:27:52,True,14,10.0,34,7,0.5,2.3471,,,2156641990,,GOAL DONE,,,,,,,,,50,8000,2.1962,0.1569,0.0449,0.0032,0.0359,0.0026,0.0673,0.0048,0.0024,0.0002,2.347,0.1676,,,,,,,,,,,,
wastesorting,when_what,random,0.8,scene_02,1482,/home/fr/brl/02_BRL_POMDP_CODE/experiments_logs/system_log/wastesorting/scene_02_step50/when_what_random_thres_0-8_rand_0-4/exp_wastesorting_20260912_162802_423958.txt,2026-09-12 16:28:02,True,15,15.0,27,6,0.4,2.2511,,,715488211,,GOAL DONE,,,,,,,,,50,8000,2.1199,0.1413,0.0493,0.0033,0.043,0.0029,0.0354,0.0024,0.0032,0.0002,2.251,0.1501,,,,,,,,,,,,
wastesorting,when_what,random,0.8,scene_02,1483,/home/fr/brl/02_BRL_POMDP_CODE/experiments_logs/system_log/wastesorting/scene_02_step50/when_what_random_thres_0-8_rand_0-4/exp_wastesorting_20260912_162811_481411.txt,2026-09-12 16:28:11,True,14,10.0,5,5,0.35714285714285715,2.1957,,,1273456514,,GOAL DONE,,,,,,,,,50,8000,2.1104,0.1507,0.048,0.0034,0.0313,0.0022,0.0027,0.0002,0.003,0.0002,2.1956,0.1568,,,,,,,,,,,,
wastesorting,when_what,random,0.8,scene_02,1484,/home/fr/brl/02_BRL_POMDP_CODE/experiments_logs/system_log/wastesorting/scene_02_step50/when_what_random_thres_0-8_rand_0-4/exp_wastesorting_20260912_162820_067890.txt,2026-09-12 16:28:20,True,11,10.0,25,7,0.6363636363636364,1.5617,,,1679391382,,GOAL DONE,,,,,,,,,50,8000,1.4801,0.1346,0.0327,0.003,0.0183,0.0017,0.0288,0.0026,0.0015,0.0001,1.5617,0.142,,,,,,,,,,,,
wastesorting,when_what,random,0.8,scene_02,1485,/home/fr/brl/02_BRL_POMDP_CODE/experiments_logs/system_log/wastesorting/scene_02_step50/when_what_random_thres_0-8_rand_0-4/exp_wastesorting_20260912_162827_283037.txt,2026-09-12 16:28:27,True,12,15.0,5,4,0.3333333333333333,1.8447,,,1315496753,,GOAL DONE,,,,,,,,,50,8000,1.7821,0.1485,0.0381,0.0032,0.0193,0.0016,0.0025,0.0002,0.0025,0.0002,1.8447,0.1537,,,,,,,,,,,,
wastesorting,when_what,random,0.8,scene_02,1486,/home/fr/brl/02_BRL_POMDP_CODE/experiments_logs/system_log/wastesorting/scene_02_step50/when_what_random_thres_0-8_rand_0-4/exp_wastesorting_20260912_162835_054843.txt,2026-09-12 16:28:35,True,15,5.0,8,6,0.4,1.9964,,,3794247199,,GOAL DONE,,,,,,,,,50,8000,1.9248,0.1283,0.0454,0.003,0.0203,0.0014,0.0029,0.0002,0.0027,0.0002,1.9963,0.1331,,,,,,,,,,,,
wastesorting,when_what,random,0.8,scene_02,1487,/home/fr/brl/02_BRL_POMDP_CODE/experiments_logs/system_log/wastesorting/scene_02_step50/when_what_random_thres_0-8_rand_0-4/exp_wastesorting_20260912_162842_277310.txt,2026-09-12 16:28:42,False,9,5.0,7,4,0.4444444444444444,1.2444,,,2628956077,,PLAN FAILURE,,,,,,,,,50,8000,1.1897,0.1322,0.0329,0.0037,0.0169,0.0019,0.003,0.0003,0.0016,0.0002,1.2443,0.1383,,,,,,,,,,,,
wastesorting,when_what,random,0.8,scene_02,1488,/home/fr/brl/02_BRL_POMDP_CODE/experiments_logs/system_log/wastesorting/scene_02_step50/when_what_random_thres_0-8_rand_0-4/exp_wastesorting_20260912_162848_491824.txt,2026-09-12 16:28:48,True,10,25.0,4,4,0.4,1.4065,,,1669852028,,GOAL DONE,,,,,,,,,50,8000,1.3563,0.1356,0.0303,0.003,0.016,0.0016,0.0022,0.0002,0.0016,0.0002,1.4065,0.1406,,,,,,,,,,,,
wastesorting,when_what,random,0.8,scene_02,1489,/home/fr/brl/02_BRL_POMDP_CODE/experiments_logs/system_log/wastesorting/scene_02_step50/when_what_random_thres_0-8_rand_0-4/exp_wastesorting_20260912_162854_130482.txt,2026-09-12 16:28:54,False,5,0.0,0,0,0.0,0.9985,,,2314118130,,PLAN FAILURE,,,,,,,,,50,8000,0.9653,0.1931,0.0165,0.0033,0.0153,0.0031,0.0005,0.0001,0.0008,0.0002,0.9985,0.1997,,,,,,,,,,,,
wastesorting,when_what,random,0.8,scene_02,1490,/home/fr/brl/02_BRL_POMDP_CODE/experiments_logs/system_log/wastesorting/scene_02_step50/when_what_random_thres_0-8_rand_0-4/exp_wastesorting_20260912_162900_439187.txt,2026-09-12 16:29:00,True,12,15.0,18,6,0.5,1.6339,,,1150653687,,GOAL DONE,,,,,,,,,50,8000,1.5442,0.1287,0.0367,0.0031,0.0186,0.0016,0.0319,0.0027,0.0022,0.0002,1.6338,0.1362,,,,,,,,,,,,
wastesorting,when_what,random,0.8,scene_02,1491,/home/fr/brl/02_BRL_POMDP_CODE/experiments_logs/system_log/wastesorting/scene_02_step50/when_what_random_thres_0-8_rand_0-4/exp_wastesorting_20260912_162907_515617.txt,2026-09-12 16:29:07,True,13,15.0,10,5,0.38461538461538464,1.871,,,3820178410,,GOAL DONE,,,,,,,,,50,8000,1.8035,0.1387,0.0391,0.003,0.0193,0.0015,0.007,0.0005,0.0019,0.0001,1.871,0.1439,,,,,,,,,,,,
wastesorting,when_what,random,0.8,scene_02,1492,/home/fr/brl/02_BRL_POMDP_CODE/experiments_logs/system_log/wastesorting/scene_02_step50/when_what_random_thres_0-8_rand_0-4/exp_wastesorting_20260912_162914_683368.txt,2026-09-12 16:29:14,False,4,0.0,14,2,0.5,1.1913,,,1684512935,,PLAN FAILURE,,,,,,,,,50,8000,1.121,0.2803,0.0163,0.0041,0.0302,0.0075,0.0229,0.0057,0.0008,0.0002,1.1913,0.2978,,,,,,,,,,,,
wastesorting,when_what,random,0.8,scene_02,1493,/home/fr/brl/02_BRL_POMDP_CODE/experiments_logs/system_log/wastesorting/scene_02_step50/when_what_random_thres_0-8_rand_0-4/exp_wastesorting_20260912_162922_661027.txt,2026-09-12 16:29:22,True,13,5.0,4,4,0.3076923076923077,1.8806,,,800159661,,GOAL DONE,,,,,,,,,50,8000,1.81,0.1392,0.0449,0.0035,0.0208,0.0016,0.0024,0.0002,0.0021,0.0002,1.8805,0.1447,,,,,,,,,,,,
wastesorting,when_what,random,0.8,scene_02,1494,/home/fr/brl/02_BRL_POMDP_CODE/experiments_logs/system_log/wastesorting/scene_02_step50/when_what_random_thres_0-8_rand_0-4/exp_wastesorting_20260912_162930_306979.txt,2026-09-12 16:29:30,True,13,25.0,12,5,0.38461538461538464,1.7783,,,3132007216,,GOAL DONE,,,,,,,,,50,8000,1.711,0.1316,0.0402,0.0031,0.0203,0.0016,0.004,0.0003,0.0025,0.0002,1.7782,0.1368,,,,,,,,,,,,
wastesorting,when_what,random,0.8,scene_02,1495,/home/fr/brl/02_BRL_POMDP_CODE/experiments_logs/system_log/wastesorting/scene_02_step50/when_what_random_thres_0-8_rand_0-4/exp_wastesorting_20260912_162936_973918.txt,2026-09-12 16:29:36,False,6,5.0,12,4,0.6666666666666666,1.0392,,,431660203,,PLAN FAILURE,,,,,,,,,50,8000,0.9746,0.1624,0.0238,0.004,0.0186,0.0031,0.0213,0.0035,0.0008,0.0001,1.0391,0.1732,,,,,,,,,,,,
wastesorting,when_what,random,0.8,scene_02,1496,/home/fr/brl/02_BRL_POMDP_CODE/experiments_logs/system_log/wastesorting/scene_02_step50/when_what_random_thres_0-8_rand_0-4/exp_wastesorting_20260912_162943_183920.txt,2026-09-12 16:29:43,False,5,0.0,10,2,0.4,1.4658,,,4052769592,,PLAN FAILURE,,,,,,,,,50,8000,1.3813,0.2763,0.0197,0.0039,0.0372,0.0074,0.0265,0.0053,0.001,0.0002,1.4657,0.2931,,,,,,,,,,,,
wastesorting,when_what,random,0.8,scene_02,1497,/home/fr/brl/02_BRL_POMDP_CODE/experiments_logs/system_log/wastesorting/scene_02_step50/when_what_random_thres_0-8_rand_0-4/exp_wastesorting_20260912_162950_429166.txt,2026-09-12 16:29:50,True,11,10.0,27,7,0.6363636363636364,1.5353,,,1116766657,,GOAL DONE,,,,,,,,,50,8000,1.4552,0.1323,0.0379,0.0034,0.0185,0.0017,0.0213,0.0019,0.0021,0.0002,1.5352,0.1396,,,,,,,,,,,,
wastesorting,when_what,random,0.8,scene_02,1498,/home/fr/brl/02_BRL_POMDP_CODE/experiments_logs/system_log/wastesorting/scene_02_step50/when_what_random_thres_0-8_rand_0-4/exp_wastesorting_20260912_162957_346308.txt,2026-09-12 16:29:57,True,12,15.0,13,4,0.3333333333333333,1.706,,,1960486937,,GOAL DONE,,,,,,,,,50,8000,1.6073,0.1339,0.0498,0.0041,0.0194,0.0016,0.0273,0.0023,0.0021,0.0002,1.706,0.1422,,,,,,,,,,,,
wastesorting,when_what,random,0.8,scene_02,1499,/home/fr/brl/02_BRL_POMDP_CODE/experiments_logs/system_log/wastesorting/scene_02_step50/when_what_random_thres_0-8_rand_0-4/exp_wastesorting_20260912_163004_086281.txt,2026-09-12 16:30:04,True,11,15.0,10,2,0.18181818181818182,1.512,,,1185595584,,GOAL DONE,,,,,,,,,50,8000,1.4366,0.1306,0.0334,0.003,0.0187,0.0017,0.0213,0.0019,0.0017,0.0002,1.512,0.1375,,,,,,,,,,,,
wastesorting,when_what,random,0.8,scene_02,1500,/home/fr/brl/02_BRL_POMDP_CODE/experiments_logs/system_log/wastesorting/scene_02_step50/when_what_random_thres_0-8_rand_0-4/exp_wastesorting_20260912_163011_660745.txt,2026-09-12 16:30:11,True,15,15.0,12,3,0.2,2.3686,,,2175442287,,GOAL DONE,,,,,,,,,50,8000,2.262,0.1508,0.0544,0.0036,0.0411,0.0027,0.0081,0.0005,0.0027,0.0002,2.3685,0.1579,,,,,,,,,,,,
wastesorting,when_what,random,0.8,scene_02,1501,/home/fr/brl/02_BRL_POMDP_CODE/experiments_logs/system_log/wastesorting/scene_02_step50/when_what_random_thres_0-8_rand_0-4/exp_wastesorting_20260912_163020_081005.txt,2026-09-12 16:30:20,True,14,10.0,16,4,0.2857142857142857,1.7562,,,1478189300,,GOAL DONE,,,,,,,,,50,8000,1.6675,0.1191,0.0442,0.0032,0.0238,0.0017,0.0179,0.0013,0.0025,0.0002,1.7561,0.1254,,,,,,,,,,,,
wastesorting,when_what,random,0.8,scene_02,1502,/home/fr/brl/02_BRL_POMDP_CODE/experiments_logs/system_log/wastesorting/scene_02_step50/when_what_random_thres_0-8_rand_0-4/exp_wastesorting_20260912_163027_207403.txt,2026-09-12 16:30:27,False,8,0.0,29,5,0.625,1.7867,,,2497538083,,PLAN FAILURE,,,,,,,,,50,8000,1.6601,0.2075,0.0288,0.0036,0.0367,0.0046,0.0597,0.0075,0.0013,0.0002,1.7867,0.2233,,,,,,,,,,,,
wastesorting,when_what,random,0.8,scene_02,1503,/home/fr/brl/02_BRL_POMDP_CODE/experiments_logs/system_log/wastesorting/scene_02_step50/when_what_random_thres_0-8_rand_0-4/exp_wastesorting_20260912_163035_828155.txt,2026-09-12 16:30:35,True,13,10.0,26,8,0.6153846153846154,1.6921,,,92232459,,GOAL DONE,,,,,,,,,50,8000,1.6003,0.1231,0.0421,0.0032,0.0164,0.0013,0.0311,0.0024,0.0019,0.0001,1.692,0.1302,,,,,,,,,,,,
wastesorting,when_what,random,0.8,scene_02,1504,/home/fr/brl/02_BRL_POMDP_CODE/experiments_logs/system_log/wastesorting/scene_02_step50/when_what_random_thres_0-8_rand_0-4/exp_wastesorting_20260912_163043_152602.txt,2026-09-12 16:30:43,True,16,15.0,3,3,0.1875,2.0539,,,3750062435,,GOAL DONE,,,,,,,,,50,8000,1.9733,0.1233,0.0495,0.0031,0.0256,0.0016,0.0026,0.0002,0.0025,0.0002,2.0538,0.1284,,,,,,,,,,,,
wastesorting,when_what,random,0.8,scene_02,1505,/home/fr/brl/02_BRL_POMDP_CODE/experiments_logs/system_log/wastesorting/scene_02_step50/when_what_random_thres_0-8_rand_0-4/exp_wastesorting_20260912_163051_009907.txt,2026-09-12 16:30:51,True,12,10.0,23,7,0.5833333333333334,1.5775,,,3666558197,,GOAL DONE,,,,,,,,,50,8000,1.4963,0.1247,0.0355,0.003,0.0166,0.0014,0.0271,0.0023,0.0018,0.0002,1.5775,0.1315,,,,,,,,,,,,
wastesorting,when_what,random,0.8,scene_02,1506,/home/fr/brl/02_BRL_POMDP_CODE/experiments_logs/system_log/wastesorting/scene_02_step50/when_what_random_thres_0-8_rand_0-4/exp_wastesorting_20260912_163058_076472.txt,2026-09-12 16:30:58,False,11,5.0,19,4,0.36363636363636365,1.7603,,,4053942929,,PLAN FAILURE,,,,,,,,,50,8000,1.6557,0.1505,0.037,0.0034,0.0344,0.0031,0.0309,0.0028,0.002,0.0002,1.7602,0.16,,,,,,,,,,,,
wastesorting,when_what,random,0.8,scene_02,1507,/home/fr/brl/02_BRL_POMDP_CODE/experiments_logs/system_log/wastesorting/scene_02_step50/when_what_random_thres_0-8_rand_0-4/exp_wastesorting_20260912_163105_816724.txt,2026-09-12 16:31:05,True,12,10.0,4,3,0.25,1.5906,,,1014673370,,GOAL DONE,,,,,,,,,50,8000,1.5332,0.1278,0.0365,0.003,0.0159,0.0013,0.0027,0.0002,0.0021,0.0002,1.5905,0.1325,,,,,,,,,,,,
wastesorting,when_what,random,0.8,scene_02,1508,/home/fr/brl/02_BRL_POMDP_CODE/experiments_logs/system_log/wastesorting/scene_02_step50/when_what_random_thres_0-8_rand_0-4/exp_wastesorting_20260912_163112_471932.txt,2026-09-12 16:31:12,True,12,10.0,19,7,0.5833333333333334,1.652,,,3041513348,,GOAL DONE,,,,,,,,,50,8000,1.564,0.1303,0.0371,0.0031,0.0195,0.0016,0.0289,0.0024,0.0022,0.0002,1.6519,0.1377,,,,,,,,,,,,
wastesorting,when_what,random,0.8,scene_02,1509,/home/fr/brl/02_BRL_POMDP_CODE/experiments_logs/system_log/wastesorting/scene_02_step50/when_what_random_thres_0-8_rand_0-4/exp_wastesorting_20260912_163119_255798.txt,2026-09-12 16:31:19,False,6,0.0,1,1,0.16666666666666666,1.34,,,3100998094,,PLAN FAILURE,,,,,,,,,50,8000,1.2838,0.214,0.0222,0.0037,0.0313,0.0052,0.0018,0.0003,0.0009,0.0001,1.34,0.2233,,,,,,,,,,,,
wastesorting,when_what,random,0.8,scene_02,1510,/home/fr/brl/02_BRL_POMDP_CODE/experiments_logs/system_log/wastesorting/scene_02_step50/when_what_random_thres_0-8_rand_0-4/exp_wastesorting_20260912_163126_862762.txt,2026-09-12 16:31:26,True,10,20.0,2,2,0.2,1.4042,,,2006819571,,GOAL DONE,,,,,,,,,50,8000,1.3541,0.1354,0.0304,0.003,0.0158,0.0016,0.0021,0.0002,0.0016,0.0002,1.4042,0.1404,,,,,,,,,,,,
wastesorting,when_what,random,0.8,scene_02,1511,/home/fr/brl/02_BRL_POMDP_CODE/experiments_logs/system_log/wastesorting/scene_02_step50/when_what_random_thres_0-8_rand_0-4/exp_wastesorting_20260912_163133_505587.txt,2026-09-12 16:31:33,True,14,5.0,15,9,0.6428571428571429,1.8237,,,604661570,,GOAL DONE,,,,,,,,,50,8000,1.7378,0.1241,0.0477,0.0034,0.0179,0.0013,0.0172,0.0012,0.0027,0.0002,1.8236,0.1303,,,,,,,,,,,,
wastesorting,when_what,random,0.8,scene_02,1512,/home/fr/brl/02_BRL_POMDP_CODE/experiments_logs/system_log/wastesorting/scene_02_step50/when_what_random_thres_0-8_rand_0-4/exp_wastesorting_20260912_163140_847245.txt,2026-09-12 16:31:40,True,13,15.0,13,6,0.46153846153846156,2.0882,,,1859675682,,GOAL DONE,,,,,,,,,50,8000,1.996,0.1535,0.0497,0.0038,0.0345,0.0027,0.0058,0.0004,0.002,0.0002,2.0882,0.1606,,,,,,,,,,,,
wastesorting,when_what,random,0.8,scene_02,1513,/home/fr/brl/02_BRL_POMDP_CODE/experiments_logs/system_log/wastesorting/scene_02_step50/when_what_random_thres_0-8_rand_0-4/exp_wastesorting_20260912_163149_126804.txt,2026-09-12 16:31:49,True,11,20.0,21,7,0.6363636363636364,1.5498,,,2681088983,,GOAL DONE,,,,,,,,,50,8000,1.4715,0.1338,0.0367,0.0033,0.0192,0.0017,0.0202,0.0018,0.0019,0.0002,1.5497,0.1409,,,,,,,,,,,,
wastesorting,when_what,random,0.8,scene_02,1514,/home/fr/brl/02_BRL_POMDP_CODE/experiments_logs/system_log/wastesorting/scene_02_step50/when_what_random_thres_0-8_rand_0-4/exp_wastesorting_20260912_163156_203643.txt,2026-09-12 16:31:56,True,12,10.0,9,4,0.3333333333333333,1.9812,,,2903446598,,GOAL DONE,,,,,,,,,50,8000,1.8956,0.158,0.0391,0.0033,0.0325,0.0027,0.0117,0.001,0.002,0.0002,1.9812,0.1651,,,,,,,,,,,,
wastesorting,when_what,random,0.8,scene_02,1515,/home/fr/brl/02_BRL_POMDP_CODE/experiments_logs/system_log/wastesorting/scene_02_step50/when_what_random_thres_0-8_rand_0-4/exp_wastesorting_20260912_163204_448960.txt,2026-09-12 16:32:04,True,13,10.0,12,3,0.23076923076923078,1.7461,,,4138266715,,GOAL DONE,,,,,,,,,50,8000,1.6778,0.1291,0.0407,0.0031,0.0194,0.0015,0.0055,0.0004,0.0024,0.0002,1.746,0.1343,,,,,,,,,,,,
wastesorting,when_what,random,0.8,scene_02,1516,/home/fr/brl/02_BRL_POMDP_CODE/experiments_logs/system_log/wastesorting/scene_02_step50/when_what_random_thres_0-8_rand_0-4/exp_wastesorting_20260912_163211_572567.txt,2026-09-12 16:32:11,True,12,10.0,19,5,0.4166666666666667,1.8838,,,3361930932,,GOAL DONE,,,,,,,,,50,8000,1.7724,0.1477,0.0485,0.004,0.0355,0.003,0.0251,0.0021,0.0019,0.0002,1.8837,0.157,,,,,,,,,,,,
wastesorting,when_what,random,0.8,scene_02,1517,/home/fr/brl/02_BRL_POMDP_CODE/experiments_logs/system_log/wastesorting/scene_02_step50/when_what_random_thres_0-8_rand_0-4/exp_wastesorting_20260912_163219_673080.txt,2026-09-12 16:32:19,True,13,20.0,20,6,0.46153846153846156,1.6403,,,2679542969,,GOAL DONE,,,,,,,,,50,8000,1.5506,0.1193,0.0391,0.003,0.0167,0.0013,0.0317,0.0024,0.002,0.0002,1.6402,0.1262,,,,,,,,,,,,
wastesorting,when_what,random,0.8,scene_02,1518,/home/fr/brl/02_BRL_POMDP_CODE/experiments_logs/system_log/wastesorting/scene_02_step50/when_what_random_thres_0-8_rand_0-4/exp_wastesorting_20260912_163227_408670.txt,2026-09-12 16:32:27,True,14,20.0,15,5,0.35714285714285715,2.2287,,,1191125615,,GOAL DONE,,,,,,,,,50,8000,2.1181,0.1513,0.0498,0.0036,0.0354,0.0025,0.0226,0.0016,0.0025,0.0002,2.2286,0.1592,,,,,,,,,,,,
wastesorting,when_what,random,0.8,scene_02,1519,/home/fr/brl/02_BRL_POMDP_CODE/experiments_logs/system_log/wastesorting/scene_02_step50/when_what_random_thres_0-8_rand_0-4/exp_wastesorting_20260912_163235_592499.txt,2026-09-12 16:32:35,True,12,15.0,11,5,0.4166666666666667,1.7227,,,2226175700,,GOAL DONE,,,,,,,,,50,8000,1.6553,0.1379,0.0377,0.0031,0.0222,0.0019,0.0052,0.0004,0.002,0.0002,1.7227,0.1436,,,,,,,,,,,,
wastesorting,when_what,random,0.8,scene_02,1520,/home/fr/brl/02_BRL_POMDP_CODE/experiments_logs/system_log/wastesorting/scene_02_step50/when_what_random_thres_0-8_rand_0-4/exp_wastesorting_20260912_163242_820854.txt,2026-09-12 16:32:42,True,11,10.0,19,6,0.5454545454545454,1.5288,,,3749131969,,GOAL DONE,,,,,,,,,50,8000,1.4389,0.1308,0.0338,0.0031,0.0165,0.0015,0.0374,0.0034,0.002,0.0002,1.5288,0.139,,,,,,,,,,,,
wastesorting,when_what,ours,0.8,scene_03,2121,/home/fr/brl/02_BRL_POMDP_CODE/experiments_logs/system_log/wastesorting/scene_03_step50/when_what_ours_thres_0-8_rand_0-4/exp_wastesorting_20260912_163255_180362.txt,2026-09-12 16:32:55,True,12,5.0,15,5,0.4166666666666667,1.7222,,,935228514,,GOAL DONE,,,,,,,,,50,8000,1.6352,0.1363,0.043,0.0036,0.0217,0.0018,0.0199,0.0017,0.0021,0.0002,1.7222,0.1435,,,,,,,,,,,,
wastesorting,when_what,ours,0.8,scene_03,2122,/home/fr/brl/02_BRL_POMDP_CODE/experiments_logs/system_log/wastesorting/scene_03_step50/when_what_ours_thres_0-8_rand_0-4/exp_wastesorting_20260912_163303_025194.txt,2026-09-12 16:33:03,True,11,0.0,8,5,0.45454545454545453,1.5225,,,1971182115,,GOAL DONE,,,,,,,,,50,8000,1.457,0.1325,0.0334,0.003,0.0162,0.0015,0.0139,0.0013,0.0017,0.0002,1.5224,0.1384,,,,,,,,,,,,
wastesorting,when_what,ours,0.8,scene_03,2123,/home/fr/brl/02_BRL_POMDP_CODE/experiments_logs/system_log/wastesorting/scene_03_step50/when_what_ours_thres_0-8_rand_0-4/exp_wastesorting_20260912_163310_123569.txt,2026-09-12 16:33:10,True,12,5.0,11,5,0.4166666666666667,1.5786,,,2394637227,,GOAL DONE,,,,,,,,,50,8000,1.5017,0.1251,0.0387,0.0032,0.0195,0.0016,0.0165,0.0014,0.0019,0.0002,1.5786,0.1315,,,,,,,,,,,,
wastesorting,when_what,ours,0.8,scene_03,2124,/home/fr/brl/02_BRL_POMDP_CODE/experiments_logs/system_log/wastesorting/scene_03_step50/when_what_ours_thres_0-8_rand_0-4/exp_wastesorting_20260912_163317_752374.txt,2026-09-12 16:33:17,True,15,10.0,25,9,0.6,2.3558,,,3544407771,,GOAL DONE,,,,,,,,,50,8000,2.2158,0.1477,0.0527,0.0035,0.0383,0.0026,0.0459,0.0031,0.0027,0.0002,2.3557,0.157,,,,,,,,,,,,
wastesorting,when_what,ours,0.8,scene_03,2125,/home/fr/brl/02_BRL_POMDP_CODE/experiments_logs/system_log/wastesorting/scene_03_step50/when_what_ours_thres_0-8_rand_0-4/exp_wastesorting_20260912_163324_445170.txt,2026-09-12 16:33:24,True,10,10.0,11,4,0.4,1.4795,,,151419445,,GOAL DONE,,,,,,,,,50,8000,1.4037,0.1404,0.0298,0.003,0.016,0.0016,0.0281,0.0028,0.0016,0.0002,1.4794,0.1479,,,,,,,,,,,,
wastesorting,when_what,ours,0.8,scene_03,2126,/home/fr/brl/02_BRL_POMDP_CODE/experiments_logs/system_log/wastesorting/scene_03_step50/when_what_ours_thres_0-8_rand_0-4/exp_wastesorting_20260912_163330_933814.txt,2026-09-12 16:33:30,True,10,15.0,7,2,0.2,1.3985,,,878097152,,GOAL DONE,,,,,,,,,50,8000,1.3343,0.1334,0.0301,0.003,0.0188,0.0019,0.0135,0.0014,0.0015,0.0002,1.3985,0.1398,,,,,,,,,,,,
wastesorting,when_what,ours,0.8,scene_03,2127,/home/fr/brl/02_BRL_POMDP_CODE/experiments_logs/system_log/wastesorting/scene_03_step50/when_what_ours_thres_0-8_rand_0-4/exp_wastesorting_20260912_163336_843745.txt,2026-09-12 16:33:36,True,12,10.0,16,4,0.3333333333333333,1.6542,,,2160290877,,GOAL DONE,,,,,,,,,50,8000,1.567,0.1306,0.0394,0.0033,0.0162,0.0013,0.0296,0.0025,0.0019,0.0002,1.6542,0.1378,,,,,,,,,,,,
wastesorting,when_what,ours,0.8,scene_03,2128,/home/fr/brl/02_BRL_POMDP_CODE/experiments_logs/system_log/wastesorting/scene_03_step50/when_what_ours_thres_0-8_rand_0-4/exp_wastesorting_20260912_163343_401413.txt,2026-09-12 16:33:43,True,11,10.0,7,4,0.36363636363636365,1.5111,,,1263200062,,GOAL DONE,,,,,,,,,50,8000,1.4443,0.1313,0.0346,0.0031,0.0163,0.0015,0.0138,0.0013,0.0019,0.0002,1.511,0.1374,,,,,,,,,,,,
wastesorting,when_what,ours,0.8,scene_03,2129,/home/fr/brl/02_BRL_POMDP_CODE/experiments_logs/system_log/wastesorting/scene_03_step50/when_what_ours_thres_0-8_rand_0-4/exp_wastesorting_20260912_163352_714392.txt,2026-09-12 16:33:52,True,13,10.0,12,6,0.46153846153846156,1.9342,,,2442584840,,GOAL DONE,,,,,,,,,50,8000,1.8555,0.1427,0.0394,0.003,0.0198,0.0015,0.0171,0.0013,0.002,0.0002,1.9342,0.1488,,,,,,,,,,,,
wastesorting,when_what,ours,0.8,scene_03,2130,/home/fr/brl/02_BRL_POMDP_CODE/experiments_logs/system_log/wastesorting/scene_03_step50/when_what_ours_thres_0-8_rand_0-4/exp_wastesorting_20260912_163400_243314.txt,2026-09-12 16:34:00,True,13,0.0,12,6,0.46153846153846156,1.7727,,,995062266,,GOAL DONE,,,,,,,,,50,8000,1.6932,0.1302,0.0439,0.0034,0.0169,0.0013,0.0161,0.0012,0.0022,0.0002,1.7726,0.1364,,,,,,,,,,,,
wastesorting,when_what,ours,0.8,scene_03,2131,/home/fr/brl/02_BRL_POMDP_CODE/experiments_logs/system_log/wastesorting/scene_03_step50/when_what_ours_thres_0-8_rand_0-4/exp_wastesorting_20260912_163405_845978.txt,2026-09-12 16:34:05,True,13,15.0,17,6,0.46153846153846156,1.7506,,,1757091912,,GOAL DONE,,,,,,,,,50,8000,1.6373,0.1259,0.0519,0.004,0.0253,0.0019,0.0335,0.0026,0.0023,0.0002,1.7506,0.1347,,,,,,,,,,,,
wastesorting,when_what,ours,0.8,scene_03,2132,/home/fr/brl/02_BRL_POMDP_CODE/experiments_logs/system_log/wastesorting/scene_03_step50/when_what_ours_thres_0-8_rand_0-4/exp_wastesorting_20260912_163410_760299.txt,2026-09-12 16:34:10,True,11,15.0,10,3,0.2727272727272727,1.4196,,,703706258,,GOAL DONE,,,,,,,,,50,8000,1.3372,0.1216,0.0364,0.0033,0.0163,0.0015,0.0278,0.0025,0.0017,0.0002,1.4196,0.1291,,,,,,,,,,,,
wastesorting,when_what,ours,0.8,scene_03,2133,/home/fr/brl/02_BRL_POMDP_CODE/experiments_logs/system_log/wastesorting/scene_03_step50/when_what_ours_thres_0-8_rand_0-4/exp_wastesorting_20260912_163419_604643.txt,2026-09-12 16:34:19,True,14,20.0,15,7,0.5,2.1743,,,3734705447,,GOAL DONE,,,,,,,,,50,8000,2.062,0.1473,0.0446,0.0032,0.0389,0.0028,0.0263,0.0019,0.0022,0.0002,2.1742,0.1553,,,,,,,,,,,,
wastesorting,when_what,ours,0.8,scene_03,2134,/home/fr/brl/02_BRL_POMDP_CODE/experiments_logs/system_log/wastesorting/scene_03_step50/when_what_ours_thres_0-8_rand_0-4/exp_wastesorting_20260912_163425_441832.txt,2026-09-12 16:34:25,True,13,10.0,18,5,0.38461538461538464,1.7509,,,808931924,,GOAL DONE,,,,,,,,,50,8000,1.6616,0.1278,0.0394,0.003,0.0221,0.0017,0.0257,0.002,0.0018,0.0001,1.7508,0.1347,,,,,,,,,,,,
wastesorting,when_what,ours,0.8,scene_03,2135,/home/fr/brl/02_BRL_POMDP_CODE/experiments_logs/system_log/wastesorting/scene_03_step50/when_what_ours_thres_0-8_rand_0-4/exp_wastesorting_20260912_163432_458324.txt,2026-09-12 16:34:32,True,11,15.0,10,3,0.2727272727272727,1.6409,,,1010706734,,GOAL DONE,,,,,,,,,50,8000,1.5603,0.1418,0.0335,0.003,0.0165,0.0015,0.0284,0.0026,0.002,0.0002,1.6409,0.1492,,,,,,,,,,,,
wastesorting,when_what,ours,0.8,scene_03,2136,/home/fr/brl/02_BRL_POMDP_CODE/experiments_logs/system_log/wastesorting/scene_03_step50/when_what_ours_thres_0-8_rand_0-4/exp_wastesorting_20260912_163437_577275.txt,2026-09-12 16:34:37,True,10,10.0,12,4,0.4,1.4741,,,1790509877,,GOAL DONE,,,,,,,,,50,8000,1.3969,0.1397,0.0309,0.0031,0.0161,0.0016,0.0283,0.0028,0.0017,0.0002,1.474,0.1474,,,,,,,,,,,,
wastesorting,when_what,ours,0.8,scene_03,2137,/home/fr/brl/02_BRL_POMDP_CODE/experiments_logs/system_log/wastesorting/scene_03_step50/when_what_ours_thres_0-8_rand_0-4/exp_wastesorting_20260912_163445_550181.txt,2026-09-12 16:34:45,True,10,15.0,5,2,0.2,1.4419,,,1862543915,,GOAL DONE,,,,,,,,,50,8000,1.381,0.1381,0.0302,0.003,0.0158,0.0016,0.0129,0.0013,0.0018,0.0002,1.4419,0.1442,,,,,,,,,,,,
wastesorting,when_what,ours,0.8,scene_03,2138,/home/fr/brl/02_BRL_POMDP_CODE/experiments_logs/system_log/wastesorting/scene_03_step50/when_what_ours_thres_0-8_rand_0-4/exp_wastesorting_20260912_163452_506311.txt,2026-09-12 16:34:52,True,11,15.0,9,4,0.36363636363636365,1.5251,,,2836132436,,GOAL DONE,,,,,,,,,50,8000,1.4573,0.1325,0.0338,0.0031,0.0169,0.0015,0.0149,0.0014,0.002,0.0002,1.5251,0.1386,,,,,,,,,,,,
wastesorting,when_what,ours,0.8,scene_03,2139,/home/fr/brl/02_BRL_POMDP_CODE/experiments_logs/system_log/wastesorting/scene_03_step50/when_what_ours_thres_0-8_rand_0-4/exp_wastesorting_20260912_163459_193332.txt,2026-09-12 16:34:59,True,10,0.0,10,4,0.4,1.458,,,4248209127,,GOAL DONE,,,,,,,,,50,8000,1.3943,0.1394,0.0306,0.0031,0.0164,0.0016,0.0148,0.0015,0.0017,0.0002,1.4579,0.1458,,,,,,,,,,,,
wastesorting,when_what,ours,0.8,scene_03,2140,/home/fr/brl/02_BRL_POMDP_CODE/experiments_logs/system_log/wastesorting/scene_03_step50/when_what_ours_thres_0-8_rand_0-4/exp_wastesorting_20260912_163507_550601.txt,2026-09-12 16:35:07,True,10,5.0,11,3,0.3,1.619,,,1312241461,,GOAL DONE,,,,,,,,,50,8000,1.5355,0.1535,0.0319,0.0032,0.0189,0.0019,0.0307,0.0031,0.0017,0.0002,1.6189,0.1619,,,,,,,,,,,,
wastesorting,when_what,ours,0.8,scene_03,2141,/home/fr/brl/02_BRL_POMDP_CODE/experiments_logs/system_log/wastesorting/scene_03_step50/when_what_ours_thres_0-8_rand_0-4/exp_wastesorting_20260912_163516_415762.txt,2026-09-12 16:35:16,True,13,20.0,17,6,0.46153846153846156,1.9061,,,1849750684,,GOAL DONE,,,,,,,,,50,8000,1.8098,0.1392,0.0402,0.0031,0.0223,0.0017,0.0311,0.0024,0.0025,0.0002,1.9061,0.1466,,,,,,,,,,,,
wastesorting,when_what,ours,0.8,scene_03,2142,/home/fr/brl/02_BRL_POMDP_CODE/experiments_logs/system_log/wastesorting/scene_03_step50/when_what_ours_thres_0-8_rand_0-4/exp_wastesorting_20260912_163525_583941.txt,2026-09-12 16:35:25,True,13,15.0,20,5,0.38461538461538464,2.1802,,,3532582087,,GOAL DONE,,,,,,,,,50,8000,2.0561,0.1582,0.0424,0.0033,0.0349,0.0027,0.0443,0.0034,0.0022,0.0002,2.1801,0.1677,,,,,,,,,,,,
wastesorting,when_what,ours,0.8,scene_03,2143,/home/fr/brl/02_BRL_POMDP_CODE/experiments_logs/system_log/wastesorting/scene_03_step50/when_what_ours_thres_0-8_rand_0-4/exp_wastesorting_20260912_163531_383314.txt,2026-09-12 16:35:31,True,10,10.0,5,2,0.2,1.3504,,,1682900593,,GOAL DONE,,,,,,,,,50,8000,1.2881,0.1288,0.0309,0.0031,0.0162,0.0016,0.0135,0.0014,0.0015,0.0002,1.3503,0.135,,,,,,,,,,,,
wastesorting,when_what,ours,0.8,scene_03,2144,/home/fr/brl/02_BRL_POMDP_CODE/experiments_logs/system_log/wastesorting/scene_03_step50/when_what_ours_thres_0-8_rand_0-4/exp_wastesorting_20260912_163539_255715.txt,2026-09-12 16:35:39,True,11,10.0,11,4,0.36363636363636365,1.4937,,,2815362486,,GOAL DONE,,,,,,,,,50,8000,1.4149,0.1286,0.0329,0.003,0.0163,0.0015,0.0278,0.0025,0.0017,0.0002,1.4937,0.1358,,,,,,,,,,,,
wastesorting,when_what,ours,0.8,scene_03,2145,/home/fr/brl/02_BRL_POMDP_CODE/experiments_logs/system_log/wastesorting/scene_03_step50/when_what_ours_thres_0-8_rand_0-4/exp_wastesorting_20260912_163547_211813.txt,2026-09-12 16:35:47,True,12,0.0,16,6,0.5,1.829,,,408728855,,GOAL DONE,,,,,,,,,50,8000,1.7485,0.1457,0.0385,0.0032,0.0194,0.0016,0.0198,0.0016,0.0026,0.0002,1.829,0.1524,,,,,,,,,,,,
wastesorting,when_what,ours,0.8,scene_03,2146,/home/fr/brl/02_BRL_POMDP_CODE/experiments_logs/system_log/wastesorting/scene_03_step50/when_what_ours_thres_0-8_rand_0-4/exp_wastesorting_20260912_163553_996989.txt,2026-09-12 16:35:53,True,12,15.0,12,4,0.3333333333333333,1.5613,,,2192330955,,GOAL DONE,,,,,,,,,50,8000,1.4715,0.1226,0.0411,0.0034,0.0172,0.0014,0.029,0.0024,0.0022,0.0002,1.5612,0.1301,,,,,,,,,,,,
wastesorting,when_what,ours,0.8,scene_03,2147,/home/fr/brl/02_BRL_POMDP_CODE/experiments_logs/system_log/wastesorting/scene_03_step50/when_what_ours_thres_0-8_rand_0-4/exp_wastesorting_20260912_163600_610767.txt,2026-09-12 16:36:00,True,11,15.0,13,3,0.2727272727272727,1.5546,,,2090573975,,GOAL DONE,,,,,,,,,50,8000,1.4809,0.1346,0.0369,0.0034,0.0164,0.0015,0.0184,0.0017,0.0018,0.0002,1.5546,0.1413,,,,,,,,,,,,
wastesorting,when_what,ours,0.8,scene_03,2148,/home/fr/brl/02_BRL_POMDP_CODE/experiments_logs/system_log/wastesorting/scene_03_step50/when_what_ours_thres_0-8_rand_0-4/exp_wastesorting_20260912_163607_917191.txt,2026-09-12 16:36:07,True,12,15.0,10,4,0.3333333333333333,1.6936,,,1932548607,,GOAL DONE,,,,,,,,,50,8000,1.6199,0.135,0.0363,0.003,0.0188,0.0016,0.0163,0.0014,0.0019,0.0002,1.6935,0.1411,,,,,,,,,,,,
wastesorting,when_what,ours,0.8,scene_03,2149,/home/fr/brl/02_BRL_POMDP_CODE/experiments_logs/system_log/wastesorting/scene_03_step50/when_what_ours_thres_0-8_rand_0-4/exp_wastesorting_20260912_163617_122780.txt,2026-09-12 16:36:17,True,14,5.0,22,8,0.5714285714285714,1.8882,,,1123572063,,GOAL DONE,,,,,,,,,50,8000,1.7923,0.128,0.0472,0.0034,0.023,0.0016,0.0232,0.0017,0.0022,0.0002,1.8881,0.1349,,,,,,,,,,,,
wastesorting,when_what,ours,0.8,scene_03,2150,/home/fr/brl/02_BRL_POMDP_CODE/experiments_logs/system_log/wastesorting/scene_03_step50/when_what_ours_thres_0-8_rand_0-4/exp_wastesorting_20260912_163625_352739.txt,2026-09-12 16:36:25,True,14,5.0,20,7,0.5,1.9156,,,4128056421,,GOAL DONE,,,,,,,,,50,8000,1.7933,0.1281,0.0487,0.0035,0.0384,0.0027,0.0321,0.0023,0.0026,0.0002,1.9155,0.1368,,,,,,,,,,,,
wastesorting,when_what,ours,0.8,scene_03,2151,/home/fr/brl/02_BRL_POMDP_CODE/experiments_logs/system_log/wastesorting/scene_03_step50/when_what_ours_thres_0-8_rand_0-4/exp_wastesorting_20260912_163632_438823.txt,2026-09-12 16:36:32,True,11,0.0,11,6,0.5454545454545454,1.5827,,,428908864,,GOAL DONE,,,,,,,,,50,8000,1.5066,0.137,0.0382,0.0035,0.0168,0.0015,0.0188,0.0017,0.002,0.0002,1.5827,0.1439,,,,,,,,,,,,
wastesorting,when_what,ours,0.8,scene_03,2152,/home/fr/brl/02_BRL_POMDP_CODE/experiments_logs/system_log/wastesorting/scene_03_step50/when_what_ours_thres_0-8_rand_0-4/exp_wastesorting_20260912_163638_504568.txt,2026-09-12 16:36:38,True,10,15.0,7,3,0.3,1.3964,,,3643526193,,GOAL DONE,,,,,,,,,50,8000,1.3326,0.1333,0.0312,0.0031,0.0164,0.0016,0.0141,0.0014,0.0019,0.0002,1.3964,0.1396,,,,,,,,,,,,
wastesorting,when_what,ours,0.8,scene_03,2153,/home/fr/brl/02_BRL_POMDP_CODE/experiments_logs/system_log/wastesorting/scene_03_step50/when_what_ours_thres_0-8_rand_0-4/exp_wastesorting_20260912_163646_103928.txt,2026-09-12 16:36:46,True,12,10.0,11,5,0.4166666666666667,1.7474,,,3925417317,,GOAL DONE,,,,,,,,,50,8000,1.6667,0.1389,0.0373,0.0031,0.0196,0.0016,0.0213,0.0018,0.0022,0.0002,1.7474,0.1456,,,,,,,,,,,,
wastesorting,when_what,ours,0.8,scene_03,2154,/home/fr/brl/02_BRL_POMDP_CODE/experiments_logs/system_log/wastesorting/scene_03_step50/when_what_ours_thres_0-8_rand_0-4/exp_wastesorting_20260912_163654_317766.txt,2026-09-12 16:36:54,True,12,5.0,11,6,0.5,1.6629,,,3952233946,,GOAL DONE,,,,,,,,,50,8000,1.5857,0.1321,0.0427,0.0036,0.0172,0.0014,0.0149,0.0012,0.0021,0.0002,1.6629,0.1386,,,,,,,,,,,,
wastesorting,when_what,ours,0.8,scene_03,2155,/home/fr/brl/02_BRL_POMDP_CODE/experiments_logs/system_log/wastesorting/scene_03_step50/when_what_ours_thres_0-8_rand_0-4/exp_wastesorting_20260912_163700_281781.txt,2026-09-12 16:37:00,True,13,15.0,15,5,0.38461538461538464,1.7248,,,3772505736,,GOAL DONE,,,,,,,,,50,8000,1.6194,0.1246,0.0465,0.0036,0.0235,0.0018,0.0326,0.0025,0.0025,0.0002,1.7248,0.1327,,,,,,,,,,,,
wastesorting,when_what,ours,0.8,scene_03,2156,/home/fr/brl/02_BRL_POMDP_CODE/experiments_logs/system_log/wastesorting/scene_03_step50/when_what_ours_thres_0-8_rand_0-4/exp_wastesorting_20260912_163706_737558.txt,2026-09-12 16:37:06,True,11,0.0,11,4,0.36363636363636365,1.4453,,,2200107462,,GOAL DONE,,,,,,,,,50,8000,1.3693,0.1245,0.0407,0.0037,0.0162,0.0015,0.017,0.0015,0.0018,0.0002,1.4453,0.1314,,,,,,,,,,,,
wastesorting,when_what,ours,0.8,scene_03,2157,/home/fr/brl/02_BRL_POMDP_CODE/experiments_logs/system_log/wastesorting/scene_03_step50/when_what_ours_thres_0-8_rand_0-4/exp_wastesorting_20260912_163713_159227.txt,2026-09-12 16:37:13,True,11,15.0,13,3,0.2727272727272727,1.601,,,1065524053,,GOAL DONE,,,,,,,,,50,8000,1.5097,0.1372,0.034,0.0031,0.0187,0.0017,0.0364,0.0033,0.002,0.0002,1.6009,0.1455,,,,,,,,,,,,
wastesorting,when_what,ours,0.8,scene_03,2158,/home/fr/brl/02_BRL_POMDP_CODE/experiments_logs/system_log/wastesorting/scene_03_step50/when_what_ours_thres_0-8_rand_0-4/exp_wastesorting_20260912_163721_797840.txt,2026-09-12 16:37:21,True,13,15.0,13,6,0.46153846153846156,2.0249,,,1429072852,,GOAL DONE,,,,,,,,,50,8000,1.9142,0.1472,0.0496,0.0038,0.0324,0.0025,0.026,0.002,0.0022,0.0002,2.0248,0.1558,,,,,,,,,,,,
wastesorting,when_what,ours,0.8,scene_03,2159,/home/fr/brl/02_BRL_POMDP_CODE/experiments_logs/system_log/wastesorting/scene_03_step50/when_what_ours_thres_0-8_rand_0-4/exp_wastesorting_20260912_163729_747754.txt,2026-09-12 16:37:29,True,14,15.0,21,6,0.42857142857142855,1.8569,,,1198822842,,GOAL DONE,,,,,,,,,50,8000,1.7494,0.125,0.0425,0.003,0.0199,0.0014,0.0426,0.003,0.0023,0.0002,1.8568,0.1326,,,,,,,,,,,,
wastesorting,when_what,ours,0.8,scene_03,2160,/home/fr/brl/02_BRL_POMDP_CODE/experiments_logs/system_log/wastesorting/scene_03_step50/when_what_ours_thres_0-8_rand_0-4/exp_wastesorting_20260912_163738_331335.txt,2026-09-12 16:37:38,True,12,20.0,12,4,0.3333333333333333,1.9649,,,864565644,,GOAL DONE,,,,,,,,,50,8000,1.8455,0.1538,0.04,0.0033,0.0379,0.0032,0.0386,0.0032,0.0026,0.0002,1.9649,0.1637,,,,,,,,,,,,
wastesorting,when_what,ours_what_only,0.8,scene_03,2161,/home/fr/brl/02_BRL_POMDP_CODE/experiments_logs/system_log/wastesorting/scene_03_step50/when_what_ours_what_only_thres_0-8_rand_0-4/exp_wastesorting_20260912_163253_323848.txt,2026-09-12 16:32:53,True,13,15.0,7,5,0.38461538461538464,1.7401,,,935228514,,GOAL DONE,,,,,,,,,50,8000,1.6665,0.1282,0.0437,0.0034,0.0222,0.0017,0.0054,0.0004,0.002,0.0002,1.74,0.1338,,,,,,,,,,,,
wastesorting,when_what,ours_what_only,0.8,scene_03,2162,/home/fr/brl/02_BRL_POMDP_CODE/experiments_logs/system_log/wastesorting/scene_03_step50/when_what_ours_what_only_thres_0-8_rand_0-4/exp_wastesorting_20260912_163301_370587.txt,2026-09-12 16:33:01,True,13,10.0,7,4,0.3076923076923077,2.1293,,,1971182115,,GOAL DONE,,,,,,,,,50,8000,2.0337,0.1564,0.047,0.0036,0.0321,0.0025,0.014,0.0011,0.0023,0.0002,2.1293,0.1638,,,,,,,,,,,,
wastesorting,when_what,ours_what_only,0.8,scene_03,2163,/home/fr/brl/02_BRL_POMDP_CODE/experiments_logs/system_log/wastesorting/scene_03_step50/when_what_ours_what_only_thres_0-8_rand_0-4/exp_wastesorting_20260912_163308_417016.txt,2026-09-12 16:33:08,True,13,20.0,2,2,0.15384615384615385,1.6601,,,2394637227,,GOAL DONE,,,,,,,,,50,8000,1.5965,0.1228,0.0421,0.0032,0.0169,0.0013,0.0022,0.0002,0.0021,0.0002,1.6601,0.1277,,,,,,,,,,,,
wastesorting,when_what,ours_what_only,0.8,scene_03,2164,/home/fr/brl/02_BRL_POMDP_CODE/experiments_logs/system_log/wastesorting/scene_03_step50/when_what_ours_what_only_thres_0-8_rand_0-4/exp_wastesorting_20260912_163315_263450.txt,2026-09-12 16:33:15,False,4,0.0,4,1,0.25,1.1861,,,3544407771,,PLAN FAILURE,,,,,,,,,50,8000,1.1226,0.2807,0.0195,0.0049,0.0307,0.0077,0.0127,0.0032,0.0006,0.0001,1.1861,0.2965,,,,,,,,,,,,
wastesorting,when_what,ours_what_only,0.8,scene_03,2165,/home/fr/brl/02_BRL_POMDP_CODE/experiments_logs/system_log/wastesorting/scene_03_step50/when_what_ours_what_only_thres_0-8_rand_0-4/exp_wastesorting_20260912_163322_828891.txt,2026-09-12 16:33:22,True,11,20.0,10,7,0.6363636363636364,1.6227,,,151419445,,GOAL DONE,,,,,,,,,50,8000,1.5519,0.1411,0.0414,0.0038,0.0193,0.0018,0.0074,0.0007,0.0023,0.0002,1.6226,0.1475,,,,,,,,,,,,
wastesorting,when_what,ours_what_only,0.8,scene_03,2166,/home/fr/brl/02_BRL_POMDP_CODE/experiments_logs/system_log/wastesorting/scene_03_step50/when_what_ours_what_only_thres_0-8_rand_0-4/exp_wastesorting_20260912_163329_409807.txt,2026-09-12 16:33:29,True,12,15.0,6,6,0.5,1.5975,,,878097152,,GOAL DONE,,,,,,,,,50,8000,1.5372,0.1281,0.0355,0.003,0.0198,0.0016,0.0027,0.0002,0.002,0.0002,1.5974,0.1331,,,,,,,,,,,,
wastesorting,when_what,ours_what_only,0.8,scene_03,2167,/home/fr/brl/02_BRL_POMDP_CODE/experiments_logs/system_log/wastesorting/scene_03_step50/when_what_ours_what_only_thres_0-8_rand_0-4/exp_wastesorting_20260912_163335_058132.txt,2026-09-12 16:33:35,False,5,0.0,0,0,0.0,1.0083,,,2160290877,,PLAN FAILURE,,,,,,,,,50,8000,0.9754,0.1951,0.0165,0.0033,0.0151,0.003,0.0005,0.0001,0.0007,0.0001,1.0082,0.2016,,,,,,,,,,,,
wastesorting,when_what,ours_what_only,0.8,scene_03,2168,/home/fr/brl/02_BRL_POMDP_CODE/experiments_logs/system_log/wastesorting/scene_03_step50/when_what_ours_what_only_thres_0-8_rand_0-4/exp_wastesorting_20260912_163341_754639.txt,2026-09-12 16:33:41,True,11,10.0,4,4,0.36363636363636365,1.4766,,,1263200062,,GOAL DONE,,,,,,,,,50,8000,1.4222,0.1293,0.0337,0.0031,0.0161,0.0015,0.0025,0.0002,0.0019,0.0002,1.4765,0.1342,,,,,,,,,,,,
wastesorting,when_what,ours_what_only,0.8,scene_03,2169,/home/fr/brl/02_BRL_POMDP_CODE/experiments_logs/system_log/wastesorting/scene_03_step50/when_what_ours_what_only_thres_0-8_rand_0-4/exp_wastesorting_20260912_163350_656953.txt,2026-09-12 16:33:50,True,17,20.0,10,6,0.35294117647058826,2.4952,,,2442584840,,GOAL DONE,,,,,,,,,50,8000,2.397,0.141,0.0595,0.0035,0.0268,0.0016,0.0082,0.0005,0.0033,0.0002,2.4951,0.1468,,,,,,,,,,,,
wastesorting,when_what,ours_what_only,0.8,scene_03,2170,/home/fr/brl/02_BRL_POMDP_CODE/experiments_logs/system_log/wastesorting/scene_03_step50/when_what_ours_what_only_thres_0-8_rand_0-4/exp_wastesorting_20260912_163358_341166.txt,2026-09-12 16:33:58,True,13,0.0,11,6,0.46153846153846156,1.7399,,,995062266,,GOAL DONE,,,,,,,,,50,8000,1.6616,0.1278,0.0443,0.0034,0.0169,0.0013,0.0145,0.0011,0.0022,0.0002,1.7398,0.1338,,,,,,,,,,,,
wastesorting,when_what,ours_what_only,0.8,scene_03,2171,/home/fr/brl/02_BRL_POMDP_CODE/experiments_logs/system_log/wastesorting/scene_03_step50/when_what_ours_what_only_thres_0-8_rand_0-4/exp_wastesorting_20260912_163403_967396.txt,2026-09-12 16:34:03,False,3,0.0,0,0,0.0,0.7868,,,1757091912,,PLAN FAILURE,,,,,,,,,50,8000,0.7566,0.2522,0.0109,0.0036,0.0185,0.0062,0.0004,0.0001,0.0004,0.0001,0.7867,0.2622,,,,,,,,,,,,
wastesorting,when_what,ours_what_only,0.8,scene_03,2172,/home/fr/brl/02_BRL_POMDP_CODE/experiments_logs/system_log/wastesorting/scene_03_step50/when_what_ours_what_only_thres_0-8_rand_0-4/exp_wastesorting_20260912_163409_205017.txt,2026-09-12 16:34:09,False,3,0.0,1,1,0.3333333333333333,0.7806,,,703706258,,PLAN FAILURE,,,,,,,,,50,8000,0.7524,0.2508,0.011,0.0037,0.0153,0.0051,0.0014,0.0005,0.0004,0.0001,0.7806,0.2602,,,,,,,,,,,,
wastesorting,when_what,ours_what_only,0.8,scene_03,2173,/home/fr/brl/02_BRL_POMDP_CODE/experiments_logs/system_log/wastesorting/scene_03_step50/when_what_ours_what_only_thres_0-8_rand_0-4/exp_wastesorting_20260912_163417_299217.txt,2026-09-12 16:34:17,False,13,10.0,12,7,0.5384615384615384,1.979,,,3734705447,,PLAN FAILURE,,,,,,,,,50,8000,1.8802,0.1446,0.0417,0.0032,0.0398,0.0031,0.0153,0.0012,0.0018,0.0001,1.9789,0.1522,,,,,,,,,,,,
wastesorting,when_what,ours_what_only,0.8,scene_03,2174,/home/fr/brl/02_BRL_POMDP_CODE/experiments_logs/system_log/wastesorting/scene_03_step50/when_what_ours_what_only_thres_0-8_rand_0-4/exp_wastesorting_20260912_163423_562420.txt,2026-09-12 16:34:23,False,5,5.0,3,3,0.6,0.8861,,,808931924,,PLAN FAILURE,,,,,,,,,50,8000,0.852,0.1704,0.0163,0.0033,0.0153,0.0031,0.0018,0.0004,0.0007,0.0001,0.8861,0.1772,,,,,,,,,,,,
wastesorting,when_what,ours_what_only,0.8,scene_03,2175,/home/fr/brl/02_BRL_POMDP_CODE/experiments_logs/system_log/wastesorting/scene_03_step50/when_what_ours_what_only_thres_0-8_rand_0-4/exp_wastesorting_20260912_163430_691482.txt,2026-09-12 16:34:30,True,11,15.0,10,4,0.36363636363636365,1.6177,,,1010706734,,GOAL DONE,,,,,,,,,50,8000,1.5382,0.1398,0.0335,0.003,0.0162,0.0015,0.0275,0.0025,0.0021,0.0002,1.6176,0.1471,,,,,,,,,,,,
wastesorting,when_what,ours_what_only,0.8,scene_03,2176,/home/fr/brl/02_BRL_POMDP_CODE/experiments_logs/system_log/wastesorting/scene_03_step50/when_what_ours_what_only_thres_0-8_rand_0-4/exp_wastesorting_20260912_163435_976057.txt,2026-09-12 16:34:35,False,3,0.0,0,0,0.0,0.8102,,,1790509877,,PLAN FAILURE,,,,,,,,,50,8000,0.7836,0.2612,0.011,0.0037,0.0149,0.005,0.0004,0.0001,0.0004,0.0001,0.8102,0.2701,,,,,,,,,,,,
wastesorting,when_what,ours_what_only,0.8,scene_03,2177,/home/fr/brl/02_BRL_POMDP_CODE/experiments_logs/system_log/wastesorting/scene_03_step50/when_what_ours_what_only_thres_0-8_rand_0-4/exp_wastesorting_20260912_163443_973278.txt,2026-09-12 16:34:43,True,16,15.0,15,8,0.5,2.2234,,,1862543915,,GOAL DONE,,,,,,,,,50,8000,2.1267,0.1329,0.0535,0.0033,0.0224,0.0014,0.0174,0.0011,0.0031,0.0002,2.2234,0.139,,,,,,,,,,,,
wastesorting,when_what,ours_what_only,0.8,scene_03,2178,/home/fr/brl/02_BRL_POMDP_CODE/experiments_logs/system_log/wastesorting/scene_03_step50/when_what_ours_what_only_thres_0-8_rand_0-4/exp_wastesorting_20260912_163450_849238.txt,2026-09-12 16:34:50,True,13,5.0,12,9,0.6923076923076923,1.7096,,,2836132436,,GOAL DONE,,,,,,,,,50,8000,1.6304,0.1254,0.043,0.0033,0.0187,0.0014,0.0148,0.0011,0.0024,0.0002,1.7095,0.1315,,,,,,,,,,,,
wastesorting,when_what,ours_what_only,0.8,scene_03,2179,/home/fr/brl/02_BRL_POMDP_CODE/experiments_logs/system_log/wastesorting/scene_03_step50/when_what_ours_what_only_thres_0-8_rand_0-4/exp_wastesorting_20260912_163457_598767.txt,2026-09-12 16:34:57,True,12,15.0,1,1,0.08333333333333333,1.629,,,4248209127,,GOAL DONE,,,,,,,,,50,8000,1.5666,0.1305,0.0416,0.0035,0.0163,0.0014,0.0021,0.0002,0.002,0.0002,1.6289,0.1357,,,,,,,,,,,,
wastesorting,when_what,ours_what_only,0.8,scene_03,2180,/home/fr/brl/02_BRL_POMDP_CODE/experiments_logs/system_log/wastesorting/scene_03_step50/when_what_ours_what_only_thres_0-8_rand_0-4/exp_wastesorting_20260912_163505_796684.txt,2026-09-12 16:35:05,True,18,5.0,10,7,0.3888888888888889,2.2564,,,1312241461,,GOAL DONE,,,,,,,,,50,8000,2.1689,0.1205,0.0541,0.003,0.0236,0.0013,0.0062,0.0003,0.0032,0.0002,2.2563,0.1253,,,,,,,,,,,,
wastesorting,when_what,ours_what_only,0.8,scene_03,2181,/home/fr/brl/02_BRL_POMDP_CODE/experiments_logs/system_log/wastesorting/scene_03_step50/when_what_ours_what_only_thres_0-8_rand_0-4/exp_wastesorting_20260912_163514_378415.txt,2026-09-12 16:35:14,True,18,15.0,14,7,0.3888888888888889,2.2575,,,1849750684,,GOAL DONE,,,,,,,,,50,8000,2.1662,0.1203,0.0564,0.0031,0.0239,0.0013,0.0074,0.0004,0.0032,0.0002,2.2574,0.1254,,,,,,,,,,,,
wastesorting,when_what,ours_what_only,0.8,scene_03,2182,/home/fr/brl/02_BRL_POMDP_CODE/experiments_logs/system_log/wastesorting/scene_03_step50/when_what_ours_what_only_thres_0-8_rand_0-4/exp_wastesorting_20260912_163523_274112.txt,2026-09-12 16:35:23,False,13,0.0,14,7,0.5384615384615384,1.9828,,,3532582087,,PLAN FAILURE,,,,,,,,,50,8000,1.8877,0.1452,0.0421,0.0032,0.0358,0.0028,0.0149,0.0011,0.002,0.0002,1.9827,0.1525,,,,,,,,,,,,
wastesorting,when_what,ours_what_only,0.8,scene_03,2183,/home/fr/brl/02_BRL_POMDP_CODE/experiments_logs/system_log/wastesorting/scene_03_step50/when_what_ours_what_only_thres_0-8_rand_0-4/exp_wastesorting_20260912_163529_891759.txt,2026-09-12 16:35:29,True,10,10.0,4,4,0.4,1.298,,,1682900593,,GOAL DONE,,,,,,,,,50,8000,1.2445,0.1245,0.0337,0.0034,0.0156,0.0016,0.0023,0.0002,0.0017,0.0002,1.298,0.1298,,,,,,,,,,,,
wastesorting,when_what,ours_what_only,0.8,scene_03,2184,/home/fr/brl/02_BRL_POMDP_CODE/experiments_logs/system_log/wastesorting/scene_03_step50/when_what_ours_what_only_thres_0-8_rand_0-4/exp_wastesorting_20260912_163537_628022.txt,2026-09-12 16:35:37,True,13,10.0,8,4,0.3076923076923077,2.2292,,,2815362486,,GOAL DONE,,,,,,,,,50,8000,2.124,0.1634,0.0433,0.0033,0.0359,0.0028,0.0233,0.0018,0.0024,0.0002,2.2292,0.1715,,,,,,,,,,,,
wastesorting,when_what,ours_what_only,0.8,scene_03,2185,/home/fr/brl/02_BRL_POMDP_CODE/experiments_logs/system_log/wastesorting/scene_03_step50/when_what_ours_what_only_thres_0-8_rand_0-4/exp_wastesorting_20260912_163545_249678.txt,2026-09-12 16:35:45,True,13,15.0,11,4,0.3076923076923077,1.8839,,,408728855,,GOAL DONE,,,,,,,,,50,8000,1.8077,0.1391,0.0392,0.003,0.0196,0.0015,0.0148,0.0011,0.0023,0.0002,1.8839,0.1449,,,,,,,,,,,,
wastesorting,when_what,ours_what_only,0.8,scene_03,2186,/home/fr/brl/02_BRL_POMDP_CODE/experiments_logs/system_log/wastesorting/scene_03_step50/when_what_ours_what_only_thres_0-8_rand_0-4/exp_wastesorting_20260912_163552_299948.txt,2026-09-12 16:35:52,True,11,15.0,3,3,0.2727272727272727,1.6059,,,2192330955,,GOAL DONE,,,,,,,,,50,8000,1.5421,0.1402,0.0394,0.0036,0.0201,0.0018,0.0023,0.0002,0.0018,0.0002,1.6059,0.146,,,,,,,,,,,,
wastesorting,when_what,ours_what_only,0.8,scene_03,2187,/home/fr/brl/02_BRL_POMDP_CODE/experiments_logs/system_log/wastesorting/scene_03_step50/when_what_ours_what_only_thres_0-8_rand_0-4/exp_wastesorting_20260912_163558_953719.txt,2026-09-12 16:35:58,True,11,10.0,15,6,0.5454545454545454,1.5154,,,2090573975,,GOAL DONE,,,,,,,,,50,8000,1.4424,0.1311,0.0367,0.0033,0.0158,0.0014,0.0184,0.0017,0.0018,0.0002,1.5153,0.1378,,,,,,,,,,,,
wastesorting,when_what,ours_what_only,0.8,scene_03,2188,/home/fr/brl/02_BRL_POMDP_CODE/experiments_logs/system_log/wastesorting/scene_03_step50/when_what_ours_what_only_thres_0-8_rand_0-4/exp_wastesorting_20260912_163606_097543.txt,2026-09-12 16:36:06,True,12,15.0,4,4,0.3333333333333333,1.687,,,1932548607,,GOAL DONE,,,,,,,,,50,8000,1.6253,0.1354,0.0371,0.0031,0.0195,0.0016,0.0026,0.0002,0.0022,0.0002,1.687,0.1406,,,,,,,,,,,,
wastesorting,when_what,ours_what_only,0.8,scene_03,2189,/home/fr/brl/02_BRL_POMDP_CODE/experiments_logs/system_log/wastesorting/scene_03_step50/when_what_ours_what_only_thres_0-8_rand_0-4/exp_wastesorting_20260912_163615_099014.txt,2026-09-12 16:36:15,True,14,0.0,10,6,0.42857142857142855,2.435,,,1123572063,,GOAL DONE,,,,,,,,,50,8000,2.3457,0.1676,0.0435,0.0031,0.0357,0.0025,0.0069,0.0005,0.0028,0.0002,2.4349,0.1739,,,,,,,,,,,,
wastesorting,when_what,ours_what_only,0.8,scene_03,2190,/home/fr/brl/02_BRL_POMDP_CODE/experiments_logs/system_log/wastesorting/scene_03_step50/when_what_ours_what_only_thres_0-8_rand_0-4/exp_wastesorting_20260912_163623_304429.txt,2026-09-12 16:36:23,True,14,5.0,11,5,0.35714285714285715,1.9021,,,4128056421,,GOAL DONE,,,,,,,,,50,8000,1.7938,0.1281,0.0491,0.0035,0.0394,0.0028,0.0171,0.0012,0.0024,0.0002,1.902,0.1359,,,,,,,,,,,,
wastesorting,when_what,ours_what_only,0.8,scene_03,2191,/home/fr/brl/02_BRL_POMDP_CODE/experiments_logs/system_log/wastesorting/scene_03_step50/when_what_ours_what_only_thres_0-8_rand_0-4/exp_wastesorting_20260912_163630_726764.txt,2026-09-12 16:36:30,True,12,0.0,6,5,0.4166666666666667,1.7068,,,428908864,,GOAL DONE,,,,,,,,,50,8000,1.6466,0.1372,0.0369,0.0031,0.017,0.0014,0.0032,0.0003,0.0027,0.0002,1.7067,0.1422,,,,,,,,,,,,
wastesorting,when_what,ours_what_only,0.8,scene_03,2192,/home/fr/brl/02_BRL_POMDP_CODE/experiments_logs/system_log/wastesorting/scene_03_step50/when_what_ours_what_only_thres_0-8_rand_0-4/exp_wastesorting_20260912_163636_980514.txt,2026-09-12 16:36:36,True,10,15.0,3,2,0.2,1.3749,,,3643526193,,GOAL DONE,,,,,,,,,50,8000,1.3225,0.1322,0.0316,0.0032,0.0161,0.0016,0.0028,0.0003,0.0016,0.0002,1.3748,0.1375,,,,,,,,,,,,
wastesorting,when_what,ours_what_only,0.8,scene_03,2193,/home/fr/brl/02_BRL_POMDP_CODE/experiments_logs/system_log/wastesorting/scene_03_step50/when_what_ours_what_only_thres_0-8_rand_0-4/exp_wastesorting_20260912_163644_227839.txt,2026-09-12 16:36:44,True,12,10.0,6,3,0.25,1.7691,,,3925417317,,GOAL DONE,,,,,,,,,50,8000,1.6927,0.1411,0.0373,0.0031,0.0193,0.0016,0.0173,0.0014,0.0022,0.0002,1.769,0.1474,,,,,,,,,,,,
wastesorting,when_what,ours_what_only,0.8,scene_03,2194,/home/fr/brl/02_BRL_POMDP_CODE/experiments_logs/system_log/wastesorting/scene_03_step50/when_what_ours_what_only_thres_0-8_rand_0-4/exp_wastesorting_20260912_163652_526308.txt,2026-09-12 16:36:52,True,18,10.0,12,8,0.4444444444444444,2.1584,,,3952233946,,GOAL DONE,,,,,,,,,50,8000,2.0668,0.1148,0.0542,0.003,0.0186,0.001,0.0153,0.0008,0.003,0.0002,2.1583,0.1199,,,,,,,,,,,,
wastesorting,when_what,ours_what_only,0.8,scene_03,2195,/home/fr/brl/02_BRL_POMDP_CODE/experiments_logs/system_log/wastesorting/scene_03_step50/when_what_ours_what_only_thres_0-8_rand_0-4/exp_wastesorting_20260912_163658_427772.txt,2026-09-12 16:36:58,False,5,0.0,1,1,0.2,1.0186,,,3772505736,,PLAN FAILURE,,,,,,,,,50,8000,0.9758,0.1952,0.0208,0.0042,0.0194,0.0039,0.0017,0.0003,0.0008,0.0002,1.0186,0.2037,,,,,,,,,,,,
wastesorting,when_what,ours_what_only,0.8,scene_03,2196,/home/fr/brl/02_BRL_POMDP_CODE/experiments_logs/system_log/wastesorting/scene_03_step50/when_what_ours_what_only_thres_0-8_rand_0-4/exp_wastesorting_20260912_163705_161032.txt,2026-09-12 16:37:05,True,11,0.0,11,4,0.36363636363636365,1.4685,,,2200107462,,GOAL DONE,,,,,,,,,50,8000,1.389,0.1263,0.0434,0.0039,0.0171,0.0016,0.0169,0.0015,0.0018,0.0002,1.4684,0.1335,,,,,,,,,,,,
wastesorting,when_what,ours_what_only,0.8,scene_03,2197,/home/fr/brl/02_BRL_POMDP_CODE/experiments_logs/system_log/wastesorting/scene_03_step50/when_what_ours_what_only_thres_0-8_rand_0-4/exp_wastesorting_20260912_163711_427284.txt,2026-09-12 16:37:11,False,8,5.0,4,2,0.25,1.369,,,1065524053,,PLAN FAILURE,,,,,,,,,50,8000,1.3154,0.1644,0.0262,0.0033,0.0214,0.0027,0.0045,0.0006,0.0013,0.0002,1.3689,0.1711,,,,,,,,,,,,
wastesorting,when_what,ours_what_only,0.8,scene_03,2198,/home/fr/brl/02_BRL_POMDP_CODE/experiments_logs/system_log/wastesorting/scene_03_step50/when_what_ours_what_only_thres_0-8_rand_0-4/exp_wastesorting_20260912_163719_644411.txt,2026-09-12 16:37:19,True,13,15.0,13,6,0.46153846153846156,2.0184,,,1429072852,,GOAL DONE,,,,,,,,,50,8000,1.9054,0.1466,0.0512,0.0039,0.0327,0.0025,0.0263,0.002,0.0025,0.0002,2.0183,0.1553,,,,,,,,,,,,
wastesorting,when_what,ours_what_only,0.8,scene_03,2199,/home/fr/brl/02_BRL_POMDP_CODE/experiments_logs/system_log/wastesorting/scene_03_step50/when_what_ours_what_only_thres_0-8_rand_0-4/exp_wastesorting_20260912_163727_783601.txt,2026-09-12 16:37:27,True,13,10.0,18,5,0.38461538461538464,1.8617,,,1198822842,,GOAL DONE,,,,,,,,,50,8000,1.7531,0.1349,0.0426,0.0033,0.0242,0.0019,0.0392,0.003,0.0022,0.0002,1.8616,0.1432,,,,,,,,,,,,
wastesorting,when_what,ours_what_only,0.8,scene_03,2200,/home/fr/brl/02_BRL_POMDP_CODE/experiments_logs/system_log/wastesorting/scene_03_step50/when_what_ours_what_only_thres_0-8_rand_0-4/exp_wastesorting_20260912_163736_236938.txt,2026-09-12 16:37:36,True,14,20.0,13,8,0.5714285714285714,2.0763,,,864565644,,GOAL DONE,,,,,,,,,50,8000,1.9779,0.1413,0.0446,0.0032,0.0358,0.0026,0.0154,0.0011,0.0023,0.0002,2.0763,0.1483,,,,,,,,,,,,
wastesorting,when_what,ours_when_only,0.8,scene_03,2201,/home/fr/brl/02_BRL_POMDP_CODE/experiments_logs/system_log/wastesorting/scene_03_step50/when_what_ours_when_only_thres_0-8_rand_0-4/exp_wastesorting_20260912_163251_456051.txt,2026-09-12 16:32:51,True,12,5.0,28,5,0.4166666666666667,1.7306,,,935228514,,GOAL DONE,,,,,,,,,50,8000,1.6395,0.1366,0.0402,0.0033,0.0219,0.0018,0.0264,0.0022,0.0023,0.0002,1.7306,0.1442,,,,,,,,,,,,
wastesorting,when_what,ours_when_only,0.8,scene_03,2202,/home/fr/brl/02_BRL_POMDP_CODE/experiments_logs/system_log/wastesorting/scene_03_step50/when_what_ours_when_only_thres_0-8_rand_0-4/exp_wastesorting_20260912_163259_107801.txt,2026-09-12 16:32:59,True,11,0.0,18,5,0.45454545454545453,1.5245,,,1971182115,,GOAL DONE,,,,,,,,,50,8000,1.4448,0.1313,0.0341,0.0031,0.0161,0.0015,0.0275,0.0025,0.0017,0.0002,1.5244,0.1386,,,,,,,,,,,,
wastesorting,when_what,ours_when_only,0.8,scene_03,2203,/home/fr/brl/02_BRL_POMDP_CODE/experiments_logs/system_log/wastesorting/scene_03_step50/when_what_ours_when_only_thres_0-8_rand_0-4/exp_wastesorting_20260912_163306_622707.txt,2026-09-12 16:33:06,True,12,5.0,26,5,0.4166666666666667,1.6292,,,2394637227,,GOAL DONE,,,,,,,,,50,8000,1.5406,0.1284,0.0369,0.0031,0.0197,0.0016,0.03,0.0025,0.0017,0.0001,1.6292,0.1358,,,,,,,,,,,,
wastesorting,when_what,ours_when_only,0.8,scene_03,2204,/home/fr/brl/02_BRL_POMDP_CODE/experiments_logs/system_log/wastesorting/scene_03_step50/when_what_ours_when_only_thres_0-8_rand_0-4/exp_wastesorting_20260912_163313_948300.txt,2026-09-12 16:33:13,True,15,10.0,38,9,0.6,2.3267,,,3544407771,,GOAL DONE,,,,,,,,,50,8000,2.1842,0.1456,0.0575,0.0038,0.0384,0.0026,0.0437,0.0029,0.0025,0.0002,2.3266,0.1551,,,,,,,,,,,,
wastesorting,when_what,ours_when_only,0.8,scene_03,2205,/home/fr/brl/02_BRL_POMDP_CODE/experiments_logs/system_log/wastesorting/scene_03_step50/when_what_ours_when_only_thres_0-8_rand_0-4/exp_wastesorting_20260912_163321_074998.txt,2026-09-12 16:33:21,True,10,10.0,15,4,0.4,1.5048,,,151419445,,GOAL DONE,,,,,,,,,50,8000,1.4342,0.1434,0.0346,0.0035,0.0163,0.0016,0.0177,0.0018,0.0017,0.0002,1.5047,0.1505,,,,,,,,,,,,
wastesorting,when_what,ours_when_only,0.8,scene_03,2206,/home/fr/brl/02_BRL_POMDP_CODE/experiments_logs/system_log/wastesorting/scene_03_step50/when_what_ours_when_only_thres_0-8_rand_0-4/exp_wastesorting_20260912_163327_664786.txt,2026-09-12 16:33:27,True,10,15.0,9,2,0.2,1.3816,,,878097152,,GOAL DONE,,,,,,,,,50,8000,1.3171,0.1317,0.0306,0.0031,0.02,0.002,0.0121,0.0012,0.0016,0.0002,1.3816,0.1382,,,,,,,,,,,,
wastesorting,when_what,ours_when_only,0.8,scene_03,2207,/home/fr/brl/02_BRL_POMDP_CODE/experiments_logs/system_log/wastesorting/scene_03_step50/when_what_ours_when_only_thres_0-8_rand_0-4/exp_wastesorting_20260912_163333_918145.txt,2026-09-12 16:33:33,True,12,10.0,15,4,0.3333333333333333,1.7035,,,2160290877,,GOAL DONE,,,,,,,,,50,8000,1.6153,0.1346,0.0426,0.0035,0.0166,0.0014,0.0264,0.0022,0.0023,0.0002,1.7035,0.142,,,,,,,,,,,,
wastesorting,when_what,ours_when_only,0.8,scene_03,2208,/home/fr/brl/02_BRL_POMDP_CODE/experiments_logs/system_log/wastesorting/scene_03_step50/when_what_ours_when_only_thres_0-8_rand_0-4/exp_wastesorting_20260912_163340_153016.txt,2026-09-12 16:33:40,True,11,10.0,19,4,0.36363636363636365,1.554,,,1263200062,,GOAL DONE,,,,,,,,,50,8000,1.4657,0.1332,0.0385,0.0035,0.0164,0.0015,0.0312,0.0028,0.002,0.0002,1.5539,0.1413,,,,,,,,,,,,
wastesorting,when_what,ours_when_only,0.8,scene_03,2209,/home/fr/brl/02_BRL_POMDP_CODE/experiments_logs/system_log/wastesorting/scene_03_step50/when_what_ours_when_only_thres_0-8_rand_0-4/exp_wastesorting_20260912_163348_023713.txt,2026-09-12 16:33:48,True,13,10.0,29,6,0.46153846153846156,1.9613,,,2442584840,,GOAL DONE,,,,,,,,,50,8000,1.8612,0.1432,0.0461,0.0035,0.02,0.0015,0.0318,0.0024,0.002,0.0002,1.9613,0.1509,,,,,,,,,,,,
wastesorting,when_what,ours_when_only,0.8,scene_03,2210,/home/fr/brl/02_BRL_POMDP_CODE/experiments_logs/system_log/wastesorting/scene_03_step50/when_what_ours_when_only_thres_0-8_rand_0-4/exp_wastesorting_20260912_163356_473186.txt,2026-09-12 16:33:56,True,13,0.0,27,6,0.46153846153846156,1.7318,,,995062266,,GOAL DONE,,,,,,,,,50,8000,1.6533,0.1272,0.0419,0.0032,0.0167,0.0013,0.0176,0.0014,0.0019,0.0001,1.7317,0.1332,,,,,,,,,,,,
wastesorting,when_what,ours_when_only,0.8,scene_03,2211,/home/fr/brl/02_BRL_POMDP_CODE/experiments_logs/system_log/wastesorting/scene_03_step50/when_what_ours_when_only_thres_0-8_rand_0-4/exp_wastesorting_20260912_163403_043259.txt,2026-09-12 16:34:03,True,13,15.0,35,6,0.46153846153846156,1.7455,,,1757091912,,GOAL DONE,,,,,,,,,50,8000,1.6437,0.1264,0.0398,0.0031,0.0299,0.0023,0.0297,0.0023,0.002,0.0002,1.7454,0.1343,,,,,,,,,,,,
wastesorting,when_what,ours_when_only,0.8,scene_03,2212,/home/fr/brl/02_BRL_POMDP_CODE/experiments_logs/system_log/wastesorting/scene_03_step50/when_what_ours_when_only_thres_0-8_rand_0-4/exp_wastesorting_20260912_163408_292296.txt,2026-09-12 16:34:08,True,11,15.0,20,3,0.2727272727272727,1.4373,,,703706258,,GOAL DONE,,,,,,,,,50,8000,1.3562,0.1233,0.0375,0.0034,0.0164,0.0015,0.0253,0.0023,0.0016,0.0001,1.4372,0.1307,,,,,,,,,,,,
wastesorting,when_what,ours_when_only,0.8,scene_03,2213,/home/fr/brl/02_BRL_POMDP_CODE/experiments_logs/system_log/wastesorting/scene_03_step50/when_what_ours_when_only_thres_0-8_rand_0-4/exp_wastesorting_20260912_163415_193080.txt,2026-09-12 16:34:15,True,14,20.0,33,7,0.5,2.1992,,,3734705447,,GOAL DONE,,,,,,,,,50,8000,2.0676,0.1477,0.0505,0.0036,0.0409,0.0029,0.0375,0.0027,0.0023,0.0002,2.1991,0.1571,,,,,,,,,,,,
wastesorting,when_what,ours_when_only,0.8,scene_03,2214,/home/fr/brl/02_BRL_POMDP_CODE/experiments_logs/system_log/wastesorting/scene_03_step50/when_what_ours_when_only_thres_0-8_rand_0-4/exp_wastesorting_20260912_163422_544651.txt,2026-09-12 16:34:22,True,13,10.0,27,5,0.38461538461538464,1.8086,,,808931924,,GOAL DONE,,,,,,,,,50,8000,1.7096,0.1315,0.0408,0.0031,0.0228,0.0018,0.0328,0.0025,0.0023,0.0002,1.8085,0.1391,,,,,,,,,,,,
wastesorting,when_what,ours_when_only,0.8,scene_03,2215,/home/fr/brl/02_BRL_POMDP_CODE/experiments_logs/system_log/wastesorting/scene_03_step50/when_what_ours_when_only_thres_0-8_rand_0-4/exp_wastesorting_20260912_163428_948926.txt,2026-09-12 16:34:28,True,11,15.0,16,3,0.2727272727272727,1.6413,,,1010706734,,GOAL DONE,,,,,,,,,50,8000,1.5661,0.1424,0.0343,0.0031,0.0161,0.0015,0.0223,0.002,0.0022,0.0002,1.6413,0.1492,,,,,,,,,,,,
wastesorting,when_what,ours_when_only,0.8,scene_03,2216,/home/fr/brl/02_BRL_POMDP_CODE/experiments_logs/system_log/wastesorting/scene_03_step50/when_what_ours_when_only_thres_0-8_rand_0-4/exp_wastesorting_20260912_163435_037673.txt,2026-09-12 16:34:35,True,10,10.0,20,4,0.4,1.4869,,,1790509877,,GOAL DONE,,,,,,,,,50,8000,1.4094,0.1409,0.0301,0.003,0.0161,0.0016,0.0293,0.0029,0.0018,0.0002,1.4868,0.1487,,,,,,,,,,,,
wastesorting,when_what,ours_when_only,0.8,scene_03,2217,/home/fr/brl/02_BRL_POMDP_CODE/experiments_logs/system_log/wastesorting/scene_03_step50/when_what_ours_when_only_thres_0-8_rand_0-4/exp_wastesorting_20260912_163441_612497.txt,2026-09-12 16:34:41,True,10,15.0,12,2,0.2,1.4909,,,1862543915,,GOAL DONE,,,,,,,,,50,8000,1.4153,0.1415,0.0307,0.0031,0.0161,0.0016,0.0269,0.0027,0.0017,0.0002,1.4908,0.1491,,,,,,,,,,,,
wastesorting,when_what,ours_when_only,0.8,scene_03,2218,/home/fr/brl/02_BRL_POMDP_CODE/experiments_logs/system_log/wastesorting/scene_03_step50/when_what_ours_when_only_thres_0-8_rand_0-4/exp_wastesorting_20260912_163449_012450.txt,2026-09-12 16:34:49,True,11,15.0,23,4,0.36363636363636365,1.4922,,,2836132436,,GOAL DONE,,,,,,,,,50,8000,1.4243,0.1295,0.033,0.003,0.0162,0.0015,0.0166,0.0015,0.0018,0.0002,1.4921,0.1356,,,,,,,,,,,,
wastesorting,when_what,ours_when_only,0.8,scene_03,2219,/home/fr/brl/02_BRL_POMDP_CODE/experiments_logs/system_log/wastesorting/scene_03_step50/when_what_ours_when_only_thres_0-8_rand_0-4/exp_wastesorting_20260912_163455_839777.txt,2026-09-12 16:34:55,True,10,0.0,13,4,0.4,1.4539,,,4248209127,,GOAL DONE,,,,,,,,,50,8000,1.3832,0.1383,0.0301,0.003,0.0163,0.0016,0.0224,0.0022,0.0017,0.0002,1.4538,0.1454,,,,,,,,,,,,
wastesorting,when_what,ours_when_only,0.8,scene_03,2220,/home/fr/brl/02_BRL_POMDP_CODE/experiments_logs/system_log/wastesorting/scene_03_step50/when_what_ours_when_only_thres_0-8_rand_0-4/exp_wastesorting_20260912_163503_404642.txt,2026-09-12 16:35:03,True,10,5.0,22,3,0.3,1.6296,,,1312241461,,GOAL DONE,,,,,,,,,50,8000,1.5404,0.154,0.0368,0.0037,0.0186,0.0019,0.0313,0.0031,0.0021,0.0002,1.6295,0.163,,,,,,,,,,,,
wastesorting,when_what,ours_when_only,0.8,scene_03,2221,/home/fr/brl/02_BRL_POMDP_CODE/experiments_logs/system_log/wastesorting/scene_03_step50/when_what_ours_when_only_thres_0-8_rand_0-4/exp_wastesorting_20260912_163511_983428.txt,2026-09-12 16:35:11,True,13,20.0,34,6,0.46153846153846156,1.9204,,,1849750684,,GOAL DONE,,,,,,,,,50,8000,1.8146,0.1396,0.0403,0.0031,0.0229,0.0018,0.04,0.0031,0.0023,0.0002,1.9204,0.1477,,,,,,,,,,,,
wastesorting,when_what,ours_when_only,0.8,scene_03,2222,/home/fr/brl/02_BRL_POMDP_CODE/experiments_logs/system_log/wastesorting/scene_03_step50/when_what_ours_when_only_thres_0-8_rand_0-4/exp_wastesorting_20260912_163521_151501.txt,2026-09-12 16:35:21,True,13,15.0,42,5,0.38461538461538464,2.1379,,,3532582087,,GOAL DONE,,,,,,,,,50,8000,1.98,0.1523,0.0467,0.0036,0.0388,0.003,0.0699,0.0054,0.0021,0.0002,2.1378,0.1644,,,,,,,,,,,,
wastesorting,when_what,ours_when_only,0.8,scene_03,2223,/home/fr/brl/02_BRL_POMDP_CODE/experiments_logs/system_log/wastesorting/scene_03_step50/when_what_ours_when_only_thres_0-8_rand_0-4/exp_wastesorting_20260912_163528_456079.txt,2026-09-12 16:35:28,True,10,10.0,11,2,0.2,1.3246,,,1682900593,,GOAL DONE,,,,,,,,,50,8000,1.2588,0.1259,0.0311,0.0031,0.0156,0.0016,0.0172,0.0017,0.0016,0.0002,1.3245,0.1325,,,,,,,,,,,,
wastesorting,when_what,ours_when_only,0.8,scene_03,2224,/home/fr/brl/02_BRL_POMDP_CODE/experiments_logs/system_log/wastesorting/scene_03_step50/when_what_ours_when_only_thres_0-8_rand_0-4/exp_wastesorting_20260912_163535_271460.txt,2026-09-12 16:35:35,True,11,10.0,17,4,0.36363636363636365,1.4791,,,2815362486,,GOAL DONE,,,,,,,,,50,8000,1.4133,0.1285,0.0329,0.003,0.0164,0.0015,0.0144,0.0013,0.0018,0.0002,1.479,0.1345,,,,,,,,,,,,
wastesorting,when_what,ours_when_only,0.8,scene_03,2225,/home/fr/brl/02_BRL_POMDP_CODE/experiments_logs/system_log/wastesorting/scene_03_step50/when_what_ours_when_only_thres_0-8_rand_0-4/exp_wastesorting_20260912_163543_236139.txt,2026-09-12 16:35:43,True,12,0.0,31,6,0.5,1.8078,,,408728855,,GOAL DONE,,,,,,,,,50,8000,1.7117,0.1426,0.0367,0.0031,0.0192,0.0016,0.0378,0.0032,0.0021,0.0002,1.8078,0.1506,,,,,,,,,,,,
wastesorting,when_what,ours_when_only,0.8,scene_03,2226,/home/fr/brl/02_BRL_POMDP_CODE/experiments_logs/system_log/wastesorting/scene_03_step50/when_what_ours_when_only_thres_0-8_rand_0-4/exp_wastesorting_20260912_163550_562158.txt,2026-09-12 16:35:50,True,12,15.0,27,4,0.3333333333333333,1.527,,,2192330955,,GOAL DONE,,,,,,,,,50,8000,1.436,0.1197,0.0412,0.0034,0.0169,0.0014,0.0305,0.0025,0.0021,0.0002,1.5269,0.1272,,,,,,,,,,,,
wastesorting,when_what,ours_when_only,0.8,scene_03,2227,/home/fr/brl/02_BRL_POMDP_CODE/experiments_logs/system_log/wastesorting/scene_03_step50/when_what_ours_when_only_thres_0-8_rand_0-4/exp_wastesorting_20260912_163557_312873.txt,2026-09-12 16:35:57,True,11,15.0,18,3,0.2727272727272727,1.5399,,,2090573975,,GOAL DONE,,,,,,,,,50,8000,1.4611,0.1328,0.0361,0.0033,0.0162,0.0015,0.0244,0.0022,0.0019,0.0002,1.5398,0.14,,,,,,,,,,,,
wastesorting,when_what,ours_when_only,0.8,scene_03,2228,/home/fr/brl/02_BRL_POMDP_CODE/experiments_logs/system_log/wastesorting/scene_03_step50/when_what_ours_when_only_thres_0-8_rand_0-4/exp_wastesorting_20260912_163604_276344.txt,2026-09-12 16:36:04,True,12,15.0,27,4,0.3333333333333333,1.6964,,,1932548607,,GOAL DONE,,,,,,,,,50,8000,1.6187,0.1349,0.0364,0.003,0.019,0.0016,0.02,0.0017,0.002,0.0002,1.6963,0.1414,,,,,,,,,,,,
wastesorting,when_what,ours_when_only,0.8,scene_03,2229,/home/fr/brl/02_BRL_POMDP_CODE/experiments_logs/system_log/wastesorting/scene_03_step50/when_what_ours_when_only_thres_0-8_rand_0-4/exp_wastesorting_20260912_163612_529813.txt,2026-09-12 16:36:12,True,14,5.0,38,8,0.5714285714285714,1.9114,,,1123572063,,GOAL DONE,,,,,,,,,50,8000,1.8128,0.1295,0.0446,0.0032,0.0232,0.0017,0.0279,0.002,0.0025,0.0002,1.9113,0.1365,,,,,,,,,,,,
wastesorting,when_what,ours_when_only,0.8,scene_03,2230,/home/fr/brl/02_BRL_POMDP_CODE/experiments_logs/system_log/wastesorting/scene_03_step50/when_what_ours_when_only_thres_0-8_rand_0-4/exp_wastesorting_20260912_163621_271504.txt,2026-09-12 16:36:21,True,14,5.0,42,7,0.5,1.916,,,4128056421,,GOAL DONE,,,,,,,,,50,8000,1.7743,0.1267,0.0517,0.0037,0.0383,0.0027,0.049,0.0035,0.0025,0.0002,1.916,0.1369,,,,,,,,,,,,
wastesorting,when_what,ours_when_only,0.8,scene_03,2231,/home/fr/brl/02_BRL_POMDP_CODE/experiments_logs/system_log/wastesorting/scene_03_step50/when_what_ours_when_only_thres_0-8_rand_0-4/exp_wastesorting_20260912_163628_891592.txt,2026-09-12 16:36:28,True,11,0.0,18,6,0.5454545454545454,1.5861,,,428908864,,GOAL DONE,,,,,,,,,50,8000,1.5127,0.1375,0.033,0.003,0.0167,0.0015,0.0216,0.002,0.0019,0.0002,1.5861,0.1442,,,,,,,,,,,,
wastesorting,when_what,ours_when_only,0.8,scene_03,2232,/home/fr/brl/02_BRL_POMDP_CODE/experiments_logs/system_log/wastesorting/scene_03_step50/when_what_ours_when_only_thres_0-8_rand_0-4/exp_wastesorting_20260912_163635_474109.txt,2026-09-12 16:36:35,True,10,15.0,15,3,0.3,1.3966,,,3643526193,,GOAL DONE,,,,,,,,,50,8000,1.329,0.1329,0.0304,0.003,0.0165,0.0016,0.0188,0.0019,0.0017,0.0002,1.3965,0.1396,,,,,,,,,,,,
wastesorting,when_what,ours_when_only,0.8,scene_03,2233,/home/fr/brl/02_BRL_POMDP_CODE/experiments_logs/system_log/wastesorting/scene_03_step50/when_what_ours_when_only_thres_0-8_rand_0-4/exp_wastesorting_20260912_163642_352193.txt,2026-09-12 16:36:42,True,12,10.0,29,5,0.4166666666666667,1.7772,,,3925417317,,GOAL DONE,,,,,,,,,50,8000,1.6726,0.1394,0.0431,0.0036,0.0197,0.0016,0.0394,0.0033,0.0022,0.0002,1.7771,0.1481,,,,,,,,,,,,
wastesorting,when_what,ours_when_only,0.8,scene_03,2234,/home/fr/brl/02_BRL_POMDP_CODE/experiments_logs/system_log/wastesorting/scene_03_step50/when_what_ours_when_only_thres_0-8_rand_0-4/exp_wastesorting_20260912_163650_239483.txt,2026-09-12 16:36:50,True,12,5.0,29,6,0.5,1.6579,,,3952233946,,GOAL DONE,,,,,,,,,50,8000,1.5689,0.1307,0.0412,0.0034,0.0169,0.0014,0.0286,0.0024,0.0021,0.0002,1.6578,0.1382,,,,,,,,,,,,
wastesorting,when_what,ours_when_only,0.8,scene_03,2235,/home/fr/brl/02_BRL_POMDP_CODE/experiments_logs/system_log/wastesorting/scene_03_step50/when_what_ours_when_only_thres_0-8_rand_0-4/exp_wastesorting_20260912_163657_276722.txt,2026-09-12 16:36:57,True,13,15.0,29,5,0.38461538461538464,1.6783,,,3772505736,,GOAL DONE,,,,,,,,,50,8000,1.5837,0.1218,0.044,0.0034,0.0288,0.0022,0.0192,0.0015,0.0024,0.0002,1.6783,0.1291,,,,,,,,,,,,
wastesorting,when_what,ours_when_only,0.8,scene_03,2236,/home/fr/brl/02_BRL_POMDP_CODE/experiments_logs/system_log/wastesorting/scene_03_step50/when_what_ours_when_only_thres_0-8_rand_0-4/exp_wastesorting_20260912_163703_560768.txt,2026-09-12 16:37:03,True,11,0.0,18,4,0.36363636363636365,1.4995,,,2200107462,,GOAL DONE,,,,,,,,,50,8000,1.4175,0.1289,0.0372,0.0034,0.0166,0.0015,0.026,0.0024,0.0019,0.0002,1.4994,0.1363,,,,,,,,,,,,
wastesorting,when_what,ours_when_only,0.8,scene_03,2237,/home/fr/brl/02_BRL_POMDP_CODE/experiments_logs/system_log/wastesorting/scene_03_step50/when_what_ours_when_only_thres_0-8_rand_0-4/exp_wastesorting_20260912_163709_923976.txt,2026-09-12 16:37:09,True,11,15.0,21,3,0.2727272727272727,1.5829,,,1065524053,,GOAL DONE,,,,,,,,,50,8000,1.5106,0.1373,0.0341,0.0031,0.0186,0.0017,0.017,0.0015,0.0024,0.0002,1.5829,0.1439,,,,,,,,,,,,
wastesorting,when_what,ours_when_only,0.8,scene_03,2238,/home/fr/brl/02_BRL_POMDP_CODE/experiments_logs/system_log/wastesorting/scene_03_step50/when_what_ours_when_only_thres_0-8_rand_0-4/exp_wastesorting_20260912_163717_521928.txt,2026-09-12 16:37:17,True,13,15.0,32,6,0.46153846153846156,2.082,,,1429072852,,GOAL DONE,,,,,,,,,50,8000,1.9439,0.1495,0.0496,0.0038,0.0388,0.003,0.0471,0.0036,0.0022,0.0002,2.0819,0.1601,,,,,,,,,,,,
wastesorting,when_what,ours_when_only,0.8,scene_03,2239,/home/fr/brl/02_BRL_POMDP_CODE/experiments_logs/system_log/wastesorting/scene_03_step50/when_what_ours_when_only_thres_0-8_rand_0-4/exp_wastesorting_20260912_163725_792941.txt,2026-09-12 16:37:25,True,14,15.0,30,6,0.42857142857142855,1.8665,,,1198822842,,GOAL DONE,,,,,,,,,50,8000,1.7664,0.1262,0.0429,0.0031,0.0203,0.0015,0.0341,0.0024,0.0024,0.0002,1.8664,0.1333,,,,,,,,,,,,
wastesorting,when_what,ours_when_only,0.8,scene_03,2240,/home/fr/brl/02_BRL_POMDP_CODE/experiments_logs/system_log/wastesorting/scene_03_step50/when_what_ours_when_only_thres_0-8_rand_0-4/exp_wastesorting_20260912_163734_021740.txt,2026-09-12 16:37:34,True,12,20.0,28,4,0.3333333333333333,1.9419,,,864565644,,GOAL DONE,,,,,,,,,50,8000,1.8257,0.1521,0.0394,0.0033,0.0348,0.0029,0.0396,0.0033,0.0021,0.0002,1.9418,0.1618,,,,,,,,,,,,
wastesorting,when_what,random,0.8,scene_03,2241,/home/fr/brl/02_BRL_POMDP_CODE/experiments_logs/system_log/wastesorting/scene_03_step50/when_what_random_thres_0-8_rand_0-4/exp_wastesorting_20260912_163249_594571.txt,2026-09-12 16:32:49,True,13,15.0,9,5,0.38461538461538464,1.7424,,,935228514,,GOAL DONE,,,,,,,,,50,8000,1.6688,0.1284,0.0438,0.0034,0.0225,0.0017,0.005,0.0004,0.0021,0.0002,1.7423,0.134,,,,,,,,,,,,
wastesorting,when_what,random,0.8,scene_03,2242,/home/fr/brl/02_BRL_POMDP_CODE/experiments_logs/system_log/wastesorting/scene_03_step50/when_what_random_thres_0-8_rand_0-4/exp_wastesorting_20260912_163257_449831.txt,2026-09-12 16:32:57,True,13,10.0,16,4,0.3076923076923077,2.1374,,,1971182115,,GOAL DONE,,,,,,,,,50,8000,2.0274,0.156,0.0472,0.0036,0.0321,0.0025,0.0277,0.0021,0.0028,0.0002,2.1374,0.1644,,,,,,,,,,,,
wastesorting,when_what,random,0.8,scene_03,2243,/home/fr/brl/02_BRL_POMDP_CODE/experiments_logs/system_log/wastesorting/scene_03_step50/when_what_random_thres_0-8_rand_0-4/exp_wastesorting_20260912_163304_866723.txt,2026-09-12 16:33:04,True,13,20.0,2,2,0.15384615384615385,1.7122,,,2394637227,,GOAL DONE,,,,,,,,,50,8000,1.6455,0.1266,0.0447,0.0034,0.0172,0.0013,0.0023,0.0002,0.0022,0.0002,1.7121,0.1317,,,,,,,,,,,,
wastesorting,when_what,random,0.8,scene_03,2244,/home/fr/brl/02_BRL_POMDP_CODE/experiments_logs/system_log/wastesorting/scene_03_step50/when_what_random_thres_0-8_rand_0-4/exp_wastesorting_20260912_163311_469598.txt,2026-09-12 16:33:11,False,4,0.0,8,1,0.25,1.2208,,,3544407771,,PLAN FAILURE,,,,,,,,,50,8000,1.1473,0.2868,0.0209,0.0052,0.0311,0.0078,0.0207,0.0052,0.0007,0.0002,1.2207,0.3052,,,,,,,,,,,,
wastesorting,when_what,random,0.8,scene_03,2245,/home/fr/brl/02_BRL_POMDP_CODE/experiments_logs/system_log/wastesorting/scene_03_step50/when_what_random_thres_0-8_rand_0-4/exp_wastesorting_20260912_163319_443131.txt,2026-09-12 16:33:19,True,11,20.0,16,7,0.6363636363636364,1.5604,,,151419445,,GOAL DONE,,,,,,,,,50,8000,1.4954,0.1359,0.0374,0.0034,0.0186,0.0017,0.0066,0.0006,0.002,0.0002,1.5603,0.1418,,,,,,,,,,,,
wastesorting,when_what,random,0.8,scene_03,2246,/home/fr/brl/02_BRL_POMDP_CODE/experiments_logs/system_log/wastesorting/scene_03_step50/when_what_random_thres_0-8_rand_0-4/exp_wastesorting_20260912_163326_146428.txt,2026-09-12 16:33:26,True,12,15.0,6,6,0.5,1.5701,,,878097152,,GOAL DONE,,,,,,,,,50,8000,1.51,0.1258,0.0356,0.003,0.0192,0.0016,0.0025,0.0002,0.0023,0.0002,1.57,0.1308,,,,,,,,,,,,
wastesorting,when_what,random,0.8,scene_03,2247,/home/fr/brl/02_BRL_POMDP_CODE/experiments_logs/system_log/wastesorting/scene_03_step50/when_what_random_thres_0-8_rand_0-4/exp_wastesorting_20260912_163332_081573.txt,2026-09-12 16:33:32,False,5,0.0,0,0,0.0,1.0136,,,2160290877,,PLAN FAILURE,,,,,,,,,50,8000,0.9806,0.1961,0.0165,0.0033,0.0152,0.003,0.0005,0.0001,0.0007,0.0001,1.0136,0.2027,,,,,,,,,,,,
wastesorting,when_what,random,0.8,scene_03,2248,/home/fr/brl/02_BRL_POMDP_CODE/experiments_logs/system_log/wastesorting/scene_03_step50/when_what_random_thres_0-8_rand_0-4/exp_wastesorting_20260912_163338_462904.txt,2026-09-12 16:33:38,True,11,10.0,6,4,0.36363636363636365,1.4917,,,1263200062,,GOAL DONE,,,,,,,,,50,8000,1.4375,0.1307,0.0332,0.003,0.0162,0.0015,0.0025,0.0002,0.002,0.0002,1.4916,0.1356,,,,,,,,,,,,
wastesorting,when_what,random,0.8,scene_03,2249,/home/fr/brl/02_BRL_POMDP_CODE/experiments_logs/system_log/wastesorting/scene_03_step50/when_what_random_thres_0-8_rand_0-4/exp_wastesorting_20260912_163345_929390.txt,2026-09-12 16:33:45,True,17,20.0,18,6,0.35294117647058826,2.3936,,,2442584840,,GOAL DONE,,,,,,,,,50,8000,2.2991,0.1352,0.0521,0.0031,0.0259,0.0015,0.013,0.0008,0.0031,0.0002,2.3935,0.1408,,,,,,,,,,,,
wastesorting,when_what,random,0.8,scene_03,2250,/home/fr/brl/02_BRL_POMDP_CODE/experiments_logs/system_log/wastesorting/scene_03_step50/when_what_random_thres_0-8_rand_0-4/exp_wastesorting_20260912_163354_610554.txt,2026-09-12 16:33:54,True,13,0.0,22,6,0.46153846153846156,1.7551,,,995062266,,GOAL DONE,,,,,,,,,50,8000,1.6752,0.1289,0.0433,0.0033,0.0169,0.0013,0.0171,0.0013,0.0022,0.0002,1.755,0.135,,,,,,,,,,,,
wastesorting,when_what,random,0.8,scene_03,2251,/home/fr/brl/02_BRL_POMDP_CODE/experiments_logs/system_log/wastesorting/scene_03_step50/when_what_random_thres_0-8_rand_0-4/exp_wastesorting_20260912_163401_168725.txt,2026-09-12 16:34:01,False,3,0.0,0,0,0.0,0.7948,,,1757091912,,PLAN FAILURE,,,,,,,,,50,8000,0.7645,0.2548,0.011,0.0037,0.0185,0.0062,0.0003,0.0001,0.0003,0.0001,0.7948,0.2649,,,,,,,,,,,,
wastesorting,when_what,random,0.8,scene_03,2252,/home/fr/brl/02_BRL_POMDP_CODE/experiments_logs/system_log/wastesorting/scene_03_step50/when_what_random_thres_0-8_rand_0-4/exp_wastesorting_20260912_163406_724718.txt,2026-09-12 16:34:06,False,3,0.0,1,1,0.3333333333333333,0.7479,,,703706258,,PLAN FAILURE,,,,,,,,,50,8000,0.7201,0.24,0.0108,0.0036,0.0151,0.005,0.0014,0.0005,0.0004,0.0001,0.7478,0.2493,,,,,,,,,,,,
wastesorting,when_what,random,0.8,scene_03,2253,/home/fr/brl/02_BRL_POMDP_CODE/experiments_logs/system_log/wastesorting/scene_03_step50/when_what_random_thres_0-8_rand_0-4/exp_wastesorting_20260912_163412_863154.txt,2026-09-12 16:34:12,False,13,10.0,25,7,0.5384615384615384,1.9734,,,3734705447,,PLAN FAILURE,,,,,,,,,50,8000,1.8766,0.1444,0.0414,0.0032,0.0386,0.003,0.0147,0.0011,0.0018,0.0001,1.9734,0.1518,,,,,,,,,,,,
wastesorting,when_what,random,0.8,scene_03,2254,/home/fr/brl/02_BRL_POMDP_CODE/experiments_logs/system_log/wastesorting/scene_03_step50/when_what_random_thres_0-8_rand_0-4/exp_wastesorting_20260912_163420_611440.txt,2026-09-12 16:34:20,False,5,5.0,3,3,0.6,0.8772,,,808931924,,PLAN FAILURE,,,,,,,,,50,8000,0.8436,0.1687,0.0161,0.0032,0.015,0.003,0.0017,0.0003,0.0007,0.0001,0.8771,0.1754,,,,,,,,,,,,
wastesorting,when_what,random,0.8,scene_03,2255,/home/fr/brl/02_BRL_POMDP_CODE/experiments_logs/system_log/wastesorting/scene_03_step50/when_what_random_thres_0-8_rand_0-4/exp_wastesorting_20260912_163427_177146.txt,2026-09-12 16:34:27,True,11,15.0,15,4,0.36363636363636365,1.6056,,,1010706734,,GOAL DONE,,,,,,,,,50,8000,1.5324,0.1393,0.033,0.003,0.0161,0.0015,0.0219,0.002,0.0018,0.0002,1.6055,0.146,,,,,,,,,,,,
wastesorting,when_what,random,0.8,scene_03,2256,/home/fr/brl/02_BRL_POMDP_CODE/experiments_logs/system_log/wastesorting/scene_03_step50/when_what_random_thres_0-8_rand_0-4/exp_wastesorting_20260912_163433_419770.txt,2026-09-12 16:34:33,False,3,0.0,0,0,0.0,0.8272,,,1790509877,,PLAN FAILURE,,,,,,,,,50,8000,0.8005,0.2668,0.011,0.0037,0.0149,0.005,0.0004,0.0001,0.0004,0.0001,0.8272,0.2757,,,,,,,,,,,,
wastesorting,when_what,random,0.8,scene_03,2257,/home/fr/brl/02_BRL_POMDP_CODE/experiments_logs/system_log/wastesorting/scene_03_step50/when_what_random_thres_0-8_rand_0-4/exp_wastesorting_20260912_163439_987608.txt,2026-09-12 16:34:39,True,16,15.0,23,8,0.5,2.2657,,,1862543915,,GOAL DONE,,,,,,,,,50,8000,2.1585,0.1349,0.0496,0.0031,0.0225,0.0014,0.0317,0.002,0.003,0.0002,2.2656,0.1416,,,,,,,,,,,,
wastesorting,when_what,random,0.8,scene_03,2258,/home/fr/brl/02_BRL_POMDP_CODE/experiments_logs/system_log/wastesorting/scene_03_step50/when_what_random_thres_0-8_rand_0-4/exp_wastesorting_20260912_163447_389227.txt,2026-09-12 16:34:47,True,13,5.0,21,9,0.6923076923076923,1.7059,,,2836132436,,GOAL DONE,,,,,,,,,50,8000,1.6309,0.1255,0.0381,0.0029,0.0188,0.0014,0.0158,0.0012,0.002,0.0002,1.7059,0.1312,,,,,,,,,,,,
wastesorting,when_what,random,0.8,scene_03,2259,/home/fr/brl/02_BRL_POMDP_CODE/experiments_logs/system_log/wastesorting/scene_03_step50/when_what_random_thres_0-8_rand_0-4/exp_wastesorting_20260912_163454_258747.txt,2026-09-12 16:34:54,True,12,15.0,1,1,0.08333333333333333,1.6171,,,4248209127,,GOAL DONE,,,,,,,,,50,8000,1.5549,0.1296,0.0409,0.0034,0.0165,0.0014,0.0021,0.0002,0.0024,0.0002,1.6171,0.1348,,,,,,,,,,,,
wastesorting,when_what,random,0.8,scene_03,2260,/home/fr/brl/02_BRL_POMDP_CODE/experiments_logs/system_log/wastesorting/scene_03_step50/when_what_random_thres_0-8_rand_0-4/exp_wastesorting_20260912_163501_642331.txt,2026-09-12 16:35:01,True,18,5.0,20,7,0.3888888888888889,2.3192,,,1312241461,,GOAL DONE,,,,,,,,,50,8000,2.2252,0.1236,0.0557,0.0031,0.0245,0.0014,0.0103,0.0006,0.003,0.0002,2.3191,0.1288,,,,,,,,,,,,
wastesorting,when_what,random,0.8,scene_03,2261,/home/fr/brl/02_BRL_POMDP_CODE/experiments_logs/system_log/wastesorting/scene_03_step50/when_what_random_thres_0-8_rand_0-4/exp_wastesorting_20260912_163509_929598.txt,2026-09-12 16:35:09,True,18,15.0,26,7,0.3888888888888889,2.2451,,,1849750684,,GOAL DONE,,,,,,,,,50,8000,2.1529,0.1196,0.0558,0.0031,0.0236,0.0013,0.0094,0.0005,0.0029,0.0002,2.245,0.1247,,,,,,,,,,,,
wastesorting,when_what,random,0.8,scene_03,2262,/home/fr/brl/02_BRL_POMDP_CODE/experiments_logs/system_log/wastesorting/scene_03_step50/when_what_random_thres_0-8_rand_0-4/exp_wastesorting_20260912_163518_884016.txt,2026-09-12 16:35:18,True,16,15.0,21,9,0.5625,2.3349,,,3532582087,,GOAL DONE,,,,,,,,,50,8000,2.2216,0.1389,0.0518,0.0032,0.0364,0.0023,0.0218,0.0014,0.0029,0.0002,2.3348,0.1459,,,,,,,,,,,,
wastesorting,when_what,random,0.8,scene_03,2263,/home/fr/brl/02_BRL_POMDP_CODE/experiments_logs/system_log/wastesorting/scene_03_step50/when_what_random_thres_0-8_rand_0-4/exp_wastesorting_20260912_163527_001277.txt,2026-09-12 16:35:27,True,10,10.0,4,4,0.4,1.2853,,,1682900593,,GOAL DONE,,,,,,,,,50,8000,1.233,0.1233,0.0332,0.0033,0.0154,0.0015,0.0021,0.0002,0.0014,0.0001,1.2853,0.1285,,,,,,,,,,,,
wastesorting,when_what,random,0.8,scene_03,2264,/home/fr/brl/02_BRL_POMDP_CODE/experiments_logs/system_log/wastesorting/scene_03_step50/when_what_random_thres_0-8_rand_0-4/exp_wastesorting_20260912_163533_661240.txt,2026-09-12 16:35:33,True,13,10.0,17,4,0.3076923076923077,2.1499,,,2815362486,,GOAL DONE,,,,,,,,,50,8000,2.0463,0.1574,0.0422,0.0032,0.0347,0.0027,0.0242,0.0019,0.0022,0.0002,2.1498,0.1654,,,,,,,,,,,,
wastesorting,when_what,random,0.8,scene_03,2265,/home/fr/brl/02_BRL_POMDP_CODE/experiments_logs/system_log/wastesorting/scene_03_step50/when_what_random_thres_0-8_rand_0-4/exp_wastesorting_20260912_163541_293534.txt,2026-09-12 16:35:41,True,13,15.0,22,4,0.3076923076923077,1.9092,,,408728855,,GOAL DONE,,,,,,,,,50,8000,1.811,0.1393,0.0441,0.0034,0.0198,0.0015,0.0315,0.0024,0.0025,0.0002,1.9092,0.1469,,,,,,,,,,,,
wastesorting,when_what,random,0.8,scene_03,2266,/home/fr/brl/02_BRL_POMDP_CODE/experiments_logs/system_log/wastesorting/scene_03_step50/when_what_random_thres_0-8_rand_0-4/exp_wastesorting_20260912_163548_908105.txt,2026-09-12 16:35:48,True,11,15.0,3,3,0.2727272727272727,1.5682,,,2192330955,,GOAL DONE,,,,,,,,,50,8000,1.5078,0.1371,0.0377,0.0034,0.0187,0.0017,0.0021,0.0002,0.0017,0.0002,1.5682,0.1426,,,,,,,,,,,,
wastesorting,when_what,random,0.8,scene_03,2267,/home/fr/brl/02_BRL_POMDP_CODE/experiments_logs/system_log/wastesorting/scene_03_step50/when_what_random_thres_0-8_rand_0-4/exp_wastesorting_20260912_163555_639516.txt,2026-09-12 16:35:55,True,11,10.0,16,6,0.5454545454545454,1.5147,,,2090573975,,GOAL DONE,,,,,,,,,50,8000,1.4379,0.1307,0.0358,0.0033,0.0155,0.0014,0.0234,0.0021,0.0018,0.0002,1.5146,0.1377,,,,,,,,,,,,
wastesorting,when_what,random,0.8,scene_03,2268,/home/fr/brl/02_BRL_POMDP_CODE/experiments_logs/system_log/wastesorting/scene_03_step50/when_what_random_thres_0-8_rand_0-4/exp_wastesorting_20260912_163602_448768.txt,2026-09-12 16:36:02,True,12,15.0,4,4,0.3333333333333333,1.7116,,,1932548607,,GOAL DONE,,,,,,,,,50,8000,1.6511,0.1376,0.0368,0.0031,0.0189,0.0016,0.0023,0.0002,0.0021,0.0002,1.7116,0.1426,,,,,,,,,,,,
wastesorting,when_what,random,0.8,scene_03,2269,/home/fr/brl/02_BRL_POMDP_CODE/experiments_logs/system_log/wastesorting/scene_03_step50/when_what_random_thres_0-8_rand_0-4/exp_wastesorting_20260912_163610_485930.txt,2026-09-12 16:36:10,True,14,0.0,11,6,0.42857142857142855,2.4393,,,1123572063,,GOAL DONE,,,,,,,,,50,8000,2.3494,0.1678,0.044,0.0031,0.0351,0.0025,0.0072,0.0005,0.0033,0.0002,2.4392,0.1742,,,,,,,,,,,,
wastesorting,when_what,random,0.8,scene_03,2270,/home/fr/brl/02_BRL_POMDP_CODE/experiments_logs/system_log/wastesorting/scene_03_step50/when_what_random_thres_0-8_rand_0-4/exp_wastesorting_20260912_163619_220564.txt,2026-09-12 16:36:19,True,14,5.0,17,5,0.35714285714285715,1.9642,,,4128056421,,GOAL DONE,,,,,,,,,50,8000,1.8441,0.1317,0.0553,0.004,0.0405,0.0029,0.0214,0.0015,0.0025,0.0002,1.9641,0.1403,,,,,,,,,,,,
wastesorting,when_what,random,0.8,scene_03,2271,/home/fr/brl/02_BRL_POMDP_CODE/experiments_logs/system_log/wastesorting/scene_03_step50/when_what_random_thres_0-8_rand_0-4/exp_wastesorting_20260912_163627_178457.txt,2026-09-12 16:36:27,True,12,0.0,11,5,0.4166666666666667,1.6957,,,428908864,,GOAL DONE,,,,,,,,,50,8000,1.637,0.1364,0.0356,0.003,0.0166,0.0014,0.0037,0.0003,0.0024,0.0002,1.6956,0.1413,,,,,,,,,,,,
wastesorting,when_what,random,0.8,scene_03,2272,/home/fr/brl/02_BRL_POMDP_CODE/experiments_logs/system_log/wastesorting/scene_03_step50/when_what_random_thres_0-8_rand_0-4/exp_wastesorting_20260912_163633_970093.txt,2026-09-12 16:36:33,True,10,15.0,6,2,0.2,1.4015,,,3643526193,,GOAL DONE,,,,,,,,,50,8000,1.3492,0.1349,0.0309,0.0031,0.0165,0.0016,0.003,0.0003,0.0018,0.0002,1.4015,0.1401,,,,,,,,,,,,
wastesorting,when_what,random,0.8,scene_03,2273,/home/fr/brl/02_BRL_POMDP_CODE/experiments_logs/system_log/wastesorting/scene_03_step50/when_what_random_thres_0-8_rand_0-4/exp_wastesorting_20260912_163640_445589.txt,2026-09-12 16:36:40,True,12,10.0,16,3,0.25,1.8108,,,3925417317,,GOAL DONE,,,,,,,,,50,8000,1.7158,0.143,0.0375,0.0031,0.0199,0.0017,0.0353,0.0029,0.0021,0.0002,1.8108,0.1509,,,,,,,,,,,,
wastesorting,when_what,random,0.8,scene_03,2274,/home/fr/brl/02_BRL_POMDP_CODE/experiments_logs/system_log/wastesorting/scene_03_step50/when_what_random_thres_0-8_rand_0-4/exp_wastesorting_20260912_163648_444391.txt,2026-09-12 16:36:48,True,18,10.0,25,8,0.4444444444444444,2.1456,,,3952233946,,GOAL DONE,,,,,,,,,50,8000,2.0427,0.1135,0.0531,0.003,0.0187,0.001,0.0278,0.0015,0.0028,0.0002,2.1455,0.1192,,,,,,,,,,,,
wastesorting,when_what,random,0.8,scene_03,2275,/home/fr/brl/02_BRL_POMDP_CODE/experiments_logs/system_log/wastesorting/scene_03_step50/when_what_random_thres_0-8_rand_0-4/exp_wastesorting_20260912_163655_472421.txt,2026-09-12 16:36:55,False,5,0.0,1,1,0.2,1.0209,,,3772505736,,PLAN FAILURE,,,,,,,,,50,8000,0.9782,0.1956,0.0213,0.0043,0.0186,0.0037,0.002,0.0004,0.0008,0.0002,1.0209,0.2042,,,,,,,,,,,,
wastesorting,when_what,random,0.8,scene_03,2276,/home/fr/brl/02_BRL_POMDP_CODE/experiments_logs/system_log/wastesorting/scene_03_step50/when_what_random_thres_0-8_rand_0-4/exp_wastesorting_20260912_163701_925089.txt,2026-09-12 16:37:01,True,11,0.0,19,4,0.36363636363636365,1.5119,,,2200107462,,GOAL DONE,,,,,,,,,50,8000,1.4287,0.1299,0.0374,0.0034,0.0169,0.0015,0.0266,0.0024,0.002,0.0002,1.5118,0.1374,,,,,,,,,,,,
wastesorting,when_what,random,0.8,scene_03,2277,/home/fr/brl/02_BRL_POMDP_CODE/experiments_logs/system_log/wastesorting/scene_03_step50/when_what_random_thres_0-8_rand_0-4/exp_wastesorting_20260912_163708_215919.txt,2026-09-12 16:37:08,False,8,5.0,5,2,0.25,1.3436,,,1065524053,,PLAN FAILURE,,,,,,,,,50,8000,1.2903,0.1613,0.0262,0.0033,0.0212,0.0027,0.0044,0.0005,0.0013,0.0002,1.3436,0.168,,,,,,,,,,,,
wastesorting,when_what,random,0.8,scene_03,2278,/home/fr/brl/02_BRL_POMDP_CODE/experiments_logs/system_log/wastesorting/scene_03_step50/when_what_random_thres_0-8_rand_0-4/exp_wastesorting_20260912_163715_307135.txt,2026-09-12 16:37:15,True,13,15.0,30,6,0.46153846153846156,2.0179,,,1429072852,,GOAL DONE,,,,,,,,,50,8000,1.8931,0.1456,0.0456,0.0035,0.0322,0.0025,0.0444,0.0034,0.0023,0.0002,2.0179,0.1552,,,,,,,,,,,,
wastesorting,when_what,random,0.8,scene_03,2279,/home/fr/brl/02_BRL_POMDP_CODE/experiments_logs/system_log/wastesorting/scene_03_step50/when_what_random_thres_0-8_rand_0-4/exp_wastesorting_20260912_163723_792438.txt,2026-09-12 16:37:23,True,13,10.0,17,5,0.38461538461538464,1.8566,,,1198822842,,GOAL DONE,,,,,,,,,50,8000,1.7596,0.1354,0.0408,0.0031,0.0231,0.0018,0.0306,0.0024,0.0022,0.0002,1.8565,0.1428,,,,,,,,,,,,
wastesorting,when_what,random,0.8,scene_03,2280,/home/fr/brl/02_BRL_POMDP_CODE/experiments_logs/system_log/wastesorting/scene_03_step50/when_what_random_thres_0-8_rand_0-4/exp_wastesorting_20260912_163731_944177.txt,2026-09-12 16:37:31,True,14,20.0,31,8,0.5714285714285714,2.0638,,,864565644,,GOAL DONE,,,,,,,,,50,8000,1.9504,0.1393,0.0506,0.0036,0.0349,0.0025,0.0251,0.0018,0.0024,0.0002,2.0637,0.1474,,,,,,,,,,,,
wastesorting,when_what,ours,0.8,scene_04,2881,/home/fr/brl/02_BRL_POMDP_CODE/experiments_logs/system_log/wastesorting/scene_04_step50/when_what_ours_thres_0-8_rand_0-4/exp_wastesorting_20260912_163745_164681.txt,2026-09-12 16:37:45,True,11,10.0,12,3,0.2727272727272727,1.585,,,3291161639,,GOAL DONE,,,,,,,,,50,8000,1.507,0.137,0.0337,0.0031,0.0187,0.0017,0.0237,0.0022,0.0018,0.0002,1.585,0.1441,,,,,,,,,,,,
wastesorting,when_what,ours,0.8,scene_04,2882,/home/fr/brl/02_BRL_POMDP_CODE/experiments_logs/system_log/wastesorting/scene_04_step50/when_what_ours_thres_0-8_rand_0-4/exp_wastesorting_20260912_163753_451136.txt,2026-09-12 16:37:53,True,13,15.0,16,6,0.46153846153846156,1.7815,,,1838985415,,GOAL DONE,,,,,,,,,50,8000,1.6881,0.1299,0.0462,0.0036,0.0233,0.0018,0.0212,0.0016,0.0023,0.0002,1.7814,0.137,,,,,,,,,,,,
wastesorting,when_what,ours,0.8,scene_04,2883,/home/fr/brl/02_BRL_POMDP_CODE/experiments_logs/system_log/wastesorting/scene_04_step50/when_what_ours_thres_0-8_rand_0-4/exp_wastesorting_20260912_163801_139042.txt,2026-09-12 16:38:01,True,14,20.0,13,6,0.42857142857142855,1.7679,,,1973069430,,GOAL DONE,,,,,,,,,50,8000,1.6865,0.1205,0.0415,0.003,0.02,0.0014,0.0176,0.0013,0.002,0.0001,1.7678,0.1263,,,,,,,,,,,,
wastesorting,when_what,ours,0.8,scene_04,2884,/home/fr/brl/02_BRL_POMDP_CODE/experiments_logs/system_log/wastesorting/scene_04_step50/when_what_ours_thres_0-8_rand_0-4/exp_wastesorting_20260912_163809_224658.txt,2026-09-12 16:38:09,True,12,25.0,11,4,0.3333333333333333,1.9912,,,414427021,,GOAL DONE,,,,,,,,,50,8000,1.8896,0.1575,0.0408,0.0034,0.032,0.0027,0.0257,0.0021,0.0027,0.0002,1.9911,0.1659,,,,,,,,,,,,
wastesorting,when_what,ours,0.8,scene_04,2885,/home/fr/brl/02_BRL_POMDP_CODE/experiments_logs/system_log/wastesorting/scene_04_step50/when_what_ours_thres_0-8_rand_0-4/exp_wastesorting_20260912_163816_261901.txt,2026-09-12 16:38:16,True,11,25.0,10,5,0.45454545454545453,1.614,,,3201562577,,GOAL DONE,,,,,,,,,50,8000,1.5441,0.1404,0.0332,0.003,0.0186,0.0017,0.016,0.0015,0.0018,0.0002,1.6139,0.1467,,,,,,,,,,,,
wastesorting,when_what,ours,0.8,scene_04,2886,/home/fr/brl/02_BRL_POMDP_CODE/experiments_logs/system_log/wastesorting/scene_04_step50/when_what_ours_thres_0-8_rand_0-4/exp_wastesorting_20260912_163823_737138.txt,2026-09-12 16:38:23,True,12,20.0,9,4,0.3333333333333333,1.5744,,,2350780499,,GOAL DONE,,,,,,,,,50,8000,1.5017,0.1251,0.0391,0.0033,0.0166,0.0014,0.0148,0.0012,0.0019,0.0002,1.5743,0.1312,,,,,,,,,,,,
wastesorting,when_what,ours,0.8,scene_04,2887,/home/fr/brl/02_BRL_POMDP_CODE/experiments_logs/system_log/wastesorting/scene_04_step50/when_what_ours_thres_0-8_rand_0-4/exp_wastesorting_20260912_163833_348714.txt,2026-09-12 16:38:33,True,13,15.0,15,6,0.46153846153846156,2.2249,,,2401657902,,GOAL DONE,,,,,,,,,50,8000,2.1043,0.1619,0.0474,0.0036,0.0427,0.0033,0.0279,0.0021,0.0024,0.0002,2.2248,0.1711,,,,,,,,,,,,
wastesorting,when_what,ours,0.8,scene_04,2888,/home/fr/brl/02_BRL_POMDP_CODE/experiments_logs/system_log/wastesorting/scene_04_step50/when_what_ours_thres_0-8_rand_0-4/exp_wastesorting_20260912_163839_815260.txt,2026-09-12 16:38:39,True,13,20.0,14,6,0.46153846153846156,1.8162,,,3182553066,,GOAL DONE,,,,,,,,,50,8000,1.7282,0.1329,0.0464,0.0036,0.0202,0.0016,0.0189,0.0015,0.002,0.0002,1.8161,0.1397,,,,,,,,,,,,
wastesorting,when_what,ours,0.8,scene_04,2889,/home/fr/brl/02_BRL_POMDP_CODE/experiments_logs/system_log/wastesorting/scene_04_step50/when_what_ours_thres_0-8_rand_0-4/exp_wastesorting_20260912_163846_932519.txt,2026-09-12 16:38:46,True,12,10.0,9,4,0.3333333333333333,1.6045,,,1147895942,,GOAL DONE,,,,,,,,,50,8000,1.5318,0.1276,0.0395,0.0033,0.0164,0.0014,0.0146,0.0012,0.0019,0.0002,1.6045,0.1337,,,,,,,,,,,,
wastesorting,when_what,ours,0.8,scene_04,2890,/home/fr/brl/02_BRL_POMDP_CODE/experiments_logs/system_log/wastesorting/scene_04_step50/when_what_ours_thres_0-8_rand_0-4/exp_wastesorting_20260912_163853_803310.txt,2026-09-12 16:38:53,True,11,10.0,9,5,0.45454545454545453,1.5154,,,472386282,,GOAL DONE,,,,,,,,,50,8000,1.4475,0.1316,0.0344,0.0031,0.0167,0.0015,0.0145,0.0013,0.0021,0.0002,1.5154,0.1378,,,,,,,,,,,,
wastesorting,when_what,ours,0.8,scene_04,2891,/home/fr/brl/02_BRL_POMDP_CODE/experiments_logs/system_log/wastesorting/scene_04_step50/when_what_ours_thres_0-8_rand_0-4/exp_wastesorting_20260912_163902_342505.txt,2026-09-12 16:39:02,True,13,10.0,16,6,0.46153846153846156,2.1663,,,558605806,,GOAL DONE,,,,,,,,,50,8000,2.0573,0.1583,0.0433,0.0033,0.0346,0.0027,0.0283,0.0022,0.0026,0.0002,2.1662,0.1666,,,,,,,,,,,,
wastesorting,when_what,ours,0.8,scene_04,2892,/home/fr/brl/02_BRL_POMDP_CODE/experiments_logs/system_log/wastesorting/scene_04_step50/when_what_ours_thres_0-8_rand_0-4/exp_wastesorting_20260912_163908_747927.txt,2026-09-12 16:39:08,True,12,20.0,11,5,0.4166666666666667,1.6156,,,3110233099,,GOAL DONE,,,,,,,,,50,8000,1.5413,0.1284,0.0363,0.003,0.019,0.0016,0.0167,0.0014,0.0021,0.0002,1.6155,0.1346,,,,,,,,,,,,
wastesorting,when_what,ours,0.8,scene_04,2893,/home/fr/brl/02_BRL_POMDP_CODE/experiments_logs/system_log/wastesorting/scene_04_step50/when_what_ours_thres_0-8_rand_0-4/exp_wastesorting_20260912_163915_877472.txt,2026-09-12 16:39:15,True,10,5.0,12,5,0.5,1.4728,,,1105776053,,GOAL DONE,,,,,,,,,50,8000,1.4054,0.1405,0.0314,0.0031,0.0161,0.0016,0.0177,0.0018,0.0019,0.0002,1.4727,0.1473,,,,,,,,,,,,
wastesorting,when_what,ours,0.8,scene_04,2894,/home/fr/brl/02_BRL_POMDP_CODE/experiments_logs/system_log/wastesorting/scene_04_step50/when_what_ours_thres_0-8_rand_0-4/exp_wastesorting_20260912_163922_982594.txt,2026-09-12 16:39:22,True,11,0.0,10,6,0.5454545454545454,1.4619,,,3718837247,,GOAL DONE,,,,,,,,,50,8000,1.3921,0.1266,0.0368,0.0033,0.0162,0.0015,0.0145,0.0013,0.002,0.0002,1.4618,0.1329,,,,,,,,,,,,
wastesorting,when_what,ours,0.8,scene_04,2895,/home/fr/brl/02_BRL_POMDP_CODE/experiments_logs/system_log/wastesorting/scene_04_step50/when_what_ours_thres_0-8_rand_0-4/exp_wastesorting_20260912_163930_354319.txt,2026-09-12 16:39:30,True,12,5.0,13,6,0.5,1.664,,,4193229496,,GOAL DONE,,,,,,,,,50,8000,1.5794,0.1316,0.0432,0.0036,0.0206,0.0017,0.0182,0.0015,0.0022,0.0002,1.6639,0.1387,,,,,,,,,,,,
wastesorting,when_what,ours,0.8,scene_04,2896,/home/fr/brl/02_BRL_POMDP_CODE/experiments_logs/system_log/wastesorting/scene_04_step50/when_what_ours_thres_0-8_rand_0-4/exp_wastesorting_20260912_163938_190831.txt,2026-09-12 16:39:38,True,13,15.0,16,5,0.38461538461538464,1.8207,,,3369209442,,GOAL DONE,,,,,,,,,50,8000,1.7261,0.1328,0.0465,0.0036,0.0217,0.0017,0.0238,0.0018,0.0022,0.0002,1.8206,0.14,,,,,,,,,,,,
wastesorting,when_what,ours,0.8,scene_04,2897,/home/fr/brl/02_BRL_POMDP_CODE/experiments_logs/system_log/wastesorting/scene_04_step50/when_what_ours_thres_0-8_rand_0-4/exp_wastesorting_20260912_163945_185644.txt,2026-09-12 16:39:45,True,11,0.0,9,4,0.36363636363636365,1.5665,,,3692021791,,GOAL DONE,,,,,,,,,50,8000,1.496,0.136,0.0369,0.0034,0.0164,0.0015,0.0148,0.0013,0.0022,0.0002,1.5665,0.1424,,,,,,,,,,,,
wastesorting,when_what,ours,0.8,scene_04,2898,/home/fr/brl/02_BRL_POMDP_CODE/experiments_logs/system_log/wastesorting/scene_04_step50/when_what_ours_thres_0-8_rand_0-4/exp_wastesorting_20260912_163953_158085.txt,2026-09-12 16:39:53,True,14,20.0,15,6,0.42857142857142855,1.8776,,,1445352403,,GOAL DONE,,,,,,,,,50,8000,1.7881,0.1277,0.0436,0.0031,0.0234,0.0017,0.0201,0.0014,0.0021,0.0002,1.8775,0.1341,,,,,,,,,,,,
wastesorting,when_what,ours,0.8,scene_04,2899,/home/fr/brl/02_BRL_POMDP_CODE/experiments_logs/system_log/wastesorting/scene_04_step50/when_what_ours_thres_0-8_rand_0-4/exp_wastesorting_20260912_163959_049943.txt,2026-09-12 16:39:59,True,11,10.0,11,4,0.36363636363636365,1.5327,,,2413410080,,GOAL DONE,,,,,,,,,50,8000,1.4609,0.1328,0.0329,0.003,0.0186,0.0017,0.0183,0.0017,0.0018,0.0002,1.5327,0.1393,,,,,,,,,,,,
wastesorting,when_what,ours,0.8,scene_04,2900,/home/fr/brl/02_BRL_POMDP_CODE/experiments_logs/system_log/wastesorting/scene_04_step50/when_what_ours_thres_0-8_rand_0-4/exp_wastesorting_20260912_164009_351395.txt,2026-09-12 16:40:09,True,14,0.0,20,7,0.5,2.4098,,,3310113005,,GOAL DONE,,,,,,,,,50,8000,2.2736,0.1624,0.0459,0.0033,0.043,0.0031,0.0443,0.0032,0.0026,0.0002,2.4097,0.1721,,,,,,,,,,,,
wastesorting,when_what,ours,0.8,scene_04,2901,/home/fr/brl/02_BRL_POMDP_CODE/experiments_logs/system_log/wastesorting/scene_04_step50/when_what_ours_thres_0-8_rand_0-4/exp_wastesorting_20260912_164019_017272.txt,2026-09-12 16:40:19,True,15,10.0,23,8,0.5333333333333333,2.2822,,,1619001990,,GOAL DONE,,,,,,,,,50,8000,2.1525,0.1435,0.0484,0.0032,0.0355,0.0024,0.0428,0.0029,0.0026,0.0002,2.2821,0.1521,,,,,,,,,,,,
wastesorting,when_what,ours,0.8,scene_04,2902,/home/fr/brl/02_BRL_POMDP_CODE/experiments_logs/system_log/wastesorting/scene_04_step50/when_what_ours_thres_0-8_rand_0-4/exp_wastesorting_20260912_164026_200191.txt,2026-09-12 16:40:26,True,12,15.0,17,5,0.4166666666666667,1.6669,,,3414205865,,GOAL DONE,,,,,,,,,50,8000,1.5706,0.1309,0.0379,0.0032,0.0219,0.0018,0.034,0.0028,0.0022,0.0002,1.6669,0.1389,,,,,,,,,,,,
wastesorting,when_what,ours,0.8,scene_04,2903,/home/fr/brl/02_BRL_POMDP_CODE/experiments_logs/system_log/wastesorting/scene_04_step50/when_what_ours_thres_0-8_rand_0-4/exp_wastesorting_20260912_164033_323605.txt,2026-09-12 16:40:33,True,13,10.0,13,6,0.46153846153846156,1.6292,,,3989924643,,GOAL DONE,,,,,,,,,50,8000,1.5521,0.1194,0.0383,0.0029,0.0195,0.0015,0.0169,0.0013,0.002,0.0002,1.6291,0.1253,,,,,,,,,,,,
wastesorting,when_what,ours,0.8,scene_04,2904,/home/fr/brl/02_BRL_POMDP_CODE/experiments_logs/system_log/wastesorting/scene_04_step50/when_what_ours_thres_0-8_rand_0-4/exp_wastesorting_20260912_164040_321586.txt,2026-09-12 16:40:40,True,11,5.0,13,6,0.5454545454545454,1.5916,,,1493522614,,GOAL DONE,,,,,,,,,50,8000,1.5186,0.1381,0.0336,0.0031,0.019,0.0017,0.0182,0.0017,0.002,0.0002,1.5915,0.1447,,,,,,,,,,,,
wastesorting,when_what,ours,0.8,scene_04,2905,/home/fr/brl/02_BRL_POMDP_CODE/experiments_logs/system_log/wastesorting/scene_04_step50/when_what_ours_thres_0-8_rand_0-4/exp_wastesorting_20260912_164047_704243.txt,2026-09-12 16:40:47,True,15,5.0,22,8,0.5333333333333333,2.034,,,13571565,,GOAL DONE,,,,,,,,,50,8000,1.9369,0.1291,0.0463,0.0031,0.0231,0.0015,0.025,0.0017,0.0025,0.0002,2.034,0.1356,,,,,,,,,,,,
wastesorting,when_what,ours,0.8,scene_04,2906,/home/fr/brl/02_BRL_POMDP_CODE/experiments_logs/system_log/wastesorting/scene_04_step50/when_what_ours_thres_0-8_rand_0-4/exp_wastesorting_20260912_164055_248738.txt,2026-09-12 16:40:55,True,12,15.0,14,4,0.3333333333333333,1.7533,,,2630099760,,GOAL DONE,,,,,,,,,50,8000,1.666,0.1388,0.0406,0.0034,0.0196,0.0016,0.0248,0.0021,0.002,0.0002,1.7532,0.1461,,,,,,,,,,,,
wastesorting,when_what,ours,0.8,scene_04,2907,/home/fr/brl/02_BRL_POMDP_CODE/experiments_logs/system_log/wastesorting/scene_04_step50/when_what_ours_thres_0-8_rand_0-4/exp_wastesorting_20260912_164102_560186.txt,2026-09-12 16:41:02,True,12,20.0,11,4,0.3333333333333333,1.7002,,,3787165175,,GOAL DONE,,,,,,,,,50,8000,1.614,0.1345,0.0374,0.0031,0.0196,0.0016,0.0268,0.0022,0.0022,0.0002,1.7002,0.1417,,,,,,,,,,,,
wastesorting,when_what,ours,0.8,scene_04,2908,/home/fr/brl/02_BRL_POMDP_CODE/experiments_logs/system_log/wastesorting/scene_04_step50/when_what_ours_thres_0-8_rand_0-4/exp_wastesorting_20260912_164109_935692.txt,2026-09-12 16:41:09,True,11,10.0,9,3,0.2727272727272727,1.7141,,,1518896079,,GOAL DONE,,,,,,,,,50,8000,1.637,0.1488,0.0351,0.0032,0.0192,0.0017,0.0201,0.0018,0.0024,0.0002,1.7141,0.1558,,,,,,,,,,,,
wastesorting,when_what,ours,0.8,scene_04,2909,/home/fr/brl/02_BRL_POMDP_CODE/experiments_logs/system_log/wastesorting/scene_04_step50/when_what_ours_thres_0-8_rand_0-4/exp_wastesorting_20260912_164117_484377.txt,2026-09-12 16:41:17,True,12,5.0,13,6,0.5,1.6728,,,506359200,,GOAL DONE,,,,,,,,,50,8000,1.5907,0.1326,0.0364,0.003,0.025,0.0021,0.0184,0.0015,0.002,0.0002,1.6727,0.1394,,,,,,,,,,,,
wastesorting,when_what,ours,0.8,scene_04,2910,/home/fr/brl/02_BRL_POMDP_CODE/experiments_logs/system_log/wastesorting/scene_04_step50/when_what_ours_thres_0-8_rand_0-4/exp_wastesorting_20260912_164124_268893.txt,2026-09-12 16:41:24,True,12,20.0,10,4,0.3333333333333333,1.573,,,2303938088,,GOAL DONE,,,,,,,,,50,8000,1.4938,0.1245,0.0407,0.0034,0.0196,0.0016,0.0166,0.0014,0.002,0.0002,1.573,0.1311,,,,,,,,,,,,
wastesorting,when_what,ours,0.8,scene_04,2911,/home/fr/brl/02_BRL_POMDP_CODE/experiments_logs/system_log/wastesorting/scene_04_step50/when_what_ours_thres_0-8_rand_0-4/exp_wastesorting_20260912_164132_118897.txt,2026-09-12 16:41:32,True,13,20.0,14,6,0.46153846153846156,1.7377,,,1783261924,,GOAL DONE,,,,,,,,,50,8000,1.6588,0.1276,0.0391,0.003,0.0197,0.0015,0.0178,0.0014,0.002,0.0002,1.7376,0.1337,,,,,,,,,,,,
wastesorting,when_what,ours,0.8,scene_04,2912,/home/fr/brl/02_BRL_POMDP_CODE/experiments_logs/system_log/wastesorting/scene_04_step50/when_what_ours_thres_0-8_rand_0-4/exp_wastesorting_20260912_164142_352754.txt,2026-09-12 16:41:42,True,14,10.0,21,10,0.7142857142857143,2.3068,,,3973487875,,GOAL DONE,,,,,,,,,50,8000,2.1882,0.1563,0.0463,0.0033,0.0376,0.0027,0.0312,0.0022,0.0031,0.0002,2.3067,0.1648,,,,,,,,,,,,
wastesorting,when_what,ours,0.8,scene_04,2913,/home/fr/brl/02_BRL_POMDP_CODE/experiments_logs/system_log/wastesorting/scene_04_step50/when_what_ours_thres_0-8_rand_0-4/exp_wastesorting_20260912_164148_615337.txt,2026-09-12 16:41:48,True,12,10.0,15,5,0.4166666666666667,1.8139,,,3576324234,,GOAL DONE,,,,,,,,,50,8000,1.7219,0.1435,0.0366,0.0031,0.0218,0.0018,0.0311,0.0026,0.0021,0.0002,1.8138,0.1511,,,,,,,,,,,,
wastesorting,when_what,ours,0.8,scene_04,2914,/home/fr/brl/02_BRL_POMDP_CODE/experiments_logs/system_log/wastesorting/scene_04_step50/when_what_ours_thres_0-8_rand_0-4/exp_wastesorting_20260912_164155_975987.txt,2026-09-12 16:41:55,True,12,10.0,10,4,0.3333333333333333,1.6937,,,3966743771,,GOAL DONE,,,,,,,,,50,8000,1.6151,0.1346,0.0376,0.0031,0.0188,0.0016,0.0198,0.0017,0.0021,0.0002,1.6937,0.1411,,,,,,,,,,,,
wastesorting,when_what,ours,0.8,scene_04,2915,/home/fr/brl/02_BRL_POMDP_CODE/experiments_logs/system_log/wastesorting/scene_04_step50/when_what_ours_thres_0-8_rand_0-4/exp_wastesorting_20260912_164203_213437.txt,2026-09-12 16:42:03,True,12,10.0,9,4,0.3333333333333333,1.6664,,,3292785302,,GOAL DONE,,,,,,,,,50,8000,1.5958,0.133,0.0362,0.003,0.0169,0.0014,0.015,0.0013,0.0021,0.0002,1.6663,0.1389,,,,,,,,,,,,
wastesorting,when_what,ours,0.8,scene_04,2916,/home/fr/brl/02_BRL_POMDP_CODE/experiments_logs/system_log/wastesorting/scene_04_step50/when_what_ours_thres_0-8_rand_0-4/exp_wastesorting_20260912_164209_595389.txt,2026-09-12 16:42:09,True,10,10.0,6,2,0.2,1.4841,,,2877610580,,GOAL DONE,,,,,,,,,50,8000,1.4221,0.1422,0.0303,0.003,0.0159,0.0016,0.0136,0.0014,0.0019,0.0002,1.484,0.1484,,,,,,,,,,,,
wastesorting,when_what,ours,0.8,scene_04,2917,/home/fr/brl/02_BRL_POMDP_CODE/experiments_logs/system_log/wastesorting/scene_04_step50/when_what_ours_thres_0-8_rand_0-4/exp_wastesorting_20260912_164215_626202.txt,2026-09-12 16:42:15,True,15,15.0,19,8,0.5333333333333333,1.9665,,,1852316728,,GOAL DONE,,,,,,,,,50,8000,1.8703,0.1247,0.0507,0.0034,0.0208,0.0014,0.0218,0.0015,0.0025,0.0002,1.9665,0.1311,,,,,,,,,,,,
wastesorting,when_what,ours,0.8,scene_04,2918,/home/fr/brl/02_BRL_POMDP_CODE/experiments_logs/system_log/wastesorting/scene_04_step50/when_what_ours_thres_0-8_rand_0-4/exp_wastesorting_20260912_164222_764313.txt,2026-09-12 16:42:22,True,12,15.0,10,4,0.3333333333333333,1.6297,,,132699259,,GOAL DONE,,,,,,,,,50,8000,1.5585,0.1299,0.0364,0.003,0.017,0.0014,0.0153,0.0013,0.0022,0.0002,1.6297,0.1358,,,,,,,,,,,,
wastesorting,when_what,ours,0.8,scene_04,2919,/home/fr/brl/02_BRL_POMDP_CODE/experiments_logs/system_log/wastesorting/scene_04_step50/when_what_ours_thres_0-8_rand_0-4/exp_wastesorting_20260912_164230_125125.txt,2026-09-12 16:42:30,True,11,10.0,8,3,0.2727272727272727,1.5843,,,1117810574,,GOAL DONE,,,,,,,,,50,8000,1.5072,0.137,0.0399,0.0036,0.019,0.0017,0.0163,0.0015,0.0017,0.0002,1.5842,0.144,,,,,,,,,,,,
wastesorting,when_what,ours,0.8,scene_04,2920,/home/fr/brl/02_BRL_POMDP_CODE/experiments_logs/system_log/wastesorting/scene_04_step50/when_what_ours_thres_0-8_rand_0-4/exp_wastesorting_20260912_164236_091808.txt,2026-09-12 16:42:36,True,11,10.0,11,5,0.45454545454545453,1.5217,,,2967203946,,GOAL DONE,,,,,,,,,50,8000,1.4542,0.1322,0.0338,0.0031,0.0165,0.0015,0.015,0.0014,0.002,0.0002,1.5216,0.1383,,,,,,,,,,,,
wastesorting,when_what,ours_what_only,0.8,scene_04,2921,/home/fr/brl/02_BRL_POMDP_CODE/experiments_logs/system_log/wastesorting/scene_04_step50/when_what_ours_what_only_thres_0-8_rand_0-4/exp_wastesorting_20260912_163743_455683.txt,2026-09-12 16:37:43,True,11,10.0,11,4,0.36363636363636365,1.5757,,,3291161639,,GOAL DONE,,,,,,,,,50,8000,1.5046,0.1368,0.0334,0.003,0.0188,0.0017,0.0168,0.0015,0.0019,0.0002,1.5756,0.1432,,,,,,,,,,,,
wastesorting,when_what,ours_what_only,0.8,scene_04,2922,/home/fr/brl/02_BRL_POMDP_CODE/experiments_logs/system_log/wastesorting/scene_04_step50/when_what_ours_what_only_thres_0-8_rand_0-4/exp_wastesorting_20260912_163751_538157.txt,2026-09-12 16:37:51,True,16,15.0,4,4,0.25,2.1287,,,1838985415,,GOAL DONE,,,,,,,,,50,8000,2.0524,0.1283,0.0475,0.003,0.0222,0.0014,0.0029,0.0002,0.0033,0.0002,2.1286,0.133,,,,,,,,,,,,
wastesorting,when_what,ours_what_only,0.8,scene_04,2923,/home/fr/brl/02_BRL_POMDP_CODE/experiments_logs/system_log/wastesorting/scene_04_step50/when_what_ours_what_only_thres_0-8_rand_0-4/exp_wastesorting_20260912_163759_242554.txt,2026-09-12 16:37:59,True,14,10.0,17,9,0.6428571428571429,1.824,,,1973069430,,GOAL DONE,,,,,,,,,50,8000,1.7334,0.1238,0.0466,0.0033,0.0196,0.0014,0.0214,0.0015,0.0026,0.0002,1.8239,0.1303,,,,,,,,,,,,
wastesorting,when_what,ours_what_only,0.8,scene_04,2924,/home/fr/brl/02_BRL_POMDP_CODE/experiments_logs/system_log/wastesorting/scene_04_step50/when_what_ours_what_only_thres_0-8_rand_0-4/exp_wastesorting_20260912_163807_104175.txt,2026-09-12 16:38:07,False,9,5.0,13,4,0.4444444444444444,1.7556,,,414427021,,PLAN FAILURE,,,,,,,,,50,8000,1.6786,0.1865,0.0301,0.0033,0.0362,0.004,0.0092,0.001,0.0014,0.0002,1.7555,0.1951,,,,,,,,,,,,
wastesorting,when_what,ours_what_only,0.8,scene_04,2925,/home/fr/brl/02_BRL_POMDP_CODE/experiments_logs/system_log/wastesorting/scene_04_step50/when_what_ours_what_only_thres_0-8_rand_0-4/exp_wastesorting_20260912_163814_519583.txt,2026-09-12 16:38:14,True,11,25.0,7,4,0.36363636363636365,1.628,,,3201562577,,GOAL DONE,,,,,,,,,50,8000,1.5538,0.1413,0.0393,0.0036,0.0189,0.0017,0.0136,0.0012,0.0021,0.0002,1.628,0.148,,,,,,,,,,,,
wastesorting,when_what,ours_what_only,0.8,scene_04,2926,/home/fr/brl/02_BRL_POMDP_CODE/experiments_logs/system_log/wastesorting/scene_04_step50/when_what_ours_what_only_thres_0-8_rand_0-4/exp_wastesorting_20260912_163822_033183.txt,2026-09-12 16:38:22,True,15,15.0,14,9,0.6,1.8574,,,2350780499,,GOAL DONE,,,,,,,,,50,8000,1.7805,0.1187,0.0497,0.0033,0.0183,0.0012,0.006,0.0004,0.0026,0.0002,1.8573,0.1238,,,,,,,,,,,,
wastesorting,when_what,ours_what_only,0.8,scene_04,2927,/home/fr/brl/02_BRL_POMDP_CODE/experiments_logs/system_log/wastesorting/scene_04_step50/when_what_ours_what_only_thres_0-8_rand_0-4/exp_wastesorting_20260912_163830_996634.txt,2026-09-12 16:38:30,True,14,15.0,12,7,0.5,2.3266,,,2401657902,,GOAL DONE,,,,,,,,,50,8000,2.2233,0.1588,0.0453,0.0032,0.0382,0.0027,0.0164,0.0012,0.0029,0.0002,2.3265,0.1662,,,,,,,,,,,,
wastesorting,when_what,ours_what_only,0.8,scene_04,2928,/home/fr/brl/02_BRL_POMDP_CODE/experiments_logs/system_log/wastesorting/scene_04_step50/when_what_ours_what_only_thres_0-8_rand_0-4/exp_wastesorting_20260912_163837_871052.txt,2026-09-12 16:38:37,False,6,10.0,5,2,0.3333333333333333,1.156,,,3182553066,,PLAN FAILURE,,,,,,,,,50,8000,1.1039,0.184,0.0196,0.0033,0.0182,0.003,0.0132,0.0022,0.0011,0.0002,1.156,0.1927,,,,,,,,,,,,
wastesorting,when_what,ours_what_only,0.8,scene_04,2929,/home/fr/brl/02_BRL_POMDP_CODE/experiments_logs/system_log/wastesorting/scene_04_step50/when_what_ours_what_only_thres_0-8_rand_0-4/exp_wastesorting_20260912_163845_193004.txt,2026-09-12 16:38:45,True,12,10.0,11,6,0.5,1.631,,,1147895942,,GOAL DONE,,,,,,,,,50,8000,1.5554,0.1296,0.0414,0.0034,0.0166,0.0014,0.0147,0.0012,0.0025,0.0002,1.6309,0.1359,,,,,,,,,,,,
wastesorting,when_what,ours_what_only,0.8,scene_04,2930,/home/fr/brl/02_BRL_POMDP_CODE/experiments_logs/system_log/wastesorting/scene_04_step50/when_what_ours_what_only_thres_0-8_rand_0-4/exp_wastesorting_20260912_163852_151875.txt,2026-09-12 16:38:52,True,13,10.0,11,7,0.5384615384615384,1.6524,,,472386282,,GOAL DONE,,,,,,,,,50,8000,1.5796,0.1215,0.0391,0.003,0.0168,0.0013,0.0143,0.0011,0.0022,0.0002,1.6523,0.1271,,,,,,,,,,,,
wastesorting,when_what,ours_what_only,0.8,scene_04,2931,/home/fr/brl/02_BRL_POMDP_CODE/experiments_logs/system_log/wastesorting/scene_04_step50/when_what_ours_what_only_thres_0-8_rand_0-4/exp_wastesorting_20260912_163900_040979.txt,2026-09-12 16:39:00,False,10,0.0,10,4,0.4,1.8147,,,558605806,,PLAN FAILURE,,,,,,,,,50,8000,1.7206,0.1721,0.0338,0.0034,0.0338,0.0034,0.0244,0.0024,0.0018,0.0002,1.8146,0.1815,,,,,,,,,,,,
wastesorting,when_what,ours_what_only,0.8,scene_04,2932,/home/fr/brl/02_BRL_POMDP_CODE/experiments_logs/system_log/wastesorting/scene_04_step50/when_what_ours_what_only_thres_0-8_rand_0-4/exp_wastesorting_20260912_163907_007520.txt,2026-09-12 16:39:07,False,9,15.0,9,6,0.6666666666666666,1.2856,,,3110233099,,PLAN FAILURE,,,,,,,,,50,8000,1.2277,0.1364,0.0271,0.003,0.0159,0.0018,0.0135,0.0015,0.0012,0.0001,1.2856,0.1428,,,,,,,,,,,,
wastesorting,when_what,ours_what_only,0.8,scene_04,2933,/home/fr/brl/02_BRL_POMDP_CODE/experiments_logs/system_log/wastesorting/scene_04_step50/when_what_ours_what_only_thres_0-8_rand_0-4/exp_wastesorting_20260912_163914_271489.txt,2026-09-12 16:39:14,True,13,15.0,6,5,0.38461538461538464,1.8316,,,1105776053,,GOAL DONE,,,,,,,,,50,8000,1.7663,0.1359,0.0401,0.0031,0.0194,0.0015,0.0033,0.0003,0.0022,0.0002,1.8316,0.1409,,,,,,,,,,,,
wastesorting,when_what,ours_what_only,0.8,scene_04,2934,/home/fr/brl/02_BRL_POMDP_CODE/experiments_logs/system_log/wastesorting/scene_04_step50/when_what_ours_what_only_thres_0-8_rand_0-4/exp_wastesorting_20260912_163921_381465.txt,2026-09-12 16:39:21,True,14,15.0,2,2,0.14285714285714285,1.8077,,,3718837247,,GOAL DONE,,,,,,,,,50,8000,1.74,0.1243,0.0447,0.0032,0.017,0.0012,0.0024,0.0002,0.0032,0.0002,1.8076,0.1291,,,,,,,,,,,,
wastesorting,when_what,ours_what_only,0.8,scene_04,2935,/home/fr/brl/02_BRL_POMDP_CODE/experiments_logs/system_log/wastesorting/scene_04_step50/when_what_ours_what_only_thres_0-8_rand_0-4/exp_wastesorting_20260912_163928_553378.txt,2026-09-12 16:39:28,True,14,10.0,8,3,0.21428571428571427,1.7501,,,4193229496,,GOAL DONE,,,,,,,,,50,8000,1.6671,0.1191,0.0453,0.0032,0.0196,0.0014,0.0157,0.0011,0.0021,0.0002,1.75,0.125,,,,,,,,,,,,
wastesorting,when_what,ours_what_only,0.8,scene_04,2936,/home/fr/brl/02_BRL_POMDP_CODE/experiments_logs/system_log/wastesorting/scene_04_step50/when_what_ours_what_only_thres_0-8_rand_0-4/exp_wastesorting_20260912_163936_245436.txt,2026-09-12 16:39:36,True,13,15.0,2,2,0.15384615384615385,1.7898,,,3369209442,,GOAL DONE,,,,,,,,,50,8000,1.7159,0.132,0.0462,0.0036,0.0226,0.0017,0.0023,0.0002,0.0024,0.0002,1.7897,0.1377,,,,,,,,,,,,
wastesorting,when_what,ours_what_only,0.8,scene_04,2937,/home/fr/brl/02_BRL_POMDP_CODE/experiments_logs/system_log/wastesorting/scene_04_step50/when_what_ours_what_only_thres_0-8_rand_0-4/exp_wastesorting_20260912_163943_484163.txt,2026-09-12 16:39:43,True,12,0.0,7,5,0.4166666666666667,1.6795,,,3692021791,,GOAL DONE,,,,,,,,,50,8000,1.6172,0.1348,0.04,0.0033,0.0161,0.0013,0.0036,0.0003,0.0023,0.0002,1.6794,0.14,,,,,,,,,,,,
wastesorting,when_what,ours_what_only,0.8,scene_04,2938,/home/fr/brl/02_BRL_POMDP_CODE/experiments_logs/system_log/wastesorting/scene_04_step50/when_what_ours_what_only_thres_0-8_rand_0-4/exp_wastesorting_20260912_163951_156913.txt,2026-09-12 16:39:51,True,14,20.0,6,5,0.35714285714285715,1.8212,,,1445352403,,GOAL DONE,,,,,,,,,50,8000,1.7494,0.125,0.043,0.0031,0.0226,0.0016,0.0034,0.0002,0.0025,0.0002,1.8211,0.1301,,,,,,,,,,,,
wastesorting,when_what,ours_what_only,0.8,scene_04,2939,/home/fr/brl/02_BRL_POMDP_CODE/experiments_logs/system_log/wastesorting/scene_04_step50/when_what_ours_what_only_thres_0-8_rand_0-4/exp_wastesorting_20260912_163957_391989.txt,2026-09-12 16:39:57,False,7,5.0,3,3,0.42857142857142855,1.1621,,,2413410080,,PLAN FAILURE,,,,,,,,,50,8000,1.1171,0.1596,0.023,0.0033,0.0186,0.0027,0.0021,0.0003,0.0012,0.0002,1.1621,0.166,,,,,,,,,,,,
wastesorting,when_what,ours_what_only,0.8,scene_04,2940,/home/fr/brl/02_BRL_POMDP_CODE/experiments_logs/system_log/wastesorting/scene_04_step50/when_what_ours_what_only_thres_0-8_rand_0-4/exp_wastesorting_20260912_164006_807552.txt,2026-09-12 16:40:06,True,16,10.0,15,5,0.3125,2.4703,,,3310113005,,GOAL DONE,,,,,,,,,50,8000,2.338,0.1461,0.0558,0.0035,0.0413,0.0026,0.0323,0.002,0.0025,0.0002,2.4702,0.1544,,,,,,,,,,,,
wastesorting,when_what,ours_what_only,0.8,scene_04,2941,/home/fr/brl/02_BRL_POMDP_CODE/experiments_logs/system_log/wastesorting/scene_04_step50/when_what_ours_what_only_thres_0-8_rand_0-4/exp_wastesorting_20260912_164016_592819.txt,2026-09-12 16:40:16,True,15,0.0,19,8,0.5333333333333333,2.2665,,,1619001990,,GOAL DONE,,,,,,,,,50,8000,2.1428,0.1429,0.0472,0.0031,0.0356,0.0024,0.0382,0.0025,0.0024,0.0002,2.2665,0.1511,,,,,,,,,,,,
wastesorting,when_what,ours_what_only,0.8,scene_04,2942,/home/fr/brl/02_BRL_POMDP_CODE/experiments_logs/system_log/wastesorting/scene_04_step50/when_what_ours_what_only_thres_0-8_rand_0-4/exp_wastesorting_20260912_164024_400172.txt,2026-09-12 16:40:24,True,12,15.0,12,4,0.3333333333333333,1.6687,,,3414205865,,GOAL DONE,,,,,,,,,50,8000,1.5734,0.1311,0.0417,0.0035,0.0218,0.0018,0.0296,0.0025,0.002,0.0002,1.6686,0.1391,,,,,,,,,,,,
wastesorting,when_what,ours_what_only,0.8,scene_04,2943,/home/fr/brl/02_BRL_POMDP_CODE/experiments_logs/system_log/wastesorting/scene_04_step50/when_what_ours_what_only_thres_0-8_rand_0-4/exp_wastesorting_20260912_164031_564727.txt,2026-09-12 16:40:31,True,13,10.0,13,6,0.46153846153846156,1.6378,,,3989924643,,GOAL DONE,,,,,,,,,50,8000,1.5593,0.1199,0.039,0.003,0.02,0.0015,0.0171,0.0013,0.0021,0.0002,1.6377,0.126,,,,,,,,,,,,
wastesorting,when_what,ours_what_only,0.8,scene_04,2944,/home/fr/brl/02_BRL_POMDP_CODE/experiments_logs/system_log/wastesorting/scene_04_step50/when_what_ours_what_only_thres_0-8_rand_0-4/exp_wastesorting_20260912_164038_606216.txt,2026-09-12 16:40:38,True,12,0.0,8,5,0.4166666666666667,1.6398,,,1493522614,,GOAL DONE,,,,,,,,,50,8000,1.5688,0.1307,0.0364,0.003,0.0188,0.0016,0.0135,0.0011,0.002,0.0002,1.6397,0.1366,,,,,,,,,,,,
wastesorting,when_what,ours_what_only,0.8,scene_04,2945,/home/fr/brl/02_BRL_POMDP_CODE/experiments_logs/system_log/wastesorting/scene_04_step50/when_what_ours_what_only_thres_0-8_rand_0-4/exp_wastesorting_20260912_164045_537796.txt,2026-09-12 16:40:45,True,15,5.0,12,7,0.4666666666666667,2.0038,,,13571565,,GOAL DONE,,,,,,,,,50,8000,1.9162,0.1277,0.0453,0.003,0.0231,0.0015,0.0166,0.0011,0.0023,0.0002,2.0037,0.1336,,,,,,,,,,,,
wastesorting,when_what,ours_what_only,0.8,scene_04,2946,/home/fr/brl/02_BRL_POMDP_CODE/experiments_logs/system_log/wastesorting/scene_04_step50/when_what_ours_what_only_thres_0-8_rand_0-4/exp_wastesorting_20260912_164053_361809.txt,2026-09-12 16:40:53,True,13,10.0,16,8,0.6153846153846154,1.7519,,,2630099760,,GOAL DONE,,,,,,,,,50,8000,1.6676,0.1283,0.0386,0.003,0.0192,0.0015,0.0242,0.0019,0.0021,0.0002,1.7518,0.1348,,,,,,,,,,,,
wastesorting,when_what,ours_what_only,0.8,scene_04,2947,/home/fr/brl/02_BRL_POMDP_CODE/experiments_logs/system_log/wastesorting/scene_04_step50/when_what_ours_what_only_thres_0-8_rand_0-4/exp_wastesorting_20260912_164100_726559.txt,2026-09-12 16:41:00,True,12,20.0,5,2,0.16666666666666666,1.674,,,3787165175,,GOAL DONE,,,,,,,,,50,8000,1.6004,0.1334,0.0361,0.003,0.0188,0.0016,0.0163,0.0014,0.002,0.0002,1.6739,0.1395,,,,,,,,,,,,
wastesorting,when_what,ours_what_only,0.8,scene_04,2948,/home/fr/brl/02_BRL_POMDP_CODE/experiments_logs/system_log/wastesorting/scene_04_step50/when_what_ours_what_only_thres_0-8_rand_0-4/exp_wastesorting_20260912_164108_091954.txt,2026-09-12 16:41:08,True,11,10.0,13,9,0.8181818181818182,1.7152,,,1518896079,,GOAL DONE,,,,,,,,,50,8000,1.6441,0.1495,0.0345,0.0031,0.0196,0.0018,0.0149,0.0014,0.0019,0.0002,1.7151,0.1559,,,,,,,,,,,,
wastesorting,when_what,ours_what_only,0.8,scene_04,2949,/home/fr/brl/02_BRL_POMDP_CODE/experiments_logs/system_log/wastesorting/scene_04_step50/when_what_ours_what_only_thres_0-8_rand_0-4/exp_wastesorting_20260912_164115_677941.txt,2026-09-12 16:41:15,True,13,15.0,7,5,0.38461538461538464,1.7778,,,506359200,,GOAL DONE,,,,,,,,,50,8000,1.6937,0.1303,0.0451,0.0035,0.0312,0.0024,0.0052,0.0004,0.0022,0.0002,1.7777,0.1367,,,,,,,,,,,,
wastesorting,when_what,ours_what_only,0.8,scene_04,2950,/home/fr/brl/02_BRL_POMDP_CODE/experiments_logs/system_log/wastesorting/scene_04_step50/when_what_ours_what_only_thres_0-8_rand_0-4/exp_wastesorting_20260912_164122_560679.txt,2026-09-12 16:41:22,True,12,20.0,13,9,0.75,1.5635,,,2303938088,,GOAL DONE,,,,,,,,,50,8000,1.4863,0.1239,0.0402,0.0034,0.0197,0.0016,0.0148,0.0012,0.0022,0.0002,1.5634,0.1303,,,,,,,,,,,,
wastesorting,when_what,ours_what_only,0.8,scene_04,2951,/home/fr/brl/02_BRL_POMDP_CODE/experiments_logs/system_log/wastesorting/scene_04_step50/when_what_ours_what_only_thres_0-8_rand_0-4/exp_wastesorting_20260912_164130_245580.txt,2026-09-12 16:41:30,True,15,15.0,5,5,0.3333333333333333,1.8925,,,1783261924,,GOAL DONE,,,,,,,,,50,8000,1.8188,0.1213,0.047,0.0031,0.0206,0.0014,0.0029,0.0002,0.0029,0.0002,1.8924,0.1262,,,,,,,,,,,,
wastesorting,when_what,ours_what_only,0.8,scene_04,2952,/home/fr/brl/02_BRL_POMDP_CODE/experiments_logs/system_log/wastesorting/scene_04_step50/when_what_ours_what_only_thres_0-8_rand_0-4/exp_wastesorting_20260912_164139_909952.txt,2026-09-12 16:41:39,True,17,25.0,19,10,0.5882352941176471,2.5302,,,3973487875,,GOAL DONE,,,,,,,,,50,8000,2.412,0.1419,0.0543,0.0032,0.0395,0.0023,0.0212,0.0012,0.0028,0.0002,2.5301,0.1488,,,,,,,,,,,,
wastesorting,when_what,ours_what_only,0.8,scene_04,2953,/home/fr/brl/02_BRL_POMDP_CODE/experiments_logs/system_log/wastesorting/scene_04_step50/when_what_ours_what_only_thres_0-8_rand_0-4/exp_wastesorting_20260912_164146_675302.txt,2026-09-12 16:41:46,False,3,0.0,2,2,0.6666666666666666,0.853,,,3576324234,,PLAN FAILURE,,,,,,,,,50,8000,0.8254,0.2751,0.0107,0.0036,0.0147,0.0049,0.0017,0.0006,0.0004,0.0001,0.853,0.2843,,,,,,,,,,,,
wastesorting,when_what,ours_what_only,0.8,scene_04,2954,/home/fr/brl/02_BRL_POMDP_CODE/experiments_logs/system_log/wastesorting/scene_04_step50/when_what_ours_what_only_thres_0-8_rand_0-4/exp_wastesorting_20260912_164154_151007.txt,2026-09-12 16:41:54,False,12,0.0,4,4,0.3333333333333333,1.6907,,,3966743771,,PLAN FAILURE,,,,,,,,,50,8000,1.625,0.1354,0.0416,0.0035,0.019,0.0016,0.0025,0.0002,0.0022,0.0002,1.6906,0.1409,,,,,,,,,,,,
wastesorting,when_what,ours_what_only,0.8,scene_04,2955,/home/fr/brl/02_BRL_POMDP_CODE/experiments_logs/system_log/wastesorting/scene_04_step50/when_what_ours_what_only_thres_0-8_rand_0-4/exp_wastesorting_20260912_164201_416261.txt,2026-09-12 16:42:01,True,12,10.0,7,5,0.4166666666666667,1.679,,,3292785302,,GOAL DONE,,,,,,,,,50,8000,1.62,0.135,0.0359,0.003,0.0169,0.0014,0.0039,0.0003,0.002,0.0002,1.6789,0.1399,,,,,,,,,,,,
wastesorting,when_what,ours_what_only,0.8,scene_04,2956,/home/fr/brl/02_BRL_POMDP_CODE/experiments_logs/system_log/wastesorting/scene_04_step50/when_what_ours_what_only_thres_0-8_rand_0-4/exp_wastesorting_20260912_164207_987169.txt,2026-09-12 16:42:07,True,10,10.0,8,4,0.4,1.4499,,,2877610580,,GOAL DONE,,,,,,,,,50,8000,1.3878,0.1388,0.0307,0.0031,0.0158,0.0016,0.0135,0.0014,0.0018,0.0002,1.4499,0.145,,,,,,,,,,,,
wastesorting,when_what,ours_what_only,0.8,scene_04,2957,/home/fr/brl/02_BRL_POMDP_CODE/experiments_logs/system_log/wastesorting/scene_04_step50/when_what_ours_what_only_thres_0-8_rand_0-4/exp_wastesorting_20260912_164213_518513.txt,2026-09-12 16:42:13,False,3,0.0,1,1,0.3333333333333333,0.7685,,,1852316728,,PLAN FAILURE,,,,,,,,,50,8000,0.7413,0.2471,0.0105,0.0035,0.0148,0.0049,0.0014,0.0005,0.0003,0.0001,0.7684,0.2561,,,,,,,,,,,,
wastesorting,when_what,ours_what_only,0.8,scene_04,2958,/home/fr/brl/02_BRL_POMDP_CODE/experiments_logs/system_log/wastesorting/scene_04_step50/when_what_ours_what_only_thres_0-8_rand_0-4/exp_wastesorting_20260912_164221_003928.txt,2026-09-12 16:42:21,True,13,5.0,5,5,0.38461538461538464,1.636,,,132699259,,GOAL DONE,,,,,,,,,50,8000,1.5754,0.1212,0.0383,0.0029,0.0174,0.0013,0.0026,0.0002,0.0019,0.0001,1.6359,0.1258,,,,,,,,,,,,
wastesorting,when_what,ours_what_only,0.8,scene_04,2959,/home/fr/brl/02_BRL_POMDP_CODE/experiments_logs/system_log/wastesorting/scene_04_step50/when_what_ours_what_only_thres_0-8_rand_0-4/exp_wastesorting_20260912_164228_409311.txt,2026-09-12 16:42:28,True,14,10.0,8,6,0.42857142857142855,1.8681,,,1117810574,,GOAL DONE,,,,,,,,,50,8000,1.7963,0.1283,0.0417,0.003,0.0223,0.0016,0.0053,0.0004,0.0022,0.0002,1.868,0.1334,,,,,,,,,,,,
wastesorting,when_what,ours_what_only,0.8,scene_04,2960,/home/fr/brl/02_BRL_POMDP_CODE/experiments_logs/system_log/wastesorting/scene_04_step50/when_what_ours_what_only_thres_0-8_rand_0-4/exp_wastesorting_20260912_164234_437692.txt,2026-09-12 16:42:34,False,9,5.0,6,5,0.5555555555555556,1.2014,,,2967203946,,PLAN FAILURE,,,,,,,,,50,8000,1.1524,0.128,0.0278,0.0031,0.0165,0.0018,0.003,0.0003,0.0014,0.0002,1.2013,0.1335,,,,,,,,,,,,
wastesorting,when_what,ours_when_only,0.8,scene_04,2961,/home/fr/brl/02_BRL_POMDP_CODE/experiments_logs/system_log/wastesorting/scene_04_step50/when_what_ours_when_only_thres_0-8_rand_0-4/exp_wastesorting_20260912_163741_752027.txt,2026-09-12 16:37:41,True,11,10.0,27,3,0.2727272727272727,1.5661,,,3291161639,,GOAL DONE,,,,,,,,,50,8000,1.4772,0.1343,0.0334,0.003,0.0185,0.0017,0.0351,0.0032,0.0017,0.0002,1.566,0.1424,,,,,,,,,,,,
wastesorting,when_what,ours_when_only,0.8,scene_04,2962,/home/fr/brl/02_BRL_POMDP_CODE/experiments_logs/system_log/wastesorting/scene_04_step50/when_what_ours_when_only_thres_0-8_rand_0-4/exp_wastesorting_20260912_163749_277355.txt,2026-09-12 16:37:49,True,13,15.0,28,6,0.46153846153846156,1.7336,,,1838985415,,GOAL DONE,,,,,,,,,50,8000,1.6435,0.1264,0.0445,0.0034,0.0218,0.0017,0.0212,0.0016,0.0022,0.0002,1.7335,0.1333,,,,,,,,,,,,
wastesorting,when_what,ours_when_only,0.8,scene_04,2963,/home/fr/brl/02_BRL_POMDP_CODE/experiments_logs/system_log/wastesorting/scene_04_step50/when_what_ours_when_only_thres_0-8_rand_0-4/exp_wastesorting_20260912_163757_289179.txt,2026-09-12 16:37:57,True,14,20.0,32,6,0.42857142857142855,1.7742,,,1973069430,,GOAL DONE,,,,,,,,,50,8000,1.6823,0.1202,0.046,0.0033,0.0199,0.0014,0.0237,0.0017,0.0021,0.0001,1.7741,0.1267,,,,,,,,,,,,
wastesorting,when_what,ours_when_only,0.8,scene_04,2964,/home/fr/brl/02_BRL_POMDP_CODE/experiments_logs/system_log/wastesorting/scene_04_step50/when_what_ours_when_only_thres_0-8_rand_0-4/exp_wastesorting_20260912_163805_219032.txt,2026-09-12 16:38:05,True,12,25.0,31,4,0.3333333333333333,2.0114,,,414427021,,GOAL DONE,,,,,,,,,50,8000,1.8832,0.1569,0.0384,0.0032,0.0313,0.0026,0.0556,0.0046,0.0025,0.0002,2.0113,0.1676,,,,,,,,,,,,
wastesorting,when_what,ours_when_only,0.8,scene_04,2965,/home/fr/brl/02_BRL_POMDP_CODE/experiments_logs/system_log/wastesorting/scene_04_step50/when_what_ours_when_only_thres_0-8_rand_0-4/exp_wastesorting_20260912_163812_758231.txt,2026-09-12 16:38:12,True,11,25.0,22,5,0.45454545454545453,1.6832,,,3201562577,,GOAL DONE,,,,,,,,,50,8000,1.5962,0.1451,0.0346,0.0031,0.0195,0.0018,0.0305,0.0028,0.0023,0.0002,1.6832,0.153,,,,,,,,,,,,
wastesorting,when_what,ours_when_only,0.8,scene_04,2966,/home/fr/brl/02_BRL_POMDP_CODE/experiments_logs/system_log/wastesorting/scene_04_step50/when_what_ours_when_only_thres_0-8_rand_0-4/exp_wastesorting_20260912_163820_048226.txt,2026-09-12 16:38:20,True,12,20.0,26,4,0.3333333333333333,1.6184,,,2350780499,,GOAL DONE,,,,,,,,,50,8000,1.5116,0.126,0.0366,0.0031,0.0221,0.0018,0.0458,0.0038,0.002,0.0002,1.6183,0.1349,,,,,,,,,,,,
wastesorting,when_what,ours_when_only,0.8,scene_04,2967,/home/fr/brl/02_BRL_POMDP_CODE/experiments_logs/system_log/wastesorting/scene_04_step50/when_what_ours_when_only_thres_0-8_rand_0-4/exp_wastesorting_20260912_163828_535545.txt,2026-09-12 16:38:28,True,13,15.0,33,6,0.46153846153846156,2.2013,,,2401657902,,GOAL DONE,,,,,,,,,50,8000,2.0675,0.159,0.0419,0.0032,0.0375,0.0029,0.0516,0.004,0.0025,0.0002,2.2012,0.1693,,,,,,,,,,,,
wastesorting,when_what,ours_when_only,0.8,scene_04,2968,/home/fr/brl/02_BRL_POMDP_CODE/experiments_logs/system_log/wastesorting/scene_04_step50/when_what_ours_when_only_thres_0-8_rand_0-4/exp_wastesorting_20260912_163836_579162.txt,2026-09-12 16:38:36,True,13,20.0,35,6,0.46153846153846156,1.8069,,,3182553066,,GOAL DONE,,,,,,,,,50,8000,1.7053,0.1312,0.0397,0.0031,0.0204,0.0016,0.0391,0.003,0.0022,0.0002,1.8069,0.139,,,,,,,,,,,,
wastesorting,when_what,ours_when_only,0.8,scene_04,2969,/home/fr/brl/02_BRL_POMDP_CODE/experiments_logs/system_log/wastesorting/scene_04_step50/when_what_ours_when_only_thres_0-8_rand_0-4/exp_wastesorting_20260912_163843_425088.txt,2026-09-12 16:38:43,True,12,10.0,23,4,0.3333333333333333,1.6443,,,1147895942,,GOAL DONE,,,,,,,,,50,8000,1.5613,0.1301,0.039,0.0032,0.017,0.0014,0.024,0.002,0.0027,0.0002,1.6443,0.137,,,,,,,,,,,,
wastesorting,when_what,ours_when_only,0.8,scene_04,2970,/home/fr/brl/02_BRL_POMDP_CODE/experiments_logs/system_log/wastesorting/scene_04_step50/when_what_ours_when_only_thres_0-8_rand_0-4/exp_wastesorting_20260912_163850_368064.txt,2026-09-12 16:38:50,True,11,0.0,21,5,0.45454545454545453,1.4966,,,472386282,,GOAL DONE,,,,,,,,,50,8000,1.4155,0.1287,0.0337,0.0031,0.0166,0.0015,0.0285,0.0026,0.002,0.0002,1.4966,0.1361,,,,,,,,,,,,
wastesorting,when_what,ours_when_only,0.8,scene_04,2971,/home/fr/brl/02_BRL_POMDP_CODE/experiments_logs/system_log/wastesorting/scene_04_step50/when_what_ours_when_only_thres_0-8_rand_0-4/exp_wastesorting_20260912_163858_098118.txt,2026-09-12 16:38:58,True,13,10.0,47,6,0.46153846153846156,2.1691,,,558605806,,GOAL DONE,,,,,,,,,50,8000,2.0287,0.1561,0.0429,0.0033,0.0348,0.0027,0.0597,0.0046,0.0027,0.0002,2.169,0.1668,,,,,,,,,,,,
wastesorting,when_what,ours_when_only,0.8,scene_04,2972,/home/fr/brl/02_BRL_POMDP_CODE/experiments_logs/system_log/wastesorting/scene_04_step50/when_what_ours_when_only_thres_0-8_rand_0-4/exp_wastesorting_20260912_163905_586285.txt,2026-09-12 16:39:05,True,12,20.0,30,5,0.4166666666666667,1.6679,,,3110233099,,GOAL DONE,,,,,,,,,50,8000,1.5753,0.1313,0.0365,0.003,0.0193,0.0016,0.0343,0.0029,0.0022,0.0002,1.6678,0.139,,,,,,,,,,,,
wastesorting,when_what,ours_when_only,0.8,scene_04,2973,/home/fr/brl/02_BRL_POMDP_CODE/experiments_logs/system_log/wastesorting/scene_04_step50/when_what_ours_when_only_thres_0-8_rand_0-4/exp_wastesorting_20260912_163912_298917.txt,2026-09-12 16:39:12,True,10,5.0,24,5,0.5,1.4309,,,1105776053,,GOAL DONE,,,,,,,,,50,8000,1.3433,0.1343,0.0367,0.0037,0.0173,0.0017,0.0315,0.0032,0.0018,0.0002,1.4308,0.1431,,,,,,,,,,,,
wastesorting,when_what,ours_when_only,0.8,scene_04,2974,/home/fr/brl/02_BRL_POMDP_CODE/experiments_logs/system_log/wastesorting/scene_04_step50/when_what_ours_when_only_thres_0-8_rand_0-4/exp_wastesorting_20260912_163919_445056.txt,2026-09-12 16:39:19,True,11,0.0,24,6,0.5454545454545454,1.4762,,,3718837247,,GOAL DONE,,,,,,,,,50,8000,1.3944,0.1268,0.0358,0.0033,0.0162,0.0015,0.0278,0.0025,0.0018,0.0002,1.4761,0.1342,,,,,,,,,,,,
wastesorting,when_what,ours_when_only,0.8,scene_04,2975,/home/fr/brl/02_BRL_POMDP_CODE/experiments_logs/system_log/wastesorting/scene_04_step50/when_what_ours_when_only_thres_0-8_rand_0-4/exp_wastesorting_20260912_163926_665517.txt,2026-09-12 16:39:26,True,12,5.0,24,6,0.5,1.6354,,,4193229496,,GOAL DONE,,,,,,,,,50,8000,1.5467,0.1289,0.0365,0.003,0.0191,0.0016,0.0303,0.0025,0.0025,0.0002,1.6353,0.1363,,,,,,,,,,,,
wastesorting,when_what,ours_when_only,0.8,scene_04,2976,/home/fr/brl/02_BRL_POMDP_CODE/experiments_logs/system_log/wastesorting/scene_04_step50/when_what_ours_when_only_thres_0-8_rand_0-4/exp_wastesorting_20260912_163934_330040.txt,2026-09-12 16:39:34,True,13,15.0,30,5,0.38461538461538464,1.8985,,,3369209442,,GOAL DONE,,,,,,,,,50,8000,1.7925,0.1379,0.0495,0.0038,0.0309,0.0024,0.023,0.0018,0.0023,0.0002,1.8985,0.146,,,,,,,,,,,,
wastesorting,when_what,ours_when_only,0.8,scene_04,2977,/home/fr/brl/02_BRL_POMDP_CODE/experiments_logs/system_log/wastesorting/scene_04_step50/when_what_ours_when_only_thres_0-8_rand_0-4/exp_wastesorting_20260912_163941_697540.txt,2026-09-12 16:39:41,True,11,0.0,24,4,0.36363636363636365,1.5435,,,3692021791,,GOAL DONE,,,,,,,,,50,8000,1.4552,0.1323,0.0363,0.0033,0.0163,0.0015,0.0335,0.003,0.0019,0.0002,1.5434,0.1403,,,,,,,,,,,,
wastesorting,when_what,ours_when_only,0.8,scene_04,2978,/home/fr/brl/02_BRL_POMDP_CODE/experiments_logs/system_log/wastesorting/scene_04_step50/when_what_ours_when_only_thres_0-8_rand_0-4/exp_wastesorting_20260912_163949_209625.txt,2026-09-12 16:39:49,True,14,20.0,41,6,0.42857142857142855,1.8948,,,1445352403,,GOAL DONE,,,,,,,,,50,8000,1.7802,0.1272,0.0442,0.0032,0.023,0.0016,0.0447,0.0032,0.0024,0.0002,1.8947,0.1353,,,,,,,,,,,,
wastesorting,when_what,ours_when_only,0.8,scene_04,2979,/home/fr/brl/02_BRL_POMDP_CODE/experiments_logs/system_log/wastesorting/scene_04_step50/when_what_ours_when_only_thres_0-8_rand_0-4/exp_wastesorting_20260912_163956_096027.txt,2026-09-12 16:39:56,True,11,10.0,21,4,0.36363636363636365,1.5136,,,2413410080,,GOAL DONE,,,,,,,,,50,8000,1.4411,0.131,0.0332,0.003,0.0185,0.0017,0.0187,0.0017,0.0018,0.0002,1.5136,0.1376,,,,,,,,,,,,
wastesorting,when_what,ours_when_only,0.8,scene_04,2980,/home/fr/brl/02_BRL_POMDP_CODE/experiments_logs/system_log/wastesorting/scene_04_step50/when_what_ours_when_only_thres_0-8_rand_0-4/exp_wastesorting_20260912_164004_208582.txt,2026-09-12 16:40:04,True,14,0.0,41,7,0.5,2.3808,,,3310113005,,GOAL DONE,,,,,,,,,50,8000,2.2403,0.16,0.0452,0.0032,0.0405,0.0029,0.0522,0.0037,0.0023,0.0002,2.3807,0.1701,,,,,,,,,,,,
wastesorting,when_what,ours_when_only,0.8,scene_04,2981,/home/fr/brl/02_BRL_POMDP_CODE/experiments_logs/system_log/wastesorting/scene_04_step50/when_what_ours_when_only_thres_0-8_rand_0-4/exp_wastesorting_20260912_164014_193774.txt,2026-09-12 16:40:14,True,15,10.0,39,8,0.5333333333333333,2.2852,,,1619001990,,GOAL DONE,,,,,,,,,50,8000,2.1397,0.1426,0.0578,0.0039,0.0359,0.0024,0.0487,0.0032,0.0028,0.0002,2.2851,0.1523,,,,,,,,,,,,
wastesorting,when_what,ours_when_only,0.8,scene_04,2982,/home/fr/brl/02_BRL_POMDP_CODE/experiments_logs/system_log/wastesorting/scene_04_step50/when_what_ours_when_only_thres_0-8_rand_0-4/exp_wastesorting_20260912_164022_600561.txt,2026-09-12 16:40:22,True,12,15.0,30,5,0.4166666666666667,1.6967,,,3414205865,,GOAL DONE,,,,,,,,,50,8000,1.6047,0.1337,0.038,0.0032,0.0216,0.0018,0.0293,0.0024,0.0028,0.0002,1.6966,0.1414,,,,,,,,,,,,
wastesorting,when_what,ours_when_only,0.8,scene_04,2983,/home/fr/brl/02_BRL_POMDP_CODE/experiments_logs/system_log/wastesorting/scene_04_step50/when_what_ours_when_only_thres_0-8_rand_0-4/exp_wastesorting_20260912_164029_795234.txt,2026-09-12 16:40:29,True,13,10.0,37,6,0.46153846153846156,1.6642,,,3989924643,,GOAL DONE,,,,,,,,,50,8000,1.5662,0.1205,0.0446,0.0034,0.0199,0.0015,0.0304,0.0023,0.0027,0.0002,1.6641,0.128,,,,,,,,,,,,
wastesorting,when_what,ours_when_only,0.8,scene_04,2984,/home/fr/brl/02_BRL_POMDP_CODE/experiments_logs/system_log/wastesorting/scene_04_step50/when_what_ours_when_only_thres_0-8_rand_0-4/exp_wastesorting_20260912_164036_858348.txt,2026-09-12 16:40:36,True,11,5.0,19,6,0.5454545454545454,1.6181,,,1493522614,,GOAL DONE,,,,,,,,,50,8000,1.5325,0.1393,0.0391,0.0036,0.0188,0.0017,0.0252,0.0023,0.0022,0.0002,1.618,0.1471,,,,,,,,,,,,
wastesorting,when_what,ours_when_only,0.8,scene_04,2985,/home/fr/brl/02_BRL_POMDP_CODE/experiments_logs/system_log/wastesorting/scene_04_step50/when_what_ours_when_only_thres_0-8_rand_0-4/exp_wastesorting_20260912_164043_409577.txt,2026-09-12 16:40:43,True,11,20.0,15,3,0.2727272727272727,1.5558,,,13571565,,GOAL DONE,,,,,,,,,50,8000,1.4844,0.1349,0.0384,0.0035,0.0161,0.0015,0.0148,0.0013,0.0019,0.0002,1.5558,0.1414,,,,,,,,,,,,
wastesorting,when_what,ours_when_only,0.8,scene_04,2986,/home/fr/brl/02_BRL_POMDP_CODE/experiments_logs/system_log/wastesorting/scene_04_step50/when_what_ours_when_only_thres_0-8_rand_0-4/exp_wastesorting_20260912_164051_482096.txt,2026-09-12 16:40:51,True,12,15.0,21,4,0.3333333333333333,1.7178,,,2630099760,,GOAL DONE,,,,,,,,,50,8000,1.6244,0.1354,0.0413,0.0034,0.0193,0.0016,0.0304,0.0025,0.0022,0.0002,1.7177,0.1431,,,,,,,,,,,,
wastesorting,when_what,ours_when_only,0.8,scene_04,2987,/home/fr/brl/02_BRL_POMDP_CODE/experiments_logs/system_log/wastesorting/scene_04_step50/when_what_ours_when_only_thres_0-8_rand_0-4/exp_wastesorting_20260912_164058_920472.txt,2026-09-12 16:40:58,True,12,20.0,28,4,0.3333333333333333,1.693,,,3787165175,,GOAL DONE,,,,,,,,,50,8000,1.5928,0.1327,0.0403,0.0034,0.0194,0.0016,0.0384,0.0032,0.0019,0.0002,1.693,0.1411,,,,,,,,,,,,
wastesorting,when_what,ours_when_only,0.8,scene_04,2988,/home/fr/brl/02_BRL_POMDP_CODE/experiments_logs/system_log/wastesorting/scene_04_step50/when_what_ours_when_only_thres_0-8_rand_0-4/exp_wastesorting_20260912_164106_245546.txt,2026-09-12 16:41:06,True,11,10.0,29,3,0.2727272727272727,1.7343,,,1518896079,,GOAL DONE,,,,,,,,,50,8000,1.6357,0.1487,0.035,0.0032,0.0195,0.0018,0.0414,0.0038,0.0025,0.0002,1.7343,0.1577,,,,,,,,,,,,
wastesorting,when_what,ours_when_only,0.8,scene_04,2989,/home/fr/brl/02_BRL_POMDP_CODE/experiments_logs/system_log/wastesorting/scene_04_step50/when_what_ours_when_only_thres_0-8_rand_0-4/exp_wastesorting_20260912_164113_766293.txt,2026-09-12 16:41:13,True,12,5.0,34,6,0.5,1.7909,,,506359200,,GOAL DONE,,,,,,,,,50,8000,1.692,0.141,0.0372,0.0031,0.0255,0.0021,0.034,0.0028,0.002,0.0002,1.7909,0.1492,,,,,,,,,,,,
wastesorting,when_what,ours_when_only,0.8,scene_04,2990,/home/fr/brl/02_BRL_POMDP_CODE/experiments_logs/system_log/wastesorting/scene_04_step50/when_what_ours_when_only_thres_0-8_rand_0-4/exp_wastesorting_20260912_164120_866080.txt,2026-09-12 16:41:20,True,12,20.0,26,4,0.3333333333333333,1.5281,,,2303938088,,GOAL DONE,,,,,,,,,50,8000,1.4424,0.1202,0.0391,0.0033,0.0191,0.0016,0.025,0.0021,0.0022,0.0002,1.528,0.1273,,,,,,,,,,,,
wastesorting,when_what,ours_when_only,0.8,scene_04,2991,/home/fr/brl/02_BRL_POMDP_CODE/experiments_logs/system_log/wastesorting/scene_04_step50/when_what_ours_when_only_thres_0-8_rand_0-4/exp_wastesorting_20260912_164128_219211.txt,2026-09-12 16:41:28,True,13,20.0,28,6,0.46153846153846156,1.791,,,1783261924,,GOAL DONE,,,,,,,,,50,8000,1.6989,0.1307,0.0405,0.0031,0.0206,0.0016,0.0285,0.0022,0.0022,0.0002,1.791,0.1378,,,,,,,,,,,,
wastesorting,when_what,ours_when_only,0.8,scene_04,2992,/home/fr/brl/02_BRL_POMDP_CODE/experiments_logs/system_log/wastesorting/scene_04_step50/when_what_ours_when_only_thres_0-8_rand_0-4/exp_wastesorting_20260912_164137_246896.txt,2026-09-12 16:41:37,True,14,10.0,47,10,0.7142857142857143,2.3447,,,3973487875,,GOAL DONE,,,,,,,,,50,8000,2.2025,0.1573,0.0516,0.0037,0.0382,0.0027,0.0495,0.0035,0.0026,0.0002,2.3446,0.1675,,,,,,,,,,,,
wastesorting,when_what,ours_when_only,0.8,scene_04,2993,/home/fr/brl/02_BRL_POMDP_CODE/experiments_logs/system_log/wastesorting/scene_04_step50/when_what_ours_when_only_thres_0-8_rand_0-4/exp_wastesorting_20260912_164145_693392.txt,2026-09-12 16:41:45,True,14,0.0,31,8,0.5714285714285714,2.2298,,,3576324234,,GOAL DONE,,,,,,,,,50,8000,2.1077,0.1505,0.0459,0.0033,0.0359,0.0026,0.0375,0.0027,0.0025,0.0002,2.2297,0.1593,,,,,,,,,,,,
wastesorting,when_what,ours_when_only,0.8,scene_04,2994,/home/fr/brl/02_BRL_POMDP_CODE/experiments_logs/system_log/wastesorting/scene_04_step50/when_what_ours_when_only_thres_0-8_rand_0-4/exp_wastesorting_20260912_164152_329768.txt,2026-09-12 16:41:52,True,12,10.0,29,4,0.3333333333333333,1.7386,,,3966743771,,GOAL DONE,,,,,,,,,50,8000,1.6433,0.1369,0.0368,0.0031,0.0191,0.0016,0.0369,0.0031,0.0023,0.0002,1.7386,0.1449,,,,,,,,,,,,
wastesorting,when_what,ours_when_only,0.8,scene_04,2995,/home/fr/brl/02_BRL_POMDP_CODE/experiments_logs/system_log/wastesorting/scene_04_step50/when_what_ours_when_only_thres_0-8_rand_0-4/exp_wastesorting_20260912_164159_602041.txt,2026-09-12 16:41:59,True,12,10.0,27,4,0.3333333333333333,1.6973,,,3292785302,,GOAL DONE,,,,,,,,,50,8000,1.6077,0.134,0.0359,0.003,0.0172,0.0014,0.034,0.0028,0.0022,0.0002,1.6972,0.1414,,,,,,,,,,,,
wastesorting,when_what,ours_when_only,0.8,scene_04,2996,/home/fr/brl/02_BRL_POMDP_CODE/experiments_logs/system_log/wastesorting/scene_04_step50/when_what_ours_when_only_thres_0-8_rand_0-4/exp_wastesorting_20260912_164206_407413.txt,2026-09-12 16:42:06,True,10,10.0,9,2,0.2,1.4493,,,2877610580,,GOAL DONE,,,,,,,,,50,8000,1.3886,0.1389,0.0306,0.0031,0.0159,0.0016,0.0117,0.0012,0.0023,0.0002,1.4493,0.1449,,,,,,,,,,,,
wastesorting,when_what,ours_when_only,0.8,scene_04,2997,/home/fr/brl/02_BRL_POMDP_CODE/experiments_logs/system_log/wastesorting/scene_04_step50/when_what_ours_when_only_thres_0-8_rand_0-4/exp_wastesorting_20260912_164212_619959.txt,2026-09-12 16:42:12,True,15,15.0,35,8,0.5333333333333333,1.9737,,,1852316728,,GOAL DONE,,,,,,,,,50,8000,1.8655,0.1244,0.0461,0.0031,0.021,0.0014,0.0384,0.0026,0.0024,0.0002,1.9737,0.1316,,,,,,,,,,,,
wastesorting,when_what,ours_when_only,0.8,scene_04,2998,/home/fr/brl/02_BRL_POMDP_CODE/experiments_logs/system_log/wastesorting/scene_04_step50/when_what_ours_when_only_thres_0-8_rand_0-4/exp_wastesorting_20260912_164219_235212.txt,2026-09-12 16:42:19,True,12,15.0,26,4,0.3333333333333333,1.6911,,,132699259,,GOAL DONE,,,,,,,,,50,8000,1.5992,0.1333,0.038,0.0032,0.0174,0.0015,0.0336,0.0028,0.0025,0.0002,1.691,0.1409,,,,,,,,,,,,
wastesorting,when_what,ours_when_only,0.8,scene_04,2999,/home/fr/brl/02_BRL_POMDP_CODE/experiments_logs/system_log/wastesorting/scene_04_step50/when_what_ours_when_only_thres_0-8_rand_0-4/exp_wastesorting_20260912_164226_413286.txt,2026-09-12 16:42:26,True,11,10.0,23,3,0.2727272727272727,1.5407,,,1117810574,,GOAL DONE,,,,,,,,,50,8000,1.46,0.1327,0.0342,0.0031,0.0186,0.0017,0.0257,0.0023,0.0019,0.0002,1.5407,0.1401,,,,,,,,,,,,
wastesorting,when_what,ours_when_only,0.8,scene_04,3000,/home/fr/brl/02_BRL_POMDP_CODE/experiments_logs/system_log/wastesorting/scene_04_step50/when_what_ours_when_only_thres_0-8_rand_0-4/exp_wastesorting_20260912_164233_104375.txt,2026-09-12 16:42:33,True,11,10.0,23,5,0.45454545454545453,1.522,,,2967203946,,GOAL DONE,,,,,,,,,50,8000,1.4439,0.1313,0.0328,0.003,0.0164,0.0015,0.0267,0.0024,0.002,0.0002,1.522,0.1384,,,,,,,,,,,,
wastesorting,when_what,random,0.8,scene_04,3001,/home/fr/brl/02_BRL_POMDP_CODE/experiments_logs/system_log/wastesorting/scene_04_step50/when_what_random_thres_0-8_rand_0-4/exp_wastesorting_20260912_163740_057296.txt,2026-09-12 16:37:40,True,11,10.0,18,4,0.36363636363636365,1.5891,,,3291161639,,GOAL DONE,,,,,,,,,50,8000,1.5059,0.1369,0.0331,0.003,0.0186,0.0017,0.0295,0.0027,0.0017,0.0002,1.5891,0.1445,,,,,,,,,,,,
wastesorting,when_what,random,0.8,scene_04,3002,/home/fr/brl/02_BRL_POMDP_CODE/experiments_logs/system_log/wastesorting/scene_04_step50/when_what_random_thres_0-8_rand_0-4/exp_wastesorting_20260912_163747_405055.txt,2026-09-12 16:37:47,True,16,15.0,6,4,0.25,2.1146,,,1838985415,,GOAL DONE,,,,,,,,,50,8000,2.0381,0.1274,0.0478,0.003,0.0222,0.0014,0.0029,0.0002,0.0032,0.0002,2.1145,0.1322,,,,,,,,,,,,
wastesorting,when_what,random,0.8,scene_04,3003,/home/fr/brl/02_BRL_POMDP_CODE/experiments_logs/system_log/wastesorting/scene_04_step50/when_what_random_thres_0-8_rand_0-4/exp_wastesorting_20260912_163755_383793.txt,2026-09-12 16:37:55,True,14,10.0,29,9,0.6428571428571429,1.8086,,,1973069430,,GOAL DONE,,,,,,,,,50,8000,1.7217,0.123,0.0455,0.0032,0.0175,0.0013,0.0212,0.0015,0.0024,0.0002,1.8085,0.1292,,,,,,,,,,,,
wastesorting,when_what,random,0.8,scene_04,3004,/home/fr/brl/02_BRL_POMDP_CODE/experiments_logs/system_log/wastesorting/scene_04_step50/when_what_random_thres_0-8_rand_0-4/exp_wastesorting_20260912_163803_057985.txt,2026-09-12 16:38:03,False,9,5.0,15,4,0.4444444444444444,1.7896,,,414427021,,PLAN FAILURE,,,,,,,,,50,8000,1.7087,0.1899,0.0305,0.0034,0.0373,0.0041,0.0113,0.0013,0.0016,0.0002,1.7896,0.1988,,,,,,,,,,,,
wastesorting,when_what,random,0.8,scene_04,3005,/home/fr/brl/02_BRL_POMDP_CODE/experiments_logs/system_log/wastesorting/scene_04_step50/when_what_random_thres_0-8_rand_0-4/exp_wastesorting_20260912_163810_943037.txt,2026-09-12 16:38:10,True,11,25.0,13,4,0.36363636363636365,1.5853,,,3201562577,,GOAL DONE,,,,,,,,,50,8000,1.502,0.1365,0.0369,0.0034,0.0183,0.0017,0.026,0.0024,0.0018,0.0002,1.5853,0.1441,,,,,,,,,,,,
wastesorting,when_what,random,0.8,scene_04,3006,/home/fr/brl/02_BRL_POMDP_CODE/experiments_logs/system_log/wastesorting/scene_04_step50/when_what_random_thres_0-8_rand_0-4/exp_wastesorting_20260912_163818_299310.txt,2026-09-12 16:38:18,True,15,15.0,27,9,0.6,1.9109,,,2350780499,,GOAL DONE,,,,,,,,,50,8000,1.829,0.1219,0.0525,0.0035,0.0187,0.0012,0.0074,0.0005,0.0029,0.0002,1.9108,0.1274,,,,,,,,,,,,
wastesorting,when_what,random,0.8,scene_04,3007,/home/fr/brl/02_BRL_POMDP_CODE/experiments_logs/system_log/wastesorting/scene_04_step50/when_what_random_thres_0-8_rand_0-4/exp_wastesorting_20260912_163826_207644.txt,2026-09-12 16:38:26,True,14,15.0,25,7,0.5,2.3408,,,2401657902,,GOAL DONE,,,,,,,,,50,8000,2.2172,0.1584,0.0499,0.0036,0.0422,0.003,0.0278,0.002,0.0033,0.0002,2.3407,0.1672,,,,,,,,,,,,
wastesorting,when_what,random,0.8,scene_04,3008,/home/fr/brl/02_BRL_POMDP_CODE/experiments_logs/system_log/wastesorting/scene_04_step50/when_what_random_thres_0-8_rand_0-4/exp_wastesorting_20260912_163834_646472.txt,2026-09-12 16:38:34,False,6,10.0,12,2,0.3333333333333333,1.1589,,,3182553066,,PLAN FAILURE,,,,,,,,,50,8000,1.0905,0.1818,0.0194,0.0032,0.0181,0.003,0.0298,0.005,0.001,0.0002,1.1589,0.1931,,,,,,,,,,,,
wastesorting,when_what,random,0.8,scene_04,3009,/home/fr/brl/02_BRL_POMDP_CODE/experiments_logs/system_log/wastesorting/scene_04_step50/when_what_random_thres_0-8_rand_0-4/exp_wastesorting_20260912_163841_649627.txt,2026-09-12 16:38:41,True,12,10.0,21,6,0.5,1.6988,,,1147895942,,GOAL DONE,,,,,,,,,50,8000,1.6131,0.1344,0.0408,0.0034,0.0175,0.0015,0.024,0.002,0.003,0.0003,1.6987,0.1416,,,,,,,,,,,,
wastesorting,when_what,random,0.8,scene_04,3010,/home/fr/brl/02_BRL_POMDP_CODE/experiments_logs/system_log/wastesorting/scene_04_step50/when_what_random_thres_0-8_rand_0-4/exp_wastesorting_20260912_163848_741275.txt,2026-09-12 16:38:48,True,13,10.0,20,7,0.5384615384615384,1.6728,,,472386282,,GOAL DONE,,,,,,,,,50,8000,1.5865,0.122,0.0388,0.003,0.0167,0.0013,0.0282,0.0022,0.0023,0.0002,1.6727,0.1287,,,,,,,,,,,,
wastesorting,when_what,random,0.8,scene_04,3011,/home/fr/brl/02_BRL_POMDP_CODE/experiments_logs/system_log/wastesorting/scene_04_step50/when_what_random_thres_0-8_rand_0-4/exp_wastesorting_20260912_163855_798683.txt,2026-09-12 16:38:55,False,10,0.0,27,4,0.4,1.8619,,,558605806,,PLAN FAILURE,,,,,,,,,50,8000,1.7346,0.1735,0.0385,0.0039,0.0349,0.0035,0.052,0.0052,0.0016,0.0002,1.8618,0.1862,,,,,,,,,,,,
wastesorting,when_what,random,0.8,scene_04,3012,/home/fr/brl/02_BRL_POMDP_CODE/experiments_logs/system_log/wastesorting/scene_04_step50/when_what_random_thres_0-8_rand_0-4/exp_wastesorting_20260912_163903_785049.txt,2026-09-12 16:39:03,False,9,15.0,18,6,0.6666666666666666,1.3104,,,3110233099,,PLAN FAILURE,,,,,,,,,50,8000,1.2363,0.1374,0.0276,0.0031,0.0161,0.0018,0.0289,0.0032,0.0013,0.0001,1.3103,0.1456,,,,,,,,,,,,
wastesorting,when_what,random,0.8,scene_04,3013,/home/fr/brl/02_BRL_POMDP_CODE/experiments_logs/system_log/wastesorting/scene_04_step50/when_what_random_thres_0-8_rand_0-4/exp_wastesorting_20260912_163910_744278.txt,2026-09-12 16:39:10,True,13,15.0,8,5,0.38461538461538464,1.8694,,,1105776053,,GOAL DONE,,,,,,,,,50,8000,1.8021,0.1386,0.041,0.0032,0.0199,0.0015,0.0036,0.0003,0.0025,0.0002,1.8693,0.1438,,,,,,,,,,,,
wastesorting,when_what,random,0.8,scene_04,3014,/home/fr/brl/02_BRL_POMDP_CODE/experiments_logs/system_log/wastesorting/scene_04_step50/when_what_random_thres_0-8_rand_0-4/exp_wastesorting_20260912_163917_839075.txt,2026-09-12 16:39:17,True,14,15.0,2,2,0.14285714285714285,1.8257,,,3718837247,,GOAL DONE,,,,,,,,,50,8000,1.7574,0.1255,0.0451,0.0032,0.0173,0.0012,0.0023,0.0002,0.0032,0.0002,1.8256,0.1304,,,,,,,,,,,,
wastesorting,when_what,random,0.8,scene_04,3015,/home/fr/brl/02_BRL_POMDP_CODE/experiments_logs/system_log/wastesorting/scene_04_step50/when_what_random_thres_0-8_rand_0-4/exp_wastesorting_20260912_163924_896414.txt,2026-09-12 16:39:24,True,14,10.0,18,3,0.21428571428571427,1.7818,,,4193229496,,GOAL DONE,,,,,,,,,50,8000,1.6894,0.1207,0.0416,0.003,0.02,0.0014,0.0281,0.002,0.0023,0.0002,1.7817,0.1273,,,,,,,,,,,,
wastesorting,when_what,random,0.8,scene_04,3016,/home/fr/brl/02_BRL_POMDP_CODE/experiments_logs/system_log/wastesorting/scene_04_step50/when_what_random_thres_0-8_rand_0-4/exp_wastesorting_20260912_163932_296063.txt,2026-09-12 16:39:32,True,13,15.0,2,2,0.15384615384615385,1.8059,,,3369209442,,GOAL DONE,,,,,,,,,50,8000,1.7299,0.1331,0.0489,0.0038,0.0224,0.0017,0.0022,0.0002,0.0021,0.0002,1.8059,0.1389,,,,,,,,,,,,
wastesorting,when_what,random,0.8,scene_04,3017,/home/fr/brl/02_BRL_POMDP_CODE/experiments_logs/system_log/wastesorting/scene_04_step50/when_what_random_thres_0-8_rand_0-4/exp_wastesorting_20260912_163940_027099.txt,2026-09-12 16:39:40,True,12,0.0,9,5,0.4166666666666667,1.6998,,,3692021791,,GOAL DONE,,,,,,,,,50,8000,1.637,0.1364,0.0399,0.0033,0.0164,0.0014,0.0033,0.0003,0.0028,0.0002,1.6997,0.1416,,,,,,,,,,,,
wastesorting,when_what,random,0.8,scene_04,3018,/home/fr/brl/02_BRL_POMDP_CODE/experiments_logs/system_log/wastesorting/scene_04_step50/when_what_random_thres_0-8_rand_0-4/exp_wastesorting_20260912_163947_187001.txt,2026-09-12 16:39:47,True,14,20.0,11,5,0.35714285714285715,1.8695,,,1445352403,,GOAL DONE,,,,,,,,,50,8000,1.7857,0.1276,0.0459,0.0033,0.0313,0.0022,0.0039,0.0003,0.0023,0.0002,1.8694,0.1335,,,,,,,,,,,,
wastesorting,when_what,random,0.8,scene_04,3019,/home/fr/brl/02_BRL_POMDP_CODE/experiments_logs/system_log/wastesorting/scene_04_step50/when_what_random_thres_0-8_rand_0-4/exp_wastesorting_20260912_163954_451564.txt,2026-09-12 16:39:54,False,7,5.0,3,3,0.42857142857142855,1.1601,,,2413410080,,PLAN FAILURE,,,,,,,,,50,8000,1.1158,0.1594,0.023,0.0033,0.0181,0.0026,0.0019,0.0003,0.0012,0.0002,1.1601,0.1657,,,,,,,,,,,,
wastesorting,when_what,random,0.8,scene_04,3020,/home/fr/brl/02_BRL_POMDP_CODE/experiments_logs/system_log/wastesorting/scene_04_step50/when_what_random_thres_0-8_rand_0-4/exp_wastesorting_20260912_164001_699422.txt,2026-09-12 16:40:01,True,16,10.0,26,5,0.3125,2.5202,,,3310113005,,GOAL DONE,,,,,,,,,50,8000,2.3898,0.1494,0.0569,0.0036,0.0465,0.0029,0.0233,0.0015,0.0032,0.0002,2.5201,0.1575,,,,,,,,,,,,
wastesorting,when_what,random,0.8,scene_04,3021,/home/fr/brl/02_BRL_POMDP_CODE/experiments_logs/system_log/wastesorting/scene_04_step50/when_what_random_thres_0-8_rand_0-4/exp_wastesorting_20260912_164011_781056.txt,2026-09-12 16:40:11,True,15,0.0,29,8,0.5333333333333333,2.3012,,,1619001990,,GOAL DONE,,,,,,,,,50,8000,2.1693,0.1446,0.0529,0.0035,0.036,0.0024,0.0399,0.0027,0.0026,0.0002,2.3011,0.1534,,,,,,,,,,,,
wastesorting,when_what,random,0.8,scene_04,3022,/home/fr/brl/02_BRL_POMDP_CODE/experiments_logs/system_log/wastesorting/scene_04_step50/when_what_random_thres_0-8_rand_0-4/exp_wastesorting_20260912_164020_774432.txt,2026-09-12 16:40:20,True,12,15.0,16,4,0.3333333333333333,1.6246,,,3414205865,,GOAL DONE,,,,,,,,,50,8000,1.5376,0.1281,0.0406,0.0034,0.0217,0.0018,0.0223,0.0019,0.002,0.0002,1.6246,0.1354,,,,,,,,,,,,
wastesorting,when_what,random,0.8,scene_04,3023,/home/fr/brl/02_BRL_POMDP_CODE/experiments_logs/system_log/wastesorting/scene_04_step50/when_what_random_thres_0-8_rand_0-4/exp_wastesorting_20260912_164027_998121.txt,2026-09-12 16:40:27,True,13,10.0,32,6,0.46153846153846156,1.6645,,,3989924643,,GOAL DONE,,,,,,,,,50,8000,1.576,0.1212,0.0396,0.003,0.0202,0.0016,0.0265,0.002,0.0019,0.0001,1.6644,0.128,,,,,,,,,,,,
wastesorting,when_what,random,0.8,scene_04,3024,/home/fr/brl/02_BRL_POMDP_CODE/experiments_logs/system_log/wastesorting/scene_04_step50/when_what_random_thres_0-8_rand_0-4/exp_wastesorting_20260912_164035_108152.txt,2026-09-12 16:40:35,True,12,0.0,12,5,0.4166666666666667,1.6554,,,1493522614,,GOAL DONE,,,,,,,,,50,8000,1.5763,0.1314,0.0364,0.003,0.0191,0.0016,0.0213,0.0018,0.0019,0.0002,1.6553,0.1379,,,,,,,,,,,,
wastesorting,when_what,random,0.8,scene_04,3025,/home/fr/brl/02_BRL_POMDP_CODE/experiments_logs/system_log/wastesorting/scene_04_step50/when_what_random_thres_0-8_rand_0-4/exp_wastesorting_20260912_164041_724161.txt,2026-09-12 16:40:41,False,9,5.0,10,4,0.4444444444444444,1.2694,,,13571565,,PLAN FAILURE,,,,,,,,,50,8000,1.2106,0.1345,0.0279,0.0031,0.0158,0.0018,0.0134,0.0015,0.0015,0.0002,1.2694,0.141,,,,,,,,,,,,
wastesorting,when_what,random,0.8,scene_04,3026,/home/fr/brl/02_BRL_POMDP_CODE/experiments_logs/system_log/wastesorting/scene_04_step50/when_what_random_thres_0-8_rand_0-4/exp_wastesorting_20260912_164049_633491.txt,2026-09-12 16:40:49,True,13,10.0,26,8,0.6153846153846154,1.796,,,2630099760,,GOAL DONE,,,,,,,,,50,8000,1.7005,0.1308,0.04,0.0031,0.0189,0.0015,0.034,0.0026,0.0022,0.0002,1.7959,0.1381,,,,,,,,,,,,
wastesorting,when_what,random,0.8,scene_04,3027,/home/fr/brl/02_BRL_POMDP_CODE/experiments_logs/system_log/wastesorting/scene_04_step50/when_what_random_thres_0-8_rand_0-4/exp_wastesorting_20260912_164057_098031.txt,2026-09-12 16:40:57,True,12,20.0,13,2,0.16666666666666666,1.7151,,,3787165175,,GOAL DONE,,,,,,,,,50,8000,1.6209,0.1351,0.0407,0.0034,0.0192,0.0016,0.0318,0.0027,0.0021,0.0002,1.715,0.1429,,,,,,,,,,,,
wastesorting,when_what,random,0.8,scene_04,3028,/home/fr/brl/02_BRL_POMDP_CODE/experiments_logs/system_log/wastesorting/scene_04_step50/when_what_random_thres_0-8_rand_0-4/exp_wastesorting_20260912_164104_377751.txt,2026-09-12 16:41:04,True,11,10.0,27,9,0.8181818181818182,1.6861,,,1518896079,,GOAL DONE,,,,,,,,,50,8000,1.5968,0.1452,0.0331,0.003,0.0187,0.0017,0.0354,0.0032,0.002,0.0002,1.6861,0.1533,,,,,,,,,,,,
wastesorting,when_what,random,0.8,scene_04,3029,/home/fr/brl/02_BRL_POMDP_CODE/experiments_logs/system_log/wastesorting/scene_04_step50/when_what_random_thres_0-8_rand_0-4/exp_wastesorting_20260912_164111_841935.txt,2026-09-12 16:41:11,True,13,15.0,14,5,0.38461538461538464,1.7751,,,506359200,,GOAL DONE,,,,,,,,,50,8000,1.6987,0.1307,0.0403,0.0031,0.0251,0.0019,0.0085,0.0007,0.0022,0.0002,1.775,0.1365,,,,,,,,,,,,
wastesorting,when_what,random,0.8,scene_04,3030,/home/fr/brl/02_BRL_POMDP_CODE/experiments_logs/system_log/wastesorting/scene_04_step50/when_what_random_thres_0-8_rand_0-4/exp_wastesorting_20260912_164119_207236.txt,2026-09-12 16:41:19,True,12,20.0,20,9,0.75,1.5891,,,2303938088,,GOAL DONE,,,,,,,,,50,8000,1.5055,0.1255,0.0416,0.0035,0.0195,0.0016,0.0203,0.0017,0.002,0.0002,1.589,0.1324,,,,,,,,,,,,
wastesorting,when_what,random,0.8,scene_04,3031,/home/fr/brl/02_BRL_POMDP_CODE/experiments_logs/system_log/wastesorting/scene_04_step50/when_what_random_thres_0-8_rand_0-4/exp_wastesorting_20260912_164126_293617.txt,2026-09-12 16:41:26,True,15,15.0,6,5,0.3333333333333333,1.8957,,,1783261924,,GOAL DONE,,,,,,,,,50,8000,1.8224,0.1215,0.0466,0.0031,0.0207,0.0014,0.0028,0.0002,0.0029,0.0002,1.8956,0.1264,,,,,,,,,,,,
wastesorting,when_what,random,0.8,scene_04,3032,/home/fr/brl/02_BRL_POMDP_CODE/experiments_logs/system_log/wastesorting/scene_04_step50/when_what_random_thres_0-8_rand_0-4/exp_wastesorting_20260912_164134_771528.txt,2026-09-12 16:41:34,True,17,25.0,43,10,0.5882352941176471,2.5128,,,3973487875,,GOAL DONE,,,,,,,,,50,8000,2.3706,0.1394,0.0575,0.0034,0.0398,0.0023,0.0414,0.0024,0.003,0.0002,2.5127,0.1478,,,,,,,,,,,,
wastesorting,when_what,random,0.8,scene_04,3033,/home/fr/brl/02_BRL_POMDP_CODE/experiments_logs/system_log/wastesorting/scene_04_step50/when_what_random_thres_0-8_rand_0-4/exp_wastesorting_20260912_164143_332134.txt,2026-09-12 16:41:43,False,3,0.0,2,2,0.6666666666666666,0.8537,,,3576324234,,PLAN FAILURE,,,,,,,,,50,8000,0.8266,0.2755,0.0105,0.0035,0.0146,0.0049,0.0015,0.0005,0.0004,0.0001,0.8536,0.2845,,,,,,,,,,,,
wastesorting,when_what,random,0.8,scene_04,3034,/home/fr/brl/02_BRL_POMDP_CODE/experiments_logs/system_log/wastesorting/scene_04_step50/when_what_random_thres_0-8_rand_0-4/exp_wastesorting_20260912_164150_460117.txt,2026-09-12 16:41:50,False,12,0.0,4,4,0.3333333333333333,1.7045,,,3966743771,,PLAN FAILURE,,,,,,,,,50,8000,1.6392,0.1366,0.0417,0.0035,0.0189,0.0016,0.0024,0.0002,0.002,0.0002,1.7045,0.142,,,,,,,,,,,,
wastesorting,when_what,random,0.8,scene_04,3035,/home/fr/brl/02_BRL_POMDP_CODE/experiments_logs/system_log/wastesorting/scene_04_step50/when_what_random_thres_0-8_rand_0-4/exp_wastesorting_20260912_164157_771052.txt,2026-09-12 16:41:57,True,12,10.0,15,5,0.4166666666666667,1.6599,,,3292785302,,GOAL DONE,,,,,,,,,50,8000,1.5991,0.1333,0.0364,0.003,0.0169,0.0014,0.0049,0.0004,0.0023,0.0002,1.6598,0.1383,,,,,,,,,,,,
wastesorting,when_what,random,0.8,scene_04,3036,/home/fr/brl/02_BRL_POMDP_CODE/experiments_logs/system_log/wastesorting/scene_04_step50/when_what_random_thres_0-8_rand_0-4/exp_wastesorting_20260912_164204_828001.txt,2026-09-12 16:42:04,True,10,10.0,9,4,0.4,1.4809,,,2877610580,,GOAL DONE,,,,,,,,,50,8000,1.4205,0.1421,0.0305,0.003,0.0162,0.0016,0.0114,0.0011,0.0021,0.0002,1.4808,0.1481,,,,,,,,,,,,
wastesorting,when_what,random,0.8,scene_04,3037,/home/fr/brl/02_BRL_POMDP_CODE/experiments_logs/system_log/wastesorting/scene_04_step50/when_what_random_thres_0-8_rand_0-4/exp_wastesorting_20260912_164210_510357.txt,2026-09-12 16:42:10,False,3,0.0,1,1,0.3333333333333333,0.7805,,,1852316728,,PLAN FAILURE,,,,,,,,,50,8000,0.753,0.251,0.0107,0.0036,0.0149,0.005,0.0014,0.0005,0.0004,0.0001,0.7805,0.2602,,,,,,,,,,,,
wastesorting,when_what,random,0.8,scene_04,3038,/home/fr/brl/02_BRL_POMDP_CODE/experiments_logs/system_log/wastesorting/scene_04_step50/when_what_random_thres_0-8_rand_0-4/exp_wastesorting_20260912_164217_419747.txt,2026-09-12 16:42:17,True,13,5.0,5,5,0.38461538461538464,1.6608,,,132699259,,GOAL DONE,,,,,,,,,50,8000,1.5993,0.123,0.0394,0.003,0.0176,0.0014,0.0024,0.0002,0.0018,0.0001,1.6608,0.1278,,,,,,,,,,,,
wastesorting,when_what,random,0.8,scene_04,3039,/home/fr/brl/02_BRL_POMDP_CODE/experiments_logs/system_log/wastesorting/scene_04_step50/when_what_random_thres_0-8_rand_0-4/exp_wastesorting_20260912_164224_764470.txt,2026-09-12 16:42:24,True,14,10.0,9,6,0.42857142857142855,1.8568,,,1117810574,,GOAL DONE,,,,,,,,,50,8000,1.7859,0.1276,0.0417,0.003,0.0221,0.0016,0.0047,0.0003,0.0021,0.0002,1.8567,0.1326,,,,,,,,,,,,
wastesorting,when_what,random,0.8,scene_04,3040,/home/fr/brl/02_BRL_POMDP_CODE/experiments_logs/system_log/wastesorting/scene_04_step50/when_what_random_thres_0-8_rand_0-4/exp_wastesorting_20260912_164231_451254.txt,2026-09-12 16:42:31,False,9,5.0,9,5,0.5555555555555556,1.2207,,,2967203946,,PLAN FAILURE,,,,,,,,,50,8000,1.1715,0.1302,0.028,0.0031,0.0166,0.0018,0.003,0.0003,0.0014,0.0002,1.2207,0.1356,,,,,,,,,,,,
wastesorting,when_what,ours,0.8,scene_05,3641,/home/fr/brl/02_BRL_POMDP_CODE/experiments_logs/system_log/wastesorting/scene_05_step50/when_what_ours_thres_0-8_rand_0-4/exp_wastesorting_20260912_164243_557665.txt,2026-09-12 16:42:43,True,12,5.0,13,5,0.4166666666666667,1.6678,,,630828154,,GOAL DONE,,,,,,,,,50,8000,1.5908,0.1326,0.0368,0.0031,0.0193,0.0016,0.0187,0.0016,0.0019,0.0002,1.6678,0.139,,,,,,,,,,,,
wastesorting,when_what,ours,0.8,scene_05,3642,/home/fr/brl/02_BRL_POMDP_CODE/experiments_logs/system_log/wastesorting/scene_05_step50/when_what_ours_thres_0-8_rand_0-4/exp_wastesorting_20260912_164251_956648.txt,2026-09-12 16:42:51,True,17,10.0,24,10,0.5882352941176471,2.5947,,,435659992,,GOAL DONE,,,,,,,,,50,8000,2.4503,0.1441,0.0587,0.0035,0.0375,0.0022,0.0448,0.0026,0.0031,0.0002,2.5946,0.1526,,,,,,,,,,,,
wastesorting,when_what,ours,0.8,scene_05,3643,/home/fr/brl/02_BRL_POMDP_CODE/experiments_logs/system_log/wastesorting/scene_05_step50/when_what_ours_thres_0-8_rand_0-4/exp_wastesorting_20260912_164257_780677.txt,2026-09-12 16:42:57,True,11,5.0,14,4,0.36363636363636365,1.648,,,3537170530,,GOAL DONE,,,,,,,,,50,8000,1.5705,0.1428,0.0369,0.0034,0.0187,0.0017,0.0199,0.0018,0.0017,0.0002,1.648,0.1498,,,,,,,,,,,,
wastesorting,when_what,ours,0.8,scene_05,3644,/home/fr/brl/02_BRL_POMDP_CODE/experiments_logs/system_log/wastesorting/scene_05_step50/when_what_ours_thres_0-8_rand_0-4/exp_wastesorting_20260912_164303_914820.txt,2026-09-12 16:43:03,True,12,20.0,11,4,0.3333333333333333,1.5355,,,1280378645,,GOAL DONE,,,,,,,,,50,8000,1.455,0.1212,0.0397,0.0033,0.0219,0.0018,0.0168,0.0014,0.0018,0.0001,1.5354,0.1279,,,,,,,,,,,,
wastesorting,when_what,ours,0.8,scene_05,3645,/home/fr/brl/02_BRL_POMDP_CODE/experiments_logs/system_log/wastesorting/scene_05_step50/when_what_ours_thres_0-8_rand_0-4/exp_wastesorting_20260912_164313_021108.txt,2026-09-12 16:43:13,True,12,0.0,14,6,0.5,2.0554,,,3656925474,,GOAL DONE,,,,,,,,,50,8000,1.9433,0.1619,0.0425,0.0035,0.0346,0.0029,0.0326,0.0027,0.002,0.0002,2.0553,0.1713,,,,,,,,,,,,
wastesorting,when_what,ours,0.8,scene_05,3646,/home/fr/brl/02_BRL_POMDP_CODE/experiments_logs/system_log/wastesorting/scene_05_step50/when_what_ours_thres_0-8_rand_0-4/exp_wastesorting_20260912_164319_608203.txt,2026-09-12 16:43:19,True,11,15.0,12,4,0.36363636363636365,1.4265,,,1489971784,,GOAL DONE,,,,,,,,,50,8000,1.3452,0.1223,0.0325,0.003,0.0164,0.0015,0.0306,0.0028,0.0016,0.0001,1.4264,0.1297,,,,,,,,,,,,
wastesorting,when_what,ours,0.8,scene_05,3647,/home/fr/brl/02_BRL_POMDP_CODE/experiments_logs/system_log/wastesorting/scene_05_step50/when_what_ours_thres_0-8_rand_0-4/exp_wastesorting_20260912_164327_100924.txt,2026-09-12 16:43:27,True,11,0.0,9,4,0.36363636363636365,1.5625,,,3520141308,,GOAL DONE,,,,,,,,,50,8000,1.4895,0.1354,0.037,0.0034,0.0182,0.0017,0.0159,0.0014,0.0016,0.0001,1.5624,0.142,,,,,,,,,,,,
wastesorting,when_what,ours,0.8,scene_05,3648,/home/fr/brl/02_BRL_POMDP_CODE/experiments_logs/system_log/wastesorting/scene_05_step50/when_what_ours_thres_0-8_rand_0-4/exp_wastesorting_20260912_164334_654402.txt,2026-09-12 16:43:34,True,12,10.0,12,5,0.4166666666666667,1.6302,,,411692590,,GOAL DONE,,,,,,,,,50,8000,1.5547,0.1296,0.0363,0.003,0.0187,0.0016,0.0181,0.0015,0.0021,0.0002,1.6301,0.1358,,,,,,,,,,,,
wastesorting,when_what,ours,0.8,scene_05,3649,/home/fr/brl/02_BRL_POMDP_CODE/experiments_logs/system_log/wastesorting/scene_05_step50/when_what_ours_thres_0-8_rand_0-4/exp_wastesorting_20260912_164340_944610.txt,2026-09-12 16:43:40,True,12,10.0,16,6,0.5,1.6477,,,2624923704,,GOAL DONE,,,,,,,,,50,8000,1.5571,0.1298,0.0444,0.0037,0.0213,0.0018,0.0228,0.0019,0.0017,0.0001,1.6476,0.1373,,,,,,,,,,,,
wastesorting,when_what,ours,0.8,scene_05,3650,/home/fr/brl/02_BRL_POMDP_CODE/experiments_logs/system_log/wastesorting/scene_05_step50/when_what_ours_thres_0-8_rand_0-4/exp_wastesorting_20260912_164346_493971.txt,2026-09-12 16:43:46,True,14,10.0,18,6,0.42857142857142855,1.7956,,,3130661448,,GOAL DONE,,,,,,,,,50,8000,1.7024,0.1216,0.0445,0.0032,0.0227,0.0016,0.0229,0.0016,0.0027,0.0002,1.7956,0.1283,,,,,,,,,,,,
wastesorting,when_what,ours,0.8,scene_05,3651,/home/fr/brl/02_BRL_POMDP_CODE/experiments_logs/system_log/wastesorting/scene_05_step50/when_what_ours_thres_0-8_rand_0-4/exp_wastesorting_20260912_164353_266752.txt,2026-09-12 16:43:53,True,11,10.0,10,4,0.36363636363636365,1.5715,,,3622248746,,GOAL DONE,,,,,,,,,50,8000,1.4944,0.1359,0.0331,0.003,0.016,0.0015,0.0257,0.0023,0.0021,0.0002,1.5714,0.1429,,,,,,,,,,,,
wastesorting,when_what,ours,0.8,scene_05,3652,/home/fr/brl/02_BRL_POMDP_CODE/experiments_logs/system_log/wastesorting/scene_05_step50/when_what_ours_thres_0-8_rand_0-4/exp_wastesorting_20260912_164400_940863.txt,2026-09-12 16:44:00,True,12,10.0,12,4,0.3333333333333333,1.7788,,,600649243,,GOAL DONE,,,,,,,,,50,8000,1.6995,0.1416,0.0365,0.003,0.0218,0.0018,0.0188,0.0016,0.002,0.0002,1.7787,0.1482,,,,,,,,,,,,
wastesorting,when_what,ours,0.8,scene_05,3653,/home/fr/brl/02_BRL_POMDP_CODE/experiments_logs/system_log/wastesorting/scene_05_step50/when_what_ours_thres_0-8_rand_0-4/exp_wastesorting_20260912_164408_977022.txt,2026-09-12 16:44:08,True,13,20.0,14,6,0.46153846153846156,1.7113,,,3690243405,,GOAL DONE,,,,,,,,,50,8000,1.6294,0.1253,0.0388,0.003,0.0217,0.0017,0.019,0.0015,0.0021,0.0002,1.7113,0.1316,,,,,,,,,,,,
wastesorting,when_what,ours,0.8,scene_05,3654,/home/fr/brl/02_BRL_POMDP_CODE/experiments_logs/system_log/wastesorting/scene_05_step50/when_what_ours_thres_0-8_rand_0-4/exp_wastesorting_20260912_164415_417856.txt,2026-09-12 16:44:15,True,15,10.0,16,7,0.4666666666666667,1.983,,,2666206818,,GOAL DONE,,,,,,,,,50,8000,1.8839,0.1256,0.0458,0.0031,0.02,0.0013,0.0302,0.002,0.0027,0.0002,1.9829,0.1322,,,,,,,,,,,,
wastesorting,when_what,ours,0.8,scene_05,3655,/home/fr/brl/02_BRL_POMDP_CODE/experiments_logs/system_log/wastesorting/scene_05_step50/when_what_ours_thres_0-8_rand_0-4/exp_wastesorting_20260912_164422_666254.txt,2026-09-12 16:44:22,True,15,5.0,18,9,0.6,1.9845,,,2681637189,,GOAL DONE,,,,,,,,,50,8000,1.887,0.1258,0.0466,0.0031,0.0202,0.0013,0.0275,0.0018,0.0028,0.0002,1.9844,0.1323,,,,,,,,,,,,
wastesorting,when_what,ours,0.8,scene_05,3656,/home/fr/brl/02_BRL_POMDP_CODE/experiments_logs/system_log/wastesorting/scene_05_step50/when_what_ours_thres_0-8_rand_0-4/exp_wastesorting_20260912_164430_078667.txt,2026-09-12 16:44:30,True,14,0.0,14,8,0.5714285714285714,1.747,,,3586644066,,GOAL DONE,,,,,,,,,50,8000,1.666,0.119,0.0456,0.0033,0.017,0.0012,0.0158,0.0011,0.0023,0.0002,1.7469,0.1248,,,,,,,,,,,,
wastesorting,when_what,ours,0.8,scene_05,3657,/home/fr/brl/02_BRL_POMDP_CODE/experiments_logs/system_log/wastesorting/scene_05_step50/when_what_ours_thres_0-8_rand_0-4/exp_wastesorting_20260912_164438_739240.txt,2026-09-12 16:44:38,True,12,15.0,15,6,0.5,1.9445,,,3677160998,,GOAL DONE,,,,,,,,,50,8000,1.8346,0.1529,0.0387,0.0032,0.0316,0.0026,0.0368,0.0031,0.0024,0.0002,1.9444,0.162,,,,,,,,,,,,
wastesorting,when_what,ours,0.8,scene_05,3658,/home/fr/brl/02_BRL_POMDP_CODE/experiments_logs/system_log/wastesorting/scene_05_step50/when_what_ours_thres_0-8_rand_0-4/exp_wastesorting_20260912_164447_713396.txt,2026-09-12 16:44:47,True,12,15.0,14,5,0.4166666666666667,2.1058,,,1159978775,,GOAL DONE,,,,,,,,,50,8000,2.0018,0.1668,0.0393,0.0033,0.0344,0.0029,0.028,0.0023,0.0021,0.0002,2.1057,0.1755,,,,,,,,,,,,
wastesorting,when_what,ours,0.8,scene_05,3659,/home/fr/brl/02_BRL_POMDP_CODE/experiments_logs/system_log/wastesorting/scene_05_step50/when_what_ours_thres_0-8_rand_0-4/exp_wastesorting_20260912_164454_362287.txt,2026-09-12 16:44:54,True,11,15.0,8,3,0.2727272727272727,1.526,,,4128091398,,GOAL DONE,,,,,,,,,50,8000,1.4595,0.1327,0.0333,0.003,0.0159,0.0014,0.0144,0.0013,0.0026,0.0002,1.526,0.1387,,,,,,,,,,,,
wastesorting,when_what,ours,0.8,scene_05,3660,/home/fr/brl/02_BRL_POMDP_CODE/experiments_logs/system_log/wastesorting/scene_05_step50/when_what_ours_thres_0-8_rand_0-4/exp_wastesorting_20260912_164501_250872.txt,2026-09-12 16:45:01,True,11,15.0,9,4,0.36363636363636365,1.5205,,,3351623416,,GOAL DONE,,,,,,,,,50,8000,1.4513,0.1319,0.0329,0.003,0.0186,0.0017,0.0159,0.0014,0.0016,0.0001,1.5205,0.1382,,,,,,,,,,,,
wastesorting,when_what,ours,0.8,scene_05,3661,/home/fr/brl/02_BRL_POMDP_CODE/experiments_logs/system_log/wastesorting/scene_05_step50/when_what_ours_thres_0-8_rand_0-4/exp_wastesorting_20260912_164508_407655.txt,2026-09-12 16:45:08,True,12,5.0,15,8,0.6666666666666666,1.7295,,,3215763495,,GOAL DONE,,,,,,,,,50,8000,1.6512,0.1376,0.0358,0.003,0.0213,0.0018,0.019,0.0016,0.0019,0.0002,1.7295,0.1441,,,,,,,,,,,,
wastesorting,when_what,ours,0.8,scene_05,3662,/home/fr/brl/02_BRL_POMDP_CODE/experiments_logs/system_log/wastesorting/scene_05_step50/when_what_ours_thres_0-8_rand_0-4/exp_wastesorting_20260912_164516_687700.txt,2026-09-12 16:45:16,True,13,15.0,15,5,0.38461538461538464,2.0872,,,1045924611,,GOAL DONE,,,,,,,,,50,8000,1.9788,0.1522,0.0428,0.0033,0.0346,0.0027,0.0283,0.0022,0.0024,0.0002,2.0871,0.1605,,,,,,,,,,,,
wastesorting,when_what,ours,0.8,scene_05,3663,/home/fr/brl/02_BRL_POMDP_CODE/experiments_logs/system_log/wastesorting/scene_05_step50/when_what_ours_thres_0-8_rand_0-4/exp_wastesorting_20260912_164524_884944.txt,2026-09-12 16:45:24,True,14,10.0,14,7,0.5,1.8471,,,449704548,,GOAL DONE,,,,,,,,,50,8000,1.7649,0.1261,0.0421,0.003,0.0199,0.0014,0.0175,0.0012,0.0023,0.0002,1.847,0.1319,,,,,,,,,,,,
wastesorting,when_what,ours,0.8,scene_05,3664,/home/fr/brl/02_BRL_POMDP_CODE/experiments_logs/system_log/wastesorting/scene_05_step50/when_what_ours_thres_0-8_rand_0-4/exp_wastesorting_20260912_164531_816325.txt,2026-09-12 16:45:31,True,11,15.0,9,5,0.45454545454545453,1.584,,,1253677920,,GOAL DONE,,,,,,,,,50,8000,1.5178,0.138,0.0333,0.003,0.0163,0.0015,0.0143,0.0013,0.0021,0.0002,1.584,0.144,,,,,,,,,,,,
wastesorting,when_what,ours,0.8,scene_05,3665,/home/fr/brl/02_BRL_POMDP_CODE/experiments_logs/system_log/wastesorting/scene_05_step50/when_what_ours_thres_0-8_rand_0-4/exp_wastesorting_20260912_164541_537519.txt,2026-09-12 16:45:41,True,13,5.0,21,7,0.5384615384615384,2.2389,,,382724118,,GOAL DONE,,,,,,,,,50,8000,2.1255,0.1635,0.0426,0.0033,0.0351,0.0027,0.0332,0.0026,0.0022,0.0002,2.2389,0.1722,,,,,,,,,,,,
wastesorting,when_what,ours,0.8,scene_05,3666,/home/fr/brl/02_BRL_POMDP_CODE/experiments_logs/system_log/wastesorting/scene_05_step50/when_what_ours_thres_0-8_rand_0-4/exp_wastesorting_20260912_164549_054805.txt,2026-09-12 16:45:49,True,12,15.0,12,4,0.3333333333333333,1.6673,,,4085569034,,GOAL DONE,,,,,,,,,50,8000,1.5755,0.1313,0.0368,0.0031,0.0281,0.0023,0.0244,0.002,0.0021,0.0002,1.6672,0.1389,,,,,,,,,,,,
wastesorting,when_what,ours,0.8,scene_05,3667,/home/fr/brl/02_BRL_POMDP_CODE/experiments_logs/system_log/wastesorting/scene_05_step50/when_what_ours_thres_0-8_rand_0-4/exp_wastesorting_20260912_164557_175746.txt,2026-09-12 16:45:57,True,12,15.0,11,5,0.4166666666666667,1.6755,,,1045529480,,GOAL DONE,,,,,,,,,50,8000,1.5981,0.1332,0.0379,0.0032,0.0208,0.0017,0.0165,0.0014,0.002,0.0002,1.6754,0.1396,,,,,,,,,,,,
wastesorting,when_what,ours,0.8,scene_05,3668,/home/fr/brl/02_BRL_POMDP_CODE/experiments_logs/system_log/wastesorting/scene_05_step50/when_what_ours_thres_0-8_rand_0-4/exp_wastesorting_20260912_164603_232838.txt,2026-09-12 16:46:03,True,11,20.0,12,3,0.2727272727272727,1.5342,,,2875578355,,GOAL DONE,,,,,,,,,50,8000,1.4503,0.1318,0.0333,0.003,0.0167,0.0015,0.0318,0.0029,0.0018,0.0002,1.5341,0.1395,,,,,,,,,,,,
wastesorting,when_what,ours,0.8,scene_05,3669,/home/fr/brl/02_BRL_POMDP_CODE/experiments_logs/system_log/wastesorting/scene_05_step50/when_what_ours_thres_0-8_rand_0-4/exp_wastesorting_20260912_164611_860521.txt,2026-09-12 16:46:11,True,12,15.0,12,5,0.4166666666666667,1.9046,,,230996701,,GOAL DONE,,,,,,,,,50,8000,1.8049,0.1504,0.0379,0.0032,0.0344,0.0029,0.0253,0.0021,0.0018,0.0002,1.9046,0.1587,,,,,,,,,,,,
wastesorting,when_what,ours,0.8,scene_05,3670,/home/fr/brl/02_BRL_POMDP_CODE/experiments_logs/system_log/wastesorting/scene_05_step50/when_what_ours_thres_0-8_rand_0-4/exp_wastesorting_20260912_164619_655686.txt,2026-09-12 16:46:19,True,14,25.0,15,7,0.5,1.7774,,,4259545291,,GOAL DONE,,,,,,,,,50,8000,1.6836,0.1203,0.0428,0.0031,0.0205,0.0015,0.0281,0.002,0.0021,0.0002,1.7773,0.127,,,,,,,,,,,,
wastesorting,when_what,ours,0.8,scene_05,3671,/home/fr/brl/02_BRL_POMDP_CODE/experiments_logs/system_log/wastesorting/scene_05_step50/when_what_ours_thres_0-8_rand_0-4/exp_wastesorting_20260912_164627_863266.txt,2026-09-12 16:46:27,True,14,15.0,15,6,0.42857142857142855,1.7738,,,671361218,,GOAL DONE,,,,,,,,,50,8000,1.6824,0.1202,0.0474,0.0034,0.0221,0.0016,0.0194,0.0014,0.0022,0.0002,1.7738,0.1267,,,,,,,,,,,,
wastesorting,when_what,ours,0.8,scene_05,3672,/home/fr/brl/02_BRL_POMDP_CODE/experiments_logs/system_log/wastesorting/scene_05_step50/when_what_ours_thres_0-8_rand_0-4/exp_wastesorting_20260912_164634_645723.txt,2026-09-12 16:46:34,True,10,0.0,8,4,0.4,1.4371,,,1668817081,,GOAL DONE,,,,,,,,,50,8000,1.3724,0.1372,0.0319,0.0032,0.0165,0.0016,0.014,0.0014,0.002,0.0002,1.437,0.1437,,,,,,,,,,,,
wastesorting,when_what,ours,0.8,scene_05,3673,/home/fr/brl/02_BRL_POMDP_CODE/experiments_logs/system_log/wastesorting/scene_05_step50/when_what_ours_thres_0-8_rand_0-4/exp_wastesorting_20260912_164642_459450.txt,2026-09-12 16:46:42,True,11,5.0,10,6,0.5454545454545454,1.7067,,,3225313600,,GOAL DONE,,,,,,,,,50,8000,1.6365,0.1488,0.0371,0.0034,0.0164,0.0015,0.0147,0.0013,0.0017,0.0002,1.7067,0.1552,,,,,,,,,,,,
wastesorting,when_what,ours,0.8,scene_05,3674,/home/fr/brl/02_BRL_POMDP_CODE/experiments_logs/system_log/wastesorting/scene_05_step50/when_what_ours_thres_0-8_rand_0-4/exp_wastesorting_20260912_164649_064207.txt,2026-09-12 16:46:49,True,12,10.0,15,4,0.3333333333333333,1.6697,,,1380997039,,GOAL DONE,,,,,,,,,50,8000,1.5758,0.1313,0.0397,0.0033,0.02,0.0017,0.0317,0.0026,0.0021,0.0002,1.6696,0.1391,,,,,,,,,,,,
wastesorting,when_what,ours,0.8,scene_05,3675,/home/fr/brl/02_BRL_POMDP_CODE/experiments_logs/system_log/wastesorting/scene_05_step50/when_what_ours_thres_0-8_rand_0-4/exp_wastesorting_20260912_164656_706513.txt,2026-09-12 16:46:56,True,13,15.0,13,5,0.38461538461538464,1.7178,,,2300990510,,GOAL DONE,,,,,,,,,50,8000,1.6355,0.1258,0.0393,0.003,0.0231,0.0018,0.0176,0.0014,0.0022,0.0002,1.7178,0.1321,,,,,,,,,,,,
wastesorting,when_what,ours,0.8,scene_05,3676,/home/fr/brl/02_BRL_POMDP_CODE/experiments_logs/system_log/wastesorting/scene_05_step50/when_what_ours_thres_0-8_rand_0-4/exp_wastesorting_20260912_164703_756733.txt,2026-09-12 16:47:03,True,12,15.0,12,5,0.4166666666666667,1.6709,,,2645731214,,GOAL DONE,,,,,,,,,50,8000,1.5857,0.1321,0.0396,0.0033,0.017,0.0014,0.0265,0.0022,0.002,0.0002,1.6708,0.1392,,,,,,,,,,,,
wastesorting,when_what,ours,0.8,scene_05,3677,/home/fr/brl/02_BRL_POMDP_CODE/experiments_logs/system_log/wastesorting/scene_05_step50/when_what_ours_thres_0-8_rand_0-4/exp_wastesorting_20260912_164710_562674.txt,2026-09-12 16:47:10,True,12,15.0,13,4,0.3333333333333333,1.5714,,,1980913558,,GOAL DONE,,,,,,,,,50,8000,1.4922,0.1244,0.0411,0.0034,0.017,0.0014,0.0187,0.0016,0.0021,0.0002,1.5713,0.1309,,,,,,,,,,,,
wastesorting,when_what,ours,0.8,scene_05,3678,/home/fr/brl/02_BRL_POMDP_CODE/experiments_logs/system_log/wastesorting/scene_05_step50/when_what_ours_thres_0-8_rand_0-4/exp_wastesorting_20260912_164718_769283.txt,2026-09-12 16:47:18,True,12,5.0,15,6,0.5,1.9656,,,4060354637,,GOAL DONE,,,,,,,,,50,8000,1.8494,0.1541,0.0444,0.0037,0.0319,0.0027,0.0372,0.0031,0.0023,0.0002,1.9655,0.1638,,,,,,,,,,,,
wastesorting,when_what,ours,0.8,scene_05,3679,/home/fr/brl/02_BRL_POMDP_CODE/experiments_logs/system_log/wastesorting/scene_05_step50/when_what_ours_thres_0-8_rand_0-4/exp_wastesorting_20260912_164726_297050.txt,2026-09-12 16:47:26,True,13,15.0,16,6,0.46153846153846156,2.1927,,,3979866682,,GOAL DONE,,,,,,,,,50,8000,2.0766,0.1597,0.0418,0.0032,0.0343,0.0026,0.0372,0.0029,0.0023,0.0002,2.1926,0.1687,,,,,,,,,,,,
wastesorting,when_what,ours,0.8,scene_05,3680,/home/fr/brl/02_BRL_POMDP_CODE/experiments_logs/system_log/wastesorting/scene_05_step50/when_what_ours_thres_0-8_rand_0-4/exp_wastesorting_20260912_164733_701324.txt,2026-09-12 16:47:33,True,12,10.0,14,5,0.4166666666666667,1.6597,,,2741241943,,GOAL DONE,,,,,,,,,50,8000,1.578,0.1315,0.0362,0.003,0.0231,0.0019,0.0201,0.0017,0.002,0.0002,1.6596,0.1383,,,,,,,,,,,,
wastesorting,when_what,ours_what_only,0.8,scene_05,3681,/home/fr/brl/02_BRL_POMDP_CODE/experiments_logs/system_log/wastesorting/scene_05_step50/when_what_ours_what_only_thres_0-8_rand_0-4/exp_wastesorting_20260912_164241_761279.txt,2026-09-12 16:42:41,True,14,5.0,10,6,0.42857142857142855,1.8002,,,630828154,,GOAL DONE,,,,,,,,,50,8000,1.7206,0.1229,0.0422,0.003,0.0205,0.0015,0.0145,0.001,0.0021,0.0002,1.8001,0.1286,,,,,,,,,,,,
wastesorting,when_what,ours_what_only,0.8,scene_05,3682,/home/fr/brl/02_BRL_POMDP_CODE/experiments_logs/system_log/wastesorting/scene_05_step50/when_what_ours_what_only_thres_0-8_rand_0-4/exp_wastesorting_20260912_164249_234021.txt,2026-09-12 16:42:49,False,5,5.0,5,2,0.4,1.3372,,,435659992,,PLAN FAILURE,,,,,,,,,50,8000,1.2696,0.2539,0.0239,0.0048,0.0299,0.006,0.0129,0.0026,0.0009,0.0002,1.3372,0.2674,,,,,,,,,,,,
wastesorting,when_what,ours_what_only,0.8,scene_05,3683,/home/fr/brl/02_BRL_POMDP_CODE/experiments_logs/system_log/wastesorting/scene_05_step50/when_what_ours_what_only_thres_0-8_rand_0-4/exp_wastesorting_20260912_164256_003646.txt,2026-09-12 16:42:56,False,4,0.0,1,1,0.25,0.9899,,,3537170530,,PLAN FAILURE,,,,,,,,,50,8000,0.9588,0.2397,0.0137,0.0034,0.0151,0.0038,0.0016,0.0004,0.0006,0.0001,0.9899,0.2475,,,,,,,,,,,,
wastesorting,when_what,ours_what_only,0.8,scene_05,3684,/home/fr/brl/02_BRL_POMDP_CODE/experiments_logs/system_log/wastesorting/scene_05_step50/when_what_ours_what_only_thres_0-8_rand_0-4/exp_wastesorting_20260912_164302_240656.txt,2026-09-12 16:43:02,False,9,10.0,1,1,0.1111111111111111,1.27,,,1280378645,,PLAN FAILURE,,,,,,,,,50,8000,1.1985,0.1332,0.035,0.0039,0.0327,0.0036,0.002,0.0002,0.0016,0.0002,1.2699,0.1411,,,,,,,,,,,,
wastesorting,when_what,ours_what_only,0.8,scene_05,3685,/home/fr/brl/02_BRL_POMDP_CODE/experiments_logs/system_log/wastesorting/scene_05_step50/when_what_ours_what_only_thres_0-8_rand_0-4/exp_wastesorting_20260912_164310_837294.txt,2026-09-12 16:43:10,True,14,5.0,12,8,0.5714285714285714,2.2357,,,3656925474,,GOAL DONE,,,,,,,,,50,8000,2.1327,0.1523,0.0501,0.0036,0.0346,0.0025,0.0147,0.0011,0.0032,0.0002,2.2356,0.1597,,,,,,,,,,,,
wastesorting,when_what,ours_what_only,0.8,scene_05,3686,/home/fr/brl/02_BRL_POMDP_CODE/experiments_logs/system_log/wastesorting/scene_05_step50/when_what_ours_what_only_thres_0-8_rand_0-4/exp_wastesorting_20260912_164318_053048.txt,2026-09-12 16:43:18,True,12,10.0,4,4,0.3333333333333333,1.6097,,,1489971784,,GOAL DONE,,,,,,,,,50,8000,1.547,0.1289,0.0378,0.0032,0.0199,0.0017,0.0025,0.0002,0.0023,0.0002,1.6096,0.1341,,,,,,,,,,,,
wastesorting,when_what,ours_what_only,0.8,scene_05,3687,/home/fr/brl/02_BRL_POMDP_CODE/experiments_logs/system_log/wastesorting/scene_05_step50/when_what_ours_what_only_thres_0-8_rand_0-4/exp_wastesorting_20260912_164325_411012.txt,2026-09-12 16:43:25,True,14,10.0,7,7,0.5,1.8892,,,3520141308,,GOAL DONE,,,,,,,,,50,8000,1.8167,0.1298,0.0474,0.0034,0.0191,0.0014,0.0032,0.0002,0.0025,0.0002,1.8891,0.1349,,,,,,,,,,,,
wastesorting,when_what,ours_what_only,0.8,scene_05,3688,/home/fr/brl/02_BRL_POMDP_CODE/experiments_logs/system_log/wastesorting/scene_05_step50/when_what_ours_what_only_thres_0-8_rand_0-4/exp_wastesorting_20260912_164332_894081.txt,2026-09-12 16:43:32,True,13,15.0,7,5,0.38461538461538464,1.844,,,411692590,,GOAL DONE,,,,,,,,,50,8000,1.7734,0.1364,0.041,0.0032,0.0217,0.0017,0.005,0.0004,0.0025,0.0002,1.8439,0.1418,,,,,,,,,,,,
wastesorting,when_what,ours_what_only,0.8,scene_05,3689,/home/fr/brl/02_BRL_POMDP_CODE/experiments_logs/system_log/wastesorting/scene_05_step50/when_what_ours_what_only_thres_0-8_rand_0-4/exp_wastesorting_20260912_164339_168564.txt,2026-09-12 16:43:39,False,7,5.0,2,2,0.2857142857142857,1.2052,,,2624923704,,PLAN FAILURE,,,,,,,,,50,8000,1.1504,0.1643,0.0306,0.0044,0.021,0.003,0.0019,0.0003,0.001,0.0001,1.2051,0.1722,,,,,,,,,,,,
wastesorting,when_what,ours_what_only,0.8,scene_05,3690,/home/fr/brl/02_BRL_POMDP_CODE/experiments_logs/system_log/wastesorting/scene_05_step50/when_what_ours_what_only_thres_0-8_rand_0-4/exp_wastesorting_20260912_164344_569145.txt,2026-09-12 16:43:44,False,3,0.0,0,0,0.0,0.7142,,,3130661448,,PLAN FAILURE,,,,,,,,,50,8000,0.6876,0.2292,0.0107,0.0036,0.015,0.005,0.0003,0.0001,0.0004,0.0001,0.7141,0.238,,,,,,,,,,,,
wastesorting,when_what,ours_what_only,0.8,scene_05,3691,/home/fr/brl/02_BRL_POMDP_CODE/experiments_logs/system_log/wastesorting/scene_05_step50/when_what_ours_what_only_thres_0-8_rand_0-4/exp_wastesorting_20260912_164351_566939.txt,2026-09-12 16:43:51,True,11,10.0,11,6,0.5454545454545454,1.5637,,,3622248746,,GOAL DONE,,,,,,,,,50,8000,1.4862,0.1351,0.0332,0.003,0.0162,0.0015,0.0255,0.0023,0.0023,0.0002,1.5636,0.1421,,,,,,,,,,,,
wastesorting,when_what,ours_what_only,0.8,scene_05,3692,/home/fr/brl/02_BRL_POMDP_CODE/experiments_logs/system_log/wastesorting/scene_05_step50/when_what_ours_what_only_thres_0-8_rand_0-4/exp_wastesorting_20260912_164359_032565.txt,2026-09-12 16:43:59,True,12,10.0,8,4,0.3333333333333333,1.8035,,,600649243,,GOAL DONE,,,,,,,,,50,8000,1.726,0.1438,0.0387,0.0032,0.0221,0.0018,0.0142,0.0012,0.0023,0.0002,1.8035,0.1503,,,,,,,,,,,,
wastesorting,when_what,ours_what_only,0.8,scene_05,3693,/home/fr/brl/02_BRL_POMDP_CODE/experiments_logs/system_log/wastesorting/scene_05_step50/when_what_ours_what_only_thres_0-8_rand_0-4/exp_wastesorting_20260912_164407_134507.txt,2026-09-12 16:44:07,True,17,10.0,9,6,0.35294117647058826,2.063,,,3690243405,,GOAL DONE,,,,,,,,,50,8000,1.9739,0.1161,0.0564,0.0033,0.0234,0.0014,0.0061,0.0004,0.0029,0.0002,2.0629,0.1213,,,,,,,,,,,,
wastesorting,when_what,ours_what_only,0.8,scene_05,3694,/home/fr/brl/02_BRL_POMDP_CODE/experiments_logs/system_log/wastesorting/scene_05_step50/when_what_ours_what_only_thres_0-8_rand_0-4/exp_wastesorting_20260912_164413_297022.txt,2026-09-12 16:44:13,False,5,0.0,2,2,0.4,0.9615,,,2666206818,,PLAN FAILURE,,,,,,,,,50,8000,0.9275,0.1855,0.0163,0.0033,0.0152,0.003,0.0018,0.0004,0.0007,0.0001,0.9615,0.1923,,,,,,,,,,,,
wastesorting,when_what,ours_what_only,0.8,scene_05,3695,/home/fr/brl/02_BRL_POMDP_CODE/experiments_logs/system_log/wastesorting/scene_05_step50/when_what_ours_what_only_thres_0-8_rand_0-4/exp_wastesorting_20260912_164420_555848.txt,2026-09-12 16:44:20,False,9,0.0,2,2,0.2222222222222222,1.36,,,2681637189,,PLAN FAILURE,,,,,,,,,50,8000,1.3075,0.1453,0.0276,0.0031,0.0212,0.0024,0.0021,0.0002,0.0015,0.0002,1.36,0.1511,,,,,,,,,,,,
wastesorting,when_what,ours_what_only,0.8,scene_05,3696,/home/fr/brl/02_BRL_POMDP_CODE/experiments_logs/system_log/wastesorting/scene_05_step50/when_what_ours_what_only_thres_0-8_rand_0-4/exp_wastesorting_20260912_164428_204480.txt,2026-09-12 16:44:28,True,13,0.0,6,3,0.23076923076923078,1.7037,,,3586644066,,GOAL DONE,,,,,,,,,50,8000,1.6412,0.1262,0.0394,0.003,0.0168,0.0013,0.0037,0.0003,0.0023,0.0002,1.7036,0.131,,,,,,,,,,,,
wastesorting,when_what,ours_what_only,0.8,scene_05,3697,/home/fr/brl/02_BRL_POMDP_CODE/experiments_logs/system_log/wastesorting/scene_05_step50/when_what_ours_what_only_thres_0-8_rand_0-4/exp_wastesorting_20260912_164436_668597.txt,2026-09-12 16:44:36,True,14,15.0,8,5,0.35714285714285715,2.1004,,,3677160998,,GOAL DONE,,,,,,,,,50,8000,2.0065,0.1433,0.0455,0.0032,0.032,0.0023,0.0138,0.001,0.0023,0.0002,2.1003,0.15,,,,,,,,,,,,
wastesorting,when_what,ours_what_only,0.8,scene_05,3698,/home/fr/brl/02_BRL_POMDP_CODE/experiments_logs/system_log/wastesorting/scene_05_step50/when_what_ours_what_only_thres_0-8_rand_0-4/exp_wastesorting_20260912_164445_480723.txt,2026-09-12 16:44:45,True,13,15.0,11,8,0.6153846153846154,2.1099,,,1159978775,,GOAL DONE,,,,,,,,,50,8000,2.0177,0.1552,0.0501,0.0039,0.0341,0.0026,0.0056,0.0004,0.0019,0.0001,2.1098,0.1623,,,,,,,,,,,,
wastesorting,when_what,ours_what_only,0.8,scene_05,3699,/home/fr/brl/02_BRL_POMDP_CODE/experiments_logs/system_log/wastesorting/scene_05_step50/when_what_ours_what_only_thres_0-8_rand_0-4/exp_wastesorting_20260912_164452_702799.txt,2026-09-12 16:44:52,True,11,15.0,7,5,0.45454545454545453,1.5421,,,4128091398,,GOAL DONE,,,,,,,,,50,8000,1.4873,0.1352,0.0325,0.003,0.0162,0.0015,0.0036,0.0003,0.0022,0.0002,1.542,0.1402,,,,,,,,,,,,
wastesorting,when_what,ours_what_only,0.8,scene_05,3700,/home/fr/brl/02_BRL_POMDP_CODE/experiments_logs/system_log/wastesorting/scene_05_step50/when_what_ours_what_only_thres_0-8_rand_0-4/exp_wastesorting_20260912_164459_595286.txt,2026-09-12 16:44:59,True,12,10.0,6,6,0.5,1.6761,,,3351623416,,GOAL DONE,,,,,,,,,50,8000,1.6099,0.1342,0.0413,0.0034,0.0198,0.0016,0.0029,0.0002,0.002,0.0002,1.6761,0.1397,,,,,,,,,,,,
wastesorting,when_what,ours_what_only,0.8,scene_05,3701,/home/fr/brl/02_BRL_POMDP_CODE/experiments_logs/system_log/wastesorting/scene_05_step50/when_what_ours_what_only_thres_0-8_rand_0-4/exp_wastesorting_20260912_164506_542974.txt,2026-09-12 16:45:06,True,12,15.0,12,7,0.5833333333333334,1.7713,,,3215763495,,GOAL DONE,,,,,,,,,50,8000,1.696,0.1413,0.0375,0.0031,0.0186,0.0016,0.0166,0.0014,0.0023,0.0002,1.7712,0.1476,,,,,,,,,,,,
wastesorting,when_what,ours_what_only,0.8,scene_05,3702,/home/fr/brl/02_BRL_POMDP_CODE/experiments_logs/system_log/wastesorting/scene_05_step50/when_what_ours_what_only_thres_0-8_rand_0-4/exp_wastesorting_20260912_164514_474251.txt,2026-09-12 16:45:14,False,10,0.0,7,4,0.4,1.7396,,,1045924611,,PLAN FAILURE,,,,,,,,,50,8000,1.6564,0.1656,0.0336,0.0034,0.0343,0.0034,0.0135,0.0014,0.0016,0.0002,1.7396,0.174,,,,,,,,,,,,
wastesorting,when_what,ours_what_only,0.8,scene_05,3703,/home/fr/brl/02_BRL_POMDP_CODE/experiments_logs/system_log/wastesorting/scene_05_step50/when_what_ours_what_only_thres_0-8_rand_0-4/exp_wastesorting_20260912_164522_906401.txt,2026-09-12 16:45:22,True,16,10.0,8,5,0.3125,1.9709,,,449704548,,GOAL DONE,,,,,,,,,50,8000,1.8855,0.1178,0.0481,0.003,0.0207,0.0013,0.0136,0.0009,0.0026,0.0002,1.9708,0.1232,,,,,,,,,,,,
wastesorting,when_what,ours_what_only,0.8,scene_05,3704,/home/fr/brl/02_BRL_POMDP_CODE/experiments_logs/system_log/wastesorting/scene_05_step50/when_what_ours_what_only_thres_0-8_rand_0-4/exp_wastesorting_20260912_164530_093555.txt,2026-09-12 16:45:30,True,11,15.0,6,6,0.5454545454545454,1.5851,,,1253677920,,GOAL DONE,,,,,,,,,50,8000,1.5266,0.1388,0.037,0.0034,0.0162,0.0015,0.0027,0.0002,0.0023,0.0002,1.5851,0.1441,,,,,,,,,,,,
wastesorting,when_what,ours_what_only,0.8,scene_05,3705,/home/fr/brl/02_BRL_POMDP_CODE/experiments_logs/system_log/wastesorting/scene_05_step50/when_what_ours_what_only_thres_0-8_rand_0-4/exp_wastesorting_20260912_164539_167550.txt,2026-09-12 16:45:39,True,15,10.0,11,7,0.4666666666666667,2.3504,,,382724118,,GOAL DONE,,,,,,,,,50,8000,2.2499,0.15,0.0543,0.0036,0.0353,0.0024,0.0077,0.0005,0.0028,0.0002,2.3503,0.1567,,,,,,,,,,,,
wastesorting,when_what,ours_what_only,0.8,scene_05,3706,/home/fr/brl/02_BRL_POMDP_CODE/experiments_logs/system_log/wastesorting/scene_05_step50/when_what_ours_what_only_thres_0-8_rand_0-4/exp_wastesorting_20260912_164547_280593.txt,2026-09-12 16:45:47,True,14,15.0,10,7,0.5,1.8461,,,4085569034,,GOAL DONE,,,,,,,,,50,8000,1.7604,0.1257,0.0491,0.0035,0.0259,0.0018,0.0075,0.0005,0.0029,0.0002,1.846,0.1319,,,,,,,,,,,,
wastesorting,when_what,ours_what_only,0.8,scene_05,3707,/home/fr/brl/02_BRL_POMDP_CODE/experiments_logs/system_log/wastesorting/scene_05_step50/when_what_ours_what_only_thres_0-8_rand_0-4/exp_wastesorting_20260912_164555_374416.txt,2026-09-12 16:45:55,True,16,15.0,8,7,0.4375,2.1384,,,1045529480,,GOAL DONE,,,,,,,,,50,8000,2.0588,0.1287,0.0492,0.0031,0.0232,0.0015,0.0038,0.0002,0.003,0.0002,2.1383,0.1336,,,,,,,,,,,,
wastesorting,when_what,ours_what_only,0.8,scene_05,3708,/home/fr/brl/02_BRL_POMDP_CODE/experiments_logs/system_log/wastesorting/scene_05_step50/when_what_ours_what_only_thres_0-8_rand_0-4/exp_wastesorting_20260912_164601_571443.txt,2026-09-12 16:46:01,False,9,0.0,6,1,0.1111111111111111,1.2431,,,2875578355,,PLAN FAILURE,,,,,,,,,50,8000,1.1689,0.1299,0.0276,0.0031,0.0167,0.0019,0.0285,0.0032,0.0012,0.0001,1.243,0.1381,,,,,,,,,,,,
wastesorting,when_what,ours_what_only,0.8,scene_05,3709,/home/fr/brl/02_BRL_POMDP_CODE/experiments_logs/system_log/wastesorting/scene_05_step50/when_what_ours_what_only_thres_0-8_rand_0-4/exp_wastesorting_20260912_164609_830553.txt,2026-09-12 16:46:09,True,15,10.0,9,6,0.4,2.1372,,,230996701,,GOAL DONE,,,,,,,,,50,8000,2.0353,0.1357,0.05,0.0033,0.0351,0.0023,0.0139,0.0009,0.0025,0.0002,2.1371,0.1425,,,,,,,,,,,,
wastesorting,when_what,ours_what_only,0.8,scene_05,3710,/home/fr/brl/02_BRL_POMDP_CODE/experiments_logs/system_log/wastesorting/scene_05_step50/when_what_ours_what_only_thres_0-8_rand_0-4/exp_wastesorting_20260912_164617_741290.txt,2026-09-12 16:46:17,True,15,10.0,5,3,0.2,1.8422,,,4259545291,,GOAL DONE,,,,,,,,,50,8000,1.7677,0.1178,0.0445,0.003,0.0225,0.0015,0.005,0.0003,0.0022,0.0001,1.8421,0.1228,,,,,,,,,,,,
wastesorting,when_what,ours_what_only,0.8,scene_05,3711,/home/fr/brl/02_BRL_POMDP_CODE/experiments_logs/system_log/wastesorting/scene_05_step50/when_what_ours_what_only_thres_0-8_rand_0-4/exp_wastesorting_20260912_164625_958127.txt,2026-09-12 16:46:25,True,12,0.0,7,6,0.5,2.0379,,,671361218,,GOAL DONE,,,,,,,,,50,8000,1.9657,0.1638,0.0353,0.0029,0.0314,0.0026,0.0033,0.0003,0.0019,0.0002,2.0378,0.1698,,,,,,,,,,,,
wastesorting,when_what,ours_what_only,0.8,scene_05,3712,/home/fr/brl/02_BRL_POMDP_CODE/experiments_logs/system_log/wastesorting/scene_05_step50/when_what_ours_what_only_thres_0-8_rand_0-4/exp_wastesorting_20260912_164633_079776.txt,2026-09-12 16:46:33,True,13,15.0,7,4,0.3076923076923077,1.7122,,,1668817081,,GOAL DONE,,,,,,,,,50,8000,1.6391,0.1261,0.045,0.0035,0.0193,0.0015,0.0064,0.0005,0.0021,0.0002,1.7121,0.1317,,,,,,,,,,,,
wastesorting,when_what,ours_what_only,0.8,scene_05,3713,/home/fr/brl/02_BRL_POMDP_CODE/experiments_logs/system_log/wastesorting/scene_05_step50/when_what_ours_what_only_thres_0-8_rand_0-4/exp_wastesorting_20260912_164640_629203.txt,2026-09-12 16:46:40,True,13,20.0,8,7,0.5384615384615384,1.9438,,,3225313600,,GOAL DONE,,,,,,,,,50,8000,1.8802,0.1446,0.0413,0.0032,0.0167,0.0013,0.0034,0.0003,0.0018,0.0001,1.9437,0.1495,,,,,,,,,,,,
wastesorting,when_what,ours_what_only,0.8,scene_05,3714,/home/fr/brl/02_BRL_POMDP_CODE/experiments_logs/system_log/wastesorting/scene_05_step50/when_what_ours_what_only_thres_0-8_rand_0-4/exp_wastesorting_20260912_164647_256883.txt,2026-09-12 16:46:47,False,5,0.0,8,3,0.6,1.3813,,,1380997039,,PLAN FAILURE,,,,,,,,,50,8000,1.2982,0.2596,0.0208,0.0042,0.0353,0.0071,0.026,0.0052,0.0009,0.0002,1.3813,0.2763,,,,,,,,,,,,
wastesorting,when_what,ours_what_only,0.8,scene_05,3715,/home/fr/brl/02_BRL_POMDP_CODE/experiments_logs/system_log/wastesorting/scene_05_step50/when_what_ours_what_only_thres_0-8_rand_0-4/exp_wastesorting_20260912_164654_855949.txt,2026-09-12 16:46:54,False,14,0.0,9,5,0.35714285714285715,1.785,,,2300990510,,PLAN FAILURE,,,,,,,,,50,8000,1.7022,0.1216,0.0428,0.0031,0.0228,0.0016,0.0142,0.001,0.0028,0.0002,1.7849,0.1275,,,,,,,,,,,,
wastesorting,when_what,ours_what_only,0.8,scene_05,3716,/home/fr/brl/02_BRL_POMDP_CODE/experiments_logs/system_log/wastesorting/scene_05_step50/when_what_ours_what_only_thres_0-8_rand_0-4/exp_wastesorting_20260912_164701_954472.txt,2026-09-12 16:47:01,True,11,15.0,7,5,0.45454545454545453,1.562,,,2645731214,,GOAL DONE,,,,,,,,,50,8000,1.5036,0.1367,0.0329,0.003,0.0184,0.0017,0.0051,0.0005,0.0017,0.0002,1.5619,0.142,,,,,,,,,,,,
wastesorting,when_what,ours_what_only,0.8,scene_05,3717,/home/fr/brl/02_BRL_POMDP_CODE/experiments_logs/system_log/wastesorting/scene_05_step50/when_what_ours_what_only_thres_0-8_rand_0-4/exp_wastesorting_20260912_164708_860080.txt,2026-09-12 16:47:08,True,12,15.0,15,7,0.5833333333333334,1.5491,,,1980913558,,GOAL DONE,,,,,,,,,50,8000,1.4725,0.1227,0.0394,0.0033,0.0168,0.0014,0.018,0.0015,0.0022,0.0002,1.549,0.1291,,,,,,,,,,,,
wastesorting,when_what,ours_what_only,0.8,scene_05,3718,/home/fr/brl/02_BRL_POMDP_CODE/experiments_logs/system_log/wastesorting/scene_05_step50/when_what_ours_what_only_thres_0-8_rand_0-4/exp_wastesorting_20260912_164716_668933.txt,2026-09-12 16:47:16,False,9,0.0,18,6,0.6666666666666666,1.8216,,,4060354637,,PLAN FAILURE,,,,,,,,,50,8000,1.7124,0.1903,0.0305,0.0034,0.0371,0.0041,0.0398,0.0044,0.0016,0.0002,1.8216,0.2024,,,,,,,,,,,,
wastesorting,when_what,ours_what_only,0.8,scene_05,3719,/home/fr/brl/02_BRL_POMDP_CODE/experiments_logs/system_log/wastesorting/scene_05_step50/when_what_ours_what_only_thres_0-8_rand_0-4/exp_wastesorting_20260912_164723_970694.txt,2026-09-12 16:47:23,False,4,5.0,5,2,0.5,1.256,,,3979866682,,PLAN FAILURE,,,,,,,,,50,8000,1.1963,0.2991,0.0162,0.0041,0.0301,0.0075,0.0127,0.0032,0.0006,0.0001,1.256,0.314,,,,,,,,,,,,
wastesorting,when_what,ours_what_only,0.8,scene_05,3720,/home/fr/brl/02_BRL_POMDP_CODE/experiments_logs/system_log/wastesorting/scene_05_step50/when_what_ours_what_only_thres_0-8_rand_0-4/exp_wastesorting_20260912_164731_915705.txt,2026-09-12 16:47:31,True,14,5.0,8,5,0.35714285714285715,1.7816,,,2741241943,,GOAL DONE,,,,,,,,,50,8000,1.7045,0.1217,0.0467,0.0033,0.0235,0.0017,0.0041,0.0003,0.0025,0.0002,1.7815,0.1273,,,,,,,,,,,,
wastesorting,when_what,ours_when_only,0.8,scene_05,3721,/home/fr/brl/02_BRL_POMDP_CODE/experiments_logs/system_log/wastesorting/scene_05_step50/when_what_ours_when_only_thres_0-8_rand_0-4/exp_wastesorting_20260912_164239_826987.txt,2026-09-12 16:42:39,True,12,5.0,24,5,0.4166666666666667,1.6512,,,630828154,,GOAL DONE,,,,,,,,,50,8000,1.5629,0.1302,0.0358,0.003,0.0195,0.0016,0.0309,0.0026,0.0019,0.0002,1.6512,0.1376,,,,,,,,,,,,
wastesorting,when_what,ours_when_only,0.8,scene_05,3722,/home/fr/brl/02_BRL_POMDP_CODE/experiments_logs/system_log/wastesorting/scene_05_step50/when_what_ours_when_only_thres_0-8_rand_0-4/exp_wastesorting_20260912_164247_765818.txt,2026-09-12 16:42:47,True,17,10.0,53,10,0.5882352941176471,2.6142,,,435659992,,GOAL DONE,,,,,,,,,50,8000,2.4389,0.1435,0.0597,0.0035,0.0421,0.0025,0.0698,0.0041,0.0033,0.0002,2.6141,0.1538,,,,,,,,,,,,
wastesorting,when_what,ours_when_only,0.8,scene_05,3723,/home/fr/brl/02_BRL_POMDP_CODE/experiments_logs/system_log/wastesorting/scene_05_step50/when_what_ours_when_only_thres_0-8_rand_0-4/exp_wastesorting_20260912_164254_882194.txt,2026-09-12 16:42:54,True,11,5.0,24,4,0.36363636363636365,1.6856,,,3537170530,,GOAL DONE,,,,,,,,,50,8000,1.6047,0.1459,0.0349,0.0032,0.0187,0.0017,0.0251,0.0023,0.0019,0.0002,1.6855,0.1532,,,,,,,,,,,,
wastesorting,when_what,ours_when_only,0.8,scene_05,3724,/home/fr/brl/02_BRL_POMDP_CODE/experiments_logs/system_log/wastesorting/scene_05_step50/when_what_ours_when_only_thres_0-8_rand_0-4/exp_wastesorting_20260912_164300_841694.txt,2026-09-12 16:43:00,True,12,20.0,22,4,0.3333333333333333,1.58,,,1280378645,,GOAL DONE,,,,,,,,,50,8000,1.4853,0.1238,0.0361,0.003,0.0222,0.0018,0.0343,0.0029,0.0018,0.0001,1.5799,0.1317,,,,,,,,,,,,
wastesorting,when_what,ours_when_only,0.8,scene_05,3725,/home/fr/brl/02_BRL_POMDP_CODE/experiments_logs/system_log/wastesorting/scene_05_step50/when_what_ours_when_only_thres_0-8_rand_0-4/exp_wastesorting_20260912_164308_461729.txt,2026-09-12 16:43:08,True,12,0.0,26,6,0.5,2.0287,,,3656925474,,GOAL DONE,,,,,,,,,50,8000,1.9145,0.1595,0.0412,0.0034,0.0333,0.0028,0.0376,0.0031,0.0019,0.0002,2.0286,0.1691,,,,,,,,,,,,
wastesorting,when_what,ours_when_only,0.8,scene_05,3726,/home/fr/brl/02_BRL_POMDP_CODE/experiments_logs/system_log/wastesorting/scene_05_step50/when_what_ours_when_only_thres_0-8_rand_0-4/exp_wastesorting_20260912_164316_311185.txt,2026-09-12 16:43:16,True,11,15.0,17,4,0.36363636363636365,1.4046,,,1489971784,,GOAL DONE,,,,,,,,,50,8000,1.3252,0.1205,0.0371,0.0034,0.0163,0.0015,0.0243,0.0022,0.0015,0.0001,1.4046,0.1277,,,,,,,,,,,,
wastesorting,when_what,ours_when_only,0.8,scene_05,3727,/home/fr/brl/02_BRL_POMDP_CODE/experiments_logs/system_log/wastesorting/scene_05_step50/when_what_ours_when_only_thres_0-8_rand_0-4/exp_wastesorting_20260912_164323_386549.txt,2026-09-12 16:43:23,True,11,0.0,20,4,0.36363636363636365,1.639,,,3520141308,,GOAL DONE,,,,,,,,,50,8000,1.5403,0.14,0.0347,0.0032,0.019,0.0017,0.0432,0.0039,0.0016,0.0001,1.6389,0.149,,,,,,,,,,,,
wastesorting,when_what,ours_when_only,0.8,scene_05,3728,/home/fr/brl/02_BRL_POMDP_CODE/experiments_logs/system_log/wastesorting/scene_05_step50/when_what_ours_when_only_thres_0-8_rand_0-4/exp_wastesorting_20260912_164330_916328.txt,2026-09-12 16:43:30,True,12,10.0,28,5,0.4166666666666667,1.6836,,,411692590,,GOAL DONE,,,,,,,,,50,8000,1.5968,0.1331,0.0368,0.0031,0.0191,0.0016,0.0282,0.0024,0.0023,0.0002,1.6835,0.1403,,,,,,,,,,,,
wastesorting,when_what,ours_when_only,0.8,scene_05,3729,/home/fr/brl/02_BRL_POMDP_CODE/experiments_logs/system_log/wastesorting/scene_05_step50/when_what_ours_when_only_thres_0-8_rand_0-4/exp_wastesorting_20260912_164337_828092.txt,2026-09-12 16:43:37,True,12,10.0,28,6,0.5,1.6793,,,2624923704,,GOAL DONE,,,,,,,,,50,8000,1.5852,0.1321,0.0368,0.0031,0.0215,0.0018,0.0335,0.0028,0.002,0.0002,1.6793,0.1399,,,,,,,,,,,,
wastesorting,when_what,ours_when_only,0.8,scene_05,3730,/home/fr/brl/02_BRL_POMDP_CODE/experiments_logs/system_log/wastesorting/scene_05_step50/when_what_ours_when_only_thres_0-8_rand_0-4/exp_wastesorting_20260912_164343_724254.txt,2026-09-12 16:43:43,True,14,10.0,43,6,0.42857142857142855,1.7969,,,3130661448,,GOAL DONE,,,,,,,,,50,8000,1.6935,0.121,0.0423,0.003,0.0225,0.0016,0.036,0.0026,0.0022,0.0002,1.7968,0.1283,,,,,,,,,,,,
wastesorting,when_what,ours_when_only,0.8,scene_05,3731,/home/fr/brl/02_BRL_POMDP_CODE/experiments_logs/system_log/wastesorting/scene_05_step50/when_what_ours_when_only_thres_0-8_rand_0-4/exp_wastesorting_20260912_164349_882050.txt,2026-09-12 16:43:49,True,11,10.0,16,4,0.36363636363636365,1.5572,,,3622248746,,GOAL DONE,,,,,,,,,50,8000,1.4775,0.1343,0.0374,0.0034,0.0161,0.0015,0.0239,0.0022,0.002,0.0002,1.5571,0.1416,,,,,,,,,,,,
wastesorting,when_what,ours_when_only,0.8,scene_05,3732,/home/fr/brl/02_BRL_POMDP_CODE/experiments_logs/system_log/wastesorting/scene_05_step50/when_what_ours_when_only_thres_0-8_rand_0-4/exp_wastesorting_20260912_164357_102421.txt,2026-09-12 16:43:57,True,12,10.0,25,4,0.3333333333333333,1.7903,,,600649243,,GOAL DONE,,,,,,,,,50,8000,1.7073,0.1423,0.0365,0.003,0.0217,0.0018,0.0223,0.0019,0.0022,0.0002,1.7902,0.1492,,,,,,,,,,,,
wastesorting,when_what,ours_when_only,0.8,scene_05,3733,/home/fr/brl/02_BRL_POMDP_CODE/experiments_logs/system_log/wastesorting/scene_05_step50/when_what_ours_when_only_thres_0-8_rand_0-4/exp_wastesorting_20260912_164404_943483.txt,2026-09-12 16:44:04,True,13,20.0,34,6,0.46153846153846156,1.7021,,,3690243405,,GOAL DONE,,,,,,,,,50,8000,1.6161,0.1243,0.0389,0.003,0.0219,0.0017,0.0231,0.0018,0.0019,0.0001,1.702,0.1309,,,,,,,,,,,,
wastesorting,when_what,ours_when_only,0.8,scene_05,3734,/home/fr/brl/02_BRL_POMDP_CODE/experiments_logs/system_log/wastesorting/scene_05_step50/when_what_ours_when_only_thres_0-8_rand_0-4/exp_wastesorting_20260912_164412_206140.txt,2026-09-12 16:44:12,True,15,10.0,32,7,0.4666666666666667,2.0084,,,2666206818,,GOAL DONE,,,,,,,,,50,8000,1.9137,0.1276,0.0457,0.003,0.0203,0.0014,0.0258,0.0017,0.0025,0.0002,2.0083,0.1339,,,,,,,,,,,,
wastesorting,when_what,ours_when_only,0.8,scene_05,3735,/home/fr/brl/02_BRL_POMDP_CODE/experiments_logs/system_log/wastesorting/scene_05_step50/when_what_ours_when_only_thres_0-8_rand_0-4/exp_wastesorting_20260912_164419_066076.txt,2026-09-12 16:44:19,True,15,15.0,42,9,0.6,2.0397,,,2681637189,,GOAL DONE,,,,,,,,,50,8000,1.922,0.1281,0.0474,0.0032,0.0233,0.0016,0.0433,0.0029,0.0033,0.0002,2.0396,0.136,,,,,,,,,,,,
wastesorting,when_what,ours_when_only,0.8,scene_05,3736,/home/fr/brl/02_BRL_POMDP_CODE/experiments_logs/system_log/wastesorting/scene_05_step50/when_what_ours_when_only_thres_0-8_rand_0-4/exp_wastesorting_20260912_164426_367958.txt,2026-09-12 16:44:26,True,14,0.0,24,8,0.5714285714285714,1.7808,,,3586644066,,GOAL DONE,,,,,,,,,50,8000,1.6908,0.1208,0.0432,0.0031,0.0171,0.0012,0.0265,0.0019,0.0028,0.0002,1.7807,0.1272,,,,,,,,,,,,
wastesorting,when_what,ours_when_only,0.8,scene_05,3737,/home/fr/brl/02_BRL_POMDP_CODE/experiments_logs/system_log/wastesorting/scene_05_step50/when_what_ours_when_only_thres_0-8_rand_0-4/exp_wastesorting_20260912_164434_437957.txt,2026-09-12 16:44:34,True,12,15.0,34,6,0.5,1.967,,,3677160998,,GOAL DONE,,,,,,,,,50,8000,1.827,0.1522,0.0395,0.0033,0.0315,0.0026,0.0662,0.0055,0.0025,0.0002,1.9669,0.1639,,,,,,,,,,,,
wastesorting,when_what,ours_when_only,0.8,scene_05,3738,/home/fr/brl/02_BRL_POMDP_CODE/experiments_logs/system_log/wastesorting/scene_05_step50/when_what_ours_when_only_thres_0-8_rand_0-4/exp_wastesorting_20260912_164443_248865.txt,2026-09-12 16:44:43,True,12,15.0,30,5,0.4166666666666667,2.0964,,,1159978775,,GOAL DONE,,,,,,,,,50,8000,1.9493,0.1624,0.0477,0.004,0.0379,0.0032,0.0592,0.0049,0.0021,0.0002,2.0964,0.1747,,,,,,,,,,,,
wastesorting,when_what,ours_when_only,0.8,scene_05,3739,/home/fr/brl/02_BRL_POMDP_CODE/experiments_logs/system_log/wastesorting/scene_05_step50/when_what_ours_when_only_thres_0-8_rand_0-4/exp_wastesorting_20260912_164451_055352.txt,2026-09-12 16:44:51,True,11,15.0,15,3,0.2727272727272727,1.5543,,,4128091398,,GOAL DONE,,,,,,,,,50,8000,1.4798,0.1345,0.033,0.003,0.0163,0.0015,0.0228,0.0021,0.0022,0.0002,1.5543,0.1413,,,,,,,,,,,,
wastesorting,when_what,ours_when_only,0.8,scene_05,3740,/home/fr/brl/02_BRL_POMDP_CODE/experiments_logs/system_log/wastesorting/scene_05_step50/when_what_ours_when_only_thres_0-8_rand_0-4/exp_wastesorting_20260912_164457_787833.txt,2026-09-12 16:44:57,True,11,15.0,20,4,0.36363636363636365,1.5114,,,3351623416,,GOAL DONE,,,,,,,,,50,8000,1.4406,0.131,0.0326,0.003,0.0183,0.0017,0.018,0.0016,0.0015,0.0001,1.5113,0.1374,,,,,,,,,,,,
wastesorting,when_what,ours_when_only,0.8,scene_05,3741,/home/fr/brl/02_BRL_POMDP_CODE/experiments_logs/system_log/wastesorting/scene_05_step50/when_what_ours_when_only_thres_0-8_rand_0-4/exp_wastesorting_20260912_164504_639721.txt,2026-09-12 16:45:04,True,11,10.0,18,5,0.45454545454545453,1.5647,,,3215763495,,GOAL DONE,,,,,,,,,50,8000,1.4928,0.1357,0.0386,0.0035,0.0169,0.0015,0.0144,0.0013,0.0017,0.0002,1.5646,0.1422,,,,,,,,,,,,
wastesorting,when_what,ours_when_only,0.8,scene_05,3742,/home/fr/brl/02_BRL_POMDP_CODE/experiments_logs/system_log/wastesorting/scene_05_step50/when_what_ours_when_only_thres_0-8_rand_0-4/exp_wastesorting_20260912_164512_595660.txt,2026-09-12 16:45:12,True,13,15.0,33,5,0.38461538461538464,2.1663,,,1045924611,,GOAL DONE,,,,,,,,,50,8000,2.0251,0.1558,0.0435,0.0033,0.0346,0.0027,0.0608,0.0047,0.002,0.0002,2.1662,0.1666,,,,,,,,,,,,
wastesorting,when_what,ours_when_only,0.8,scene_05,3743,/home/fr/brl/02_BRL_POMDP_CODE/experiments_logs/system_log/wastesorting/scene_05_step50/when_what_ours_when_only_thres_0-8_rand_0-4/exp_wastesorting_20260912_164520_802872.txt,2026-09-12 16:45:20,True,14,10.0,32,7,0.5,1.869,,,449704548,,GOAL DONE,,,,,,,,,50,8000,1.771,0.1265,0.0443,0.0032,0.0204,0.0015,0.0308,0.0022,0.0022,0.0002,1.869,0.1335,,,,,,,,,,,,
wastesorting,when_what,ours_when_only,0.8,scene_05,3744,/home/fr/brl/02_BRL_POMDP_CODE/experiments_logs/system_log/wastesorting/scene_05_step50/when_what_ours_when_only_thres_0-8_rand_0-4/exp_wastesorting_20260912_164528_374641.txt,2026-09-12 16:45:28,True,11,15.0,13,5,0.45454545454545453,1.6462,,,1253677920,,GOAL DONE,,,,,,,,,50,8000,1.5777,0.1434,0.0369,0.0034,0.0167,0.0015,0.0125,0.0011,0.0021,0.0002,1.6461,0.1496,,,,,,,,,,,,
wastesorting,when_what,ours_when_only,0.8,scene_05,3745,/home/fr/brl/02_BRL_POMDP_CODE/experiments_logs/system_log/wastesorting/scene_05_step50/when_what_ours_when_only_thres_0-8_rand_0-4/exp_wastesorting_20260912_164536_689817.txt,2026-09-12 16:45:36,True,13,5.0,50,7,0.5384615384615384,2.258,,,382724118,,GOAL DONE,,,,,,,,,50,8000,2.1008,0.1616,0.0513,0.0039,0.0349,0.0027,0.0684,0.0053,0.0023,0.0002,2.258,0.1737,,,,,,,,,,,,
wastesorting,when_what,ours_when_only,0.8,scene_05,3746,/home/fr/brl/02_BRL_POMDP_CODE/experiments_logs/system_log/wastesorting/scene_05_step50/when_what_ours_when_only_thres_0-8_rand_0-4/exp_wastesorting_20260912_164545_305530.txt,2026-09-12 16:45:45,True,12,15.0,25,4,0.3333333333333333,1.678,,,4085569034,,GOAL DONE,,,,,,,,,50,8000,1.5786,0.1315,0.0406,0.0034,0.0248,0.0021,0.0318,0.0026,0.002,0.0002,1.678,0.1398,,,,,,,,,,,,
wastesorting,when_what,ours_when_only,0.8,scene_05,3747,/home/fr/brl/02_BRL_POMDP_CODE/experiments_logs/system_log/wastesorting/scene_05_step50/when_what_ours_when_only_thres_0-8_rand_0-4/exp_wastesorting_20260912_164553_100154.txt,2026-09-12 16:45:53,True,12,15.0,32,5,0.4166666666666667,1.6802,,,1045529480,,GOAL DONE,,,,,,,,,50,8000,1.5781,0.1315,0.037,0.0031,0.0194,0.0016,0.0435,0.0036,0.0019,0.0002,1.6801,0.14,,,,,,,,,,,,
wastesorting,when_what,ours_when_only,0.8,scene_05,3748,/home/fr/brl/02_BRL_POMDP_CODE/experiments_logs/system_log/wastesorting/scene_05_step50/when_what_ours_when_only_thres_0-8_rand_0-4/exp_wastesorting_20260912_164600_196820.txt,2026-09-12 16:46:00,True,11,20.0,23,3,0.2727272727272727,1.5175,,,2875578355,,GOAL DONE,,,,,,,,,50,8000,1.4358,0.1305,0.0326,0.003,0.0164,0.0015,0.0305,0.0028,0.0019,0.0002,1.5174,0.1379,,,,,,,,,,,,
wastesorting,when_what,ours_when_only,0.8,scene_05,3749,/home/fr/brl/02_BRL_POMDP_CODE/experiments_logs/system_log/wastesorting/scene_05_step50/when_what_ours_when_only_thres_0-8_rand_0-4/exp_wastesorting_20260912_164607_559147.txt,2026-09-12 16:46:07,True,12,15.0,27,5,0.4166666666666667,1.9186,,,230996701,,GOAL DONE,,,,,,,,,50,8000,1.7996,0.15,0.0411,0.0034,0.0309,0.0026,0.0447,0.0037,0.002,0.0002,1.9185,0.1599,,,,,,,,,,,,
wastesorting,when_what,ours_when_only,0.8,scene_05,3750,/home/fr/brl/02_BRL_POMDP_CODE/experiments_logs/system_log/wastesorting/scene_05_step50/when_what_ours_when_only_thres_0-8_rand_0-4/exp_wastesorting_20260912_164615_772562.txt,2026-09-12 16:46:15,True,14,25.0,34,7,0.5,1.765,,,4259545291,,GOAL DONE,,,,,,,,,50,8000,1.6701,0.1193,0.0417,0.003,0.0202,0.0014,0.0306,0.0022,0.002,0.0001,1.7649,0.1261,,,,,,,,,,,,
wastesorting,when_what,ours_when_only,0.8,scene_05,3751,/home/fr/brl/02_BRL_POMDP_CODE/experiments_logs/system_log/wastesorting/scene_05_step50/when_what_ours_when_only_thres_0-8_rand_0-4/exp_wastesorting_20260912_164623_788922.txt,2026-09-12 16:46:23,True,14,15.0,37,6,0.42857142857142855,1.7646,,,671361218,,GOAL DONE,,,,,,,,,50,8000,1.664,0.1189,0.0514,0.0037,0.0221,0.0016,0.0245,0.0017,0.0024,0.0002,1.7645,0.126,,,,,,,,,,,,
wastesorting,when_what,ours_when_only,0.8,scene_05,3752,/home/fr/brl/02_BRL_POMDP_CODE/experiments_logs/system_log/wastesorting/scene_05_step50/when_what_ours_when_only_thres_0-8_rand_0-4/exp_wastesorting_20260912_164631_235088.txt,2026-09-12 16:46:31,True,10,0.0,16,4,0.4,1.4003,,,1668817081,,GOAL DONE,,,,,,,,,50,8000,1.3299,0.133,0.0334,0.0033,0.0158,0.0016,0.0193,0.0019,0.0017,0.0002,1.4002,0.14,,,,,,,,,,,,
wastesorting,when_what,ours_when_only,0.8,scene_05,3753,/home/fr/brl/02_BRL_POMDP_CODE/experiments_logs/system_log/wastesorting/scene_05_step50/when_what_ours_when_only_thres_0-8_rand_0-4/exp_wastesorting_20260912_164638_555010.txt,2026-09-12 16:46:38,True,11,5.0,15,6,0.5454545454545454,1.6902,,,3225313600,,GOAL DONE,,,,,,,,,50,8000,1.6095,0.1463,0.0402,0.0037,0.0165,0.0015,0.0219,0.002,0.0018,0.0002,1.6902,0.1537,,,,,,,,,,,,
wastesorting,when_what,ours_when_only,0.8,scene_05,3754,/home/fr/brl/02_BRL_POMDP_CODE/experiments_logs/system_log/wastesorting/scene_05_step50/when_what_ours_when_only_thres_0-8_rand_0-4/exp_wastesorting_20260912_164645_747348.txt,2026-09-12 16:46:45,True,12,10.0,25,4,0.3333333333333333,1.6658,,,1380997039,,GOAL DONE,,,,,,,,,50,8000,1.5718,0.131,0.04,0.0033,0.0195,0.0016,0.0321,0.0027,0.002,0.0002,1.6657,0.1388,,,,,,,,,,,,
wastesorting,when_what,ours_when_only,0.8,scene_05,3755,/home/fr/brl/02_BRL_POMDP_CODE/experiments_logs/system_log/wastesorting/scene_05_step50/when_what_ours_when_only_thres_0-8_rand_0-4/exp_wastesorting_20260912_164652_931053.txt,2026-09-12 16:46:52,True,13,15.0,32,5,0.38461538461538464,1.7674,,,2300990510,,GOAL DONE,,,,,,,,,50,8000,1.6619,0.1278,0.0407,0.0031,0.0234,0.0018,0.0388,0.003,0.0023,0.0002,1.7673,0.1359,,,,,,,,,,,,
wastesorting,when_what,ours_when_only,0.8,scene_05,3756,/home/fr/brl/02_BRL_POMDP_CODE/experiments_logs/system_log/wastesorting/scene_05_step50/when_what_ours_when_only_thres_0-8_rand_0-4/exp_wastesorting_20260912_164700_265739.txt,2026-09-12 16:47:00,True,12,15.0,26,5,0.4166666666666667,1.6844,,,2645731214,,GOAL DONE,,,,,,,,,50,8000,1.602,0.1335,0.0399,0.0033,0.0171,0.0014,0.023,0.0019,0.002,0.0002,1.6843,0.1404,,,,,,,,,,,,
wastesorting,when_what,ours_when_only,0.8,scene_05,3757,/home/fr/brl/02_BRL_POMDP_CODE/experiments_logs/system_log/wastesorting/scene_05_step50/when_what_ours_when_only_thres_0-8_rand_0-4/exp_wastesorting_20260912_164707_177112.txt,2026-09-12 16:47:07,True,12,15.0,24,4,0.3333333333333333,1.5734,,,1980913558,,GOAL DONE,,,,,,,,,50,8000,1.4959,0.1247,0.0366,0.0031,0.017,0.0014,0.0215,0.0018,0.0021,0.0002,1.5733,0.1311,,,,,,,,,,,,
wastesorting,when_what,ours_when_only,0.8,scene_05,3758,/home/fr/brl/02_BRL_POMDP_CODE/experiments_logs/system_log/wastesorting/scene_05_step50/when_what_ours_when_only_thres_0-8_rand_0-4/exp_wastesorting_20260912_164714_716321.txt,2026-09-12 16:47:14,True,12,5.0,30,6,0.5,1.9893,,,4060354637,,GOAL DONE,,,,,,,,,50,8000,1.8603,0.155,0.0403,0.0034,0.0323,0.0027,0.0535,0.0045,0.0026,0.0002,1.9892,0.1658,,,,,,,,,,,,
wastesorting,when_what,ours_when_only,0.8,scene_05,3759,/home/fr/brl/02_BRL_POMDP_CODE/experiments_logs/system_log/wastesorting/scene_05_step50/when_what_ours_when_only_thres_0-8_rand_0-4/exp_wastesorting_20260912_164722_584963.txt,2026-09-12 16:47:22,True,13,15.0,41,6,0.46153846153846156,2.2688,,,3979866682,,GOAL DONE,,,,,,,,,50,8000,2.1256,0.1635,0.043,0.0033,0.0352,0.0027,0.0621,0.0048,0.0026,0.0002,2.2687,0.1745,,,,,,,,,,,,
wastesorting,when_what,ours_when_only,0.8,scene_05,3760,/home/fr/brl/02_BRL_POMDP_CODE/experiments_logs/system_log/wastesorting/scene_05_step50/when_what_ours_when_only_thres_0-8_rand_0-4/exp_wastesorting_20260912_164729_996893.txt,2026-09-12 16:47:29,True,12,10.0,30,5,0.4166666666666667,1.6939,,,2741241943,,GOAL DONE,,,,,,,,,50,8000,1.5971,0.1331,0.037,0.0031,0.0238,0.002,0.0338,0.0028,0.0019,0.0002,1.6938,0.1411,,,,,,,,,,,,
wastesorting,when_what,random,0.8,scene_05,3761,/home/fr/brl/02_BRL_POMDP_CODE/experiments_logs/system_log/wastesorting/scene_05_step50/when_what_random_thres_0-8_rand_0-4/exp_wastesorting_20260912_164238_041995.txt,2026-09-12 16:42:38,True,14,5.0,15,6,0.42857142857142855,1.7905,,,630828154,,GOAL DONE,,,,,,,,,50,8000,1.7007,0.1215,0.0424,0.003,0.0198,0.0014,0.0249,0.0018,0.0024,0.0002,1.7904,0.1279,,,,,,,,,,,,
wastesorting,when_what,random,0.8,scene_05,3762,/home/fr/brl/02_BRL_POMDP_CODE/experiments_logs/system_log/wastesorting/scene_05_step50/when_what_random_thres_0-8_rand_0-4/exp_wastesorting_20260912_164245_019595.txt,2026-09-12 16:42:45,False,5,5.0,14,2,0.4,1.3338,,,435659992,,PLAN FAILURE,,,,,,,,,50,8000,1.2513,0.2503,0.0189,0.0038,0.0331,0.0066,0.0296,0.0059,0.0008,0.0002,1.3337,0.2667,,,,,,,,,,,,
wastesorting,when_what,random,0.8,scene_05,3763,/home/fr/brl/02_BRL_POMDP_CODE/experiments_logs/system_log/wastesorting/scene_05_step50/when_what_random_thres_0-8_rand_0-4/exp_wastesorting_20260912_164253_067053.txt,2026-09-12 16:42:53,False,4,0.0,1,1,0.25,0.9773,,,3537170530,,PLAN FAILURE,,,,,,,,,50,8000,0.9471,0.2368,0.0134,0.0033,0.0147,0.0037,0.0015,0.0004,0.0005,0.0001,0.9772,0.2443,,,,,,,,,,,,
wastesorting,when_what,random,0.8,scene_05,3764,/home/fr/brl/02_BRL_POMDP_CODE/experiments_logs/system_log/wastesorting/scene_05_step50/when_what_random_thres_0-8_rand_0-4/exp_wastesorting_20260912_164259_134866.txt,2026-09-12 16:42:59,False,9,10.0,1,1,0.1111111111111111,1.2265,,,1280378645,,PLAN FAILURE,,,,,,,,,50,8000,1.1684,0.1298,0.0314,0.0035,0.0234,0.0026,0.0019,0.0002,0.0012,0.0001,1.2265,0.1363,,,,,,,,,,,,
wastesorting,when_what,random,0.8,scene_05,3765,/home/fr/brl/02_BRL_POMDP_CODE/experiments_logs/system_log/wastesorting/scene_05_step50/when_what_random_thres_0-8_rand_0-4/exp_wastesorting_20260912_164306_300538.txt,2026-09-12 16:43:06,True,14,5.0,18,8,0.5714285714285714,2.2553,,,3656925474,,GOAL DONE,,,,,,,,,50,8000,2.1433,0.1531,0.0489,0.0035,0.0408,0.0029,0.0189,0.0014,0.0031,0.0002,2.2552,0.1611,,,,,,,,,,,,
wastesorting,when_what,random,0.8,scene_05,3766,/home/fr/brl/02_BRL_POMDP_CODE/experiments_logs/system_log/wastesorting/scene_05_step50/when_what_random_thres_0-8_rand_0-4/exp_wastesorting_20260912_164314_773158.txt,2026-09-12 16:43:14,True,12,10.0,4,4,0.3333333333333333,1.6154,,,1489971784,,GOAL DONE,,,,,,,,,50,8000,1.5532,0.1294,0.0367,0.0031,0.0209,0.0017,0.0024,0.0002,0.0021,0.0002,1.6154,0.1346,,,,,,,,,,,,
wastesorting,when_what,random,0.8,scene_05,3767,/home/fr/brl/02_BRL_POMDP_CODE/experiments_logs/system_log/wastesorting/scene_05_step50/when_what_random_thres_0-8_rand_0-4/exp_wastesorting_20260912_164321_613103.txt,2026-09-12 16:43:21,True,14,10.0,9,7,0.5,1.8733,,,3520141308,,GOAL DONE,,,,,,,,,50,8000,1.8024,0.1287,0.0468,0.0033,0.0186,0.0013,0.0029,0.0002,0.0023,0.0002,1.8732,0.1338,,,,,,,,,,,,
wastesorting,when_what,random,0.8,scene_05,3768,/home/fr/brl/02_BRL_POMDP_CODE/experiments_logs/system_log/wastesorting/scene_05_step50/when_what_random_thres_0-8_rand_0-4/exp_wastesorting_20260912_164329_097976.txt,2026-09-12 16:43:29,True,13,15.0,9,5,0.38461538461538464,1.8687,,,411692590,,GOAL DONE,,,,,,,,,50,8000,1.7984,0.1383,0.0401,0.0031,0.0225,0.0017,0.0047,0.0004,0.0027,0.0002,1.8687,0.1437,,,,,,,,,,,,
wastesorting,when_what,random,0.8,scene_05,3769,/home/fr/brl/02_BRL_POMDP_CODE/experiments_logs/system_log/wastesorting/scene_05_step50/when_what_random_thres_0-8_rand_0-4/exp_wastesorting_20260912_164336_013894.txt,2026-09-12 16:43:36,False,7,5.0,2,2,0.2857142857142857,1.2338,,,2624923704,,PLAN FAILURE,,,,,,,,,50,8000,1.1796,0.1685,0.0302,0.0043,0.021,0.003,0.0018,0.0003,0.0011,0.0002,1.2338,0.1763,,,,,,,,,,,,
wastesorting,when_what,random,0.8,scene_05,3770,/home/fr/brl/02_BRL_POMDP_CODE/experiments_logs/system_log/wastesorting/scene_05_step50/when_what_random_thres_0-8_rand_0-4/exp_wastesorting_20260912_164341_798018.txt,2026-09-12 16:43:41,False,3,0.0,0,0,0.0,0.7193,,,3130661448,,PLAN FAILURE,,,,,,,,,50,8000,0.6921,0.2307,0.0111,0.0037,0.0152,0.0051,0.0004,0.0001,0.0004,0.0001,0.7192,0.2397,,,,,,,,,,,,
wastesorting,when_what,random,0.8,scene_05,3771,/home/fr/brl/02_BRL_POMDP_CODE/experiments_logs/system_log/wastesorting/scene_05_step50/when_what_random_thres_0-8_rand_0-4/exp_wastesorting_20260912_164348_188592.txt,2026-09-12 16:43:48,True,11,10.0,15,6,0.5454545454545454,1.5622,,,3622248746,,GOAL DONE,,,,,,,,,50,8000,1.4835,0.1349,0.0374,0.0034,0.0159,0.0014,0.0231,0.0021,0.0021,0.0002,1.5622,0.142,,,,,,,,,,,,
wastesorting,when_what,random,0.8,scene_05,3772,/home/fr/brl/02_BRL_POMDP_CODE/experiments_logs/system_log/wastesorting/scene_05_step50/when_what_random_thres_0-8_rand_0-4/exp_wastesorting_20260912_164355_181146.txt,2026-09-12 16:43:55,True,12,10.0,10,4,0.3333333333333333,1.7739,,,600649243,,GOAL DONE,,,,,,,,,50,8000,1.6973,0.1414,0.0389,0.0032,0.0217,0.0018,0.0137,0.0011,0.002,0.0002,1.7738,0.1478,,,,,,,,,,,,
wastesorting,when_what,random,0.8,scene_05,3773,/home/fr/brl/02_BRL_POMDP_CODE/experiments_logs/system_log/wastesorting/scene_05_step50/when_what_random_thres_0-8_rand_0-4/exp_wastesorting_20260912_164403_114555.txt,2026-09-12 16:44:03,True,17,10.0,14,6,0.35294117647058826,2.0418,,,3690243405,,GOAL DONE,,,,,,,,,50,8000,1.954,0.1149,0.0553,0.0033,0.0232,0.0014,0.0059,0.0003,0.003,0.0002,2.0417,0.1201,,,,,,,,,,,,
wastesorting,when_what,random,0.8,scene_05,3774,/home/fr/brl/02_BRL_POMDP_CODE/experiments_logs/system_log/wastesorting/scene_05_step50/when_what_random_thres_0-8_rand_0-4/exp_wastesorting_20260912_164410_064780.txt,2026-09-12 16:44:10,False,5,0.0,2,2,0.4,0.9622,,,2666206818,,PLAN FAILURE,,,,,,,,,50,8000,0.9277,0.1855,0.0165,0.0033,0.0153,0.0031,0.0018,0.0004,0.0009,0.0002,0.9622,0.1924,,,,,,,,,,,,
wastesorting,when_what,random,0.8,scene_05,3775,/home/fr/brl/02_BRL_POMDP_CODE/experiments_logs/system_log/wastesorting/scene_05_step50/when_what_random_thres_0-8_rand_0-4/exp_wastesorting_20260912_164416_902819.txt,2026-09-12 16:44:16,False,9,0.0,2,2,0.2222222222222222,1.3559,,,2681637189,,PLAN FAILURE,,,,,,,,,50,8000,1.3057,0.1451,0.0279,0.0031,0.019,0.0021,0.0019,0.0002,0.0012,0.0001,1.3558,0.1506,,,,,,,,,,,,
wastesorting,when_what,random,0.8,scene_05,3776,/home/fr/brl/02_BRL_POMDP_CODE/experiments_logs/system_log/wastesorting/scene_05_step50/when_what_random_thres_0-8_rand_0-4/exp_wastesorting_20260912_164424_456527.txt,2026-09-12 16:44:24,True,13,0.0,7,3,0.23076923076923078,1.6672,,,3586644066,,GOAL DONE,,,,,,,,,50,8000,1.606,0.1235,0.0383,0.0029,0.017,0.0013,0.0034,0.0003,0.0021,0.0002,1.6671,0.1282,,,,,,,,,,,,
wastesorting,when_what,random,0.8,scene_05,3777,/home/fr/brl/02_BRL_POMDP_CODE/experiments_logs/system_log/wastesorting/scene_05_step50/when_what_random_thres_0-8_rand_0-4/exp_wastesorting_20260912_164432_340775.txt,2026-09-12 16:44:32,True,14,15.0,15,5,0.35714285714285715,2.1299,,,3677160998,,GOAL DONE,,,,,,,,,50,8000,2.0359,0.1454,0.0442,0.0032,0.0319,0.0023,0.0152,0.0011,0.0023,0.0002,2.1298,0.1521,,,,,,,,,,,,
wastesorting,when_what,random,0.8,scene_05,3778,/home/fr/brl/02_BRL_POMDP_CODE/experiments_logs/system_log/wastesorting/scene_05_step50/when_what_random_thres_0-8_rand_0-4/exp_wastesorting_20260912_164440_991465.txt,2026-09-12 16:44:40,True,13,15.0,18,8,0.6153846153846154,2.1221,,,1159978775,,GOAL DONE,,,,,,,,,50,8000,2.0351,0.1565,0.0412,0.0032,0.0342,0.0026,0.0092,0.0007,0.0021,0.0002,2.1221,0.1632,,,,,,,,,,,,
wastesorting,when_what,random,0.8,scene_05,3779,/home/fr/brl/02_BRL_POMDP_CODE/experiments_logs/system_log/wastesorting/scene_05_step50/when_what_random_thres_0-8_rand_0-4/exp_wastesorting_20260912_164449_368636.txt,2026-09-12 16:44:49,True,11,15.0,12,5,0.45454545454545453,1.525,,,4128091398,,GOAL DONE,,,,,,,,,50,8000,1.4701,0.1336,0.0321,0.0029,0.0165,0.0015,0.0039,0.0004,0.0022,0.0002,1.525,0.1386,,,,,,,,,,,,
wastesorting,when_what,random,0.8,scene_05,3780,/home/fr/brl/02_BRL_POMDP_CODE/experiments_logs/system_log/wastesorting/scene_05_step50/when_what_random_thres_0-8_rand_0-4/exp_wastesorting_20260912_164456_146368.txt,2026-09-12 16:44:56,True,12,10.0,6,6,0.5,1.6488,,,3351623416,,GOAL DONE,,,,,,,,,50,8000,1.5845,0.132,0.0402,0.0033,0.0194,0.0016,0.0026,0.0002,0.0019,0.0002,1.6487,0.1374,,,,,,,,,,,,
wastesorting,when_what,random,0.8,scene_05,3781,/home/fr/brl/02_BRL_POMDP_CODE/experiments_logs/system_log/wastesorting/scene_05_step50/when_what_random_thres_0-8_rand_0-4/exp_wastesorting_20260912_164502_936942.txt,2026-09-12 16:45:02,True,11,10.0,16,7,0.6363636363636364,1.552,,,3215763495,,GOAL DONE,,,,,,,,,50,8000,1.4794,0.1345,0.0398,0.0036,0.0165,0.0015,0.0139,0.0013,0.0021,0.0002,1.5519,0.1411,,,,,,,,,,,,
wastesorting,when_what,random,0.8,scene_05,3782,/home/fr/brl/02_BRL_POMDP_CODE/experiments_logs/system_log/wastesorting/scene_05_step50/when_what_random_thres_0-8_rand_0-4/exp_wastesorting_20260912_164510_300105.txt,2026-09-12 16:45:10,False,10,0.0,15,4,0.4,1.7627,,,1045924611,,PLAN FAILURE,,,,,,,,,50,8000,1.6648,0.1665,0.0341,0.0034,0.0344,0.0034,0.0274,0.0027,0.0017,0.0002,1.7626,0.1763,,,,,,,,,,,,
wastesorting,when_what,random,0.8,scene_05,3783,/home/fr/brl/02_BRL_POMDP_CODE/experiments_logs/system_log/wastesorting/scene_05_step50/when_what_random_thres_0-8_rand_0-4/exp_wastesorting_20260912_164518_805710.txt,2026-09-12 16:45:18,True,16,10.0,15,5,0.3125,1.9854,,,449704548,,GOAL DONE,,,,,,,,,50,8000,1.888,0.118,0.0485,0.003,0.0208,0.0013,0.0247,0.0015,0.003,0.0002,1.9853,0.1241,,,,,,,,,,,,
wastesorting,when_what,random,0.8,scene_05,3784,/home/fr/brl/02_BRL_POMDP_CODE/experiments_logs/system_log/wastesorting/scene_05_step50/when_what_random_thres_0-8_rand_0-4/exp_wastesorting_20260912_164526_603429.txt,2026-09-12 16:45:26,True,11,15.0,8,6,0.5454545454545454,1.5758,,,1253677920,,GOAL DONE,,,,,,,,,50,8000,1.5157,0.1378,0.0384,0.0035,0.0162,0.0015,0.0027,0.0002,0.0025,0.0002,1.5758,0.1433,,,,,,,,,,,,
wastesorting,when_what,random,0.8,scene_05,3785,/home/fr/brl/02_BRL_POMDP_CODE/experiments_logs/system_log/wastesorting/scene_05_step50/when_what_random_thres_0-8_rand_0-4/exp_wastesorting_20260912_164534_301344.txt,2026-09-12 16:45:34,True,15,10.0,19,7,0.4666666666666667,2.3547,,,382724118,,GOAL DONE,,,,,,,,,50,8000,2.2552,0.1503,0.0532,0.0035,0.0353,0.0024,0.0078,0.0005,0.0028,0.0002,2.3545,0.157,,,,,,,,,,,,
wastesorting,when_what,random,0.8,scene_05,3786,/home/fr/brl/02_BRL_POMDP_CODE/experiments_logs/system_log/wastesorting/scene_05_step50/when_what_random_thres_0-8_rand_0-4/exp_wastesorting_20260912_164543_498792.txt,2026-09-12 16:45:43,True,14,15.0,12,7,0.5,1.8302,,,4085569034,,GOAL DONE,,,,,,,,,50,8000,1.7491,0.1249,0.0471,0.0034,0.0259,0.0018,0.0051,0.0004,0.0028,0.0002,1.8301,0.1307,,,,,,,,,,,,
wastesorting,when_what,random,0.8,scene_05,3787,/home/fr/brl/02_BRL_POMDP_CODE/experiments_logs/system_log/wastesorting/scene_05_step50/when_what_random_thres_0-8_rand_0-4/exp_wastesorting_20260912_164551_286825.txt,2026-09-12 16:45:51,True,16,15.0,10,7,0.4375,2.1004,,,1045529480,,GOAL DONE,,,,,,,,,50,8000,2.0203,0.1263,0.0499,0.0031,0.0227,0.0014,0.004,0.0002,0.0032,0.0002,2.1004,0.1313,,,,,,,,,,,,
wastesorting,when_what,random,0.8,scene_05,3788,/home/fr/brl/02_BRL_POMDP_CODE/experiments_logs/system_log/wastesorting/scene_05_step50/when_what_random_thres_0-8_rand_0-4/exp_wastesorting_20260912_164558_549952.txt,2026-09-12 16:45:58,False,9,0.0,12,1,0.1111111111111111,1.2398,,,2875578355,,PLAN FAILURE,,,,,,,,,50,8000,1.1652,0.1295,0.0278,0.0031,0.0167,0.0019,0.0284,0.0032,0.0014,0.0002,1.2398,0.1378,,,,,,,,,,,,
wastesorting,when_what,random,0.8,scene_05,3789,/home/fr/brl/02_BRL_POMDP_CODE/experiments_logs/system_log/wastesorting/scene_05_step50/when_what_random_thres_0-8_rand_0-4/exp_wastesorting_20260912_164605_515358.txt,2026-09-12 16:46:05,True,15,10.0,19,6,0.4,2.1515,,,230996701,,GOAL DONE,,,,,,,,,50,8000,2.0464,0.1364,0.0516,0.0034,0.0354,0.0024,0.0153,0.001,0.0025,0.0002,2.1514,0.1434,,,,,,,,,,,,
wastesorting,when_what,random,0.8,scene_05,3790,/home/fr/brl/02_BRL_POMDP_CODE/experiments_logs/system_log/wastesorting/scene_05_step50/when_what_random_thres_0-8_rand_0-4/exp_wastesorting_20260912_164613_878111.txt,2026-09-12 16:46:13,True,15,10.0,10,3,0.2,1.8863,,,4259545291,,GOAL DONE,,,,,,,,,50,8000,1.8091,0.1206,0.0448,0.003,0.0231,0.0015,0.0068,0.0005,0.0023,0.0002,1.8862,0.1257,,,,,,,,,,,,
wastesorting,when_what,random,0.8,scene_05,3791,/home/fr/brl/02_BRL_POMDP_CODE/experiments_logs/system_log/wastesorting/scene_05_step50/when_what_random_thres_0-8_rand_0-4/exp_wastesorting_20260912_164621_889891.txt,2026-09-12 16:46:21,True,12,0.0,10,6,0.5,2.0925,,,671361218,,GOAL DONE,,,,,,,,,50,8000,2.0173,0.1681,0.0367,0.0031,0.0324,0.0027,0.0036,0.0003,0.0023,0.0002,2.0924,0.1744,,,,,,,,,,,,
wastesorting,when_what,random,0.8,scene_05,3792,/home/fr/brl/02_BRL_POMDP_CODE/experiments_logs/system_log/wastesorting/scene_05_step50/when_what_random_thres_0-8_rand_0-4/exp_wastesorting_20260912_164629_702726.txt,2026-09-12 16:46:29,True,13,15.0,12,4,0.3076923076923077,1.7091,,,1668817081,,GOAL DONE,,,,,,,,,50,8000,1.6377,0.126,0.0428,0.0033,0.0189,0.0015,0.0075,0.0006,0.0019,0.0001,1.7091,0.1315,,,,,,,,,,,,
wastesorting,when_what,random,0.8,scene_05,3793,/home/fr/brl/02_BRL_POMDP_CODE/experiments_logs/system_log/wastesorting/scene_05_step50/when_what_random_thres_0-8_rand_0-4/exp_wastesorting_20260912_164636_724731.txt,2026-09-12 16:46:36,True,13,20.0,12,7,0.5384615384615384,1.9444,,,3225313600,,GOAL DONE,,,,,,,,,50,8000,1.8791,0.1445,0.0422,0.0032,0.0171,0.0013,0.0037,0.0003,0.002,0.0002,1.9443,0.1496,,,,,,,,,,,,
wastesorting,when_what,random,0.8,scene_05,3794,/home/fr/brl/02_BRL_POMDP_CODE/experiments_logs/system_log/wastesorting/scene_05_step50/when_what_random_thres_0-8_rand_0-4/exp_wastesorting_20260912_164643_951468.txt,2026-09-12 16:46:43,False,5,0.0,12,3,0.6,1.363,,,1380997039,,PLAN FAILURE,,,,,,,,,50,8000,1.2797,0.2559,0.0234,0.0047,0.0298,0.006,0.029,0.0058,0.0009,0.0002,1.363,0.2726,,,,,,,,,,,,
wastesorting,when_what,random,0.8,scene_05,3795,/home/fr/brl/02_BRL_POMDP_CODE/experiments_logs/system_log/wastesorting/scene_05_step50/when_what_random_thres_0-8_rand_0-4/exp_wastesorting_20260912_164651_032145.txt,2026-09-12 16:46:51,False,14,0.0,21,5,0.35714285714285715,1.8384,,,2300990510,,PLAN FAILURE,,,,,,,,,50,8000,1.736,0.124,0.0437,0.0031,0.0237,0.0017,0.0321,0.0023,0.0026,0.0002,1.8383,0.1313,,,,,,,,,,,,
wastesorting,when_what,random,0.8,scene_05,3796,/home/fr/brl/02_BRL_POMDP_CODE/experiments_logs/system_log/wastesorting/scene_05_step50/when_what_random_thres_0-8_rand_0-4/exp_wastesorting_20260912_164658_451104.txt,2026-09-12 16:46:58,True,11,15.0,9,5,0.45454545454545453,1.6129,,,2645731214,,GOAL DONE,,,,,,,,,50,8000,1.5512,0.141,0.0346,0.0031,0.019,0.0017,0.0058,0.0005,0.002,0.0002,1.6128,0.1466,,,,,,,,,,,,
wastesorting,when_what,random,0.8,scene_05,3797,/home/fr/brl/02_BRL_POMDP_CODE/experiments_logs/system_log/wastesorting/scene_05_step50/when_what_random_thres_0-8_rand_0-4/exp_wastesorting_20260912_164705_474807.txt,2026-09-12 16:47:05,True,12,15.0,25,7,0.5833333333333334,1.5905,,,1980913558,,GOAL DONE,,,,,,,,,50,8000,1.5122,0.126,0.0373,0.0031,0.0173,0.0014,0.0213,0.0018,0.002,0.0002,1.5904,0.1325,,,,,,,,,,,,
wastesorting,when_what,random,0.8,scene_05,3798,/home/fr/brl/02_BRL_POMDP_CODE/experiments_logs/system_log/wastesorting/scene_05_step50/when_what_random_thres_0-8_rand_0-4/exp_wastesorting_20260912_164712_593617.txt,2026-09-12 16:47:12,False,9,0.0,30,6,0.6666666666666666,1.9002,,,4060354637,,PLAN FAILURE,,,,,,,,,50,8000,1.7727,0.197,0.0316,0.0035,0.0373,0.0041,0.0566,0.0063,0.0017,0.0002,1.9001,0.2111,,,,,,,,,,,,
wastesorting,when_what,random,0.8,scene_05,3799,/home/fr/brl/02_BRL_POMDP_CODE/experiments_logs/system_log/wastesorting/scene_05_step50/when_what_random_thres_0-8_rand_0-4/exp_wastesorting_20260912_164720_182937.txt,2026-09-12 16:47:20,False,4,5.0,9,2,0.5,1.2854,,,3979866682,,PLAN FAILURE,,,,,,,,,50,8000,1.2095,0.3024,0.0163,0.0041,0.0306,0.0076,0.0284,0.0071,0.0006,0.0001,1.2854,0.3213,,,,,,,,,,,,
wastesorting,when_what,random,0.8,scene_05,3800,/home/fr/brl/02_BRL_POMDP_CODE/experiments_logs/system_log/wastesorting/scene_05_step50/when_what_random_thres_0-8_rand_0-4/exp_wastesorting_20260912_164728_170996.txt,2026-09-12 16:47:28,True,14,5.0,11,5,0.35714285714285715,1.7435,,,2741241943,,GOAL DONE,,,,,,,,,50,8000,1.6693,0.1192,0.0457,0.0033,0.0227,0.0016,0.0034,0.0002,0.0021,0.0001,1.7435,0.1245,,,,,,,,,,,,
