domain,scene,seed,reference,comparison,reference_source,comparison_source,reference_success,comparison_success,questions_delta,steps_delta,seconds_delta,reward_delta
tomato,01,1025671343,ours,cp_when,experiments_logs/analysis_recent/when_what_policy_ablation_20260921/00_raw/tomato/scene_01/ours/run_40_seed_1025671343/exp_tomato_20260921_013741_685598.txt,experiments_logs/analysis_recent/when_what_policy_ablation_20260921/00_raw/tomato/scene_01/cp_when/run_40_seed_1025671343/exp_tomato_20260921_230913_647377.txt,1,1,3.0,0.0,-33.7832,0.0
tomato,01,1084618528,ours,cp_when,experiments_logs/analysis_recent/when_what_policy_ablation_20260921/00_raw/tomato/scene_01/ours/run_33_seed_1084618528/exp_tomato_20260921_013729_333914.txt,experiments_logs/analysis_recent/when_what_policy_ablation_20260921/00_raw/tomato/scene_01/cp_when/run_33_seed_1084618528/exp_tomato_20260921_230441_961746.txt,1,0,7.0,6.0,-17.6829,30.0
tomato,01,1201029111,ours,cp_when,experiments_logs/analysis_recent/when_what_policy_ablation_20260921/00_raw/tomato/scene_01/ours/run_08_seed_1201029111/exp_tomato_20260921_013641_435969.txt,experiments_logs/analysis_recent/when_what_policy_ablation_20260921/00_raw/tomato/scene_01/cp_when/run_08_seed_1201029111/exp_tomato_20260921_225039_571885.txt,1,1,2.0,-5.0,-55.2902,0.0
tomato,01,1233339309,ours,cp_when,experiments_logs/analysis_recent/when_what_policy_ablation_20260921/00_raw/tomato/scene_01/ours/run_27_seed_1233339309/exp_tomato_20260921_013712_009541.txt,experiments_logs/analysis_recent/when_what_policy_ablation_20260921/00_raw/tomato/scene_01/cp_when/run_27_seed_1233339309/exp_tomato_20260921_230152_670643.txt,1,1,4.0,0.0,-38.1153,0.0
tomato,01,1273020582,ours,cp_when,experiments_logs/analysis_recent/when_what_policy_ablation_20260921/00_raw/tomato/scene_01/ours/run_03_seed_1273020582/exp_tomato_20260921_013632_758665.txt,experiments_logs/analysis_recent/when_what_policy_ablation_20260921/00_raw/tomato/scene_01/cp_when/run_03_seed_1273020582/exp_tomato_20260921_224756_702591.txt,1,1,5.0,0.0,-34.290800000000004,0.0
tomato,01,1649478604,ours,cp_when,experiments_logs/analysis_recent/when_what_policy_ablation_20260921/00_raw/tomato/scene_01/ours/run_25_seed_1649478604/exp_tomato_20260921_013708_744424.txt,experiments_logs/analysis_recent/when_what_policy_ablation_20260921/00_raw/tomato/scene_01/cp_when/run_25_seed_1649478604/exp_tomato_20260921_230035_537605.txt,1,1,6.0,-1.0,-39.6963,0.0
tomato,01,1911303750,ours,cp_when,experiments_logs/analysis_recent/when_what_policy_ablation_20260921/00_raw/tomato/scene_01/ours/run_06_seed_1911303750/exp_tomato_20260921_013638_056538.txt,experiments_logs/analysis_recent/when_what_policy_ablation_20260921/00_raw/tomato/scene_01/cp_when/run_06_seed_1911303750/exp_tomato_20260921_224904_007560.txt,1,1,4.0,1.0,-37.6171,0.0
tomato,01,2027029533,ours,cp_when,experiments_logs/analysis_recent/when_what_policy_ablation_20260921/00_raw/tomato/scene_01/ours/run_17_seed_2027029533/exp_tomato_20260921_013656_248721.txt,experiments_logs/analysis_recent/when_what_policy_ablation_20260921/00_raw/tomato/scene_01/cp_when/run_17_seed_2027029533/exp_tomato_20260921_225546_250813.txt,1,1,0.0,0.0,-44.7527,0.0
tomato,01,2030859206,ours,cp_when,experiments_logs/analysis_recent/when_what_policy_ablation_20260921/00_raw/tomato/scene_01/ours/run_01_seed_2030859206/exp_tomato_20260921_013629_645526.txt,experiments_logs/analysis_recent/when_what_policy_ablation_20260921/00_raw/tomato/scene_01/cp_when/run_01_seed_2030859206/exp_tomato_20260921_224655_905523.txt,1,1,-5.0,-7.0,-69.6884,0.0
tomato,01,217537032,ours,cp_when,experiments_logs/analysis_recent/when_what_policy_ablation_20260921/00_raw/tomato/scene_01/ours/run_22_seed_217537032/exp_tomato_20260921_013704_174164.txt,experiments_logs/analysis_recent/when_what_policy_ablation_20260921/00_raw/tomato/scene_01/cp_when/run_22_seed_217537032/exp_tomato_20260921_225838_440907.txt,1,1,6.0,0.0,-44.6798,0.0
tomato,01,2204152357,ours,cp_when,experiments_logs/analysis_recent/when_what_policy_ablation_20260921/00_raw/tomato/scene_01/ours/run_26_seed_2204152357/exp_tomato_20260921_013710_360620.txt,experiments_logs/analysis_recent/when_what_policy_ablation_20260921/00_raw/tomato/scene_01/cp_when/run_26_seed_2204152357/exp_tomato_20260921_230112_838639.txt,1,1,5.0,0.0,-35.6054,0.0
tomato,01,2222960263,ours,cp_when,experiments_logs/analysis_recent/when_what_policy_ablation_20260921/00_raw/tomato/scene_01/ours/run_02_seed_2222960263/exp_tomato_20260921_013631_172555.txt,experiments_logs/analysis_recent/when_what_policy_ablation_20260921/00_raw/tomato/scene_01/cp_when/run_02_seed_2222960263/exp_tomato_20260921_224720_759454.txt,1,0,7.0,4.0,-23.2532,20.0
tomato,01,2508123787,ours,cp_when,experiments_logs/analysis_recent/when_what_policy_ablation_20260921/00_raw/tomato/scene_01/ours/run_10_seed_2508123787/exp_tomato_20260921_013644_670038.txt,experiments_logs/analysis_recent/when_what_policy_ablation_20260921/00_raw/tomato/scene_01/cp_when/run_10_seed_2508123787/exp_tomato_20260921_225141_100677.txt,1,0,5.0,6.0,-20.2837,20.0
tomato,01,2607182153,ours,cp_when,experiments_logs/analysis_recent/when_what_policy_ablation_20260921/00_raw/tomato/scene_01/ours/run_36_seed_2607182153/exp_tomato_20260921_013734_064381.txt,experiments_logs/analysis_recent/when_what_policy_ablation_20260921/00_raw/tomato/scene_01/cp_when/run_36_seed_2607182153/exp_tomato_20260921_230718_771283.txt,1,1,1.0,-8.0,-63.89110000000001,0.0
tomato,01,2698243041,ours,cp_when,experiments_logs/analysis_recent/when_what_policy_ablation_20260921/00_raw/tomato/scene_01/ours/run_05_seed_2698243041/exp_tomato_20260921_013636_396936.txt,experiments_logs/analysis_recent/when_what_policy_ablation_20260921/00_raw/tomato/scene_01/cp_when/run_05_seed_2698243041/exp_tomato_20260921_224824_665772.txt,1,0,9.0,10.0,-13.466,30.0
tomato,01,2741500852,ours,cp_when,experiments_logs/analysis_recent/when_what_policy_ablation_20260921/00_raw/tomato/scene_01/ours/run_11_seed_2741500852/exp_tomato_20260921_013646_461755.txt,experiments_logs/analysis_recent/when_what_policy_ablation_20260921/00_raw/tomato/scene_01/cp_when/run_11_seed_2741500852/exp_tomato_20260921_225222_930775.txt,1,1,4.0,0.0,-39.9683,0.0
tomato,01,3008854274,ours,cp_when,experiments_logs/analysis_recent/when_what_policy_ablation_20260921/00_raw/tomato/scene_01/ours/run_38_seed_3008854274/exp_tomato_20260921_013737_631876.txt,experiments_logs/analysis_recent/when_what_policy_ablation_20260921/00_raw/tomato/scene_01/cp_when/run_38_seed_3008854274/exp_tomato_20260921_230822_496159.txt,1,0,7.0,5.0,-23.8548,20.0
tomato,01,3049697230,ours,cp_when,experiments_logs/analysis_recent/when_what_policy_ablation_20260921/00_raw/tomato/scene_01/ours/run_15_seed_3049697230/exp_tomato_20260921_013652_903895.txt,experiments_logs/analysis_recent/when_what_policy_ablation_20260921/00_raw/tomato/scene_01/cp_when/run_15_seed_3049697230/exp_tomato_20260921_225426_155771.txt,1,1,3.0,0.0,-36.4382,0.0
tomato,01,311025495,ours,cp_when,experiments_logs/analysis_recent/when_what_policy_ablation_20260921/00_raw/tomato/scene_01/ours/run_20_seed_311025495/exp_tomato_20260921_013700_948247.txt,experiments_logs/analysis_recent/when_what_policy_ablation_20260921/00_raw/tomato/scene_01/cp_when/run_20_seed_311025495/exp_tomato_20260921_225706_788829.txt,1,0,8.0,6.0,-16.687199999999997,20.0
tomato,01,323427982,ours,cp_when,experiments_logs/analysis_recent/when_what_policy_ablation_20260921/00_raw/tomato/scene_01/ours/run_19_seed_323427982/exp_tomato_20260921_013659_373934.txt,experiments_logs/analysis_recent/when_what_policy_ablation_20260921/00_raw/tomato/scene_01/cp_when/run_19_seed_323427982/exp_tomato_20260921_225648_448097.txt,1,1,3.0,-4.0,-47.3042,0.0
tomato,01,3325784884,ours,cp_when,experiments_logs/analysis_recent/when_what_policy_ablation_20260921/00_raw/tomato/scene_01/ours/run_30_seed_3325784884/exp_tomato_20260921_013724_702826.txt,experiments_logs/analysis_recent/when_what_policy_ablation_20260921/00_raw/tomato/scene_01/cp_when/run_30_seed_3325784884/exp_tomato_20260921_230323_031217.txt,0,0,4.0,36.0,-28.8431,-185.0
tomato,01,3357973338,ours,cp_when,experiments_logs/analysis_recent/when_what_policy_ablation_20260921/00_raw/tomato/scene_01/ours/run_28_seed_3357973338/exp_tomato_20260921_013713_644827.txt,experiments_logs/analysis_recent/when_what_policy_ablation_20260921/00_raw/tomato/scene_01/cp_when/run_28_seed_3357973338/exp_tomato_20260921_230211_740226.txt,1,0,8.0,6.0,-17.3608,20.0
tomato,01,3373062200,ours,cp_when,experiments_logs/analysis_recent/when_what_policy_ablation_20260921/00_raw/tomato/scene_01/ours/run_39_seed_3373062200/exp_tomato_20260921_013739_850947.txt,experiments_logs/analysis_recent/when_what_policy_ablation_20260921/00_raw/tomato/scene_01/cp_when/run_39_seed_3373062200/exp_tomato_20260921_230837_966181.txt,1,0,8.0,10.0,-13.196800000000001,20.0
tomato,01,338448945,ours,cp_when,experiments_logs/analysis_recent/when_what_policy_ablation_20260921/00_raw/tomato/scene_01/ours/run_37_seed_338448945/exp_tomato_20260921_013735_732148.txt,experiments_logs/analysis_recent/when_what_policy_ablation_20260921/00_raw/tomato/scene_01/cp_when/run_37_seed_338448945/exp_tomato_20260921_230756_692452.txt,1,1,5.0,0.0,-36.2005,0.0
tomato,01,3389846695,ours,cp_when,experiments_logs/analysis_recent/when_what_policy_ablation_20260921/00_raw/tomato/scene_01/ours/run_09_seed_3389846695/exp_tomato_20260921_013643_028131.txt,experiments_logs/analysis_recent/when_what_policy_ablation_20260921/00_raw/tomato/scene_01/cp_when/run_09_seed_3389846695/exp_tomato_20260921_225119_108711.txt,1,1,4.0,0.0,-37.8818,0.0
tomato,01,3466707993,ours,cp_when,experiments_logs/analysis_recent/when_what_policy_ablation_20260921/00_raw/tomato/scene_01/ours/run_24_seed_3466707993/exp_tomato_20260921_013707_140488.txt,experiments_logs/analysis_recent/when_what_policy_ablation_20260921/00_raw/tomato/scene_01/cp_when/run_24_seed_3466707993/exp_tomato_20260921_225954_157523.txt,1,1,4.0,-1.0,-37.4537,0.0
tomato,01,3638621671,ours,cp_when,experiments_logs/analysis_recent/when_what_policy_ablation_20260921/00_raw/tomato/scene_01/ours/run_32_seed_3638621671/exp_tomato_20260921_013727_898251.txt,experiments_logs/analysis_recent/when_what_policy_ablation_20260921/00_raw/tomato/scene_01/cp_when/run_32_seed_3638621671/exp_tomato_20260921_230422_778925.txt,1,1,10.0,-2.0,-46.1836,0.0
tomato,01,3649707942,ours,cp_when,experiments_logs/analysis_recent/when_what_policy_ablation_20260921/00_raw/tomato/scene_01/ours/run_29_seed_3649707942/exp_tomato_20260921_013715_132563.txt,experiments_logs/analysis_recent/when_what_policy_ablation_20260921/00_raw/tomato/scene_01/cp_when/run_29_seed_3649707942/exp_tomato_20260921_230244_555341.txt,1,0,2.0,3.0,-31.2798,20.0
tomato,01,3736902642,ours,cp_when,experiments_logs/analysis_recent/when_what_policy_ablation_20260921/00_raw/tomato/scene_01/ours/run_18_seed_3736902642/exp_tomato_20260921_013657_898170.txt,experiments_logs/analysis_recent/when_what_policy_ablation_20260921/00_raw/tomato/scene_01/cp_when/run_18_seed_3736902642/exp_tomato_20260921_225559_614288.txt,1,0,8.0,11.0,-11.6404,30.0
tomato,01,3877458541,ours,cp_when,experiments_logs/analysis_recent/when_what_policy_ablation_20260921/00_raw/tomato/scene_01/ours/run_31_seed_3877458541/exp_tomato_20260921_013726_229856.txt,experiments_logs/analysis_recent/when_what_policy_ablation_20260921/00_raw/tomato/scene_01/cp_when/run_31_seed_3877458541/exp_tomato_20260921_230334_860286.txt,1,0,6.0,8.0,-10.254299999999999,30.0
tomato,01,4028845444,ours,cp_when,experiments_logs/analysis_recent/when_what_policy_ablation_20260921/00_raw/tomato/scene_01/ours/run_35_seed_4028845444/exp_tomato_20260921_013732_485056.txt,experiments_logs/analysis_recent/when_what_policy_ablation_20260921/00_raw/tomato/scene_01/cp_when/run_35_seed_4028845444/exp_tomato_20260921_230613_219111.txt,1,1,0.0,-4.0,-52.364900000000006,0.0
tomato,01,405999239,ours,cp_when,experiments_logs/analysis_recent/when_what_policy_ablation_20260921/00_raw/tomato/scene_01/ours/run_34_seed_405999239/exp_tomato_20260921_013731_023231.txt,experiments_logs/analysis_recent/when_what_policy_ablation_20260921/00_raw/tomato/scene_01/cp_when/run_34_seed_405999239/exp_tomato_20260921_230519_319701.txt,1,1,10.0,-1.0,-35.6149,0.0
tomato,01,4065849833,ours,cp_when,experiments_logs/analysis_recent/when_what_policy_ablation_20260921/00_raw/tomato/scene_01/ours/run_12_seed_4065849833/exp_tomato_20260921_013647_932202.txt,experiments_logs/analysis_recent/when_what_policy_ablation_20260921/00_raw/tomato/scene_01/cp_when/run_12_seed_4065849833/exp_tomato_20260921_225237_331712.txt,1,0,7.0,7.0,-12.8653,20.0
tomato,01,532817344,ours,cp_when,experiments_logs/analysis_recent/when_what_policy_ablation_20260921/00_raw/tomato/scene_01/ours/run_23_seed_532817344/exp_tomato_20260921_013705_654301.txt,experiments_logs/analysis_recent/when_what_policy_ablation_20260921/00_raw/tomato/scene_01/cp_when/run_23_seed_532817344/exp_tomato_20260921_225915_145293.txt,1,1,3.0,0.0,-35.1628,0.0
tomato,01,597016452,ours,cp_when,experiments_logs/analysis_recent/when_what_policy_ablation_20260921/00_raw/tomato/scene_01/ours/run_16_seed_597016452/exp_tomato_20260921_013654_403230.txt,experiments_logs/analysis_recent/when_what_policy_ablation_20260921/00_raw/tomato/scene_01/cp_when/run_16_seed_597016452/exp_tomato_20260921_225459_599965.txt,1,1,3.0,0.0,-31.8748,0.0
tomato,01,796400590,ours,cp_when,experiments_logs/analysis_recent/when_what_policy_ablation_20260921/00_raw/tomato/scene_01/ours/run_07_seed_796400590/exp_tomato_20260921_013639_945912.txt,experiments_logs/analysis_recent/when_what_policy_ablation_20260921/00_raw/tomato/scene_01/cp_when/run_07_seed_796400590/exp_tomato_20260921_224942_720705.txt,1,1,1.0,1.0,-36.7599,0.0
tomato,01,821007751,ours,cp_when,experiments_logs/analysis_recent/when_what_policy_ablation_20260921/00_raw/tomato/scene_01/ours/run_13_seed_821007751/exp_tomato_20260921_013649_554274.txt,experiments_logs/analysis_recent/when_what_policy_ablation_20260921/00_raw/tomato/scene_01/cp_when/run_13_seed_821007751/exp_tomato_20260921_225316_622151.txt,1,1,5.0,0.0,-37.601800000000004,0.0
tomato,01,866496583,ours,cp_when,experiments_logs/analysis_recent/when_what_policy_ablation_20260921/00_raw/tomato/scene_01/ours/run_04_seed_866496583/exp_tomato_20260921_013634_643551.txt,experiments_logs/analysis_recent/when_what_policy_ablation_20260921/00_raw/tomato/scene_01/cp_when/run_04_seed_866496583/exp_tomato_20260921_224809_384470.txt,1,0,6.0,10.0,-10.722000000000001,30.0
tomato,01,871806833,ours,cp_when,experiments_logs/analysis_recent/when_what_policy_ablation_20260921/00_raw/tomato/scene_01/ours/run_21_seed_871806833/exp_tomato_20260921_013702_481175.txt,experiments_logs/analysis_recent/when_what_policy_ablation_20260921/00_raw/tomato/scene_01/cp_when/run_21_seed_871806833/exp_tomato_20260921_225752_007919.txt,1,1,7.0,-3.0,-43.619,0.0
tomato,01,965164034,ours,cp_when,experiments_logs/analysis_recent/when_what_policy_ablation_20260921/00_raw/tomato/scene_01/ours/run_14_seed_965164034/exp_tomato_20260921_013651_010162.txt,experiments_logs/analysis_recent/when_what_policy_ablation_20260921/00_raw/tomato/scene_01/cp_when/run_14_seed_965164034/exp_tomato_20260921_225347_752792.txt,1,1,6.0,1.0,-29.5983,0.0
tomato,02,1150817657,ours,cp_when,experiments_logs/analysis_recent/when_what_policy_ablation_20260921/00_raw/tomato/scene_02/ours/run_04_seed_1150817657/exp_tomato_20260921_013749_080954.txt,experiments_logs/analysis_recent/when_what_policy_ablation_20260921/00_raw/tomato/scene_02/cp_when/run_04_seed_1150817657/exp_tomato_20260921_231104_681264.txt,1,1,7.0,2.0,-27.5199,0.0
tomato,02,1337352578,ours,cp_when,experiments_logs/analysis_recent/when_what_policy_ablation_20260921/00_raw/tomato/scene_02/ours/run_12_seed_1337352578/exp_tomato_20260921_013801_301864.txt,experiments_logs/analysis_recent/when_what_policy_ablation_20260921/00_raw/tomato/scene_02/cp_when/run_12_seed_1337352578/exp_tomato_20260921_231546_689715.txt,1,1,8.0,0.0,-29.6374,0.0
tomato,02,1408900490,ours,cp_when,experiments_logs/analysis_recent/when_what_policy_ablation_20260921/00_raw/tomato/scene_02/ours/run_19_seed_1408900490/exp_tomato_20260921_013812_324845.txt,experiments_logs/analysis_recent/when_what_policy_ablation_20260921/00_raw/tomato/scene_02/cp_when/run_19_seed_1408900490/exp_tomato_20260921_231950_545927.txt,1,1,6.0,0.0,-24.5411,0.0
tomato,02,1422635806,ours,cp_when,experiments_logs/analysis_recent/when_what_policy_ablation_20260921/00_raw/tomato/scene_02/ours/run_15_seed_1422635806/exp_tomato_20260921_013805_837748.txt,experiments_logs/analysis_recent/when_what_policy_ablation_20260921/00_raw/tomato/scene_02/cp_when/run_15_seed_1422635806/exp_tomato_20260921_231722_676491.txt,1,0,7.0,9.0,-10.9899,30.0
tomato,02,1477592928,ours,cp_when,experiments_logs/analysis_recent/when_what_policy_ablation_20260921/00_raw/tomato/scene_02/ours/run_39_seed_1477592928/exp_tomato_20260921_013844_128756.txt,experiments_logs/analysis_recent/when_what_policy_ablation_20260921/00_raw/tomato/scene_02/cp_when/run_39_seed_1477592928/exp_tomato_20260921_233141_258466.txt,1,1,6.0,0.0,-28.0617,0.0
tomato,02,1903174235,ours,cp_when,experiments_logs/analysis_recent/when_what_policy_ablation_20260921/00_raw/tomato/scene_02/ours/run_14_seed_1903174235/exp_tomato_20260921_013804_340710.txt,experiments_logs/analysis_recent/when_what_policy_ablation_20260921/00_raw/tomato/scene_02/cp_when/run_14_seed_1903174235/exp_tomato_20260921_231710_125433.txt,1,0,0.0,-6.0,-52.7012,10.0
tomato,02,1919828458,ours,cp_when,experiments_logs/analysis_recent/when_what_policy_ablation_20260921/00_raw/tomato/scene_02/ours/run_38_seed_1919828458/exp_tomato_20260921_013842_675236.txt,experiments_logs/analysis_recent/when_what_policy_ablation_20260921/00_raw/tomato/scene_02/cp_when/run_38_seed_1919828458/exp_tomato_20260921_233111_678006.txt,1,1,3.0,0.0,-36.956,0.0
tomato,02,1969507524,ours,cp_when,experiments_logs/analysis_recent/when_what_policy_ablation_20260921/00_raw/tomato/scene_02/ours/run_20_seed_1969507524/exp_tomato_20260921_013813_938505.txt,experiments_logs/analysis_recent/when_what_policy_ablation_20260921/00_raw/tomato/scene_02/cp_when/run_20_seed_1969507524/exp_tomato_20260921_232000_305273.txt,1,0,9.0,11.0,-8.1785,30.0
tomato,02,2293168667,ours,cp_when,experiments_logs/analysis_recent/when_what_policy_ablation_20260921/00_raw/tomato/scene_02/ours/run_35_seed_2293168667/exp_tomato_20260921_013837_773855.txt,experiments_logs/analysis_recent/when_what_policy_ablation_20260921/00_raw/tomato/scene_02/cp_when/run_35_seed_2293168667/exp_tomato_20260921_232943_961702.txt,1,0,4.0,0.0,-29.002299999999998,10.0
tomato,02,2306136433,ours,cp_when,experiments_logs/analysis_recent/when_what_policy_ablation_20260921/00_raw/tomato/scene_02/ours/run_03_seed_2306136433/exp_tomato_20260921_013747_502353.txt,experiments_logs/analysis_recent/when_what_policy_ablation_20260921/00_raw/tomato/scene_02/cp_when/run_03_seed_2306136433/exp_tomato_20260921_231035_522436.txt,1,0,5.0,0.0,-36.707,10.0
tomato,02,2318091321,ours,cp_when,experiments_logs/analysis_recent/when_what_policy_ablation_20260921/00_raw/tomato/scene_02/ours/run_37_seed_2318091321/exp_tomato_20260921_013841_048476.txt,experiments_logs/analysis_recent/when_what_policy_ablation_20260921/00_raw/tomato/scene_02/cp_when/run_37_seed_2318091321/exp_tomato_20260921_233033_019489.txt,1,1,12.0,0.0,-26.9448,0.0
tomato,02,2324409209,ours,cp_when,experiments_logs/analysis_recent/when_what_policy_ablation_20260921/00_raw/tomato/scene_02/ours/run_17_seed_2324409209/exp_tomato_20260921_013809_138597.txt,experiments_logs/analysis_recent/when_what_policy_ablation_20260921/00_raw/tomato/scene_02/cp_when/run_17_seed_2324409209/exp_tomato_20260921_231845_274718.txt,1,1,3.0,-4.0,-52.0023,0.0
tomato,02,233361013,ours,cp_when,experiments_logs/analysis_recent/when_what_policy_ablation_20260921/00_raw/tomato/scene_02/ours/run_01_seed_233361013/exp_tomato_20260921_013744_347139.txt,experiments_logs/analysis_recent/when_what_policy_ablation_20260921/00_raw/tomato/scene_02/cp_when/run_01_seed_233361013/exp_tomato_20260921_230921_637252.txt,1,0,11.0,17.0,-5.2677,10.0
tomato,02,2421989875,ours,cp_when,experiments_logs/analysis_recent/when_what_policy_ablation_20260921/00_raw/tomato/scene_02/ours/run_26_seed_2421989875/exp_tomato_20260921_013824_107450.txt,experiments_logs/analysis_recent/when_what_policy_ablation_20260921/00_raw/tomato/scene_02/cp_when/run_26_seed_2421989875/exp_tomato_20260921_232314_939100.txt,1,0,6.0,8.0,-10.4565,30.0
tomato,02,2567273034,ours,cp_when,experiments_logs/analysis_recent/when_what_policy_ablation_20260921/00_raw/tomato/scene_02/ours/run_24_seed_2567273034/exp_tomato_20260921_013820_965181.txt,experiments_logs/analysis_recent/when_what_policy_ablation_20260921/00_raw/tomato/scene_02/cp_when/run_24_seed_2567273034/exp_tomato_20260921_232222_762242.txt,1,0,10.0,-32.0,-108.24340000000001,200.0
tomato,02,2571575672,ours,cp_when,experiments_logs/analysis_recent/when_what_policy_ablation_20260921/00_raw/tomato/scene_02/ours/run_13_seed_2571575672/exp_tomato_20260921_013802_925567.txt,experiments_logs/analysis_recent/when_what_policy_ablation_20260921/00_raw/tomato/scene_02/cp_when/run_13_seed_2571575672/exp_tomato_20260921_231615_939621.txt,1,0,9.0,1.0,-27.5695,10.0
tomato,02,2639844527,ours,cp_when,experiments_logs/analysis_recent/when_what_policy_ablation_20260921/00_raw/tomato/scene_02/ours/run_23_seed_2639844527/exp_tomato_20260921_013818_638548.txt,experiments_logs/analysis_recent/when_what_policy_ablation_20260921/00_raw/tomato/scene_02/cp_when/run_23_seed_2639844527/exp_tomato_20260921_232032_136406.txt,1,0,10.0,10.0,-4.7277000000000005,30.0
tomato,02,2661673954,ours,cp_when,experiments_logs/analysis_recent/when_what_policy_ablation_20260921/00_raw/tomato/scene_02/ours/run_08_seed_2661673954/exp_tomato_20260921_013755_042782.txt,experiments_logs/analysis_recent/when_what_policy_ablation_20260921/00_raw/tomato/scene_02/cp_when/run_08_seed_2661673954/exp_tomato_20260921_231339_439474.txt,1,0,9.0,7.0,-9.6123,20.0
tomato,02,2833878170,ours,cp_when,experiments_logs/analysis_recent/when_what_policy_ablation_20260921/00_raw/tomato/scene_02/ours/run_06_seed_2833878170/exp_tomato_20260921_013752_016640.txt,experiments_logs/analysis_recent/when_what_policy_ablation_20260921/00_raw/tomato/scene_02/cp_when/run_06_seed_2833878170/exp_tomato_20260921_231241_228461.txt,1,1,1.0,-5.0,-60.7425,0.0
tomato,02,2876796507,ours,cp_when,experiments_logs/analysis_recent/when_what_policy_ablation_20260921/00_raw/tomato/scene_02/ours/run_07_seed_2876796507/exp_tomato_20260921_013753_533745.txt,experiments_logs/analysis_recent/when_what_policy_ablation_20260921/00_raw/tomato/scene_02/cp_when/run_07_seed_2876796507/exp_tomato_20260921_231328_256169.txt,1,1,2.0,-4.0,-45.4611,0.0
tomato,02,2886041855,ours,cp_when,experiments_logs/analysis_recent/when_what_policy_ablation_20260921/00_raw/tomato/scene_02/ours/run_34_seed_2886041855/exp_tomato_20260921_013836_338618.txt,experiments_logs/analysis_recent/when_what_policy_ablation_20260921/00_raw/tomato/scene_02/cp_when/run_34_seed_2886041855/exp_tomato_20260921_232913_441367.txt,1,1,4.0,0.0,-35.5418,0.0
tomato,02,3206958523,ours,cp_when,experiments_logs/analysis_recent/when_what_policy_ablation_20260921/00_raw/tomato/scene_02/ours/run_02_seed_3206958523/exp_tomato_20260921_013745_902821.txt,experiments_logs/analysis_recent/when_what_policy_ablation_20260921/00_raw/tomato/scene_02/cp_when/run_02_seed_3206958523/exp_tomato_20260921_230957_153364.txt,1,0,4.0,0.0,-33.9014,10.0
tomato,02,3249674493,ours,cp_when,experiments_logs/analysis_recent/when_what_policy_ablation_20260921/00_raw/tomato/scene_02/ours/run_32_seed_3249674493/exp_tomato_20260921_013833_209387.txt,experiments_logs/analysis_recent/when_what_policy_ablation_20260921/00_raw/tomato/scene_02/cp_when/run_32_seed_3249674493/exp_tomato_20260921_232754_022711.txt,1,0,7.0,8.0,-10.188,30.0
tomato,02,3533124505,ours,cp_when,experiments_logs/analysis_recent/when_what_policy_ablation_20260921/00_raw/tomato/scene_02/ours/run_09_seed_3533124505/exp_tomato_20260921_013756_626687.txt,experiments_logs/analysis_recent/when_what_policy_ablation_20260921/00_raw/tomato/scene_02/cp_when/run_09_seed_3533124505/exp_tomato_20260921_231415_276781.txt,1,1,9.0,0.0,-34.176500000000004,0.0
tomato,02,3662297998,ours,cp_when,experiments_logs/analysis_recent/when_what_policy_ablation_20260921/00_raw/tomato/scene_02/ours/run_31_seed_3662297998/exp_tomato_20260921_013831_651645.txt,experiments_logs/analysis_recent/when_what_policy_ablation_20260921/00_raw/tomato/scene_02/cp_when/run_31_seed_3662297998/exp_tomato_20260921_232742_217772.txt,1,1,5.0,0.0,-26.9027,0.0
tomato,02,3751400244,ours,cp_when,experiments_logs/analysis_recent/when_what_policy_ablation_20260921/00_raw/tomato/scene_02/ours/run_10_seed_3751400244/exp_tomato_20260921_013758_204097.txt,experiments_logs/analysis_recent/when_what_policy_ablation_20260921/00_raw/tomato/scene_02/cp_when/run_10_seed_3751400244/exp_tomato_20260921_231501_387276.txt,1,1,4.0,-3.0,-44.472699999999996,0.0
tomato,02,3815863427,ours,cp_when,experiments_logs/analysis_recent/when_what_policy_ablation_20260921/00_raw/tomato/scene_02/ours/run_25_seed_3815863427/exp_tomato_20260921_013822_589081.txt,experiments_logs/analysis_recent/when_what_policy_ablation_20260921/00_raw/tomato/scene_02/cp_when/run_25_seed_3815863427/exp_tomato_20260921_232302_912304.txt,1,1,3.0,0.0,-38.4976,0.0
tomato,02,3887351210,ours,cp_when,experiments_logs/analysis_recent/when_what_policy_ablation_20260921/00_raw/tomato/scene_02/ours/run_36_seed_3887351210/exp_tomato_20260921_013839_401192.txt,experiments_logs/analysis_recent/when_what_policy_ablation_20260921/00_raw/tomato/scene_02/cp_when/run_36_seed_3887351210/exp_tomato_20260921_233004_352572.txt,1,0,7.0,6.0,-18.6997,20.0
tomato,02,4007070013,ours,cp_when,experiments_logs/analysis_recent/when_what_policy_ablation_20260921/00_raw/tomato/scene_02/ours/run_33_seed_4007070013/exp_tomato_20260921_013834_718227.txt,experiments_logs/analysis_recent/when_what_policy_ablation_20260921/00_raw/tomato/scene_02/cp_when/run_33_seed_4007070013/exp_tomato_20260921_232836_209504.txt,1,1,5.0,-4.0,-40.626599999999996,0.0
tomato,02,4031054018,ours,cp_when,experiments_logs/analysis_recent/when_what_policy_ablation_20260921/00_raw/tomato/scene_02/ours/run_11_seed_4031054018/exp_tomato_20260921_013759_676639.txt,experiments_logs/analysis_recent/when_what_policy_ablation_20260921/00_raw/tomato/scene_02/cp_when/run_11_seed_4031054018/exp_tomato_20260921_231515_364458.txt,1,0,6.0,8.0,-12.4473,30.0
tomato,02,418694264,ours,cp_when,experiments_logs/analysis_recent/when_what_policy_ablation_20260921/00_raw/tomato/scene_02/ours/run_05_seed_418694264/exp_tomato_20260921_013750_556390.txt,experiments_logs/analysis_recent/when_what_policy_ablation_20260921/00_raw/tomato/scene_02/cp_when/run_05_seed_418694264/exp_tomato_20260921_231138_962715.txt,1,1,7.0,-1.0,-32.745,0.0
tomato,02,464102713,ours,cp_when,experiments_logs/analysis_recent/when_what_policy_ablation_20260921/00_raw/tomato/scene_02/ours/run_22_seed_464102713/exp_tomato_20260921_013817_103175.txt,experiments_logs/analysis_recent/when_what_policy_ablation_20260921/00_raw/tomato/scene_02/cp_when/run_22_seed_464102713/exp_tomato_20260921_232025_801330.txt,1,0,8.0,9.0,-10.0386,30.0
tomato,02,474952343,ours,cp_when,experiments_logs/analysis_recent/when_what_policy_ablation_20260921/00_raw/tomato/scene_02/ours/run_18_seed_474952343/exp_tomato_20260921_013810_790340.txt,experiments_logs/analysis_recent/when_what_policy_ablation_20260921/00_raw/tomato/scene_02/cp_when/run_18_seed_474952343/exp_tomato_20260921_231924_427082.txt,1,1,7.0,0.0,-37.4356,0.0
tomato,02,484948157,ours,cp_when,experiments_logs/analysis_recent/when_what_policy_ablation_20260921/00_raw/tomato/scene_02/ours/run_28_seed_484948157/exp_tomato_20260921_013827_082701.txt,experiments_logs/analysis_recent/when_what_policy_ablation_20260921/00_raw/tomato/scene_02/cp_when/run_28_seed_484948157/exp_tomato_20260921_232500_432285.txt,1,1,4.0,-22.0,-74.3596,95.0
tomato,02,559761095,ours,cp_when,experiments_logs/analysis_recent/when_what_policy_ablation_20260921/00_raw/tomato/scene_02/ours/run_16_seed_559761095/exp_tomato_20260921_013807_510193.txt,experiments_logs/analysis_recent/when_what_policy_ablation_20260921/00_raw/tomato/scene_02/cp_when/run_16_seed_559761095/exp_tomato_20260921_231751_584920.txt,1,1,7.0,1.0,-27.1895,0.0
tomato,02,63773712,ours,cp_when,experiments_logs/analysis_recent/when_what_policy_ablation_20260921/00_raw/tomato/scene_02/ours/run_30_seed_63773712/exp_tomato_20260921_013830_079258.txt,experiments_logs/analysis_recent/when_what_policy_ablation_20260921/00_raw/tomato/scene_02/cp_when/run_30_seed_63773712/exp_tomato_20260921_232713_693391.txt,1,0,0.0,-37.0,-118.5005,165.0
tomato,02,742004455,ours,cp_when,experiments_logs/analysis_recent/when_what_policy_ablation_20260921/00_raw/tomato/scene_02/ours/run_40_seed_742004455/exp_tomato_20260921_013845_624250.txt,experiments_logs/analysis_recent/when_what_policy_ablation_20260921/00_raw/tomato/scene_02/cp_when/run_40_seed_742004455/exp_tomato_20260921_233210_279173.txt,1,1,5.0,0.0,-27.454700000000003,0.0
tomato,02,790979284,ours,cp_when,experiments_logs/analysis_recent/when_what_policy_ablation_20260921/00_raw/tomato/scene_02/ours/run_27_seed_790979284/exp_tomato_20260921_013825_593875.txt,experiments_logs/analysis_recent/when_what_policy_ablation_20260921/00_raw/tomato/scene_02/cp_when/run_27_seed_790979284/exp_tomato_20260921_232344_530368.txt,1,0,4.0,0.0,-28.0379,10.0
tomato,02,850676597,ours,cp_when,experiments_logs/analysis_recent/when_what_policy_ablation_20260921/00_raw/tomato/scene_02/ours/run_21_seed_850676597/exp_tomato_20260921_013815_433078.txt,experiments_logs/analysis_recent/when_what_policy_ablation_20260921/00_raw/tomato/scene_02/cp_when/run_21_seed_850676597/exp_tomato_20260921_232014_020759.txt,1,0,10.0,8.0,-12.1579,20.0
tomato,03,1005437090,ours,cp_when,experiments_logs/analysis_recent/when_what_policy_ablation_20260921/00_raw/tomato/scene_03/ours/run_18_seed_1005437090/exp_tomato_20260921_013914_580548.txt,experiments_logs/analysis_recent/when_what_policy_ablation_20260921/00_raw/tomato/scene_03/cp_when/run_18_seed_1005437090/exp_tomato_20260921_234041_749146.txt,1,1,5.0,0.0,-28.8928,0.0
tomato,03,1016817503,ours,cp_when,experiments_logs/analysis_recent/when_what_policy_ablation_20260921/00_raw/tomato/scene_03/ours/run_31_seed_1016817503/exp_tomato_20260921_013942_933664.txt,experiments_logs/analysis_recent/when_what_policy_ablation_20260921/00_raw/tomato/scene_03/cp_when/run_31_seed_1016817503/exp_tomato_20260921_234631_394588.txt,1,1,2.0,1.0,-31.9899,0.0
tomato,03,1193704404,ours,cp_when,experiments_logs/analysis_recent/when_what_policy_ablation_20260921/00_raw/tomato/scene_03/ours/run_29_seed_1193704404/exp_tomato_20260921_013939_130596.txt,experiments_logs/analysis_recent/when_what_policy_ablation_20260921/00_raw/tomato/scene_03/cp_when/run_29_seed_1193704404/exp_tomato_20260921_234525_166073.txt,1,1,4.0,-3.0,-42.31,0.0
tomato,03,1252332960,ours,cp_when,experiments_logs/analysis_recent/when_what_policy_ablation_20260921/00_raw/tomato/scene_03/ours/run_22_seed_1252332960/exp_tomato_20260921_013928_471507.txt,experiments_logs/analysis_recent/when_what_policy_ablation_20260921/00_raw/tomato/scene_03/cp_when/run_22_seed_1252332960/exp_tomato_20260921_234220_745676.txt,1,1,5.0,0.0,-48.4874,0.0
tomato,03,1454289978,ours,cp_when,experiments_logs/analysis_recent/when_what_policy_ablation_20260921/00_raw/tomato/scene_03/ours/run_16_seed_1454289978/exp_tomato_20260921_013911_383931.txt,experiments_logs/analysis_recent/when_what_policy_ablation_20260921/00_raw/tomato/scene_03/cp_when/run_16_seed_1454289978/exp_tomato_20260921_233937_506504.txt,1,0,7.0,4.0,-22.720200000000002,20.0
tomato,03,1627605610,ours,cp_when,experiments_logs/analysis_recent/when_what_policy_ablation_20260921/00_raw/tomato/scene_03/ours/run_24_seed_1627605610/exp_tomato_20260921_013931_399254.txt,experiments_logs/analysis_recent/when_what_policy_ablation_20260921/00_raw/tomato/scene_03/cp_when/run_24_seed_1627605610/exp_tomato_20260921_234306_984018.txt,1,1,5.0,0.0,-30.8591,0.0
tomato,03,1700967682,ours,cp_when,experiments_logs/analysis_recent/when_what_policy_ablation_20260921/00_raw/tomato/scene_03/ours/run_07_seed_1700967682/exp_tomato_20260921_013856_294070.txt,experiments_logs/analysis_recent/when_what_policy_ablation_20260921/00_raw/tomato/scene_03/cp_when/run_07_seed_1700967682/exp_tomato_20260921_233528_447965.txt,1,0,7.0,8.0,-10.4924,30.0
tomato,03,1712963344,ours,cp_when,experiments_logs/analysis_recent/when_what_policy_ablation_20260921/00_raw/tomato/scene_03/ours/run_30_seed_1712963344/exp_tomato_20260921_013941_037881.txt,experiments_logs/analysis_recent/when_what_policy_ablation_20260921/00_raw/tomato/scene_03/cp_when/run_30_seed_1712963344/exp_tomato_20260921_234557_447974.txt,1,1,6.0,3.0,-30.2899,-5.0
tomato,03,1895575310,ours,cp_when,experiments_logs/analysis_recent/when_what_policy_ablation_20260921/00_raw/tomato/scene_03/ours/run_05_seed_1895575310/exp_tomato_20260921_013853_201757.txt,experiments_logs/analysis_recent/when_what_policy_ablation_20260921/00_raw/tomato/scene_03/cp_when/run_05_seed_1895575310/exp_tomato_20260921_233459_728162.txt,1,1,4.0,0.0,-38.9264,0.0
tomato,03,2107246049,ours,cp_when,experiments_logs/analysis_recent/when_what_policy_ablation_20260921/00_raw/tomato/scene_03/ours/run_19_seed_2107246049/exp_tomato_20260921_013923_769900.txt,experiments_logs/analysis_recent/when_what_policy_ablation_20260921/00_raw/tomato/scene_03/cp_when/run_19_seed_2107246049/exp_tomato_20260921_234051_726033.txt,0,0,8.0,45.0,-0.7202999999999999,-165.0
tomato,03,2184183196,ours,cp_when,experiments_logs/analysis_recent/when_what_policy_ablation_20260921/00_raw/tomato/scene_03/ours/run_37_seed_2184183196/exp_tomato_20260921_013952_255701.txt,experiments_logs/analysis_recent/when_what_policy_ablation_20260921/00_raw/tomato/scene_03/cp_when/run_37_seed_2184183196/exp_tomato_20260921_235026_678406.txt,1,0,9.0,9.0,-12.9034,30.0
tomato,03,2197107180,ours,cp_when,experiments_logs/analysis_recent/when_what_policy_ablation_20260921/00_raw/tomato/scene_03/ours/run_25_seed_2197107180/exp_tomato_20260921_013932_909281.txt,experiments_logs/analysis_recent/when_what_policy_ablation_20260921/00_raw/tomato/scene_03/cp_when/run_25_seed_2197107180/exp_tomato_20260921_234319_341187.txt,1,0,7.0,9.0,-10.7912,30.0
tomato,03,2230064310,ours,cp_when,experiments_logs/analysis_recent/when_what_policy_ablation_20260921/00_raw/tomato/scene_03/ours/run_09_seed_2230064310/exp_tomato_20260921_013900_014922.txt,experiments_logs/analysis_recent/when_what_policy_ablation_20260921/00_raw/tomato/scene_03/cp_when/run_09_seed_2230064310/exp_tomato_20260921_233624_262211.txt,1,1,7.0,1.0,-26.567500000000003,0.0
tomato,03,2370079434,ours,cp_when,experiments_logs/analysis_recent/when_what_policy_ablation_20260921/00_raw/tomato/scene_03/ours/run_10_seed_2370079434/exp_tomato_20260921_013902_045455.txt,experiments_logs/analysis_recent/when_what_policy_ablation_20260921/00_raw/tomato/scene_03/cp_when/run_10_seed_2370079434/exp_tomato_20260921_233653_671566.txt,1,0,12.0,7.0,-27.316,15.0
tomato,03,2418572032,ours,cp_when,experiments_logs/analysis_recent/when_what_policy_ablation_20260921/00_raw/tomato/scene_03/ours/run_38_seed_2418572032/exp_tomato_20260921_013953_867293.txt,experiments_logs/analysis_recent/when_what_policy_ablation_20260921/00_raw/tomato/scene_03/cp_when/run_38_seed_2418572032/exp_tomato_20260921_235056_088881.txt,1,1,10.0,1.0,-27.7275,0.0
tomato,03,2436888965,ours,cp_when,experiments_logs/analysis_recent/when_what_policy_ablation_20260921/00_raw/tomato/scene_03/ours/run_39_seed_2436888965/exp_tomato_20260921_013955_347361.txt,experiments_logs/analysis_recent/when_what_policy_ablation_20260921/00_raw/tomato/scene_03/cp_when/run_39_seed_2436888965/exp_tomato_20260921_235132_091768.txt,1,1,4.0,-1.0,-34.4615,0.0
tomato,03,2542173252,ours,cp_when,experiments_logs/analysis_recent/when_what_policy_ablation_20260921/00_raw/tomato/scene_03/ours/run_04_seed_2542173252/exp_tomato_20260921_013851_751820.txt,experiments_logs/analysis_recent/when_what_policy_ablation_20260921/00_raw/tomato/scene_03/cp_when/run_04_seed_2542173252/exp_tomato_20260921_233419_284819.txt,1,1,2.0,-4.0,-41.710300000000004,0.0
tomato,03,2559286479,ours,cp_when,experiments_logs/analysis_recent/when_what_policy_ablation_20260921/00_raw/tomato/scene_03/ours/run_20_seed_2559286479/exp_tomato_20260921_013925_334418.txt,experiments_logs/analysis_recent/when_what_policy_ablation_20260921/00_raw/tomato/scene_03/cp_when/run_20_seed_2559286479/exp_tomato_20260921_234118_523856.txt,1,0,9.0,3.0,-25.1588,10.0
tomato,03,2630779126,ours,cp_when,experiments_logs/analysis_recent/when_what_policy_ablation_20260921/00_raw/tomato/scene_03/ours/run_33_seed_2630779126/exp_tomato_20260921_013946_005979.txt,experiments_logs/analysis_recent/when_what_policy_ablation_20260921/00_raw/tomato/scene_03/cp_when/run_33_seed_2630779126/exp_tomato_20260921_234805_874682.txt,1,1,4.0,-3.0,-45.197900000000004,0.0
tomato,03,2973460405,ours,cp_when,experiments_logs/analysis_recent/when_what_policy_ablation_20260921/00_raw/tomato/scene_03/ours/run_01_seed_2973460405/exp_tomato_20260921_013847_207708.txt,experiments_logs/analysis_recent/when_what_policy_ablation_20260921/00_raw/tomato/scene_03/cp_when/run_01_seed_2973460405/exp_tomato_20260921_233246_959255.txt,1,1,8.0,0.0,-35.0179,0.0
tomato,03,2984508209,ours,cp_when,experiments_logs/analysis_recent/when_what_policy_ablation_20260921/00_raw/tomato/scene_03/ours/run_02_seed_2984508209/exp_tomato_20260921_013848_685198.txt,experiments_logs/analysis_recent/when_what_policy_ablation_20260921/00_raw/tomato/scene_03/cp_when/run_02_seed_2984508209/exp_tomato_20260921_233319_208599.txt,1,1,4.0,-1.0,-30.7103,0.0
tomato,03,3142806667,ours,cp_when,experiments_logs/analysis_recent/when_what_policy_ablation_20260921/00_raw/tomato/scene_03/ours/run_06_seed_3142806667/exp_tomato_20260921_013854_858694.txt,experiments_logs/analysis_recent/when_what_policy_ablation_20260921/00_raw/tomato/scene_03/cp_when/run_06_seed_3142806667/exp_tomato_20260921_233516_449345.txt,1,0,9.0,7.0,-14.9932,20.0
tomato,03,3328359470,ours,cp_when,experiments_logs/analysis_recent/when_what_policy_ablation_20260921/00_raw/tomato/scene_03/ours/run_03_seed_3328359470/exp_tomato_20260921_013850_310415.txt,experiments_logs/analysis_recent/when_what_policy_ablation_20260921/00_raw/tomato/scene_03/cp_when/run_03_seed_3328359470/exp_tomato_20260921_233336_070013.txt,1,0,12.0,6.0,-15.171299999999999,20.0
tomato,03,3374813224,ours,cp_when,experiments_logs/analysis_recent/when_what_policy_ablation_20260921/00_raw/tomato/scene_03/ours/run_08_seed_3374813224/exp_tomato_20260921_013858_462506.txt,experiments_logs/analysis_recent/when_what_policy_ablation_20260921/00_raw/tomato/scene_03/cp_when/run_08_seed_3374813224/exp_tomato_20260921_233556_076862.txt,1,1,7.0,4.0,-25.4015,-5.0
tomato,03,3611211411,ours,cp_when,experiments_logs/analysis_recent/when_what_policy_ablation_20260921/00_raw/tomato/scene_03/ours/run_15_seed_3611211411/exp_tomato_20260921_013909_802567.txt,experiments_logs/analysis_recent/when_what_policy_ablation_20260921/00_raw/tomato/scene_03/cp_when/run_15_seed_3611211411/exp_tomato_20260921_233913_150860.txt,1,1,6.0,0.0,-27.6325,0.0
tomato,03,3620707437,ours,cp_when,experiments_logs/analysis_recent/when_what_policy_ablation_20260921/00_raw/tomato/scene_03/ours/run_11_seed_3620707437/exp_tomato_20260921_013903_710485.txt,experiments_logs/analysis_recent/when_what_policy_ablation_20260921/00_raw/tomato/scene_03/cp_when/run_11_seed_3620707437/exp_tomato_20260921_233728_896942.txt,1,1,7.0,1.0,-33.472899999999996,0.0
tomato,03,3631765459,ours,cp_when,experiments_logs/analysis_recent/when_what_policy_ablation_20260921/00_raw/tomato/scene_03/ours/run_17_seed_3631765459/exp_tomato_20260921_013913_071375.txt,experiments_logs/analysis_recent/when_what_policy_ablation_20260921/00_raw/tomato/scene_03/cp_when/run_17_seed_3631765459/exp_tomato_20260921_234011_285535.txt,1,1,7.0,0.0,-32.038199999999996,0.0
tomato,03,3814785464,ours,cp_when,experiments_logs/analysis_recent/when_what_policy_ablation_20260921/00_raw/tomato/scene_03/ours/run_21_seed_3814785464/exp_tomato_20260921_013926_848266.txt,experiments_logs/analysis_recent/when_what_policy_ablation_20260921/00_raw/tomato/scene_03/cp_when/run_21_seed_3814785464/exp_tomato_20260921_234130_580174.txt,1,0,7.0,8.0,-10.486999999999998,30.0
tomato,03,3909183007,ours,cp_when,experiments_logs/analysis_recent/when_what_policy_ablation_20260921/00_raw/tomato/scene_03/ours/run_14_seed_3909183007/exp_tomato_20260921_013908_308621.txt,experiments_logs/analysis_recent/when_what_policy_ablation_20260921/00_raw/tomato/scene_03/cp_when/run_14_seed_3909183007/exp_tomato_20260921_233843_981894.txt,1,1,6.0,0.0,-28.756899999999998,0.0
tomato,03,4008873019,ours,cp_when,experiments_logs/analysis_recent/when_what_policy_ablation_20260921/00_raw/tomato/scene_03/ours/run_23_seed_4008873019/exp_tomato_20260921_013929_948490.txt,experiments_logs/analysis_recent/when_what_policy_ablation_20260921/00_raw/tomato/scene_03/cp_when/run_23_seed_4008873019/exp_tomato_20260921_234234_597611.txt,1,0,6.0,8.0,-12.3032,30.0
tomato,03,4252591664,ours,cp_when,experiments_logs/analysis_recent/when_what_policy_ablation_20260921/00_raw/tomato/scene_03/ours/run_32_seed_4252591664/exp_tomato_20260921_013944_502954.txt,experiments_logs/analysis_recent/when_what_policy_ablation_20260921/00_raw/tomato/scene_03/cp_when/run_32_seed_4252591664/exp_tomato_20260921_234719_101527.txt,1,1,5.0,0.0,-46.0653,0.0
tomato,03,522031486,ours,cp_when,experiments_logs/analysis_recent/when_what_policy_ablation_20260921/00_raw/tomato/scene_03/ours/run_36_seed_522031486/exp_tomato_20260921_013950_674514.txt,experiments_logs/analysis_recent/when_what_policy_ablation_20260921/00_raw/tomato/scene_03/cp_when/run_36_seed_522031486/exp_tomato_20260921_235012_128095.txt,1,1,3.0,-3.0,-47.9559,0.0
tomato,03,598183825,ours,cp_when,experiments_logs/analysis_recent/when_what_policy_ablation_20260921/00_raw/tomato/scene_03/ours/run_40_seed_598183825/exp_tomato_20260921_013956_969555.txt,experiments_logs/analysis_recent/when_what_policy_ablation_20260921/00_raw/tomato/scene_03/cp_when/run_40_seed_598183825/exp_tomato_20260921_235154_526494.txt,1,0,5.0,6.0,-20.7554,20.0
tomato,03,604486275,ours,cp_when,experiments_logs/analysis_recent/when_what_policy_ablation_20260921/00_raw/tomato/scene_03/ours/run_35_seed_604486275/exp_tomato_20260921_013949_070301.txt,experiments_logs/analysis_recent/when_what_policy_ablation_20260921/00_raw/tomato/scene_03/cp_when/run_35_seed_604486275/exp_tomato_20260921_234922_505449.txt,1,1,3.0,1.0,-28.7307,0.0
tomato,03,657498695,ours,cp_when,experiments_logs/analysis_recent/when_what_policy_ablation_20260921/00_raw/tomato/scene_03/ours/run_28_seed_657498695/exp_tomato_20260921_013937_582238.txt,experiments_logs/analysis_recent/when_what_policy_ablation_20260921/00_raw/tomato/scene_03/cp_when/run_28_seed_657498695/exp_tomato_20260921_234441_239220.txt,1,1,4.0,0.0,-34.9551,0.0
tomato,03,70087057,ours,cp_when,experiments_logs/analysis_recent/when_what_policy_ablation_20260921/00_raw/tomato/scene_03/ours/run_26_seed_70087057/exp_tomato_20260921_013934_398299.txt,experiments_logs/analysis_recent/when_what_policy_ablation_20260921/00_raw/tomato/scene_03/cp_when/run_26_seed_70087057/exp_tomato_20260921_234348_294405.txt,1,1,8.0,0.0,-27.3991,0.0
tomato,03,822900858,ours,cp_when,experiments_logs/analysis_recent/when_what_policy_ablation_20260921/00_raw/tomato/scene_03/ours/run_34_seed_822900858/exp_tomato_20260921_013947_464379.txt,experiments_logs/analysis_recent/when_what_policy_ablation_20260921/00_raw/tomato/scene_03/cp_when/run_34_seed_822900858/exp_tomato_20260921_234852_102270.txt,1,1,2.0,-4.0,-44.7091,0.0
tomato,03,8630651,ours,cp_when,experiments_logs/analysis_recent/when_what_policy_ablation_20260921/00_raw/tomato/scene_03/ours/run_27_seed_8630651/exp_tomato_20260921_013936_040331.txt,experiments_logs/analysis_recent/when_what_policy_ablation_20260921/00_raw/tomato/scene_03/cp_when/run_27_seed_8630651/exp_tomato_20260921_234404_678023.txt,1,0,8.0,9.0,-14.6768,30.0
tomato,03,975151081,ours,cp_when,experiments_logs/analysis_recent/when_what_policy_ablation_20260921/00_raw/tomato/scene_03/ours/run_13_seed_975151081/exp_tomato_20260921_013906_763403.txt,experiments_logs/analysis_recent/when_what_policy_ablation_20260921/00_raw/tomato/scene_03/cp_when/run_13_seed_975151081/exp_tomato_20260921_233813_618032.txt,1,1,4.0,0.0,-30.101100000000002,0.0
tomato,04,1040908402,ours,cp_when,experiments_logs/analysis_recent/when_what_policy_ablation_20260921/00_raw/tomato/scene_04/ours/run_26_seed_1040908402/exp_tomato_20260921_014046_634655.txt,experiments_logs/analysis_recent/when_what_policy_ablation_20260921/00_raw/tomato/scene_04/cp_when/run_26_seed_1040908402/exp_tomato_20260922_000807_009855.txt,1,1,10.0,-1.0,-36.446,0.0
tomato,04,1109362184,ours,cp_when,experiments_logs/analysis_recent/when_what_policy_ablation_20260921/00_raw/tomato/scene_04/ours/run_12_seed_1109362184/exp_tomato_20260921_014023_891751.txt,experiments_logs/analysis_recent/when_what_policy_ablation_20260921/00_raw/tomato/scene_04/cp_when/run_12_seed_1109362184/exp_tomato_20260922_000002_170425.txt,1,1,6.0,0.0,-24.6481,0.0
tomato,04,1141903763,ours,cp_when,experiments_logs/analysis_recent/when_what_policy_ablation_20260921/00_raw/tomato/scene_04/ours/run_37_seed_1141903763/exp_tomato_20260921_014104_740947.txt,experiments_logs/analysis_recent/when_what_policy_ablation_20260921/00_raw/tomato/scene_04/cp_when/run_37_seed_1141903763/exp_tomato_20260922_001345_345604.txt,1,0,8.0,6.0,-16.707,20.0
tomato,04,1167440852,ours,cp_when,experiments_logs/analysis_recent/when_what_policy_ablation_20260921/00_raw/tomato/scene_04/ours/run_34_seed_1167440852/exp_tomato_20260921_014059_721842.txt,experiments_logs/analysis_recent/when_what_policy_ablation_20260921/00_raw/tomato/scene_04/cp_when/run_34_seed_1167440852/exp_tomato_20260922_001240_134597.txt,1,1,4.0,0.0,-36.4233,0.0
tomato,04,1337586660,ours,cp_when,experiments_logs/analysis_recent/when_what_policy_ablation_20260921/00_raw/tomato/scene_04/ours/run_20_seed_1337586660/exp_tomato_20260921_014037_204945.txt,experiments_logs/analysis_recent/when_what_policy_ablation_20260921/00_raw/tomato/scene_04/cp_when/run_20_seed_1337586660/exp_tomato_20260922_000417_692189.txt,1,0,6.0,7.0,-20.444499999999998,20.0
tomato,04,1552731229,ours,cp_when,experiments_logs/analysis_recent/when_what_policy_ablation_20260921/00_raw/tomato/scene_04/ours/run_19_seed_1552731229/exp_tomato_20260921_014035_038537.txt,experiments_logs/analysis_recent/when_what_policy_ablation_20260921/00_raw/tomato/scene_04/cp_when/run_19_seed_1552731229/exp_tomato_20260922_000355_010412.txt,1,0,10.0,10.0,-6.094200000000001,30.0
tomato,04,1589093347,ours,cp_when,experiments_logs/analysis_recent/when_what_policy_ablation_20260921/00_raw/tomato/scene_04/ours/run_01_seed_1589093347/exp_tomato_20260921_013958_573928.txt,experiments_logs/analysis_recent/when_what_policy_ablation_20260921/00_raw/tomato/scene_04/cp_when/run_01_seed_1589093347/exp_tomato_20260921_235231_920907.txt,1,1,6.0,0.0,-35.7305,0.0
tomato,04,168160880,ours,cp_when,experiments_logs/analysis_recent/when_what_policy_ablation_20260921/00_raw/tomato/scene_04/ours/run_28_seed_168160880/exp_tomato_20260921_014050_009215.txt,experiments_logs/analysis_recent/when_what_policy_ablation_20260921/00_raw/tomato/scene_04/cp_when/run_28_seed_168160880/exp_tomato_20260922_000846_775136.txt,1,1,5.0,0.0,-27.969,0.0
tomato,04,2020323328,ours,cp_when,experiments_logs/analysis_recent/when_what_policy_ablation_20260921/00_raw/tomato/scene_04/ours/run_15_seed_2020323328/exp_tomato_20260921_014028_505770.txt,experiments_logs/analysis_recent/when_what_policy_ablation_20260921/00_raw/tomato/scene_04/cp_when/run_15_seed_2020323328/exp_tomato_20260922_000140_741769.txt,1,1,4.0,-3.0,-43.6217,0.0
tomato,04,2135663053,ours,cp_when,experiments_logs/analysis_recent/when_what_policy_ablation_20260921/00_raw/tomato/scene_04/ours/run_30_seed_2135663053/exp_tomato_20260921_014053_022579.txt,experiments_logs/analysis_recent/when_what_policy_ablation_20260921/00_raw/tomato/scene_04/cp_when/run_30_seed_2135663053/exp_tomato_20260922_001011_442168.txt,1,1,0.0,-4.0,-46.6364,0.0
tomato,04,216321642,ours,cp_when,experiments_logs/analysis_recent/when_what_policy_ablation_20260921/00_raw/tomato/scene_04/ours/run_36_seed_216321642/exp_tomato_20260921_014103_079726.txt,experiments_logs/analysis_recent/when_what_policy_ablation_20260921/00_raw/tomato/scene_04/cp_when/run_36_seed_216321642/exp_tomato_20260922_001326_916816.txt,1,1,10.0,0.0,-32.379999999999995,0.0
tomato,04,218967378,ours,cp_when,experiments_logs/analysis_recent/when_what_policy_ablation_20260921/00_raw/tomato/scene_04/ours/run_25_seed_218967378/exp_tomato_20260921_014045_045672.txt,experiments_logs/analysis_recent/when_what_policy_ablation_20260921/00_raw/tomato/scene_04/cp_when/run_25_seed_218967378/exp_tomato_20260922_000728_908679.txt,1,1,6.0,-3.0,-44.5067,0.0
tomato,04,2219488844,ours,cp_when,experiments_logs/analysis_recent/when_what_policy_ablation_20260921/00_raw/tomato/scene_04/ours/run_38_seed_2219488844/exp_tomato_20260921_014106_892169.txt,experiments_logs/analysis_recent/when_what_policy_ablation_20260921/00_raw/tomato/scene_04/cp_when/run_38_seed_2219488844/exp_tomato_20260922_001423_861157.txt,1,0,5.0,3.0,-36.2924,10.0
tomato,04,2220313702,ours,cp_when,experiments_logs/analysis_recent/when_what_policy_ablation_20260921/00_raw/tomato/scene_04/ours/run_27_seed_2220313702/exp_tomato_20260921_014048_477746.txt,experiments_logs/analysis_recent/when_what_policy_ablation_20260921/00_raw/tomato/scene_04/cp_when/run_27_seed_2220313702/exp_tomato_20260922_000817_223411.txt,1,0,6.0,10.0,-8.3088,30.0
tomato,04,222360660,ours,cp_when,experiments_logs/analysis_recent/when_what_policy_ablation_20260921/00_raw/tomato/scene_04/ours/run_35_seed_222360660/exp_tomato_20260921_014101_426724.txt,experiments_logs/analysis_recent/when_what_policy_ablation_20260921/00_raw/tomato/scene_04/cp_when/run_35_seed_222360660/exp_tomato_20260922_001252_825550.txt,1,0,7.0,9.0,-10.9412,30.0
tomato,04,236854069,ours,cp_when,experiments_logs/analysis_recent/when_what_policy_ablation_20260921/00_raw/tomato/scene_04/ours/run_08_seed_236854069/exp_tomato_20260921_014017_707391.txt,experiments_logs/analysis_recent/when_what_policy_ablation_20260921/00_raw/tomato/scene_04/cp_when/run_08_seed_236854069/exp_tomato_20260921_235734_734157.txt,1,0,10.0,-1.0,-38.246900000000004,10.0
tomato,04,2387734993,ours,cp_when,experiments_logs/analysis_recent/when_what_policy_ablation_20260921/00_raw/tomato/scene_04/ours/run_09_seed_2387734993/exp_tomato_20260921_014019_341718.txt,experiments_logs/analysis_recent/when_what_policy_ablation_20260921/00_raw/tomato/scene_04/cp_when/run_09_seed_2387734993/exp_tomato_20260921_235810_857896.txt,1,1,6.0,-1.0,-34.428999999999995,0.0
tomato,04,2390740933,ours,cp_when,experiments_logs/analysis_recent/when_what_policy_ablation_20260921/00_raw/tomato/scene_04/ours/run_04_seed_2390740933/exp_tomato_20260921_014003_468077.txt,experiments_logs/analysis_recent/when_what_policy_ablation_20260921/00_raw/tomato/scene_04/cp_when/run_04_seed_2390740933/exp_tomato_20260921_235457_071870.txt,1,1,-3.0,-11.0,-74.3284,0.0
tomato,04,2392905031,ours,cp_when,experiments_logs/analysis_recent/when_what_policy_ablation_20260921/00_raw/tomato/scene_04/ours/run_31_seed_2392905031/exp_tomato_20260921_014054_616187.txt,experiments_logs/analysis_recent/when_what_policy_ablation_20260921/00_raw/tomato/scene_04/cp_when/run_31_seed_2392905031/exp_tomato_20260922_001046_898299.txt,1,1,8.0,0.0,-33.793,0.0
tomato,04,2642505031,ours,cp_when,experiments_logs/analysis_recent/when_what_policy_ablation_20260921/00_raw/tomato/scene_04/ours/run_05_seed_2642505031/exp_tomato_20260921_014005_088981.txt,experiments_logs/analysis_recent/when_what_policy_ablation_20260921/00_raw/tomato/scene_04/cp_when/run_05_seed_2642505031/exp_tomato_20260921_235530_722711.txt,1,0,6.0,1.0,-31.958000000000002,10.0
tomato,04,2771536334,ours,cp_when,experiments_logs/analysis_recent/when_what_policy_ablation_20260921/00_raw/tomato/scene_04/ours/run_22_seed_2771536334/exp_tomato_20260921_014040_500007.txt,experiments_logs/analysis_recent/when_what_policy_ablation_20260921/00_raw/tomato/scene_04/cp_when/run_22_seed_2771536334/exp_tomato_20260922_000531_906824.txt,1,1,6.0,0.0,-34.8341,0.0
tomato,04,2941533860,ours,cp_when,experiments_logs/analysis_recent/when_what_policy_ablation_20260921/00_raw/tomato/scene_04/ours/run_14_seed_2941533860/exp_tomato_20260921_014027_031932.txt,experiments_logs/analysis_recent/when_what_policy_ablation_20260921/00_raw/tomato/scene_04/cp_when/run_14_seed_2941533860/exp_tomato_20260922_000055_583659.txt,1,1,9.0,0.0,-40.2792,0.0
tomato,04,2993320002,ours,cp_when,experiments_logs/analysis_recent/when_what_policy_ablation_20260921/00_raw/tomato/scene_04/ours/run_11_seed_2993320002/exp_tomato_20260921_014022_425264.txt,experiments_logs/analysis_recent/when_what_policy_ablation_20260921/00_raw/tomato/scene_04/cp_when/run_11_seed_2993320002/exp_tomato_20260921_235935_993484.txt,1,0,2.0,3.0,-26.5893,20.0
tomato,04,3141647287,ours,cp_when,experiments_logs/analysis_recent/when_what_policy_ablation_20260921/00_raw/tomato/scene_04/ours/run_29_seed_3141647287/exp_tomato_20260921_014051_537370.txt,experiments_logs/analysis_recent/when_what_policy_ablation_20260921/00_raw/tomato/scene_04/cp_when/run_29_seed_3141647287/exp_tomato_20260922_000923_245568.txt,1,1,5.0,0.0,-34.896699999999996,0.0
tomato,04,3169457126,ours,cp_when,experiments_logs/analysis_recent/when_what_policy_ablation_20260921/00_raw/tomato/scene_04/ours/run_17_seed_3169457126/exp_tomato_20260921_014031_834164.txt,experiments_logs/analysis_recent/when_what_policy_ablation_20260921/00_raw/tomato/scene_04/cp_when/run_17_seed_3169457126/exp_tomato_20260922_000306_189875.txt,1,1,10.0,-2.0,-49.411300000000004,0.0
tomato,04,321661848,ours,cp_when,experiments_logs/analysis_recent/when_what_policy_ablation_20260921/00_raw/tomato/scene_04/ours/run_10_seed_321661848/exp_tomato_20260921_014020_943638.txt,experiments_logs/analysis_recent/when_what_policy_ablation_20260921/00_raw/tomato/scene_04/cp_when/run_10_seed_321661848/exp_tomato_20260921_235907_851526.txt,1,1,9.0,-11.0,-55.3296,40.0
tomato,04,3227930555,ours,cp_when,experiments_logs/analysis_recent/when_what_policy_ablation_20260921/00_raw/tomato/scene_04/ours/run_23_seed_3227930555/exp_tomato_20260921_014041_975718.txt,experiments_logs/analysis_recent/when_what_policy_ablation_20260921/00_raw/tomato/scene_04/cp_when/run_23_seed_3227930555/exp_tomato_20260922_000614_076848.txt,1,1,7.0,-1.0,-40.608799999999995,0.0
tomato,04,3315816046,ours,cp_when,experiments_logs/analysis_recent/when_what_policy_ablation_20260921/00_raw/tomato/scene_04/ours/run_40_seed_3315816046/exp_tomato_20260921_014110_045357.txt,experiments_logs/analysis_recent/when_what_policy_ablation_20260921/00_raw/tomato/scene_04/cp_when/run_40_seed_3315816046/exp_tomato_20260922_001551_625561.txt,1,1,9.0,-4.0,-44.9286,0.0
tomato,04,3372736775,ours,cp_when,experiments_logs/analysis_recent/when_what_policy_ablation_20260921/00_raw/tomato/scene_04/ours/run_32_seed_3372736775/exp_tomato_20260921_014056_261241.txt,experiments_logs/analysis_recent/when_what_policy_ablation_20260921/00_raw/tomato/scene_04/cp_when/run_32_seed_3372736775/exp_tomato_20260922_001121_951907.txt,1,0,8.0,-1.0,-33.3453,10.0
tomato,04,3386497120,ours,cp_when,experiments_logs/analysis_recent/when_what_policy_ablation_20260921/00_raw/tomato/scene_04/ours/run_33_seed_3386497120/exp_tomato_20260921_014058_058099.txt,experiments_logs/analysis_recent/when_what_policy_ablation_20260921/00_raw/tomato/scene_04/cp_when/run_33_seed_3386497120/exp_tomato_20260922_001201_978314.txt,1,1,5.0,1.0,-38.169599999999996,0.0
tomato,04,3614412854,ours,cp_when,experiments_logs/analysis_recent/when_what_policy_ablation_20260921/00_raw/tomato/scene_04/ours/run_03_seed_3614412854/exp_tomato_20260921_014001_715995.txt,experiments_logs/analysis_recent/when_what_policy_ablation_20260921/00_raw/tomato/scene_04/cp_when/run_03_seed_3614412854/exp_tomato_20260921_235340_910424.txt,1,1,7.0,1.0,-37.5515,0.0
tomato,04,3661502133,ours,cp_when,experiments_logs/analysis_recent/when_what_policy_ablation_20260921/00_raw/tomato/scene_04/ours/run_07_seed_3661502133/exp_tomato_20260921_014016_068265.txt,experiments_logs/analysis_recent/when_what_policy_ablation_20260921/00_raw/tomato/scene_04/cp_when/run_07_seed_3661502133/exp_tomato_20260921_235654_780252.txt,0,1,0.0,32.0,-41.0064,-195.0
tomato,04,3712541616,ours,cp_when,experiments_logs/analysis_recent/when_what_policy_ablation_20260921/00_raw/tomato/scene_04/ours/run_16_seed_3712541616/exp_tomato_20260921_014030_156737.txt,experiments_logs/analysis_recent/when_what_policy_ablation_20260921/00_raw/tomato/scene_04/cp_when/run_16_seed_3712541616/exp_tomato_20260922_000215_028457.txt,1,1,6.0,0.0,-32.567299999999996,0.0
tomato,04,3815955531,ours,cp_when,experiments_logs/analysis_recent/when_what_policy_ablation_20260921/00_raw/tomato/scene_04/ours/run_13_seed_3815955531/exp_tomato_20260921_014025_397344.txt,experiments_logs/analysis_recent/when_what_policy_ablation_20260921/00_raw/tomato/scene_04/cp_when/run_13_seed_3815955531/exp_tomato_20260922_000013_599700.txt,1,0,8.0,9.0,-9.850999999999999,30.0
tomato,04,3931316609,ours,cp_when,experiments_logs/analysis_recent/when_what_policy_ablation_20260921/00_raw/tomato/scene_04/ours/run_39_seed_3931316609/exp_tomato_20260921_014108_479919.txt,experiments_logs/analysis_recent/when_what_policy_ablation_20260921/00_raw/tomato/scene_04/cp_when/run_39_seed_3931316609/exp_tomato_20260922_001505_064321.txt,1,1,5.0,-1.0,-39.5368,0.0
tomato,04,3948166740,ours,cp_when,experiments_logs/analysis_recent/when_what_policy_ablation_20260921/00_raw/tomato/scene_04/ours/run_18_seed_3948166740/exp_tomato_20260921_014033_521605.txt,experiments_logs/analysis_recent/when_what_policy_ablation_20260921/00_raw/tomato/scene_04/cp_when/run_18_seed_3948166740/exp_tomato_20260922_000347_340347.txt,1,0,8.0,1.0,-39.3997,10.0
tomato,04,442300768,ours,cp_when,experiments_logs/analysis_recent/when_what_policy_ablation_20260921/00_raw/tomato/scene_04/ours/run_06_seed_442300768/exp_tomato_20260921_014006_609985.txt,experiments_logs/analysis_recent/when_what_policy_ablation_20260921/00_raw/tomato/scene_04/cp_when/run_06_seed_442300768/exp_tomato_20260921_235604_244024.txt,1,1,6.0,0.0,-31.925800000000002,0.0
tomato,04,56491935,ours,cp_when,experiments_logs/analysis_recent/when_what_policy_ablation_20260921/00_raw/tomato/scene_04/ours/run_21_seed_56491935/exp_tomato_20260921_014038_894924.txt,experiments_logs/analysis_recent/when_what_policy_ablation_20260921/00_raw/tomato/scene_04/cp_when/run_21_seed_56491935/exp_tomato_20260922_000455_418169.txt,1,1,6.0,0.0,-35.9786,0.0
tomato,04,712937450,ours,cp_when,experiments_logs/analysis_recent/when_what_policy_ablation_20260921/00_raw/tomato/scene_04/ours/run_02_seed_712937450/exp_tomato_20260921_014000_078070.txt,experiments_logs/analysis_recent/when_what_policy_ablation_20260921/00_raw/tomato/scene_04/cp_when/run_02_seed_712937450/exp_tomato_20260921_235301_655555.txt,1,1,6.0,0.0,-28.1655,0.0
tomato,04,740609622,ours,cp_when,experiments_logs/analysis_recent/when_what_policy_ablation_20260921/00_raw/tomato/scene_04/ours/run_24_seed_740609622/exp_tomato_20260921_014043_558710.txt,experiments_logs/analysis_recent/when_what_policy_ablation_20260921/00_raw/tomato/scene_04/cp_when/run_24_seed_740609622/exp_tomato_20260922_000642_854472.txt,1,0,11.0,6.0,-27.1273,20.0
tomato,05,1042830735,ours,cp_when,experiments_logs/analysis_recent/when_what_policy_ablation_20260921/00_raw/tomato/scene_05/ours/run_39_seed_1042830735/exp_tomato_20260921_014220_170594.txt,experiments_logs/analysis_recent/when_what_policy_ablation_20260921/00_raw/tomato/scene_05/cp_when/run_39_seed_1042830735/exp_tomato_20260922_003829_764333.txt,1,0,8.0,10.0,-11.5615,30.0
tomato,05,1101473435,ours,cp_when,experiments_logs/analysis_recent/when_what_policy_ablation_20260921/00_raw/tomato/scene_05/ours/run_36_seed_1101473435/exp_tomato_20260921_014215_507065.txt,experiments_logs/analysis_recent/when_what_policy_ablation_20260921/00_raw/tomato/scene_05/cp_when/run_36_seed_1101473435/exp_tomato_20260922_003707_706229.txt,1,1,7.0,-1.0,-35.132799999999996,0.0
tomato,05,1127296088,ours,cp_when,experiments_logs/analysis_recent/when_what_policy_ablation_20260921/00_raw/tomato/scene_05/ours/run_24_seed_1127296088/exp_tomato_20260921_014155_283881.txt,experiments_logs/analysis_recent/when_what_policy_ablation_20260921/00_raw/tomato/scene_05/cp_when/run_24_seed_1127296088/exp_tomato_20260922_003041_719946.txt,1,1,4.0,-1.0,-31.560000000000002,0.0
tomato,05,1196215500,ours,cp_when,experiments_logs/analysis_recent/when_what_policy_ablation_20260921/00_raw/tomato/scene_05/ours/run_27_seed_1196215500/exp_tomato_20260921_014201_397845.txt,experiments_logs/analysis_recent/when_what_policy_ablation_20260921/00_raw/tomato/scene_05/cp_when/run_27_seed_1196215500/exp_tomato_20260922_003235_511601.txt,1,1,5.0,3.0,-41.404,-15.0
tomato,05,1271340849,ours,cp_when,experiments_logs/analysis_recent/when_what_policy_ablation_20260921/00_raw/tomato/scene_05/ours/run_26_seed_1271340849/exp_tomato_20260921_014158_523099.txt,experiments_logs/analysis_recent/when_what_policy_ablation_20260921/00_raw/tomato/scene_05/cp_when/run_26_seed_1271340849/exp_tomato_20260922_003151_171917.txt,1,0,5.0,3.0,-31.100499999999997,10.0
tomato,05,1573496301,ours,cp_when,experiments_logs/analysis_recent/when_what_policy_ablation_20260921/00_raw/tomato/scene_05/ours/run_19_seed_1573496301/exp_tomato_20260921_014147_602593.txt,experiments_logs/analysis_recent/when_what_policy_ablation_20260921/00_raw/tomato/scene_05/cp_when/run_19_seed_1573496301/exp_tomato_20260922_002640_945434.txt,1,1,6.0,0.0,-26.7268,0.0
tomato,05,1584111328,ours,cp_when,experiments_logs/analysis_recent/when_what_policy_ablation_20260921/00_raw/tomato/scene_05/ours/run_16_seed_1584111328/exp_tomato_20260921_014143_024386.txt,experiments_logs/analysis_recent/when_what_policy_ablation_20260921/00_raw/tomato/scene_05/cp_when/run_16_seed_1584111328/exp_tomato_20260922_002500_038683.txt,1,1,7.0,-1.0,-35.3054,0.0
tomato,05,1691996467,ours,cp_when,experiments_logs/analysis_recent/when_what_policy_ablation_20260921/00_raw/tomato/scene_05/ours/run_06_seed_1691996467/exp_tomato_20260921_014127_237707.txt,experiments_logs/analysis_recent/when_what_policy_ablation_20260921/00_raw/tomato/scene_05/cp_when/run_06_seed_1691996467/exp_tomato_20260922_001939_065940.txt,0,1,1.0,36.0,-30.7802,-190.0
tomato,05,1746555867,ours,cp_when,experiments_logs/analysis_recent/when_what_policy_ablation_20260921/00_raw/tomato/scene_05/ours/run_04_seed_1746555867/exp_tomato_20260921_014116_351614.txt,experiments_logs/analysis_recent/when_what_policy_ablation_20260921/00_raw/tomato/scene_05/cp_when/run_04_seed_1746555867/exp_tomato_20260922_001826_940229.txt,1,1,5.0,0.0,-35.2639,0.0
tomato,05,179847475,ours,cp_when,experiments_logs/analysis_recent/when_what_policy_ablation_20260921/00_raw/tomato/scene_05/ours/run_10_seed_179847475/exp_tomato_20260921_014133_353979.txt,experiments_logs/analysis_recent/when_what_policy_ablation_20260921/00_raw/tomato/scene_05/cp_when/run_10_seed_179847475/exp_tomato_20260922_002127_657216.txt,1,1,5.0,0.0,-29.8737,0.0
tomato,05,1896365895,ours,cp_when,experiments_logs/analysis_recent/when_what_policy_ablation_20260921/00_raw/tomato/scene_05/ours/run_21_seed_1896365895/exp_tomato_20260921_014150_833436.txt,experiments_logs/analysis_recent/when_what_policy_ablation_20260921/00_raw/tomato/scene_05/cp_when/run_21_seed_1896365895/exp_tomato_20260922_002726_454432.txt,1,1,6.0,1.0,-33.4838,0.0
tomato,05,1985644872,ours,cp_when,experiments_logs/analysis_recent/when_what_policy_ablation_20260921/00_raw/tomato/scene_05/ours/run_34_seed_1985644872/exp_tomato_20260921_014212_373856.txt,experiments_logs/analysis_recent/when_what_policy_ablation_20260921/00_raw/tomato/scene_05/cp_when/run_34_seed_1985644872/exp_tomato_20260922_003601_667372.txt,1,1,6.0,0.0,-30.927,0.0
tomato,05,2082077157,ours,cp_when,experiments_logs/analysis_recent/when_what_policy_ablation_20260921/00_raw/tomato/scene_05/ours/run_15_seed_2082077157/exp_tomato_20260921_014141_357175.txt,experiments_logs/analysis_recent/when_what_policy_ablation_20260921/00_raw/tomato/scene_05/cp_when/run_15_seed_2082077157/exp_tomato_20260922_002422_993860.txt,1,0,5.0,3.0,-23.2148,20.0
tomato,05,2128654182,ours,cp_when,experiments_logs/analysis_recent/when_what_policy_ablation_20260921/00_raw/tomato/scene_05/ours/run_22_seed_2128654182/exp_tomato_20260921_014152_363099.txt,experiments_logs/analysis_recent/when_what_policy_ablation_20260921/00_raw/tomato/scene_05/cp_when/run_22_seed_2128654182/exp_tomato_20260922_002809_322861.txt,1,1,6.0,-4.0,-41.2628,0.0
tomato,05,2141224597,ours,cp_when,experiments_logs/analysis_recent/when_what_policy_ablation_20260921/00_raw/tomato/scene_05/ours/run_11_seed_2141224597/exp_tomato_20260921_014134_882925.txt,experiments_logs/analysis_recent/when_what_policy_ablation_20260921/00_raw/tomato/scene_05/cp_when/run_11_seed_2141224597/exp_tomato_20260922_002156_441414.txt,1,1,9.0,0.0,-27.1871,0.0
tomato,05,2222584418,ours,cp_when,experiments_logs/analysis_recent/when_what_policy_ablation_20260921/00_raw/tomato/scene_05/ours/run_18_seed_2222584418/exp_tomato_20260921_014146_132341.txt,experiments_logs/analysis_recent/when_what_policy_ablation_20260921/00_raw/tomato/scene_05/cp_when/run_18_seed_2222584418/exp_tomato_20260922_002612_671444.txt,1,1,9.0,0.0,-29.1963,0.0
tomato,05,2231101089,ours,cp_when,experiments_logs/analysis_recent/when_what_policy_ablation_20260921/00_raw/tomato/scene_05/ours/run_30_seed_2231101089/exp_tomato_20260921_014206_086157.txt,experiments_logs/analysis_recent/when_what_policy_ablation_20260921/00_raw/tomato/scene_05/cp_when/run_30_seed_2231101089/exp_tomato_20260922_003357_566567.txt,1,1,5.0,0.0,-34.6699,0.0
tomato,05,259038599,ours,cp_when,experiments_logs/analysis_recent/when_what_policy_ablation_20260921/00_raw/tomato/scene_05/ours/run_02_seed_259038599/exp_tomato_20260921_014113_118794.txt,experiments_logs/analysis_recent/when_what_policy_ablation_20260921/00_raw/tomato/scene_05/cp_when/run_02_seed_259038599/exp_tomato_20260922_001712_785962.txt,1,1,8.0,0.0,-29.2737,0.0
tomato,05,2591322916,ours,cp_when,experiments_logs/analysis_recent/when_what_policy_ablation_20260921/00_raw/tomato/scene_05/ours/run_14_seed_2591322916/exp_tomato_20260921_014139_904717.txt,experiments_logs/analysis_recent/when_what_policy_ablation_20260921/00_raw/tomato/scene_05/cp_when/run_14_seed_2591322916/exp_tomato_20260922_002358_255358.txt,1,1,2.0,-4.0,-44.7154,0.0
tomato,05,2654066318,ours,cp_when,experiments_logs/analysis_recent/when_what_policy_ablation_20260921/00_raw/tomato/scene_05/ours/run_07_seed_2654066318/exp_tomato_20260921_014128_726039.txt,experiments_logs/analysis_recent/when_what_policy_ablation_20260921/00_raw/tomato/scene_05/cp_when/run_07_seed_2654066318/exp_tomato_20260922_002007_552252.txt,1,1,6.0,0.0,-26.9317,0.0
tomato,05,28332744,ours,cp_when,experiments_logs/analysis_recent/when_what_policy_ablation_20260921/00_raw/tomato/scene_05/ours/run_31_seed_28332744/exp_tomato_20260921_014207_765167.txt,experiments_logs/analysis_recent/when_what_policy_ablation_20260921/00_raw/tomato/scene_05/cp_when/run_31_seed_28332744/exp_tomato_20260922_003421_093047.txt,1,0,9.0,5.0,-21.8047,15.0
tomato,05,2883494985,ours,cp_when,experiments_logs/analysis_recent/when_what_policy_ablation_20260921/00_raw/tomato/scene_05/ours/run_17_seed_2883494985/exp_tomato_20260921_014144_492823.txt,experiments_logs/analysis_recent/when_what_policy_ablation_20260921/00_raw/tomato/scene_05/cp_when/run_17_seed_2883494985/exp_tomato_20260922_002541_768538.txt,1,1,3.0,-4.0,-40.2018,0.0
tomato,05,2898963405,ours,cp_when,experiments_logs/analysis_recent/when_what_policy_ablation_20260921/00_raw/tomato/scene_05/ours/run_03_seed_2898963405/exp_tomato_20260921_014114_782258.txt,experiments_logs/analysis_recent/when_what_policy_ablation_20260921/00_raw/tomato/scene_05/cp_when/run_03_seed_2898963405/exp_tomato_20260922_001750_049476.txt,1,1,6.0,0.0,-35.5471,0.0
tomato,05,3034198474,ours,cp_when,experiments_logs/analysis_recent/when_what_policy_ablation_20260921/00_raw/tomato/scene_05/ours/run_40_seed_3034198474/exp_tomato_20260921_014221_642697.txt,experiments_logs/analysis_recent/when_what_policy_ablation_20260921/00_raw/tomato/scene_05/cp_when/run_40_seed_3034198474/exp_tomato_20260922_003904_162347.txt,1,0,7.0,0.0,-32.8741,10.0
tomato,05,346784313,ours,cp_when,experiments_logs/analysis_recent/when_what_policy_ablation_20260921/00_raw/tomato/scene_05/ours/run_25_seed_346784313/exp_tomato_20260921_014156_897695.txt,experiments_logs/analysis_recent/when_what_policy_ablation_20260921/00_raw/tomato/scene_05/cp_when/run_25_seed_346784313/exp_tomato_20260922_003118_374307.txt,1,1,6.0,-1.0,-34.9752,0.0
tomato,05,3471226395,ours,cp_when,experiments_logs/analysis_recent/when_what_policy_ablation_20260921/00_raw/tomato/scene_05/ours/run_23_seed_3471226395/exp_tomato_20260921_014153_809007.txt,experiments_logs/analysis_recent/when_what_policy_ablation_20260921/00_raw/tomato/scene_05/cp_when/run_23_seed_3471226395/exp_tomato_20260922_003008_624997.txt,1,0,1.0,-37.0,-117.7802,150.0
tomato,05,3594782946,ours,cp_when,experiments_logs/analysis_recent/when_what_policy_ablation_20260921/00_raw/tomato/scene_05/ours/run_28_seed_3594782946/exp_tomato_20260921_014203_005905.txt,experiments_logs/analysis_recent/when_what_policy_ablation_20260921/00_raw/tomato/scene_05/cp_when/run_28_seed_3594782946/exp_tomato_20260922_003309_949623.txt,1,1,5.0,0.0,-32.765499999999996,0.0
tomato,05,3637968608,ours,cp_when,experiments_logs/analysis_recent/when_what_policy_ablation_20260921/00_raw/tomato/scene_05/ours/run_33_seed_3637968608/exp_tomato_20260921_014210_892241.txt,experiments_logs/analysis_recent/when_what_policy_ablation_20260921/00_raw/tomato/scene_05/cp_when/run_33_seed_3637968608/exp_tomato_20260922_003529_183476.txt,1,1,6.0,0.0,-38.0507,0.0
tomato,05,3696024021,ours,cp_when,experiments_logs/analysis_recent/when_what_policy_ablation_20260921/00_raw/tomato/scene_05/ours/run_37_seed_3696024021/exp_tomato_20260921_014217_028281.txt,experiments_logs/analysis_recent/when_what_policy_ablation_20260921/00_raw/tomato/scene_05/cp_when/run_37_seed_3696024021/exp_tomato_20260922_003736_632494.txt,1,1,6.0,1.0,-27.3357,0.0
tomato,05,3850832736,ours,cp_when,experiments_logs/analysis_recent/when_what_policy_ablation_20260921/00_raw/tomato/scene_05/ours/run_20_seed_3850832736/exp_tomato_20260921_014149_260385.txt,experiments_logs/analysis_recent/when_what_policy_ablation_20260921/00_raw/tomato/scene_05/cp_when/run_20_seed_3850832736/exp_tomato_20260922_002651_323494.txt,1,0,11.0,10.0,-8.6552,30.0
tomato,05,3869246695,ours,cp_when,experiments_logs/analysis_recent/when_what_policy_ablation_20260921/00_raw/tomato/scene_05/ours/run_29_seed_3869246695/exp_tomato_20260921_014204_490816.txt,experiments_logs/analysis_recent/when_what_policy_ablation_20260921/00_raw/tomato/scene_05/cp_when/run_29_seed_3869246695/exp_tomato_20260922_003321_252780.txt,1,0,10.0,8.0,-9.767700000000001,30.0
tomato,05,3873493540,ours,cp_when,experiments_logs/analysis_recent/when_what_policy_ablation_20260921/00_raw/tomato/scene_05/ours/run_12_seed_3873493540/exp_tomato_20260921_014136_484016.txt,experiments_logs/analysis_recent/when_what_policy_ablation_20260921/00_raw/tomato/scene_05/cp_when/run_12_seed_3873493540/exp_tomato_20260922_002234_946028.txt,1,0,6.0,-1.0,-36.8424,10.0
tomato,05,3945754139,ours,cp_when,experiments_logs/analysis_recent/when_what_policy_ablation_20260921/00_raw/tomato/scene_05/ours/run_01_seed_3945754139/exp_tomato_20260921_014111_515811.txt,experiments_logs/analysis_recent/when_what_policy_ablation_20260921/00_raw/tomato/scene_05/cp_when/run_01_seed_3945754139/exp_tomato_20260922_001641_840574.txt,1,0,0.0,-5.0,-48.6671,10.0
tomato,05,4191848859,ours,cp_when,experiments_logs/analysis_recent/when_what_policy_ablation_20260921/00_raw/tomato/scene_05/ours/run_38_seed_4191848859/exp_tomato_20260921_014218_551769.txt,experiments_logs/analysis_recent/when_what_policy_ablation_20260921/00_raw/tomato/scene_05/cp_when/run_38_seed_4191848859/exp_tomato_20260922_003816_512255.txt,1,1,2.0,0.0,-38.2768,0.0
tomato,05,444653586,ours,cp_when,experiments_logs/analysis_recent/when_what_policy_ablation_20260921/00_raw/tomato/scene_05/ours/run_13_seed_444653586/exp_tomato_20260921_014138_411585.txt,experiments_logs/analysis_recent/when_what_policy_ablation_20260921/00_raw/tomato/scene_05/cp_when/run_13_seed_444653586/exp_tomato_20260922_002311_990109.txt,1,1,2.0,0.0,-35.0486,0.0
tomato,05,589229374,ours,cp_when,experiments_logs/analysis_recent/when_what_policy_ablation_20260921/00_raw/tomato/scene_05/ours/run_35_seed_589229374/exp_tomato_20260921_014213_979802.txt,experiments_logs/analysis_recent/when_what_policy_ablation_20260921/00_raw/tomato/scene_05/cp_when/run_35_seed_589229374/exp_tomato_20260922_003630_967991.txt,1,0,10.0,1.0,-27.6282,10.0
tomato,05,715972481,ours,cp_when,experiments_logs/analysis_recent/when_what_policy_ablation_20260921/00_raw/tomato/scene_05/ours/run_08_seed_715972481/exp_tomato_20260921_014130_224109.txt,experiments_logs/analysis_recent/when_what_policy_ablation_20260921/00_raw/tomato/scene_05/cp_when/run_08_seed_715972481/exp_tomato_20260922_002024_259991.txt,1,0,5.0,6.0,-15.1558,20.0
tomato,05,794861334,ours,cp_when,experiments_logs/analysis_recent/when_what_policy_ablation_20260921/00_raw/tomato/scene_05/ours/run_09_seed_794861334/exp_tomato_20260921_014131_859102.txt,experiments_logs/analysis_recent/when_what_policy_ablation_20260921/00_raw/tomato/scene_05/cp_when/run_09_seed_794861334/exp_tomato_20260922_002056_234396.txt,1,1,7.0,0.0,-30.278399999999998,0.0
tomato,05,815541928,ours,cp_when,experiments_logs/analysis_recent/when_what_policy_ablation_20260921/00_raw/tomato/scene_05/ours/run_32_seed_815541928/exp_tomato_20260921_014209_294091.txt,experiments_logs/analysis_recent/when_what_policy_ablation_20260921/00_raw/tomato/scene_05/cp_when/run_32_seed_815541928/exp_tomato_20260922_003449_475211.txt,1,1,5.0,0.0,-26.8034,0.0
tomato,05,879805946,ours,cp_when,experiments_logs/analysis_recent/when_what_policy_ablation_20260921/00_raw/tomato/scene_05/ours/run_05_seed_879805946/exp_tomato_20260921_014117_990969.txt,experiments_logs/analysis_recent/when_what_policy_ablation_20260921/00_raw/tomato/scene_05/cp_when/run_05_seed_879805946/exp_tomato_20260922_001858_981740.txt,1,0,7.0,0.0,-30.348000000000003,10.0
tomato,01,1025671343,ours,value_when,experiments_logs/analysis_recent/when_what_policy_ablation_20260921/00_raw/tomato/scene_01/ours/run_40_seed_1025671343/exp_tomato_20260921_013741_685598.txt,experiments_logs/analysis_recent/when_what_policy_ablation_20260921/00_raw/tomato/scene_01/value_when/run_40_seed_1025671343/exp_tomato_20260921_213418_474659.txt,1,0,6.0,0.0,-1.9361000000000002,10.0
tomato,01,1084618528,ours,value_when,experiments_logs/analysis_recent/when_what_policy_ablation_20260921/00_raw/tomato/scene_01/ours/run_33_seed_1084618528/exp_tomato_20260921_013729_333914.txt,experiments_logs/analysis_recent/when_what_policy_ablation_20260921/00_raw/tomato/scene_01/value_when/run_33_seed_1084618528/exp_tomato_20260921_213402_673831.txt,1,1,5.0,-4.0,-2.5261,0.0
tomato,01,1201029111,ours,value_when,experiments_logs/analysis_recent/when_what_policy_ablation_20260921/00_raw/tomato/scene_01/ours/run_08_seed_1201029111/exp_tomato_20260921_013641_435969.txt,experiments_logs/analysis_recent/when_what_policy_ablation_20260921/00_raw/tomato/scene_01/value_when/run_08_seed_1201029111/exp_tomato_20260921_213257_038718.txt,1,0,8.0,6.0,-0.013500000000000068,30.0
tomato,01,1233339309,ours,value_when,experiments_logs/analysis_recent/when_what_policy_ablation_20260921/00_raw/tomato/scene_01/ours/run_27_seed_1233339309/exp_tomato_20260921_013712_009541.txt,experiments_logs/analysis_recent/when_what_policy_ablation_20260921/00_raw/tomato/scene_01/value_when/run_27_seed_1233339309/exp_tomato_20260921_213337_957275.txt,1,0,9.0,9.0,0.5795,30.0
tomato,01,1273020582,ours,value_when,experiments_logs/analysis_recent/when_what_policy_ablation_20260921/00_raw/tomato/scene_01/ours/run_03_seed_1273020582/exp_tomato_20260921_013632_758665.txt,experiments_logs/analysis_recent/when_what_policy_ablation_20260921/00_raw/tomato/scene_01/value_when/run_03_seed_1273020582/exp_tomato_20260921_213245_682138.txt,1,0,7.0,0.0,-1.5431000000000001,10.0
tomato,01,1649478604,ours,value_when,experiments_logs/analysis_recent/when_what_policy_ablation_20260921/00_raw/tomato/scene_01/ours/run_25_seed_1649478604/exp_tomato_20260921_013708_744424.txt,experiments_logs/analysis_recent/when_what_policy_ablation_20260921/00_raw/tomato/scene_01/value_when/run_25_seed_1649478604/exp_tomato_20260921_213334_502923.txt,1,1,9.0,-1.0,-1.9937999999999998,0.0
tomato,01,1911303750,ours,value_when,experiments_logs/analysis_recent/when_what_policy_ablation_20260921/00_raw/tomato/scene_01/ours/run_06_seed_1911303750/exp_tomato_20260921_013638_056538.txt,experiments_logs/analysis_recent/when_what_policy_ablation_20260921/00_raw/tomato/scene_01/value_when/run_06_seed_1911303750/exp_tomato_20260921_213252_520105.txt,1,1,7.0,0.0,-1.5694,0.0
tomato,01,2027029533,ours,value_when,experiments_logs/analysis_recent/when_what_policy_ablation_20260921/00_raw/tomato/scene_01/ours/run_17_seed_2027029533/exp_tomato_20260921_013656_248721.txt,experiments_logs/analysis_recent/when_what_policy_ablation_20260921/00_raw/tomato/scene_01/value_when/run_17_seed_2027029533/exp_tomato_20260921_213316_527864.txt,1,0,6.0,10.0,0.5137999999999999,30.0
tomato,01,2030859206,ours,value_when,experiments_logs/analysis_recent/when_what_policy_ablation_20260921/00_raw/tomato/scene_01/ours/run_01_seed_2030859206/exp_tomato_20260921_013629_645526.txt,experiments_logs/analysis_recent/when_what_policy_ablation_20260921/00_raw/tomato/scene_01/value_when/run_01_seed_2030859206/exp_tomato_20260921_213240_345892.txt,1,0,6.0,10.0,0.6124,30.0
tomato,01,217537032,ours,value_when,experiments_logs/analysis_recent/when_what_policy_ablation_20260921/00_raw/tomato/scene_01/ours/run_22_seed_217537032/exp_tomato_20260921_013704_174164.txt,experiments_logs/analysis_recent/when_what_policy_ablation_20260921/00_raw/tomato/scene_01/value_when/run_22_seed_217537032/exp_tomato_20260921_213326_238499.txt,1,0,13.0,10.0,0.387,30.0
tomato,01,2204152357,ours,value_when,experiments_logs/analysis_recent/when_what_policy_ablation_20260921/00_raw/tomato/scene_01/ours/run_26_seed_2204152357/exp_tomato_20260921_013710_360620.txt,experiments_logs/analysis_recent/when_what_policy_ablation_20260921/00_raw/tomato/scene_01/value_when/run_26_seed_2204152357/exp_tomato_20260921_213337_267434.txt,1,1,8.0,0.0,-1.5130000000000001,0.0
tomato,01,2222960263,ours,value_when,experiments_logs/analysis_recent/when_what_policy_ablation_20260921/00_raw/tomato/scene_01/ours/run_02_seed_2222960263/exp_tomato_20260921_013631_172555.txt,experiments_logs/analysis_recent/when_what_policy_ablation_20260921/00_raw/tomato/scene_01/value_when/run_02_seed_2222960263/exp_tomato_20260921_213242_923454.txt,1,0,5.0,0.0,-1.4294000000000002,10.0
tomato,01,2508123787,ours,value_when,experiments_logs/analysis_recent/when_what_policy_ablation_20260921/00_raw/tomato/scene_01/ours/run_10_seed_2508123787/exp_tomato_20260921_013644_670038.txt,experiments_logs/analysis_recent/when_what_policy_ablation_20260921/00_raw/tomato/scene_01/value_when/run_10_seed_2508123787/exp_tomato_20260921_213301_524290.txt,1,0,6.0,4.0,-0.3892000000000002,10.0
tomato,01,2607182153,ours,value_when,experiments_logs/analysis_recent/when_what_policy_ablation_20260921/00_raw/tomato/scene_01/ours/run_36_seed_2607182153/exp_tomato_20260921_013734_064381.txt,experiments_logs/analysis_recent/when_what_policy_ablation_20260921/00_raw/tomato/scene_01/value_when/run_36_seed_2607182153/exp_tomato_20260921_213407_375638.txt,1,1,7.0,-1.0,-1.9135,0.0
tomato,01,2698243041,ours,value_when,experiments_logs/analysis_recent/when_what_policy_ablation_20260921/00_raw/tomato/scene_01/ours/run_05_seed_2698243041/exp_tomato_20260921_013636_396936.txt,experiments_logs/analysis_recent/when_what_policy_ablation_20260921/00_raw/tomato/scene_01/value_when/run_05_seed_2698243041/exp_tomato_20260921_213249_657623.txt,1,1,8.0,0.0,-1.6766,0.0
tomato,01,2741500852,ours,value_when,experiments_logs/analysis_recent/when_what_policy_ablation_20260921/00_raw/tomato/scene_01/ours/run_11_seed_2741500852/exp_tomato_20260921_013646_461755.txt,experiments_logs/analysis_recent/when_what_policy_ablation_20260921/00_raw/tomato/scene_01/value_when/run_11_seed_2741500852/exp_tomato_20260921_213302_371183.txt,1,0,9.0,10.0,0.5659,30.0
tomato,01,3008854274,ours,value_when,experiments_logs/analysis_recent/when_what_policy_ablation_20260921/00_raw/tomato/scene_01/ours/run_38_seed_3008854274/exp_tomato_20260921_013737_631876.txt,experiments_logs/analysis_recent/when_what_policy_ablation_20260921/00_raw/tomato/scene_01/value_when/run_38_seed_3008854274/exp_tomato_20260921_213413_389289.txt,1,1,10.0,0.0,-1.6382,0.0
tomato,01,3049697230,ours,value_when,experiments_logs/analysis_recent/when_what_policy_ablation_20260921/00_raw/tomato/scene_01/ours/run_15_seed_3049697230/exp_tomato_20260921_013652_903895.txt,experiments_logs/analysis_recent/when_what_policy_ablation_20260921/00_raw/tomato/scene_01/value_when/run_15_seed_3049697230/exp_tomato_20260921_213314_669406.txt,1,1,6.0,0.0,-1.8513999999999997,0.0
tomato,01,311025495,ours,value_when,experiments_logs/analysis_recent/when_what_policy_ablation_20260921/00_raw/tomato/scene_01/ours/run_20_seed_311025495/exp_tomato_20260921_013700_948247.txt,experiments_logs/analysis_recent/when_what_policy_ablation_20260921/00_raw/tomato/scene_01/value_when/run_20_seed_311025495/exp_tomato_20260921_213322_451255.txt,1,1,7.0,0.0,-1.5757,0.0
tomato,01,323427982,ours,value_when,experiments_logs/analysis_recent/when_what_policy_ablation_20260921/00_raw/tomato/scene_01/ours/run_19_seed_323427982/exp_tomato_20260921_013659_373934.txt,experiments_logs/analysis_recent/when_what_policy_ablation_20260921/00_raw/tomato/scene_01/value_when/run_19_seed_323427982/exp_tomato_20260921_213319_670566.txt,1,1,5.0,0.0,-1.3831000000000002,0.0
tomato,01,3325784884,ours,value_when,experiments_logs/analysis_recent/when_what_policy_ablation_20260921/00_raw/tomato/scene_01/ours/run_30_seed_3325784884/exp_tomato_20260921_013724_702826.txt,experiments_logs/analysis_recent/when_what_policy_ablation_20260921/00_raw/tomato/scene_01/value_when/run_30_seed_3325784884/exp_tomato_20260921_213353_625421.txt,0,0,7.0,0.0,-1.138300000000001,0.0
tomato,01,3357973338,ours,value_when,experiments_logs/analysis_recent/when_what_policy_ablation_20260921/00_raw/tomato/scene_01/ours/run_28_seed_3357973338/exp_tomato_20260921_013713_644827.txt,experiments_logs/analysis_recent/when_what_policy_ablation_20260921/00_raw/tomato/scene_01/value_when/run_28_seed_3357973338/exp_tomato_20260921_213340_722809.txt,1,1,9.0,0.0,-1.5022,0.0
tomato,01,3373062200,ours,value_when,experiments_logs/analysis_recent/when_what_policy_ablation_20260921/00_raw/tomato/scene_01/ours/run_39_seed_3373062200/exp_tomato_20260921_013739_850947.txt,experiments_logs/analysis_recent/when_what_policy_ablation_20260921/00_raw/tomato/scene_01/value_when/run_39_seed_3373062200/exp_tomato_20260921_213415_078064.txt,1,0,5.0,8.0,0.14890000000000003,10.0
tomato,01,338448945,ours,value_when,experiments_logs/analysis_recent/when_what_policy_ablation_20260921/00_raw/tomato/scene_01/ours/run_37_seed_338448945/exp_tomato_20260921_013735_732148.txt,experiments_logs/analysis_recent/when_what_policy_ablation_20260921/00_raw/tomato/scene_01/value_when/run_37_seed_338448945/exp_tomato_20260921_213410_232262.txt,1,1,9.0,0.0,-1.5737999999999999,0.0
tomato,01,3389846695,ours,value_when,experiments_logs/analysis_recent/when_what_policy_ablation_20260921/00_raw/tomato/scene_01/ours/run_09_seed_3389846695/exp_tomato_20260921_013643_028131.txt,experiments_logs/analysis_recent/when_what_policy_ablation_20260921/00_raw/tomato/scene_01/value_when/run_09_seed_3389846695/exp_tomato_20260921_213259_861338.txt,1,0,9.0,0.0,-1.6063,10.0
tomato,01,3466707993,ours,value_when,experiments_logs/analysis_recent/when_what_policy_ablation_20260921/00_raw/tomato/scene_01/ours/run_24_seed_3466707993/exp_tomato_20260921_013707_140488.txt,experiments_logs/analysis_recent/when_what_policy_ablation_20260921/00_raw/tomato/scene_01/value_when/run_24_seed_3466707993/exp_tomato_20260921_213331_273827.txt,1,1,7.0,0.0,-1.437,0.0
tomato,01,3638621671,ours,value_when,experiments_logs/analysis_recent/when_what_policy_ablation_20260921/00_raw/tomato/scene_01/ours/run_32_seed_3638621671/exp_tomato_20260921_013727_898251.txt,experiments_logs/analysis_recent/when_what_policy_ablation_20260921/00_raw/tomato/scene_01/value_when/run_32_seed_3638621671/exp_tomato_20260921_213359_079439.txt,1,1,12.0,0.0,-1.7588000000000001,0.0
tomato,01,3649707942,ours,value_when,experiments_logs/analysis_recent/when_what_policy_ablation_20260921/00_raw/tomato/scene_01/ours/run_29_seed_3649707942/exp_tomato_20260921_013715_132563.txt,experiments_logs/analysis_recent/when_what_policy_ablation_20260921/00_raw/tomato/scene_01/value_when/run_29_seed_3649707942/exp_tomato_20260921_213343_281052.txt,1,1,5.0,0.0,-1.4571999999999998,0.0
tomato,01,3736902642,ours,value_when,experiments_logs/analysis_recent/when_what_policy_ablation_20260921/00_raw/tomato/scene_01/ours/run_18_seed_3736902642/exp_tomato_20260921_013657_898170.txt,experiments_logs/analysis_recent/when_what_policy_ablation_20260921/00_raw/tomato/scene_01/value_when/run_18_seed_3736902642/exp_tomato_20260921_213317_192989.txt,1,0,9.0,11.0,0.6095000000000002,30.0
tomato,01,3877458541,ours,value_when,experiments_logs/analysis_recent/when_what_policy_ablation_20260921/00_raw/tomato/scene_01/ours/run_31_seed_3877458541/exp_tomato_20260921_013726_229856.txt,experiments_logs/analysis_recent/when_what_policy_ablation_20260921/00_raw/tomato/scene_01/value_when/run_31_seed_3877458541/exp_tomato_20260921_213356_023489.txt,1,1,6.0,0.0,-1.254,0.0
tomato,01,4028845444,ours,value_when,experiments_logs/analysis_recent/when_what_policy_ablation_20260921/00_raw/tomato/scene_01/ours/run_35_seed_4028845444/exp_tomato_20260921_013732_485056.txt,experiments_logs/analysis_recent/when_what_policy_ablation_20260921/00_raw/tomato/scene_01/value_when/run_35_seed_4028845444/exp_tomato_20260921_213404_255743.txt,1,0,7.0,8.0,0.15269999999999995,30.0
tomato,01,405999239,ours,value_when,experiments_logs/analysis_recent/when_what_policy_ablation_20260921/00_raw/tomato/scene_01/ours/run_34_seed_405999239/exp_tomato_20260921_013731_023231.txt,experiments_logs/analysis_recent/when_what_policy_ablation_20260921/00_raw/tomato/scene_01/value_when/run_34_seed_405999239/exp_tomato_20260921_213403_314132.txt,1,0,12.0,9.0,0.6723,30.0
tomato,01,4065849833,ours,value_when,experiments_logs/analysis_recent/when_what_policy_ablation_20260921/00_raw/tomato/scene_01/ours/run_12_seed_4065849833/exp_tomato_20260921_013647_932202.txt,experiments_logs/analysis_recent/when_what_policy_ablation_20260921/00_raw/tomato/scene_01/value_when/run_12_seed_4065849833/exp_tomato_20260921_213305_984965.txt,1,1,7.0,-3.0,-2.5132,0.0
tomato,01,532817344,ours,value_when,experiments_logs/analysis_recent/when_what_policy_ablation_20260921/00_raw/tomato/scene_01/ours/run_23_seed_532817344/exp_tomato_20260921_013705_654301.txt,experiments_logs/analysis_recent/when_what_policy_ablation_20260921/00_raw/tomato/scene_01/value_when/run_23_seed_532817344/exp_tomato_20260921_213328_725341.txt,1,1,7.0,0.0,-1.3905,0.0
tomato,01,597016452,ours,value_when,experiments_logs/analysis_recent/when_what_policy_ablation_20260921/00_raw/tomato/scene_01/ours/run_16_seed_597016452/exp_tomato_20260921_013654_403230.txt,experiments_logs/analysis_recent/when_what_policy_ablation_20260921/00_raw/tomato/scene_01/value_when/run_16_seed_597016452/exp_tomato_20260921_213315_577932.txt,1,0,7.0,8.0,0.21439999999999992,30.0
tomato,01,796400590,ours,value_when,experiments_logs/analysis_recent/when_what_policy_ablation_20260921/00_raw/tomato/scene_01/ours/run_07_seed_796400590/exp_tomato_20260921_013639_945912.txt,experiments_logs/analysis_recent/when_what_policy_ablation_20260921/00_raw/tomato/scene_01/value_when/run_07_seed_796400590/exp_tomato_20260921_213255_904102.txt,1,1,6.0,0.0,-1.8675000000000002,0.0
tomato,01,821007751,ours,value_when,experiments_logs/analysis_recent/when_what_policy_ablation_20260921/00_raw/tomato/scene_01/ours/run_13_seed_821007751/exp_tomato_20260921_013649_554274.txt,experiments_logs/analysis_recent/when_what_policy_ablation_20260921/00_raw/tomato/scene_01/value_when/run_13_seed_821007751/exp_tomato_20260921_213308_736158.txt,1,0,8.0,0.0,-1.5024000000000002,10.0
tomato,01,866496583,ours,value_when,experiments_logs/analysis_recent/when_what_policy_ablation_20260921/00_raw/tomato/scene_01/ours/run_04_seed_866496583/exp_tomato_20260921_013634_643551.txt,experiments_logs/analysis_recent/when_what_policy_ablation_20260921/00_raw/tomato/scene_01/value_when/run_04_seed_866496583/exp_tomato_20260921_213246_609904.txt,1,0,7.0,10.0,0.5823,30.0
tomato,01,871806833,ours,value_when,experiments_logs/analysis_recent/when_what_policy_ablation_20260921/00_raw/tomato/scene_01/ours/run_21_seed_871806833/exp_tomato_20260921_013702_481175.txt,experiments_logs/analysis_recent/when_what_policy_ablation_20260921/00_raw/tomato/scene_01/value_when/run_21_seed_871806833/exp_tomato_20260921_213325_309283.txt,1,0,9.0,0.0,-1.6989,10.0
tomato,01,965164034,ours,value_when,experiments_logs/analysis_recent/when_what_policy_ablation_20260921/00_raw/tomato/scene_01/ours/run_14_seed_965164034/exp_tomato_20260921_013651_010162.txt,experiments_logs/analysis_recent/when_what_policy_ablation_20260921/00_raw/tomato/scene_01/value_when/run_14_seed_965164034/exp_tomato_20260921_213311_297415.txt,1,1,7.0,0.0,-1.4741,0.0
tomato,02,1150817657,ours,value_when,experiments_logs/analysis_recent/when_what_policy_ablation_20260921/00_raw/tomato/scene_02/ours/run_04_seed_1150817657/exp_tomato_20260921_013749_080954.txt,experiments_logs/analysis_recent/when_what_policy_ablation_20260921/00_raw/tomato/scene_02/value_when/run_04_seed_1150817657/exp_tomato_20260921_213428_007020.txt,1,0,9.0,9.0,0.5531,30.0
tomato,02,1337352578,ours,value_when,experiments_logs/analysis_recent/when_what_policy_ablation_20260921/00_raw/tomato/scene_02/ours/run_12_seed_1337352578/exp_tomato_20260921_013801_301864.txt,experiments_logs/analysis_recent/when_what_policy_ablation_20260921/00_raw/tomato/scene_02/value_when/run_12_seed_1337352578/exp_tomato_20260921_213447_491353.txt,1,0,8.0,0.0,-1.5138000000000003,10.0
tomato,02,1408900490,ours,value_when,experiments_logs/analysis_recent/when_what_policy_ablation_20260921/00_raw/tomato/scene_02/ours/run_19_seed_1408900490/exp_tomato_20260921_013812_324845.txt,experiments_logs/analysis_recent/when_what_policy_ablation_20260921/00_raw/tomato/scene_02/value_when/run_19_seed_1408900490/exp_tomato_20260921_213506_613206.txt,1,1,6.0,0.0,-1.4784999999999997,0.0
tomato,02,1422635806,ours,value_when,experiments_logs/analysis_recent/when_what_policy_ablation_20260921/00_raw/tomato/scene_02/ours/run_15_seed_1422635806/exp_tomato_20260921_013805_837748.txt,experiments_logs/analysis_recent/when_what_policy_ablation_20260921/00_raw/tomato/scene_02/value_when/run_15_seed_1422635806/exp_tomato_20260921_213454_949579.txt,1,1,6.0,0.0,-1.5202000000000002,0.0
tomato,02,1477592928,ours,value_when,experiments_logs/analysis_recent/when_what_policy_ablation_20260921/00_raw/tomato/scene_02/ours/run_39_seed_1477592928/exp_tomato_20260921_013844_128756.txt,experiments_logs/analysis_recent/when_what_policy_ablation_20260921/00_raw/tomato/scene_02/value_when/run_39_seed_1477592928/exp_tomato_20260921_213553_634948.txt,1,1,8.0,-4.0,-2.7767,0.0
tomato,02,1903174235,ours,value_when,experiments_logs/analysis_recent/when_what_policy_ablation_20260921/00_raw/tomato/scene_02/ours/run_14_seed_1903174235/exp_tomato_20260921_013804_340710.txt,experiments_logs/analysis_recent/when_what_policy_ablation_20260921/00_raw/tomato/scene_02/value_when/run_14_seed_1903174235/exp_tomato_20260921_213452_300119.txt,1,1,7.0,0.0,-1.4596,0.0
tomato,02,1919828458,ours,value_when,experiments_logs/analysis_recent/when_what_policy_ablation_20260921/00_raw/tomato/scene_02/ours/run_38_seed_1919828458/exp_tomato_20260921_013842_675236.txt,experiments_logs/analysis_recent/when_what_policy_ablation_20260921/00_raw/tomato/scene_02/value_when/run_38_seed_1919828458/exp_tomato_20260921_213549_771248.txt,1,1,8.0,0.0,-1.6106000000000003,0.0
tomato,02,1969507524,ours,value_when,experiments_logs/analysis_recent/when_what_policy_ablation_20260921/00_raw/tomato/scene_02/ours/run_20_seed_1969507524/exp_tomato_20260921_013813_938505.txt,experiments_logs/analysis_recent/when_what_policy_ablation_20260921/00_raw/tomato/scene_02/value_when/run_20_seed_1969507524/exp_tomato_20260921_213507_051836.txt,1,0,11.0,11.0,0.7188000000000001,30.0
tomato,02,2138595888,ours,value_when,experiments_logs/analysis_recent/when_what_policy_ablation_20260921/00_raw/tomato/scene_02/ours/run_29_seed_2138595888/exp_tomato_20260921_013828_550678.txt,experiments_logs/analysis_recent/when_what_policy_ablation_20260921/00_raw/tomato/scene_02/value_when/run_29_seed_2138595888/exp_tomato_20260921_213524_611502.txt,1,0,8.0,8.0,0.16080000000000005,30.0
tomato,02,2293168667,ours,value_when,experiments_logs/analysis_recent/when_what_policy_ablation_20260921/00_raw/tomato/scene_02/ours/run_35_seed_2293168667/exp_tomato_20260921_013837_773855.txt,experiments_logs/analysis_recent/when_what_policy_ablation_20260921/00_raw/tomato/scene_02/value_when/run_35_seed_2293168667/exp_tomato_20260921_213539_344738.txt,1,1,6.0,0.0,-1.4304,0.0
tomato,02,2306136433,ours,value_when,experiments_logs/analysis_recent/when_what_policy_ablation_20260921/00_raw/tomato/scene_02/ours/run_03_seed_2306136433/exp_tomato_20260921_013747_502353.txt,experiments_logs/analysis_recent/when_what_policy_ablation_20260921/00_raw/tomato/scene_02/value_when/run_03_seed_2306136433/exp_tomato_20260921_213427_363280.txt,1,1,8.0,0.0,-1.5469,0.0
tomato,02,2318091321,ours,value_when,experiments_logs/analysis_recent/when_what_policy_ablation_20260921/00_raw/tomato/scene_02/ours/run_37_seed_2318091321/exp_tomato_20260921_013841_048476.txt,experiments_logs/analysis_recent/when_what_policy_ablation_20260921/00_raw/tomato/scene_02/value_when/run_37_seed_2318091321/exp_tomato_20260921_213546_898112.txt,1,0,11.0,-11.0,-4.9148,10.0
tomato,02,2324409209,ours,value_when,experiments_logs/analysis_recent/when_what_policy_ablation_20260921/00_raw/tomato/scene_02/ours/run_17_seed_2324409209/exp_tomato_20260921_013809_138597.txt,experiments_logs/analysis_recent/when_what_policy_ablation_20260921/00_raw/tomato/scene_02/value_when/run_17_seed_2324409209/exp_tomato_20260921_213501_090580.txt,1,1,9.0,-1.0,-2.0004999999999997,0.0
tomato,02,233361013,ours,value_when,experiments_logs/analysis_recent/when_what_policy_ablation_20260921/00_raw/tomato/scene_02/ours/run_01_seed_233361013/exp_tomato_20260921_013744_347139.txt,experiments_logs/analysis_recent/when_what_policy_ablation_20260921/00_raw/tomato/scene_02/value_when/run_01_seed_233361013/exp_tomato_20260921_213421_786308.txt,1,1,12.0,4.0,-1.0234,-20.0
tomato,02,2421989875,ours,value_when,experiments_logs/analysis_recent/when_what_policy_ablation_20260921/00_raw/tomato/scene_02/ours/run_26_seed_2421989875/exp_tomato_20260921_013824_107450.txt,experiments_logs/analysis_recent/when_what_policy_ablation_20260921/00_raw/tomato/scene_02/value_when/run_26_seed_2421989875/exp_tomato_20260921_213518_671288.txt,1,1,6.0,0.0,-1.5386,0.0
tomato,02,2567273034,ours,value_when,experiments_logs/analysis_recent/when_what_policy_ablation_20260921/00_raw/tomato/scene_02/ours/run_24_seed_2567273034/exp_tomato_20260921_013820_965181.txt,experiments_logs/analysis_recent/when_what_policy_ablation_20260921/00_raw/tomato/scene_02/value_when/run_24_seed_2567273034/exp_tomato_20260921_213513_118806.txt,1,1,12.0,1.0,-1.9169000000000003,0.0
tomato,02,2571575672,ours,value_when,experiments_logs/analysis_recent/when_what_policy_ablation_20260921/00_raw/tomato/scene_02/ours/run_13_seed_2571575672/exp_tomato_20260921_013802_925567.txt,experiments_logs/analysis_recent/when_what_policy_ablation_20260921/00_raw/tomato/scene_02/value_when/run_13_seed_2571575672/exp_tomato_20260921_213449_796962.txt,1,0,11.0,3.0,-1.0680999999999998,20.0
tomato,02,2639844527,ours,value_when,experiments_logs/analysis_recent/when_what_policy_ablation_20260921/00_raw/tomato/scene_02/ours/run_23_seed_2639844527/exp_tomato_20260921_013818_638548.txt,experiments_logs/analysis_recent/when_what_policy_ablation_20260921/00_raw/tomato/scene_02/value_when/run_23_seed_2639844527/exp_tomato_20260921_213509_256031.txt,1,0,9.0,7.0,0.4062,20.0
tomato,02,2661673954,ours,value_when,experiments_logs/analysis_recent/when_what_policy_ablation_20260921/00_raw/tomato/scene_02/ours/run_08_seed_2661673954/exp_tomato_20260921_013755_042782.txt,experiments_logs/analysis_recent/when_what_policy_ablation_20260921/00_raw/tomato/scene_02/value_when/run_08_seed_2661673954/exp_tomato_20260921_213438_602061.txt,1,1,6.0,-4.0,-2.1849,0.0
tomato,02,2833878170,ours,value_when,experiments_logs/analysis_recent/when_what_policy_ablation_20260921/00_raw/tomato/scene_02/ours/run_06_seed_2833878170/exp_tomato_20260921_013752_016640.txt,experiments_logs/analysis_recent/when_what_policy_ablation_20260921/00_raw/tomato/scene_02/value_when/run_06_seed_2833878170/exp_tomato_20260921_213434_368613.txt,1,1,7.0,0.0,-1.3956,0.0
tomato,02,2876796507,ours,value_when,experiments_logs/analysis_recent/when_what_policy_ablation_20260921/00_raw/tomato/scene_02/ours/run_07_seed_2876796507/exp_tomato_20260921_013753_533745.txt,experiments_logs/analysis_recent/when_what_policy_ablation_20260921/00_raw/tomato/scene_02/value_when/run_07_seed_2876796507/exp_tomato_20260921_213435_282740.txt,1,0,8.0,8.0,0.21909999999999996,30.0
tomato,02,2886041855,ours,value_when,experiments_logs/analysis_recent/when_what_policy_ablation_20260921/00_raw/tomato/scene_02/ours/run_34_seed_2886041855/exp_tomato_20260921_013836_338618.txt,experiments_logs/analysis_recent/when_what_policy_ablation_20260921/00_raw/tomato/scene_02/value_when/run_34_seed_2886041855/exp_tomato_20260921_213536_849773.txt,1,1,6.0,0.0,-1.5064,0.0
tomato,02,3206958523,ours,value_when,experiments_logs/analysis_recent/when_what_policy_ablation_20260921/00_raw/tomato/scene_02/ours/run_02_seed_3206958523/exp_tomato_20260921_013745_902821.txt,experiments_logs/analysis_recent/when_what_policy_ablation_20260921/00_raw/tomato/scene_02/value_when/run_02_seed_3206958523/exp_tomato_20260921_213424_595268.txt,1,1,8.0,0.0,-1.6214,0.0
tomato,02,3249674493,ours,value_when,experiments_logs/analysis_recent/when_what_policy_ablation_20260921/00_raw/tomato/scene_02/ours/run_32_seed_3249674493/exp_tomato_20260921_013833_209387.txt,experiments_logs/analysis_recent/when_what_policy_ablation_20260921/00_raw/tomato/scene_02/value_when/run_32_seed_3249674493/exp_tomato_20260921_213531_568162.txt,1,0,5.0,2.0,-0.774,20.0
tomato,02,3533124505,ours,value_when,experiments_logs/analysis_recent/when_what_policy_ablation_20260921/00_raw/tomato/scene_02/ours/run_09_seed_3533124505/exp_tomato_20260921_013756_626687.txt,experiments_logs/analysis_recent/when_what_policy_ablation_20260921/00_raw/tomato/scene_02/value_when/run_09_seed_3533124505/exp_tomato_20260921_213439_552010.txt,1,0,13.0,6.0,0.26449999999999996,20.0
tomato,02,3662297998,ours,value_when,experiments_logs/analysis_recent/when_what_policy_ablation_20260921/00_raw/tomato/scene_02/ours/run_31_seed_3662297998/exp_tomato_20260921_013831_651645.txt,experiments_logs/analysis_recent/when_what_policy_ablation_20260921/00_raw/tomato/scene_02/value_when/run_31_seed_3662297998/exp_tomato_20260921_213529_611593.txt,1,0,7.0,0.0,-1.2892,10.0
tomato,02,3751400244,ours,value_when,experiments_logs/analysis_recent/when_what_policy_ablation_20260921/00_raw/tomato/scene_02/ours/run_10_seed_3751400244/exp_tomato_20260921_013758_204097.txt,experiments_logs/analysis_recent/when_what_policy_ablation_20260921/00_raw/tomato/scene_02/value_when/run_10_seed_3751400244/exp_tomato_20260921_213442_189116.txt,1,1,9.0,0.0,-1.429,0.0
tomato,02,3815863427,ours,value_when,experiments_logs/analysis_recent/when_what_policy_ablation_20260921/00_raw/tomato/scene_02/ours/run_25_seed_3815863427/exp_tomato_20260921_013822_589081.txt,experiments_logs/analysis_recent/when_what_policy_ablation_20260921/00_raw/tomato/scene_02/value_when/run_25_seed_3815863427/exp_tomato_20260921_213515_995272.txt,1,1,9.0,0.0,-1.6522000000000001,0.0
tomato,02,3887351210,ours,value_when,experiments_logs/analysis_recent/when_what_policy_ablation_20260921/00_raw/tomato/scene_02/ours/run_36_seed_3887351210/exp_tomato_20260921_013839_401192.txt,experiments_logs/analysis_recent/when_what_policy_ablation_20260921/00_raw/tomato/scene_02/value_when/run_36_seed_3887351210/exp_tomato_20260921_213540_710556.txt,1,0,9.0,6.0,-0.11190000000000011,20.0
tomato,02,4007070013,ours,value_when,experiments_logs/analysis_recent/when_what_policy_ablation_20260921/00_raw/tomato/scene_02/ours/run_33_seed_4007070013/exp_tomato_20260921_013834_718227.txt,experiments_logs/analysis_recent/when_what_policy_ablation_20260921/00_raw/tomato/scene_02/value_when/run_33_seed_4007070013/exp_tomato_20260921_213534_101010.txt,1,1,5.0,0.0,-1.4093999999999998,0.0
tomato,02,4031054018,ours,value_when,experiments_logs/analysis_recent/when_what_policy_ablation_20260921/00_raw/tomato/scene_02/ours/run_11_seed_4031054018/exp_tomato_20260921_013759_676639.txt,experiments_logs/analysis_recent/when_what_policy_ablation_20260921/00_raw/tomato/scene_02/value_when/run_11_seed_4031054018/exp_tomato_20260921_213444_727565.txt,1,1,5.0,0.0,-1.4325,0.0
tomato,02,418694264,ours,value_when,experiments_logs/analysis_recent/when_what_policy_ablation_20260921/00_raw/tomato/scene_02/ours/run_05_seed_418694264/exp_tomato_20260921_013750_556390.txt,experiments_logs/analysis_recent/when_what_policy_ablation_20260921/00_raw/tomato/scene_02/value_when/run_05_seed_418694264/exp_tomato_20260921_213431_882475.txt,1,1,8.0,-4.0,-2.7794,0.0
tomato,02,464102713,ours,value_when,experiments_logs/analysis_recent/when_what_policy_ablation_20260921/00_raw/tomato/scene_02/ours/run_22_seed_464102713/exp_tomato_20260921_013817_103175.txt,experiments_logs/analysis_recent/when_what_policy_ablation_20260921/00_raw/tomato/scene_02/value_when/run_22_seed_464102713/exp_tomato_20260921_213508_510637.txt,1,0,9.0,9.0,0.6206999999999999,30.0
tomato,02,474952343,ours,value_when,experiments_logs/analysis_recent/when_what_policy_ablation_20260921/00_raw/tomato/scene_02/ours/run_18_seed_474952343/exp_tomato_20260921_013810_790340.txt,experiments_logs/analysis_recent/when_what_policy_ablation_20260921/00_raw/tomato/scene_02/value_when/run_18_seed_474952343/exp_tomato_20260921_213503_985460.txt,1,1,9.0,0.0,-1.6157000000000001,0.0
tomato,02,484948157,ours,value_when,experiments_logs/analysis_recent/when_what_policy_ablation_20260921/00_raw/tomato/scene_02/ours/run_28_seed_484948157/exp_tomato_20260921_013827_082701.txt,experiments_logs/analysis_recent/when_what_policy_ablation_20260921/00_raw/tomato/scene_02/value_when/run_28_seed_484948157/exp_tomato_20260921_213523_687550.txt,1,1,6.0,0.0,-1.4238,0.0
tomato,02,559761095,ours,value_when,experiments_logs/analysis_recent/when_what_policy_ablation_20260921/00_raw/tomato/scene_02/ours/run_16_seed_559761095/exp_tomato_20260921_013807_510193.txt,experiments_logs/analysis_recent/when_what_policy_ablation_20260921/00_raw/tomato/scene_02/value_when/run_16_seed_559761095/exp_tomato_20260921_213457_839577.txt,1,1,6.0,0.0,-1.6037,0.0
tomato,02,63773712,ours,value_when,experiments_logs/analysis_recent/when_what_policy_ablation_20260921/00_raw/tomato/scene_02/ours/run_30_seed_63773712/exp_tomato_20260921_013830_079258.txt,experiments_logs/analysis_recent/when_what_policy_ablation_20260921/00_raw/tomato/scene_02/value_when/run_30_seed_63773712/exp_tomato_20260921_213527_132541.txt,1,1,6.0,0.0,-1.3789,0.0
tomato,02,742004455,ours,value_when,experiments_logs/analysis_recent/when_what_policy_ablation_20260921/00_raw/tomato/scene_02/ours/run_40_seed_742004455/exp_tomato_20260921_013845_624250.txt,experiments_logs/analysis_recent/when_what_policy_ablation_20260921/00_raw/tomato/scene_02/value_when/run_40_seed_742004455/exp_tomato_20260921_213557_641896.txt,1,1,7.0,-4.0,-2.8837,0.0
tomato,02,790979284,ours,value_when,experiments_logs/analysis_recent/when_what_policy_ablation_20260921/00_raw/tomato/scene_02/ours/run_27_seed_790979284/exp_tomato_20260921_013825_593875.txt,experiments_logs/analysis_recent/when_what_policy_ablation_20260921/00_raw/tomato/scene_02/value_when/run_27_seed_790979284/exp_tomato_20260921_213521_150677.txt,1,1,7.0,0.0,-1.3729,0.0
tomato,02,850676597,ours,value_when,experiments_logs/analysis_recent/when_what_policy_ablation_20260921/00_raw/tomato/scene_02/ours/run_21_seed_850676597/exp_tomato_20260921_013815_433078.txt,experiments_logs/analysis_recent/when_what_policy_ablation_20260921/00_raw/tomato/scene_02/value_when/run_21_seed_850676597/exp_tomato_20260921_213507_838901.txt,1,0,11.0,8.0,0.3326,20.0
tomato,03,1005437090,ours,value_when,experiments_logs/analysis_recent/when_what_policy_ablation_20260921/00_raw/tomato/scene_03/ours/run_18_seed_1005437090/exp_tomato_20260921_013914_580548.txt,experiments_logs/analysis_recent/when_what_policy_ablation_20260921/00_raw/tomato/scene_03/value_when/run_18_seed_1005437090/exp_tomato_20260921_213652_332912.txt,1,1,6.0,0.0,-1.4976,0.0
tomato,03,1016817503,ours,value_when,experiments_logs/analysis_recent/when_what_policy_ablation_20260921/00_raw/tomato/scene_03/ours/run_31_seed_1016817503/exp_tomato_20260921_013942_933664.txt,experiments_logs/analysis_recent/when_what_policy_ablation_20260921/00_raw/tomato/scene_03/value_when/run_31_seed_1016817503/exp_tomato_20260921_213740_120873.txt,1,1,5.0,0.0,-1.9221000000000001,0.0
tomato,03,1193704404,ours,value_when,experiments_logs/analysis_recent/when_what_policy_ablation_20260921/00_raw/tomato/scene_03/ours/run_29_seed_1193704404/exp_tomato_20260921_013939_130596.txt,experiments_logs/analysis_recent/when_what_policy_ablation_20260921/00_raw/tomato/scene_03/value_when/run_29_seed_1193704404/exp_tomato_20260921_213733_130927.txt,1,1,7.0,0.0,-1.4888000000000001,0.0
tomato,03,1252332960,ours,value_when,experiments_logs/analysis_recent/when_what_policy_ablation_20260921/00_raw/tomato/scene_03/ours/run_22_seed_1252332960/exp_tomato_20260921_013928_471507.txt,experiments_logs/analysis_recent/when_what_policy_ablation_20260921/00_raw/tomato/scene_03/value_when/run_22_seed_1252332960/exp_tomato_20260921_213710_409411.txt,1,0,11.0,2.0,-1.0685999999999998,10.0
tomato,03,1447435166,ours,value_when,experiments_logs/analysis_recent/when_what_policy_ablation_20260921/00_raw/tomato/scene_03/ours/run_12_seed_1447435166/exp_tomato_20260921_013905_245792.txt,experiments_logs/analysis_recent/when_what_policy_ablation_20260921/00_raw/tomato/scene_03/value_when/run_12_seed_1447435166/exp_tomato_20260921_213634_002237.txt,1,1,4.0,0.0,-1.4061000000000001,0.0
tomato,03,1454289978,ours,value_when,experiments_logs/analysis_recent/when_what_policy_ablation_20260921/00_raw/tomato/scene_03/ours/run_16_seed_1454289978/exp_tomato_20260921_013911_383931.txt,experiments_logs/analysis_recent/when_what_policy_ablation_20260921/00_raw/tomato/scene_03/value_when/run_16_seed_1454289978/exp_tomato_20260921_213646_988819.txt,1,1,6.0,0.0,-1.5558,0.0
tomato,03,1627605610,ours,value_when,experiments_logs/analysis_recent/when_what_policy_ablation_20260921/00_raw/tomato/scene_03/ours/run_24_seed_1627605610/exp_tomato_20260921_013931_399254.txt,experiments_logs/analysis_recent/when_what_policy_ablation_20260921/00_raw/tomato/scene_03/value_when/run_24_seed_1627605610/exp_tomato_20260921_213715_412286.txt,1,1,6.0,0.0,-1.4656,0.0
tomato,03,1700967682,ours,value_when,experiments_logs/analysis_recent/when_what_policy_ablation_20260921/00_raw/tomato/scene_03/ours/run_07_seed_1700967682/exp_tomato_20260921_013856_294070.txt,experiments_logs/analysis_recent/when_what_policy_ablation_20260921/00_raw/tomato/scene_03/value_when/run_07_seed_1700967682/exp_tomato_20260921_213617_497332.txt,1,0,7.0,0.0,-1.6353,10.0
tomato,03,1712963344,ours,value_when,experiments_logs/analysis_recent/when_what_policy_ablation_20260921/00_raw/tomato/scene_03/ours/run_30_seed_1712963344/exp_tomato_20260921_013941_037881.txt,experiments_logs/analysis_recent/when_what_policy_ablation_20260921/00_raw/tomato/scene_03/value_when/run_30_seed_1712963344/exp_tomato_20260921_213736_669825.txt,1,1,7.0,0.0,-2.0015,0.0
tomato,03,1895575310,ours,value_when,experiments_logs/analysis_recent/when_what_policy_ablation_20260921/00_raw/tomato/scene_03/ours/run_05_seed_1895575310/exp_tomato_20260921_013853_201757.txt,experiments_logs/analysis_recent/when_what_policy_ablation_20260921/00_raw/tomato/scene_03/value_when/run_05_seed_1895575310/exp_tomato_20260921_213611_783928.txt,1,1,8.0,-8.0,-3.9805,0.0
tomato,03,2107246049,ours,value_when,experiments_logs/analysis_recent/when_what_policy_ablation_20260921/00_raw/tomato/scene_03/ours/run_19_seed_2107246049/exp_tomato_20260921_013923_769900.txt,experiments_logs/analysis_recent/when_what_policy_ablation_20260921/00_raw/tomato/scene_03/value_when/run_19_seed_2107246049/exp_tomato_20260921_213702_536531.txt,0,0,6.0,0.0,-1.3905000000000012,0.0
tomato,03,2184183196,ours,value_when,experiments_logs/analysis_recent/when_what_policy_ablation_20260921/00_raw/tomato/scene_03/ours/run_37_seed_2184183196/exp_tomato_20260921_013952_255701.txt,experiments_logs/analysis_recent/when_what_policy_ablation_20260921/00_raw/tomato/scene_03/value_when/run_37_seed_2184183196/exp_tomato_20260921_213759_110177.txt,1,1,10.0,-5.0,-3.3291000000000004,0.0
tomato,03,2197107180,ours,value_when,experiments_logs/analysis_recent/when_what_policy_ablation_20260921/00_raw/tomato/scene_03/ours/run_25_seed_2197107180/exp_tomato_20260921_013932_909281.txt,experiments_logs/analysis_recent/when_what_policy_ablation_20260921/00_raw/tomato/scene_03/value_when/run_25_seed_2197107180/exp_tomato_20260921_213717_955401.txt,1,1,5.0,0.0,-1.4064,0.0
tomato,03,2230064310,ours,value_when,experiments_logs/analysis_recent/when_what_policy_ablation_20260921/00_raw/tomato/scene_03/ours/run_09_seed_2230064310/exp_tomato_20260921_013900_014922.txt,experiments_logs/analysis_recent/when_what_policy_ablation_20260921/00_raw/tomato/scene_03/value_when/run_09_seed_2230064310/exp_tomato_20260921_213625_226562.txt,1,1,8.0,-4.0,-2.8756,0.0
tomato,03,2370079434,ours,value_when,experiments_logs/analysis_recent/when_what_policy_ablation_20260921/00_raw/tomato/scene_03/ours/run_10_seed_2370079434/exp_tomato_20260921_013902_045455.txt,experiments_logs/analysis_recent/when_what_policy_ablation_20260921/00_raw/tomato/scene_03/value_when/run_10_seed_2370079434/exp_tomato_20260921_213628_619353.txt,1,1,10.0,0.0,-1.7391999999999999,-5.0
tomato,03,2418572032,ours,value_when,experiments_logs/analysis_recent/when_what_policy_ablation_20260921/00_raw/tomato/scene_03/ours/run_38_seed_2418572032/exp_tomato_20260921_013953_867293.txt,experiments_logs/analysis_recent/when_what_policy_ablation_20260921/00_raw/tomato/scene_03/value_when/run_38_seed_2418572032/exp_tomato_20260921_213800_011035.txt,1,0,12.0,9.0,0.3438,30.0
tomato,03,2436888965,ours,value_when,experiments_logs/analysis_recent/when_what_policy_ablation_20260921/00_raw/tomato/scene_03/ours/run_39_seed_2436888965/exp_tomato_20260921_013955_347361.txt,experiments_logs/analysis_recent/when_what_policy_ablation_20260921/00_raw/tomato/scene_03/value_when/run_39_seed_2436888965/exp_tomato_20260921_213802_583495.txt,1,0,6.0,0.0,-1.4577000000000002,10.0
tomato,03,2542173252,ours,value_when,experiments_logs/analysis_recent/when_what_policy_ablation_20260921/00_raw/tomato/scene_03/ours/run_04_seed_2542173252/exp_tomato_20260921_013851_751820.txt,experiments_logs/analysis_recent/when_what_policy_ablation_20260921/00_raw/tomato/scene_03/value_when/run_04_seed_2542173252/exp_tomato_20260921_213606_726950.txt,1,1,7.0,0.0,-1.4273,0.0
tomato,03,2559286479,ours,value_when,experiments_logs/analysis_recent/when_what_policy_ablation_20260921/00_raw/tomato/scene_03/ours/run_20_seed_2559286479/exp_tomato_20260921_013925_334418.txt,experiments_logs/analysis_recent/when_what_policy_ablation_20260921/00_raw/tomato/scene_03/value_when/run_20_seed_2559286479/exp_tomato_20260921_213707_169748.txt,1,1,9.0,-6.0,-3.441,0.0
tomato,03,2630779126,ours,value_when,experiments_logs/analysis_recent/when_what_policy_ablation_20260921/00_raw/tomato/scene_03/ours/run_33_seed_2630779126/exp_tomato_20260921_013946_005979.txt,experiments_logs/analysis_recent/when_what_policy_ablation_20260921/00_raw/tomato/scene_03/value_when/run_33_seed_2630779126/exp_tomato_20260921_213746_550643.txt,1,1,9.0,-3.0,-1.9800000000000002,0.0
tomato,03,2973460405,ours,value_when,experiments_logs/analysis_recent/when_what_policy_ablation_20260921/00_raw/tomato/scene_03/ours/run_01_seed_2973460405/exp_tomato_20260921_013847_207708.txt,experiments_logs/analysis_recent/when_what_policy_ablation_20260921/00_raw/tomato/scene_03/value_when/run_01_seed_2973460405/exp_tomato_20260921_213600_263797.txt,1,0,12.0,0.0,-1.4098,10.0
tomato,03,2984508209,ours,value_when,experiments_logs/analysis_recent/when_what_policy_ablation_20260921/00_raw/tomato/scene_03/ours/run_02_seed_2984508209/exp_tomato_20260921_013848_685198.txt,experiments_logs/analysis_recent/when_what_policy_ablation_20260921/00_raw/tomato/scene_03/value_when/run_02_seed_2984508209/exp_tomato_20260921_213602_044513.txt,1,0,7.0,3.0,-0.6761,20.0
tomato,03,3142806667,ours,value_when,experiments_logs/analysis_recent/when_what_policy_ablation_20260921/00_raw/tomato/scene_03/ours/run_06_seed_3142806667/exp_tomato_20260921_013854_858694.txt,experiments_logs/analysis_recent/when_what_policy_ablation_20260921/00_raw/tomato/scene_03/value_when/run_06_seed_3142806667/exp_tomato_20260921_213614_798370.txt,1,1,8.0,0.0,-1.7292,0.0
tomato,03,3328359470,ours,value_when,experiments_logs/analysis_recent/when_what_policy_ablation_20260921/00_raw/tomato/scene_03/ours/run_03_seed_3328359470/exp_tomato_20260921_013850_310415.txt,experiments_logs/analysis_recent/when_what_policy_ablation_20260921/00_raw/tomato/scene_03/value_when/run_03_seed_3328359470/exp_tomato_20260921_213604_234254.txt,1,0,12.0,2.0,-0.9493999999999998,10.0
tomato,03,3374813224,ours,value_when,experiments_logs/analysis_recent/when_what_policy_ablation_20260921/00_raw/tomato/scene_03/ours/run_08_seed_3374813224/exp_tomato_20260921_013858_462506.txt,experiments_logs/analysis_recent/when_what_policy_ablation_20260921/00_raw/tomato/scene_03/value_when/run_08_seed_3374813224/exp_tomato_20260921_213621_174191.txt,1,0,9.0,0.0,-1.8871,10.0
tomato,03,3611211411,ours,value_when,experiments_logs/analysis_recent/when_what_policy_ablation_20260921/00_raw/tomato/scene_03/ours/run_15_seed_3611211411/exp_tomato_20260921_013909_802567.txt,experiments_logs/analysis_recent/when_what_policy_ablation_20260921/00_raw/tomato/scene_03/value_when/run_15_seed_3611211411/exp_tomato_20260921_213644_227729.txt,1,0,8.0,0.0,-1.3373999999999997,10.0
tomato,03,3620707437,ours,value_when,experiments_logs/analysis_recent/when_what_policy_ablation_20260921/00_raw/tomato/scene_03/ours/run_11_seed_3620707437/exp_tomato_20260921_013903_710485.txt,experiments_logs/analysis_recent/when_what_policy_ablation_20260921/00_raw/tomato/scene_03/value_when/run_11_seed_3620707437/exp_tomato_20260921_213631_439927.txt,1,1,8.0,0.0,-1.5254,0.0
tomato,03,3631765459,ours,value_when,experiments_logs/analysis_recent/when_what_policy_ablation_20260921/00_raw/tomato/scene_03/ours/run_17_seed_3631765459/exp_tomato_20260921_013913_071375.txt,experiments_logs/analysis_recent/when_what_policy_ablation_20260921/00_raw/tomato/scene_03/value_when/run_17_seed_3631765459/exp_tomato_20260921_213649_702995.txt,1,1,8.0,0.0,-1.4101,0.0
tomato,03,3814785464,ours,value_when,experiments_logs/analysis_recent/when_what_policy_ablation_20260921/00_raw/tomato/scene_03/ours/run_21_seed_3814785464/exp_tomato_20260921_013926_848266.txt,experiments_logs/analysis_recent/when_what_policy_ablation_20260921/00_raw/tomato/scene_03/value_when/run_21_seed_3814785464/exp_tomato_20260921_213708_089712.txt,1,0,8.0,8.0,0.21870000000000012,30.0
tomato,03,3909183007,ours,value_when,experiments_logs/analysis_recent/when_what_policy_ablation_20260921/00_raw/tomato/scene_03/ours/run_14_seed_3909183007/exp_tomato_20260921_013908_308621.txt,experiments_logs/analysis_recent/when_what_policy_ablation_20260921/00_raw/tomato/scene_03/value_when/run_14_seed_3909183007/exp_tomato_20260921_213641_783638.txt,1,1,7.0,-4.0,-2.6655,0.0
tomato,03,4008873019,ours,value_when,experiments_logs/analysis_recent/when_what_policy_ablation_20260921/00_raw/tomato/scene_03/ours/run_23_seed_4008873019/exp_tomato_20260921_013929_948490.txt,experiments_logs/analysis_recent/when_what_policy_ablation_20260921/00_raw/tomato/scene_03/value_when/run_23_seed_4008873019/exp_tomato_20260921_213712_868704.txt,1,1,6.0,0.0,-1.3569,0.0
tomato,03,4252591664,ours,value_when,experiments_logs/analysis_recent/when_what_policy_ablation_20260921/00_raw/tomato/scene_03/ours/run_32_seed_4252591664/exp_tomato_20260921_013944_502954.txt,experiments_logs/analysis_recent/when_what_policy_ablation_20260921/00_raw/tomato/scene_03/value_when/run_32_seed_4252591664/exp_tomato_20260921_213743_443719.txt,1,1,10.0,-1.0,-2.1258,0.0
tomato,03,522031486,ours,value_when,experiments_logs/analysis_recent/when_what_policy_ablation_20260921/00_raw/tomato/scene_03/ours/run_36_seed_522031486/exp_tomato_20260921_013950_674514.txt,experiments_logs/analysis_recent/when_what_policy_ablation_20260921/00_raw/tomato/scene_03/value_when/run_36_seed_522031486/exp_tomato_20260921_213754_570803.txt,1,1,8.0,0.0,-1.4636,0.0
tomato,03,598183825,ours,value_when,experiments_logs/analysis_recent/when_what_policy_ablation_20260921/00_raw/tomato/scene_03/ours/run_40_seed_598183825/exp_tomato_20260921_013956_969555.txt,experiments_logs/analysis_recent/when_what_policy_ablation_20260921/00_raw/tomato/scene_03/value_when/run_40_seed_598183825/exp_tomato_20260921_213803_309639.txt,1,0,9.0,9.0,0.5201000000000001,30.0
tomato,03,604486275,ours,value_when,experiments_logs/analysis_recent/when_what_policy_ablation_20260921/00_raw/tomato/scene_03/ours/run_35_seed_604486275/exp_tomato_20260921_013949_070301.txt,experiments_logs/analysis_recent/when_what_policy_ablation_20260921/00_raw/tomato/scene_03/value_when/run_35_seed_604486275/exp_tomato_20260921_213751_874660.txt,1,0,4.0,0.0,-1.5678999999999998,10.0
tomato,03,657498695,ours,value_when,experiments_logs/analysis_recent/when_what_policy_ablation_20260921/00_raw/tomato/scene_03/ours/run_28_seed_657498695/exp_tomato_20260921_013937_582238.txt,experiments_logs/analysis_recent/when_what_policy_ablation_20260921/00_raw/tomato/scene_03/value_when/run_28_seed_657498695/exp_tomato_20260921_213730_469221.txt,1,1,7.0,0.0,-1.5319999999999998,0.0
tomato,03,70087057,ours,value_when,experiments_logs/analysis_recent/when_what_policy_ablation_20260921/00_raw/tomato/scene_03/ours/run_26_seed_70087057/exp_tomato_20260921_013934_398299.txt,experiments_logs/analysis_recent/when_what_policy_ablation_20260921/00_raw/tomato/scene_03/value_when/run_26_seed_70087057/exp_tomato_20260921_213724_185036.txt,1,1,8.0,-11.0,-5.117800000000001,0.0
tomato,03,822900858,ours,value_when,experiments_logs/analysis_recent/when_what_policy_ablation_20260921/00_raw/tomato/scene_03/ours/run_34_seed_822900858/exp_tomato_20260921_013947_464379.txt,experiments_logs/analysis_recent/when_what_policy_ablation_20260921/00_raw/tomato/scene_03/value_when/run_34_seed_822900858/exp_tomato_20260921_213749_074108.txt,1,1,4.0,0.0,-1.4325,0.0
tomato,03,8630651,ours,value_when,experiments_logs/analysis_recent/when_what_policy_ablation_20260921/00_raw/tomato/scene_03/ours/run_27_seed_8630651/exp_tomato_20260921_013936_040331.txt,experiments_logs/analysis_recent/when_what_policy_ablation_20260921/00_raw/tomato/scene_03/value_when/run_27_seed_8630651/exp_tomato_20260921_213727_771523.txt,1,0,11.0,-2.0,-2.3235,10.0
tomato,03,975151081,ours,value_when,experiments_logs/analysis_recent/when_what_policy_ablation_20260921/00_raw/tomato/scene_03/ours/run_13_seed_975151081/exp_tomato_20260921_013906_763403.txt,experiments_logs/analysis_recent/when_what_policy_ablation_20260921/00_raw/tomato/scene_03/value_when/run_13_seed_975151081/exp_tomato_20260921_213637_954209.txt,1,1,6.0,-5.0,-2.8164,0.0
tomato,04,1040908402,ours,value_when,experiments_logs/analysis_recent/when_what_policy_ablation_20260921/00_raw/tomato/scene_04/ours/run_26_seed_1040908402/exp_tomato_20260921_014046_634655.txt,experiments_logs/analysis_recent/when_what_policy_ablation_20260921/00_raw/tomato/scene_04/value_when/run_26_seed_1040908402/exp_tomato_20260921_213924_955282.txt,1,1,11.0,-7.0,-3.5435,0.0
tomato,04,1109362184,ours,value_when,experiments_logs/analysis_recent/when_what_policy_ablation_20260921/00_raw/tomato/scene_04/ours/run_12_seed_1109362184/exp_tomato_20260921_014023_891751.txt,experiments_logs/analysis_recent/when_what_policy_ablation_20260921/00_raw/tomato/scene_04/value_when/run_12_seed_1109362184/exp_tomato_20260921_213841_942653.txt,1,0,6.0,8.0,0.20240000000000002,30.0
tomato,04,1141903763,ours,value_when,experiments_logs/analysis_recent/when_what_policy_ablation_20260921/00_raw/tomato/scene_04/ours/run_37_seed_1141903763/exp_tomato_20260921_014104_740947.txt,experiments_logs/analysis_recent/when_what_policy_ablation_20260921/00_raw/tomato/scene_04/value_when/run_37_seed_1141903763/exp_tomato_20260921_213958_151824.txt,1,0,9.0,0.0,-1.5370000000000001,10.0
tomato,04,1167440852,ours,value_when,experiments_logs/analysis_recent/when_what_policy_ablation_20260921/00_raw/tomato/scene_04/ours/run_34_seed_1167440852/exp_tomato_20260921_014059_721842.txt,experiments_logs/analysis_recent/when_what_policy_ablation_20260921/00_raw/tomato/scene_04/value_when/run_34_seed_1167440852/exp_tomato_20260921_213948_344557.txt,1,1,9.0,0.0,-1.561,0.0
tomato,04,1337586660,ours,value_when,experiments_logs/analysis_recent/when_what_policy_ablation_20260921/00_raw/tomato/scene_04/ours/run_20_seed_1337586660/exp_tomato_20260921_014037_204945.txt,experiments_logs/analysis_recent/when_what_policy_ablation_20260921/00_raw/tomato/scene_04/value_when/run_20_seed_1337586660/exp_tomato_20260921_213909_465209.txt,1,1,6.0,0.0,-2.1326,0.0
tomato,04,1552731229,ours,value_when,experiments_logs/analysis_recent/when_what_policy_ablation_20260921/00_raw/tomato/scene_04/ours/run_19_seed_1552731229/exp_tomato_20260921_014035_038537.txt,experiments_logs/analysis_recent/when_what_policy_ablation_20260921/00_raw/tomato/scene_04/value_when/run_19_seed_1552731229/exp_tomato_20260921_213905_538580.txt,1,0,11.0,10.0,0.7189000000000001,30.0
tomato,04,1589093347,ours,value_when,experiments_logs/analysis_recent/when_what_policy_ablation_20260921/00_raw/tomato/scene_04/ours/run_01_seed_1589093347/exp_tomato_20260921_013958_573928.txt,experiments_logs/analysis_recent/when_what_policy_ablation_20260921/00_raw/tomato/scene_04/value_when/run_01_seed_1589093347/exp_tomato_20260921_213805_417112.txt,1,0,10.0,4.0,-0.8775,20.0
tomato,04,168160880,ours,value_when,experiments_logs/analysis_recent/when_what_policy_ablation_20260921/00_raw/tomato/scene_04/ours/run_28_seed_168160880/exp_tomato_20260921_014050_009215.txt,experiments_logs/analysis_recent/when_what_policy_ablation_20260921/00_raw/tomato/scene_04/value_when/run_28_seed_168160880/exp_tomato_20260921_213931_075535.txt,1,0,6.0,0.0,-1.4452,10.0
tomato,04,2020323328,ours,value_when,experiments_logs/analysis_recent/when_what_policy_ablation_20260921/00_raw/tomato/scene_04/ours/run_15_seed_2020323328/exp_tomato_20260921_014028_505770.txt,experiments_logs/analysis_recent/when_what_policy_ablation_20260921/00_raw/tomato/scene_04/value_when/run_15_seed_2020323328/exp_tomato_20260921_213853_436491.txt,1,1,5.0,-4.0,-2.615,0.0
tomato,04,2135663053,ours,value_when,experiments_logs/analysis_recent/when_what_policy_ablation_20260921/00_raw/tomato/scene_04/ours/run_30_seed_2135663053/exp_tomato_20260921_014053_022579.txt,experiments_logs/analysis_recent/when_what_policy_ablation_20260921/00_raw/tomato/scene_04/value_when/run_30_seed_2135663053/exp_tomato_20260921_213935_850507.txt,1,0,5.0,5.0,-0.16369999999999996,20.0
tomato,04,216321642,ours,value_when,experiments_logs/analysis_recent/when_what_policy_ablation_20260921/00_raw/tomato/scene_04/ours/run_36_seed_216321642/exp_tomato_20260921_014103_079726.txt,experiments_logs/analysis_recent/when_what_policy_ablation_20260921/00_raw/tomato/scene_04/value_when/run_36_seed_216321642/exp_tomato_20260921_213955_328541.txt,1,1,11.0,-4.0,-2.9228999999999994,0.0
tomato,04,218967378,ours,value_when,experiments_logs/analysis_recent/when_what_policy_ablation_20260921/00_raw/tomato/scene_04/ours/run_25_seed_218967378/exp_tomato_20260921_014045_045672.txt,experiments_logs/analysis_recent/when_what_policy_ablation_20260921/00_raw/tomato/scene_04/value_when/run_25_seed_218967378/exp_tomato_20260921_213920_198431.txt,1,1,10.0,-2.0,-2.0878,0.0
tomato,04,2219488844,ours,value_when,experiments_logs/analysis_recent/when_what_policy_ablation_20260921/00_raw/tomato/scene_04/ours/run_38_seed_2219488844/exp_tomato_20260921_014106_892169.txt,experiments_logs/analysis_recent/when_what_policy_ablation_20260921/00_raw/tomato/scene_04/value_when/run_38_seed_2219488844/exp_tomato_20260921_214001_997049.txt,1,1,10.0,0.0,-2.0673,0.0
tomato,04,2220313702,ours,value_when,experiments_logs/analysis_recent/when_what_policy_ablation_20260921/00_raw/tomato/scene_04/ours/run_27_seed_2220313702/exp_tomato_20260921_014048_477746.txt,experiments_logs/analysis_recent/when_what_policy_ablation_20260921/00_raw/tomato/scene_04/value_when/run_27_seed_2220313702/exp_tomato_20260921_213928_478209.txt,1,1,3.0,0.0,-2.0502000000000002,0.0
tomato,04,222360660,ours,value_when,experiments_logs/analysis_recent/when_what_policy_ablation_20260921/00_raw/tomato/scene_04/ours/run_35_seed_222360660/exp_tomato_20260921_014101_426724.txt,experiments_logs/analysis_recent/when_what_policy_ablation_20260921/00_raw/tomato/scene_04/value_when/run_35_seed_222360660/exp_tomato_20260921_213951_130040.txt,1,1,7.0,0.0,-1.4702000000000002,0.0
tomato,04,236854069,ours,value_when,experiments_logs/analysis_recent/when_what_policy_ablation_20260921/00_raw/tomato/scene_04/ours/run_08_seed_236854069/exp_tomato_20260921_014017_707391.txt,experiments_logs/analysis_recent/when_what_policy_ablation_20260921/00_raw/tomato/scene_04/value_when/run_08_seed_236854069/exp_tomato_20260921_213832_784365.txt,1,1,10.0,-4.0,-2.9085,0.0
tomato,04,2387734993,ours,value_when,experiments_logs/analysis_recent/when_what_policy_ablation_20260921/00_raw/tomato/scene_04/ours/run_09_seed_2387734993/exp_tomato_20260921_014019_341718.txt,experiments_logs/analysis_recent/when_what_policy_ablation_20260921/00_raw/tomato/scene_04/value_when/run_09_seed_2387734993/exp_tomato_20260921_213835_591127.txt,1,1,9.0,0.0,-1.5492999999999997,0.0
tomato,04,2390740933,ours,value_when,experiments_logs/analysis_recent/when_what_policy_ablation_20260921/00_raw/tomato/scene_04/ours/run_04_seed_2390740933/exp_tomato_20260921_014003_468077.txt,experiments_logs/analysis_recent/when_what_policy_ablation_20260921/00_raw/tomato/scene_04/value_when/run_04_seed_2390740933/exp_tomato_20260921_213811_568922.txt,1,1,8.0,0.0,-1.5049000000000001,0.0
tomato,04,2392905031,ours,value_when,experiments_logs/analysis_recent/when_what_policy_ablation_20260921/00_raw/tomato/scene_04/ours/run_31_seed_2392905031/exp_tomato_20260921_014054_616187.txt,experiments_logs/analysis_recent/when_what_policy_ablation_20260921/00_raw/tomato/scene_04/value_when/run_31_seed_2392905031/exp_tomato_20260921_213937_119649.txt,1,0,12.0,6.0,-0.057600000000000096,20.0
tomato,04,2642505031,ours,value_when,experiments_logs/analysis_recent/when_what_policy_ablation_20260921/00_raw/tomato/scene_04/ours/run_05_seed_2642505031/exp_tomato_20260921_014005_088981.txt,experiments_logs/analysis_recent/when_what_policy_ablation_20260921/00_raw/tomato/scene_04/value_when/run_05_seed_2642505031/exp_tomato_20260921_213814_366587.txt,1,0,10.0,0.0,-1.5489,10.0
tomato,04,2771536334,ours,value_when,experiments_logs/analysis_recent/when_what_policy_ablation_20260921/00_raw/tomato/scene_04/ours/run_22_seed_2771536334/exp_tomato_20260921_014040_500007.txt,experiments_logs/analysis_recent/when_what_policy_ablation_20260921/00_raw/tomato/scene_04/value_when/run_22_seed_2771536334/exp_tomato_20260921_213914_770380.txt,1,1,8.0,0.0,-1.4630000000000003,0.0
tomato,04,2941533860,ours,value_when,experiments_logs/analysis_recent/when_what_policy_ablation_20260921/00_raw/tomato/scene_04/ours/run_14_seed_2941533860/exp_tomato_20260921_014027_031932.txt,experiments_logs/analysis_recent/when_what_policy_ablation_20260921/00_raw/tomato/scene_04/value_when/run_14_seed_2941533860/exp_tomato_20260921_213849_716984.txt,1,1,13.0,-10.0,-3.8504000000000005,30.0
tomato,04,2993320002,ours,value_when,experiments_logs/analysis_recent/when_what_policy_ablation_20260921/00_raw/tomato/scene_04/ours/run_11_seed_2993320002/exp_tomato_20260921_014022_425264.txt,experiments_logs/analysis_recent/when_what_policy_ablation_20260921/00_raw/tomato/scene_04/value_when/run_11_seed_2993320002/exp_tomato_20260921_213841_052234.txt,1,1,5.0,0.0,-1.5088999999999997,0.0
tomato,04,3141647287,ours,value_when,experiments_logs/analysis_recent/when_what_policy_ablation_20260921/00_raw/tomato/scene_04/ours/run_29_seed_3141647287/exp_tomato_20260921_014051_537370.txt,experiments_logs/analysis_recent/when_what_policy_ablation_20260921/00_raw/tomato/scene_04/value_when/run_29_seed_3141647287/exp_tomato_20260921_213934_572660.txt,1,1,8.0,-3.0,-2.3523,0.0
tomato,04,3169457126,ours,value_when,experiments_logs/analysis_recent/when_what_policy_ablation_20260921/00_raw/tomato/scene_04/ours/run_17_seed_3169457126/exp_tomato_20260921_014031_834164.txt,experiments_logs/analysis_recent/when_what_policy_ablation_20260921/00_raw/tomato/scene_04/value_when/run_17_seed_3169457126/exp_tomato_20260921_213859_759152.txt,1,1,12.0,-2.0,-2.1640999999999995,0.0
tomato,04,321661848,ours,value_when,experiments_logs/analysis_recent/when_what_policy_ablation_20260921/00_raw/tomato/scene_04/ours/run_10_seed_321661848/exp_tomato_20260921_014020_943638.txt,experiments_logs/analysis_recent/when_what_policy_ablation_20260921/00_raw/tomato/scene_04/value_when/run_10_seed_321661848/exp_tomato_20260921_213838_435881.txt,1,1,9.0,0.0,-1.6208000000000002,0.0
tomato,04,3227930555,ours,value_when,experiments_logs/analysis_recent/when_what_policy_ablation_20260921/00_raw/tomato/scene_04/ours/run_23_seed_3227930555/exp_tomato_20260921_014041_975718.txt,experiments_logs/analysis_recent/when_what_policy_ablation_20260921/00_raw/tomato/scene_04/value_when/run_23_seed_3227930555/exp_tomato_20260921_213916_073956.txt,1,0,11.0,5.0,-0.20340000000000003,20.0
tomato,04,3315816046,ours,value_when,experiments_logs/analysis_recent/when_what_policy_ablation_20260921/00_raw/tomato/scene_04/ours/run_40_seed_3315816046/exp_tomato_20260921_014110_045357.txt,experiments_logs/analysis_recent/when_what_policy_ablation_20260921/00_raw/tomato/scene_04/value_when/run_40_seed_3315816046/exp_tomato_20260921_214008_172863.txt,1,1,13.0,-1.0,-1.5611,0.0
tomato,04,3372736775,ours,value_when,experiments_logs/analysis_recent/when_what_policy_ablation_20260921/00_raw/tomato/scene_04/ours/run_32_seed_3372736775/exp_tomato_20260921_014056_261241.txt,experiments_logs/analysis_recent/when_what_policy_ablation_20260921/00_raw/tomato/scene_04/value_when/run_32_seed_3372736775/exp_tomato_20260921_213941_285776.txt,1,1,10.0,-4.0,-2.8999999999999995,0.0
tomato,04,3386497120,ours,value_when,experiments_logs/analysis_recent/when_what_policy_ablation_20260921/00_raw/tomato/scene_04/ours/run_33_seed_3386497120/exp_tomato_20260921_014058_058099.txt,experiments_logs/analysis_recent/when_what_policy_ablation_20260921/00_raw/tomato/scene_04/value_when/run_33_seed_3386497120/exp_tomato_20260921_213945_503356.txt,1,1,9.0,-3.0,-2.7993999999999994,0.0
tomato,04,3614412854,ours,value_when,experiments_logs/analysis_recent/when_what_policy_ablation_20260921/00_raw/tomato/scene_04/ours/run_03_seed_3614412854/exp_tomato_20260921_014001_715995.txt,experiments_logs/analysis_recent/when_what_policy_ablation_20260921/00_raw/tomato/scene_04/value_when/run_03_seed_3614412854/exp_tomato_20260921_213808_684337.txt,1,0,9.0,9.0,0.5385,30.0
tomato,04,3661502133,ours,value_when,experiments_logs/analysis_recent/when_what_policy_ablation_20260921/00_raw/tomato/scene_04/ours/run_07_seed_3661502133/exp_tomato_20260921_014016_068265.txt,experiments_logs/analysis_recent/when_what_policy_ablation_20260921/00_raw/tomato/scene_04/value_when/run_07_seed_3661502133/exp_tomato_20260921_213828_608056.txt,0,0,6.0,0.0,-1.2578999999999994,0.0
tomato,04,3712541616,ours,value_when,experiments_logs/analysis_recent/when_what_policy_ablation_20260921/00_raw/tomato/scene_04/ours/run_16_seed_3712541616/exp_tomato_20260921_014030_156737.txt,experiments_logs/analysis_recent/when_what_policy_ablation_20260921/00_raw/tomato/scene_04/value_when/run_16_seed_3712541616/exp_tomato_20260921_213856_287237.txt,1,1,8.0,0.0,-1.5745,0.0
tomato,04,3815955531,ours,value_when,experiments_logs/analysis_recent/when_what_policy_ablation_20260921/00_raw/tomato/scene_04/ours/run_13_seed_3815955531/exp_tomato_20260921_014025_397344.txt,experiments_logs/analysis_recent/when_what_policy_ablation_20260921/00_raw/tomato/scene_04/value_when/run_13_seed_3815955531/exp_tomato_20260921_213844_609082.txt,1,1,6.0,0.0,-1.5328,0.0
tomato,04,3931316609,ours,value_when,experiments_logs/analysis_recent/when_what_policy_ablation_20260921/00_raw/tomato/scene_04/ours/run_39_seed_3931316609/exp_tomato_20260921_014108_479919.txt,experiments_logs/analysis_recent/when_what_policy_ablation_20260921/00_raw/tomato/scene_04/value_when/run_39_seed_3931316609/exp_tomato_20260921_214005_419805.txt,1,1,8.0,-2.0,-2.2062,0.0
tomato,04,3948166740,ours,value_when,experiments_logs/analysis_recent/when_what_policy_ablation_20260921/00_raw/tomato/scene_04/ours/run_18_seed_3948166740/exp_tomato_20260921_014033_521605.txt,experiments_logs/analysis_recent/when_what_policy_ablation_20260921/00_raw/tomato/scene_04/value_when/run_18_seed_3948166740/exp_tomato_20260921_213905_126033.txt,1,1,10.0,-8.0,-4.0592999999999995,0.0
tomato,04,442300768,ours,value_when,experiments_logs/analysis_recent/when_what_policy_ablation_20260921/00_raw/tomato/scene_04/ours/run_06_seed_442300768/exp_tomato_20260921_014006_609985.txt,experiments_logs/analysis_recent/when_what_policy_ablation_20260921/00_raw/tomato/scene_04/value_when/run_06_seed_442300768/exp_tomato_20260921_213818_264001.txt,1,1,10.0,-4.0,-2.7447999999999997,0.0
tomato,04,56491935,ours,value_when,experiments_logs/analysis_recent/when_what_policy_ablation_20260921/00_raw/tomato/scene_04/ours/run_21_seed_56491935/exp_tomato_20260921_014038_894924.txt,experiments_logs/analysis_recent/when_what_policy_ablation_20260921/00_raw/tomato/scene_04/value_when/run_21_seed_56491935/exp_tomato_20260921_213912_086072.txt,1,1,7.0,0.0,-1.3152000000000001,0.0
tomato,04,712937450,ours,value_when,experiments_logs/analysis_recent/when_what_policy_ablation_20260921/00_raw/tomato/scene_04/ours/run_02_seed_712937450/exp_tomato_20260921_014000_078070.txt,experiments_logs/analysis_recent/when_what_policy_ablation_20260921/00_raw/tomato/scene_04/value_when/run_02_seed_712937450/exp_tomato_20260921_213807_958133.txt,1,1,7.0,0.0,-1.4108,0.0
tomato,04,740609622,ours,value_when,experiments_logs/analysis_recent/when_what_policy_ablation_20260921/00_raw/tomato/scene_04/ours/run_24_seed_740609622/exp_tomato_20260921_014043_558710.txt,experiments_logs/analysis_recent/when_what_policy_ablation_20260921/00_raw/tomato/scene_04/value_when/run_24_seed_740609622/exp_tomato_20260921_213916_993823.txt,1,0,12.0,9.0,0.2930999999999999,30.0
tomato,05,1042830735,ours,value_when,experiments_logs/analysis_recent/when_what_policy_ablation_20260921/00_raw/tomato/scene_05/ours/run_39_seed_1042830735/exp_tomato_20260921_014220_170594.txt,experiments_logs/analysis_recent/when_what_policy_ablation_20260921/00_raw/tomato/scene_05/value_when/run_39_seed_1042830735/exp_tomato_20260921_214207_907434.txt,1,1,9.0,0.0,-1.5003,0.0
tomato,05,1101473435,ours,value_when,experiments_logs/analysis_recent/when_what_policy_ablation_20260921/00_raw/tomato/scene_05/ours/run_36_seed_1101473435/exp_tomato_20260921_014215_507065.txt,experiments_logs/analysis_recent/when_what_policy_ablation_20260921/00_raw/tomato/scene_05/value_when/run_36_seed_1101473435/exp_tomato_20260921_214159_814029.txt,1,1,8.0,-1.0,-2.158,0.0
tomato,05,1127296088,ours,value_when,experiments_logs/analysis_recent/when_what_policy_ablation_20260921/00_raw/tomato/scene_05/ours/run_24_seed_1127296088/exp_tomato_20260921_014155_283881.txt,experiments_logs/analysis_recent/when_what_policy_ablation_20260921/00_raw/tomato/scene_05/value_when/run_24_seed_1127296088/exp_tomato_20260921_214122_920787.txt,1,0,6.0,3.0,-0.7799,20.0
tomato,05,1196215500,ours,value_when,experiments_logs/analysis_recent/when_what_policy_ablation_20260921/00_raw/tomato/scene_05/ours/run_27_seed_1196215500/exp_tomato_20260921_014201_397845.txt,experiments_logs/analysis_recent/when_what_policy_ablation_20260921/00_raw/tomato/scene_05/value_when/run_27_seed_1196215500/exp_tomato_20260921_214132_887755.txt,1,0,8.0,0.0,-1.7542,10.0
tomato,05,1271340849,ours,value_when,experiments_logs/analysis_recent/when_what_policy_ablation_20260921/00_raw/tomato/scene_05/ours/run_26_seed_1271340849/exp_tomato_20260921_014158_523099.txt,experiments_logs/analysis_recent/when_what_policy_ablation_20260921/00_raw/tomato/scene_05/value_when/run_26_seed_1271340849/exp_tomato_20260921_214128_635301.txt,1,1,7.0,0.0,-1.6939999999999997,0.0
tomato,05,1573496301,ours,value_when,experiments_logs/analysis_recent/when_what_policy_ablation_20260921/00_raw/tomato/scene_05/ours/run_19_seed_1573496301/exp_tomato_20260921_014147_602593.txt,experiments_logs/analysis_recent/when_what_policy_ablation_20260921/00_raw/tomato/scene_05/value_when/run_19_seed_1573496301/exp_tomato_20260921_214112_048435.txt,1,0,7.0,-4.0,-2.8222,10.0
tomato,05,1584111328,ours,value_when,experiments_logs/analysis_recent/when_what_policy_ablation_20260921/00_raw/tomato/scene_05/ours/run_16_seed_1584111328/exp_tomato_20260921_014143_024386.txt,experiments_logs/analysis_recent/when_what_policy_ablation_20260921/00_raw/tomato/scene_05/value_when/run_16_seed_1584111328/exp_tomato_20260921_214059_998412.txt,1,1,10.0,-1.0,-2.0201000000000002,0.0
tomato,05,1691996467,ours,value_when,experiments_logs/analysis_recent/when_what_policy_ablation_20260921/00_raw/tomato/scene_05/ours/run_06_seed_1691996467/exp_tomato_20260921_014127_237707.txt,experiments_logs/analysis_recent/when_what_policy_ablation_20260921/00_raw/tomato/scene_05/value_when/run_06_seed_1691996467/exp_tomato_20260921_214031_533546.txt,0,0,7.0,0.0,-1.4193999999999996,0.0
tomato,05,1746555867,ours,value_when,experiments_logs/analysis_recent/when_what_policy_ablation_20260921/00_raw/tomato/scene_05/ours/run_04_seed_1746555867/exp_tomato_20260921_014116_351614.txt,experiments_logs/analysis_recent/when_what_policy_ablation_20260921/00_raw/tomato/scene_05/value_when/run_04_seed_1746555867/exp_tomato_20260921_214018_527271.txt,1,1,7.0,0.0,-1.6201999999999999,0.0
tomato,05,179847475,ours,value_when,experiments_logs/analysis_recent/when_what_policy_ablation_20260921/00_raw/tomato/scene_05/ours/run_10_seed_179847475/exp_tomato_20260921_014133_353979.txt,experiments_logs/analysis_recent/when_what_policy_ablation_20260921/00_raw/tomato/scene_05/value_when/run_10_seed_179847475/exp_tomato_20260921_214040_298055.txt,1,0,7.0,3.0,-0.6803000000000001,20.0
tomato,05,1896365895,ours,value_when,experiments_logs/analysis_recent/when_what_policy_ablation_20260921/00_raw/tomato/scene_05/ours/run_21_seed_1896365895/exp_tomato_20260921_014150_833436.txt,experiments_logs/analysis_recent/when_what_policy_ablation_20260921/00_raw/tomato/scene_05/value_when/run_21_seed_1896365895/exp_tomato_20260921_214116_811013.txt,1,1,8.0,-4.0,-2.8758,0.0
tomato,05,1985644872,ours,value_when,experiments_logs/analysis_recent/when_what_policy_ablation_20260921/00_raw/tomato/scene_05/ours/run_34_seed_1985644872/exp_tomato_20260921_014212_373856.txt,experiments_logs/analysis_recent/when_what_policy_ablation_20260921/00_raw/tomato/scene_05/value_when/run_34_seed_1985644872/exp_tomato_20260921_214152_296980.txt,1,0,6.0,0.0,-1.5492000000000004,10.0
tomato,05,2082077157,ours,value_when,experiments_logs/analysis_recent/when_what_policy_ablation_20260921/00_raw/tomato/scene_05/ours/run_15_seed_2082077157/exp_tomato_20260921_014141_357175.txt,experiments_logs/analysis_recent/when_what_policy_ablation_20260921/00_raw/tomato/scene_05/value_when/run_15_seed_2082077157/exp_tomato_20260921_214056_685016.txt,1,0,7.0,3.0,-0.7167,20.0
tomato,05,2128654182,ours,value_when,experiments_logs/analysis_recent/when_what_policy_ablation_20260921/00_raw/tomato/scene_05/ours/run_22_seed_2128654182/exp_tomato_20260921_014152_363099.txt,experiments_logs/analysis_recent/when_what_policy_ablation_20260921/00_raw/tomato/scene_05/value_when/run_22_seed_2128654182/exp_tomato_20260921_214120_115485.txt,1,1,9.0,-3.0,-2.1456999999999997,0.0
tomato,05,2141224597,ours,value_when,experiments_logs/analysis_recent/when_what_policy_ablation_20260921/00_raw/tomato/scene_05/ours/run_11_seed_2141224597/exp_tomato_20260921_014134_882925.txt,experiments_logs/analysis_recent/when_what_policy_ablation_20260921/00_raw/tomato/scene_05/value_when/run_11_seed_2141224597/exp_tomato_20260921_214043_063219.txt,1,0,9.0,2.0,-1.6039,20.0
tomato,05,2222584418,ours,value_when,experiments_logs/analysis_recent/when_what_policy_ablation_20260921/00_raw/tomato/scene_05/ours/run_18_seed_2222584418/exp_tomato_20260921_014146_132341.txt,experiments_logs/analysis_recent/when_what_policy_ablation_20260921/00_raw/tomato/scene_05/value_when/run_18_seed_2222584418/exp_tomato_20260921_214108_128736.txt,1,1,8.0,-4.0,-2.8099,0.0
tomato,05,2231101089,ours,value_when,experiments_logs/analysis_recent/when_what_policy_ablation_20260921/00_raw/tomato/scene_05/ours/run_30_seed_2231101089/exp_tomato_20260921_014206_086157.txt,experiments_logs/analysis_recent/when_what_policy_ablation_20260921/00_raw/tomato/scene_05/value_when/run_30_seed_2231101089/exp_tomato_20260921_214141_424462.txt,1,1,8.0,0.0,-1.5504999999999998,0.0
tomato,05,259038599,ours,value_when,experiments_logs/analysis_recent/when_what_policy_ablation_20260921/00_raw/tomato/scene_05/ours/run_02_seed_259038599/exp_tomato_20260921_014113_118794.txt,experiments_logs/analysis_recent/when_what_policy_ablation_20260921/00_raw/tomato/scene_05/value_when/run_02_seed_259038599/exp_tomato_20260921_214014_799384.txt,1,1,8.0,-4.0,-2.904,0.0
tomato,05,2591322916,ours,value_when,experiments_logs/analysis_recent/when_what_policy_ablation_20260921/00_raw/tomato/scene_05/ours/run_14_seed_2591322916/exp_tomato_20260921_014139_904717.txt,experiments_logs/analysis_recent/when_what_policy_ablation_20260921/00_raw/tomato/scene_05/value_when/run_14_seed_2591322916/exp_tomato_20260921_214054_882078.txt,1,1,6.0,-8.0,-3.9366000000000003,0.0
tomato,05,2654066318,ours,value_when,experiments_logs/analysis_recent/when_what_policy_ablation_20260921/00_raw/tomato/scene_05/ours/run_07_seed_2654066318/exp_tomato_20260921_014128_726039.txt,experiments_logs/analysis_recent/when_what_policy_ablation_20260921/00_raw/tomato/scene_05/value_when/run_07_seed_2654066318/exp_tomato_20260921_214035_369777.txt,1,1,7.0,-4.0,-2.7275,0.0
tomato,05,28332744,ours,value_when,experiments_logs/analysis_recent/when_what_policy_ablation_20260921/00_raw/tomato/scene_05/ours/run_31_seed_28332744/exp_tomato_20260921_014207_765167.txt,experiments_logs/analysis_recent/when_what_policy_ablation_20260921/00_raw/tomato/scene_05/value_when/run_31_seed_28332744/exp_tomato_20260921_214144_318620.txt,1,1,8.0,0.0,-1.5999,0.0
tomato,05,2883494985,ours,value_when,experiments_logs/analysis_recent/when_what_policy_ablation_20260921/00_raw/tomato/scene_05/ours/run_17_seed_2883494985/exp_tomato_20260921_014144_492823.txt,experiments_logs/analysis_recent/when_what_policy_ablation_20260921/00_raw/tomato/scene_05/value_when/run_17_seed_2883494985/exp_tomato_20260921_214104_060918.txt,1,1,7.0,-4.0,-2.9654,0.0
tomato,05,2898963405,ours,value_when,experiments_logs/analysis_recent/when_what_policy_ablation_20260921/00_raw/tomato/scene_05/ours/run_03_seed_2898963405/exp_tomato_20260921_014114_782258.txt,experiments_logs/analysis_recent/when_what_policy_ablation_20260921/00_raw/tomato/scene_05/value_when/run_03_seed_2898963405/exp_tomato_20260921_214015_711510.txt,1,0,10.0,9.0,0.3680000000000001,30.0
tomato,05,3034198474,ours,value_when,experiments_logs/analysis_recent/when_what_policy_ablation_20260921/00_raw/tomato/scene_05/ours/run_40_seed_3034198474/exp_tomato_20260921_014221_642697.txt,experiments_logs/analysis_recent/when_what_policy_ablation_20260921/00_raw/tomato/scene_05/value_when/run_40_seed_3034198474/exp_tomato_20260921_214210_478931.txt,1,1,10.0,0.0,-1.4826,0.0
tomato,05,346784313,ours,value_when,experiments_logs/analysis_recent/when_what_policy_ablation_20260921/00_raw/tomato/scene_05/ours/run_25_seed_346784313/exp_tomato_20260921_014156_897695.txt,experiments_logs/analysis_recent/when_what_policy_ablation_20260921/00_raw/tomato/scene_05/value_when/run_25_seed_346784313/exp_tomato_20260921_214125_688721.txt,1,1,8.0,0.0,-1.5243999999999998,0.0
tomato,05,3471226395,ours,value_when,experiments_logs/analysis_recent/when_what_policy_ablation_20260921/00_raw/tomato/scene_05/ours/run_23_seed_3471226395/exp_tomato_20260921_014153_809007.txt,experiments_logs/analysis_recent/when_what_policy_ablation_20260921/00_raw/tomato/scene_05/value_when/run_23_seed_3471226395/exp_tomato_20260921_214121_024331.txt,1,0,8.0,8.0,0.16689999999999994,30.0
tomato,05,3594782946,ours,value_when,experiments_logs/analysis_recent/when_what_policy_ablation_20260921/00_raw/tomato/scene_05/ours/run_28_seed_3594782946/exp_tomato_20260921_014203_005905.txt,experiments_logs/analysis_recent/when_what_policy_ablation_20260921/00_raw/tomato/scene_05/value_when/run_28_seed_3594782946/exp_tomato_20260921_214135_653122.txt,1,1,6.0,0.0,-1.5303000000000002,0.0
tomato,05,3637968608,ours,value_when,experiments_logs/analysis_recent/when_what_policy_ablation_20260921/00_raw/tomato/scene_05/ours/run_33_seed_3637968608/exp_tomato_20260921_014210_892241.txt,experiments_logs/analysis_recent/when_what_policy_ablation_20260921/00_raw/tomato/scene_05/value_when/run_33_seed_3637968608/exp_tomato_20260921_214149_643466.txt,1,1,6.0,0.0,-1.5982,0.0
tomato,05,3696024021,ours,value_when,experiments_logs/analysis_recent/when_what_policy_ablation_20260921/00_raw/tomato/scene_05/ours/run_37_seed_3696024021/exp_tomato_20260921_014217_028281.txt,experiments_logs/analysis_recent/when_what_policy_ablation_20260921/00_raw/tomato/scene_05/value_when/run_37_seed_3696024021/exp_tomato_20260921_214202_430533.txt,1,1,5.0,0.0,-1.4665999999999997,0.0
tomato,05,3850832736,ours,value_when,experiments_logs/analysis_recent/when_what_policy_ablation_20260921/00_raw/tomato/scene_05/ours/run_20_seed_3850832736/exp_tomato_20260921_014149_260385.txt,experiments_logs/analysis_recent/when_what_policy_ablation_20260921/00_raw/tomato/scene_05/value_when/run_20_seed_3850832736/exp_tomato_20260921_214112_743855.txt,1,0,10.0,9.0,0.5904,30.0
tomato,05,3869246695,ours,value_when,experiments_logs/analysis_recent/when_what_policy_ablation_20260921/00_raw/tomato/scene_05/ours/run_29_seed_3869246695/exp_tomato_20260921_014204_490816.txt,experiments_logs/analysis_recent/when_what_policy_ablation_20260921/00_raw/tomato/scene_05/value_when/run_29_seed_3869246695/exp_tomato_20260921_214138_657526.txt,1,0,7.0,-2.0,-1.8973,10.0
tomato,05,3873493540,ours,value_when,experiments_logs/analysis_recent/when_what_policy_ablation_20260921/00_raw/tomato/scene_05/ours/run_12_seed_3873493540/exp_tomato_20260921_014136_484016.txt,experiments_logs/analysis_recent/when_what_policy_ablation_20260921/00_raw/tomato/scene_05/value_when/run_12_seed_3873493540/exp_tomato_20260921_214046_468364.txt,1,1,9.0,-1.0,-2.1773,0.0
tomato,05,3945754139,ours,value_when,experiments_logs/analysis_recent/when_what_policy_ablation_20260921/00_raw/tomato/scene_05/ours/run_01_seed_3945754139/exp_tomato_20260921_014111_515811.txt,experiments_logs/analysis_recent/when_what_policy_ablation_20260921/00_raw/tomato/scene_05/value_when/run_01_seed_3945754139/exp_tomato_20260921_214010_667204.txt,1,1,7.0,0.0,-1.3921,0.0
tomato,05,4191848859,ours,value_when,experiments_logs/analysis_recent/when_what_policy_ablation_20260921/00_raw/tomato/scene_05/ours/run_38_seed_4191848859/exp_tomato_20260921_014218_551769.txt,experiments_logs/analysis_recent/when_what_policy_ablation_20260921/00_raw/tomato/scene_05/value_when/run_38_seed_4191848859/exp_tomato_20260921_214205_153596.txt,1,1,8.0,0.0,-1.5598,0.0
tomato,05,444653586,ours,value_when,experiments_logs/analysis_recent/when_what_policy_ablation_20260921/00_raw/tomato/scene_05/ours/run_13_seed_444653586/exp_tomato_20260921_014138_411585.txt,experiments_logs/analysis_recent/when_what_policy_ablation_20260921/00_raw/tomato/scene_05/value_when/run_13_seed_444653586/exp_tomato_20260921_214049_824885.txt,1,1,6.0,0.0,-1.7983,0.0
tomato,05,589229374,ours,value_when,experiments_logs/analysis_recent/when_what_policy_ablation_20260921/00_raw/tomato/scene_05/ours/run_35_seed_589229374/exp_tomato_20260921_014213_979802.txt,experiments_logs/analysis_recent/when_what_policy_ablation_20260921/00_raw/tomato/scene_05/value_when/run_35_seed_589229374/exp_tomato_20260921_214156_497124.txt,1,1,11.0,-4.0,-2.9702,0.0
tomato,05,715972481,ours,value_when,experiments_logs/analysis_recent/when_what_policy_ablation_20260921/00_raw/tomato/scene_05/ours/run_08_seed_715972481/exp_tomato_20260921_014130_224109.txt,experiments_logs/analysis_recent/when_what_policy_ablation_20260921/00_raw/tomato/scene_05/value_when/run_08_seed_715972481/exp_tomato_20260921_214037_831776.txt,1,1,6.0,0.0,-1.3421,0.0
tomato,05,794861334,ours,value_when,experiments_logs/analysis_recent/when_what_policy_ablation_20260921/00_raw/tomato/scene_05/ours/run_09_seed_794861334/exp_tomato_20260921_014131_859102.txt,experiments_logs/analysis_recent/when_what_policy_ablation_20260921/00_raw/tomato/scene_05/value_when/run_09_seed_794861334/exp_tomato_20260921_214038_497124.txt,1,0,8.0,9.0,0.5948,30.0
tomato,05,815541928,ours,value_when,experiments_logs/analysis_recent/when_what_policy_ablation_20260921/00_raw/tomato/scene_05/ours/run_32_seed_815541928/exp_tomato_20260921_014209_294091.txt,experiments_logs/analysis_recent/when_what_policy_ablation_20260921/00_raw/tomato/scene_05/value_when/run_32_seed_815541928/exp_tomato_20260921_214146_826028.txt,1,1,5.0,0.0,-1.3652,0.0
tomato,05,879805946,ours,value_when,experiments_logs/analysis_recent/when_what_policy_ablation_20260921/00_raw/tomato/scene_05/ours/run_05_seed_879805946/exp_tomato_20260921_014117_990969.txt,experiments_logs/analysis_recent/when_what_policy_ablation_20260921/00_raw/tomato/scene_05/value_when/run_05_seed_879805946/exp_tomato_20260921_214021_240888.txt,1,1,6.0,0.0,-1.4479000000000002,0.0
tomato,01,1025671343,ours,value_what,experiments_logs/analysis_recent/when_what_policy_ablation_20260921/00_raw/tomato/scene_01/ours/run_40_seed_1025671343/exp_tomato_20260921_013741_685598.txt,experiments_logs/analysis_recent/when_what_policy_ablation_20260921/00_raw/tomato/scene_01/value_what/run_40_seed_1025671343/exp_tomato_20260921_214900_552592.txt,1,1,-6.0,1.0,-0.7473000000000001,0.0
tomato,01,1084618528,ours,value_what,experiments_logs/analysis_recent/when_what_policy_ablation_20260921/00_raw/tomato/scene_01/ours/run_33_seed_1084618528/exp_tomato_20260921_013729_333914.txt,experiments_logs/analysis_recent/when_what_policy_ablation_20260921/00_raw/tomato/scene_01/value_what/run_33_seed_1084618528/exp_tomato_20260921_214845_854446.txt,1,1,-3.0,0.0,-0.8732000000000001,0.0
tomato,01,1201029111,ours,value_what,experiments_logs/analysis_recent/when_what_policy_ablation_20260921/00_raw/tomato/scene_01/ours/run_08_seed_1201029111/exp_tomato_20260921_013641_435969.txt,experiments_logs/analysis_recent/when_what_policy_ablation_20260921/00_raw/tomato/scene_01/value_what/run_08_seed_1201029111/exp_tomato_20260921_214737_379282.txt,1,1,-2.0,0.0,-0.8828,0.0
tomato,01,1233339309,ours,value_what,experiments_logs/analysis_recent/when_what_policy_ablation_20260921/00_raw/tomato/scene_01/ours/run_27_seed_1233339309/exp_tomato_20260921_013712_009541.txt,experiments_logs/analysis_recent/when_what_policy_ablation_20260921/00_raw/tomato/scene_01/value_what/run_27_seed_1233339309/exp_tomato_20260921_214826_016681.txt,1,1,-4.0,0.0,-0.9788999999999999,0.0
tomato,01,1273020582,ours,value_what,experiments_logs/analysis_recent/when_what_policy_ablation_20260921/00_raw/tomato/scene_01/ours/run_03_seed_1273020582/exp_tomato_20260921_013632_758665.txt,experiments_logs/analysis_recent/when_what_policy_ablation_20260921/00_raw/tomato/scene_01/value_what/run_03_seed_1273020582/exp_tomato_20260921_214725_778929.txt,1,1,-3.0,0.0,-0.9273999999999998,0.0
tomato,01,1649478604,ours,value_what,experiments_logs/analysis_recent/when_what_policy_ablation_20260921/00_raw/tomato/scene_01/ours/run_25_seed_1649478604/exp_tomato_20260921_013708_744424.txt,experiments_logs/analysis_recent/when_what_policy_ablation_20260921/00_raw/tomato/scene_01/value_what/run_25_seed_1649478604/exp_tomato_20260921_214821_466504.txt,1,1,0.0,0.0,-1.0116,0.0
tomato,01,1911303750,ours,value_what,experiments_logs/analysis_recent/when_what_policy_ablation_20260921/00_raw/tomato/scene_01/ours/run_06_seed_1911303750/exp_tomato_20260921_013638_056538.txt,experiments_logs/analysis_recent/when_what_policy_ablation_20260921/00_raw/tomato/scene_01/value_what/run_06_seed_1911303750/exp_tomato_20260921_214733_140639.txt,1,1,-4.0,0.0,-1.1623,0.0
tomato,01,2027029533,ours,value_what,experiments_logs/analysis_recent/when_what_policy_ablation_20260921/00_raw/tomato/scene_01/ours/run_17_seed_2027029533/exp_tomato_20260921_013656_248721.txt,experiments_logs/analysis_recent/when_what_policy_ablation_20260921/00_raw/tomato/scene_01/value_what/run_17_seed_2027029533/exp_tomato_20260921_214756_732437.txt,1,1,-5.0,1.0,-0.6945000000000001,0.0
tomato,01,2030859206,ours,value_what,experiments_logs/analysis_recent/when_what_policy_ablation_20260921/00_raw/tomato/scene_01/ours/run_01_seed_2030859206/exp_tomato_20260921_013629_645526.txt,experiments_logs/analysis_recent/when_what_policy_ablation_20260921/00_raw/tomato/scene_01/value_what/run_01_seed_2030859206/exp_tomato_20260921_214721_540591.txt,1,1,-9.0,1.0,-0.9519,0.0
tomato,01,217537032,ours,value_what,experiments_logs/analysis_recent/when_what_policy_ablation_20260921/00_raw/tomato/scene_01/ours/run_22_seed_217537032/exp_tomato_20260921_013704_174164.txt,experiments_logs/analysis_recent/when_what_policy_ablation_20260921/00_raw/tomato/scene_01/value_what/run_22_seed_217537032/exp_tomato_20260921_214815_287950.txt,1,1,-5.0,0.0,-1.2949000000000002,0.0
tomato,01,2204152357,ours,value_what,experiments_logs/analysis_recent/when_what_policy_ablation_20260921/00_raw/tomato/scene_01/ours/run_26_seed_2204152357/exp_tomato_20260921_013710_360620.txt,experiments_logs/analysis_recent/when_what_policy_ablation_20260921/00_raw/tomato/scene_01/value_what/run_26_seed_2204152357/exp_tomato_20260921_214823_768744.txt,1,1,-5.0,0.0,-1.0514,0.0
tomato,01,2222960263,ours,value_what,experiments_logs/analysis_recent/when_what_policy_ablation_20260921/00_raw/tomato/scene_01/ours/run_02_seed_2222960263/exp_tomato_20260921_013631_172555.txt,experiments_logs/analysis_recent/when_what_policy_ablation_20260921/00_raw/tomato/scene_01/value_what/run_02_seed_2222960263/exp_tomato_20260921_214723_642165.txt,1,1,-5.0,0.0,-0.9494,0.0
tomato,01,2508123787,ours,value_what,experiments_logs/analysis_recent/when_what_policy_ablation_20260921/00_raw/tomato/scene_01/ours/run_10_seed_2508123787/exp_tomato_20260921_013644_670038.txt,experiments_logs/analysis_recent/when_what_policy_ablation_20260921/00_raw/tomato/scene_01/value_what/run_10_seed_2508123787/exp_tomato_20260921_214742_091516.txt,1,1,-9.0,-2.0,-1.2753,0.0
tomato,01,2607182153,ours,value_what,experiments_logs/analysis_recent/when_what_policy_ablation_20260921/00_raw/tomato/scene_01/ours/run_36_seed_2607182153/exp_tomato_20260921_013734_064381.txt,experiments_logs/analysis_recent/when_what_policy_ablation_20260921/00_raw/tomato/scene_01/value_what/run_36_seed_2607182153/exp_tomato_20260921_214852_417679.txt,1,1,-4.0,0.0,-1.0871999999999997,0.0
tomato,01,2698243041,ours,value_what,experiments_logs/analysis_recent/when_what_policy_ablation_20260921/00_raw/tomato/scene_01/ours/run_05_seed_2698243041/exp_tomato_20260921_013636_396936.txt,experiments_logs/analysis_recent/when_what_policy_ablation_20260921/00_raw/tomato/scene_01/value_what/run_05_seed_2698243041/exp_tomato_20260921_214730_685531.txt,1,1,-4.0,0.0,-1.2376,0.0
tomato,01,2741500852,ours,value_what,experiments_logs/analysis_recent/when_what_policy_ablation_20260921/00_raw/tomato/scene_01/ours/run_11_seed_2741500852/exp_tomato_20260921_013646_461755.txt,experiments_logs/analysis_recent/when_what_policy_ablation_20260921/00_raw/tomato/scene_01/value_what/run_11_seed_2741500852/exp_tomato_20260921_214744_311532.txt,1,1,-2.0,1.0,-0.8043,0.0
tomato,01,3008854274,ours,value_what,experiments_logs/analysis_recent/when_what_policy_ablation_20260921/00_raw/tomato/scene_01/ours/run_38_seed_3008854274/exp_tomato_20260921_013737_631876.txt,experiments_logs/analysis_recent/when_what_policy_ablation_20260921/00_raw/tomato/scene_01/value_what/run_38_seed_3008854274/exp_tomato_20260921_214857_012565.txt,1,1,-5.0,1.0,-0.8535999999999999,0.0
tomato,01,3049697230,ours,value_what,experiments_logs/analysis_recent/when_what_policy_ablation_20260921/00_raw/tomato/scene_01/ours/run_15_seed_3049697230/exp_tomato_20260921_013652_903895.txt,experiments_logs/analysis_recent/when_what_policy_ablation_20260921/00_raw/tomato/scene_01/value_what/run_15_seed_3049697230/exp_tomato_20260921_214752_623348.txt,1,1,-6.0,1.0,-0.7061,0.0
tomato,01,311025495,ours,value_what,experiments_logs/analysis_recent/when_what_policy_ablation_20260921/00_raw/tomato/scene_01/ours/run_20_seed_311025495/exp_tomato_20260921_013700_948247.txt,experiments_logs/analysis_recent/when_what_policy_ablation_20260921/00_raw/tomato/scene_01/value_what/run_20_seed_311025495/exp_tomato_20260921_214810_502255.txt,1,1,-3.0,0.0,-0.9879999999999998,0.0
tomato,01,323427982,ours,value_what,experiments_logs/analysis_recent/when_what_policy_ablation_20260921/00_raw/tomato/scene_01/ours/run_19_seed_323427982/exp_tomato_20260921_013659_373934.txt,experiments_logs/analysis_recent/when_what_policy_ablation_20260921/00_raw/tomato/scene_01/value_what/run_19_seed_323427982/exp_tomato_20260921_214808_303767.txt,1,1,-5.0,0.0,-0.9021,0.0
tomato,01,3325784884,ours,value_what,experiments_logs/analysis_recent/when_what_policy_ablation_20260921/00_raw/tomato/scene_01/ours/run_30_seed_3325784884/exp_tomato_20260921_013724_702826.txt,experiments_logs/analysis_recent/when_what_policy_ablation_20260921/00_raw/tomato/scene_01/value_what/run_30_seed_3325784884/exp_tomato_20260921_214839_453378.txt,0,0,-1.0,0.0,-0.38920000000000066,0.0
tomato,01,3357973338,ours,value_what,experiments_logs/analysis_recent/when_what_policy_ablation_20260921/00_raw/tomato/scene_01/ours/run_28_seed_3357973338/exp_tomato_20260921_013713_644827.txt,experiments_logs/analysis_recent/when_what_policy_ablation_20260921/00_raw/tomato/scene_01/value_what/run_28_seed_3357973338/exp_tomato_20260921_214828_170764.txt,1,1,-1.0,0.0,-0.8925000000000003,0.0
tomato,01,3373062200,ours,value_what,experiments_logs/analysis_recent/when_what_policy_ablation_20260921/00_raw/tomato/scene_01/ours/run_39_seed_3373062200/exp_tomato_20260921_013739_850947.txt,experiments_logs/analysis_recent/when_what_policy_ablation_20260921/00_raw/tomato/scene_01/value_what/run_39_seed_3373062200/exp_tomato_20260921_214858_346963.txt,1,0,1.0,8.0,0.5045,10.0
tomato,01,338448945,ours,value_what,experiments_logs/analysis_recent/when_what_policy_ablation_20260921/00_raw/tomato/scene_01/ours/run_37_seed_338448945/exp_tomato_20260921_013735_732148.txt,experiments_logs/analysis_recent/when_what_policy_ablation_20260921/00_raw/tomato/scene_01/value_what/run_37_seed_338448945/exp_tomato_20260921_214854_640678.txt,1,1,-3.0,0.0,-0.9411999999999998,0.0
tomato,01,3389846695,ours,value_what,experiments_logs/analysis_recent/when_what_policy_ablation_20260921/00_raw/tomato/scene_01/ours/run_09_seed_3389846695/exp_tomato_20260921_013643_028131.txt,experiments_logs/analysis_recent/when_what_policy_ablation_20260921/00_raw/tomato/scene_01/value_what/run_09_seed_3389846695/exp_tomato_20260921_214739_542955.txt,1,1,-3.0,0.0,-0.9428999999999998,0.0
tomato,01,3466707993,ours,value_what,experiments_logs/analysis_recent/when_what_policy_ablation_20260921/00_raw/tomato/scene_01/ours/run_24_seed_3466707993/exp_tomato_20260921_013707_140488.txt,experiments_logs/analysis_recent/when_what_policy_ablation_20260921/00_raw/tomato/scene_01/value_what/run_24_seed_3466707993/exp_tomato_20260921_214819_224663.txt,1,1,-4.0,0.0,-0.8625,0.0
tomato,01,3638621671,ours,value_what,experiments_logs/analysis_recent/when_what_policy_ablation_20260921/00_raw/tomato/scene_01/ours/run_32_seed_3638621671/exp_tomato_20260921_013727_898251.txt,experiments_logs/analysis_recent/when_what_policy_ablation_20260921/00_raw/tomato/scene_01/value_what/run_32_seed_3638621671/exp_tomato_20260921_214843_912265.txt,1,1,-4.0,0.0,-1.2889000000000002,0.0
tomato,01,3649707942,ours,value_what,experiments_logs/analysis_recent/when_what_policy_ablation_20260921/00_raw/tomato/scene_01/ours/run_29_seed_3649707942/exp_tomato_20260921_013715_132563.txt,experiments_logs/analysis_recent/when_what_policy_ablation_20260921/00_raw/tomato/scene_01/value_what/run_29_seed_3649707942/exp_tomato_20260921_214829_871815.txt,1,1,0.0,0.0,-0.6020000000000001,0.0
tomato,01,3736902642,ours,value_what,experiments_logs/analysis_recent/when_what_policy_ablation_20260921/00_raw/tomato/scene_01/ours/run_18_seed_3736902642/exp_tomato_20260921_013657_898170.txt,experiments_logs/analysis_recent/when_what_policy_ablation_20260921/00_raw/tomato/scene_01/value_what/run_18_seed_3736902642/exp_tomato_20260921_214806_310700.txt,1,0,-4.0,-34.0,-8.2997,190.0
tomato,01,3877458541,ours,value_what,experiments_logs/analysis_recent/when_what_policy_ablation_20260921/00_raw/tomato/scene_01/ours/run_31_seed_3877458541/exp_tomato_20260921_013726_229856.txt,experiments_logs/analysis_recent/when_what_policy_ablation_20260921/00_raw/tomato/scene_01/value_what/run_31_seed_3877458541/exp_tomato_20260921_214841_330886.txt,1,1,-4.0,0.0,-0.7329000000000001,0.0
tomato,01,4028845444,ours,value_what,experiments_logs/analysis_recent/when_what_policy_ablation_20260921/00_raw/tomato/scene_01/ours/run_35_seed_4028845444/exp_tomato_20260921_013732_485056.txt,experiments_logs/analysis_recent/when_what_policy_ablation_20260921/00_raw/tomato/scene_01/value_what/run_35_seed_4028845444/exp_tomato_20260921_214850_128365.txt,1,1,-4.0,0.0,-0.7757,0.0
tomato,01,405999239,ours,value_what,experiments_logs/analysis_recent/when_what_policy_ablation_20260921/00_raw/tomato/scene_01/ours/run_34_seed_405999239/exp_tomato_20260921_013731_023231.txt,experiments_logs/analysis_recent/when_what_policy_ablation_20260921/00_raw/tomato/scene_01/value_what/run_34_seed_405999239/exp_tomato_20260921_214848_259814.txt,1,1,-2.0,0.0,-1.0924999999999998,0.0
tomato,01,4065849833,ours,value_what,experiments_logs/analysis_recent/when_what_policy_ablation_20260921/00_raw/tomato/scene_01/ours/run_12_seed_4065849833/exp_tomato_20260921_013647_932202.txt,experiments_logs/analysis_recent/when_what_policy_ablation_20260921/00_raw/tomato/scene_01/value_what/run_12_seed_4065849833/exp_tomato_20260921_214746_128160.txt,1,1,0.0,0.0,-0.7179,0.0
tomato,01,532817344,ours,value_what,experiments_logs/analysis_recent/when_what_policy_ablation_20260921/00_raw/tomato/scene_01/ours/run_23_seed_532817344/exp_tomato_20260921_013705_654301.txt,experiments_logs/analysis_recent/when_what_policy_ablation_20260921/00_raw/tomato/scene_01/value_what/run_23_seed_532817344/exp_tomato_20260921_214817_253410.txt,1,1,-5.0,0.0,-0.8668,0.0
tomato,01,597016452,ours,value_what,experiments_logs/analysis_recent/when_what_policy_ablation_20260921/00_raw/tomato/scene_01/ours/run_16_seed_597016452/exp_tomato_20260921_013654_403230.txt,experiments_logs/analysis_recent/when_what_policy_ablation_20260921/00_raw/tomato/scene_01/value_what/run_16_seed_597016452/exp_tomato_20260921_214754_572896.txt,1,1,-5.0,0.0,-0.8277000000000001,0.0
tomato,01,796400590,ours,value_what,experiments_logs/analysis_recent/when_what_policy_ablation_20260921/00_raw/tomato/scene_01/ours/run_07_seed_796400590/exp_tomato_20260921_013639_945912.txt,experiments_logs/analysis_recent/when_what_policy_ablation_20260921/00_raw/tomato/scene_01/value_what/run_07_seed_796400590/exp_tomato_20260921_214735_378999.txt,1,1,-1.0,0.0,-0.7201,0.0
tomato,01,821007751,ours,value_what,experiments_logs/analysis_recent/when_what_policy_ablation_20260921/00_raw/tomato/scene_01/ours/run_13_seed_821007751/exp_tomato_20260921_013649_554274.txt,experiments_logs/analysis_recent/when_what_policy_ablation_20260921/00_raw/tomato/scene_01/value_what/run_13_seed_821007751/exp_tomato_20260921_214748_425802.txt,1,1,-5.0,0.0,-1.0439000000000003,0.0
tomato,01,866496583,ours,value_what,experiments_logs/analysis_recent/when_what_policy_ablation_20260921/00_raw/tomato/scene_01/ours/run_04_seed_866496583/exp_tomato_20260921_013634_643551.txt,experiments_logs/analysis_recent/when_what_policy_ablation_20260921/00_raw/tomato/scene_01/value_what/run_04_seed_866496583/exp_tomato_20260921_214728_078879.txt,1,1,-6.0,1.0,-0.7887,0.0
tomato,01,871806833,ours,value_what,experiments_logs/analysis_recent/when_what_policy_ablation_20260921/00_raw/tomato/scene_01/ours/run_21_seed_871806833/exp_tomato_20260921_013702_481175.txt,experiments_logs/analysis_recent/when_what_policy_ablation_20260921/00_raw/tomato/scene_01/value_what/run_21_seed_871806833/exp_tomato_20260921_214812_674805.txt,1,1,-4.0,0.0,-1.0125000000000002,0.0
tomato,01,965164034,ours,value_what,experiments_logs/analysis_recent/when_what_policy_ablation_20260921/00_raw/tomato/scene_01/ours/run_14_seed_965164034/exp_tomato_20260921_013651_010162.txt,experiments_logs/analysis_recent/when_what_policy_ablation_20260921/00_raw/tomato/scene_01/value_what/run_14_seed_965164034/exp_tomato_20260921_214750_397218.txt,1,1,-5.0,0.0,-0.8865999999999999,0.0
tomato,02,1150817657,ours,value_what,experiments_logs/analysis_recent/when_what_policy_ablation_20260921/00_raw/tomato/scene_02/ours/run_04_seed_1150817657/exp_tomato_20260921_013749_080954.txt,experiments_logs/analysis_recent/when_what_policy_ablation_20260921/00_raw/tomato/scene_02/value_what/run_04_seed_1150817657/exp_tomato_20260921_214910_370869.txt,1,1,-4.0,0.0,-1.0079999999999998,0.0
tomato,02,1337352578,ours,value_what,experiments_logs/analysis_recent/when_what_policy_ablation_20260921/00_raw/tomato/scene_02/ours/run_12_seed_1337352578/exp_tomato_20260921_013801_301864.txt,experiments_logs/analysis_recent/when_what_policy_ablation_20260921/00_raw/tomato/scene_02/value_what/run_12_seed_1337352578/exp_tomato_20260921_214926_861673.txt,1,1,-3.0,0.0,-0.9580000000000002,0.0
tomato,02,1408900490,ours,value_what,experiments_logs/analysis_recent/when_what_policy_ablation_20260921/00_raw/tomato/scene_02/ours/run_19_seed_1408900490/exp_tomato_20260921_013812_324845.txt,experiments_logs/analysis_recent/when_what_policy_ablation_20260921/00_raw/tomato/scene_02/value_what/run_19_seed_1408900490/exp_tomato_20260921_214942_558564.txt,1,1,-5.0,0.0,-0.8072999999999999,0.0
tomato,02,1422635806,ours,value_what,experiments_logs/analysis_recent/when_what_policy_ablation_20260921/00_raw/tomato/scene_02/ours/run_15_seed_1422635806/exp_tomato_20260921_013805_837748.txt,experiments_logs/analysis_recent/when_what_policy_ablation_20260921/00_raw/tomato/scene_02/value_what/run_15_seed_1422635806/exp_tomato_20260921_214933_452676.txt,1,1,-4.0,0.0,-0.8791,0.0
tomato,02,1477592928,ours,value_what,experiments_logs/analysis_recent/when_what_policy_ablation_20260921/00_raw/tomato/scene_02/ours/run_39_seed_1477592928/exp_tomato_20260921_013844_128756.txt,experiments_logs/analysis_recent/when_what_policy_ablation_20260921/00_raw/tomato/scene_02/value_what/run_39_seed_1477592928/exp_tomato_20260921_215025_041914.txt,1,1,0.0,0.0,-0.704,0.0
tomato,02,1903174235,ours,value_what,experiments_logs/analysis_recent/when_what_policy_ablation_20260921/00_raw/tomato/scene_02/ours/run_14_seed_1903174235/exp_tomato_20260921_013804_340710.txt,experiments_logs/analysis_recent/when_what_policy_ablation_20260921/00_raw/tomato/scene_02/value_what/run_14_seed_1903174235/exp_tomato_20260921_214931_441136.txt,1,1,-3.0,0.0,-0.8583,0.0
tomato,02,1919828458,ours,value_what,experiments_logs/analysis_recent/when_what_policy_ablation_20260921/00_raw/tomato/scene_02/ours/run_38_seed_1919828458/exp_tomato_20260921_013842_675236.txt,experiments_logs/analysis_recent/when_what_policy_ablation_20260921/00_raw/tomato/scene_02/value_what/run_38_seed_1919828458/exp_tomato_20260921_215023_255577.txt,1,1,-1.0,0.0,-0.8881999999999999,0.0
tomato,02,1969507524,ours,value_what,experiments_logs/analysis_recent/when_what_policy_ablation_20260921/00_raw/tomato/scene_02/ours/run_20_seed_1969507524/exp_tomato_20260921_013813_938505.txt,experiments_logs/analysis_recent/when_what_policy_ablation_20260921/00_raw/tomato/scene_02/value_what/run_20_seed_1969507524/exp_tomato_20260921_214944_474692.txt,1,1,0.0,0.0,-0.7618,0.0
tomato,02,2138595888,ours,value_what,experiments_logs/analysis_recent/when_what_policy_ablation_20260921/00_raw/tomato/scene_02/ours/run_29_seed_2138595888/exp_tomato_20260921_013828_550678.txt,experiments_logs/analysis_recent/when_what_policy_ablation_20260921/00_raw/tomato/scene_02/value_what/run_29_seed_2138595888/exp_tomato_20260921_215003_852267.txt,1,1,-5.0,0.0,-0.8545999999999999,0.0
tomato,02,2293168667,ours,value_what,experiments_logs/analysis_recent/when_what_policy_ablation_20260921/00_raw/tomato/scene_02/ours/run_35_seed_2293168667/exp_tomato_20260921_013837_773855.txt,experiments_logs/analysis_recent/when_what_policy_ablation_20260921/00_raw/tomato/scene_02/value_what/run_35_seed_2293168667/exp_tomato_20260921_215016_327376.txt,1,1,-4.0,0.0,-0.7308999999999999,0.0
tomato,02,2306136433,ours,value_what,experiments_logs/analysis_recent/when_what_policy_ablation_20260921/00_raw/tomato/scene_02/ours/run_03_seed_2306136433/exp_tomato_20260921_013747_502353.txt,experiments_logs/analysis_recent/when_what_policy_ablation_20260921/00_raw/tomato/scene_02/value_what/run_03_seed_2306136433/exp_tomato_20260921_214908_164591.txt,1,1,-2.0,0.0,-0.8686,0.0
tomato,02,2318091321,ours,value_what,experiments_logs/analysis_recent/when_what_policy_ablation_20260921/00_raw/tomato/scene_02/ours/run_37_seed_2318091321/exp_tomato_20260921_013841_048476.txt,experiments_logs/analysis_recent/when_what_policy_ablation_20260921/00_raw/tomato/scene_02/value_what/run_37_seed_2318091321/exp_tomato_20260921_215021_108322.txt,1,1,-4.0,0.0,-1.2469,0.0
tomato,02,2324409209,ours,value_what,experiments_logs/analysis_recent/when_what_policy_ablation_20260921/00_raw/tomato/scene_02/ours/run_17_seed_2324409209/exp_tomato_20260921_013809_138597.txt,experiments_logs/analysis_recent/when_what_policy_ablation_20260921/00_raw/tomato/scene_02/value_what/run_17_seed_2324409209/exp_tomato_20260921_214938_319884.txt,1,1,-2.0,-1.0,-1.1740000000000002,0.0
tomato,02,233361013,ours,value_what,experiments_logs/analysis_recent/when_what_policy_ablation_20260921/00_raw/tomato/scene_02/ours/run_01_seed_233361013/exp_tomato_20260921_013744_347139.txt,experiments_logs/analysis_recent/when_what_policy_ablation_20260921/00_raw/tomato/scene_02/value_what/run_01_seed_233361013/exp_tomato_20260921_214903_798773.txt,1,1,-1.0,0.0,-0.9563999999999999,0.0
tomato,02,2421989875,ours,value_what,experiments_logs/analysis_recent/when_what_policy_ablation_20260921/00_raw/tomato/scene_02/ours/run_26_seed_2421989875/exp_tomato_20260921_013824_107450.txt,experiments_logs/analysis_recent/when_what_policy_ablation_20260921/00_raw/tomato/scene_02/value_what/run_26_seed_2421989875/exp_tomato_20260921_214957_982543.txt,1,1,-2.0,0.0,-0.7116,0.0
tomato,02,2567273034,ours,value_what,experiments_logs/analysis_recent/when_what_policy_ablation_20260921/00_raw/tomato/scene_02/ours/run_24_seed_2567273034/exp_tomato_20260921_013820_965181.txt,experiments_logs/analysis_recent/when_what_policy_ablation_20260921/00_raw/tomato/scene_02/value_what/run_24_seed_2567273034/exp_tomato_20260921_214953_865261.txt,1,1,-3.0,0.0,-1.3009000000000002,0.0
tomato,02,2571575672,ours,value_what,experiments_logs/analysis_recent/when_what_policy_ablation_20260921/00_raw/tomato/scene_02/ours/run_13_seed_2571575672/exp_tomato_20260921_013802_925567.txt,experiments_logs/analysis_recent/when_what_policy_ablation_20260921/00_raw/tomato/scene_02/value_what/run_13_seed_2571575672/exp_tomato_20260921_214929_537931.txt,1,1,-7.0,0.0,-1.4337,0.0
tomato,02,2639844527,ours,value_what,experiments_logs/analysis_recent/when_what_policy_ablation_20260921/00_raw/tomato/scene_02/ours/run_23_seed_2639844527/exp_tomato_20260921_013818_638548.txt,experiments_logs/analysis_recent/when_what_policy_ablation_20260921/00_raw/tomato/scene_02/value_what/run_23_seed_2639844527/exp_tomato_20260921_214950_624015.txt,1,1,-3.0,0.0,-0.8318999999999999,0.0
tomato,02,2661673954,ours,value_what,experiments_logs/analysis_recent/when_what_policy_ablation_20260921/00_raw/tomato/scene_02/ours/run_08_seed_2661673954/exp_tomato_20260921_013755_042782.txt,experiments_logs/analysis_recent/when_what_policy_ablation_20260921/00_raw/tomato/scene_02/value_what/run_08_seed_2661673954/exp_tomato_20260921_214918_468996.txt,1,1,-4.0,0.0,-0.9053,0.0
tomato,02,2833878170,ours,value_what,experiments_logs/analysis_recent/when_what_policy_ablation_20260921/00_raw/tomato/scene_02/ours/run_06_seed_2833878170/exp_tomato_20260921_013752_016640.txt,experiments_logs/analysis_recent/when_what_policy_ablation_20260921/00_raw/tomato/scene_02/value_what/run_06_seed_2833878170/exp_tomato_20260921_214914_376963.txt,1,1,-3.0,0.0,-0.8835000000000001,0.0
tomato,02,2876796507,ours,value_what,experiments_logs/analysis_recent/when_what_policy_ablation_20260921/00_raw/tomato/scene_02/ours/run_07_seed_2876796507/exp_tomato_20260921_013753_533745.txt,experiments_logs/analysis_recent/when_what_policy_ablation_20260921/00_raw/tomato/scene_02/value_what/run_07_seed_2876796507/exp_tomato_20260921_214916_434362.txt,1,1,-4.0,0.0,-0.9191,0.0
tomato,02,2886041855,ours,value_what,experiments_logs/analysis_recent/when_what_policy_ablation_20260921/00_raw/tomato/scene_02/ours/run_34_seed_2886041855/exp_tomato_20260921_013836_338618.txt,experiments_logs/analysis_recent/when_what_policy_ablation_20260921/00_raw/tomato/scene_02/value_what/run_34_seed_2886041855/exp_tomato_20260921_215014_532039.txt,1,1,-3.0,0.0,-0.9213000000000002,0.0
tomato,02,3206958523,ours,value_what,experiments_logs/analysis_recent/when_what_policy_ablation_20260921/00_raw/tomato/scene_02/ours/run_02_seed_3206958523/exp_tomato_20260921_013745_902821.txt,experiments_logs/analysis_recent/when_what_policy_ablation_20260921/00_raw/tomato/scene_02/value_what/run_02_seed_3206958523/exp_tomato_20260921_214906_074367.txt,1,1,-4.0,0.0,-1.0905,0.0
tomato,02,3249674493,ours,value_what,experiments_logs/analysis_recent/when_what_policy_ablation_20260921/00_raw/tomato/scene_02/ours/run_32_seed_3249674493/exp_tomato_20260921_013833_209387.txt,experiments_logs/analysis_recent/when_what_policy_ablation_20260921/00_raw/tomato/scene_02/value_what/run_32_seed_3249674493/exp_tomato_20260921_215010_311497.txt,1,1,-5.0,0.0,-1.0030000000000001,0.0
tomato,02,3533124505,ours,value_what,experiments_logs/analysis_recent/when_what_policy_ablation_20260921/00_raw/tomato/scene_02/ours/run_09_seed_3533124505/exp_tomato_20260921_013756_626687.txt,experiments_logs/analysis_recent/when_what_policy_ablation_20260921/00_raw/tomato/scene_02/value_what/run_09_seed_3533124505/exp_tomato_20260921_214920_404989.txt,1,1,4.0,0.0,-0.7230000000000001,0.0
tomato,02,3662297998,ours,value_what,experiments_logs/analysis_recent/when_what_policy_ablation_20260921/00_raw/tomato/scene_02/ours/run_31_seed_3662297998/exp_tomato_20260921_013831_651645.txt,experiments_logs/analysis_recent/when_what_policy_ablation_20260921/00_raw/tomato/scene_02/value_what/run_31_seed_3662297998/exp_tomato_20260921_215008_132582.txt,1,1,-7.0,0.0,-0.9844000000000002,0.0
tomato,02,3751400244,ours,value_what,experiments_logs/analysis_recent/when_what_policy_ablation_20260921/00_raw/tomato/scene_02/ours/run_10_seed_3751400244/exp_tomato_20260921_013758_204097.txt,experiments_logs/analysis_recent/when_what_policy_ablation_20260921/00_raw/tomato/scene_02/value_what/run_10_seed_3751400244/exp_tomato_20260921_214922_736956.txt,1,1,-3.0,0.0,-1.1245,0.0
tomato,02,3815863427,ours,value_what,experiments_logs/analysis_recent/when_what_policy_ablation_20260921/00_raw/tomato/scene_02/ours/run_25_seed_3815863427/exp_tomato_20260921_013822_589081.txt,experiments_logs/analysis_recent/when_what_policy_ablation_20260921/00_raw/tomato/scene_02/value_what/run_25_seed_3815863427/exp_tomato_20260921_214956_134136.txt,1,1,-4.0,0.0,-1.0468000000000002,0.0
tomato,02,3887351210,ours,value_what,experiments_logs/analysis_recent/when_what_policy_ablation_20260921/00_raw/tomato/scene_02/ours/run_36_seed_3887351210/exp_tomato_20260921_013839_401192.txt,experiments_logs/analysis_recent/when_what_policy_ablation_20260921/00_raw/tomato/scene_02/value_what/run_36_seed_3887351210/exp_tomato_20260921_215018_587218.txt,1,1,-5.0,0.0,-1.0051,0.0
tomato,02,4007070013,ours,value_what,experiments_logs/analysis_recent/when_what_policy_ablation_20260921/00_raw/tomato/scene_02/ours/run_33_seed_4007070013/exp_tomato_20260921_013834_718227.txt,experiments_logs/analysis_recent/when_what_policy_ablation_20260921/00_raw/tomato/scene_02/value_what/run_33_seed_4007070013/exp_tomato_20260921_215012_368553.txt,1,1,-6.0,0.0,-0.9359,0.0
tomato,02,4031054018,ours,value_what,experiments_logs/analysis_recent/when_what_policy_ablation_20260921/00_raw/tomato/scene_02/ours/run_11_seed_4031054018/exp_tomato_20260921_013759_676639.txt,experiments_logs/analysis_recent/when_what_policy_ablation_20260921/00_raw/tomato/scene_02/value_what/run_11_seed_4031054018/exp_tomato_20260921_214924_655308.txt,1,1,-4.0,0.0,-0.8171999999999999,0.0
tomato,02,418694264,ours,value_what,experiments_logs/analysis_recent/when_what_policy_ablation_20260921/00_raw/tomato/scene_02/ours/run_05_seed_418694264/exp_tomato_20260921_013750_556390.txt,experiments_logs/analysis_recent/when_what_policy_ablation_20260921/00_raw/tomato/scene_02/value_what/run_05_seed_418694264/exp_tomato_20260921_214912_402924.txt,1,1,-4.0,0.0,-0.9368,0.0
tomato,02,464102713,ours,value_what,experiments_logs/analysis_recent/when_what_policy_ablation_20260921/00_raw/tomato/scene_02/ours/run_22_seed_464102713/exp_tomato_20260921_013817_103175.txt,experiments_logs/analysis_recent/when_what_policy_ablation_20260921/00_raw/tomato/scene_02/value_what/run_22_seed_464102713/exp_tomato_20260921_214948_640229.txt,1,1,-3.0,0.0,-0.9418000000000002,0.0
tomato,02,474952343,ours,value_what,experiments_logs/analysis_recent/when_what_policy_ablation_20260921/00_raw/tomato/scene_02/ours/run_18_seed_474952343/exp_tomato_20260921_013810_790340.txt,experiments_logs/analysis_recent/when_what_policy_ablation_20260921/00_raw/tomato/scene_02/value_what/run_18_seed_474952343/exp_tomato_20260921_214940_600377.txt,1,1,-2.0,0.0,-0.9982999999999997,0.0
tomato,02,484948157,ours,value_what,experiments_logs/analysis_recent/when_what_policy_ablation_20260921/00_raw/tomato/scene_02/ours/run_28_seed_484948157/exp_tomato_20260921_013827_082701.txt,experiments_logs/analysis_recent/when_what_policy_ablation_20260921/00_raw/tomato/scene_02/value_what/run_28_seed_484948157/exp_tomato_20260921_215001_912192.txt,1,1,-7.0,0.0,-0.9484999999999999,0.0
tomato,02,559761095,ours,value_what,experiments_logs/analysis_recent/when_what_policy_ablation_20260921/00_raw/tomato/scene_02/ours/run_16_seed_559761095/exp_tomato_20260921_013807_510193.txt,experiments_logs/analysis_recent/when_what_policy_ablation_20260921/00_raw/tomato/scene_02/value_what/run_16_seed_559761095/exp_tomato_20260921_214935_896564.txt,1,1,-5.0,0.0,-1.1543,0.0
tomato,02,63773712,ours,value_what,experiments_logs/analysis_recent/when_what_policy_ablation_20260921/00_raw/tomato/scene_02/ours/run_30_seed_63773712/exp_tomato_20260921_013830_079258.txt,experiments_logs/analysis_recent/when_what_policy_ablation_20260921/00_raw/tomato/scene_02/value_what/run_30_seed_63773712/exp_tomato_20260921_215005_958057.txt,1,1,-6.0,0.0,-0.9602999999999999,0.0
tomato,02,742004455,ours,value_what,experiments_logs/analysis_recent/when_what_policy_ablation_20260921/00_raw/tomato/scene_02/ours/run_40_seed_742004455/exp_tomato_20260921_013845_624250.txt,experiments_logs/analysis_recent/when_what_policy_ablation_20260921/00_raw/tomato/scene_02/value_what/run_40_seed_742004455/exp_tomato_20260921_215027_043640.txt,1,1,-4.0,0.0,-0.8761999999999999,0.0
tomato,02,790979284,ours,value_what,experiments_logs/analysis_recent/when_what_policy_ablation_20260921/00_raw/tomato/scene_02/ours/run_27_seed_790979284/exp_tomato_20260921_013825_593875.txt,experiments_logs/analysis_recent/when_what_policy_ablation_20260921/00_raw/tomato/scene_02/value_what/run_27_seed_790979284/exp_tomato_20260921_214959_855692.txt,1,1,-3.0,0.0,-0.7602,0.0
tomato,02,850676597,ours,value_what,experiments_logs/analysis_recent/when_what_policy_ablation_20260921/00_raw/tomato/scene_02/ours/run_21_seed_850676597/exp_tomato_20260921_013815_433078.txt,experiments_logs/analysis_recent/when_what_policy_ablation_20260921/00_raw/tomato/scene_02/value_what/run_21_seed_850676597/exp_tomato_20260921_214946_406042.txt,1,1,-1.0,0.0,-0.8131999999999999,0.0
tomato,03,1005437090,ours,value_what,experiments_logs/analysis_recent/when_what_policy_ablation_20260921/00_raw/tomato/scene_03/ours/run_18_seed_1005437090/exp_tomato_20260921_013914_580548.txt,experiments_logs/analysis_recent/when_what_policy_ablation_20260921/00_raw/tomato/scene_03/value_what/run_18_seed_1005437090/exp_tomato_20260921_215106_012504.txt,1,1,1.0,0.0,-0.5658000000000001,0.0
tomato,03,1016817503,ours,value_what,experiments_logs/analysis_recent/when_what_policy_ablation_20260921/00_raw/tomato/scene_03/ours/run_31_seed_1016817503/exp_tomato_20260921_013942_933664.txt,experiments_logs/analysis_recent/when_what_policy_ablation_20260921/00_raw/tomato/scene_03/value_what/run_31_seed_1016817503/exp_tomato_20260921_215140_569708.txt,1,1,-9.0,1.0,-1.0336999999999998,0.0
tomato,03,1193704404,ours,value_what,experiments_logs/analysis_recent/when_what_policy_ablation_20260921/00_raw/tomato/scene_03/ours/run_29_seed_1193704404/exp_tomato_20260921_013939_130596.txt,experiments_logs/analysis_recent/when_what_policy_ablation_20260921/00_raw/tomato/scene_03/value_what/run_29_seed_1193704404/exp_tomato_20260921_215135_993853.txt,1,1,-5.0,0.0,-0.8648,0.0
tomato,03,1252332960,ours,value_what,experiments_logs/analysis_recent/when_what_policy_ablation_20260921/00_raw/tomato/scene_03/ours/run_22_seed_1252332960/exp_tomato_20260921_013928_471507.txt,experiments_logs/analysis_recent/when_what_policy_ablation_20260921/00_raw/tomato/scene_03/value_what/run_22_seed_1252332960/exp_tomato_20260921_215122_144748.txt,1,1,-6.0,0.0,-1.2605000000000002,0.0
tomato,03,1447435166,ours,value_what,experiments_logs/analysis_recent/when_what_policy_ablation_20260921/00_raw/tomato/scene_03/ours/run_12_seed_1447435166/exp_tomato_20260921_013905_245792.txt,experiments_logs/analysis_recent/when_what_policy_ablation_20260921/00_raw/tomato/scene_03/value_what/run_12_seed_1447435166/exp_tomato_20260921_215053_928166.txt,1,1,-12.0,-1.0,-1.4498,0.0
tomato,03,1454289978,ours,value_what,experiments_logs/analysis_recent/when_what_policy_ablation_20260921/00_raw/tomato/scene_03/ours/run_16_seed_1454289978/exp_tomato_20260921_013911_383931.txt,experiments_logs/analysis_recent/when_what_policy_ablation_20260921/00_raw/tomato/scene_03/value_what/run_16_seed_1454289978/exp_tomato_20260921_215102_131746.txt,1,1,-6.0,1.0,-1.0326,0.0
tomato,03,1627605610,ours,value_what,experiments_logs/analysis_recent/when_what_policy_ablation_20260921/00_raw/tomato/scene_03/ours/run_24_seed_1627605610/exp_tomato_20260921_013931_399254.txt,experiments_logs/analysis_recent/when_what_policy_ablation_20260921/00_raw/tomato/scene_03/value_what/run_24_seed_1627605610/exp_tomato_20260921_215125_837598.txt,1,1,-2.0,0.0,-0.6823000000000001,0.0
tomato,03,1700967682,ours,value_what,experiments_logs/analysis_recent/when_what_policy_ablation_20260921/00_raw/tomato/scene_03/ours/run_07_seed_1700967682/exp_tomato_20260921_013856_294070.txt,experiments_logs/analysis_recent/when_what_policy_ablation_20260921/00_raw/tomato/scene_03/value_what/run_07_seed_1700967682/exp_tomato_20260921_215041_606329.txt,1,1,-4.0,0.0,-0.9022000000000001,0.0
tomato,03,1712963344,ours,value_what,experiments_logs/analysis_recent/when_what_policy_ablation_20260921/00_raw/tomato/scene_03/ours/run_30_seed_1712963344/exp_tomato_20260921_013941_037881.txt,experiments_logs/analysis_recent/when_what_policy_ablation_20260921/00_raw/tomato/scene_03/value_what/run_30_seed_1712963344/exp_tomato_20260921_215138_008249.txt,1,1,-3.0,3.0,-0.4775999999999998,-5.0
tomato,03,1895575310,ours,value_what,experiments_logs/analysis_recent/when_what_policy_ablation_20260921/00_raw/tomato/scene_03/ours/run_05_seed_1895575310/exp_tomato_20260921_013853_201757.txt,experiments_logs/analysis_recent/when_what_policy_ablation_20260921/00_raw/tomato/scene_03/value_what/run_05_seed_1895575310/exp_tomato_20260921_215037_168309.txt,1,1,-2.0,0.0,-0.8704,0.0
tomato,03,2107246049,ours,value_what,experiments_logs/analysis_recent/when_what_policy_ablation_20260921/00_raw/tomato/scene_03/ours/run_19_seed_2107246049/exp_tomato_20260921_013923_769900.txt,experiments_logs/analysis_recent/when_what_policy_ablation_20260921/00_raw/tomato/scene_03/value_what/run_19_seed_2107246049/exp_tomato_20260921_215115_285003.txt,0,0,0.0,0.0,-0.45340000000000025,0.0
tomato,03,2184183196,ours,value_what,experiments_logs/analysis_recent/when_what_policy_ablation_20260921/00_raw/tomato/scene_03/ours/run_37_seed_2184183196/exp_tomato_20260921_013952_255701.txt,experiments_logs/analysis_recent/when_what_policy_ablation_20260921/00_raw/tomato/scene_03/value_what/run_37_seed_2184183196/exp_tomato_20260921_215153_323368.txt,1,1,-2.0,0.0,-0.9594000000000003,0.0
tomato,03,2197107180,ours,value_what,experiments_logs/analysis_recent/when_what_policy_ablation_20260921/00_raw/tomato/scene_03/ours/run_25_seed_2197107180/exp_tomato_20260921_013932_909281.txt,experiments_logs/analysis_recent/when_what_policy_ablation_20260921/00_raw/tomato/scene_03/value_what/run_25_seed_2197107180/exp_tomato_20260921_215127_748478.txt,1,1,-2.0,0.0,-0.7794999999999999,0.0
tomato,03,2230064310,ours,value_what,experiments_logs/analysis_recent/when_what_policy_ablation_20260921/00_raw/tomato/scene_03/ours/run_09_seed_2230064310/exp_tomato_20260921_013900_014922.txt,experiments_logs/analysis_recent/when_what_policy_ablation_20260921/00_raw/tomato/scene_03/value_what/run_09_seed_2230064310/exp_tomato_20260921_215045_494561.txt,1,1,-1.0,0.0,-0.7449999999999999,0.0
tomato,03,2370079434,ours,value_what,experiments_logs/analysis_recent/when_what_policy_ablation_20260921/00_raw/tomato/scene_03/ours/run_10_seed_2370079434/exp_tomato_20260921_013902_045455.txt,experiments_logs/analysis_recent/when_what_policy_ablation_20260921/00_raw/tomato/scene_03/value_what/run_10_seed_2370079434/exp_tomato_20260921_215048_885294.txt,1,1,-5.0,0.0,-1.7345000000000002,0.0
tomato,03,2418572032,ours,value_what,experiments_logs/analysis_recent/when_what_policy_ablation_20260921/00_raw/tomato/scene_03/ours/run_38_seed_2418572032/exp_tomato_20260921_013953_867293.txt,experiments_logs/analysis_recent/when_what_policy_ablation_20260921/00_raw/tomato/scene_03/value_what/run_38_seed_2418572032/exp_tomato_20260921_215155_919604.txt,1,1,-5.0,0.0,-1.3567999999999998,0.0
tomato,03,2436888965,ours,value_what,experiments_logs/analysis_recent/when_what_policy_ablation_20260921/00_raw/tomato/scene_03/ours/run_39_seed_2436888965/exp_tomato_20260921_013955_347361.txt,experiments_logs/analysis_recent/when_what_policy_ablation_20260921/00_raw/tomato/scene_03/value_what/run_39_seed_2436888965/exp_tomato_20260921_215157_884367.txt,1,1,-5.0,0.0,-0.8493999999999999,0.0
tomato,03,2542173252,ours,value_what,experiments_logs/analysis_recent/when_what_policy_ablation_20260921/00_raw/tomato/scene_03/ours/run_04_seed_2542173252/exp_tomato_20260921_013851_751820.txt,experiments_logs/analysis_recent/when_what_policy_ablation_20260921/00_raw/tomato/scene_03/value_what/run_04_seed_2542173252/exp_tomato_20260921_215035_214668.txt,1,1,-4.0,0.0,-0.8555999999999999,0.0
tomato,03,2559286479,ours,value_what,experiments_logs/analysis_recent/when_what_policy_ablation_20260921/00_raw/tomato/scene_03/ours/run_20_seed_2559286479/exp_tomato_20260921_013925_334418.txt,experiments_logs/analysis_recent/when_what_policy_ablation_20260921/00_raw/tomato/scene_03/value_what/run_20_seed_2559286479/exp_tomato_20260921_215117_518759.txt,1,1,-2.0,0.0,-1.0380000000000003,0.0
tomato,03,2630779126,ours,value_what,experiments_logs/analysis_recent/when_what_policy_ablation_20260921/00_raw/tomato/scene_03/ours/run_33_seed_2630779126/exp_tomato_20260921_013946_005979.txt,experiments_logs/analysis_recent/when_what_policy_ablation_20260921/00_raw/tomato/scene_03/value_what/run_33_seed_2630779126/exp_tomato_20260921_215144_656297.txt,1,1,0.0,0.0,-0.7459,0.0
tomato,03,2973460405,ours,value_what,experiments_logs/analysis_recent/when_what_policy_ablation_20260921/00_raw/tomato/scene_03/ours/run_01_seed_2973460405/exp_tomato_20260921_013847_207708.txt,experiments_logs/analysis_recent/when_what_policy_ablation_20260921/00_raw/tomato/scene_03/value_what/run_01_seed_2973460405/exp_tomato_20260921_215029_440182.txt,1,1,-3.0,0.0,-1.1849,0.0
tomato,03,2984508209,ours,value_what,experiments_logs/analysis_recent/when_what_policy_ablation_20260921/00_raw/tomato/scene_03/ours/run_02_seed_2984508209/exp_tomato_20260921_013848_685198.txt,experiments_logs/analysis_recent/when_what_policy_ablation_20260921/00_raw/tomato/scene_03/value_what/run_02_seed_2984508209/exp_tomato_20260921_215031_452127.txt,1,1,-5.0,0.0,-0.9083,0.0
tomato,03,3142806667,ours,value_what,experiments_logs/analysis_recent/when_what_policy_ablation_20260921/00_raw/tomato/scene_03/ours/run_06_seed_3142806667/exp_tomato_20260921_013854_858694.txt,experiments_logs/analysis_recent/when_what_policy_ablation_20260921/00_raw/tomato/scene_03/value_what/run_06_seed_3142806667/exp_tomato_20260921_215039_640502.txt,1,1,-5.0,0.0,-1.1851000000000003,0.0
tomato,03,3328359470,ours,value_what,experiments_logs/analysis_recent/when_what_policy_ablation_20260921/00_raw/tomato/scene_03/ours/run_03_seed_3328359470/exp_tomato_20260921_013850_310415.txt,experiments_logs/analysis_recent/when_what_policy_ablation_20260921/00_raw/tomato/scene_03/value_what/run_03_seed_3328359470/exp_tomato_20260921_215033_287332.txt,1,0,2.0,2.0,-0.5943999999999998,10.0
tomato,03,3374813224,ours,value_what,experiments_logs/analysis_recent/when_what_policy_ablation_20260921/00_raw/tomato/scene_03/ours/run_08_seed_3374813224/exp_tomato_20260921_013858_462506.txt,experiments_logs/analysis_recent/when_what_policy_ablation_20260921/00_raw/tomato/scene_03/value_what/run_08_seed_3374813224/exp_tomato_20260921_215043_576951.txt,1,1,-2.0,4.0,-0.17599999999999993,-5.0
tomato,03,3611211411,ours,value_what,experiments_logs/analysis_recent/when_what_policy_ablation_20260921/00_raw/tomato/scene_03/ours/run_15_seed_3611211411/exp_tomato_20260921_013909_802567.txt,experiments_logs/analysis_recent/when_what_policy_ablation_20260921/00_raw/tomato/scene_03/value_what/run_15_seed_3611211411/exp_tomato_20260921_215059_891182.txt,1,1,-7.0,0.0,-0.9629,0.0
tomato,03,3620707437,ours,value_what,experiments_logs/analysis_recent/when_what_policy_ablation_20260921/00_raw/tomato/scene_03/ours/run_11_seed_3620707437/exp_tomato_20260921_013903_710485.txt,experiments_logs/analysis_recent/when_what_policy_ablation_20260921/00_raw/tomato/scene_03/value_what/run_11_seed_3620707437/exp_tomato_20260921_215051_324077.txt,1,1,-6.0,0.0,-1.1422,0.0
tomato,03,3631765459,ours,value_what,experiments_logs/analysis_recent/when_what_policy_ablation_20260921/00_raw/tomato/scene_03/ours/run_17_seed_3631765459/exp_tomato_20260921_013913_071375.txt,experiments_logs/analysis_recent/when_what_policy_ablation_20260921/00_raw/tomato/scene_03/value_what/run_17_seed_3631765459/exp_tomato_20260921_215104_318727.txt,1,1,-3.0,0.0,-0.8824999999999998,0.0
tomato,03,3814785464,ours,value_what,experiments_logs/analysis_recent/when_what_policy_ablation_20260921/00_raw/tomato/scene_03/ours/run_21_seed_3814785464/exp_tomato_20260921_013926_848266.txt,experiments_logs/analysis_recent/when_what_policy_ablation_20260921/00_raw/tomato/scene_03/value_what/run_21_seed_3814785464/exp_tomato_20260921_215119_627011.txt,1,1,-5.0,0.0,-0.9714,0.0
tomato,03,3909183007,ours,value_what,experiments_logs/analysis_recent/when_what_policy_ablation_20260921/00_raw/tomato/scene_03/ours/run_14_seed_3909183007/exp_tomato_20260921_013908_308621.txt,experiments_logs/analysis_recent/when_what_policy_ablation_20260921/00_raw/tomato/scene_03/value_what/run_14_seed_3909183007/exp_tomato_20260921_215057_822592.txt,1,1,-5.0,0.0,-0.9011,0.0
tomato,03,4008873019,ours,value_what,experiments_logs/analysis_recent/when_what_policy_ablation_20260921/00_raw/tomato/scene_03/ours/run_23_seed_4008873019/exp_tomato_20260921_013929_948490.txt,experiments_logs/analysis_recent/when_what_policy_ablation_20260921/00_raw/tomato/scene_03/value_what/run_23_seed_4008873019/exp_tomato_20260921_215124_068940.txt,1,1,-5.0,0.0,-0.8182999999999999,0.0
tomato,03,4252591664,ours,value_what,experiments_logs/analysis_recent/when_what_policy_ablation_20260921/00_raw/tomato/scene_03/ours/run_32_seed_4252591664/exp_tomato_20260921_013944_502954.txt,experiments_logs/analysis_recent/when_what_policy_ablation_20260921/00_raw/tomato/scene_03/value_what/run_32_seed_4252591664/exp_tomato_20260921_215142_780799.txt,1,1,1.0,0.0,-1.0135999999999998,0.0
tomato,03,522031486,ours,value_what,experiments_logs/analysis_recent/when_what_policy_ablation_20260921/00_raw/tomato/scene_03/ours/run_36_seed_522031486/exp_tomato_20260921_013950_674514.txt,experiments_logs/analysis_recent/when_what_policy_ablation_20260921/00_raw/tomato/scene_03/value_what/run_36_seed_522031486/exp_tomato_20260921_215151_147559.txt,1,1,-4.0,0.0,-1.0997,0.0
tomato,03,598183825,ours,value_what,experiments_logs/analysis_recent/when_what_policy_ablation_20260921/00_raw/tomato/scene_03/ours/run_40_seed_598183825/exp_tomato_20260921_013956_969555.txt,experiments_logs/analysis_recent/when_what_policy_ablation_20260921/00_raw/tomato/scene_03/value_what/run_40_seed_598183825/exp_tomato_20260921_215200_020582.txt,1,1,-2.0,0.0,-0.8866,0.0
tomato,03,604486275,ours,value_what,experiments_logs/analysis_recent/when_what_policy_ablation_20260921/00_raw/tomato/scene_03/ours/run_35_seed_604486275/exp_tomato_20260921_013949_070301.txt,experiments_logs/analysis_recent/when_what_policy_ablation_20260921/00_raw/tomato/scene_03/value_what/run_35_seed_604486275/exp_tomato_20260921_215148_811668.txt,1,1,-9.0,-1.0,-1.1981000000000002,0.0
tomato,03,657498695,ours,value_what,experiments_logs/analysis_recent/when_what_policy_ablation_20260921/00_raw/tomato/scene_03/ours/run_28_seed_657498695/exp_tomato_20260921_013937_582238.txt,experiments_logs/analysis_recent/when_what_policy_ablation_20260921/00_raw/tomato/scene_03/value_what/run_28_seed_657498695/exp_tomato_20260921_215133_958430.txt,1,1,-1.0,0.0,-0.8170999999999999,0.0
tomato,03,70087057,ours,value_what,experiments_logs/analysis_recent/when_what_policy_ablation_20260921/00_raw/tomato/scene_03/ours/run_26_seed_70087057/exp_tomato_20260921_013934_398299.txt,experiments_logs/analysis_recent/when_what_policy_ablation_20260921/00_raw/tomato/scene_03/value_what/run_26_seed_70087057/exp_tomato_20260921_215129_773137.txt,1,1,-3.0,0.0,-0.9146000000000001,0.0
tomato,03,822900858,ours,value_what,experiments_logs/analysis_recent/when_what_policy_ablation_20260921/00_raw/tomato/scene_03/ours/run_34_seed_822900858/exp_tomato_20260921_013947_464379.txt,experiments_logs/analysis_recent/when_what_policy_ablation_20260921/00_raw/tomato/scene_03/value_what/run_34_seed_822900858/exp_tomato_20260921_215146_388284.txt,1,1,-1.0,0.0,-0.6567999999999999,0.0
tomato,03,8630651,ours,value_what,experiments_logs/analysis_recent/when_what_policy_ablation_20260921/00_raw/tomato/scene_03/ours/run_27_seed_8630651/exp_tomato_20260921_013936_040331.txt,experiments_logs/analysis_recent/when_what_policy_ablation_20260921/00_raw/tomato/scene_03/value_what/run_27_seed_8630651/exp_tomato_20260921_215131_972429.txt,1,1,-2.0,0.0,-0.9368999999999998,0.0
tomato,03,975151081,ours,value_what,experiments_logs/analysis_recent/when_what_policy_ablation_20260921/00_raw/tomato/scene_03/ours/run_13_seed_975151081/exp_tomato_20260921_013906_763403.txt,experiments_logs/analysis_recent/when_what_policy_ablation_20260921/00_raw/tomato/scene_03/value_what/run_13_seed_975151081/exp_tomato_20260921_215055_759167.txt,1,1,-1.0,0.0,-0.6974,0.0
tomato,04,1040908402,ours,value_what,experiments_logs/analysis_recent/when_what_policy_ablation_20260921/00_raw/tomato/scene_04/ours/run_26_seed_1040908402/exp_tomato_20260921_014046_634655.txt,experiments_logs/analysis_recent/when_what_policy_ablation_20260921/00_raw/tomato/scene_04/value_what/run_26_seed_1040908402/exp_tomato_20260921_215306_108272.txt,1,1,-4.0,0.0,-1.2643,0.0
tomato,04,1109362184,ours,value_what,experiments_logs/analysis_recent/when_what_policy_ablation_20260921/00_raw/tomato/scene_04/ours/run_12_seed_1109362184/exp_tomato_20260921_014023_891751.txt,experiments_logs/analysis_recent/when_what_policy_ablation_20260921/00_raw/tomato/scene_04/value_what/run_12_seed_1109362184/exp_tomato_20260921_215234_128309.txt,1,1,-2.0,0.0,-0.7214,0.0
tomato,04,1141903763,ours,value_what,experiments_logs/analysis_recent/when_what_policy_ablation_20260921/00_raw/tomato/scene_04/ours/run_37_seed_1141903763/exp_tomato_20260921_014104_740947.txt,experiments_logs/analysis_recent/when_what_policy_ablation_20260921/00_raw/tomato/scene_04/value_what/run_37_seed_1141903763/exp_tomato_20260921_215330_717290.txt,1,1,-3.0,0.0,-1.0191999999999999,0.0
tomato,04,1167440852,ours,value_what,experiments_logs/analysis_recent/when_what_policy_ablation_20260921/00_raw/tomato/scene_04/ours/run_34_seed_1167440852/exp_tomato_20260921_014059_721842.txt,experiments_logs/analysis_recent/when_what_policy_ablation_20260921/00_raw/tomato/scene_04/value_what/run_34_seed_1167440852/exp_tomato_20260921_215323_779034.txt,1,1,-6.0,0.0,-1.1368,0.0
tomato,04,1337586660,ours,value_what,experiments_logs/analysis_recent/when_what_policy_ablation_20260921/00_raw/tomato/scene_04/ours/run_20_seed_1337586660/exp_tomato_20260921_014037_204945.txt,experiments_logs/analysis_recent/when_what_policy_ablation_20260921/00_raw/tomato/scene_04/value_what/run_20_seed_1337586660/exp_tomato_20260921_215252_378264.txt,1,1,-6.0,0.0,-1.0869,0.0
tomato,04,1552731229,ours,value_what,experiments_logs/analysis_recent/when_what_policy_ablation_20260921/00_raw/tomato/scene_04/ours/run_19_seed_1552731229/exp_tomato_20260921_014035_038537.txt,experiments_logs/analysis_recent/when_what_policy_ablation_20260921/00_raw/tomato/scene_04/value_what/run_19_seed_1552731229/exp_tomato_20260921_215249_496372.txt,1,1,0.0,0.0,-0.7351999999999999,0.0
tomato,04,1589093347,ours,value_what,experiments_logs/analysis_recent/when_what_policy_ablation_20260921/00_raw/tomato/scene_04/ours/run_01_seed_1589093347/exp_tomato_20260921_013958_573928.txt,experiments_logs/analysis_recent/when_what_policy_ablation_20260921/00_raw/tomato/scene_04/value_what/run_01_seed_1589093347/exp_tomato_20260921_215202_147033.txt,1,1,-1.0,0.0,-0.8987999999999998,0.0
tomato,04,168160880,ours,value_what,experiments_logs/analysis_recent/when_what_policy_ablation_20260921/00_raw/tomato/scene_04/ours/run_28_seed_168160880/exp_tomato_20260921_014050_009215.txt,experiments_logs/analysis_recent/when_what_policy_ablation_20260921/00_raw/tomato/scene_04/value_what/run_28_seed_168160880/exp_tomato_20260921_215310_434540.txt,1,1,-5.0,0.0,-0.7913000000000001,0.0
tomato,04,2020323328,ours,value_what,experiments_logs/analysis_recent/when_what_policy_ablation_20260921/00_raw/tomato/scene_04/ours/run_15_seed_2020323328/exp_tomato_20260921_014028_505770.txt,experiments_logs/analysis_recent/when_what_policy_ablation_20260921/00_raw/tomato/scene_04/value_what/run_15_seed_2020323328/exp_tomato_20260921_215240_505642.txt,1,1,0.0,0.0,-0.7411000000000001,0.0
tomato,04,2135663053,ours,value_what,experiments_logs/analysis_recent/when_what_policy_ablation_20260921/00_raw/tomato/scene_04/ours/run_30_seed_2135663053/exp_tomato_20260921_014053_022579.txt,experiments_logs/analysis_recent/when_what_policy_ablation_20260921/00_raw/tomato/scene_04/value_what/run_30_seed_2135663053/exp_tomato_20260921_215314_249089.txt,1,1,-7.0,-1.0,-0.8686,0.0
tomato,04,216321642,ours,value_what,experiments_logs/analysis_recent/when_what_policy_ablation_20260921/00_raw/tomato/scene_04/ours/run_36_seed_216321642/exp_tomato_20260921_014103_079726.txt,experiments_logs/analysis_recent/when_what_policy_ablation_20260921/00_raw/tomato/scene_04/value_what/run_36_seed_216321642/exp_tomato_20260921_215328_416292.txt,1,1,-1.0,0.0,-1.103,0.0
tomato,04,218967378,ours,value_what,experiments_logs/analysis_recent/when_what_policy_ablation_20260921/00_raw/tomato/scene_04/ours/run_25_seed_218967378/exp_tomato_20260921_014045_045672.txt,experiments_logs/analysis_recent/when_what_policy_ablation_20260921/00_raw/tomato/scene_04/value_what/run_25_seed_218967378/exp_tomato_20260921_215303_637393.txt,1,1,-2.0,0.0,-0.9477,0.0
tomato,04,2219488844,ours,value_what,experiments_logs/analysis_recent/when_what_policy_ablation_20260921/00_raw/tomato/scene_04/ours/run_38_seed_2219488844/exp_tomato_20260921_014106_892169.txt,experiments_logs/analysis_recent/when_what_policy_ablation_20260921/00_raw/tomato/scene_04/value_what/run_38_seed_2219488844/exp_tomato_20260921_215333_512967.txt,1,1,-2.0,0.0,-1.0190000000000001,0.0
tomato,04,2220313702,ours,value_what,experiments_logs/analysis_recent/when_what_policy_ablation_20260921/00_raw/tomato/scene_04/ours/run_27_seed_2220313702/exp_tomato_20260921_014048_477746.txt,experiments_logs/analysis_recent/when_what_policy_ablation_20260921/00_raw/tomato/scene_04/value_what/run_27_seed_2220313702/exp_tomato_20260921_215308_491346.txt,1,1,-10.0,1.0,-0.9101000000000001,0.0
tomato,04,222360660,ours,value_what,experiments_logs/analysis_recent/when_what_policy_ablation_20260921/00_raw/tomato/scene_04/ours/run_35_seed_222360660/exp_tomato_20260921_014101_426724.txt,experiments_logs/analysis_recent/when_what_policy_ablation_20260921/00_raw/tomato/scene_04/value_what/run_35_seed_222360660/exp_tomato_20260921_215326_035224.txt,1,1,-5.0,0.0,-0.9386999999999999,0.0
tomato,04,236854069,ours,value_what,experiments_logs/analysis_recent/when_what_policy_ablation_20260921/00_raw/tomato/scene_04/ours/run_08_seed_236854069/exp_tomato_20260921_014017_707391.txt,experiments_logs/analysis_recent/when_what_policy_ablation_20260921/00_raw/tomato/scene_04/value_what/run_08_seed_236854069/exp_tomato_20260921_215225_539393.txt,1,1,-5.0,0.0,-1.3555,0.0
tomato,04,2387734993,ours,value_what,experiments_logs/analysis_recent/when_what_policy_ablation_20260921/00_raw/tomato/scene_04/ours/run_09_seed_2387734993/exp_tomato_20260921_014019_341718.txt,experiments_logs/analysis_recent/when_what_policy_ablation_20260921/00_raw/tomato/scene_04/value_what/run_09_seed_2387734993/exp_tomato_20260921_215227_796933.txt,1,1,-4.0,0.0,-1.0019,0.0
tomato,04,2390740933,ours,value_what,experiments_logs/analysis_recent/when_what_policy_ablation_20260921/00_raw/tomato/scene_04/ours/run_04_seed_2390740933/exp_tomato_20260921_014003_468077.txt,experiments_logs/analysis_recent/when_what_policy_ablation_20260921/00_raw/tomato/scene_04/value_what/run_04_seed_2390740933/exp_tomato_20260921_215208_751989.txt,1,1,-5.0,0.0,-1.0977000000000001,0.0
tomato,04,2392905031,ours,value_what,experiments_logs/analysis_recent/when_what_policy_ablation_20260921/00_raw/tomato/scene_04/ours/run_31_seed_2392905031/exp_tomato_20260921_014054_616187.txt,experiments_logs/analysis_recent/when_what_policy_ablation_20260921/00_raw/tomato/scene_04/value_what/run_31_seed_2392905031/exp_tomato_20260921_215316_679417.txt,1,1,-4.0,0.0,-1.2117000000000002,0.0
tomato,04,2642505031,ours,value_what,experiments_logs/analysis_recent/when_what_policy_ablation_20260921/00_raw/tomato/scene_04/ours/run_05_seed_2642505031/exp_tomato_20260921_014005_088981.txt,experiments_logs/analysis_recent/when_what_policy_ablation_20260921/00_raw/tomato/scene_04/value_what/run_05_seed_2642505031/exp_tomato_20260921_215211_328809.txt,1,1,-8.0,0.0,-1.3305,0.0
tomato,04,2771536334,ours,value_what,experiments_logs/analysis_recent/when_what_policy_ablation_20260921/00_raw/tomato/scene_04/ours/run_22_seed_2771536334/exp_tomato_20260921_014040_500007.txt,experiments_logs/analysis_recent/when_what_policy_ablation_20260921/00_raw/tomato/scene_04/value_what/run_22_seed_2771536334/exp_tomato_20260921_215256_970629.txt,1,1,-4.0,0.0,-0.9808999999999999,0.0
tomato,04,2941533860,ours,value_what,experiments_logs/analysis_recent/when_what_policy_ablation_20260921/00_raw/tomato/scene_04/ours/run_14_seed_2941533860/exp_tomato_20260921_014027_031932.txt,experiments_logs/analysis_recent/when_what_policy_ablation_20260921/00_raw/tomato/scene_04/value_what/run_14_seed_2941533860/exp_tomato_20260921_215238_663590.txt,1,1,-2.0,0.0,-1.1822000000000001,0.0
tomato,04,2993320002,ours,value_what,experiments_logs/analysis_recent/when_what_policy_ablation_20260921/00_raw/tomato/scene_04/ours/run_11_seed_2993320002/exp_tomato_20260921_014022_425264.txt,experiments_logs/analysis_recent/when_what_policy_ablation_20260921/00_raw/tomato/scene_04/value_what/run_11_seed_2993320002/exp_tomato_20260921_215232_314852.txt,1,1,-4.0,0.0,-0.7786000000000001,0.0
tomato,04,3141647287,ours,value_what,experiments_logs/analysis_recent/when_what_policy_ablation_20260921/00_raw/tomato/scene_04/ours/run_29_seed_3141647287/exp_tomato_20260921_014051_537370.txt,experiments_logs/analysis_recent/when_what_policy_ablation_20260921/00_raw/tomato/scene_04/value_what/run_29_seed_3141647287/exp_tomato_20260921_215312_265998.txt,1,1,1.0,0.0,-0.6880999999999999,0.0
tomato,04,3169457126,ours,value_what,experiments_logs/analysis_recent/when_what_policy_ablation_20260921/00_raw/tomato/scene_04/ours/run_17_seed_3169457126/exp_tomato_20260921_014031_834164.txt,experiments_logs/analysis_recent/when_what_policy_ablation_20260921/00_raw/tomato/scene_04/value_what/run_17_seed_3169457126/exp_tomato_20260921_215245_244897.txt,1,1,-1.0,0.0,-1.0736999999999999,0.0
tomato,04,321661848,ours,value_what,experiments_logs/analysis_recent/when_what_policy_ablation_20260921/00_raw/tomato/scene_04/ours/run_10_seed_321661848/exp_tomato_20260921_014020_943638.txt,experiments_logs/analysis_recent/when_what_policy_ablation_20260921/00_raw/tomato/scene_04/value_what/run_10_seed_321661848/exp_tomato_20260921_215230_429426.txt,1,1,-9.0,0.0,-1.4084,0.0
tomato,04,3227930555,ours,value_what,experiments_logs/analysis_recent/when_what_policy_ablation_20260921/00_raw/tomato/scene_04/ours/run_23_seed_3227930555/exp_tomato_20260921_014041_975718.txt,experiments_logs/analysis_recent/when_what_policy_ablation_20260921/00_raw/tomato/scene_04/value_what/run_23_seed_3227930555/exp_tomato_20260921_215259_084295.txt,1,1,-4.0,0.0,-1.0140999999999998,0.0
tomato,04,3315816046,ours,value_what,experiments_logs/analysis_recent/when_what_policy_ablation_20260921/00_raw/tomato/scene_04/ours/run_40_seed_3315816046/exp_tomato_20260921_014110_045357.txt,experiments_logs/analysis_recent/when_what_policy_ablation_20260921/00_raw/tomato/scene_04/value_what/run_40_seed_3315816046/exp_tomato_20260921_215338_154752.txt,1,1,-1.0,0.0,-1.1504999999999999,0.0
tomato,04,3372736775,ours,value_what,experiments_logs/analysis_recent/when_what_policy_ablation_20260921/00_raw/tomato/scene_04/ours/run_32_seed_3372736775/exp_tomato_20260921_014056_261241.txt,experiments_logs/analysis_recent/when_what_policy_ablation_20260921/00_raw/tomato/scene_04/value_what/run_32_seed_3372736775/exp_tomato_20260921_215318_839576.txt,1,1,-1.0,0.0,-0.8886000000000001,0.0
tomato,04,3386497120,ours,value_what,experiments_logs/analysis_recent/when_what_policy_ablation_20260921/00_raw/tomato/scene_04/ours/run_33_seed_3386497120/exp_tomato_20260921_014058_058099.txt,experiments_logs/analysis_recent/when_what_policy_ablation_20260921/00_raw/tomato/scene_04/value_what/run_33_seed_3386497120/exp_tomato_20260921_215321_358087.txt,1,1,-4.0,0.0,-1.1035000000000001,0.0
tomato,04,3614412854,ours,value_what,experiments_logs/analysis_recent/when_what_policy_ablation_20260921/00_raw/tomato/scene_04/ours/run_03_seed_3614412854/exp_tomato_20260921_014001_715995.txt,experiments_logs/analysis_recent/when_what_policy_ablation_20260921/00_raw/tomato/scene_04/value_what/run_03_seed_3614412854/exp_tomato_20260921_215206_270049.txt,1,1,-3.0,0.0,-1.0306,0.0
tomato,04,3661502133,ours,value_what,experiments_logs/analysis_recent/when_what_policy_ablation_20260921/00_raw/tomato/scene_04/ours/run_07_seed_3661502133/exp_tomato_20260921_014016_068265.txt,experiments_logs/analysis_recent/when_what_policy_ablation_20260921/00_raw/tomato/scene_04/value_what/run_07_seed_3661502133/exp_tomato_20260921_215222_914359.txt,0,0,-4.0,0.0,-0.5439000000000007,0.0
tomato,04,3712541616,ours,value_what,experiments_logs/analysis_recent/when_what_policy_ablation_20260921/00_raw/tomato/scene_04/ours/run_16_seed_3712541616/exp_tomato_20260921_014030_156737.txt,experiments_logs/analysis_recent/when_what_policy_ablation_20260921/00_raw/tomato/scene_04/value_what/run_16_seed_3712541616/exp_tomato_20260921_215242_865856.txt,1,1,-6.0,0.0,-1.0774,0.0
tomato,04,3815955531,ours,value_what,experiments_logs/analysis_recent/when_what_policy_ablation_20260921/00_raw/tomato/scene_04/ours/run_13_seed_3815955531/exp_tomato_20260921_014025_397344.txt,experiments_logs/analysis_recent/when_what_policy_ablation_20260921/00_raw/tomato/scene_04/value_what/run_13_seed_3815955531/exp_tomato_20260921_215236_222950.txt,1,1,-5.0,0.0,-0.9564999999999999,0.0
tomato,04,3931316609,ours,value_what,experiments_logs/analysis_recent/when_what_policy_ablation_20260921/00_raw/tomato/scene_04/ours/run_39_seed_3931316609/exp_tomato_20260921_014108_479919.txt,experiments_logs/analysis_recent/when_what_policy_ablation_20260921/00_raw/tomato/scene_04/value_what/run_39_seed_3931316609/exp_tomato_20260921_215335_807033.txt,1,1,-4.0,0.0,-1.0791,0.0
tomato,04,3948166740,ours,value_what,experiments_logs/analysis_recent/when_what_policy_ablation_20260921/00_raw/tomato/scene_04/ours/run_18_seed_3948166740/exp_tomato_20260921_014033_521605.txt,experiments_logs/analysis_recent/when_what_policy_ablation_20260921/00_raw/tomato/scene_04/value_what/run_18_seed_3948166740/exp_tomato_20260921_215247_625701.txt,1,1,-4.0,0.0,-1.0809,0.0
tomato,04,442300768,ours,value_what,experiments_logs/analysis_recent/when_what_policy_ablation_20260921/00_raw/tomato/scene_04/ours/run_06_seed_442300768/exp_tomato_20260921_014006_609985.txt,experiments_logs/analysis_recent/when_what_policy_ablation_20260921/00_raw/tomato/scene_04/value_what/run_06_seed_442300768/exp_tomato_20260921_215213_284279.txt,1,1,-1.0,0.0,-0.8057000000000001,0.0
tomato,04,56491935,ours,value_what,experiments_logs/analysis_recent/when_what_policy_ablation_20260921/00_raw/tomato/scene_04/ours/run_21_seed_56491935/exp_tomato_20260921_014038_894924.txt,experiments_logs/analysis_recent/when_what_policy_ablation_20260921/00_raw/tomato/scene_04/value_what/run_21_seed_56491935/exp_tomato_20260921_215254_771201.txt,1,1,-4.0,0.0,-1.0836,0.0
tomato,04,712937450,ours,value_what,experiments_logs/analysis_recent/when_what_policy_ablation_20260921/00_raw/tomato/scene_04/ours/run_02_seed_712937450/exp_tomato_20260921_014000_078070.txt,experiments_logs/analysis_recent/when_what_policy_ablation_20260921/00_raw/tomato/scene_04/value_what/run_02_seed_712937450/exp_tomato_20260921_215203_975633.txt,1,1,-1.0,0.0,-0.6977000000000002,0.0
tomato,04,740609622,ours,value_what,experiments_logs/analysis_recent/when_what_policy_ablation_20260921/00_raw/tomato/scene_04/ours/run_24_seed_740609622/exp_tomato_20260921_014043_558710.txt,experiments_logs/analysis_recent/when_what_policy_ablation_20260921/00_raw/tomato/scene_04/value_what/run_24_seed_740609622/exp_tomato_20260921_215301_576907.txt,1,1,-4.0,0.0,-1.276,0.0
tomato,05,1042830735,ours,value_what,experiments_logs/analysis_recent/when_what_policy_ablation_20260921/00_raw/tomato/scene_05/ours/run_39_seed_1042830735/exp_tomato_20260921_014220_170594.txt,experiments_logs/analysis_recent/when_what_policy_ablation_20260921/00_raw/tomato/scene_05/value_what/run_39_seed_1042830735/exp_tomato_20260921_215509_408675.txt,1,1,-5.0,0.0,-1.063,0.0
tomato,05,1101473435,ours,value_what,experiments_logs/analysis_recent/when_what_policy_ablation_20260921/00_raw/tomato/scene_05/ours/run_36_seed_1101473435/exp_tomato_20260921_014215_507065.txt,experiments_logs/analysis_recent/when_what_policy_ablation_20260921/00_raw/tomato/scene_05/value_what/run_36_seed_1101473435/exp_tomato_20260921_215502_822457.txt,1,1,-2.0,0.0,-0.9906999999999999,0.0
tomato,05,1127296088,ours,value_what,experiments_logs/analysis_recent/when_what_policy_ablation_20260921/00_raw/tomato/scene_05/ours/run_24_seed_1127296088/exp_tomato_20260921_014155_283881.txt,experiments_logs/analysis_recent/when_what_policy_ablation_20260921/00_raw/tomato/scene_05/value_what/run_24_seed_1127296088/exp_tomato_20260921_215436_638888.txt,1,1,-3.0,0.0,-0.7618,0.0
tomato,05,1196215500,ours,value_what,experiments_logs/analysis_recent/when_what_policy_ablation_20260921/00_raw/tomato/scene_05/ours/run_27_seed_1196215500/exp_tomato_20260921_014201_397845.txt,experiments_logs/analysis_recent/when_what_policy_ablation_20260921/00_raw/tomato/scene_05/value_what/run_27_seed_1196215500/exp_tomato_20260921_215443_595868.txt,1,1,-6.0,7.0,0.18610000000000015,-25.0
tomato,05,1271340849,ours,value_what,experiments_logs/analysis_recent/when_what_policy_ablation_20260921/00_raw/tomato/scene_05/ours/run_26_seed_1271340849/exp_tomato_20260921_014158_523099.txt,experiments_logs/analysis_recent/when_what_policy_ablation_20260921/00_raw/tomato/scene_05/value_what/run_26_seed_1271340849/exp_tomato_20260921_215441_284610.txt,1,1,-4.0,0.0,-1.0077999999999998,0.0
tomato,05,1573496301,ours,value_what,experiments_logs/analysis_recent/when_what_policy_ablation_20260921/00_raw/tomato/scene_05/ours/run_19_seed_1573496301/exp_tomato_20260921_014147_602593.txt,experiments_logs/analysis_recent/when_what_policy_ablation_20260921/00_raw/tomato/scene_05/value_what/run_19_seed_1573496301/exp_tomato_20260921_215426_118643.txt,1,1,-3.0,0.0,-0.7669,0.0
tomato,05,1584111328,ours,value_what,experiments_logs/analysis_recent/when_what_policy_ablation_20260921/00_raw/tomato/scene_05/ours/run_16_seed_1584111328/exp_tomato_20260921_014143_024386.txt,experiments_logs/analysis_recent/when_what_policy_ablation_20260921/00_raw/tomato/scene_05/value_what/run_16_seed_1584111328/exp_tomato_20260921_215419_853755.txt,1,1,-3.0,0.0,-0.9347999999999999,0.0
tomato,05,1691996467,ours,value_what,experiments_logs/analysis_recent/when_what_policy_ablation_20260921/00_raw/tomato/scene_05/ours/run_06_seed_1691996467/exp_tomato_20260921_014127_237707.txt,experiments_logs/analysis_recent/when_what_policy_ablation_20260921/00_raw/tomato/scene_05/value_what/run_06_seed_1691996467/exp_tomato_20260921_215358_409395.txt,0,0,-4.0,0.0,-0.5408999999999988,0.0
tomato,05,1746555867,ours,value_what,experiments_logs/analysis_recent/when_what_policy_ablation_20260921/00_raw/tomato/scene_05/ours/run_04_seed_1746555867/exp_tomato_20260921_014116_351614.txt,experiments_logs/analysis_recent/when_what_policy_ablation_20260921/00_raw/tomato/scene_05/value_what/run_04_seed_1746555867/exp_tomato_20260921_215346_650815.txt,1,1,-2.0,0.0,-0.8480999999999999,0.0
tomato,05,179847475,ours,value_what,experiments_logs/analysis_recent/when_what_policy_ablation_20260921/00_raw/tomato/scene_05/ours/run_10_seed_179847475/exp_tomato_20260921_014133_353979.txt,experiments_logs/analysis_recent/when_what_policy_ablation_20260921/00_raw/tomato/scene_05/value_what/run_10_seed_179847475/exp_tomato_20260921_215406_955467.txt,1,1,-8.0,0.0,-1.1127,0.0
tomato,05,1896365895,ours,value_what,experiments_logs/analysis_recent/when_what_policy_ablation_20260921/00_raw/tomato/scene_05/ours/run_21_seed_1896365895/exp_tomato_20260921_014150_833436.txt,experiments_logs/analysis_recent/when_what_policy_ablation_20260921/00_raw/tomato/scene_05/value_what/run_21_seed_1896365895/exp_tomato_20260921_215430_637332.txt,1,1,-5.0,0.0,-0.9820999999999998,0.0
tomato,05,1985644872,ours,value_what,experiments_logs/analysis_recent/when_what_policy_ablation_20260921/00_raw/tomato/scene_05/ours/run_34_seed_1985644872/exp_tomato_20260921_014212_373856.txt,experiments_logs/analysis_recent/when_what_policy_ablation_20260921/00_raw/tomato/scene_05/value_what/run_34_seed_1985644872/exp_tomato_20260921_215458_135345.txt,1,1,-4.0,0.0,-0.8406000000000001,0.0
tomato,05,2082077157,ours,value_what,experiments_logs/analysis_recent/when_what_policy_ablation_20260921/00_raw/tomato/scene_05/ours/run_15_seed_2082077157/exp_tomato_20260921_014141_357175.txt,experiments_logs/analysis_recent/when_what_policy_ablation_20260921/00_raw/tomato/scene_05/value_what/run_15_seed_2082077157/exp_tomato_20260921_215417_625400.txt,1,1,-1.0,0.0,-0.6666,0.0
tomato,05,2128654182,ours,value_what,experiments_logs/analysis_recent/when_what_policy_ablation_20260921/00_raw/tomato/scene_05/ours/run_22_seed_2128654182/exp_tomato_20260921_014152_363099.txt,experiments_logs/analysis_recent/when_what_policy_ablation_20260921/00_raw/tomato/scene_05/value_what/run_22_seed_2128654182/exp_tomato_20260921_215432_802986.txt,1,1,-5.0,0.0,-1.0046000000000002,0.0
tomato,05,2141224597,ours,value_what,experiments_logs/analysis_recent/when_what_policy_ablation_20260921/00_raw/tomato/scene_05/ours/run_11_seed_2141224597/exp_tomato_20260921_014134_882925.txt,experiments_logs/analysis_recent/when_what_policy_ablation_20260921/00_raw/tomato/scene_05/value_what/run_11_seed_2141224597/exp_tomato_20260921_215409_285523.txt,1,1,-5.0,0.0,-1.1661,0.0
tomato,05,2222584418,ours,value_what,experiments_logs/analysis_recent/when_what_policy_ablation_20260921/00_raw/tomato/scene_05/ours/run_18_seed_2222584418/exp_tomato_20260921_014146_132341.txt,experiments_logs/analysis_recent/when_what_policy_ablation_20260921/00_raw/tomato/scene_05/value_what/run_18_seed_2222584418/exp_tomato_20260921_215424_251165.txt,1,1,-3.0,0.0,-1.0835,0.0
tomato,05,2231101089,ours,value_what,experiments_logs/analysis_recent/when_what_policy_ablation_20260921/00_raw/tomato/scene_05/ours/run_30_seed_2231101089/exp_tomato_20260921_014206_086157.txt,experiments_logs/analysis_recent/when_what_policy_ablation_20260921/00_raw/tomato/scene_05/value_what/run_30_seed_2231101089/exp_tomato_20260921_215449_922572.txt,1,1,-6.0,0.0,-1.0489,0.0
tomato,05,259038599,ours,value_what,experiments_logs/analysis_recent/when_what_policy_ablation_20260921/00_raw/tomato/scene_05/ours/run_02_seed_259038599/exp_tomato_20260921_014113_118794.txt,experiments_logs/analysis_recent/when_what_policy_ablation_20260921/00_raw/tomato/scene_05/value_what/run_02_seed_259038599/exp_tomato_20260921_215342_335038.txt,1,1,-2.0,0.0,-0.9658,0.0
tomato,05,2591322916,ours,value_what,experiments_logs/analysis_recent/when_what_policy_ablation_20260921/00_raw/tomato/scene_05/ours/run_14_seed_2591322916/exp_tomato_20260921_014139_904717.txt,experiments_logs/analysis_recent/when_what_policy_ablation_20260921/00_raw/tomato/scene_05/value_what/run_14_seed_2591322916/exp_tomato_20260921_215415_874980.txt,1,1,-4.0,0.0,-0.8935000000000001,0.0
tomato,05,2654066318,ours,value_what,experiments_logs/analysis_recent/when_what_policy_ablation_20260921/00_raw/tomato/scene_05/ours/run_07_seed_2654066318/exp_tomato_20260921_014128_726039.txt,experiments_logs/analysis_recent/when_what_policy_ablation_20260921/00_raw/tomato/scene_05/value_what/run_07_seed_2654066318/exp_tomato_20260921_215400_430511.txt,1,1,-6.0,0.0,-0.8856999999999999,0.0
tomato,05,28332744,ours,value_what,experiments_logs/analysis_recent/when_what_policy_ablation_20260921/00_raw/tomato/scene_05/ours/run_31_seed_28332744/exp_tomato_20260921_014207_765167.txt,experiments_logs/analysis_recent/when_what_policy_ablation_20260921/00_raw/tomato/scene_05/value_what/run_31_seed_28332744/exp_tomato_20260921_215452_210810.txt,1,1,-3.0,0.0,-0.9954000000000003,0.0
tomato,05,2883494985,ours,value_what,experiments_logs/analysis_recent/when_what_policy_ablation_20260921/00_raw/tomato/scene_05/ours/run_17_seed_2883494985/exp_tomato_20260921_014144_492823.txt,experiments_logs/analysis_recent/when_what_policy_ablation_20260921/00_raw/tomato/scene_05/value_what/run_17_seed_2883494985/exp_tomato_20260921_215421_908223.txt,1,1,-5.0,0.0,-0.9488,0.0
tomato,05,2898963405,ours,value_what,experiments_logs/analysis_recent/when_what_policy_ablation_20260921/00_raw/tomato/scene_05/ours/run_03_seed_2898963405/exp_tomato_20260921_014114_782258.txt,experiments_logs/analysis_recent/when_what_policy_ablation_20260921/00_raw/tomato/scene_05/value_what/run_03_seed_2898963405/exp_tomato_20260921_215344_605901.txt,1,1,-3.0,0.0,-0.9891000000000001,0.0
tomato,05,3034198474,ours,value_what,experiments_logs/analysis_recent/when_what_policy_ablation_20260921/00_raw/tomato/scene_05/ours/run_40_seed_3034198474/exp_tomato_20260921_014221_642697.txt,experiments_logs/analysis_recent/when_what_policy_ablation_20260921/00_raw/tomato/scene_05/value_what/run_40_seed_3034198474/exp_tomato_20260921_215511_225953.txt,1,1,1.0,0.0,-0.73,0.0
tomato,05,346784313,ours,value_what,experiments_logs/analysis_recent/when_what_policy_ablation_20260921/00_raw/tomato/scene_05/ours/run_25_seed_346784313/exp_tomato_20260921_014156_897695.txt,experiments_logs/analysis_recent/when_what_policy_ablation_20260921/00_raw/tomato/scene_05/value_what/run_25_seed_346784313/exp_tomato_20260921_215439_023542.txt,1,1,-5.0,0.0,-1.1430999999999998,0.0
tomato,05,3471226395,ours,value_what,experiments_logs/analysis_recent/when_what_policy_ablation_20260921/00_raw/tomato/scene_05/ours/run_23_seed_3471226395/exp_tomato_20260921_014153_809007.txt,experiments_logs/analysis_recent/when_what_policy_ablation_20260921/00_raw/tomato/scene_05/value_what/run_23_seed_3471226395/exp_tomato_20260921_215434_771795.txt,1,1,-4.0,0.0,-0.8902,0.0
tomato,05,3594782946,ours,value_what,experiments_logs/analysis_recent/when_what_policy_ablation_20260921/00_raw/tomato/scene_05/ours/run_28_seed_3594782946/exp_tomato_20260921_014203_005905.txt,experiments_logs/analysis_recent/when_what_policy_ablation_20260921/00_raw/tomato/scene_05/value_what/run_28_seed_3594782946/exp_tomato_20260921_215445_714309.txt,1,1,-2.0,0.0,-0.8823999999999999,0.0
tomato,05,3637968608,ours,value_what,experiments_logs/analysis_recent/when_what_policy_ablation_20260921/00_raw/tomato/scene_05/ours/run_33_seed_3637968608/exp_tomato_20260921_014210_892241.txt,experiments_logs/analysis_recent/when_what_policy_ablation_20260921/00_raw/tomato/scene_05/value_what/run_33_seed_3637968608/exp_tomato_20260921_215456_187570.txt,1,1,-1.0,0.0,-0.754,0.0
tomato,05,3696024021,ours,value_what,experiments_logs/analysis_recent/when_what_policy_ablation_20260921/00_raw/tomato/scene_05/ours/run_37_seed_3696024021/exp_tomato_20260921_014217_028281.txt,experiments_logs/analysis_recent/when_what_policy_ablation_20260921/00_raw/tomato/scene_05/value_what/run_37_seed_3696024021/exp_tomato_20260921_215504_872590.txt,1,1,-6.0,0.0,-0.9012,0.0
tomato,05,3850832736,ours,value_what,experiments_logs/analysis_recent/when_what_policy_ablation_20260921/00_raw/tomato/scene_05/ours/run_20_seed_3850832736/exp_tomato_20260921_014149_260385.txt,experiments_logs/analysis_recent/when_what_policy_ablation_20260921/00_raw/tomato/scene_05/value_what/run_20_seed_3850832736/exp_tomato_20260921_215428_462606.txt,1,1,-3.0,0.0,-1.0608,0.0
tomato,05,3869246695,ours,value_what,experiments_logs/analysis_recent/when_what_policy_ablation_20260921/00_raw/tomato/scene_05/ours/run_29_seed_3869246695/exp_tomato_20260921_014204_490816.txt,experiments_logs/analysis_recent/when_what_policy_ablation_20260921/00_raw/tomato/scene_05/value_what/run_29_seed_3869246695/exp_tomato_20260921_215447_649717.txt,1,1,-2.0,0.0,-0.8301,0.0
tomato,05,3873493540,ours,value_what,experiments_logs/analysis_recent/when_what_policy_ablation_20260921/00_raw/tomato/scene_05/ours/run_12_seed_3873493540/exp_tomato_20260921_014136_484016.txt,experiments_logs/analysis_recent/when_what_policy_ablation_20260921/00_raw/tomato/scene_05/value_what/run_12_seed_3873493540/exp_tomato_20260921_215411_575435.txt,1,1,-4.0,0.0,-1.0592,0.0
tomato,05,3945754139,ours,value_what,experiments_logs/analysis_recent/when_what_policy_ablation_20260921/00_raw/tomato/scene_05/ours/run_01_seed_3945754139/exp_tomato_20260921_014111_515811.txt,experiments_logs/analysis_recent/when_what_policy_ablation_20260921/00_raw/tomato/scene_05/value_what/run_01_seed_3945754139/exp_tomato_20260921_215340_140524.txt,1,1,-6.0,0.0,-0.8857000000000002,0.0
tomato,05,4191848859,ours,value_what,experiments_logs/analysis_recent/when_what_policy_ablation_20260921/00_raw/tomato/scene_05/ours/run_38_seed_4191848859/exp_tomato_20260921_014218_551769.txt,experiments_logs/analysis_recent/when_what_policy_ablation_20260921/00_raw/tomato/scene_05/value_what/run_38_seed_4191848859/exp_tomato_20260921_215507_090269.txt,1,1,-4.0,0.0,-1.0524999999999998,0.0
tomato,05,444653586,ours,value_what,experiments_logs/analysis_recent/when_what_policy_ablation_20260921/00_raw/tomato/scene_05/ours/run_13_seed_444653586/exp_tomato_20260921_014138_411585.txt,experiments_logs/analysis_recent/when_what_policy_ablation_20260921/00_raw/tomato/scene_05/value_what/run_13_seed_444653586/exp_tomato_20260921_215413_873652.txt,1,1,-1.0,0.0,-0.7415,0.0
tomato,05,589229374,ours,value_what,experiments_logs/analysis_recent/when_what_policy_ablation_20260921/00_raw/tomato/scene_05/ours/run_35_seed_589229374/exp_tomato_20260921_014213_979802.txt,experiments_logs/analysis_recent/when_what_policy_ablation_20260921/00_raw/tomato/scene_05/value_what/run_35_seed_589229374/exp_tomato_20260921_215500_674935.txt,1,1,-6.0,0.0,-1.3039999999999998,0.0
tomato,05,715972481,ours,value_what,experiments_logs/analysis_recent/when_what_policy_ablation_20260921/00_raw/tomato/scene_05/ours/run_08_seed_715972481/exp_tomato_20260921_014130_224109.txt,experiments_logs/analysis_recent/when_what_policy_ablation_20260921/00_raw/tomato/scene_05/value_what/run_08_seed_715972481/exp_tomato_20260921_215402_402859.txt,1,1,-4.0,0.0,-0.853,0.0
tomato,05,794861334,ours,value_what,experiments_logs/analysis_recent/when_what_policy_ablation_20260921/00_raw/tomato/scene_05/ours/run_09_seed_794861334/exp_tomato_20260921_014131_859102.txt,experiments_logs/analysis_recent/when_what_policy_ablation_20260921/00_raw/tomato/scene_05/value_what/run_09_seed_794861334/exp_tomato_20260921_215404_722785.txt,1,1,-4.0,0.0,-1.0557999999999998,0.0
tomato,05,815541928,ours,value_what,experiments_logs/analysis_recent/when_what_policy_ablation_20260921/00_raw/tomato/scene_05/ours/run_32_seed_815541928/exp_tomato_20260921_014209_294091.txt,experiments_logs/analysis_recent/when_what_policy_ablation_20260921/00_raw/tomato/scene_05/value_what/run_32_seed_815541928/exp_tomato_20260921_215454_213309.txt,1,1,-6.0,0.0,-0.8595000000000002,0.0
tomato,05,879805946,ours,value_what,experiments_logs/analysis_recent/when_what_policy_ablation_20260921/00_raw/tomato/scene_05/ours/run_05_seed_879805946/exp_tomato_20260921_014117_990969.txt,experiments_logs/analysis_recent/when_what_policy_ablation_20260921/00_raw/tomato/scene_05/value_what/run_05_seed_879805946/exp_tomato_20260921_215348_995751.txt,1,1,-5.0,0.0,-1.0791,0.0
wastesorting,01,1062380405,ours,cp_when,experiments_logs/analysis_recent/when_what_policy_ablation_20260921/00_raw/wastesorting/scene_01/ours/run_24_seed_1062380405/exp_wastesorting_20260921_014300_079598.txt,experiments_logs/analysis_recent/when_what_policy_ablation_20260921/00_raw/wastesorting/scene_01/cp_when/run_24_seed_1062380405/exp_wastesorting_20260922_005016_198447.txt,1,1,1.0,-1.0,-23.439700000000002,-15.0
wastesorting,01,1147340016,ours,cp_when,experiments_logs/analysis_recent/when_what_policy_ablation_20260921/00_raw/wastesorting/scene_01/ours/run_29_seed_1147340016/exp_wastesorting_20260921_014307_877362.txt,experiments_logs/analysis_recent/when_what_policy_ablation_20260921/00_raw/wastesorting/scene_01/cp_when/run_29_seed_1147340016/exp_wastesorting_20260922_005226_950307.txt,1,1,-4.0,-1.0,-37.4601,20.0
wastesorting,01,1201660994,ours,cp_when,experiments_logs/analysis_recent/when_what_policy_ablation_20260921/00_raw/wastesorting/scene_01/ours/run_18_seed_1201660994/exp_wastesorting_20260921_014250_637730.txt,experiments_logs/analysis_recent/when_what_policy_ablation_20260921/00_raw/wastesorting/scene_01/cp_when/run_18_seed_1201660994/exp_wastesorting_20260922_004751_348929.txt,1,0,7.0,6.0,-8.244200000000001,30.0
wastesorting,01,1421291149,ours,cp_when,experiments_logs/analysis_recent/when_what_policy_ablation_20260921/00_raw/wastesorting/scene_01/ours/run_17_seed_1421291149/exp_wastesorting_20260921_014249_056674.txt,experiments_logs/analysis_recent/when_what_policy_ablation_20260921/00_raw/wastesorting/scene_01/cp_when/run_17_seed_1421291149/exp_wastesorting_20260922_004741_449037.txt,1,0,11.0,7.0,-6.8059,15.0
wastesorting,01,1446821692,ours,cp_when,experiments_logs/analysis_recent/when_what_policy_ablation_20260921/00_raw/wastesorting/scene_01/ours/run_07_seed_1446821692/exp_wastesorting_20260921_014232_716409.txt,experiments_logs/analysis_recent/when_what_policy_ablation_20260921/00_raw/wastesorting/scene_01/cp_when/run_07_seed_1446821692/exp_wastesorting_20260922_004227_437140.txt,1,1,-1.0,-1.0,-33.5693,-15.0
wastesorting,01,1469124930,ours,cp_when,experiments_logs/analysis_recent/when_what_policy_ablation_20260921/00_raw/wastesorting/scene_01/ours/run_12_seed_1469124930/exp_wastesorting_20260921_014240_880126.txt,experiments_logs/analysis_recent/when_what_policy_ablation_20260921/00_raw/wastesorting/scene_01/cp_when/run_12_seed_1469124930/exp_wastesorting_20260922_004530_721670.txt,1,1,-1.0,2.0,-30.0197,0.0
wastesorting,01,1753239905,ours,cp_when,experiments_logs/analysis_recent/when_what_policy_ablation_20260921/00_raw/wastesorting/scene_01/ours/run_14_seed_1753239905/exp_wastesorting_20260921_014244_147904.txt,experiments_logs/analysis_recent/when_what_policy_ablation_20260921/00_raw/wastesorting/scene_01/cp_when/run_14_seed_1753239905/exp_wastesorting_20260922_004632_998044.txt,1,1,0.0,0.0,-27.8223,15.0
wastesorting,01,2062582486,ours,cp_when,experiments_logs/analysis_recent/when_what_policy_ablation_20260921/00_raw/wastesorting/scene_01/ours/run_36_seed_2062582486/exp_wastesorting_20260921_014318_897989.txt,experiments_logs/analysis_recent/when_what_policy_ablation_20260921/00_raw/wastesorting/scene_01/cp_when/run_36_seed_2062582486/exp_wastesorting_20260922_005523_150435.txt,1,0,3.0,0.0,-24.2577,5.0
wastesorting,01,221659181,ours,cp_when,experiments_logs/analysis_recent/when_what_policy_ablation_20260921/00_raw/wastesorting/scene_01/ours/run_22_seed_221659181/exp_wastesorting_20260921_014256_811178.txt,experiments_logs/analysis_recent/when_what_policy_ablation_20260921/00_raw/wastesorting/scene_01/cp_when/run_22_seed_221659181/exp_wastesorting_20260922_004925_015473.txt,1,0,6.0,4.0,-12.240200000000002,30.0
wastesorting,01,2226680570,ours,cp_when,experiments_logs/analysis_recent/when_what_policy_ablation_20260921/00_raw/wastesorting/scene_01/ours/run_04_seed_2226680570/exp_wastesorting_20260921_014227_984304.txt,experiments_logs/analysis_recent/when_what_policy_ablation_20260921/00_raw/wastesorting/scene_01/cp_when/run_04_seed_2226680570/exp_wastesorting_20260922_004038_818840.txt,1,1,1.0,0.0,-23.9555,15.0
wastesorting,01,2258604627,ours,cp_when,experiments_logs/analysis_recent/when_what_policy_ablation_20260921/00_raw/wastesorting/scene_01/ours/run_25_seed_2258604627/exp_wastesorting_20260921_014301_570092.txt,experiments_logs/analysis_recent/when_what_policy_ablation_20260921/00_raw/wastesorting/scene_01/cp_when/run_25_seed_2258604627/exp_wastesorting_20260922_005026_374142.txt,1,0,4.0,6.0,-8.6109,30.0
wastesorting,01,2295953812,ours,cp_when,experiments_logs/analysis_recent/when_what_policy_ablation_20260921/00_raw/wastesorting/scene_01/ours/run_28_seed_2295953812/exp_wastesorting_20260921_014306_216011.txt,experiments_logs/analysis_recent/when_what_policy_ablation_20260921/00_raw/wastesorting/scene_01/cp_when/run_28_seed_2295953812/exp_wastesorting_20260922_005147_738842.txt,1,1,0.0,0.0,-22.643099999999997,0.0
wastesorting,01,2310768630,ours,cp_when,experiments_logs/analysis_recent/when_what_policy_ablation_20260921/00_raw/wastesorting/scene_01/ours/run_03_seed_2310768630/exp_wastesorting_20260921_014226_431269.txt,experiments_logs/analysis_recent/when_what_policy_ablation_20260921/00_raw/wastesorting/scene_01/cp_when/run_03_seed_2310768630/exp_wastesorting_20260922_004013_243471.txt,1,0,5.0,4.0,-10.311499999999999,25.0
wastesorting,01,2566599462,ours,cp_when,experiments_logs/analysis_recent/when_what_policy_ablation_20260921/00_raw/wastesorting/scene_01/ours/run_32_seed_2566599462/exp_wastesorting_20260921_014312_637676.txt,experiments_logs/analysis_recent/when_what_policy_ablation_20260921/00_raw/wastesorting/scene_01/cp_when/run_32_seed_2566599462/exp_wastesorting_20260922_005340_884594.txt,1,0,6.0,6.0,-12.8551,25.0
wastesorting,01,2732686114,ours,cp_when,experiments_logs/analysis_recent/when_what_policy_ablation_20260921/00_raw/wastesorting/scene_01/ours/run_19_seed_2732686114/exp_wastesorting_20260921_014252_175459.txt,experiments_logs/analysis_recent/when_what_policy_ablation_20260921/00_raw/wastesorting/scene_01/cp_when/run_19_seed_2732686114/exp_wastesorting_20260922_004824_364918.txt,1,1,-4.0,0.0,-31.402800000000003,15.0
wastesorting,01,2829245352,ours,cp_when,experiments_logs/analysis_recent/when_what_policy_ablation_20260921/00_raw/wastesorting/scene_01/ours/run_26_seed_2829245352/exp_wastesorting_20260921_014303_123743.txt,experiments_logs/analysis_recent/when_what_policy_ablation_20260921/00_raw/wastesorting/scene_01/cp_when/run_26_seed_2829245352/exp_wastesorting_20260922_005056_610238.txt,1,1,0.0,0.0,-28.627200000000002,-25.0
wastesorting,01,2855763027,ours,cp_when,experiments_logs/analysis_recent/when_what_policy_ablation_20260921/00_raw/wastesorting/scene_01/ours/run_08_seed_2855763027/exp_wastesorting_20260921_014234_331603.txt,experiments_logs/analysis_recent/when_what_policy_ablation_20260921/00_raw/wastesorting/scene_01/cp_when/run_08_seed_2855763027/exp_wastesorting_20260922_004302_875548.txt,1,1,-1.0,0.0,-33.754599999999996,0.0
wastesorting,01,304491485,ours,cp_when,experiments_logs/analysis_recent/when_what_policy_ablation_20260921/00_raw/wastesorting/scene_01/ours/run_11_seed_304491485/exp_wastesorting_20260921_014239_198519.txt,experiments_logs/analysis_recent/when_what_policy_ablation_20260921/00_raw/wastesorting/scene_01/cp_when/run_11_seed_304491485/exp_wastesorting_20260922_004458_964370.txt,1,1,-4.0,0.0,-33.1481,0.0
wastesorting,01,3143992301,ours,cp_when,experiments_logs/analysis_recent/when_what_policy_ablation_20260921/00_raw/wastesorting/scene_01/ours/run_10_seed_3143992301/exp_wastesorting_20260921_014237_632512.txt,experiments_logs/analysis_recent/when_what_policy_ablation_20260921/00_raw/wastesorting/scene_01/cp_when/run_10_seed_3143992301/exp_wastesorting_20260922_004424_186030.txt,1,1,-4.0,-1.0,-36.2461,15.0
wastesorting,01,3156193605,ours,cp_when,experiments_logs/analysis_recent/when_what_policy_ablation_20260921/00_raw/wastesorting/scene_01/ours/run_39_seed_3156193605/exp_wastesorting_20260921_014323_498523.txt,experiments_logs/analysis_recent/when_what_policy_ablation_20260921/00_raw/wastesorting/scene_01/cp_when/run_39_seed_3156193605/exp_wastesorting_20260922_005649_532673.txt,1,1,-2.0,0.0,-27.1047,15.0
wastesorting,01,3175035907,ours,cp_when,experiments_logs/analysis_recent/when_what_policy_ablation_20260921/00_raw/wastesorting/scene_01/ours/run_38_seed_3175035907/exp_wastesorting_20260921_014321_984382.txt,experiments_logs/analysis_recent/when_what_policy_ablation_20260921/00_raw/wastesorting/scene_01/cp_when/run_38_seed_3175035907/exp_wastesorting_20260922_005620_852978.txt,1,1,-2.0,0.0,-31.127699999999997,-15.0
wastesorting,01,3176006814,ours,cp_when,experiments_logs/analysis_recent/when_what_policy_ablation_20260921/00_raw/wastesorting/scene_01/ours/run_06_seed_3176006814/exp_wastesorting_20260921_014231_153801.txt,experiments_logs/analysis_recent/when_what_policy_ablation_20260921/00_raw/wastesorting/scene_01/cp_when/run_06_seed_3176006814/exp_wastesorting_20260922_004152_231239.txt,1,1,-4.0,-2.0,-36.7459,0.0
wastesorting,01,3267154761,ours,cp_when,experiments_logs/analysis_recent/when_what_policy_ablation_20260921/00_raw/wastesorting/scene_01/ours/run_35_seed_3267154761/exp_wastesorting_20260921_014317_361486.txt,experiments_logs/analysis_recent/when_what_policy_ablation_20260921/00_raw/wastesorting/scene_01/cp_when/run_35_seed_3267154761/exp_wastesorting_20260922_005457_281017.txt,1,1,-1.0,0.0,-24.955000000000002,0.0
wastesorting,01,3276452260,ours,cp_when,experiments_logs/analysis_recent/when_what_policy_ablation_20260921/00_raw/wastesorting/scene_01/ours/run_20_seed_3276452260/exp_wastesorting_20260921_014253_730560.txt,experiments_logs/analysis_recent/when_what_policy_ablation_20260921/00_raw/wastesorting/scene_01/cp_when/run_20_seed_3276452260/exp_wastesorting_20260922_004858_189219.txt,1,1,-2.0,0.0,-32.1931,-20.0
wastesorting,01,3622402991,ours,cp_when,experiments_logs/analysis_recent/when_what_policy_ablation_20260921/00_raw/wastesorting/scene_01/ours/run_02_seed_3622402991/exp_wastesorting_20260921_014224_895172.txt,experiments_logs/analysis_recent/when_what_policy_ablation_20260921/00_raw/wastesorting/scene_01/cp_when/run_02_seed_3622402991/exp_wastesorting_20260922_004001_320222.txt,1,1,-1.0,0.0,-27.0304,0.0
wastesorting,01,3656921932,ours,cp_when,experiments_logs/analysis_recent/when_what_policy_ablation_20260921/00_raw/wastesorting/scene_01/ours/run_30_seed_3656921932/exp_wastesorting_20260921_014309_468091.txt,experiments_logs/analysis_recent/when_what_policy_ablation_20260921/00_raw/wastesorting/scene_01/cp_when/run_30_seed_3656921932/exp_wastesorting_20260922_005253_000876.txt,1,1,0.0,0.0,-24.4035,0.0
wastesorting,01,3722475659,ours,cp_when,experiments_logs/analysis_recent/when_what_policy_ablation_20260921/00_raw/wastesorting/scene_01/ours/run_34_seed_3722475659/exp_wastesorting_20260921_014315_787398.txt,experiments_logs/analysis_recent/when_what_policy_ablation_20260921/00_raw/wastesorting/scene_01/cp_when/run_34_seed_3722475659/exp_wastesorting_20260922_005430_692039.txt,1,0,2.0,-1.0,-21.9614,15.0
wastesorting,01,3794435593,ours,cp_when,experiments_logs/analysis_recent/when_what_policy_ablation_20260921/00_raw/wastesorting/scene_01/ours/run_23_seed_3794435593/exp_wastesorting_20260921_014258_471443.txt,experiments_logs/analysis_recent/when_what_policy_ablation_20260921/00_raw/wastesorting/scene_01/cp_when/run_23_seed_3794435593/exp_wastesorting_20260922_004951_099321.txt,1,1,-1.0,0.0,-24.3685,0.0
wastesorting,01,3862245153,ours,cp_when,experiments_logs/analysis_recent/when_what_policy_ablation_20260921/00_raw/wastesorting/scene_01/ours/run_40_seed_3862245153/exp_wastesorting_20260921_014325_143440.txt,experiments_logs/analysis_recent/when_what_policy_ablation_20260921/00_raw/wastesorting/scene_01/cp_when/run_40_seed_3862245153/exp_wastesorting_20260922_005718_651064.txt,1,1,-2.0,1.0,-27.4053,-15.0
wastesorting,01,3890046989,ours,cp_when,experiments_logs/analysis_recent/when_what_policy_ablation_20260921/00_raw/wastesorting/scene_01/ours/run_15_seed_3890046989/exp_wastesorting_20260921_014245_880375.txt,experiments_logs/analysis_recent/when_what_policy_ablation_20260921/00_raw/wastesorting/scene_01/cp_when/run_15_seed_3890046989/exp_wastesorting_20260922_004701_821007.txt,1,1,1.0,3.0,-27.0116,-15.0
wastesorting,01,3904873952,ours,cp_when,experiments_logs/analysis_recent/when_what_policy_ablation_20260921/00_raw/wastesorting/scene_01/ours/run_13_seed_3904873952/exp_wastesorting_20260921_014242_512411.txt,experiments_logs/analysis_recent/when_what_policy_ablation_20260921/00_raw/wastesorting/scene_01/cp_when/run_13_seed_3904873952/exp_wastesorting_20260922_004603_464265.txt,1,1,-3.0,0.0,-31.034299999999998,15.0
wastesorting,01,3940097250,ours,cp_when,experiments_logs/analysis_recent/when_what_policy_ablation_20260921/00_raw/wastesorting/scene_01/ours/run_27_seed_3940097250/exp_wastesorting_20260921_014304_618251.txt,experiments_logs/analysis_recent/when_what_policy_ablation_20260921/00_raw/wastesorting/scene_01/cp_when/run_27_seed_3940097250/exp_wastesorting_20260922_005123_432001.txt,1,1,-2.0,0.0,-25.2552,0.0
wastesorting,01,3987872288,ours,cp_when,experiments_logs/analysis_recent/when_what_policy_ablation_20260921/00_raw/wastesorting/scene_01/ours/run_09_seed_3987872288/exp_wastesorting_20260921_014236_006707.txt,experiments_logs/analysis_recent/when_what_policy_ablation_20260921/00_raw/wastesorting/scene_01/cp_when/run_09_seed_3987872288/exp_wastesorting_20260922_004346_244544.txt,1,1,-5.0,0.0,-41.6293,-15.0
wastesorting,01,4001804605,ours,cp_when,experiments_logs/analysis_recent/when_what_policy_ablation_20260921/00_raw/wastesorting/scene_01/ours/run_37_seed_4001804605/exp_wastesorting_20260921_014320_399285.txt,experiments_logs/analysis_recent/when_what_policy_ablation_20260921/00_raw/wastesorting/scene_01/cp_when/run_37_seed_4001804605/exp_wastesorting_20260922_005548_049862.txt,1,0,6.0,0.0,-23.3277,0.0
wastesorting,01,4016452800,ours,cp_when,experiments_logs/analysis_recent/when_what_policy_ablation_20260921/00_raw/wastesorting/scene_01/ours/run_16_seed_4016452800/exp_wastesorting_20260921_014247_458172.txt,experiments_logs/analysis_recent/when_what_policy_ablation_20260921/00_raw/wastesorting/scene_01/cp_when/run_16_seed_4016452800/exp_wastesorting_20260922_004732_985868.txt,1,1,6.0,-1.0,-29.5151,0.0
wastesorting,01,4064545001,ours,cp_when,experiments_logs/analysis_recent/when_what_policy_ablation_20260921/00_raw/wastesorting/scene_01/ours/run_01_seed_4064545001/exp_wastesorting_20260921_014223_186349.txt,experiments_logs/analysis_recent/when_what_policy_ablation_20260921/00_raw/wastesorting/scene_01/cp_when/run_01_seed_4064545001/exp_wastesorting_20260922_003932_498532.txt,1,1,-1.0,0.0,-26.724600000000002,0.0
wastesorting,01,4139245423,ours,cp_when,experiments_logs/analysis_recent/when_what_policy_ablation_20260921/00_raw/wastesorting/scene_01/ours/run_05_seed_4139245423/exp_wastesorting_20260921_014229_661755.txt,experiments_logs/analysis_recent/when_what_policy_ablation_20260921/00_raw/wastesorting/scene_01/cp_when/run_05_seed_4139245423/exp_wastesorting_20260922_004113_920994.txt,1,1,-1.0,1.0,-33.3515,0.0
wastesorting,01,481330159,ours,cp_when,experiments_logs/analysis_recent/when_what_policy_ablation_20260921/00_raw/wastesorting/scene_01/ours/run_33_seed_481330159/exp_wastesorting_20260921_014314_206755.txt,experiments_logs/analysis_recent/when_what_policy_ablation_20260921/00_raw/wastesorting/scene_01/cp_when/run_33_seed_481330159/exp_wastesorting_20260922_005407_097730.txt,1,1,-1.0,0.0,-24.5642,0.0
wastesorting,01,834664221,ours,cp_when,experiments_logs/analysis_recent/when_what_policy_ablation_20260921/00_raw/wastesorting/scene_01/ours/run_31_seed_834664221/exp_wastesorting_20260921_014311_051993.txt,experiments_logs/analysis_recent/when_what_policy_ablation_20260921/00_raw/wastesorting/scene_01/cp_when/run_31_seed_834664221/exp_wastesorting_20260922_005326_385351.txt,1,1,-3.0,0.0,-31.738,0.0
wastesorting,01,973561137,ours,cp_when,experiments_logs/analysis_recent/when_what_policy_ablation_20260921/00_raw/wastesorting/scene_01/ours/run_21_seed_973561137/exp_wastesorting_20260921_014255_306410.txt,experiments_logs/analysis_recent/when_what_policy_ablation_20260921/00_raw/wastesorting/scene_01/cp_when/run_21_seed_973561137/exp_wastesorting_20260922_004911_200527.txt,1,0,3.0,6.0,-11.3642,30.0
wastesorting,02,1014673370,ours,cp_when,experiments_logs/analysis_recent/when_what_policy_ablation_20260921/00_raw/wastesorting/scene_02/ours/run_27_seed_1014673370/exp_wastesorting_20260921_014403_423595.txt,experiments_logs/analysis_recent/when_what_policy_ablation_20260921/00_raw/wastesorting/scene_02/cp_when/run_27_seed_1014673370/exp_wastesorting_20260922_010957_594481.txt,1,1,-2.0,0.0,-38.251000000000005,0.0
wastesorting,02,1116766657,ours,cp_when,experiments_logs/analysis_recent/when_what_policy_ablation_20260921/00_raw/wastesorting/scene_02/ours/run_17_seed_1116766657/exp_wastesorting_20260921_014349_308496.txt,experiments_logs/analysis_recent/when_what_policy_ablation_20260921/00_raw/wastesorting/scene_02/cp_when/run_17_seed_1116766657/exp_wastesorting_20260922_010458_816047.txt,1,1,3.0,0.0,-20.9194,-15.0
wastesorting,02,1150653687,ours,cp_when,experiments_logs/analysis_recent/when_what_policy_ablation_20260921/00_raw/wastesorting/scene_02/ours/run_10_seed_1150653687/exp_wastesorting_20260921_014339_500672.txt,experiments_logs/analysis_recent/when_what_policy_ablation_20260921/00_raw/wastesorting/scene_02/cp_when/run_10_seed_1150653687/exp_wastesorting_20260922_010144_996798.txt,1,1,2.0,1.0,-33.7124,15.0
wastesorting,02,1185595584,ours,cp_when,experiments_logs/analysis_recent/when_what_policy_ablation_20260921/00_raw/wastesorting/scene_02/ours/run_19_seed_1185595584/exp_wastesorting_20260921_014352_135121.txt,experiments_logs/analysis_recent/when_what_policy_ablation_20260921/00_raw/wastesorting/scene_02/cp_when/run_19_seed_1185595584/exp_wastesorting_20260922_010536_881474.txt,1,0,10.0,6.0,-9.3267,25.0
wastesorting,02,1191125615,ours,cp_when,experiments_logs/analysis_recent/when_what_policy_ablation_20260921/00_raw/wastesorting/scene_02/ours/run_38_seed_1191125615/exp_wastesorting_20260921_014419_043542.txt,experiments_logs/analysis_recent/when_what_policy_ablation_20260921/00_raw/wastesorting/scene_02/cp_when/run_38_seed_1191125615/exp_wastesorting_20260922_011456_480425.txt,1,0,6.0,3.0,-14.596,20.0
wastesorting,02,1273456514,ours,cp_when,experiments_logs/analysis_recent/when_what_policy_ablation_20260921/00_raw/wastesorting/scene_02/ours/run_03_seed_1273456514/exp_wastesorting_20260921_014329_315854.txt,experiments_logs/analysis_recent/when_what_policy_ablation_20260921/00_raw/wastesorting/scene_02/cp_when/run_03_seed_1273456514/exp_wastesorting_20260922_005836_060139.txt,1,1,-3.0,0.0,-34.2191,0.0
wastesorting,02,1315496753,ours,cp_when,experiments_logs/analysis_recent/when_what_policy_ablation_20260921/00_raw/wastesorting/scene_02/ours/run_05_seed_1315496753/exp_wastesorting_20260921_014332_170059.txt,experiments_logs/analysis_recent/when_what_policy_ablation_20260921/00_raw/wastesorting/scene_02/cp_when/run_05_seed_1315496753/exp_wastesorting_20260922_005937_610460.txt,1,1,1.0,0.0,-27.524600000000003,5.0
wastesorting,02,1478189300,ours,cp_when,experiments_logs/analysis_recent/when_what_policy_ablation_20260921/00_raw/wastesorting/scene_02/ours/run_21_seed_1478189300/exp_wastesorting_20260921_014354_933058.txt,experiments_logs/analysis_recent/when_what_policy_ablation_20260921/00_raw/wastesorting/scene_02/cp_when/run_21_seed_1478189300/exp_wastesorting_20260922_010633_556824.txt,1,1,0.0,0.0,-25.8175,15.0
wastesorting,02,1669852028,ours,cp_when,experiments_logs/analysis_recent/when_what_policy_ablation_20260921/00_raw/wastesorting/scene_02/ours/run_08_seed_1669852028/exp_wastesorting_20260921_014336_377295.txt,experiments_logs/analysis_recent/when_what_policy_ablation_20260921/00_raw/wastesorting/scene_02/cp_when/run_08_seed_1669852028/exp_wastesorting_20260922_010042_593818.txt,1,0,6.0,4.0,-11.8883,25.0
wastesorting,02,1679391382,ours,cp_when,experiments_logs/analysis_recent/when_what_policy_ablation_20260921/00_raw/wastesorting/scene_02/ours/run_04_seed_1679391382/exp_wastesorting_20260921_014330_805740.txt,experiments_logs/analysis_recent/when_what_policy_ablation_20260921/00_raw/wastesorting/scene_02/cp_when/run_04_seed_1679391382/exp_wastesorting_20260922_005908_646799.txt,1,1,-2.0,0.0,-31.031299999999998,0.0
wastesorting,02,1684512935,ours,cp_when,experiments_logs/analysis_recent/when_what_policy_ablation_20260921/00_raw/wastesorting/scene_02/ours/run_12_seed_1684512935/exp_wastesorting_20260921_014342_442168.txt,experiments_logs/analysis_recent/when_what_policy_ablation_20260921/00_raw/wastesorting/scene_02/cp_when/run_12_seed_1684512935/exp_wastesorting_20260922_010252_242371.txt,1,1,-1.0,-3.0,-37.078100000000006,0.0
wastesorting,02,1859675682,ours,cp_when,experiments_logs/analysis_recent/when_what_policy_ablation_20260921/00_raw/wastesorting/scene_02/ours/run_32_seed_1859675682/exp_wastesorting_20260921_014410_561261.txt,experiments_logs/analysis_recent/when_what_policy_ablation_20260921/00_raw/wastesorting/scene_02/cp_when/run_32_seed_1859675682/exp_wastesorting_20260922_011201_185696.txt,1,1,0.0,0.0,-27.0698,-15.0
wastesorting,02,1960486937,ours,cp_when,experiments_logs/analysis_recent/when_what_policy_ablation_20260921/00_raw/wastesorting/scene_02/ours/run_18_seed_1960486937/exp_wastesorting_20260921_014350_678636.txt,experiments_logs/analysis_recent/when_what_policy_ablation_20260921/00_raw/wastesorting/scene_02/cp_when/run_18_seed_1960486937/exp_wastesorting_20260922_010526_031910.txt,1,1,2.0,0.0,-25.790699999999998,-15.0
wastesorting,02,2006819571,ours,cp_when,experiments_logs/analysis_recent/when_what_policy_ablation_20260921/00_raw/wastesorting/scene_02/ours/run_30_seed_2006819571/exp_wastesorting_20260921_014407_606442.txt,experiments_logs/analysis_recent/when_what_policy_ablation_20260921/00_raw/wastesorting/scene_02/cp_when/run_30_seed_2006819571/exp_wastesorting_20260922_011101_629169.txt,1,1,2.0,0.0,-24.526,0.0
wastesorting,02,2156641990,ours,cp_when,experiments_logs/analysis_recent/when_what_policy_ablation_20260921/00_raw/wastesorting/scene_02/ours/run_01_seed_2156641990/exp_wastesorting_20260921_014326_506358.txt,experiments_logs/analysis_recent/when_what_policy_ablation_20260921/00_raw/wastesorting/scene_02/cp_when/run_01_seed_2156641990/exp_wastesorting_20260922_005726_818218.txt,1,0,8.0,7.0,-6.7237,30.0
wastesorting,02,2175442287,ours,cp_when,experiments_logs/analysis_recent/when_what_policy_ablation_20260921/00_raw/wastesorting/scene_02/ours/run_20_seed_2175442287/exp_wastesorting_20260921_014353_488618.txt,experiments_logs/analysis_recent/when_what_policy_ablation_20260921/00_raw/wastesorting/scene_02/cp_when/run_20_seed_2175442287/exp_wastesorting_20260922_010606_241489.txt,1,1,3.0,0.0,-27.9436,-15.0
wastesorting,02,2226175700,ours,cp_when,experiments_logs/analysis_recent/when_what_policy_ablation_20260921/00_raw/wastesorting/scene_02/ours/run_39_seed_2226175700/exp_wastesorting_20260921_014420_411717.txt,experiments_logs/analysis_recent/when_what_policy_ablation_20260921/00_raw/wastesorting/scene_02/cp_when/run_39_seed_2226175700/exp_wastesorting_20260922_011529_566834.txt,1,1,0.0,-2.0,-31.634399999999996,0.0
wastesorting,02,2314118130,ours,cp_when,experiments_logs/analysis_recent/when_what_policy_ablation_20260921/00_raw/wastesorting/scene_02/ours/run_09_seed_2314118130/exp_wastesorting_20260921_014337_789816.txt,experiments_logs/analysis_recent/when_what_policy_ablation_20260921/00_raw/wastesorting/scene_02/cp_when/run_09_seed_2314118130/exp_wastesorting_20260922_010109_507159.txt,1,1,3.0,0.0,-25.4339,0.0
wastesorting,02,2497538083,ours,cp_when,experiments_logs/analysis_recent/when_what_policy_ablation_20260921/00_raw/wastesorting/scene_02/ours/run_22_seed_2497538083/exp_wastesorting_20260921_014356_351029.txt,experiments_logs/analysis_recent/when_what_policy_ablation_20260921/00_raw/wastesorting/scene_02/cp_when/run_22_seed_2497538083/exp_wastesorting_20260922_010704_284528.txt,1,1,1.0,-2.0,-29.2528,0.0
wastesorting,02,2628956077,ours,cp_when,experiments_logs/analysis_recent/when_what_policy_ablation_20260921/00_raw/wastesorting/scene_02/ours/run_07_seed_2628956077/exp_wastesorting_20260921_014334_954988.txt,experiments_logs/analysis_recent/when_what_policy_ablation_20260921/00_raw/wastesorting/scene_02/cp_when/run_07_seed_2628956077/exp_wastesorting_20260922_010029_216750.txt,1,1,3.0,0.0,-25.8259,0.0
wastesorting,02,2679542969,ours,cp_when,experiments_logs/analysis_recent/when_what_policy_ablation_20260921/00_raw/wastesorting/scene_02/ours/run_37_seed_2679542969/exp_wastesorting_20260921_014417_669795.txt,experiments_logs/analysis_recent/when_what_policy_ablation_20260921/00_raw/wastesorting/scene_02/cp_when/run_37_seed_2679542969/exp_wastesorting_20260922_011440_433032.txt,1,0,-1.0,-1.0,-36.5055,15.0
wastesorting,02,2681088983,ours,cp_when,experiments_logs/analysis_recent/when_what_policy_ablation_20260921/00_raw/wastesorting/scene_02/ours/run_33_seed_2681088983/exp_wastesorting_20260921_014411_988672.txt,experiments_logs/analysis_recent/when_what_policy_ablation_20260921/00_raw/wastesorting/scene_02/cp_when/run_33_seed_2681088983/exp_wastesorting_20260922_011224_417587.txt,1,1,6.0,2.0,-21.7409,0.0
wastesorting,02,2903446598,ours,cp_when,experiments_logs/analysis_recent/when_what_policy_ablation_20260921/00_raw/wastesorting/scene_02/ours/run_34_seed_2903446598/exp_wastesorting_20260921_014413_479356.txt,experiments_logs/analysis_recent/when_what_policy_ablation_20260921/00_raw/wastesorting/scene_02/cp_when/run_34_seed_2903446598/exp_wastesorting_20260922_011252_610518.txt,1,1,5.0,-1.0,-26.6239,0.0
wastesorting,02,3041513348,ours,cp_when,experiments_logs/analysis_recent/when_what_policy_ablation_20260921/00_raw/wastesorting/scene_02/ours/run_28_seed_3041513348/exp_wastesorting_20260921_014404_821644.txt,experiments_logs/analysis_recent/when_what_policy_ablation_20260921/00_raw/wastesorting/scene_02/cp_when/run_28_seed_3041513348/exp_wastesorting_20260922_011028_199429.txt,1,1,0.0,1.0,-29.1407,-5.0
wastesorting,02,3100998094,ours,cp_when,experiments_logs/analysis_recent/when_what_policy_ablation_20260921/00_raw/wastesorting/scene_02/ours/run_29_seed_3100998094/exp_wastesorting_20260921_014406_217033.txt,experiments_logs/analysis_recent/when_what_policy_ablation_20260921/00_raw/wastesorting/scene_02/cp_when/run_29_seed_3100998094/exp_wastesorting_20260922_011035_654598.txt,1,0,7.0,7.0,-5.996,30.0
wastesorting,02,3132007216,ours,cp_when,experiments_logs/analysis_recent/when_what_policy_ablation_20260921/00_raw/wastesorting/scene_02/ours/run_14_seed_3132007216/exp_wastesorting_20260921_014345_232461.txt,experiments_logs/analysis_recent/when_what_policy_ablation_20260921/00_raw/wastesorting/scene_02/cp_when/run_14_seed_3132007216/exp_wastesorting_20260922_010354_435798.txt,1,1,0.0,0.0,-32.2634,0.0
wastesorting,02,3361930932,ours,cp_when,experiments_logs/analysis_recent/when_what_policy_ablation_20260921/00_raw/wastesorting/scene_02/ours/run_36_seed_3361930932/exp_wastesorting_20260921_014416_285199.txt,experiments_logs/analysis_recent/when_what_policy_ablation_20260921/00_raw/wastesorting/scene_02/cp_when/run_36_seed_3361930932/exp_wastesorting_20260922_011402_449113.txt,1,1,-2.0,-2.0,-32.2202,0.0
wastesorting,02,3666558197,ours,cp_when,experiments_logs/analysis_recent/when_what_policy_ablation_20260921/00_raw/wastesorting/scene_02/ours/run_25_seed_3666558197/exp_wastesorting_20260921_014400_591386.txt,experiments_logs/analysis_recent/when_what_policy_ablation_20260921/00_raw/wastesorting/scene_02/cp_when/run_25_seed_3666558197/exp_wastesorting_20260922_010842_527677.txt,1,1,2.0,0.0,-38.5194,-15.0
wastesorting,02,3749131969,ours,cp_when,experiments_logs/analysis_recent/when_what_policy_ablation_20260921/00_raw/wastesorting/scene_02/ours/run_40_seed_3749131969/exp_wastesorting_20260921_014421_830493.txt,experiments_logs/analysis_recent/when_what_policy_ablation_20260921/00_raw/wastesorting/scene_02/cp_when/run_40_seed_3749131969/exp_wastesorting_20260922_011556_604631.txt,1,0,2.0,0.0,-25.560299999999998,15.0
wastesorting,02,3750062435,ours,cp_when,experiments_logs/analysis_recent/when_what_policy_ablation_20260921/00_raw/wastesorting/scene_02/ours/run_24_seed_3750062435/exp_wastesorting_20260921_014359_191092.txt,experiments_logs/analysis_recent/when_what_policy_ablation_20260921/00_raw/wastesorting/scene_02/cp_when/run_24_seed_3750062435/exp_wastesorting_20260922_010802_561802.txt,1,0,3.0,0.0,-25.625799999999998,15.0
wastesorting,02,3794247199,ours,cp_when,experiments_logs/analysis_recent/when_what_policy_ablation_20260921/00_raw/wastesorting/scene_02/ours/run_06_seed_3794247199/exp_wastesorting_20260921_014333_557759.txt,experiments_logs/analysis_recent/when_what_policy_ablation_20260921/00_raw/wastesorting/scene_02/cp_when/run_06_seed_3794247199/exp_wastesorting_20260922_010001_935429.txt,1,0,3.0,0.0,-22.8639,0.0
wastesorting,02,3820178410,ours,cp_when,experiments_logs/analysis_recent/when_what_policy_ablation_20260921/00_raw/wastesorting/scene_02/ours/run_11_seed_3820178410/exp_wastesorting_20260921_014341_037057.txt,experiments_logs/analysis_recent/when_what_policy_ablation_20260921/00_raw/wastesorting/scene_02/cp_when/run_11_seed_3820178410/exp_wastesorting_20260922_010213_692480.txt,1,1,2.0,2.0,-27.0768,20.0
wastesorting,02,4052769592,ours,cp_when,experiments_logs/analysis_recent/when_what_policy_ablation_20260921/00_raw/wastesorting/scene_02/ours/run_16_seed_4052769592/exp_wastesorting_20260921_014347_943626.txt,experiments_logs/analysis_recent/when_what_policy_ablation_20260921/00_raw/wastesorting/scene_02/cp_when/run_16_seed_4052769592/exp_wastesorting_20260922_010436_466740.txt,1,0,4.0,6.0,-17.424500000000002,25.0
wastesorting,02,4053942929,ours,cp_when,experiments_logs/analysis_recent/when_what_policy_ablation_20260921/00_raw/wastesorting/scene_02/ours/run_26_seed_4053942929/exp_wastesorting_20260921_014402_005406.txt,experiments_logs/analysis_recent/when_what_policy_ablation_20260921/00_raw/wastesorting/scene_02/cp_when/run_26_seed_4053942929/exp_wastesorting_20260922_010917_853422.txt,1,1,-1.0,-1.0,-33.8441,-15.0
wastesorting,02,4138266715,ours,cp_when,experiments_logs/analysis_recent/when_what_policy_ablation_20260921/00_raw/wastesorting/scene_02/ours/run_35_seed_4138266715/exp_wastesorting_20260921_014414_859806.txt,experiments_logs/analysis_recent/when_what_policy_ablation_20260921/00_raw/wastesorting/scene_02/cp_when/run_35_seed_4138266715/exp_wastesorting_20260922_011328_728717.txt,1,1,-1.0,0.0,-34.67,25.0
wastesorting,02,431660203,ours,cp_when,experiments_logs/analysis_recent/when_what_policy_ablation_20260921/00_raw/wastesorting/scene_02/ours/run_15_seed_431660203/exp_wastesorting_20260921_014346_558276.txt,experiments_logs/analysis_recent/when_what_policy_ablation_20260921/00_raw/wastesorting/scene_02/cp_when/run_15_seed_431660203/exp_wastesorting_20260922_010417_584497.txt,1,0,4.0,0.0,-21.749000000000002,15.0
wastesorting,02,604661570,ours,cp_when,experiments_logs/analysis_recent/when_what_policy_ablation_20260921/00_raw/wastesorting/scene_02/ours/run_31_seed_604661570/exp_wastesorting_20260921_014409_089368.txt,experiments_logs/analysis_recent/when_what_policy_ablation_20260921/00_raw/wastesorting/scene_02/cp_when/run_31_seed_604661570/exp_wastesorting_20260922_011132_583204.txt,1,1,1.0,1.0,-29.420499999999997,-15.0
wastesorting,02,715488211,ours,cp_when,experiments_logs/analysis_recent/when_what_policy_ablation_20260921/00_raw/wastesorting/scene_02/ours/run_02_seed_715488211/exp_wastesorting_20260921_014327_924195.txt,experiments_logs/analysis_recent/when_what_policy_ablation_20260921/00_raw/wastesorting/scene_02/cp_when/run_02_seed_715488211/exp_wastesorting_20260922_005800_384995.txt,1,1,1.0,-2.0,-32.0867,-15.0
wastesorting,02,800159661,ours,cp_when,experiments_logs/analysis_recent/when_what_policy_ablation_20260921/00_raw/wastesorting/scene_02/ours/run_13_seed_800159661/exp_wastesorting_20260921_014343_840943.txt,experiments_logs/analysis_recent/when_what_policy_ablation_20260921/00_raw/wastesorting/scene_02/cp_when/run_13_seed_800159661/exp_wastesorting_20260922_010320_717657.txt,1,1,1.0,-1.0,-27.0001,-15.0
wastesorting,02,92232459,ours,cp_when,experiments_logs/analysis_recent/when_what_policy_ablation_20260921/00_raw/wastesorting/scene_02/ours/run_23_seed_92232459/exp_wastesorting_20260921_014357_791923.txt,experiments_logs/analysis_recent/when_what_policy_ablation_20260921/00_raw/wastesorting/scene_02/cp_when/run_23_seed_92232459/exp_wastesorting_20260922_010735_476445.txt,1,1,0.0,0.0,-29.6796,0.0
wastesorting,03,1010706734,ours,cp_when,experiments_logs/analysis_recent/when_what_policy_ablation_20260921/00_raw/wastesorting/scene_03/ours/run_15_seed_1010706734/exp_wastesorting_20260921_014443_123684.txt,experiments_logs/analysis_recent/when_what_policy_ablation_20260921/00_raw/wastesorting/scene_03/cp_when/run_15_seed_1010706734/exp_wastesorting_20260922_012333_284719.txt,1,1,-2.0,0.0,-28.5921,0.0
wastesorting,03,1065524053,ours,cp_when,experiments_logs/analysis_recent/when_what_policy_ablation_20260921/00_raw/wastesorting/scene_03/ours/run_37_seed_1065524053/exp_wastesorting_20260921_014514_569278.txt,experiments_logs/analysis_recent/when_what_policy_ablation_20260921/00_raw/wastesorting/scene_03/cp_when/run_37_seed_1065524053/exp_wastesorting_20260922_013440_340568.txt,1,1,4.0,-2.0,-42.165200000000006,0.0
wastesorting,03,1123572063,ours,cp_when,experiments_logs/analysis_recent/when_what_policy_ablation_20260921/00_raw/wastesorting/scene_03/ours/run_29_seed_1123572063/exp_wastesorting_20260921_014502_835607.txt,experiments_logs/analysis_recent/when_what_policy_ablation_20260921/00_raw/wastesorting/scene_03/cp_when/run_29_seed_1123572063/exp_wastesorting_20260922_013013_151962.txt,1,1,1.0,-1.0,-26.6996,0.0
wastesorting,03,1198822842,ours,cp_when,experiments_logs/analysis_recent/when_what_policy_ablation_20260921/00_raw/wastesorting/scene_03/ours/run_39_seed_1198822842/exp_wastesorting_20260921_014517_496462.txt,experiments_logs/analysis_recent/when_what_policy_ablation_20260921/00_raw/wastesorting/scene_03/cp_when/run_39_seed_1198822842/exp_wastesorting_20260922_013553_030845.txt,1,0,0.0,0.0,-40.2808,20.0
wastesorting,03,1263200062,ours,cp_when,experiments_logs/analysis_recent/when_what_policy_ablation_20260921/00_raw/wastesorting/scene_03/ours/run_08_seed_1263200062/exp_wastesorting_20260921_014433_248754.txt,experiments_logs/analysis_recent/when_what_policy_ablation_20260921/00_raw/wastesorting/scene_03/cp_when/run_08_seed_1263200062/exp_wastesorting_20260922_012013_145837.txt,1,1,0.0,1.0,-29.429100000000002,0.0
wastesorting,03,1312241461,ours,cp_when,experiments_logs/analysis_recent/when_what_policy_ablation_20260921/00_raw/wastesorting/scene_03/ours/run_20_seed_1312241461/exp_wastesorting_20260921_014450_301679.txt,experiments_logs/analysis_recent/when_what_policy_ablation_20260921/00_raw/wastesorting/scene_03/cp_when/run_20_seed_1312241461/exp_wastesorting_20260922_012614_204071.txt,1,1,-3.0,0.0,-37.7074,0.0
wastesorting,03,1429072852,ours,cp_when,experiments_logs/analysis_recent/when_what_policy_ablation_20260921/00_raw/wastesorting/scene_03/ours/run_38_seed_1429072852/exp_wastesorting_20260921_014515_974322.txt,experiments_logs/analysis_recent/when_what_policy_ablation_20260921/00_raw/wastesorting/scene_03/cp_when/run_38_seed_1429072852/exp_wastesorting_20260922_013511_161163.txt,1,1,0.0,-1.0,-29.3398,0.0
wastesorting,03,151419445,ours,cp_when,experiments_logs/analysis_recent/when_what_policy_ablation_20260921/00_raw/wastesorting/scene_03/ours/run_05_seed_151419445/exp_wastesorting_20260921_014428_924836.txt,experiments_logs/analysis_recent/when_what_policy_ablation_20260921/00_raw/wastesorting/scene_03/cp_when/run_05_seed_151419445/exp_wastesorting_20260922_011831_524296.txt,1,1,0.0,1.0,-36.7629,-15.0
wastesorting,03,1757091912,ours,cp_when,experiments_logs/analysis_recent/when_what_policy_ablation_20260921/00_raw/wastesorting/scene_03/ours/run_11_seed_1757091912/exp_wastesorting_20260921_014437_439739.txt,experiments_logs/analysis_recent/when_what_policy_ablation_20260921/00_raw/wastesorting/scene_03/cp_when/run_11_seed_1757091912/exp_wastesorting_20260922_012142_658401.txt,1,0,0.0,0.0,-25.6691,15.0
wastesorting,03,1790509877,ours,cp_when,experiments_logs/analysis_recent/when_what_policy_ablation_20260921/00_raw/wastesorting/scene_03/ours/run_16_seed_1790509877/exp_wastesorting_20260921_014444_500617.txt,experiments_logs/analysis_recent/when_what_policy_ablation_20260921/00_raw/wastesorting/scene_03/cp_when/run_16_seed_1790509877/exp_wastesorting_20260922_012404_550392.txt,1,1,-2.0,-1.0,-29.8189,15.0
wastesorting,03,1849750684,ours,cp_when,experiments_logs/analysis_recent/when_what_policy_ablation_20260921/00_raw/wastesorting/scene_03/ours/run_21_seed_1849750684/exp_wastesorting_20260921_014451_635543.txt,experiments_logs/analysis_recent/when_what_policy_ablation_20260921/00_raw/wastesorting/scene_03/cp_when/run_21_seed_1849750684/exp_wastesorting_20260922_012640_591836.txt,1,1,1.0,0.0,-24.9661,-15.0
wastesorting,03,1862543915,ours,cp_when,experiments_logs/analysis_recent/when_what_policy_ablation_20260921/00_raw/wastesorting/scene_03/ours/run_17_seed_1862543915/exp_wastesorting_20260921_014445_918687.txt,experiments_logs/analysis_recent/when_what_policy_ablation_20260921/00_raw/wastesorting/scene_03/cp_when/run_17_seed_1862543915/exp_wastesorting_20260922_012430_968986.txt,1,1,4.0,0.0,-24.937099999999997,0.0
wastesorting,03,1932548607,ours,cp_when,experiments_logs/analysis_recent/when_what_policy_ablation_20260921/00_raw/wastesorting/scene_03/ours/run_28_seed_1932548607/exp_wastesorting_20260921_014501_383333.txt,experiments_logs/analysis_recent/when_what_policy_ablation_20260921/00_raw/wastesorting/scene_03/cp_when/run_28_seed_1932548607/exp_wastesorting_20260922_012944_950860.txt,1,1,3.0,0.0,-25.124100000000002,-15.0
wastesorting,03,1971182115,ours,cp_when,experiments_logs/analysis_recent/when_what_policy_ablation_20260921/00_raw/wastesorting/scene_03/ours/run_02_seed_1971182115/exp_wastesorting_20260921_014424_627147.txt,experiments_logs/analysis_recent/when_what_policy_ablation_20260921/00_raw/wastesorting/scene_03/cp_when/run_02_seed_1971182115/exp_wastesorting_20260922_011647_653198.txt,1,1,4.0,1.0,-20.7529,0.0
wastesorting,03,2090573975,ours,cp_when,experiments_logs/analysis_recent/when_what_policy_ablation_20260921/00_raw/wastesorting/scene_03/ours/run_27_seed_2090573975/exp_wastesorting_20260921_014500_001010.txt,experiments_logs/analysis_recent/when_what_policy_ablation_20260921/00_raw/wastesorting/scene_03/cp_when/run_27_seed_2090573975/exp_wastesorting_20260922_012918_369531.txt,1,1,2.0,0.0,-25.3847,-15.0
wastesorting,03,2160290877,ours,cp_when,experiments_logs/analysis_recent/when_what_policy_ablation_20260921/00_raw/wastesorting/scene_03/ours/run_07_seed_2160290877/exp_wastesorting_20260921_014431_798161.txt,experiments_logs/analysis_recent/when_what_policy_ablation_20260921/00_raw/wastesorting/scene_03/cp_when/run_07_seed_2160290877/exp_wastesorting_20260922_011942_192934.txt,1,1,0.0,-1.0,-29.976,-15.0
wastesorting,03,2192330955,ours,cp_when,experiments_logs/analysis_recent/when_what_policy_ablation_20260921/00_raw/wastesorting/scene_03/ours/run_26_seed_2192330955/exp_wastesorting_20260921_014458_613022.txt,experiments_logs/analysis_recent/when_what_policy_ablation_20260921/00_raw/wastesorting/scene_03/cp_when/run_26_seed_2192330955/exp_wastesorting_20260922_012851_517660.txt,1,1,-5.0,0.0,-43.9136,0.0
wastesorting,03,2200107462,ours,cp_when,experiments_logs/analysis_recent/when_what_policy_ablation_20260921/00_raw/wastesorting/scene_03/ours/run_36_seed_2200107462/exp_wastesorting_20260921_014512_913436.txt,experiments_logs/analysis_recent/when_what_policy_ablation_20260921/00_raw/wastesorting/scene_03/cp_when/run_36_seed_2200107462/exp_wastesorting_20260922_013356_461694.txt,1,0,2.0,0.0,-35.4419,0.0
wastesorting,03,2394637227,ours,cp_when,experiments_logs/analysis_recent/when_what_policy_ablation_20260921/00_raw/wastesorting/scene_03/ours/run_03_seed_2394637227/exp_wastesorting_20260921_014426_133548.txt,experiments_logs/analysis_recent/when_what_policy_ablation_20260921/00_raw/wastesorting/scene_03/cp_when/run_03_seed_2394637227/exp_wastesorting_20260922_011722_586821.txt,1,1,1.0,-3.0,-33.3718,0.0
wastesorting,03,2442584840,ours,cp_when,experiments_logs/analysis_recent/when_what_policy_ablation_20260921/00_raw/wastesorting/scene_03/ours/run_09_seed_2442584840/exp_wastesorting_20260921_014434_640354.txt,experiments_logs/analysis_recent/when_what_policy_ablation_20260921/00_raw/wastesorting/scene_03/cp_when/run_09_seed_2442584840/exp_wastesorting_20260922_012041_085794.txt,1,1,1.0,0.0,-26.468500000000002,0.0
wastesorting,03,2815362486,ours,cp_when,experiments_logs/analysis_recent/when_what_policy_ablation_20260921/00_raw/wastesorting/scene_03/ours/run_24_seed_2815362486/exp_wastesorting_20260921_014455_775930.txt,experiments_logs/analysis_recent/when_what_policy_ablation_20260921/00_raw/wastesorting/scene_03/cp_when/run_24_seed_2815362486/exp_wastesorting_20260922_012722_881569.txt,1,0,10.0,7.0,-6.5333,15.0
wastesorting,03,2836132436,ours,cp_when,experiments_logs/analysis_recent/when_what_policy_ablation_20260921/00_raw/wastesorting/scene_03/ours/run_18_seed_2836132436/exp_wastesorting_20260921_014447_380436.txt,experiments_logs/analysis_recent/when_what_policy_ablation_20260921/00_raw/wastesorting/scene_03/cp_when/run_18_seed_2836132436/exp_wastesorting_20260922_012506_123318.txt,1,1,-1.0,0.0,-33.6166,0.0
wastesorting,03,3532582087,ours,cp_when,experiments_logs/analysis_recent/when_what_policy_ablation_20260921/00_raw/wastesorting/scene_03/ours/run_22_seed_3532582087/exp_wastesorting_20260921_014453_041178.txt,experiments_logs/analysis_recent/when_what_policy_ablation_20260921/00_raw/wastesorting/scene_03/cp_when/run_22_seed_3532582087/exp_wastesorting_20260922_012705_305144.txt,1,1,3.0,1.0,-23.2451,0.0
wastesorting,03,3544407771,ours,cp_when,experiments_logs/analysis_recent/when_what_policy_ablation_20260921/00_raw/wastesorting/scene_03/ours/run_04_seed_3544407771/exp_wastesorting_20260921_014427_520096.txt,experiments_logs/analysis_recent/when_what_policy_ablation_20260921/00_raw/wastesorting/scene_03/cp_when/run_04_seed_3544407771/exp_wastesorting_20260922_011753_285640.txt,1,1,0.0,1.0,-29.233800000000002,-20.0
wastesorting,03,3643526193,ours,cp_when,experiments_logs/analysis_recent/when_what_policy_ablation_20260921/00_raw/wastesorting/scene_03/ours/run_32_seed_3643526193/exp_wastesorting_20260921_014507_114684.txt,experiments_logs/analysis_recent/when_what_policy_ablation_20260921/00_raw/wastesorting/scene_03/cp_when/run_32_seed_3643526193/exp_wastesorting_20260922_013156_361863.txt,1,1,-2.0,-1.0,-34.7205,-15.0
wastesorting,03,3734705447,ours,cp_when,experiments_logs/analysis_recent/when_what_policy_ablation_20260921/00_raw/wastesorting/scene_03/ours/run_13_seed_3734705447/exp_wastesorting_20260921_014440_298737.txt,experiments_logs/analysis_recent/when_what_policy_ablation_20260921/00_raw/wastesorting/scene_03/cp_when/run_13_seed_3734705447/exp_wastesorting_20260922_012234_681614.txt,1,1,-4.0,0.0,-38.0449,0.0
wastesorting,03,3772505736,ours,cp_when,experiments_logs/analysis_recent/when_what_policy_ablation_20260921/00_raw/wastesorting/scene_03/ours/run_35_seed_3772505736/exp_wastesorting_20260921_014511_462926.txt,experiments_logs/analysis_recent/when_what_policy_ablation_20260921/00_raw/wastesorting/scene_03/cp_when/run_35_seed_3772505736/exp_wastesorting_20260922_013319_515429.txt,1,1,1.0,1.0,-33.5594,0.0
wastesorting,03,3925417317,ours,cp_when,experiments_logs/analysis_recent/when_what_policy_ablation_20260921/00_raw/wastesorting/scene_03/ours/run_33_seed_3925417317/exp_wastesorting_20260921_014508_543263.txt,experiments_logs/analysis_recent/when_what_policy_ablation_20260921/00_raw/wastesorting/scene_03/cp_when/run_33_seed_3925417317/exp_wastesorting_20260922_013209_709140.txt,1,0,8.0,5.0,-11.8689,10.0
wastesorting,03,3952233946,ours,cp_when,experiments_logs/analysis_recent/when_what_policy_ablation_20260921/00_raw/wastesorting/scene_03/ours/run_34_seed_3952233946/exp_wastesorting_20260921_014510_061026.txt,experiments_logs/analysis_recent/when_what_policy_ablation_20260921/00_raw/wastesorting/scene_03/cp_when/run_34_seed_3952233946/exp_wastesorting_20260922_013244_495032.txt,1,1,6.0,-1.0,-33.2042,-15.0
wastesorting,03,408728855,ours,cp_when,experiments_logs/analysis_recent/when_what_policy_ablation_20260921/00_raw/wastesorting/scene_03/ours/run_25_seed_408728855/exp_wastesorting_20260921_014457_185359.txt,experiments_logs/analysis_recent/when_what_policy_ablation_20260921/00_raw/wastesorting/scene_03/cp_when/run_25_seed_408728855/exp_wastesorting_20260922_012806_094187.txt,1,1,-2.0,-1.0,-41.7433,0.0
wastesorting,03,4128056421,ours,cp_when,experiments_logs/analysis_recent/when_what_policy_ablation_20260921/00_raw/wastesorting/scene_03/ours/run_30_seed_4128056421/exp_wastesorting_20260921_014504_272458.txt,experiments_logs/analysis_recent/when_what_policy_ablation_20260921/00_raw/wastesorting/scene_03/cp_when/run_30_seed_4128056421/exp_wastesorting_20260922_013049_072692.txt,1,1,0.0,0.0,-34.410399999999996,0.0
wastesorting,03,4248209127,ours,cp_when,experiments_logs/analysis_recent/when_what_policy_ablation_20260921/00_raw/wastesorting/scene_03/ours/run_19_seed_4248209127/exp_wastesorting_20260921_014448_815811.txt,experiments_logs/analysis_recent/when_what_policy_ablation_20260921/00_raw/wastesorting/scene_03/cp_when/run_19_seed_4248209127/exp_wastesorting_20260922_012534_950495.txt,1,1,3.0,0.0,-27.3292,0.0
wastesorting,03,428908864,ours,cp_when,experiments_logs/analysis_recent/when_what_policy_ablation_20260921/00_raw/wastesorting/scene_03/ours/run_31_seed_428908864/exp_wastesorting_20260921_014505_681454.txt,experiments_logs/analysis_recent/when_what_policy_ablation_20260921/00_raw/wastesorting/scene_03/cp_when/run_31_seed_428908864/exp_wastesorting_20260922_013120_142175.txt,1,1,-1.0,0.0,-29.5986,0.0
wastesorting,03,703706258,ours,cp_when,experiments_logs/analysis_recent/when_what_policy_ablation_20260921/00_raw/wastesorting/scene_03/ours/run_12_seed_703706258/exp_wastesorting_20260921_014438_868395.txt,experiments_logs/analysis_recent/when_what_policy_ablation_20260921/00_raw/wastesorting/scene_03/cp_when/run_12_seed_703706258/exp_wastesorting_20260922_012155_140978.txt,1,0,9.0,7.0,-10.9835,10.0
wastesorting,03,808931924,ours,cp_when,experiments_logs/analysis_recent/when_what_policy_ablation_20260921/00_raw/wastesorting/scene_03/ours/run_14_seed_808931924/exp_wastesorting_20260921_014441_701397.txt,experiments_logs/analysis_recent/when_what_policy_ablation_20260921/00_raw/wastesorting/scene_03/cp_when/run_14_seed_808931924/exp_wastesorting_20260922_012303_214093.txt,1,1,-1.0,1.0,-27.0674,0.0
wastesorting,03,864565644,ours,cp_when,experiments_logs/analysis_recent/when_what_policy_ablation_20260921/00_raw/wastesorting/scene_03/ours/run_40_seed_864565644/exp_wastesorting_20260921_014518_924613.txt,experiments_logs/analysis_recent/when_what_policy_ablation_20260921/00_raw/wastesorting/scene_03/cp_when/run_40_seed_864565644/exp_wastesorting_20260922_013639_827440.txt,1,1,1.0,0.0,-45.2964,0.0
wastesorting,03,878097152,ours,cp_when,experiments_logs/analysis_recent/when_what_policy_ablation_20260921/00_raw/wastesorting/scene_03/ours/run_06_seed_878097152/exp_wastesorting_20260921_014430_395374.txt,experiments_logs/analysis_recent/when_what_policy_ablation_20260921/00_raw/wastesorting/scene_03/cp_when/run_06_seed_878097152/exp_wastesorting_20260922_011910_759004.txt,1,1,-2.0,0.0,-37.6932,0.0
wastesorting,03,935228514,ours,cp_when,experiments_logs/analysis_recent/when_what_policy_ablation_20260921/00_raw/wastesorting/scene_03/ours/run_01_seed_935228514/exp_wastesorting_20260921_014423_259381.txt,experiments_logs/analysis_recent/when_what_policy_ablation_20260921/00_raw/wastesorting/scene_03/cp_when/run_01_seed_935228514/exp_wastesorting_20260922_011625_460293.txt,1,1,-2.0,0.0,-27.3584,0.0
wastesorting,03,995062266,ours,cp_when,experiments_logs/analysis_recent/when_what_policy_ablation_20260921/00_raw/wastesorting/scene_03/ours/run_10_seed_995062266/exp_wastesorting_20260921_014436_073481.txt,experiments_logs/analysis_recent/when_what_policy_ablation_20260921/00_raw/wastesorting/scene_03/cp_when/run_10_seed_995062266/exp_wastesorting_20260922_012115_555015.txt,1,1,1.0,-2.0,-32.9786,-15.0
wastesorting,04,1105776053,ours,cp_when,experiments_logs/analysis_recent/when_what_policy_ablation_20260921/00_raw/wastesorting/scene_04/ours/run_13_seed_1105776053/exp_wastesorting_20260921_014537_793079.txt,experiments_logs/analysis_recent/when_what_policy_ablation_20260921/00_raw/wastesorting/scene_04/cp_when/run_13_seed_1105776053/exp_wastesorting_20260922_014254_171420.txt,1,1,6.0,0.0,-30.6452,-5.0
wastesorting,04,1117810574,ours,cp_when,experiments_logs/analysis_recent/when_what_policy_ablation_20260921/00_raw/wastesorting/scene_04/ours/run_39_seed_1117810574/exp_wastesorting_20260921_014615_860840.txt,experiments_logs/analysis_recent/when_what_policy_ablation_20260921/00_raw/wastesorting/scene_04/cp_when/run_39_seed_1117810574/exp_wastesorting_20260922_015432_934853.txt,1,0,11.0,10.0,-5.2208,30.0
wastesorting,04,1147895942,ours,cp_when,experiments_logs/analysis_recent/when_what_policy_ablation_20260921/00_raw/wastesorting/scene_04/ours/run_09_seed_1147895942/exp_wastesorting_20260921_014531_923492.txt,experiments_logs/analysis_recent/when_what_policy_ablation_20260921/00_raw/wastesorting/scene_04/cp_when/run_09_seed_1147895942/exp_wastesorting_20260922_014102_076793.txt,1,1,3.0,-1.0,-28.878600000000002,0.0
wastesorting,04,132699259,ours,cp_when,experiments_logs/analysis_recent/when_what_policy_ablation_20260921/00_raw/wastesorting/scene_04/ours/run_38_seed_132699259/exp_wastesorting_20260921_014614_249668.txt,experiments_logs/analysis_recent/when_what_policy_ablation_20260921/00_raw/wastesorting/scene_04/cp_when/run_38_seed_132699259/exp_wastesorting_20260922_015426_039409.txt,1,1,5.0,0.0,-30.27,-15.0
wastesorting,04,13571565,ours,cp_when,experiments_logs/analysis_recent/when_what_policy_ablation_20260921/00_raw/wastesorting/scene_04/ours/run_25_seed_13571565/exp_wastesorting_20260921_014555_242546.txt,experiments_logs/analysis_recent/when_what_policy_ablation_20260921/00_raw/wastesorting/scene_04/cp_when/run_25_seed_13571565/exp_wastesorting_20260922_014837_824518.txt,1,1,5.0,1.0,-23.862199999999998,-20.0
wastesorting,04,1493522614,ours,cp_when,experiments_logs/analysis_recent/when_what_policy_ablation_20260921/00_raw/wastesorting/scene_04/ours/run_24_seed_1493522614/exp_wastesorting_20260921_014553_795298.txt,experiments_logs/analysis_recent/when_what_policy_ablation_20260921/00_raw/wastesorting/scene_04/cp_when/run_24_seed_1493522614/exp_wastesorting_20260922_014812_454076.txt,1,1,2.0,0.0,-23.7728,0.0
wastesorting,04,1518896079,ours,cp_when,experiments_logs/analysis_recent/when_what_policy_ablation_20260921/00_raw/wastesorting/scene_04/ours/run_28_seed_1518896079/exp_wastesorting_20260921_014559_629519.txt,experiments_logs/analysis_recent/when_what_policy_ablation_20260921/00_raw/wastesorting/scene_04/cp_when/run_28_seed_1518896079/exp_wastesorting_20260922_014945_824333.txt,1,1,3.0,1.0,-25.486700000000003,-15.0
wastesorting,04,1619001990,ours,cp_when,experiments_logs/analysis_recent/when_what_policy_ablation_20260921/00_raw/wastesorting/scene_04/ours/run_21_seed_1619001990/exp_wastesorting_20260921_014549_397572.txt,experiments_logs/analysis_recent/when_what_policy_ablation_20260921/00_raw/wastesorting/scene_04/cp_when/run_21_seed_1619001990/exp_wastesorting_20260922_014657_750670.txt,1,1,2.0,1.0,-34.013200000000005,0.0
wastesorting,04,1783261924,ours,cp_when,experiments_logs/analysis_recent/when_what_policy_ablation_20260921/00_raw/wastesorting/scene_04/ours/run_31_seed_1783261924/exp_wastesorting_20260921_014603_989780.txt,experiments_logs/analysis_recent/when_what_policy_ablation_20260921/00_raw/wastesorting/scene_04/cp_when/run_31_seed_1783261924/exp_wastesorting_20260922_015122_586148.txt,1,1,-5.0,-1.0,-35.8917,15.0
wastesorting,04,1838985415,ours,cp_when,experiments_logs/analysis_recent/when_what_policy_ablation_20260921/00_raw/wastesorting/scene_04/ours/run_02_seed_1838985415/exp_wastesorting_20260921_014521_828805.txt,experiments_logs/analysis_recent/when_what_policy_ablation_20260921/00_raw/wastesorting/scene_04/cp_when/run_02_seed_1838985415/exp_wastesorting_20260922_013745_302715.txt,1,1,6.0,0.0,-24.301,15.0
wastesorting,04,1852316728,ours,cp_when,experiments_logs/analysis_recent/when_what_policy_ablation_20260921/00_raw/wastesorting/scene_04/ours/run_37_seed_1852316728/exp_wastesorting_20260921_014612_635975.txt,experiments_logs/analysis_recent/when_what_policy_ablation_20260921/00_raw/wastesorting/scene_04/cp_when/run_37_seed_1852316728/exp_wastesorting_20260922_015354_079850.txt,1,0,5.0,5.0,-16.659,30.0
wastesorting,04,1973069430,ours,cp_when,experiments_logs/analysis_recent/when_what_policy_ablation_20260921/00_raw/wastesorting/scene_04/ours/run_03_seed_1973069430/exp_wastesorting_20260921_014523_267562.txt,experiments_logs/analysis_recent/when_what_policy_ablation_20260921/00_raw/wastesorting/scene_04/cp_when/run_03_seed_1973069430/exp_wastesorting_20260922_013810_851719.txt,1,1,5.0,0.0,-24.0206,-20.0
wastesorting,04,2303938088,ours,cp_when,experiments_logs/analysis_recent/when_what_policy_ablation_20260921/00_raw/wastesorting/scene_04/ours/run_30_seed_2303938088/exp_wastesorting_20260921_014602_562679.txt,experiments_logs/analysis_recent/when_what_policy_ablation_20260921/00_raw/wastesorting/scene_04/cp_when/run_30_seed_2303938088/exp_wastesorting_20260922_015045_203980.txt,1,0,6.0,5.0,-16.3364,25.0
wastesorting,04,2350780499,ours,cp_when,experiments_logs/analysis_recent/when_what_policy_ablation_20260921/00_raw/wastesorting/scene_04/ours/run_06_seed_2350780499/exp_wastesorting_20260921_014527_558093.txt,experiments_logs/analysis_recent/when_what_policy_ablation_20260921/00_raw/wastesorting/scene_04/cp_when/run_06_seed_2350780499/exp_wastesorting_20260922_013949_579147.txt,1,0,-1.0,-1.0,-31.1091,15.0
wastesorting,04,2401657902,ours,cp_when,experiments_logs/analysis_recent/when_what_policy_ablation_20260921/00_raw/wastesorting/scene_04/ours/run_07_seed_2401657902/exp_wastesorting_20260921_014529_001472.txt,experiments_logs/analysis_recent/when_what_policy_ablation_20260921/00_raw/wastesorting/scene_04/cp_when/run_07_seed_2401657902/exp_wastesorting_20260922_013959_386585.txt,1,0,11.0,7.0,-8.298200000000001,30.0
wastesorting,04,2413410080,ours,cp_when,experiments_logs/analysis_recent/when_what_policy_ablation_20260921/00_raw/wastesorting/scene_04/ours/run_19_seed_2413410080/exp_wastesorting_20260921_014546_499465.txt,experiments_logs/analysis_recent/when_what_policy_ablation_20260921/00_raw/wastesorting/scene_04/cp_when/run_19_seed_2413410080/exp_wastesorting_20260922_014552_769115.txt,1,1,1.0,-1.0,-38.5604,-15.0
wastesorting,04,2630099760,ours,cp_when,experiments_logs/analysis_recent/when_what_policy_ablation_20260921/00_raw/wastesorting/scene_04/ours/run_26_seed_2630099760/exp_wastesorting_20260921_014556_668007.txt,experiments_logs/analysis_recent/when_what_policy_ablation_20260921/00_raw/wastesorting/scene_04/cp_when/run_26_seed_2630099760/exp_wastesorting_20260922_014847_757420.txt,1,0,7.0,7.0,-8.4488,30.0
wastesorting,04,2877610580,ours,cp_when,experiments_logs/analysis_recent/when_what_policy_ablation_20260921/00_raw/wastesorting/scene_04/ours/run_36_seed_2877610580/exp_wastesorting_20260921_014611_030098.txt,experiments_logs/analysis_recent/when_what_policy_ablation_20260921/00_raw/wastesorting/scene_04/cp_when/run_36_seed_2877610580/exp_wastesorting_20260922_015335_743477.txt,1,0,1.0,0.0,-26.7794,0.0
wastesorting,04,2967203946,ours,cp_when,experiments_logs/analysis_recent/when_what_policy_ablation_20260921/00_raw/wastesorting/scene_04/ours/run_40_seed_2967203946/exp_wastesorting_20260921_014617_330787.txt,experiments_logs/analysis_recent/when_what_policy_ablation_20260921/00_raw/wastesorting/scene_04/cp_when/run_40_seed_2967203946/exp_wastesorting_20260922_015508_917844.txt,1,1,-1.0,0.0,-34.444,0.0
wastesorting,04,3110233099,ours,cp_when,experiments_logs/analysis_recent/when_what_policy_ablation_20260921/00_raw/wastesorting/scene_04/ours/run_12_seed_3110233099/exp_wastesorting_20260921_014536_309975.txt,experiments_logs/analysis_recent/when_what_policy_ablation_20260921/00_raw/wastesorting/scene_04/cp_when/run_12_seed_3110233099/exp_wastesorting_20260922_014221_981683.txt,1,1,3.0,1.0,-32.317,0.0
wastesorting,04,3182553066,ours,cp_when,experiments_logs/analysis_recent/when_what_policy_ablation_20260921/00_raw/wastesorting/scene_04/ours/run_08_seed_3182553066/exp_wastesorting_20260921_014530_489282.txt,experiments_logs/analysis_recent/when_what_policy_ablation_20260921/00_raw/wastesorting/scene_04/cp_when/run_08_seed_3182553066/exp_wastesorting_20260922_014031_699678.txt,1,1,2.0,1.0,-30.7639,-15.0
wastesorting,04,3201562577,ours,cp_when,experiments_logs/analysis_recent/when_what_policy_ablation_20260921/00_raw/wastesorting/scene_04/ours/run_05_seed_3201562577/exp_wastesorting_20260921_014526_123245.txt,experiments_logs/analysis_recent/when_what_policy_ablation_20260921/00_raw/wastesorting/scene_04/cp_when/run_05_seed_3201562577/exp_wastesorting_20260922_013916_966397.txt,1,0,-1.0,2.0,-30.9904,25.0
wastesorting,04,3291161639,ours,cp_when,experiments_logs/analysis_recent/when_what_policy_ablation_20260921/00_raw/wastesorting/scene_04/ours/run_01_seed_3291161639/exp_wastesorting_20260921_014520_343860.txt,experiments_logs/analysis_recent/when_what_policy_ablation_20260921/00_raw/wastesorting/scene_04/cp_when/run_01_seed_3291161639/exp_wastesorting_20260922_013719_456948.txt,1,0,2.0,-1.0,-38.1565,-5.0
wastesorting,04,3292785302,ours,cp_when,experiments_logs/analysis_recent/when_what_policy_ablation_20260921/00_raw/wastesorting/scene_04/ours/run_35_seed_3292785302/exp_wastesorting_20260921_014609_655793.txt,experiments_logs/analysis_recent/when_what_policy_ablation_20260921/00_raw/wastesorting/scene_04/cp_when/run_35_seed_3292785302/exp_wastesorting_20260922_015307_513959.txt,1,1,2.0,-1.0,-27.424699999999998,15.0
wastesorting,04,3310113005,ours,cp_when,experiments_logs/analysis_recent/when_what_policy_ablation_20260921/00_raw/wastesorting/scene_04/ours/run_20_seed_3310113005/exp_wastesorting_20260921_014547_909583.txt,experiments_logs/analysis_recent/when_what_policy_ablation_20260921/00_raw/wastesorting/scene_04/cp_when/run_20_seed_3310113005/exp_wastesorting_20260922_014622_180246.txt,1,1,2.0,0.0,-27.936300000000003,-15.0
wastesorting,04,3369209442,ours,cp_when,experiments_logs/analysis_recent/when_what_policy_ablation_20260921/00_raw/wastesorting/scene_04/ours/run_16_seed_3369209442/exp_wastesorting_20260921_014542_040678.txt,experiments_logs/analysis_recent/when_what_policy_ablation_20260921/00_raw/wastesorting/scene_04/cp_when/run_16_seed_3369209442/exp_wastesorting_20260922_014433_751584.txt,1,1,1.0,1.0,-35.432900000000004,15.0
wastesorting,04,3414205865,ours,cp_when,experiments_logs/analysis_recent/when_what_policy_ablation_20260921/00_raw/wastesorting/scene_04/ours/run_22_seed_3414205865/exp_wastesorting_20260921_014550_891722.txt,experiments_logs/analysis_recent/when_what_policy_ablation_20260921/00_raw/wastesorting/scene_04/cp_when/run_22_seed_3414205865/exp_wastesorting_20260922_014728_011078.txt,1,1,1.0,0.0,-28.7091,0.0
wastesorting,04,3576324234,ours,cp_when,experiments_logs/analysis_recent/when_what_policy_ablation_20260921/00_raw/wastesorting/scene_04/ours/run_33_seed_3576324234/exp_wastesorting_20260921_014606_746574.txt,experiments_logs/analysis_recent/when_what_policy_ablation_20260921/00_raw/wastesorting/scene_04/cp_when/run_33_seed_3576324234/exp_wastesorting_20260922_015221_432821.txt,1,0,2.0,0.0,-27.5413,15.0
wastesorting,04,3692021791,ours,cp_when,experiments_logs/analysis_recent/when_what_policy_ablation_20260921/00_raw/wastesorting/scene_04/ours/run_17_seed_3692021791/exp_wastesorting_20260921_014543_451002.txt,experiments_logs/analysis_recent/when_what_policy_ablation_20260921/00_raw/wastesorting/scene_04/cp_when/run_17_seed_3692021791/exp_wastesorting_20260922_014459_839602.txt,1,1,1.0,0.0,-24.6102,0.0
wastesorting,04,3718837247,ours,cp_when,experiments_logs/analysis_recent/when_what_policy_ablation_20260921/00_raw/wastesorting/scene_04/ours/run_14_seed_3718837247/exp_wastesorting_20260921_014539_196410.txt,experiments_logs/analysis_recent/when_what_policy_ablation_20260921/00_raw/wastesorting/scene_04/cp_when/run_14_seed_3718837247/exp_wastesorting_20260922_014320_763611.txt,1,1,2.0,0.0,-25.122,0.0
wastesorting,04,3787165175,ours,cp_when,experiments_logs/analysis_recent/when_what_policy_ablation_20260921/00_raw/wastesorting/scene_04/ours/run_27_seed_3787165175/exp_wastesorting_20260921_014558_122896.txt,experiments_logs/analysis_recent/when_what_policy_ablation_20260921/00_raw/wastesorting/scene_04/cp_when/run_27_seed_3787165175/exp_wastesorting_20260922_014918_756511.txt,1,1,0.0,0.0,-29.4959,0.0
wastesorting,04,3966743771,ours,cp_when,experiments_logs/analysis_recent/when_what_policy_ablation_20260921/00_raw/wastesorting/scene_04/ours/run_34_seed_3966743771/exp_wastesorting_20260921_014608_190937.txt,experiments_logs/analysis_recent/when_what_policy_ablation_20260921/00_raw/wastesorting/scene_04/cp_when/run_34_seed_3966743771/exp_wastesorting_20260922_015238_569986.txt,1,0,6.0,5.0,-15.631200000000002,15.0
wastesorting,04,3973487875,ours,cp_when,experiments_logs/analysis_recent/when_what_policy_ablation_20260921/00_raw/wastesorting/scene_04/ours/run_32_seed_3973487875/exp_wastesorting_20260921_014605_376363.txt,experiments_logs/analysis_recent/when_what_policy_ablation_20260921/00_raw/wastesorting/scene_04/cp_when/run_32_seed_3973487875/exp_wastesorting_20260922_015152_453044.txt,1,1,1.0,1.0,-28.4107,0.0
wastesorting,04,3989924643,ours,cp_when,experiments_logs/analysis_recent/when_what_policy_ablation_20260921/00_raw/wastesorting/scene_04/ours/run_23_seed_3989924643/exp_wastesorting_20260921_014552_350654.txt,experiments_logs/analysis_recent/when_what_policy_ablation_20260921/00_raw/wastesorting/scene_04/cp_when/run_23_seed_3989924643/exp_wastesorting_20260922_014747_174276.txt,1,0,6.0,3.0,-17.6338,5.0
wastesorting,04,414427021,ours,cp_when,experiments_logs/analysis_recent/when_what_policy_ablation_20260921/00_raw/wastesorting/scene_04/ours/run_04_seed_414427021/exp_wastesorting_20260921_014524_714595.txt,experiments_logs/analysis_recent/when_what_policy_ablation_20260921/00_raw/wastesorting/scene_04/cp_when/run_04_seed_414427021/exp_wastesorting_20260922_013844_496705.txt,1,1,4.0,1.0,-32.111000000000004,-20.0
wastesorting,04,4193229496,ours,cp_when,experiments_logs/analysis_recent/when_what_policy_ablation_20260921/00_raw/wastesorting/scene_04/ours/run_15_seed_4193229496/exp_wastesorting_20260921_014540_608479.txt,experiments_logs/analysis_recent/when_what_policy_ablation_20260921/00_raw/wastesorting/scene_04/cp_when/run_15_seed_4193229496/exp_wastesorting_20260922_014356_814779.txt,1,1,0.0,-1.0,-34.5745,15.0
wastesorting,04,472386282,ours,cp_when,experiments_logs/analysis_recent/when_what_policy_ablation_20260921/00_raw/wastesorting/scene_04/ours/run_10_seed_472386282/exp_wastesorting_20260921_014533_461969.txt,experiments_logs/analysis_recent/when_what_policy_ablation_20260921/00_raw/wastesorting/scene_04/cp_when/run_10_seed_472386282/exp_wastesorting_20260922_014113_557501.txt,1,0,11.0,8.0,-9.880700000000001,25.0
wastesorting,04,506359200,ours,cp_when,experiments_logs/analysis_recent/when_what_policy_ablation_20260921/00_raw/wastesorting/scene_04/ours/run_29_seed_506359200/exp_wastesorting_20260921_014601_080559.txt,experiments_logs/analysis_recent/when_what_policy_ablation_20260921/00_raw/wastesorting/scene_04/cp_when/run_29_seed_506359200/exp_wastesorting_20260922_015027_312007.txt,1,1,-2.0,-1.0,-39.9799,15.0
wastesorting,04,558605806,ours,cp_when,experiments_logs/analysis_recent/when_what_policy_ablation_20260921/00_raw/wastesorting/scene_04/ours/run_11_seed_558605806/exp_wastesorting_20260921_014534_851259.txt,experiments_logs/analysis_recent/when_what_policy_ablation_20260921/00_raw/wastesorting/scene_04/cp_when/run_11_seed_558605806/exp_wastesorting_20260922_014148_142829.txt,1,1,-3.0,-1.0,-33.1319,0.0
wastesorting,05,1045529480,ours,cp_when,experiments_logs/analysis_recent/when_what_policy_ablation_20260921/00_raw/wastesorting/scene_05/ours/run_27_seed_1045529480/exp_wastesorting_20260921_014657_036446.txt,experiments_logs/analysis_recent/when_what_policy_ablation_20260921/00_raw/wastesorting/scene_05/cp_when/run_27_seed_1045529480/exp_wastesorting_20260922_020829_000139.txt,1,1,-2.0,1.0,-36.092600000000004,0.0
wastesorting,05,1045924611,ours,cp_when,experiments_logs/analysis_recent/when_what_policy_ablation_20260921/00_raw/wastesorting/scene_05/ours/run_22_seed_1045924611/exp_wastesorting_20260921_014649_503008.txt,experiments_logs/analysis_recent/when_what_policy_ablation_20260921/00_raw/wastesorting/scene_05/cp_when/run_22_seed_1045924611/exp_wastesorting_20260922_020555_581175.txt,1,1,2.0,0.0,-35.6387,20.0
wastesorting,05,1159978775,ours,cp_when,experiments_logs/analysis_recent/when_what_policy_ablation_20260921/00_raw/wastesorting/scene_05/ours/run_18_seed_1159978775/exp_wastesorting_20260921_014643_460021.txt,experiments_logs/analysis_recent/when_what_policy_ablation_20260921/00_raw/wastesorting/scene_05/cp_when/run_18_seed_1159978775/exp_wastesorting_20260922_020354_045902.txt,1,1,2.0,-1.0,-27.1549,0.0
wastesorting,05,1253677920,ours,cp_when,experiments_logs/analysis_recent/when_what_policy_ablation_20260921/00_raw/wastesorting/scene_05/ours/run_24_seed_1253677920/exp_wastesorting_20260921_014652_430872.txt,experiments_logs/analysis_recent/when_what_policy_ablation_20260921/00_raw/wastesorting/scene_05/cp_when/run_24_seed_1253677920/exp_wastesorting_20260922_020659_085881.txt,1,1,2.0,-1.0,-23.9871,0.0
wastesorting,05,1280378645,ours,cp_when,experiments_logs/analysis_recent/when_what_policy_ablation_20260921/00_raw/wastesorting/scene_05/ours/run_04_seed_1280378645/exp_wastesorting_20260921_014623_194619.txt,experiments_logs/analysis_recent/when_what_policy_ablation_20260921/00_raw/wastesorting/scene_05/cp_when/run_04_seed_1280378645/exp_wastesorting_20260922_015709_177502.txt,1,1,-1.0,1.0,-35.8072,0.0
wastesorting,05,1380997039,ours,cp_when,experiments_logs/analysis_recent/when_what_policy_ablation_20260921/00_raw/wastesorting/scene_05/ours/run_34_seed_1380997039/exp_wastesorting_20260921_014707_025526.txt,experiments_logs/analysis_recent/when_what_policy_ablation_20260921/00_raw/wastesorting/scene_05/cp_when/run_34_seed_1380997039/exp_wastesorting_20260922_021158_871002.txt,1,0,3.0,0.0,-19.9201,15.0
wastesorting,05,1489971784,ours,cp_when,experiments_logs/analysis_recent/when_what_policy_ablation_20260921/00_raw/wastesorting/scene_05/ours/run_06_seed_1489971784/exp_wastesorting_20260921_014626_078427.txt,experiments_logs/analysis_recent/when_what_policy_ablation_20260921/00_raw/wastesorting/scene_05/cp_when/run_06_seed_1489971784/exp_wastesorting_20260922_015801_765961.txt,1,1,3.0,-1.0,-24.0307,0.0
wastesorting,05,1668817081,ours,cp_when,experiments_logs/analysis_recent/when_what_policy_ablation_20260921/00_raw/wastesorting/scene_05/ours/run_32_seed_1668817081/exp_wastesorting_20260921_014704_243160.txt,experiments_logs/analysis_recent/when_what_policy_ablation_20260921/00_raw/wastesorting/scene_05/cp_when/run_32_seed_1668817081/exp_wastesorting_20260922_021110_658638.txt,1,0,-4.0,-2.0,-40.0719,0.0
wastesorting,05,1980913558,ours,cp_when,experiments_logs/analysis_recent/when_what_policy_ablation_20260921/00_raw/wastesorting/scene_05/ours/run_37_seed_1980913558/exp_wastesorting_20260921_014711_235056.txt,experiments_logs/analysis_recent/when_what_policy_ablation_20260921/00_raw/wastesorting/scene_05/cp_when/run_37_seed_1980913558/exp_wastesorting_20260922_021327_604360.txt,1,1,-1.0,0.0,-32.10680000000001,0.0
wastesorting,05,2300990510,ours,cp_when,experiments_logs/analysis_recent/when_what_policy_ablation_20260921/00_raw/wastesorting/scene_05/ours/run_35_seed_2300990510/exp_wastesorting_20260921_014708_411935.txt,experiments_logs/analysis_recent/when_what_policy_ablation_20260921/00_raw/wastesorting/scene_05/cp_when/run_35_seed_2300990510/exp_wastesorting_20260922_021223_882103.txt,1,0,1.0,2.0,-23.5616,20.0
wastesorting,05,230996701,ours,cp_when,experiments_logs/analysis_recent/when_what_policy_ablation_20260921/00_raw/wastesorting/scene_05/ours/run_29_seed_230996701/exp_wastesorting_20260921_014659_938240.txt,experiments_logs/analysis_recent/when_what_policy_ablation_20260921/00_raw/wastesorting/scene_05/cp_when/run_29_seed_230996701/exp_wastesorting_20260922_020933_206805.txt,1,0,4.0,3.0,-34.6409,0.0
wastesorting,05,2624923704,ours,cp_when,experiments_logs/analysis_recent/when_what_policy_ablation_20260921/00_raw/wastesorting/scene_05/ours/run_09_seed_2624923704/exp_wastesorting_20260921_014630_375465.txt,experiments_logs/analysis_recent/when_what_policy_ablation_20260921/00_raw/wastesorting/scene_05/cp_when/run_09_seed_2624923704/exp_wastesorting_20260922_015942_229996.txt,1,1,-5.0,0.0,-34.4365,0.0
wastesorting,05,2645731214,ours,cp_when,experiments_logs/analysis_recent/when_what_policy_ablation_20260921/00_raw/wastesorting/scene_05/ours/run_36_seed_2645731214/exp_wastesorting_20260921_014709_827166.txt,experiments_logs/analysis_recent/when_what_policy_ablation_20260921/00_raw/wastesorting/scene_05/cp_when/run_36_seed_2645731214/exp_wastesorting_20260922_021254_035372.txt,1,1,4.0,0.0,-28.6874,-20.0
wastesorting,05,2666206818,ours,cp_when,experiments_logs/analysis_recent/when_what_policy_ablation_20260921/00_raw/wastesorting/scene_05/ours/run_14_seed_2666206818/exp_wastesorting_20260921_014637_652489.txt,experiments_logs/analysis_recent/when_what_policy_ablation_20260921/00_raw/wastesorting/scene_05/cp_when/run_14_seed_2666206818/exp_wastesorting_20260922_020231_542358.txt,1,1,0.0,0.0,-36.4402,0.0
wastesorting,05,2681637189,ours,cp_when,experiments_logs/analysis_recent/when_what_policy_ablation_20260921/00_raw/wastesorting/scene_05/ours/run_15_seed_2681637189/exp_wastesorting_20260921_014639_052987.txt,experiments_logs/analysis_recent/when_what_policy_ablation_20260921/00_raw/wastesorting/scene_05/cp_when/run_15_seed_2681637189/exp_wastesorting_20260922_020256_355708.txt,1,1,5.0,-1.0,-23.345499999999998,-15.0
wastesorting,05,2741241943,ours,cp_when,experiments_logs/analysis_recent/when_what_policy_ablation_20260921/00_raw/wastesorting/scene_05/ours/run_40_seed_2741241943/exp_wastesorting_20260921_014715_492508.txt,experiments_logs/analysis_recent/when_what_policy_ablation_20260921/00_raw/wastesorting/scene_05/cp_when/run_40_seed_2741241943/exp_wastesorting_20260922_021443_110094.txt,1,1,0.0,0.0,-30.854899999999997,0.0
wastesorting,05,2875578355,ours,cp_when,experiments_logs/analysis_recent/when_what_policy_ablation_20260921/00_raw/wastesorting/scene_05/ours/run_28_seed_2875578355/exp_wastesorting_20260921_014658_451935.txt,experiments_logs/analysis_recent/when_what_policy_ablation_20260921/00_raw/wastesorting/scene_05/cp_when/run_28_seed_2875578355/exp_wastesorting_20260922_020857_016044.txt,1,1,7.0,1.0,-26.519299999999998,-20.0
wastesorting,05,3130661448,ours,cp_when,experiments_logs/analysis_recent/when_what_policy_ablation_20260921/00_raw/wastesorting/scene_05/ours/run_10_seed_3130661448/exp_wastesorting_20260921_014631_824961.txt,experiments_logs/analysis_recent/when_what_policy_ablation_20260921/00_raw/wastesorting/scene_05/cp_when/run_10_seed_3130661448/exp_wastesorting_20260922_020018_242123.txt,1,1,0.0,0.0,-34.513,-15.0
wastesorting,05,3215763495,ours,cp_when,experiments_logs/analysis_recent/when_what_policy_ablation_20260921/00_raw/wastesorting/scene_05/ours/run_21_seed_3215763495/exp_wastesorting_20260921_014647_892579.txt,experiments_logs/analysis_recent/when_what_policy_ablation_20260921/00_raw/wastesorting/scene_05/cp_when/run_21_seed_3215763495/exp_wastesorting_20260922_020518_269096.txt,1,0,3.0,2.0,-21.457800000000002,5.0
wastesorting,05,3225313600,ours,cp_when,experiments_logs/analysis_recent/when_what_policy_ablation_20260921/00_raw/wastesorting/scene_05/ours/run_33_seed_3225313600/exp_wastesorting_20260921_014705_624761.txt,experiments_logs/analysis_recent/when_what_policy_ablation_20260921/00_raw/wastesorting/scene_05/cp_when/run_33_seed_3225313600/exp_wastesorting_20260922_021137_501836.txt,1,1,0.0,0.0,-25.4108,0.0
wastesorting,05,3351623416,ours,cp_when,experiments_logs/analysis_recent/when_what_policy_ablation_20260921/00_raw/wastesorting/scene_05/ours/run_20_seed_3351623416/exp_wastesorting_20260921_014646_498392.txt,experiments_logs/analysis_recent/when_what_policy_ablation_20260921/00_raw/wastesorting/scene_05/cp_when/run_20_seed_3351623416/exp_wastesorting_20260922_020455_339390.txt,1,1,4.0,0.0,-30.2138,15.0
wastesorting,05,3520141308,ours,cp_when,experiments_logs/analysis_recent/when_what_policy_ablation_20260921/00_raw/wastesorting/scene_05/ours/run_07_seed_3520141308/exp_wastesorting_20260921_014627_536285.txt,experiments_logs/analysis_recent/when_what_policy_ablation_20260921/00_raw/wastesorting/scene_05/cp_when/run_07_seed_3520141308/exp_wastesorting_20260922_015838_885406.txt,1,0,2.0,1.0,-35.6021,0.0
wastesorting,05,3537170530,ours,cp_when,experiments_logs/analysis_recent/when_what_policy_ablation_20260921/00_raw/wastesorting/scene_05/ours/run_03_seed_3537170530/exp_wastesorting_20260921_014621_719440.txt,experiments_logs/analysis_recent/when_what_policy_ablation_20260921/00_raw/wastesorting/scene_05/cp_when/run_03_seed_3537170530/exp_wastesorting_20260922_015631_826834.txt,1,1,0.0,0.0,-26.4669,15.0
wastesorting,05,3586644066,ours,cp_when,experiments_logs/analysis_recent/when_what_policy_ablation_20260921/00_raw/wastesorting/scene_05/ours/run_16_seed_3586644066/exp_wastesorting_20260921_014640_487904.txt,experiments_logs/analysis_recent/when_what_policy_ablation_20260921/00_raw/wastesorting/scene_05/cp_when/run_16_seed_3586644066/exp_wastesorting_20260922_020304_197971.txt,1,0,10.0,8.0,-6.3287,15.0
wastesorting,05,3622248746,ours,cp_when,experiments_logs/analysis_recent/when_what_policy_ablation_20260921/00_raw/wastesorting/scene_05/ours/run_11_seed_3622248746/exp_wastesorting_20260921_014633_249434.txt,experiments_logs/analysis_recent/when_what_policy_ablation_20260921/00_raw/wastesorting/scene_05/cp_when/run_11_seed_3622248746/exp_wastesorting_20260922_020054_577870.txt,1,1,-2.0,1.0,-34.854699999999994,0.0
wastesorting,05,3656925474,ours,cp_when,experiments_logs/analysis_recent/when_what_policy_ablation_20260921/00_raw/wastesorting/scene_05/ours/run_05_seed_3656925474/exp_wastesorting_20260921_014624_682312.txt,experiments_logs/analysis_recent/when_what_policy_ablation_20260921/00_raw/wastesorting/scene_05/cp_when/run_05_seed_3656925474/exp_wastesorting_20260922_015736_264900.txt,1,1,3.0,1.0,-25.534299999999998,0.0
wastesorting,05,3677160998,ours,cp_when,experiments_logs/analysis_recent/when_what_policy_ablation_20260921/00_raw/wastesorting/scene_05/ours/run_17_seed_3677160998/exp_wastesorting_20260921_014641_986540.txt,experiments_logs/analysis_recent/when_what_policy_ablation_20260921/00_raw/wastesorting/scene_05/cp_when/run_17_seed_3677160998/exp_wastesorting_20260922_020325_334079.txt,1,1,7.0,1.0,-19.5691,0.0
wastesorting,05,3690243405,ours,cp_when,experiments_logs/analysis_recent/when_what_policy_ablation_20260921/00_raw/wastesorting/scene_05/ours/run_13_seed_3690243405/exp_wastesorting_20260921_014636_158259.txt,experiments_logs/analysis_recent/when_what_policy_ablation_20260921/00_raw/wastesorting/scene_05/cp_when/run_13_seed_3690243405/exp_wastesorting_20260922_020153_535767.txt,1,1,4.0,2.0,-25.903200000000002,0.0
wastesorting,05,382724118,ours,cp_when,experiments_logs/analysis_recent/when_what_policy_ablation_20260921/00_raw/wastesorting/scene_05/ours/run_25_seed_382724118/exp_wastesorting_20260921_014654_102992.txt,experiments_logs/analysis_recent/when_what_policy_ablation_20260921/00_raw/wastesorting/scene_05/cp_when/run_25_seed_382724118/exp_wastesorting_20260922_020734_321088.txt,1,1,2.0,-2.0,-33.499900000000004,0.0
wastesorting,05,3979866682,ours,cp_when,experiments_logs/analysis_recent/when_what_policy_ablation_20260921/00_raw/wastesorting/scene_05/ours/run_39_seed_3979866682/exp_wastesorting_20260921_014714_098295.txt,experiments_logs/analysis_recent/when_what_policy_ablation_20260921/00_raw/wastesorting/scene_05/cp_when/run_39_seed_3979866682/exp_wastesorting_20260922_021410_791070.txt,1,0,9.0,6.0,-10.2442,25.0
wastesorting,05,4060354637,ours,cp_when,experiments_logs/analysis_recent/when_what_policy_ablation_20260921/00_raw/wastesorting/scene_05/ours/run_38_seed_4060354637/exp_wastesorting_20260921_014712_666468.txt,experiments_logs/analysis_recent/when_what_policy_ablation_20260921/00_raw/wastesorting/scene_05/cp_when/run_38_seed_4060354637/exp_wastesorting_20260922_021359_057837.txt,1,1,-1.0,-2.0,-29.9511,0.0
wastesorting,05,4085569034,ours,cp_when,experiments_logs/analysis_recent/when_what_policy_ablation_20260921/00_raw/wastesorting/scene_05/ours/run_26_seed_4085569034/exp_wastesorting_20260921_014655_507610.txt,experiments_logs/analysis_recent/when_what_policy_ablation_20260921/00_raw/wastesorting/scene_05/cp_when/run_26_seed_4085569034/exp_wastesorting_20260922_020751_306098.txt,1,0,4.0,2.0,-15.523699999999998,20.0
wastesorting,05,411692590,ours,cp_when,experiments_logs/analysis_recent/when_what_policy_ablation_20260921/00_raw/wastesorting/scene_05/ours/run_08_seed_411692590/exp_wastesorting_20260921_014628_978445.txt,experiments_logs/analysis_recent/when_what_policy_ablation_20260921/00_raw/wastesorting/scene_05/cp_when/run_08_seed_411692590/exp_wastesorting_20260922_015906_338409.txt,1,1,3.0,-1.0,-25.9591,-15.0
wastesorting,05,4128091398,ours,cp_when,experiments_logs/analysis_recent/when_what_policy_ablation_20260921/00_raw/wastesorting/scene_05/ours/run_19_seed_4128091398/exp_wastesorting_20260921_014645_069886.txt,experiments_logs/analysis_recent/when_what_policy_ablation_20260921/00_raw/wastesorting/scene_05/cp_when/run_19_seed_4128091398/exp_wastesorting_20260922_020423_643594.txt,1,1,2.0,3.0,-27.9288,0.0
wastesorting,05,4259545291,ours,cp_when,experiments_logs/analysis_recent/when_what_policy_ablation_20260921/00_raw/wastesorting/scene_05/ours/run_30_seed_4259545291/exp_wastesorting_20260921_014701_421119.txt,experiments_logs/analysis_recent/when_what_policy_ablation_20260921/00_raw/wastesorting/scene_05/cp_when/run_30_seed_4259545291/exp_wastesorting_20260922_021002_429673.txt,1,1,2.0,1.0,-27.6704,0.0
wastesorting,05,435659992,ours,cp_when,experiments_logs/analysis_recent/when_what_policy_ablation_20260921/00_raw/wastesorting/scene_05/ours/run_02_seed_435659992/exp_wastesorting_20260921_014620_318175.txt,experiments_logs/analysis_recent/when_what_policy_ablation_20260921/00_raw/wastesorting/scene_05/cp_when/run_02_seed_435659992/exp_wastesorting_20260922_015603_911692.txt,1,0,10.0,8.0,-7.2421,30.0
wastesorting,05,449704548,ours,cp_when,experiments_logs/analysis_recent/when_what_policy_ablation_20260921/00_raw/wastesorting/scene_05/ours/run_23_seed_449704548/exp_wastesorting_20260921_014650_918491.txt,experiments_logs/analysis_recent/when_what_policy_ablation_20260921/00_raw/wastesorting/scene_05/cp_when/run_23_seed_449704548/exp_wastesorting_20260922_020633_528269.txt,1,1,-3.0,-1.0,-36.480199999999996,-15.0
wastesorting,05,600649243,ours,cp_when,experiments_logs/analysis_recent/when_what_policy_ablation_20260921/00_raw/wastesorting/scene_05/ours/run_12_seed_600649243/exp_wastesorting_20260921_014634_689631.txt,experiments_logs/analysis_recent/when_what_policy_ablation_20260921/00_raw/wastesorting/scene_05/cp_when/run_12_seed_600649243/exp_wastesorting_20260922_020126_063332.txt,1,1,0.0,0.0,-29.9645,15.0
wastesorting,05,630828154,ours,cp_when,experiments_logs/analysis_recent/when_what_policy_ablation_20260921/00_raw/wastesorting/scene_05/ours/run_01_seed_630828154/exp_wastesorting_20260921_014618_784952.txt,experiments_logs/analysis_recent/when_what_policy_ablation_20260921/00_raw/wastesorting/scene_05/cp_when/run_01_seed_630828154/exp_wastesorting_20260922_015555_092270.txt,1,1,-5.0,-2.0,-44.6645,0.0
wastesorting,05,671361218,ours,cp_when,experiments_logs/analysis_recent/when_what_policy_ablation_20260921/00_raw/wastesorting/scene_05/ours/run_31_seed_671361218/exp_wastesorting_20260921_014702_823010.txt,experiments_logs/analysis_recent/when_what_policy_ablation_20260921/00_raw/wastesorting/scene_05/cp_when/run_31_seed_671361218/exp_wastesorting_20260922_021029_098950.txt,1,1,0.0,0.0,-25.203,0.0
wastesorting,01,1062380405,ours,value_when,experiments_logs/analysis_recent/when_what_policy_ablation_20260921/00_raw/wastesorting/scene_01/ours/run_24_seed_1062380405/exp_wastesorting_20260921_014300_079598.txt,experiments_logs/analysis_recent/when_what_policy_ablation_20260921/00_raw/wastesorting/scene_01/value_when/run_24_seed_1062380405/exp_wastesorting_20260921_214250_294453.txt,1,1,4.0,-1.0,-0.5616999999999999,-15.0
wastesorting,01,1147340016,ours,value_when,experiments_logs/analysis_recent/when_what_policy_ablation_20260921/00_raw/wastesorting/scene_01/ours/run_29_seed_1147340016/exp_wastesorting_20260921_014307_877362.txt,experiments_logs/analysis_recent/when_what_policy_ablation_20260921/00_raw/wastesorting/scene_01/value_when/run_29_seed_1147340016/exp_wastesorting_20260921_214258_744943.txt,1,1,5.0,0.0,-0.6803999999999999,0.0
wastesorting,01,1201660994,ours,value_when,experiments_logs/analysis_recent/when_what_policy_ablation_20260921/00_raw/wastesorting/scene_01/ours/run_18_seed_1201660994/exp_wastesorting_20260921_014250_637730.txt,experiments_logs/analysis_recent/when_what_policy_ablation_20260921/00_raw/wastesorting/scene_01/value_when/run_18_seed_1201660994/exp_wastesorting_20260921_214241_911368.txt,1,0,9.0,6.0,-0.020600000000000174,30.0
wastesorting,01,1421291149,ours,value_when,experiments_logs/analysis_recent/when_what_policy_ablation_20260921/00_raw/wastesorting/scene_01/ours/run_17_seed_1421291149/exp_wastesorting_20260921_014249_056674.txt,experiments_logs/analysis_recent/when_what_policy_ablation_20260921/00_raw/wastesorting/scene_01/value_when/run_17_seed_1421291149/exp_wastesorting_20260921_214240_685627.txt,1,0,12.0,3.0,-0.25049999999999994,10.0
wastesorting,01,1446821692,ours,value_when,experiments_logs/analysis_recent/when_what_policy_ablation_20260921/00_raw/wastesorting/scene_01/ours/run_07_seed_1446821692/exp_wastesorting_20260921_014232_716409.txt,experiments_logs/analysis_recent/when_what_policy_ablation_20260921/00_raw/wastesorting/scene_01/value_when/run_07_seed_1446821692/exp_wastesorting_20260921_214222_236331.txt,1,1,6.0,-1.0,-0.6633,-15.0
wastesorting,01,1469124930,ours,value_when,experiments_logs/analysis_recent/when_what_policy_ablation_20260921/00_raw/wastesorting/scene_01/ours/run_12_seed_1469124930/exp_wastesorting_20260921_014240_880126.txt,experiments_logs/analysis_recent/when_what_policy_ablation_20260921/00_raw/wastesorting/scene_01/value_when/run_12_seed_1469124930/exp_wastesorting_20260921_214231_512877.txt,1,1,4.0,0.0,-0.5895999999999999,0.0
wastesorting,01,1753239905,ours,value_when,experiments_logs/analysis_recent/when_what_policy_ablation_20260921/00_raw/wastesorting/scene_01/ours/run_14_seed_1753239905/exp_wastesorting_20260921_014244_147904.txt,experiments_logs/analysis_recent/when_what_policy_ablation_20260921/00_raw/wastesorting/scene_01/value_when/run_14_seed_1753239905/exp_wastesorting_20260921_214235_288521.txt,1,1,6.0,0.0,-0.6403000000000001,0.0
wastesorting,01,2062582486,ours,value_when,experiments_logs/analysis_recent/when_what_policy_ablation_20260921/00_raw/wastesorting/scene_01/ours/run_36_seed_2062582486/exp_wastesorting_20260921_014318_897989.txt,experiments_logs/analysis_recent/when_what_policy_ablation_20260921/00_raw/wastesorting/scene_01/value_when/run_36_seed_2062582486/exp_wastesorting_20260921_214309_725586.txt,1,0,8.0,3.0,-0.1935,10.0
wastesorting,01,221659181,ours,value_when,experiments_logs/analysis_recent/when_what_policy_ablation_20260921/00_raw/wastesorting/scene_01/ours/run_22_seed_221659181/exp_wastesorting_20260921_014256_811178.txt,experiments_logs/analysis_recent/when_what_policy_ablation_20260921/00_raw/wastesorting/scene_01/value_when/run_22_seed_221659181/exp_wastesorting_20260921_214246_781600.txt,1,0,8.0,6.0,0.01750000000000007,30.0
wastesorting,01,2226680570,ours,value_when,experiments_logs/analysis_recent/when_what_policy_ablation_20260921/00_raw/wastesorting/scene_01/ours/run_04_seed_2226680570/exp_wastesorting_20260921_014227_984304.txt,experiments_logs/analysis_recent/when_what_policy_ablation_20260921/00_raw/wastesorting/scene_01/value_when/run_04_seed_2226680570/exp_wastesorting_20260921_214217_542991.txt,1,1,4.0,0.0,-0.6255,0.0
wastesorting,01,2258604627,ours,value_when,experiments_logs/analysis_recent/when_what_policy_ablation_20260921/00_raw/wastesorting/scene_01/ours/run_25_seed_2258604627/exp_wastesorting_20260921_014301_570092.txt,experiments_logs/analysis_recent/when_what_policy_ablation_20260921/00_raw/wastesorting/scene_01/value_when/run_25_seed_2258604627/exp_wastesorting_20260921_214251_432187.txt,1,0,6.0,6.0,-0.025900000000000034,30.0
wastesorting,01,2295953812,ours,value_when,experiments_logs/analysis_recent/when_what_policy_ablation_20260921/00_raw/wastesorting/scene_01/ours/run_28_seed_2295953812/exp_wastesorting_20260921_014306_216011.txt,experiments_logs/analysis_recent/when_what_policy_ablation_20260921/00_raw/wastesorting/scene_01/value_when/run_28_seed_2295953812/exp_wastesorting_20260921_214256_774643.txt,1,1,4.0,0.0,-0.5541,0.0
wastesorting,01,2310768630,ours,value_when,experiments_logs/analysis_recent/when_what_policy_ablation_20260921/00_raw/wastesorting/scene_01/ours/run_03_seed_2310768630/exp_wastesorting_20260921_014226_431269.txt,experiments_logs/analysis_recent/when_what_policy_ablation_20260921/00_raw/wastesorting/scene_01/value_when/run_03_seed_2310768630/exp_wastesorting_20260921_214215_732358.txt,1,0,6.0,2.0,-0.38470000000000004,20.0
wastesorting,01,2566599462,ours,value_when,experiments_logs/analysis_recent/when_what_policy_ablation_20260921/00_raw/wastesorting/scene_01/ours/run_32_seed_2566599462/exp_wastesorting_20260921_014312_637676.txt,experiments_logs/analysis_recent/when_what_policy_ablation_20260921/00_raw/wastesorting/scene_01/value_when/run_32_seed_2566599462/exp_wastesorting_20260921_214303_562517.txt,1,0,7.0,1.0,-0.4757,15.0
wastesorting,01,2732686114,ours,value_when,experiments_logs/analysis_recent/when_what_policy_ablation_20260921/00_raw/wastesorting/scene_01/ours/run_19_seed_2732686114/exp_wastesorting_20260921_014252_175459.txt,experiments_logs/analysis_recent/when_what_policy_ablation_20260921/00_raw/wastesorting/scene_01/value_when/run_19_seed_2732686114/exp_wastesorting_20260921_214243_019807.txt,1,0,5.0,6.0,0.05520000000000014,30.0
wastesorting,01,2829245352,ours,value_when,experiments_logs/analysis_recent/when_what_policy_ablation_20260921/00_raw/wastesorting/scene_01/ours/run_26_seed_2829245352/exp_wastesorting_20260921_014303_123743.txt,experiments_logs/analysis_recent/when_what_policy_ablation_20260921/00_raw/wastesorting/scene_01/value_when/run_26_seed_2829245352/exp_wastesorting_20260921_214253_189583.txt,1,0,7.0,-1.0,-0.5795999999999999,-5.0
wastesorting,01,2855763027,ours,value_when,experiments_logs/analysis_recent/when_what_policy_ablation_20260921/00_raw/wastesorting/scene_01/ours/run_08_seed_2855763027/exp_wastesorting_20260921_014234_331603.txt,experiments_logs/analysis_recent/when_what_policy_ablation_20260921/00_raw/wastesorting/scene_01/value_when/run_08_seed_2855763027/exp_wastesorting_20260921_214224_141729.txt,1,1,5.0,0.0,-0.6565000000000001,0.0
wastesorting,01,304491485,ours,value_when,experiments_logs/analysis_recent/when_what_policy_ablation_20260921/00_raw/wastesorting/scene_01/ours/run_11_seed_304491485/exp_wastesorting_20260921_014239_198519.txt,experiments_logs/analysis_recent/when_what_policy_ablation_20260921/00_raw/wastesorting/scene_01/value_when/run_11_seed_304491485/exp_wastesorting_20260921_214229_616439.txt,1,1,4.0,0.0,-0.4596,0.0
wastesorting,01,3143992301,ours,value_when,experiments_logs/analysis_recent/when_what_policy_ablation_20260921/00_raw/wastesorting/scene_01/ours/run_10_seed_3143992301/exp_wastesorting_20260921_014237_632512.txt,experiments_logs/analysis_recent/when_what_policy_ablation_20260921/00_raw/wastesorting/scene_01/value_when/run_10_seed_3143992301/exp_wastesorting_20260921_214227_960484.txt,1,1,5.0,0.0,-0.6396,0.0
wastesorting,01,3156193605,ours,value_when,experiments_logs/analysis_recent/when_what_policy_ablation_20260921/00_raw/wastesorting/scene_01/ours/run_39_seed_3156193605/exp_wastesorting_20260921_014323_498523.txt,experiments_logs/analysis_recent/when_what_policy_ablation_20260921/00_raw/wastesorting/scene_01/value_when/run_39_seed_3156193605/exp_wastesorting_20260921_214314_297396.txt,1,1,5.0,0.0,-0.6907000000000001,0.0
wastesorting,01,3175035907,ours,value_when,experiments_logs/analysis_recent/when_what_policy_ablation_20260921/00_raw/wastesorting/scene_01/ours/run_38_seed_3175035907/exp_wastesorting_20260921_014321_984382.txt,experiments_logs/analysis_recent/when_what_policy_ablation_20260921/00_raw/wastesorting/scene_01/value_when/run_38_seed_3175035907/exp_wastesorting_20260921_214312_467998.txt,1,0,6.0,6.0,-0.01660000000000017,15.0
wastesorting,01,3176006814,ours,value_when,experiments_logs/analysis_recent/when_what_policy_ablation_20260921/00_raw/wastesorting/scene_01/ours/run_06_seed_3176006814/exp_wastesorting_20260921_014231_153801.txt,experiments_logs/analysis_recent/when_what_policy_ablation_20260921/00_raw/wastesorting/scene_01/value_when/run_06_seed_3176006814/exp_wastesorting_20260921_214220_377583.txt,1,0,6.0,4.0,-0.20699999999999985,25.0
wastesorting,01,3267154761,ours,value_when,experiments_logs/analysis_recent/when_what_policy_ablation_20260921/00_raw/wastesorting/scene_01/ours/run_35_seed_3267154761/exp_wastesorting_20260921_014317_361486.txt,experiments_logs/analysis_recent/when_what_policy_ablation_20260921/00_raw/wastesorting/scene_01/value_when/run_35_seed_3267154761/exp_wastesorting_20260921_214308_367626.txt,1,1,5.0,0.0,-0.5793999999999999,0.0
wastesorting,01,3276452260,ours,value_when,experiments_logs/analysis_recent/when_what_policy_ablation_20260921/00_raw/wastesorting/scene_01/ours/run_20_seed_3276452260/exp_wastesorting_20260921_014253_730560.txt,experiments_logs/analysis_recent/when_what_policy_ablation_20260921/00_raw/wastesorting/scene_01/value_when/run_20_seed_3276452260/exp_wastesorting_20260921_214244_237021.txt,1,0,7.0,6.0,-0.032299999999999995,10.0
wastesorting,01,3622402991,ours,value_when,experiments_logs/analysis_recent/when_what_policy_ablation_20260921/00_raw/wastesorting/scene_01/ours/run_02_seed_3622402991/exp_wastesorting_20260921_014224_895172.txt,experiments_logs/analysis_recent/when_what_policy_ablation_20260921/00_raw/wastesorting/scene_01/value_when/run_02_seed_3622402991/exp_wastesorting_20260921_214214_174355.txt,1,1,5.0,0.0,-0.6252,0.0
wastesorting,01,3656921932,ours,value_when,experiments_logs/analysis_recent/when_what_policy_ablation_20260921/00_raw/wastesorting/scene_01/ours/run_30_seed_3656921932/exp_wastesorting_20260921_014309_468091.txt,experiments_logs/analysis_recent/when_what_policy_ablation_20260921/00_raw/wastesorting/scene_01/value_when/run_30_seed_3656921932/exp_wastesorting_20260921_214300_565932.txt,1,1,4.0,0.0,-0.6085,0.0
wastesorting,01,3722475659,ours,value_when,experiments_logs/analysis_recent/when_what_policy_ablation_20260921/00_raw/wastesorting/scene_01/ours/run_34_seed_3722475659/exp_wastesorting_20260921_014315_787398.txt,experiments_logs/analysis_recent/when_what_policy_ablation_20260921/00_raw/wastesorting/scene_01/value_when/run_34_seed_3722475659/exp_wastesorting_20260921_214306_592329.txt,1,0,5.0,4.0,-0.13380000000000014,25.0
wastesorting,01,3794435593,ours,value_when,experiments_logs/analysis_recent/when_what_policy_ablation_20260921/00_raw/wastesorting/scene_01/ours/run_23_seed_3794435593/exp_wastesorting_20260921_014258_471443.txt,experiments_logs/analysis_recent/when_what_policy_ablation_20260921/00_raw/wastesorting/scene_01/value_when/run_23_seed_3794435593/exp_wastesorting_20260921_214248_514340.txt,1,1,4.0,0.0,-0.45199999999999996,0.0
wastesorting,01,3862245153,ours,value_when,experiments_logs/analysis_recent/when_what_policy_ablation_20260921/00_raw/wastesorting/scene_01/ours/run_40_seed_3862245153/exp_wastesorting_20260921_014325_143440.txt,experiments_logs/analysis_recent/when_what_policy_ablation_20260921/00_raw/wastesorting/scene_01/value_when/run_40_seed_3862245153/exp_wastesorting_20260921_214316_247858.txt,1,1,5.0,0.0,-0.673,0.0
wastesorting,01,3890046989,ours,value_when,experiments_logs/analysis_recent/when_what_policy_ablation_20260921/00_raw/wastesorting/scene_01/ours/run_15_seed_3890046989/exp_wastesorting_20260921_014245_880375.txt,experiments_logs/analysis_recent/when_what_policy_ablation_20260921/00_raw/wastesorting/scene_01/value_when/run_15_seed_3890046989/exp_wastesorting_20260921_214237_443751.txt,1,1,4.0,0.0,-0.7922,0.0
wastesorting,01,3904873952,ours,value_when,experiments_logs/analysis_recent/when_what_policy_ablation_20260921/00_raw/wastesorting/scene_01/ours/run_13_seed_3904873952/exp_wastesorting_20260921_014242_512411.txt,experiments_logs/analysis_recent/when_what_policy_ablation_20260921/00_raw/wastesorting/scene_01/value_when/run_13_seed_3904873952/exp_wastesorting_20260921_214233_382498.txt,1,1,5.0,0.0,-0.6093000000000002,0.0
wastesorting,01,3940097250,ours,value_when,experiments_logs/analysis_recent/when_what_policy_ablation_20260921/00_raw/wastesorting/scene_01/ours/run_27_seed_3940097250/exp_wastesorting_20260921_014304_618251.txt,experiments_logs/analysis_recent/when_what_policy_ablation_20260921/00_raw/wastesorting/scene_01/value_when/run_27_seed_3940097250/exp_wastesorting_20260921_214254_989876.txt,1,1,3.0,0.0,-0.677,0.0
wastesorting,01,3987872288,ours,value_when,experiments_logs/analysis_recent/when_what_policy_ablation_20260921/00_raw/wastesorting/scene_01/ours/run_09_seed_3987872288/exp_wastesorting_20260921_014236_006707.txt,experiments_logs/analysis_recent/when_what_policy_ablation_20260921/00_raw/wastesorting/scene_01/value_when/run_09_seed_3987872288/exp_wastesorting_20260921_214226_069153.txt,1,1,6.0,0.0,-0.6276000000000002,0.0
wastesorting,01,4001804605,ours,value_when,experiments_logs/analysis_recent/when_what_policy_ablation_20260921/00_raw/wastesorting/scene_01/ours/run_37_seed_4001804605/exp_wastesorting_20260921_014320_399285.txt,experiments_logs/analysis_recent/when_what_policy_ablation_20260921/00_raw/wastesorting/scene_01/value_when/run_37_seed_4001804605/exp_wastesorting_20260921_214311_239111.txt,1,0,7.0,2.0,-0.38349999999999995,5.0
wastesorting,01,4016452800,ours,value_when,experiments_logs/analysis_recent/when_what_policy_ablation_20260921/00_raw/wastesorting/scene_01/ours/run_16_seed_4016452800/exp_wastesorting_20260921_014247_458172.txt,experiments_logs/analysis_recent/when_what_policy_ablation_20260921/00_raw/wastesorting/scene_01/value_when/run_16_seed_4016452800/exp_wastesorting_20260921_214239_219286.txt,1,0,9.0,0.0,-0.5681,0.0
wastesorting,01,4064545001,ours,value_when,experiments_logs/analysis_recent/when_what_policy_ablation_20260921/00_raw/wastesorting/scene_01/ours/run_01_seed_4064545001/exp_wastesorting_20260921_014223_186349.txt,experiments_logs/analysis_recent/when_what_policy_ablation_20260921/00_raw/wastesorting/scene_01/value_when/run_01_seed_4064545001/exp_wastesorting_20260921_214212_205715.txt,1,1,5.0,0.0,-0.5466,0.0
wastesorting,01,4139245423,ours,value_when,experiments_logs/analysis_recent/when_what_policy_ablation_20260921/00_raw/wastesorting/scene_01/ours/run_05_seed_4139245423/exp_wastesorting_20260921_014229_661755.txt,experiments_logs/analysis_recent/when_what_policy_ablation_20260921/00_raw/wastesorting/scene_01/value_when/run_05_seed_4139245423/exp_wastesorting_20260921_214219_048237.txt,1,0,7.0,4.0,-0.20299999999999985,10.0
wastesorting,01,481330159,ours,value_when,experiments_logs/analysis_recent/when_what_policy_ablation_20260921/00_raw/wastesorting/scene_01/ours/run_33_seed_481330159/exp_wastesorting_20260921_014314_206755.txt,experiments_logs/analysis_recent/when_what_policy_ablation_20260921/00_raw/wastesorting/scene_01/value_when/run_33_seed_481330159/exp_wastesorting_20260921_214305_260213.txt,1,1,4.0,0.0,-0.4978,0.0
wastesorting,01,834664221,ours,value_when,experiments_logs/analysis_recent/when_what_policy_ablation_20260921/00_raw/wastesorting/scene_01/ours/run_31_seed_834664221/exp_wastesorting_20260921_014311_051993.txt,experiments_logs/analysis_recent/when_what_policy_ablation_20260921/00_raw/wastesorting/scene_01/value_when/run_31_seed_834664221/exp_wastesorting_20260921_214301_883206.txt,1,0,7.0,4.0,-0.1076999999999999,25.0
wastesorting,01,973561137,ours,value_when,experiments_logs/analysis_recent/when_what_policy_ablation_20260921/00_raw/wastesorting/scene_01/ours/run_21_seed_973561137/exp_wastesorting_20260921_014255_306410.txt,experiments_logs/analysis_recent/when_what_policy_ablation_20260921/00_raw/wastesorting/scene_01/value_when/run_21_seed_973561137/exp_wastesorting_20260921_214245_662648.txt,1,0,7.0,2.0,-0.21650000000000014,20.0
wastesorting,02,1014673370,ours,value_when,experiments_logs/analysis_recent/when_what_policy_ablation_20260921/00_raw/wastesorting/scene_02/ours/run_27_seed_1014673370/exp_wastesorting_20260921_014403_423595.txt,experiments_logs/analysis_recent/when_what_policy_ablation_20260921/00_raw/wastesorting/scene_02/value_when/run_27_seed_1014673370/exp_wastesorting_20260921_214357_360218.txt,1,0,7.0,3.0,-0.39149999999999996,20.0
wastesorting,02,1116766657,ours,value_when,experiments_logs/analysis_recent/when_what_policy_ablation_20260921/00_raw/wastesorting/scene_02/ours/run_17_seed_1116766657/exp_wastesorting_20260921_014349_308496.txt,experiments_logs/analysis_recent/when_what_policy_ablation_20260921/00_raw/wastesorting/scene_02/value_when/run_17_seed_1116766657/exp_wastesorting_20260921_214341_801312.txt,1,1,5.0,0.0,-0.5997,0.0
wastesorting,02,1150653687,ours,value_when,experiments_logs/analysis_recent/when_what_policy_ablation_20260921/00_raw/wastesorting/scene_02/ours/run_10_seed_1150653687/exp_wastesorting_20260921_014339_500672.txt,experiments_logs/analysis_recent/when_what_policy_ablation_20260921/00_raw/wastesorting/scene_02/value_when/run_10_seed_1150653687/exp_wastesorting_20260921_214331_383796.txt,1,1,8.0,0.0,-0.7907000000000002,0.0
wastesorting,02,1185595584,ours,value_when,experiments_logs/analysis_recent/when_what_policy_ablation_20260921/00_raw/wastesorting/scene_02/ours/run_19_seed_1185595584/exp_wastesorting_20260921_014352_135121.txt,experiments_logs/analysis_recent/when_what_policy_ablation_20260921/00_raw/wastesorting/scene_02/value_when/run_19_seed_1185595584/exp_wastesorting_20260921_214344_657141.txt,1,0,10.0,6.0,-0.16730000000000012,25.0
wastesorting,02,1191125615,ours,value_when,experiments_logs/analysis_recent/when_what_policy_ablation_20260921/00_raw/wastesorting/scene_02/ours/run_38_seed_1191125615/exp_wastesorting_20260921_014419_043542.txt,experiments_logs/analysis_recent/when_what_policy_ablation_20260921/00_raw/wastesorting/scene_02/value_when/run_38_seed_1191125615/exp_wastesorting_20260921_214413_135293.txt,1,0,8.0,3.0,-0.33809999999999996,20.0
wastesorting,02,1273456514,ours,value_when,experiments_logs/analysis_recent/when_what_policy_ablation_20260921/00_raw/wastesorting/scene_02/ours/run_03_seed_1273456514/exp_wastesorting_20260921_014329_315854.txt,experiments_logs/analysis_recent/when_what_policy_ablation_20260921/00_raw/wastesorting/scene_02/value_when/run_03_seed_1273456514/exp_wastesorting_20260921_214320_430165.txt,1,1,4.0,0.0,-0.5728000000000001,0.0
wastesorting,02,1315496753,ours,value_when,experiments_logs/analysis_recent/when_what_policy_ablation_20260921/00_raw/wastesorting/scene_02/ours/run_05_seed_1315496753/exp_wastesorting_20260921_014332_170059.txt,experiments_logs/analysis_recent/when_what_policy_ablation_20260921/00_raw/wastesorting/scene_02/value_when/run_05_seed_1315496753/exp_wastesorting_20260921_214323_084480.txt,1,0,7.0,7.0,0.04710000000000003,15.0
wastesorting,02,1478189300,ours,value_when,experiments_logs/analysis_recent/when_what_policy_ablation_20260921/00_raw/wastesorting/scene_02/ours/run_21_seed_1478189300/exp_wastesorting_20260921_014354_933058.txt,experiments_logs/analysis_recent/when_what_policy_ablation_20260921/00_raw/wastesorting/scene_02/value_when/run_21_seed_1478189300/exp_wastesorting_20260921_214347_936749.txt,1,1,5.0,0.0,-0.6095,0.0
wastesorting,02,1669852028,ours,value_when,experiments_logs/analysis_recent/when_what_policy_ablation_20260921/00_raw/wastesorting/scene_02/ours/run_08_seed_1669852028/exp_wastesorting_20260921_014336_377295.txt,experiments_logs/analysis_recent/when_what_policy_ablation_20260921/00_raw/wastesorting/scene_02/value_when/run_08_seed_1669852028/exp_wastesorting_20260921_214327_620316.txt,1,0,7.0,3.0,-0.28380000000000005,20.0
wastesorting,02,1679391382,ours,value_when,experiments_logs/analysis_recent/when_what_policy_ablation_20260921/00_raw/wastesorting/scene_02/ours/run_04_seed_1679391382/exp_wastesorting_20260921_014330_805740.txt,experiments_logs/analysis_recent/when_what_policy_ablation_20260921/00_raw/wastesorting/scene_02/value_when/run_04_seed_1679391382/exp_wastesorting_20260921_214322_142469.txt,1,1,5.0,0.0,-0.6036,0.0
wastesorting,02,1684512935,ours,value_when,experiments_logs/analysis_recent/when_what_policy_ablation_20260921/00_raw/wastesorting/scene_02/ours/run_12_seed_1684512935/exp_wastesorting_20260921_014342_442168.txt,experiments_logs/analysis_recent/when_what_policy_ablation_20260921/00_raw/wastesorting/scene_02/value_when/run_12_seed_1684512935/exp_wastesorting_20260921_214334_822044.txt,1,0,6.0,0.0,-0.6638999999999999,15.0
wastesorting,02,1859675682,ours,value_when,experiments_logs/analysis_recent/when_what_policy_ablation_20260921/00_raw/wastesorting/scene_02/ours/run_32_seed_1859675682/exp_wastesorting_20260921_014410_561261.txt,experiments_logs/analysis_recent/when_what_policy_ablation_20260921/00_raw/wastesorting/scene_02/value_when/run_32_seed_1859675682/exp_wastesorting_20260921_214404_621298.txt,1,1,6.0,-1.0,-0.5868000000000001,-15.0
wastesorting,02,1960486937,ours,value_when,experiments_logs/analysis_recent/when_what_policy_ablation_20260921/00_raw/wastesorting/scene_02/ours/run_18_seed_1960486937/exp_wastesorting_20260921_014350_678636.txt,experiments_logs/analysis_recent/when_what_policy_ablation_20260921/00_raw/wastesorting/scene_02/value_when/run_18_seed_1960486937/exp_wastesorting_20260921_214343_401935.txt,1,1,6.0,0.0,-0.6111000000000001,0.0
wastesorting,02,2006819571,ours,value_when,experiments_logs/analysis_recent/when_what_policy_ablation_20260921/00_raw/wastesorting/scene_02/ours/run_30_seed_2006819571/exp_wastesorting_20260921_014407_606442.txt,experiments_logs/analysis_recent/when_what_policy_ablation_20260921/00_raw/wastesorting/scene_02/value_when/run_30_seed_2006819571/exp_wastesorting_20260921_214401_699079.txt,1,1,5.0,0.0,-0.5394000000000001,0.0
wastesorting,02,2156641990,ours,value_when,experiments_logs/analysis_recent/when_what_policy_ablation_20260921/00_raw/wastesorting/scene_02/ours/run_01_seed_2156641990/exp_wastesorting_20260921_014326_506358.txt,experiments_logs/analysis_recent/when_what_policy_ablation_20260921/00_raw/wastesorting/scene_02/value_when/run_01_seed_2156641990/exp_wastesorting_20260921_214317_233278.txt,1,0,9.0,7.0,0.016700000000000048,30.0
wastesorting,02,2175442287,ours,value_when,experiments_logs/analysis_recent/when_what_policy_ablation_20260921/00_raw/wastesorting/scene_02/ours/run_20_seed_2175442287/exp_wastesorting_20260921_014353_488618.txt,experiments_logs/analysis_recent/when_what_policy_ablation_20260921/00_raw/wastesorting/scene_02/value_when/run_20_seed_2175442287/exp_wastesorting_20260921_214346_261417.txt,1,1,6.0,-1.0,-0.6256999999999999,-15.0
wastesorting,02,2226175700,ours,value_when,experiments_logs/analysis_recent/when_what_policy_ablation_20260921/00_raw/wastesorting/scene_02/ours/run_39_seed_2226175700/exp_wastesorting_20260921_014420_411717.txt,experiments_logs/analysis_recent/when_what_policy_ablation_20260921/00_raw/wastesorting/scene_02/value_when/run_39_seed_2226175700/exp_wastesorting_20260921_214414_742225.txt,1,1,5.0,0.0,-0.6073999999999999,0.0
wastesorting,02,2314118130,ours,value_when,experiments_logs/analysis_recent/when_what_policy_ablation_20260921/00_raw/wastesorting/scene_02/ours/run_09_seed_2314118130/exp_wastesorting_20260921_014337_789816.txt,experiments_logs/analysis_recent/when_what_policy_ablation_20260921/00_raw/wastesorting/scene_02/value_when/run_09_seed_2314118130/exp_wastesorting_20260921_214329_254278.txt,1,1,5.0,0.0,-0.5938,0.0
wastesorting,02,2497538083,ours,value_when,experiments_logs/analysis_recent/when_what_policy_ablation_20260921/00_raw/wastesorting/scene_02/ours/run_22_seed_2497538083/exp_wastesorting_20260921_014356_351029.txt,experiments_logs/analysis_recent/when_what_policy_ablation_20260921/00_raw/wastesorting/scene_02/value_when/run_22_seed_2497538083/exp_wastesorting_20260921_214349_555831.txt,1,0,6.0,0.0,-0.5737999999999999,15.0
wastesorting,02,2628956077,ours,value_when,experiments_logs/analysis_recent/when_what_policy_ablation_20260921/00_raw/wastesorting/scene_02/ours/run_07_seed_2628956077/exp_wastesorting_20260921_014334_954988.txt,experiments_logs/analysis_recent/when_what_policy_ablation_20260921/00_raw/wastesorting/scene_02/value_when/run_07_seed_2628956077/exp_wastesorting_20260921_214326_284178.txt,1,1,4.0,0.0,-0.6025,0.0
wastesorting,02,2679542969,ours,value_when,experiments_logs/analysis_recent/when_what_policy_ablation_20260921/00_raw/wastesorting/scene_02/ours/run_37_seed_2679542969/exp_wastesorting_20260921_014417_669795.txt,experiments_logs/analysis_recent/when_what_policy_ablation_20260921/00_raw/wastesorting/scene_02/value_when/run_37_seed_2679542969/exp_wastesorting_20260921_214411_792553.txt,1,0,7.0,7.0,0.05579999999999996,30.0
wastesorting,02,2681088983,ours,value_when,experiments_logs/analysis_recent/when_what_policy_ablation_20260921/00_raw/wastesorting/scene_02/ours/run_33_seed_2681088983/exp_wastesorting_20260921_014411_988672.txt,experiments_logs/analysis_recent/when_what_policy_ablation_20260921/00_raw/wastesorting/scene_02/value_when/run_33_seed_2681088983/exp_wastesorting_20260921_214406_396463.txt,1,1,5.0,0.0,-0.7159000000000001,0.0
wastesorting,02,2903446598,ours,value_when,experiments_logs/analysis_recent/when_what_policy_ablation_20260921/00_raw/wastesorting/scene_02/ours/run_34_seed_2903446598/exp_wastesorting_20260921_014413_479356.txt,experiments_logs/analysis_recent/when_what_policy_ablation_20260921/00_raw/wastesorting/scene_02/value_when/run_34_seed_2903446598/exp_wastesorting_20260921_214408_128794.txt,1,0,8.0,0.0,-0.6131,15.0
wastesorting,02,3041513348,ours,value_when,experiments_logs/analysis_recent/when_what_policy_ablation_20260921/00_raw/wastesorting/scene_02/ours/run_28_seed_3041513348/exp_wastesorting_20260921_014404_821644.txt,experiments_logs/analysis_recent/when_what_policy_ablation_20260921/00_raw/wastesorting/scene_02/value_when/run_28_seed_3041513348/exp_wastesorting_20260921_214359_025408.txt,1,1,6.0,-1.0,-0.6416000000000001,-5.0
wastesorting,02,3100998094,ours,value_when,experiments_logs/analysis_recent/when_what_policy_ablation_20260921/00_raw/wastesorting/scene_02/ours/run_29_seed_3100998094/exp_wastesorting_20260921_014406_217033.txt,experiments_logs/analysis_recent/when_what_policy_ablation_20260921/00_raw/wastesorting/scene_02/value_when/run_29_seed_3100998094/exp_wastesorting_20260921_214400_132528.txt,1,0,7.0,5.0,-0.08310000000000006,25.0
wastesorting,02,3132007216,ours,value_when,experiments_logs/analysis_recent/when_what_policy_ablation_20260921/00_raw/wastesorting/scene_02/ours/run_14_seed_3132007216/exp_wastesorting_20260921_014345_232461.txt,experiments_logs/analysis_recent/when_what_policy_ablation_20260921/00_raw/wastesorting/scene_02/value_when/run_14_seed_3132007216/exp_wastesorting_20260921_214337_733231.txt,1,0,8.0,3.0,-0.27860000000000007,20.0
wastesorting,02,3361930932,ours,value_when,experiments_logs/analysis_recent/when_what_policy_ablation_20260921/00_raw/wastesorting/scene_02/ours/run_36_seed_3361930932/exp_wastesorting_20260921_014416_285199.txt,experiments_logs/analysis_recent/when_what_policy_ablation_20260921/00_raw/wastesorting/scene_02/value_when/run_36_seed_3361930932/exp_wastesorting_20260921_214410_831343.txt,1,1,6.0,0.0,-0.529,0.0
wastesorting,02,3666558197,ours,value_when,experiments_logs/analysis_recent/when_what_policy_ablation_20260921/00_raw/wastesorting/scene_02/ours/run_25_seed_3666558197/exp_wastesorting_20260921_014400_591386.txt,experiments_logs/analysis_recent/when_what_policy_ablation_20260921/00_raw/wastesorting/scene_02/value_when/run_25_seed_3666558197/exp_wastesorting_20260921_214354_342163.txt,1,1,5.0,0.0,-0.5797999999999999,0.0
wastesorting,02,3749131969,ours,value_when,experiments_logs/analysis_recent/when_what_policy_ablation_20260921/00_raw/wastesorting/scene_02/ours/run_40_seed_3749131969/exp_wastesorting_20260921_014421_830493.txt,experiments_logs/analysis_recent/when_what_policy_ablation_20260921/00_raw/wastesorting/scene_02/value_when/run_40_seed_3749131969/exp_wastesorting_20260921_214416_362103.txt,1,1,5.0,0.0,-0.5889000000000001,0.0
wastesorting,02,3750062435,ours,value_when,experiments_logs/analysis_recent/when_what_policy_ablation_20260921/00_raw/wastesorting/scene_02/ours/run_24_seed_3750062435/exp_wastesorting_20260921_014359_191092.txt,experiments_logs/analysis_recent/when_what_policy_ablation_20260921/00_raw/wastesorting/scene_02/value_when/run_24_seed_3750062435/exp_wastesorting_20260921_214352_744514.txt,1,1,5.0,0.0,-0.5432999999999999,0.0
wastesorting,02,3794247199,ours,value_when,experiments_logs/analysis_recent/when_what_policy_ablation_20260921/00_raw/wastesorting/scene_02/ours/run_06_seed_3794247199/exp_wastesorting_20260921_014333_557759.txt,experiments_logs/analysis_recent/when_what_policy_ablation_20260921/00_raw/wastesorting/scene_02/value_when/run_06_seed_3794247199/exp_wastesorting_20260921_214324_665813.txt,1,1,5.0,0.0,-0.5698000000000001,0.0
wastesorting,02,3820178410,ours,value_when,experiments_logs/analysis_recent/when_what_policy_ablation_20260921/00_raw/wastesorting/scene_02/ours/run_11_seed_3820178410/exp_wastesorting_20260921_014341_037057.txt,experiments_logs/analysis_recent/when_what_policy_ablation_20260921/00_raw/wastesorting/scene_02/value_when/run_11_seed_3820178410/exp_wastesorting_20260921_214333_123166.txt,1,1,6.0,1.0,-0.5684,0.0
wastesorting,02,4052769592,ours,value_when,experiments_logs/analysis_recent/when_what_policy_ablation_20260921/00_raw/wastesorting/scene_02/ours/run_16_seed_4052769592/exp_wastesorting_20260921_014347_943626.txt,experiments_logs/analysis_recent/when_what_policy_ablation_20260921/00_raw/wastesorting/scene_02/value_when/run_16_seed_4052769592/exp_wastesorting_20260921_214340_206546.txt,1,0,9.0,8.0,0.08009999999999995,30.0
wastesorting,02,4053942929,ours,value_when,experiments_logs/analysis_recent/when_what_policy_ablation_20260921/00_raw/wastesorting/scene_02/ours/run_26_seed_4053942929/exp_wastesorting_20260921_014402_005406.txt,experiments_logs/analysis_recent/when_what_policy_ablation_20260921/00_raw/wastesorting/scene_02/value_when/run_26_seed_4053942929/exp_wastesorting_20260921_214355_919702.txt,1,1,5.0,0.0,-0.5333999999999999,0.0
wastesorting,02,4138266715,ours,value_when,experiments_logs/analysis_recent/when_what_policy_ablation_20260921/00_raw/wastesorting/scene_02/ours/run_35_seed_4138266715/exp_wastesorting_20260921_014414_859806.txt,experiments_logs/analysis_recent/when_what_policy_ablation_20260921/00_raw/wastesorting/scene_02/value_when/run_35_seed_4138266715/exp_wastesorting_20260921_214409_246927.txt,1,0,11.0,5.0,-0.11680000000000001,25.0
wastesorting,02,431660203,ours,value_when,experiments_logs/analysis_recent/when_what_policy_ablation_20260921/00_raw/wastesorting/scene_02/ours/run_15_seed_431660203/exp_wastesorting_20260921_014346_558276.txt,experiments_logs/analysis_recent/when_what_policy_ablation_20260921/00_raw/wastesorting/scene_02/value_when/run_15_seed_431660203/exp_wastesorting_20260921_214339_268673.txt,1,0,7.0,0.0,-0.5881,15.0
wastesorting,02,604661570,ours,value_when,experiments_logs/analysis_recent/when_what_policy_ablation_20260921/00_raw/wastesorting/scene_02/ours/run_31_seed_604661570/exp_wastesorting_20260921_014409_089368.txt,experiments_logs/analysis_recent/when_what_policy_ablation_20260921/00_raw/wastesorting/scene_02/value_when/run_31_seed_604661570/exp_wastesorting_20260921_214402_942311.txt,1,0,8.0,5.0,-0.13839999999999997,10.0
wastesorting,02,715488211,ours,value_when,experiments_logs/analysis_recent/when_what_policy_ablation_20260921/00_raw/wastesorting/scene_02/ours/run_02_seed_715488211/exp_wastesorting_20260921_014327_924195.txt,experiments_logs/analysis_recent/when_what_policy_ablation_20260921/00_raw/wastesorting/scene_02/value_when/run_02_seed_715488211/exp_wastesorting_20260921_214318_832601.txt,1,1,5.0,0.0,-0.5575,0.0
wastesorting,02,800159661,ours,value_when,experiments_logs/analysis_recent/when_what_policy_ablation_20260921/00_raw/wastesorting/scene_02/ours/run_13_seed_800159661/exp_wastesorting_20260921_014343_840943.txt,experiments_logs/analysis_recent/when_what_policy_ablation_20260921/00_raw/wastesorting/scene_02/value_when/run_13_seed_800159661/exp_wastesorting_20260921_214336_439813.txt,1,1,6.0,-1.0,-0.5923,-15.0
wastesorting,02,92232459,ours,value_when,experiments_logs/analysis_recent/when_what_policy_ablation_20260921/00_raw/wastesorting/scene_02/ours/run_23_seed_92232459/exp_wastesorting_20260921_014357_791923.txt,experiments_logs/analysis_recent/when_what_policy_ablation_20260921/00_raw/wastesorting/scene_02/value_when/run_23_seed_92232459/exp_wastesorting_20260921_214351_182583.txt,1,1,6.0,-1.0,-0.5631,0.0
wastesorting,03,1010706734,ours,value_when,experiments_logs/analysis_recent/when_what_policy_ablation_20260921/00_raw/wastesorting/scene_03/ours/run_15_seed_1010706734/exp_wastesorting_20260921_014443_123684.txt,experiments_logs/analysis_recent/when_what_policy_ablation_20260921/00_raw/wastesorting/scene_03/value_when/run_15_seed_1010706734/exp_wastesorting_20260921_214439_298919.txt,1,1,5.0,0.0,-0.5561,0.0
wastesorting,03,1065524053,ours,value_when,experiments_logs/analysis_recent/when_what_policy_ablation_20260921/00_raw/wastesorting/scene_03/ours/run_37_seed_1065524053/exp_wastesorting_20260921_014514_569278.txt,experiments_logs/analysis_recent/when_what_policy_ablation_20260921/00_raw/wastesorting/scene_03/value_when/run_37_seed_1065524053/exp_wastesorting_20260921_214510_573108.txt,1,0,14.0,5.0,-0.3447,25.0
wastesorting,03,1123572063,ours,value_when,experiments_logs/analysis_recent/when_what_policy_ablation_20260921/00_raw/wastesorting/scene_03/ours/run_29_seed_1123572063/exp_wastesorting_20260921_014502_835607.txt,experiments_logs/analysis_recent/when_what_policy_ablation_20260921/00_raw/wastesorting/scene_03/value_when/run_29_seed_1123572063/exp_wastesorting_20260921_214459_239262.txt,1,1,5.0,0.0,-0.5896,0.0
wastesorting,03,1198822842,ours,value_when,experiments_logs/analysis_recent/when_what_policy_ablation_20260921/00_raw/wastesorting/scene_03/ours/run_39_seed_1198822842/exp_wastesorting_20260921_014517_496462.txt,experiments_logs/analysis_recent/when_what_policy_ablation_20260921/00_raw/wastesorting/scene_03/value_when/run_39_seed_1198822842/exp_wastesorting_20260921_214513_468910.txt,1,0,9.0,5.0,-0.16370000000000018,25.0
wastesorting,03,1263200062,ours,value_when,experiments_logs/analysis_recent/when_what_policy_ablation_20260921/00_raw/wastesorting/scene_03/ours/run_08_seed_1263200062/exp_wastesorting_20260921_014433_248754.txt,experiments_logs/analysis_recent/when_what_policy_ablation_20260921/00_raw/wastesorting/scene_03/value_when/run_08_seed_1263200062/exp_wastesorting_20260921_214428_413038.txt,1,1,6.0,0.0,-0.5821000000000001,0.0
wastesorting,03,1312241461,ours,value_when,experiments_logs/analysis_recent/when_what_policy_ablation_20260921/00_raw/wastesorting/scene_03/ours/run_20_seed_1312241461/exp_wastesorting_20260921_014450_301679.txt,experiments_logs/analysis_recent/when_what_policy_ablation_20260921/00_raw/wastesorting/scene_03/value_when/run_20_seed_1312241461/exp_wastesorting_20260921_214446_069670.txt,1,0,9.0,8.0,0.09589999999999999,30.0
wastesorting,03,1429072852,ours,value_when,experiments_logs/analysis_recent/when_what_policy_ablation_20260921/00_raw/wastesorting/scene_03/ours/run_38_seed_1429072852/exp_wastesorting_20260921_014515_974322.txt,experiments_logs/analysis_recent/when_what_policy_ablation_20260921/00_raw/wastesorting/scene_03/value_when/run_38_seed_1429072852/exp_wastesorting_20260921_214512_155469.txt,1,1,6.0,0.0,-0.5422999999999999,0.0
wastesorting,03,151419445,ours,value_when,experiments_logs/analysis_recent/when_what_policy_ablation_20260921/00_raw/wastesorting/scene_03/ours/run_05_seed_151419445/exp_wastesorting_20260921_014428_924836.txt,experiments_logs/analysis_recent/when_what_policy_ablation_20260921/00_raw/wastesorting/scene_03/value_when/run_05_seed_151419445/exp_wastesorting_20260921_214423_962433.txt,1,0,12.0,8.0,0.031299999999999994,15.0
wastesorting,03,1682900593,ours,value_when,experiments_logs/analysis_recent/when_what_policy_ablation_20260921/00_raw/wastesorting/scene_03/ours/run_23_seed_1682900593/exp_wastesorting_20260921_014454_419689.txt,experiments_logs/analysis_recent/when_what_policy_ablation_20260921/00_raw/wastesorting/scene_03/value_when/run_23_seed_1682900593/exp_wastesorting_20260921_214450_368629.txt,1,0,8.0,5.0,-0.1079000000000001,10.0
wastesorting,03,1757091912,ours,value_when,experiments_logs/analysis_recent/when_what_policy_ablation_20260921/00_raw/wastesorting/scene_03/ours/run_11_seed_1757091912/exp_wastesorting_20260921_014437_439739.txt,experiments_logs/analysis_recent/when_what_policy_ablation_20260921/00_raw/wastesorting/scene_03/value_when/run_11_seed_1757091912/exp_wastesorting_20260921_214433_205922.txt,1,1,5.0,0.0,-0.6199999999999999,0.0
wastesorting,03,1790509877,ours,value_when,experiments_logs/analysis_recent/when_what_policy_ablation_20260921/00_raw/wastesorting/scene_03/ours/run_16_seed_1790509877/exp_wastesorting_20260921_014444_500617.txt,experiments_logs/analysis_recent/when_what_policy_ablation_20260921/00_raw/wastesorting/scene_03/value_when/run_16_seed_1790509877/exp_wastesorting_20260921_214440_922289.txt,1,1,5.0,0.0,-0.6155999999999999,0.0
wastesorting,03,1849750684,ours,value_when,experiments_logs/analysis_recent/when_what_policy_ablation_20260921/00_raw/wastesorting/scene_03/ours/run_21_seed_1849750684/exp_wastesorting_20260921_014451_635543.txt,experiments_logs/analysis_recent/when_what_policy_ablation_20260921/00_raw/wastesorting/scene_03/value_when/run_21_seed_1849750684/exp_wastesorting_20260921_214447_646240.txt,1,1,5.0,0.0,-0.6075,0.0
wastesorting,03,1862543915,ours,value_when,experiments_logs/analysis_recent/when_what_policy_ablation_20260921/00_raw/wastesorting/scene_03/ours/run_17_seed_1862543915/exp_wastesorting_20260921_014445_918687.txt,experiments_logs/analysis_recent/when_what_policy_ablation_20260921/00_raw/wastesorting/scene_03/value_when/run_17_seed_1862543915/exp_wastesorting_20260921_214442_053936.txt,1,0,9.0,5.0,-0.0938,25.0
wastesorting,03,1932548607,ours,value_when,experiments_logs/analysis_recent/when_what_policy_ablation_20260921/00_raw/wastesorting/scene_03/ours/run_28_seed_1932548607/exp_wastesorting_20260921_014501_383333.txt,experiments_logs/analysis_recent/when_what_policy_ablation_20260921/00_raw/wastesorting/scene_03/value_when/run_28_seed_1932548607/exp_wastesorting_20260921_214457_577236.txt,1,1,6.0,0.0,-0.5897000000000001,0.0
wastesorting,03,1971182115,ours,value_when,experiments_logs/analysis_recent/when_what_policy_ablation_20260921/00_raw/wastesorting/scene_03/ours/run_02_seed_1971182115/exp_wastesorting_20260921_014424_627147.txt,experiments_logs/analysis_recent/when_what_policy_ablation_20260921/00_raw/wastesorting/scene_03/value_when/run_02_seed_1971182115/exp_wastesorting_20260921_214419_582668.txt,1,1,5.0,0.0,-0.5932000000000001,0.0
wastesorting,03,2090573975,ours,value_when,experiments_logs/analysis_recent/when_what_policy_ablation_20260921/00_raw/wastesorting/scene_03/ours/run_27_seed_2090573975/exp_wastesorting_20260921_014500_001010.txt,experiments_logs/analysis_recent/when_what_policy_ablation_20260921/00_raw/wastesorting/scene_03/value_when/run_27_seed_2090573975/exp_wastesorting_20260921_214455_975242.txt,1,1,6.0,0.0,-0.6403999999999999,0.0
wastesorting,03,2160290877,ours,value_when,experiments_logs/analysis_recent/when_what_policy_ablation_20260921/00_raw/wastesorting/scene_03/ours/run_07_seed_2160290877/exp_wastesorting_20260921_014431_798161.txt,experiments_logs/analysis_recent/when_what_policy_ablation_20260921/00_raw/wastesorting/scene_03/value_when/run_07_seed_2160290877/exp_wastesorting_20260921_214426_752491.txt,1,1,5.0,0.0,-0.5730000000000001,0.0
wastesorting,03,2192330955,ours,value_when,experiments_logs/analysis_recent/when_what_policy_ablation_20260921/00_raw/wastesorting/scene_03/ours/run_26_seed_2192330955/exp_wastesorting_20260921_014458_613022.txt,experiments_logs/analysis_recent/when_what_policy_ablation_20260921/00_raw/wastesorting/scene_03/value_when/run_26_seed_2192330955/exp_wastesorting_20260921_214454_315092.txt,1,1,5.0,0.0,-0.5813000000000001,0.0
wastesorting,03,2200107462,ours,value_when,experiments_logs/analysis_recent/when_what_policy_ablation_20260921/00_raw/wastesorting/scene_03/ours/run_36_seed_2200107462/exp_wastesorting_20260921_014512_913436.txt,experiments_logs/analysis_recent/when_what_policy_ablation_20260921/00_raw/wastesorting/scene_03/value_when/run_36_seed_2200107462/exp_wastesorting_20260921_214508_957518.txt,1,1,6.0,0.0,-0.5039999999999999,0.0
wastesorting,03,2394637227,ours,value_when,experiments_logs/analysis_recent/when_what_policy_ablation_20260921/00_raw/wastesorting/scene_03/ours/run_03_seed_2394637227/exp_wastesorting_20260921_014426_133548.txt,experiments_logs/analysis_recent/when_what_policy_ablation_20260921/00_raw/wastesorting/scene_03/value_when/run_03_seed_2394637227/exp_wastesorting_20260921_214421_347773.txt,1,1,5.0,0.0,-0.6408,0.0
wastesorting,03,2442584840,ours,value_when,experiments_logs/analysis_recent/when_what_policy_ablation_20260921/00_raw/wastesorting/scene_03/ours/run_09_seed_2442584840/exp_wastesorting_20260921_014434_640354.txt,experiments_logs/analysis_recent/when_what_policy_ablation_20260921/00_raw/wastesorting/scene_03/value_when/run_09_seed_2442584840/exp_wastesorting_20260921_214430_018456.txt,1,1,6.0,0.0,-0.5779000000000001,0.0
wastesorting,03,2815362486,ours,value_when,experiments_logs/analysis_recent/when_what_policy_ablation_20260921/00_raw/wastesorting/scene_03/ours/run_24_seed_2815362486/exp_wastesorting_20260921_014455_775930.txt,experiments_logs/analysis_recent/when_what_policy_ablation_20260921/00_raw/wastesorting/scene_03/value_when/run_24_seed_2815362486/exp_wastesorting_20260921_214451_561263.txt,1,0,11.0,4.0,-0.20750000000000013,10.0
wastesorting,03,2836132436,ours,value_when,experiments_logs/analysis_recent/when_what_policy_ablation_20260921/00_raw/wastesorting/scene_03/ours/run_18_seed_2836132436/exp_wastesorting_20260921_014447_380436.txt,experiments_logs/analysis_recent/when_what_policy_ablation_20260921/00_raw/wastesorting/scene_03/value_when/run_18_seed_2836132436/exp_wastesorting_20260921_214443_416518.txt,1,0,8.0,3.0,-0.27659999999999985,20.0
wastesorting,03,3532582087,ours,value_when,experiments_logs/analysis_recent/when_what_policy_ablation_20260921/00_raw/wastesorting/scene_03/ours/run_22_seed_3532582087/exp_wastesorting_20260921_014453_041178.txt,experiments_logs/analysis_recent/when_what_policy_ablation_20260921/00_raw/wastesorting/scene_03/value_when/run_22_seed_3532582087/exp_wastesorting_20260921_214449_257730.txt,1,1,6.0,0.0,-0.5819,0.0
wastesorting,03,3544407771,ours,value_when,experiments_logs/analysis_recent/when_what_policy_ablation_20260921/00_raw/wastesorting/scene_03/ours/run_04_seed_3544407771/exp_wastesorting_20260921_014427_520096.txt,experiments_logs/analysis_recent/when_what_policy_ablation_20260921/00_raw/wastesorting/scene_03/value_when/run_04_seed_3544407771/exp_wastesorting_20260921_214422_965868.txt,1,1,5.0,0.0,-0.6077999999999999,0.0
wastesorting,03,3643526193,ours,value_when,experiments_logs/analysis_recent/when_what_policy_ablation_20260921/00_raw/wastesorting/scene_03/ours/run_32_seed_3643526193/exp_wastesorting_20260921_014507_114684.txt,experiments_logs/analysis_recent/when_what_policy_ablation_20260921/00_raw/wastesorting/scene_03/value_when/run_32_seed_3643526193/exp_wastesorting_20260921_214503_672866.txt,1,1,5.0,0.0,-0.4988,0.0
wastesorting,03,3734705447,ours,value_when,experiments_logs/analysis_recent/when_what_policy_ablation_20260921/00_raw/wastesorting/scene_03/ours/run_13_seed_3734705447/exp_wastesorting_20260921_014440_298737.txt,experiments_logs/analysis_recent/when_what_policy_ablation_20260921/00_raw/wastesorting/scene_03/value_when/run_13_seed_3734705447/exp_wastesorting_20260921_214436_016680.txt,1,1,7.0,0.0,-0.5938,0.0
wastesorting,03,3772505736,ours,value_when,experiments_logs/analysis_recent/when_what_policy_ablation_20260921/00_raw/wastesorting/scene_03/ours/run_35_seed_3772505736/exp_wastesorting_20260921_014511_462926.txt,experiments_logs/analysis_recent/when_what_policy_ablation_20260921/00_raw/wastesorting/scene_03/value_when/run_35_seed_3772505736/exp_wastesorting_20260921_214507_385455.txt,1,0,9.0,8.0,0.07489999999999997,30.0
wastesorting,03,3925417317,ours,value_when,experiments_logs/analysis_recent/when_what_policy_ablation_20260921/00_raw/wastesorting/scene_03/ours/run_33_seed_3925417317/exp_wastesorting_20260921_014508_543263.txt,experiments_logs/analysis_recent/when_what_policy_ablation_20260921/00_raw/wastesorting/scene_03/value_when/run_33_seed_3925417317/exp_wastesorting_20260921_214504_861927.txt,1,0,10.0,5.0,-0.15050000000000008,10.0
wastesorting,03,3952233946,ours,value_when,experiments_logs/analysis_recent/when_what_policy_ablation_20260921/00_raw/wastesorting/scene_03/ours/run_34_seed_3952233946/exp_wastesorting_20260921_014510_061026.txt,experiments_logs/analysis_recent/when_what_policy_ablation_20260921/00_raw/wastesorting/scene_03/value_when/run_34_seed_3952233946/exp_wastesorting_20260921_214506_434041.txt,1,0,11.0,3.0,-0.44120000000000004,5.0
wastesorting,03,408728855,ours,value_when,experiments_logs/analysis_recent/when_what_policy_ablation_20260921/00_raw/wastesorting/scene_03/ours/run_25_seed_408728855/exp_wastesorting_20260921_014457_185359.txt,experiments_logs/analysis_recent/when_what_policy_ablation_20260921/00_raw/wastesorting/scene_03/value_when/run_25_seed_408728855/exp_wastesorting_20260921_214452_677262.txt,1,0,10.0,5.0,-0.08029999999999993,25.0
wastesorting,03,4128056421,ours,value_when,experiments_logs/analysis_recent/when_what_policy_ablation_20260921/00_raw/wastesorting/scene_03/ours/run_30_seed_4128056421/exp_wastesorting_20260921_014504_272458.txt,experiments_logs/analysis_recent/when_what_policy_ablation_20260921/00_raw/wastesorting/scene_03/value_when/run_30_seed_4128056421/exp_wastesorting_20260921_214500_523134.txt,1,0,10.0,3.0,-0.21809999999999985,20.0
wastesorting,03,4248209127,ours,value_when,experiments_logs/analysis_recent/when_what_policy_ablation_20260921/00_raw/wastesorting/scene_03/ours/run_19_seed_4248209127/exp_wastesorting_20260921_014448_815811.txt,experiments_logs/analysis_recent/when_what_policy_ablation_20260921/00_raw/wastesorting/scene_03/value_when/run_19_seed_4248209127/exp_wastesorting_20260921_214445_060724.txt,1,1,5.0,0.0,-0.5882999999999999,0.0
wastesorting,03,428908864,ours,value_when,experiments_logs/analysis_recent/when_what_policy_ablation_20260921/00_raw/wastesorting/scene_03/ours/run_31_seed_428908864/exp_wastesorting_20260921_014505_681454.txt,experiments_logs/analysis_recent/when_what_policy_ablation_20260921/00_raw/wastesorting/scene_03/value_when/run_31_seed_428908864/exp_wastesorting_20260921_214502_116760.txt,1,1,4.0,0.0,-0.5642,0.0
wastesorting,03,703706258,ours,value_when,experiments_logs/analysis_recent/when_what_policy_ablation_20260921/00_raw/wastesorting/scene_03/ours/run_12_seed_703706258/exp_wastesorting_20260921_014438_868395.txt,experiments_logs/analysis_recent/when_what_policy_ablation_20260921/00_raw/wastesorting/scene_03/value_when/run_12_seed_703706258/exp_wastesorting_20260921_214434_367490.txt,1,0,10.0,6.0,-0.10289999999999988,10.0
wastesorting,03,808931924,ours,value_when,experiments_logs/analysis_recent/when_what_policy_ablation_20260921/00_raw/wastesorting/scene_03/ours/run_14_seed_808931924/exp_wastesorting_20260921_014441_701397.txt,experiments_logs/analysis_recent/when_what_policy_ablation_20260921/00_raw/wastesorting/scene_03/value_when/run_14_seed_808931924/exp_wastesorting_20260921_214437_679357.txt,1,1,4.0,0.0,-0.6373,0.0
wastesorting,03,864565644,ours,value_when,experiments_logs/analysis_recent/when_what_policy_ablation_20260921/00_raw/wastesorting/scene_03/ours/run_40_seed_864565644/exp_wastesorting_20260921_014518_924613.txt,experiments_logs/analysis_recent/when_what_policy_ablation_20260921/00_raw/wastesorting/scene_03/value_when/run_40_seed_864565644/exp_wastesorting_20260921_214514_469770.txt,1,0,13.0,7.0,0.06409999999999993,30.0
wastesorting,03,878097152,ours,value_when,experiments_logs/analysis_recent/when_what_policy_ablation_20260921/00_raw/wastesorting/scene_03/ours/run_06_seed_878097152/exp_wastesorting_20260921_014430_395374.txt,experiments_logs/analysis_recent/when_what_policy_ablation_20260921/00_raw/wastesorting/scene_03/value_when/run_06_seed_878097152/exp_wastesorting_20260921_214425_152141.txt,1,0,8.0,5.0,-0.09989999999999999,25.0
wastesorting,03,935228514,ours,value_when,experiments_logs/analysis_recent/when_what_policy_ablation_20260921/00_raw/wastesorting/scene_03/ours/run_01_seed_935228514/exp_wastesorting_20260921_014423_259381.txt,experiments_logs/analysis_recent/when_what_policy_ablation_20260921/00_raw/wastesorting/scene_03/value_when/run_01_seed_935228514/exp_wastesorting_20260921_214417_988142.txt,1,1,5.0,0.0,-0.5622,0.0
wastesorting,03,995062266,ours,value_when,experiments_logs/analysis_recent/when_what_policy_ablation_20260921/00_raw/wastesorting/scene_03/ours/run_10_seed_995062266/exp_wastesorting_20260921_014436_073481.txt,experiments_logs/analysis_recent/when_what_policy_ablation_20260921/00_raw/wastesorting/scene_03/value_when/run_10_seed_995062266/exp_wastesorting_20260921_214431_595785.txt,1,1,6.0,0.0,-0.5165000000000001,0.0
wastesorting,04,1105776053,ours,value_when,experiments_logs/analysis_recent/when_what_policy_ablation_20260921/00_raw/wastesorting/scene_04/ours/run_13_seed_1105776053/exp_wastesorting_20260921_014537_793079.txt,experiments_logs/analysis_recent/when_what_policy_ablation_20260921/00_raw/wastesorting/scene_04/value_when/run_13_seed_1105776053/exp_wastesorting_20260921_214534_024915.txt,1,1,9.0,-2.0,-0.8302999999999999,-5.0
wastesorting,04,1117810574,ours,value_when,experiments_logs/analysis_recent/when_what_policy_ablation_20260921/00_raw/wastesorting/scene_04/ours/run_39_seed_1117810574/exp_wastesorting_20260921_014615_860840.txt,experiments_logs/analysis_recent/when_what_policy_ablation_20260921/00_raw/wastesorting/scene_04/value_when/run_39_seed_1117810574/exp_wastesorting_20260921_214615_042599.txt,1,0,8.0,5.0,-0.4306000000000001,25.0
wastesorting,04,1147895942,ours,value_when,experiments_logs/analysis_recent/when_what_policy_ablation_20260921/00_raw/wastesorting/scene_04/ours/run_09_seed_1147895942/exp_wastesorting_20260921_014531_923492.txt,experiments_logs/analysis_recent/when_what_policy_ablation_20260921/00_raw/wastesorting/scene_04/value_when/run_09_seed_1147895942/exp_wastesorting_20260921_214527_907602.txt,1,0,8.0,2.0,-0.39780000000000004,20.0
wastesorting,04,132699259,ours,value_when,experiments_logs/analysis_recent/when_what_policy_ablation_20260921/00_raw/wastesorting/scene_04/ours/run_38_seed_132699259/exp_wastesorting_20260921_014614_249668.txt,experiments_logs/analysis_recent/when_what_policy_ablation_20260921/00_raw/wastesorting/scene_04/value_when/run_38_seed_132699259/exp_wastesorting_20260921_214613_367490.txt,1,1,9.0,0.0,-0.724,0.0
wastesorting,04,13571565,ours,value_when,experiments_logs/analysis_recent/when_what_policy_ablation_20260921/00_raw/wastesorting/scene_04/ours/run_25_seed_13571565/exp_wastesorting_20260921_014555_242546.txt,experiments_logs/analysis_recent/when_what_policy_ablation_20260921/00_raw/wastesorting/scene_04/value_when/run_25_seed_13571565/exp_wastesorting_20260921_214552_464620.txt,1,1,7.0,0.0,-0.6728999999999999,0.0
wastesorting,04,1445352403,ours,value_when,experiments_logs/analysis_recent/when_what_policy_ablation_20260921/00_raw/wastesorting/scene_04/ours/run_18_seed_1445352403/exp_wastesorting_20260921_014545_080541.txt,experiments_logs/analysis_recent/when_what_policy_ablation_20260921/00_raw/wastesorting/scene_04/value_when/run_18_seed_1445352403/exp_wastesorting_20260921_214541_397395.txt,1,1,8.0,0.0,-0.8429,0.0
wastesorting,04,1493522614,ours,value_when,experiments_logs/analysis_recent/when_what_policy_ablation_20260921/00_raw/wastesorting/scene_04/ours/run_24_seed_1493522614/exp_wastesorting_20260921_014553_795298.txt,experiments_logs/analysis_recent/when_what_policy_ablation_20260921/00_raw/wastesorting/scene_04/value_when/run_24_seed_1493522614/exp_wastesorting_20260921_214550_726881.txt,1,1,7.0,-1.0,-0.7381,-15.0
wastesorting,04,1518896079,ours,value_when,experiments_logs/analysis_recent/when_what_policy_ablation_20260921/00_raw/wastesorting/scene_04/ours/run_28_seed_1518896079/exp_wastesorting_20260921_014559_629519.txt,experiments_logs/analysis_recent/when_what_policy_ablation_20260921/00_raw/wastesorting/scene_04/value_when/run_28_seed_1518896079/exp_wastesorting_20260921_214557_314238.txt,1,1,8.0,-1.0,-0.7326999999999999,-15.0
wastesorting,04,1619001990,ours,value_when,experiments_logs/analysis_recent/when_what_policy_ablation_20260921/00_raw/wastesorting/scene_04/ours/run_21_seed_1619001990/exp_wastesorting_20260921_014549_397572.txt,experiments_logs/analysis_recent/when_what_policy_ablation_20260921/00_raw/wastesorting/scene_04/value_when/run_21_seed_1619001990/exp_wastesorting_20260921_214545_259277.txt,1,0,10.0,6.0,-0.09460000000000002,15.0
wastesorting,04,1783261924,ours,value_when,experiments_logs/analysis_recent/when_what_policy_ablation_20260921/00_raw/wastesorting/scene_04/ours/run_31_seed_1783261924/exp_wastesorting_20260921_014603_989780.txt,experiments_logs/analysis_recent/when_what_policy_ablation_20260921/00_raw/wastesorting/scene_04/value_when/run_31_seed_1783261924/exp_wastesorting_20260921_214601_214509.txt,1,1,6.0,0.0,-0.6285,0.0
wastesorting,04,1838985415,ours,value_when,experiments_logs/analysis_recent/when_what_policy_ablation_20260921/00_raw/wastesorting/scene_04/ours/run_02_seed_1838985415/exp_wastesorting_20260921_014521_828805.txt,experiments_logs/analysis_recent/when_what_policy_ablation_20260921/00_raw/wastesorting/scene_04/value_when/run_02_seed_1838985415/exp_wastesorting_20260921_214518_064507.txt,1,1,7.0,0.0,-0.7224,0.0
wastesorting,04,1852316728,ours,value_when,experiments_logs/analysis_recent/when_what_policy_ablation_20260921/00_raw/wastesorting/scene_04/ours/run_37_seed_1852316728/exp_wastesorting_20260921_014612_635975.txt,experiments_logs/analysis_recent/when_what_policy_ablation_20260921/00_raw/wastesorting/scene_04/value_when/run_37_seed_1852316728/exp_wastesorting_20260921_214611_397151.txt,1,1,8.0,0.0,-0.8002,0.0
wastesorting,04,1973069430,ours,value_when,experiments_logs/analysis_recent/when_what_policy_ablation_20260921/00_raw/wastesorting/scene_04/ours/run_03_seed_1973069430/exp_wastesorting_20260921_014523_267562.txt,experiments_logs/analysis_recent/when_what_policy_ablation_20260921/00_raw/wastesorting/scene_04/value_when/run_03_seed_1973069430/exp_wastesorting_20260921_214519_948644.txt,1,1,6.0,-2.0,-0.8146999999999999,-20.0
wastesorting,04,2303938088,ours,value_when,experiments_logs/analysis_recent/when_what_policy_ablation_20260921/00_raw/wastesorting/scene_04/ours/run_30_seed_2303938088/exp_wastesorting_20260921_014602_562679.txt,experiments_logs/analysis_recent/when_what_policy_ablation_20260921/00_raw/wastesorting/scene_04/value_when/run_30_seed_2303938088/exp_wastesorting_20260921_214559_541711.txt,1,0,9.0,5.0,-0.14519999999999988,25.0
wastesorting,04,2350780499,ours,value_when,experiments_logs/analysis_recent/when_what_policy_ablation_20260921/00_raw/wastesorting/scene_04/ours/run_06_seed_2350780499/exp_wastesorting_20260921_014527_558093.txt,experiments_logs/analysis_recent/when_what_policy_ablation_20260921/00_raw/wastesorting/scene_04/value_when/run_06_seed_2350780499/exp_wastesorting_20260921_214524_262165.txt,1,1,6.0,0.0,-0.6868,0.0
wastesorting,04,2401657902,ours,value_when,experiments_logs/analysis_recent/when_what_policy_ablation_20260921/00_raw/wastesorting/scene_04/ours/run_07_seed_2401657902/exp_wastesorting_20260921_014529_001472.txt,experiments_logs/analysis_recent/when_what_policy_ablation_20260921/00_raw/wastesorting/scene_04/value_when/run_07_seed_2401657902/exp_wastesorting_20260921_214525_258764.txt,1,0,13.0,7.0,0.07400000000000007,30.0
wastesorting,04,2413410080,ours,value_when,experiments_logs/analysis_recent/when_what_policy_ablation_20260921/00_raw/wastesorting/scene_04/ours/run_19_seed_2413410080/exp_wastesorting_20260921_014546_499465.txt,experiments_logs/analysis_recent/when_what_policy_ablation_20260921/00_raw/wastesorting/scene_04/value_when/run_19_seed_2413410080/exp_wastesorting_20260921_214542_424756.txt,1,0,12.0,7.0,0.01629999999999998,15.0
wastesorting,04,2630099760,ours,value_when,experiments_logs/analysis_recent/when_what_policy_ablation_20260921/00_raw/wastesorting/scene_04/ours/run_26_seed_2630099760/exp_wastesorting_20260921_014556_668007.txt,experiments_logs/analysis_recent/when_what_policy_ablation_20260921/00_raw/wastesorting/scene_04/value_when/run_26_seed_2630099760/exp_wastesorting_20260921_214553_682305.txt,1,0,9.0,5.0,-0.17309999999999992,25.0
wastesorting,04,2877610580,ours,value_when,experiments_logs/analysis_recent/when_what_policy_ablation_20260921/00_raw/wastesorting/scene_04/ours/run_36_seed_2877610580/exp_wastesorting_20260921_014611_030098.txt,experiments_logs/analysis_recent/when_what_policy_ablation_20260921/00_raw/wastesorting/scene_04/value_when/run_36_seed_2877610580/exp_wastesorting_20260921_214609_365069.txt,1,1,7.0,-1.0,-0.7726,-15.0
wastesorting,04,2967203946,ours,value_when,experiments_logs/analysis_recent/when_what_policy_ablation_20260921/00_raw/wastesorting/scene_04/ours/run_40_seed_2967203946/exp_wastesorting_20260921_014617_330787.txt,experiments_logs/analysis_recent/when_what_policy_ablation_20260921/00_raw/wastesorting/scene_04/value_when/run_40_seed_2967203946/exp_wastesorting_20260921_214616_824984.txt,1,1,6.0,0.0,-0.6805000000000001,0.0
wastesorting,04,3110233099,ours,value_when,experiments_logs/analysis_recent/when_what_policy_ablation_20260921/00_raw/wastesorting/scene_04/ours/run_12_seed_3110233099/exp_wastesorting_20260921_014536_309975.txt,experiments_logs/analysis_recent/when_what_policy_ablation_20260921/00_raw/wastesorting/scene_04/value_when/run_12_seed_3110233099/exp_wastesorting_20260921_214532_091080.txt,1,0,12.0,8.0,0.1291,30.0
wastesorting,04,3182553066,ours,value_when,experiments_logs/analysis_recent/when_what_policy_ablation_20260921/00_raw/wastesorting/scene_04/ours/run_08_seed_3182553066/exp_wastesorting_20260921_014530_489282.txt,experiments_logs/analysis_recent/when_what_policy_ablation_20260921/00_raw/wastesorting/scene_04/value_when/run_08_seed_3182553066/exp_wastesorting_20260921_214526_447365.txt,1,0,9.0,7.0,-0.07800000000000007,15.0
wastesorting,04,3201562577,ours,value_when,experiments_logs/analysis_recent/when_what_policy_ablation_20260921/00_raw/wastesorting/scene_04/ours/run_05_seed_3201562577/exp_wastesorting_20260921_014526_123245.txt,experiments_logs/analysis_recent/when_what_policy_ablation_20260921/00_raw/wastesorting/scene_04/value_when/run_05_seed_3201562577/exp_wastesorting_20260921_214522_515328.txt,1,0,8.0,7.0,0.021199999999999997,30.0
wastesorting,04,3291161639,ours,value_when,experiments_logs/analysis_recent/when_what_policy_ablation_20260921/00_raw/wastesorting/scene_04/ours/run_01_seed_3291161639/exp_wastesorting_20260921_014520_343860.txt,experiments_logs/analysis_recent/when_what_policy_ablation_20260921/00_raw/wastesorting/scene_04/value_when/run_01_seed_3291161639/exp_wastesorting_20260921_214516_234098.txt,1,0,8.0,-1.0,-0.7273999999999999,0.0
wastesorting,04,3292785302,ours,value_when,experiments_logs/analysis_recent/when_what_policy_ablation_20260921/00_raw/wastesorting/scene_04/ours/run_35_seed_3292785302/exp_wastesorting_20260921_014609_655793.txt,experiments_logs/analysis_recent/when_what_policy_ablation_20260921/00_raw/wastesorting/scene_04/value_when/run_35_seed_3292785302/exp_wastesorting_20260921_214607_588530.txt,1,1,7.0,0.0,-0.6272000000000001,0.0
wastesorting,04,3310113005,ours,value_when,experiments_logs/analysis_recent/when_what_policy_ablation_20260921/00_raw/wastesorting/scene_04/ours/run_20_seed_3310113005/exp_wastesorting_20260921_014547_909583.txt,experiments_logs/analysis_recent/when_what_policy_ablation_20260921/00_raw/wastesorting/scene_04/value_when/run_20_seed_3310113005/exp_wastesorting_20260921_214544_049561.txt,1,0,7.0,0.0,-0.5891,5.0
wastesorting,04,3369209442,ours,value_when,experiments_logs/analysis_recent/when_what_policy_ablation_20260921/00_raw/wastesorting/scene_04/ours/run_16_seed_3369209442/exp_wastesorting_20260921_014542_040678.txt,experiments_logs/analysis_recent/when_what_policy_ablation_20260921/00_raw/wastesorting/scene_04/value_when/run_16_seed_3369209442/exp_wastesorting_20260921_214537_577187.txt,1,0,12.0,8.0,0.09519999999999995,30.0
wastesorting,04,3414205865,ours,value_when,experiments_logs/analysis_recent/when_what_policy_ablation_20260921/00_raw/wastesorting/scene_04/ours/run_22_seed_3414205865/exp_wastesorting_20260921_014550_891722.txt,experiments_logs/analysis_recent/when_what_policy_ablation_20260921/00_raw/wastesorting/scene_04/value_when/run_22_seed_3414205865/exp_wastesorting_20260921_214547_159410.txt,1,1,6.0,0.0,-0.7796000000000001,0.0
wastesorting,04,3576324234,ours,value_when,experiments_logs/analysis_recent/when_what_policy_ablation_20260921/00_raw/wastesorting/scene_04/ours/run_33_seed_3576324234/exp_wastesorting_20260921_014606_746574.txt,experiments_logs/analysis_recent/when_what_policy_ablation_20260921/00_raw/wastesorting/scene_04/value_when/run_33_seed_3576324234/exp_wastesorting_20260921_214604_623551.txt,1,1,6.0,0.0,-0.6881,0.0
wastesorting,04,3692021791,ours,value_when,experiments_logs/analysis_recent/when_what_policy_ablation_20260921/00_raw/wastesorting/scene_04/ours/run_17_seed_3692021791/exp_wastesorting_20260921_014543_451002.txt,experiments_logs/analysis_recent/when_what_policy_ablation_20260921/00_raw/wastesorting/scene_04/value_when/run_17_seed_3692021791/exp_wastesorting_20260921_214539_297995.txt,1,1,6.0,0.0,-0.6831999999999999,0.0
wastesorting,04,3718837247,ours,value_when,experiments_logs/analysis_recent/when_what_policy_ablation_20260921/00_raw/wastesorting/scene_04/ours/run_14_seed_3718837247/exp_wastesorting_20260921_014539_196410.txt,experiments_logs/analysis_recent/when_what_policy_ablation_20260921/00_raw/wastesorting/scene_04/value_when/run_14_seed_3718837247/exp_wastesorting_20260921_214535_655357.txt,1,1,6.0,0.0,-0.5957999999999999,0.0
wastesorting,04,3787165175,ours,value_when,experiments_logs/analysis_recent/when_what_policy_ablation_20260921/00_raw/wastesorting/scene_04/ours/run_27_seed_3787165175/exp_wastesorting_20260921_014558_122896.txt,experiments_logs/analysis_recent/when_what_policy_ablation_20260921/00_raw/wastesorting/scene_04/value_when/run_27_seed_3787165175/exp_wastesorting_20260921_214555_456052.txt,1,0,7.0,-1.0,-0.707,15.0
wastesorting,04,3966743771,ours,value_when,experiments_logs/analysis_recent/when_what_policy_ablation_20260921/00_raw/wastesorting/scene_04/ours/run_34_seed_3966743771/exp_wastesorting_20260921_014608_190937.txt,experiments_logs/analysis_recent/when_what_policy_ablation_20260921/00_raw/wastesorting/scene_04/value_when/run_34_seed_3966743771/exp_wastesorting_20260921_214605_879433.txt,1,0,10.0,5.0,-0.18699999999999994,10.0
wastesorting,04,3973487875,ours,value_when,experiments_logs/analysis_recent/when_what_policy_ablation_20260921/00_raw/wastesorting/scene_04/ours/run_32_seed_3973487875/exp_wastesorting_20260921_014605_376363.txt,experiments_logs/analysis_recent/when_what_policy_ablation_20260921/00_raw/wastesorting/scene_04/value_when/run_32_seed_3973487875/exp_wastesorting_20260921_214602_937285.txt,1,1,6.0,0.0,-0.7008000000000001,0.0
wastesorting,04,3989924643,ours,value_when,experiments_logs/analysis_recent/when_what_policy_ablation_20260921/00_raw/wastesorting/scene_04/ours/run_23_seed_3989924643/exp_wastesorting_20260921_014552_350654.txt,experiments_logs/analysis_recent/when_what_policy_ablation_20260921/00_raw/wastesorting/scene_04/value_when/run_23_seed_3989924643/exp_wastesorting_20260921_214548_924593.txt,1,1,8.0,0.0,-0.6781999999999999,0.0
wastesorting,04,414427021,ours,value_when,experiments_logs/analysis_recent/when_what_policy_ablation_20260921/00_raw/wastesorting/scene_04/ours/run_04_seed_414427021/exp_wastesorting_20260921_014524_714595.txt,experiments_logs/analysis_recent/when_what_policy_ablation_20260921/00_raw/wastesorting/scene_04/value_when/run_04_seed_414427021/exp_wastesorting_20260921_214521_499864.txt,1,0,7.0,2.0,-0.46510000000000007,5.0
wastesorting,04,4193229496,ours,value_when,experiments_logs/analysis_recent/when_what_policy_ablation_20260921/00_raw/wastesorting/scene_04/ours/run_15_seed_4193229496/exp_wastesorting_20260921_014540_608479.txt,experiments_logs/analysis_recent/when_what_policy_ablation_20260921/00_raw/wastesorting/scene_04/value_when/run_15_seed_4193229496/exp_wastesorting_20260921_214536_607123.txt,1,0,10.0,7.0,0.07800000000000007,30.0
wastesorting,04,472386282,ours,value_when,experiments_logs/analysis_recent/when_what_policy_ablation_20260921/00_raw/wastesorting/scene_04/ours/run_10_seed_472386282/exp_wastesorting_20260921_014533_461969.txt,experiments_logs/analysis_recent/when_what_policy_ablation_20260921/00_raw/wastesorting/scene_04/value_when/run_10_seed_472386282/exp_wastesorting_20260921_214529_413044.txt,1,0,10.0,6.0,-0.3259000000000001,25.0
wastesorting,04,506359200,ours,value_when,experiments_logs/analysis_recent/when_what_policy_ablation_20260921/00_raw/wastesorting/scene_04/ours/run_29_seed_506359200/exp_wastesorting_20260921_014601_080559.txt,experiments_logs/analysis_recent/when_what_policy_ablation_20260921/00_raw/wastesorting/scene_04/value_when/run_29_seed_506359200/exp_wastesorting_20260921_214558_292381.txt,1,0,10.0,7.0,0.0948,30.0
wastesorting,04,558605806,ours,value_when,experiments_logs/analysis_recent/when_what_policy_ablation_20260921/00_raw/wastesorting/scene_04/ours/run_11_seed_558605806/exp_wastesorting_20260921_014534_851259.txt,experiments_logs/analysis_recent/when_what_policy_ablation_20260921/00_raw/wastesorting/scene_04/value_when/run_11_seed_558605806/exp_wastesorting_20260921_214531_135181.txt,1,1,6.0,0.0,-0.7016000000000001,0.0
wastesorting,05,1045529480,ours,value_when,experiments_logs/analysis_recent/when_what_policy_ablation_20260921/00_raw/wastesorting/scene_05/ours/run_27_seed_1045529480/exp_wastesorting_20260921_014657_036446.txt,experiments_logs/analysis_recent/when_what_policy_ablation_20260921/00_raw/wastesorting/scene_05/value_when/run_27_seed_1045529480/exp_wastesorting_20260921_214700_154413.txt,1,0,7.0,0.0,-0.8540000000000001,15.0
wastesorting,05,1045924611,ours,value_when,experiments_logs/analysis_recent/when_what_policy_ablation_20260921/00_raw/wastesorting/scene_05/ours/run_22_seed_1045924611/exp_wastesorting_20260921_014649_503008.txt,experiments_logs/analysis_recent/when_what_policy_ablation_20260921/00_raw/wastesorting/scene_05/value_when/run_22_seed_1045924611/exp_wastesorting_20260921_214651_116184.txt,1,0,11.0,3.0,-0.43799999999999994,20.0
wastesorting,05,1159978775,ours,value_when,experiments_logs/analysis_recent/when_what_policy_ablation_20260921/00_raw/wastesorting/scene_05/ours/run_18_seed_1159978775/exp_wastesorting_20260921_014643_460021.txt,experiments_logs/analysis_recent/when_what_policy_ablation_20260921/00_raw/wastesorting/scene_05/value_when/run_18_seed_1159978775/exp_wastesorting_20260921_214644_612554.txt,1,1,6.0,0.0,-0.7003,0.0
wastesorting,05,1253677920,ours,value_when,experiments_logs/analysis_recent/when_what_policy_ablation_20260921/00_raw/wastesorting/scene_05/ours/run_24_seed_1253677920/exp_wastesorting_20260921_014652_430872.txt,experiments_logs/analysis_recent/when_what_policy_ablation_20260921/00_raw/wastesorting/scene_05/value_when/run_24_seed_1253677920/exp_wastesorting_20260921_214654_442865.txt,1,1,6.0,0.0,-0.5547,0.0
wastesorting,05,1280378645,ours,value_when,experiments_logs/analysis_recent/when_what_policy_ablation_20260921/00_raw/wastesorting/scene_05/ours/run_04_seed_1280378645/exp_wastesorting_20260921_014623_194619.txt,experiments_logs/analysis_recent/when_what_policy_ablation_20260921/00_raw/wastesorting/scene_05/value_when/run_04_seed_1280378645/exp_wastesorting_20260921_214622_588806.txt,1,1,8.0,0.0,-0.7341,0.0
wastesorting,05,1380997039,ours,value_when,experiments_logs/analysis_recent/when_what_policy_ablation_20260921/00_raw/wastesorting/scene_05/ours/run_34_seed_1380997039/exp_wastesorting_20260921_014707_025526.txt,experiments_logs/analysis_recent/when_what_policy_ablation_20260921/00_raw/wastesorting/scene_05/value_when/run_34_seed_1380997039/exp_wastesorting_20260921_214710_949343.txt,1,1,6.0,0.0,-0.6488,0.0
wastesorting,05,1489971784,ours,value_when,experiments_logs/analysis_recent/when_what_policy_ablation_20260921/00_raw/wastesorting/scene_05/ours/run_06_seed_1489971784/exp_wastesorting_20260921_014626_078427.txt,experiments_logs/analysis_recent/when_what_policy_ablation_20260921/00_raw/wastesorting/scene_05/value_when/run_06_seed_1489971784/exp_wastesorting_20260921_214626_258375.txt,1,1,6.0,0.0,-0.7015999999999999,0.0
wastesorting,05,1668817081,ours,value_when,experiments_logs/analysis_recent/when_what_policy_ablation_20260921/00_raw/wastesorting/scene_05/ours/run_32_seed_1668817081/exp_wastesorting_20260921_014704_243160.txt,experiments_logs/analysis_recent/when_what_policy_ablation_20260921/00_raw/wastesorting/scene_05/value_when/run_32_seed_1668817081/exp_wastesorting_20260921_214707_658203.txt,1,1,6.0,0.0,-0.614,0.0
wastesorting,05,1980913558,ours,value_when,experiments_logs/analysis_recent/when_what_policy_ablation_20260921/00_raw/wastesorting/scene_05/ours/run_37_seed_1980913558/exp_wastesorting_20260921_014711_235056.txt,experiments_logs/analysis_recent/when_what_policy_ablation_20260921/00_raw/wastesorting/scene_05/value_when/run_37_seed_1980913558/exp_wastesorting_20260921_214714_991884.txt,1,0,8.0,2.0,-0.4184000000000001,20.0
wastesorting,05,2300990510,ours,value_when,experiments_logs/analysis_recent/when_what_policy_ablation_20260921/00_raw/wastesorting/scene_05/ours/run_35_seed_2300990510/exp_wastesorting_20260921_014708_411935.txt,experiments_logs/analysis_recent/when_what_policy_ablation_20260921/00_raw/wastesorting/scene_05/value_when/run_35_seed_2300990510/exp_wastesorting_20260921_214712_608165.txt,1,1,7.0,0.0,-0.6426000000000001,0.0
wastesorting,05,230996701,ours,value_when,experiments_logs/analysis_recent/when_what_policy_ablation_20260921/00_raw/wastesorting/scene_05/ours/run_29_seed_230996701/exp_wastesorting_20260921_014659_938240.txt,experiments_logs/analysis_recent/when_what_policy_ablation_20260921/00_raw/wastesorting/scene_05/value_when/run_29_seed_230996701/exp_wastesorting_20260921_214702_606371.txt,1,0,14.0,10.0,0.0808000000000001,15.0
wastesorting,05,2624923704,ours,value_when,experiments_logs/analysis_recent/when_what_policy_ablation_20260921/00_raw/wastesorting/scene_05/ours/run_09_seed_2624923704/exp_wastesorting_20260921_014630_375465.txt,experiments_logs/analysis_recent/when_what_policy_ablation_20260921/00_raw/wastesorting/scene_05/value_when/run_09_seed_2624923704/exp_wastesorting_20260921_214630_640882.txt,1,1,6.0,0.0,-0.6720999999999999,0.0
wastesorting,05,2645731214,ours,value_when,experiments_logs/analysis_recent/when_what_policy_ablation_20260921/00_raw/wastesorting/scene_05/ours/run_36_seed_2645731214/exp_wastesorting_20260921_014709_827166.txt,experiments_logs/analysis_recent/when_what_policy_ablation_20260921/00_raw/wastesorting/scene_05/value_when/run_36_seed_2645731214/exp_wastesorting_20260921_214713_548449.txt,1,0,11.0,7.0,0.07669999999999999,10.0
wastesorting,05,2666206818,ours,value_when,experiments_logs/analysis_recent/when_what_policy_ablation_20260921/00_raw/wastesorting/scene_05/ours/run_14_seed_2666206818/exp_wastesorting_20260921_014637_652489.txt,experiments_logs/analysis_recent/when_what_policy_ablation_20260921/00_raw/wastesorting/scene_05/value_when/run_14_seed_2666206818/exp_wastesorting_20260921_214638_101842.txt,1,0,9.0,5.0,-0.26849999999999996,25.0
wastesorting,05,2681637189,ours,value_when,experiments_logs/analysis_recent/when_what_policy_ablation_20260921/00_raw/wastesorting/scene_05/ours/run_15_seed_2681637189/exp_wastesorting_20260921_014639_052987.txt,experiments_logs/analysis_recent/when_what_policy_ablation_20260921/00_raw/wastesorting/scene_05/value_when/run_15_seed_2681637189/exp_wastesorting_20260921_214639_828703.txt,1,1,7.0,-1.0,-0.6938,-15.0
wastesorting,05,2741241943,ours,value_when,experiments_logs/analysis_recent/when_what_policy_ablation_20260921/00_raw/wastesorting/scene_05/ours/run_40_seed_2741241943/exp_wastesorting_20260921_014715_492508.txt,experiments_logs/analysis_recent/when_what_policy_ablation_20260921/00_raw/wastesorting/scene_05/value_when/run_40_seed_2741241943/exp_wastesorting_20260921_214719_092179.txt,1,0,9.0,5.0,-0.16389999999999993,25.0
wastesorting,05,2875578355,ours,value_when,experiments_logs/analysis_recent/when_what_policy_ablation_20260921/00_raw/wastesorting/scene_05/ours/run_28_seed_2875578355/exp_wastesorting_20260921_014658_451935.txt,experiments_logs/analysis_recent/when_what_policy_ablation_20260921/00_raw/wastesorting/scene_05/value_when/run_28_seed_2875578355/exp_wastesorting_20260921_214701_573006.txt,1,0,12.0,3.0,-0.37339999999999995,5.0
wastesorting,05,3130661448,ours,value_when,experiments_logs/analysis_recent/when_what_policy_ablation_20260921/00_raw/wastesorting/scene_05/ours/run_10_seed_3130661448/exp_wastesorting_20260921_014631_824961.txt,experiments_logs/analysis_recent/when_what_policy_ablation_20260921/00_raw/wastesorting/scene_05/value_when/run_10_seed_3130661448/exp_wastesorting_20260921_214631_787208.txt,1,0,9.0,7.0,-0.07250000000000001,15.0
wastesorting,05,3215763495,ours,value_when,experiments_logs/analysis_recent/when_what_policy_ablation_20260921/00_raw/wastesorting/scene_05/ours/run_21_seed_3215763495/exp_wastesorting_20260921_014647_892579.txt,experiments_logs/analysis_recent/when_what_policy_ablation_20260921/00_raw/wastesorting/scene_05/value_when/run_21_seed_3215763495/exp_wastesorting_20260921_214649_445956.txt,1,1,6.0,0.0,-0.6381,0.0
wastesorting,05,3225313600,ours,value_when,experiments_logs/analysis_recent/when_what_policy_ablation_20260921/00_raw/wastesorting/scene_05/ours/run_33_seed_3225313600/exp_wastesorting_20260921_014705_624761.txt,experiments_logs/analysis_recent/when_what_policy_ablation_20260921/00_raw/wastesorting/scene_05/value_when/run_33_seed_3225313600/exp_wastesorting_20260921_214709_286351.txt,1,1,6.0,0.0,-0.6304000000000001,0.0
wastesorting,05,3351623416,ours,value_when,experiments_logs/analysis_recent/when_what_policy_ablation_20260921/00_raw/wastesorting/scene_05/ours/run_20_seed_3351623416/exp_wastesorting_20260921_014646_498392.txt,experiments_logs/analysis_recent/when_what_policy_ablation_20260921/00_raw/wastesorting/scene_05/value_when/run_20_seed_3351623416/exp_wastesorting_20260921_214647_785661.txt,1,0,11.0,8.0,0.028800000000000048,30.0
wastesorting,05,3520141308,ours,value_when,experiments_logs/analysis_recent/when_what_policy_ablation_20260921/00_raw/wastesorting/scene_05/ours/run_07_seed_3520141308/exp_wastesorting_20260921_014627_536285.txt,experiments_logs/analysis_recent/when_what_policy_ablation_20260921/00_raw/wastesorting/scene_05/value_when/run_07_seed_3520141308/exp_wastesorting_20260921_214627_307337.txt,1,0,12.0,8.0,0.03049999999999997,15.0
wastesorting,05,3537170530,ours,value_when,experiments_logs/analysis_recent/when_what_policy_ablation_20260921/00_raw/wastesorting/scene_05/ours/run_03_seed_3537170530/exp_wastesorting_20260921_014621_719440.txt,experiments_logs/analysis_recent/when_what_policy_ablation_20260921/00_raw/wastesorting/scene_05/value_when/run_03_seed_3537170530/exp_wastesorting_20260921_214620_750944.txt,1,1,5.0,0.0,-0.6566000000000001,0.0
wastesorting,05,3586644066,ours,value_when,experiments_logs/analysis_recent/when_what_policy_ablation_20260921/00_raw/wastesorting/scene_05/ours/run_16_seed_3586644066/exp_wastesorting_20260921_014640_487904.txt,experiments_logs/analysis_recent/when_what_policy_ablation_20260921/00_raw/wastesorting/scene_05/value_when/run_16_seed_3586644066/exp_wastesorting_20260921_214641_031474.txt,1,0,10.0,6.0,-0.13250000000000006,10.0
wastesorting,05,3622248746,ours,value_when,experiments_logs/analysis_recent/when_what_policy_ablation_20260921/00_raw/wastesorting/scene_05/ours/run_11_seed_3622248746/exp_wastesorting_20260921_014633_249434.txt,experiments_logs/analysis_recent/when_what_policy_ablation_20260921/00_raw/wastesorting/scene_05/value_when/run_11_seed_3622248746/exp_wastesorting_20260921_214633_534526.txt,1,1,6.0,0.0,-0.6980000000000001,0.0
wastesorting,05,3656925474,ours,value_when,experiments_logs/analysis_recent/when_what_policy_ablation_20260921/00_raw/wastesorting/scene_05/ours/run_05_seed_3656925474/exp_wastesorting_20260921_014624_682312.txt,experiments_logs/analysis_recent/when_what_policy_ablation_20260921/00_raw/wastesorting/scene_05/value_when/run_05_seed_3656925474/exp_wastesorting_20260921_214624_533411.txt,1,1,4.0,0.0,-0.8315999999999999,0.0
wastesorting,05,3677160998,ours,value_when,experiments_logs/analysis_recent/when_what_policy_ablation_20260921/00_raw/wastesorting/scene_05/ours/run_17_seed_3677160998/exp_wastesorting_20260921_014641_986540.txt,experiments_logs/analysis_recent/when_what_policy_ablation_20260921/00_raw/wastesorting/scene_05/value_when/run_17_seed_3677160998/exp_wastesorting_20260921_214642_806262.txt,1,1,7.0,0.0,-0.6423000000000001,0.0
wastesorting,05,3690243405,ours,value_when,experiments_logs/analysis_recent/when_what_policy_ablation_20260921/00_raw/wastesorting/scene_05/ours/run_13_seed_3690243405/exp_wastesorting_20260921_014636_158259.txt,experiments_logs/analysis_recent/when_what_policy_ablation_20260921/00_raw/wastesorting/scene_05/value_when/run_13_seed_3690243405/exp_wastesorting_20260921_214636_715228.txt,1,0,8.0,4.0,-0.3506999999999999,20.0
wastesorting,05,382724118,ours,value_when,experiments_logs/analysis_recent/when_what_policy_ablation_20260921/00_raw/wastesorting/scene_05/ours/run_25_seed_382724118/exp_wastesorting_20260921_014654_102992.txt,experiments_logs/analysis_recent/when_what_policy_ablation_20260921/00_raw/wastesorting/scene_05/value_when/run_25_seed_382724118/exp_wastesorting_20260921_214656_517026.txt,1,1,8.0,0.0,-0.7735999999999998,0.0
wastesorting,05,3979866682,ours,value_when,experiments_logs/analysis_recent/when_what_policy_ablation_20260921/00_raw/wastesorting/scene_05/ours/run_39_seed_3979866682/exp_wastesorting_20260921_014714_098295.txt,experiments_logs/analysis_recent/when_what_policy_ablation_20260921/00_raw/wastesorting/scene_05/value_when/run_39_seed_3979866682/exp_wastesorting_20260921_214717_906012.txt,1,0,8.0,6.0,-0.1520999999999999,25.0
wastesorting,05,4060354637,ours,value_when,experiments_logs/analysis_recent/when_what_policy_ablation_20260921/00_raw/wastesorting/scene_05/ours/run_38_seed_4060354637/exp_wastesorting_20260921_014712_666468.txt,experiments_logs/analysis_recent/when_what_policy_ablation_20260921/00_raw/wastesorting/scene_05/value_when/run_38_seed_4060354637/exp_wastesorting_20260921_214716_696559.txt,1,1,6.0,0.0,-0.6401000000000001,0.0
wastesorting,05,4085569034,ours,value_when,experiments_logs/analysis_recent/when_what_policy_ablation_20260921/00_raw/wastesorting/scene_05/ours/run_26_seed_4085569034/exp_wastesorting_20260921_014655_507610.txt,experiments_logs/analysis_recent/when_what_policy_ablation_20260921/00_raw/wastesorting/scene_05/value_when/run_26_seed_4085569034/exp_wastesorting_20260921_214658_148279.txt,1,1,4.0,0.0,-0.6044999999999999,0.0
wastesorting,05,411692590,ours,value_when,experiments_logs/analysis_recent/when_what_policy_ablation_20260921/00_raw/wastesorting/scene_05/ours/run_08_seed_411692590/exp_wastesorting_20260921_014628_978445.txt,experiments_logs/analysis_recent/when_what_policy_ablation_20260921/00_raw/wastesorting/scene_05/value_when/run_08_seed_411692590/exp_wastesorting_20260921_214628_954954.txt,1,1,6.0,0.0,-0.5963,0.0
wastesorting,05,4128091398,ours,value_when,experiments_logs/analysis_recent/when_what_policy_ablation_20260921/00_raw/wastesorting/scene_05/ours/run_19_seed_4128091398/exp_wastesorting_20260921_014645_069886.txt,experiments_logs/analysis_recent/when_what_policy_ablation_20260921/00_raw/wastesorting/scene_05/value_when/run_19_seed_4128091398/exp_wastesorting_20260921_214646_766803.txt,1,1,6.0,0.0,-0.9253,0.0
wastesorting,05,4259545291,ours,value_when,experiments_logs/analysis_recent/when_what_policy_ablation_20260921/00_raw/wastesorting/scene_05/ours/run_30_seed_4259545291/exp_wastesorting_20260921_014701_421119.txt,experiments_logs/analysis_recent/when_what_policy_ablation_20260921/00_raw/wastesorting/scene_05/value_when/run_30_seed_4259545291/exp_wastesorting_20260921_214704_318518.txt,1,0,8.0,1.0,-0.6015,0.0
wastesorting,05,435659992,ours,value_when,experiments_logs/analysis_recent/when_what_policy_ablation_20260921/00_raw/wastesorting/scene_05/ours/run_02_seed_435659992/exp_wastesorting_20260921_014620_318175.txt,experiments_logs/analysis_recent/when_what_policy_ablation_20260921/00_raw/wastesorting/scene_05/value_when/run_02_seed_435659992/exp_wastesorting_20260921_214619_077187.txt,1,0,11.0,8.0,0.13480000000000003,30.0
wastesorting,05,449704548,ours,value_when,experiments_logs/analysis_recent/when_what_policy_ablation_20260921/00_raw/wastesorting/scene_05/ours/run_23_seed_449704548/exp_wastesorting_20260921_014650_918491.txt,experiments_logs/analysis_recent/when_what_policy_ablation_20260921/00_raw/wastesorting/scene_05/value_when/run_23_seed_449704548/exp_wastesorting_20260921_214652_760200.txt,1,1,6.0,0.0,-0.6164000000000001,0.0
wastesorting,05,600649243,ours,value_when,experiments_logs/analysis_recent/when_what_policy_ablation_20260921/00_raw/wastesorting/scene_05/ours/run_12_seed_600649243/exp_wastesorting_20260921_014634_689631.txt,experiments_logs/analysis_recent/when_what_policy_ablation_20260921/00_raw/wastesorting/scene_05/value_when/run_12_seed_600649243/exp_wastesorting_20260921_214635_266723.txt,1,1,7.0,0.0,-0.6546,0.0
wastesorting,05,630828154,ours,value_when,experiments_logs/analysis_recent/when_what_policy_ablation_20260921/00_raw/wastesorting/scene_05/ours/run_01_seed_630828154/exp_wastesorting_20260921_014618_784952.txt,experiments_logs/analysis_recent/when_what_policy_ablation_20260921/00_raw/wastesorting/scene_05/value_when/run_01_seed_630828154/exp_wastesorting_20260921_214618_061639.txt,1,0,8.0,5.0,-0.15780000000000005,25.0
wastesorting,05,671361218,ours,value_when,experiments_logs/analysis_recent/when_what_policy_ablation_20260921/00_raw/wastesorting/scene_05/ours/run_31_seed_671361218/exp_wastesorting_20260921_014702_823010.txt,experiments_logs/analysis_recent/when_what_policy_ablation_20260921/00_raw/wastesorting/scene_05/value_when/run_31_seed_671361218/exp_wastesorting_20260921_214706_005661.txt,1,1,6.0,0.0,-0.6561,0.0
wastesorting,01,1062380405,ours,value_what,experiments_logs/analysis_recent/when_what_policy_ablation_20260921/00_raw/wastesorting/scene_01/ours/run_24_seed_1062380405/exp_wastesorting_20260921_014300_079598.txt,experiments_logs/analysis_recent/when_what_policy_ablation_20260921/00_raw/wastesorting/scene_01/value_what/run_24_seed_1062380405/exp_wastesorting_20260921_215619_427608.txt,1,1,-10.0,-1.0,-2.2058999999999997,-15.0
wastesorting,01,1147340016,ours,value_what,experiments_logs/analysis_recent/when_what_policy_ablation_20260921/00_raw/wastesorting/scene_01/ours/run_29_seed_1147340016/exp_wastesorting_20260921_014307_877362.txt,experiments_logs/analysis_recent/when_what_policy_ablation_20260921/00_raw/wastesorting/scene_01/value_what/run_29_seed_1147340016/exp_wastesorting_20260921_215632_423018.txt,1,1,-4.0,0.0,-1.2391,0.0
wastesorting,01,1201660994,ours,value_what,experiments_logs/analysis_recent/when_what_policy_ablation_20260921/00_raw/wastesorting/scene_01/ours/run_18_seed_1201660994/exp_wastesorting_20260921_014250_637730.txt,experiments_logs/analysis_recent/when_what_policy_ablation_20260921/00_raw/wastesorting/scene_01/value_what/run_18_seed_1201660994/exp_wastesorting_20260921_215602_175888.txt,1,1,-7.0,0.0,-2.4554,0.0
wastesorting,01,1421291149,ours,value_what,experiments_logs/analysis_recent/when_what_policy_ablation_20260921/00_raw/wastesorting/scene_01/ours/run_17_seed_1421291149/exp_wastesorting_20260921_014249_056674.txt,experiments_logs/analysis_recent/when_what_policy_ablation_20260921/00_raw/wastesorting/scene_01/value_what/run_17_seed_1421291149/exp_wastesorting_20260921_215558_515820.txt,1,1,-2.0,0.0,-1.8522,0.0
wastesorting,01,1446821692,ours,value_what,experiments_logs/analysis_recent/when_what_policy_ablation_20260921/00_raw/wastesorting/scene_01/ours/run_07_seed_1446821692/exp_wastesorting_20260921_014232_716409.txt,experiments_logs/analysis_recent/when_what_policy_ablation_20260921/00_raw/wastesorting/scene_01/value_what/run_07_seed_1446821692/exp_wastesorting_20260921_215531_545459.txt,1,1,-4.0,0.0,-1.3158,0.0
wastesorting,01,1469124930,ours,value_what,experiments_logs/analysis_recent/when_what_policy_ablation_20260921/00_raw/wastesorting/scene_01/ours/run_12_seed_1469124930/exp_wastesorting_20260921_014240_880126.txt,experiments_logs/analysis_recent/when_what_policy_ablation_20260921/00_raw/wastesorting/scene_01/value_what/run_12_seed_1469124930/exp_wastesorting_20260921_215545_441301.txt,1,1,-6.0,-1.0,-1.8889999999999998,-15.0
wastesorting,01,1753239905,ours,value_what,experiments_logs/analysis_recent/when_what_policy_ablation_20260921/00_raw/wastesorting/scene_01/ours/run_14_seed_1753239905/exp_wastesorting_20260921_014244_147904.txt,experiments_logs/analysis_recent/when_what_policy_ablation_20260921/00_raw/wastesorting/scene_01/value_what/run_14_seed_1753239905/exp_wastesorting_20260921_215549_577856.txt,1,1,-2.0,1.0,-0.7927000000000002,20.0
wastesorting,01,2062582486,ours,value_what,experiments_logs/analysis_recent/when_what_policy_ablation_20260921/00_raw/wastesorting/scene_01/ours/run_36_seed_2062582486/exp_wastesorting_20260921_014318_897989.txt,experiments_logs/analysis_recent/when_what_policy_ablation_20260921/00_raw/wastesorting/scene_01/value_what/run_36_seed_2062582486/exp_wastesorting_20260921_215650_928924.txt,1,1,-5.0,-1.0,-1.9657000000000002,-15.0
wastesorting,01,221659181,ours,value_what,experiments_logs/analysis_recent/when_what_policy_ablation_20260921/00_raw/wastesorting/scene_01/ours/run_22_seed_221659181/exp_wastesorting_20260921_014256_811178.txt,experiments_logs/analysis_recent/when_what_policy_ablation_20260921/00_raw/wastesorting/scene_01/value_what/run_22_seed_221659181/exp_wastesorting_20260921_215613_706454.txt,1,1,-7.0,0.0,-2.2939,0.0
wastesorting,01,2226680570,ours,value_what,experiments_logs/analysis_recent/when_what_policy_ablation_20260921/00_raw/wastesorting/scene_01/ours/run_04_seed_2226680570/exp_wastesorting_20260921_014227_984304.txt,experiments_logs/analysis_recent/when_what_policy_ablation_20260921/00_raw/wastesorting/scene_01/value_what/run_04_seed_2226680570/exp_wastesorting_20260921_215522_716731.txt,1,1,-6.0,0.0,-1.569,0.0
wastesorting,01,2258604627,ours,value_what,experiments_logs/analysis_recent/when_what_policy_ablation_20260921/00_raw/wastesorting/scene_01/ours/run_25_seed_2258604627/exp_wastesorting_20260921_014301_570092.txt,experiments_logs/analysis_recent/when_what_policy_ablation_20260921/00_raw/wastesorting/scene_01/value_what/run_25_seed_2258604627/exp_wastesorting_20260921_215622_312777.txt,1,1,-5.0,0.0,-1.7735000000000003,0.0
wastesorting,01,2295953812,ours,value_what,experiments_logs/analysis_recent/when_what_policy_ablation_20260921/00_raw/wastesorting/scene_01/ours/run_28_seed_2295953812/exp_wastesorting_20260921_014306_216011.txt,experiments_logs/analysis_recent/when_what_policy_ablation_20260921/00_raw/wastesorting/scene_01/value_what/run_28_seed_2295953812/exp_wastesorting_20260921_215629_898092.txt,1,1,-5.0,0.0,-1.4602,0.0
wastesorting,01,2310768630,ours,value_what,experiments_logs/analysis_recent/when_what_policy_ablation_20260921/00_raw/wastesorting/scene_01/ours/run_03_seed_2310768630/exp_wastesorting_20260921_014226_431269.txt,experiments_logs/analysis_recent/when_what_policy_ablation_20260921/00_raw/wastesorting/scene_01/value_what/run_03_seed_2310768630/exp_wastesorting_20260921_215519_959973.txt,1,1,-6.0,0.0,-2.0544000000000002,0.0
wastesorting,01,2566599462,ours,value_what,experiments_logs/analysis_recent/when_what_policy_ablation_20260921/00_raw/wastesorting/scene_01/ours/run_32_seed_2566599462/exp_wastesorting_20260921_014312_637676.txt,experiments_logs/analysis_recent/when_what_policy_ablation_20260921/00_raw/wastesorting/scene_01/value_what/run_32_seed_2566599462/exp_wastesorting_20260921_215640_525601.txt,1,1,-2.0,0.0,-1.1643,0.0
wastesorting,01,2732686114,ours,value_what,experiments_logs/analysis_recent/when_what_policy_ablation_20260921/00_raw/wastesorting/scene_01/ours/run_19_seed_2732686114/exp_wastesorting_20260921_014252_175459.txt,experiments_logs/analysis_recent/when_what_policy_ablation_20260921/00_raw/wastesorting/scene_01/value_what/run_19_seed_2732686114/exp_wastesorting_20260921_215604_904247.txt,1,1,-5.0,0.0,-1.5643999999999998,0.0
wastesorting,01,2829245352,ours,value_what,experiments_logs/analysis_recent/when_what_policy_ablation_20260921/00_raw/wastesorting/scene_01/ours/run_26_seed_2829245352/exp_wastesorting_20260921_014303_123743.txt,experiments_logs/analysis_recent/when_what_policy_ablation_20260921/00_raw/wastesorting/scene_01/value_what/run_26_seed_2829245352/exp_wastesorting_20260921_215624_544406.txt,1,1,0.0,-2.0,-1.058,-25.0
wastesorting,01,2855763027,ours,value_what,experiments_logs/analysis_recent/when_what_policy_ablation_20260921/00_raw/wastesorting/scene_01/ours/run_08_seed_2855763027/exp_wastesorting_20260921_014234_331603.txt,experiments_logs/analysis_recent/when_what_policy_ablation_20260921/00_raw/wastesorting/scene_01/value_what/run_08_seed_2855763027/exp_wastesorting_20260921_215534_446350.txt,1,1,-7.0,0.0,-1.6601,0.0
wastesorting,01,304491485,ours,value_what,experiments_logs/analysis_recent/when_what_policy_ablation_20260921/00_raw/wastesorting/scene_01/ours/run_11_seed_304491485/exp_wastesorting_20260921_014239_198519.txt,experiments_logs/analysis_recent/when_what_policy_ablation_20260921/00_raw/wastesorting/scene_01/value_what/run_11_seed_304491485/exp_wastesorting_20260921_215542_251015.txt,1,1,-3.0,0.0,-1.0905,0.0
wastesorting,01,3143992301,ours,value_what,experiments_logs/analysis_recent/when_what_policy_ablation_20260921/00_raw/wastesorting/scene_01/ours/run_10_seed_3143992301/exp_wastesorting_20260921_014237_632512.txt,experiments_logs/analysis_recent/when_what_policy_ablation_20260921/00_raw/wastesorting/scene_01/value_what/run_10_seed_3143992301/exp_wastesorting_20260921_215539_966907.txt,1,1,-8.0,0.0,-1.7273,0.0
wastesorting,01,3156193605,ours,value_what,experiments_logs/analysis_recent/when_what_policy_ablation_20260921/00_raw/wastesorting/scene_01/ours/run_39_seed_3156193605/exp_wastesorting_20260921_014323_498523.txt,experiments_logs/analysis_recent/when_what_policy_ablation_20260921/00_raw/wastesorting/scene_01/value_what/run_39_seed_3156193605/exp_wastesorting_20260921_215659_211020.txt,1,1,-6.0,0.0,-1.6666,0.0
wastesorting,01,3175035907,ours,value_what,experiments_logs/analysis_recent/when_what_policy_ablation_20260921/00_raw/wastesorting/scene_01/ours/run_38_seed_3175035907/exp_wastesorting_20260921_014321_984382.txt,experiments_logs/analysis_recent/when_what_policy_ablation_20260921/00_raw/wastesorting/scene_01/value_what/run_38_seed_3175035907/exp_wastesorting_20260921_215656_407210.txt,1,1,-3.0,-2.0,-1.34,-15.0
wastesorting,01,3176006814,ours,value_what,experiments_logs/analysis_recent/when_what_policy_ablation_20260921/00_raw/wastesorting/scene_01/ours/run_06_seed_3176006814/exp_wastesorting_20260921_014231_153801.txt,experiments_logs/analysis_recent/when_what_policy_ablation_20260921/00_raw/wastesorting/scene_01/value_what/run_06_seed_3176006814/exp_wastesorting_20260921_215529_038733.txt,1,1,-7.0,0.0,-2.1658999999999997,0.0
wastesorting,01,3267154761,ours,value_what,experiments_logs/analysis_recent/when_what_policy_ablation_20260921/00_raw/wastesorting/scene_01/ours/run_35_seed_3267154761/exp_wastesorting_20260921_014317_361486.txt,experiments_logs/analysis_recent/when_what_policy_ablation_20260921/00_raw/wastesorting/scene_01/value_what/run_35_seed_3267154761/exp_wastesorting_20260921_215647_799404.txt,1,1,-2.0,0.0,-0.8776999999999999,0.0
wastesorting,01,3276452260,ours,value_what,experiments_logs/analysis_recent/when_what_policy_ablation_20260921/00_raw/wastesorting/scene_01/ours/run_20_seed_3276452260/exp_wastesorting_20260921_014253_730560.txt,experiments_logs/analysis_recent/when_what_policy_ablation_20260921/00_raw/wastesorting/scene_01/value_what/run_20_seed_3276452260/exp_wastesorting_20260921_215607_720494.txt,1,1,-4.0,-1.0,-1.6290000000000002,-20.0
wastesorting,01,3622402991,ours,value_what,experiments_logs/analysis_recent/when_what_policy_ablation_20260921/00_raw/wastesorting/scene_01/ours/run_02_seed_3622402991/exp_wastesorting_20260921_014224_895172.txt,experiments_logs/analysis_recent/when_what_policy_ablation_20260921/00_raw/wastesorting/scene_01/value_what/run_02_seed_3622402991/exp_wastesorting_20260921_215516_739583.txt,1,1,-6.0,0.0,-1.2608,0.0
wastesorting,01,3656921932,ours,value_what,experiments_logs/analysis_recent/when_what_policy_ablation_20260921/00_raw/wastesorting/scene_01/ours/run_30_seed_3656921932/exp_wastesorting_20260921_014309_468091.txt,experiments_logs/analysis_recent/when_what_policy_ablation_20260921/00_raw/wastesorting/scene_01/value_what/run_30_seed_3656921932/exp_wastesorting_20260921_215635_305002.txt,1,1,-7.0,0.0,-1.6639,0.0
wastesorting,01,3722475659,ours,value_what,experiments_logs/analysis_recent/when_what_policy_ablation_20260921/00_raw/wastesorting/scene_01/ours/run_34_seed_3722475659/exp_wastesorting_20260921_014315_787398.txt,experiments_logs/analysis_recent/when_what_policy_ablation_20260921/00_raw/wastesorting/scene_01/value_what/run_34_seed_3722475659/exp_wastesorting_20260921_215645_727895.txt,1,1,0.0,0.0,-0.6708000000000001,0.0
wastesorting,01,3794435593,ours,value_what,experiments_logs/analysis_recent/when_what_policy_ablation_20260921/00_raw/wastesorting/scene_01/ours/run_23_seed_3794435593/exp_wastesorting_20260921_014258_471443.txt,experiments_logs/analysis_recent/when_what_policy_ablation_20260921/00_raw/wastesorting/scene_01/value_what/run_23_seed_3794435593/exp_wastesorting_20260921_215615_998667.txt,1,1,-3.0,0.0,-1.0196,0.0
wastesorting,01,3862245153,ours,value_what,experiments_logs/analysis_recent/when_what_policy_ablation_20260921/00_raw/wastesorting/scene_01/ours/run_40_seed_3862245153/exp_wastesorting_20260921_014325_143440.txt,experiments_logs/analysis_recent/when_what_policy_ablation_20260921/00_raw/wastesorting/scene_01/value_what/run_40_seed_3862245153/exp_wastesorting_20260921_215701_790300.txt,1,1,-5.0,-2.0,-1.3055999999999999,-15.0
wastesorting,01,3890046989,ours,value_what,experiments_logs/analysis_recent/when_what_policy_ablation_20260921/00_raw/wastesorting/scene_01/ours/run_15_seed_3890046989/exp_wastesorting_20260921_014245_880375.txt,experiments_logs/analysis_recent/when_what_policy_ablation_20260921/00_raw/wastesorting/scene_01/value_what/run_15_seed_3890046989/exp_wastesorting_20260921_215552_700734.txt,1,1,-5.0,0.0,-1.7584000000000002,-15.0
wastesorting,01,3904873952,ours,value_what,experiments_logs/analysis_recent/when_what_policy_ablation_20260921/00_raw/wastesorting/scene_01/ours/run_13_seed_3904873952/exp_wastesorting_20260921_014242_512411.txt,experiments_logs/analysis_recent/when_what_policy_ablation_20260921/00_raw/wastesorting/scene_01/value_what/run_13_seed_3904873952/exp_wastesorting_20260921_215547_513686.txt,1,1,-1.0,0.0,-0.8128000000000002,0.0
wastesorting,01,3940097250,ours,value_what,experiments_logs/analysis_recent/when_what_policy_ablation_20260921/00_raw/wastesorting/scene_01/ours/run_27_seed_3940097250/exp_wastesorting_20260921_014304_618251.txt,experiments_logs/analysis_recent/when_what_policy_ablation_20260921/00_raw/wastesorting/scene_01/value_what/run_27_seed_3940097250/exp_wastesorting_20260921_215627_210328.txt,1,1,-5.0,0.0,-1.5446000000000002,0.0
wastesorting,01,3987872288,ours,value_what,experiments_logs/analysis_recent/when_what_policy_ablation_20260921/00_raw/wastesorting/scene_01/ours/run_09_seed_3987872288/exp_wastesorting_20260921_014236_006707.txt,experiments_logs/analysis_recent/when_what_policy_ablation_20260921/00_raw/wastesorting/scene_01/value_what/run_09_seed_3987872288/exp_wastesorting_20260921_215536_986115.txt,1,1,-5.0,-2.0,-1.2424000000000002,-15.0
wastesorting,01,4001804605,ours,value_what,experiments_logs/analysis_recent/when_what_policy_ablation_20260921/00_raw/wastesorting/scene_01/ours/run_37_seed_4001804605/exp_wastesorting_20260921_014320_399285.txt,experiments_logs/analysis_recent/when_what_policy_ablation_20260921/00_raw/wastesorting/scene_01/value_what/run_37_seed_4001804605/exp_wastesorting_20260921_215653_855875.txt,1,1,-4.0,0.0,-1.7933999999999999,0.0
wastesorting,01,4016452800,ours,value_what,experiments_logs/analysis_recent/when_what_policy_ablation_20260921/00_raw/wastesorting/scene_01/ours/run_16_seed_4016452800/exp_wastesorting_20260921_014247_458172.txt,experiments_logs/analysis_recent/when_what_policy_ablation_20260921/00_raw/wastesorting/scene_01/value_what/run_16_seed_4016452800/exp_wastesorting_20260921_215555_447033.txt,1,1,0.0,0.0,-1.544,-20.0
wastesorting,01,4064545001,ours,value_what,experiments_logs/analysis_recent/when_what_policy_ablation_20260921/00_raw/wastesorting/scene_01/ours/run_01_seed_4064545001/exp_wastesorting_20260921_014223_186349.txt,experiments_logs/analysis_recent/when_what_policy_ablation_20260921/00_raw/wastesorting/scene_01/value_what/run_01_seed_4064545001/exp_wastesorting_20260921_215514_141875.txt,1,1,-6.0,0.0,-1.7340000000000002,0.0
wastesorting,01,4139245423,ours,value_what,experiments_logs/analysis_recent/when_what_policy_ablation_20260921/00_raw/wastesorting/scene_01/ours/run_05_seed_4139245423/exp_wastesorting_20260921_014229_661755.txt,experiments_logs/analysis_recent/when_what_policy_ablation_20260921/00_raw/wastesorting/scene_01/value_what/run_05_seed_4139245423/exp_wastesorting_20260921_215525_747004.txt,1,1,-6.0,-3.0,-1.7267000000000001,-15.0
wastesorting,01,481330159,ours,value_what,experiments_logs/analysis_recent/when_what_policy_ablation_20260921/00_raw/wastesorting/scene_01/ours/run_33_seed_481330159/exp_wastesorting_20260921_014314_206755.txt,experiments_logs/analysis_recent/when_what_policy_ablation_20260921/00_raw/wastesorting/scene_01/value_what/run_33_seed_481330159/exp_wastesorting_20260921_215643_859038.txt,1,1,-9.0,0.0,-2.138,0.0
wastesorting,01,834664221,ours,value_what,experiments_logs/analysis_recent/when_what_policy_ablation_20260921/00_raw/wastesorting/scene_01/ours/run_31_seed_834664221/exp_wastesorting_20260921_014311_051993.txt,experiments_logs/analysis_recent/when_what_policy_ablation_20260921/00_raw/wastesorting/scene_01/value_what/run_31_seed_834664221/exp_wastesorting_20260921_215638_152844.txt,1,1,-3.0,0.0,-1.6387,0.0
wastesorting,01,973561137,ours,value_what,experiments_logs/analysis_recent/when_what_policy_ablation_20260921/00_raw/wastesorting/scene_01/ours/run_21_seed_973561137/exp_wastesorting_20260921_014255_306410.txt,experiments_logs/analysis_recent/when_what_policy_ablation_20260921/00_raw/wastesorting/scene_01/value_what/run_21_seed_973561137/exp_wastesorting_20260921_215610_275073.txt,1,1,-2.0,0.0,-1.344,0.0
wastesorting,02,1014673370,ours,value_what,experiments_logs/analysis_recent/when_what_policy_ablation_20260921/00_raw/wastesorting/scene_02/ours/run_27_seed_1014673370/exp_wastesorting_20260921_014403_423595.txt,experiments_logs/analysis_recent/when_what_policy_ablation_20260921/00_raw/wastesorting/scene_02/value_what/run_27_seed_1014673370/exp_wastesorting_20260921_215803_552476.txt,1,1,-8.0,0.0,-1.7613,0.0
wastesorting,02,1116766657,ours,value_what,experiments_logs/analysis_recent/when_what_policy_ablation_20260921/00_raw/wastesorting/scene_02/ours/run_17_seed_1116766657/exp_wastesorting_20260921_014349_308496.txt,experiments_logs/analysis_recent/when_what_policy_ablation_20260921/00_raw/wastesorting/scene_02/value_what/run_17_seed_1116766657/exp_wastesorting_20260921_215740_345309.txt,1,1,-4.0,-1.0,-1.0444,-15.0
wastesorting,02,1150653687,ours,value_what,experiments_logs/analysis_recent/when_what_policy_ablation_20260921/00_raw/wastesorting/scene_02/ours/run_10_seed_1150653687/exp_wastesorting_20260921_014339_500672.txt,experiments_logs/analysis_recent/when_what_policy_ablation_20260921/00_raw/wastesorting/scene_02/value_what/run_10_seed_1150653687/exp_wastesorting_20260921_215724_744618.txt,1,1,-6.0,1.0,-1.4646,15.0
wastesorting,02,1185595584,ours,value_what,experiments_logs/analysis_recent/when_what_policy_ablation_20260921/00_raw/wastesorting/scene_02/ours/run_19_seed_1185595584/exp_wastesorting_20260921_014352_135121.txt,experiments_logs/analysis_recent/when_what_policy_ablation_20260921/00_raw/wastesorting/scene_02/value_what/run_19_seed_1185595584/exp_wastesorting_20260921_215745_146564.txt,1,1,-7.0,0.0,-1.5048,0.0
wastesorting,02,1191125615,ours,value_what,experiments_logs/analysis_recent/when_what_policy_ablation_20260921/00_raw/wastesorting/scene_02/ours/run_38_seed_1191125615/exp_wastesorting_20260921_014419_043542.txt,experiments_logs/analysis_recent/when_what_policy_ablation_20260921/00_raw/wastesorting/scene_02/value_what/run_38_seed_1191125615/exp_wastesorting_20260921_215826_664542.txt,1,1,-6.0,0.0,-1.3940000000000001,0.0
wastesorting,02,1273456514,ours,value_what,experiments_logs/analysis_recent/when_what_policy_ablation_20260921/00_raw/wastesorting/scene_02/ours/run_03_seed_1273456514/exp_wastesorting_20260921_014329_315854.txt,experiments_logs/analysis_recent/when_what_policy_ablation_20260921/00_raw/wastesorting/scene_02/value_what/run_03_seed_1273456514/exp_wastesorting_20260921_215707_903834.txt,1,1,-4.0,0.0,-0.9408,0.0
wastesorting,02,1315496753,ours,value_what,experiments_logs/analysis_recent/when_what_policy_ablation_20260921/00_raw/wastesorting/scene_02/ours/run_05_seed_1315496753/exp_wastesorting_20260921_014332_170059.txt,experiments_logs/analysis_recent/when_what_policy_ablation_20260921/00_raw/wastesorting/scene_02/value_what/run_05_seed_1315496753/exp_wastesorting_20260921_215711_670074.txt,1,1,-2.0,-2.0,-0.8994,-15.0
wastesorting,02,1478189300,ours,value_what,experiments_logs/analysis_recent/when_what_policy_ablation_20260921/00_raw/wastesorting/scene_02/ours/run_21_seed_1478189300/exp_wastesorting_20260921_014354_933058.txt,experiments_logs/analysis_recent/when_what_policy_ablation_20260921/00_raw/wastesorting/scene_02/value_what/run_21_seed_1478189300/exp_wastesorting_20260921_215749_075788.txt,1,1,-5.0,0.0,-0.8566999999999999,0.0
wastesorting,02,1669852028,ours,value_what,experiments_logs/analysis_recent/when_what_policy_ablation_20260921/00_raw/wastesorting/scene_02/ours/run_08_seed_1669852028/exp_wastesorting_20260921_014336_377295.txt,experiments_logs/analysis_recent/when_what_policy_ablation_20260921/00_raw/wastesorting/scene_02/value_what/run_08_seed_1669852028/exp_wastesorting_20260921_215719_586971.txt,1,1,-5.0,0.0,-1.2962,0.0
wastesorting,02,1679391382,ours,value_what,experiments_logs/analysis_recent/when_what_policy_ablation_20260921/00_raw/wastesorting/scene_02/ours/run_04_seed_1679391382/exp_wastesorting_20260921_014330_805740.txt,experiments_logs/analysis_recent/when_what_policy_ablation_20260921/00_raw/wastesorting/scene_02/value_what/run_04_seed_1679391382/exp_wastesorting_20260921_215709_782193.txt,1,1,-3.0,0.0,-0.7731,0.0
wastesorting,02,1684512935,ours,value_what,experiments_logs/analysis_recent/when_what_policy_ablation_20260921/00_raw/wastesorting/scene_02/ours/run_12_seed_1684512935/exp_wastesorting_20260921_014342_442168.txt,experiments_logs/analysis_recent/when_what_policy_ablation_20260921/00_raw/wastesorting/scene_02/value_what/run_12_seed_1684512935/exp_wastesorting_20260921_215729_809319.txt,1,1,-6.0,0.0,-1.4804000000000002,0.0
wastesorting,02,1859675682,ours,value_what,experiments_logs/analysis_recent/when_what_policy_ablation_20260921/00_raw/wastesorting/scene_02/ours/run_32_seed_1859675682/exp_wastesorting_20260921_014410_561261.txt,experiments_logs/analysis_recent/when_what_policy_ablation_20260921/00_raw/wastesorting/scene_02/value_what/run_32_seed_1859675682/exp_wastesorting_20260921_215813_653128.txt,1,1,-2.0,-1.0,-0.7441000000000001,-15.0
wastesorting,02,1960486937,ours,value_what,experiments_logs/analysis_recent/when_what_policy_ablation_20260921/00_raw/wastesorting/scene_02/ours/run_18_seed_1960486937/exp_wastesorting_20260921_014350_678636.txt,experiments_logs/analysis_recent/when_what_policy_ablation_20260921/00_raw/wastesorting/scene_02/value_what/run_18_seed_1960486937/exp_wastesorting_20260921_215742_556040.txt,1,1,-6.0,-1.0,-1.2237,-15.0
wastesorting,02,2006819571,ours,value_what,experiments_logs/analysis_recent/when_what_policy_ablation_20260921/00_raw/wastesorting/scene_02/ours/run_30_seed_2006819571/exp_wastesorting_20260921_014407_606442.txt,experiments_logs/analysis_recent/when_what_policy_ablation_20260921/00_raw/wastesorting/scene_02/value_what/run_30_seed_2006819571/exp_wastesorting_20260921_215809_577045.txt,1,1,-5.0,0.0,-1.153,0.0
wastesorting,02,2156641990,ours,value_what,experiments_logs/analysis_recent/when_what_policy_ablation_20260921/00_raw/wastesorting/scene_02/ours/run_01_seed_2156641990/exp_wastesorting_20260921_014326_506358.txt,experiments_logs/analysis_recent/when_what_policy_ablation_20260921/00_raw/wastesorting/scene_02/value_what/run_01_seed_2156641990/exp_wastesorting_20260921_215703_678459.txt,1,1,-1.0,0.0,-0.8849999999999999,0.0
wastesorting,02,2175442287,ours,value_what,experiments_logs/analysis_recent/when_what_policy_ablation_20260921/00_raw/wastesorting/scene_02/ours/run_20_seed_2175442287/exp_wastesorting_20260921_014353_488618.txt,experiments_logs/analysis_recent/when_what_policy_ablation_20260921/00_raw/wastesorting/scene_02/value_what/run_20_seed_2175442287/exp_wastesorting_20260921_215747_148747.txt,1,1,-4.0,0.0,-1.0183,0.0
wastesorting,02,2226175700,ours,value_what,experiments_logs/analysis_recent/when_what_policy_ablation_20260921/00_raw/wastesorting/scene_02/ours/run_39_seed_2226175700/exp_wastesorting_20260921_014420_411717.txt,experiments_logs/analysis_recent/when_what_policy_ablation_20260921/00_raw/wastesorting/scene_02/value_what/run_39_seed_2226175700/exp_wastesorting_20260921_215828_801945.txt,1,1,-7.0,0.0,-1.1359000000000001,0.0
wastesorting,02,2314118130,ours,value_what,experiments_logs/analysis_recent/when_what_policy_ablation_20260921/00_raw/wastesorting/scene_02/ours/run_09_seed_2314118130/exp_wastesorting_20260921_014337_789816.txt,experiments_logs/analysis_recent/when_what_policy_ablation_20260921/00_raw/wastesorting/scene_02/value_what/run_09_seed_2314118130/exp_wastesorting_20260921_215721_937190.txt,1,1,-7.0,-1.0,-1.3085999999999998,-20.0
wastesorting,02,2497538083,ours,value_what,experiments_logs/analysis_recent/when_what_policy_ablation_20260921/00_raw/wastesorting/scene_02/ours/run_22_seed_2497538083/exp_wastesorting_20260921_014356_351029.txt,experiments_logs/analysis_recent/when_what_policy_ablation_20260921/00_raw/wastesorting/scene_02/value_what/run_22_seed_2497538083/exp_wastesorting_20260921_215751_057316.txt,1,1,-4.0,0.0,-0.9339999999999999,0.0
wastesorting,02,2628956077,ours,value_what,experiments_logs/analysis_recent/when_what_policy_ablation_20260921/00_raw/wastesorting/scene_02/ours/run_07_seed_2628956077/exp_wastesorting_20260921_014334_954988.txt,experiments_logs/analysis_recent/when_what_policy_ablation_20260921/00_raw/wastesorting/scene_02/value_what/run_07_seed_2628956077/exp_wastesorting_20260921_215717_243322.txt,1,1,-11.0,-1.0,-2.0467000000000004,-15.0
wastesorting,02,2679542969,ours,value_what,experiments_logs/analysis_recent/when_what_policy_ablation_20260921/00_raw/wastesorting/scene_02/ours/run_37_seed_2679542969/exp_wastesorting_20260921_014417_669795.txt,experiments_logs/analysis_recent/when_what_policy_ablation_20260921/00_raw/wastesorting/scene_02/value_what/run_37_seed_2679542969/exp_wastesorting_20260921_215824_265856.txt,1,1,-2.0,0.0,-0.7938,0.0
wastesorting,02,2681088983,ours,value_what,experiments_logs/analysis_recent/when_what_policy_ablation_20260921/00_raw/wastesorting/scene_02/ours/run_33_seed_2681088983/exp_wastesorting_20260921_014411_988672.txt,experiments_logs/analysis_recent/when_what_policy_ablation_20260921/00_raw/wastesorting/scene_02/value_what/run_33_seed_2681088983/exp_wastesorting_20260921_215815_657670.txt,1,1,-4.0,0.0,-0.9471999999999999,0.0
wastesorting,02,2903446598,ours,value_what,experiments_logs/analysis_recent/when_what_policy_ablation_20260921/00_raw/wastesorting/scene_02/ours/run_34_seed_2903446598/exp_wastesorting_20260921_014413_479356.txt,experiments_logs/analysis_recent/when_what_policy_ablation_20260921/00_raw/wastesorting/scene_02/value_what/run_34_seed_2903446598/exp_wastesorting_20260921_215818_122341.txt,1,1,-6.0,0.0,-1.3427,0.0
wastesorting,02,3041513348,ours,value_what,experiments_logs/analysis_recent/when_what_policy_ablation_20260921/00_raw/wastesorting/scene_02/ours/run_28_seed_3041513348/exp_wastesorting_20260921_014404_821644.txt,experiments_logs/analysis_recent/when_what_policy_ablation_20260921/00_raw/wastesorting/scene_02/value_what/run_28_seed_3041513348/exp_wastesorting_20260921_215805_665054.txt,1,1,-3.0,-1.0,-1.0896000000000003,-20.0
wastesorting,02,3100998094,ours,value_what,experiments_logs/analysis_recent/when_what_policy_ablation_20260921/00_raw/wastesorting/scene_02/ours/run_29_seed_3100998094/exp_wastesorting_20260921_014406_217033.txt,experiments_logs/analysis_recent/when_what_policy_ablation_20260921/00_raw/wastesorting/scene_02/value_what/run_29_seed_3100998094/exp_wastesorting_20260921_215807_415498.txt,1,1,-2.0,0.0,-0.7255,0.0
wastesorting,02,3132007216,ours,value_what,experiments_logs/analysis_recent/when_what_policy_ablation_20260921/00_raw/wastesorting/scene_02/ours/run_14_seed_3132007216/exp_wastesorting_20260921_014345_232461.txt,experiments_logs/analysis_recent/when_what_policy_ablation_20260921/00_raw/wastesorting/scene_02/value_what/run_14_seed_3132007216/exp_wastesorting_20260921_215734_089818.txt,1,1,-4.0,0.0,-1.0949,0.0
wastesorting,02,3361930932,ours,value_what,experiments_logs/analysis_recent/when_what_policy_ablation_20260921/00_raw/wastesorting/scene_02/ours/run_36_seed_3361930932/exp_wastesorting_20260921_014416_285199.txt,experiments_logs/analysis_recent/when_what_policy_ablation_20260921/00_raw/wastesorting/scene_02/value_what/run_36_seed_3361930932/exp_wastesorting_20260921_215822_453179.txt,1,1,-6.0,0.0,-0.9329,0.0
wastesorting,02,3666558197,ours,value_what,experiments_logs/analysis_recent/when_what_policy_ablation_20260921/00_raw/wastesorting/scene_02/ours/run_25_seed_3666558197/exp_wastesorting_20260921_014400_591386.txt,experiments_logs/analysis_recent/when_what_policy_ablation_20260921/00_raw/wastesorting/scene_02/value_what/run_25_seed_3666558197/exp_wastesorting_20260921_215758_000121.txt,1,1,-7.0,-1.0,-1.0258,0.0
wastesorting,02,3749131969,ours,value_what,experiments_logs/analysis_recent/when_what_policy_ablation_20260921/00_raw/wastesorting/scene_02/ours/run_40_seed_3749131969/exp_wastesorting_20260921_014421_830493.txt,experiments_logs/analysis_recent/when_what_policy_ablation_20260921/00_raw/wastesorting/scene_02/value_what/run_40_seed_3749131969/exp_wastesorting_20260921_215830_699748.txt,1,1,-3.0,0.0,-0.8672000000000001,0.0
wastesorting,02,3750062435,ours,value_what,experiments_logs/analysis_recent/when_what_policy_ablation_20260921/00_raw/wastesorting/scene_02/ours/run_24_seed_3750062435/exp_wastesorting_20260921_014359_191092.txt,experiments_logs/analysis_recent/when_what_policy_ablation_20260921/00_raw/wastesorting/scene_02/value_what/run_24_seed_3750062435/exp_wastesorting_20260921_215755_956951.txt,1,1,-8.0,0.0,-1.3348999999999998,0.0
wastesorting,02,3794247199,ours,value_what,experiments_logs/analysis_recent/when_what_policy_ablation_20260921/00_raw/wastesorting/scene_02/ours/run_06_seed_3794247199/exp_wastesorting_20260921_014333_557759.txt,experiments_logs/analysis_recent/when_what_policy_ablation_20260921/00_raw/wastesorting/scene_02/value_what/run_06_seed_3794247199/exp_wastesorting_20260921_215714_182354.txt,1,1,-8.0,-2.0,-1.4977,-15.0
wastesorting,02,3820178410,ours,value_what,experiments_logs/analysis_recent/when_what_policy_ablation_20260921/00_raw/wastesorting/scene_02/ours/run_11_seed_3820178410/exp_wastesorting_20260921_014341_037057.txt,experiments_logs/analysis_recent/when_what_policy_ablation_20260921/00_raw/wastesorting/scene_02/value_what/run_11_seed_3820178410/exp_wastesorting_20260921_215727_294253.txt,1,1,-7.0,0.0,-1.381,0.0
wastesorting,02,4052769592,ours,value_what,experiments_logs/analysis_recent/when_what_policy_ablation_20260921/00_raw/wastesorting/scene_02/ours/run_16_seed_4052769592/exp_wastesorting_20260921_014347_943626.txt,experiments_logs/analysis_recent/when_what_policy_ablation_20260921/00_raw/wastesorting/scene_02/value_what/run_16_seed_4052769592/exp_wastesorting_20260921_215738_308090.txt,1,1,-1.0,0.0,-1.0079,0.0
wastesorting,02,4053942929,ours,value_what,experiments_logs/analysis_recent/when_what_policy_ablation_20260921/00_raw/wastesorting/scene_02/ours/run_26_seed_4053942929/exp_wastesorting_20260921_014402_005406.txt,experiments_logs/analysis_recent/when_what_policy_ablation_20260921/00_raw/wastesorting/scene_02/value_what/run_26_seed_4053942929/exp_wastesorting_20260921_215800_742285.txt,1,1,-9.0,-1.0,-1.6978000000000002,-15.0
wastesorting,02,4138266715,ours,value_what,experiments_logs/analysis_recent/when_what_policy_ablation_20260921/00_raw/wastesorting/scene_02/ours/run_35_seed_4138266715/exp_wastesorting_20260921_014414_859806.txt,experiments_logs/analysis_recent/when_what_policy_ablation_20260921/00_raw/wastesorting/scene_02/value_what/run_35_seed_4138266715/exp_wastesorting_20260921_215820_456106.txt,1,1,-4.0,0.0,-1.3344,0.0
wastesorting,02,431660203,ours,value_what,experiments_logs/analysis_recent/when_what_policy_ablation_20260921/00_raw/wastesorting/scene_02/ours/run_15_seed_431660203/exp_wastesorting_20260921_014346_558276.txt,experiments_logs/analysis_recent/when_what_policy_ablation_20260921/00_raw/wastesorting/scene_02/value_what/run_15_seed_431660203/exp_wastesorting_20260921_215736_281684.txt,1,1,-4.0,0.0,-1.2412999999999998,0.0
wastesorting,02,604661570,ours,value_what,experiments_logs/analysis_recent/when_what_policy_ablation_20260921/00_raw/wastesorting/scene_02/ours/run_31_seed_604661570/exp_wastesorting_20260921_014409_089368.txt,experiments_logs/analysis_recent/when_what_policy_ablation_20260921/00_raw/wastesorting/scene_02/value_what/run_31_seed_604661570/exp_wastesorting_20260921_215811_815949.txt,1,1,-4.0,-1.0,-1.134,-15.0
wastesorting,02,715488211,ours,value_what,experiments_logs/analysis_recent/when_what_policy_ablation_20260921/00_raw/wastesorting/scene_02/ours/run_02_seed_715488211/exp_wastesorting_20260921_014327_924195.txt,experiments_logs/analysis_recent/when_what_policy_ablation_20260921/00_raw/wastesorting/scene_02/value_what/run_02_seed_715488211/exp_wastesorting_20260921_215705_943995.txt,1,1,-8.0,-2.0,-1.2269,-15.0
wastesorting,02,800159661,ours,value_what,experiments_logs/analysis_recent/when_what_policy_ablation_20260921/00_raw/wastesorting/scene_02/ours/run_13_seed_800159661/exp_wastesorting_20260921_014343_840943.txt,experiments_logs/analysis_recent/when_what_policy_ablation_20260921/00_raw/wastesorting/scene_02/value_what/run_13_seed_800159661/exp_wastesorting_20260921_215731_982479.txt,1,1,-6.0,0.0,-1.1443999999999999,0.0
wastesorting,02,92232459,ours,value_what,experiments_logs/analysis_recent/when_what_policy_ablation_20260921/00_raw/wastesorting/scene_02/ours/run_23_seed_92232459/exp_wastesorting_20260921_014357_791923.txt,experiments_logs/analysis_recent/when_what_policy_ablation_20260921/00_raw/wastesorting/scene_02/value_what/run_23_seed_92232459/exp_wastesorting_20260921_215753_601957.txt,1,1,-9.0,-2.0,-1.4792,-15.0
wastesorting,03,1010706734,ours,value_what,experiments_logs/analysis_recent/when_what_policy_ablation_20260921/00_raw/wastesorting/scene_03/ours/run_15_seed_1010706734/exp_wastesorting_20260921_014443_123684.txt,experiments_logs/analysis_recent/when_what_policy_ablation_20260921/00_raw/wastesorting/scene_03/value_what/run_15_seed_1010706734/exp_wastesorting_20260921_215902_109272.txt,1,1,-7.0,0.0,-1.2047,0.0
wastesorting,03,1065524053,ours,value_what,experiments_logs/analysis_recent/when_what_policy_ablation_20260921/00_raw/wastesorting/scene_03/ours/run_37_seed_1065524053/exp_wastesorting_20260921_014514_569278.txt,experiments_logs/analysis_recent/when_what_policy_ablation_20260921/00_raw/wastesorting/scene_03/value_what/run_37_seed_1065524053/exp_wastesorting_20260921_215953_302987.txt,1,1,1.0,-1.0,-1.1081,20.0
wastesorting,03,1123572063,ours,value_what,experiments_logs/analysis_recent/when_what_policy_ablation_20260921/00_raw/wastesorting/scene_03/ours/run_29_seed_1123572063/exp_wastesorting_20260921_014502_835607.txt,experiments_logs/analysis_recent/when_what_policy_ablation_20260921/00_raw/wastesorting/scene_03/value_what/run_29_seed_1123572063/exp_wastesorting_20260921_215934_661335.txt,1,1,-7.0,0.0,-1.2382,0.0
wastesorting,03,1198822842,ours,value_what,experiments_logs/analysis_recent/when_what_policy_ablation_20260921/00_raw/wastesorting/scene_03/ours/run_39_seed_1198822842/exp_wastesorting_20260921_014517_496462.txt,experiments_logs/analysis_recent/when_what_policy_ablation_20260921/00_raw/wastesorting/scene_03/value_what/run_39_seed_1198822842/exp_wastesorting_20260921_215957_954941.txt,1,1,-6.0,0.0,-1.4786000000000001,0.0
wastesorting,03,1263200062,ours,value_what,experiments_logs/analysis_recent/when_what_policy_ablation_20260921/00_raw/wastesorting/scene_03/ours/run_08_seed_1263200062/exp_wastesorting_20260921_014433_248754.txt,experiments_logs/analysis_recent/when_what_policy_ablation_20260921/00_raw/wastesorting/scene_03/value_what/run_08_seed_1263200062/exp_wastesorting_20260921_215848_044148.txt,1,1,-9.0,0.0,-1.6603999999999999,0.0
wastesorting,03,1312241461,ours,value_what,experiments_logs/analysis_recent/when_what_policy_ablation_20260921/00_raw/wastesorting/scene_03/ours/run_20_seed_1312241461/exp_wastesorting_20260921_014450_301679.txt,experiments_logs/analysis_recent/when_what_policy_ablation_20260921/00_raw/wastesorting/scene_03/value_what/run_20_seed_1312241461/exp_wastesorting_20260921_215913_368286.txt,1,1,-8.0,0.0,-1.7422000000000002,0.0
wastesorting,03,1429072852,ours,value_what,experiments_logs/analysis_recent/when_what_policy_ablation_20260921/00_raw/wastesorting/scene_03/ours/run_38_seed_1429072852/exp_wastesorting_20260921_014515_974322.txt,experiments_logs/analysis_recent/when_what_policy_ablation_20260921/00_raw/wastesorting/scene_03/value_what/run_38_seed_1429072852/exp_wastesorting_20260921_215955_327199.txt,1,1,-5.0,0.0,-0.9819999999999999,0.0
wastesorting,03,151419445,ours,value_what,experiments_logs/analysis_recent/when_what_policy_ablation_20260921/00_raw/wastesorting/scene_03/ours/run_05_seed_151419445/exp_wastesorting_20260921_014428_924836.txt,experiments_logs/analysis_recent/when_what_policy_ablation_20260921/00_raw/wastesorting/scene_03/value_what/run_05_seed_151419445/exp_wastesorting_20260921_215841_299178.txt,1,1,-1.0,0.0,-1.2056,0.0
wastesorting,03,1682900593,ours,value_what,experiments_logs/analysis_recent/when_what_policy_ablation_20260921/00_raw/wastesorting/scene_03/ours/run_23_seed_1682900593/exp_wastesorting_20260921_014454_419689.txt,experiments_logs/analysis_recent/when_what_policy_ablation_20260921/00_raw/wastesorting/scene_03/value_what/run_23_seed_1682900593/exp_wastesorting_20260921_215920_864769.txt,1,1,-10.0,-3.0,-1.7869,-15.0
wastesorting,03,1757091912,ours,value_what,experiments_logs/analysis_recent/when_what_policy_ablation_20260921/00_raw/wastesorting/scene_03/ours/run_11_seed_1757091912/exp_wastesorting_20260921_014437_439739.txt,experiments_logs/analysis_recent/when_what_policy_ablation_20260921/00_raw/wastesorting/scene_03/value_what/run_11_seed_1757091912/exp_wastesorting_20260921_215854_080819.txt,1,1,-2.0,0.0,-0.6154,0.0
wastesorting,03,1790509877,ours,value_what,experiments_logs/analysis_recent/when_what_policy_ablation_20260921/00_raw/wastesorting/scene_03/ours/run_16_seed_1790509877/exp_wastesorting_20260921_014444_500617.txt,experiments_logs/analysis_recent/when_what_policy_ablation_20260921/00_raw/wastesorting/scene_03/value_what/run_16_seed_1790509877/exp_wastesorting_20260921_215903_891037.txt,1,1,-5.0,0.0,-0.7773999999999999,0.0
wastesorting,03,1849750684,ours,value_what,experiments_logs/analysis_recent/when_what_policy_ablation_20260921/00_raw/wastesorting/scene_03/ours/run_21_seed_1849750684/exp_wastesorting_20260921_014451_635543.txt,experiments_logs/analysis_recent/when_what_policy_ablation_20260921/00_raw/wastesorting/scene_03/value_what/run_21_seed_1849750684/exp_wastesorting_20260921_215915_869982.txt,1,1,-9.0,-2.0,-1.5334000000000003,-15.0
wastesorting,03,1862543915,ours,value_what,experiments_logs/analysis_recent/when_what_policy_ablation_20260921/00_raw/wastesorting/scene_03/ours/run_17_seed_1862543915/exp_wastesorting_20260921_014445_918687.txt,experiments_logs/analysis_recent/when_what_policy_ablation_20260921/00_raw/wastesorting/scene_03/value_what/run_17_seed_1862543915/exp_wastesorting_20260921_215906_304927.txt,1,1,-4.0,0.0,-1.3791000000000002,0.0
wastesorting,03,1932548607,ours,value_what,experiments_logs/analysis_recent/when_what_policy_ablation_20260921/00_raw/wastesorting/scene_03/ours/run_28_seed_1932548607/exp_wastesorting_20260921_014501_383333.txt,experiments_logs/analysis_recent/when_what_policy_ablation_20260921/00_raw/wastesorting/scene_03/value_what/run_28_seed_1932548607/exp_wastesorting_20260921_215932_354909.txt,1,1,-7.0,-1.0,-1.6017000000000001,-15.0
wastesorting,03,1971182115,ours,value_what,experiments_logs/analysis_recent/when_what_policy_ablation_20260921/00_raw/wastesorting/scene_03/ours/run_02_seed_1971182115/exp_wastesorting_20260921_014424_627147.txt,experiments_logs/analysis_recent/when_what_policy_ablation_20260921/00_raw/wastesorting/scene_03/value_what/run_02_seed_1971182115/exp_wastesorting_20260921_215834_792848.txt,1,1,-6.0,-1.0,-1.4421,-15.0
wastesorting,03,2090573975,ours,value_what,experiments_logs/analysis_recent/when_what_policy_ablation_20260921/00_raw/wastesorting/scene_03/ours/run_27_seed_2090573975/exp_wastesorting_20260921_014500_001010.txt,experiments_logs/analysis_recent/when_what_policy_ablation_20260921/00_raw/wastesorting/scene_03/value_what/run_27_seed_2090573975/exp_wastesorting_20260921_215929_744361.txt,1,1,-9.0,-3.0,-1.4687000000000001,-15.0
wastesorting,03,2160290877,ours,value_what,experiments_logs/analysis_recent/when_what_policy_ablation_20260921/00_raw/wastesorting/scene_03/ours/run_07_seed_2160290877/exp_wastesorting_20260921_014431_798161.txt,experiments_logs/analysis_recent/when_what_policy_ablation_20260921/00_raw/wastesorting/scene_03/value_what/run_07_seed_2160290877/exp_wastesorting_20260921_215845_310309.txt,1,1,-4.0,-1.0,-0.7325,-15.0
wastesorting,03,2192330955,ours,value_what,experiments_logs/analysis_recent/when_what_policy_ablation_20260921/00_raw/wastesorting/scene_03/ours/run_26_seed_2192330955/exp_wastesorting_20260921_014458_613022.txt,experiments_logs/analysis_recent/when_what_policy_ablation_20260921/00_raw/wastesorting/scene_03/value_what/run_26_seed_2192330955/exp_wastesorting_20260921_215927_256414.txt,1,1,-2.0,0.0,-0.7723,0.0
wastesorting,03,2200107462,ours,value_what,experiments_logs/analysis_recent/when_what_policy_ablation_20260921/00_raw/wastesorting/scene_03/ours/run_36_seed_2200107462/exp_wastesorting_20260921_014512_913436.txt,experiments_logs/analysis_recent/when_what_policy_ablation_20260921/00_raw/wastesorting/scene_03/value_what/run_36_seed_2200107462/exp_wastesorting_20260921_215950_921724.txt,1,1,-8.0,0.0,-1.3174000000000001,0.0
wastesorting,03,2394637227,ours,value_what,experiments_logs/analysis_recent/when_what_policy_ablation_20260921/00_raw/wastesorting/scene_03/ours/run_03_seed_2394637227/exp_wastesorting_20260921_014426_133548.txt,experiments_logs/analysis_recent/when_what_policy_ablation_20260921/00_raw/wastesorting/scene_03/value_what/run_03_seed_2394637227/exp_wastesorting_20260921_215836_932016.txt,1,1,-3.0,0.0,-1.0107,0.0
wastesorting,03,2442584840,ours,value_what,experiments_logs/analysis_recent/when_what_policy_ablation_20260921/00_raw/wastesorting/scene_03/ours/run_09_seed_2442584840/exp_wastesorting_20260921_014434_640354.txt,experiments_logs/analysis_recent/when_what_policy_ablation_20260921/00_raw/wastesorting/scene_03/value_what/run_09_seed_2442584840/exp_wastesorting_20260921_215849_879862.txt,1,1,-3.0,-1.0,-0.8079000000000001,-15.0
wastesorting,03,2815362486,ours,value_what,experiments_logs/analysis_recent/when_what_policy_ablation_20260921/00_raw/wastesorting/scene_03/ours/run_24_seed_2815362486/exp_wastesorting_20260921_014455_775930.txt,experiments_logs/analysis_recent/when_what_policy_ablation_20260921/00_raw/wastesorting/scene_03/value_what/run_24_seed_2815362486/exp_wastesorting_20260921_215922_936753.txt,1,1,0.0,-1.0,-1.0905,-15.0
wastesorting,03,2836132436,ours,value_what,experiments_logs/analysis_recent/when_what_policy_ablation_20260921/00_raw/wastesorting/scene_03/ours/run_18_seed_2836132436/exp_wastesorting_20260921_014447_380436.txt,experiments_logs/analysis_recent/when_what_policy_ablation_20260921/00_raw/wastesorting/scene_03/value_what/run_18_seed_2836132436/exp_wastesorting_20260921_215908_644588.txt,1,1,-4.0,0.0,-1.2516000000000003,0.0
wastesorting,03,3532582087,ours,value_what,experiments_logs/analysis_recent/when_what_policy_ablation_20260921/00_raw/wastesorting/scene_03/ours/run_22_seed_3532582087/exp_wastesorting_20260921_014453_041178.txt,experiments_logs/analysis_recent/when_what_policy_ablation_20260921/00_raw/wastesorting/scene_03/value_what/run_22_seed_3532582087/exp_wastesorting_20260921_215918_074040.txt,1,1,-4.0,0.0,-1.1798000000000002,0.0
wastesorting,03,3544407771,ours,value_what,experiments_logs/analysis_recent/when_what_policy_ablation_20260921/00_raw/wastesorting/scene_03/ours/run_04_seed_3544407771/exp_wastesorting_20260921_014427_520096.txt,experiments_logs/analysis_recent/when_what_policy_ablation_20260921/00_raw/wastesorting/scene_03/value_what/run_04_seed_3544407771/exp_wastesorting_20260921_215839_067261.txt,1,1,-6.0,0.0,-1.1253000000000002,-5.0
wastesorting,03,3643526193,ours,value_what,experiments_logs/analysis_recent/when_what_policy_ablation_20260921/00_raw/wastesorting/scene_03/ours/run_32_seed_3643526193/exp_wastesorting_20260921_014507_114684.txt,experiments_logs/analysis_recent/when_what_policy_ablation_20260921/00_raw/wastesorting/scene_03/value_what/run_32_seed_3643526193/exp_wastesorting_20260921_215941_213206.txt,1,1,-7.0,-1.0,-1.1407000000000003,-15.0
wastesorting,03,3734705447,ours,value_what,experiments_logs/analysis_recent/when_what_policy_ablation_20260921/00_raw/wastesorting/scene_03/ours/run_13_seed_3734705447/exp_wastesorting_20260921_014440_298737.txt,experiments_logs/analysis_recent/when_what_policy_ablation_20260921/00_raw/wastesorting/scene_03/value_what/run_13_seed_3734705447/exp_wastesorting_20260921_215858_162570.txt,1,1,2.0,0.0,-0.7377999999999999,0.0
wastesorting,03,3772505736,ours,value_what,experiments_logs/analysis_recent/when_what_policy_ablation_20260921/00_raw/wastesorting/scene_03/ours/run_35_seed_3772505736/exp_wastesorting_20260921_014511_462926.txt,experiments_logs/analysis_recent/when_what_policy_ablation_20260921/00_raw/wastesorting/scene_03/value_what/run_35_seed_3772505736/exp_wastesorting_20260921_215948_539781.txt,1,1,-5.0,0.0,-1.4302000000000001,0.0
wastesorting,03,3925417317,ours,value_what,experiments_logs/analysis_recent/when_what_policy_ablation_20260921/00_raw/wastesorting/scene_03/ours/run_33_seed_3925417317/exp_wastesorting_20260921_014508_543263.txt,experiments_logs/analysis_recent/when_what_policy_ablation_20260921/00_raw/wastesorting/scene_03/value_what/run_33_seed_3925417317/exp_wastesorting_20260921_215943_824249.txt,1,1,-6.0,0.0,-1.5700999999999998,0.0
wastesorting,03,3952233946,ours,value_what,experiments_logs/analysis_recent/when_what_policy_ablation_20260921/00_raw/wastesorting/scene_03/ours/run_34_seed_3952233946/exp_wastesorting_20260921_014510_061026.txt,experiments_logs/analysis_recent/when_what_policy_ablation_20260921/00_raw/wastesorting/scene_03/value_what/run_34_seed_3952233946/exp_wastesorting_20260921_215946_091679.txt,1,1,-1.0,0.0,-1.1378000000000001,-15.0
wastesorting,03,408728855,ours,value_what,experiments_logs/analysis_recent/when_what_policy_ablation_20260921/00_raw/wastesorting/scene_03/ours/run_25_seed_408728855/exp_wastesorting_20260921_014457_185359.txt,experiments_logs/analysis_recent/when_what_policy_ablation_20260921/00_raw/wastesorting/scene_03/value_what/run_25_seed_408728855/exp_wastesorting_20260921_215925_426320.txt,1,1,-4.0,0.0,-1.4553000000000003,0.0
wastesorting,03,4128056421,ours,value_what,experiments_logs/analysis_recent/when_what_policy_ablation_20260921/00_raw/wastesorting/scene_03/ours/run_30_seed_4128056421/exp_wastesorting_20260921_014504_272458.txt,experiments_logs/analysis_recent/when_what_policy_ablation_20260921/00_raw/wastesorting/scene_03/value_what/run_30_seed_4128056421/exp_wastesorting_20260921_215937_144832.txt,1,1,-3.0,0.0,-1.4101,0.0
wastesorting,03,4248209127,ours,value_what,experiments_logs/analysis_recent/when_what_policy_ablation_20260921/00_raw/wastesorting/scene_03/ours/run_19_seed_4248209127/exp_wastesorting_20260921_014448_815811.txt,experiments_logs/analysis_recent/when_what_policy_ablation_20260921/00_raw/wastesorting/scene_03/value_what/run_19_seed_4248209127/exp_wastesorting_20260921_215910_518435.txt,1,1,-2.0,0.0,-0.8152,0.0
wastesorting,03,428908864,ours,value_what,experiments_logs/analysis_recent/when_what_policy_ablation_20260921/00_raw/wastesorting/scene_03/ours/run_31_seed_428908864/exp_wastesorting_20260921_014505_681454.txt,experiments_logs/analysis_recent/when_what_policy_ablation_20260921/00_raw/wastesorting/scene_03/value_what/run_31_seed_428908864/exp_wastesorting_20260921_215939_013125.txt,1,1,-6.0,0.0,-0.8358000000000001,0.0
wastesorting,03,703706258,ours,value_what,experiments_logs/analysis_recent/when_what_policy_ablation_20260921/00_raw/wastesorting/scene_03/ours/run_12_seed_703706258/exp_wastesorting_20260921_014438_868395.txt,experiments_logs/analysis_recent/when_what_policy_ablation_20260921/00_raw/wastesorting/scene_03/value_what/run_12_seed_703706258/exp_wastesorting_20260921_215856_369068.txt,1,1,-1.0,1.0,-1.2277999999999998,-15.0
wastesorting,03,808931924,ours,value_what,experiments_logs/analysis_recent/when_what_policy_ablation_20260921/00_raw/wastesorting/scene_03/ours/run_14_seed_808931924/exp_wastesorting_20260921_014441_701397.txt,experiments_logs/analysis_recent/when_what_policy_ablation_20260921/00_raw/wastesorting/scene_03/value_what/run_14_seed_808931924/exp_wastesorting_20260921_215859_859979.txt,1,1,-2.0,0.0,-0.6715,0.0
wastesorting,03,864565644,ours,value_what,experiments_logs/analysis_recent/when_what_policy_ablation_20260921/00_raw/wastesorting/scene_03/ours/run_40_seed_864565644/exp_wastesorting_20260921_014518_924613.txt,experiments_logs/analysis_recent/when_what_policy_ablation_20260921/00_raw/wastesorting/scene_03/value_what/run_40_seed_864565644/exp_wastesorting_20260921_220000_555985.txt,1,1,-3.0,0.0,-1.5385999999999997,0.0
wastesorting,03,878097152,ours,value_what,experiments_logs/analysis_recent/when_what_policy_ablation_20260921/00_raw/wastesorting/scene_03/ours/run_06_seed_878097152/exp_wastesorting_20260921_014430_395374.txt,experiments_logs/analysis_recent/when_what_policy_ablation_20260921/00_raw/wastesorting/scene_03/value_what/run_06_seed_878097152/exp_wastesorting_20260921_215843_544469.txt,1,1,-4.0,0.0,-1.1546000000000003,0.0
wastesorting,03,935228514,ours,value_what,experiments_logs/analysis_recent/when_what_policy_ablation_20260921/00_raw/wastesorting/scene_03/ours/run_01_seed_935228514/exp_wastesorting_20260921_014423_259381.txt,experiments_logs/analysis_recent/when_what_policy_ablation_20260921/00_raw/wastesorting/scene_03/value_what/run_01_seed_935228514/exp_wastesorting_20260921_215832_348290.txt,1,1,-1.0,0.0,-0.5882000000000001,0.0
wastesorting,03,995062266,ours,value_what,experiments_logs/analysis_recent/when_what_policy_ablation_20260921/00_raw/wastesorting/scene_03/ours/run_10_seed_995062266/exp_wastesorting_20260921_014436_073481.txt,experiments_logs/analysis_recent/when_what_policy_ablation_20260921/00_raw/wastesorting/scene_03/value_what/run_10_seed_995062266/exp_wastesorting_20260921_215852_467837.txt,1,1,-6.0,-1.0,-1.5255999999999998,-15.0
wastesorting,04,1105776053,ours,value_what,experiments_logs/analysis_recent/when_what_policy_ablation_20260921/00_raw/wastesorting/scene_04/ours/run_13_seed_1105776053/exp_wastesorting_20260921_014537_793079.txt,experiments_logs/analysis_recent/when_what_policy_ablation_20260921/00_raw/wastesorting/scene_04/value_what/run_13_seed_1105776053/exp_wastesorting_20260921_220031_878832.txt,1,1,2.0,-2.0,-0.9210999999999999,-20.0
wastesorting,04,1117810574,ours,value_what,experiments_logs/analysis_recent/when_what_policy_ablation_20260921/00_raw/wastesorting/scene_04/ours/run_39_seed_1117810574/exp_wastesorting_20260921_014615_860840.txt,experiments_logs/analysis_recent/when_what_policy_ablation_20260921/00_raw/wastesorting/scene_04/value_what/run_39_seed_1117810574/exp_wastesorting_20260921_220136_473889.txt,1,1,-7.0,0.0,-2.0237,0.0
wastesorting,04,1147895942,ours,value_what,experiments_logs/analysis_recent/when_what_policy_ablation_20260921/00_raw/wastesorting/scene_04/ours/run_09_seed_1147895942/exp_wastesorting_20260921_014531_923492.txt,experiments_logs/analysis_recent/when_what_policy_ablation_20260921/00_raw/wastesorting/scene_04/value_what/run_09_seed_1147895942/exp_wastesorting_20260921_220021_507646.txt,1,1,-6.0,0.0,-0.8512000000000001,0.0
wastesorting,04,132699259,ours,value_what,experiments_logs/analysis_recent/when_what_policy_ablation_20260921/00_raw/wastesorting/scene_04/ours/run_38_seed_132699259/exp_wastesorting_20260921_014614_249668.txt,experiments_logs/analysis_recent/when_what_policy_ablation_20260921/00_raw/wastesorting/scene_04/value_what/run_38_seed_132699259/exp_wastesorting_20260921_220133_204891.txt,1,1,-14.0,-1.0,-2.1395,0.0
wastesorting,04,13571565,ours,value_what,experiments_logs/analysis_recent/when_what_policy_ablation_20260921/00_raw/wastesorting/scene_04/ours/run_25_seed_13571565/exp_wastesorting_20260921_014555_242546.txt,experiments_logs/analysis_recent/when_what_policy_ablation_20260921/00_raw/wastesorting/scene_04/value_what/run_25_seed_13571565/exp_wastesorting_20260921_220101_029898.txt,1,1,-10.0,0.0,-1.5873,-20.0
wastesorting,04,1445352403,ours,value_what,experiments_logs/analysis_recent/when_what_policy_ablation_20260921/00_raw/wastesorting/scene_04/ours/run_18_seed_1445352403/exp_wastesorting_20260921_014545_080541.txt,experiments_logs/analysis_recent/when_what_policy_ablation_20260921/00_raw/wastesorting/scene_04/value_what/run_18_seed_1445352403/exp_wastesorting_20260921_220043_572616.txt,1,1,1.0,2.0,-0.744,0.0
wastesorting,04,1493522614,ours,value_what,experiments_logs/analysis_recent/when_what_policy_ablation_20260921/00_raw/wastesorting/scene_04/ours/run_24_seed_1493522614/exp_wastesorting_20260921_014553_795298.txt,experiments_logs/analysis_recent/when_what_policy_ablation_20260921/00_raw/wastesorting/scene_04/value_what/run_24_seed_1493522614/exp_wastesorting_20260921_220058_379245.txt,1,1,-11.0,0.0,-1.6224999999999998,0.0
wastesorting,04,1518896079,ours,value_what,experiments_logs/analysis_recent/when_what_policy_ablation_20260921/00_raw/wastesorting/scene_04/ours/run_28_seed_1518896079/exp_wastesorting_20260921_014559_629519.txt,experiments_logs/analysis_recent/when_what_policy_ablation_20260921/00_raw/wastesorting/scene_04/value_what/run_28_seed_1518896079/exp_wastesorting_20260921_220108_162113.txt,1,1,-5.0,0.0,-1.1783000000000001,0.0
wastesorting,04,1619001990,ours,value_what,experiments_logs/analysis_recent/when_what_policy_ablation_20260921/00_raw/wastesorting/scene_04/ours/run_21_seed_1619001990/exp_wastesorting_20260921_014549_397572.txt,experiments_logs/analysis_recent/when_what_policy_ablation_20260921/00_raw/wastesorting/scene_04/value_what/run_21_seed_1619001990/exp_wastesorting_20260921_220051_096385.txt,1,1,-4.0,-1.0,-1.4680999999999997,-15.0
wastesorting,04,1783261924,ours,value_what,experiments_logs/analysis_recent/when_what_policy_ablation_20260921/00_raw/wastesorting/scene_04/ours/run_31_seed_1783261924/exp_wastesorting_20260921_014603_989780.txt,experiments_logs/analysis_recent/when_what_policy_ablation_20260921/00_raw/wastesorting/scene_04/value_what/run_31_seed_1783261924/exp_wastesorting_20260921_220115_694975.txt,1,1,-6.0,0.0,-1.1320000000000001,0.0
wastesorting,04,1838985415,ours,value_what,experiments_logs/analysis_recent/when_what_policy_ablation_20260921/00_raw/wastesorting/scene_04/ours/run_02_seed_1838985415/exp_wastesorting_20260921_014521_828805.txt,experiments_logs/analysis_recent/when_what_policy_ablation_20260921/00_raw/wastesorting/scene_04/value_what/run_02_seed_1838985415/exp_wastesorting_20260921_220005_687929.txt,1,1,-11.0,0.0,-1.8585000000000003,0.0
wastesorting,04,1852316728,ours,value_what,experiments_logs/analysis_recent/when_what_policy_ablation_20260921/00_raw/wastesorting/scene_04/ours/run_37_seed_1852316728/exp_wastesorting_20260921_014612_635975.txt,experiments_logs/analysis_recent/when_what_policy_ablation_20260921/00_raw/wastesorting/scene_04/value_what/run_37_seed_1852316728/exp_wastesorting_20260921_220129_820831.txt,1,1,-7.0,1.0,-1.8729,0.0
wastesorting,04,1973069430,ours,value_what,experiments_logs/analysis_recent/when_what_policy_ablation_20260921/00_raw/wastesorting/scene_04/ours/run_03_seed_1973069430/exp_wastesorting_20260921_014523_267562.txt,experiments_logs/analysis_recent/when_what_policy_ablation_20260921/00_raw/wastesorting/scene_04/value_what/run_03_seed_1973069430/exp_wastesorting_20260921_220008_258242.txt,1,1,-8.0,-1.0,-1.4964,-5.0
wastesorting,04,2303938088,ours,value_what,experiments_logs/analysis_recent/when_what_policy_ablation_20260921/00_raw/wastesorting/scene_04/ours/run_30_seed_2303938088/exp_wastesorting_20260921_014602_562679.txt,experiments_logs/analysis_recent/when_what_policy_ablation_20260921/00_raw/wastesorting/scene_04/value_what/run_30_seed_2303938088/exp_wastesorting_20260921_220113_516253.txt,1,1,-4.0,0.0,-1.4566,0.0
wastesorting,04,2350780499,ours,value_what,experiments_logs/analysis_recent/when_what_policy_ablation_20260921/00_raw/wastesorting/scene_04/ours/run_06_seed_2350780499/exp_wastesorting_20260921_014527_558093.txt,experiments_logs/analysis_recent/when_what_policy_ablation_20260921/00_raw/wastesorting/scene_04/value_what/run_06_seed_2350780499/exp_wastesorting_20260921_220014_988366.txt,1,1,-1.0,0.0,-0.5528000000000001,0.0
wastesorting,04,2401657902,ours,value_what,experiments_logs/analysis_recent/when_what_policy_ablation_20260921/00_raw/wastesorting/scene_04/ours/run_07_seed_2401657902/exp_wastesorting_20260921_014529_001472.txt,experiments_logs/analysis_recent/when_what_policy_ablation_20260921/00_raw/wastesorting/scene_04/value_what/run_07_seed_2401657902/exp_wastesorting_20260921_220017_147578.txt,1,1,2.0,0.0,-1.0897999999999999,0.0
wastesorting,04,2413410080,ours,value_what,experiments_logs/analysis_recent/when_what_policy_ablation_20260921/00_raw/wastesorting/scene_04/ours/run_19_seed_2413410080/exp_wastesorting_20260921_014546_499465.txt,experiments_logs/analysis_recent/when_what_policy_ablation_20260921/00_raw/wastesorting/scene_04/value_what/run_19_seed_2413410080/exp_wastesorting_20260921_220046_535910.txt,1,1,-8.0,-1.0,-1.9220000000000002,-15.0
wastesorting,04,2630099760,ours,value_what,experiments_logs/analysis_recent/when_what_policy_ablation_20260921/00_raw/wastesorting/scene_04/ours/run_26_seed_2630099760/exp_wastesorting_20260921_014556_668007.txt,experiments_logs/analysis_recent/when_what_policy_ablation_20260921/00_raw/wastesorting/scene_04/value_what/run_26_seed_2630099760/exp_wastesorting_20260921_220102_898101.txt,1,1,-2.0,0.0,-0.8237,0.0
wastesorting,04,2877610580,ours,value_what,experiments_logs/analysis_recent/when_what_policy_ablation_20260921/00_raw/wastesorting/scene_04/ours/run_36_seed_2877610580/exp_wastesorting_20260921_014611_030098.txt,experiments_logs/analysis_recent/when_what_policy_ablation_20260921/00_raw/wastesorting/scene_04/value_what/run_36_seed_2877610580/exp_wastesorting_20260921_220126_715493.txt,1,1,-6.0,0.0,-1.2522000000000002,0.0
wastesorting,04,2967203946,ours,value_what,experiments_logs/analysis_recent/when_what_policy_ablation_20260921/00_raw/wastesorting/scene_04/ours/run_40_seed_2967203946/exp_wastesorting_20260921_014617_330787.txt,experiments_logs/analysis_recent/when_what_policy_ablation_20260921/00_raw/wastesorting/scene_04/value_what/run_40_seed_2967203946/exp_wastesorting_20260921_220139_157004.txt,1,1,-11.0,0.0,-1.5762999999999998,0.0
wastesorting,04,3110233099,ours,value_what,experiments_logs/analysis_recent/when_what_policy_ablation_20260921/00_raw/wastesorting/scene_04/ours/run_12_seed_3110233099/exp_wastesorting_20260921_014536_309975.txt,experiments_logs/analysis_recent/when_what_policy_ablation_20260921/00_raw/wastesorting/scene_04/value_what/run_12_seed_3110233099/exp_wastesorting_20260921_220029_850182.txt,1,1,-2.0,0.0,-1.4366000000000003,0.0
wastesorting,04,3182553066,ours,value_what,experiments_logs/analysis_recent/when_what_policy_ablation_20260921/00_raw/wastesorting/scene_04/ours/run_08_seed_3182553066/exp_wastesorting_20260921_014530_489282.txt,experiments_logs/analysis_recent/when_what_policy_ablation_20260921/00_raw/wastesorting/scene_04/value_what/run_08_seed_3182553066/exp_wastesorting_20260921_220019_593124.txt,1,1,-4.0,-1.0,-1.3337999999999999,-15.0
wastesorting,04,3201562577,ours,value_what,experiments_logs/analysis_recent/when_what_policy_ablation_20260921/00_raw/wastesorting/scene_04/ours/run_05_seed_3201562577/exp_wastesorting_20260921_014526_123245.txt,experiments_logs/analysis_recent/when_what_policy_ablation_20260921/00_raw/wastesorting/scene_04/value_what/run_05_seed_3201562577/exp_wastesorting_20260921_220013_373260.txt,1,1,-7.0,0.0,-1.6155999999999997,0.0
wastesorting,04,3291161639,ours,value_what,experiments_logs/analysis_recent/when_what_policy_ablation_20260921/00_raw/wastesorting/scene_04/ours/run_01_seed_3291161639/exp_wastesorting_20260921_014520_343860.txt,experiments_logs/analysis_recent/when_what_policy_ablation_20260921/00_raw/wastesorting/scene_04/value_what/run_01_seed_3291161639/exp_wastesorting_20260921_220002_726286.txt,1,1,-4.0,-4.0,-1.1320999999999999,-20.0
wastesorting,04,3292785302,ours,value_what,experiments_logs/analysis_recent/when_what_policy_ablation_20260921/00_raw/wastesorting/scene_04/ours/run_35_seed_3292785302/exp_wastesorting_20260921_014609_655793.txt,experiments_logs/analysis_recent/when_what_policy_ablation_20260921/00_raw/wastesorting/scene_04/value_what/run_35_seed_3292785302/exp_wastesorting_20260921_220124_456544.txt,1,1,-6.0,0.0,-1.2930000000000001,0.0
wastesorting,04,3310113005,ours,value_what,experiments_logs/analysis_recent/when_what_policy_ablation_20260921/00_raw/wastesorting/scene_04/ours/run_20_seed_3310113005/exp_wastesorting_20260921_014547_909583.txt,experiments_logs/analysis_recent/when_what_policy_ablation_20260921/00_raw/wastesorting/scene_04/value_what/run_20_seed_3310113005/exp_wastesorting_20260921_220048_511097.txt,1,1,-4.0,0.0,-0.9387000000000001,0.0
wastesorting,04,3369209442,ours,value_what,experiments_logs/analysis_recent/when_what_policy_ablation_20260921/00_raw/wastesorting/scene_04/ours/run_16_seed_3369209442/exp_wastesorting_20260921_014542_040678.txt,experiments_logs/analysis_recent/when_what_policy_ablation_20260921/00_raw/wastesorting/scene_04/value_what/run_16_seed_3369209442/exp_wastesorting_20260921_220039_616205.txt,1,1,-4.0,0.0,-1.2903000000000002,0.0
wastesorting,04,3414205865,ours,value_what,experiments_logs/analysis_recent/when_what_policy_ablation_20260921/00_raw/wastesorting/scene_04/ours/run_22_seed_3414205865/exp_wastesorting_20260921_014550_891722.txt,experiments_logs/analysis_recent/when_what_policy_ablation_20260921/00_raw/wastesorting/scene_04/value_what/run_22_seed_3414205865/exp_wastesorting_20260921_220053_672074.txt,1,1,-6.0,0.0,-1.4564000000000001,0.0
wastesorting,04,3576324234,ours,value_what,experiments_logs/analysis_recent/when_what_policy_ablation_20260921/00_raw/wastesorting/scene_04/ours/run_33_seed_3576324234/exp_wastesorting_20260921_014606_746574.txt,experiments_logs/analysis_recent/when_what_policy_ablation_20260921/00_raw/wastesorting/scene_04/value_what/run_33_seed_3576324234/exp_wastesorting_20260921_220119_577769.txt,1,1,-3.0,0.0,-0.9293999999999999,0.0
wastesorting,04,3692021791,ours,value_what,experiments_logs/analysis_recent/when_what_policy_ablation_20260921/00_raw/wastesorting/scene_04/ours/run_17_seed_3692021791/exp_wastesorting_20260921_014543_451002.txt,experiments_logs/analysis_recent/when_what_policy_ablation_20260921/00_raw/wastesorting/scene_04/value_what/run_17_seed_3692021791/exp_wastesorting_20260921_220041_571158.txt,1,1,-3.0,0.0,-0.9136000000000001,0.0
wastesorting,04,3718837247,ours,value_what,experiments_logs/analysis_recent/when_what_policy_ablation_20260921/00_raw/wastesorting/scene_04/ours/run_14_seed_3718837247/exp_wastesorting_20260921_014539_196410.txt,experiments_logs/analysis_recent/when_what_policy_ablation_20260921/00_raw/wastesorting/scene_04/value_what/run_14_seed_3718837247/exp_wastesorting_20260921_220034_904651.txt,1,1,-11.0,0.0,-1.9923,0.0
wastesorting,04,3787165175,ours,value_what,experiments_logs/analysis_recent/when_what_policy_ablation_20260921/00_raw/wastesorting/scene_04/ours/run_27_seed_3787165175/exp_wastesorting_20260921_014558_122896.txt,experiments_logs/analysis_recent/when_what_policy_ablation_20260921/00_raw/wastesorting/scene_04/value_what/run_27_seed_3787165175/exp_wastesorting_20260921_220105_857722.txt,1,1,-10.0,0.0,-1.8963999999999999,0.0
wastesorting,04,3966743771,ours,value_what,experiments_logs/analysis_recent/when_what_policy_ablation_20260921/00_raw/wastesorting/scene_04/ours/run_34_seed_3966743771/exp_wastesorting_20260921_014608_190937.txt,experiments_logs/analysis_recent/when_what_policy_ablation_20260921/00_raw/wastesorting/scene_04/value_what/run_34_seed_3966743771/exp_wastesorting_20260921_220122_082254.txt,1,1,-5.0,-2.0,-1.4373,-15.0
wastesorting,04,3973487875,ours,value_what,experiments_logs/analysis_recent/when_what_policy_ablation_20260921/00_raw/wastesorting/scene_04/ours/run_32_seed_3973487875/exp_wastesorting_20260921_014605_376363.txt,experiments_logs/analysis_recent/when_what_policy_ablation_20260921/00_raw/wastesorting/scene_04/value_what/run_32_seed_3973487875/exp_wastesorting_20260921_220117_651774.txt,1,1,-6.0,0.0,-0.9414,0.0
wastesorting,04,3989924643,ours,value_what,experiments_logs/analysis_recent/when_what_policy_ablation_20260921/00_raw/wastesorting/scene_04/ours/run_23_seed_3989924643/exp_wastesorting_20260921_014552_350654.txt,experiments_logs/analysis_recent/when_what_policy_ablation_20260921/00_raw/wastesorting/scene_04/value_what/run_23_seed_3989924643/exp_wastesorting_20260921_220055_697230.txt,1,1,-3.0,0.0,-0.9383999999999999,-15.0
wastesorting,04,414427021,ours,value_what,experiments_logs/analysis_recent/when_what_policy_ablation_20260921/00_raw/wastesorting/scene_04/ours/run_04_seed_414427021/exp_wastesorting_20260921_014524_714595.txt,experiments_logs/analysis_recent/when_what_policy_ablation_20260921/00_raw/wastesorting/scene_04/value_what/run_04_seed_414427021/exp_wastesorting_20260921_220010_718916.txt,1,1,-6.0,-2.0,-1.3726999999999998,-20.0
wastesorting,04,4193229496,ours,value_what,experiments_logs/analysis_recent/when_what_policy_ablation_20260921/00_raw/wastesorting/scene_04/ours/run_15_seed_4193229496/exp_wastesorting_20260921_014540_608479.txt,experiments_logs/analysis_recent/when_what_policy_ablation_20260921/00_raw/wastesorting/scene_04/value_what/run_15_seed_4193229496/exp_wastesorting_20260921_220037_265871.txt,1,1,-6.0,0.0,-1.3313,0.0
wastesorting,04,472386282,ours,value_what,experiments_logs/analysis_recent/when_what_policy_ablation_20260921/00_raw/wastesorting/scene_04/ours/run_10_seed_472386282/exp_wastesorting_20260921_014533_461969.txt,experiments_logs/analysis_recent/when_what_policy_ablation_20260921/00_raw/wastesorting/scene_04/value_what/run_10_seed_472386282/exp_wastesorting_20260921_220024_559510.txt,1,1,-6.0,0.0,-1.8801,0.0
wastesorting,04,506359200,ours,value_what,experiments_logs/analysis_recent/when_what_policy_ablation_20260921/00_raw/wastesorting/scene_04/ours/run_29_seed_506359200/exp_wastesorting_20260921_014601_080559.txt,experiments_logs/analysis_recent/when_what_policy_ablation_20260921/00_raw/wastesorting/scene_04/value_what/run_29_seed_506359200/exp_wastesorting_20260921_220110_955860.txt,1,1,-5.0,0.0,-1.7205000000000001,0.0
wastesorting,04,558605806,ours,value_what,experiments_logs/analysis_recent/when_what_policy_ablation_20260921/00_raw/wastesorting/scene_04/ours/run_11_seed_558605806/exp_wastesorting_20260921_014534_851259.txt,experiments_logs/analysis_recent/when_what_policy_ablation_20260921/00_raw/wastesorting/scene_04/value_what/run_11_seed_558605806/exp_wastesorting_20260921_220027_333201.txt,1,1,-11.0,0.0,-1.754,0.0
wastesorting,05,1045529480,ours,value_what,experiments_logs/analysis_recent/when_what_policy_ablation_20260921/00_raw/wastesorting/scene_05/ours/run_27_seed_1045529480/exp_wastesorting_20260921_014657_036446.txt,experiments_logs/analysis_recent/when_what_policy_ablation_20260921/00_raw/wastesorting/scene_05/value_what/run_27_seed_1045529480/exp_wastesorting_20260921_220240_626519.txt,1,1,0.0,0.0,-0.7679,0.0
wastesorting,05,1045924611,ours,value_what,experiments_logs/analysis_recent/when_what_policy_ablation_20260921/00_raw/wastesorting/scene_05/ours/run_22_seed_1045924611/exp_wastesorting_20260921_014649_503008.txt,experiments_logs/analysis_recent/when_what_policy_ablation_20260921/00_raw/wastesorting/scene_05/value_what/run_22_seed_1045924611/exp_wastesorting_20260921_220229_678246.txt,1,1,-1.0,0.0,-0.8182,0.0
wastesorting,05,1159978775,ours,value_what,experiments_logs/analysis_recent/when_what_policy_ablation_20260921/00_raw/wastesorting/scene_05/ours/run_18_seed_1159978775/exp_wastesorting_20260921_014643_460021.txt,experiments_logs/analysis_recent/when_what_policy_ablation_20260921/00_raw/wastesorting/scene_05/value_what/run_18_seed_1159978775/exp_wastesorting_20260921_220220_159116.txt,1,1,-5.0,0.0,-1.0415,0.0
wastesorting,05,1253677920,ours,value_what,experiments_logs/analysis_recent/when_what_policy_ablation_20260921/00_raw/wastesorting/scene_05/ours/run_24_seed_1253677920/exp_wastesorting_20260921_014652_430872.txt,experiments_logs/analysis_recent/when_what_policy_ablation_20260921/00_raw/wastesorting/scene_05/value_what/run_24_seed_1253677920/exp_wastesorting_20260921_220234_023695.txt,1,1,-5.0,0.0,-1.0635000000000001,0.0
wastesorting,05,1280378645,ours,value_what,experiments_logs/analysis_recent/when_what_policy_ablation_20260921/00_raw/wastesorting/scene_05/ours/run_04_seed_1280378645/exp_wastesorting_20260921_014623_194619.txt,experiments_logs/analysis_recent/when_what_policy_ablation_20260921/00_raw/wastesorting/scene_05/value_what/run_04_seed_1280378645/exp_wastesorting_20260921_220148_119070.txt,1,1,-9.0,0.0,-1.5027,0.0
wastesorting,05,1380997039,ours,value_what,experiments_logs/analysis_recent/when_what_policy_ablation_20260921/00_raw/wastesorting/scene_05/ours/run_34_seed_1380997039/exp_wastesorting_20260921_014707_025526.txt,experiments_logs/analysis_recent/when_what_policy_ablation_20260921/00_raw/wastesorting/scene_05/value_what/run_34_seed_1380997039/exp_wastesorting_20260921_220255_341470.txt,1,1,-5.0,0.0,-0.9665999999999999,0.0
wastesorting,05,1489971784,ours,value_what,experiments_logs/analysis_recent/when_what_policy_ablation_20260921/00_raw/wastesorting/scene_05/ours/run_06_seed_1489971784/exp_wastesorting_20260921_014626_078427.txt,experiments_logs/analysis_recent/when_what_policy_ablation_20260921/00_raw/wastesorting/scene_05/value_what/run_06_seed_1489971784/exp_wastesorting_20260921_220153_238772.txt,1,1,-9.0,0.0,-1.6753,0.0
wastesorting,05,1668817081,ours,value_what,experiments_logs/analysis_recent/when_what_policy_ablation_20260921/00_raw/wastesorting/scene_05/ours/run_32_seed_1668817081/exp_wastesorting_20260921_014704_243160.txt,experiments_logs/analysis_recent/when_what_policy_ablation_20260921/00_raw/wastesorting/scene_05/value_what/run_32_seed_1668817081/exp_wastesorting_20260921_220251_526352.txt,1,1,-3.0,-1.0,-0.7864000000000001,-15.0
wastesorting,05,1980913558,ours,value_what,experiments_logs/analysis_recent/when_what_policy_ablation_20260921/00_raw/wastesorting/scene_05/ours/run_37_seed_1980913558/exp_wastesorting_20260921_014711_235056.txt,experiments_logs/analysis_recent/when_what_policy_ablation_20260921/00_raw/wastesorting/scene_05/value_what/run_37_seed_1980913558/exp_wastesorting_20260921_220303_195123.txt,1,1,-14.0,0.0,-2.0395000000000003,0.0
wastesorting,05,2300990510,ours,value_what,experiments_logs/analysis_recent/when_what_policy_ablation_20260921/00_raw/wastesorting/scene_05/ours/run_35_seed_2300990510/exp_wastesorting_20260921_014708_411935.txt,experiments_logs/analysis_recent/when_what_policy_ablation_20260921/00_raw/wastesorting/scene_05/value_what/run_35_seed_2300990510/exp_wastesorting_20260921_220258_166328.txt,1,1,-9.0,0.0,-1.8084000000000002,0.0
wastesorting,05,230996701,ours,value_what,experiments_logs/analysis_recent/when_what_policy_ablation_20260921/00_raw/wastesorting/scene_05/ours/run_29_seed_230996701/exp_wastesorting_20260921_014659_938240.txt,experiments_logs/analysis_recent/when_what_policy_ablation_20260921/00_raw/wastesorting/scene_05/value_what/run_29_seed_230996701/exp_wastesorting_20260921_220245_232162.txt,1,1,-3.0,0.0,-1.3729,0.0
wastesorting,05,2624923704,ours,value_what,experiments_logs/analysis_recent/when_what_policy_ablation_20260921/00_raw/wastesorting/scene_05/ours/run_09_seed_2624923704/exp_wastesorting_20260921_014630_375465.txt,experiments_logs/analysis_recent/when_what_policy_ablation_20260921/00_raw/wastesorting/scene_05/value_what/run_09_seed_2624923704/exp_wastesorting_20260921_220200_268541.txt,1,1,-6.0,0.0,-1.3448999999999998,0.0
wastesorting,05,2645731214,ours,value_what,experiments_logs/analysis_recent/when_what_policy_ablation_20260921/00_raw/wastesorting/scene_05/ours/run_36_seed_2645731214/exp_wastesorting_20260921_014709_827166.txt,experiments_logs/analysis_recent/when_what_policy_ablation_20260921/00_raw/wastesorting/scene_05/value_what/run_36_seed_2645731214/exp_wastesorting_20260921_220300_131755.txt,1,1,-1.0,-1.0,-0.9472999999999999,-5.0
wastesorting,05,2666206818,ours,value_what,experiments_logs/analysis_recent/when_what_policy_ablation_20260921/00_raw/wastesorting/scene_05/ours/run_14_seed_2666206818/exp_wastesorting_20260921_014637_652489.txt,experiments_logs/analysis_recent/when_what_policy_ablation_20260921/00_raw/wastesorting/scene_05/value_what/run_14_seed_2666206818/exp_wastesorting_20260921_220211_363554.txt,1,1,-6.0,0.0,-1.4612,0.0
wastesorting,05,2681637189,ours,value_what,experiments_logs/analysis_recent/when_what_policy_ablation_20260921/00_raw/wastesorting/scene_05/ours/run_15_seed_2681637189/exp_wastesorting_20260921_014639_052987.txt,experiments_logs/analysis_recent/when_what_policy_ablation_20260921/00_raw/wastesorting/scene_05/value_what/run_15_seed_2681637189/exp_wastesorting_20260921_220213_751526.txt,1,1,-6.0,-1.0,-1.3595,-15.0
wastesorting,05,2741241943,ours,value_what,experiments_logs/analysis_recent/when_what_policy_ablation_20260921/00_raw/wastesorting/scene_05/ours/run_40_seed_2741241943/exp_wastesorting_20260921_014715_492508.txt,experiments_logs/analysis_recent/when_what_policy_ablation_20260921/00_raw/wastesorting/scene_05/value_what/run_40_seed_2741241943/exp_wastesorting_20260921_220310_533926.txt,1,1,-8.0,0.0,-1.7851000000000001,0.0
wastesorting,05,2875578355,ours,value_what,experiments_logs/analysis_recent/when_what_policy_ablation_20260921/00_raw/wastesorting/scene_05/ours/run_28_seed_2875578355/exp_wastesorting_20260921_014658_451935.txt,experiments_logs/analysis_recent/when_what_policy_ablation_20260921/00_raw/wastesorting/scene_05/value_what/run_28_seed_2875578355/exp_wastesorting_20260921_220242_742608.txt,1,1,0.0,-1.0,-1.0756,-20.0
wastesorting,05,3130661448,ours,value_what,experiments_logs/analysis_recent/when_what_policy_ablation_20260921/00_raw/wastesorting/scene_05/ours/run_10_seed_3130661448/exp_wastesorting_20260921_014631_824961.txt,experiments_logs/analysis_recent/when_what_policy_ablation_20260921/00_raw/wastesorting/scene_05/value_what/run_10_seed_3130661448/exp_wastesorting_20260921_220202_638233.txt,1,1,-3.0,-1.0,-1.2995999999999999,-15.0
wastesorting,05,3215763495,ours,value_what,experiments_logs/analysis_recent/when_what_policy_ablation_20260921/00_raw/wastesorting/scene_05/ours/run_21_seed_3215763495/exp_wastesorting_20260921_014647_892579.txt,experiments_logs/analysis_recent/when_what_policy_ablation_20260921/00_raw/wastesorting/scene_05/value_what/run_21_seed_3215763495/exp_wastesorting_20260921_220227_631668.txt,1,1,-8.0,-1.0,-1.1784999999999997,-15.0
wastesorting,05,3225313600,ours,value_what,experiments_logs/analysis_recent/when_what_policy_ablation_20260921/00_raw/wastesorting/scene_05/ours/run_33_seed_3225313600/exp_wastesorting_20260921_014705_624761.txt,experiments_logs/analysis_recent/when_what_policy_ablation_20260921/00_raw/wastesorting/scene_05/value_what/run_33_seed_3225313600/exp_wastesorting_20260921_220253_361236.txt,1,1,-4.0,0.0,-0.8391,0.0
wastesorting,05,3351623416,ours,value_what,experiments_logs/analysis_recent/when_what_policy_ablation_20260921/00_raw/wastesorting/scene_05/ours/run_20_seed_3351623416/exp_wastesorting_20260921_014646_498392.txt,experiments_logs/analysis_recent/when_what_policy_ablation_20260921/00_raw/wastesorting/scene_05/value_what/run_20_seed_3351623416/exp_wastesorting_20260921_220225_441292.txt,1,1,-5.0,0.0,-1.4627,0.0
wastesorting,05,3520141308,ours,value_what,experiments_logs/analysis_recent/when_what_policy_ablation_20260921/00_raw/wastesorting/scene_05/ours/run_07_seed_3520141308/exp_wastesorting_20260921_014627_536285.txt,experiments_logs/analysis_recent/when_what_policy_ablation_20260921/00_raw/wastesorting/scene_05/value_what/run_07_seed_3520141308/exp_wastesorting_20260921_220155_226240.txt,1,1,0.0,-1.0,-0.9097,-15.0
wastesorting,05,3537170530,ours,value_what,experiments_logs/analysis_recent/when_what_policy_ablation_20260921/00_raw/wastesorting/scene_05/ours/run_03_seed_3537170530/exp_wastesorting_20260921_014621_719440.txt,experiments_logs/analysis_recent/when_what_policy_ablation_20260921/00_raw/wastesorting/scene_05/value_what/run_03_seed_3537170530/exp_wastesorting_20260921_220145_514479.txt,1,1,-4.0,0.0,-0.7378,0.0
wastesorting,05,3586644066,ours,value_what,experiments_logs/analysis_recent/when_what_policy_ablation_20260921/00_raw/wastesorting/scene_05/ours/run_16_seed_3586644066/exp_wastesorting_20260921_014640_487904.txt,experiments_logs/analysis_recent/when_what_policy_ablation_20260921/00_raw/wastesorting/scene_05/value_what/run_16_seed_3586644066/exp_wastesorting_20260921_220215_524483.txt,1,1,2.0,0.0,-0.7057,0.0
wastesorting,05,3622248746,ours,value_what,experiments_logs/analysis_recent/when_what_policy_ablation_20260921/00_raw/wastesorting/scene_05/ours/run_11_seed_3622248746/exp_wastesorting_20260921_014633_249434.txt,experiments_logs/analysis_recent/when_what_policy_ablation_20260921/00_raw/wastesorting/scene_05/value_what/run_11_seed_3622248746/exp_wastesorting_20260921_220204_668695.txt,1,1,-6.0,0.0,-0.9789,0.0
wastesorting,05,3656925474,ours,value_what,experiments_logs/analysis_recent/when_what_policy_ablation_20260921/00_raw/wastesorting/scene_05/ours/run_05_seed_3656925474/exp_wastesorting_20260921_014624_682312.txt,experiments_logs/analysis_recent/when_what_policy_ablation_20260921/00_raw/wastesorting/scene_05/value_what/run_05_seed_3656925474/exp_wastesorting_20260921_220150_542612.txt,1,1,-7.0,0.0,-1.3143,0.0
wastesorting,05,3677160998,ours,value_what,experiments_logs/analysis_recent/when_what_policy_ablation_20260921/00_raw/wastesorting/scene_05/ours/run_17_seed_3677160998/exp_wastesorting_20260921_014641_986540.txt,experiments_logs/analysis_recent/when_what_policy_ablation_20260921/00_raw/wastesorting/scene_05/value_what/run_17_seed_3677160998/exp_wastesorting_20260921_220218_009576.txt,1,1,-7.0,0.0,-1.3497000000000001,0.0
wastesorting,05,3690243405,ours,value_what,experiments_logs/analysis_recent/when_what_policy_ablation_20260921/00_raw/wastesorting/scene_05/ours/run_13_seed_3690243405/exp_wastesorting_20260921_014636_158259.txt,experiments_logs/analysis_recent/when_what_policy_ablation_20260921/00_raw/wastesorting/scene_05/value_what/run_13_seed_3690243405/exp_wastesorting_20260921_220208_782910.txt,1,1,-5.0,0.0,-0.9395999999999999,0.0
wastesorting,05,382724118,ours,value_what,experiments_logs/analysis_recent/when_what_policy_ablation_20260921/00_raw/wastesorting/scene_05/ours/run_25_seed_382724118/exp_wastesorting_20260921_014654_102992.txt,experiments_logs/analysis_recent/when_what_policy_ablation_20260921/00_raw/wastesorting/scene_05/value_what/run_25_seed_382724118/exp_wastesorting_20260921_220236_527410.txt,1,1,-6.0,0.0,-1.2063,0.0
wastesorting,05,3979866682,ours,value_what,experiments_logs/analysis_recent/when_what_policy_ablation_20260921/00_raw/wastesorting/scene_05/ours/run_39_seed_3979866682/exp_wastesorting_20260921_014714_098295.txt,experiments_logs/analysis_recent/when_what_policy_ablation_20260921/00_raw/wastesorting/scene_05/value_what/run_39_seed_3979866682/exp_wastesorting_20260921_220307_729904.txt,1,1,-3.0,1.0,-1.3213,0.0
wastesorting,05,4060354637,ours,value_what,experiments_logs/analysis_recent/when_what_policy_ablation_20260921/00_raw/wastesorting/scene_05/ours/run_38_seed_4060354637/exp_wastesorting_20260921_014712_666468.txt,experiments_logs/analysis_recent/when_what_policy_ablation_20260921/00_raw/wastesorting/scene_05/value_what/run_38_seed_4060354637/exp_wastesorting_20260921_220305_349562.txt,1,1,-5.0,0.0,-1.0935000000000001,0.0
wastesorting,05,4085569034,ours,value_what,experiments_logs/analysis_recent/when_what_policy_ablation_20260921/00_raw/wastesorting/scene_05/ours/run_26_seed_4085569034/exp_wastesorting_20260921_014655_507610.txt,experiments_logs/analysis_recent/when_what_policy_ablation_20260921/00_raw/wastesorting/scene_05/value_what/run_26_seed_4085569034/exp_wastesorting_20260921_220238_712191.txt,1,1,-7.0,0.0,-1.1573000000000002,0.0
wastesorting,05,411692590,ours,value_what,experiments_logs/analysis_recent/when_what_policy_ablation_20260921/00_raw/wastesorting/scene_05/ours/run_08_seed_411692590/exp_wastesorting_20260921_014628_978445.txt,experiments_logs/analysis_recent/when_what_policy_ablation_20260921/00_raw/wastesorting/scene_05/value_what/run_08_seed_411692590/exp_wastesorting_20260921_220157_895043.txt,1,1,-9.0,-2.0,-1.6148,-15.0
wastesorting,05,4128091398,ours,value_what,experiments_logs/analysis_recent/when_what_policy_ablation_20260921/00_raw/wastesorting/scene_05/ours/run_19_seed_4128091398/exp_wastesorting_20260921_014645_069886.txt,experiments_logs/analysis_recent/when_what_policy_ablation_20260921/00_raw/wastesorting/scene_05/value_what/run_19_seed_4128091398/exp_wastesorting_20260921_220222_931503.txt,1,1,-8.0,0.0,-1.544,0.0
wastesorting,05,4259545291,ours,value_what,experiments_logs/analysis_recent/when_what_policy_ablation_20260921/00_raw/wastesorting/scene_05/ours/run_30_seed_4259545291/exp_wastesorting_20260921_014701_421119.txt,experiments_logs/analysis_recent/when_what_policy_ablation_20260921/00_raw/wastesorting/scene_05/value_what/run_30_seed_4259545291/exp_wastesorting_20260921_220247_285872.txt,1,1,-4.0,-1.0,-0.9418000000000001,-15.0
wastesorting,05,435659992,ours,value_what,experiments_logs/analysis_recent/when_what_policy_ablation_20260921/00_raw/wastesorting/scene_05/ours/run_02_seed_435659992/exp_wastesorting_20260921_014620_318175.txt,experiments_logs/analysis_recent/when_what_policy_ablation_20260921/00_raw/wastesorting/scene_05/value_what/run_02_seed_435659992/exp_wastesorting_20260921_220143_761890.txt,1,1,-4.0,0.0,-1.1556,0.0
wastesorting,05,449704548,ours,value_what,experiments_logs/analysis_recent/when_what_policy_ablation_20260921/00_raw/wastesorting/scene_05/ours/run_23_seed_449704548/exp_wastesorting_20260921_014650_918491.txt,experiments_logs/analysis_recent/when_what_policy_ablation_20260921/00_raw/wastesorting/scene_05/value_what/run_23_seed_449704548/exp_wastesorting_20260921_220231_829769.txt,1,1,-6.0,-2.0,-1.1243999999999998,-15.0
wastesorting,05,600649243,ours,value_what,experiments_logs/analysis_recent/when_what_policy_ablation_20260921/00_raw/wastesorting/scene_05/ours/run_12_seed_600649243/exp_wastesorting_20260921_014634_689631.txt,experiments_logs/analysis_recent/when_what_policy_ablation_20260921/00_raw/wastesorting/scene_05/value_what/run_12_seed_600649243/exp_wastesorting_20260921_220206_747136.txt,1,1,-5.0,0.0,-1.0030999999999999,0.0
wastesorting,05,630828154,ours,value_what,experiments_logs/analysis_recent/when_what_policy_ablation_20260921/00_raw/wastesorting/scene_05/ours/run_01_seed_630828154/exp_wastesorting_20260921_014618_784952.txt,experiments_logs/analysis_recent/when_what_policy_ablation_20260921/00_raw/wastesorting/scene_05/value_what/run_01_seed_630828154/exp_wastesorting_20260921_220141_455189.txt,1,1,-4.0,0.0,-1.2182,0.0
wastesorting,05,671361218,ours,value_what,experiments_logs/analysis_recent/when_what_policy_ablation_20260921/00_raw/wastesorting/scene_05/ours/run_31_seed_671361218/exp_wastesorting_20260921_014702_823010.txt,experiments_logs/analysis_recent/when_what_policy_ablation_20260921/00_raw/wastesorting/scene_05/value_what/run_31_seed_671361218/exp_wastesorting_20260921_220249_700718.txt,1,1,-7.0,0.0,-1.3814000000000002,0.0
