domain,scene,seed,reference,comparison,reference_source,comparison_source,reference_success,comparison_success,questions_delta,steps_delta,seconds_delta,reward_delta
tomato,01,1025671343,ours,cp_when,experiments_logs/analysis_recent/when_what_mechanisms_20260921/00_raw/tomato/scene_01/ours/run_40_seed_1025671343/exp_tomato_20260921_013741_685598.txt,experiments_logs/analysis_recent/when_what_mechanisms_20260921/00_raw/tomato/scene_01/cp_when/run_40_seed_1025671343/exp_tomato_20260921_020212_760071.txt,1,1,3.0,0.0,-23.588,0.0
tomato,01,1084618528,ours,cp_when,experiments_logs/analysis_recent/when_what_mechanisms_20260921/00_raw/tomato/scene_01/ours/run_33_seed_1084618528/exp_tomato_20260921_013729_333914.txt,experiments_logs/analysis_recent/when_what_mechanisms_20260921/00_raw/tomato/scene_01/cp_when/run_33_seed_1084618528/exp_tomato_20260921_015935_129800.txt,1,1,2.0,0.0,-19.6513,0.0
tomato,01,1201029111,ours,cp_when,experiments_logs/analysis_recent/when_what_mechanisms_20260921/00_raw/tomato/scene_01/ours/run_08_seed_1201029111/exp_tomato_20260921_013641_435969.txt,experiments_logs/analysis_recent/when_what_mechanisms_20260921/00_raw/tomato/scene_01/cp_when/run_08_seed_1201029111/exp_tomato_20260921_015022_477210.txt,1,1,-2.0,-4.0,-27.5678,0.0
tomato,01,1233339309,ours,cp_when,experiments_logs/analysis_recent/when_what_mechanisms_20260921/00_raw/tomato/scene_01/ours/run_27_seed_1233339309/exp_tomato_20260921_013712_009541.txt,experiments_logs/analysis_recent/when_what_mechanisms_20260921/00_raw/tomato/scene_01/cp_when/run_27_seed_1233339309/exp_tomato_20260921_015739_069101.txt,1,1,4.0,0.0,-21.267,0.0
tomato,01,1273020582,ours,cp_when,experiments_logs/analysis_recent/when_what_mechanisms_20260921/00_raw/tomato/scene_01/ours/run_03_seed_1273020582/exp_tomato_20260921_013632_758665.txt,experiments_logs/analysis_recent/when_what_mechanisms_20260921/00_raw/tomato/scene_01/cp_when/run_03_seed_1273020582/exp_tomato_20260921_014834_688242.txt,1,1,5.0,0.0,-23.345399999999998,0.0
tomato,01,1649478604,ours,cp_when,experiments_logs/analysis_recent/when_what_mechanisms_20260921/00_raw/tomato/scene_01/ours/run_25_seed_1649478604/exp_tomato_20260921_013708_744424.txt,experiments_logs/analysis_recent/when_what_mechanisms_20260921/00_raw/tomato/scene_01/cp_when/run_25_seed_1649478604/exp_tomato_20260921_015652_707289.txt,1,1,7.0,-1.0,-23.6621,0.0
tomato,01,1911303750,ours,cp_when,experiments_logs/analysis_recent/when_what_mechanisms_20260921/00_raw/tomato/scene_01/ours/run_06_seed_1911303750/exp_tomato_20260921_013638_056538.txt,experiments_logs/analysis_recent/when_what_mechanisms_20260921/00_raw/tomato/scene_01/cp_when/run_06_seed_1911303750/exp_tomato_20260921_014930_092089.txt,1,0,1.0,1.0,-20.930600000000002,10.0
tomato,01,2027029533,ours,cp_when,experiments_logs/analysis_recent/when_what_mechanisms_20260921/00_raw/tomato/scene_01/ours/run_17_seed_2027029533/exp_tomato_20260921_013656_248721.txt,experiments_logs/analysis_recent/when_what_mechanisms_20260921/00_raw/tomato/scene_01/cp_when/run_17_seed_2027029533/exp_tomato_20260921_015350_412474.txt,1,1,-1.0,-3.0,-27.9371,0.0
tomato,01,2030859206,ours,cp_when,experiments_logs/analysis_recent/when_what_mechanisms_20260921/00_raw/tomato/scene_01/ours/run_01_seed_2030859206/exp_tomato_20260921_013629_645526.txt,experiments_logs/analysis_recent/when_what_mechanisms_20260921/00_raw/tomato/scene_01/cp_when/run_01_seed_2030859206/exp_tomato_20260921_014747_481899.txt,1,1,-1.0,-3.0,-30.1198,0.0
tomato,01,217537032,ours,cp_when,experiments_logs/analysis_recent/when_what_mechanisms_20260921/00_raw/tomato/scene_01/ours/run_22_seed_217537032/exp_tomato_20260921_013704_174164.txt,experiments_logs/analysis_recent/when_what_mechanisms_20260921/00_raw/tomato/scene_01/cp_when/run_22_seed_217537032/exp_tomato_20260921_015543_690238.txt,1,1,7.0,-3.0,-28.499100000000002,0.0
tomato,01,2204152357,ours,cp_when,experiments_logs/analysis_recent/when_what_mechanisms_20260921/00_raw/tomato/scene_01/ours/run_26_seed_2204152357/exp_tomato_20260921_013710_360620.txt,experiments_logs/analysis_recent/when_what_mechanisms_20260921/00_raw/tomato/scene_01/cp_when/run_26_seed_2204152357/exp_tomato_20260921_015716_102038.txt,1,1,5.0,0.0,-21.7226,0.0
tomato,01,2222960263,ours,cp_when,experiments_logs/analysis_recent/when_what_mechanisms_20260921/00_raw/tomato/scene_01/ours/run_02_seed_2222960263/exp_tomato_20260921_013631_172555.txt,experiments_logs/analysis_recent/when_what_mechanisms_20260921/00_raw/tomato/scene_01/cp_when/run_02_seed_2222960263/exp_tomato_20260921_014809_698468.txt,1,1,6.0,1.0,-20.6315,0.0
tomato,01,2508123787,ours,cp_when,experiments_logs/analysis_recent/when_what_mechanisms_20260921/00_raw/tomato/scene_01/ours/run_10_seed_2508123787/exp_tomato_20260921_013644_670038.txt,experiments_logs/analysis_recent/when_what_mechanisms_20260921/00_raw/tomato/scene_01/cp_when/run_10_seed_2508123787/exp_tomato_20260921_015058_396794.txt,1,0,4.0,6.0,-11.558800000000002,20.0
tomato,01,2607182153,ours,cp_when,experiments_logs/analysis_recent/when_what_mechanisms_20260921/00_raw/tomato/scene_01/ours/run_36_seed_2607182153/exp_tomato_20260921_013734_064381.txt,experiments_logs/analysis_recent/when_what_mechanisms_20260921/00_raw/tomato/scene_01/cp_when/run_36_seed_2607182153/exp_tomato_20260921_020048_292105.txt,1,1,7.0,-1.0,-24.877299999999998,0.0
tomato,01,2698243041,ours,cp_when,experiments_logs/analysis_recent/when_what_mechanisms_20260921/00_raw/tomato/scene_01/ours/run_05_seed_2698243041/exp_tomato_20260921_013636_396936.txt,experiments_logs/analysis_recent/when_what_mechanisms_20260921/00_raw/tomato/scene_01/cp_when/run_05_seed_2698243041/exp_tomato_20260921_014907_435855.txt,1,1,2.0,1.0,-21.2635,0.0
tomato,01,2741500852,ours,cp_when,experiments_logs/analysis_recent/when_what_mechanisms_20260921/00_raw/tomato/scene_01/ours/run_11_seed_2741500852/exp_tomato_20260921_013646_461755.txt,experiments_logs/analysis_recent/when_what_mechanisms_20260921/00_raw/tomato/scene_01/cp_when/run_11_seed_2741500852/exp_tomato_20260921_015125_072927.txt,1,0,4.0,0.0,-24.8309,10.0
tomato,01,3008854274,ours,cp_when,experiments_logs/analysis_recent/when_what_mechanisms_20260921/00_raw/tomato/scene_01/ours/run_38_seed_3008854274/exp_tomato_20260921_013737_631876.txt,experiments_logs/analysis_recent/when_what_mechanisms_20260921/00_raw/tomato/scene_01/cp_when/run_38_seed_3008854274/exp_tomato_20260921_020132_974703.txt,1,0,4.0,5.0,-17.5914,20.0
tomato,01,3049697230,ours,cp_when,experiments_logs/analysis_recent/when_what_mechanisms_20260921/00_raw/tomato/scene_01/ours/run_15_seed_3049697230/exp_tomato_20260921_013652_903895.txt,experiments_logs/analysis_recent/when_what_mechanisms_20260921/00_raw/tomato/scene_01/cp_when/run_15_seed_3049697230/exp_tomato_20260921_015258_796335.txt,1,1,3.0,0.0,-23.3599,0.0
tomato,01,311025495,ours,cp_when,experiments_logs/analysis_recent/when_what_mechanisms_20260921/00_raw/tomato/scene_01/ours/run_20_seed_311025495/exp_tomato_20260921_013700_948247.txt,experiments_logs/analysis_recent/when_what_mechanisms_20260921/00_raw/tomato/scene_01/cp_when/run_20_seed_311025495/exp_tomato_20260921_015451_839941.txt,1,1,3.0,0.0,-21.473,0.0
tomato,01,323427982,ours,cp_when,experiments_logs/analysis_recent/when_what_mechanisms_20260921/00_raw/tomato/scene_01/ours/run_19_seed_323427982/exp_tomato_20260921_013659_373934.txt,experiments_logs/analysis_recent/when_what_mechanisms_20260921/00_raw/tomato/scene_01/cp_when/run_19_seed_323427982/exp_tomato_20260921_015428_721791.txt,1,1,2.0,-4.0,-28.2544,0.0
tomato,01,3325784884,ours,cp_when,experiments_logs/analysis_recent/when_what_mechanisms_20260921/00_raw/tomato/scene_01/ours/run_30_seed_3325784884/exp_tomato_20260921_013724_702826.txt,experiments_logs/analysis_recent/when_what_mechanisms_20260921/00_raw/tomato/scene_01/cp_when/run_30_seed_3325784884/exp_tomato_20260921_015837_950469.txt,0,0,4.0,36.0,-13.7995,-185.0
tomato,01,3357973338,ours,cp_when,experiments_logs/analysis_recent/when_what_mechanisms_20260921/00_raw/tomato/scene_01/ours/run_28_seed_3357973338/exp_tomato_20260921_013713_644827.txt,experiments_logs/analysis_recent/when_what_mechanisms_20260921/00_raw/tomato/scene_01/cp_when/run_28_seed_3357973338/exp_tomato_20260921_015752_912957.txt,1,0,8.0,6.0,-12.123899999999999,20.0
tomato,01,3373062200,ours,cp_when,experiments_logs/analysis_recent/when_what_mechanisms_20260921/00_raw/tomato/scene_01/ours/run_39_seed_3373062200/exp_tomato_20260921_013739_850947.txt,experiments_logs/analysis_recent/when_what_mechanisms_20260921/00_raw/tomato/scene_01/cp_when/run_39_seed_3373062200/exp_tomato_20260921_020147_146340.txt,1,0,8.0,10.0,-11.7727,20.0
tomato,01,338448945,ours,cp_when,experiments_logs/analysis_recent/when_what_mechanisms_20260921/00_raw/tomato/scene_01/ours/run_37_seed_338448945/exp_tomato_20260921_013735_732148.txt,experiments_logs/analysis_recent/when_what_mechanisms_20260921/00_raw/tomato/scene_01/cp_when/run_37_seed_338448945/exp_tomato_20260921_020113_342589.txt,1,1,5.0,0.0,-23.2722,0.0
tomato,01,3389846695,ours,cp_when,experiments_logs/analysis_recent/when_what_mechanisms_20260921/00_raw/tomato/scene_01/ours/run_09_seed_3389846695/exp_tomato_20260921_013643_028131.txt,experiments_logs/analysis_recent/when_what_mechanisms_20260921/00_raw/tomato/scene_01/cp_when/run_09_seed_3389846695/exp_tomato_20260921_015045_130612.txt,1,1,5.0,0.0,-20.9955,0.0
tomato,01,3466707993,ours,cp_when,experiments_logs/analysis_recent/when_what_mechanisms_20260921/00_raw/tomato/scene_01/ours/run_24_seed_3466707993/exp_tomato_20260921_013707_140488.txt,experiments_logs/analysis_recent/when_what_mechanisms_20260921/00_raw/tomato/scene_01/cp_when/run_24_seed_3466707993/exp_tomato_20260921_015627_378062.txt,1,1,4.0,1.0,-21.0152,0.0
tomato,01,3638621671,ours,cp_when,experiments_logs/analysis_recent/when_what_mechanisms_20260921/00_raw/tomato/scene_01/ours/run_32_seed_3638621671/exp_tomato_20260921_013727_898251.txt,experiments_logs/analysis_recent/when_what_mechanisms_20260921/00_raw/tomato/scene_01/cp_when/run_32_seed_3638621671/exp_tomato_20260921_015913_970926.txt,1,1,10.0,-1.0,-25.8525,0.0
tomato,01,3649707942,ours,cp_when,experiments_logs/analysis_recent/when_what_mechanisms_20260921/00_raw/tomato/scene_01/ours/run_29_seed_3649707942/exp_tomato_20260921_013715_132563.txt,experiments_logs/analysis_recent/when_what_mechanisms_20260921/00_raw/tomato/scene_01/cp_when/run_29_seed_3649707942/exp_tomato_20260921_015814_524876.txt,1,1,2.0,0.0,-20.0743,0.0
tomato,01,3736902642,ours,cp_when,experiments_logs/analysis_recent/when_what_mechanisms_20260921/00_raw/tomato/scene_01/ours/run_18_seed_3736902642/exp_tomato_20260921_013657_898170.txt,experiments_logs/analysis_recent/when_what_mechanisms_20260921/00_raw/tomato/scene_01/cp_when/run_18_seed_3736902642/exp_tomato_20260921_015358_944167.txt,1,0,8.0,11.0,-6.830399999999999,30.0
tomato,01,3877458541,ours,cp_when,experiments_logs/analysis_recent/when_what_mechanisms_20260921/00_raw/tomato/scene_01/ours/run_31_seed_3877458541/exp_tomato_20260921_013726_229856.txt,experiments_logs/analysis_recent/when_what_mechanisms_20260921/00_raw/tomato/scene_01/cp_when/run_31_seed_3877458541/exp_tomato_20260921_015846_382119.txt,1,0,6.0,8.0,-6.846400000000001,30.0
tomato,01,4028845444,ours,cp_when,experiments_logs/analysis_recent/when_what_mechanisms_20260921/00_raw/tomato/scene_01/ours/run_35_seed_4028845444/exp_tomato_20260921_013732_485056.txt,experiments_logs/analysis_recent/when_what_mechanisms_20260921/00_raw/tomato/scene_01/cp_when/run_35_seed_4028845444/exp_tomato_20260921_020021_769397.txt,1,1,3.0,0.0,-20.2018,0.0
tomato,01,405999239,ours,cp_when,experiments_logs/analysis_recent/when_what_mechanisms_20260921/00_raw/tomato/scene_01/ours/run_34_seed_405999239/exp_tomato_20260921_013731_023231.txt,experiments_logs/analysis_recent/when_what_mechanisms_20260921/00_raw/tomato/scene_01/cp_when/run_34_seed_405999239/exp_tomato_20260921_020000_049993.txt,1,1,9.0,-1.0,-23.1724,0.0
tomato,01,4065849833,ours,cp_when,experiments_logs/analysis_recent/when_what_mechanisms_20260921/00_raw/tomato/scene_01/ours/run_12_seed_4065849833/exp_tomato_20260921_013647_932202.txt,experiments_logs/analysis_recent/when_what_mechanisms_20260921/00_raw/tomato/scene_01/cp_when/run_12_seed_4065849833/exp_tomato_20260921_015147_165883.txt,1,1,-1.0,0.0,-20.567700000000002,0.0
tomato,01,532817344,ours,cp_when,experiments_logs/analysis_recent/when_what_mechanisms_20260921/00_raw/tomato/scene_01/ours/run_23_seed_532817344/exp_tomato_20260921_013705_654301.txt,experiments_logs/analysis_recent/when_what_mechanisms_20260921/00_raw/tomato/scene_01/cp_when/run_23_seed_532817344/exp_tomato_20260921_015604_814157.txt,1,1,4.0,0.0,-19.5961,0.0
tomato,01,597016452,ours,cp_when,experiments_logs/analysis_recent/when_what_mechanisms_20260921/00_raw/tomato/scene_01/ours/run_16_seed_597016452/exp_tomato_20260921_013654_403230.txt,experiments_logs/analysis_recent/when_what_mechanisms_20260921/00_raw/tomato/scene_01/cp_when/run_16_seed_597016452/exp_tomato_20260921_015320_572492.txt,1,1,5.0,0.0,-20.227300000000003,0.0
tomato,01,796400590,ours,cp_when,experiments_logs/analysis_recent/when_what_mechanisms_20260921/00_raw/tomato/scene_01/ours/run_07_seed_796400590/exp_tomato_20260921_013639_945912.txt,experiments_logs/analysis_recent/when_what_mechanisms_20260921/00_raw/tomato/scene_01/cp_when/run_07_seed_796400590/exp_tomato_20260921_014953_349176.txt,1,1,1.0,1.0,-21.304,0.0
tomato,01,821007751,ours,cp_when,experiments_logs/analysis_recent/when_what_mechanisms_20260921/00_raw/tomato/scene_01/ours/run_13_seed_821007751/exp_tomato_20260921_013649_554274.txt,experiments_logs/analysis_recent/when_what_mechanisms_20260921/00_raw/tomato/scene_01/cp_when/run_13_seed_821007751/exp_tomato_20260921_015211_170982.txt,1,1,-1.0,0.0,-22.325699999999998,0.0
tomato,01,866496583,ours,cp_when,experiments_logs/analysis_recent/when_what_mechanisms_20260921/00_raw/tomato/scene_01/ours/run_04_seed_866496583/exp_tomato_20260921_013634_643551.txt,experiments_logs/analysis_recent/when_what_mechanisms_20260921/00_raw/tomato/scene_01/cp_when/run_04_seed_866496583/exp_tomato_20260921_014844_358798.txt,1,0,6.0,10.0,-7.7246,30.0
tomato,01,871806833,ours,cp_when,experiments_logs/analysis_recent/when_what_mechanisms_20260921/00_raw/tomato/scene_01/ours/run_21_seed_871806833/exp_tomato_20260921_013702_481175.txt,experiments_logs/analysis_recent/when_what_mechanisms_20260921/00_raw/tomato/scene_01/cp_when/run_21_seed_871806833/exp_tomato_20260921_015513_448477.txt,1,1,8.0,1.0,-20.0152,0.0
tomato,01,965164034,ours,cp_when,experiments_logs/analysis_recent/when_what_mechanisms_20260921/00_raw/tomato/scene_01/ours/run_14_seed_965164034/exp_tomato_20260921_013651_010162.txt,experiments_logs/analysis_recent/when_what_mechanisms_20260921/00_raw/tomato/scene_01/cp_when/run_14_seed_965164034/exp_tomato_20260921_015233_473270.txt,1,1,5.0,1.0,-20.7899,0.0
tomato,02,1150817657,ours,cp_when,experiments_logs/analysis_recent/when_what_mechanisms_20260921/00_raw/tomato/scene_02/ours/run_04_seed_1150817657/exp_tomato_20260921_013749_080954.txt,experiments_logs/analysis_recent/when_what_mechanisms_20260921/00_raw/tomato/scene_02/cp_when/run_04_seed_1150817657/exp_tomato_20260921_020349_272786.txt,1,0,4.0,2.0,-18.761400000000002,10.0
tomato,02,1337352578,ours,cp_when,experiments_logs/analysis_recent/when_what_mechanisms_20260921/00_raw/tomato/scene_02/ours/run_12_seed_1337352578/exp_tomato_20260921_013801_301864.txt,experiments_logs/analysis_recent/when_what_mechanisms_20260921/00_raw/tomato/scene_02/cp_when/run_12_seed_1337352578/exp_tomato_20260921_020627_200745.txt,1,1,8.0,0.0,-21.6296,0.0
tomato,02,1408900490,ours,cp_when,experiments_logs/analysis_recent/when_what_mechanisms_20260921/00_raw/tomato/scene_02/ours/run_19_seed_1408900490/exp_tomato_20260921_013812_324845.txt,experiments_logs/analysis_recent/when_what_mechanisms_20260921/00_raw/tomato/scene_02/cp_when/run_19_seed_1408900490/exp_tomato_20260921_020901_883035.txt,1,1,5.0,0.0,-20.142,0.0
tomato,02,1422635806,ours,cp_when,experiments_logs/analysis_recent/when_what_mechanisms_20260921/00_raw/tomato/scene_02/ours/run_15_seed_1422635806/exp_tomato_20260921_013805_837748.txt,experiments_logs/analysis_recent/when_what_mechanisms_20260921/00_raw/tomato/scene_02/cp_when/run_15_seed_1422635806/exp_tomato_20260921_020730_407807.txt,1,0,7.0,9.0,-7.0259,30.0
tomato,02,1477592928,ours,cp_when,experiments_logs/analysis_recent/when_what_mechanisms_20260921/00_raw/tomato/scene_02/ours/run_39_seed_1477592928/exp_tomato_20260921_013844_128756.txt,experiments_logs/analysis_recent/when_what_mechanisms_20260921/00_raw/tomato/scene_02/cp_when/run_39_seed_1477592928/exp_tomato_20260921_021638_689734.txt,1,1,7.0,0.0,-20.93,0.0
tomato,02,1903174235,ours,cp_when,experiments_logs/analysis_recent/when_what_mechanisms_20260921/00_raw/tomato/scene_02/ours/run_14_seed_1903174235/exp_tomato_20260921_013804_340710.txt,experiments_logs/analysis_recent/when_what_mechanisms_20260921/00_raw/tomato/scene_02/cp_when/run_14_seed_1903174235/exp_tomato_20260921_020721_725580.txt,1,1,1.0,-6.0,-30.4802,0.0
tomato,02,1919828458,ours,cp_when,experiments_logs/analysis_recent/when_what_mechanisms_20260921/00_raw/tomato/scene_02/ours/run_38_seed_1919828458/exp_tomato_20260921_013842_675236.txt,experiments_logs/analysis_recent/when_what_mechanisms_20260921/00_raw/tomato/scene_02/cp_when/run_38_seed_1919828458/exp_tomato_20260921_021616_151509.txt,1,1,2.0,0.0,-21.927500000000002,0.0
tomato,02,1969507524,ours,cp_when,experiments_logs/analysis_recent/when_what_mechanisms_20260921/00_raw/tomato/scene_02/ours/run_20_seed_1969507524/exp_tomato_20260921_013813_938505.txt,experiments_logs/analysis_recent/when_what_mechanisms_20260921/00_raw/tomato/scene_02/cp_when/run_20_seed_1969507524/exp_tomato_20260921_020918_451046.txt,1,0,4.0,4.0,-14.9078,20.0
tomato,02,2138595888,ours,cp_when,experiments_logs/analysis_recent/when_what_mechanisms_20260921/00_raw/tomato/scene_02/ours/run_29_seed_2138595888/exp_tomato_20260921_013828_550678.txt,experiments_logs/analysis_recent/when_what_mechanisms_20260921/00_raw/tomato/scene_02/cp_when/run_29_seed_2138595888/exp_tomato_20260921_021258_378395.txt,1,1,3.0,-4.0,-27.4892,0.0
tomato,02,2293168667,ours,cp_when,experiments_logs/analysis_recent/when_what_mechanisms_20260921/00_raw/tomato/scene_02/ours/run_35_seed_2293168667/exp_tomato_20260921_013837_773855.txt,experiments_logs/analysis_recent/when_what_mechanisms_20260921/00_raw/tomato/scene_02/cp_when/run_35_seed_2293168667/exp_tomato_20260921_021503_247300.txt,1,0,2.0,-1.0,-21.852,10.0
tomato,02,2306136433,ours,cp_when,experiments_logs/analysis_recent/when_what_mechanisms_20260921/00_raw/tomato/scene_02/ours/run_03_seed_2306136433/exp_tomato_20260921_013747_502353.txt,experiments_logs/analysis_recent/when_what_mechanisms_20260921/00_raw/tomato/scene_02/cp_when/run_03_seed_2306136433/exp_tomato_20260921_020328_764164.txt,1,1,6.0,0.0,-23.0368,0.0
tomato,02,2318091321,ours,cp_when,experiments_logs/analysis_recent/when_what_mechanisms_20260921/00_raw/tomato/scene_02/ours/run_37_seed_2318091321/exp_tomato_20260921_013841_048476.txt,experiments_logs/analysis_recent/when_what_mechanisms_20260921/00_raw/tomato/scene_02/cp_when/run_37_seed_2318091321/exp_tomato_20260921_021552_469549.txt,1,1,10.0,0.0,-22.503,0.0
tomato,02,2324409209,ours,cp_when,experiments_logs/analysis_recent/when_what_mechanisms_20260921/00_raw/tomato/scene_02/ours/run_17_seed_2324409209/exp_tomato_20260921_013809_138597.txt,experiments_logs/analysis_recent/when_what_mechanisms_20260921/00_raw/tomato/scene_02/cp_when/run_17_seed_2324409209/exp_tomato_20260921_020822_828094.txt,1,1,2.0,-4.0,-29.081899999999997,0.0
tomato,02,233361013,ours,cp_when,experiments_logs/analysis_recent/when_what_mechanisms_20260921/00_raw/tomato/scene_02/ours/run_01_seed_233361013/exp_tomato_20260921_013744_347139.txt,experiments_logs/analysis_recent/when_what_mechanisms_20260921/00_raw/tomato/scene_02/cp_when/run_01_seed_233361013/exp_tomato_20260921_020242_896150.txt,1,1,8.0,3.0,-27.3019,-20.0
tomato,02,2421989875,ours,cp_when,experiments_logs/analysis_recent/when_what_mechanisms_20260921/00_raw/tomato/scene_02/ours/run_26_seed_2421989875/exp_tomato_20260921_013824_107450.txt,experiments_logs/analysis_recent/when_what_mechanisms_20260921/00_raw/tomato/scene_02/cp_when/run_26_seed_2421989875/exp_tomato_20260921_021109_242265.txt,1,0,6.0,8.0,-7.074400000000001,30.0
tomato,02,2567273034,ours,cp_when,experiments_logs/analysis_recent/when_what_mechanisms_20260921/00_raw/tomato/scene_02/ours/run_24_seed_2567273034/exp_tomato_20260921_013820_965181.txt,experiments_logs/analysis_recent/when_what_mechanisms_20260921/00_raw/tomato/scene_02/cp_when/run_24_seed_2567273034/exp_tomato_20260921_021037_737705.txt,1,1,5.0,2.0,-23.8831,0.0
tomato,02,2571575672,ours,cp_when,experiments_logs/analysis_recent/when_what_mechanisms_20260921/00_raw/tomato/scene_02/ours/run_13_seed_2571575672/exp_tomato_20260921_013802_925567.txt,experiments_logs/analysis_recent/when_what_mechanisms_20260921/00_raw/tomato/scene_02/cp_when/run_13_seed_2571575672/exp_tomato_20260921_020649_667080.txt,1,1,9.0,1.0,-20.6762,0.0
tomato,02,2639844527,ours,cp_when,experiments_logs/analysis_recent/when_what_mechanisms_20260921/00_raw/tomato/scene_02/ours/run_23_seed_2639844527/exp_tomato_20260921_013818_638548.txt,experiments_logs/analysis_recent/when_what_mechanisms_20260921/00_raw/tomato/scene_02/cp_when/run_23_seed_2639844527/exp_tomato_20260921_021011_397613.txt,1,0,10.0,10.0,-3.7704999999999997,30.0
tomato,02,2661673954,ours,cp_when,experiments_logs/analysis_recent/when_what_mechanisms_20260921/00_raw/tomato/scene_02/ours/run_08_seed_2661673954/exp_tomato_20260921_013755_042782.txt,experiments_logs/analysis_recent/when_what_mechanisms_20260921/00_raw/tomato/scene_02/cp_when/run_08_seed_2661673954/exp_tomato_20260921_020510_611341.txt,1,0,9.0,7.0,-8.9488,20.0
tomato,02,2833878170,ours,cp_when,experiments_logs/analysis_recent/when_what_mechanisms_20260921/00_raw/tomato/scene_02/ours/run_06_seed_2833878170/exp_tomato_20260921_013752_016640.txt,experiments_logs/analysis_recent/when_what_mechanisms_20260921/00_raw/tomato/scene_02/cp_when/run_06_seed_2833878170/exp_tomato_20260921_020438_373823.txt,1,1,4.0,-1.0,-22.930799999999998,0.0
tomato,02,2876796507,ours,cp_when,experiments_logs/analysis_recent/when_what_mechanisms_20260921/00_raw/tomato/scene_02/ours/run_07_seed_2876796507/exp_tomato_20260921_013753_533745.txt,experiments_logs/analysis_recent/when_what_mechanisms_20260921/00_raw/tomato/scene_02/cp_when/run_07_seed_2876796507/exp_tomato_20260921_020500_052438.txt,1,0,6.0,0.0,-20.013800000000003,10.0
tomato,02,2886041855,ours,cp_when,experiments_logs/analysis_recent/when_what_mechanisms_20260921/00_raw/tomato/scene_02/ours/run_34_seed_2886041855/exp_tomato_20260921_013836_338618.txt,experiments_logs/analysis_recent/when_what_mechanisms_20260921/00_raw/tomato/scene_02/cp_when/run_34_seed_2886041855/exp_tomato_20260921_021439_800700.txt,1,1,1.0,0.0,-21.5182,0.0
tomato,02,3206958523,ours,cp_when,experiments_logs/analysis_recent/when_what_mechanisms_20260921/00_raw/tomato/scene_02/ours/run_02_seed_3206958523/exp_tomato_20260921_013745_902821.txt,experiments_logs/analysis_recent/when_what_mechanisms_20260921/00_raw/tomato/scene_02/cp_when/run_02_seed_3206958523/exp_tomato_20260921_020303_980897.txt,1,0,3.0,2.0,-19.3589,10.0
tomato,02,3249674493,ours,cp_when,experiments_logs/analysis_recent/when_what_mechanisms_20260921/00_raw/tomato/scene_02/ours/run_32_seed_3249674493/exp_tomato_20260921_013833_209387.txt,experiments_logs/analysis_recent/when_what_mechanisms_20260921/00_raw/tomato/scene_02/cp_when/run_32_seed_3249674493/exp_tomato_20260921_021352_935170.txt,1,0,7.0,8.0,-7.613200000000001,30.0
tomato,02,3533124505,ours,cp_when,experiments_logs/analysis_recent/when_what_mechanisms_20260921/00_raw/tomato/scene_02/ours/run_09_seed_3533124505/exp_tomato_20260921_013756_626687.txt,experiments_logs/analysis_recent/when_what_mechanisms_20260921/00_raw/tomato/scene_02/cp_when/run_09_seed_3533124505/exp_tomato_20260921_020523_914270.txt,1,0,9.0,6.0,-11.562899999999999,20.0
tomato,02,3662297998,ours,cp_when,experiments_logs/analysis_recent/when_what_mechanisms_20260921/00_raw/tomato/scene_02/ours/run_31_seed_3662297998/exp_tomato_20260921_013831_651645.txt,experiments_logs/analysis_recent/when_what_mechanisms_20260921/00_raw/tomato/scene_02/cp_when/run_31_seed_3662297998/exp_tomato_20260921_021343_622234.txt,1,1,3.0,0.0,-19.5763,0.0
tomato,02,3751400244,ours,cp_when,experiments_logs/analysis_recent/when_what_mechanisms_20260921/00_raw/tomato/scene_02/ours/run_10_seed_3751400244/exp_tomato_20260921_013758_204097.txt,experiments_logs/analysis_recent/when_what_mechanisms_20260921/00_raw/tomato/scene_02/cp_when/run_10_seed_3751400244/exp_tomato_20260921_020553_962119.txt,1,1,4.0,-3.0,-28.2731,0.0
tomato,02,3815863427,ours,cp_when,experiments_logs/analysis_recent/when_what_mechanisms_20260921/00_raw/tomato/scene_02/ours/run_25_seed_3815863427/exp_tomato_20260921_013822_589081.txt,experiments_logs/analysis_recent/when_what_mechanisms_20260921/00_raw/tomato/scene_02/cp_when/run_25_seed_3815863427/exp_tomato_20260921_021100_509918.txt,1,1,6.0,1.0,-20.965600000000002,0.0
tomato,02,3887351210,ours,cp_when,experiments_logs/analysis_recent/when_what_mechanisms_20260921/00_raw/tomato/scene_02/ours/run_36_seed_3887351210/exp_tomato_20260921_013839_401192.txt,experiments_logs/analysis_recent/when_what_mechanisms_20260921/00_raw/tomato/scene_02/cp_when/run_36_seed_3887351210/exp_tomato_20260921_021528_197412.txt,1,1,2.0,0.0,-23.165799999999997,0.0
tomato,02,4007070013,ours,cp_when,experiments_logs/analysis_recent/when_what_mechanisms_20260921/00_raw/tomato/scene_02/ours/run_33_seed_4007070013/exp_tomato_20260921_013834_718227.txt,experiments_logs/analysis_recent/when_what_mechanisms_20260921/00_raw/tomato/scene_02/cp_when/run_33_seed_4007070013/exp_tomato_20260921_021416_515808.txt,1,1,5.0,0.0,-21.9653,0.0
tomato,02,4031054018,ours,cp_when,experiments_logs/analysis_recent/when_what_mechanisms_20260921/00_raw/tomato/scene_02/ours/run_11_seed_4031054018/exp_tomato_20260921_013759_676639.txt,experiments_logs/analysis_recent/when_what_mechanisms_20260921/00_raw/tomato/scene_02/cp_when/run_11_seed_4031054018/exp_tomato_20260921_020603_750383.txt,1,0,6.0,8.0,-8.1349,30.0
tomato,02,418694264,ours,cp_when,experiments_logs/analysis_recent/when_what_mechanisms_20260921/00_raw/tomato/scene_02/ours/run_05_seed_418694264/exp_tomato_20260921_013750_556390.txt,experiments_logs/analysis_recent/when_what_mechanisms_20260921/00_raw/tomato/scene_02/cp_when/run_05_seed_418694264/exp_tomato_20260921_020413_806239.txt,1,1,7.0,-1.0,-22.932000000000002,0.0
tomato,02,464102713,ours,cp_when,experiments_logs/analysis_recent/when_what_mechanisms_20260921/00_raw/tomato/scene_02/ours/run_22_seed_464102713/exp_tomato_20260921_013817_103175.txt,experiments_logs/analysis_recent/when_what_mechanisms_20260921/00_raw/tomato/scene_02/cp_when/run_22_seed_464102713/exp_tomato_20260921_021005_920570.txt,1,1,9.0,0.0,-21.5336,0.0
tomato,02,474952343,ours,cp_when,experiments_logs/analysis_recent/when_what_mechanisms_20260921/00_raw/tomato/scene_02/ours/run_18_seed_474952343/exp_tomato_20260921_013810_790340.txt,experiments_logs/analysis_recent/when_what_mechanisms_20260921/00_raw/tomato/scene_02/cp_when/run_18_seed_474952343/exp_tomato_20260921_020840_039096.txt,1,0,8.0,5.0,-15.386300000000002,20.0
tomato,02,484948157,ours,cp_when,experiments_logs/analysis_recent/when_what_mechanisms_20260921/00_raw/tomato/scene_02/ours/run_28_seed_484948157/exp_tomato_20260921_013827_082701.txt,experiments_logs/analysis_recent/when_what_mechanisms_20260921/00_raw/tomato/scene_02/cp_when/run_28_seed_484948157/exp_tomato_20260921_021229_275837.txt,1,1,3.0,-16.0,-48.8523,65.0
tomato,02,559761095,ours,cp_when,experiments_logs/analysis_recent/when_what_mechanisms_20260921/00_raw/tomato/scene_02/ours/run_16_seed_559761095/exp_tomato_20260921_013807_510193.txt,experiments_logs/analysis_recent/when_what_mechanisms_20260921/00_raw/tomato/scene_02/cp_when/run_16_seed_559761095/exp_tomato_20260921_020751_956663.txt,1,1,8.0,1.0,-19.7154,0.0
tomato,02,63773712,ours,cp_when,experiments_logs/analysis_recent/when_what_mechanisms_20260921/00_raw/tomato/scene_02/ours/run_30_seed_63773712/exp_tomato_20260921_013830_079258.txt,experiments_logs/analysis_recent/when_what_mechanisms_20260921/00_raw/tomato/scene_02/cp_when/run_30_seed_63773712/exp_tomato_20260921_021322_345379.txt,1,1,2.0,-1.0,-22.3074,0.0
tomato,02,742004455,ours,cp_when,experiments_logs/analysis_recent/when_what_mechanisms_20260921/00_raw/tomato/scene_02/ours/run_40_seed_742004455/exp_tomato_20260921_013845_624250.txt,experiments_logs/analysis_recent/when_what_mechanisms_20260921/00_raw/tomato/scene_02/cp_when/run_40_seed_742004455/exp_tomato_20260921_021708_269767.txt,1,1,1.0,-4.0,-27.9617,0.0
tomato,02,790979284,ours,cp_when,experiments_logs/analysis_recent/when_what_mechanisms_20260921/00_raw/tomato/scene_02/ours/run_27_seed_790979284/exp_tomato_20260921_013825_593875.txt,experiments_logs/analysis_recent/when_what_mechanisms_20260921/00_raw/tomato/scene_02/cp_when/run_27_seed_790979284/exp_tomato_20260921_021138_790589.txt,1,1,1.0,-4.0,-27.9259,0.0
tomato,02,850676597,ours,cp_when,experiments_logs/analysis_recent/when_what_mechanisms_20260921/00_raw/tomato/scene_02/ours/run_21_seed_850676597/exp_tomato_20260921_013815_433078.txt,experiments_logs/analysis_recent/when_what_mechanisms_20260921/00_raw/tomato/scene_02/cp_when/run_21_seed_850676597/exp_tomato_20260921_020942_545715.txt,1,1,4.0,1.0,-22.412399999999998,0.0
tomato,03,1005437090,ours,cp_when,experiments_logs/analysis_recent/when_what_mechanisms_20260921/00_raw/tomato/scene_03/ours/run_18_seed_1005437090/exp_tomato_20260921_013914_580548.txt,experiments_logs/analysis_recent/when_what_mechanisms_20260921/00_raw/tomato/scene_03/cp_when/run_18_seed_1005437090/exp_tomato_20260921_022633_702503.txt,1,1,5.0,0.0,-19.4346,0.0
tomato,03,1016817503,ours,cp_when,experiments_logs/analysis_recent/when_what_mechanisms_20260921/00_raw/tomato/scene_03/ours/run_31_seed_1016817503/exp_tomato_20260921_013942_933664.txt,experiments_logs/analysis_recent/when_what_mechanisms_20260921/00_raw/tomato/scene_03/cp_when/run_31_seed_1016817503/exp_tomato_20260921_023011_516122.txt,1,1,1.0,1.0,-22.0964,0.0
tomato,03,1193704404,ours,cp_when,experiments_logs/analysis_recent/when_what_mechanisms_20260921/00_raw/tomato/scene_03/ours/run_29_seed_1193704404/exp_tomato_20260921_013939_130596.txt,experiments_logs/analysis_recent/when_what_mechanisms_20260921/00_raw/tomato/scene_03/cp_when/run_29_seed_1193704404/exp_tomato_20260921_022926_031894.txt,1,1,4.0,-3.0,-27.3165,0.0
tomato,03,1252332960,ours,cp_when,experiments_logs/analysis_recent/when_what_mechanisms_20260921/00_raw/tomato/scene_03/ours/run_22_seed_1252332960/exp_tomato_20260921_013928_471507.txt,experiments_logs/analysis_recent/when_what_mechanisms_20260921/00_raw/tomato/scene_03/cp_when/run_22_seed_1252332960/exp_tomato_20260921_022724_835138.txt,1,0,8.0,9.0,-6.6322,30.0
tomato,03,1447435166,ours,cp_when,experiments_logs/analysis_recent/when_what_mechanisms_20260921/00_raw/tomato/scene_03/ours/run_12_seed_1447435166/exp_tomato_20260921_013905_245792.txt,experiments_logs/analysis_recent/when_what_mechanisms_20260921/00_raw/tomato/scene_03/cp_when/run_12_seed_1447435166/exp_tomato_20260921_022100_187499.txt,1,1,2.0,0.0,-21.304399999999998,0.0
tomato,03,1454289978,ours,cp_when,experiments_logs/analysis_recent/when_what_mechanisms_20260921/00_raw/tomato/scene_03/ours/run_16_seed_1454289978/exp_tomato_20260921_013911_383931.txt,experiments_logs/analysis_recent/when_what_mechanisms_20260921/00_raw/tomato/scene_03/cp_when/run_16_seed_1454289978/exp_tomato_20260921_022548_029307.txt,1,0,3.0,-36.0,-85.8477,170.0
tomato,03,1627605610,ours,cp_when,experiments_logs/analysis_recent/when_what_mechanisms_20260921/00_raw/tomato/scene_03/ours/run_24_seed_1627605610/exp_tomato_20260921_013931_399254.txt,experiments_logs/analysis_recent/when_what_mechanisms_20260921/00_raw/tomato/scene_03/cp_when/run_24_seed_1627605610/exp_tomato_20260921_022755_245502.txt,1,0,5.0,0.0,-19.7417,10.0
tomato,03,1700967682,ours,cp_when,experiments_logs/analysis_recent/when_what_mechanisms_20260921/00_raw/tomato/scene_03/ours/run_07_seed_1700967682/exp_tomato_20260921_013856_294070.txt,experiments_logs/analysis_recent/when_what_mechanisms_20260921/00_raw/tomato/scene_03/cp_when/run_07_seed_1700967682/exp_tomato_20260921_021917_610735.txt,1,0,7.0,8.0,-7.088699999999999,30.0
tomato,03,1712963344,ours,cp_when,experiments_logs/analysis_recent/when_what_mechanisms_20260921/00_raw/tomato/scene_03/ours/run_30_seed_1712963344/exp_tomato_20260921_013941_037881.txt,experiments_logs/analysis_recent/when_what_mechanisms_20260921/00_raw/tomato/scene_03/cp_when/run_30_seed_1712963344/exp_tomato_20260921_022947_380566.txt,1,1,6.0,3.0,-19.3045,-5.0
tomato,03,1895575310,ours,cp_when,experiments_logs/analysis_recent/when_what_mechanisms_20260921/00_raw/tomato/scene_03/ours/run_05_seed_1895575310/exp_tomato_20260921_013853_201757.txt,experiments_logs/analysis_recent/when_what_mechanisms_20260921/00_raw/tomato/scene_03/cp_when/run_05_seed_1895575310/exp_tomato_20260921_021855_161055.txt,1,1,-1.0,-4.0,-27.779999999999998,0.0
tomato,03,2107246049,ours,cp_when,experiments_logs/analysis_recent/when_what_mechanisms_20260921/00_raw/tomato/scene_03/ours/run_19_seed_2107246049/exp_tomato_20260921_013923_769900.txt,experiments_logs/analysis_recent/when_what_mechanisms_20260921/00_raw/tomato/scene_03/cp_when/run_19_seed_2107246049/exp_tomato_20260921_022642_354536.txt,0,0,8.0,45.0,0.6124999999999989,-165.0
tomato,03,2184183196,ours,cp_when,experiments_logs/analysis_recent/when_what_mechanisms_20260921/00_raw/tomato/scene_03/ours/run_37_seed_2184183196/exp_tomato_20260921_013952_255701.txt,experiments_logs/analysis_recent/when_what_mechanisms_20260921/00_raw/tomato/scene_03/cp_when/run_37_seed_2184183196/exp_tomato_20260921_023208_557051.txt,1,0,9.0,9.0,-7.032700000000001,30.0
tomato,03,2197107180,ours,cp_when,experiments_logs/analysis_recent/when_what_mechanisms_20260921/00_raw/tomato/scene_03/ours/run_25_seed_2197107180/exp_tomato_20260921_013932_909281.txt,experiments_logs/analysis_recent/when_what_mechanisms_20260921/00_raw/tomato/scene_03/cp_when/run_25_seed_2197107180/exp_tomato_20260921_022803_853131.txt,1,0,7.0,9.0,-6.9361999999999995,30.0
tomato,03,2230064310,ours,cp_when,experiments_logs/analysis_recent/when_what_mechanisms_20260921/00_raw/tomato/scene_03/ours/run_09_seed_2230064310/exp_tomato_20260921_013900_014922.txt,experiments_logs/analysis_recent/when_what_mechanisms_20260921/00_raw/tomato/scene_03/cp_when/run_09_seed_2230064310/exp_tomato_20260921_021956_143362.txt,1,1,7.0,1.0,-20.2328,0.0
tomato,03,2370079434,ours,cp_when,experiments_logs/analysis_recent/when_what_mechanisms_20260921/00_raw/tomato/scene_03/ours/run_10_seed_2370079434/exp_tomato_20260921_013902_045455.txt,experiments_logs/analysis_recent/when_what_mechanisms_20260921/00_raw/tomato/scene_03/cp_when/run_10_seed_2370079434/exp_tomato_20260921_022013_265855.txt,1,0,10.0,7.0,-14.9456,15.0
tomato,03,2418572032,ours,cp_when,experiments_logs/analysis_recent/when_what_mechanisms_20260921/00_raw/tomato/scene_03/ours/run_38_seed_2418572032/exp_tomato_20260921_013953_867293.txt,experiments_logs/analysis_recent/when_what_mechanisms_20260921/00_raw/tomato/scene_03/cp_when/run_38_seed_2418572032/exp_tomato_20260921_023231_707611.txt,1,1,9.0,0.0,-21.3772,0.0
tomato,03,2542173252,ours,cp_when,experiments_logs/analysis_recent/when_what_mechanisms_20260921/00_raw/tomato/scene_03/ours/run_04_seed_2542173252/exp_tomato_20260921_013851_751820.txt,experiments_logs/analysis_recent/when_what_mechanisms_20260921/00_raw/tomato/scene_03/cp_when/run_04_seed_2542173252/exp_tomato_20260921_021825_819961.txt,1,0,4.0,3.0,-15.6483,20.0
tomato,03,2559286479,ours,cp_when,experiments_logs/analysis_recent/when_what_mechanisms_20260921/00_raw/tomato/scene_03/ours/run_20_seed_2559286479/exp_tomato_20260921_013925_334418.txt,experiments_logs/analysis_recent/when_what_mechanisms_20260921/00_raw/tomato/scene_03/cp_when/run_20_seed_2559286479/exp_tomato_20260921_022708_012267.txt,1,1,1.0,-1.0,-24.0035,0.0
tomato,03,2630779126,ours,cp_when,experiments_logs/analysis_recent/when_what_mechanisms_20260921/00_raw/tomato/scene_03/ours/run_33_seed_2630779126/exp_tomato_20260921_013946_005979.txt,experiments_logs/analysis_recent/when_what_mechanisms_20260921/00_raw/tomato/scene_03/cp_when/run_33_seed_2630779126/exp_tomato_20260921_023051_110655.txt,1,1,3.0,-3.0,-29.134,0.0
tomato,03,2973460405,ours,cp_when,experiments_logs/analysis_recent/when_what_mechanisms_20260921/00_raw/tomato/scene_03/ours/run_01_seed_2973460405/exp_tomato_20260921_013847_207708.txt,experiments_logs/analysis_recent/when_what_mechanisms_20260921/00_raw/tomato/scene_03/cp_when/run_01_seed_2973460405/exp_tomato_20260921_021730_735317.txt,1,1,8.0,1.0,-20.7355,0.0
tomato,03,2984508209,ours,cp_when,experiments_logs/analysis_recent/when_what_mechanisms_20260921/00_raw/tomato/scene_03/ours/run_02_seed_2984508209/exp_tomato_20260921_013848_685198.txt,experiments_logs/analysis_recent/when_what_mechanisms_20260921/00_raw/tomato/scene_03/cp_when/run_02_seed_2984508209/exp_tomato_20260921_021754_593591.txt,1,1,2.0,-1.0,-22.2349,0.0
tomato,03,3142806667,ours,cp_when,experiments_logs/analysis_recent/when_what_mechanisms_20260921/00_raw/tomato/scene_03/ours/run_06_seed_3142806667/exp_tomato_20260921_013854_858694.txt,experiments_logs/analysis_recent/when_what_mechanisms_20260921/00_raw/tomato/scene_03/cp_when/run_06_seed_3142806667/exp_tomato_20260921_021908_950546.txt,1,0,9.0,7.0,-11.9727,20.0
tomato,03,3328359470,ours,cp_when,experiments_logs/analysis_recent/when_what_mechanisms_20260921/00_raw/tomato/scene_03/ours/run_03_seed_3328359470/exp_tomato_20260921_013850_310415.txt,experiments_logs/analysis_recent/when_what_mechanisms_20260921/00_raw/tomato/scene_03/cp_when/run_03_seed_3328359470/exp_tomato_20260921_021808_572774.txt,1,0,12.0,6.0,-12.2174,20.0
tomato,03,3374813224,ours,cp_when,experiments_logs/analysis_recent/when_what_mechanisms_20260921/00_raw/tomato/scene_03/ours/run_08_seed_3374813224/exp_tomato_20260921_013858_462506.txt,experiments_logs/analysis_recent/when_what_mechanisms_20260921/00_raw/tomato/scene_03/cp_when/run_08_seed_3374813224/exp_tomato_20260921_021934_195359.txt,1,0,8.0,7.0,-14.2147,15.0
tomato,03,3611211411,ours,cp_when,experiments_logs/analysis_recent/when_what_mechanisms_20260921/00_raw/tomato/scene_03/ours/run_15_seed_3611211411/exp_tomato_20260921_013909_802567.txt,experiments_logs/analysis_recent/when_what_mechanisms_20260921/00_raw/tomato/scene_03/cp_when/run_15_seed_3611211411/exp_tomato_20260921_022420_405195.txt,1,1,6.0,0.0,-20.2978,0.0
tomato,03,3620707437,ours,cp_when,experiments_logs/analysis_recent/when_what_mechanisms_20260921/00_raw/tomato/scene_03/ours/run_11_seed_3620707437/exp_tomato_20260921_013903_710485.txt,experiments_logs/analysis_recent/when_what_mechanisms_20260921/00_raw/tomato/scene_03/cp_when/run_11_seed_3620707437/exp_tomato_20260921_022037_227813.txt,1,0,8.0,1.0,-22.1488,10.0
tomato,03,3631765459,ours,cp_when,experiments_logs/analysis_recent/when_what_mechanisms_20260921/00_raw/tomato/scene_03/ours/run_17_seed_3631765459/exp_tomato_20260921_013913_071375.txt,experiments_logs/analysis_recent/when_what_mechanisms_20260921/00_raw/tomato/scene_03/cp_when/run_17_seed_3631765459/exp_tomato_20260921_022612_689823.txt,1,0,5.0,0.0,-22.822100000000002,10.0
tomato,03,3814785464,ours,cp_when,experiments_logs/analysis_recent/when_what_mechanisms_20260921/00_raw/tomato/scene_03/ours/run_21_seed_3814785464/exp_tomato_20260921_013926_848266.txt,experiments_logs/analysis_recent/when_what_mechanisms_20260921/00_raw/tomato/scene_03/cp_when/run_21_seed_3814785464/exp_tomato_20260921_022716_513331.txt,1,0,7.0,8.0,-6.9031,30.0
tomato,03,3909183007,ours,cp_when,experiments_logs/analysis_recent/when_what_mechanisms_20260921/00_raw/tomato/scene_03/ours/run_14_seed_3909183007/exp_tomato_20260921_013908_308621.txt,experiments_logs/analysis_recent/when_what_mechanisms_20260921/00_raw/tomato/scene_03/cp_when/run_14_seed_3909183007/exp_tomato_20260921_022358_455774.txt,1,1,5.0,0.0,-21.2855,0.0
tomato,03,4008873019,ours,cp_when,experiments_logs/analysis_recent/when_what_mechanisms_20260921/00_raw/tomato/scene_03/ours/run_23_seed_4008873019/exp_tomato_20260921_013929_948490.txt,experiments_logs/analysis_recent/when_what_mechanisms_20260921/00_raw/tomato/scene_03/cp_when/run_23_seed_4008873019/exp_tomato_20260921_022733_864885.txt,1,0,6.0,8.0,-7.4315,30.0
tomato,03,4252591664,ours,cp_when,experiments_logs/analysis_recent/when_what_mechanisms_20260921/00_raw/tomato/scene_03/ours/run_32_seed_4252591664/exp_tomato_20260921_013944_502954.txt,experiments_logs/analysis_recent/when_what_mechanisms_20260921/00_raw/tomato/scene_03/cp_when/run_32_seed_4252591664/exp_tomato_20260921_023020_298657.txt,1,0,8.0,9.0,-7.034599999999999,30.0
tomato,03,522031486,ours,cp_when,experiments_logs/analysis_recent/when_what_mechanisms_20260921/00_raw/tomato/scene_03/ours/run_36_seed_522031486/exp_tomato_20260921_013950_674514.txt,experiments_logs/analysis_recent/when_what_mechanisms_20260921/00_raw/tomato/scene_03/cp_when/run_36_seed_522031486/exp_tomato_20260921_023159_756503.txt,1,1,4.0,-3.0,-29.3173,0.0
tomato,03,598183825,ours,cp_when,experiments_logs/analysis_recent/when_what_mechanisms_20260921/00_raw/tomato/scene_03/ours/run_40_seed_598183825/exp_tomato_20260921_013956_969555.txt,experiments_logs/analysis_recent/when_what_mechanisms_20260921/00_raw/tomato/scene_03/cp_when/run_40_seed_598183825/exp_tomato_20260921_023305_861270.txt,1,1,1.0,0.0,-21.547199999999997,0.0
tomato,03,604486275,ours,cp_when,experiments_logs/analysis_recent/when_what_mechanisms_20260921/00_raw/tomato/scene_03/ours/run_35_seed_604486275/exp_tomato_20260921_013949_070301.txt,experiments_logs/analysis_recent/when_what_mechanisms_20260921/00_raw/tomato/scene_03/cp_when/run_35_seed_604486275/exp_tomato_20260921_023128_657314.txt,1,0,4.0,6.0,-12.4514,20.0
tomato,03,657498695,ours,cp_when,experiments_logs/analysis_recent/when_what_mechanisms_20260921/00_raw/tomato/scene_03/ours/run_28_seed_657498695/exp_tomato_20260921_013937_582238.txt,experiments_logs/analysis_recent/when_what_mechanisms_20260921/00_raw/tomato/scene_03/cp_when/run_28_seed_657498695/exp_tomato_20260921_022857_021273.txt,1,1,1.0,0.0,-21.0423,0.0
tomato,03,70087057,ours,cp_when,experiments_logs/analysis_recent/when_what_mechanisms_20260921/00_raw/tomato/scene_03/ours/run_26_seed_70087057/exp_tomato_20260921_013934_398299.txt,experiments_logs/analysis_recent/when_what_mechanisms_20260921/00_raw/tomato/scene_03/cp_when/run_26_seed_70087057/exp_tomato_20260921_022825_903630.txt,1,1,8.0,0.0,-20.4129,0.0
tomato,03,822900858,ours,cp_when,experiments_logs/analysis_recent/when_what_mechanisms_20260921/00_raw/tomato/scene_03/ours/run_34_seed_822900858/exp_tomato_20260921_013947_464379.txt,experiments_logs/analysis_recent/when_what_mechanisms_20260921/00_raw/tomato/scene_03/cp_when/run_34_seed_822900858/exp_tomato_20260921_023114_416629.txt,1,0,4.0,0.0,-21.6704,10.0
tomato,03,8630651,ours,cp_when,experiments_logs/analysis_recent/when_what_mechanisms_20260921/00_raw/tomato/scene_03/ours/run_27_seed_8630651/exp_tomato_20260921_013936_040331.txt,experiments_logs/analysis_recent/when_what_mechanisms_20260921/00_raw/tomato/scene_03/cp_when/run_27_seed_8630651/exp_tomato_20260921_022834_277192.txt,1,0,11.0,9.0,-6.5416,30.0
tomato,03,975151081,ours,cp_when,experiments_logs/analysis_recent/when_what_mechanisms_20260921/00_raw/tomato/scene_03/ours/run_13_seed_975151081/exp_tomato_20260921_013906_763403.txt,experiments_logs/analysis_recent/when_what_mechanisms_20260921/00_raw/tomato/scene_03/cp_when/run_13_seed_975151081/exp_tomato_20260921_022335_462499.txt,1,1,4.0,0.0,-20.8508,0.0
tomato,04,1040908402,ours,cp_when,experiments_logs/analysis_recent/when_what_mechanisms_20260921/00_raw/tomato/scene_04/ours/run_26_seed_1040908402/exp_tomato_20260921_014046_634655.txt,experiments_logs/analysis_recent/when_what_mechanisms_20260921/00_raw/tomato/scene_04/cp_when/run_26_seed_1040908402/exp_tomato_20260921_024301_382436.txt,1,1,9.0,-1.0,-23.766199999999998,0.0
tomato,04,1109362184,ours,cp_when,experiments_logs/analysis_recent/when_what_mechanisms_20260921/00_raw/tomato/scene_04/ours/run_12_seed_1109362184/exp_tomato_20260921_014023_891751.txt,experiments_logs/analysis_recent/when_what_mechanisms_20260921/00_raw/tomato/scene_04/cp_when/run_12_seed_1109362184/exp_tomato_20260921_023742_247402.txt,1,1,5.0,0.0,-20.227700000000002,0.0
tomato,04,1141903763,ours,cp_when,experiments_logs/analysis_recent/when_what_mechanisms_20260921/00_raw/tomato/scene_04/ours/run_37_seed_1141903763/exp_tomato_20260921_014104_740947.txt,experiments_logs/analysis_recent/when_what_mechanisms_20260921/00_raw/tomato/scene_04/cp_when/run_37_seed_1141903763/exp_tomato_20260921_024703_448399.txt,1,1,1.0,0.0,-23.1967,0.0
tomato,04,1167440852,ours,cp_when,experiments_logs/analysis_recent/when_what_mechanisms_20260921/00_raw/tomato/scene_04/ours/run_34_seed_1167440852/exp_tomato_20260921_014059_721842.txt,experiments_logs/analysis_recent/when_what_mechanisms_20260921/00_raw/tomato/scene_04/cp_when/run_34_seed_1167440852/exp_tomato_20260921_024604_337083.txt,1,0,1.0,0.0,-21.5009,10.0
tomato,04,1337586660,ours,cp_when,experiments_logs/analysis_recent/when_what_mechanisms_20260921/00_raw/tomato/scene_04/ours/run_20_seed_1337586660/exp_tomato_20260921_014037_204945.txt,experiments_logs/analysis_recent/when_what_mechanisms_20260921/00_raw/tomato/scene_04/cp_when/run_20_seed_1337586660/exp_tomato_20260921_024023_993868.txt,1,0,7.0,7.0,-14.784099999999999,20.0
tomato,04,1552731229,ours,cp_when,experiments_logs/analysis_recent/when_what_mechanisms_20260921/00_raw/tomato/scene_04/ours/run_19_seed_1552731229/exp_tomato_20260921_014035_038537.txt,experiments_logs/analysis_recent/when_what_mechanisms_20260921/00_raw/tomato/scene_04/cp_when/run_19_seed_1552731229/exp_tomato_20260921_024006_892251.txt,1,1,4.0,0.0,-19.6737,0.0
tomato,04,1589093347,ours,cp_when,experiments_logs/analysis_recent/when_what_mechanisms_20260921/00_raw/tomato/scene_04/ours/run_01_seed_1589093347/exp_tomato_20260921_013958_573928.txt,experiments_logs/analysis_recent/when_what_mechanisms_20260921/00_raw/tomato/scene_04/cp_when/run_01_seed_1589093347/exp_tomato_20260921_023331_636822.txt,1,1,4.0,-1.0,-23.9907,0.0
tomato,04,168160880,ours,cp_when,experiments_logs/analysis_recent/when_what_mechanisms_20260921/00_raw/tomato/scene_04/ours/run_28_seed_168160880/exp_tomato_20260921_014050_009215.txt,experiments_logs/analysis_recent/when_what_mechanisms_20260921/00_raw/tomato/scene_04/cp_when/run_28_seed_168160880/exp_tomato_20260921_024327_803709.txt,1,0,4.0,3.0,-15.793800000000001,20.0
tomato,04,2020323328,ours,cp_when,experiments_logs/analysis_recent/when_what_mechanisms_20260921/00_raw/tomato/scene_04/ours/run_15_seed_2020323328/exp_tomato_20260921_014028_505770.txt,experiments_logs/analysis_recent/when_what_mechanisms_20260921/00_raw/tomato/scene_04/cp_when/run_15_seed_2020323328/exp_tomato_20260921_023832_361902.txt,1,0,5.0,3.0,-15.945900000000002,20.0
tomato,04,2135663053,ours,cp_when,experiments_logs/analysis_recent/when_what_mechanisms_20260921/00_raw/tomato/scene_04/ours/run_30_seed_2135663053/exp_tomato_20260921_014053_022579.txt,experiments_logs/analysis_recent/when_what_mechanisms_20260921/00_raw/tomato/scene_04/cp_when/run_30_seed_2135663053/exp_tomato_20260921_024426_029285.txt,1,0,-1.0,-4.0,-28.8367,10.0
tomato,04,216321642,ours,cp_when,experiments_logs/analysis_recent/when_what_mechanisms_20260921/00_raw/tomato/scene_04/ours/run_36_seed_216321642/exp_tomato_20260921_014103_079726.txt,experiments_logs/analysis_recent/when_what_mechanisms_20260921/00_raw/tomato/scene_04/cp_when/run_36_seed_216321642/exp_tomato_20260921_024638_407284.txt,1,1,8.0,0.0,-22.2554,0.0
tomato,04,218967378,ours,cp_when,experiments_logs/analysis_recent/when_what_mechanisms_20260921/00_raw/tomato/scene_04/ours/run_25_seed_218967378/exp_tomato_20260921_014045_045672.txt,experiments_logs/analysis_recent/when_what_mechanisms_20260921/00_raw/tomato/scene_04/cp_when/run_25_seed_218967378/exp_tomato_20260921_024235_832453.txt,1,1,6.0,-3.0,-26.137800000000002,0.0
tomato,04,2219488844,ours,cp_when,experiments_logs/analysis_recent/when_what_mechanisms_20260921/00_raw/tomato/scene_04/ours/run_38_seed_2219488844/exp_tomato_20260921_014106_892169.txt,experiments_logs/analysis_recent/when_what_mechanisms_20260921/00_raw/tomato/scene_04/cp_when/run_38_seed_2219488844/exp_tomato_20260921_024733_895375.txt,1,1,7.0,-1.0,-28.1126,0.0
tomato,04,2220313702,ours,cp_when,experiments_logs/analysis_recent/when_what_mechanisms_20260921/00_raw/tomato/scene_04/ours/run_27_seed_2220313702/exp_tomato_20260921_014048_477746.txt,experiments_logs/analysis_recent/when_what_mechanisms_20260921/00_raw/tomato/scene_04/cp_when/run_27_seed_2220313702/exp_tomato_20260921_024310_335425.txt,1,0,6.0,10.0,-6.930199999999999,30.0
tomato,04,222360660,ours,cp_when,experiments_logs/analysis_recent/when_what_mechanisms_20260921/00_raw/tomato/scene_04/ours/run_35_seed_222360660/exp_tomato_20260921_014101_426724.txt,experiments_logs/analysis_recent/when_what_mechanisms_20260921/00_raw/tomato/scene_04/cp_when/run_35_seed_222360660/exp_tomato_20260921_024614_308833.txt,1,0,7.0,9.0,-8.1153,30.0
tomato,04,236854069,ours,cp_when,experiments_logs/analysis_recent/when_what_mechanisms_20260921/00_raw/tomato/scene_04/ours/run_08_seed_236854069/exp_tomato_20260921_014017_707391.txt,experiments_logs/analysis_recent/when_what_mechanisms_20260921/00_raw/tomato/scene_04/cp_when/run_08_seed_236854069/exp_tomato_20260921_023610_144184.txt,1,1,10.0,-1.0,-23.628600000000002,0.0
tomato,04,2387734993,ours,cp_when,experiments_logs/analysis_recent/when_what_mechanisms_20260921/00_raw/tomato/scene_04/ours/run_09_seed_2387734993/exp_tomato_20260921_014019_341718.txt,experiments_logs/analysis_recent/when_what_mechanisms_20260921/00_raw/tomato/scene_04/cp_when/run_09_seed_2387734993/exp_tomato_20260921_023634_480227.txt,1,0,5.0,0.0,-22.5436,10.0
tomato,04,2390740933,ours,cp_when,experiments_logs/analysis_recent/when_what_mechanisms_20260921/00_raw/tomato/scene_04/ours/run_04_seed_2390740933/exp_tomato_20260921_014003_468077.txt,experiments_logs/analysis_recent/when_what_mechanisms_20260921/00_raw/tomato/scene_04/cp_when/run_04_seed_2390740933/exp_tomato_20260921_023442_416655.txt,1,1,2.0,1.0,-21.557199999999998,0.0
tomato,04,2392905031,ours,cp_when,experiments_logs/analysis_recent/when_what_mechanisms_20260921/00_raw/tomato/scene_04/ours/run_31_seed_2392905031/exp_tomato_20260921_014054_616187.txt,experiments_logs/analysis_recent/when_what_mechanisms_20260921/00_raw/tomato/scene_04/cp_when/run_31_seed_2392905031/exp_tomato_20260921_024450_546184.txt,1,1,7.0,0.0,-22.7784,0.0
tomato,04,2642505031,ours,cp_when,experiments_logs/analysis_recent/when_what_mechanisms_20260921/00_raw/tomato/scene_04/ours/run_05_seed_2642505031/exp_tomato_20260921_014005_088981.txt,experiments_logs/analysis_recent/when_what_mechanisms_20260921/00_raw/tomato/scene_04/cp_when/run_05_seed_2642505031/exp_tomato_20260921_023511_074020.txt,1,1,5.0,-3.0,-26.860000000000003,0.0
tomato,04,2771536334,ours,cp_when,experiments_logs/analysis_recent/when_what_mechanisms_20260921/00_raw/tomato/scene_04/ours/run_22_seed_2771536334/exp_tomato_20260921_014040_500007.txt,experiments_logs/analysis_recent/when_what_mechanisms_20260921/00_raw/tomato/scene_04/cp_when/run_22_seed_2771536334/exp_tomato_20260921_024117_948137.txt,1,1,6.0,0.0,-21.2797,0.0
tomato,04,2941533860,ours,cp_when,experiments_logs/analysis_recent/when_what_mechanisms_20260921/00_raw/tomato/scene_04/ours/run_14_seed_2941533860/exp_tomato_20260921_014027_031932.txt,experiments_logs/analysis_recent/when_what_mechanisms_20260921/00_raw/tomato/scene_04/cp_when/run_14_seed_2941533860/exp_tomato_20260921_023814_762289.txt,1,1,6.0,0.0,-21.9284,0.0
tomato,04,2993320002,ours,cp_when,experiments_logs/analysis_recent/when_what_mechanisms_20260921/00_raw/tomato/scene_04/ours/run_11_seed_2993320002/exp_tomato_20260921_014022_425264.txt,experiments_logs/analysis_recent/when_what_mechanisms_20260921/00_raw/tomato/scene_04/cp_when/run_11_seed_2993320002/exp_tomato_20260921_023720_379837.txt,1,0,6.0,3.0,-15.1649,20.0
tomato,04,3141647287,ours,cp_when,experiments_logs/analysis_recent/when_what_mechanisms_20260921/00_raw/tomato/scene_04/ours/run_29_seed_3141647287/exp_tomato_20260921_014051_537370.txt,experiments_logs/analysis_recent/when_what_mechanisms_20260921/00_raw/tomato/scene_04/cp_when/run_29_seed_3141647287/exp_tomato_20260921_024355_525480.txt,1,0,7.0,-3.0,-26.0204,10.0
tomato,04,3169457126,ours,cp_when,experiments_logs/analysis_recent/when_what_mechanisms_20260921/00_raw/tomato/scene_04/ours/run_17_seed_3169457126/exp_tomato_20260921_014031_834164.txt,experiments_logs/analysis_recent/when_what_mechanisms_20260921/00_raw/tomato/scene_04/cp_when/run_17_seed_3169457126/exp_tomato_20260921_023921_457327.txt,1,1,6.0,-1.0,-23.3106,0.0
tomato,04,321661848,ours,cp_when,experiments_logs/analysis_recent/when_what_mechanisms_20260921/00_raw/tomato/scene_04/ours/run_10_seed_321661848/exp_tomato_20260921_014020_943638.txt,experiments_logs/analysis_recent/when_what_mechanisms_20260921/00_raw/tomato/scene_04/cp_when/run_10_seed_321661848/exp_tomato_20260921_023703_579912.txt,1,1,3.0,-2.0,-27.351300000000002,0.0
tomato,04,3227930555,ours,cp_when,experiments_logs/analysis_recent/when_what_mechanisms_20260921/00_raw/tomato/scene_04/ours/run_23_seed_3227930555/exp_tomato_20260921_014041_975718.txt,experiments_logs/analysis_recent/when_what_mechanisms_20260921/00_raw/tomato/scene_04/cp_when/run_23_seed_3227930555/exp_tomato_20260921_024141_985024.txt,1,1,3.0,-1.0,-22.3888,0.0
tomato,04,3315816046,ours,cp_when,experiments_logs/analysis_recent/when_what_mechanisms_20260921/00_raw/tomato/scene_04/ours/run_40_seed_3315816046/exp_tomato_20260921_014110_045357.txt,experiments_logs/analysis_recent/when_what_mechanisms_20260921/00_raw/tomato/scene_04/cp_when/run_40_seed_3315816046/exp_tomato_20260921_024806_348902.txt,1,1,12.0,0.0,-21.572300000000002,0.0
tomato,04,3372736775,ours,cp_when,experiments_logs/analysis_recent/when_what_mechanisms_20260921/00_raw/tomato/scene_04/ours/run_32_seed_3372736775/exp_tomato_20260921_014056_261241.txt,experiments_logs/analysis_recent/when_what_mechanisms_20260921/00_raw/tomato/scene_04/cp_when/run_32_seed_3372736775/exp_tomato_20260921_024516_636373.txt,1,0,8.0,-1.0,-24.2585,10.0
tomato,04,3386497120,ours,cp_when,experiments_logs/analysis_recent/when_what_mechanisms_20260921/00_raw/tomato/scene_04/ours/run_33_seed_3386497120/exp_tomato_20260921_014058_058099.txt,experiments_logs/analysis_recent/when_what_mechanisms_20260921/00_raw/tomato/scene_04/cp_when/run_33_seed_3386497120/exp_tomato_20260921_024541_000106.txt,1,1,2.0,1.0,-22.3997,0.0
tomato,04,3614412854,ours,cp_when,experiments_logs/analysis_recent/when_what_mechanisms_20260921/00_raw/tomato/scene_04/ours/run_03_seed_3614412854/exp_tomato_20260921_014001_715995.txt,experiments_logs/analysis_recent/when_what_mechanisms_20260921/00_raw/tomato/scene_04/cp_when/run_03_seed_3614412854/exp_tomato_20260921_023418_986771.txt,1,0,7.0,1.0,-23.2212,10.0
tomato,04,3661502133,ours,cp_when,experiments_logs/analysis_recent/when_what_mechanisms_20260921/00_raw/tomato/scene_04/ours/run_07_seed_3661502133/exp_tomato_20260921_014016_068265.txt,experiments_logs/analysis_recent/when_what_mechanisms_20260921/00_raw/tomato/scene_04/cp_when/run_07_seed_3661502133/exp_tomato_20260921_023544_693231.txt,0,1,4.0,36.0,-14.9479,-195.0
tomato,04,3712541616,ours,cp_when,experiments_logs/analysis_recent/when_what_mechanisms_20260921/00_raw/tomato/scene_04/ours/run_16_seed_3712541616/exp_tomato_20260921_014030_156737.txt,experiments_logs/analysis_recent/when_what_mechanisms_20260921/00_raw/tomato/scene_04/cp_when/run_16_seed_3712541616/exp_tomato_20260921_023856_306747.txt,1,0,5.0,0.0,-22.093600000000002,10.0
tomato,04,3815955531,ours,cp_when,experiments_logs/analysis_recent/when_what_mechanisms_20260921/00_raw/tomato/scene_04/ours/run_13_seed_3815955531/exp_tomato_20260921_014025_397344.txt,experiments_logs/analysis_recent/when_what_mechanisms_20260921/00_raw/tomato/scene_04/cp_when/run_13_seed_3815955531/exp_tomato_20260921_023751_022564.txt,1,0,8.0,9.0,-7.0199,30.0
tomato,04,3931316609,ours,cp_when,experiments_logs/analysis_recent/when_what_mechanisms_20260921/00_raw/tomato/scene_04/ours/run_39_seed_3931316609/exp_tomato_20260921_014108_479919.txt,experiments_logs/analysis_recent/when_what_mechanisms_20260921/00_raw/tomato/scene_04/cp_when/run_39_seed_3931316609/exp_tomato_20260921_024743_025007.txt,1,0,9.0,9.0,-7.3615,30.0
tomato,04,3948166740,ours,cp_when,experiments_logs/analysis_recent/when_what_mechanisms_20260921/00_raw/tomato/scene_04/ours/run_18_seed_3948166740/exp_tomato_20260921_014033_521605.txt,experiments_logs/analysis_recent/when_what_mechanisms_20260921/00_raw/tomato/scene_04/cp_when/run_18_seed_3948166740/exp_tomato_20260921_023945_544211.txt,1,1,8.0,1.0,-22.225800000000003,0.0
tomato,04,442300768,ours,cp_when,experiments_logs/analysis_recent/when_what_mechanisms_20260921/00_raw/tomato/scene_04/ours/run_06_seed_442300768/exp_tomato_20260921_014006_609985.txt,experiments_logs/analysis_recent/when_what_mechanisms_20260921/00_raw/tomato/scene_04/cp_when/run_06_seed_442300768/exp_tomato_20260921_023520_115942.txt,1,0,5.0,8.0,-7.3155,30.0
tomato,04,56491935,ours,cp_when,experiments_logs/analysis_recent/when_what_mechanisms_20260921/00_raw/tomato/scene_04/ours/run_21_seed_56491935/exp_tomato_20260921_014038_894924.txt,experiments_logs/analysis_recent/when_what_mechanisms_20260921/00_raw/tomato/scene_04/cp_when/run_21_seed_56491935/exp_tomato_20260921_024054_881231.txt,1,1,5.0,-4.0,-29.0246,0.0
tomato,04,712937450,ours,cp_when,experiments_logs/analysis_recent/when_what_mechanisms_20260921/00_raw/tomato/scene_04/ours/run_02_seed_712937450/exp_tomato_20260921_014000_078070.txt,experiments_logs/analysis_recent/when_what_mechanisms_20260921/00_raw/tomato/scene_04/cp_when/run_02_seed_712937450/exp_tomato_20260921_023353_955845.txt,1,1,5.0,0.0,-20.7264,0.0
tomato,04,740609622,ours,cp_when,experiments_logs/analysis_recent/when_what_mechanisms_20260921/00_raw/tomato/scene_04/ours/run_24_seed_740609622/exp_tomato_20260921_014043_558710.txt,experiments_logs/analysis_recent/when_what_mechanisms_20260921/00_raw/tomato/scene_04/cp_when/run_24_seed_740609622/exp_tomato_20260921_024208_051242.txt,1,1,9.0,-1.0,-24.323300000000003,0.0
tomato,05,1042830735,ours,cp_when,experiments_logs/analysis_recent/when_what_mechanisms_20260921/00_raw/tomato/scene_05/ours/run_39_seed_1042830735/exp_tomato_20260921_014220_170594.txt,experiments_logs/analysis_recent/when_what_mechanisms_20260921/00_raw/tomato/scene_05/cp_when/run_39_seed_1042830735/exp_tomato_20260921_030220_830880.txt,1,0,5.0,7.0,-12.989700000000001,20.0
tomato,05,1101473435,ours,cp_when,experiments_logs/analysis_recent/when_what_mechanisms_20260921/00_raw/tomato/scene_05/ours/run_36_seed_1101473435/exp_tomato_20260921_014215_507065.txt,experiments_logs/analysis_recent/when_what_mechanisms_20260921/00_raw/tomato/scene_05/cp_when/run_36_seed_1101473435/exp_tomato_20260921_030135_785383.txt,1,1,7.0,-1.0,-24.8289,0.0
tomato,05,1127296088,ours,cp_when,experiments_logs/analysis_recent/when_what_mechanisms_20260921/00_raw/tomato/scene_05/ours/run_24_seed_1127296088/exp_tomato_20260921_014155_283881.txt,experiments_logs/analysis_recent/when_what_mechanisms_20260921/00_raw/tomato/scene_05/cp_when/run_24_seed_1127296088/exp_tomato_20260921_025705_271561.txt,1,0,5.0,-1.0,-22.0715,10.0
tomato,05,1196215500,ours,cp_when,experiments_logs/analysis_recent/when_what_mechanisms_20260921/00_raw/tomato/scene_05/ours/run_27_seed_1196215500/exp_tomato_20260921_014201_397845.txt,experiments_logs/analysis_recent/when_what_mechanisms_20260921/00_raw/tomato/scene_05/cp_when/run_27_seed_1196215500/exp_tomato_20260921_025820_758703.txt,1,1,3.0,3.0,-28.124699999999997,-15.0
tomato,05,1271340849,ours,cp_when,experiments_logs/analysis_recent/when_what_mechanisms_20260921/00_raw/tomato/scene_05/ours/run_26_seed_1271340849/exp_tomato_20260921_014158_523099.txt,experiments_logs/analysis_recent/when_what_mechanisms_20260921/00_raw/tomato/scene_05/cp_when/run_26_seed_1271340849/exp_tomato_20260921_025749_690985.txt,1,0,4.0,3.0,-17.2736,10.0
tomato,05,1573496301,ours,cp_when,experiments_logs/analysis_recent/when_what_mechanisms_20260921/00_raw/tomato/scene_05/ours/run_19_seed_1573496301/exp_tomato_20260921_014147_602593.txt,experiments_logs/analysis_recent/when_what_mechanisms_20260921/00_raw/tomato/scene_05/cp_when/run_19_seed_1573496301/exp_tomato_20260921_025539_082783.txt,1,0,4.0,0.0,-19.8279,10.0
tomato,05,1584111328,ours,cp_when,experiments_logs/analysis_recent/when_what_mechanisms_20260921/00_raw/tomato/scene_05/ours/run_16_seed_1584111328/exp_tomato_20260921_014143_024386.txt,experiments_logs/analysis_recent/when_what_mechanisms_20260921/00_raw/tomato/scene_05/cp_when/run_16_seed_1584111328/exp_tomato_20260921_025431_897493.txt,1,1,8.0,-1.0,-23.503,0.0
tomato,05,1691996467,ours,cp_when,experiments_logs/analysis_recent/when_what_mechanisms_20260921/00_raw/tomato/scene_05/ours/run_06_seed_1691996467/exp_tomato_20260921_014127_237707.txt,experiments_logs/analysis_recent/when_what_mechanisms_20260921/00_raw/tomato/scene_05/cp_when/run_06_seed_1691996467/exp_tomato_20260921_025038_354301.txt,0,1,0.0,35.0,-16.1562,-190.0
tomato,05,1746555867,ours,cp_when,experiments_logs/analysis_recent/when_what_mechanisms_20260921/00_raw/tomato/scene_05/ours/run_04_seed_1746555867/exp_tomato_20260921_014116_351614.txt,experiments_logs/analysis_recent/when_what_mechanisms_20260921/00_raw/tomato/scene_05/cp_when/run_04_seed_1746555867/exp_tomato_20260921_024948_337072.txt,1,1,4.0,0.0,-22.502000000000002,0.0
tomato,05,179847475,ours,cp_when,experiments_logs/analysis_recent/when_what_mechanisms_20260921/00_raw/tomato/scene_05/ours/run_10_seed_179847475/exp_tomato_20260921_014133_353979.txt,experiments_logs/analysis_recent/when_what_mechanisms_20260921/00_raw/tomato/scene_05/cp_when/run_10_seed_179847475/exp_tomato_20260921_025211_808620.txt,1,1,4.0,0.0,-19.2193,0.0
tomato,05,1896365895,ours,cp_when,experiments_logs/analysis_recent/when_what_mechanisms_20260921/00_raw/tomato/scene_05/ours/run_21_seed_1896365895/exp_tomato_20260921_014150_833436.txt,experiments_logs/analysis_recent/when_what_mechanisms_20260921/00_raw/tomato/scene_05/cp_when/run_21_seed_1896365895/exp_tomato_20260921_025608_809964.txt,1,1,6.0,1.0,-19.5323,0.0
tomato,05,1985644872,ours,cp_when,experiments_logs/analysis_recent/when_what_mechanisms_20260921/00_raw/tomato/scene_05/ours/run_34_seed_1985644872/exp_tomato_20260921_014212_373856.txt,experiments_logs/analysis_recent/when_what_mechanisms_20260921/00_raw/tomato/scene_05/cp_when/run_34_seed_1985644872/exp_tomato_20260921_030045_235773.txt,1,1,4.0,1.0,-22.1449,0.0
tomato,05,2082077157,ours,cp_when,experiments_logs/analysis_recent/when_what_mechanisms_20260921/00_raw/tomato/scene_05/ours/run_15_seed_2082077157/exp_tomato_20260921_014141_357175.txt,experiments_logs/analysis_recent/when_what_mechanisms_20260921/00_raw/tomato/scene_05/cp_when/run_15_seed_2082077157/exp_tomato_20260921_025406_566294.txt,1,0,4.0,3.0,-14.681000000000001,20.0
tomato,05,2128654182,ours,cp_when,experiments_logs/analysis_recent/when_what_mechanisms_20260921/00_raw/tomato/scene_05/ours/run_22_seed_2128654182/exp_tomato_20260921_014152_363099.txt,experiments_logs/analysis_recent/when_what_mechanisms_20260921/00_raw/tomato/scene_05/cp_when/run_22_seed_2128654182/exp_tomato_20260921_025624_801328.txt,1,0,9.0,3.0,-14.3968,20.0
tomato,05,2141224597,ours,cp_when,experiments_logs/analysis_recent/when_what_mechanisms_20260921/00_raw/tomato/scene_05/ours/run_11_seed_2141224597/exp_tomato_20260921_014134_882925.txt,experiments_logs/analysis_recent/when_what_mechanisms_20260921/00_raw/tomato/scene_05/cp_when/run_11_seed_2141224597/exp_tomato_20260921_025241_731463.txt,1,0,7.0,-4.0,-28.2135,10.0
tomato,05,2222584418,ours,cp_when,experiments_logs/analysis_recent/when_what_mechanisms_20260921/00_raw/tomato/scene_05/ours/run_18_seed_2222584418/exp_tomato_20260921_014146_132341.txt,experiments_logs/analysis_recent/when_what_mechanisms_20260921/00_raw/tomato/scene_05/cp_when/run_18_seed_2222584418/exp_tomato_20260921_025517_713887.txt,1,1,8.0,0.0,-21.3355,0.0
tomato,05,2231101089,ours,cp_when,experiments_logs/analysis_recent/when_what_mechanisms_20260921/00_raw/tomato/scene_05/ours/run_30_seed_2231101089/exp_tomato_20260921_014206_086157.txt,experiments_logs/analysis_recent/when_what_mechanisms_20260921/00_raw/tomato/scene_05/cp_when/run_30_seed_2231101089/exp_tomato_20260921_025917_825895.txt,1,1,5.0,0.0,-23.6534,0.0
tomato,05,259038599,ours,cp_when,experiments_logs/analysis_recent/when_what_mechanisms_20260921/00_raw/tomato/scene_05/ours/run_02_seed_259038599/exp_tomato_20260921_014113_118794.txt,experiments_logs/analysis_recent/when_what_mechanisms_20260921/00_raw/tomato/scene_05/cp_when/run_02_seed_259038599/exp_tomato_20260921_024900_179919.txt,1,1,9.0,0.0,-21.9796,0.0
tomato,05,2591322916,ours,cp_when,experiments_logs/analysis_recent/when_what_mechanisms_20260921/00_raw/tomato/scene_05/ours/run_14_seed_2591322916/exp_tomato_20260921_014139_904717.txt,experiments_logs/analysis_recent/when_what_mechanisms_20260921/00_raw/tomato/scene_05/cp_when/run_14_seed_2591322916/exp_tomato_20260921_025350_240411.txt,1,0,6.0,3.0,-15.768,20.0
tomato,05,2654066318,ours,cp_when,experiments_logs/analysis_recent/when_what_mechanisms_20260921/00_raw/tomato/scene_05/ours/run_07_seed_2654066318/exp_tomato_20260921_014128_726039.txt,experiments_logs/analysis_recent/when_what_mechanisms_20260921/00_raw/tomato/scene_05/cp_when/run_07_seed_2654066318/exp_tomato_20260921_025107_312355.txt,1,1,1.0,-4.0,-27.2838,0.0
tomato,05,28332744,ours,cp_when,experiments_logs/analysis_recent/when_what_mechanisms_20260921/00_raw/tomato/scene_05/ours/run_31_seed_28332744/exp_tomato_20260921_014207_765167.txt,experiments_logs/analysis_recent/when_what_mechanisms_20260921/00_raw/tomato/scene_05/cp_when/run_31_seed_28332744/exp_tomato_20260921_025934_299174.txt,1,0,9.0,5.0,-14.7496,15.0
tomato,05,2883494985,ours,cp_when,experiments_logs/analysis_recent/when_what_mechanisms_20260921/00_raw/tomato/scene_05/ours/run_17_seed_2883494985/exp_tomato_20260921_014144_492823.txt,experiments_logs/analysis_recent/when_what_mechanisms_20260921/00_raw/tomato/scene_05/cp_when/run_17_seed_2883494985/exp_tomato_20260921_025454_556381.txt,1,1,6.0,-1.0,-21.0169,0.0
tomato,05,2898963405,ours,cp_when,experiments_logs/analysis_recent/when_what_mechanisms_20260921/00_raw/tomato/scene_05/ours/run_03_seed_2898963405/exp_tomato_20260921_014114_782258.txt,experiments_logs/analysis_recent/when_what_mechanisms_20260921/00_raw/tomato/scene_05/cp_when/run_03_seed_2898963405/exp_tomato_20260921_024924_047363.txt,1,1,2.0,0.0,-22.023999999999997,0.0
tomato,05,3034198474,ours,cp_when,experiments_logs/analysis_recent/when_what_mechanisms_20260921/00_raw/tomato/scene_05/ours/run_40_seed_3034198474/exp_tomato_20260921_014221_642697.txt,experiments_logs/analysis_recent/when_what_mechanisms_20260921/00_raw/tomato/scene_05/cp_when/run_40_seed_3034198474/exp_tomato_20260921_030249_352446.txt,1,1,6.0,-3.0,-26.9885,0.0
tomato,05,346784313,ours,cp_when,experiments_logs/analysis_recent/when_what_mechanisms_20260921/00_raw/tomato/scene_05/ours/run_25_seed_346784313/exp_tomato_20260921_014156_897695.txt,experiments_logs/analysis_recent/when_what_mechanisms_20260921/00_raw/tomato/scene_05/cp_when/run_25_seed_346784313/exp_tomato_20260921_025730_717339.txt,1,1,4.0,-1.0,-23.7674,0.0
tomato,05,3471226395,ours,cp_when,experiments_logs/analysis_recent/when_what_mechanisms_20260921/00_raw/tomato/scene_05/ours/run_23_seed_3471226395/exp_tomato_20260921_014153_809007.txt,experiments_logs/analysis_recent/when_what_mechanisms_20260921/00_raw/tomato/scene_05/cp_when/run_23_seed_3471226395/exp_tomato_20260921_025641_643254.txt,1,0,6.0,3.0,-15.3197,20.0
tomato,05,3594782946,ours,cp_when,experiments_logs/analysis_recent/when_what_mechanisms_20260921/00_raw/tomato/scene_05/ours/run_28_seed_3594782946/exp_tomato_20260921_014203_005905.txt,experiments_logs/analysis_recent/when_what_mechanisms_20260921/00_raw/tomato/scene_05/cp_when/run_28_seed_3594782946/exp_tomato_20260921_025843_952161.txt,1,1,6.0,0.0,-21.514899999999997,0.0
tomato,05,3637968608,ours,cp_when,experiments_logs/analysis_recent/when_what_mechanisms_20260921/00_raw/tomato/scene_05/ours/run_33_seed_3637968608/exp_tomato_20260921_014210_892241.txt,experiments_logs/analysis_recent/when_what_mechanisms_20260921/00_raw/tomato/scene_05/cp_when/run_33_seed_3637968608/exp_tomato_20260921_030021_553293.txt,1,1,4.0,0.0,-23.4704,0.0
tomato,05,3696024021,ours,cp_when,experiments_logs/analysis_recent/when_what_mechanisms_20260921/00_raw/tomato/scene_05/ours/run_37_seed_3696024021/exp_tomato_20260921_014217_028281.txt,experiments_logs/analysis_recent/when_what_mechanisms_20260921/00_raw/tomato/scene_05/cp_when/run_37_seed_3696024021/exp_tomato_20260921_030157_567379.txt,1,1,4.0,1.0,-20.189,0.0
tomato,05,3850832736,ours,cp_when,experiments_logs/analysis_recent/when_what_mechanisms_20260921/00_raw/tomato/scene_05/ours/run_20_seed_3850832736/exp_tomato_20260921_014149_260385.txt,experiments_logs/analysis_recent/when_what_mechanisms_20260921/00_raw/tomato/scene_05/cp_when/run_20_seed_3850832736/exp_tomato_20260921_025547_639892.txt,1,0,11.0,10.0,-6.827999999999999,30.0
tomato,05,3869246695,ours,cp_when,experiments_logs/analysis_recent/when_what_mechanisms_20260921/00_raw/tomato/scene_05/ours/run_29_seed_3869246695/exp_tomato_20260921_014204_490816.txt,experiments_logs/analysis_recent/when_what_mechanisms_20260921/00_raw/tomato/scene_05/cp_when/run_29_seed_3869246695/exp_tomato_20260921_025852_515435.txt,1,0,10.0,8.0,-7.012300000000001,30.0
tomato,05,3873493540,ours,cp_when,experiments_logs/analysis_recent/when_what_mechanisms_20260921/00_raw/tomato/scene_05/ours/run_12_seed_3873493540/exp_tomato_20260921_014136_484016.txt,experiments_logs/analysis_recent/when_what_mechanisms_20260921/00_raw/tomato/scene_05/cp_when/run_12_seed_3873493540/exp_tomato_20260921_025307_869350.txt,1,1,0.0,-1.0,-24.3732,0.0
tomato,05,3945754139,ours,cp_when,experiments_logs/analysis_recent/when_what_mechanisms_20260921/00_raw/tomato/scene_05/ours/run_01_seed_3945754139/exp_tomato_20260921_014111_515811.txt,experiments_logs/analysis_recent/when_what_mechanisms_20260921/00_raw/tomato/scene_05/cp_when/run_01_seed_3945754139/exp_tomato_20260921_024836_405734.txt,1,1,0.0,-4.0,-28.4083,0.0
tomato,05,4191848859,ours,cp_when,experiments_logs/analysis_recent/when_what_mechanisms_20260921/00_raw/tomato/scene_05/ours/run_38_seed_4191848859/exp_tomato_20260921_014218_551769.txt,experiments_logs/analysis_recent/when_what_mechanisms_20260921/00_raw/tomato/scene_05/cp_when/run_38_seed_4191848859/exp_tomato_20260921_030206_154112.txt,1,0,5.0,9.0,-6.9931,30.0
tomato,05,444653586,ours,cp_when,experiments_logs/analysis_recent/when_what_mechanisms_20260921/00_raw/tomato/scene_05/ours/run_13_seed_444653586/exp_tomato_20260921_014138_411585.txt,experiments_logs/analysis_recent/when_what_mechanisms_20260921/00_raw/tomato/scene_05/cp_when/run_13_seed_444653586/exp_tomato_20260921_025332_840168.txt,1,1,2.0,0.0,-22.899700000000003,0.0
tomato,05,589229374,ours,cp_when,experiments_logs/analysis_recent/when_what_mechanisms_20260921/00_raw/tomato/scene_05/ours/run_35_seed_589229374/exp_tomato_20260921_014213_979802.txt,experiments_logs/analysis_recent/when_what_mechanisms_20260921/00_raw/tomato/scene_05/cp_when/run_35_seed_589229374/exp_tomato_20260921_030109_356518.txt,1,1,9.0,0.0,-22.4547,0.0
tomato,05,715972481,ours,cp_when,experiments_logs/analysis_recent/when_what_mechanisms_20260921/00_raw/tomato/scene_05/ours/run_08_seed_715972481/exp_tomato_20260921_014130_224109.txt,experiments_logs/analysis_recent/when_what_mechanisms_20260921/00_raw/tomato/scene_05/cp_when/run_08_seed_715972481/exp_tomato_20260921_025127_973479.txt,1,1,3.0,0.0,-19.027,0.0
tomato,05,794861334,ours,cp_when,experiments_logs/analysis_recent/when_what_mechanisms_20260921/00_raw/tomato/scene_05/ours/run_09_seed_794861334/exp_tomato_20260921_014131_859102.txt,experiments_logs/analysis_recent/when_what_mechanisms_20260921/00_raw/tomato/scene_05/cp_when/run_09_seed_794861334/exp_tomato_20260921_025150_958125.txt,1,1,7.0,0.0,-21.1756,0.0
tomato,05,815541928,ours,cp_when,experiments_logs/analysis_recent/when_what_mechanisms_20260921/00_raw/tomato/scene_05/ours/run_32_seed_815541928/exp_tomato_20260921_014209_294091.txt,experiments_logs/analysis_recent/when_what_mechanisms_20260921/00_raw/tomato/scene_05/cp_when/run_32_seed_815541928/exp_tomato_20260921_025956_404154.txt,1,1,5.0,0.0,-20.5168,0.0
tomato,05,879805946,ours,cp_when,experiments_logs/analysis_recent/when_what_mechanisms_20260921/00_raw/tomato/scene_05/ours/run_05_seed_879805946/exp_tomato_20260921_014117_990969.txt,experiments_logs/analysis_recent/when_what_mechanisms_20260921/00_raw/tomato/scene_05/cp_when/run_05_seed_879805946/exp_tomato_20260921_025012_767318.txt,1,0,8.0,0.0,-22.5915,10.0
tomato,01,1025671343,ours,value_when,experiments_logs/analysis_recent/when_what_mechanisms_20260921/00_raw/tomato/scene_01/ours/run_40_seed_1025671343/exp_tomato_20260921_013741_685598.txt,experiments_logs/analysis_recent/when_what_mechanisms_20260921/00_raw/tomato/scene_01/value_when/run_40_seed_1025671343/exp_tomato_20260921_035902_579134.txt,1,1,4.0,0.0,-1.9382000000000001,0.0
tomato,01,1084618528,ours,value_when,experiments_logs/analysis_recent/when_what_mechanisms_20260921/00_raw/tomato/scene_01/ours/run_33_seed_1084618528/exp_tomato_20260921_013729_333914.txt,experiments_logs/analysis_recent/when_what_mechanisms_20260921/00_raw/tomato/scene_01/value_when/run_33_seed_1084618528/exp_tomato_20260921_035843_929799.txt,1,0,9.0,-3.0,-2.9295,10.0
tomato,01,1201029111,ours,value_when,experiments_logs/analysis_recent/when_what_mechanisms_20260921/00_raw/tomato/scene_01/ours/run_08_seed_1201029111/exp_tomato_20260921_013641_435969.txt,experiments_logs/analysis_recent/when_what_mechanisms_20260921/00_raw/tomato/scene_01/value_when/run_08_seed_1201029111/exp_tomato_20260921_035718_466966.txt,1,0,9.0,6.0,-0.21750000000000003,30.0
tomato,01,1233339309,ours,value_when,experiments_logs/analysis_recent/when_what_mechanisms_20260921/00_raw/tomato/scene_01/ours/run_27_seed_1233339309/exp_tomato_20260921_013712_009541.txt,experiments_logs/analysis_recent/when_what_mechanisms_20260921/00_raw/tomato/scene_01/value_when/run_27_seed_1233339309/exp_tomato_20260921_035814_580482.txt,1,0,9.0,9.0,0.526,30.0
tomato,01,1273020582,ours,value_when,experiments_logs/analysis_recent/when_what_mechanisms_20260921/00_raw/tomato/scene_01/ours/run_03_seed_1273020582/exp_tomato_20260921_013632_758665.txt,experiments_logs/analysis_recent/when_what_mechanisms_20260921/00_raw/tomato/scene_01/value_when/run_03_seed_1273020582/exp_tomato_20260921_035703_598244.txt,1,1,8.0,0.0,-1.8890999999999998,0.0
tomato,01,1649478604,ours,value_when,experiments_logs/analysis_recent/when_what_mechanisms_20260921/00_raw/tomato/scene_01/ours/run_25_seed_1649478604/exp_tomato_20260921_013708_744424.txt,experiments_logs/analysis_recent/when_what_mechanisms_20260921/00_raw/tomato/scene_01/value_when/run_25_seed_1649478604/exp_tomato_20260921_035810_025255.txt,1,1,10.0,-1.0,-2.3495,0.0
tomato,01,1911303750,ours,value_when,experiments_logs/analysis_recent/when_what_mechanisms_20260921/00_raw/tomato/scene_01/ours/run_06_seed_1911303750/exp_tomato_20260921_013638_056538.txt,experiments_logs/analysis_recent/when_what_mechanisms_20260921/00_raw/tomato/scene_01/value_when/run_06_seed_1911303750/exp_tomato_20260921_035712_498249.txt,1,1,8.0,0.0,-2.0281,0.0
tomato,01,2027029533,ours,value_when,experiments_logs/analysis_recent/when_what_mechanisms_20260921/00_raw/tomato/scene_01/ours/run_17_seed_2027029533/exp_tomato_20260921_013656_248721.txt,experiments_logs/analysis_recent/when_what_mechanisms_20260921/00_raw/tomato/scene_01/value_when/run_17_seed_2027029533/exp_tomato_20260921_035746_116315.txt,1,1,4.0,0.0,-2.2451,0.0
tomato,01,2030859206,ours,value_when,experiments_logs/analysis_recent/when_what_mechanisms_20260921/00_raw/tomato/scene_01/ours/run_01_seed_2030859206/exp_tomato_20260921_013629_645526.txt,experiments_logs/analysis_recent/when_what_mechanisms_20260921/00_raw/tomato/scene_01/value_when/run_01_seed_2030859206/exp_tomato_20260921_035656_815778.txt,1,0,6.0,10.0,0.43900000000000006,30.0
tomato,01,217537032,ours,value_when,experiments_logs/analysis_recent/when_what_mechanisms_20260921/00_raw/tomato/scene_01/ours/run_22_seed_217537032/exp_tomato_20260921_013704_174164.txt,experiments_logs/analysis_recent/when_what_mechanisms_20260921/00_raw/tomato/scene_01/value_when/run_22_seed_217537032/exp_tomato_20260921_035759_851629.txt,1,0,13.0,10.0,0.23340000000000005,30.0
tomato,01,2204152357,ours,value_when,experiments_logs/analysis_recent/when_what_mechanisms_20260921/00_raw/tomato/scene_01/ours/run_26_seed_2204152357/exp_tomato_20260921_013710_360620.txt,experiments_logs/analysis_recent/when_what_mechanisms_20260921/00_raw/tomato/scene_01/value_when/run_26_seed_2204152357/exp_tomato_20260921_035813_459411.txt,1,1,9.0,0.0,-1.8173000000000001,0.0
tomato,01,2222960263,ours,value_when,experiments_logs/analysis_recent/when_what_mechanisms_20260921/00_raw/tomato/scene_01/ours/run_02_seed_2222960263/exp_tomato_20260921_013631_172555.txt,experiments_logs/analysis_recent/when_what_mechanisms_20260921/00_raw/tomato/scene_01/value_when/run_02_seed_2222960263/exp_tomato_20260921_035700_115602.txt,1,0,6.0,0.0,-1.7556000000000003,10.0
tomato,01,2508123787,ours,value_when,experiments_logs/analysis_recent/when_what_mechanisms_20260921/00_raw/tomato/scene_01/ours/run_10_seed_2508123787/exp_tomato_20260921_013644_670038.txt,experiments_logs/analysis_recent/when_what_mechanisms_20260921/00_raw/tomato/scene_01/value_when/run_10_seed_2508123787/exp_tomato_20260921_035724_319719.txt,1,0,7.0,4.0,-0.6846000000000001,10.0
tomato,01,2607182153,ours,value_when,experiments_logs/analysis_recent/when_what_mechanisms_20260921/00_raw/tomato/scene_01/ours/run_36_seed_2607182153/exp_tomato_20260921_013734_064381.txt,experiments_logs/analysis_recent/when_what_mechanisms_20260921/00_raw/tomato/scene_01/value_when/run_36_seed_2607182153/exp_tomato_20260921_035850_490048.txt,1,1,9.0,-1.0,-2.3777999999999997,0.0
tomato,01,2698243041,ours,value_when,experiments_logs/analysis_recent/when_what_mechanisms_20260921/00_raw/tomato/scene_01/ours/run_05_seed_2698243041/exp_tomato_20260921_013636_396936.txt,experiments_logs/analysis_recent/when_what_mechanisms_20260921/00_raw/tomato/scene_01/value_when/run_05_seed_2698243041/exp_tomato_20260921_035708_798642.txt,1,1,9.0,0.0,-1.9663,0.0
tomato,01,2741500852,ours,value_when,experiments_logs/analysis_recent/when_what_mechanisms_20260921/00_raw/tomato/scene_01/ours/run_11_seed_2741500852/exp_tomato_20260921_013646_461755.txt,experiments_logs/analysis_recent/when_what_mechanisms_20260921/00_raw/tomato/scene_01/value_when/run_11_seed_2741500852/exp_tomato_20260921_035725_775738.txt,1,0,10.0,10.0,0.33019999999999994,30.0
tomato,01,3008854274,ours,value_when,experiments_logs/analysis_recent/when_what_mechanisms_20260921/00_raw/tomato/scene_01/ours/run_38_seed_3008854274/exp_tomato_20260921_013737_631876.txt,experiments_logs/analysis_recent/when_what_mechanisms_20260921/00_raw/tomato/scene_01/value_when/run_38_seed_3008854274/exp_tomato_20260921_035857_618632.txt,1,1,9.0,0.0,-1.8541,0.0
tomato,01,3049697230,ours,value_when,experiments_logs/analysis_recent/when_what_mechanisms_20260921/00_raw/tomato/scene_01/ours/run_15_seed_3049697230/exp_tomato_20260921_013652_903895.txt,experiments_logs/analysis_recent/when_what_mechanisms_20260921/00_raw/tomato/scene_01/value_when/run_15_seed_3049697230/exp_tomato_20260921_035740_653472.txt,1,1,5.0,0.0,-2.0148,0.0
tomato,01,311025495,ours,value_when,experiments_logs/analysis_recent/when_what_mechanisms_20260921/00_raw/tomato/scene_01/ours/run_20_seed_311025495/exp_tomato_20260921_013700_948247.txt,experiments_logs/analysis_recent/when_what_mechanisms_20260921/00_raw/tomato/scene_01/value_when/run_20_seed_311025495/exp_tomato_20260921_035754_927799.txt,1,1,7.0,0.0,-1.7644,0.0
tomato,01,323427982,ours,value_when,experiments_logs/analysis_recent/when_what_mechanisms_20260921/00_raw/tomato/scene_01/ours/run_19_seed_323427982/exp_tomato_20260921_013659_373934.txt,experiments_logs/analysis_recent/when_what_mechanisms_20260921/00_raw/tomato/scene_01/value_when/run_19_seed_323427982/exp_tomato_20260921_035751_585963.txt,1,1,7.0,0.0,-1.6253000000000002,0.0
tomato,01,3325784884,ours,value_when,experiments_logs/analysis_recent/when_what_mechanisms_20260921/00_raw/tomato/scene_01/ours/run_30_seed_3325784884/exp_tomato_20260921_013724_702826.txt,experiments_logs/analysis_recent/when_what_mechanisms_20260921/00_raw/tomato/scene_01/value_when/run_30_seed_3325784884/exp_tomato_20260921_035832_441841.txt,0,0,8.0,0.0,-1.5969999999999995,0.0
tomato,01,3357973338,ours,value_when,experiments_logs/analysis_recent/when_what_mechanisms_20260921/00_raw/tomato/scene_01/ours/run_28_seed_3357973338/exp_tomato_20260921_013713_644827.txt,experiments_logs/analysis_recent/when_what_mechanisms_20260921/00_raw/tomato/scene_01/value_when/run_28_seed_3357973338/exp_tomato_20260921_035818_112920.txt,1,1,9.0,0.0,-1.8872000000000002,0.0
tomato,01,3373062200,ours,value_when,experiments_logs/analysis_recent/when_what_mechanisms_20260921/00_raw/tomato/scene_01/ours/run_39_seed_3373062200/exp_tomato_20260921_013739_850947.txt,experiments_logs/analysis_recent/when_what_mechanisms_20260921/00_raw/tomato/scene_01/value_when/run_39_seed_3373062200/exp_tomato_20260921_035858_802101.txt,1,0,8.0,13.0,1.0289000000000001,30.0
tomato,01,338448945,ours,value_when,experiments_logs/analysis_recent/when_what_mechanisms_20260921/00_raw/tomato/scene_01/ours/run_37_seed_338448945/exp_tomato_20260921_013735_732148.txt,experiments_logs/analysis_recent/when_what_mechanisms_20260921/00_raw/tomato/scene_01/value_when/run_37_seed_338448945/exp_tomato_20260921_035853_874065.txt,1,0,7.0,0.0,-1.7242000000000002,10.0
tomato,01,3389846695,ours,value_when,experiments_logs/analysis_recent/when_what_mechanisms_20260921/00_raw/tomato/scene_01/ours/run_09_seed_3389846695/exp_tomato_20260921_013643_028131.txt,experiments_logs/analysis_recent/when_what_mechanisms_20260921/00_raw/tomato/scene_01/value_when/run_09_seed_3389846695/exp_tomato_20260921_035721_981844.txt,1,0,8.0,0.0,-1.9108999999999998,10.0
tomato,01,3466707993,ours,value_when,experiments_logs/analysis_recent/when_what_mechanisms_20260921/00_raw/tomato/scene_01/ours/run_24_seed_3466707993/exp_tomato_20260921_013707_140488.txt,experiments_logs/analysis_recent/when_what_mechanisms_20260921/00_raw/tomato/scene_01/value_when/run_24_seed_3466707993/exp_tomato_20260921_035806_058574.txt,1,1,7.0,0.0,-1.7035000000000002,0.0
tomato,01,3638621671,ours,value_when,experiments_logs/analysis_recent/when_what_mechanisms_20260921/00_raw/tomato/scene_01/ours/run_32_seed_3638621671/exp_tomato_20260921_013727_898251.txt,experiments_logs/analysis_recent/when_what_mechanisms_20260921/00_raw/tomato/scene_01/value_when/run_32_seed_3638621671/exp_tomato_20260921_035839_547229.txt,1,1,12.0,0.0,-2.1818,0.0
tomato,01,3649707942,ours,value_when,experiments_logs/analysis_recent/when_what_mechanisms_20260921/00_raw/tomato/scene_01/ours/run_29_seed_3649707942/exp_tomato_20260921_013715_132563.txt,experiments_logs/analysis_recent/when_what_mechanisms_20260921/00_raw/tomato/scene_01/value_when/run_29_seed_3649707942/exp_tomato_20260921_035821_272470.txt,1,1,5.0,0.0,-1.6766,0.0
tomato,01,3736902642,ours,value_when,experiments_logs/analysis_recent/when_what_mechanisms_20260921/00_raw/tomato/scene_01/ours/run_18_seed_3736902642/exp_tomato_20260921_013657_898170.txt,experiments_logs/analysis_recent/when_what_mechanisms_20260921/00_raw/tomato/scene_01/value_when/run_18_seed_3736902642/exp_tomato_20260921_035748_490351.txt,1,0,6.0,6.0,-0.7241,10.0
tomato,01,3877458541,ours,value_when,experiments_logs/analysis_recent/when_what_mechanisms_20260921/00_raw/tomato/scene_01/ours/run_31_seed_3877458541/exp_tomato_20260921_013726_229856.txt,experiments_logs/analysis_recent/when_what_mechanisms_20260921/00_raw/tomato/scene_01/value_when/run_31_seed_3877458541/exp_tomato_20260921_035835_680914.txt,1,1,7.0,0.0,-1.7123,0.0
tomato,01,4028845444,ours,value_when,experiments_logs/analysis_recent/when_what_mechanisms_20260921/00_raw/tomato/scene_01/ours/run_35_seed_4028845444/exp_tomato_20260921_013732_485056.txt,experiments_logs/analysis_recent/when_what_mechanisms_20260921/00_raw/tomato/scene_01/value_when/run_35_seed_4028845444/exp_tomato_20260921_035846_535033.txt,1,0,6.0,8.0,0.06029999999999991,30.0
tomato,01,405999239,ours,value_when,experiments_logs/analysis_recent/when_what_mechanisms_20260921/00_raw/tomato/scene_01/ours/run_34_seed_405999239/exp_tomato_20260921_013731_023231.txt,experiments_logs/analysis_recent/when_what_mechanisms_20260921/00_raw/tomato/scene_01/value_when/run_34_seed_405999239/exp_tomato_20260921_035845_130792.txt,1,0,11.0,9.0,0.4929,30.0
tomato,01,4065849833,ours,value_when,experiments_logs/analysis_recent/when_what_mechanisms_20260921/00_raw/tomato/scene_01/ours/run_12_seed_4065849833/exp_tomato_20260921_013647_932202.txt,experiments_logs/analysis_recent/when_what_mechanisms_20260921/00_raw/tomato/scene_01/value_when/run_12_seed_4065849833/exp_tomato_20260921_035730_195587.txt,1,1,7.0,-3.0,-2.9452,0.0
tomato,01,532817344,ours,value_when,experiments_logs/analysis_recent/when_what_mechanisms_20260921/00_raw/tomato/scene_01/ours/run_23_seed_532817344/exp_tomato_20260921_013705_654301.txt,experiments_logs/analysis_recent/when_what_mechanisms_20260921/00_raw/tomato/scene_01/value_when/run_23_seed_532817344/exp_tomato_20260921_035802_865854.txt,1,1,6.0,0.0,-1.5418999999999998,0.0
tomato,01,597016452,ours,value_when,experiments_logs/analysis_recent/when_what_mechanisms_20260921/00_raw/tomato/scene_01/ours/run_16_seed_597016452/exp_tomato_20260921_013654_403230.txt,experiments_logs/analysis_recent/when_what_mechanisms_20260921/00_raw/tomato/scene_01/value_when/run_16_seed_597016452/exp_tomato_20260921_035742_027342.txt,1,0,7.0,8.0,0.11559999999999993,30.0
tomato,01,796400590,ours,value_when,experiments_logs/analysis_recent/when_what_mechanisms_20260921/00_raw/tomato/scene_01/ours/run_07_seed_796400590/exp_tomato_20260921_013639_945912.txt,experiments_logs/analysis_recent/when_what_mechanisms_20260921/00_raw/tomato/scene_01/value_when/run_07_seed_796400590/exp_tomato_20260921_035716_745552.txt,1,1,5.0,0.0,-2.3457,0.0
tomato,01,821007751,ours,value_when,experiments_logs/analysis_recent/when_what_mechanisms_20260921/00_raw/tomato/scene_01/ours/run_13_seed_821007751/exp_tomato_20260921_013649_554274.txt,experiments_logs/analysis_recent/when_what_mechanisms_20260921/00_raw/tomato/scene_01/value_when/run_13_seed_821007751/exp_tomato_20260921_035733_641235.txt,1,0,8.0,0.0,-1.8245,10.0
tomato,01,866496583,ours,value_when,experiments_logs/analysis_recent/when_what_mechanisms_20260921/00_raw/tomato/scene_01/ours/run_04_seed_866496583/exp_tomato_20260921_013634_643551.txt,experiments_logs/analysis_recent/when_what_mechanisms_20260921/00_raw/tomato/scene_01/value_when/run_04_seed_866496583/exp_tomato_20260921_035705_074996.txt,1,0,6.0,10.0,0.4193,30.0
tomato,01,871806833,ours,value_when,experiments_logs/analysis_recent/when_what_mechanisms_20260921/00_raw/tomato/scene_01/ours/run_21_seed_871806833/exp_tomato_20260921_013702_481175.txt,experiments_logs/analysis_recent/when_what_mechanisms_20260921/00_raw/tomato/scene_01/value_when/run_21_seed_871806833/exp_tomato_20260921_035758_389375.txt,1,0,11.0,0.0,-1.9256000000000002,10.0
tomato,01,965164034,ours,value_when,experiments_logs/analysis_recent/when_what_mechanisms_20260921/00_raw/tomato/scene_01/ours/run_14_seed_965164034/exp_tomato_20260921_013651_010162.txt,experiments_logs/analysis_recent/when_what_mechanisms_20260921/00_raw/tomato/scene_01/value_when/run_14_seed_965164034/exp_tomato_20260921_035736_737272.txt,1,1,6.0,0.0,-1.6376999999999997,0.0
tomato,02,1150817657,ours,value_when,experiments_logs/analysis_recent/when_what_mechanisms_20260921/00_raw/tomato/scene_02/ours/run_04_seed_1150817657/exp_tomato_20260921_013749_080954.txt,experiments_logs/analysis_recent/when_what_mechanisms_20260921/00_raw/tomato/scene_02/value_when/run_04_seed_1150817657/exp_tomato_20260921_035914_600189.txt,1,0,9.0,9.0,0.42580000000000007,30.0
tomato,02,1337352578,ours,value_when,experiments_logs/analysis_recent/when_what_mechanisms_20260921/00_raw/tomato/scene_02/ours/run_12_seed_1337352578/exp_tomato_20260921_013801_301864.txt,experiments_logs/analysis_recent/when_what_mechanisms_20260921/00_raw/tomato/scene_02/value_when/run_12_seed_1337352578/exp_tomato_20260921_035942_848352.txt,1,0,9.0,0.0,-1.8129,10.0
tomato,02,1408900490,ours,value_when,experiments_logs/analysis_recent/when_what_mechanisms_20260921/00_raw/tomato/scene_02/ours/run_19_seed_1408900490/exp_tomato_20260921_013812_324845.txt,experiments_logs/analysis_recent/when_what_mechanisms_20260921/00_raw/tomato/scene_02/value_when/run_19_seed_1408900490/exp_tomato_20260921_040005_702096.txt,1,1,6.0,0.0,-1.6163,0.0
tomato,02,1422635806,ours,value_when,experiments_logs/analysis_recent/when_what_mechanisms_20260921/00_raw/tomato/scene_02/ours/run_15_seed_1422635806/exp_tomato_20260921_013805_837748.txt,experiments_logs/analysis_recent/when_what_mechanisms_20260921/00_raw/tomato/scene_02/value_when/run_15_seed_1422635806/exp_tomato_20260921_035951_496560.txt,1,0,6.0,3.0,-1.0372999999999999,20.0
tomato,02,1477592928,ours,value_when,experiments_logs/analysis_recent/when_what_mechanisms_20260921/00_raw/tomato/scene_02/ours/run_39_seed_1477592928/exp_tomato_20260921_013844_128756.txt,experiments_logs/analysis_recent/when_what_mechanisms_20260921/00_raw/tomato/scene_02/value_when/run_39_seed_1477592928/exp_tomato_20260921_040101_524352.txt,1,1,7.0,-4.0,-3.1199,0.0
tomato,02,1903174235,ours,value_when,experiments_logs/analysis_recent/when_what_mechanisms_20260921/00_raw/tomato/scene_02/ours/run_14_seed_1903174235/exp_tomato_20260921_013804_340710.txt,experiments_logs/analysis_recent/when_what_mechanisms_20260921/00_raw/tomato/scene_02/value_when/run_14_seed_1903174235/exp_tomato_20260921_035948_956379.txt,1,1,6.0,0.0,-1.6966999999999999,0.0
tomato,02,1919828458,ours,value_when,experiments_logs/analysis_recent/when_what_mechanisms_20260921/00_raw/tomato/scene_02/ours/run_38_seed_1919828458/exp_tomato_20260921_013842_675236.txt,experiments_logs/analysis_recent/when_what_mechanisms_20260921/00_raw/tomato/scene_02/value_when/run_38_seed_1919828458/exp_tomato_20260921_040056_947362.txt,1,1,8.0,0.0,-1.7517,0.0
tomato,02,1969507524,ours,value_when,experiments_logs/analysis_recent/when_what_mechanisms_20260921/00_raw/tomato/scene_02/ours/run_20_seed_1969507524/exp_tomato_20260921_013813_938505.txt,experiments_logs/analysis_recent/when_what_mechanisms_20260921/00_raw/tomato/scene_02/value_when/run_20_seed_1969507524/exp_tomato_20260921_040006_499517.txt,1,0,11.0,11.0,0.7278,30.0
tomato,02,2138595888,ours,value_when,experiments_logs/analysis_recent/when_what_mechanisms_20260921/00_raw/tomato/scene_02/ours/run_29_seed_2138595888/exp_tomato_20260921_013828_550678.txt,experiments_logs/analysis_recent/when_what_mechanisms_20260921/00_raw/tomato/scene_02/value_when/run_29_seed_2138595888/exp_tomato_20260921_040030_684474.txt,1,0,8.0,8.0,0.03149999999999997,30.0
tomato,02,2293168667,ours,value_when,experiments_logs/analysis_recent/when_what_mechanisms_20260921/00_raw/tomato/scene_02/ours/run_35_seed_2293168667/exp_tomato_20260921_013837_773855.txt,experiments_logs/analysis_recent/when_what_mechanisms_20260921/00_raw/tomato/scene_02/value_when/run_35_seed_2293168667/exp_tomato_20260921_040047_904413.txt,1,1,7.0,0.0,-1.7510999999999999,0.0
tomato,02,2306136433,ours,value_when,experiments_logs/analysis_recent/when_what_mechanisms_20260921/00_raw/tomato/scene_02/ours/run_03_seed_2306136433/exp_tomato_20260921_013747_502353.txt,experiments_logs/analysis_recent/when_what_mechanisms_20260921/00_raw/tomato/scene_02/value_when/run_03_seed_2306136433/exp_tomato_20260921_035913_447466.txt,1,1,8.0,0.0,-1.8277999999999999,0.0
tomato,02,2318091321,ours,value_when,experiments_logs/analysis_recent/when_what_mechanisms_20260921/00_raw/tomato/scene_02/ours/run_37_seed_2318091321/exp_tomato_20260921_013841_048476.txt,experiments_logs/analysis_recent/when_what_mechanisms_20260921/00_raw/tomato/scene_02/value_when/run_37_seed_2318091321/exp_tomato_20260921_040053_559979.txt,1,0,13.0,0.0,-2.2492,20.0
tomato,02,2324409209,ours,value_when,experiments_logs/analysis_recent/when_what_mechanisms_20260921/00_raw/tomato/scene_02/ours/run_17_seed_2324409209/exp_tomato_20260921_013809_138597.txt,experiments_logs/analysis_recent/when_what_mechanisms_20260921/00_raw/tomato/scene_02/value_when/run_17_seed_2324409209/exp_tomato_20260921_035959_011992.txt,1,1,9.0,-1.0,-2.3447000000000005,0.0
tomato,02,233361013,ours,value_when,experiments_logs/analysis_recent/when_what_mechanisms_20260921/00_raw/tomato/scene_02/ours/run_01_seed_233361013/exp_tomato_20260921_013744_347139.txt,experiments_logs/analysis_recent/when_what_mechanisms_20260921/00_raw/tomato/scene_02/value_when/run_01_seed_233361013/exp_tomato_20260921_035906_548873.txt,1,1,12.0,4.0,-1.3066,-20.0
tomato,02,2421989875,ours,value_when,experiments_logs/analysis_recent/when_what_mechanisms_20260921/00_raw/tomato/scene_02/ours/run_26_seed_2421989875/exp_tomato_20260921_013824_107450.txt,experiments_logs/analysis_recent/when_what_mechanisms_20260921/00_raw/tomato/scene_02/value_when/run_26_seed_2421989875/exp_tomato_20260921_040023_627344.txt,1,1,6.0,0.0,-1.6215,0.0
tomato,02,2567273034,ours,value_when,experiments_logs/analysis_recent/when_what_mechanisms_20260921/00_raw/tomato/scene_02/ours/run_24_seed_2567273034/exp_tomato_20260921_013820_965181.txt,experiments_logs/analysis_recent/when_what_mechanisms_20260921/00_raw/tomato/scene_02/value_when/run_24_seed_2567273034/exp_tomato_20260921_040017_070943.txt,1,1,13.0,1.0,-2.1108000000000002,0.0
tomato,02,2571575672,ours,value_when,experiments_logs/analysis_recent/when_what_mechanisms_20260921/00_raw/tomato/scene_02/ours/run_13_seed_2571575672/exp_tomato_20260921_013802_925567.txt,experiments_logs/analysis_recent/when_what_mechanisms_20260921/00_raw/tomato/scene_02/value_when/run_13_seed_2571575672/exp_tomato_20260921_035945_845945.txt,1,0,11.0,3.0,-1.3850000000000002,20.0
tomato,02,2639844527,ours,value_when,experiments_logs/analysis_recent/when_what_mechanisms_20260921/00_raw/tomato/scene_02/ours/run_23_seed_2639844527/exp_tomato_20260921_013818_638548.txt,experiments_logs/analysis_recent/when_what_mechanisms_20260921/00_raw/tomato/scene_02/value_when/run_23_seed_2639844527/exp_tomato_20260921_040012_639589.txt,1,0,9.0,7.0,0.2388,20.0
tomato,02,2661673954,ours,value_when,experiments_logs/analysis_recent/when_what_mechanisms_20260921/00_raw/tomato/scene_02/ours/run_08_seed_2661673954/exp_tomato_20260921_013755_042782.txt,experiments_logs/analysis_recent/when_what_mechanisms_20260921/00_raw/tomato/scene_02/value_when/run_08_seed_2661673954/exp_tomato_20260921_035927_822600.txt,1,1,8.0,-4.0,-2.6532,0.0
tomato,02,2833878170,ours,value_when,experiments_logs/analysis_recent/when_what_mechanisms_20260921/00_raw/tomato/scene_02/ours/run_06_seed_2833878170/exp_tomato_20260921_013752_016640.txt,experiments_logs/analysis_recent/when_what_mechanisms_20260921/00_raw/tomato/scene_02/value_when/run_06_seed_2833878170/exp_tomato_20260921_035922_208208.txt,1,1,7.0,0.0,-1.6490999999999998,0.0
tomato,02,2876796507,ours,value_when,experiments_logs/analysis_recent/when_what_mechanisms_20260921/00_raw/tomato/scene_02/ours/run_07_seed_2876796507/exp_tomato_20260921_013753_533745.txt,experiments_logs/analysis_recent/when_what_mechanisms_20260921/00_raw/tomato/scene_02/value_when/run_07_seed_2876796507/exp_tomato_20260921_035923_659441.txt,1,0,8.0,8.0,0.0676,30.0
tomato,02,2886041855,ours,value_when,experiments_logs/analysis_recent/when_what_mechanisms_20260921/00_raw/tomato/scene_02/ours/run_34_seed_2886041855/exp_tomato_20260921_013836_338618.txt,experiments_logs/analysis_recent/when_what_mechanisms_20260921/00_raw/tomato/scene_02/value_when/run_34_seed_2886041855/exp_tomato_20260921_040044_714622.txt,1,1,6.0,0.0,-1.9227,0.0
tomato,02,3206958523,ours,value_when,experiments_logs/analysis_recent/when_what_mechanisms_20260921/00_raw/tomato/scene_02/ours/run_02_seed_3206958523/exp_tomato_20260921_013745_902821.txt,experiments_logs/analysis_recent/when_what_mechanisms_20260921/00_raw/tomato/scene_02/value_when/run_02_seed_3206958523/exp_tomato_20260921_035910_027481.txt,1,1,8.0,0.0,-1.9050000000000002,0.0
tomato,02,3249674493,ours,value_when,experiments_logs/analysis_recent/when_what_mechanisms_20260921/00_raw/tomato/scene_02/ours/run_32_seed_3249674493/exp_tomato_20260921_013833_209387.txt,experiments_logs/analysis_recent/when_what_mechanisms_20260921/00_raw/tomato/scene_02/value_when/run_32_seed_3249674493/exp_tomato_20260921_040037_989892.txt,1,0,6.0,2.0,-1.0562,20.0
tomato,02,3533124505,ours,value_when,experiments_logs/analysis_recent/when_what_mechanisms_20260921/00_raw/tomato/scene_02/ours/run_09_seed_3533124505/exp_tomato_20260921_013756_626687.txt,experiments_logs/analysis_recent/when_what_mechanisms_20260921/00_raw/tomato/scene_02/value_when/run_09_seed_3533124505/exp_tomato_20260921_035932_631224.txt,1,1,10.0,-4.0,-3.2133000000000003,0.0
tomato,02,3662297998,ours,value_when,experiments_logs/analysis_recent/when_what_mechanisms_20260921/00_raw/tomato/scene_02/ours/run_31_seed_3662297998/exp_tomato_20260921_013831_651645.txt,experiments_logs/analysis_recent/when_what_mechanisms_20260921/00_raw/tomato/scene_02/value_when/run_31_seed_3662297998/exp_tomato_20260921_040035_388580.txt,1,0,6.0,0.0,-1.6628,10.0
tomato,02,3751400244,ours,value_when,experiments_logs/analysis_recent/when_what_mechanisms_20260921/00_raw/tomato/scene_02/ours/run_10_seed_3751400244/exp_tomato_20260921_013758_204097.txt,experiments_logs/analysis_recent/when_what_mechanisms_20260921/00_raw/tomato/scene_02/value_when/run_10_seed_3751400244/exp_tomato_20260921_035936_184245.txt,1,1,9.0,0.0,-1.9559,0.0
tomato,02,3815863427,ours,value_when,experiments_logs/analysis_recent/when_what_mechanisms_20260921/00_raw/tomato/scene_02/ours/run_25_seed_3815863427/exp_tomato_20260921_013822_589081.txt,experiments_logs/analysis_recent/when_what_mechanisms_20260921/00_raw/tomato/scene_02/value_when/run_25_seed_3815863427/exp_tomato_20260921_040020_492875.txt,1,1,8.0,0.0,-1.8308,0.0
tomato,02,3887351210,ours,value_when,experiments_logs/analysis_recent/when_what_mechanisms_20260921/00_raw/tomato/scene_02/ours/run_36_seed_3887351210/exp_tomato_20260921_013839_401192.txt,experiments_logs/analysis_recent/when_what_mechanisms_20260921/00_raw/tomato/scene_02/value_when/run_36_seed_3887351210/exp_tomato_20260921_040049_665498.txt,1,0,9.0,6.0,-0.13319999999999999,20.0
tomato,02,4007070013,ours,value_when,experiments_logs/analysis_recent/when_what_mechanisms_20260921/00_raw/tomato/scene_02/ours/run_33_seed_4007070013/exp_tomato_20260921_013834_718227.txt,experiments_logs/analysis_recent/when_what_mechanisms_20260921/00_raw/tomato/scene_02/value_when/run_33_seed_4007070013/exp_tomato_20260921_040041_167293.txt,1,1,6.0,0.0,-1.6808,0.0
tomato,02,4031054018,ours,value_when,experiments_logs/analysis_recent/when_what_mechanisms_20260921/00_raw/tomato/scene_02/ours/run_11_seed_4031054018/exp_tomato_20260921_013759_676639.txt,experiments_logs/analysis_recent/when_what_mechanisms_20260921/00_raw/tomato/scene_02/value_when/run_11_seed_4031054018/exp_tomato_20260921_035939_411790.txt,1,1,7.0,0.0,-1.7429000000000001,0.0
tomato,02,418694264,ours,value_when,experiments_logs/analysis_recent/when_what_mechanisms_20260921/00_raw/tomato/scene_02/ours/run_05_seed_418694264/exp_tomato_20260921_013750_556390.txt,experiments_logs/analysis_recent/when_what_mechanisms_20260921/00_raw/tomato/scene_02/value_when/run_05_seed_418694264/exp_tomato_20260921_035919_089777.txt,1,1,8.0,-4.0,-3.0171,0.0
tomato,02,464102713,ours,value_when,experiments_logs/analysis_recent/when_what_mechanisms_20260921/00_raw/tomato/scene_02/ours/run_22_seed_464102713/exp_tomato_20260921_013817_103175.txt,experiments_logs/analysis_recent/when_what_mechanisms_20260921/00_raw/tomato/scene_02/value_when/run_22_seed_464102713/exp_tomato_20260921_040011_351844.txt,1,1,8.0,0.0,-1.9637000000000002,0.0
tomato,02,474952343,ours,value_when,experiments_logs/analysis_recent/when_what_mechanisms_20260921/00_raw/tomato/scene_02/ours/run_18_seed_474952343/exp_tomato_20260921_013810_790340.txt,experiments_logs/analysis_recent/when_what_mechanisms_20260921/00_raw/tomato/scene_02/value_when/run_18_seed_474952343/exp_tomato_20260921_040002_562009.txt,1,1,7.0,0.0,-1.9014999999999997,0.0
tomato,02,484948157,ours,value_when,experiments_logs/analysis_recent/when_what_mechanisms_20260921/00_raw/tomato/scene_02/ours/run_28_seed_484948157/exp_tomato_20260921_013827_082701.txt,experiments_logs/analysis_recent/when_what_mechanisms_20260921/00_raw/tomato/scene_02/value_when/run_28_seed_484948157/exp_tomato_20260921_040029_248914.txt,1,0,6.0,3.0,-0.8909,20.0
tomato,02,559761095,ours,value_when,experiments_logs/analysis_recent/when_what_mechanisms_20260921/00_raw/tomato/scene_02/ours/run_16_seed_559761095/exp_tomato_20260921_013807_510193.txt,experiments_logs/analysis_recent/when_what_mechanisms_20260921/00_raw/tomato/scene_02/value_when/run_16_seed_559761095/exp_tomato_20260921_035955_043920.txt,1,1,9.0,0.0,-1.888,0.0
tomato,02,63773712,ours,value_when,experiments_logs/analysis_recent/when_what_mechanisms_20260921/00_raw/tomato/scene_02/ours/run_30_seed_63773712/exp_tomato_20260921_013830_079258.txt,experiments_logs/analysis_recent/when_what_mechanisms_20260921/00_raw/tomato/scene_02/value_when/run_30_seed_63773712/exp_tomato_20260921_040032_159058.txt,1,0,7.0,8.0,0.054200000000000026,30.0
tomato,02,742004455,ours,value_when,experiments_logs/analysis_recent/when_what_mechanisms_20260921/00_raw/tomato/scene_02/ours/run_40_seed_742004455/exp_tomato_20260921_013845_624250.txt,experiments_logs/analysis_recent/when_what_mechanisms_20260921/00_raw/tomato/scene_02/value_when/run_40_seed_742004455/exp_tomato_20260921_040106_093986.txt,1,1,6.0,-4.0,-3.0698000000000003,0.0
tomato,02,790979284,ours,value_when,experiments_logs/analysis_recent/when_what_mechanisms_20260921/00_raw/tomato/scene_02/ours/run_27_seed_790979284/exp_tomato_20260921_013825_593875.txt,experiments_logs/analysis_recent/when_what_mechanisms_20260921/00_raw/tomato/scene_02/value_when/run_27_seed_790979284/exp_tomato_20260921_040026_869093.txt,1,1,6.0,0.0,-1.7564000000000002,0.0
tomato,02,850676597,ours,value_when,experiments_logs/analysis_recent/when_what_mechanisms_20260921/00_raw/tomato/scene_02/ours/run_21_seed_850676597/exp_tomato_20260921_013815_433078.txt,experiments_logs/analysis_recent/when_what_mechanisms_20260921/00_raw/tomato/scene_02/value_when/run_21_seed_850676597/exp_tomato_20260921_040007_722478.txt,1,0,11.0,8.0,0.26749999999999996,20.0
tomato,03,1005437090,ours,value_when,experiments_logs/analysis_recent/when_what_mechanisms_20260921/00_raw/tomato/scene_03/ours/run_18_seed_1005437090/exp_tomato_20260921_013914_580548.txt,experiments_logs/analysis_recent/when_what_mechanisms_20260921/00_raw/tomato/scene_03/value_when/run_18_seed_1005437090/exp_tomato_20260921_040213_256683.txt,1,1,7.0,0.0,-1.6845999999999999,0.0
tomato,03,1016817503,ours,value_when,experiments_logs/analysis_recent/when_what_mechanisms_20260921/00_raw/tomato/scene_03/ours/run_31_seed_1016817503/exp_tomato_20260921_013942_933664.txt,experiments_logs/analysis_recent/when_what_mechanisms_20260921/00_raw/tomato/scene_03/value_when/run_31_seed_1016817503/exp_tomato_20260921_040308_527476.txt,1,1,5.0,0.0,-2.1548,0.0
tomato,03,1193704404,ours,value_when,experiments_logs/analysis_recent/when_what_mechanisms_20260921/00_raw/tomato/scene_03/ours/run_29_seed_1193704404/exp_tomato_20260921_013939_130596.txt,experiments_logs/analysis_recent/when_what_mechanisms_20260921/00_raw/tomato/scene_03/value_when/run_29_seed_1193704404/exp_tomato_20260921_040300_439025.txt,1,1,7.0,0.0,-1.7400999999999998,0.0
tomato,03,1252332960,ours,value_when,experiments_logs/analysis_recent/when_what_mechanisms_20260921/00_raw/tomato/scene_03/ours/run_22_seed_1252332960/exp_tomato_20260921_013928_471507.txt,experiments_logs/analysis_recent/when_what_mechanisms_20260921/00_raw/tomato/scene_03/value_when/run_22_seed_1252332960/exp_tomato_20260921_040232_651852.txt,1,0,12.0,9.0,0.4711000000000001,30.0
tomato,03,1447435166,ours,value_when,experiments_logs/analysis_recent/when_what_mechanisms_20260921/00_raw/tomato/scene_03/ours/run_12_seed_1447435166/exp_tomato_20260921_013905_245792.txt,experiments_logs/analysis_recent/when_what_mechanisms_20260921/00_raw/tomato/scene_03/value_when/run_12_seed_1447435166/exp_tomato_20260921_040150_668313.txt,1,1,3.0,0.0,-1.719,0.0
tomato,03,1454289978,ours,value_when,experiments_logs/analysis_recent/when_what_mechanisms_20260921/00_raw/tomato/scene_03/ours/run_16_seed_1454289978/exp_tomato_20260921_013911_383931.txt,experiments_logs/analysis_recent/when_what_mechanisms_20260921/00_raw/tomato/scene_03/value_when/run_16_seed_1454289978/exp_tomato_20260921_040206_668648.txt,1,1,6.0,0.0,-1.8466999999999998,0.0
tomato,03,1627605610,ours,value_when,experiments_logs/analysis_recent/when_what_mechanisms_20260921/00_raw/tomato/scene_03/ours/run_24_seed_1627605610/exp_tomato_20260921_013931_399254.txt,experiments_logs/analysis_recent/when_what_mechanisms_20260921/00_raw/tomato/scene_03/value_when/run_24_seed_1627605610/exp_tomato_20260921_040238_937240.txt,1,1,5.0,0.0,-1.6642,0.0
tomato,03,1700967682,ours,value_when,experiments_logs/analysis_recent/when_what_mechanisms_20260921/00_raw/tomato/scene_03/ours/run_07_seed_1700967682/exp_tomato_20260921_013856_294070.txt,experiments_logs/analysis_recent/when_what_mechanisms_20260921/00_raw/tomato/scene_03/value_when/run_07_seed_1700967682/exp_tomato_20260921_040131_057619.txt,1,0,8.0,0.0,-1.8101000000000003,10.0
tomato,03,1712963344,ours,value_when,experiments_logs/analysis_recent/when_what_mechanisms_20260921/00_raw/tomato/scene_03/ours/run_30_seed_1712963344/exp_tomato_20260921_013941_037881.txt,experiments_logs/analysis_recent/when_what_mechanisms_20260921/00_raw/tomato/scene_03/value_when/run_30_seed_1712963344/exp_tomato_20260921_040304_472987.txt,1,1,6.0,0.0,-2.1222,0.0
tomato,03,1895575310,ours,value_when,experiments_logs/analysis_recent/when_what_mechanisms_20260921/00_raw/tomato/scene_03/ours/run_05_seed_1895575310/exp_tomato_20260921_013853_201757.txt,experiments_logs/analysis_recent/when_what_mechanisms_20260921/00_raw/tomato/scene_03/value_when/run_05_seed_1895575310/exp_tomato_20260921_040124_142582.txt,1,1,8.0,-8.0,-4.3713,0.0
tomato,03,2107246049,ours,value_when,experiments_logs/analysis_recent/when_what_mechanisms_20260921/00_raw/tomato/scene_03/ours/run_19_seed_2107246049/exp_tomato_20260921_013923_769900.txt,experiments_logs/analysis_recent/when_what_mechanisms_20260921/00_raw/tomato/scene_03/value_when/run_19_seed_2107246049/exp_tomato_20260921_040224_562717.txt,0,0,8.0,0.0,-2.1135,0.0
tomato,03,2184183196,ours,value_when,experiments_logs/analysis_recent/when_what_mechanisms_20260921/00_raw/tomato/scene_03/ours/run_37_seed_2184183196/exp_tomato_20260921_013952_255701.txt,experiments_logs/analysis_recent/when_what_mechanisms_20260921/00_raw/tomato/scene_03/value_when/run_37_seed_2184183196/exp_tomato_20260921_040329_506739.txt,1,1,10.0,-5.0,-3.6950000000000003,0.0
tomato,03,2197107180,ours,value_when,experiments_logs/analysis_recent/when_what_mechanisms_20260921/00_raw/tomato/scene_03/ours/run_25_seed_2197107180/exp_tomato_20260921_013932_909281.txt,experiments_logs/analysis_recent/when_what_mechanisms_20260921/00_raw/tomato/scene_03/value_when/run_25_seed_2197107180/exp_tomato_20260921_040242_211773.txt,1,1,7.0,0.0,-1.7696,0.0
tomato,03,2230064310,ours,value_when,experiments_logs/analysis_recent/when_what_mechanisms_20260921/00_raw/tomato/scene_03/ours/run_09_seed_2230064310/exp_tomato_20260921_013900_014922.txt,experiments_logs/analysis_recent/when_what_mechanisms_20260921/00_raw/tomato/scene_03/value_when/run_09_seed_2230064310/exp_tomato_20260921_040139_718936.txt,1,1,6.0,-4.0,-3.0944999999999996,0.0
tomato,03,2370079434,ours,value_when,experiments_logs/analysis_recent/when_what_mechanisms_20260921/00_raw/tomato/scene_03/ours/run_10_seed_2370079434/exp_tomato_20260921_013902_045455.txt,experiments_logs/analysis_recent/when_what_mechanisms_20260921/00_raw/tomato/scene_03/value_when/run_10_seed_2370079434/exp_tomato_20260921_040143_825631.txt,1,1,14.0,0.0,-2.0715,-5.0
tomato,03,2418572032,ours,value_when,experiments_logs/analysis_recent/when_what_mechanisms_20260921/00_raw/tomato/scene_03/ours/run_38_seed_2418572032/exp_tomato_20260921_013953_867293.txt,experiments_logs/analysis_recent/when_what_mechanisms_20260921/00_raw/tomato/scene_03/value_when/run_38_seed_2418572032/exp_tomato_20260921_040330_883528.txt,1,0,11.0,9.0,0.2369,30.0
tomato,03,2436888965,ours,value_when,experiments_logs/analysis_recent/when_what_mechanisms_20260921/00_raw/tomato/scene_03/ours/run_39_seed_2436888965/exp_tomato_20260921_013955_347361.txt,experiments_logs/analysis_recent/when_what_mechanisms_20260921/00_raw/tomato/scene_03/value_when/run_39_seed_2436888965/exp_tomato_20260921_040334_060381.txt,1,0,6.0,0.0,-1.6940000000000002,10.0
tomato,03,2542173252,ours,value_when,experiments_logs/analysis_recent/when_what_mechanisms_20260921/00_raw/tomato/scene_03/ours/run_04_seed_2542173252/exp_tomato_20260921_013851_751820.txt,experiments_logs/analysis_recent/when_what_mechanisms_20260921/00_raw/tomato/scene_03/value_when/run_04_seed_2542173252/exp_tomato_20260921_040118_313772.txt,1,1,7.0,0.0,-1.7417,0.0
tomato,03,2559286479,ours,value_when,experiments_logs/analysis_recent/when_what_mechanisms_20260921/00_raw/tomato/scene_03/ours/run_20_seed_2559286479/exp_tomato_20260921_013925_334418.txt,experiments_logs/analysis_recent/when_what_mechanisms_20260921/00_raw/tomato/scene_03/value_when/run_20_seed_2559286479/exp_tomato_20260921_040230_133252.txt,1,1,8.0,-7.0,-4.0054,0.0
tomato,03,2630779126,ours,value_when,experiments_logs/analysis_recent/when_what_mechanisms_20260921/00_raw/tomato/scene_03/ours/run_33_seed_2630779126/exp_tomato_20260921_013946_005979.txt,experiments_logs/analysis_recent/when_what_mechanisms_20260921/00_raw/tomato/scene_03/value_when/run_33_seed_2630779126/exp_tomato_20260921_040314_272358.txt,1,1,8.0,-3.0,-2.3983999999999996,0.0
tomato,03,2973460405,ours,value_when,experiments_logs/analysis_recent/when_what_mechanisms_20260921/00_raw/tomato/scene_03/ours/run_01_seed_2973460405/exp_tomato_20260921_013847_207708.txt,experiments_logs/analysis_recent/when_what_mechanisms_20260921/00_raw/tomato/scene_03/value_when/run_01_seed_2973460405/exp_tomato_20260921_040109_889748.txt,1,1,11.0,-1.0,-2.1924,0.0
tomato,03,2984508209,ours,value_when,experiments_logs/analysis_recent/when_what_mechanisms_20260921/00_raw/tomato/scene_03/ours/run_02_seed_2984508209/exp_tomato_20260921_013848_685198.txt,experiments_logs/analysis_recent/when_what_mechanisms_20260921/00_raw/tomato/scene_03/value_when/run_02_seed_2984508209/exp_tomato_20260921_040112_203823.txt,1,0,7.0,3.0,-0.8311000000000001,20.0
tomato,03,3142806667,ours,value_when,experiments_logs/analysis_recent/when_what_mechanisms_20260921/00_raw/tomato/scene_03/ours/run_06_seed_3142806667/exp_tomato_20260921_013854_858694.txt,experiments_logs/analysis_recent/when_what_mechanisms_20260921/00_raw/tomato/scene_03/value_when/run_06_seed_3142806667/exp_tomato_20260921_040127_806537.txt,1,1,8.0,0.0,-2.0065,0.0
tomato,03,3328359470,ours,value_when,experiments_logs/analysis_recent/when_what_mechanisms_20260921/00_raw/tomato/scene_03/ours/run_03_seed_3328359470/exp_tomato_20260921_013850_310415.txt,experiments_logs/analysis_recent/when_what_mechanisms_20260921/00_raw/tomato/scene_03/value_when/run_03_seed_3328359470/exp_tomato_20260921_040115_121127.txt,1,0,12.0,2.0,-1.3001,10.0
tomato,03,3374813224,ours,value_when,experiments_logs/analysis_recent/when_what_mechanisms_20260921/00_raw/tomato/scene_03/ours/run_08_seed_3374813224/exp_tomato_20260921_013858_462506.txt,experiments_logs/analysis_recent/when_what_mechanisms_20260921/00_raw/tomato/scene_03/value_when/run_08_seed_3374813224/exp_tomato_20260921_040135_073855.txt,1,0,8.0,0.0,-1.8532,10.0
tomato,03,3611211411,ours,value_when,experiments_logs/analysis_recent/when_what_mechanisms_20260921/00_raw/tomato/scene_03/ours/run_15_seed_3611211411/exp_tomato_20260921_013909_802567.txt,experiments_logs/analysis_recent/when_what_mechanisms_20260921/00_raw/tomato/scene_03/value_when/run_15_seed_3611211411/exp_tomato_20260921_040203_243294.txt,1,0,7.0,0.0,-1.6494,10.0
tomato,03,3620707437,ours,value_when,experiments_logs/analysis_recent/when_what_mechanisms_20260921/00_raw/tomato/scene_03/ours/run_11_seed_3620707437/exp_tomato_20260921_013903_710485.txt,experiments_logs/analysis_recent/when_what_mechanisms_20260921/00_raw/tomato/scene_03/value_when/run_11_seed_3620707437/exp_tomato_20260921_040147_416175.txt,1,1,9.0,0.0,-1.9172,0.0
tomato,03,3631765459,ours,value_when,experiments_logs/analysis_recent/when_what_mechanisms_20260921/00_raw/tomato/scene_03/ours/run_17_seed_3631765459/exp_tomato_20260921_013913_071375.txt,experiments_logs/analysis_recent/when_what_mechanisms_20260921/00_raw/tomato/scene_03/value_when/run_17_seed_3631765459/exp_tomato_20260921_040210_058723.txt,1,1,7.0,0.0,-1.7176,0.0
tomato,03,3814785464,ours,value_when,experiments_logs/analysis_recent/when_what_mechanisms_20260921/00_raw/tomato/scene_03/ours/run_21_seed_3814785464/exp_tomato_20260921_013926_848266.txt,experiments_logs/analysis_recent/when_what_mechanisms_20260921/00_raw/tomato/scene_03/value_when/run_21_seed_3814785464/exp_tomato_20260921_040231_488956.txt,1,0,8.0,8.0,0.1595000000000001,30.0
tomato,03,3909183007,ours,value_when,experiments_logs/analysis_recent/when_what_mechanisms_20260921/00_raw/tomato/scene_03/ours/run_14_seed_3909183007/exp_tomato_20260921_013908_308621.txt,experiments_logs/analysis_recent/when_what_mechanisms_20260921/00_raw/tomato/scene_03/value_when/run_14_seed_3909183007/exp_tomato_20260921_040200_112988.txt,1,1,8.0,-4.0,-3.0473000000000003,0.0
tomato,03,4008873019,ours,value_when,experiments_logs/analysis_recent/when_what_mechanisms_20260921/00_raw/tomato/scene_03/ours/run_23_seed_4008873019/exp_tomato_20260921_013929_948490.txt,experiments_logs/analysis_recent/when_what_mechanisms_20260921/00_raw/tomato/scene_03/value_when/run_23_seed_4008873019/exp_tomato_20260921_040235_814970.txt,1,1,7.0,0.0,-1.6772,0.0
tomato,03,4252591664,ours,value_when,experiments_logs/analysis_recent/when_what_mechanisms_20260921/00_raw/tomato/scene_03/ours/run_32_seed_4252591664/exp_tomato_20260921_013944_502954.txt,experiments_logs/analysis_recent/when_what_mechanisms_20260921/00_raw/tomato/scene_03/value_when/run_32_seed_4252591664/exp_tomato_20260921_040310_357400.txt,1,0,12.0,6.0,-0.25370000000000004,20.0
tomato,03,522031486,ours,value_when,experiments_logs/analysis_recent/when_what_mechanisms_20260921/00_raw/tomato/scene_03/ours/run_36_seed_522031486/exp_tomato_20260921_013950_674514.txt,experiments_logs/analysis_recent/when_what_mechanisms_20260921/00_raw/tomato/scene_03/value_when/run_36_seed_522031486/exp_tomato_20260921_040324_234048.txt,1,1,9.0,0.0,-1.8054999999999999,0.0
tomato,03,598183825,ours,value_when,experiments_logs/analysis_recent/when_what_mechanisms_20260921/00_raw/tomato/scene_03/ours/run_40_seed_598183825/exp_tomato_20260921_013956_969555.txt,experiments_logs/analysis_recent/when_what_mechanisms_20260921/00_raw/tomato/scene_03/value_when/run_40_seed_598183825/exp_tomato_20260921_040335_252730.txt,1,0,9.0,9.0,0.4274000000000001,30.0
tomato,03,604486275,ours,value_when,experiments_logs/analysis_recent/when_what_mechanisms_20260921/00_raw/tomato/scene_03/ours/run_35_seed_604486275/exp_tomato_20260921_013949_070301.txt,experiments_logs/analysis_recent/when_what_mechanisms_20260921/00_raw/tomato/scene_03/value_when/run_35_seed_604486275/exp_tomato_20260921_040320_816070.txt,1,0,4.0,0.0,-1.7409,10.0
tomato,03,657498695,ours,value_when,experiments_logs/analysis_recent/when_what_mechanisms_20260921/00_raw/tomato/scene_03/ours/run_28_seed_657498695/exp_tomato_20260921_013937_582238.txt,experiments_logs/analysis_recent/when_what_mechanisms_20260921/00_raw/tomato/scene_03/value_when/run_28_seed_657498695/exp_tomato_20260921_040257_143274.txt,1,1,9.0,0.0,-1.9408,0.0
tomato,03,70087057,ours,value_when,experiments_logs/analysis_recent/when_what_mechanisms_20260921/00_raw/tomato/scene_03/ours/run_26_seed_70087057/exp_tomato_20260921_013934_398299.txt,experiments_logs/analysis_recent/when_what_mechanisms_20260921/00_raw/tomato/scene_03/value_when/run_26_seed_70087057/exp_tomato_20260921_040249_229267.txt,1,1,9.0,-11.0,-5.523,0.0
tomato,03,822900858,ours,value_when,experiments_logs/analysis_recent/when_what_mechanisms_20260921/00_raw/tomato/scene_03/ours/run_34_seed_822900858/exp_tomato_20260921_013947_464379.txt,experiments_logs/analysis_recent/when_what_mechanisms_20260921/00_raw/tomato/scene_03/value_when/run_34_seed_822900858/exp_tomato_20260921_040317_473830.txt,1,1,5.0,0.0,-1.7358000000000002,0.0
tomato,03,8630651,ours,value_when,experiments_logs/analysis_recent/when_what_mechanisms_20260921/00_raw/tomato/scene_03/ours/run_27_seed_8630651/exp_tomato_20260921_013936_040331.txt,experiments_logs/analysis_recent/when_what_mechanisms_20260921/00_raw/tomato/scene_03/value_when/run_27_seed_8630651/exp_tomato_20260921_040253_660734.txt,1,0,11.0,-2.0,-2.7940000000000005,10.0
tomato,03,975151081,ours,value_when,experiments_logs/analysis_recent/when_what_mechanisms_20260921/00_raw/tomato/scene_03/ours/run_13_seed_975151081/exp_tomato_20260921_013906_763403.txt,experiments_logs/analysis_recent/when_what_mechanisms_20260921/00_raw/tomato/scene_03/value_when/run_13_seed_975151081/exp_tomato_20260921_040155_528225.txt,1,1,6.0,-5.0,-3.3525,0.0
tomato,04,1040908402,ours,value_when,experiments_logs/analysis_recent/when_what_mechanisms_20260921/00_raw/tomato/scene_04/ours/run_26_seed_1040908402/exp_tomato_20260921_014046_634655.txt,experiments_logs/analysis_recent/when_what_mechanisms_20260921/00_raw/tomato/scene_04/value_when/run_26_seed_1040908402/exp_tomato_20260921_040514_615479.txt,1,1,9.0,-7.0,-3.9802999999999997,0.0
tomato,04,1109362184,ours,value_when,experiments_logs/analysis_recent/when_what_mechanisms_20260921/00_raw/tomato/scene_04/ours/run_12_seed_1109362184/exp_tomato_20260921_014023_891751.txt,experiments_logs/analysis_recent/when_what_mechanisms_20260921/00_raw/tomato/scene_04/value_when/run_12_seed_1109362184/exp_tomato_20260921_040421_806684.txt,1,0,7.0,8.0,0.0044000000000000705,30.0
tomato,04,1141903763,ours,value_when,experiments_logs/analysis_recent/when_what_mechanisms_20260921/00_raw/tomato/scene_04/ours/run_37_seed_1141903763/exp_tomato_20260921_014104_740947.txt,experiments_logs/analysis_recent/when_what_mechanisms_20260921/00_raw/tomato/scene_04/value_when/run_37_seed_1141903763/exp_tomato_20260921_040555_207230.txt,1,0,8.0,0.0,-1.8736,10.0
tomato,04,1167440852,ours,value_when,experiments_logs/analysis_recent/when_what_mechanisms_20260921/00_raw/tomato/scene_04/ours/run_34_seed_1167440852/exp_tomato_20260921_014059_721842.txt,experiments_logs/analysis_recent/when_what_mechanisms_20260921/00_raw/tomato/scene_04/value_when/run_34_seed_1167440852/exp_tomato_20260921_040543_110817.txt,1,1,9.0,0.0,-1.7363,0.0
tomato,04,1337586660,ours,value_when,experiments_logs/analysis_recent/when_what_mechanisms_20260921/00_raw/tomato/scene_04/ours/run_20_seed_1337586660/exp_tomato_20260921_014037_204945.txt,experiments_logs/analysis_recent/when_what_mechanisms_20260921/00_raw/tomato/scene_04/value_when/run_20_seed_1337586660/exp_tomato_20260921_040455_066530.txt,1,1,5.0,0.0,-2.608,0.0
tomato,04,1552731229,ours,value_when,experiments_logs/analysis_recent/when_what_mechanisms_20260921/00_raw/tomato/scene_04/ours/run_19_seed_1552731229/exp_tomato_20260921_014035_038537.txt,experiments_logs/analysis_recent/when_what_mechanisms_20260921/00_raw/tomato/scene_04/value_when/run_19_seed_1552731229/exp_tomato_20260921_040450_289287.txt,1,0,11.0,10.0,0.6377,30.0
tomato,04,1589093347,ours,value_when,experiments_logs/analysis_recent/when_what_mechanisms_20260921/00_raw/tomato/scene_04/ours/run_01_seed_1589093347/exp_tomato_20260921_013958_573928.txt,experiments_logs/analysis_recent/when_what_mechanisms_20260921/00_raw/tomato/scene_04/value_when/run_01_seed_1589093347/exp_tomato_20260921_040337_915591.txt,1,0,9.0,4.0,-1.0628,20.0
tomato,04,168160880,ours,value_when,experiments_logs/analysis_recent/when_what_mechanisms_20260921/00_raw/tomato/scene_04/ours/run_28_seed_168160880/exp_tomato_20260921_014050_009215.txt,experiments_logs/analysis_recent/when_what_mechanisms_20260921/00_raw/tomato/scene_04/value_when/run_28_seed_168160880/exp_tomato_20260921_040522_012558.txt,1,0,6.0,0.0,-1.7094000000000003,10.0
tomato,04,2020323328,ours,value_when,experiments_logs/analysis_recent/when_what_mechanisms_20260921/00_raw/tomato/scene_04/ours/run_15_seed_2020323328/exp_tomato_20260921_014028_505770.txt,experiments_logs/analysis_recent/when_what_mechanisms_20260921/00_raw/tomato/scene_04/value_when/run_15_seed_2020323328/exp_tomato_20260921_040434_731703.txt,1,1,7.0,-4.0,-2.9040999999999997,0.0
tomato,04,2135663053,ours,value_when,experiments_logs/analysis_recent/when_what_mechanisms_20260921/00_raw/tomato/scene_04/ours/run_30_seed_2135663053/exp_tomato_20260921_014053_022579.txt,experiments_logs/analysis_recent/when_what_mechanisms_20260921/00_raw/tomato/scene_04/value_when/run_30_seed_2135663053/exp_tomato_20260921_040528_047709.txt,1,0,4.0,5.0,-0.2733000000000001,20.0
tomato,04,216321642,ours,value_when,experiments_logs/analysis_recent/when_what_mechanisms_20260921/00_raw/tomato/scene_04/ours/run_36_seed_216321642/exp_tomato_20260921_014103_079726.txt,experiments_logs/analysis_recent/when_what_mechanisms_20260921/00_raw/tomato/scene_04/value_when/run_36_seed_216321642/exp_tomato_20260921_040551_674092.txt,1,1,12.0,-4.0,-3.3583999999999996,0.0
tomato,04,218967378,ours,value_when,experiments_logs/analysis_recent/when_what_mechanisms_20260921/00_raw/tomato/scene_04/ours/run_25_seed_218967378/exp_tomato_20260921_014045_045672.txt,experiments_logs/analysis_recent/when_what_mechanisms_20260921/00_raw/tomato/scene_04/value_when/run_25_seed_218967378/exp_tomato_20260921_040509_051206.txt,1,1,10.0,-2.0,-2.4163,0.0
tomato,04,2219488844,ours,value_when,experiments_logs/analysis_recent/when_what_mechanisms_20260921/00_raw/tomato/scene_04/ours/run_38_seed_2219488844/exp_tomato_20260921_014106_892169.txt,experiments_logs/analysis_recent/when_what_mechanisms_20260921/00_raw/tomato/scene_04/value_when/run_38_seed_2219488844/exp_tomato_20260921_040559_935534.txt,1,1,8.0,0.0,-2.5773,0.0
tomato,04,2220313702,ours,value_when,experiments_logs/analysis_recent/when_what_mechanisms_20260921/00_raw/tomato/scene_04/ours/run_27_seed_2220313702/exp_tomato_20260921_014048_477746.txt,experiments_logs/analysis_recent/when_what_mechanisms_20260921/00_raw/tomato/scene_04/value_when/run_27_seed_2220313702/exp_tomato_20260921_040518_749107.txt,1,0,6.0,0.0,-2.277,10.0
tomato,04,222360660,ours,value_when,experiments_logs/analysis_recent/when_what_mechanisms_20260921/00_raw/tomato/scene_04/ours/run_35_seed_222360660/exp_tomato_20260921_014101_426724.txt,experiments_logs/analysis_recent/when_what_mechanisms_20260921/00_raw/tomato/scene_04/value_when/run_35_seed_222360660/exp_tomato_20260921_040546_656361.txt,1,1,6.0,0.0,-1.8582999999999998,0.0
tomato,04,236854069,ours,value_when,experiments_logs/analysis_recent/when_what_mechanisms_20260921/00_raw/tomato/scene_04/ours/run_08_seed_236854069/exp_tomato_20260921_014017_707391.txt,experiments_logs/analysis_recent/when_what_mechanisms_20260921/00_raw/tomato/scene_04/value_when/run_08_seed_236854069/exp_tomato_20260921_040410_494059.txt,1,1,13.0,-4.0,-3.3219000000000003,0.0
tomato,04,2387734993,ours,value_when,experiments_logs/analysis_recent/when_what_mechanisms_20260921/00_raw/tomato/scene_04/ours/run_09_seed_2387734993/exp_tomato_20260921_014019_341718.txt,experiments_logs/analysis_recent/when_what_mechanisms_20260921/00_raw/tomato/scene_04/value_when/run_09_seed_2387734993/exp_tomato_20260921_040413_848899.txt,1,1,9.0,0.0,-1.7268,0.0
tomato,04,2390740933,ours,value_when,experiments_logs/analysis_recent/when_what_mechanisms_20260921/00_raw/tomato/scene_04/ours/run_04_seed_2390740933/exp_tomato_20260921_014003_468077.txt,experiments_logs/analysis_recent/when_what_mechanisms_20260921/00_raw/tomato/scene_04/value_when/run_04_seed_2390740933/exp_tomato_20260921_040345_956972.txt,1,1,9.0,0.0,-1.802,0.0
tomato,04,2392905031,ours,value_when,experiments_logs/analysis_recent/when_what_mechanisms_20260921/00_raw/tomato/scene_04/ours/run_31_seed_2392905031/exp_tomato_20260921_014054_616187.txt,experiments_logs/analysis_recent/when_what_mechanisms_20260921/00_raw/tomato/scene_04/value_when/run_31_seed_2392905031/exp_tomato_20260921_040529_879688.txt,1,0,11.0,6.0,-0.24460000000000015,20.0
tomato,04,2642505031,ours,value_when,experiments_logs/analysis_recent/when_what_mechanisms_20260921/00_raw/tomato/scene_04/ours/run_05_seed_2642505031/exp_tomato_20260921_014005_088981.txt,experiments_logs/analysis_recent/when_what_mechanisms_20260921/00_raw/tomato/scene_04/value_when/run_05_seed_2642505031/exp_tomato_20260921_040349_416731.txt,1,1,9.0,0.0,-1.8437,0.0
tomato,04,2771536334,ours,value_when,experiments_logs/analysis_recent/when_what_mechanisms_20260921/00_raw/tomato/scene_04/ours/run_22_seed_2771536334/exp_tomato_20260921_014040_500007.txt,experiments_logs/analysis_recent/when_what_mechanisms_20260921/00_raw/tomato/scene_04/value_when/run_22_seed_2771536334/exp_tomato_20260921_040501_877074.txt,1,1,9.0,0.0,-1.9707000000000001,0.0
tomato,04,2941533860,ours,value_when,experiments_logs/analysis_recent/when_what_mechanisms_20260921/00_raw/tomato/scene_04/ours/run_14_seed_2941533860/exp_tomato_20260921_014027_031932.txt,experiments_logs/analysis_recent/when_what_mechanisms_20260921/00_raw/tomato/scene_04/value_when/run_14_seed_2941533860/exp_tomato_20260921_040430_354600.txt,1,1,12.0,-10.0,-4.4754000000000005,30.0
tomato,04,2993320002,ours,value_when,experiments_logs/analysis_recent/when_what_mechanisms_20260921/00_raw/tomato/scene_04/ours/run_11_seed_2993320002/exp_tomato_20260921_014022_425264.txt,experiments_logs/analysis_recent/when_what_mechanisms_20260921/00_raw/tomato/scene_04/value_when/run_11_seed_2993320002/exp_tomato_20260921_040420_345529.txt,1,1,7.0,0.0,-1.7144,0.0
tomato,04,3141647287,ours,value_when,experiments_logs/analysis_recent/when_what_mechanisms_20260921/00_raw/tomato/scene_04/ours/run_29_seed_3141647287/exp_tomato_20260921_014051_537370.txt,experiments_logs/analysis_recent/when_what_mechanisms_20260921/00_raw/tomato/scene_04/value_when/run_29_seed_3141647287/exp_tomato_20260921_040526_283899.txt,1,1,10.0,-3.0,-2.7455,0.0
tomato,04,3169457126,ours,value_when,experiments_logs/analysis_recent/when_what_mechanisms_20260921/00_raw/tomato/scene_04/ours/run_17_seed_3169457126/exp_tomato_20260921_014031_834164.txt,experiments_logs/analysis_recent/when_what_mechanisms_20260921/00_raw/tomato/scene_04/value_when/run_17_seed_3169457126/exp_tomato_20260921_040442_894424.txt,1,1,12.0,-2.0,-2.8516000000000004,0.0
tomato,04,321661848,ours,value_when,experiments_logs/analysis_recent/when_what_mechanisms_20260921/00_raw/tomato/scene_04/ours/run_10_seed_321661848/exp_tomato_20260921_014020_943638.txt,experiments_logs/analysis_recent/when_what_mechanisms_20260921/00_raw/tomato/scene_04/value_when/run_10_seed_321661848/exp_tomato_20260921_040417_138744.txt,1,1,10.0,0.0,-1.6917000000000002,0.0
tomato,04,3227930555,ours,value_when,experiments_logs/analysis_recent/when_what_mechanisms_20260921/00_raw/tomato/scene_04/ours/run_23_seed_3227930555/exp_tomato_20260921_014041_975718.txt,experiments_logs/analysis_recent/when_what_mechanisms_20260921/00_raw/tomato/scene_04/value_when/run_23_seed_3227930555/exp_tomato_20260921_040503_799730.txt,1,0,10.0,5.0,-0.4526999999999999,20.0
tomato,04,3315816046,ours,value_when,experiments_logs/analysis_recent/when_what_mechanisms_20260921/00_raw/tomato/scene_04/ours/run_40_seed_3315816046/exp_tomato_20260921_014110_045357.txt,experiments_logs/analysis_recent/when_what_mechanisms_20260921/00_raw/tomato/scene_04/value_when/run_40_seed_3315816046/exp_tomato_20260921_040607_635586.txt,1,1,11.0,-1.0,-1.95,0.0
tomato,04,3372736775,ours,value_when,experiments_logs/analysis_recent/when_what_mechanisms_20260921/00_raw/tomato/scene_04/ours/run_32_seed_3372736775/exp_tomato_20260921_014056_261241.txt,experiments_logs/analysis_recent/when_what_mechanisms_20260921/00_raw/tomato/scene_04/value_when/run_32_seed_3372736775/exp_tomato_20260921_040534_780312.txt,1,1,10.0,-4.0,-3.2598000000000003,0.0
tomato,04,3386497120,ours,value_when,experiments_logs/analysis_recent/when_what_mechanisms_20260921/00_raw/tomato/scene_04/ours/run_33_seed_3386497120/exp_tomato_20260921_014058_058099.txt,experiments_logs/analysis_recent/when_what_mechanisms_20260921/00_raw/tomato/scene_04/value_when/run_33_seed_3386497120/exp_tomato_20260921_040539_722425.txt,1,1,10.0,-3.0,-3.1478,0.0
tomato,04,3614412854,ours,value_when,experiments_logs/analysis_recent/when_what_mechanisms_20260921/00_raw/tomato/scene_04/ours/run_03_seed_3614412854/exp_tomato_20260921_014001_715995.txt,experiments_logs/analysis_recent/when_what_mechanisms_20260921/00_raw/tomato/scene_04/value_when/run_03_seed_3614412854/exp_tomato_20260921_040342_402078.txt,1,0,9.0,9.0,0.4223,30.0
tomato,04,3661502133,ours,value_when,experiments_logs/analysis_recent/when_what_mechanisms_20260921/00_raw/tomato/scene_04/ours/run_07_seed_3661502133/exp_tomato_20260921_014016_068265.txt,experiments_logs/analysis_recent/when_what_mechanisms_20260921/00_raw/tomato/scene_04/value_when/run_07_seed_3661502133/exp_tomato_20260921_040405_520443.txt,0,0,8.0,0.0,-1.8740000000000006,0.0
tomato,04,3712541616,ours,value_when,experiments_logs/analysis_recent/when_what_mechanisms_20260921/00_raw/tomato/scene_04/ours/run_16_seed_3712541616/exp_tomato_20260921_014030_156737.txt,experiments_logs/analysis_recent/when_what_mechanisms_20260921/00_raw/tomato/scene_04/value_when/run_16_seed_3712541616/exp_tomato_20260921_040438_349728.txt,1,1,8.0,0.0,-1.9578000000000002,0.0
tomato,04,3815955531,ours,value_when,experiments_logs/analysis_recent/when_what_mechanisms_20260921/00_raw/tomato/scene_04/ours/run_13_seed_3815955531/exp_tomato_20260921_014025_397344.txt,experiments_logs/analysis_recent/when_what_mechanisms_20260921/00_raw/tomato/scene_04/value_when/run_13_seed_3815955531/exp_tomato_20260921_040424_247040.txt,1,0,7.0,4.0,-0.9324999999999999,20.0
tomato,04,3931316609,ours,value_when,experiments_logs/analysis_recent/when_what_mechanisms_20260921/00_raw/tomato/scene_04/ours/run_39_seed_3931316609/exp_tomato_20260921_014108_479919.txt,experiments_logs/analysis_recent/when_what_mechanisms_20260921/00_raw/tomato/scene_04/value_when/run_39_seed_3931316609/exp_tomato_20260921_040604_109624.txt,1,1,7.0,-2.0,-2.5859,0.0
tomato,04,3948166740,ours,value_when,experiments_logs/analysis_recent/when_what_mechanisms_20260921/00_raw/tomato/scene_04/ours/run_18_seed_3948166740/exp_tomato_20260921_014033_521605.txt,experiments_logs/analysis_recent/when_what_mechanisms_20260921/00_raw/tomato/scene_04/value_when/run_18_seed_3948166740/exp_tomato_20260921_040449_421504.txt,1,1,9.0,-8.0,-4.8399,0.0
tomato,04,442300768,ours,value_when,experiments_logs/analysis_recent/when_what_mechanisms_20260921/00_raw/tomato/scene_04/ours/run_06_seed_442300768/exp_tomato_20260921_014006_609985.txt,experiments_logs/analysis_recent/when_what_mechanisms_20260921/00_raw/tomato/scene_04/value_when/run_06_seed_442300768/exp_tomato_20260921_040354_188984.txt,1,1,7.0,-4.0,-3.247,0.0
tomato,04,56491935,ours,value_when,experiments_logs/analysis_recent/when_what_mechanisms_20260921/00_raw/tomato/scene_04/ours/run_21_seed_56491935/exp_tomato_20260921_014038_894924.txt,experiments_logs/analysis_recent/when_what_mechanisms_20260921/00_raw/tomato/scene_04/value_when/run_21_seed_56491935/exp_tomato_20260921_040458_296573.txt,1,1,10.0,0.0,-1.5521,0.0
tomato,04,712937450,ours,value_when,experiments_logs/analysis_recent/when_what_mechanisms_20260921/00_raw/tomato/scene_04/ours/run_02_seed_712937450/exp_tomato_20260921_014000_078070.txt,experiments_logs/analysis_recent/when_what_mechanisms_20260921/00_raw/tomato/scene_04/value_when/run_02_seed_712937450/exp_tomato_20260921_040341_177639.txt,1,1,6.0,0.0,-1.746,0.0
tomato,04,740609622,ours,value_when,experiments_logs/analysis_recent/when_what_mechanisms_20260921/00_raw/tomato/scene_04/ours/run_24_seed_740609622/exp_tomato_20260921_014043_558710.txt,experiments_logs/analysis_recent/when_what_mechanisms_20260921/00_raw/tomato/scene_04/value_when/run_24_seed_740609622/exp_tomato_20260921_040505_140445.txt,1,0,13.0,9.0,0.2556999999999999,30.0
tomato,05,1042830735,ours,value_when,experiments_logs/analysis_recent/when_what_mechanisms_20260921/00_raw/tomato/scene_05/ours/run_39_seed_1042830735/exp_tomato_20260921_014220_170594.txt,experiments_logs/analysis_recent/when_what_mechanisms_20260921/00_raw/tomato/scene_05/value_when/run_39_seed_1042830735/exp_tomato_20260921_040835_618691.txt,1,1,8.0,0.0,-1.93,0.0
tomato,05,1101473435,ours,value_when,experiments_logs/analysis_recent/when_what_mechanisms_20260921/00_raw/tomato/scene_05/ours/run_36_seed_1101473435/exp_tomato_20260921_014215_507065.txt,experiments_logs/analysis_recent/when_what_mechanisms_20260921/00_raw/tomato/scene_05/value_when/run_36_seed_1101473435/exp_tomato_20260921_040826_092299.txt,1,1,8.0,-1.0,-2.3804,0.0
tomato,05,1127296088,ours,value_when,experiments_logs/analysis_recent/when_what_mechanisms_20260921/00_raw/tomato/scene_05/ours/run_24_seed_1127296088/exp_tomato_20260921_014155_283881.txt,experiments_logs/analysis_recent/when_what_mechanisms_20260921/00_raw/tomato/scene_05/value_when/run_24_seed_1127296088/exp_tomato_20260921_040742_560216.txt,1,0,6.0,3.0,-0.9690999999999999,20.0
tomato,05,1196215500,ours,value_when,experiments_logs/analysis_recent/when_what_mechanisms_20260921/00_raw/tomato/scene_05/ours/run_27_seed_1196215500/exp_tomato_20260921_014201_397845.txt,experiments_logs/analysis_recent/when_what_mechanisms_20260921/00_raw/tomato/scene_05/value_when/run_27_seed_1196215500/exp_tomato_20260921_040754_492725.txt,1,0,9.0,0.0,-2.0326000000000004,10.0
tomato,05,1271340849,ours,value_when,experiments_logs/analysis_recent/when_what_mechanisms_20260921/00_raw/tomato/scene_05/ours/run_26_seed_1271340849/exp_tomato_20260921_014158_523099.txt,experiments_logs/analysis_recent/when_what_mechanisms_20260921/00_raw/tomato/scene_05/value_when/run_26_seed_1271340849/exp_tomato_20260921_040749_568971.txt,1,1,8.0,0.0,-1.9018,0.0
tomato,05,1573496301,ours,value_when,experiments_logs/analysis_recent/when_what_mechanisms_20260921/00_raw/tomato/scene_05/ours/run_19_seed_1573496301/exp_tomato_20260921_014147_602593.txt,experiments_logs/analysis_recent/when_what_mechanisms_20260921/00_raw/tomato/scene_05/value_when/run_19_seed_1573496301/exp_tomato_20260921_040725_041985.txt,1,0,8.0,-4.0,-3.1957,10.0
tomato,05,1584111328,ours,value_when,experiments_logs/analysis_recent/when_what_mechanisms_20260921/00_raw/tomato/scene_05/ours/run_16_seed_1584111328/exp_tomato_20260921_014143_024386.txt,experiments_logs/analysis_recent/when_what_mechanisms_20260921/00_raw/tomato/scene_05/value_when/run_16_seed_1584111328/exp_tomato_20260921_040710_836003.txt,1,1,10.0,-1.0,-2.4372,0.0
tomato,05,1691996467,ours,value_when,experiments_logs/analysis_recent/when_what_mechanisms_20260921/00_raw/tomato/scene_05/ours/run_06_seed_1691996467/exp_tomato_20260921_014127_237707.txt,experiments_logs/analysis_recent/when_what_mechanisms_20260921/00_raw/tomato/scene_05/value_when/run_06_seed_1691996467/exp_tomato_20260921_040635_561537.txt,0,0,8.0,0.0,-1.7742000000000004,0.0
tomato,05,1746555867,ours,value_when,experiments_logs/analysis_recent/when_what_mechanisms_20260921/00_raw/tomato/scene_05/ours/run_04_seed_1746555867/exp_tomato_20260921_014116_351614.txt,experiments_logs/analysis_recent/when_what_mechanisms_20260921/00_raw/tomato/scene_05/value_when/run_04_seed_1746555867/exp_tomato_20260921_040620_922963.txt,1,0,9.0,0.0,-2.0065999999999997,10.0
tomato,05,179847475,ours,value_when,experiments_logs/analysis_recent/when_what_mechanisms_20260921/00_raw/tomato/scene_05/ours/run_10_seed_179847475/exp_tomato_20260921_014133_353979.txt,experiments_logs/analysis_recent/when_what_mechanisms_20260921/00_raw/tomato/scene_05/value_when/run_10_seed_179847475/exp_tomato_20260921_040646_968380.txt,1,0,7.0,3.0,-0.879,20.0
tomato,05,1896365895,ours,value_when,experiments_logs/analysis_recent/when_what_mechanisms_20260921/00_raw/tomato/scene_05/ours/run_21_seed_1896365895/exp_tomato_20260921_014150_833436.txt,experiments_logs/analysis_recent/when_what_mechanisms_20260921/00_raw/tomato/scene_05/value_when/run_21_seed_1896365895/exp_tomato_20260921_040733_384172.txt,1,1,7.0,-4.0,-3.1999999999999993,0.0
tomato,05,1985644872,ours,value_when,experiments_logs/analysis_recent/when_what_mechanisms_20260921/00_raw/tomato/scene_05/ours/run_34_seed_1985644872/exp_tomato_20260921_014212_373856.txt,experiments_logs/analysis_recent/when_what_mechanisms_20260921/00_raw/tomato/scene_05/value_when/run_34_seed_1985644872/exp_tomato_20260921_040817_133611.txt,1,0,7.0,0.0,-1.6256000000000004,10.0
tomato,05,2082077157,ours,value_when,experiments_logs/analysis_recent/when_what_mechanisms_20260921/00_raw/tomato/scene_05/ours/run_15_seed_2082077157/exp_tomato_20260921_014141_357175.txt,experiments_logs/analysis_recent/when_what_mechanisms_20260921/00_raw/tomato/scene_05/value_when/run_15_seed_2082077157/exp_tomato_20260921_040706_727683.txt,1,0,7.0,3.0,-0.8375,20.0
tomato,05,2128654182,ours,value_when,experiments_logs/analysis_recent/when_what_mechanisms_20260921/00_raw/tomato/scene_05/ours/run_22_seed_2128654182/exp_tomato_20260921_014152_363099.txt,experiments_logs/analysis_recent/when_what_mechanisms_20260921/00_raw/tomato/scene_05/value_when/run_22_seed_2128654182/exp_tomato_20260921_040737_544569.txt,1,1,10.0,-3.0,-2.6253,0.0
tomato,05,2141224597,ours,value_when,experiments_logs/analysis_recent/when_what_mechanisms_20260921/00_raw/tomato/scene_05/ours/run_11_seed_2141224597/exp_tomato_20260921_014134_882925.txt,experiments_logs/analysis_recent/when_what_mechanisms_20260921/00_raw/tomato/scene_05/value_when/run_11_seed_2141224597/exp_tomato_20260921_040650_311699.txt,1,0,10.0,2.0,-1.7949,20.0
tomato,05,2222584418,ours,value_when,experiments_logs/analysis_recent/when_what_mechanisms_20260921/00_raw/tomato/scene_05/ours/run_18_seed_2222584418/exp_tomato_20260921_014146_132341.txt,experiments_logs/analysis_recent/when_what_mechanisms_20260921/00_raw/tomato/scene_05/value_when/run_18_seed_2222584418/exp_tomato_20260921_040720_368402.txt,1,1,11.0,-4.0,-3.2872000000000003,0.0
tomato,05,2231101089,ours,value_when,experiments_logs/analysis_recent/when_what_mechanisms_20260921/00_raw/tomato/scene_05/ours/run_30_seed_2231101089/exp_tomato_20260921_014206_086157.txt,experiments_logs/analysis_recent/when_what_mechanisms_20260921/00_raw/tomato/scene_05/value_when/run_30_seed_2231101089/exp_tomato_20260921_040804_966616.txt,1,1,9.0,0.0,-1.8467999999999998,0.0
tomato,05,259038599,ours,value_when,experiments_logs/analysis_recent/when_what_mechanisms_20260921/00_raw/tomato/scene_05/ours/run_02_seed_259038599/exp_tomato_20260921_014113_118794.txt,experiments_logs/analysis_recent/when_what_mechanisms_20260921/00_raw/tomato/scene_05/value_when/run_02_seed_259038599/exp_tomato_20260921_040615_879470.txt,1,1,6.0,-4.0,-3.4459,0.0
tomato,05,2591322916,ours,value_when,experiments_logs/analysis_recent/when_what_mechanisms_20260921/00_raw/tomato/scene_05/ours/run_14_seed_2591322916/exp_tomato_20260921_014139_904717.txt,experiments_logs/analysis_recent/when_what_mechanisms_20260921/00_raw/tomato/scene_05/value_when/run_14_seed_2591322916/exp_tomato_20260921_040704_431676.txt,1,1,6.0,-8.0,-4.4141,0.0
tomato,05,2654066318,ours,value_when,experiments_logs/analysis_recent/when_what_mechanisms_20260921/00_raw/tomato/scene_05/ours/run_07_seed_2654066318/exp_tomato_20260921_014128_726039.txt,experiments_logs/analysis_recent/when_what_mechanisms_20260921/00_raw/tomato/scene_05/value_when/run_07_seed_2654066318/exp_tomato_20260921_040640_292035.txt,1,1,6.0,-4.0,-3.2306999999999997,0.0
tomato,05,28332744,ours,value_when,experiments_logs/analysis_recent/when_what_mechanisms_20260921/00_raw/tomato/scene_05/ours/run_31_seed_28332744/exp_tomato_20260921_014207_765167.txt,experiments_logs/analysis_recent/when_what_mechanisms_20260921/00_raw/tomato/scene_05/value_when/run_31_seed_28332744/exp_tomato_20260921_040808_677502.txt,1,1,9.0,0.0,-2.0217,0.0
tomato,05,2883494985,ours,value_when,experiments_logs/analysis_recent/when_what_mechanisms_20260921/00_raw/tomato/scene_05/ours/run_17_seed_2883494985/exp_tomato_20260921_014144_492823.txt,experiments_logs/analysis_recent/when_what_mechanisms_20260921/00_raw/tomato/scene_05/value_when/run_17_seed_2883494985/exp_tomato_20260921_040715_444693.txt,1,1,8.0,-4.0,-3.1351,0.0
tomato,05,2898963405,ours,value_when,experiments_logs/analysis_recent/when_what_mechanisms_20260921/00_raw/tomato/scene_05/ours/run_03_seed_2898963405/exp_tomato_20260921_014114_782258.txt,experiments_logs/analysis_recent/when_what_mechanisms_20260921/00_raw/tomato/scene_05/value_when/run_03_seed_2898963405/exp_tomato_20260921_040617_341377.txt,1,0,10.0,9.0,0.19710000000000005,30.0
tomato,05,3034198474,ours,value_when,experiments_logs/analysis_recent/when_what_mechanisms_20260921/00_raw/tomato/scene_05/ours/run_40_seed_3034198474/exp_tomato_20260921_014221_642697.txt,experiments_logs/analysis_recent/when_what_mechanisms_20260921/00_raw/tomato/scene_05/value_when/run_40_seed_3034198474/exp_tomato_20260921_040838_775896.txt,1,1,9.0,0.0,-1.6984000000000001,0.0
tomato,05,346784313,ours,value_when,experiments_logs/analysis_recent/when_what_mechanisms_20260921/00_raw/tomato/scene_05/ours/run_25_seed_346784313/exp_tomato_20260921_014156_897695.txt,experiments_logs/analysis_recent/when_what_mechanisms_20260921/00_raw/tomato/scene_05/value_when/run_25_seed_346784313/exp_tomato_20260921_040746_041353.txt,1,1,10.0,0.0,-1.8634000000000002,0.0
tomato,05,3471226395,ours,value_when,experiments_logs/analysis_recent/when_what_mechanisms_20260921/00_raw/tomato/scene_05/ours/run_23_seed_3471226395/exp_tomato_20260921_014153_809007.txt,experiments_logs/analysis_recent/when_what_mechanisms_20260921/00_raw/tomato/scene_05/value_when/run_23_seed_3471226395/exp_tomato_20260921_040740_109741.txt,1,0,6.0,3.0,-1.1148000000000002,20.0
tomato,05,3594782946,ours,value_when,experiments_logs/analysis_recent/when_what_mechanisms_20260921/00_raw/tomato/scene_05/ours/run_28_seed_3594782946/exp_tomato_20260921_014203_005905.txt,experiments_logs/analysis_recent/when_what_mechanisms_20260921/00_raw/tomato/scene_05/value_when/run_28_seed_3594782946/exp_tomato_20260921_040757_892961.txt,1,1,9.0,0.0,-1.781,0.0
tomato,05,3637968608,ours,value_when,experiments_logs/analysis_recent/when_what_mechanisms_20260921/00_raw/tomato/scene_05/ours/run_33_seed_3637968608/exp_tomato_20260921_014210_892241.txt,experiments_logs/analysis_recent/when_what_mechanisms_20260921/00_raw/tomato/scene_05/value_when/run_33_seed_3637968608/exp_tomato_20260921_040814_025726.txt,1,0,9.0,6.0,-0.3294999999999999,20.0
tomato,05,3696024021,ours,value_when,experiments_logs/analysis_recent/when_what_mechanisms_20260921/00_raw/tomato/scene_05/ours/run_37_seed_3696024021/exp_tomato_20260921_014217_028281.txt,experiments_logs/analysis_recent/when_what_mechanisms_20260921/00_raw/tomato/scene_05/value_when/run_37_seed_3696024021/exp_tomato_20260921_040828_593200.txt,1,0,6.0,3.0,-0.9785999999999997,20.0
tomato,05,3850832736,ours,value_when,experiments_logs/analysis_recent/when_what_mechanisms_20260921/00_raw/tomato/scene_05/ours/run_20_seed_3850832736/exp_tomato_20260921_014149_260385.txt,experiments_logs/analysis_recent/when_what_mechanisms_20260921/00_raw/tomato/scene_05/value_when/run_20_seed_3850832736/exp_tomato_20260921_040728_616546.txt,1,1,8.0,0.0,-1.9082,0.0
tomato,05,3869246695,ours,value_when,experiments_logs/analysis_recent/when_what_mechanisms_20260921/00_raw/tomato/scene_05/ours/run_29_seed_3869246695/exp_tomato_20260921_014204_490816.txt,experiments_logs/analysis_recent/when_what_mechanisms_20260921/00_raw/tomato/scene_05/value_when/run_29_seed_3869246695/exp_tomato_20260921_040801_524003.txt,1,0,9.0,-2.0,-2.1534,10.0
tomato,05,3873493540,ours,value_when,experiments_logs/analysis_recent/when_what_mechanisms_20260921/00_raw/tomato/scene_05/ours/run_12_seed_3873493540/exp_tomato_20260921_014136_484016.txt,experiments_logs/analysis_recent/when_what_mechanisms_20260921/00_raw/tomato/scene_05/value_when/run_12_seed_3873493540/exp_tomato_20260921_040654_508726.txt,1,1,10.0,-1.0,-2.5873,0.0
tomato,05,3945754139,ours,value_when,experiments_logs/analysis_recent/when_what_mechanisms_20260921/00_raw/tomato/scene_05/ours/run_01_seed_3945754139/exp_tomato_20260921_014111_515811.txt,experiments_logs/analysis_recent/when_what_mechanisms_20260921/00_raw/tomato/scene_05/value_when/run_01_seed_3945754139/exp_tomato_20260921_040610_831532.txt,1,1,7.0,0.0,-1.7236,0.0
tomato,05,4191848859,ours,value_when,experiments_logs/analysis_recent/when_what_mechanisms_20260921/00_raw/tomato/scene_05/ours/run_38_seed_4191848859/exp_tomato_20260921_014218_551769.txt,experiments_logs/analysis_recent/when_what_mechanisms_20260921/00_raw/tomato/scene_05/value_when/run_38_seed_4191848859/exp_tomato_20260921_040832_075410.txt,1,1,8.0,0.0,-1.9447999999999999,0.0
tomato,05,444653586,ours,value_when,experiments_logs/analysis_recent/when_what_mechanisms_20260921/00_raw/tomato/scene_05/ours/run_13_seed_444653586/exp_tomato_20260921_014138_411585.txt,experiments_logs/analysis_recent/when_what_mechanisms_20260921/00_raw/tomato/scene_05/value_when/run_13_seed_444653586/exp_tomato_20260921_040658_537246.txt,1,1,6.0,0.0,-2.0998,0.0
tomato,05,589229374,ours,value_when,experiments_logs/analysis_recent/when_what_mechanisms_20260921/00_raw/tomato/scene_05/ours/run_35_seed_589229374/exp_tomato_20260921_014213_979802.txt,experiments_logs/analysis_recent/when_what_mechanisms_20260921/00_raw/tomato/scene_05/value_when/run_35_seed_589229374/exp_tomato_20260921_040822_169673.txt,1,1,10.0,-4.0,-3.4301000000000004,0.0
tomato,05,715972481,ours,value_when,experiments_logs/analysis_recent/when_what_mechanisms_20260921/00_raw/tomato/scene_05/ours/run_08_seed_715972481/exp_tomato_20260921_014130_224109.txt,experiments_logs/analysis_recent/when_what_mechanisms_20260921/00_raw/tomato/scene_05/value_when/run_08_seed_715972481/exp_tomato_20260921_040643_475232.txt,1,1,6.0,0.0,-1.6797000000000002,0.0
tomato,05,794861334,ours,value_when,experiments_logs/analysis_recent/when_what_mechanisms_20260921/00_raw/tomato/scene_05/ours/run_09_seed_794861334/exp_tomato_20260921_014131_859102.txt,experiments_logs/analysis_recent/when_what_mechanisms_20260921/00_raw/tomato/scene_05/value_when/run_09_seed_794861334/exp_tomato_20260921_040644_585143.txt,1,0,9.0,9.0,0.5317,30.0
tomato,05,815541928,ours,value_when,experiments_logs/analysis_recent/when_what_mechanisms_20260921/00_raw/tomato/scene_05/ours/run_32_seed_815541928/exp_tomato_20260921_014209_294091.txt,experiments_logs/analysis_recent/when_what_mechanisms_20260921/00_raw/tomato/scene_05/value_when/run_32_seed_815541928/exp_tomato_20260921_040812_035398.txt,1,1,6.0,0.0,-1.8303,0.0
tomato,05,879805946,ours,value_when,experiments_logs/analysis_recent/when_what_mechanisms_20260921/00_raw/tomato/scene_05/ours/run_05_seed_879805946/exp_tomato_20260921_014117_990969.txt,experiments_logs/analysis_recent/when_what_mechanisms_20260921/00_raw/tomato/scene_05/value_when/run_05_seed_879805946/exp_tomato_20260921_040624_535076.txt,1,1,8.0,0.0,-1.9689,0.0
tomato,01,1025671343,ours,value_what,experiments_logs/analysis_recent/when_what_mechanisms_20260921/00_raw/tomato/scene_01/ours/run_40_seed_1025671343/exp_tomato_20260921_013741_685598.txt,experiments_logs/analysis_recent/when_what_mechanisms_20260921/00_raw/tomato/scene_01/value_what/run_40_seed_1025671343/exp_tomato_20260921_041729_665277.txt,1,1,-6.0,1.0,-0.8191999999999999,0.0
tomato,01,1084618528,ours,value_what,experiments_logs/analysis_recent/when_what_mechanisms_20260921/00_raw/tomato/scene_01/ours/run_33_seed_1084618528/exp_tomato_20260921_013729_333914.txt,experiments_logs/analysis_recent/when_what_mechanisms_20260921/00_raw/tomato/scene_01/value_what/run_33_seed_1084618528/exp_tomato_20260921_041711_915155.txt,1,1,-3.0,0.0,-0.8512000000000001,0.0
tomato,01,1201029111,ours,value_what,experiments_logs/analysis_recent/when_what_mechanisms_20260921/00_raw/tomato/scene_01/ours/run_08_seed_1201029111/exp_tomato_20260921_013641_435969.txt,experiments_logs/analysis_recent/when_what_mechanisms_20260921/00_raw/tomato/scene_01/value_what/run_08_seed_1201029111/exp_tomato_20260921_041552_166897.txt,1,1,-2.0,0.0,-0.9045000000000001,0.0
tomato,01,1233339309,ours,value_what,experiments_logs/analysis_recent/when_what_mechanisms_20260921/00_raw/tomato/scene_01/ours/run_27_seed_1233339309/exp_tomato_20260921_013712_009541.txt,experiments_logs/analysis_recent/when_what_mechanisms_20260921/00_raw/tomato/scene_01/value_what/run_27_seed_1233339309/exp_tomato_20260921_041649_497607.txt,1,1,-4.0,0.0,-1.0436999999999999,0.0
tomato,01,1273020582,ours,value_what,experiments_logs/analysis_recent/when_what_mechanisms_20260921/00_raw/tomato/scene_01/ours/run_03_seed_1273020582/exp_tomato_20260921_013632_758665.txt,experiments_logs/analysis_recent/when_what_mechanisms_20260921/00_raw/tomato/scene_01/value_what/run_03_seed_1273020582/exp_tomato_20260921_041538_487681.txt,1,1,-3.0,0.0,-1.0591000000000002,0.0
tomato,01,1649478604,ours,value_what,experiments_logs/analysis_recent/when_what_mechanisms_20260921/00_raw/tomato/scene_01/ours/run_25_seed_1649478604/exp_tomato_20260921_013708_744424.txt,experiments_logs/analysis_recent/when_what_mechanisms_20260921/00_raw/tomato/scene_01/value_what/run_25_seed_1649478604/exp_tomato_20260921_041643_965855.txt,1,1,0.0,0.0,-1.1673,0.0
tomato,01,1911303750,ours,value_what,experiments_logs/analysis_recent/when_what_mechanisms_20260921/00_raw/tomato/scene_01/ours/run_06_seed_1911303750/exp_tomato_20260921_013638_056538.txt,experiments_logs/analysis_recent/when_what_mechanisms_20260921/00_raw/tomato/scene_01/value_what/run_06_seed_1911303750/exp_tomato_20260921_041547_135019.txt,1,1,-4.0,0.0,-1.1661000000000001,0.0
tomato,01,2027029533,ours,value_what,experiments_logs/analysis_recent/when_what_mechanisms_20260921/00_raw/tomato/scene_01/ours/run_17_seed_2027029533/exp_tomato_20260921_013656_248721.txt,experiments_logs/analysis_recent/when_what_mechanisms_20260921/00_raw/tomato/scene_01/value_what/run_17_seed_2027029533/exp_tomato_20260921_041615_518620.txt,1,1,-5.0,1.0,-0.7781000000000002,0.0
tomato,01,2030859206,ours,value_what,experiments_logs/analysis_recent/when_what_mechanisms_20260921/00_raw/tomato/scene_01/ours/run_01_seed_2030859206/exp_tomato_20260921_013629_645526.txt,experiments_logs/analysis_recent/when_what_mechanisms_20260921/00_raw/tomato/scene_01/value_what/run_01_seed_2030859206/exp_tomato_20260921_041533_373000.txt,1,1,-9.0,1.0,-0.9239999999999997,0.0
tomato,01,217537032,ours,value_what,experiments_logs/analysis_recent/when_what_mechanisms_20260921/00_raw/tomato/scene_01/ours/run_22_seed_217537032/exp_tomato_20260921_013704_174164.txt,experiments_logs/analysis_recent/when_what_mechanisms_20260921/00_raw/tomato/scene_01/value_what/run_22_seed_217537032/exp_tomato_20260921_041636_342786.txt,1,1,-5.0,0.0,-1.3409,0.0
tomato,01,2204152357,ours,value_what,experiments_logs/analysis_recent/when_what_mechanisms_20260921/00_raw/tomato/scene_01/ours/run_26_seed_2204152357/exp_tomato_20260921_013710_360620.txt,experiments_logs/analysis_recent/when_what_mechanisms_20260921/00_raw/tomato/scene_01/value_what/run_26_seed_2204152357/exp_tomato_20260921_041646_799173.txt,1,1,-5.0,0.0,-1.1906999999999999,0.0
tomato,01,2222960263,ours,value_what,experiments_logs/analysis_recent/when_what_mechanisms_20260921/00_raw/tomato/scene_01/ours/run_02_seed_2222960263/exp_tomato_20260921_013631_172555.txt,experiments_logs/analysis_recent/when_what_mechanisms_20260921/00_raw/tomato/scene_01/value_what/run_02_seed_2222960263/exp_tomato_20260921_041535_841995.txt,1,1,-5.0,0.0,-0.9435,0.0
tomato,01,2508123787,ours,value_what,experiments_logs/analysis_recent/when_what_mechanisms_20260921/00_raw/tomato/scene_01/ours/run_10_seed_2508123787/exp_tomato_20260921_013644_670038.txt,experiments_logs/analysis_recent/when_what_mechanisms_20260921/00_raw/tomato/scene_01/value_what/run_10_seed_2508123787/exp_tomato_20260921_041557_656749.txt,1,1,-9.0,-2.0,-1.2336,0.0
tomato,01,2607182153,ours,value_what,experiments_logs/analysis_recent/when_what_mechanisms_20260921/00_raw/tomato/scene_01/ours/run_36_seed_2607182153/exp_tomato_20260921_013734_064381.txt,experiments_logs/analysis_recent/when_what_mechanisms_20260921/00_raw/tomato/scene_01/value_what/run_36_seed_2607182153/exp_tomato_20260921_041719_782559.txt,1,1,-4.0,0.0,-1.1385,0.0
tomato,01,2698243041,ours,value_what,experiments_logs/analysis_recent/when_what_mechanisms_20260921/00_raw/tomato/scene_01/ours/run_05_seed_2698243041/exp_tomato_20260921_013636_396936.txt,experiments_logs/analysis_recent/when_what_mechanisms_20260921/00_raw/tomato/scene_01/value_what/run_05_seed_2698243041/exp_tomato_20260921_041544_303010.txt,1,1,-4.0,0.0,-1.2479999999999998,0.0
tomato,01,2741500852,ours,value_what,experiments_logs/analysis_recent/when_what_mechanisms_20260921/00_raw/tomato/scene_01/ours/run_11_seed_2741500852/exp_tomato_20260921_013646_461755.txt,experiments_logs/analysis_recent/when_what_mechanisms_20260921/00_raw/tomato/scene_01/value_what/run_11_seed_2741500852/exp_tomato_20260921_041600_225412.txt,1,1,-2.0,1.0,-0.7774999999999999,0.0
tomato,01,3008854274,ours,value_what,experiments_logs/analysis_recent/when_what_mechanisms_20260921/00_raw/tomato/scene_01/ours/run_38_seed_3008854274/exp_tomato_20260921_013737_631876.txt,experiments_logs/analysis_recent/when_what_mechanisms_20260921/00_raw/tomato/scene_01/value_what/run_38_seed_3008854274/exp_tomato_20260921_041725_294583.txt,1,1,-5.0,1.0,-0.9402999999999999,0.0
tomato,01,3049697230,ours,value_what,experiments_logs/analysis_recent/when_what_mechanisms_20260921/00_raw/tomato/scene_01/ours/run_15_seed_3049697230/exp_tomato_20260921_013652_903895.txt,experiments_logs/analysis_recent/when_what_mechanisms_20260921/00_raw/tomato/scene_01/value_what/run_15_seed_3049697230/exp_tomato_20260921_041610_530437.txt,1,1,-6.0,1.0,-0.8600000000000001,0.0
tomato,01,311025495,ours,value_what,experiments_logs/analysis_recent/when_what_mechanisms_20260921/00_raw/tomato/scene_01/ours/run_20_seed_311025495/exp_tomato_20260921_013700_948247.txt,experiments_logs/analysis_recent/when_what_mechanisms_20260921/00_raw/tomato/scene_01/value_what/run_20_seed_311025495/exp_tomato_20260921_041630_757381.txt,1,1,-3.0,0.0,-0.9635,0.0
tomato,01,323427982,ours,value_what,experiments_logs/analysis_recent/when_what_mechanisms_20260921/00_raw/tomato/scene_01/ours/run_19_seed_323427982/exp_tomato_20260921_013659_373934.txt,experiments_logs/analysis_recent/when_what_mechanisms_20260921/00_raw/tomato/scene_01/value_what/run_19_seed_323427982/exp_tomato_20260921_041628_211391.txt,1,1,-5.0,0.0,-1.0296000000000003,0.0
tomato,01,3325784884,ours,value_what,experiments_logs/analysis_recent/when_what_mechanisms_20260921/00_raw/tomato/scene_01/ours/run_30_seed_3325784884/exp_tomato_20260921_013724_702826.txt,experiments_logs/analysis_recent/when_what_mechanisms_20260921/00_raw/tomato/scene_01/value_what/run_30_seed_3325784884/exp_tomato_20260921_041704_288292.txt,0,0,-1.0,0.0,-0.44589999999999996,0.0
tomato,01,3357973338,ours,value_what,experiments_logs/analysis_recent/when_what_mechanisms_20260921/00_raw/tomato/scene_01/ours/run_28_seed_3357973338/exp_tomato_20260921_013713_644827.txt,experiments_logs/analysis_recent/when_what_mechanisms_20260921/00_raw/tomato/scene_01/value_what/run_28_seed_3357973338/exp_tomato_20260921_041652_158986.txt,1,1,-1.0,0.0,-1.0139000000000002,0.0
tomato,01,3373062200,ours,value_what,experiments_logs/analysis_recent/when_what_mechanisms_20260921/00_raw/tomato/scene_01/ours/run_39_seed_3373062200/exp_tomato_20260921_013739_850947.txt,experiments_logs/analysis_recent/when_what_mechanisms_20260921/00_raw/tomato/scene_01/value_what/run_39_seed_3373062200/exp_tomato_20260921_041727_003541.txt,1,0,1.0,8.0,0.49940000000000007,10.0
tomato,01,338448945,ours,value_what,experiments_logs/analysis_recent/when_what_mechanisms_20260921/00_raw/tomato/scene_01/ours/run_37_seed_338448945/exp_tomato_20260921_013735_732148.txt,experiments_logs/analysis_recent/when_what_mechanisms_20260921/00_raw/tomato/scene_01/value_what/run_37_seed_338448945/exp_tomato_20260921_041722_460101.txt,1,1,-3.0,0.0,-1.0173,0.0
tomato,01,3389846695,ours,value_what,experiments_logs/analysis_recent/when_what_mechanisms_20260921/00_raw/tomato/scene_01/ours/run_09_seed_3389846695/exp_tomato_20260921_013643_028131.txt,experiments_logs/analysis_recent/when_what_mechanisms_20260921/00_raw/tomato/scene_01/value_what/run_09_seed_3389846695/exp_tomato_20260921_041554_775172.txt,1,1,-3.0,0.0,-1.0151,0.0
tomato,01,3466707993,ours,value_what,experiments_logs/analysis_recent/when_what_mechanisms_20260921/00_raw/tomato/scene_01/ours/run_24_seed_3466707993/exp_tomato_20260921_013707_140488.txt,experiments_logs/analysis_recent/when_what_mechanisms_20260921/00_raw/tomato/scene_01/value_what/run_24_seed_3466707993/exp_tomato_20260921_041641_182028.txt,1,1,-4.0,0.0,-0.9383000000000001,0.0
tomato,01,3638621671,ours,value_what,experiments_logs/analysis_recent/when_what_mechanisms_20260921/00_raw/tomato/scene_01/ours/run_32_seed_3638621671/exp_tomato_20260921_013727_898251.txt,experiments_logs/analysis_recent/when_what_mechanisms_20260921/00_raw/tomato/scene_01/value_what/run_32_seed_3638621671/exp_tomato_20260921_041709_611015.txt,1,1,-4.0,0.0,-1.3316999999999999,0.0
tomato,01,3649707942,ours,value_what,experiments_logs/analysis_recent/when_what_mechanisms_20260921/00_raw/tomato/scene_01/ours/run_29_seed_3649707942/exp_tomato_20260921_013715_132563.txt,experiments_logs/analysis_recent/when_what_mechanisms_20260921/00_raw/tomato/scene_01/value_what/run_29_seed_3649707942/exp_tomato_20260921_041654_278233.txt,1,1,0.0,0.0,-0.6403000000000001,0.0
tomato,01,3736902642,ours,value_what,experiments_logs/analysis_recent/when_what_mechanisms_20260921/00_raw/tomato/scene_01/ours/run_18_seed_3736902642/exp_tomato_20260921_013657_898170.txt,experiments_logs/analysis_recent/when_what_mechanisms_20260921/00_raw/tomato/scene_01/value_what/run_18_seed_3736902642/exp_tomato_20260921_041625_701009.txt,1,0,-4.0,-34.0,-8.5329,190.0
tomato,01,3877458541,ours,value_what,experiments_logs/analysis_recent/when_what_mechanisms_20260921/00_raw/tomato/scene_01/ours/run_31_seed_3877458541/exp_tomato_20260921_013726_229856.txt,experiments_logs/analysis_recent/when_what_mechanisms_20260921/00_raw/tomato/scene_01/value_what/run_31_seed_3877458541/exp_tomato_20260921_041706_611551.txt,1,1,-4.0,0.0,-0.8035000000000001,0.0
tomato,01,4028845444,ours,value_what,experiments_logs/analysis_recent/when_what_mechanisms_20260921/00_raw/tomato/scene_01/ours/run_35_seed_4028845444/exp_tomato_20260921_013732_485056.txt,experiments_logs/analysis_recent/when_what_mechanisms_20260921/00_raw/tomato/scene_01/value_what/run_35_seed_4028845444/exp_tomato_20260921_041717_063793.txt,1,1,-4.0,0.0,-0.8379,0.0
tomato,01,405999239,ours,value_what,experiments_logs/analysis_recent/when_what_mechanisms_20260921/00_raw/tomato/scene_01/ours/run_34_seed_405999239/exp_tomato_20260921_013731_023231.txt,experiments_logs/analysis_recent/when_what_mechanisms_20260921/00_raw/tomato/scene_01/value_what/run_34_seed_405999239/exp_tomato_20260921_041714_757050.txt,1,1,-2.0,0.0,-1.153,0.0
tomato,01,4065849833,ours,value_what,experiments_logs/analysis_recent/when_what_mechanisms_20260921/00_raw/tomato/scene_01/ours/run_12_seed_4065849833/exp_tomato_20260921_013647_932202.txt,experiments_logs/analysis_recent/when_what_mechanisms_20260921/00_raw/tomato/scene_01/value_what/run_12_seed_4065849833/exp_tomato_20260921_041602_482728.txt,1,1,0.0,0.0,-0.7827999999999999,0.0
tomato,01,532817344,ours,value_what,experiments_logs/analysis_recent/when_what_mechanisms_20260921/00_raw/tomato/scene_01/ours/run_23_seed_532817344/exp_tomato_20260921_013705_654301.txt,experiments_logs/analysis_recent/when_what_mechanisms_20260921/00_raw/tomato/scene_01/value_what/run_23_seed_532817344/exp_tomato_20260921_041638_761581.txt,1,1,-5.0,0.0,-0.9488000000000001,0.0
tomato,01,597016452,ours,value_what,experiments_logs/analysis_recent/when_what_mechanisms_20260921/00_raw/tomato/scene_01/ours/run_16_seed_597016452/exp_tomato_20260921_013654_403230.txt,experiments_logs/analysis_recent/when_what_mechanisms_20260921/00_raw/tomato/scene_01/value_what/run_16_seed_597016452/exp_tomato_20260921_041612_900393.txt,1,1,-5.0,0.0,-0.8713000000000002,0.0
tomato,01,796400590,ours,value_what,experiments_logs/analysis_recent/when_what_mechanisms_20260921/00_raw/tomato/scene_01/ours/run_07_seed_796400590/exp_tomato_20260921_013639_945912.txt,experiments_logs/analysis_recent/when_what_mechanisms_20260921/00_raw/tomato/scene_01/value_what/run_07_seed_796400590/exp_tomato_20260921_041549_769016.txt,1,1,-1.0,0.0,-0.7383000000000002,0.0
tomato,01,821007751,ours,value_what,experiments_logs/analysis_recent/when_what_mechanisms_20260921/00_raw/tomato/scene_01/ours/run_13_seed_821007751/exp_tomato_20260921_013649_554274.txt,experiments_logs/analysis_recent/when_what_mechanisms_20260921/00_raw/tomato/scene_01/value_what/run_13_seed_821007751/exp_tomato_20260921_041605_262312.txt,1,1,-5.0,0.0,-1.1531000000000002,0.0
tomato,01,866496583,ours,value_what,experiments_logs/analysis_recent/when_what_mechanisms_20260921/00_raw/tomato/scene_01/ours/run_04_seed_866496583/exp_tomato_20260921_013634_643551.txt,experiments_logs/analysis_recent/when_what_mechanisms_20260921/00_raw/tomato/scene_01/value_what/run_04_seed_866496583/exp_tomato_20260921_041541_302306.txt,1,1,-6.0,1.0,-0.9184000000000001,0.0
tomato,01,871806833,ours,value_what,experiments_logs/analysis_recent/when_what_mechanisms_20260921/00_raw/tomato/scene_01/ours/run_21_seed_871806833/exp_tomato_20260921_013702_481175.txt,experiments_logs/analysis_recent/when_what_mechanisms_20260921/00_raw/tomato/scene_01/value_what/run_21_seed_871806833/exp_tomato_20260921_041633_310491.txt,1,1,-4.0,0.0,-1.0244,0.0
tomato,01,965164034,ours,value_what,experiments_logs/analysis_recent/when_what_mechanisms_20260921/00_raw/tomato/scene_01/ours/run_14_seed_965164034/exp_tomato_20260921_013651_010162.txt,experiments_logs/analysis_recent/when_what_mechanisms_20260921/00_raw/tomato/scene_01/value_what/run_14_seed_965164034/exp_tomato_20260921_041607_766767.txt,1,1,-5.0,0.0,-1.0339999999999998,0.0
tomato,02,1150817657,ours,value_what,experiments_logs/analysis_recent/when_what_mechanisms_20260921/00_raw/tomato/scene_02/ours/run_04_seed_1150817657/exp_tomato_20260921_013749_080954.txt,experiments_logs/analysis_recent/when_what_mechanisms_20260921/00_raw/tomato/scene_02/value_what/run_04_seed_1150817657/exp_tomato_20260921_041741_327389.txt,1,1,-4.0,0.0,-1.0906999999999998,0.0
tomato,02,1337352578,ours,value_what,experiments_logs/analysis_recent/when_what_mechanisms_20260921/00_raw/tomato/scene_02/ours/run_12_seed_1337352578/exp_tomato_20260921_013801_301864.txt,experiments_logs/analysis_recent/when_what_mechanisms_20260921/00_raw/tomato/scene_02/value_what/run_12_seed_1337352578/exp_tomato_20260921_041801_199000.txt,1,1,-3.0,0.0,-1.0007000000000001,0.0
tomato,02,1408900490,ours,value_what,experiments_logs/analysis_recent/when_what_mechanisms_20260921/00_raw/tomato/scene_02/ours/run_19_seed_1408900490/exp_tomato_20260921_013812_324845.txt,experiments_logs/analysis_recent/when_what_mechanisms_20260921/00_raw/tomato/scene_02/value_what/run_19_seed_1408900490/exp_tomato_20260921_041819_794384.txt,1,1,-5.0,0.0,-0.8319999999999999,0.0
tomato,02,1422635806,ours,value_what,experiments_logs/analysis_recent/when_what_mechanisms_20260921/00_raw/tomato/scene_02/ours/run_15_seed_1422635806/exp_tomato_20260921_013805_837748.txt,experiments_logs/analysis_recent/when_what_mechanisms_20260921/00_raw/tomato/scene_02/value_what/run_15_seed_1422635806/exp_tomato_20260921_041809_033257.txt,1,1,-4.0,0.0,-0.8751,0.0
tomato,02,1477592928,ours,value_what,experiments_logs/analysis_recent/when_what_mechanisms_20260921/00_raw/tomato/scene_02/ours/run_39_seed_1477592928/exp_tomato_20260921_013844_128756.txt,experiments_logs/analysis_recent/when_what_mechanisms_20260921/00_raw/tomato/scene_02/value_what/run_39_seed_1477592928/exp_tomato_20260921_041911_255314.txt,1,1,0.0,0.0,-0.7255,0.0
tomato,02,1903174235,ours,value_what,experiments_logs/analysis_recent/when_what_mechanisms_20260921/00_raw/tomato/scene_02/ours/run_14_seed_1903174235/exp_tomato_20260921_013804_340710.txt,experiments_logs/analysis_recent/when_what_mechanisms_20260921/00_raw/tomato/scene_02/value_what/run_14_seed_1903174235/exp_tomato_20260921_041806_661272.txt,1,1,-3.0,0.0,-0.9694999999999999,0.0
tomato,02,1919828458,ours,value_what,experiments_logs/analysis_recent/when_what_mechanisms_20260921/00_raw/tomato/scene_02/ours/run_38_seed_1919828458/exp_tomato_20260921_013842_675236.txt,experiments_logs/analysis_recent/when_what_mechanisms_20260921/00_raw/tomato/scene_02/value_what/run_38_seed_1919828458/exp_tomato_20260921_041909_071268.txt,1,1,-1.0,0.0,-0.9668999999999999,0.0
tomato,02,1969507524,ours,value_what,experiments_logs/analysis_recent/when_what_mechanisms_20260921/00_raw/tomato/scene_02/ours/run_20_seed_1969507524/exp_tomato_20260921_013813_938505.txt,experiments_logs/analysis_recent/when_what_mechanisms_20260921/00_raw/tomato/scene_02/value_what/run_20_seed_1969507524/exp_tomato_20260921_041822_196291.txt,1,1,0.0,0.0,-0.8734999999999999,0.0
tomato,02,2138595888,ours,value_what,experiments_logs/analysis_recent/when_what_mechanisms_20260921/00_raw/tomato/scene_02/ours/run_29_seed_2138595888/exp_tomato_20260921_013828_550678.txt,experiments_logs/analysis_recent/when_what_mechanisms_20260921/00_raw/tomato/scene_02/value_what/run_29_seed_2138595888/exp_tomato_20260921_041845_771464.txt,1,1,-5.0,0.0,-0.9248999999999999,0.0
tomato,02,2293168667,ours,value_what,experiments_logs/analysis_recent/when_what_mechanisms_20260921/00_raw/tomato/scene_02/ours/run_35_seed_2293168667/exp_tomato_20260921_013837_773855.txt,experiments_logs/analysis_recent/when_what_mechanisms_20260921/00_raw/tomato/scene_02/value_what/run_35_seed_2293168667/exp_tomato_20260921_041900_748650.txt,1,1,-4.0,0.0,-0.859,0.0
tomato,02,2306136433,ours,value_what,experiments_logs/analysis_recent/when_what_mechanisms_20260921/00_raw/tomato/scene_02/ours/run_03_seed_2306136433/exp_tomato_20260921_013747_502353.txt,experiments_logs/analysis_recent/when_what_mechanisms_20260921/00_raw/tomato/scene_02/value_what/run_03_seed_2306136433/exp_tomato_20260921_041738_661668.txt,1,1,-2.0,0.0,-0.9565999999999999,0.0
tomato,02,2318091321,ours,value_what,experiments_logs/analysis_recent/when_what_mechanisms_20260921/00_raw/tomato/scene_02/ours/run_37_seed_2318091321/exp_tomato_20260921_013841_048476.txt,experiments_logs/analysis_recent/when_what_mechanisms_20260921/00_raw/tomato/scene_02/value_what/run_37_seed_2318091321/exp_tomato_20260921_041906_466900.txt,1,1,-4.0,0.0,-1.3388000000000002,0.0
tomato,02,2324409209,ours,value_what,experiments_logs/analysis_recent/when_what_mechanisms_20260921/00_raw/tomato/scene_02/ours/run_17_seed_2324409209/exp_tomato_20260921_013809_138597.txt,experiments_logs/analysis_recent/when_what_mechanisms_20260921/00_raw/tomato/scene_02/value_what/run_17_seed_2324409209/exp_tomato_20260921_041814_765644.txt,1,1,-2.0,-1.0,-1.2594,0.0
tomato,02,233361013,ours,value_what,experiments_logs/analysis_recent/when_what_mechanisms_20260921/00_raw/tomato/scene_02/ours/run_01_seed_233361013/exp_tomato_20260921_013744_347139.txt,experiments_logs/analysis_recent/when_what_mechanisms_20260921/00_raw/tomato/scene_02/value_what/run_01_seed_233361013/exp_tomato_20260921_041733_362283.txt,1,1,-1.0,0.0,-1.0409000000000002,0.0
tomato,02,2421989875,ours,value_what,experiments_logs/analysis_recent/when_what_mechanisms_20260921/00_raw/tomato/scene_02/ours/run_26_seed_2421989875/exp_tomato_20260921_013824_107450.txt,experiments_logs/analysis_recent/when_what_mechanisms_20260921/00_raw/tomato/scene_02/value_what/run_26_seed_2421989875/exp_tomato_20260921_041838_627539.txt,1,1,-2.0,0.0,-0.7662,0.0
tomato,02,2567273034,ours,value_what,experiments_logs/analysis_recent/when_what_mechanisms_20260921/00_raw/tomato/scene_02/ours/run_24_seed_2567273034/exp_tomato_20260921_013820_965181.txt,experiments_logs/analysis_recent/when_what_mechanisms_20260921/00_raw/tomato/scene_02/value_what/run_24_seed_2567273034/exp_tomato_20260921_041833_647926.txt,1,1,-3.0,0.0,-1.4761,0.0
tomato,02,2571575672,ours,value_what,experiments_logs/analysis_recent/when_what_mechanisms_20260921/00_raw/tomato/scene_02/ours/run_13_seed_2571575672/exp_tomato_20260921_013802_925567.txt,experiments_logs/analysis_recent/when_what_mechanisms_20260921/00_raw/tomato/scene_02/value_what/run_13_seed_2571575672/exp_tomato_20260921_041804_266817.txt,1,1,-7.0,0.0,-1.4504000000000001,0.0
tomato,02,2639844527,ours,value_what,experiments_logs/analysis_recent/when_what_mechanisms_20260921/00_raw/tomato/scene_02/ours/run_23_seed_2639844527/exp_tomato_20260921_013818_638548.txt,experiments_logs/analysis_recent/when_what_mechanisms_20260921/00_raw/tomato/scene_02/value_what/run_23_seed_2639844527/exp_tomato_20260921_041829_845634.txt,1,1,-3.0,0.0,-0.9819999999999998,0.0
tomato,02,2661673954,ours,value_what,experiments_logs/analysis_recent/when_what_mechanisms_20260921/00_raw/tomato/scene_02/ours/run_08_seed_2661673954/exp_tomato_20260921_013755_042782.txt,experiments_logs/analysis_recent/when_what_mechanisms_20260921/00_raw/tomato/scene_02/value_what/run_08_seed_2661673954/exp_tomato_20260921_041751_112570.txt,1,1,-4.0,0.0,-0.9501999999999999,0.0
tomato,02,2833878170,ours,value_what,experiments_logs/analysis_recent/when_what_mechanisms_20260921/00_raw/tomato/scene_02/ours/run_06_seed_2833878170/exp_tomato_20260921_013752_016640.txt,experiments_logs/analysis_recent/when_what_mechanisms_20260921/00_raw/tomato/scene_02/value_what/run_06_seed_2833878170/exp_tomato_20260921_041746_184738.txt,1,1,-3.0,0.0,-0.9175000000000001,0.0
tomato,02,2876796507,ours,value_what,experiments_logs/analysis_recent/when_what_mechanisms_20260921/00_raw/tomato/scene_02/ours/run_07_seed_2876796507/exp_tomato_20260921_013753_533745.txt,experiments_logs/analysis_recent/when_what_mechanisms_20260921/00_raw/tomato/scene_02/value_what/run_07_seed_2876796507/exp_tomato_20260921_041748_658625.txt,1,1,-4.0,0.0,-0.9651000000000001,0.0
tomato,02,2886041855,ours,value_what,experiments_logs/analysis_recent/when_what_mechanisms_20260921/00_raw/tomato/scene_02/ours/run_34_seed_2886041855/exp_tomato_20260921_013836_338618.txt,experiments_logs/analysis_recent/when_what_mechanisms_20260921/00_raw/tomato/scene_02/value_what/run_34_seed_2886041855/exp_tomato_20260921_041858_453013.txt,1,1,-3.0,0.0,-0.9803,0.0
tomato,02,3206958523,ours,value_what,experiments_logs/analysis_recent/when_what_mechanisms_20260921/00_raw/tomato/scene_02/ours/run_02_seed_3206958523/exp_tomato_20260921_013745_902821.txt,experiments_logs/analysis_recent/when_what_mechanisms_20260921/00_raw/tomato/scene_02/value_what/run_02_seed_3206958523/exp_tomato_20260921_041736_108668.txt,1,1,-4.0,0.0,-1.173,0.0
tomato,02,3249674493,ours,value_what,experiments_logs/analysis_recent/when_what_mechanisms_20260921/00_raw/tomato/scene_02/ours/run_32_seed_3249674493/exp_tomato_20260921_013833_209387.txt,experiments_logs/analysis_recent/when_what_mechanisms_20260921/00_raw/tomato/scene_02/value_what/run_32_seed_3249674493/exp_tomato_20260921_041853_319254.txt,1,1,-5.0,0.0,-0.9569000000000001,0.0
tomato,02,3533124505,ours,value_what,experiments_logs/analysis_recent/when_what_mechanisms_20260921/00_raw/tomato/scene_02/ours/run_09_seed_3533124505/exp_tomato_20260921_013756_626687.txt,experiments_logs/analysis_recent/when_what_mechanisms_20260921/00_raw/tomato/scene_02/value_what/run_09_seed_3533124505/exp_tomato_20260921_041753_452137.txt,1,1,4.0,0.0,-0.7448000000000001,0.0
tomato,02,3662297998,ours,value_what,experiments_logs/analysis_recent/when_what_mechanisms_20260921/00_raw/tomato/scene_02/ours/run_31_seed_3662297998/exp_tomato_20260921_013831_651645.txt,experiments_logs/analysis_recent/when_what_mechanisms_20260921/00_raw/tomato/scene_02/value_what/run_31_seed_3662297998/exp_tomato_20260921_041850_813977.txt,1,1,-7.0,0.0,-0.9701000000000002,0.0
tomato,02,3751400244,ours,value_what,experiments_logs/analysis_recent/when_what_mechanisms_20260921/00_raw/tomato/scene_02/ours/run_10_seed_3751400244/exp_tomato_20260921_013758_204097.txt,experiments_logs/analysis_recent/when_what_mechanisms_20260921/00_raw/tomato/scene_02/value_what/run_10_seed_3751400244/exp_tomato_20260921_041756_233200.txt,1,1,-3.0,0.0,-1.2,0.0
tomato,02,3815863427,ours,value_what,experiments_logs/analysis_recent/when_what_mechanisms_20260921/00_raw/tomato/scene_02/ours/run_25_seed_3815863427/exp_tomato_20260921_013822_589081.txt,experiments_logs/analysis_recent/when_what_mechanisms_20260921/00_raw/tomato/scene_02/value_what/run_25_seed_3815863427/exp_tomato_20260921_041836_350613.txt,1,1,-4.0,0.0,-1.1038999999999999,0.0
tomato,02,3887351210,ours,value_what,experiments_logs/analysis_recent/when_what_mechanisms_20260921/00_raw/tomato/scene_02/ours/run_36_seed_3887351210/exp_tomato_20260921_013839_401192.txt,experiments_logs/analysis_recent/when_what_mechanisms_20260921/00_raw/tomato/scene_02/value_what/run_36_seed_3887351210/exp_tomato_20260921_041903_483850.txt,1,1,-5.0,0.0,-1.1028000000000002,0.0
tomato,02,4007070013,ours,value_what,experiments_logs/analysis_recent/when_what_mechanisms_20260921/00_raw/tomato/scene_02/ours/run_33_seed_4007070013/exp_tomato_20260921_013834_718227.txt,experiments_logs/analysis_recent/when_what_mechanisms_20260921/00_raw/tomato/scene_02/value_what/run_33_seed_4007070013/exp_tomato_20260921_041855_855901.txt,1,1,-6.0,0.0,-1.0434,0.0
tomato,02,4031054018,ours,value_what,experiments_logs/analysis_recent/when_what_mechanisms_20260921/00_raw/tomato/scene_02/ours/run_11_seed_4031054018/exp_tomato_20260921_013759_676639.txt,experiments_logs/analysis_recent/when_what_mechanisms_20260921/00_raw/tomato/scene_02/value_what/run_11_seed_4031054018/exp_tomato_20260921_041758_581502.txt,1,1,-4.0,0.0,-0.8655999999999999,0.0
tomato,02,418694264,ours,value_what,experiments_logs/analysis_recent/when_what_mechanisms_20260921/00_raw/tomato/scene_02/ours/run_05_seed_418694264/exp_tomato_20260921_013750_556390.txt,experiments_logs/analysis_recent/when_what_mechanisms_20260921/00_raw/tomato/scene_02/value_what/run_05_seed_418694264/exp_tomato_20260921_041743_805901.txt,1,1,-4.0,0.0,-1.0013999999999998,0.0
tomato,02,464102713,ours,value_what,experiments_logs/analysis_recent/when_what_mechanisms_20260921/00_raw/tomato/scene_02/ours/run_22_seed_464102713/exp_tomato_20260921_013817_103175.txt,experiments_logs/analysis_recent/when_what_mechanisms_20260921/00_raw/tomato/scene_02/value_what/run_22_seed_464102713/exp_tomato_20260921_041827_314800.txt,1,1,-3.0,0.0,-1.0535999999999999,0.0
tomato,02,474952343,ours,value_what,experiments_logs/analysis_recent/when_what_mechanisms_20260921/00_raw/tomato/scene_02/ours/run_18_seed_474952343/exp_tomato_20260921_013810_790340.txt,experiments_logs/analysis_recent/when_what_mechanisms_20260921/00_raw/tomato/scene_02/value_what/run_18_seed_474952343/exp_tomato_20260921_041817_443128.txt,1,1,-2.0,0.0,-1.0254,0.0
tomato,02,484948157,ours,value_what,experiments_logs/analysis_recent/when_what_mechanisms_20260921/00_raw/tomato/scene_02/ours/run_28_seed_484948157/exp_tomato_20260921_013827_082701.txt,experiments_logs/analysis_recent/when_what_mechanisms_20260921/00_raw/tomato/scene_02/value_what/run_28_seed_484948157/exp_tomato_20260921_041843_393022.txt,1,1,-7.0,0.0,-0.9777,0.0
tomato,02,559761095,ours,value_what,experiments_logs/analysis_recent/when_what_mechanisms_20260921/00_raw/tomato/scene_02/ours/run_16_seed_559761095/exp_tomato_20260921_013807_510193.txt,experiments_logs/analysis_recent/when_what_mechanisms_20260921/00_raw/tomato/scene_02/value_what/run_16_seed_559761095/exp_tomato_20260921_041811_827574.txt,1,1,-5.0,0.0,-1.1415000000000002,0.0
tomato,02,63773712,ours,value_what,experiments_logs/analysis_recent/when_what_mechanisms_20260921/00_raw/tomato/scene_02/ours/run_30_seed_63773712/exp_tomato_20260921_013830_079258.txt,experiments_logs/analysis_recent/when_what_mechanisms_20260921/00_raw/tomato/scene_02/value_what/run_30_seed_63773712/exp_tomato_20260921_041848_287110.txt,1,1,-6.0,0.0,-0.9983000000000002,0.0
tomato,02,742004455,ours,value_what,experiments_logs/analysis_recent/when_what_mechanisms_20260921/00_raw/tomato/scene_02/ours/run_40_seed_742004455/exp_tomato_20260921_013845_624250.txt,experiments_logs/analysis_recent/when_what_mechanisms_20260921/00_raw/tomato/scene_02/value_what/run_40_seed_742004455/exp_tomato_20260921_041913_683495.txt,1,1,-4.0,0.0,-0.9288000000000001,0.0
tomato,02,790979284,ours,value_what,experiments_logs/analysis_recent/when_what_mechanisms_20260921/00_raw/tomato/scene_02/ours/run_27_seed_790979284/exp_tomato_20260921_013825_593875.txt,experiments_logs/analysis_recent/when_what_mechanisms_20260921/00_raw/tomato/scene_02/value_what/run_27_seed_790979284/exp_tomato_20260921_041840_926629.txt,1,1,-3.0,0.0,-0.8161,0.0
tomato,02,850676597,ours,value_what,experiments_logs/analysis_recent/when_what_mechanisms_20260921/00_raw/tomato/scene_02/ours/run_21_seed_850676597/exp_tomato_20260921_013815_433078.txt,experiments_logs/analysis_recent/when_what_mechanisms_20260921/00_raw/tomato/scene_02/value_what/run_21_seed_850676597/exp_tomato_20260921_041824_590704.txt,1,1,-1.0,0.0,-0.9068,0.0
tomato,03,1005437090,ours,value_what,experiments_logs/analysis_recent/when_what_mechanisms_20260921/00_raw/tomato/scene_03/ours/run_18_seed_1005437090/exp_tomato_20260921_013914_580548.txt,experiments_logs/analysis_recent/when_what_mechanisms_20260921/00_raw/tomato/scene_03/value_what/run_18_seed_1005437090/exp_tomato_20260921_042000_521462.txt,1,1,1.0,0.0,-0.5939000000000001,0.0
tomato,03,1016817503,ours,value_what,experiments_logs/analysis_recent/when_what_mechanisms_20260921/00_raw/tomato/scene_03/ours/run_31_seed_1016817503/exp_tomato_20260921_013942_933664.txt,experiments_logs/analysis_recent/when_what_mechanisms_20260921/00_raw/tomato/scene_03/value_what/run_31_seed_1016817503/exp_tomato_20260921_042041_207481.txt,1,1,-9.0,1.0,-1.0144,0.0
tomato,03,1193704404,ours,value_what,experiments_logs/analysis_recent/when_what_mechanisms_20260921/00_raw/tomato/scene_03/ours/run_29_seed_1193704404/exp_tomato_20260921_013939_130596.txt,experiments_logs/analysis_recent/when_what_mechanisms_20260921/00_raw/tomato/scene_03/value_what/run_29_seed_1193704404/exp_tomato_20260921_042035_861972.txt,1,1,-5.0,0.0,-0.9890999999999999,0.0
tomato,03,1252332960,ours,value_what,experiments_logs/analysis_recent/when_what_mechanisms_20260921/00_raw/tomato/scene_03/ours/run_22_seed_1252332960/exp_tomato_20260921_013928_471507.txt,experiments_logs/analysis_recent/when_what_mechanisms_20260921/00_raw/tomato/scene_03/value_what/run_22_seed_1252332960/exp_tomato_20260921_042018_836245.txt,1,1,-6.0,0.0,-1.3377999999999999,0.0
tomato,03,1447435166,ours,value_what,experiments_logs/analysis_recent/when_what_mechanisms_20260921/00_raw/tomato/scene_03/ours/run_12_seed_1447435166/exp_tomato_20260921_013905_245792.txt,experiments_logs/analysis_recent/when_what_mechanisms_20260921/00_raw/tomato/scene_03/value_what/run_12_seed_1447435166/exp_tomato_20260921_041945_698225.txt,1,1,-12.0,-1.0,-1.497,0.0
tomato,03,1454289978,ours,value_what,experiments_logs/analysis_recent/when_what_mechanisms_20260921/00_raw/tomato/scene_03/ours/run_16_seed_1454289978/exp_tomato_20260921_013911_383931.txt,experiments_logs/analysis_recent/when_what_mechanisms_20260921/00_raw/tomato/scene_03/value_what/run_16_seed_1454289978/exp_tomato_20260921_041955_750074.txt,1,1,-6.0,1.0,-1.1080999999999999,0.0
tomato,03,1627605610,ours,value_what,experiments_logs/analysis_recent/when_what_mechanisms_20260921/00_raw/tomato/scene_03/ours/run_24_seed_1627605610/exp_tomato_20260921_013931_399254.txt,experiments_logs/analysis_recent/when_what_mechanisms_20260921/00_raw/tomato/scene_03/value_what/run_24_seed_1627605610/exp_tomato_20260921_042023_428301.txt,1,1,-2.0,0.0,-0.7801,0.0
tomato,03,1700967682,ours,value_what,experiments_logs/analysis_recent/when_what_mechanisms_20260921/00_raw/tomato/scene_03/ours/run_07_seed_1700967682/exp_tomato_20260921_013856_294070.txt,experiments_logs/analysis_recent/when_what_mechanisms_20260921/00_raw/tomato/scene_03/value_what/run_07_seed_1700967682/exp_tomato_20260921_041931_136165.txt,1,1,-4.0,0.0,-0.9735,0.0
tomato,03,1712963344,ours,value_what,experiments_logs/analysis_recent/when_what_mechanisms_20260921/00_raw/tomato/scene_03/ours/run_30_seed_1712963344/exp_tomato_20260921_013941_037881.txt,experiments_logs/analysis_recent/when_what_mechanisms_20260921/00_raw/tomato/scene_03/value_what/run_30_seed_1712963344/exp_tomato_20260921_042038_281181.txt,1,1,-3.0,3.0,-0.5045999999999999,-5.0
tomato,03,1895575310,ours,value_what,experiments_logs/analysis_recent/when_what_mechanisms_20260921/00_raw/tomato/scene_03/ours/run_05_seed_1895575310/exp_tomato_20260921_013853_201757.txt,experiments_logs/analysis_recent/when_what_mechanisms_20260921/00_raw/tomato/scene_03/value_what/run_05_seed_1895575310/exp_tomato_20260921_041925_875614.txt,1,1,-2.0,0.0,-0.9065,0.0
tomato,03,2107246049,ours,value_what,experiments_logs/analysis_recent/when_what_mechanisms_20260921/00_raw/tomato/scene_03/ours/run_19_seed_2107246049/exp_tomato_20260921_013923_769900.txt,experiments_logs/analysis_recent/when_what_mechanisms_20260921/00_raw/tomato/scene_03/value_what/run_19_seed_2107246049/exp_tomato_20260921_042010_691289.txt,0,0,0.0,0.0,-0.9827000000000012,0.0
tomato,03,2184183196,ours,value_what,experiments_logs/analysis_recent/when_what_mechanisms_20260921/00_raw/tomato/scene_03/ours/run_37_seed_2184183196/exp_tomato_20260921_013952_255701.txt,experiments_logs/analysis_recent/when_what_mechanisms_20260921/00_raw/tomato/scene_03/value_what/run_37_seed_2184183196/exp_tomato_20260921_042056_553637.txt,1,1,-2.0,0.0,-1.0261000000000002,0.0
tomato,03,2197107180,ours,value_what,experiments_logs/analysis_recent/when_what_mechanisms_20260921/00_raw/tomato/scene_03/ours/run_25_seed_2197107180/exp_tomato_20260921_013932_909281.txt,experiments_logs/analysis_recent/when_what_mechanisms_20260921/00_raw/tomato/scene_03/value_what/run_25_seed_2197107180/exp_tomato_20260921_042025_760395.txt,1,1,-2.0,0.0,-0.8215999999999999,0.0
tomato,03,2230064310,ours,value_what,experiments_logs/analysis_recent/when_what_mechanisms_20260921/00_raw/tomato/scene_03/ours/run_09_seed_2230064310/exp_tomato_20260921_013900_014922.txt,experiments_logs/analysis_recent/when_what_mechanisms_20260921/00_raw/tomato/scene_03/value_what/run_09_seed_2230064310/exp_tomato_20260921_041935_951428.txt,1,1,-1.0,0.0,-0.8489,0.0
tomato,03,2370079434,ours,value_what,experiments_logs/analysis_recent/when_what_mechanisms_20260921/00_raw/tomato/scene_03/ours/run_10_seed_2370079434/exp_tomato_20260921_013902_045455.txt,experiments_logs/analysis_recent/when_what_mechanisms_20260921/00_raw/tomato/scene_03/value_what/run_10_seed_2370079434/exp_tomato_20260921_041939_774456.txt,1,1,-5.0,0.0,-1.7982,0.0
tomato,03,2418572032,ours,value_what,experiments_logs/analysis_recent/when_what_mechanisms_20260921/00_raw/tomato/scene_03/ours/run_38_seed_2418572032/exp_tomato_20260921_013953_867293.txt,experiments_logs/analysis_recent/when_what_mechanisms_20260921/00_raw/tomato/scene_03/value_what/run_38_seed_2418572032/exp_tomato_20260921_042059_554396.txt,1,1,-5.0,0.0,-1.3817,0.0
tomato,03,2436888965,ours,value_what,experiments_logs/analysis_recent/when_what_mechanisms_20260921/00_raw/tomato/scene_03/ours/run_39_seed_2436888965/exp_tomato_20260921_013955_347361.txt,experiments_logs/analysis_recent/when_what_mechanisms_20260921/00_raw/tomato/scene_03/value_what/run_39_seed_2436888965/exp_tomato_20260921_042101_953000.txt,1,1,-5.0,0.0,-0.9045000000000001,0.0
tomato,03,2542173252,ours,value_what,experiments_logs/analysis_recent/when_what_mechanisms_20260921/00_raw/tomato/scene_03/ours/run_04_seed_2542173252/exp_tomato_20260921_013851_751820.txt,experiments_logs/analysis_recent/when_what_mechanisms_20260921/00_raw/tomato/scene_03/value_what/run_04_seed_2542173252/exp_tomato_20260921_041923_512027.txt,1,1,-4.0,0.0,-0.9035,0.0
tomato,03,2559286479,ours,value_what,experiments_logs/analysis_recent/when_what_mechanisms_20260921/00_raw/tomato/scene_03/ours/run_20_seed_2559286479/exp_tomato_20260921_013925_334418.txt,experiments_logs/analysis_recent/when_what_mechanisms_20260921/00_raw/tomato/scene_03/value_what/run_20_seed_2559286479/exp_tomato_20260921_042013_321077.txt,1,1,-2.0,0.0,-1.0655999999999999,0.0
tomato,03,2630779126,ours,value_what,experiments_logs/analysis_recent/when_what_mechanisms_20260921/00_raw/tomato/scene_03/ours/run_33_seed_2630779126/exp_tomato_20260921_013946_005979.txt,experiments_logs/analysis_recent/when_what_mechanisms_20260921/00_raw/tomato/scene_03/value_what/run_33_seed_2630779126/exp_tomato_20260921_042046_129114.txt,1,1,0.0,0.0,-0.8105,0.0
tomato,03,2973460405,ours,value_what,experiments_logs/analysis_recent/when_what_mechanisms_20260921/00_raw/tomato/scene_03/ours/run_01_seed_2973460405/exp_tomato_20260921_013847_207708.txt,experiments_logs/analysis_recent/when_what_mechanisms_20260921/00_raw/tomato/scene_03/value_what/run_01_seed_2973460405/exp_tomato_20260921_041916_502373.txt,1,1,-3.0,0.0,-1.231,0.0
tomato,03,2984508209,ours,value_what,experiments_logs/analysis_recent/when_what_mechanisms_20260921/00_raw/tomato/scene_03/ours/run_02_seed_2984508209/exp_tomato_20260921_013848_685198.txt,experiments_logs/analysis_recent/when_what_mechanisms_20260921/00_raw/tomato/scene_03/value_what/run_02_seed_2984508209/exp_tomato_20260921_041918_941552.txt,1,1,-5.0,0.0,-0.9596000000000001,0.0
tomato,03,3142806667,ours,value_what,experiments_logs/analysis_recent/when_what_mechanisms_20260921/00_raw/tomato/scene_03/ours/run_06_seed_3142806667/exp_tomato_20260921_013854_858694.txt,experiments_logs/analysis_recent/when_what_mechanisms_20260921/00_raw/tomato/scene_03/value_what/run_06_seed_3142806667/exp_tomato_20260921_041928_731651.txt,1,1,-5.0,0.0,-1.2006999999999999,0.0
tomato,03,3328359470,ours,value_what,experiments_logs/analysis_recent/when_what_mechanisms_20260921/00_raw/tomato/scene_03/ours/run_03_seed_3328359470/exp_tomato_20260921_013850_310415.txt,experiments_logs/analysis_recent/when_what_mechanisms_20260921/00_raw/tomato/scene_03/value_what/run_03_seed_3328359470/exp_tomato_20260921_041921_166943.txt,1,0,2.0,2.0,-0.6116999999999999,10.0
tomato,03,3374813224,ours,value_what,experiments_logs/analysis_recent/when_what_mechanisms_20260921/00_raw/tomato/scene_03/ours/run_08_seed_3374813224/exp_tomato_20260921_013858_462506.txt,experiments_logs/analysis_recent/when_what_mechanisms_20260921/00_raw/tomato/scene_03/value_what/run_08_seed_3374813224/exp_tomato_20260921_041933_546988.txt,1,1,-2.0,4.0,-0.24580000000000002,-5.0
tomato,03,3611211411,ours,value_what,experiments_logs/analysis_recent/when_what_mechanisms_20260921/00_raw/tomato/scene_03/ours/run_15_seed_3611211411/exp_tomato_20260921_013909_802567.txt,experiments_logs/analysis_recent/when_what_mechanisms_20260921/00_raw/tomato/scene_03/value_what/run_15_seed_3611211411/exp_tomato_20260921_041953_057991.txt,1,1,-7.0,0.0,-1.0879999999999996,0.0
tomato,03,3620707437,ours,value_what,experiments_logs/analysis_recent/when_what_mechanisms_20260921/00_raw/tomato/scene_03/ours/run_11_seed_3620707437/exp_tomato_20260921_013903_710485.txt,experiments_logs/analysis_recent/when_what_mechanisms_20260921/00_raw/tomato/scene_03/value_what/run_11_seed_3620707437/exp_tomato_20260921_041942_662123.txt,1,1,-6.0,0.0,-1.2180000000000002,0.0
tomato,03,3631765459,ours,value_what,experiments_logs/analysis_recent/when_what_mechanisms_20260921/00_raw/tomato/scene_03/ours/run_17_seed_3631765459/exp_tomato_20260921_013913_071375.txt,experiments_logs/analysis_recent/when_what_mechanisms_20260921/00_raw/tomato/scene_03/value_what/run_17_seed_3631765459/exp_tomato_20260921_041958_418525.txt,1,1,-3.0,0.0,-0.9952999999999999,0.0
tomato,03,3814785464,ours,value_what,experiments_logs/analysis_recent/when_what_mechanisms_20260921/00_raw/tomato/scene_03/ours/run_21_seed_3814785464/exp_tomato_20260921_013926_848266.txt,experiments_logs/analysis_recent/when_what_mechanisms_20260921/00_raw/tomato/scene_03/value_what/run_21_seed_3814785464/exp_tomato_20260921_042015_881622.txt,1,1,-5.0,0.0,-1.0495999999999999,0.0
tomato,03,3909183007,ours,value_what,experiments_logs/analysis_recent/when_what_mechanisms_20260921/00_raw/tomato/scene_03/ours/run_14_seed_3909183007/exp_tomato_20260921_013908_308621.txt,experiments_logs/analysis_recent/when_what_mechanisms_20260921/00_raw/tomato/scene_03/value_what/run_14_seed_3909183007/exp_tomato_20260921_041950_476237.txt,1,1,-5.0,0.0,-0.9489000000000001,0.0
tomato,03,4008873019,ours,value_what,experiments_logs/analysis_recent/when_what_mechanisms_20260921/00_raw/tomato/scene_03/ours/run_23_seed_4008873019/exp_tomato_20260921_013929_948490.txt,experiments_logs/analysis_recent/when_what_mechanisms_20260921/00_raw/tomato/scene_03/value_what/run_23_seed_4008873019/exp_tomato_20260921_042021_197456.txt,1,1,-5.0,0.0,-0.8869999999999999,0.0
tomato,03,4252591664,ours,value_what,experiments_logs/analysis_recent/when_what_mechanisms_20260921/00_raw/tomato/scene_03/ours/run_32_seed_4252591664/exp_tomato_20260921_013944_502954.txt,experiments_logs/analysis_recent/when_what_mechanisms_20260921/00_raw/tomato/scene_03/value_what/run_32_seed_4252591664/exp_tomato_20260921_042043_818727.txt,1,1,1.0,0.0,-1.0331000000000001,0.0
tomato,03,522031486,ours,value_what,experiments_logs/analysis_recent/when_what_mechanisms_20260921/00_raw/tomato/scene_03/ours/run_36_seed_522031486/exp_tomato_20260921_013950_674514.txt,experiments_logs/analysis_recent/when_what_mechanisms_20260921/00_raw/tomato/scene_03/value_what/run_36_seed_522031486/exp_tomato_20260921_042053_931012.txt,1,1,-4.0,0.0,-1.1858999999999997,0.0
tomato,03,598183825,ours,value_what,experiments_logs/analysis_recent/when_what_mechanisms_20260921/00_raw/tomato/scene_03/ours/run_40_seed_598183825/exp_tomato_20260921_013956_969555.txt,experiments_logs/analysis_recent/when_what_mechanisms_20260921/00_raw/tomato/scene_03/value_what/run_40_seed_598183825/exp_tomato_20260921_042104_545297.txt,1,1,-2.0,0.0,-0.9676,0.0
tomato,03,604486275,ours,value_what,experiments_logs/analysis_recent/when_what_mechanisms_20260921/00_raw/tomato/scene_03/ours/run_35_seed_604486275/exp_tomato_20260921_013949_070301.txt,experiments_logs/analysis_recent/when_what_mechanisms_20260921/00_raw/tomato/scene_03/value_what/run_35_seed_604486275/exp_tomato_20260921_042051_131306.txt,1,1,-9.0,-1.0,-1.2439999999999998,0.0
tomato,03,657498695,ours,value_what,experiments_logs/analysis_recent/when_what_mechanisms_20260921/00_raw/tomato/scene_03/ours/run_28_seed_657498695/exp_tomato_20260921_013937_582238.txt,experiments_logs/analysis_recent/when_what_mechanisms_20260921/00_raw/tomato/scene_03/value_what/run_28_seed_657498695/exp_tomato_20260921_042033_318074.txt,1,1,-1.0,0.0,-0.9147000000000001,0.0
tomato,03,70087057,ours,value_what,experiments_logs/analysis_recent/when_what_mechanisms_20260921/00_raw/tomato/scene_03/ours/run_26_seed_70087057/exp_tomato_20260921_013934_398299.txt,experiments_logs/analysis_recent/when_what_mechanisms_20260921/00_raw/tomato/scene_03/value_what/run_26_seed_70087057/exp_tomato_20260921_042028_222361.txt,1,1,-3.0,0.0,-0.9853000000000001,0.0
tomato,03,822900858,ours,value_what,experiments_logs/analysis_recent/when_what_mechanisms_20260921/00_raw/tomato/scene_03/ours/run_34_seed_822900858/exp_tomato_20260921_013947_464379.txt,experiments_logs/analysis_recent/when_what_mechanisms_20260921/00_raw/tomato/scene_03/value_what/run_34_seed_822900858/exp_tomato_20260921_042048_284739.txt,1,1,-1.0,0.0,-0.7144,0.0
tomato,03,8630651,ours,value_what,experiments_logs/analysis_recent/when_what_mechanisms_20260921/00_raw/tomato/scene_03/ours/run_27_seed_8630651/exp_tomato_20260921_013936_040331.txt,experiments_logs/analysis_recent/when_what_mechanisms_20260921/00_raw/tomato/scene_03/value_what/run_27_seed_8630651/exp_tomato_20260921_042030_861805.txt,1,1,-2.0,0.0,-0.9896,0.0
tomato,03,975151081,ours,value_what,experiments_logs/analysis_recent/when_what_mechanisms_20260921/00_raw/tomato/scene_03/ours/run_13_seed_975151081/exp_tomato_20260921_013906_763403.txt,experiments_logs/analysis_recent/when_what_mechanisms_20260921/00_raw/tomato/scene_03/value_what/run_13_seed_975151081/exp_tomato_20260921_041947_979978.txt,1,1,-1.0,0.0,-0.7676000000000001,0.0
tomato,04,1040908402,ours,value_what,experiments_logs/analysis_recent/when_what_mechanisms_20260921/00_raw/tomato/scene_04/ours/run_26_seed_1040908402/exp_tomato_20260921_014046_634655.txt,experiments_logs/analysis_recent/when_what_mechanisms_20260921/00_raw/tomato/scene_04/value_what/run_26_seed_1040908402/exp_tomato_20260921_042222_639947.txt,1,1,-4.0,0.0,-1.4039000000000001,0.0
tomato,04,1109362184,ours,value_what,experiments_logs/analysis_recent/when_what_mechanisms_20260921/00_raw/tomato/scene_04/ours/run_12_seed_1109362184/exp_tomato_20260921_014023_891751.txt,experiments_logs/analysis_recent/when_what_mechanisms_20260921/00_raw/tomato/scene_04/value_what/run_12_seed_1109362184/exp_tomato_20260921_042144_033031.txt,1,1,-2.0,0.0,-0.8041,0.0
tomato,04,1141903763,ours,value_what,experiments_logs/analysis_recent/when_what_mechanisms_20260921/00_raw/tomato/scene_04/ours/run_37_seed_1141903763/exp_tomato_20260921_014104_740947.txt,experiments_logs/analysis_recent/when_what_mechanisms_20260921/00_raw/tomato/scene_04/value_what/run_37_seed_1141903763/exp_tomato_20260921_042252_060906.txt,1,1,-3.0,0.0,-1.0735,0.0
tomato,04,1167440852,ours,value_what,experiments_logs/analysis_recent/when_what_mechanisms_20260921/00_raw/tomato/scene_04/ours/run_34_seed_1167440852/exp_tomato_20260921_014059_721842.txt,experiments_logs/analysis_recent/when_what_mechanisms_20260921/00_raw/tomato/scene_04/value_what/run_34_seed_1167440852/exp_tomato_20260921_042243_817173.txt,1,1,-6.0,0.0,-1.1488,0.0
tomato,04,1337586660,ours,value_what,experiments_logs/analysis_recent/when_what_mechanisms_20260921/00_raw/tomato/scene_04/ours/run_20_seed_1337586660/exp_tomato_20260921_014037_204945.txt,experiments_logs/analysis_recent/when_what_mechanisms_20260921/00_raw/tomato/scene_04/value_what/run_20_seed_1337586660/exp_tomato_20260921_042206_146480.txt,1,1,-6.0,0.0,-1.1347,0.0
tomato,04,1552731229,ours,value_what,experiments_logs/analysis_recent/when_what_mechanisms_20260921/00_raw/tomato/scene_04/ours/run_19_seed_1552731229/exp_tomato_20260921_014035_038537.txt,experiments_logs/analysis_recent/when_what_mechanisms_20260921/00_raw/tomato/scene_04/value_what/run_19_seed_1552731229/exp_tomato_20260921_042202_833610.txt,1,1,0.0,0.0,-0.8441999999999998,0.0
tomato,04,1589093347,ours,value_what,experiments_logs/analysis_recent/when_what_mechanisms_20260921/00_raw/tomato/scene_04/ours/run_01_seed_1589093347/exp_tomato_20260921_013958_573928.txt,experiments_logs/analysis_recent/when_what_mechanisms_20260921/00_raw/tomato/scene_04/value_what/run_01_seed_1589093347/exp_tomato_20260921_042107_188744.txt,1,1,-1.0,0.0,-1.0254999999999999,0.0
tomato,04,168160880,ours,value_what,experiments_logs/analysis_recent/when_what_mechanisms_20260921/00_raw/tomato/scene_04/ours/run_28_seed_168160880/exp_tomato_20260921_014050_009215.txt,experiments_logs/analysis_recent/when_what_mechanisms_20260921/00_raw/tomato/scene_04/value_what/run_28_seed_168160880/exp_tomato_20260921_042227_964093.txt,1,1,-5.0,0.0,-0.9029,0.0
tomato,04,2020323328,ours,value_what,experiments_logs/analysis_recent/when_what_mechanisms_20260921/00_raw/tomato/scene_04/ours/run_15_seed_2020323328/exp_tomato_20260921_014028_505770.txt,experiments_logs/analysis_recent/when_what_mechanisms_20260921/00_raw/tomato/scene_04/value_what/run_15_seed_2020323328/exp_tomato_20260921_042151_745479.txt,1,1,0.0,0.0,-0.8028,0.0
tomato,04,2135663053,ours,value_what,experiments_logs/analysis_recent/when_what_mechanisms_20260921/00_raw/tomato/scene_04/ours/run_30_seed_2135663053/exp_tomato_20260921_014053_022579.txt,experiments_logs/analysis_recent/when_what_mechanisms_20260921/00_raw/tomato/scene_04/value_what/run_30_seed_2135663053/exp_tomato_20260921_042232_645914.txt,1,1,-7.0,-1.0,-0.9473,0.0
tomato,04,216321642,ours,value_what,experiments_logs/analysis_recent/when_what_mechanisms_20260921/00_raw/tomato/scene_04/ours/run_36_seed_216321642/exp_tomato_20260921_014103_079726.txt,experiments_logs/analysis_recent/when_what_mechanisms_20260921/00_raw/tomato/scene_04/value_what/run_36_seed_216321642/exp_tomato_20260921_042249_328775.txt,1,1,-1.0,0.0,-1.1238,0.0
tomato,04,218967378,ours,value_what,experiments_logs/analysis_recent/when_what_mechanisms_20260921/00_raw/tomato/scene_04/ours/run_25_seed_218967378/exp_tomato_20260921_014045_045672.txt,experiments_logs/analysis_recent/when_what_mechanisms_20260921/00_raw/tomato/scene_04/value_what/run_25_seed_218967378/exp_tomato_20260921_042219_650079.txt,1,1,-2.0,0.0,-0.9983,0.0
tomato,04,2219488844,ours,value_what,experiments_logs/analysis_recent/when_what_mechanisms_20260921/00_raw/tomato/scene_04/ours/run_38_seed_2219488844/exp_tomato_20260921_014106_892169.txt,experiments_logs/analysis_recent/when_what_mechanisms_20260921/00_raw/tomato/scene_04/value_what/run_38_seed_2219488844/exp_tomato_20260921_042255_373379.txt,1,1,-2.0,0.0,-1.1553,0.0
tomato,04,2220313702,ours,value_what,experiments_logs/analysis_recent/when_what_mechanisms_20260921/00_raw/tomato/scene_04/ours/run_27_seed_2220313702/exp_tomato_20260921_014048_477746.txt,experiments_logs/analysis_recent/when_what_mechanisms_20260921/00_raw/tomato/scene_04/value_what/run_27_seed_2220313702/exp_tomato_20260921_042225_527131.txt,1,1,-10.0,1.0,-1.0345000000000002,0.0
tomato,04,222360660,ours,value_what,experiments_logs/analysis_recent/when_what_mechanisms_20260921/00_raw/tomato/scene_04/ours/run_35_seed_222360660/exp_tomato_20260921_014101_426724.txt,experiments_logs/analysis_recent/when_what_mechanisms_20260921/00_raw/tomato/scene_04/value_what/run_35_seed_222360660/exp_tomato_20260921_042246_553709.txt,1,1,-5.0,0.0,-1.0393,0.0
tomato,04,236854069,ours,value_what,experiments_logs/analysis_recent/when_what_mechanisms_20260921/00_raw/tomato/scene_04/ours/run_08_seed_236854069/exp_tomato_20260921_014017_707391.txt,experiments_logs/analysis_recent/when_what_mechanisms_20260921/00_raw/tomato/scene_04/value_what/run_08_seed_236854069/exp_tomato_20260921_042133_797894.txt,1,1,-5.0,0.0,-1.4109999999999998,0.0
tomato,04,2387734993,ours,value_what,experiments_logs/analysis_recent/when_what_mechanisms_20260921/00_raw/tomato/scene_04/ours/run_09_seed_2387734993/exp_tomato_20260921_014019_341718.txt,experiments_logs/analysis_recent/when_what_mechanisms_20260921/00_raw/tomato/scene_04/value_what/run_09_seed_2387734993/exp_tomato_20260921_042136_467887.txt,1,1,-4.0,0.0,-1.0429999999999997,0.0
tomato,04,2390740933,ours,value_what,experiments_logs/analysis_recent/when_what_mechanisms_20260921/00_raw/tomato/scene_04/ours/run_04_seed_2390740933/exp_tomato_20260921_014003_468077.txt,experiments_logs/analysis_recent/when_what_mechanisms_20260921/00_raw/tomato/scene_04/value_what/run_04_seed_2390740933/exp_tomato_20260921_042115_072059.txt,1,1,-5.0,0.0,-1.1474000000000002,0.0
tomato,04,2392905031,ours,value_what,experiments_logs/analysis_recent/when_what_mechanisms_20260921/00_raw/tomato/scene_04/ours/run_31_seed_2392905031/exp_tomato_20260921_014054_616187.txt,experiments_logs/analysis_recent/when_what_mechanisms_20260921/00_raw/tomato/scene_04/value_what/run_31_seed_2392905031/exp_tomato_20260921_042235_448430.txt,1,1,-4.0,0.0,-1.2188,0.0
tomato,04,2642505031,ours,value_what,experiments_logs/analysis_recent/when_what_mechanisms_20260921/00_raw/tomato/scene_04/ours/run_05_seed_2642505031/exp_tomato_20260921_014005_088981.txt,experiments_logs/analysis_recent/when_what_mechanisms_20260921/00_raw/tomato/scene_04/value_what/run_05_seed_2642505031/exp_tomato_20260921_042118_129787.txt,1,1,-8.0,0.0,-1.4203,0.0
tomato,04,2771536334,ours,value_what,experiments_logs/analysis_recent/when_what_mechanisms_20260921/00_raw/tomato/scene_04/ours/run_22_seed_2771536334/exp_tomato_20260921_014040_500007.txt,experiments_logs/analysis_recent/when_what_mechanisms_20260921/00_raw/tomato/scene_04/value_what/run_22_seed_2771536334/exp_tomato_20260921_042211_629732.txt,1,1,-4.0,0.0,-1.0552,0.0
tomato,04,2941533860,ours,value_what,experiments_logs/analysis_recent/when_what_mechanisms_20260921/00_raw/tomato/scene_04/ours/run_14_seed_2941533860/exp_tomato_20260921_014027_031932.txt,experiments_logs/analysis_recent/when_what_mechanisms_20260921/00_raw/tomato/scene_04/value_what/run_14_seed_2941533860/exp_tomato_20260921_042149_462573.txt,1,1,-2.0,0.0,-1.2131999999999998,0.0
tomato,04,2993320002,ours,value_what,experiments_logs/analysis_recent/when_what_mechanisms_20260921/00_raw/tomato/scene_04/ours/run_11_seed_2993320002/exp_tomato_20260921_014022_425264.txt,experiments_logs/analysis_recent/when_what_mechanisms_20260921/00_raw/tomato/scene_04/value_what/run_11_seed_2993320002/exp_tomato_20260921_042141_761616.txt,1,1,-4.0,0.0,-0.8178,0.0
tomato,04,3141647287,ours,value_what,experiments_logs/analysis_recent/when_what_mechanisms_20260921/00_raw/tomato/scene_04/ours/run_29_seed_3141647287/exp_tomato_20260921_014051_537370.txt,experiments_logs/analysis_recent/when_what_mechanisms_20260921/00_raw/tomato/scene_04/value_what/run_29_seed_3141647287/exp_tomato_20260921_042230_212472.txt,1,1,1.0,0.0,-0.7255,0.0
tomato,04,3169457126,ours,value_what,experiments_logs/analysis_recent/when_what_mechanisms_20260921/00_raw/tomato/scene_04/ours/run_17_seed_3169457126/exp_tomato_20260921_014031_834164.txt,experiments_logs/analysis_recent/when_what_mechanisms_20260921/00_raw/tomato/scene_04/value_what/run_17_seed_3169457126/exp_tomato_20260921_042157_561484.txt,1,1,-1.0,0.0,-1.2135999999999998,0.0
tomato,04,321661848,ours,value_what,experiments_logs/analysis_recent/when_what_mechanisms_20260921/00_raw/tomato/scene_04/ours/run_10_seed_321661848/exp_tomato_20260921_014020_943638.txt,experiments_logs/analysis_recent/when_what_mechanisms_20260921/00_raw/tomato/scene_04/value_what/run_10_seed_321661848/exp_tomato_20260921_042139_468152.txt,1,1,-9.0,0.0,-1.4075,0.0
tomato,04,3227930555,ours,value_what,experiments_logs/analysis_recent/when_what_mechanisms_20260921/00_raw/tomato/scene_04/ours/run_23_seed_3227930555/exp_tomato_20260921_014041_975718.txt,experiments_logs/analysis_recent/when_what_mechanisms_20260921/00_raw/tomato/scene_04/value_what/run_23_seed_3227930555/exp_tomato_20260921_042214_199714.txt,1,1,-4.0,0.0,-1.0963999999999998,0.0
tomato,04,3315816046,ours,value_what,experiments_logs/analysis_recent/when_what_mechanisms_20260921/00_raw/tomato/scene_04/ours/run_40_seed_3315816046/exp_tomato_20260921_014110_045357.txt,experiments_logs/analysis_recent/when_what_mechanisms_20260921/00_raw/tomato/scene_04/value_what/run_40_seed_3315816046/exp_tomato_20260921_042301_003575.txt,1,1,-1.0,0.0,-1.2632999999999999,0.0
tomato,04,3372736775,ours,value_what,experiments_logs/analysis_recent/when_what_mechanisms_20260921/00_raw/tomato/scene_04/ours/run_32_seed_3372736775/exp_tomato_20260921_014056_261241.txt,experiments_logs/analysis_recent/when_what_mechanisms_20260921/00_raw/tomato/scene_04/value_what/run_32_seed_3372736775/exp_tomato_20260921_042238_007001.txt,1,1,-1.0,0.0,-0.9178,0.0
tomato,04,3386497120,ours,value_what,experiments_logs/analysis_recent/when_what_mechanisms_20260921/00_raw/tomato/scene_04/ours/run_33_seed_3386497120/exp_tomato_20260921_014058_058099.txt,experiments_logs/analysis_recent/when_what_mechanisms_20260921/00_raw/tomato/scene_04/value_what/run_33_seed_3386497120/exp_tomato_20260921_042241_012949.txt,1,1,-4.0,0.0,-1.22,0.0
tomato,04,3614412854,ours,value_what,experiments_logs/analysis_recent/when_what_mechanisms_20260921/00_raw/tomato/scene_04/ours/run_03_seed_3614412854/exp_tomato_20260921_014001_715995.txt,experiments_logs/analysis_recent/when_what_mechanisms_20260921/00_raw/tomato/scene_04/value_what/run_03_seed_3614412854/exp_tomato_20260921_042112_178743.txt,1,1,-3.0,0.0,-1.0624,0.0
tomato,04,3661502133,ours,value_what,experiments_logs/analysis_recent/when_what_mechanisms_20260921/00_raw/tomato/scene_04/ours/run_07_seed_3661502133/exp_tomato_20260921_014016_068265.txt,experiments_logs/analysis_recent/when_what_mechanisms_20260921/00_raw/tomato/scene_04/value_what/run_07_seed_3661502133/exp_tomato_20260921_042130_752496.txt,0,0,-4.0,0.0,-0.7443000000000008,0.0
tomato,04,3712541616,ours,value_what,experiments_logs/analysis_recent/when_what_mechanisms_20260921/00_raw/tomato/scene_04/ours/run_16_seed_3712541616/exp_tomato_20260921_014030_156737.txt,experiments_logs/analysis_recent/when_what_mechanisms_20260921/00_raw/tomato/scene_04/value_what/run_16_seed_3712541616/exp_tomato_20260921_042154_656626.txt,1,1,-6.0,0.0,-1.2524000000000002,0.0
tomato,04,3815955531,ours,value_what,experiments_logs/analysis_recent/when_what_mechanisms_20260921/00_raw/tomato/scene_04/ours/run_13_seed_3815955531/exp_tomato_20260921_014025_397344.txt,experiments_logs/analysis_recent/when_what_mechanisms_20260921/00_raw/tomato/scene_04/value_what/run_13_seed_3815955531/exp_tomato_20260921_042146_615952.txt,1,1,-5.0,0.0,-1.0625,0.0
tomato,04,3931316609,ours,value_what,experiments_logs/analysis_recent/when_what_mechanisms_20260921/00_raw/tomato/scene_04/ours/run_39_seed_3931316609/exp_tomato_20260921_014108_479919.txt,experiments_logs/analysis_recent/when_what_mechanisms_20260921/00_raw/tomato/scene_04/value_what/run_39_seed_3931316609/exp_tomato_20260921_042258_164515.txt,1,1,-4.0,0.0,-1.1987999999999999,0.0
tomato,04,3948166740,ours,value_what,experiments_logs/analysis_recent/when_what_mechanisms_20260921/00_raw/tomato/scene_04/ours/run_18_seed_3948166740/exp_tomato_20260921_014033_521605.txt,experiments_logs/analysis_recent/when_what_mechanisms_20260921/00_raw/tomato/scene_04/value_what/run_18_seed_3948166740/exp_tomato_20260921_042200_470083.txt,1,1,-4.0,0.0,-1.2317000000000002,0.0
tomato,04,442300768,ours,value_what,experiments_logs/analysis_recent/when_what_mechanisms_20260921/00_raw/tomato/scene_04/ours/run_06_seed_442300768/exp_tomato_20260921_014006_609985.txt,experiments_logs/analysis_recent/when_what_mechanisms_20260921/00_raw/tomato/scene_04/value_what/run_06_seed_442300768/exp_tomato_20260921_042120_551914.txt,1,1,-1.0,0.0,-0.8963000000000001,0.0
tomato,04,56491935,ours,value_what,experiments_logs/analysis_recent/when_what_mechanisms_20260921/00_raw/tomato/scene_04/ours/run_21_seed_56491935/exp_tomato_20260921_014038_894924.txt,experiments_logs/analysis_recent/when_what_mechanisms_20260921/00_raw/tomato/scene_04/value_what/run_21_seed_56491935/exp_tomato_20260921_042208_974054.txt,1,1,-4.0,0.0,-1.1342,0.0
tomato,04,712937450,ours,value_what,experiments_logs/analysis_recent/when_what_mechanisms_20260921/00_raw/tomato/scene_04/ours/run_02_seed_712937450/exp_tomato_20260921_014000_078070.txt,experiments_logs/analysis_recent/when_what_mechanisms_20260921/00_raw/tomato/scene_04/value_what/run_02_seed_712937450/exp_tomato_20260921_042109_464211.txt,1,1,-1.0,0.0,-0.7610000000000001,0.0
tomato,04,740609622,ours,value_what,experiments_logs/analysis_recent/when_what_mechanisms_20260921/00_raw/tomato/scene_04/ours/run_24_seed_740609622/exp_tomato_20260921_014043_558710.txt,experiments_logs/analysis_recent/when_what_mechanisms_20260921/00_raw/tomato/scene_04/value_what/run_24_seed_740609622/exp_tomato_20260921_042217_160473.txt,1,1,-4.0,0.0,-1.3567000000000002,0.0
tomato,05,1042830735,ours,value_what,experiments_logs/analysis_recent/when_what_mechanisms_20260921/00_raw/tomato/scene_05/ours/run_39_seed_1042830735/exp_tomato_20260921_014220_170594.txt,experiments_logs/analysis_recent/when_what_mechanisms_20260921/00_raw/tomato/scene_05/value_what/run_39_seed_1042830735/exp_tomato_20260921_042450_008344.txt,1,1,-5.0,0.0,-1.151,0.0
tomato,05,1101473435,ours,value_what,experiments_logs/analysis_recent/when_what_mechanisms_20260921/00_raw/tomato/scene_05/ours/run_36_seed_1101473435/exp_tomato_20260921_014215_507065.txt,experiments_logs/analysis_recent/when_what_mechanisms_20260921/00_raw/tomato/scene_05/value_what/run_36_seed_1101473435/exp_tomato_20260921_042442_098298.txt,1,1,-2.0,0.0,-1.0830000000000002,0.0
tomato,05,1127296088,ours,value_what,experiments_logs/analysis_recent/when_what_mechanisms_20260921/00_raw/tomato/scene_05/ours/run_24_seed_1127296088/exp_tomato_20260921_014155_283881.txt,experiments_logs/analysis_recent/when_what_mechanisms_20260921/00_raw/tomato/scene_05/value_what/run_24_seed_1127296088/exp_tomato_20260921_042410_490128.txt,1,1,-3.0,0.0,-0.8740999999999999,0.0
tomato,05,1196215500,ours,value_what,experiments_logs/analysis_recent/when_what_mechanisms_20260921/00_raw/tomato/scene_05/ours/run_27_seed_1196215500/exp_tomato_20260921_014201_397845.txt,experiments_logs/analysis_recent/when_what_mechanisms_20260921/00_raw/tomato/scene_05/value_what/run_27_seed_1196215500/exp_tomato_20260921_042418_819028.txt,1,1,-6.0,7.0,0.08429999999999982,-25.0
tomato,05,1271340849,ours,value_what,experiments_logs/analysis_recent/when_what_mechanisms_20260921/00_raw/tomato/scene_05/ours/run_26_seed_1271340849/exp_tomato_20260921_014158_523099.txt,experiments_logs/analysis_recent/when_what_mechanisms_20260921/00_raw/tomato/scene_05/value_what/run_26_seed_1271340849/exp_tomato_20260921_042416_030793.txt,1,1,-4.0,0.0,-1.1020999999999999,0.0
tomato,05,1573496301,ours,value_what,experiments_logs/analysis_recent/when_what_mechanisms_20260921/00_raw/tomato/scene_05/ours/run_19_seed_1573496301/exp_tomato_20260921_014147_602593.txt,experiments_logs/analysis_recent/when_what_mechanisms_20260921/00_raw/tomato/scene_05/value_what/run_19_seed_1573496301/exp_tomato_20260921_042357_679185.txt,1,1,-3.0,0.0,-0.8727000000000001,0.0
tomato,05,1584111328,ours,value_what,experiments_logs/analysis_recent/when_what_mechanisms_20260921/00_raw/tomato/scene_05/ours/run_16_seed_1584111328/exp_tomato_20260921_014143_024386.txt,experiments_logs/analysis_recent/when_what_mechanisms_20260921/00_raw/tomato/scene_05/value_what/run_16_seed_1584111328/exp_tomato_20260921_042350_143985.txt,1,1,-3.0,0.0,-1.0312,0.0
tomato,05,1691996467,ours,value_what,experiments_logs/analysis_recent/when_what_mechanisms_20260921/00_raw/tomato/scene_05/ours/run_06_seed_1691996467/exp_tomato_20260921_014127_237707.txt,experiments_logs/analysis_recent/when_what_mechanisms_20260921/00_raw/tomato/scene_05/value_what/run_06_seed_1691996467/exp_tomato_20260921_042324_259158.txt,0,0,-4.0,0.0,-0.8924000000000003,0.0
tomato,05,1746555867,ours,value_what,experiments_logs/analysis_recent/when_what_mechanisms_20260921/00_raw/tomato/scene_05/ours/run_04_seed_1746555867/exp_tomato_20260921_014116_351614.txt,experiments_logs/analysis_recent/when_what_mechanisms_20260921/00_raw/tomato/scene_05/value_what/run_04_seed_1746555867/exp_tomato_20260921_042311_368852.txt,1,1,-2.0,0.0,-0.9551000000000001,0.0
tomato,05,179847475,ours,value_what,experiments_logs/analysis_recent/when_what_mechanisms_20260921/00_raw/tomato/scene_05/ours/run_10_seed_179847475/exp_tomato_20260921_014133_353979.txt,experiments_logs/analysis_recent/when_what_mechanisms_20260921/00_raw/tomato/scene_05/value_what/run_10_seed_179847475/exp_tomato_20260921_042334_636488.txt,1,1,-8.0,0.0,-1.2175,0.0
tomato,05,1896365895,ours,value_what,experiments_logs/analysis_recent/when_what_mechanisms_20260921/00_raw/tomato/scene_05/ours/run_21_seed_1896365895/exp_tomato_20260921_014150_833436.txt,experiments_logs/analysis_recent/when_what_mechanisms_20260921/00_raw/tomato/scene_05/value_what/run_21_seed_1896365895/exp_tomato_20260921_042403_030646.txt,1,1,-5.0,0.0,-1.0100999999999998,0.0
tomato,05,1985644872,ours,value_what,experiments_logs/analysis_recent/when_what_mechanisms_20260921/00_raw/tomato/scene_05/ours/run_34_seed_1985644872/exp_tomato_20260921_014212_373856.txt,experiments_logs/analysis_recent/when_what_mechanisms_20260921/00_raw/tomato/scene_05/value_what/run_34_seed_1985644872/exp_tomato_20260921_042436_516439.txt,1,1,-4.0,0.0,-0.9485,0.0
tomato,05,2082077157,ours,value_what,experiments_logs/analysis_recent/when_what_mechanisms_20260921/00_raw/tomato/scene_05/ours/run_15_seed_2082077157/exp_tomato_20260921_014141_357175.txt,experiments_logs/analysis_recent/when_what_mechanisms_20260921/00_raw/tomato/scene_05/value_what/run_15_seed_2082077157/exp_tomato_20260921_042347_442504.txt,1,1,-1.0,0.0,-0.7561000000000001,0.0
tomato,05,2128654182,ours,value_what,experiments_logs/analysis_recent/when_what_mechanisms_20260921/00_raw/tomato/scene_05/ours/run_22_seed_2128654182/exp_tomato_20260921_014152_363099.txt,experiments_logs/analysis_recent/when_what_mechanisms_20260921/00_raw/tomato/scene_05/value_what/run_22_seed_2128654182/exp_tomato_20260921_042405_641794.txt,1,1,-5.0,0.0,-1.0822999999999998,0.0
tomato,05,2141224597,ours,value_what,experiments_logs/analysis_recent/when_what_mechanisms_20260921/00_raw/tomato/scene_05/ours/run_11_seed_2141224597/exp_tomato_20260921_014134_882925.txt,experiments_logs/analysis_recent/when_what_mechanisms_20260921/00_raw/tomato/scene_05/value_what/run_11_seed_2141224597/exp_tomato_20260921_042337_370973.txt,1,1,-5.0,0.0,-1.1958,0.0
tomato,05,2222584418,ours,value_what,experiments_logs/analysis_recent/when_what_mechanisms_20260921/00_raw/tomato/scene_05/ours/run_18_seed_2222584418/exp_tomato_20260921_014146_132341.txt,experiments_logs/analysis_recent/when_what_mechanisms_20260921/00_raw/tomato/scene_05/value_what/run_18_seed_2222584418/exp_tomato_20260921_042355_332118.txt,1,1,-3.0,0.0,-1.0971000000000002,0.0
tomato,05,2231101089,ours,value_what,experiments_logs/analysis_recent/when_what_mechanisms_20260921/00_raw/tomato/scene_05/ours/run_30_seed_2231101089/exp_tomato_20260921_014206_086157.txt,experiments_logs/analysis_recent/when_what_mechanisms_20260921/00_raw/tomato/scene_05/value_what/run_30_seed_2231101089/exp_tomato_20260921_042426_475519.txt,1,1,-6.0,0.0,-1.1502000000000001,0.0
tomato,05,259038599,ours,value_what,experiments_logs/analysis_recent/when_what_mechanisms_20260921/00_raw/tomato/scene_05/ours/run_02_seed_259038599/exp_tomato_20260921_014113_118794.txt,experiments_logs/analysis_recent/when_what_mechanisms_20260921/00_raw/tomato/scene_05/value_what/run_02_seed_259038599/exp_tomato_20260921_042306_108723.txt,1,1,-2.0,0.0,-1.0207,0.0
tomato,05,2591322916,ours,value_what,experiments_logs/analysis_recent/when_what_mechanisms_20260921/00_raw/tomato/scene_05/ours/run_14_seed_2591322916/exp_tomato_20260921_014139_904717.txt,experiments_logs/analysis_recent/when_what_mechanisms_20260921/00_raw/tomato/scene_05/value_what/run_14_seed_2591322916/exp_tomato_20260921_042345_213308.txt,1,1,-4.0,0.0,-0.9184,0.0
tomato,05,2654066318,ours,value_what,experiments_logs/analysis_recent/when_what_mechanisms_20260921/00_raw/tomato/scene_05/ours/run_07_seed_2654066318/exp_tomato_20260921_014128_726039.txt,experiments_logs/analysis_recent/when_what_mechanisms_20260921/00_raw/tomato/scene_05/value_what/run_07_seed_2654066318/exp_tomato_20260921_042326_747048.txt,1,1,-6.0,0.0,-0.992,0.0
tomato,05,28332744,ours,value_what,experiments_logs/analysis_recent/when_what_mechanisms_20260921/00_raw/tomato/scene_05/ours/run_31_seed_28332744/exp_tomato_20260921_014207_765167.txt,experiments_logs/analysis_recent/when_what_mechanisms_20260921/00_raw/tomato/scene_05/value_what/run_31_seed_28332744/exp_tomato_20260921_042429_201855.txt,1,1,-3.0,0.0,-1.0501000000000003,0.0
tomato,05,2883494985,ours,value_what,experiments_logs/analysis_recent/when_what_mechanisms_20260921/00_raw/tomato/scene_05/ours/run_17_seed_2883494985/exp_tomato_20260921_014144_492823.txt,experiments_logs/analysis_recent/when_what_mechanisms_20260921/00_raw/tomato/scene_05/value_what/run_17_seed_2883494985/exp_tomato_20260921_042352_602590.txt,1,1,-5.0,0.0,-0.9903000000000001,0.0
tomato,05,2898963405,ours,value_what,experiments_logs/analysis_recent/when_what_mechanisms_20260921/00_raw/tomato/scene_05/ours/run_03_seed_2898963405/exp_tomato_20260921_014114_782258.txt,experiments_logs/analysis_recent/when_what_mechanisms_20260921/00_raw/tomato/scene_05/value_what/run_03_seed_2898963405/exp_tomato_20260921_042308_841860.txt,1,1,-3.0,0.0,-1.0737999999999999,0.0
tomato,05,3034198474,ours,value_what,experiments_logs/analysis_recent/when_what_mechanisms_20260921/00_raw/tomato/scene_05/ours/run_40_seed_3034198474/exp_tomato_20260921_014221_642697.txt,experiments_logs/analysis_recent/when_what_mechanisms_20260921/00_raw/tomato/scene_05/value_what/run_40_seed_3034198474/exp_tomato_20260921_042452_249426.txt,1,1,1.0,0.0,-0.7714000000000001,0.0
tomato,05,346784313,ours,value_what,experiments_logs/analysis_recent/when_what_mechanisms_20260921/00_raw/tomato/scene_05/ours/run_25_seed_346784313/exp_tomato_20260921_014156_897695.txt,experiments_logs/analysis_recent/when_what_mechanisms_20260921/00_raw/tomato/scene_05/value_what/run_25_seed_346784313/exp_tomato_20260921_042413_305920.txt,1,1,-5.0,0.0,-1.1990999999999998,0.0
tomato,05,3471226395,ours,value_what,experiments_logs/analysis_recent/when_what_mechanisms_20260921/00_raw/tomato/scene_05/ours/run_23_seed_3471226395/exp_tomato_20260921_014153_809007.txt,experiments_logs/analysis_recent/when_what_mechanisms_20260921/00_raw/tomato/scene_05/value_what/run_23_seed_3471226395/exp_tomato_20260921_042408_123483.txt,1,1,-4.0,0.0,-1.0205000000000002,0.0
tomato,05,3594782946,ours,value_what,experiments_logs/analysis_recent/when_what_mechanisms_20260921/00_raw/tomato/scene_05/ours/run_28_seed_3594782946/exp_tomato_20260921_014203_005905.txt,experiments_logs/analysis_recent/when_what_mechanisms_20260921/00_raw/tomato/scene_05/value_what/run_28_seed_3594782946/exp_tomato_20260921_042421_348264.txt,1,1,-2.0,0.0,-0.9181999999999999,0.0
tomato,05,3637968608,ours,value_what,experiments_logs/analysis_recent/when_what_mechanisms_20260921/00_raw/tomato/scene_05/ours/run_33_seed_3637968608/exp_tomato_20260921_014210_892241.txt,experiments_logs/analysis_recent/when_what_mechanisms_20260921/00_raw/tomato/scene_05/value_what/run_33_seed_3637968608/exp_tomato_20260921_042434_085112.txt,1,1,-1.0,0.0,-0.8312999999999999,0.0
tomato,05,3696024021,ours,value_what,experiments_logs/analysis_recent/when_what_mechanisms_20260921/00_raw/tomato/scene_05/ours/run_37_seed_3696024021/exp_tomato_20260921_014217_028281.txt,experiments_logs/analysis_recent/when_what_mechanisms_20260921/00_raw/tomato/scene_05/value_what/run_37_seed_3696024021/exp_tomato_20260921_042444_577212.txt,1,1,-6.0,0.0,-0.956,0.0
tomato,05,3850832736,ours,value_what,experiments_logs/analysis_recent/when_what_mechanisms_20260921/00_raw/tomato/scene_05/ours/run_20_seed_3850832736/exp_tomato_20260921_014149_260385.txt,experiments_logs/analysis_recent/when_what_mechanisms_20260921/00_raw/tomato/scene_05/value_what/run_20_seed_3850832736/exp_tomato_20260921_042400_453340.txt,1,1,-3.0,0.0,-1.1078999999999999,0.0
tomato,05,3869246695,ours,value_what,experiments_logs/analysis_recent/when_what_mechanisms_20260921/00_raw/tomato/scene_05/ours/run_29_seed_3869246695/exp_tomato_20260921_014204_490816.txt,experiments_logs/analysis_recent/when_what_mechanisms_20260921/00_raw/tomato/scene_05/value_what/run_29_seed_3869246695/exp_tomato_20260921_042423_736719.txt,1,1,-2.0,0.0,-0.9118,0.0
tomato,05,3873493540,ours,value_what,experiments_logs/analysis_recent/when_what_mechanisms_20260921/00_raw/tomato/scene_05/ours/run_12_seed_3873493540/exp_tomato_20260921_014136_484016.txt,experiments_logs/analysis_recent/when_what_mechanisms_20260921/00_raw/tomato/scene_05/value_what/run_12_seed_3873493540/exp_tomato_20260921_042340_154352.txt,1,1,-4.0,0.0,-1.1742000000000001,0.0
tomato,05,3945754139,ours,value_what,experiments_logs/analysis_recent/when_what_mechanisms_20260921/00_raw/tomato/scene_05/ours/run_01_seed_3945754139/exp_tomato_20260921_014111_515811.txt,experiments_logs/analysis_recent/when_what_mechanisms_20260921/00_raw/tomato/scene_05/value_what/run_01_seed_3945754139/exp_tomato_20260921_042303_479659.txt,1,1,-6.0,0.0,-0.9950000000000001,0.0
tomato,05,4191848859,ours,value_what,experiments_logs/analysis_recent/when_what_mechanisms_20260921/00_raw/tomato/scene_05/ours/run_38_seed_4191848859/exp_tomato_20260921_014218_551769.txt,experiments_logs/analysis_recent/when_what_mechanisms_20260921/00_raw/tomato/scene_05/value_what/run_38_seed_4191848859/exp_tomato_20260921_042447_235627.txt,1,1,-4.0,0.0,-1.1191,0.0
tomato,05,444653586,ours,value_what,experiments_logs/analysis_recent/when_what_mechanisms_20260921/00_raw/tomato/scene_05/ours/run_13_seed_444653586/exp_tomato_20260921_014138_411585.txt,experiments_logs/analysis_recent/when_what_mechanisms_20260921/00_raw/tomato/scene_05/value_what/run_13_seed_444653586/exp_tomato_20260921_042342_812787.txt,1,1,-1.0,0.0,-0.7300000000000002,0.0
tomato,05,589229374,ours,value_what,experiments_logs/analysis_recent/when_what_mechanisms_20260921/00_raw/tomato/scene_05/ours/run_35_seed_589229374/exp_tomato_20260921_014213_979802.txt,experiments_logs/analysis_recent/when_what_mechanisms_20260921/00_raw/tomato/scene_05/value_what/run_35_seed_589229374/exp_tomato_20260921_042439_486551.txt,1,1,-6.0,0.0,-1.3595000000000002,0.0
tomato,05,715972481,ours,value_what,experiments_logs/analysis_recent/when_what_mechanisms_20260921/00_raw/tomato/scene_05/ours/run_08_seed_715972481/exp_tomato_20260921_014130_224109.txt,experiments_logs/analysis_recent/when_what_mechanisms_20260921/00_raw/tomato/scene_05/value_what/run_08_seed_715972481/exp_tomato_20260921_042329_162650.txt,1,1,-4.0,0.0,-0.9138,0.0
tomato,05,794861334,ours,value_what,experiments_logs/analysis_recent/when_what_mechanisms_20260921/00_raw/tomato/scene_05/ours/run_09_seed_794861334/exp_tomato_20260921_014131_859102.txt,experiments_logs/analysis_recent/when_what_mechanisms_20260921/00_raw/tomato/scene_05/value_what/run_09_seed_794861334/exp_tomato_20260921_042331_926165.txt,1,1,-4.0,0.0,-1.1251,0.0
tomato,05,815541928,ours,value_what,experiments_logs/analysis_recent/when_what_mechanisms_20260921/00_raw/tomato/scene_05/ours/run_32_seed_815541928/exp_tomato_20260921_014209_294091.txt,experiments_logs/analysis_recent/when_what_mechanisms_20260921/00_raw/tomato/scene_05/value_what/run_32_seed_815541928/exp_tomato_20260921_042431_664534.txt,1,1,-6.0,0.0,-0.9299000000000002,0.0
tomato,05,879805946,ours,value_what,experiments_logs/analysis_recent/when_what_mechanisms_20260921/00_raw/tomato/scene_05/ours/run_05_seed_879805946/exp_tomato_20260921_014117_990969.txt,experiments_logs/analysis_recent/when_what_mechanisms_20260921/00_raw/tomato/scene_05/value_what/run_05_seed_879805946/exp_tomato_20260921_042314_112956.txt,1,1,-5.0,0.0,-1.1002999999999998,0.0
wastesorting,01,1062380405,ours,cp_when,experiments_logs/analysis_recent/when_what_mechanisms_20260921/00_raw/wastesorting/scene_01/ours/run_24_seed_1062380405/exp_wastesorting_20260921_014300_079598.txt,experiments_logs/analysis_recent/when_what_mechanisms_20260921/00_raw/wastesorting/scene_01/cp_when/run_24_seed_1062380405/exp_wastesorting_20260921_030915_250220.txt,1,1,-3.0,-2.0,-15.8843,0.0
wastesorting,01,1147340016,ours,cp_when,experiments_logs/analysis_recent/when_what_mechanisms_20260921/00_raw/wastesorting/scene_01/ours/run_29_seed_1147340016/exp_wastesorting_20260921_014307_877362.txt,experiments_logs/analysis_recent/when_what_mechanisms_20260921/00_raw/wastesorting/scene_01/cp_when/run_29_seed_1147340016/exp_wastesorting_20260921_031037_080847.txt,1,1,-5.0,0.0,-17.2369,15.0
wastesorting,01,1201660994,ours,cp_when,experiments_logs/analysis_recent/when_what_mechanisms_20260921/00_raw/wastesorting/scene_01/ours/run_18_seed_1201660994/exp_wastesorting_20260921_014250_637730.txt,experiments_logs/analysis_recent/when_what_mechanisms_20260921/00_raw/wastesorting/scene_01/cp_when/run_18_seed_1201660994/exp_wastesorting_20260921_030743_426193.txt,1,1,-3.0,0.0,-13.177100000000001,0.0
wastesorting,01,1421291149,ours,cp_when,experiments_logs/analysis_recent/when_what_mechanisms_20260921/00_raw/wastesorting/scene_01/ours/run_17_seed_1421291149/exp_wastesorting_20260921_014249_056674.txt,experiments_logs/analysis_recent/when_what_mechanisms_20260921/00_raw/wastesorting/scene_01/cp_when/run_17_seed_1421291149/exp_wastesorting_20260921_030728_595760.txt,1,0,11.0,7.0,-4.4368,15.0
wastesorting,01,1446821692,ours,cp_when,experiments_logs/analysis_recent/when_what_mechanisms_20260921/00_raw/wastesorting/scene_01/ours/run_07_seed_1446821692/exp_wastesorting_20260921_014232_716409.txt,experiments_logs/analysis_recent/when_what_mechanisms_20260921/00_raw/wastesorting/scene_01/cp_when/run_07_seed_1446821692/exp_wastesorting_20260921_030442_232203.txt,1,1,-2.0,-1.0,-15.401800000000001,0.0
wastesorting,01,1469124930,ours,cp_when,experiments_logs/analysis_recent/when_what_mechanisms_20260921/00_raw/wastesorting/scene_01/ours/run_12_seed_1469124930/exp_wastesorting_20260921_014240_880126.txt,experiments_logs/analysis_recent/when_what_mechanisms_20260921/00_raw/wastesorting/scene_01/cp_when/run_12_seed_1469124930/exp_wastesorting_20260921_030611_720003.txt,1,1,-1.0,2.0,-13.4189,-15.0
wastesorting,01,1753239905,ours,cp_when,experiments_logs/analysis_recent/when_what_mechanisms_20260921/00_raw/wastesorting/scene_01/ours/run_14_seed_1753239905/exp_wastesorting_20260921_014244_147904.txt,experiments_logs/analysis_recent/when_what_mechanisms_20260921/00_raw/wastesorting/scene_01/cp_when/run_14_seed_1753239905/exp_wastesorting_20260921_030648_645945.txt,1,1,-2.0,0.0,-15.6434,0.0
wastesorting,01,2062582486,ours,cp_when,experiments_logs/analysis_recent/when_what_mechanisms_20260921/00_raw/wastesorting/scene_01/ours/run_36_seed_2062582486/exp_wastesorting_20260921_014318_897989.txt,experiments_logs/analysis_recent/when_what_mechanisms_20260921/00_raw/wastesorting/scene_01/cp_when/run_36_seed_2062582486/exp_wastesorting_20260921_031226_978803.txt,1,1,-1.0,0.0,-13.8435,-15.0
wastesorting,01,221659181,ours,cp_when,experiments_logs/analysis_recent/when_what_mechanisms_20260921/00_raw/wastesorting/scene_01/ours/run_22_seed_221659181/exp_wastesorting_20260921_014256_811178.txt,experiments_logs/analysis_recent/when_what_mechanisms_20260921/00_raw/wastesorting/scene_01/cp_when/run_22_seed_221659181/exp_wastesorting_20260921_030842_131715.txt,1,0,4.0,0.0,-12.936900000000001,25.0
wastesorting,01,2226680570,ours,cp_when,experiments_logs/analysis_recent/when_what_mechanisms_20260921/00_raw/wastesorting/scene_01/ours/run_04_seed_2226680570/exp_wastesorting_20260921_014227_984304.txt,experiments_logs/analysis_recent/when_what_mechanisms_20260921/00_raw/wastesorting/scene_01/cp_when/run_04_seed_2226680570/exp_wastesorting_20260921_030349_645609.txt,1,1,0.0,0.0,-13.8701,20.0
wastesorting,01,2258604627,ours,cp_when,experiments_logs/analysis_recent/when_what_mechanisms_20260921/00_raw/wastesorting/scene_01/ours/run_25_seed_2258604627/exp_wastesorting_20260921_014301_570092.txt,experiments_logs/analysis_recent/when_what_mechanisms_20260921/00_raw/wastesorting/scene_01/cp_when/run_25_seed_2258604627/exp_wastesorting_20260921_030931_222372.txt,1,1,-3.0,0.0,-14.4124,0.0
wastesorting,01,2295953812,ours,cp_when,experiments_logs/analysis_recent/when_what_mechanisms_20260921/00_raw/wastesorting/scene_01/ours/run_28_seed_2295953812/exp_wastesorting_20260921_014306_216011.txt,experiments_logs/analysis_recent/when_what_mechanisms_20260921/00_raw/wastesorting/scene_01/cp_when/run_28_seed_2295953812/exp_wastesorting_20260921_031018_124329.txt,1,1,-1.0,0.0,-15.240499999999999,0.0
wastesorting,01,2310768630,ours,cp_when,experiments_logs/analysis_recent/when_what_mechanisms_20260921/00_raw/wastesorting/scene_01/ours/run_03_seed_2310768630/exp_wastesorting_20260921_014226_431269.txt,experiments_logs/analysis_recent/when_what_mechanisms_20260921/00_raw/wastesorting/scene_01/cp_when/run_03_seed_2310768630/exp_wastesorting_20260921_030334_156176.txt,1,0,4.0,2.0,-10.214400000000001,20.0
wastesorting,01,2566599462,ours,cp_when,experiments_logs/analysis_recent/when_what_mechanisms_20260921/00_raw/wastesorting/scene_01/ours/run_32_seed_2566599462/exp_wastesorting_20260921_014312_637676.txt,experiments_logs/analysis_recent/when_what_mechanisms_20260921/00_raw/wastesorting/scene_01/cp_when/run_32_seed_2566599462/exp_wastesorting_20260921_031126_962951.txt,1,1,-1.0,-1.0,-17.5693,15.0
wastesorting,01,2732686114,ours,cp_when,experiments_logs/analysis_recent/when_what_mechanisms_20260921/00_raw/wastesorting/scene_01/ours/run_19_seed_2732686114/exp_wastesorting_20260921_014252_175459.txt,experiments_logs/analysis_recent/when_what_mechanisms_20260921/00_raw/wastesorting/scene_01/cp_when/run_19_seed_2732686114/exp_wastesorting_20260921_030800_875645.txt,1,0,3.0,-2.0,-15.846,20.0
wastesorting,01,2829245352,ours,cp_when,experiments_logs/analysis_recent/when_what_mechanisms_20260921/00_raw/wastesorting/scene_01/ours/run_26_seed_2829245352/exp_wastesorting_20260921_014303_123743.txt,experiments_logs/analysis_recent/when_what_mechanisms_20260921/00_raw/wastesorting/scene_01/cp_when/run_26_seed_2829245352/exp_wastesorting_20260921_030946_726980.txt,1,0,5.0,0.0,-13.8932,-5.0
wastesorting,01,2855763027,ours,cp_when,experiments_logs/analysis_recent/when_what_mechanisms_20260921/00_raw/wastesorting/scene_01/ours/run_08_seed_2855763027/exp_wastesorting_20260921_014234_331603.txt,experiments_logs/analysis_recent/when_what_mechanisms_20260921/00_raw/wastesorting/scene_01/cp_when/run_08_seed_2855763027/exp_wastesorting_20260921_030504_579226.txt,1,1,-2.0,0.0,-20.674,0.0
wastesorting,01,304491485,ours,cp_when,experiments_logs/analysis_recent/when_what_mechanisms_20260921/00_raw/wastesorting/scene_01/ours/run_11_seed_304491485/exp_wastesorting_20260921_014239_198519.txt,experiments_logs/analysis_recent/when_what_mechanisms_20260921/00_raw/wastesorting/scene_01/cp_when/run_11_seed_304491485/exp_wastesorting_20260921_030556_566505.txt,1,1,-3.0,0.0,-14.7682,0.0
wastesorting,01,3143992301,ours,cp_when,experiments_logs/analysis_recent/when_what_mechanisms_20260921/00_raw/wastesorting/scene_01/ours/run_10_seed_3143992301/exp_wastesorting_20260921_014237_632512.txt,experiments_logs/analysis_recent/when_what_mechanisms_20260921/00_raw/wastesorting/scene_01/cp_when/run_10_seed_3143992301/exp_wastesorting_20260921_030540_167427.txt,1,1,1.0,0.0,-15.5762,15.0
wastesorting,01,3156193605,ours,cp_when,experiments_logs/analysis_recent/when_what_mechanisms_20260921/00_raw/wastesorting/scene_01/ours/run_39_seed_3156193605/exp_wastesorting_20260921_014323_498523.txt,experiments_logs/analysis_recent/when_what_mechanisms_20260921/00_raw/wastesorting/scene_01/cp_when/run_39_seed_3156193605/exp_wastesorting_20260921_031312_229519.txt,1,1,-2.0,-1.0,-15.5837,0.0
wastesorting,01,3175035907,ours,cp_when,experiments_logs/analysis_recent/when_what_mechanisms_20260921/00_raw/wastesorting/scene_01/ours/run_38_seed_3175035907/exp_wastesorting_20260921_014321_984382.txt,experiments_logs/analysis_recent/when_what_mechanisms_20260921/00_raw/wastesorting/scene_01/cp_when/run_38_seed_3175035907/exp_wastesorting_20260921_031255_065850.txt,1,1,-2.0,-1.0,-14.9308,0.0
wastesorting,01,3176006814,ours,cp_when,experiments_logs/analysis_recent/when_what_mechanisms_20260921/00_raw/wastesorting/scene_01/ours/run_06_seed_3176006814/exp_wastesorting_20260921_014231_153801.txt,experiments_logs/analysis_recent/when_what_mechanisms_20260921/00_raw/wastesorting/scene_01/cp_when/run_06_seed_3176006814/exp_wastesorting_20260921_030425_193808.txt,1,0,2.0,-2.0,-16.569599999999998,15.0
wastesorting,01,3267154761,ours,cp_when,experiments_logs/analysis_recent/when_what_mechanisms_20260921/00_raw/wastesorting/scene_01/ours/run_35_seed_3267154761/exp_wastesorting_20260921_014317_361486.txt,experiments_logs/analysis_recent/when_what_mechanisms_20260921/00_raw/wastesorting/scene_01/cp_when/run_35_seed_3267154761/exp_wastesorting_20260921_031211_545558.txt,1,1,-2.0,-1.0,-14.1585,0.0
wastesorting,01,3276452260,ours,cp_when,experiments_logs/analysis_recent/when_what_mechanisms_20260921/00_raw/wastesorting/scene_01/ours/run_20_seed_3276452260/exp_wastesorting_20260921_014253_730560.txt,experiments_logs/analysis_recent/when_what_mechanisms_20260921/00_raw/wastesorting/scene_01/cp_when/run_20_seed_3276452260/exp_wastesorting_20260921_030806_717178.txt,1,0,7.0,6.0,-4.210999999999999,10.0
wastesorting,01,3622402991,ours,cp_when,experiments_logs/analysis_recent/when_what_mechanisms_20260921/00_raw/wastesorting/scene_01/ours/run_02_seed_3622402991/exp_wastesorting_20260921_014224_895172.txt,experiments_logs/analysis_recent/when_what_mechanisms_20260921/00_raw/wastesorting/scene_01/cp_when/run_02_seed_3622402991/exp_wastesorting_20260921_030322_334643.txt,1,1,-2.0,0.0,-15.1877,0.0
wastesorting,01,3656921932,ours,cp_when,experiments_logs/analysis_recent/when_what_mechanisms_20260921/00_raw/wastesorting/scene_01/ours/run_30_seed_3656921932/exp_wastesorting_20260921_014309_468091.txt,experiments_logs/analysis_recent/when_what_mechanisms_20260921/00_raw/wastesorting/scene_01/cp_when/run_30_seed_3656921932/exp_wastesorting_20260921_031052_144437.txt,1,1,-1.0,1.0,-13.4207,0.0
wastesorting,01,3722475659,ours,cp_when,experiments_logs/analysis_recent/when_what_mechanisms_20260921/00_raw/wastesorting/scene_01/ours/run_34_seed_3722475659/exp_wastesorting_20260921_014315_787398.txt,experiments_logs/analysis_recent/when_what_mechanisms_20260921/00_raw/wastesorting/scene_01/cp_when/run_34_seed_3722475659/exp_wastesorting_20260921_031155_756125.txt,1,1,-2.0,0.0,-12.5207,0.0
wastesorting,01,3794435593,ours,cp_when,experiments_logs/analysis_recent/when_what_mechanisms_20260921/00_raw/wastesorting/scene_01/ours/run_23_seed_3794435593/exp_wastesorting_20260921_014258_471443.txt,experiments_logs/analysis_recent/when_what_mechanisms_20260921/00_raw/wastesorting/scene_01/cp_when/run_23_seed_3794435593/exp_wastesorting_20260921_030857_708586.txt,1,1,-2.0,-1.0,-13.8538,15.0
wastesorting,01,3862245153,ours,cp_when,experiments_logs/analysis_recent/when_what_mechanisms_20260921/00_raw/wastesorting/scene_01/ours/run_40_seed_3862245153/exp_wastesorting_20260921_014325_143440.txt,experiments_logs/analysis_recent/when_what_mechanisms_20260921/00_raw/wastesorting/scene_01/cp_when/run_40_seed_3862245153/exp_wastesorting_20260921_031329_390807.txt,1,1,-1.0,0.0,-15.4255,0.0
wastesorting,01,3890046989,ours,cp_when,experiments_logs/analysis_recent/when_what_mechanisms_20260921/00_raw/wastesorting/scene_01/ours/run_15_seed_3890046989/exp_wastesorting_20260921_014245_880375.txt,experiments_logs/analysis_recent/when_what_mechanisms_20260921/00_raw/wastesorting/scene_01/cp_when/run_15_seed_3890046989/exp_wastesorting_20260921_030705_433603.txt,1,1,2.0,2.0,-14.986699999999999,-15.0
wastesorting,01,3904873952,ours,cp_when,experiments_logs/analysis_recent/when_what_mechanisms_20260921/00_raw/wastesorting/scene_01/ours/run_13_seed_3904873952/exp_wastesorting_20260921_014242_512411.txt,experiments_logs/analysis_recent/when_what_mechanisms_20260921/00_raw/wastesorting/scene_01/cp_when/run_13_seed_3904873952/exp_wastesorting_20260921_030631_292017.txt,1,1,2.0,-1.0,-17.8723,0.0
wastesorting,01,3940097250,ours,cp_when,experiments_logs/analysis_recent/when_what_mechanisms_20260921/00_raw/wastesorting/scene_01/ours/run_27_seed_3940097250/exp_wastesorting_20260921_014304_618251.txt,experiments_logs/analysis_recent/when_what_mechanisms_20260921/00_raw/wastesorting/scene_01/cp_when/run_27_seed_3940097250/exp_wastesorting_20260921_031001_221308.txt,1,1,-3.0,0.0,-12.9386,0.0
wastesorting,01,3987872288,ours,cp_when,experiments_logs/analysis_recent/when_what_mechanisms_20260921/00_raw/wastesorting/scene_01/ours/run_09_seed_3987872288/exp_wastesorting_20260921_014236_006707.txt,experiments_logs/analysis_recent/when_what_mechanisms_20260921/00_raw/wastesorting/scene_01/cp_when/run_09_seed_3987872288/exp_wastesorting_20260921_030522_897109.txt,1,1,-1.0,-1.0,-16.570600000000002,-15.0
wastesorting,01,4001804605,ours,cp_when,experiments_logs/analysis_recent/when_what_mechanisms_20260921/00_raw/wastesorting/scene_01/ours/run_37_seed_4001804605/exp_wastesorting_20260921_014320_399285.txt,experiments_logs/analysis_recent/when_what_mechanisms_20260921/00_raw/wastesorting/scene_01/cp_when/run_37_seed_4001804605/exp_wastesorting_20260921_031238_487104.txt,1,0,6.0,2.0,-9.9517,5.0
wastesorting,01,4016452800,ours,cp_when,experiments_logs/analysis_recent/when_what_mechanisms_20260921/00_raw/wastesorting/scene_01/ours/run_16_seed_4016452800/exp_wastesorting_20260921_014247_458172.txt,experiments_logs/analysis_recent/when_what_mechanisms_20260921/00_raw/wastesorting/scene_01/cp_when/run_16_seed_4016452800/exp_wastesorting_20260921_030722_508311.txt,1,0,6.0,0.0,-15.4319,5.0
wastesorting,01,4064545001,ours,cp_when,experiments_logs/analysis_recent/when_what_mechanisms_20260921/00_raw/wastesorting/scene_01/ours/run_01_seed_4064545001/exp_wastesorting_20260921_014223_186349.txt,experiments_logs/analysis_recent/when_what_mechanisms_20260921/00_raw/wastesorting/scene_01/cp_when/run_01_seed_4064545001/exp_wastesorting_20260921_030305_382321.txt,1,1,-2.0,0.0,-14.407,0.0
wastesorting,01,4139245423,ours,cp_when,experiments_logs/analysis_recent/when_what_mechanisms_20260921/00_raw/wastesorting/scene_01/ours/run_05_seed_4139245423/exp_wastesorting_20260921_014229_661755.txt,experiments_logs/analysis_recent/when_what_mechanisms_20260921/00_raw/wastesorting/scene_01/cp_when/run_05_seed_4139245423/exp_wastesorting_20260921_030407_056547.txt,1,1,-3.0,0.0,-15.661900000000001,-15.0
wastesorting,01,481330159,ours,cp_when,experiments_logs/analysis_recent/when_what_mechanisms_20260921/00_raw/wastesorting/scene_01/ours/run_33_seed_481330159/exp_wastesorting_20260921_014314_206755.txt,experiments_logs/analysis_recent/when_what_mechanisms_20260921/00_raw/wastesorting/scene_01/cp_when/run_33_seed_481330159/exp_wastesorting_20260921_031141_606519.txt,1,1,-1.0,0.0,-13.014999999999999,0.0
wastesorting,01,834664221,ours,cp_when,experiments_logs/analysis_recent/when_what_mechanisms_20260921/00_raw/wastesorting/scene_01/ours/run_31_seed_834664221/exp_wastesorting_20260921_014311_051993.txt,experiments_logs/analysis_recent/when_what_mechanisms_20260921/00_raw/wastesorting/scene_01/cp_when/run_31_seed_834664221/exp_wastesorting_20260921_031107_762060.txt,1,1,-4.0,0.0,-13.9787,0.0
wastesorting,01,973561137,ours,cp_when,experiments_logs/analysis_recent/when_what_mechanisms_20260921/00_raw/wastesorting/scene_01/ours/run_21_seed_973561137/exp_wastesorting_20260921_014255_306410.txt,experiments_logs/analysis_recent/when_what_mechanisms_20260921/00_raw/wastesorting/scene_01/cp_when/run_21_seed_973561137/exp_wastesorting_20260921_030827_624570.txt,1,1,-5.0,-4.0,-19.2533,0.0
wastesorting,02,1014673370,ours,cp_when,experiments_logs/analysis_recent/when_what_mechanisms_20260921/00_raw/wastesorting/scene_02/ours/run_27_seed_1014673370/exp_wastesorting_20260921_014403_423595.txt,experiments_logs/analysis_recent/when_what_mechanisms_20260921/00_raw/wastesorting/scene_02/cp_when/run_27_seed_1014673370/exp_wastesorting_20260921_032053_956660.txt,1,1,2.0,0.0,-17.4396,0.0
wastesorting,02,1116766657,ours,cp_when,experiments_logs/analysis_recent/when_what_mechanisms_20260921/00_raw/wastesorting/scene_02/ours/run_17_seed_1116766657/exp_wastesorting_20260921_014349_308496.txt,experiments_logs/analysis_recent/when_what_mechanisms_20260921/00_raw/wastesorting/scene_02/cp_when/run_17_seed_1116766657/exp_wastesorting_20260921_031810_555490.txt,1,1,0.0,0.0,-14.9861,-15.0
wastesorting,02,1150653687,ours,cp_when,experiments_logs/analysis_recent/when_what_mechanisms_20260921/00_raw/wastesorting/scene_02/ours/run_10_seed_1150653687/exp_wastesorting_20260921_014339_500672.txt,experiments_logs/analysis_recent/when_what_mechanisms_20260921/00_raw/wastesorting/scene_02/cp_when/run_10_seed_1150653687/exp_wastesorting_20260921_031610_932859.txt,1,1,-1.0,1.0,-16.960600000000003,0.0
wastesorting,02,1185595584,ours,cp_when,experiments_logs/analysis_recent/when_what_mechanisms_20260921/00_raw/wastesorting/scene_02/ours/run_19_seed_1185595584/exp_wastesorting_20260921_014352_135121.txt,experiments_logs/analysis_recent/when_what_mechanisms_20260921/00_raw/wastesorting/scene_02/cp_when/run_19_seed_1185595584/exp_wastesorting_20260921_031834_999586.txt,1,0,9.0,6.0,-6.9356,25.0
wastesorting,02,1191125615,ours,cp_when,experiments_logs/analysis_recent/when_what_mechanisms_20260921/00_raw/wastesorting/scene_02/ours/run_38_seed_1191125615/exp_wastesorting_20260921_014419_043542.txt,experiments_logs/analysis_recent/when_what_mechanisms_20260921/00_raw/wastesorting/scene_02/cp_when/run_38_seed_1191125615/exp_wastesorting_20260921_032341_675515.txt,1,0,5.0,3.0,-10.5413,20.0
wastesorting,02,1273456514,ours,cp_when,experiments_logs/analysis_recent/when_what_mechanisms_20260921/00_raw/wastesorting/scene_02/ours/run_03_seed_1273456514/exp_wastesorting_20260921_014329_315854.txt,experiments_logs/analysis_recent/when_what_mechanisms_20260921/00_raw/wastesorting/scene_02/cp_when/run_03_seed_1273456514/exp_wastesorting_20260921_031407_843362.txt,1,1,-3.0,0.0,-15.260299999999999,0.0
wastesorting,02,1315496753,ours,cp_when,experiments_logs/analysis_recent/when_what_mechanisms_20260921/00_raw/wastesorting/scene_02/ours/run_05_seed_1315496753/exp_wastesorting_20260921_014332_170059.txt,experiments_logs/analysis_recent/when_what_mechanisms_20260921/00_raw/wastesorting/scene_02/cp_when/run_05_seed_1315496753/exp_wastesorting_20260921_031443_856239.txt,1,1,-2.0,-1.0,-16.1235,-15.0
wastesorting,02,1478189300,ours,cp_when,experiments_logs/analysis_recent/when_what_mechanisms_20260921/00_raw/wastesorting/scene_02/ours/run_21_seed_1478189300/exp_wastesorting_20260921_014354_933058.txt,experiments_logs/analysis_recent/when_what_mechanisms_20260921/00_raw/wastesorting/scene_02/cp_when/run_21_seed_1478189300/exp_wastesorting_20260921_031912_825915.txt,1,1,1.0,-1.0,-16.2275,0.0
wastesorting,02,1669852028,ours,cp_when,experiments_logs/analysis_recent/when_what_mechanisms_20260921/00_raw/wastesorting/scene_02/ours/run_08_seed_1669852028/exp_wastesorting_20260921_014336_377295.txt,experiments_logs/analysis_recent/when_what_mechanisms_20260921/00_raw/wastesorting/scene_02/cp_when/run_08_seed_1669852028/exp_wastesorting_20260921_031536_226059.txt,1,1,-4.0,0.0,-16.197000000000003,0.0
wastesorting,02,1679391382,ours,cp_when,experiments_logs/analysis_recent/when_what_mechanisms_20260921/00_raw/wastesorting/scene_02/ours/run_04_seed_1679391382/exp_wastesorting_20260921_014330_805740.txt,experiments_logs/analysis_recent/when_what_mechanisms_20260921/00_raw/wastesorting/scene_02/cp_when/run_04_seed_1679391382/exp_wastesorting_20260921_031426_300939.txt,1,1,0.0,0.0,-16.9123,0.0
wastesorting,02,1684512935,ours,cp_when,experiments_logs/analysis_recent/when_what_mechanisms_20260921/00_raw/wastesorting/scene_02/ours/run_12_seed_1684512935/exp_wastesorting_20260921_014342_442168.txt,experiments_logs/analysis_recent/when_what_mechanisms_20260921/00_raw/wastesorting/scene_02/cp_when/run_12_seed_1684512935/exp_wastesorting_20260921_031644_029159.txt,1,1,-4.0,0.0,-15.6811,0.0
wastesorting,02,1859675682,ours,cp_when,experiments_logs/analysis_recent/when_what_mechanisms_20260921/00_raw/wastesorting/scene_02/ours/run_32_seed_1859675682/exp_wastesorting_20260921_014410_561261.txt,experiments_logs/analysis_recent/when_what_mechanisms_20260921/00_raw/wastesorting/scene_02/cp_when/run_32_seed_1859675682/exp_wastesorting_20260921_032206_079507.txt,1,1,-1.0,0.0,-14.1765,5.0
wastesorting,02,1960486937,ours,cp_when,experiments_logs/analysis_recent/when_what_mechanisms_20260921/00_raw/wastesorting/scene_02/ours/run_18_seed_1960486937/exp_wastesorting_20260921_014350_678636.txt,experiments_logs/analysis_recent/when_what_mechanisms_20260921/00_raw/wastesorting/scene_02/cp_when/run_18_seed_1960486937/exp_wastesorting_20260921_031826_547920.txt,1,1,-1.0,0.0,-14.5542,-15.0
wastesorting,02,2006819571,ours,cp_when,experiments_logs/analysis_recent/when_what_mechanisms_20260921/00_raw/wastesorting/scene_02/ours/run_30_seed_2006819571/exp_wastesorting_20260921_014407_606442.txt,experiments_logs/analysis_recent/when_what_mechanisms_20260921/00_raw/wastesorting/scene_02/cp_when/run_30_seed_2006819571/exp_wastesorting_20260921_032133_311011.txt,1,1,1.0,0.0,-14.2577,15.0
wastesorting,02,2156641990,ours,cp_when,experiments_logs/analysis_recent/when_what_mechanisms_20260921/00_raw/wastesorting/scene_02/ours/run_01_seed_2156641990/exp_wastesorting_20260921_014326_506358.txt,experiments_logs/analysis_recent/when_what_mechanisms_20260921/00_raw/wastesorting/scene_02/cp_when/run_01_seed_2156641990/exp_wastesorting_20260921_031335_421989.txt,1,0,8.0,7.0,-4.5858,30.0
wastesorting,02,2175442287,ours,cp_when,experiments_logs/analysis_recent/when_what_mechanisms_20260921/00_raw/wastesorting/scene_02/ours/run_20_seed_2175442287/exp_wastesorting_20260921_014353_488618.txt,experiments_logs/analysis_recent/when_what_mechanisms_20260921/00_raw/wastesorting/scene_02/cp_when/run_20_seed_2175442287/exp_wastesorting_20260921_031855_095499.txt,1,0,-1.0,-3.0,-18.6837,0.0
wastesorting,02,2226175700,ours,cp_when,experiments_logs/analysis_recent/when_what_mechanisms_20260921/00_raw/wastesorting/scene_02/ours/run_39_seed_2226175700/exp_wastesorting_20260921_014420_411717.txt,experiments_logs/analysis_recent/when_what_mechanisms_20260921/00_raw/wastesorting/scene_02/cp_when/run_39_seed_2226175700/exp_wastesorting_20260921_032357_576846.txt,1,1,-1.0,0.0,-14.4687,-15.0
wastesorting,02,2314118130,ours,cp_when,experiments_logs/analysis_recent/when_what_mechanisms_20260921/00_raw/wastesorting/scene_02/ours/run_09_seed_2314118130/exp_wastesorting_20260921_014337_789816.txt,experiments_logs/analysis_recent/when_what_mechanisms_20260921/00_raw/wastesorting/scene_02/cp_when/run_09_seed_2314118130/exp_wastesorting_20260921_031552_193792.txt,1,1,-1.0,0.0,-14.487599999999999,-20.0
wastesorting,02,2497538083,ours,cp_when,experiments_logs/analysis_recent/when_what_mechanisms_20260921/00_raw/wastesorting/scene_02/ours/run_22_seed_2497538083/exp_wastesorting_20260921_014356_351029.txt,experiments_logs/analysis_recent/when_what_mechanisms_20260921/00_raw/wastesorting/scene_02/cp_when/run_22_seed_2497538083/exp_wastesorting_20260921_031931_354923.txt,1,1,1.0,0.0,-17.052500000000002,0.0
wastesorting,02,2628956077,ours,cp_when,experiments_logs/analysis_recent/when_what_mechanisms_20260921/00_raw/wastesorting/scene_02/ours/run_07_seed_2628956077/exp_wastesorting_20260921_014334_954988.txt,experiments_logs/analysis_recent/when_what_mechanisms_20260921/00_raw/wastesorting/scene_02/cp_when/run_07_seed_2628956077/exp_wastesorting_20260921_031518_550802.txt,1,1,3.0,0.0,-16.4083,-15.0
wastesorting,02,2679542969,ours,cp_when,experiments_logs/analysis_recent/when_what_mechanisms_20260921/00_raw/wastesorting/scene_02/ours/run_37_seed_2679542969/exp_wastesorting_20260921_014417_669795.txt,experiments_logs/analysis_recent/when_what_mechanisms_20260921/00_raw/wastesorting/scene_02/cp_when/run_37_seed_2679542969/exp_wastesorting_20260921_032329_697329.txt,1,1,-4.0,-1.0,-16.7192,15.0
wastesorting,02,2681088983,ours,cp_when,experiments_logs/analysis_recent/when_what_mechanisms_20260921/00_raw/wastesorting/scene_02/ours/run_33_seed_2681088983/exp_wastesorting_20260921_014411_988672.txt,experiments_logs/analysis_recent/when_what_mechanisms_20260921/00_raw/wastesorting/scene_02/cp_when/run_33_seed_2681088983/exp_wastesorting_20260921_032223_328179.txt,1,1,4.0,2.0,-15.7613,0.0
wastesorting,02,2903446598,ours,cp_when,experiments_logs/analysis_recent/when_what_mechanisms_20260921/00_raw/wastesorting/scene_02/ours/run_34_seed_2903446598/exp_wastesorting_20260921_014413_479356.txt,experiments_logs/analysis_recent/when_what_mechanisms_20260921/00_raw/wastesorting/scene_02/cp_when/run_34_seed_2903446598/exp_wastesorting_20260921_032239_397262.txt,1,1,5.0,1.0,-14.5121,0.0
wastesorting,02,3041513348,ours,cp_when,experiments_logs/analysis_recent/when_what_mechanisms_20260921/00_raw/wastesorting/scene_02/ours/run_28_seed_3041513348/exp_wastesorting_20260921_014404_821644.txt,experiments_logs/analysis_recent/when_what_mechanisms_20260921/00_raw/wastesorting/scene_02/cp_when/run_28_seed_3041513348/exp_wastesorting_20260921_032111_774571.txt,1,1,1.0,0.0,-16.365199999999998,-5.0
wastesorting,02,3100998094,ours,cp_when,experiments_logs/analysis_recent/when_what_mechanisms_20260921/00_raw/wastesorting/scene_02/ours/run_29_seed_3100998094/exp_wastesorting_20260921_014406_217033.txt,experiments_logs/analysis_recent/when_what_mechanisms_20260921/00_raw/wastesorting/scene_02/cp_when/run_29_seed_3100998094/exp_wastesorting_20260921_032117_613885.txt,1,0,7.0,7.0,-4.378299999999999,30.0
wastesorting,02,3132007216,ours,cp_when,experiments_logs/analysis_recent/when_what_mechanisms_20260921/00_raw/wastesorting/scene_02/ours/run_14_seed_3132007216/exp_wastesorting_20260921_014345_232461.txt,experiments_logs/analysis_recent/when_what_mechanisms_20260921/00_raw/wastesorting/scene_02/cp_when/run_14_seed_3132007216/exp_wastesorting_20260921_031719_672675.txt,1,1,-3.0,-2.0,-17.2835,0.0
wastesorting,02,3361930932,ours,cp_when,experiments_logs/analysis_recent/when_what_mechanisms_20260921/00_raw/wastesorting/scene_02/ours/run_36_seed_3361930932/exp_wastesorting_20260921_014416_285199.txt,experiments_logs/analysis_recent/when_what_mechanisms_20260921/00_raw/wastesorting/scene_02/cp_when/run_36_seed_3361930932/exp_wastesorting_20260921_032311_519605.txt,1,1,-2.0,0.0,-13.9864,15.0
wastesorting,02,3666558197,ours,cp_when,experiments_logs/analysis_recent/when_what_mechanisms_20260921/00_raw/wastesorting/scene_02/ours/run_25_seed_3666558197/exp_wastesorting_20260921_014400_591386.txt,experiments_logs/analysis_recent/when_what_mechanisms_20260921/00_raw/wastesorting/scene_02/cp_when/run_25_seed_3666558197/exp_wastesorting_20260921_032019_264783.txt,1,1,-2.0,0.0,-14.135900000000001,-15.0
wastesorting,02,3749131969,ours,cp_when,experiments_logs/analysis_recent/when_what_mechanisms_20260921/00_raw/wastesorting/scene_02/ours/run_40_seed_3749131969/exp_wastesorting_20260921_014421_830493.txt,experiments_logs/analysis_recent/when_what_mechanisms_20260921/00_raw/wastesorting/scene_02/cp_when/run_40_seed_3749131969/exp_wastesorting_20260921_032413_028478.txt,1,1,2.0,1.0,-13.988100000000001,0.0
wastesorting,02,3750062435,ours,cp_when,experiments_logs/analysis_recent/when_what_mechanisms_20260921/00_raw/wastesorting/scene_02/ours/run_24_seed_3750062435/exp_wastesorting_20260921_014359_191092.txt,experiments_logs/analysis_recent/when_what_mechanisms_20260921/00_raw/wastesorting/scene_02/cp_when/run_24_seed_3750062435/exp_wastesorting_20260921_032003_678003.txt,1,1,2.0,0.0,-14.3744,0.0
wastesorting,02,3794247199,ours,cp_when,experiments_logs/analysis_recent/when_what_mechanisms_20260921/00_raw/wastesorting/scene_02/ours/run_06_seed_3794247199/exp_wastesorting_20260921_014333_557759.txt,experiments_logs/analysis_recent/when_what_mechanisms_20260921/00_raw/wastesorting/scene_02/cp_when/run_06_seed_3794247199/exp_wastesorting_20260921_031500_700556.txt,1,1,2.0,0.0,-15.3978,-15.0
wastesorting,02,3820178410,ours,cp_when,experiments_logs/analysis_recent/when_what_mechanisms_20260921/00_raw/wastesorting/scene_02/ours/run_11_seed_3820178410/exp_wastesorting_20260921_014341_037057.txt,experiments_logs/analysis_recent/when_what_mechanisms_20260921/00_raw/wastesorting/scene_02/cp_when/run_11_seed_3820178410/exp_wastesorting_20260921_031626_878431.txt,1,1,2.0,2.0,-14.3497,0.0
wastesorting,02,4052769592,ours,cp_when,experiments_logs/analysis_recent/when_what_mechanisms_20260921/00_raw/wastesorting/scene_02/ours/run_16_seed_4052769592/exp_wastesorting_20260921_014347_943626.txt,experiments_logs/analysis_recent/when_what_mechanisms_20260921/00_raw/wastesorting/scene_02/cp_when/run_16_seed_4052769592/exp_wastesorting_20260921_031754_147772.txt,1,0,-1.0,0.0,-16.1097,15.0
wastesorting,02,4053942929,ours,cp_when,experiments_logs/analysis_recent/when_what_mechanisms_20260921/00_raw/wastesorting/scene_02/ours/run_26_seed_4053942929/exp_wastesorting_20260921_014402_005406.txt,experiments_logs/analysis_recent/when_what_mechanisms_20260921/00_raw/wastesorting/scene_02/cp_when/run_26_seed_4053942929/exp_wastesorting_20260921_032035_025329.txt,1,1,0.0,0.0,-14.2673,-15.0
wastesorting,02,4138266715,ours,cp_when,experiments_logs/analysis_recent/when_what_mechanisms_20260921/00_raw/wastesorting/scene_02/ours/run_35_seed_4138266715/exp_wastesorting_20260921_014414_859806.txt,experiments_logs/analysis_recent/when_what_mechanisms_20260921/00_raw/wastesorting/scene_02/cp_when/run_35_seed_4138266715/exp_wastesorting_20260921_032256_030289.txt,1,1,-1.0,0.0,-15.172299999999998,15.0
wastesorting,02,431660203,ours,cp_when,experiments_logs/analysis_recent/when_what_mechanisms_20260921/00_raw/wastesorting/scene_02/ours/run_15_seed_431660203/exp_wastesorting_20260921_014346_558276.txt,experiments_logs/analysis_recent/when_what_mechanisms_20260921/00_raw/wastesorting/scene_02/cp_when/run_15_seed_431660203/exp_wastesorting_20260921_031736_591933.txt,1,1,5.0,0.0,-15.524700000000001,0.0
wastesorting,02,604661570,ours,cp_when,experiments_logs/analysis_recent/when_what_mechanisms_20260921/00_raw/wastesorting/scene_02/ours/run_31_seed_604661570/exp_wastesorting_20260921_014409_089368.txt,experiments_logs/analysis_recent/when_what_mechanisms_20260921/00_raw/wastesorting/scene_02/cp_when/run_31_seed_604661570/exp_wastesorting_20260921_032150_374597.txt,1,1,-1.0,1.0,-15.5192,0.0
wastesorting,02,715488211,ours,cp_when,experiments_logs/analysis_recent/when_what_mechanisms_20260921/00_raw/wastesorting/scene_02/ours/run_02_seed_715488211/exp_wastesorting_20260921_014327_924195.txt,experiments_logs/analysis_recent/when_what_mechanisms_20260921/00_raw/wastesorting/scene_02/cp_when/run_02_seed_715488211/exp_wastesorting_20260921_031351_125426.txt,1,1,-4.0,0.0,-14.2248,-15.0
wastesorting,02,800159661,ours,cp_when,experiments_logs/analysis_recent/when_what_mechanisms_20260921/00_raw/wastesorting/scene_02/ours/run_13_seed_800159661/exp_wastesorting_20260921_014343_840943.txt,experiments_logs/analysis_recent/when_what_mechanisms_20260921/00_raw/wastesorting/scene_02/cp_when/run_13_seed_800159661/exp_wastesorting_20260921_031700_935297.txt,1,1,-3.0,-1.0,-15.4424,-15.0
wastesorting,02,92232459,ours,cp_when,experiments_logs/analysis_recent/when_what_mechanisms_20260921/00_raw/wastesorting/scene_02/ours/run_23_seed_92232459/exp_wastesorting_20260921_014357_791923.txt,experiments_logs/analysis_recent/when_what_mechanisms_20260921/00_raw/wastesorting/scene_02/cp_when/run_23_seed_92232459/exp_wastesorting_20260921_031947_858993.txt,1,1,-2.0,0.0,-14.988900000000001,0.0
wastesorting,03,1010706734,ours,cp_when,experiments_logs/analysis_recent/when_what_mechanisms_20260921/00_raw/wastesorting/scene_03/ours/run_15_seed_1010706734/exp_wastesorting_20260921_014443_123684.txt,experiments_logs/analysis_recent/when_what_mechanisms_20260921/00_raw/wastesorting/scene_03/cp_when/run_15_seed_1010706734/exp_wastesorting_20260921_032826_180221.txt,1,1,-3.0,-2.0,-17.363699999999998,15.0
wastesorting,03,1065524053,ours,cp_when,experiments_logs/analysis_recent/when_what_mechanisms_20260921/00_raw/wastesorting/scene_03/ours/run_37_seed_1065524053/exp_wastesorting_20260921_014514_569278.txt,experiments_logs/analysis_recent/when_what_mechanisms_20260921/00_raw/wastesorting/scene_03/cp_when/run_37_seed_1065524053/exp_wastesorting_20260921_033428_476333.txt,1,1,5.0,0.0,-17.0743,0.0
wastesorting,03,1123572063,ours,cp_when,experiments_logs/analysis_recent/when_what_mechanisms_20260921/00_raw/wastesorting/scene_03/ours/run_29_seed_1123572063/exp_wastesorting_20260921_014502_835607.txt,experiments_logs/analysis_recent/when_what_mechanisms_20260921/00_raw/wastesorting/scene_03/cp_when/run_29_seed_1123572063/exp_wastesorting_20260921_033208_141013.txt,1,0,2.0,0.0,-14.3605,15.0
wastesorting,03,1198822842,ours,cp_when,experiments_logs/analysis_recent/when_what_mechanisms_20260921/00_raw/wastesorting/scene_03/ours/run_39_seed_1198822842/exp_wastesorting_20260921_014517_496462.txt,experiments_logs/analysis_recent/when_what_mechanisms_20260921/00_raw/wastesorting/scene_03/cp_when/run_39_seed_1198822842/exp_wastesorting_20260921_033502_703591.txt,1,1,-3.0,0.0,-15.5482,0.0
wastesorting,03,1263200062,ours,cp_when,experiments_logs/analysis_recent/when_what_mechanisms_20260921/00_raw/wastesorting/scene_03/ours/run_08_seed_1263200062/exp_wastesorting_20260921_014433_248754.txt,experiments_logs/analysis_recent/when_what_mechanisms_20260921/00_raw/wastesorting/scene_03/cp_when/run_08_seed_1263200062/exp_wastesorting_20260921_032630_175608.txt,1,1,-1.0,1.0,-15.012599999999999,0.0
wastesorting,03,1312241461,ours,cp_when,experiments_logs/analysis_recent/when_what_mechanisms_20260921/00_raw/wastesorting/scene_03/ours/run_20_seed_1312241461/exp_wastesorting_20260921_014450_301679.txt,experiments_logs/analysis_recent/when_what_mechanisms_20260921/00_raw/wastesorting/scene_03/cp_when/run_20_seed_1312241461/exp_wastesorting_20260921_032943_253512.txt,1,1,-2.0,0.0,-17.2055,0.0
wastesorting,03,1429072852,ours,cp_when,experiments_logs/analysis_recent/when_what_mechanisms_20260921/00_raw/wastesorting/scene_03/ours/run_38_seed_1429072852/exp_wastesorting_20260921_014515_974322.txt,experiments_logs/analysis_recent/when_what_mechanisms_20260921/00_raw/wastesorting/scene_03/cp_when/run_38_seed_1429072852/exp_wastesorting_20260921_033445_572001.txt,1,1,-1.0,-1.0,-15.6125,15.0
wastesorting,03,151419445,ours,cp_when,experiments_logs/analysis_recent/when_what_mechanisms_20260921/00_raw/wastesorting/scene_03/ours/run_05_seed_151419445/exp_wastesorting_20260921_014428_924836.txt,experiments_logs/analysis_recent/when_what_mechanisms_20260921/00_raw/wastesorting/scene_03/cp_when/run_05_seed_151419445/exp_wastesorting_20260921_032537_824364.txt,1,1,-1.0,1.0,-15.151900000000001,-15.0
wastesorting,03,1682900593,ours,cp_when,experiments_logs/analysis_recent/when_what_mechanisms_20260921/00_raw/wastesorting/scene_03/ours/run_23_seed_1682900593/exp_wastesorting_20260921_014454_419689.txt,experiments_logs/analysis_recent/when_what_mechanisms_20260921/00_raw/wastesorting/scene_03/cp_when/run_23_seed_1682900593/exp_wastesorting_20260921_033037_274568.txt,1,1,-2.0,-1.0,-16.544900000000002,0.0
wastesorting,03,1757091912,ours,cp_when,experiments_logs/analysis_recent/when_what_mechanisms_20260921/00_raw/wastesorting/scene_03/ours/run_11_seed_1757091912/exp_wastesorting_20260921_014437_439739.txt,experiments_logs/analysis_recent/when_what_mechanisms_20260921/00_raw/wastesorting/scene_03/cp_when/run_11_seed_1757091912/exp_wastesorting_20260921_032728_967092.txt,1,0,-3.0,-2.0,-17.6037,15.0
wastesorting,03,1790509877,ours,cp_when,experiments_logs/analysis_recent/when_what_mechanisms_20260921/00_raw/wastesorting/scene_03/ours/run_16_seed_1790509877/exp_wastesorting_20260921_014444_500617.txt,experiments_logs/analysis_recent/when_what_mechanisms_20260921/00_raw/wastesorting/scene_03/cp_when/run_16_seed_1790509877/exp_wastesorting_20260921_032844_617945.txt,1,0,-3.0,-1.0,-16.996699999999997,15.0
wastesorting,03,1849750684,ours,cp_when,experiments_logs/analysis_recent/when_what_mechanisms_20260921/00_raw/wastesorting/scene_03/ours/run_21_seed_1849750684/exp_wastesorting_20260921_014451_635543.txt,experiments_logs/analysis_recent/when_what_mechanisms_20260921/00_raw/wastesorting/scene_03/cp_when/run_21_seed_1849750684/exp_wastesorting_20260921_033000_604268.txt,1,1,-2.0,-1.0,-15.943999999999999,-15.0
wastesorting,03,1862543915,ours,cp_when,experiments_logs/analysis_recent/when_what_mechanisms_20260921/00_raw/wastesorting/scene_03/ours/run_17_seed_1862543915/exp_wastesorting_20260921_014445_918687.txt,experiments_logs/analysis_recent/when_what_mechanisms_20260921/00_raw/wastesorting/scene_03/cp_when/run_17_seed_1862543915/exp_wastesorting_20260921_032850_521018.txt,1,0,8.0,7.0,-4.439299999999999,30.0
wastesorting,03,1932548607,ours,cp_when,experiments_logs/analysis_recent/when_what_mechanisms_20260921/00_raw/wastesorting/scene_03/ours/run_28_seed_1932548607/exp_wastesorting_20260921_014501_383333.txt,experiments_logs/analysis_recent/when_what_mechanisms_20260921/00_raw/wastesorting/scene_03/cp_when/run_28_seed_1932548607/exp_wastesorting_20260921_033152_274394.txt,1,1,0.0,-1.0,-16.5618,-15.0
wastesorting,03,1971182115,ours,cp_when,experiments_logs/analysis_recent/when_what_mechanisms_20260921/00_raw/wastesorting/scene_03/ours/run_02_seed_1971182115/exp_wastesorting_20260921_014424_627147.txt,experiments_logs/analysis_recent/when_what_mechanisms_20260921/00_raw/wastesorting/scene_03/cp_when/run_02_seed_1971182115/exp_wastesorting_20260921_032447_435668.txt,1,1,3.0,0.0,-15.9766,0.0
wastesorting,03,2090573975,ours,cp_when,experiments_logs/analysis_recent/when_what_mechanisms_20260921/00_raw/wastesorting/scene_03/ours/run_27_seed_2090573975/exp_wastesorting_20260921_014500_001010.txt,experiments_logs/analysis_recent/when_what_mechanisms_20260921/00_raw/wastesorting/scene_03/cp_when/run_27_seed_2090573975/exp_wastesorting_20260921_033134_245489.txt,1,1,-3.0,0.0,-14.7655,0.0
wastesorting,03,2160290877,ours,cp_when,experiments_logs/analysis_recent/when_what_mechanisms_20260921/00_raw/wastesorting/scene_03/ours/run_07_seed_2160290877/exp_wastesorting_20260921_014431_798161.txt,experiments_logs/analysis_recent/when_what_mechanisms_20260921/00_raw/wastesorting/scene_03/cp_when/run_07_seed_2160290877/exp_wastesorting_20260921_032613_654912.txt,1,1,3.0,-1.0,-16.9178,-15.0
wastesorting,03,2192330955,ours,cp_when,experiments_logs/analysis_recent/when_what_mechanisms_20260921/00_raw/wastesorting/scene_03/ours/run_26_seed_2192330955/exp_wastesorting_20260921_014458_613022.txt,experiments_logs/analysis_recent/when_what_mechanisms_20260921/00_raw/wastesorting/scene_03/cp_when/run_26_seed_2192330955/exp_wastesorting_20260921_033118_025172.txt,1,1,-3.0,0.0,-16.6699,0.0
wastesorting,03,2200107462,ours,cp_when,experiments_logs/analysis_recent/when_what_mechanisms_20260921/00_raw/wastesorting/scene_03/ours/run_36_seed_2200107462/exp_wastesorting_20260921_014512_913436.txt,experiments_logs/analysis_recent/when_what_mechanisms_20260921/00_raw/wastesorting/scene_03/cp_when/run_36_seed_2200107462/exp_wastesorting_20260921_033409_681177.txt,1,1,-1.0,0.0,-14.8604,-15.0
wastesorting,03,2394637227,ours,cp_when,experiments_logs/analysis_recent/when_what_mechanisms_20260921/00_raw/wastesorting/scene_03/ours/run_03_seed_2394637227/exp_wastesorting_20260921_014426_133548.txt,experiments_logs/analysis_recent/when_what_mechanisms_20260921/00_raw/wastesorting/scene_03/cp_when/run_03_seed_2394637227/exp_wastesorting_20260921_032504_919017.txt,1,1,-1.0,1.0,-15.9252,15.0
wastesorting,03,2442584840,ours,cp_when,experiments_logs/analysis_recent/when_what_mechanisms_20260921/00_raw/wastesorting/scene_03/ours/run_09_seed_2442584840/exp_wastesorting_20260921_014434_640354.txt,experiments_logs/analysis_recent/when_what_mechanisms_20260921/00_raw/wastesorting/scene_03/cp_when/run_09_seed_2442584840/exp_wastesorting_20260921_032648_727035.txt,1,1,-1.0,-1.0,-17.1004,0.0
wastesorting,03,2815362486,ours,cp_when,experiments_logs/analysis_recent/when_what_mechanisms_20260921/00_raw/wastesorting/scene_03/ours/run_24_seed_2815362486/exp_wastesorting_20260921_014455_775930.txt,experiments_logs/analysis_recent/when_what_mechanisms_20260921/00_raw/wastesorting/scene_03/cp_when/run_24_seed_2815362486/exp_wastesorting_20260921_033043_529895.txt,1,0,11.0,7.0,-4.8252,15.0
wastesorting,03,2836132436,ours,cp_when,experiments_logs/analysis_recent/when_what_mechanisms_20260921/00_raw/wastesorting/scene_03/ours/run_18_seed_2836132436/exp_wastesorting_20260921_014447_380436.txt,experiments_logs/analysis_recent/when_what_mechanisms_20260921/00_raw/wastesorting/scene_03/cp_when/run_18_seed_2836132436/exp_wastesorting_20260921_032906_620215.txt,1,1,-2.0,1.0,-14.5738,15.0
wastesorting,03,3532582087,ours,cp_when,experiments_logs/analysis_recent/when_what_mechanisms_20260921/00_raw/wastesorting/scene_03/ours/run_22_seed_3532582087/exp_wastesorting_20260921_014453_041178.txt,experiments_logs/analysis_recent/when_what_mechanisms_20260921/00_raw/wastesorting/scene_03/cp_when/run_22_seed_3532582087/exp_wastesorting_20260921_033019_279752.txt,1,1,4.0,-1.0,-17.2262,20.0
wastesorting,03,3544407771,ours,cp_when,experiments_logs/analysis_recent/when_what_mechanisms_20260921/00_raw/wastesorting/scene_03/ours/run_04_seed_3544407771/exp_wastesorting_20260921_014427_520096.txt,experiments_logs/analysis_recent/when_what_mechanisms_20260921/00_raw/wastesorting/scene_03/cp_when/run_04_seed_3544407771/exp_wastesorting_20260921_032521_212780.txt,1,1,0.0,1.0,-14.8437,-20.0
wastesorting,03,3643526193,ours,cp_when,experiments_logs/analysis_recent/when_what_mechanisms_20260921/00_raw/wastesorting/scene_03/ours/run_32_seed_3643526193/exp_wastesorting_20260921_014507_114684.txt,experiments_logs/analysis_recent/when_what_mechanisms_20260921/00_raw/wastesorting/scene_03/cp_when/run_32_seed_3643526193/exp_wastesorting_20260921_033301_766294.txt,1,1,-2.0,-1.0,-17.4854,-15.0
wastesorting,03,3734705447,ours,cp_when,experiments_logs/analysis_recent/when_what_mechanisms_20260921/00_raw/wastesorting/scene_03/ours/run_13_seed_3734705447/exp_wastesorting_20260921_014440_298737.txt,experiments_logs/analysis_recent/when_what_mechanisms_20260921/00_raw/wastesorting/scene_03/cp_when/run_13_seed_3734705447/exp_wastesorting_20260921_032750_737142.txt,1,0,2.0,2.0,-11.514000000000001,20.0
wastesorting,03,3772505736,ours,cp_when,experiments_logs/analysis_recent/when_what_mechanisms_20260921/00_raw/wastesorting/scene_03/ours/run_35_seed_3772505736/exp_wastesorting_20260921_014511_462926.txt,experiments_logs/analysis_recent/when_what_mechanisms_20260921/00_raw/wastesorting/scene_03/cp_when/run_35_seed_3772505736/exp_wastesorting_20260921_033353_322052.txt,1,1,-4.0,-1.0,-17.8137,0.0
wastesorting,03,3925417317,ours,cp_when,experiments_logs/analysis_recent/when_what_mechanisms_20260921/00_raw/wastesorting/scene_03/ours/run_33_seed_3925417317/exp_wastesorting_20260921_014508_543263.txt,experiments_logs/analysis_recent/when_what_mechanisms_20260921/00_raw/wastesorting/scene_03/cp_when/run_33_seed_3925417317/exp_wastesorting_20260921_033314_958330.txt,1,0,7.0,3.0,-11.7103,5.0
wastesorting,03,3952233946,ours,cp_when,experiments_logs/analysis_recent/when_what_mechanisms_20260921/00_raw/wastesorting/scene_03/ours/run_34_seed_3952233946/exp_wastesorting_20260921_014510_061026.txt,experiments_logs/analysis_recent/when_what_mechanisms_20260921/00_raw/wastesorting/scene_03/cp_when/run_34_seed_3952233946/exp_wastesorting_20260921_033334_044628.txt,1,0,10.0,3.0,-17.5318,5.0
wastesorting,03,408728855,ours,cp_when,experiments_logs/analysis_recent/when_what_mechanisms_20260921/00_raw/wastesorting/scene_03/ours/run_25_seed_408728855/exp_wastesorting_20260921_014457_185359.txt,experiments_logs/analysis_recent/when_what_mechanisms_20260921/00_raw/wastesorting/scene_03/cp_when/run_25_seed_408728855/exp_wastesorting_20260921_033059_847549.txt,1,1,-3.0,0.0,-14.842500000000001,0.0
wastesorting,03,4128056421,ours,cp_when,experiments_logs/analysis_recent/when_what_mechanisms_20260921/00_raw/wastesorting/scene_03/ours/run_30_seed_4128056421/exp_wastesorting_20260921_014504_272458.txt,experiments_logs/analysis_recent/when_what_mechanisms_20260921/00_raw/wastesorting/scene_03/cp_when/run_30_seed_4128056421/exp_wastesorting_20260921_033225_042696.txt,1,1,0.0,0.0,-15.399399999999998,0.0
wastesorting,03,4248209127,ours,cp_when,experiments_logs/analysis_recent/when_what_mechanisms_20260921/00_raw/wastesorting/scene_03/ours/run_19_seed_4248209127/exp_wastesorting_20260921_014448_815811.txt,experiments_logs/analysis_recent/when_what_mechanisms_20260921/00_raw/wastesorting/scene_03/cp_when/run_19_seed_4248209127/exp_wastesorting_20260921_032924_507647.txt,1,1,-1.0,1.0,-16.3887,0.0
wastesorting,03,428908864,ours,cp_when,experiments_logs/analysis_recent/when_what_mechanisms_20260921/00_raw/wastesorting/scene_03/ours/run_31_seed_428908864/exp_wastesorting_20260921_014505_681454.txt,experiments_logs/analysis_recent/when_what_mechanisms_20260921/00_raw/wastesorting/scene_03/cp_when/run_31_seed_428908864/exp_wastesorting_20260921_033242_787473.txt,1,1,-4.0,-1.0,-16.2828,20.0
wastesorting,03,703706258,ours,cp_when,experiments_logs/analysis_recent/when_what_mechanisms_20260921/00_raw/wastesorting/scene_03/ours/run_12_seed_703706258/exp_wastesorting_20260921_014438_868395.txt,experiments_logs/analysis_recent/when_what_mechanisms_20260921/00_raw/wastesorting/scene_03/cp_when/run_12_seed_703706258/exp_wastesorting_20260921_032737_740142.txt,1,0,9.0,7.0,-7.279299999999999,10.0
wastesorting,03,808931924,ours,cp_when,experiments_logs/analysis_recent/when_what_mechanisms_20260921/00_raw/wastesorting/scene_03/ours/run_14_seed_808931924/exp_wastesorting_20260921_014441_701397.txt,experiments_logs/analysis_recent/when_what_mechanisms_20260921/00_raw/wastesorting/scene_03/cp_when/run_14_seed_808931924/exp_wastesorting_20260921_032807_322519.txt,1,1,2.0,1.0,-15.1315,15.0
wastesorting,03,864565644,ours,cp_when,experiments_logs/analysis_recent/when_what_mechanisms_20260921/00_raw/wastesorting/scene_03/ours/run_40_seed_864565644/exp_wastesorting_20260921_014518_924613.txt,experiments_logs/analysis_recent/when_what_mechanisms_20260921/00_raw/wastesorting/scene_03/cp_when/run_40_seed_864565644/exp_wastesorting_20260921_033519_811525.txt,1,1,-1.0,0.0,-15.6137,15.0
wastesorting,03,878097152,ours,cp_when,experiments_logs/analysis_recent/when_what_mechanisms_20260921/00_raw/wastesorting/scene_03/ours/run_06_seed_878097152/exp_wastesorting_20260921_014430_395374.txt,experiments_logs/analysis_recent/when_what_mechanisms_20260921/00_raw/wastesorting/scene_03/cp_when/run_06_seed_878097152/exp_wastesorting_20260921_032555_274868.txt,1,1,0.0,0.0,-15.929999999999998,0.0
wastesorting,03,935228514,ours,cp_when,experiments_logs/analysis_recent/when_what_mechanisms_20260921/00_raw/wastesorting/scene_03/ours/run_01_seed_935228514/exp_wastesorting_20260921_014423_259381.txt,experiments_logs/analysis_recent/when_what_mechanisms_20260921/00_raw/wastesorting/scene_03/cp_when/run_01_seed_935228514/exp_wastesorting_20260921_032430_028172.txt,1,1,-1.0,0.0,-15.5063,0.0
wastesorting,03,995062266,ours,cp_when,experiments_logs/analysis_recent/when_what_mechanisms_20260921/00_raw/wastesorting/scene_03/ours/run_10_seed_995062266/exp_wastesorting_20260921_014436_073481.txt,experiments_logs/analysis_recent/when_what_mechanisms_20260921/00_raw/wastesorting/scene_03/cp_when/run_10_seed_995062266/exp_wastesorting_20260921_032709_943707.txt,1,1,-1.0,-3.0,-19.7311,-15.0
wastesorting,04,1105776053,ours,cp_when,experiments_logs/analysis_recent/when_what_mechanisms_20260921/00_raw/wastesorting/scene_04/ours/run_13_seed_1105776053/exp_wastesorting_20260921_014537_793079.txt,experiments_logs/analysis_recent/when_what_mechanisms_20260921/00_raw/wastesorting/scene_04/cp_when/run_13_seed_1105776053/exp_wastesorting_20260921_033845_988387.txt,1,0,5.0,3.0,-11.0911,10.0
wastesorting,04,1117810574,ours,cp_when,experiments_logs/analysis_recent/when_what_mechanisms_20260921/00_raw/wastesorting/scene_04/ours/run_39_seed_1117810574/exp_wastesorting_20260921_014615_860840.txt,experiments_logs/analysis_recent/when_what_mechanisms_20260921/00_raw/wastesorting/scene_04/cp_when/run_39_seed_1117810574/exp_wastesorting_20260921_034538_310357.txt,1,0,11.0,10.0,-4.106,30.0
wastesorting,04,1147895942,ours,cp_when,experiments_logs/analysis_recent/when_what_mechanisms_20260921/00_raw/wastesorting/scene_04/ours/run_09_seed_1147895942/exp_wastesorting_20260921_014531_923492.txt,experiments_logs/analysis_recent/when_what_mechanisms_20260921/00_raw/wastesorting/scene_04/cp_when/run_09_seed_1147895942/exp_wastesorting_20260921_033751_436821.txt,1,1,1.0,0.0,-14.5307,0.0
wastesorting,04,132699259,ours,cp_when,experiments_logs/analysis_recent/when_what_mechanisms_20260921/00_raw/wastesorting/scene_04/ours/run_38_seed_132699259/exp_wastesorting_20260921_014614_249668.txt,experiments_logs/analysis_recent/when_what_mechanisms_20260921/00_raw/wastesorting/scene_04/cp_when/run_38_seed_132699259/exp_wastesorting_20260921_034532_533123.txt,1,1,4.0,0.0,-15.5811,-15.0
wastesorting,04,13571565,ours,cp_when,experiments_logs/analysis_recent/when_what_mechanisms_20260921/00_raw/wastesorting/scene_04/ours/run_25_seed_13571565/exp_wastesorting_20260921_014555_242546.txt,experiments_logs/analysis_recent/when_what_mechanisms_20260921/00_raw/wastesorting/scene_04/cp_when/run_25_seed_13571565/exp_wastesorting_20260921_034157_046093.txt,1,1,6.0,1.0,-14.5358,-20.0
wastesorting,04,1445352403,ours,cp_when,experiments_logs/analysis_recent/when_what_mechanisms_20260921/00_raw/wastesorting/scene_04/ours/run_18_seed_1445352403/exp_wastesorting_20260921_014545_080541.txt,experiments_logs/analysis_recent/when_what_mechanisms_20260921/00_raw/wastesorting/scene_04/cp_when/run_18_seed_1445352403/exp_wastesorting_20260921_034004_657583.txt,1,0,11.0,6.0,-10.2789,25.0
wastesorting,04,1493522614,ours,cp_when,experiments_logs/analysis_recent/when_what_mechanisms_20260921/00_raw/wastesorting/scene_04/ours/run_24_seed_1493522614/exp_wastesorting_20260921_014553_795298.txt,experiments_logs/analysis_recent/when_what_mechanisms_20260921/00_raw/wastesorting/scene_04/cp_when/run_24_seed_1493522614/exp_wastesorting_20260921_034141_003488.txt,1,1,1.0,0.0,-14.746500000000001,-15.0
wastesorting,04,1518896079,ours,cp_when,experiments_logs/analysis_recent/when_what_mechanisms_20260921/00_raw/wastesorting/scene_04/ours/run_28_seed_1518896079/exp_wastesorting_20260921_014559_629519.txt,experiments_logs/analysis_recent/when_what_mechanisms_20260921/00_raw/wastesorting/scene_04/cp_when/run_28_seed_1518896079/exp_wastesorting_20260921_034247_748765.txt,1,1,5.0,0.0,-15.7896,0.0
wastesorting,04,1619001990,ours,cp_when,experiments_logs/analysis_recent/when_what_mechanisms_20260921/00_raw/wastesorting/scene_04/ours/run_21_seed_1619001990/exp_wastesorting_20260921_014549_397572.txt,experiments_logs/analysis_recent/when_what_mechanisms_20260921/00_raw/wastesorting/scene_04/cp_when/run_21_seed_1619001990/exp_wastesorting_20260921_034050_093146.txt,1,1,2.0,1.0,-14.4377,0.0
wastesorting,04,1783261924,ours,cp_when,experiments_logs/analysis_recent/when_what_mechanisms_20260921/00_raw/wastesorting/scene_04/ours/run_31_seed_1783261924/exp_wastesorting_20260921_014603_989780.txt,experiments_logs/analysis_recent/when_what_mechanisms_20260921/00_raw/wastesorting/scene_04/cp_when/run_31_seed_1783261924/exp_wastesorting_20260921_034337_559298.txt,1,1,-2.0,0.0,-14.053,0.0
wastesorting,04,1838985415,ours,cp_when,experiments_logs/analysis_recent/when_what_mechanisms_20260921/00_raw/wastesorting/scene_04/ours/run_02_seed_1838985415/exp_wastesorting_20260921_014521_828805.txt,experiments_logs/analysis_recent/when_what_mechanisms_20260921/00_raw/wastesorting/scene_04/cp_when/run_02_seed_1838985415/exp_wastesorting_20260921_033555_770550.txt,1,1,7.0,1.0,-14.6214,15.0
wastesorting,04,1852316728,ours,cp_when,experiments_logs/analysis_recent/when_what_mechanisms_20260921/00_raw/wastesorting/scene_04/ours/run_37_seed_1852316728/exp_wastesorting_20260921_014612_635975.txt,experiments_logs/analysis_recent/when_what_mechanisms_20260921/00_raw/wastesorting/scene_04/cp_when/run_37_seed_1852316728/exp_wastesorting_20260921_034515_266482.txt,1,1,-3.0,0.0,-16.4602,15.0
wastesorting,04,1973069430,ours,cp_when,experiments_logs/analysis_recent/when_what_mechanisms_20260921/00_raw/wastesorting/scene_04/ours/run_03_seed_1973069430/exp_wastesorting_20260921_014523_267562.txt,experiments_logs/analysis_recent/when_what_mechanisms_20260921/00_raw/wastesorting/scene_04/cp_when/run_03_seed_1973069430/exp_wastesorting_20260921_033612_711499.txt,1,1,3.0,0.0,-15.4476,-20.0
wastesorting,04,2303938088,ours,cp_when,experiments_logs/analysis_recent/when_what_mechanisms_20260921/00_raw/wastesorting/scene_04/ours/run_30_seed_2303938088/exp_wastesorting_20260921_014602_562679.txt,experiments_logs/analysis_recent/when_what_mechanisms_20260921/00_raw/wastesorting/scene_04/cp_when/run_30_seed_2303938088/exp_wastesorting_20260921_034322_022295.txt,1,1,-2.0,0.0,-14.8939,0.0
wastesorting,04,2350780499,ours,cp_when,experiments_logs/analysis_recent/when_what_mechanisms_20260921/00_raw/wastesorting/scene_04/ours/run_06_seed_2350780499/exp_wastesorting_20260921_014527_558093.txt,experiments_logs/analysis_recent/when_what_mechanisms_20260921/00_raw/wastesorting/scene_04/cp_when/run_06_seed_2350780499/exp_wastesorting_20260921_033701_780216.txt,1,1,-4.0,0.0,-15.287899999999999,0.0
wastesorting,04,2401657902,ours,cp_when,experiments_logs/analysis_recent/when_what_mechanisms_20260921/00_raw/wastesorting/scene_04/ours/run_07_seed_2401657902/exp_wastesorting_20260921_014529_001472.txt,experiments_logs/analysis_recent/when_what_mechanisms_20260921/00_raw/wastesorting/scene_04/cp_when/run_07_seed_2401657902/exp_wastesorting_20260921_033719_679672.txt,1,1,-3.0,-1.0,-16.3844,0.0
wastesorting,04,2413410080,ours,cp_when,experiments_logs/analysis_recent/when_what_mechanisms_20260921/00_raw/wastesorting/scene_04/ours/run_19_seed_2413410080/exp_wastesorting_20260921_014546_499465.txt,experiments_logs/analysis_recent/when_what_mechanisms_20260921/00_raw/wastesorting/scene_04/cp_when/run_19_seed_2413410080/exp_wastesorting_20260921_034017_953613.txt,1,0,0.0,2.0,-11.813500000000001,5.0
wastesorting,04,2630099760,ours,cp_when,experiments_logs/analysis_recent/when_what_mechanisms_20260921/00_raw/wastesorting/scene_04/ours/run_26_seed_2630099760/exp_wastesorting_20260921_014556_668007.txt,experiments_logs/analysis_recent/when_what_mechanisms_20260921/00_raw/wastesorting/scene_04/cp_when/run_26_seed_2630099760/exp_wastesorting_20260921_034214_315024.txt,1,1,0.0,-1.0,-15.788300000000001,0.0
wastesorting,04,2877610580,ours,cp_when,experiments_logs/analysis_recent/when_what_mechanisms_20260921/00_raw/wastesorting/scene_04/ours/run_36_seed_2877610580/exp_wastesorting_20260921_014611_030098.txt,experiments_logs/analysis_recent/when_what_mechanisms_20260921/00_raw/wastesorting/scene_04/cp_when/run_36_seed_2877610580/exp_wastesorting_20260921_034457_141278.txt,1,1,-3.0,0.0,-14.008799999999999,0.0
wastesorting,04,2967203946,ours,cp_when,experiments_logs/analysis_recent/when_what_mechanisms_20260921/00_raw/wastesorting/scene_04/ours/run_40_seed_2967203946/exp_wastesorting_20260921_014617_330787.txt,experiments_logs/analysis_recent/when_what_mechanisms_20260921/00_raw/wastesorting/scene_04/cp_when/run_40_seed_2967203946/exp_wastesorting_20260921_034559_333302.txt,1,1,-3.0,-2.0,-19.4756,0.0
wastesorting,04,3110233099,ours,cp_when,experiments_logs/analysis_recent/when_what_mechanisms_20260921/00_raw/wastesorting/scene_04/ours/run_12_seed_3110233099/exp_wastesorting_20260921_014536_309975.txt,experiments_logs/analysis_recent/when_what_mechanisms_20260921/00_raw/wastesorting/scene_04/cp_when/run_12_seed_3110233099/exp_wastesorting_20260921_033833_355444.txt,1,1,5.0,1.0,-14.9956,0.0
wastesorting,04,3182553066,ours,cp_when,experiments_logs/analysis_recent/when_what_mechanisms_20260921/00_raw/wastesorting/scene_04/ours/run_08_seed_3182553066/exp_wastesorting_20260921_014530_489282.txt,experiments_logs/analysis_recent/when_what_mechanisms_20260921/00_raw/wastesorting/scene_04/cp_when/run_08_seed_3182553066/exp_wastesorting_20260921_033735_408834.txt,1,1,-1.0,1.0,-14.1849,0.0
wastesorting,04,3201562577,ours,cp_when,experiments_logs/analysis_recent/when_what_mechanisms_20260921/00_raw/wastesorting/scene_04/ours/run_05_seed_3201562577/exp_wastesorting_20260921_014526_123245.txt,experiments_logs/analysis_recent/when_what_mechanisms_20260921/00_raw/wastesorting/scene_04/cp_when/run_05_seed_3201562577/exp_wastesorting_20260921_033645_003676.txt,1,1,-1.0,0.0,-15.2027,0.0
wastesorting,04,3291161639,ours,cp_when,experiments_logs/analysis_recent/when_what_mechanisms_20260921/00_raw/wastesorting/scene_04/ours/run_01_seed_3291161639/exp_wastesorting_20260921_014520_343860.txt,experiments_logs/analysis_recent/when_what_mechanisms_20260921/00_raw/wastesorting/scene_04/cp_when/run_01_seed_3291161639/exp_wastesorting_20260921_033539_618900.txt,1,1,2.0,-2.0,-18.3212,-20.0
wastesorting,04,3292785302,ours,cp_when,experiments_logs/analysis_recent/when_what_mechanisms_20260921/00_raw/wastesorting/scene_04/ours/run_35_seed_3292785302/exp_wastesorting_20260921_014609_655793.txt,experiments_logs/analysis_recent/when_what_mechanisms_20260921/00_raw/wastesorting/scene_04/cp_when/run_35_seed_3292785302/exp_wastesorting_20260921_034441_690803.txt,1,1,-2.0,0.0,-14.835099999999999,15.0
wastesorting,04,3310113005,ours,cp_when,experiments_logs/analysis_recent/when_what_mechanisms_20260921/00_raw/wastesorting/scene_04/ours/run_20_seed_3310113005/exp_wastesorting_20260921_014547_909583.txt,experiments_logs/analysis_recent/when_what_mechanisms_20260921/00_raw/wastesorting/scene_04/cp_when/run_20_seed_3310113005/exp_wastesorting_20260921_034034_106538.txt,1,1,-1.0,0.0,-14.6886,-15.0
wastesorting,04,3369209442,ours,cp_when,experiments_logs/analysis_recent/when_what_mechanisms_20260921/00_raw/wastesorting/scene_04/ours/run_16_seed_3369209442/exp_wastesorting_20260921_014542_040678.txt,experiments_logs/analysis_recent/when_what_mechanisms_20260921/00_raw/wastesorting/scene_04/cp_when/run_16_seed_3369209442/exp_wastesorting_20260921_033932_225815.txt,1,1,-2.0,1.0,-15.7387,0.0
wastesorting,04,3414205865,ours,cp_when,experiments_logs/analysis_recent/when_what_mechanisms_20260921/00_raw/wastesorting/scene_04/ours/run_22_seed_3414205865/exp_wastesorting_20260921_014550_891722.txt,experiments_logs/analysis_recent/when_what_mechanisms_20260921/00_raw/wastesorting/scene_04/cp_when/run_22_seed_3414205865/exp_wastesorting_20260921_034109_264209.txt,1,1,-2.0,-1.0,-17.5654,0.0
wastesorting,04,3576324234,ours,cp_when,experiments_logs/analysis_recent/when_what_mechanisms_20260921/00_raw/wastesorting/scene_04/ours/run_33_seed_3576324234/exp_wastesorting_20260921_014606_746574.txt,experiments_logs/analysis_recent/when_what_mechanisms_20260921/00_raw/wastesorting/scene_04/cp_when/run_33_seed_3576324234/exp_wastesorting_20260921_034406_629776.txt,1,1,-1.0,0.0,-13.7963,0.0
wastesorting,04,3692021791,ours,cp_when,experiments_logs/analysis_recent/when_what_mechanisms_20260921/00_raw/wastesorting/scene_04/ours/run_17_seed_3692021791/exp_wastesorting_20260921_014543_451002.txt,experiments_logs/analysis_recent/when_what_mechanisms_20260921/00_raw/wastesorting/scene_04/cp_when/run_17_seed_3692021791/exp_wastesorting_20260921_033952_688085.txt,1,1,-6.0,-3.0,-18.9909,15.0
wastesorting,04,3718837247,ours,cp_when,experiments_logs/analysis_recent/when_what_mechanisms_20260921/00_raw/wastesorting/scene_04/ours/run_14_seed_3718837247/exp_wastesorting_20260921_014539_196410.txt,experiments_logs/analysis_recent/when_what_mechanisms_20260921/00_raw/wastesorting/scene_04/cp_when/run_14_seed_3718837247/exp_wastesorting_20260921_033901_587254.txt,1,1,0.0,0.0,-14.1367,0.0
wastesorting,04,3787165175,ours,cp_when,experiments_logs/analysis_recent/when_what_mechanisms_20260921/00_raw/wastesorting/scene_04/ours/run_27_seed_3787165175/exp_wastesorting_20260921_014558_122896.txt,experiments_logs/analysis_recent/when_what_mechanisms_20260921/00_raw/wastesorting/scene_04/cp_when/run_27_seed_3787165175/exp_wastesorting_20260921_034230_401718.txt,1,1,-2.0,0.0,-14.5843,15.0
wastesorting,04,3966743771,ours,cp_when,experiments_logs/analysis_recent/when_what_mechanisms_20260921/00_raw/wastesorting/scene_04/ours/run_34_seed_3966743771/exp_wastesorting_20260921_014608_190937.txt,experiments_logs/analysis_recent/when_what_mechanisms_20260921/00_raw/wastesorting/scene_04/cp_when/run_34_seed_3966743771/exp_wastesorting_20260921_034425_339483.txt,1,1,-5.0,-2.0,-17.208199999999998,0.0
wastesorting,04,3973487875,ours,cp_when,experiments_logs/analysis_recent/when_what_mechanisms_20260921/00_raw/wastesorting/scene_04/ours/run_32_seed_3973487875/exp_wastesorting_20260921_014605_376363.txt,experiments_logs/analysis_recent/when_what_mechanisms_20260921/00_raw/wastesorting/scene_04/cp_when/run_32_seed_3973487875/exp_wastesorting_20260921_034351_387454.txt,1,0,4.0,3.0,-12.3776,20.0
wastesorting,04,3989924643,ours,cp_when,experiments_logs/analysis_recent/when_what_mechanisms_20260921/00_raw/wastesorting/scene_04/ours/run_23_seed_3989924643/exp_wastesorting_20260921_014552_350654.txt,experiments_logs/analysis_recent/when_what_mechanisms_20260921/00_raw/wastesorting/scene_04/cp_when/run_23_seed_3989924643/exp_wastesorting_20260921_034124_765822.txt,1,1,2.0,1.0,-13.9774,-15.0
wastesorting,04,414427021,ours,cp_when,experiments_logs/analysis_recent/when_what_mechanisms_20260921/00_raw/wastesorting/scene_04/ours/run_04_seed_414427021/exp_wastesorting_20260921_014524_714595.txt,experiments_logs/analysis_recent/when_what_mechanisms_20260921/00_raw/wastesorting/scene_04/cp_when/run_04_seed_414427021/exp_wastesorting_20260921_033628_330227.txt,1,1,3.0,1.0,-14.1004,-20.0
wastesorting,04,4193229496,ours,cp_when,experiments_logs/analysis_recent/when_what_mechanisms_20260921/00_raw/wastesorting/scene_04/ours/run_15_seed_4193229496/exp_wastesorting_20260921_014540_608479.txt,experiments_logs/analysis_recent/when_what_mechanisms_20260921/00_raw/wastesorting/scene_04/cp_when/run_15_seed_4193229496/exp_wastesorting_20260921_033914_995275.txt,1,0,3.0,2.0,-11.947000000000001,25.0
wastesorting,04,472386282,ours,cp_when,experiments_logs/analysis_recent/when_what_mechanisms_20260921/00_raw/wastesorting/scene_04/ours/run_10_seed_472386282/exp_wastesorting_20260921_014533_461969.txt,experiments_logs/analysis_recent/when_what_mechanisms_20260921/00_raw/wastesorting/scene_04/cp_when/run_10_seed_472386282/exp_wastesorting_20260921_033800_098579.txt,1,0,10.0,8.0,-7.054400000000001,25.0
wastesorting,04,506359200,ours,cp_when,experiments_logs/analysis_recent/when_what_mechanisms_20260921/00_raw/wastesorting/scene_04/ours/run_29_seed_506359200/exp_wastesorting_20260921_014601_080559.txt,experiments_logs/analysis_recent/when_what_mechanisms_20260921/00_raw/wastesorting/scene_04/cp_when/run_29_seed_506359200/exp_wastesorting_20260921_034305_590330.txt,1,1,-1.0,-1.0,-16.3216,15.0
wastesorting,04,558605806,ours,cp_when,experiments_logs/analysis_recent/when_what_mechanisms_20260921/00_raw/wastesorting/scene_04/ours/run_11_seed_558605806/exp_wastesorting_20260921_014534_851259.txt,experiments_logs/analysis_recent/when_what_mechanisms_20260921/00_raw/wastesorting/scene_04/cp_when/run_11_seed_558605806/exp_wastesorting_20260921_033816_841041.txt,1,1,-4.0,0.0,-15.274500000000002,0.0
wastesorting,05,1045529480,ours,cp_when,experiments_logs/analysis_recent/when_what_mechanisms_20260921/00_raw/wastesorting/scene_05/ours/run_27_seed_1045529480/exp_wastesorting_20260921_014657_036446.txt,experiments_logs/analysis_recent/when_what_mechanisms_20260921/00_raw/wastesorting/scene_05/cp_when/run_27_seed_1045529480/exp_wastesorting_20260921_035337_858704.txt,1,1,-1.0,2.0,-15.2365,0.0
wastesorting,05,1045924611,ours,cp_when,experiments_logs/analysis_recent/when_what_mechanisms_20260921/00_raw/wastesorting/scene_05/ours/run_22_seed_1045924611/exp_wastesorting_20260921_014649_503008.txt,experiments_logs/analysis_recent/when_what_mechanisms_20260921/00_raw/wastesorting/scene_05/cp_when/run_22_seed_1045924611/exp_wastesorting_20260921_035210_652301.txt,1,1,-1.0,0.0,-16.463099999999997,20.0
wastesorting,05,1159978775,ours,cp_when,experiments_logs/analysis_recent/when_what_mechanisms_20260921/00_raw/wastesorting/scene_05/ours/run_18_seed_1159978775/exp_wastesorting_20260921_014643_460021.txt,experiments_logs/analysis_recent/when_what_mechanisms_20260921/00_raw/wastesorting/scene_05/cp_when/run_18_seed_1159978775/exp_wastesorting_20260921_035103_174690.txt,1,1,-2.0,-1.0,-17.503700000000002,0.0
wastesorting,05,1253677920,ours,cp_when,experiments_logs/analysis_recent/when_what_mechanisms_20260921/00_raw/wastesorting/scene_05/ours/run_24_seed_1253677920/exp_wastesorting_20260921_014652_430872.txt,experiments_logs/analysis_recent/when_what_mechanisms_20260921/00_raw/wastesorting/scene_05/cp_when/run_24_seed_1253677920/exp_wastesorting_20260921_035244_177550.txt,1,0,-1.0,0.0,-14.3416,15.0
wastesorting,05,1280378645,ours,cp_when,experiments_logs/analysis_recent/when_what_mechanisms_20260921/00_raw/wastesorting/scene_05/ours/run_04_seed_1280378645/exp_wastesorting_20260921_014623_194619.txt,experiments_logs/analysis_recent/when_what_mechanisms_20260921/00_raw/wastesorting/scene_05/cp_when/run_04_seed_1280378645/exp_wastesorting_20260921_034706_180865.txt,1,1,-1.0,1.0,-16.1804,0.0
wastesorting,05,1380997039,ours,cp_when,experiments_logs/analysis_recent/when_what_mechanisms_20260921/00_raw/wastesorting/scene_05/ours/run_34_seed_1380997039/exp_wastesorting_20260921_014707_025526.txt,experiments_logs/analysis_recent/when_what_mechanisms_20260921/00_raw/wastesorting/scene_05/cp_when/run_34_seed_1380997039/exp_wastesorting_20260921_035529_016841.txt,1,1,-1.0,0.0,-14.4363,15.0
wastesorting,05,1489971784,ours,cp_when,experiments_logs/analysis_recent/when_what_mechanisms_20260921/00_raw/wastesorting/scene_05/ours/run_06_seed_1489971784/exp_wastesorting_20260921_014626_078427.txt,experiments_logs/analysis_recent/when_what_mechanisms_20260921/00_raw/wastesorting/scene_05/cp_when/run_06_seed_1489971784/exp_wastesorting_20260921_034741_023729.txt,1,1,-1.0,-1.0,-17.286,0.0
wastesorting,05,1668817081,ours,cp_when,experiments_logs/analysis_recent/when_what_mechanisms_20260921/00_raw/wastesorting/scene_05/ours/run_32_seed_1668817081/exp_wastesorting_20260921_014704_243160.txt,experiments_logs/analysis_recent/when_what_mechanisms_20260921/00_raw/wastesorting/scene_05/cp_when/run_32_seed_1668817081/exp_wastesorting_20260921_035456_687941.txt,1,1,-1.0,0.0,-14.0673,5.0
wastesorting,05,1980913558,ours,cp_when,experiments_logs/analysis_recent/when_what_mechanisms_20260921/00_raw/wastesorting/scene_05/ours/run_37_seed_1980913558/exp_wastesorting_20260921_014711_235056.txt,experiments_logs/analysis_recent/when_what_mechanisms_20260921/00_raw/wastesorting/scene_05/cp_when/run_37_seed_1980913558/exp_wastesorting_20260921_035614_361697.txt,1,0,3.0,2.0,-11.4724,20.0
wastesorting,05,2300990510,ours,cp_when,experiments_logs/analysis_recent/when_what_mechanisms_20260921/00_raw/wastesorting/scene_05/ours/run_35_seed_2300990510/exp_wastesorting_20260921_014708_411935.txt,experiments_logs/analysis_recent/when_what_mechanisms_20260921/00_raw/wastesorting/scene_05/cp_when/run_35_seed_2300990510/exp_wastesorting_20260921_035544_489510.txt,1,1,-1.0,0.0,-14.0167,0.0
wastesorting,05,230996701,ours,cp_when,experiments_logs/analysis_recent/when_what_mechanisms_20260921/00_raw/wastesorting/scene_05/ours/run_29_seed_230996701/exp_wastesorting_20260921_014659_938240.txt,experiments_logs/analysis_recent/when_what_mechanisms_20260921/00_raw/wastesorting/scene_05/cp_when/run_29_seed_230996701/exp_wastesorting_20260921_035410_701002.txt,1,1,1.0,2.0,-15.907599999999999,-15.0
wastesorting,05,2624923704,ours,cp_when,experiments_logs/analysis_recent/when_what_mechanisms_20260921/00_raw/wastesorting/scene_05/ours/run_09_seed_2624923704/exp_wastesorting_20260921_014630_375465.txt,experiments_logs/analysis_recent/when_what_mechanisms_20260921/00_raw/wastesorting/scene_05/cp_when/run_09_seed_2624923704/exp_wastesorting_20260921_034831_480368.txt,1,1,0.0,0.0,-14.4391,0.0
wastesorting,05,2645731214,ours,cp_when,experiments_logs/analysis_recent/when_what_mechanisms_20260921/00_raw/wastesorting/scene_05/ours/run_36_seed_2645731214/exp_wastesorting_20260921_014709_827166.txt,experiments_logs/analysis_recent/when_what_mechanisms_20260921/00_raw/wastesorting/scene_05/cp_when/run_36_seed_2645731214/exp_wastesorting_20260921_035601_435094.txt,1,1,-1.0,-1.0,-15.4836,-20.0
wastesorting,05,2666206818,ours,cp_when,experiments_logs/analysis_recent/when_what_mechanisms_20260921/00_raw/wastesorting/scene_05/ours/run_14_seed_2666206818/exp_wastesorting_20260921_014637_652489.txt,experiments_logs/analysis_recent/when_what_mechanisms_20260921/00_raw/wastesorting/scene_05/cp_when/run_14_seed_2666206818/exp_wastesorting_20260921_034956_326021.txt,1,1,0.0,0.0,-15.972000000000001,15.0
wastesorting,05,2681637189,ours,cp_when,experiments_logs/analysis_recent/when_what_mechanisms_20260921/00_raw/wastesorting/scene_05/ours/run_15_seed_2681637189/exp_wastesorting_20260921_014639_052987.txt,experiments_logs/analysis_recent/when_what_mechanisms_20260921/00_raw/wastesorting/scene_05/cp_when/run_15_seed_2681637189/exp_wastesorting_20260921_035011_763267.txt,1,1,4.0,0.0,-13.9711,-15.0
wastesorting,05,2741241943,ours,cp_when,experiments_logs/analysis_recent/when_what_mechanisms_20260921/00_raw/wastesorting/scene_05/ours/run_40_seed_2741241943/exp_wastesorting_20260921_014715_492508.txt,experiments_logs/analysis_recent/when_what_mechanisms_20260921/00_raw/wastesorting/scene_05/cp_when/run_40_seed_2741241943/exp_wastesorting_20260921_035655_313580.txt,1,1,0.0,0.0,-14.831100000000001,0.0
wastesorting,05,2875578355,ours,cp_when,experiments_logs/analysis_recent/when_what_mechanisms_20260921/00_raw/wastesorting/scene_05/ours/run_28_seed_2875578355/exp_wastesorting_20260921_014658_451935.txt,experiments_logs/analysis_recent/when_what_mechanisms_20260921/00_raw/wastesorting/scene_05/cp_when/run_28_seed_2875578355/exp_wastesorting_20260921_035353_236031.txt,1,1,6.0,1.0,-13.907200000000001,-5.0
wastesorting,05,3130661448,ours,cp_when,experiments_logs/analysis_recent/when_what_mechanisms_20260921/00_raw/wastesorting/scene_05/ours/run_10_seed_3130661448/exp_wastesorting_20260921_014631_824961.txt,experiments_logs/analysis_recent/when_what_mechanisms_20260921/00_raw/wastesorting/scene_05/cp_when/run_10_seed_3130661448/exp_wastesorting_20260921_034847_935099.txt,1,1,1.0,1.0,-14.937999999999999,-15.0
wastesorting,05,3215763495,ours,cp_when,experiments_logs/analysis_recent/when_what_mechanisms_20260921/00_raw/wastesorting/scene_05/ours/run_21_seed_3215763495/exp_wastesorting_20260921_014647_892579.txt,experiments_logs/analysis_recent/when_what_mechanisms_20260921/00_raw/wastesorting/scene_05/cp_when/run_21_seed_3215763495/exp_wastesorting_20260921_035152_528109.txt,1,1,0.0,-1.0,-16.8942,-15.0
wastesorting,05,3225313600,ours,cp_when,experiments_logs/analysis_recent/when_what_mechanisms_20260921/00_raw/wastesorting/scene_05/ours/run_33_seed_3225313600/exp_wastesorting_20260921_014705_624761.txt,experiments_logs/analysis_recent/when_what_mechanisms_20260921/00_raw/wastesorting/scene_05/cp_when/run_33_seed_3225313600/exp_wastesorting_20260921_035513_134177.txt,1,1,-2.0,-1.0,-15.0209,15.0
wastesorting,05,3351623416,ours,cp_when,experiments_logs/analysis_recent/when_what_mechanisms_20260921/00_raw/wastesorting/scene_05/ours/run_20_seed_3351623416/exp_wastesorting_20260921_014646_498392.txt,experiments_logs/analysis_recent/when_what_mechanisms_20260921/00_raw/wastesorting/scene_05/cp_when/run_20_seed_3351623416/exp_wastesorting_20260921_035134_172602.txt,1,1,-1.0,1.0,-13.7995,15.0
wastesorting,05,3520141308,ours,cp_when,experiments_logs/analysis_recent/when_what_mechanisms_20260921/00_raw/wastesorting/scene_05/ours/run_07_seed_3520141308/exp_wastesorting_20260921_014627_536285.txt,experiments_logs/analysis_recent/when_what_mechanisms_20260921/00_raw/wastesorting/scene_05/cp_when/run_07_seed_3520141308/exp_wastesorting_20260921_034757_412427.txt,1,1,-1.0,1.0,-14.881,-15.0
wastesorting,05,3537170530,ours,cp_when,experiments_logs/analysis_recent/when_what_mechanisms_20260921/00_raw/wastesorting/scene_05/ours/run_03_seed_3537170530/exp_wastesorting_20260921_014621_719440.txt,experiments_logs/analysis_recent/when_what_mechanisms_20260921/00_raw/wastesorting/scene_05/cp_when/run_03_seed_3537170530/exp_wastesorting_20260921_034648_462275.txt,1,1,-5.0,0.0,-13.507,0.0
wastesorting,05,3586644066,ours,cp_when,experiments_logs/analysis_recent/when_what_mechanisms_20260921/00_raw/wastesorting/scene_05/ours/run_16_seed_3586644066/exp_wastesorting_20260921_014640_487904.txt,experiments_logs/analysis_recent/when_what_mechanisms_20260921/00_raw/wastesorting/scene_05/cp_when/run_16_seed_3586644066/exp_wastesorting_20260921_035027_915061.txt,1,1,1.0,1.0,-14.6536,0.0
wastesorting,05,3622248746,ours,cp_when,experiments_logs/analysis_recent/when_what_mechanisms_20260921/00_raw/wastesorting/scene_05/ours/run_11_seed_3622248746/exp_wastesorting_20260921_014633_249434.txt,experiments_logs/analysis_recent/when_what_mechanisms_20260921/00_raw/wastesorting/scene_05/cp_when/run_11_seed_3622248746/exp_wastesorting_20260921_034904_747919.txt,1,1,-1.0,0.0,-15.334500000000002,0.0
wastesorting,05,3656925474,ours,cp_when,experiments_logs/analysis_recent/when_what_mechanisms_20260921/00_raw/wastesorting/scene_05/ours/run_05_seed_3656925474/exp_wastesorting_20260921_014624_682312.txt,experiments_logs/analysis_recent/when_what_mechanisms_20260921/00_raw/wastesorting/scene_05/cp_when/run_05_seed_3656925474/exp_wastesorting_20260921_034722_278681.txt,1,1,0.0,2.0,-14.5457,15.0
wastesorting,05,3677160998,ours,cp_when,experiments_logs/analysis_recent/when_what_mechanisms_20260921/00_raw/wastesorting/scene_05/ours/run_17_seed_3677160998/exp_wastesorting_20260921_014641_986540.txt,experiments_logs/analysis_recent/when_what_mechanisms_20260921/00_raw/wastesorting/scene_05/cp_when/run_17_seed_3677160998/exp_wastesorting_20260921_035044_123554.txt,1,1,3.0,1.0,-14.643,0.0
wastesorting,05,3690243405,ours,cp_when,experiments_logs/analysis_recent/when_what_mechanisms_20260921/00_raw/wastesorting/scene_05/ours/run_13_seed_3690243405/exp_wastesorting_20260921_014636_158259.txt,experiments_logs/analysis_recent/when_what_mechanisms_20260921/00_raw/wastesorting/scene_05/cp_when/run_13_seed_3690243405/exp_wastesorting_20260921_034938_799046.txt,1,1,4.0,2.0,-14.4875,0.0
wastesorting,05,382724118,ours,cp_when,experiments_logs/analysis_recent/when_what_mechanisms_20260921/00_raw/wastesorting/scene_05/ours/run_25_seed_382724118/exp_wastesorting_20260921_014654_102992.txt,experiments_logs/analysis_recent/when_what_mechanisms_20260921/00_raw/wastesorting/scene_05/cp_when/run_25_seed_382724118/exp_wastesorting_20260921_035303_933420.txt,1,1,1.0,-1.0,-18.024800000000003,15.0
wastesorting,05,3979866682,ours,cp_when,experiments_logs/analysis_recent/when_what_mechanisms_20260921/00_raw/wastesorting/scene_05/ours/run_39_seed_3979866682/exp_wastesorting_20260921_014714_098295.txt,experiments_logs/analysis_recent/when_what_mechanisms_20260921/00_raw/wastesorting/scene_05/cp_when/run_39_seed_3979866682/exp_wastesorting_20260921_035639_029901.txt,1,0,8.0,6.0,-7.496300000000001,25.0
wastesorting,05,4060354637,ours,cp_when,experiments_logs/analysis_recent/when_what_mechanisms_20260921/00_raw/wastesorting/scene_05/ours/run_38_seed_4060354637/exp_wastesorting_20260921_014712_666468.txt,experiments_logs/analysis_recent/when_what_mechanisms_20260921/00_raw/wastesorting/scene_05/cp_when/run_38_seed_4060354637/exp_wastesorting_20260921_035630_046908.txt,1,1,-2.0,0.0,-14.1907,15.0
wastesorting,05,4085569034,ours,cp_when,experiments_logs/analysis_recent/when_what_mechanisms_20260921/00_raw/wastesorting/scene_05/ours/run_26_seed_4085569034/exp_wastesorting_20260921_014655_507610.txt,experiments_logs/analysis_recent/when_what_mechanisms_20260921/00_raw/wastesorting/scene_05/cp_when/run_26_seed_4085569034/exp_wastesorting_20260921_035321_038798.txt,1,1,-2.0,-1.0,-15.6433,0.0
wastesorting,05,411692590,ours,cp_when,experiments_logs/analysis_recent/when_what_mechanisms_20260921/00_raw/wastesorting/scene_05/ours/run_08_seed_411692590/exp_wastesorting_20260921_014628_978445.txt,experiments_logs/analysis_recent/when_what_mechanisms_20260921/00_raw/wastesorting/scene_05/cp_when/run_08_seed_411692590/exp_wastesorting_20260921_034815_596335.txt,1,1,1.0,-1.0,-16.6925,-15.0
wastesorting,05,4128091398,ours,cp_when,experiments_logs/analysis_recent/when_what_mechanisms_20260921/00_raw/wastesorting/scene_05/ours/run_19_seed_4128091398/exp_wastesorting_20260921_014645_069886.txt,experiments_logs/analysis_recent/when_what_mechanisms_20260921/00_raw/wastesorting/scene_05/cp_when/run_19_seed_4128091398/exp_wastesorting_20260921_035118_895317.txt,1,1,2.0,3.0,-14.0555,0.0
wastesorting,05,4259545291,ours,cp_when,experiments_logs/analysis_recent/when_what_mechanisms_20260921/00_raw/wastesorting/scene_05/ours/run_30_seed_4259545291/exp_wastesorting_20260921_014701_421119.txt,experiments_logs/analysis_recent/when_what_mechanisms_20260921/00_raw/wastesorting/scene_05/cp_when/run_30_seed_4259545291/exp_wastesorting_20260921_035423_692753.txt,1,0,7.0,3.0,-11.448699999999999,5.0
wastesorting,05,435659992,ours,cp_when,experiments_logs/analysis_recent/when_what_mechanisms_20260921/00_raw/wastesorting/scene_05/ours/run_02_seed_435659992/exp_wastesorting_20260921_014620_318175.txt,experiments_logs/analysis_recent/when_what_mechanisms_20260921/00_raw/wastesorting/scene_05/cp_when/run_02_seed_435659992/exp_wastesorting_20260921_034633_507369.txt,1,1,-1.0,0.0,-16.350099999999998,0.0
wastesorting,05,449704548,ours,cp_when,experiments_logs/analysis_recent/when_what_mechanisms_20260921/00_raw/wastesorting/scene_05/ours/run_23_seed_449704548/exp_wastesorting_20260921_014650_918491.txt,experiments_logs/analysis_recent/when_what_mechanisms_20260921/00_raw/wastesorting/scene_05/cp_when/run_23_seed_449704548/exp_wastesorting_20260921_035228_274124.txt,1,1,-3.0,-1.0,-16.1615,-15.0
wastesorting,05,600649243,ours,cp_when,experiments_logs/analysis_recent/when_what_mechanisms_20260921/00_raw/wastesorting/scene_05/ours/run_12_seed_600649243/exp_wastesorting_20260921_014634_689631.txt,experiments_logs/analysis_recent/when_what_mechanisms_20260921/00_raw/wastesorting/scene_05/cp_when/run_12_seed_600649243/exp_wastesorting_20260921_034922_782322.txt,1,1,-2.0,-1.0,-16.5244,0.0
wastesorting,05,630828154,ours,cp_when,experiments_logs/analysis_recent/when_what_mechanisms_20260921/00_raw/wastesorting/scene_05/ours/run_01_seed_630828154/exp_wastesorting_20260921_014618_784952.txt,experiments_logs/analysis_recent/when_what_mechanisms_20260921/00_raw/wastesorting/scene_05/cp_when/run_01_seed_630828154/exp_wastesorting_20260921_034615_531714.txt,1,1,0.0,0.0,-14.697,0.0
wastesorting,05,671361218,ours,cp_when,experiments_logs/analysis_recent/when_what_mechanisms_20260921/00_raw/wastesorting/scene_05/ours/run_31_seed_671361218/exp_wastesorting_20260921_014702_823010.txt,experiments_logs/analysis_recent/when_what_mechanisms_20260921/00_raw/wastesorting/scene_05/cp_when/run_31_seed_671361218/exp_wastesorting_20260921_035441_152278.txt,1,1,0.0,-1.0,-15.9903,0.0
wastesorting,01,1062380405,ours,value_when,experiments_logs/analysis_recent/when_what_mechanisms_20260921/00_raw/wastesorting/scene_01/ours/run_24_seed_1062380405/exp_wastesorting_20260921_014300_079598.txt,experiments_logs/analysis_recent/when_what_mechanisms_20260921/00_raw/wastesorting/scene_01/value_when/run_24_seed_1062380405/exp_wastesorting_20260921_040931_625637.txt,1,1,4.0,-1.0,-0.7508999999999999,-15.0
wastesorting,01,1147340016,ours,value_when,experiments_logs/analysis_recent/when_what_mechanisms_20260921/00_raw/wastesorting/scene_01/ours/run_29_seed_1147340016/exp_wastesorting_20260921_014307_877362.txt,experiments_logs/analysis_recent/when_what_mechanisms_20260921/00_raw/wastesorting/scene_01/value_when/run_29_seed_1147340016/exp_wastesorting_20260921_040942_386303.txt,1,1,6.0,0.0,-0.7472999999999999,0.0
wastesorting,01,1201660994,ours,value_when,experiments_logs/analysis_recent/when_what_mechanisms_20260921/00_raw/wastesorting/scene_01/ours/run_18_seed_1201660994/exp_wastesorting_20260921_014250_637730.txt,experiments_logs/analysis_recent/when_what_mechanisms_20260921/00_raw/wastesorting/scene_01/value_when/run_18_seed_1201660994/exp_wastesorting_20260921_040919_975101.txt,1,0,9.0,6.0,-0.009600000000000053,30.0
wastesorting,01,1421291149,ours,value_when,experiments_logs/analysis_recent/when_what_mechanisms_20260921/00_raw/wastesorting/scene_01/ours/run_17_seed_1421291149/exp_wastesorting_20260921_014249_056674.txt,experiments_logs/analysis_recent/when_what_mechanisms_20260921/00_raw/wastesorting/scene_01/value_when/run_17_seed_1421291149/exp_wastesorting_20260921_040918_379436.txt,1,0,12.0,3.0,-0.6333,10.0
wastesorting,01,1446821692,ours,value_when,experiments_logs/analysis_recent/when_what_mechanisms_20260921/00_raw/wastesorting/scene_01/ours/run_07_seed_1446821692/exp_wastesorting_20260921_014232_716409.txt,experiments_logs/analysis_recent/when_what_mechanisms_20260921/00_raw/wastesorting/scene_01/value_when/run_07_seed_1446821692/exp_wastesorting_20260921_040853_732104.txt,1,1,4.0,0.0,-0.6958,0.0
wastesorting,01,1469124930,ours,value_when,experiments_logs/analysis_recent/when_what_mechanisms_20260921/00_raw/wastesorting/scene_01/ours/run_12_seed_1469124930/exp_wastesorting_20260921_014240_880126.txt,experiments_logs/analysis_recent/when_what_mechanisms_20260921/00_raw/wastesorting/scene_01/value_when/run_12_seed_1469124930/exp_wastesorting_20260921_040905_730308.txt,1,1,5.0,-1.0,-0.9954000000000001,-15.0
wastesorting,01,1753239905,ours,value_when,experiments_logs/analysis_recent/when_what_mechanisms_20260921/00_raw/wastesorting/scene_01/ours/run_14_seed_1753239905/exp_wastesorting_20260921_014244_147904.txt,experiments_logs/analysis_recent/when_what_mechanisms_20260921/00_raw/wastesorting/scene_01/value_when/run_14_seed_1753239905/exp_wastesorting_20260921_040910_820917.txt,1,1,6.0,0.0,-0.9527000000000001,0.0
wastesorting,01,2062582486,ours,value_when,experiments_logs/analysis_recent/when_what_mechanisms_20260921/00_raw/wastesorting/scene_01/ours/run_36_seed_2062582486/exp_wastesorting_20260921_014318_897989.txt,experiments_logs/analysis_recent/when_what_mechanisms_20260921/00_raw/wastesorting/scene_01/value_when/run_36_seed_2062582486/exp_wastesorting_20260921_040956_757662.txt,1,0,8.0,3.0,-0.33320000000000016,10.0
wastesorting,01,221659181,ours,value_when,experiments_logs/analysis_recent/when_what_mechanisms_20260921/00_raw/wastesorting/scene_01/ours/run_22_seed_221659181/exp_wastesorting_20260921_014256_811178.txt,experiments_logs/analysis_recent/when_what_mechanisms_20260921/00_raw/wastesorting/scene_01/value_when/run_22_seed_221659181/exp_wastesorting_20260921_040926_960314.txt,1,0,8.0,6.0,-0.13559999999999994,30.0
wastesorting,01,2226680570,ours,value_when,experiments_logs/analysis_recent/when_what_mechanisms_20260921/00_raw/wastesorting/scene_01/ours/run_04_seed_2226680570/exp_wastesorting_20260921_014227_984304.txt,experiments_logs/analysis_recent/when_what_mechanisms_20260921/00_raw/wastesorting/scene_01/value_when/run_04_seed_2226680570/exp_wastesorting_20260921_040847_650943.txt,1,1,4.0,0.0,-0.6936,0.0
wastesorting,01,2258604627,ours,value_when,experiments_logs/analysis_recent/when_what_mechanisms_20260921/00_raw/wastesorting/scene_01/ours/run_25_seed_2258604627/exp_wastesorting_20260921_014301_570092.txt,experiments_logs/analysis_recent/when_what_mechanisms_20260921/00_raw/wastesorting/scene_01/value_when/run_25_seed_2258604627/exp_wastesorting_20260921_040933_214434.txt,1,0,6.0,6.0,-0.09870000000000001,30.0
wastesorting,01,2295953812,ours,value_when,experiments_logs/analysis_recent/when_what_mechanisms_20260921/00_raw/wastesorting/scene_01/ours/run_28_seed_2295953812/exp_wastesorting_20260921_014306_216011.txt,experiments_logs/analysis_recent/when_what_mechanisms_20260921/00_raw/wastesorting/scene_01/value_when/run_28_seed_2295953812/exp_wastesorting_20260921_040939_970205.txt,1,1,4.0,0.0,-0.6456999999999999,0.0
wastesorting,01,2310768630,ours,value_when,experiments_logs/analysis_recent/when_what_mechanisms_20260921/00_raw/wastesorting/scene_01/ours/run_03_seed_2310768630/exp_wastesorting_20260921_014226_431269.txt,experiments_logs/analysis_recent/when_what_mechanisms_20260921/00_raw/wastesorting/scene_01/value_when/run_03_seed_2310768630/exp_wastesorting_20260921_040845_402360.txt,1,0,6.0,2.0,-0.45030000000000014,20.0
wastesorting,01,2566599462,ours,value_when,experiments_logs/analysis_recent/when_what_mechanisms_20260921/00_raw/wastesorting/scene_01/ours/run_32_seed_2566599462/exp_wastesorting_20260921_014312_637676.txt,experiments_logs/analysis_recent/when_what_mechanisms_20260921/00_raw/wastesorting/scene_01/value_when/run_32_seed_2566599462/exp_wastesorting_20260921_040948_624248.txt,1,0,8.0,2.0,-0.5690999999999999,15.0
wastesorting,01,2732686114,ours,value_when,experiments_logs/analysis_recent/when_what_mechanisms_20260921/00_raw/wastesorting/scene_01/ours/run_19_seed_2732686114/exp_wastesorting_20260921_014252_175459.txt,experiments_logs/analysis_recent/when_what_mechanisms_20260921/00_raw/wastesorting/scene_01/value_when/run_19_seed_2732686114/exp_wastesorting_20260921_040921_617928.txt,1,0,5.0,6.0,-0.10099999999999998,30.0
wastesorting,01,2829245352,ours,value_when,experiments_logs/analysis_recent/when_what_mechanisms_20260921/00_raw/wastesorting/scene_01/ours/run_26_seed_2829245352/exp_wastesorting_20260921_014303_123743.txt,experiments_logs/analysis_recent/when_what_mechanisms_20260921/00_raw/wastesorting/scene_01/value_when/run_26_seed_2829245352/exp_wastesorting_20260921_040935_528496.txt,1,0,7.0,-1.0,-0.7679,-5.0
wastesorting,01,2855763027,ours,value_when,experiments_logs/analysis_recent/when_what_mechanisms_20260921/00_raw/wastesorting/scene_01/ours/run_08_seed_2855763027/exp_wastesorting_20260921_014234_331603.txt,experiments_logs/analysis_recent/when_what_mechanisms_20260921/00_raw/wastesorting/scene_01/value_when/run_08_seed_2855763027/exp_wastesorting_20260921_040856_050180.txt,1,1,7.0,0.0,-0.7016,0.0
wastesorting,01,304491485,ours,value_when,experiments_logs/analysis_recent/when_what_mechanisms_20260921/00_raw/wastesorting/scene_01/ours/run_11_seed_304491485/exp_wastesorting_20260921_014239_198519.txt,experiments_logs/analysis_recent/when_what_mechanisms_20260921/00_raw/wastesorting/scene_01/value_when/run_11_seed_304491485/exp_wastesorting_20260921_040903_053762.txt,1,1,4.0,0.0,-0.6094000000000002,0.0
wastesorting,01,3143992301,ours,value_when,experiments_logs/analysis_recent/when_what_mechanisms_20260921/00_raw/wastesorting/scene_01/ours/run_10_seed_3143992301/exp_wastesorting_20260921_014237_632512.txt,experiments_logs/analysis_recent/when_what_mechanisms_20260921/00_raw/wastesorting/scene_01/value_when/run_10_seed_3143992301/exp_wastesorting_20260921_040900_875769.txt,1,1,5.0,0.0,-0.7427999999999999,0.0
wastesorting,01,3156193605,ours,value_when,experiments_logs/analysis_recent/when_what_mechanisms_20260921/00_raw/wastesorting/scene_01/ours/run_39_seed_3156193605/exp_wastesorting_20260921_014323_498523.txt,experiments_logs/analysis_recent/when_what_mechanisms_20260921/00_raw/wastesorting/scene_01/value_when/run_39_seed_3156193605/exp_wastesorting_20260921_041002_630596.txt,1,1,4.0,0.0,-0.6349,0.0
wastesorting,01,3175035907,ours,value_when,experiments_logs/analysis_recent/when_what_mechanisms_20260921/00_raw/wastesorting/scene_01/ours/run_38_seed_3175035907/exp_wastesorting_20260921_014321_984382.txt,experiments_logs/analysis_recent/when_what_mechanisms_20260921/00_raw/wastesorting/scene_01/value_when/run_38_seed_3175035907/exp_wastesorting_20260921_041000_482009.txt,1,0,6.0,6.0,-0.09940000000000015,15.0
wastesorting,01,3176006814,ours,value_when,experiments_logs/analysis_recent/when_what_mechanisms_20260921/00_raw/wastesorting/scene_01/ours/run_06_seed_3176006814/exp_wastesorting_20260921_014231_153801.txt,experiments_logs/analysis_recent/when_what_mechanisms_20260921/00_raw/wastesorting/scene_01/value_when/run_06_seed_3176006814/exp_wastesorting_20260921_040851_475147.txt,1,0,6.0,4.0,-0.26839999999999997,25.0
wastesorting,01,3267154761,ours,value_when,experiments_logs/analysis_recent/when_what_mechanisms_20260921/00_raw/wastesorting/scene_01/ours/run_35_seed_3267154761/exp_wastesorting_20260921_014317_361486.txt,experiments_logs/analysis_recent/when_what_mechanisms_20260921/00_raw/wastesorting/scene_01/value_when/run_35_seed_3267154761/exp_wastesorting_20260921_040954_879083.txt,1,1,5.0,0.0,-0.5788,0.0
wastesorting,01,3276452260,ours,value_when,experiments_logs/analysis_recent/when_what_mechanisms_20260921/00_raw/wastesorting/scene_01/ours/run_20_seed_3276452260/exp_wastesorting_20260921_014253_730560.txt,experiments_logs/analysis_recent/when_what_mechanisms_20260921/00_raw/wastesorting/scene_01/value_when/run_20_seed_3276452260/exp_wastesorting_20260921_040923_329988.txt,1,0,7.0,6.0,-0.1493,10.0
wastesorting,01,3622402991,ours,value_when,experiments_logs/analysis_recent/when_what_mechanisms_20260921/00_raw/wastesorting/scene_01/ours/run_02_seed_3622402991/exp_wastesorting_20260921_014224_895172.txt,experiments_logs/analysis_recent/when_what_mechanisms_20260921/00_raw/wastesorting/scene_01/value_when/run_02_seed_3622402991/exp_wastesorting_20260921_040843_410808.txt,1,1,4.0,0.0,-0.7264999999999999,0.0
wastesorting,01,3656921932,ours,value_when,experiments_logs/analysis_recent/when_what_mechanisms_20260921/00_raw/wastesorting/scene_01/ours/run_30_seed_3656921932/exp_wastesorting_20260921_014309_468091.txt,experiments_logs/analysis_recent/when_what_mechanisms_20260921/00_raw/wastesorting/scene_01/value_when/run_30_seed_3656921932/exp_wastesorting_20260921_040944_688861.txt,1,1,4.0,0.0,-0.7119,0.0
wastesorting,01,3722475659,ours,value_when,experiments_logs/analysis_recent/when_what_mechanisms_20260921/00_raw/wastesorting/scene_01/ours/run_34_seed_3722475659/exp_wastesorting_20260921_014315_787398.txt,experiments_logs/analysis_recent/when_what_mechanisms_20260921/00_raw/wastesorting/scene_01/value_when/run_34_seed_3722475659/exp_wastesorting_20260921_040952_731627.txt,1,0,5.0,4.0,-0.23170000000000002,25.0
wastesorting,01,3794435593,ours,value_when,experiments_logs/analysis_recent/when_what_mechanisms_20260921/00_raw/wastesorting/scene_01/ours/run_23_seed_3794435593/exp_wastesorting_20260921_014258_471443.txt,experiments_logs/analysis_recent/when_what_mechanisms_20260921/00_raw/wastesorting/scene_01/value_when/run_23_seed_3794435593/exp_wastesorting_20260921_040929_271126.txt,1,1,5.0,0.0,-0.6493,0.0
wastesorting,01,3862245153,ours,value_when,experiments_logs/analysis_recent/when_what_mechanisms_20260921/00_raw/wastesorting/scene_01/ours/run_40_seed_3862245153/exp_wastesorting_20260921_014325_143440.txt,experiments_logs/analysis_recent/when_what_mechanisms_20260921/00_raw/wastesorting/scene_01/value_when/run_40_seed_3862245153/exp_wastesorting_20260921_041005_053731.txt,1,1,5.0,0.0,-0.7634999999999998,0.0
wastesorting,01,3890046989,ours,value_when,experiments_logs/analysis_recent/when_what_mechanisms_20260921/00_raw/wastesorting/scene_01/ours/run_15_seed_3890046989/exp_wastesorting_20260921_014245_880375.txt,experiments_logs/analysis_recent/when_what_mechanisms_20260921/00_raw/wastesorting/scene_01/value_when/run_15_seed_3890046989/exp_wastesorting_20260921_040913_555722.txt,1,1,5.0,0.0,-0.9863000000000002,-15.0
wastesorting,01,3904873952,ours,value_when,experiments_logs/analysis_recent/when_what_mechanisms_20260921/00_raw/wastesorting/scene_01/ours/run_13_seed_3904873952/exp_wastesorting_20260921_014242_512411.txt,experiments_logs/analysis_recent/when_what_mechanisms_20260921/00_raw/wastesorting/scene_01/value_when/run_13_seed_3904873952/exp_wastesorting_20260921_040908_220143.txt,1,1,5.0,0.0,-0.8454000000000002,0.0
wastesorting,01,3940097250,ours,value_when,experiments_logs/analysis_recent/when_what_mechanisms_20260921/00_raw/wastesorting/scene_01/ours/run_27_seed_3940097250/exp_wastesorting_20260921_014304_618251.txt,experiments_logs/analysis_recent/when_what_mechanisms_20260921/00_raw/wastesorting/scene_01/value_when/run_27_seed_3940097250/exp_wastesorting_20260921_040937_723695.txt,1,1,4.0,0.0,-0.7024000000000001,0.0
wastesorting,01,3987872288,ours,value_when,experiments_logs/analysis_recent/when_what_mechanisms_20260921/00_raw/wastesorting/scene_01/ours/run_09_seed_3987872288/exp_wastesorting_20260921_014236_006707.txt,experiments_logs/analysis_recent/when_what_mechanisms_20260921/00_raw/wastesorting/scene_01/value_when/run_09_seed_3987872288/exp_wastesorting_20260921_040858_496072.txt,1,1,5.0,0.0,-0.7716000000000001,0.0
wastesorting,01,4001804605,ours,value_when,experiments_logs/analysis_recent/when_what_mechanisms_20260921/00_raw/wastesorting/scene_01/ours/run_37_seed_4001804605/exp_wastesorting_20260921_014320_399285.txt,experiments_logs/analysis_recent/when_what_mechanisms_20260921/00_raw/wastesorting/scene_01/value_when/run_37_seed_4001804605/exp_wastesorting_20260921_040958_789558.txt,1,0,8.0,2.0,-0.5218999999999998,5.0
wastesorting,01,4016452800,ours,value_when,experiments_logs/analysis_recent/when_what_mechanisms_20260921/00_raw/wastesorting/scene_01/ours/run_16_seed_4016452800/exp_wastesorting_20260921_014247_458172.txt,experiments_logs/analysis_recent/when_what_mechanisms_20260921/00_raw/wastesorting/scene_01/value_when/run_16_seed_4016452800/exp_wastesorting_20260921_040916_147158.txt,1,0,9.0,0.0,-0.9990000000000001,0.0
wastesorting,01,4064545001,ours,value_when,experiments_logs/analysis_recent/when_what_mechanisms_20260921/00_raw/wastesorting/scene_01/ours/run_01_seed_4064545001/exp_wastesorting_20260921_014223_186349.txt,experiments_logs/analysis_recent/when_what_mechanisms_20260921/00_raw/wastesorting/scene_01/value_when/run_01_seed_4064545001/exp_wastesorting_20260921_040840_976160.txt,1,1,5.0,0.0,-0.6452,0.0
wastesorting,01,4139245423,ours,value_when,experiments_logs/analysis_recent/when_what_mechanisms_20260921/00_raw/wastesorting/scene_01/ours/run_05_seed_4139245423/exp_wastesorting_20260921_014229_661755.txt,experiments_logs/analysis_recent/when_what_mechanisms_20260921/00_raw/wastesorting/scene_01/value_when/run_05_seed_4139245423/exp_wastesorting_20260921_040849_709527.txt,1,0,7.0,4.0,-0.3858999999999999,10.0
wastesorting,01,481330159,ours,value_when,experiments_logs/analysis_recent/when_what_mechanisms_20260921/00_raw/wastesorting/scene_01/ours/run_33_seed_481330159/exp_wastesorting_20260921_014314_206755.txt,experiments_logs/analysis_recent/when_what_mechanisms_20260921/00_raw/wastesorting/scene_01/value_when/run_33_seed_481330159/exp_wastesorting_20260921_040950_933343.txt,1,1,4.0,0.0,-0.7363,0.0
wastesorting,01,834664221,ours,value_when,experiments_logs/analysis_recent/when_what_mechanisms_20260921/00_raw/wastesorting/scene_01/ours/run_31_seed_834664221/exp_wastesorting_20260921_014311_051993.txt,experiments_logs/analysis_recent/when_what_mechanisms_20260921/00_raw/wastesorting/scene_01/value_when/run_31_seed_834664221/exp_wastesorting_20260921_040946_469151.txt,1,0,7.0,4.0,-0.20100000000000007,25.0
wastesorting,01,973561137,ours,value_when,experiments_logs/analysis_recent/when_what_mechanisms_20260921/00_raw/wastesorting/scene_01/ours/run_21_seed_973561137/exp_wastesorting_20260921_014255_306410.txt,experiments_logs/analysis_recent/when_what_mechanisms_20260921/00_raw/wastesorting/scene_01/value_when/run_21_seed_973561137/exp_wastesorting_20260921_040925_306004.txt,1,0,7.0,2.0,-0.39400000000000013,20.0
wastesorting,02,1014673370,ours,value_when,experiments_logs/analysis_recent/when_what_mechanisms_20260921/00_raw/wastesorting/scene_02/ours/run_27_seed_1014673370/exp_wastesorting_20260921_014403_423595.txt,experiments_logs/analysis_recent/when_what_mechanisms_20260921/00_raw/wastesorting/scene_02/value_when/run_27_seed_1014673370/exp_wastesorting_20260921_041059_802850.txt,1,0,8.0,4.0,-0.39379999999999993,20.0
wastesorting,02,1116766657,ours,value_when,experiments_logs/analysis_recent/when_what_mechanisms_20260921/00_raw/wastesorting/scene_02/ours/run_17_seed_1116766657/exp_wastesorting_20260921_014349_308496.txt,experiments_logs/analysis_recent/when_what_mechanisms_20260921/00_raw/wastesorting/scene_02/value_when/run_17_seed_1116766657/exp_wastesorting_20260921_041039_207413.txt,1,1,5.0,0.0,-0.7492,0.0
wastesorting,02,1150653687,ours,value_when,experiments_logs/analysis_recent/when_what_mechanisms_20260921/00_raw/wastesorting/scene_02/ours/run_10_seed_1150653687/exp_wastesorting_20260921_014339_500672.txt,experiments_logs/analysis_recent/when_what_mechanisms_20260921/00_raw/wastesorting/scene_02/value_when/run_10_seed_1150653687/exp_wastesorting_20260921_041025_258586.txt,1,1,8.0,0.0,-1.0244,0.0
wastesorting,02,1185595584,ours,value_when,experiments_logs/analysis_recent/when_what_mechanisms_20260921/00_raw/wastesorting/scene_02/ours/run_19_seed_1185595584/exp_wastesorting_20260921_014352_135121.txt,experiments_logs/analysis_recent/when_what_mechanisms_20260921/00_raw/wastesorting/scene_02/value_when/run_19_seed_1185595584/exp_wastesorting_20260921_041043_140845.txt,1,0,10.0,6.0,-0.29579999999999995,25.0
wastesorting,02,1191125615,ours,value_when,experiments_logs/analysis_recent/when_what_mechanisms_20260921/00_raw/wastesorting/scene_02/ours/run_38_seed_1191125615/exp_wastesorting_20260921_014419_043542.txt,experiments_logs/analysis_recent/when_what_mechanisms_20260921/00_raw/wastesorting/scene_02/value_when/run_38_seed_1191125615/exp_wastesorting_20260921_041121_355196.txt,1,0,8.0,3.0,-0.39500000000000013,20.0
wastesorting,02,1273456514,ours,value_when,experiments_logs/analysis_recent/when_what_mechanisms_20260921/00_raw/wastesorting/scene_02/ours/run_03_seed_1273456514/exp_wastesorting_20260921_014329_315854.txt,experiments_logs/analysis_recent/when_what_mechanisms_20260921/00_raw/wastesorting/scene_02/value_when/run_03_seed_1273456514/exp_wastesorting_20260921_041010_636861.txt,1,1,5.0,0.0,-0.664,0.0
wastesorting,02,1315496753,ours,value_when,experiments_logs/analysis_recent/when_what_mechanisms_20260921/00_raw/wastesorting/scene_02/ours/run_05_seed_1315496753/exp_wastesorting_20260921_014332_170059.txt,experiments_logs/analysis_recent/when_what_mechanisms_20260921/00_raw/wastesorting/scene_02/value_when/run_05_seed_1315496753/exp_wastesorting_20260921_041014_289591.txt,1,0,7.0,7.0,-0.017000000000000015,15.0
wastesorting,02,1478189300,ours,value_when,experiments_logs/analysis_recent/when_what_mechanisms_20260921/00_raw/wastesorting/scene_02/ours/run_21_seed_1478189300/exp_wastesorting_20260921_014354_933058.txt,experiments_logs/analysis_recent/when_what_mechanisms_20260921/00_raw/wastesorting/scene_02/value_when/run_21_seed_1478189300/exp_wastesorting_20260921_041047_381022.txt,1,1,5.0,0.0,-0.6974999999999999,0.0
wastesorting,02,1669852028,ours,value_when,experiments_logs/analysis_recent/when_what_mechanisms_20260921/00_raw/wastesorting/scene_02/ours/run_08_seed_1669852028/exp_wastesorting_20260921_014336_377295.txt,experiments_logs/analysis_recent/when_what_mechanisms_20260921/00_raw/wastesorting/scene_02/value_when/run_08_seed_1669852028/exp_wastesorting_20260921_041020_398015.txt,1,0,7.0,3.0,-0.39470000000000005,20.0
wastesorting,02,1679391382,ours,value_when,experiments_logs/analysis_recent/when_what_mechanisms_20260921/00_raw/wastesorting/scene_02/ours/run_04_seed_1679391382/exp_wastesorting_20260921_014330_805740.txt,experiments_logs/analysis_recent/when_what_mechanisms_20260921/00_raw/wastesorting/scene_02/value_when/run_04_seed_1679391382/exp_wastesorting_20260921_041012_912767.txt,1,1,5.0,0.0,-0.7832,0.0
wastesorting,02,1684512935,ours,value_when,experiments_logs/analysis_recent/when_what_mechanisms_20260921/00_raw/wastesorting/scene_02/ours/run_12_seed_1684512935/exp_wastesorting_20260921_014342_442168.txt,experiments_logs/analysis_recent/when_what_mechanisms_20260921/00_raw/wastesorting/scene_02/value_when/run_12_seed_1684512935/exp_wastesorting_20260921_041029_800842.txt,1,0,7.0,0.0,-0.8518000000000001,15.0
wastesorting,02,1859675682,ours,value_when,experiments_logs/analysis_recent/when_what_mechanisms_20260921/00_raw/wastesorting/scene_02/ours/run_32_seed_1859675682/exp_wastesorting_20260921_014410_561261.txt,experiments_logs/analysis_recent/when_what_mechanisms_20260921/00_raw/wastesorting/scene_02/value_when/run_32_seed_1859675682/exp_wastesorting_20260921_041109_853693.txt,1,1,6.0,-1.0,-0.8140999999999999,-15.0
wastesorting,02,1960486937,ours,value_when,experiments_logs/analysis_recent/when_what_mechanisms_20260921/00_raw/wastesorting/scene_02/ours/run_18_seed_1960486937/exp_wastesorting_20260921_014350_678636.txt,experiments_logs/analysis_recent/when_what_mechanisms_20260921/00_raw/wastesorting/scene_02/value_when/run_18_seed_1960486937/exp_wastesorting_20260921_041041_379782.txt,1,1,5.0,0.0,-0.8092,0.0
wastesorting,02,2006819571,ours,value_when,experiments_logs/analysis_recent/when_what_mechanisms_20260921/00_raw/wastesorting/scene_02/ours/run_30_seed_2006819571/exp_wastesorting_20260921_014407_606442.txt,experiments_logs/analysis_recent/when_what_mechanisms_20260921/00_raw/wastesorting/scene_02/value_when/run_30_seed_2006819571/exp_wastesorting_20260921_041105_861456.txt,1,1,6.0,0.0,-0.7513000000000001,0.0
wastesorting,02,2156641990,ours,value_when,experiments_logs/analysis_recent/when_what_mechanisms_20260921/00_raw/wastesorting/scene_02/ours/run_01_seed_2156641990/exp_wastesorting_20260921_014326_506358.txt,experiments_logs/analysis_recent/when_what_mechanisms_20260921/00_raw/wastesorting/scene_02/value_when/run_01_seed_2156641990/exp_wastesorting_20260921_041006_466329.txt,1,0,9.0,7.0,-0.026799999999999935,30.0
wastesorting,02,2175442287,ours,value_when,experiments_logs/analysis_recent/when_what_mechanisms_20260921/00_raw/wastesorting/scene_02/ours/run_20_seed_2175442287/exp_wastesorting_20260921_014353_488618.txt,experiments_logs/analysis_recent/when_what_mechanisms_20260921/00_raw/wastesorting/scene_02/value_when/run_20_seed_2175442287/exp_wastesorting_20260921_041045_224280.txt,1,1,6.0,-1.0,-0.7194,-15.0
wastesorting,02,2226175700,ours,value_when,experiments_logs/analysis_recent/when_what_mechanisms_20260921/00_raw/wastesorting/scene_02/ours/run_39_seed_2226175700/exp_wastesorting_20260921_014420_411717.txt,experiments_logs/analysis_recent/when_what_mechanisms_20260921/00_raw/wastesorting/scene_02/value_when/run_39_seed_2226175700/exp_wastesorting_20260921_041123_576034.txt,1,1,4.0,-1.0,-0.8469,-15.0
wastesorting,02,2314118130,ours,value_when,experiments_logs/analysis_recent/when_what_mechanisms_20260921/00_raw/wastesorting/scene_02/ours/run_09_seed_2314118130/exp_wastesorting_20260921_014337_789816.txt,experiments_logs/analysis_recent/when_what_mechanisms_20260921/00_raw/wastesorting/scene_02/value_when/run_09_seed_2314118130/exp_wastesorting_20260921_041022_525053.txt,1,1,5.0,0.0,-0.7216999999999999,0.0
wastesorting,02,2497538083,ours,value_when,experiments_logs/analysis_recent/when_what_mechanisms_20260921/00_raw/wastesorting/scene_02/ours/run_22_seed_2497538083/exp_wastesorting_20260921_014356_351029.txt,experiments_logs/analysis_recent/when_what_mechanisms_20260921/00_raw/wastesorting/scene_02/value_when/run_22_seed_2497538083/exp_wastesorting_20260921_041049_505004.txt,1,0,6.0,0.0,-0.6989000000000001,15.0
wastesorting,02,2628956077,ours,value_when,experiments_logs/analysis_recent/when_what_mechanisms_20260921/00_raw/wastesorting/scene_02/ours/run_07_seed_2628956077/exp_wastesorting_20260921_014334_954988.txt,experiments_logs/analysis_recent/when_what_mechanisms_20260921/00_raw/wastesorting/scene_02/value_when/run_07_seed_2628956077/exp_wastesorting_20260921_041018_582470.txt,1,1,5.0,0.0,-0.808,0.0
wastesorting,02,2679542969,ours,value_when,experiments_logs/analysis_recent/when_what_mechanisms_20260921/00_raw/wastesorting/scene_02/ours/run_37_seed_2679542969/exp_wastesorting_20260921_014417_669795.txt,experiments_logs/analysis_recent/when_what_mechanisms_20260921/00_raw/wastesorting/scene_02/value_when/run_37_seed_2679542969/exp_wastesorting_20260921_041119_581034.txt,1,0,7.0,7.0,-0.033400000000000096,30.0
wastesorting,02,2681088983,ours,value_when,experiments_logs/analysis_recent/when_what_mechanisms_20260921/00_raw/wastesorting/scene_02/ours/run_33_seed_2681088983/exp_wastesorting_20260921_014411_988672.txt,experiments_logs/analysis_recent/when_what_mechanisms_20260921/00_raw/wastesorting/scene_02/value_when/run_33_seed_2681088983/exp_wastesorting_20260921_041112_154573.txt,1,1,4.0,0.0,-0.8796,0.0
wastesorting,02,2903446598,ours,value_when,experiments_logs/analysis_recent/when_what_mechanisms_20260921/00_raw/wastesorting/scene_02/ours/run_34_seed_2903446598/exp_wastesorting_20260921_014413_479356.txt,experiments_logs/analysis_recent/when_what_mechanisms_20260921/00_raw/wastesorting/scene_02/value_when/run_34_seed_2903446598/exp_wastesorting_20260921_041114_413083.txt,1,0,8.0,0.0,-0.7717,15.0
wastesorting,02,3041513348,ours,value_when,experiments_logs/analysis_recent/when_what_mechanisms_20260921/00_raw/wastesorting/scene_02/ours/run_28_seed_3041513348/exp_wastesorting_20260921_014404_821644.txt,experiments_logs/analysis_recent/when_what_mechanisms_20260921/00_raw/wastesorting/scene_02/value_when/run_28_seed_3041513348/exp_wastesorting_20260921_041102_113936.txt,1,1,6.0,-1.0,-0.9123,-5.0
wastesorting,02,3100998094,ours,value_when,experiments_logs/analysis_recent/when_what_mechanisms_20260921/00_raw/wastesorting/scene_02/ours/run_29_seed_3100998094/exp_wastesorting_20260921_014406_217033.txt,experiments_logs/analysis_recent/when_what_mechanisms_20260921/00_raw/wastesorting/scene_02/value_when/run_29_seed_3100998094/exp_wastesorting_20260921_041103_735226.txt,1,0,7.0,5.0,-0.22409999999999997,25.0
wastesorting,02,3132007216,ours,value_when,experiments_logs/analysis_recent/when_what_mechanisms_20260921/00_raw/wastesorting/scene_02/ours/run_14_seed_3132007216/exp_wastesorting_20260921_014345_232461.txt,experiments_logs/analysis_recent/when_what_mechanisms_20260921/00_raw/wastesorting/scene_02/value_when/run_14_seed_3132007216/exp_wastesorting_20260921_041033_649409.txt,1,0,8.0,3.0,-0.354,20.0
wastesorting,02,3361930932,ours,value_when,experiments_logs/analysis_recent/when_what_mechanisms_20260921/00_raw/wastesorting/scene_02/ours/run_36_seed_3361930932/exp_wastesorting_20260921_014416_285199.txt,experiments_logs/analysis_recent/when_what_mechanisms_20260921/00_raw/wastesorting/scene_02/value_when/run_36_seed_3361930932/exp_wastesorting_20260921_041118_157846.txt,1,1,6.0,0.0,-0.7111999999999999,0.0
wastesorting,02,3666558197,ours,value_when,experiments_logs/analysis_recent/when_what_mechanisms_20260921/00_raw/wastesorting/scene_02/ours/run_25_seed_3666558197/exp_wastesorting_20260921_014400_591386.txt,experiments_logs/analysis_recent/when_what_mechanisms_20260921/00_raw/wastesorting/scene_02/value_when/run_25_seed_3666558197/exp_wastesorting_20260921_041055_805327.txt,1,1,4.0,0.0,-0.6902999999999999,0.0
wastesorting,02,3749131969,ours,value_when,experiments_logs/analysis_recent/when_what_mechanisms_20260921/00_raw/wastesorting/scene_02/ours/run_40_seed_3749131969/exp_wastesorting_20260921_014421_830493.txt,experiments_logs/analysis_recent/when_what_mechanisms_20260921/00_raw/wastesorting/scene_02/value_when/run_40_seed_3749131969/exp_wastesorting_20260921_041125_805542.txt,1,1,5.0,0.0,-0.8165999999999999,0.0
wastesorting,02,3750062435,ours,value_when,experiments_logs/analysis_recent/when_what_mechanisms_20260921/00_raw/wastesorting/scene_02/ours/run_24_seed_3750062435/exp_wastesorting_20260921_014359_191092.txt,experiments_logs/analysis_recent/when_what_mechanisms_20260921/00_raw/wastesorting/scene_02/value_when/run_24_seed_3750062435/exp_wastesorting_20260921_041053_729194.txt,1,1,3.0,0.0,-0.7658,0.0
wastesorting,02,3794247199,ours,value_when,experiments_logs/analysis_recent/when_what_mechanisms_20260921/00_raw/wastesorting/scene_02/ours/run_06_seed_3794247199/exp_wastesorting_20260921_014333_557759.txt,experiments_logs/analysis_recent/when_what_mechanisms_20260921/00_raw/wastesorting/scene_02/value_when/run_06_seed_3794247199/exp_wastesorting_20260921_041016_387788.txt,1,1,5.0,0.0,-0.7142999999999999,0.0
wastesorting,02,3820178410,ours,value_when,experiments_logs/analysis_recent/when_what_mechanisms_20260921/00_raw/wastesorting/scene_02/ours/run_11_seed_3820178410/exp_wastesorting_20260921_014341_037057.txt,experiments_logs/analysis_recent/when_what_mechanisms_20260921/00_raw/wastesorting/scene_02/value_when/run_11_seed_3820178410/exp_wastesorting_20260921_041027_545015.txt,1,1,6.0,1.0,-0.7464,0.0
wastesorting,02,4052769592,ours,value_when,experiments_logs/analysis_recent/when_what_mechanisms_20260921/00_raw/wastesorting/scene_02/ours/run_16_seed_4052769592/exp_wastesorting_20260921_014347_943626.txt,experiments_logs/analysis_recent/when_what_mechanisms_20260921/00_raw/wastesorting/scene_02/value_when/run_16_seed_4052769592/exp_wastesorting_20260921_041037_092125.txt,1,0,9.0,8.0,0.018100000000000005,30.0
wastesorting,02,4053942929,ours,value_when,experiments_logs/analysis_recent/when_what_mechanisms_20260921/00_raw/wastesorting/scene_02/ours/run_26_seed_4053942929/exp_wastesorting_20260921_014402_005406.txt,experiments_logs/analysis_recent/when_what_mechanisms_20260921/00_raw/wastesorting/scene_02/value_when/run_26_seed_4053942929/exp_wastesorting_20260921_041057_984256.txt,1,1,5.0,0.0,-0.7605,0.0
wastesorting,02,4138266715,ours,value_when,experiments_logs/analysis_recent/when_what_mechanisms_20260921/00_raw/wastesorting/scene_02/ours/run_35_seed_4138266715/exp_wastesorting_20260921_014414_859806.txt,experiments_logs/analysis_recent/when_what_mechanisms_20260921/00_raw/wastesorting/scene_02/value_when/run_35_seed_4138266715/exp_wastesorting_20260921_041116_021209.txt,1,0,11.0,5.0,-0.2257,25.0
wastesorting,02,431660203,ours,value_when,experiments_logs/analysis_recent/when_what_mechanisms_20260921/00_raw/wastesorting/scene_02/ours/run_15_seed_431660203/exp_wastesorting_20260921_014346_558276.txt,experiments_logs/analysis_recent/when_what_mechanisms_20260921/00_raw/wastesorting/scene_02/value_when/run_15_seed_431660203/exp_wastesorting_20260921_041035_710711.txt,1,0,5.0,0.0,-0.7383000000000001,15.0
wastesorting,02,604661570,ours,value_when,experiments_logs/analysis_recent/when_what_mechanisms_20260921/00_raw/wastesorting/scene_02/ours/run_31_seed_604661570/exp_wastesorting_20260921_014409_089368.txt,experiments_logs/analysis_recent/when_what_mechanisms_20260921/00_raw/wastesorting/scene_02/value_when/run_31_seed_604661570/exp_wastesorting_20260921_041107_568121.txt,1,0,8.0,5.0,-0.21289999999999998,10.0
wastesorting,02,715488211,ours,value_when,experiments_logs/analysis_recent/when_what_mechanisms_20260921/00_raw/wastesorting/scene_02/ours/run_02_seed_715488211/exp_wastesorting_20260921_014327_924195.txt,experiments_logs/analysis_recent/when_what_mechanisms_20260921/00_raw/wastesorting/scene_02/value_when/run_02_seed_715488211/exp_wastesorting_20260921_041008_585196.txt,1,1,5.0,0.0,-0.7025,0.0
wastesorting,02,800159661,ours,value_when,experiments_logs/analysis_recent/when_what_mechanisms_20260921/00_raw/wastesorting/scene_02/ours/run_13_seed_800159661/exp_wastesorting_20260921_014343_840943.txt,experiments_logs/analysis_recent/when_what_mechanisms_20260921/00_raw/wastesorting/scene_02/value_when/run_13_seed_800159661/exp_wastesorting_20260921_041031_909164.txt,1,1,5.0,0.0,-0.7026999999999999,0.0
wastesorting,02,92232459,ours,value_when,experiments_logs/analysis_recent/when_what_mechanisms_20260921/00_raw/wastesorting/scene_02/ours/run_23_seed_92232459/exp_wastesorting_20260921_014357_791923.txt,experiments_logs/analysis_recent/when_what_mechanisms_20260921/00_raw/wastesorting/scene_02/value_when/run_23_seed_92232459/exp_wastesorting_20260921_041051_568778.txt,1,1,5.0,0.0,-0.6265,0.0
wastesorting,03,1010706734,ours,value_when,experiments_logs/analysis_recent/when_what_mechanisms_20260921/00_raw/wastesorting/scene_03/ours/run_15_seed_1010706734/exp_wastesorting_20260921_014443_123684.txt,experiments_logs/analysis_recent/when_what_mechanisms_20260921/00_raw/wastesorting/scene_03/value_when/run_15_seed_1010706734/exp_wastesorting_20260921_041156_653609.txt,1,1,5.0,0.0,-0.752,0.0
wastesorting,03,1065524053,ours,value_when,experiments_logs/analysis_recent/when_what_mechanisms_20260921/00_raw/wastesorting/scene_03/ours/run_37_seed_1065524053/exp_wastesorting_20260921_014514_569278.txt,experiments_logs/analysis_recent/when_what_mechanisms_20260921/00_raw/wastesorting/scene_03/value_when/run_37_seed_1065524053/exp_wastesorting_20260921_041239_145709.txt,1,0,14.0,5.0,-0.4407000000000001,25.0
wastesorting,03,1123572063,ours,value_when,experiments_logs/analysis_recent/when_what_mechanisms_20260921/00_raw/wastesorting/scene_03/ours/run_29_seed_1123572063/exp_wastesorting_20260921_014502_835607.txt,experiments_logs/analysis_recent/when_what_mechanisms_20260921/00_raw/wastesorting/scene_03/value_when/run_29_seed_1123572063/exp_wastesorting_20260921_041223_633710.txt,1,1,5.0,0.0,-0.7277999999999999,0.0
wastesorting,03,1198822842,ours,value_when,experiments_logs/analysis_recent/when_what_mechanisms_20260921/00_raw/wastesorting/scene_03/ours/run_39_seed_1198822842/exp_wastesorting_20260921_014517_496462.txt,experiments_logs/analysis_recent/when_what_mechanisms_20260921/00_raw/wastesorting/scene_03/value_when/run_39_seed_1198822842/exp_wastesorting_20260921_041243_061526.txt,1,0,9.0,5.0,-0.28490000000000015,25.0
wastesorting,03,1263200062,ours,value_when,experiments_logs/analysis_recent/when_what_mechanisms_20260921/00_raw/wastesorting/scene_03/ours/run_08_seed_1263200062/exp_wastesorting_20260921_014433_248754.txt,experiments_logs/analysis_recent/when_what_mechanisms_20260921/00_raw/wastesorting/scene_03/value_when/run_08_seed_1263200062/exp_wastesorting_20260921_041142_229675.txt,1,1,6.0,0.0,-0.8006,0.0
wastesorting,03,1312241461,ours,value_when,experiments_logs/analysis_recent/when_what_mechanisms_20260921/00_raw/wastesorting/scene_03/ours/run_20_seed_1312241461/exp_wastesorting_20260921_014450_301679.txt,experiments_logs/analysis_recent/when_what_mechanisms_20260921/00_raw/wastesorting/scene_03/value_when/run_20_seed_1312241461/exp_wastesorting_20260921_041205_958751.txt,1,0,9.0,8.0,0.07189999999999996,30.0
wastesorting,03,1429072852,ours,value_when,experiments_logs/analysis_recent/when_what_mechanisms_20260921/00_raw/wastesorting/scene_03/ours/run_38_seed_1429072852/exp_wastesorting_20260921_014515_974322.txt,experiments_logs/analysis_recent/when_what_mechanisms_20260921/00_raw/wastesorting/scene_03/value_when/run_38_seed_1429072852/exp_wastesorting_20260921_041241_249655.txt,1,1,6.0,0.0,-0.6894999999999999,0.0
wastesorting,03,151419445,ours,value_when,experiments_logs/analysis_recent/when_what_mechanisms_20260921/00_raw/wastesorting/scene_03/ours/run_05_seed_151419445/exp_wastesorting_20260921_014428_924836.txt,experiments_logs/analysis_recent/when_what_mechanisms_20260921/00_raw/wastesorting/scene_03/value_when/run_05_seed_151419445/exp_wastesorting_20260921_041136_034022.txt,1,0,12.0,8.0,-0.08430000000000004,15.0
wastesorting,03,1682900593,ours,value_when,experiments_logs/analysis_recent/when_what_mechanisms_20260921/00_raw/wastesorting/scene_03/ours/run_23_seed_1682900593/exp_wastesorting_20260921_014454_419689.txt,experiments_logs/analysis_recent/when_what_mechanisms_20260921/00_raw/wastesorting/scene_03/value_when/run_23_seed_1682900593/exp_wastesorting_20260921_041211_835593.txt,1,0,8.0,5.0,-0.25470000000000015,10.0
wastesorting,03,1757091912,ours,value_when,experiments_logs/analysis_recent/when_what_mechanisms_20260921/00_raw/wastesorting/scene_03/ours/run_11_seed_1757091912/exp_wastesorting_20260921_014437_439739.txt,experiments_logs/analysis_recent/when_what_mechanisms_20260921/00_raw/wastesorting/scene_03/value_when/run_11_seed_1757091912/exp_wastesorting_20260921_041148_525220.txt,1,1,5.0,0.0,-0.688,0.0
wastesorting,03,1790509877,ours,value_when,experiments_logs/analysis_recent/when_what_mechanisms_20260921/00_raw/wastesorting/scene_03/ours/run_16_seed_1790509877/exp_wastesorting_20260921_014444_500617.txt,experiments_logs/analysis_recent/when_what_mechanisms_20260921/00_raw/wastesorting/scene_03/value_when/run_16_seed_1790509877/exp_wastesorting_20260921_041158_764587.txt,1,1,5.0,0.0,-0.7339,0.0
wastesorting,03,1849750684,ours,value_when,experiments_logs/analysis_recent/when_what_mechanisms_20260921/00_raw/wastesorting/scene_03/ours/run_21_seed_1849750684/exp_wastesorting_20260921_014451_635543.txt,experiments_logs/analysis_recent/when_what_mechanisms_20260921/00_raw/wastesorting/scene_03/value_when/run_21_seed_1849750684/exp_wastesorting_20260921_041207_985530.txt,1,1,5.0,0.0,-0.6789,0.0
wastesorting,03,1862543915,ours,value_when,experiments_logs/analysis_recent/when_what_mechanisms_20260921/00_raw/wastesorting/scene_03/ours/run_17_seed_1862543915/exp_wastesorting_20260921_014445_918687.txt,experiments_logs/analysis_recent/when_what_mechanisms_20260921/00_raw/wastesorting/scene_03/value_when/run_17_seed_1862543915/exp_wastesorting_20260921_041200_413677.txt,1,0,9.0,5.0,-0.2380000000000001,25.0
wastesorting,03,1932548607,ours,value_when,experiments_logs/analysis_recent/when_what_mechanisms_20260921/00_raw/wastesorting/scene_03/ours/run_28_seed_1932548607/exp_wastesorting_20260921_014501_383333.txt,experiments_logs/analysis_recent/when_what_mechanisms_20260921/00_raw/wastesorting/scene_03/value_when/run_28_seed_1932548607/exp_wastesorting_20260921_041221_461058.txt,1,1,7.0,-1.0,-0.7721,-15.0
wastesorting,03,1971182115,ours,value_when,experiments_logs/analysis_recent/when_what_mechanisms_20260921/00_raw/wastesorting/scene_03/ours/run_02_seed_1971182115/exp_wastesorting_20260921_014424_627147.txt,experiments_logs/analysis_recent/when_what_mechanisms_20260921/00_raw/wastesorting/scene_03/value_when/run_02_seed_1971182115/exp_wastesorting_20260921_041130_083138.txt,1,1,5.0,0.0,-0.7621999999999999,0.0
wastesorting,03,2090573975,ours,value_when,experiments_logs/analysis_recent/when_what_mechanisms_20260921/00_raw/wastesorting/scene_03/ours/run_27_seed_2090573975/exp_wastesorting_20260921_014500_001010.txt,experiments_logs/analysis_recent/when_what_mechanisms_20260921/00_raw/wastesorting/scene_03/value_when/run_27_seed_2090573975/exp_wastesorting_20260921_041219_307997.txt,1,1,5.0,0.0,-0.6676,0.0
wastesorting,03,2160290877,ours,value_when,experiments_logs/analysis_recent/when_what_mechanisms_20260921/00_raw/wastesorting/scene_03/ours/run_07_seed_2160290877/exp_wastesorting_20260921_014431_798161.txt,experiments_logs/analysis_recent/when_what_mechanisms_20260921/00_raw/wastesorting/scene_03/value_when/run_07_seed_2160290877/exp_wastesorting_20260921_041139_971418.txt,1,0,6.0,-1.0,-0.7992,0.0
wastesorting,03,2192330955,ours,value_when,experiments_logs/analysis_recent/when_what_mechanisms_20260921/00_raw/wastesorting/scene_03/ours/run_26_seed_2192330955/exp_wastesorting_20260921_014458_613022.txt,experiments_logs/analysis_recent/when_what_mechanisms_20260921/00_raw/wastesorting/scene_03/value_when/run_26_seed_2192330955/exp_wastesorting_20260921_041217_250383.txt,1,1,5.0,0.0,-0.7895000000000001,0.0
wastesorting,03,2200107462,ours,value_when,experiments_logs/analysis_recent/when_what_mechanisms_20260921/00_raw/wastesorting/scene_03/ours/run_36_seed_2200107462/exp_wastesorting_20260921_014512_913436.txt,experiments_logs/analysis_recent/when_what_mechanisms_20260921/00_raw/wastesorting/scene_03/value_when/run_36_seed_2200107462/exp_wastesorting_20260921_041237_058309.txt,1,1,7.0,-1.0,-0.7996,-15.0
wastesorting,03,2394637227,ours,value_when,experiments_logs/analysis_recent/when_what_mechanisms_20260921/00_raw/wastesorting/scene_03/ours/run_03_seed_2394637227/exp_wastesorting_20260921_014426_133548.txt,experiments_logs/analysis_recent/when_what_mechanisms_20260921/00_raw/wastesorting/scene_03/value_when/run_03_seed_2394637227/exp_wastesorting_20260921_041132_399667.txt,1,1,6.0,0.0,-0.8142,0.0
wastesorting,03,2442584840,ours,value_when,experiments_logs/analysis_recent/when_what_mechanisms_20260921/00_raw/wastesorting/scene_03/ours/run_09_seed_2442584840/exp_wastesorting_20260921_014434_640354.txt,experiments_logs/analysis_recent/when_what_mechanisms_20260921/00_raw/wastesorting/scene_03/value_when/run_09_seed_2442584840/exp_wastesorting_20260921_041144_314913.txt,1,1,6.0,0.0,-0.6901999999999999,0.0
wastesorting,03,2815362486,ours,value_when,experiments_logs/analysis_recent/when_what_mechanisms_20260921/00_raw/wastesorting/scene_03/ours/run_24_seed_2815362486/exp_wastesorting_20260921_014455_775930.txt,experiments_logs/analysis_recent/when_what_mechanisms_20260921/00_raw/wastesorting/scene_03/value_when/run_24_seed_2815362486/exp_wastesorting_20260921_041213_402315.txt,1,0,10.0,5.0,-0.20879999999999999,10.0
wastesorting,03,2836132436,ours,value_when,experiments_logs/analysis_recent/when_what_mechanisms_20260921/00_raw/wastesorting/scene_03/ours/run_18_seed_2836132436/exp_wastesorting_20260921_014447_380436.txt,experiments_logs/analysis_recent/when_what_mechanisms_20260921/00_raw/wastesorting/scene_03/value_when/run_18_seed_2836132436/exp_wastesorting_20260921_041202_303776.txt,1,0,8.0,3.0,-0.4292999999999999,20.0
wastesorting,03,3532582087,ours,value_when,experiments_logs/analysis_recent/when_what_mechanisms_20260921/00_raw/wastesorting/scene_03/ours/run_22_seed_3532582087/exp_wastesorting_20260921_014453_041178.txt,experiments_logs/analysis_recent/when_what_mechanisms_20260921/00_raw/wastesorting/scene_03/value_when/run_22_seed_3532582087/exp_wastesorting_20260921_041210_201378.txt,1,1,6.0,0.0,-0.8039999999999999,0.0
wastesorting,03,3544407771,ours,value_when,experiments_logs/analysis_recent/when_what_mechanisms_20260921/00_raw/wastesorting/scene_03/ours/run_04_seed_3544407771/exp_wastesorting_20260921_014427_520096.txt,experiments_logs/analysis_recent/when_what_mechanisms_20260921/00_raw/wastesorting/scene_03/value_when/run_04_seed_3544407771/exp_wastesorting_20260921_041134_550155.txt,1,1,7.0,0.0,-0.7657,-20.0
wastesorting,03,3643526193,ours,value_when,experiments_logs/analysis_recent/when_what_mechanisms_20260921/00_raw/wastesorting/scene_03/ours/run_32_seed_3643526193/exp_wastesorting_20260921_014507_114684.txt,experiments_logs/analysis_recent/when_what_mechanisms_20260921/00_raw/wastesorting/scene_03/value_when/run_32_seed_3643526193/exp_wastesorting_20260921_041229_796028.txt,1,1,5.0,0.0,-0.7118999999999999,0.0
wastesorting,03,3734705447,ours,value_when,experiments_logs/analysis_recent/when_what_mechanisms_20260921/00_raw/wastesorting/scene_03/ours/run_13_seed_3734705447/exp_wastesorting_20260921_014440_298737.txt,experiments_logs/analysis_recent/when_what_mechanisms_20260921/00_raw/wastesorting/scene_03/value_when/run_13_seed_3734705447/exp_wastesorting_20260921_041152_337956.txt,1,1,9.0,0.0,-0.8180999999999999,0.0
wastesorting,03,3772505736,ours,value_when,experiments_logs/analysis_recent/when_what_mechanisms_20260921/00_raw/wastesorting/scene_03/ours/run_35_seed_3772505736/exp_wastesorting_20260921_014511_462926.txt,experiments_logs/analysis_recent/when_what_mechanisms_20260921/00_raw/wastesorting/scene_03/value_when/run_35_seed_3772505736/exp_wastesorting_20260921_041234_815245.txt,1,0,9.0,8.0,-0.012800000000000034,30.0
wastesorting,03,3925417317,ours,value_when,experiments_logs/analysis_recent/when_what_mechanisms_20260921/00_raw/wastesorting/scene_03/ours/run_33_seed_3925417317/exp_wastesorting_20260921_014508_543263.txt,experiments_logs/analysis_recent/when_what_mechanisms_20260921/00_raw/wastesorting/scene_03/value_when/run_33_seed_3925417317/exp_wastesorting_20260921_041231_429570.txt,1,0,10.0,5.0,-0.2188000000000001,10.0
wastesorting,03,3952233946,ours,value_when,experiments_logs/analysis_recent/when_what_mechanisms_20260921/00_raw/wastesorting/scene_03/ours/run_34_seed_3952233946/exp_wastesorting_20260921_014510_061026.txt,experiments_logs/analysis_recent/when_what_mechanisms_20260921/00_raw/wastesorting/scene_03/value_when/run_34_seed_3952233946/exp_wastesorting_20260921_041233_407680.txt,1,0,11.0,3.0,-0.4748999999999999,5.0
wastesorting,03,408728855,ours,value_when,experiments_logs/analysis_recent/when_what_mechanisms_20260921/00_raw/wastesorting/scene_03/ours/run_25_seed_408728855/exp_wastesorting_20260921_014457_185359.txt,experiments_logs/analysis_recent/when_what_mechanisms_20260921/00_raw/wastesorting/scene_03/value_when/run_25_seed_408728855/exp_wastesorting_20260921_041215_034893.txt,1,0,10.0,5.0,-0.2235999999999999,25.0
wastesorting,03,4128056421,ours,value_when,experiments_logs/analysis_recent/when_what_mechanisms_20260921/00_raw/wastesorting/scene_03/ours/run_30_seed_4128056421/exp_wastesorting_20260921_014504_272458.txt,experiments_logs/analysis_recent/when_what_mechanisms_20260921/00_raw/wastesorting/scene_03/value_when/run_30_seed_4128056421/exp_wastesorting_20260921_041225_444040.txt,1,0,9.0,3.0,-0.368,20.0
wastesorting,03,4248209127,ours,value_when,experiments_logs/analysis_recent/when_what_mechanisms_20260921/00_raw/wastesorting/scene_03/ours/run_19_seed_4248209127/exp_wastesorting_20260921_014448_815811.txt,experiments_logs/analysis_recent/when_what_mechanisms_20260921/00_raw/wastesorting/scene_03/value_when/run_19_seed_4248209127/exp_wastesorting_20260921_041204_547472.txt,1,1,5.0,0.0,-0.8148000000000001,0.0
wastesorting,03,428908864,ours,value_when,experiments_logs/analysis_recent/when_what_mechanisms_20260921/00_raw/wastesorting/scene_03/ours/run_31_seed_428908864/exp_wastesorting_20260921_014505_681454.txt,experiments_logs/analysis_recent/when_what_mechanisms_20260921/00_raw/wastesorting/scene_03/value_when/run_31_seed_428908864/exp_wastesorting_20260921_041227_649722.txt,1,1,5.0,0.0,-0.7933000000000001,0.0
wastesorting,03,703706258,ours,value_when,experiments_logs/analysis_recent/when_what_mechanisms_20260921/00_raw/wastesorting/scene_03/ours/run_12_seed_703706258/exp_wastesorting_20260921_014438_868395.txt,experiments_logs/analysis_recent/when_what_mechanisms_20260921/00_raw/wastesorting/scene_03/value_when/run_12_seed_703706258/exp_wastesorting_20260921_041150_089836.txt,1,0,10.0,7.0,-0.13019999999999998,10.0
wastesorting,03,808931924,ours,value_when,experiments_logs/analysis_recent/when_what_mechanisms_20260921/00_raw/wastesorting/scene_03/ours/run_14_seed_808931924/exp_wastesorting_20260921_014441_701397.txt,experiments_logs/analysis_recent/when_what_mechanisms_20260921/00_raw/wastesorting/scene_03/value_when/run_14_seed_808931924/exp_wastesorting_20260921_041154_480625.txt,1,1,5.0,0.0,-0.7444,0.0
wastesorting,03,864565644,ours,value_when,experiments_logs/analysis_recent/when_what_mechanisms_20260921/00_raw/wastesorting/scene_03/ours/run_40_seed_864565644/exp_wastesorting_20260921_014518_924613.txt,experiments_logs/analysis_recent/when_what_mechanisms_20260921/00_raw/wastesorting/scene_03/value_when/run_40_seed_864565644/exp_wastesorting_20260921_041244_495580.txt,1,0,13.0,7.0,-0.005800000000000027,30.0
wastesorting,03,878097152,ours,value_when,experiments_logs/analysis_recent/when_what_mechanisms_20260921/00_raw/wastesorting/scene_03/ours/run_06_seed_878097152/exp_wastesorting_20260921_014430_395374.txt,experiments_logs/analysis_recent/when_what_mechanisms_20260921/00_raw/wastesorting/scene_03/value_when/run_06_seed_878097152/exp_wastesorting_20260921_041137_770697.txt,1,0,7.0,5.0,-0.27169999999999994,25.0
wastesorting,03,935228514,ours,value_when,experiments_logs/analysis_recent/when_what_mechanisms_20260921/00_raw/wastesorting/scene_03/ours/run_01_seed_935228514/exp_wastesorting_20260921_014423_259381.txt,experiments_logs/analysis_recent/when_what_mechanisms_20260921/00_raw/wastesorting/scene_03/value_when/run_01_seed_935228514/exp_wastesorting_20260921_041127_950490.txt,1,1,5.0,0.0,-0.7089999999999999,0.0
wastesorting,03,995062266,ours,value_when,experiments_logs/analysis_recent/when_what_mechanisms_20260921/00_raw/wastesorting/scene_03/ours/run_10_seed_995062266/exp_wastesorting_20260921_014436_073481.txt,experiments_logs/analysis_recent/when_what_mechanisms_20260921/00_raw/wastesorting/scene_03/value_when/run_10_seed_995062266/exp_wastesorting_20260921_041146_475274.txt,1,1,6.0,0.0,-0.7234999999999999,0.0
wastesorting,04,1105776053,ours,value_when,experiments_logs/analysis_recent/when_what_mechanisms_20260921/00_raw/wastesorting/scene_04/ours/run_13_seed_1105776053/exp_wastesorting_20260921_014537_793079.txt,experiments_logs/analysis_recent/when_what_mechanisms_20260921/00_raw/wastesorting/scene_04/value_when/run_13_seed_1105776053/exp_wastesorting_20260921_041310_343188.txt,1,0,11.0,2.0,-0.5770000000000001,5.0
wastesorting,04,1117810574,ours,value_when,experiments_logs/analysis_recent/when_what_mechanisms_20260921/00_raw/wastesorting/scene_04/ours/run_39_seed_1117810574/exp_wastesorting_20260921_014615_860840.txt,experiments_logs/analysis_recent/when_what_mechanisms_20260921/00_raw/wastesorting/scene_04/value_when/run_39_seed_1117810574/exp_wastesorting_20260921_041404_263553.txt,1,0,8.0,5.0,-0.5789,25.0
wastesorting,04,1147895942,ours,value_when,experiments_logs/analysis_recent/when_what_mechanisms_20260921/00_raw/wastesorting/scene_04/ours/run_09_seed_1147895942/exp_wastesorting_20260921_014531_923492.txt,experiments_logs/analysis_recent/when_what_mechanisms_20260921/00_raw/wastesorting/scene_04/value_when/run_09_seed_1147895942/exp_wastesorting_20260921_041302_690954.txt,1,0,7.0,2.0,-0.5706999999999999,20.0
wastesorting,04,132699259,ours,value_when,experiments_logs/analysis_recent/when_what_mechanisms_20260921/00_raw/wastesorting/scene_04/ours/run_38_seed_132699259/exp_wastesorting_20260921_014614_249668.txt,experiments_logs/analysis_recent/when_what_mechanisms_20260921/00_raw/wastesorting/scene_04/value_when/run_38_seed_132699259/exp_wastesorting_20260921_041402_066037.txt,1,1,9.0,0.0,-1.0001,0.0
wastesorting,04,13571565,ours,value_when,experiments_logs/analysis_recent/when_what_mechanisms_20260921/00_raw/wastesorting/scene_04/ours/run_25_seed_13571565/exp_wastesorting_20260921_014555_242546.txt,experiments_logs/analysis_recent/when_what_mechanisms_20260921/00_raw/wastesorting/scene_04/value_when/run_25_seed_13571565/exp_wastesorting_20260921_041334_685396.txt,1,1,6.0,0.0,-0.836,0.0
wastesorting,04,1445352403,ours,value_when,experiments_logs/analysis_recent/when_what_mechanisms_20260921/00_raw/wastesorting/scene_04/ours/run_18_seed_1445352403/exp_wastesorting_20260921_014545_080541.txt,experiments_logs/analysis_recent/when_what_mechanisms_20260921/00_raw/wastesorting/scene_04/value_when/run_18_seed_1445352403/exp_wastesorting_20260921_041320_163600.txt,1,1,10.0,2.0,-0.9409000000000001,15.0
wastesorting,04,1493522614,ours,value_when,experiments_logs/analysis_recent/when_what_mechanisms_20260921/00_raw/wastesorting/scene_04/ours/run_24_seed_1493522614/exp_wastesorting_20260921_014553_795298.txt,experiments_logs/analysis_recent/when_what_mechanisms_20260921/00_raw/wastesorting/scene_04/value_when/run_24_seed_1493522614/exp_wastesorting_20260921_041332_408320.txt,1,1,6.0,0.0,-0.7635000000000001,0.0
wastesorting,04,1518896079,ours,value_when,experiments_logs/analysis_recent/when_what_mechanisms_20260921/00_raw/wastesorting/scene_04/ours/run_28_seed_1518896079/exp_wastesorting_20260921_014559_629519.txt,experiments_logs/analysis_recent/when_what_mechanisms_20260921/00_raw/wastesorting/scene_04/value_when/run_28_seed_1518896079/exp_wastesorting_20260921_041340_974701.txt,1,1,7.0,0.0,-0.8028,0.0
wastesorting,04,1619001990,ours,value_when,experiments_logs/analysis_recent/when_what_mechanisms_20260921/00_raw/wastesorting/scene_04/ours/run_21_seed_1619001990/exp_wastesorting_20260921_014549_397572.txt,experiments_logs/analysis_recent/when_what_mechanisms_20260921/00_raw/wastesorting/scene_04/value_when/run_21_seed_1619001990/exp_wastesorting_20260921_041325_494650.txt,1,0,10.0,6.0,-0.19209999999999994,15.0
wastesorting,04,1783261924,ours,value_when,experiments_logs/analysis_recent/when_what_mechanisms_20260921/00_raw/wastesorting/scene_04/ours/run_31_seed_1783261924/exp_wastesorting_20260921_014603_989780.txt,experiments_logs/analysis_recent/when_what_mechanisms_20260921/00_raw/wastesorting/scene_04/value_when/run_31_seed_1783261924/exp_wastesorting_20260921_041346_389177.txt,1,1,6.0,0.0,-0.7441000000000001,0.0
wastesorting,04,1838985415,ours,value_when,experiments_logs/analysis_recent/when_what_mechanisms_20260921/00_raw/wastesorting/scene_04/ours/run_02_seed_1838985415/exp_wastesorting_20260921_014521_828805.txt,experiments_logs/analysis_recent/when_what_mechanisms_20260921/00_raw/wastesorting/scene_04/value_when/run_02_seed_1838985415/exp_wastesorting_20260921_041249_092139.txt,1,1,7.0,0.0,-0.9262,0.0
wastesorting,04,1852316728,ours,value_when,experiments_logs/analysis_recent/when_what_mechanisms_20260921/00_raw/wastesorting/scene_04/ours/run_37_seed_1852316728/exp_wastesorting_20260921_014612_635975.txt,experiments_logs/analysis_recent/when_what_mechanisms_20260921/00_raw/wastesorting/scene_04/value_when/run_37_seed_1852316728/exp_wastesorting_20260921_041359_447194.txt,1,1,7.0,0.0,-1.0384000000000002,0.0
wastesorting,04,1973069430,ours,value_when,experiments_logs/analysis_recent/when_what_mechanisms_20260921/00_raw/wastesorting/scene_04/ours/run_03_seed_1973069430/exp_wastesorting_20260921_014523_267562.txt,experiments_logs/analysis_recent/when_what_mechanisms_20260921/00_raw/wastesorting/scene_04/value_when/run_03_seed_1973069430/exp_wastesorting_20260921_041251_398859.txt,1,1,6.0,0.0,-0.8584999999999999,0.0
wastesorting,04,2303938088,ours,value_when,experiments_logs/analysis_recent/when_what_mechanisms_20260921/00_raw/wastesorting/scene_04/ours/run_30_seed_2303938088/exp_wastesorting_20260921_014602_562679.txt,experiments_logs/analysis_recent/when_what_mechanisms_20260921/00_raw/wastesorting/scene_04/value_when/run_30_seed_2303938088/exp_wastesorting_20260921_041344_225337.txt,1,0,8.0,5.0,-0.2528,25.0
wastesorting,04,2350780499,ours,value_when,experiments_logs/analysis_recent/when_what_mechanisms_20260921/00_raw/wastesorting/scene_04/ours/run_06_seed_2350780499/exp_wastesorting_20260921_014527_558093.txt,experiments_logs/analysis_recent/when_what_mechanisms_20260921/00_raw/wastesorting/scene_04/value_when/run_06_seed_2350780499/exp_wastesorting_20260921_041257_454803.txt,1,1,6.0,0.0,-0.8789999999999999,0.0
wastesorting,04,2401657902,ours,value_when,experiments_logs/analysis_recent/when_what_mechanisms_20260921/00_raw/wastesorting/scene_04/ours/run_07_seed_2401657902/exp_wastesorting_20260921_014529_001472.txt,experiments_logs/analysis_recent/when_what_mechanisms_20260921/00_raw/wastesorting/scene_04/value_when/run_07_seed_2401657902/exp_wastesorting_20260921_041258_907858.txt,1,0,13.0,7.0,-0.013899999999999912,30.0
wastesorting,04,2413410080,ours,value_when,experiments_logs/analysis_recent/when_what_mechanisms_20260921/00_raw/wastesorting/scene_04/ours/run_19_seed_2413410080/exp_wastesorting_20260921_014546_499465.txt,experiments_logs/analysis_recent/when_what_mechanisms_20260921/00_raw/wastesorting/scene_04/value_when/run_19_seed_2413410080/exp_wastesorting_20260921_041321_618882.txt,1,0,12.0,7.0,-0.036900000000000044,15.0
wastesorting,04,2630099760,ours,value_when,experiments_logs/analysis_recent/when_what_mechanisms_20260921/00_raw/wastesorting/scene_04/ours/run_26_seed_2630099760/exp_wastesorting_20260921_014556_668007.txt,experiments_logs/analysis_recent/when_what_mechanisms_20260921/00_raw/wastesorting/scene_04/value_when/run_26_seed_2630099760/exp_wastesorting_20260921_041336_364833.txt,1,0,9.0,5.0,-0.2651,25.0
wastesorting,04,2877610580,ours,value_when,experiments_logs/analysis_recent/when_what_mechanisms_20260921/00_raw/wastesorting/scene_04/ours/run_36_seed_2877610580/exp_wastesorting_20260921_014611_030098.txt,experiments_logs/analysis_recent/when_what_mechanisms_20260921/00_raw/wastesorting/scene_04/value_when/run_36_seed_2877610580/exp_wastesorting_20260921_041356_796756.txt,1,1,6.0,0.0,-0.7666,0.0
wastesorting,04,2967203946,ours,value_when,experiments_logs/analysis_recent/when_what_mechanisms_20260921/00_raw/wastesorting/scene_04/ours/run_40_seed_2967203946/exp_wastesorting_20260921_014617_330787.txt,experiments_logs/analysis_recent/when_what_mechanisms_20260921/00_raw/wastesorting/scene_04/value_when/run_40_seed_2967203946/exp_wastesorting_20260921_041406_594190.txt,1,1,6.0,0.0,-0.8554999999999999,0.0
wastesorting,04,3110233099,ours,value_when,experiments_logs/analysis_recent/when_what_mechanisms_20260921/00_raw/wastesorting/scene_04/ours/run_12_seed_3110233099/exp_wastesorting_20260921_014536_309975.txt,experiments_logs/analysis_recent/when_what_mechanisms_20260921/00_raw/wastesorting/scene_04/value_when/run_12_seed_3110233099/exp_wastesorting_20260921_041308_289763.txt,1,0,12.0,8.0,0.05069999999999997,30.0
wastesorting,04,3182553066,ours,value_when,experiments_logs/analysis_recent/when_what_mechanisms_20260921/00_raw/wastesorting/scene_04/ours/run_08_seed_3182553066/exp_wastesorting_20260921_014530_489282.txt,experiments_logs/analysis_recent/when_what_mechanisms_20260921/00_raw/wastesorting/scene_04/value_when/run_08_seed_3182553066/exp_wastesorting_20260921_041300_676660.txt,1,0,9.0,7.0,-0.2865,15.0
wastesorting,04,3201562577,ours,value_when,experiments_logs/analysis_recent/when_what_mechanisms_20260921/00_raw/wastesorting/scene_04/ours/run_05_seed_3201562577/exp_wastesorting_20260921_014526_123245.txt,experiments_logs/analysis_recent/when_what_mechanisms_20260921/00_raw/wastesorting/scene_04/value_when/run_05_seed_3201562577/exp_wastesorting_20260921_041255_143168.txt,1,0,8.0,7.0,-0.10999999999999999,30.0
wastesorting,04,3291161639,ours,value_when,experiments_logs/analysis_recent/when_what_mechanisms_20260921/00_raw/wastesorting/scene_04/ours/run_01_seed_3291161639/exp_wastesorting_20260921_014520_343860.txt,experiments_logs/analysis_recent/when_what_mechanisms_20260921/00_raw/wastesorting/scene_04/value_when/run_01_seed_3291161639/exp_wastesorting_20260921_041246_676650.txt,1,0,8.0,0.0,-0.7605000000000001,5.0
wastesorting,04,3292785302,ours,value_when,experiments_logs/analysis_recent/when_what_mechanisms_20260921/00_raw/wastesorting/scene_04/ours/run_35_seed_3292785302/exp_wastesorting_20260921_014609_655793.txt,experiments_logs/analysis_recent/when_what_mechanisms_20260921/00_raw/wastesorting/scene_04/value_when/run_35_seed_3292785302/exp_wastesorting_20260921_041354_655917.txt,1,1,7.0,0.0,-0.7754,0.0
wastesorting,04,3310113005,ours,value_when,experiments_logs/analysis_recent/when_what_mechanisms_20260921/00_raw/wastesorting/scene_04/ours/run_20_seed_3310113005/exp_wastesorting_20260921_014547_909583.txt,experiments_logs/analysis_recent/when_what_mechanisms_20260921/00_raw/wastesorting/scene_04/value_when/run_20_seed_3310113005/exp_wastesorting_20260921_041323_816708.txt,1,0,8.0,0.0,-0.7867999999999999,5.0
wastesorting,04,3369209442,ours,value_when,experiments_logs/analysis_recent/when_what_mechanisms_20260921/00_raw/wastesorting/scene_04/ours/run_16_seed_3369209442/exp_wastesorting_20260921_014542_040678.txt,experiments_logs/analysis_recent/when_what_mechanisms_20260921/00_raw/wastesorting/scene_04/value_when/run_16_seed_3369209442/exp_wastesorting_20260921_041315_418245.txt,1,0,12.0,8.0,0.03979999999999995,30.0
wastesorting,04,3414205865,ours,value_when,experiments_logs/analysis_recent/when_what_mechanisms_20260921/00_raw/wastesorting/scene_04/ours/run_22_seed_3414205865/exp_wastesorting_20260921_014550_891722.txt,experiments_logs/analysis_recent/when_what_mechanisms_20260921/00_raw/wastesorting/scene_04/value_when/run_22_seed_3414205865/exp_wastesorting_20260921_041327_908494.txt,1,1,6.0,0.0,-0.921,0.0
wastesorting,04,3576324234,ours,value_when,experiments_logs/analysis_recent/when_what_mechanisms_20260921/00_raw/wastesorting/scene_04/ours/run_33_seed_3576324234/exp_wastesorting_20260921_014606_746574.txt,experiments_logs/analysis_recent/when_what_mechanisms_20260921/00_raw/wastesorting/scene_04/value_when/run_33_seed_3576324234/exp_wastesorting_20260921_041350_750890.txt,1,1,6.0,0.0,-0.7781999999999999,0.0
wastesorting,04,3692021791,ours,value_when,experiments_logs/analysis_recent/when_what_mechanisms_20260921/00_raw/wastesorting/scene_04/ours/run_17_seed_3692021791/exp_wastesorting_20260921_014543_451002.txt,experiments_logs/analysis_recent/when_what_mechanisms_20260921/00_raw/wastesorting/scene_04/value_when/run_17_seed_3692021791/exp_wastesorting_20260921_041317_584258.txt,1,1,6.0,0.0,-0.757,0.0
wastesorting,04,3718837247,ours,value_when,experiments_logs/analysis_recent/when_what_mechanisms_20260921/00_raw/wastesorting/scene_04/ours/run_14_seed_3718837247/exp_wastesorting_20260921_014539_196410.txt,experiments_logs/analysis_recent/when_what_mechanisms_20260921/00_raw/wastesorting/scene_04/value_when/run_14_seed_3718837247/exp_wastesorting_20260921_041312_572558.txt,1,1,6.0,0.0,-0.8297999999999999,0.0
wastesorting,04,3787165175,ours,value_when,experiments_logs/analysis_recent/when_what_mechanisms_20260921/00_raw/wastesorting/scene_04/ours/run_27_seed_3787165175/exp_wastesorting_20260921_014558_122896.txt,experiments_logs/analysis_recent/when_what_mechanisms_20260921/00_raw/wastesorting/scene_04/value_when/run_27_seed_3787165175/exp_wastesorting_20260921_041338_675994.txt,1,0,7.0,-1.0,-0.8629000000000001,15.0
wastesorting,04,3966743771,ours,value_when,experiments_logs/analysis_recent/when_what_mechanisms_20260921/00_raw/wastesorting/scene_04/ours/run_34_seed_3966743771/exp_wastesorting_20260921_014608_190937.txt,experiments_logs/analysis_recent/when_what_mechanisms_20260921/00_raw/wastesorting/scene_04/value_when/run_34_seed_3966743771/exp_wastesorting_20260921_041352_426611.txt,1,0,10.0,5.0,-0.23620000000000008,10.0
wastesorting,04,3973487875,ours,value_when,experiments_logs/analysis_recent/when_what_mechanisms_20260921/00_raw/wastesorting/scene_04/ours/run_32_seed_3973487875/exp_wastesorting_20260921_014605_376363.txt,experiments_logs/analysis_recent/when_what_mechanisms_20260921/00_raw/wastesorting/scene_04/value_when/run_32_seed_3973487875/exp_wastesorting_20260921_041348_607370.txt,1,1,7.0,0.0,-0.8265,0.0
wastesorting,04,3989924643,ours,value_when,experiments_logs/analysis_recent/when_what_mechanisms_20260921/00_raw/wastesorting/scene_04/ours/run_23_seed_3989924643/exp_wastesorting_20260921_014552_350654.txt,experiments_logs/analysis_recent/when_what_mechanisms_20260921/00_raw/wastesorting/scene_04/value_when/run_23_seed_3989924643/exp_wastesorting_20260921_041330_211803.txt,1,1,8.0,0.0,-0.8472999999999999,0.0
wastesorting,04,414427021,ours,value_when,experiments_logs/analysis_recent/when_what_mechanisms_20260921/00_raw/wastesorting/scene_04/ours/run_04_seed_414427021/exp_wastesorting_20260921_014524_714595.txt,experiments_logs/analysis_recent/when_what_mechanisms_20260921/00_raw/wastesorting/scene_04/value_when/run_04_seed_414427021/exp_wastesorting_20260921_041253_608168.txt,1,0,9.0,1.0,-0.7365999999999999,5.0
wastesorting,04,4193229496,ours,value_when,experiments_logs/analysis_recent/when_what_mechanisms_20260921/00_raw/wastesorting/scene_04/ours/run_15_seed_4193229496/exp_wastesorting_20260921_014540_608479.txt,experiments_logs/analysis_recent/when_what_mechanisms_20260921/00_raw/wastesorting/scene_04/value_when/run_15_seed_4193229496/exp_wastesorting_20260921_041314_029889.txt,1,0,10.0,7.0,-0.05349999999999999,30.0
wastesorting,04,472386282,ours,value_when,experiments_logs/analysis_recent/when_what_mechanisms_20260921/00_raw/wastesorting/scene_04/ours/run_10_seed_472386282/exp_wastesorting_20260921_014533_461969.txt,experiments_logs/analysis_recent/when_what_mechanisms_20260921/00_raw/wastesorting/scene_04/value_when/run_10_seed_472386282/exp_wastesorting_20260921_041304_728584.txt,1,0,10.0,6.0,-0.48440000000000016,25.0
wastesorting,04,506359200,ours,value_when,experiments_logs/analysis_recent/when_what_mechanisms_20260921/00_raw/wastesorting/scene_04/ours/run_29_seed_506359200/exp_wastesorting_20260921_014601_080559.txt,experiments_logs/analysis_recent/when_what_mechanisms_20260921/00_raw/wastesorting/scene_04/value_when/run_29_seed_506359200/exp_wastesorting_20260921_041342_487659.txt,1,0,10.0,7.0,-0.05899999999999994,30.0
wastesorting,04,558605806,ours,value_when,experiments_logs/analysis_recent/when_what_mechanisms_20260921/00_raw/wastesorting/scene_04/ours/run_11_seed_558605806/exp_wastesorting_20260921_014534_851259.txt,experiments_logs/analysis_recent/when_what_mechanisms_20260921/00_raw/wastesorting/scene_04/value_when/run_11_seed_558605806/exp_wastesorting_20260921_041306_890174.txt,1,1,6.0,0.0,-0.7776,0.0
wastesorting,05,1045529480,ours,value_when,experiments_logs/analysis_recent/when_what_mechanisms_20260921/00_raw/wastesorting/scene_05/ours/run_27_seed_1045529480/exp_wastesorting_20260921_014657_036446.txt,experiments_logs/analysis_recent/when_what_mechanisms_20260921/00_raw/wastesorting/scene_05/value_when/run_27_seed_1045529480/exp_wastesorting_20260921_041505_059221.txt,1,0,7.0,0.0,-1.0276999999999998,15.0
wastesorting,05,1045924611,ours,value_when,experiments_logs/analysis_recent/when_what_mechanisms_20260921/00_raw/wastesorting/scene_05/ours/run_22_seed_1045924611/exp_wastesorting_20260921_014649_503008.txt,experiments_logs/analysis_recent/when_what_mechanisms_20260921/00_raw/wastesorting/scene_05/value_when/run_22_seed_1045924611/exp_wastesorting_20260921_041452_936345.txt,1,0,12.0,3.0,-0.9336,20.0
wastesorting,05,1159978775,ours,value_when,experiments_logs/analysis_recent/when_what_mechanisms_20260921/00_raw/wastesorting/scene_05/ours/run_18_seed_1159978775/exp_wastesorting_20260921_014643_460021.txt,experiments_logs/analysis_recent/when_what_mechanisms_20260921/00_raw/wastesorting/scene_05/value_when/run_18_seed_1159978775/exp_wastesorting_20260921_041444_082637.txt,1,1,6.0,0.0,-1.2043,0.0
wastesorting,05,1253677920,ours,value_when,experiments_logs/analysis_recent/when_what_mechanisms_20260921/00_raw/wastesorting/scene_05/ours/run_24_seed_1253677920/exp_wastesorting_20260921_014652_430872.txt,experiments_logs/analysis_recent/when_what_mechanisms_20260921/00_raw/wastesorting/scene_05/value_when/run_24_seed_1253677920/exp_wastesorting_20260921_041457_320537.txt,1,1,5.0,0.0,-0.6931,0.0
wastesorting,05,1280378645,ours,value_when,experiments_logs/analysis_recent/when_what_mechanisms_20260921/00_raw/wastesorting/scene_05/ours/run_04_seed_1280378645/exp_wastesorting_20260921_014623_194619.txt,experiments_logs/analysis_recent/when_what_mechanisms_20260921/00_raw/wastesorting/scene_05/value_when/run_04_seed_1280378645/exp_wastesorting_20260921_041414_442545.txt,1,1,8.0,0.0,-0.8903000000000001,0.0
wastesorting,05,1380997039,ours,value_when,experiments_logs/analysis_recent/when_what_mechanisms_20260921/00_raw/wastesorting/scene_05/ours/run_34_seed_1380997039/exp_wastesorting_20260921_014707_025526.txt,experiments_logs/analysis_recent/when_what_mechanisms_20260921/00_raw/wastesorting/scene_05/value_when/run_34_seed_1380997039/exp_wastesorting_20260921_041519_383261.txt,1,1,6.0,0.0,-0.7839,0.0
wastesorting,05,1489971784,ours,value_when,experiments_logs/analysis_recent/when_what_mechanisms_20260921/00_raw/wastesorting/scene_05/ours/run_06_seed_1489971784/exp_wastesorting_20260921_014626_078427.txt,experiments_logs/analysis_recent/when_what_mechanisms_20260921/00_raw/wastesorting/scene_05/value_when/run_06_seed_1489971784/exp_wastesorting_20260921_041419_087378.txt,1,1,7.0,0.0,-0.8517,0.0
wastesorting,05,1668817081,ours,value_when,experiments_logs/analysis_recent/when_what_mechanisms_20260921/00_raw/wastesorting/scene_05/ours/run_32_seed_1668817081/exp_wastesorting_20260921_014704_243160.txt,experiments_logs/analysis_recent/when_what_mechanisms_20260921/00_raw/wastesorting/scene_05/value_when/run_32_seed_1668817081/exp_wastesorting_20260921_041515_096193.txt,1,1,6.0,0.0,-0.7221000000000001,0.0
wastesorting,05,1980913558,ours,value_when,experiments_logs/analysis_recent/when_what_mechanisms_20260921/00_raw/wastesorting/scene_05/ours/run_37_seed_1980913558/exp_wastesorting_20260921_014711_235056.txt,experiments_logs/analysis_recent/when_what_mechanisms_20260921/00_raw/wastesorting/scene_05/value_when/run_37_seed_1980913558/exp_wastesorting_20260921_041524_963049.txt,1,0,8.0,2.0,-0.5396000000000001,20.0
wastesorting,05,2300990510,ours,value_when,experiments_logs/analysis_recent/when_what_mechanisms_20260921/00_raw/wastesorting/scene_05/ours/run_35_seed_2300990510/exp_wastesorting_20260921_014708_411935.txt,experiments_logs/analysis_recent/when_what_mechanisms_20260921/00_raw/wastesorting/scene_05/value_when/run_35_seed_2300990510/exp_wastesorting_20260921_041521_607623.txt,1,1,7.0,0.0,-0.8360000000000001,0.0
wastesorting,05,230996701,ours,value_when,experiments_logs/analysis_recent/when_what_mechanisms_20260921/00_raw/wastesorting/scene_05/ours/run_29_seed_230996701/exp_wastesorting_20260921_014659_938240.txt,experiments_logs/analysis_recent/when_what_mechanisms_20260921/00_raw/wastesorting/scene_05/value_when/run_29_seed_230996701/exp_wastesorting_20260921_041508_496293.txt,1,0,14.0,10.0,-0.01859999999999995,15.0
wastesorting,05,2624923704,ours,value_when,experiments_logs/analysis_recent/when_what_mechanisms_20260921/00_raw/wastesorting/scene_05/ours/run_09_seed_2624923704/exp_wastesorting_20260921_014630_375465.txt,experiments_logs/analysis_recent/when_what_mechanisms_20260921/00_raw/wastesorting/scene_05/value_when/run_09_seed_2624923704/exp_wastesorting_20260921_041424_995723.txt,1,1,6.0,0.0,-0.8358999999999999,0.0
wastesorting,05,2645731214,ours,value_when,experiments_logs/analysis_recent/when_what_mechanisms_20260921/00_raw/wastesorting/scene_05/ours/run_36_seed_2645731214/exp_wastesorting_20260921_014709_827166.txt,experiments_logs/analysis_recent/when_what_mechanisms_20260921/00_raw/wastesorting/scene_05/value_when/run_36_seed_2645731214/exp_wastesorting_20260921_041523_023632.txt,1,0,10.0,7.0,-0.02180000000000004,10.0
wastesorting,05,2666206818,ours,value_when,experiments_logs/analysis_recent/when_what_mechanisms_20260921/00_raw/wastesorting/scene_05/ours/run_14_seed_2666206818/exp_wastesorting_20260921_014637_652489.txt,experiments_logs/analysis_recent/when_what_mechanisms_20260921/00_raw/wastesorting/scene_05/value_when/run_14_seed_2666206818/exp_wastesorting_20260921_041435_127166.txt,1,0,9.0,5.0,-0.30899999999999994,25.0
wastesorting,05,2681637189,ours,value_when,experiments_logs/analysis_recent/when_what_mechanisms_20260921/00_raw/wastesorting/scene_05/ours/run_15_seed_2681637189/exp_wastesorting_20260921_014639_052987.txt,experiments_logs/analysis_recent/when_what_mechanisms_20260921/00_raw/wastesorting/scene_05/value_when/run_15_seed_2681637189/exp_wastesorting_20260921_041437_286791.txt,1,1,6.0,0.0,-0.7565999999999999,0.0
wastesorting,05,2741241943,ours,value_when,experiments_logs/analysis_recent/when_what_mechanisms_20260921/00_raw/wastesorting/scene_05/ours/run_40_seed_2741241943/exp_wastesorting_20260921_014715_492508.txt,experiments_logs/analysis_recent/when_what_mechanisms_20260921/00_raw/wastesorting/scene_05/value_when/run_40_seed_2741241943/exp_wastesorting_20260921_041530_577679.txt,1,0,9.0,5.0,-0.2588999999999999,25.0
wastesorting,05,2875578355,ours,value_when,experiments_logs/analysis_recent/when_what_mechanisms_20260921/00_raw/wastesorting/scene_05/ours/run_28_seed_2875578355/exp_wastesorting_20260921_014658_451935.txt,experiments_logs/analysis_recent/when_what_mechanisms_20260921/00_raw/wastesorting/scene_05/value_when/run_28_seed_2875578355/exp_wastesorting_20260921_041506_981259.txt,1,0,11.0,3.0,-0.5042,5.0
wastesorting,05,3130661448,ours,value_when,experiments_logs/analysis_recent/when_what_mechanisms_20260921/00_raw/wastesorting/scene_05/ours/run_10_seed_3130661448/exp_wastesorting_20260921_014631_824961.txt,experiments_logs/analysis_recent/when_what_mechanisms_20260921/00_raw/wastesorting/scene_05/value_when/run_10_seed_3130661448/exp_wastesorting_20260921_041426_672473.txt,1,0,9.0,7.0,-0.23429999999999995,15.0
wastesorting,05,3215763495,ours,value_when,experiments_logs/analysis_recent/when_what_mechanisms_20260921/00_raw/wastesorting/scene_05/ours/run_21_seed_3215763495/exp_wastesorting_20260921_014647_892579.txt,experiments_logs/analysis_recent/when_what_mechanisms_20260921/00_raw/wastesorting/scene_05/value_when/run_21_seed_3215763495/exp_wastesorting_20260921_041450_395759.txt,1,1,6.0,0.0,-0.7667,0.0
wastesorting,05,3225313600,ours,value_when,experiments_logs/analysis_recent/when_what_mechanisms_20260921/00_raw/wastesorting/scene_05/ours/run_33_seed_3225313600/exp_wastesorting_20260921_014705_624761.txt,experiments_logs/analysis_recent/when_what_mechanisms_20260921/00_raw/wastesorting/scene_05/value_when/run_33_seed_3225313600/exp_wastesorting_20260921_041517_217515.txt,1,1,6.0,0.0,-0.7502,0.0
wastesorting,05,3351623416,ours,value_when,experiments_logs/analysis_recent/when_what_mechanisms_20260921/00_raw/wastesorting/scene_05/ours/run_20_seed_3351623416/exp_wastesorting_20260921_014646_498392.txt,experiments_logs/analysis_recent/when_what_mechanisms_20260921/00_raw/wastesorting/scene_05/value_when/run_20_seed_3351623416/exp_wastesorting_20260921_041448_247055.txt,1,0,11.0,8.0,-0.033499999999999974,30.0
wastesorting,05,3520141308,ours,value_when,experiments_logs/analysis_recent/when_what_mechanisms_20260921/00_raw/wastesorting/scene_05/ours/run_07_seed_3520141308/exp_wastesorting_20260921_014627_536285.txt,experiments_logs/analysis_recent/when_what_mechanisms_20260921/00_raw/wastesorting/scene_05/value_when/run_07_seed_3520141308/exp_wastesorting_20260921_041420_588149.txt,1,0,12.0,8.0,-0.04249999999999998,15.0
wastesorting,05,3537170530,ours,value_when,experiments_logs/analysis_recent/when_what_mechanisms_20260921/00_raw/wastesorting/scene_05/ours/run_03_seed_3537170530/exp_wastesorting_20260921_014621_719440.txt,experiments_logs/analysis_recent/when_what_mechanisms_20260921/00_raw/wastesorting/scene_05/value_when/run_03_seed_3537170530/exp_wastesorting_20260921_041412_077478.txt,1,1,6.0,0.0,-0.7497,0.0
wastesorting,05,3586644066,ours,value_when,experiments_logs/analysis_recent/when_what_mechanisms_20260921/00_raw/wastesorting/scene_05/ours/run_16_seed_3586644066/exp_wastesorting_20260921_014640_487904.txt,experiments_logs/analysis_recent/when_what_mechanisms_20260921/00_raw/wastesorting/scene_05/value_when/run_16_seed_3586644066/exp_wastesorting_20260921_041438_963045.txt,1,0,11.0,6.0,-0.23560000000000003,10.0
wastesorting,05,3622248746,ours,value_when,experiments_logs/analysis_recent/when_what_mechanisms_20260921/00_raw/wastesorting/scene_05/ours/run_11_seed_3622248746/exp_wastesorting_20260921_014633_249434.txt,experiments_logs/analysis_recent/when_what_mechanisms_20260921/00_raw/wastesorting/scene_05/value_when/run_11_seed_3622248746/exp_wastesorting_20260921_041429_037650.txt,1,1,6.0,0.0,-0.9371999999999999,0.0
wastesorting,05,3656925474,ours,value_when,experiments_logs/analysis_recent/when_what_mechanisms_20260921/00_raw/wastesorting/scene_05/ours/run_05_seed_3656925474/exp_wastesorting_20260921_014624_682312.txt,experiments_logs/analysis_recent/when_what_mechanisms_20260921/00_raw/wastesorting/scene_05/value_when/run_05_seed_3656925474/exp_wastesorting_20260921_041416_846686.txt,1,1,6.0,0.0,-0.9062999999999999,0.0
wastesorting,05,3677160998,ours,value_when,experiments_logs/analysis_recent/when_what_mechanisms_20260921/00_raw/wastesorting/scene_05/ours/run_17_seed_3677160998/exp_wastesorting_20260921_014641_986540.txt,experiments_logs/analysis_recent/when_what_mechanisms_20260921/00_raw/wastesorting/scene_05/value_when/run_17_seed_3677160998/exp_wastesorting_20260921_041441_392284.txt,1,1,7.0,0.0,-0.9308000000000001,0.0
wastesorting,05,3690243405,ours,value_when,experiments_logs/analysis_recent/when_what_mechanisms_20260921/00_raw/wastesorting/scene_05/ours/run_13_seed_3690243405/exp_wastesorting_20260921_014636_158259.txt,experiments_logs/analysis_recent/when_what_mechanisms_20260921/00_raw/wastesorting/scene_05/value_when/run_13_seed_3690243405/exp_wastesorting_20260921_041433_324157.txt,1,0,9.0,4.0,-0.5275,20.0
wastesorting,05,382724118,ours,value_when,experiments_logs/analysis_recent/when_what_mechanisms_20260921/00_raw/wastesorting/scene_05/ours/run_25_seed_382724118/exp_wastesorting_20260921_014654_102992.txt,experiments_logs/analysis_recent/when_what_mechanisms_20260921/00_raw/wastesorting/scene_05/value_when/run_25_seed_382724118/exp_wastesorting_20260921_041500_272011.txt,1,1,8.0,0.0,-1.2716,0.0
wastesorting,05,3979866682,ours,value_when,experiments_logs/analysis_recent/when_what_mechanisms_20260921/00_raw/wastesorting/scene_05/ours/run_39_seed_3979866682/exp_wastesorting_20260921_014714_098295.txt,experiments_logs/analysis_recent/when_what_mechanisms_20260921/00_raw/wastesorting/scene_05/value_when/run_39_seed_3979866682/exp_wastesorting_20260921_041528_915823.txt,1,0,10.0,6.0,-0.23950000000000005,25.0
wastesorting,05,4060354637,ours,value_when,experiments_logs/analysis_recent/when_what_mechanisms_20260921/00_raw/wastesorting/scene_05/ours/run_38_seed_4060354637/exp_wastesorting_20260921_014712_666468.txt,experiments_logs/analysis_recent/when_what_mechanisms_20260921/00_raw/wastesorting/scene_05/value_when/run_38_seed_4060354637/exp_wastesorting_20260921_041527_236629.txt,1,1,6.0,0.0,-0.8392999999999999,0.0
wastesorting,05,4085569034,ours,value_when,experiments_logs/analysis_recent/when_what_mechanisms_20260921/00_raw/wastesorting/scene_05/ours/run_26_seed_4085569034/exp_wastesorting_20260921_014655_507610.txt,experiments_logs/analysis_recent/when_what_mechanisms_20260921/00_raw/wastesorting/scene_05/value_when/run_26_seed_4085569034/exp_wastesorting_20260921_041502_505575.txt,1,1,6.0,0.0,-0.8186999999999999,0.0
wastesorting,05,411692590,ours,value_when,experiments_logs/analysis_recent/when_what_mechanisms_20260921/00_raw/wastesorting/scene_05/ours/run_08_seed_411692590/exp_wastesorting_20260921_014628_978445.txt,experiments_logs/analysis_recent/when_what_mechanisms_20260921/00_raw/wastesorting/scene_05/value_when/run_08_seed_411692590/exp_wastesorting_20260921_041422_768101.txt,1,1,6.0,0.0,-0.7502,0.0
wastesorting,05,4128091398,ours,value_when,experiments_logs/analysis_recent/when_what_mechanisms_20260921/00_raw/wastesorting/scene_05/ours/run_19_seed_4128091398/exp_wastesorting_20260921_014645_069886.txt,experiments_logs/analysis_recent/when_what_mechanisms_20260921/00_raw/wastesorting/scene_05/value_when/run_19_seed_4128091398/exp_wastesorting_20260921_041446_784740.txt,1,1,6.0,0.0,-1.0971000000000002,0.0
wastesorting,05,4259545291,ours,value_when,experiments_logs/analysis_recent/when_what_mechanisms_20260921/00_raw/wastesorting/scene_05/ours/run_30_seed_4259545291/exp_wastesorting_20260921_014701_421119.txt,experiments_logs/analysis_recent/when_what_mechanisms_20260921/00_raw/wastesorting/scene_05/value_when/run_30_seed_4259545291/exp_wastesorting_20260921_041510_708309.txt,1,0,9.0,1.0,-0.7323000000000001,0.0
wastesorting,05,435659992,ours,value_when,experiments_logs/analysis_recent/when_what_mechanisms_20260921/00_raw/wastesorting/scene_05/ours/run_02_seed_435659992/exp_wastesorting_20260921_014620_318175.txt,experiments_logs/analysis_recent/when_what_mechanisms_20260921/00_raw/wastesorting/scene_05/value_when/run_02_seed_435659992/exp_wastesorting_20260921_041409_946266.txt,1,0,11.0,8.0,0.036599999999999966,30.0
wastesorting,05,449704548,ours,value_when,experiments_logs/analysis_recent/when_what_mechanisms_20260921/00_raw/wastesorting/scene_05/ours/run_23_seed_449704548/exp_wastesorting_20260921_014650_918491.txt,experiments_logs/analysis_recent/when_what_mechanisms_20260921/00_raw/wastesorting/scene_05/value_when/run_23_seed_449704548/exp_wastesorting_20260921_041455_127566.txt,1,1,7.0,0.0,-0.7889999999999999,0.0
wastesorting,05,600649243,ours,value_when,experiments_logs/analysis_recent/when_what_mechanisms_20260921/00_raw/wastesorting/scene_05/ours/run_12_seed_600649243/exp_wastesorting_20260921_014634_689631.txt,experiments_logs/analysis_recent/when_what_mechanisms_20260921/00_raw/wastesorting/scene_05/value_when/run_12_seed_600649243/exp_wastesorting_20260921_041431_313523.txt,1,1,7.0,0.0,-0.8258,0.0
wastesorting,05,630828154,ours,value_when,experiments_logs/analysis_recent/when_what_mechanisms_20260921/00_raw/wastesorting/scene_05/ours/run_01_seed_630828154/exp_wastesorting_20260921_014618_784952.txt,experiments_logs/analysis_recent/when_what_mechanisms_20260921/00_raw/wastesorting/scene_05/value_when/run_01_seed_630828154/exp_wastesorting_20260921_041408_461136.txt,1,0,8.0,5.0,-0.4123,25.0
wastesorting,05,671361218,ours,value_when,experiments_logs/analysis_recent/when_what_mechanisms_20260921/00_raw/wastesorting/scene_05/ours/run_31_seed_671361218/exp_wastesorting_20260921_014702_823010.txt,experiments_logs/analysis_recent/when_what_mechanisms_20260921/00_raw/wastesorting/scene_05/value_when/run_31_seed_671361218/exp_wastesorting_20260921_041512_955313.txt,1,1,6.0,0.0,-0.8381,0.0
wastesorting,01,1062380405,ours,value_what,experiments_logs/analysis_recent/when_what_mechanisms_20260921/00_raw/wastesorting/scene_01/ours/run_24_seed_1062380405/exp_wastesorting_20260921_014300_079598.txt,experiments_logs/analysis_recent/when_what_mechanisms_20260921/00_raw/wastesorting/scene_01/value_what/run_24_seed_1062380405/exp_wastesorting_20260921_042624_433178.txt,1,1,-10.0,-1.0,-2.8899,-15.0
wastesorting,01,1147340016,ours,value_what,experiments_logs/analysis_recent/when_what_mechanisms_20260921/00_raw/wastesorting/scene_01/ours/run_29_seed_1147340016/exp_wastesorting_20260921_014307_877362.txt,experiments_logs/analysis_recent/when_what_mechanisms_20260921/00_raw/wastesorting/scene_01/value_what/run_29_seed_1147340016/exp_wastesorting_20260921_042642_262754.txt,1,1,-4.0,0.0,-1.8043,0.0
wastesorting,01,1201660994,ours,value_what,experiments_logs/analysis_recent/when_what_mechanisms_20260921/00_raw/wastesorting/scene_01/ours/run_18_seed_1201660994/exp_wastesorting_20260921_014250_637730.txt,experiments_logs/analysis_recent/when_what_mechanisms_20260921/00_raw/wastesorting/scene_01/value_what/run_18_seed_1201660994/exp_wastesorting_20260921_042601_114990.txt,1,1,-7.0,0.0,-3.3381000000000003,0.0
wastesorting,01,1421291149,ours,value_what,experiments_logs/analysis_recent/when_what_mechanisms_20260921/00_raw/wastesorting/scene_01/ours/run_17_seed_1421291149/exp_wastesorting_20260921_014249_056674.txt,experiments_logs/analysis_recent/when_what_mechanisms_20260921/00_raw/wastesorting/scene_01/value_what/run_17_seed_1421291149/exp_wastesorting_20260921_042556_202312.txt,1,1,-2.0,0.0,-2.5243,0.0
wastesorting,01,1446821692,ours,value_what,experiments_logs/analysis_recent/when_what_mechanisms_20260921/00_raw/wastesorting/scene_01/ours/run_07_seed_1446821692/exp_wastesorting_20260921_014232_716409.txt,experiments_logs/analysis_recent/when_what_mechanisms_20260921/00_raw/wastesorting/scene_01/value_what/run_07_seed_1446821692/exp_wastesorting_20260921_042519_504231.txt,1,1,-4.0,0.0,-1.8739000000000001,0.0
wastesorting,01,1469124930,ours,value_what,experiments_logs/analysis_recent/when_what_mechanisms_20260921/00_raw/wastesorting/scene_01/ours/run_12_seed_1469124930/exp_wastesorting_20260921_014240_880126.txt,experiments_logs/analysis_recent/when_what_mechanisms_20260921/00_raw/wastesorting/scene_01/value_what/run_12_seed_1469124930/exp_wastesorting_20260921_042538_125337.txt,1,1,-6.0,-1.0,-2.4855,-15.0
wastesorting,01,1753239905,ours,value_what,experiments_logs/analysis_recent/when_what_mechanisms_20260921/00_raw/wastesorting/scene_01/ours/run_14_seed_1753239905/exp_wastesorting_20260921_014244_147904.txt,experiments_logs/analysis_recent/when_what_mechanisms_20260921/00_raw/wastesorting/scene_01/value_what/run_14_seed_1753239905/exp_wastesorting_20260921_042543_855762.txt,1,1,-2.0,1.0,-1.1779000000000002,20.0
wastesorting,01,2062582486,ours,value_what,experiments_logs/analysis_recent/when_what_mechanisms_20260921/00_raw/wastesorting/scene_01/ours/run_36_seed_2062582486/exp_wastesorting_20260921_014318_897989.txt,experiments_logs/analysis_recent/when_what_mechanisms_20260921/00_raw/wastesorting/scene_01/value_what/run_36_seed_2062582486/exp_wastesorting_20260921_042707_526020.txt,1,1,-5.0,-1.0,-2.7087000000000003,-15.0
wastesorting,01,221659181,ours,value_what,experiments_logs/analysis_recent/when_what_mechanisms_20260921/00_raw/wastesorting/scene_01/ours/run_22_seed_221659181/exp_wastesorting_20260921_014256_811178.txt,experiments_logs/analysis_recent/when_what_mechanisms_20260921/00_raw/wastesorting/scene_01/value_what/run_22_seed_221659181/exp_wastesorting_20260921_042616_737946.txt,1,1,-7.0,0.0,-3.0820999999999996,0.0
wastesorting,01,2226680570,ours,value_what,experiments_logs/analysis_recent/when_what_mechanisms_20260921/00_raw/wastesorting/scene_01/ours/run_04_seed_2226680570/exp_wastesorting_20260921_014227_984304.txt,experiments_logs/analysis_recent/when_what_mechanisms_20260921/00_raw/wastesorting/scene_01/value_what/run_04_seed_2226680570/exp_wastesorting_20260921_042507_779388.txt,1,1,-6.0,0.0,-2.1802,0.0
wastesorting,01,2258604627,ours,value_what,experiments_logs/analysis_recent/when_what_mechanisms_20260921/00_raw/wastesorting/scene_01/ours/run_25_seed_2258604627/exp_wastesorting_20260921_014301_570092.txt,experiments_logs/analysis_recent/when_what_mechanisms_20260921/00_raw/wastesorting/scene_01/value_what/run_25_seed_2258604627/exp_wastesorting_20260921_042628_332301.txt,1,1,-5.0,0.0,-2.4134,0.0
wastesorting,01,2295953812,ours,value_what,experiments_logs/analysis_recent/when_what_mechanisms_20260921/00_raw/wastesorting/scene_01/ours/run_28_seed_2295953812/exp_wastesorting_20260921_014306_216011.txt,experiments_logs/analysis_recent/when_what_mechanisms_20260921/00_raw/wastesorting/scene_01/value_what/run_28_seed_2295953812/exp_wastesorting_20260921_042638_794600.txt,1,1,-5.0,0.0,-2.147,0.0
wastesorting,01,2310768630,ours,value_what,experiments_logs/analysis_recent/when_what_mechanisms_20260921/00_raw/wastesorting/scene_01/ours/run_03_seed_2310768630/exp_wastesorting_20260921_014226_431269.txt,experiments_logs/analysis_recent/when_what_mechanisms_20260921/00_raw/wastesorting/scene_01/value_what/run_03_seed_2310768630/exp_wastesorting_20260921_042504_033097.txt,1,1,-6.0,0.0,-2.7508,0.0
wastesorting,01,2566599462,ours,value_what,experiments_logs/analysis_recent/when_what_mechanisms_20260921/00_raw/wastesorting/scene_01/ours/run_32_seed_2566599462/exp_wastesorting_20260921_014312_637676.txt,experiments_logs/analysis_recent/when_what_mechanisms_20260921/00_raw/wastesorting/scene_01/value_what/run_32_seed_2566599462/exp_wastesorting_20260921_042653_267196.txt,1,1,-2.0,0.0,-1.6193,0.0
wastesorting,01,2732686114,ours,value_what,experiments_logs/analysis_recent/when_what_mechanisms_20260921/00_raw/wastesorting/scene_01/ours/run_19_seed_2732686114/exp_wastesorting_20260921_014252_175459.txt,experiments_logs/analysis_recent/when_what_mechanisms_20260921/00_raw/wastesorting/scene_01/value_what/run_19_seed_2732686114/exp_wastesorting_20260921_042604_850472.txt,1,1,-5.0,0.0,-2.1916,0.0
wastesorting,01,2829245352,ours,value_what,experiments_logs/analysis_recent/when_what_mechanisms_20260921/00_raw/wastesorting/scene_01/ours/run_26_seed_2829245352/exp_wastesorting_20260921_014303_123743.txt,experiments_logs/analysis_recent/when_what_mechanisms_20260921/00_raw/wastesorting/scene_01/value_what/run_26_seed_2829245352/exp_wastesorting_20260921_042631_429075.txt,1,1,0.0,-2.0,-1.5452000000000001,-25.0
wastesorting,01,2855763027,ours,value_what,experiments_logs/analysis_recent/when_what_mechanisms_20260921/00_raw/wastesorting/scene_01/ours/run_08_seed_2855763027/exp_wastesorting_20260921_014234_331603.txt,experiments_logs/analysis_recent/when_what_mechanisms_20260921/00_raw/wastesorting/scene_01/value_what/run_08_seed_2855763027/exp_wastesorting_20260921_042523_488133.txt,1,1,-7.0,0.0,-2.3624,0.0
wastesorting,01,304491485,ours,value_what,experiments_logs/analysis_recent/when_what_mechanisms_20260921/00_raw/wastesorting/scene_01/ours/run_11_seed_304491485/exp_wastesorting_20260921_014239_198519.txt,experiments_logs/analysis_recent/when_what_mechanisms_20260921/00_raw/wastesorting/scene_01/value_what/run_11_seed_304491485/exp_wastesorting_20260921_042533_963573.txt,1,1,-3.0,0.0,-1.5354999999999999,0.0
wastesorting,01,3143992301,ours,value_what,experiments_logs/analysis_recent/when_what_mechanisms_20260921/00_raw/wastesorting/scene_01/ours/run_10_seed_3143992301/exp_wastesorting_20260921_014237_632512.txt,experiments_logs/analysis_recent/when_what_mechanisms_20260921/00_raw/wastesorting/scene_01/value_what/run_10_seed_3143992301/exp_wastesorting_20260921_042530_860102.txt,1,1,-8.0,0.0,-2.3375,0.0
wastesorting,01,3156193605,ours,value_what,experiments_logs/analysis_recent/when_what_mechanisms_20260921/00_raw/wastesorting/scene_01/ours/run_39_seed_3156193605/exp_wastesorting_20260921_014323_498523.txt,experiments_logs/analysis_recent/when_what_mechanisms_20260921/00_raw/wastesorting/scene_01/value_what/run_39_seed_3156193605/exp_wastesorting_20260921_042718_871215.txt,1,1,-6.0,0.0,-2.2769000000000004,0.0
wastesorting,01,3175035907,ours,value_what,experiments_logs/analysis_recent/when_what_mechanisms_20260921/00_raw/wastesorting/scene_01/ours/run_38_seed_3175035907/exp_wastesorting_20260921_014321_984382.txt,experiments_logs/analysis_recent/when_what_mechanisms_20260921/00_raw/wastesorting/scene_01/value_what/run_38_seed_3175035907/exp_wastesorting_20260921_042715_079570.txt,1,1,-3.0,-2.0,-1.8708000000000002,-15.0
wastesorting,01,3176006814,ours,value_what,experiments_logs/analysis_recent/when_what_mechanisms_20260921/00_raw/wastesorting/scene_01/ours/run_06_seed_3176006814/exp_wastesorting_20260921_014231_153801.txt,experiments_logs/analysis_recent/when_what_mechanisms_20260921/00_raw/wastesorting/scene_01/value_what/run_06_seed_3176006814/exp_wastesorting_20260921_042516_069749.txt,1,1,-7.0,0.0,-2.7427,0.0
wastesorting,01,3267154761,ours,value_what,experiments_logs/analysis_recent/when_what_mechanisms_20260921/00_raw/wastesorting/scene_01/ours/run_35_seed_3267154761/exp_wastesorting_20260921_014317_361486.txt,experiments_logs/analysis_recent/when_what_mechanisms_20260921/00_raw/wastesorting/scene_01/value_what/run_35_seed_3267154761/exp_wastesorting_20260921_042703_283525.txt,1,1,-2.0,0.0,-1.33,0.0
wastesorting,01,3276452260,ours,value_what,experiments_logs/analysis_recent/when_what_mechanisms_20260921/00_raw/wastesorting/scene_01/ours/run_20_seed_3276452260/exp_wastesorting_20260921_014253_730560.txt,experiments_logs/analysis_recent/when_what_mechanisms_20260921/00_raw/wastesorting/scene_01/value_what/run_20_seed_3276452260/exp_wastesorting_20260921_042608_612379.txt,1,1,-4.0,-1.0,-2.2009,-20.0
wastesorting,01,3622402991,ours,value_what,experiments_logs/analysis_recent/when_what_mechanisms_20260921/00_raw/wastesorting/scene_01/ours/run_02_seed_3622402991/exp_wastesorting_20260921_014224_895172.txt,experiments_logs/analysis_recent/when_what_mechanisms_20260921/00_raw/wastesorting/scene_01/value_what/run_02_seed_3622402991/exp_wastesorting_20260921_042459_734875.txt,1,1,-6.0,0.0,-1.74,0.0
wastesorting,01,3656921932,ours,value_what,experiments_logs/analysis_recent/when_what_mechanisms_20260921/00_raw/wastesorting/scene_01/ours/run_30_seed_3656921932/exp_wastesorting_20260921_014309_468091.txt,experiments_logs/analysis_recent/when_what_mechanisms_20260921/00_raw/wastesorting/scene_01/value_what/run_30_seed_3656921932/exp_wastesorting_20260921_042646_244328.txt,1,1,-7.0,0.0,-2.4,0.0
wastesorting,01,3722475659,ours,value_what,experiments_logs/analysis_recent/when_what_mechanisms_20260921/00_raw/wastesorting/scene_01/ours/run_34_seed_3722475659/exp_wastesorting_20260921_014315_787398.txt,experiments_logs/analysis_recent/when_what_mechanisms_20260921/00_raw/wastesorting/scene_01/value_what/run_34_seed_3722475659/exp_wastesorting_20260921_042700_389501.txt,1,1,0.0,0.0,-1.0573,0.0
wastesorting,01,3794435593,ours,value_what,experiments_logs/analysis_recent/when_what_mechanisms_20260921/00_raw/wastesorting/scene_01/ours/run_23_seed_3794435593/exp_wastesorting_20260921_014258_471443.txt,experiments_logs/analysis_recent/when_what_mechanisms_20260921/00_raw/wastesorting/scene_01/value_what/run_23_seed_3794435593/exp_wastesorting_20260921_042619_932572.txt,1,1,-3.0,0.0,-1.5525000000000002,0.0
wastesorting,01,3862245153,ours,value_what,experiments_logs/analysis_recent/when_what_mechanisms_20260921/00_raw/wastesorting/scene_01/ours/run_40_seed_3862245153/exp_wastesorting_20260921_014325_143440.txt,experiments_logs/analysis_recent/when_what_mechanisms_20260921/00_raw/wastesorting/scene_01/value_what/run_40_seed_3862245153/exp_wastesorting_20260921_042722_398981.txt,1,1,-5.0,-2.0,-1.8810999999999998,-15.0
wastesorting,01,3890046989,ours,value_what,experiments_logs/analysis_recent/when_what_mechanisms_20260921/00_raw/wastesorting/scene_01/ours/run_15_seed_3890046989/exp_wastesorting_20260921_014245_880375.txt,experiments_logs/analysis_recent/when_what_mechanisms_20260921/00_raw/wastesorting/scene_01/value_what/run_15_seed_3890046989/exp_wastesorting_20260921_042548_203317.txt,1,1,-5.0,0.0,-2.609,-15.0
wastesorting,01,3904873952,ours,value_what,experiments_logs/analysis_recent/when_what_mechanisms_20260921/00_raw/wastesorting/scene_01/ours/run_13_seed_3904873952/exp_wastesorting_20260921_014242_512411.txt,experiments_logs/analysis_recent/when_what_mechanisms_20260921/00_raw/wastesorting/scene_01/value_what/run_13_seed_3904873952/exp_wastesorting_20260921_042541_053218.txt,1,1,-1.0,0.0,-1.2958,0.0
wastesorting,01,3940097250,ours,value_what,experiments_logs/analysis_recent/when_what_mechanisms_20260921/00_raw/wastesorting/scene_01/ours/run_27_seed_3940097250/exp_wastesorting_20260921_014304_618251.txt,experiments_logs/analysis_recent/when_what_mechanisms_20260921/00_raw/wastesorting/scene_01/value_what/run_27_seed_3940097250/exp_wastesorting_20260921_042635_037404.txt,1,1,-5.0,0.0,-2.1088000000000005,0.0
wastesorting,01,3987872288,ours,value_what,experiments_logs/analysis_recent/when_what_mechanisms_20260921/00_raw/wastesorting/scene_01/ours/run_09_seed_3987872288/exp_wastesorting_20260921_014236_006707.txt,experiments_logs/analysis_recent/when_what_mechanisms_20260921/00_raw/wastesorting/scene_01/value_what/run_09_seed_3987872288/exp_wastesorting_20260921_042526_887359.txt,1,1,-5.0,-2.0,-1.7180000000000002,-15.0
wastesorting,01,4001804605,ours,value_what,experiments_logs/analysis_recent/when_what_mechanisms_20260921/00_raw/wastesorting/scene_01/ours/run_37_seed_4001804605/exp_wastesorting_20260921_014320_399285.txt,experiments_logs/analysis_recent/when_what_mechanisms_20260921/00_raw/wastesorting/scene_01/value_what/run_37_seed_4001804605/exp_wastesorting_20260921_042711_621822.txt,1,1,-4.0,0.0,-2.5709999999999997,0.0
wastesorting,01,4016452800,ours,value_what,experiments_logs/analysis_recent/when_what_mechanisms_20260921/00_raw/wastesorting/scene_01/ours/run_16_seed_4016452800/exp_wastesorting_20260921_014247_458172.txt,experiments_logs/analysis_recent/when_what_mechanisms_20260921/00_raw/wastesorting/scene_01/value_what/run_16_seed_4016452800/exp_wastesorting_20260921_042552_078383.txt,1,1,0.0,0.0,-2.287,-20.0
wastesorting,01,4064545001,ours,value_what,experiments_logs/analysis_recent/when_what_mechanisms_20260921/00_raw/wastesorting/scene_01/ours/run_01_seed_4064545001/exp_wastesorting_20260921_014223_186349.txt,experiments_logs/analysis_recent/when_what_mechanisms_20260921/00_raw/wastesorting/scene_01/value_what/run_01_seed_4064545001/exp_wastesorting_20260921_042456_280827.txt,1,1,-6.0,0.0,-2.4762000000000004,0.0
wastesorting,01,4139245423,ours,value_what,experiments_logs/analysis_recent/when_what_mechanisms_20260921/00_raw/wastesorting/scene_01/ours/run_05_seed_4139245423/exp_wastesorting_20260921_014229_661755.txt,experiments_logs/analysis_recent/when_what_mechanisms_20260921/00_raw/wastesorting/scene_01/value_what/run_05_seed_4139245423/exp_wastesorting_20260921_042511_829880.txt,1,1,-6.0,-3.0,-2.3783,-15.0
wastesorting,01,481330159,ours,value_what,experiments_logs/analysis_recent/when_what_mechanisms_20260921/00_raw/wastesorting/scene_01/ours/run_33_seed_481330159/exp_wastesorting_20260921_014314_206755.txt,experiments_logs/analysis_recent/when_what_mechanisms_20260921/00_raw/wastesorting/scene_01/value_what/run_33_seed_481330159/exp_wastesorting_20260921_042657_758594.txt,1,1,-9.0,0.0,-2.9181,0.0
wastesorting,01,834664221,ours,value_what,experiments_logs/analysis_recent/when_what_mechanisms_20260921/00_raw/wastesorting/scene_01/ours/run_31_seed_834664221/exp_wastesorting_20260921_014311_051993.txt,experiments_logs/analysis_recent/when_what_mechanisms_20260921/00_raw/wastesorting/scene_01/value_what/run_31_seed_834664221/exp_wastesorting_20260921_042650_057945.txt,1,1,-3.0,0.0,-2.2278000000000002,0.0
wastesorting,01,973561137,ours,value_what,experiments_logs/analysis_recent/when_what_mechanisms_20260921/00_raw/wastesorting/scene_01/ours/run_21_seed_973561137/exp_wastesorting_20260921_014255_306410.txt,experiments_logs/analysis_recent/when_what_mechanisms_20260921/00_raw/wastesorting/scene_01/value_what/run_21_seed_973561137/exp_wastesorting_20260921_042612_149580.txt,1,1,-2.0,0.0,-1.9572999999999998,0.0
wastesorting,02,1014673370,ours,value_what,experiments_logs/analysis_recent/when_what_mechanisms_20260921/00_raw/wastesorting/scene_02/ours/run_27_seed_1014673370/exp_wastesorting_20260921_014403_423595.txt,experiments_logs/analysis_recent/when_what_mechanisms_20260921/00_raw/wastesorting/scene_02/value_what/run_27_seed_1014673370/exp_wastesorting_20260921_042847_940850.txt,1,1,-8.0,0.0,-2.3529,0.0
wastesorting,02,1116766657,ours,value_what,experiments_logs/analysis_recent/when_what_mechanisms_20260921/00_raw/wastesorting/scene_02/ours/run_17_seed_1116766657/exp_wastesorting_20260921_014349_308496.txt,experiments_logs/analysis_recent/when_what_mechanisms_20260921/00_raw/wastesorting/scene_02/value_what/run_17_seed_1116766657/exp_wastesorting_20260921_042815_586146.txt,1,1,-4.0,-1.0,-1.5303,-15.0
wastesorting,02,1150653687,ours,value_what,experiments_logs/analysis_recent/when_what_mechanisms_20260921/00_raw/wastesorting/scene_02/ours/run_10_seed_1150653687/exp_wastesorting_20260921_014339_500672.txt,experiments_logs/analysis_recent/when_what_mechanisms_20260921/00_raw/wastesorting/scene_02/value_what/run_10_seed_1150653687/exp_wastesorting_20260921_042753_808479.txt,1,1,-6.0,1.0,-1.9651999999999998,15.0
wastesorting,02,1185595584,ours,value_what,experiments_logs/analysis_recent/when_what_mechanisms_20260921/00_raw/wastesorting/scene_02/ours/run_19_seed_1185595584/exp_wastesorting_20260921_014352_135121.txt,experiments_logs/analysis_recent/when_what_mechanisms_20260921/00_raw/wastesorting/scene_02/value_what/run_19_seed_1185595584/exp_wastesorting_20260921_042822_215734.txt,1,1,-7.0,0.0,-2.0907,0.0
wastesorting,02,1191125615,ours,value_what,experiments_logs/analysis_recent/when_what_mechanisms_20260921/00_raw/wastesorting/scene_02/ours/run_38_seed_1191125615/exp_wastesorting_20260921_014419_043542.txt,experiments_logs/analysis_recent/when_what_mechanisms_20260921/00_raw/wastesorting/scene_02/value_what/run_38_seed_1191125615/exp_wastesorting_20260921_042919_982813.txt,1,1,-6.0,0.0,-1.8655,0.0
wastesorting,02,1273456514,ours,value_what,experiments_logs/analysis_recent/when_what_mechanisms_20260921/00_raw/wastesorting/scene_02/ours/run_03_seed_1273456514/exp_wastesorting_20260921_014329_315854.txt,experiments_logs/analysis_recent/when_what_mechanisms_20260921/00_raw/wastesorting/scene_02/value_what/run_03_seed_1273456514/exp_wastesorting_20260921_042730_875836.txt,1,1,-4.0,0.0,-1.3514,0.0
wastesorting,02,1315496753,ours,value_what,experiments_logs/analysis_recent/when_what_mechanisms_20260921/00_raw/wastesorting/scene_02/ours/run_05_seed_1315496753/exp_wastesorting_20260921_014332_170059.txt,experiments_logs/analysis_recent/when_what_mechanisms_20260921/00_raw/wastesorting/scene_02/value_what/run_05_seed_1315496753/exp_wastesorting_20260921_042736_196048.txt,1,1,-2.0,-2.0,-1.3221999999999998,-15.0
wastesorting,02,1478189300,ours,value_what,experiments_logs/analysis_recent/when_what_mechanisms_20260921/00_raw/wastesorting/scene_02/ours/run_21_seed_1478189300/exp_wastesorting_20260921_014354_933058.txt,experiments_logs/analysis_recent/when_what_mechanisms_20260921/00_raw/wastesorting/scene_02/value_what/run_21_seed_1478189300/exp_wastesorting_20260921_042827_720211.txt,1,1,-5.0,0.0,-1.298,0.0
wastesorting,02,1669852028,ours,value_what,experiments_logs/analysis_recent/when_what_mechanisms_20260921/00_raw/wastesorting/scene_02/ours/run_08_seed_1669852028/exp_wastesorting_20260921_014336_377295.txt,experiments_logs/analysis_recent/when_what_mechanisms_20260921/00_raw/wastesorting/scene_02/value_what/run_08_seed_1669852028/exp_wastesorting_20260921_042746_881321.txt,1,1,-5.0,0.0,-1.8225,0.0
wastesorting,02,1679391382,ours,value_what,experiments_logs/analysis_recent/when_what_mechanisms_20260921/00_raw/wastesorting/scene_02/ours/run_04_seed_1679391382/exp_wastesorting_20260921_014330_805740.txt,experiments_logs/analysis_recent/when_what_mechanisms_20260921/00_raw/wastesorting/scene_02/value_what/run_04_seed_1679391382/exp_wastesorting_20260921_042733_512713.txt,1,1,-3.0,0.0,-1.161,0.0
wastesorting,02,1684512935,ours,value_what,experiments_logs/analysis_recent/when_what_mechanisms_20260921/00_raw/wastesorting/scene_02/ours/run_12_seed_1684512935/exp_wastesorting_20260921_014342_442168.txt,experiments_logs/analysis_recent/when_what_mechanisms_20260921/00_raw/wastesorting/scene_02/value_what/run_12_seed_1684512935/exp_wastesorting_20260921_042800_803800.txt,1,1,-6.0,0.0,-2.1077000000000004,0.0
wastesorting,02,1859675682,ours,value_what,experiments_logs/analysis_recent/when_what_mechanisms_20260921/00_raw/wastesorting/scene_02/ours/run_32_seed_1859675682/exp_wastesorting_20260921_014410_561261.txt,experiments_logs/analysis_recent/when_what_mechanisms_20260921/00_raw/wastesorting/scene_02/value_what/run_32_seed_1859675682/exp_wastesorting_20260921_042901_974205.txt,1,1,-2.0,-1.0,-1.1105,-15.0
wastesorting,02,1960486937,ours,value_what,experiments_logs/analysis_recent/when_what_mechanisms_20260921/00_raw/wastesorting/scene_02/ours/run_18_seed_1960486937/exp_wastesorting_20260921_014350_678636.txt,experiments_logs/analysis_recent/when_what_mechanisms_20260921/00_raw/wastesorting/scene_02/value_what/run_18_seed_1960486937/exp_wastesorting_20260921_042818_660913.txt,1,1,-6.0,-1.0,-1.7119,-15.0
wastesorting,02,2006819571,ours,value_what,experiments_logs/analysis_recent/when_what_mechanisms_20260921/00_raw/wastesorting/scene_02/ours/run_30_seed_2006819571/exp_wastesorting_20260921_014407_606442.txt,experiments_logs/analysis_recent/when_what_mechanisms_20260921/00_raw/wastesorting/scene_02/value_what/run_30_seed_2006819571/exp_wastesorting_20260921_042856_385442.txt,1,1,-5.0,0.0,-1.6531000000000002,0.0
wastesorting,02,2156641990,ours,value_what,experiments_logs/analysis_recent/when_what_mechanisms_20260921/00_raw/wastesorting/scene_02/ours/run_01_seed_2156641990/exp_wastesorting_20260921_014326_506358.txt,experiments_logs/analysis_recent/when_what_mechanisms_20260921/00_raw/wastesorting/scene_02/value_what/run_01_seed_2156641990/exp_wastesorting_20260921_042725_046482.txt,1,1,-1.0,0.0,-1.2707000000000002,0.0
wastesorting,02,2175442287,ours,value_what,experiments_logs/analysis_recent/when_what_mechanisms_20260921/00_raw/wastesorting/scene_02/ours/run_20_seed_2175442287/exp_wastesorting_20260921_014353_488618.txt,experiments_logs/analysis_recent/when_what_mechanisms_20260921/00_raw/wastesorting/scene_02/value_what/run_20_seed_2175442287/exp_wastesorting_20260921_042824_980866.txt,1,1,-4.0,0.0,-1.4083999999999999,0.0
wastesorting,02,2226175700,ours,value_what,experiments_logs/analysis_recent/when_what_mechanisms_20260921/00_raw/wastesorting/scene_02/ours/run_39_seed_2226175700/exp_wastesorting_20260921_014420_411717.txt,experiments_logs/analysis_recent/when_what_mechanisms_20260921/00_raw/wastesorting/scene_02/value_what/run_39_seed_2226175700/exp_wastesorting_20260921_042923_015939.txt,1,1,-7.0,0.0,-1.6508,0.0
wastesorting,02,2314118130,ours,value_what,experiments_logs/analysis_recent/when_what_mechanisms_20260921/00_raw/wastesorting/scene_02/ours/run_09_seed_2314118130/exp_wastesorting_20260921_014337_789816.txt,experiments_logs/analysis_recent/when_what_mechanisms_20260921/00_raw/wastesorting/scene_02/value_what/run_09_seed_2314118130/exp_wastesorting_20260921_042750_129153.txt,1,1,-7.0,-1.0,-1.8361,-20.0
wastesorting,02,2497538083,ours,value_what,experiments_logs/analysis_recent/when_what_mechanisms_20260921/00_raw/wastesorting/scene_02/ours/run_22_seed_2497538083/exp_wastesorting_20260921_014356_351029.txt,experiments_logs/analysis_recent/when_what_mechanisms_20260921/00_raw/wastesorting/scene_02/value_what/run_22_seed_2497538083/exp_wastesorting_20260921_042830_592878.txt,1,1,-4.0,0.0,-1.4409,0.0
wastesorting,02,2628956077,ours,value_what,experiments_logs/analysis_recent/when_what_mechanisms_20260921/00_raw/wastesorting/scene_02/ours/run_07_seed_2628956077/exp_wastesorting_20260921_014334_954988.txt,experiments_logs/analysis_recent/when_what_mechanisms_20260921/00_raw/wastesorting/scene_02/value_what/run_07_seed_2628956077/exp_wastesorting_20260921_042743_635933.txt,1,1,-11.0,-1.0,-2.6657,-15.0
wastesorting,02,2679542969,ours,value_what,experiments_logs/analysis_recent/when_what_mechanisms_20260921/00_raw/wastesorting/scene_02/ours/run_37_seed_2679542969/exp_wastesorting_20260921_014417_669795.txt,experiments_logs/analysis_recent/when_what_mechanisms_20260921/00_raw/wastesorting/scene_02/value_what/run_37_seed_2679542969/exp_wastesorting_20260921_042916_739634.txt,1,1,-2.0,0.0,-1.2123000000000004,0.0
wastesorting,02,2681088983,ours,value_what,experiments_logs/analysis_recent/when_what_mechanisms_20260921/00_raw/wastesorting/scene_02/ours/run_33_seed_2681088983/exp_wastesorting_20260921_014411_988672.txt,experiments_logs/analysis_recent/when_what_mechanisms_20260921/00_raw/wastesorting/scene_02/value_what/run_33_seed_2681088983/exp_wastesorting_20260921_042904_671860.txt,1,1,-4.0,0.0,-1.2683,0.0
wastesorting,02,2903446598,ours,value_what,experiments_logs/analysis_recent/when_what_mechanisms_20260921/00_raw/wastesorting/scene_02/ours/run_34_seed_2903446598/exp_wastesorting_20260921_014413_479356.txt,experiments_logs/analysis_recent/when_what_mechanisms_20260921/00_raw/wastesorting/scene_02/value_what/run_34_seed_2903446598/exp_wastesorting_20260921_042908_114859.txt,1,1,-6.0,0.0,-1.9432000000000003,0.0
wastesorting,02,3041513348,ours,value_what,experiments_logs/analysis_recent/when_what_mechanisms_20260921/00_raw/wastesorting/scene_02/ours/run_28_seed_3041513348/exp_wastesorting_20260921_014404_821644.txt,experiments_logs/analysis_recent/when_what_mechanisms_20260921/00_raw/wastesorting/scene_02/value_what/run_28_seed_3041513348/exp_wastesorting_20260921_042850_875622.txt,1,1,-3.0,-1.0,-1.5417,-20.0
wastesorting,02,3100998094,ours,value_what,experiments_logs/analysis_recent/when_what_mechanisms_20260921/00_raw/wastesorting/scene_02/ours/run_29_seed_3100998094/exp_wastesorting_20260921_014406_217033.txt,experiments_logs/analysis_recent/when_what_mechanisms_20260921/00_raw/wastesorting/scene_02/value_what/run_29_seed_3100998094/exp_wastesorting_20260921_042853_351451.txt,1,1,-2.0,0.0,-1.0791,0.0
wastesorting,02,3132007216,ours,value_what,experiments_logs/analysis_recent/when_what_mechanisms_20260921/00_raw/wastesorting/scene_02/ours/run_14_seed_3132007216/exp_wastesorting_20260921_014345_232461.txt,experiments_logs/analysis_recent/when_what_mechanisms_20260921/00_raw/wastesorting/scene_02/value_what/run_14_seed_3132007216/exp_wastesorting_20260921_042806_778637.txt,1,1,-4.0,0.0,-1.5533000000000001,0.0
wastesorting,02,3361930932,ours,value_what,experiments_logs/analysis_recent/when_what_mechanisms_20260921/00_raw/wastesorting/scene_02/ours/run_36_seed_3361930932/exp_wastesorting_20260921_014416_285199.txt,experiments_logs/analysis_recent/when_what_mechanisms_20260921/00_raw/wastesorting/scene_02/value_what/run_36_seed_3361930932/exp_wastesorting_20260921_042914_130268.txt,1,1,-6.0,0.0,-1.3437000000000001,0.0
wastesorting,02,3666558197,ours,value_what,experiments_logs/analysis_recent/when_what_mechanisms_20260921/00_raw/wastesorting/scene_02/ours/run_25_seed_3666558197/exp_wastesorting_20260921_014400_591386.txt,experiments_logs/analysis_recent/when_what_mechanisms_20260921/00_raw/wastesorting/scene_02/value_what/run_25_seed_3666558197/exp_wastesorting_20260921_042840_349872.txt,1,1,-7.0,-1.0,-1.5258,0.0
wastesorting,02,3749131969,ours,value_what,experiments_logs/analysis_recent/when_what_mechanisms_20260921/00_raw/wastesorting/scene_02/ours/run_40_seed_3749131969/exp_wastesorting_20260921_014421_830493.txt,experiments_logs/analysis_recent/when_what_mechanisms_20260921/00_raw/wastesorting/scene_02/value_what/run_40_seed_3749131969/exp_wastesorting_20260921_042925_701290.txt,1,1,-3.0,0.0,-1.2770000000000001,0.0
wastesorting,02,3750062435,ours,value_what,experiments_logs/analysis_recent/when_what_mechanisms_20260921/00_raw/wastesorting/scene_02/ours/run_24_seed_3750062435/exp_wastesorting_20260921_014359_191092.txt,experiments_logs/analysis_recent/when_what_mechanisms_20260921/00_raw/wastesorting/scene_02/value_what/run_24_seed_3750062435/exp_wastesorting_20260921_042837_427244.txt,1,1,-8.0,0.0,-1.9051,0.0
wastesorting,02,3794247199,ours,value_what,experiments_logs/analysis_recent/when_what_mechanisms_20260921/00_raw/wastesorting/scene_02/ours/run_06_seed_3794247199/exp_wastesorting_20260921_014333_557759.txt,experiments_logs/analysis_recent/when_what_mechanisms_20260921/00_raw/wastesorting/scene_02/value_what/run_06_seed_3794247199/exp_wastesorting_20260921_042739_588118.txt,1,1,-8.0,-2.0,-2.0039,-15.0
wastesorting,02,3820178410,ours,value_what,experiments_logs/analysis_recent/when_what_mechanisms_20260921/00_raw/wastesorting/scene_02/ours/run_11_seed_3820178410/exp_wastesorting_20260921_014341_037057.txt,experiments_logs/analysis_recent/when_what_mechanisms_20260921/00_raw/wastesorting/scene_02/value_what/run_11_seed_3820178410/exp_wastesorting_20260921_042757_281922.txt,1,1,-7.0,0.0,-1.9292999999999998,0.0
wastesorting,02,4052769592,ours,value_what,experiments_logs/analysis_recent/when_what_mechanisms_20260921/00_raw/wastesorting/scene_02/ours/run_16_seed_4052769592/exp_wastesorting_20260921_014347_943626.txt,experiments_logs/analysis_recent/when_what_mechanisms_20260921/00_raw/wastesorting/scene_02/value_what/run_16_seed_4052769592/exp_wastesorting_20260921_042812_685920.txt,1,1,-1.0,0.0,-1.5034,0.0
wastesorting,02,4053942929,ours,value_what,experiments_logs/analysis_recent/when_what_mechanisms_20260921/00_raw/wastesorting/scene_02/ours/run_26_seed_4053942929/exp_wastesorting_20260921_014402_005406.txt,experiments_logs/analysis_recent/when_what_mechanisms_20260921/00_raw/wastesorting/scene_02/value_what/run_26_seed_4053942929/exp_wastesorting_20260921_042844_151988.txt,1,1,-9.0,-1.0,-2.3705999999999996,-15.0
wastesorting,02,4138266715,ours,value_what,experiments_logs/analysis_recent/when_what_mechanisms_20260921/00_raw/wastesorting/scene_02/ours/run_35_seed_4138266715/exp_wastesorting_20260921_014414_859806.txt,experiments_logs/analysis_recent/when_what_mechanisms_20260921/00_raw/wastesorting/scene_02/value_what/run_35_seed_4138266715/exp_wastesorting_20260921_042911_353176.txt,1,1,-4.0,0.0,-1.8515000000000001,0.0
wastesorting,02,431660203,ours,value_what,experiments_logs/analysis_recent/when_what_mechanisms_20260921/00_raw/wastesorting/scene_02/ours/run_15_seed_431660203/exp_wastesorting_20260921_014346_558276.txt,experiments_logs/analysis_recent/when_what_mechanisms_20260921/00_raw/wastesorting/scene_02/value_what/run_15_seed_431660203/exp_wastesorting_20260921_042809_785514.txt,1,1,-4.0,0.0,-1.6837999999999997,0.0
wastesorting,02,604661570,ours,value_what,experiments_logs/analysis_recent/when_what_mechanisms_20260921/00_raw/wastesorting/scene_02/ours/run_31_seed_604661570/exp_wastesorting_20260921_014409_089368.txt,experiments_logs/analysis_recent/when_what_mechanisms_20260921/00_raw/wastesorting/scene_02/value_what/run_31_seed_604661570/exp_wastesorting_20260921_042859_393723.txt,1,1,-4.0,-1.0,-1.525,-15.0
wastesorting,02,715488211,ours,value_what,experiments_logs/analysis_recent/when_what_mechanisms_20260921/00_raw/wastesorting/scene_02/ours/run_02_seed_715488211/exp_wastesorting_20260921_014327_924195.txt,experiments_logs/analysis_recent/when_what_mechanisms_20260921/00_raw/wastesorting/scene_02/value_what/run_02_seed_715488211/exp_wastesorting_20260921_042728_135113.txt,1,1,-8.0,-2.0,-1.6772,-15.0
wastesorting,02,800159661,ours,value_what,experiments_logs/analysis_recent/when_what_mechanisms_20260921/00_raw/wastesorting/scene_02/ours/run_13_seed_800159661/exp_wastesorting_20260921_014343_840943.txt,experiments_logs/analysis_recent/when_what_mechanisms_20260921/00_raw/wastesorting/scene_02/value_what/run_13_seed_800159661/exp_wastesorting_20260921_042803_829536.txt,1,1,-6.0,0.0,-1.6251999999999998,0.0
wastesorting,02,92232459,ours,value_what,experiments_logs/analysis_recent/when_what_mechanisms_20260921/00_raw/wastesorting/scene_02/ours/run_23_seed_92232459/exp_wastesorting_20260921_014357_791923.txt,experiments_logs/analysis_recent/when_what_mechanisms_20260921/00_raw/wastesorting/scene_02/value_what/run_23_seed_92232459/exp_wastesorting_20260921_042834_117360.txt,1,1,-9.0,-2.0,-2.0657,-15.0
wastesorting,03,1010706734,ours,value_what,experiments_logs/analysis_recent/when_what_mechanisms_20260921/00_raw/wastesorting/scene_03/ours/run_15_seed_1010706734/exp_wastesorting_20260921_014443_123684.txt,experiments_logs/analysis_recent/when_what_mechanisms_20260921/00_raw/wastesorting/scene_03/value_what/run_15_seed_1010706734/exp_wastesorting_20260921_043009_828077.txt,1,1,-7.0,0.0,-1.8099,0.0
wastesorting,03,1065524053,ours,value_what,experiments_logs/analysis_recent/when_what_mechanisms_20260921/00_raw/wastesorting/scene_03/ours/run_37_seed_1065524053/exp_wastesorting_20260921_014514_569278.txt,experiments_logs/analysis_recent/when_what_mechanisms_20260921/00_raw/wastesorting/scene_03/value_what/run_37_seed_1065524053/exp_wastesorting_20260921_043120_503902.txt,1,1,1.0,-1.0,-1.6957000000000002,20.0
wastesorting,03,1123572063,ours,value_what,experiments_logs/analysis_recent/when_what_mechanisms_20260921/00_raw/wastesorting/scene_03/ours/run_29_seed_1123572063/exp_wastesorting_20260921_014502_835607.txt,experiments_logs/analysis_recent/when_what_mechanisms_20260921/00_raw/wastesorting/scene_03/value_what/run_29_seed_1123572063/exp_wastesorting_20260921_043054_894634.txt,1,1,-7.0,0.0,-1.8205,0.0
wastesorting,03,1198822842,ours,value_what,experiments_logs/analysis_recent/when_what_mechanisms_20260921/00_raw/wastesorting/scene_03/ours/run_39_seed_1198822842/exp_wastesorting_20260921_014517_496462.txt,experiments_logs/analysis_recent/when_what_mechanisms_20260921/00_raw/wastesorting/scene_03/value_what/run_39_seed_1198822842/exp_wastesorting_20260921_043126_982804.txt,1,1,-6.0,0.0,-2.0852,0.0
wastesorting,03,1263200062,ours,value_what,experiments_logs/analysis_recent/when_what_mechanisms_20260921/00_raw/wastesorting/scene_03/ours/run_08_seed_1263200062/exp_wastesorting_20260921_014433_248754.txt,experiments_logs/analysis_recent/when_what_mechanisms_20260921/00_raw/wastesorting/scene_03/value_what/run_08_seed_1263200062/exp_wastesorting_20260921_042949_798919.txt,1,1,-9.0,0.0,-2.2545,0.0
wastesorting,03,1312241461,ours,value_what,experiments_logs/analysis_recent/when_what_mechanisms_20260921/00_raw/wastesorting/scene_03/ours/run_20_seed_1312241461/exp_wastesorting_20260921_014450_301679.txt,experiments_logs/analysis_recent/when_what_mechanisms_20260921/00_raw/wastesorting/scene_03/value_what/run_20_seed_1312241461/exp_wastesorting_20260921_043025_385362.txt,1,1,-8.0,0.0,-2.3228,0.0
wastesorting,03,1429072852,ours,value_what,experiments_logs/analysis_recent/when_what_mechanisms_20260921/00_raw/wastesorting/scene_03/ours/run_38_seed_1429072852/exp_wastesorting_20260921_014515_974322.txt,experiments_logs/analysis_recent/when_what_mechanisms_20260921/00_raw/wastesorting/scene_03/value_what/run_38_seed_1429072852/exp_wastesorting_20260921_043123_370765.txt,1,1,-5.0,0.0,-1.4441000000000002,0.0
wastesorting,03,151419445,ours,value_what,experiments_logs/analysis_recent/when_what_mechanisms_20260921/00_raw/wastesorting/scene_03/ours/run_05_seed_151419445/exp_wastesorting_20260921_014428_924836.txt,experiments_logs/analysis_recent/when_what_mechanisms_20260921/00_raw/wastesorting/scene_03/value_what/run_05_seed_151419445/exp_wastesorting_20260921_042940_462617.txt,1,1,-1.0,0.0,-1.6534,0.0
wastesorting,03,1682900593,ours,value_what,experiments_logs/analysis_recent/when_what_mechanisms_20260921/00_raw/wastesorting/scene_03/ours/run_23_seed_1682900593/exp_wastesorting_20260921_014454_419689.txt,experiments_logs/analysis_recent/when_what_mechanisms_20260921/00_raw/wastesorting/scene_03/value_what/run_23_seed_1682900593/exp_wastesorting_20260921_043035_717351.txt,1,1,-10.0,-3.0,-2.3501000000000003,-15.0
wastesorting,03,1757091912,ours,value_what,experiments_logs/analysis_recent/when_what_mechanisms_20260921/00_raw/wastesorting/scene_03/ours/run_11_seed_1757091912/exp_wastesorting_20260921_014437_439739.txt,experiments_logs/analysis_recent/when_what_mechanisms_20260921/00_raw/wastesorting/scene_03/value_what/run_11_seed_1757091912/exp_wastesorting_20260921_042958_445909.txt,1,1,-2.0,0.0,-0.9993999999999998,0.0
wastesorting,03,1790509877,ours,value_what,experiments_logs/analysis_recent/when_what_mechanisms_20260921/00_raw/wastesorting/scene_03/ours/run_16_seed_1790509877/exp_wastesorting_20260921_014444_500617.txt,experiments_logs/analysis_recent/when_what_mechanisms_20260921/00_raw/wastesorting/scene_03/value_what/run_16_seed_1790509877/exp_wastesorting_20260921_043012_352963.txt,1,1,-5.0,0.0,-1.1444,0.0
wastesorting,03,1849750684,ours,value_what,experiments_logs/analysis_recent/when_what_mechanisms_20260921/00_raw/wastesorting/scene_03/ours/run_21_seed_1849750684/exp_wastesorting_20260921_014451_635543.txt,experiments_logs/analysis_recent/when_what_mechanisms_20260921/00_raw/wastesorting/scene_03/value_what/run_21_seed_1849750684/exp_wastesorting_20260921_043028_850751.txt,1,1,-9.0,-2.0,-2.1159000000000003,-15.0
wastesorting,03,1862543915,ours,value_what,experiments_logs/analysis_recent/when_what_mechanisms_20260921/00_raw/wastesorting/scene_03/ours/run_17_seed_1862543915/exp_wastesorting_20260921_014445_918687.txt,experiments_logs/analysis_recent/when_what_mechanisms_20260921/00_raw/wastesorting/scene_03/value_what/run_17_seed_1862543915/exp_wastesorting_20260921_043015_641780.txt,1,1,-4.0,0.0,-1.8851,0.0
wastesorting,03,1932548607,ours,value_what,experiments_logs/analysis_recent/when_what_mechanisms_20260921/00_raw/wastesorting/scene_03/ours/run_28_seed_1932548607/exp_wastesorting_20260921_014501_383333.txt,experiments_logs/analysis_recent/when_what_mechanisms_20260921/00_raw/wastesorting/scene_03/value_what/run_28_seed_1932548607/exp_wastesorting_20260921_043051_626365.txt,1,1,-7.0,-1.0,-2.152,-15.0
wastesorting,03,1971182115,ours,value_what,experiments_logs/analysis_recent/when_what_mechanisms_20260921/00_raw/wastesorting/scene_03/ours/run_02_seed_1971182115/exp_wastesorting_20260921_014424_627147.txt,experiments_logs/analysis_recent/when_what_mechanisms_20260921/00_raw/wastesorting/scene_03/value_what/run_02_seed_1971182115/exp_wastesorting_20260921_042931_375035.txt,1,1,-6.0,-1.0,-1.9218000000000002,-15.0
wastesorting,03,2090573975,ours,value_what,experiments_logs/analysis_recent/when_what_mechanisms_20260921/00_raw/wastesorting/scene_03/ours/run_27_seed_2090573975/exp_wastesorting_20260921_014500_001010.txt,experiments_logs/analysis_recent/when_what_mechanisms_20260921/00_raw/wastesorting/scene_03/value_what/run_27_seed_2090573975/exp_wastesorting_20260921_043048_084577.txt,1,1,-9.0,-3.0,-2.0652,-15.0
wastesorting,03,2160290877,ours,value_what,experiments_logs/analysis_recent/when_what_mechanisms_20260921/00_raw/wastesorting/scene_03/ours/run_07_seed_2160290877/exp_wastesorting_20260921_014431_798161.txt,experiments_logs/analysis_recent/when_what_mechanisms_20260921/00_raw/wastesorting/scene_03/value_what/run_07_seed_2160290877/exp_wastesorting_20260921_042946_091248.txt,1,1,-4.0,-1.0,-1.0794000000000001,-15.0
wastesorting,03,2192330955,ours,value_what,experiments_logs/analysis_recent/when_what_mechanisms_20260921/00_raw/wastesorting/scene_03/ours/run_26_seed_2192330955/exp_wastesorting_20260921_014458_613022.txt,experiments_logs/analysis_recent/when_what_mechanisms_20260921/00_raw/wastesorting/scene_03/value_what/run_26_seed_2192330955/exp_wastesorting_20260921_043044_613761.txt,1,1,-2.0,0.0,-1.1443,0.0
wastesorting,03,2200107462,ours,value_what,experiments_logs/analysis_recent/when_what_mechanisms_20260921/00_raw/wastesorting/scene_03/ours/run_36_seed_2200107462/exp_wastesorting_20260921_014512_913436.txt,experiments_logs/analysis_recent/when_what_mechanisms_20260921/00_raw/wastesorting/scene_03/value_what/run_36_seed_2200107462/exp_wastesorting_20260921_043117_149369.txt,1,1,-8.0,0.0,-1.8769,0.0
wastesorting,03,2394637227,ours,value_what,experiments_logs/analysis_recent/when_what_mechanisms_20260921/00_raw/wastesorting/scene_03/ours/run_03_seed_2394637227/exp_wastesorting_20260921_014426_133548.txt,experiments_logs/analysis_recent/when_what_mechanisms_20260921/00_raw/wastesorting/scene_03/value_what/run_03_seed_2394637227/exp_wastesorting_20260921_042934_389302.txt,1,1,-3.0,0.0,-1.5120999999999998,0.0
wastesorting,03,2442584840,ours,value_what,experiments_logs/analysis_recent/when_what_mechanisms_20260921/00_raw/wastesorting/scene_03/ours/run_09_seed_2442584840/exp_wastesorting_20260921_014434_640354.txt,experiments_logs/analysis_recent/when_what_mechanisms_20260921/00_raw/wastesorting/scene_03/value_what/run_09_seed_2442584840/exp_wastesorting_20260921_042952_372347.txt,1,1,-3.0,-1.0,-1.1661000000000001,-15.0
wastesorting,03,2815362486,ours,value_what,experiments_logs/analysis_recent/when_what_mechanisms_20260921/00_raw/wastesorting/scene_03/ours/run_24_seed_2815362486/exp_wastesorting_20260921_014455_775930.txt,experiments_logs/analysis_recent/when_what_mechanisms_20260921/00_raw/wastesorting/scene_03/value_what/run_24_seed_2815362486/exp_wastesorting_20260921_043038_656277.txt,1,1,0.0,-1.0,-1.5781999999999998,-15.0
wastesorting,03,2836132436,ours,value_what,experiments_logs/analysis_recent/when_what_mechanisms_20260921/00_raw/wastesorting/scene_03/ours/run_18_seed_2836132436/exp_wastesorting_20260921_014447_380436.txt,experiments_logs/analysis_recent/when_what_mechanisms_20260921/00_raw/wastesorting/scene_03/value_what/run_18_seed_2836132436/exp_wastesorting_20260921_043018_872258.txt,1,1,-4.0,0.0,-1.7706,0.0
wastesorting,03,3532582087,ours,value_what,experiments_logs/analysis_recent/when_what_mechanisms_20260921/00_raw/wastesorting/scene_03/ours/run_22_seed_3532582087/exp_wastesorting_20260921_014453_041178.txt,experiments_logs/analysis_recent/when_what_mechanisms_20260921/00_raw/wastesorting/scene_03/value_what/run_22_seed_3532582087/exp_wastesorting_20260921_043031_987133.txt,1,1,-4.0,0.0,-1.729,0.0
wastesorting,03,3544407771,ours,value_what,experiments_logs/analysis_recent/when_what_mechanisms_20260921/00_raw/wastesorting/scene_03/ours/run_04_seed_3544407771/exp_wastesorting_20260921_014427_520096.txt,experiments_logs/analysis_recent/when_what_mechanisms_20260921/00_raw/wastesorting/scene_03/value_what/run_04_seed_3544407771/exp_wastesorting_20260921_042937_404689.txt,1,1,-6.0,0.0,-1.625,-5.0
wastesorting,03,3643526193,ours,value_what,experiments_logs/analysis_recent/when_what_mechanisms_20260921/00_raw/wastesorting/scene_03/ours/run_32_seed_3643526193/exp_wastesorting_20260921_014507_114684.txt,experiments_logs/analysis_recent/when_what_mechanisms_20260921/00_raw/wastesorting/scene_03/value_what/run_32_seed_3643526193/exp_wastesorting_20260921_043103_854072.txt,1,1,-7.0,-1.0,-1.5373,-15.0
wastesorting,03,3734705447,ours,value_what,experiments_logs/analysis_recent/when_what_mechanisms_20260921/00_raw/wastesorting/scene_03/ours/run_13_seed_3734705447/exp_wastesorting_20260921_014440_298737.txt,experiments_logs/analysis_recent/when_what_mechanisms_20260921/00_raw/wastesorting/scene_03/value_what/run_13_seed_3734705447/exp_wastesorting_20260921_043004_160191.txt,1,1,2.0,0.0,-1.1303,0.0
wastesorting,03,3772505736,ours,value_what,experiments_logs/analysis_recent/when_what_mechanisms_20260921/00_raw/wastesorting/scene_03/ours/run_35_seed_3772505736/exp_wastesorting_20260921_014511_462926.txt,experiments_logs/analysis_recent/when_what_mechanisms_20260921/00_raw/wastesorting/scene_03/value_what/run_35_seed_3772505736/exp_wastesorting_20260921_043113_828391.txt,1,1,-5.0,0.0,-2.0109,0.0
wastesorting,03,3925417317,ours,value_what,experiments_logs/analysis_recent/when_what_mechanisms_20260921/00_raw/wastesorting/scene_03/ours/run_33_seed_3925417317/exp_wastesorting_20260921_014508_543263.txt,experiments_logs/analysis_recent/when_what_mechanisms_20260921/00_raw/wastesorting/scene_03/value_what/run_33_seed_3925417317/exp_wastesorting_20260921_043107_312221.txt,1,1,-6.0,0.0,-2.0530999999999997,0.0
wastesorting,03,3952233946,ours,value_what,experiments_logs/analysis_recent/when_what_mechanisms_20260921/00_raw/wastesorting/scene_03/ours/run_34_seed_3952233946/exp_wastesorting_20260921_014510_061026.txt,experiments_logs/analysis_recent/when_what_mechanisms_20260921/00_raw/wastesorting/scene_03/value_what/run_34_seed_3952233946/exp_wastesorting_20260921_043110_427106.txt,1,1,-1.0,0.0,-1.6146,-15.0
wastesorting,03,408728855,ours,value_what,experiments_logs/analysis_recent/when_what_mechanisms_20260921/00_raw/wastesorting/scene_03/ours/run_25_seed_408728855/exp_wastesorting_20260921_014457_185359.txt,experiments_logs/analysis_recent/when_what_mechanisms_20260921/00_raw/wastesorting/scene_03/value_what/run_25_seed_408728855/exp_wastesorting_20260921_043042_040603.txt,1,1,-4.0,0.0,-1.9826000000000001,0.0
wastesorting,03,4128056421,ours,value_what,experiments_logs/analysis_recent/when_what_mechanisms_20260921/00_raw/wastesorting/scene_03/ours/run_30_seed_4128056421/exp_wastesorting_20260921_014504_272458.txt,experiments_logs/analysis_recent/when_what_mechanisms_20260921/00_raw/wastesorting/scene_03/value_what/run_30_seed_4128056421/exp_wastesorting_20260921_043058_291440.txt,1,1,-3.0,0.0,-1.9566,0.0
wastesorting,03,4248209127,ours,value_what,experiments_logs/analysis_recent/when_what_mechanisms_20260921/00_raw/wastesorting/scene_03/ours/run_19_seed_4248209127/exp_wastesorting_20260921_014448_815811.txt,experiments_logs/analysis_recent/when_what_mechanisms_20260921/00_raw/wastesorting/scene_03/value_what/run_19_seed_4248209127/exp_wastesorting_20260921_043021_581174.txt,1,1,-2.0,0.0,-1.2717,0.0
wastesorting,03,428908864,ours,value_what,experiments_logs/analysis_recent/when_what_mechanisms_20260921/00_raw/wastesorting/scene_03/ours/run_31_seed_428908864/exp_wastesorting_20260921_014505_681454.txt,experiments_logs/analysis_recent/when_what_mechanisms_20260921/00_raw/wastesorting/scene_03/value_what/run_31_seed_428908864/exp_wastesorting_20260921_043100_883742.txt,1,1,-6.0,0.0,-1.1897,0.0
wastesorting,03,703706258,ours,value_what,experiments_logs/analysis_recent/when_what_mechanisms_20260921/00_raw/wastesorting/scene_03/ours/run_12_seed_703706258/exp_wastesorting_20260921_014438_868395.txt,experiments_logs/analysis_recent/when_what_mechanisms_20260921/00_raw/wastesorting/scene_03/value_what/run_12_seed_703706258/exp_wastesorting_20260921_043001_583156.txt,1,1,-1.0,1.0,-1.7018,-15.0
wastesorting,03,808931924,ours,value_what,experiments_logs/analysis_recent/when_what_mechanisms_20260921/00_raw/wastesorting/scene_03/ours/run_14_seed_808931924/exp_wastesorting_20260921_014441_701397.txt,experiments_logs/analysis_recent/when_what_mechanisms_20260921/00_raw/wastesorting/scene_03/value_what/run_14_seed_808931924/exp_wastesorting_20260921_043006_578887.txt,1,1,-2.0,0.0,-1.0192999999999999,0.0
wastesorting,03,864565644,ours,value_what,experiments_logs/analysis_recent/when_what_mechanisms_20260921/00_raw/wastesorting/scene_03/ours/run_40_seed_864565644/exp_wastesorting_20260921_014518_924613.txt,experiments_logs/analysis_recent/when_what_mechanisms_20260921/00_raw/wastesorting/scene_03/value_what/run_40_seed_864565644/exp_wastesorting_20260921_043130_562850.txt,1,1,-3.0,0.0,-2.1355,0.0
wastesorting,03,878097152,ours,value_what,experiments_logs/analysis_recent/when_what_mechanisms_20260921/00_raw/wastesorting/scene_03/ours/run_06_seed_878097152/exp_wastesorting_20260921_014430_395374.txt,experiments_logs/analysis_recent/when_what_mechanisms_20260921/00_raw/wastesorting/scene_03/value_what/run_06_seed_878097152/exp_wastesorting_20260921_042943_609178.txt,1,1,-4.0,0.0,-1.6747,0.0
wastesorting,03,935228514,ours,value_what,experiments_logs/analysis_recent/when_what_mechanisms_20260921/00_raw/wastesorting/scene_03/ours/run_01_seed_935228514/exp_wastesorting_20260921_014423_259381.txt,experiments_logs/analysis_recent/when_what_mechanisms_20260921/00_raw/wastesorting/scene_03/value_what/run_01_seed_935228514/exp_wastesorting_20260921_042928_071734.txt,1,1,-1.0,0.0,-0.9302999999999999,0.0
wastesorting,03,995062266,ours,value_what,experiments_logs/analysis_recent/when_what_mechanisms_20260921/00_raw/wastesorting/scene_03/ours/run_10_seed_995062266/exp_wastesorting_20260921_014436_073481.txt,experiments_logs/analysis_recent/when_what_mechanisms_20260921/00_raw/wastesorting/scene_03/value_what/run_10_seed_995062266/exp_wastesorting_20260921_042956_073108.txt,1,1,-6.0,-1.0,-2.2557,-15.0
wastesorting,04,1105776053,ours,value_what,experiments_logs/analysis_recent/when_what_mechanisms_20260921/00_raw/wastesorting/scene_04/ours/run_13_seed_1105776053/exp_wastesorting_20260921_014537_793079.txt,experiments_logs/analysis_recent/when_what_mechanisms_20260921/00_raw/wastesorting/scene_04/value_what/run_13_seed_1105776053/exp_wastesorting_20260921_043213_464502.txt,1,1,2.0,-2.0,-1.3612000000000002,-20.0
wastesorting,04,1117810574,ours,value_what,experiments_logs/analysis_recent/when_what_mechanisms_20260921/00_raw/wastesorting/scene_04/ours/run_39_seed_1117810574/exp_wastesorting_20260921_014615_860840.txt,experiments_logs/analysis_recent/when_what_mechanisms_20260921/00_raw/wastesorting/scene_04/value_what/run_39_seed_1117810574/exp_wastesorting_20260921_043342_069209.txt,1,1,-7.0,0.0,-2.8048,0.0
wastesorting,04,1147895942,ours,value_what,experiments_logs/analysis_recent/when_what_mechanisms_20260921/00_raw/wastesorting/scene_04/ours/run_09_seed_1147895942/exp_wastesorting_20260921_014531_923492.txt,experiments_logs/analysis_recent/when_what_mechanisms_20260921/00_raw/wastesorting/scene_04/value_what/run_09_seed_1147895942/exp_wastesorting_20260921_043159_202482.txt,1,1,-6.0,0.0,-1.2277999999999998,0.0
wastesorting,04,132699259,ours,value_what,experiments_logs/analysis_recent/when_what_mechanisms_20260921/00_raw/wastesorting/scene_04/ours/run_38_seed_132699259/exp_wastesorting_20260921_014614_249668.txt,experiments_logs/analysis_recent/when_what_mechanisms_20260921/00_raw/wastesorting/scene_04/value_what/run_38_seed_132699259/exp_wastesorting_20260921_043337_641665.txt,1,1,-14.0,-1.0,-2.8414,0.0
wastesorting,04,13571565,ours,value_what,experiments_logs/analysis_recent/when_what_mechanisms_20260921/00_raw/wastesorting/scene_04/ours/run_25_seed_13571565/exp_wastesorting_20260921_014555_242546.txt,experiments_logs/analysis_recent/when_what_mechanisms_20260921/00_raw/wastesorting/scene_04/value_what/run_25_seed_13571565/exp_wastesorting_20260921_043253_643700.txt,1,1,-10.0,0.0,-2.1145,-20.0
wastesorting,04,1445352403,ours,value_what,experiments_logs/analysis_recent/when_what_mechanisms_20260921/00_raw/wastesorting/scene_04/ours/run_18_seed_1445352403/exp_wastesorting_20260921_014545_080541.txt,experiments_logs/analysis_recent/when_what_mechanisms_20260921/00_raw/wastesorting/scene_04/value_what/run_18_seed_1445352403/exp_wastesorting_20260921_043229_617330.txt,1,1,1.0,2.0,-1.1255000000000002,0.0
wastesorting,04,1493522614,ours,value_what,experiments_logs/analysis_recent/when_what_mechanisms_20260921/00_raw/wastesorting/scene_04/ours/run_24_seed_1493522614/exp_wastesorting_20260921_014553_795298.txt,experiments_logs/analysis_recent/when_what_mechanisms_20260921/00_raw/wastesorting/scene_04/value_what/run_24_seed_1493522614/exp_wastesorting_20260921_043250_093115.txt,1,1,-11.0,0.0,-2.3145,0.0
wastesorting,04,1518896079,ours,value_what,experiments_logs/analysis_recent/when_what_mechanisms_20260921/00_raw/wastesorting/scene_04/ours/run_28_seed_1518896079/exp_wastesorting_20260921_014559_629519.txt,experiments_logs/analysis_recent/when_what_mechanisms_20260921/00_raw/wastesorting/scene_04/value_what/run_28_seed_1518896079/exp_wastesorting_20260921_043303_329784.txt,1,1,-5.0,0.0,-1.6480000000000001,0.0
wastesorting,04,1619001990,ours,value_what,experiments_logs/analysis_recent/when_what_mechanisms_20260921/00_raw/wastesorting/scene_04/ours/run_21_seed_1619001990/exp_wastesorting_20260921_014549_397572.txt,experiments_logs/analysis_recent/when_what_mechanisms_20260921/00_raw/wastesorting/scene_04/value_what/run_21_seed_1619001990/exp_wastesorting_20260921_043239_960870.txt,1,1,-4.0,-1.0,-2.0549,-15.0
wastesorting,04,1783261924,ours,value_what,experiments_logs/analysis_recent/when_what_mechanisms_20260921/00_raw/wastesorting/scene_04/ours/run_31_seed_1783261924/exp_wastesorting_20260921_014603_989780.txt,experiments_logs/analysis_recent/when_what_mechanisms_20260921/00_raw/wastesorting/scene_04/value_what/run_31_seed_1783261924/exp_wastesorting_20260921_043313_623565.txt,1,1,-6.0,0.0,-1.5905999999999998,0.0
wastesorting,04,1838985415,ours,value_what,experiments_logs/analysis_recent/when_what_mechanisms_20260921/00_raw/wastesorting/scene_04/ours/run_02_seed_1838985415/exp_wastesorting_20260921_014521_828805.txt,experiments_logs/analysis_recent/when_what_mechanisms_20260921/00_raw/wastesorting/scene_04/value_what/run_02_seed_1838985415/exp_wastesorting_20260921_043137_461911.txt,1,1,-11.0,0.0,-2.4997000000000003,0.0
wastesorting,04,1852316728,ours,value_what,experiments_logs/analysis_recent/when_what_mechanisms_20260921/00_raw/wastesorting/scene_04/ours/run_37_seed_1852316728/exp_wastesorting_20260921_014612_635975.txt,experiments_logs/analysis_recent/when_what_mechanisms_20260921/00_raw/wastesorting/scene_04/value_what/run_37_seed_1852316728/exp_wastesorting_20260921_043333_182756.txt,1,1,-7.0,1.0,-2.6270000000000002,0.0
wastesorting,04,1973069430,ours,value_what,experiments_logs/analysis_recent/when_what_mechanisms_20260921/00_raw/wastesorting/scene_04/ours/run_03_seed_1973069430/exp_wastesorting_20260921_014523_267562.txt,experiments_logs/analysis_recent/when_what_mechanisms_20260921/00_raw/wastesorting/scene_04/value_what/run_03_seed_1973069430/exp_wastesorting_20260921_043140_911561.txt,1,1,-8.0,-1.0,-2.0087,-5.0
wastesorting,04,2303938088,ours,value_what,experiments_logs/analysis_recent/when_what_mechanisms_20260921/00_raw/wastesorting/scene_04/ours/run_30_seed_2303938088/exp_wastesorting_20260921_014602_562679.txt,experiments_logs/analysis_recent/when_what_mechanisms_20260921/00_raw/wastesorting/scene_04/value_what/run_30_seed_2303938088/exp_wastesorting_20260921_043310_607932.txt,1,1,-4.0,0.0,-1.9937,0.0
wastesorting,04,2350780499,ours,value_what,experiments_logs/analysis_recent/when_what_mechanisms_20260921/00_raw/wastesorting/scene_04/ours/run_06_seed_2350780499/exp_wastesorting_20260921_014527_558093.txt,experiments_logs/analysis_recent/when_what_mechanisms_20260921/00_raw/wastesorting/scene_04/value_what/run_06_seed_2350780499/exp_wastesorting_20260921_043150_196161.txt,1,1,-1.0,0.0,-0.9116000000000001,0.0
wastesorting,04,2401657902,ours,value_what,experiments_logs/analysis_recent/when_what_mechanisms_20260921/00_raw/wastesorting/scene_04/ours/run_07_seed_2401657902/exp_wastesorting_20260921_014529_001472.txt,experiments_logs/analysis_recent/when_what_mechanisms_20260921/00_raw/wastesorting/scene_04/value_what/run_07_seed_2401657902/exp_wastesorting_20260921_043153_204693.txt,1,1,2.0,0.0,-1.5638999999999998,0.0
wastesorting,04,2413410080,ours,value_what,experiments_logs/analysis_recent/when_what_mechanisms_20260921/00_raw/wastesorting/scene_04/ours/run_19_seed_2413410080/exp_wastesorting_20260921_014546_499465.txt,experiments_logs/analysis_recent/when_what_mechanisms_20260921/00_raw/wastesorting/scene_04/value_what/run_19_seed_2413410080/exp_wastesorting_20260921_043233_722384.txt,1,1,-8.0,-1.0,-2.6809000000000003,-15.0
wastesorting,04,2630099760,ours,value_what,experiments_logs/analysis_recent/when_what_mechanisms_20260921/00_raw/wastesorting/scene_04/ours/run_26_seed_2630099760/exp_wastesorting_20260921_014556_668007.txt,experiments_logs/analysis_recent/when_what_mechanisms_20260921/00_raw/wastesorting/scene_04/value_what/run_26_seed_2630099760/exp_wastesorting_20260921_043256_239907.txt,1,1,-2.0,0.0,-1.1784999999999997,0.0
wastesorting,04,2877610580,ours,value_what,experiments_logs/analysis_recent/when_what_mechanisms_20260921/00_raw/wastesorting/scene_04/ours/run_36_seed_2877610580/exp_wastesorting_20260921_014611_030098.txt,experiments_logs/analysis_recent/when_what_mechanisms_20260921/00_raw/wastesorting/scene_04/value_what/run_36_seed_2877610580/exp_wastesorting_20260921_043328_952155.txt,1,1,-6.0,0.0,-1.7397,0.0
wastesorting,04,2967203946,ours,value_what,experiments_logs/analysis_recent/when_what_mechanisms_20260921/00_raw/wastesorting/scene_04/ours/run_40_seed_2967203946/exp_wastesorting_20260921_014617_330787.txt,experiments_logs/analysis_recent/when_what_mechanisms_20260921/00_raw/wastesorting/scene_04/value_what/run_40_seed_2967203946/exp_wastesorting_20260921_043345_760702.txt,1,1,-11.0,0.0,-2.1965,0.0
wastesorting,04,3110233099,ours,value_what,experiments_logs/analysis_recent/when_what_mechanisms_20260921/00_raw/wastesorting/scene_04/ours/run_12_seed_3110233099/exp_wastesorting_20260921_014536_309975.txt,experiments_logs/analysis_recent/when_what_mechanisms_20260921/00_raw/wastesorting/scene_04/value_what/run_12_seed_3110233099/exp_wastesorting_20260921_043210_628169.txt,1,1,-2.0,0.0,-2.0587,0.0
wastesorting,04,3182553066,ours,value_what,experiments_logs/analysis_recent/when_what_mechanisms_20260921/00_raw/wastesorting/scene_04/ours/run_08_seed_3182553066/exp_wastesorting_20260921_014530_489282.txt,experiments_logs/analysis_recent/when_what_mechanisms_20260921/00_raw/wastesorting/scene_04/value_what/run_08_seed_3182553066/exp_wastesorting_20260921_043156_529476.txt,1,1,-4.0,-1.0,-1.8377000000000001,-15.0
wastesorting,04,3201562577,ours,value_what,experiments_logs/analysis_recent/when_what_mechanisms_20260921/00_raw/wastesorting/scene_04/ours/run_05_seed_3201562577/exp_wastesorting_20260921_014526_123245.txt,experiments_logs/analysis_recent/when_what_mechanisms_20260921/00_raw/wastesorting/scene_04/value_what/run_05_seed_3201562577/exp_wastesorting_20260921_043147_853015.txt,1,1,-7.0,0.0,-2.2338,0.0
wastesorting,04,3291161639,ours,value_what,experiments_logs/analysis_recent/when_what_mechanisms_20260921/00_raw/wastesorting/scene_04/ours/run_01_seed_3291161639/exp_wastesorting_20260921_014520_343860.txt,experiments_logs/analysis_recent/when_what_mechanisms_20260921/00_raw/wastesorting/scene_04/value_what/run_01_seed_3291161639/exp_wastesorting_20260921_043133_490681.txt,1,1,-4.0,-4.0,-1.5202,-20.0
wastesorting,04,3292785302,ours,value_what,experiments_logs/analysis_recent/when_what_mechanisms_20260921/00_raw/wastesorting/scene_04/ours/run_35_seed_3292785302/exp_wastesorting_20260921_014609_655793.txt,experiments_logs/analysis_recent/when_what_mechanisms_20260921/00_raw/wastesorting/scene_04/value_what/run_35_seed_3292785302/exp_wastesorting_20260921_043325_822278.txt,1,1,-6.0,0.0,-1.8212000000000002,0.0
wastesorting,04,3310113005,ours,value_what,experiments_logs/analysis_recent/when_what_mechanisms_20260921/00_raw/wastesorting/scene_04/ours/run_20_seed_3310113005/exp_wastesorting_20260921_014547_909583.txt,experiments_logs/analysis_recent/when_what_mechanisms_20260921/00_raw/wastesorting/scene_04/value_what/run_20_seed_3310113005/exp_wastesorting_20260921_043236_415906.txt,1,1,-4.0,0.0,-1.2860000000000003,0.0
wastesorting,04,3369209442,ours,value_what,experiments_logs/analysis_recent/when_what_mechanisms_20260921/00_raw/wastesorting/scene_04/ours/run_16_seed_3369209442/exp_wastesorting_20260921_014542_040678.txt,experiments_logs/analysis_recent/when_what_mechanisms_20260921/00_raw/wastesorting/scene_04/value_what/run_16_seed_3369209442/exp_wastesorting_20260921_043224_090563.txt,1,1,-4.0,0.0,-1.7797,0.0
wastesorting,04,3414205865,ours,value_what,experiments_logs/analysis_recent/when_what_mechanisms_20260921/00_raw/wastesorting/scene_04/ours/run_22_seed_3414205865/exp_wastesorting_20260921_014550_891722.txt,experiments_logs/analysis_recent/when_what_mechanisms_20260921/00_raw/wastesorting/scene_04/value_what/run_22_seed_3414205865/exp_wastesorting_20260921_043243_491912.txt,1,1,-6.0,0.0,-2.0404,0.0
wastesorting,04,3576324234,ours,value_what,experiments_logs/analysis_recent/when_what_mechanisms_20260921/00_raw/wastesorting/scene_04/ours/run_33_seed_3576324234/exp_wastesorting_20260921_014606_746574.txt,experiments_logs/analysis_recent/when_what_mechanisms_20260921/00_raw/wastesorting/scene_04/value_what/run_33_seed_3576324234/exp_wastesorting_20260921_043319_121342.txt,1,1,-3.0,0.0,-1.4101999999999997,0.0
wastesorting,04,3692021791,ours,value_what,experiments_logs/analysis_recent/when_what_mechanisms_20260921/00_raw/wastesorting/scene_04/ours/run_17_seed_3692021791/exp_wastesorting_20260921_014543_451002.txt,experiments_logs/analysis_recent/when_what_mechanisms_20260921/00_raw/wastesorting/scene_04/value_what/run_17_seed_3692021791/exp_wastesorting_20260921_043226_856392.txt,1,1,-3.0,0.0,-1.3405,0.0
wastesorting,04,3718837247,ours,value_what,experiments_logs/analysis_recent/when_what_mechanisms_20260921/00_raw/wastesorting/scene_04/ours/run_14_seed_3718837247/exp_wastesorting_20260921_014539_196410.txt,experiments_logs/analysis_recent/when_what_mechanisms_20260921/00_raw/wastesorting/scene_04/value_what/run_14_seed_3718837247/exp_wastesorting_20260921_043217_596697.txt,1,1,-11.0,0.0,-2.7271,0.0
wastesorting,04,3787165175,ours,value_what,experiments_logs/analysis_recent/when_what_mechanisms_20260921/00_raw/wastesorting/scene_04/ours/run_27_seed_3787165175/exp_wastesorting_20260921_014558_122896.txt,experiments_logs/analysis_recent/when_what_mechanisms_20260921/00_raw/wastesorting/scene_04/value_what/run_27_seed_3787165175/exp_wastesorting_20260921_043300_183671.txt,1,1,-10.0,0.0,-2.4992,0.0
wastesorting,04,3966743771,ours,value_what,experiments_logs/analysis_recent/when_what_mechanisms_20260921/00_raw/wastesorting/scene_04/ours/run_34_seed_3966743771/exp_wastesorting_20260921_014608_190937.txt,experiments_logs/analysis_recent/when_what_mechanisms_20260921/00_raw/wastesorting/scene_04/value_what/run_34_seed_3966743771/exp_wastesorting_20260921_043322_543163.txt,1,1,-5.0,-2.0,-1.9835000000000003,-15.0
wastesorting,04,3973487875,ours,value_what,experiments_logs/analysis_recent/when_what_mechanisms_20260921/00_raw/wastesorting/scene_04/ours/run_32_seed_3973487875/exp_wastesorting_20260921_014605_376363.txt,experiments_logs/analysis_recent/when_what_mechanisms_20260921/00_raw/wastesorting/scene_04/value_what/run_32_seed_3973487875/exp_wastesorting_20260921_043316_326979.txt,1,1,-6.0,0.0,-1.3131000000000002,0.0
wastesorting,04,3989924643,ours,value_what,experiments_logs/analysis_recent/when_what_mechanisms_20260921/00_raw/wastesorting/scene_04/ours/run_23_seed_3989924643/exp_wastesorting_20260921_014552_350654.txt,experiments_logs/analysis_recent/when_what_mechanisms_20260921/00_raw/wastesorting/scene_04/value_what/run_23_seed_3989924643/exp_wastesorting_20260921_043246_335495.txt,1,1,-3.0,0.0,-1.3773000000000002,-15.0
wastesorting,04,414427021,ours,value_what,experiments_logs/analysis_recent/when_what_mechanisms_20260921/00_raw/wastesorting/scene_04/ours/run_04_seed_414427021/exp_wastesorting_20260921_014524_714595.txt,experiments_logs/analysis_recent/when_what_mechanisms_20260921/00_raw/wastesorting/scene_04/value_what/run_04_seed_414427021/exp_wastesorting_20260921_043144_207350.txt,1,1,-6.0,-2.0,-1.8393,-20.0
wastesorting,04,4193229496,ours,value_what,experiments_logs/analysis_recent/when_what_mechanisms_20260921/00_raw/wastesorting/scene_04/ours/run_15_seed_4193229496/exp_wastesorting_20260921_014540_608479.txt,experiments_logs/analysis_recent/when_what_mechanisms_20260921/00_raw/wastesorting/scene_04/value_what/run_15_seed_4193229496/exp_wastesorting_20260921_043220_868238.txt,1,1,-6.0,0.0,-1.8612,0.0
wastesorting,04,472386282,ours,value_what,experiments_logs/analysis_recent/when_what_mechanisms_20260921/00_raw/wastesorting/scene_04/ours/run_10_seed_472386282/exp_wastesorting_20260921_014533_461969.txt,experiments_logs/analysis_recent/when_what_mechanisms_20260921/00_raw/wastesorting/scene_04/value_what/run_10_seed_472386282/exp_wastesorting_20260921_043203_293437.txt,1,1,-6.0,0.0,-2.547,0.0
wastesorting,04,506359200,ours,value_what,experiments_logs/analysis_recent/when_what_mechanisms_20260921/00_raw/wastesorting/scene_04/ours/run_29_seed_506359200/exp_wastesorting_20260921_014601_080559.txt,experiments_logs/analysis_recent/when_what_mechanisms_20260921/00_raw/wastesorting/scene_04/value_what/run_29_seed_506359200/exp_wastesorting_20260921_043307_148296.txt,1,1,-5.0,0.0,-2.3695000000000004,0.0
wastesorting,04,558605806,ours,value_what,experiments_logs/analysis_recent/when_what_mechanisms_20260921/00_raw/wastesorting/scene_04/ours/run_11_seed_558605806/exp_wastesorting_20260921_014534_851259.txt,experiments_logs/analysis_recent/when_what_mechanisms_20260921/00_raw/wastesorting/scene_04/value_what/run_11_seed_558605806/exp_wastesorting_20260921_043207_100817.txt,1,1,-11.0,0.0,-2.4168000000000003,0.0
wastesorting,05,1045529480,ours,value_what,experiments_logs/analysis_recent/when_what_mechanisms_20260921/00_raw/wastesorting/scene_05/ours/run_27_seed_1045529480/exp_wastesorting_20260921_014657_036446.txt,experiments_logs/analysis_recent/when_what_mechanisms_20260921/00_raw/wastesorting/scene_05/value_what/run_27_seed_1045529480/exp_wastesorting_20260921_043511_088412.txt,1,1,0.0,0.0,-1.1848,0.0
wastesorting,05,1045924611,ours,value_what,experiments_logs/analysis_recent/when_what_mechanisms_20260921/00_raw/wastesorting/scene_05/ours/run_22_seed_1045924611/exp_wastesorting_20260921_014649_503008.txt,experiments_logs/analysis_recent/when_what_mechanisms_20260921/00_raw/wastesorting/scene_05/value_what/run_22_seed_1045924611/exp_wastesorting_20260921_043455_851808.txt,1,1,-1.0,0.0,-1.2993,0.0
wastesorting,05,1159978775,ours,value_what,experiments_logs/analysis_recent/when_what_mechanisms_20260921/00_raw/wastesorting/scene_05/ours/run_18_seed_1159978775/exp_wastesorting_20260921_014643_460021.txt,experiments_logs/analysis_recent/when_what_mechanisms_20260921/00_raw/wastesorting/scene_05/value_what/run_18_seed_1159978775/exp_wastesorting_20260921_043442_394305.txt,1,1,-5.0,0.0,-1.5194,0.0
wastesorting,05,1253677920,ours,value_what,experiments_logs/analysis_recent/when_what_mechanisms_20260921/00_raw/wastesorting/scene_05/ours/run_24_seed_1253677920/exp_wastesorting_20260921_014652_430872.txt,experiments_logs/analysis_recent/when_what_mechanisms_20260921/00_raw/wastesorting/scene_05/value_what/run_24_seed_1253677920/exp_wastesorting_20260921_043501_969840.txt,1,1,-5.0,0.0,-1.5721999999999998,0.0
wastesorting,05,1280378645,ours,value_what,experiments_logs/analysis_recent/when_what_mechanisms_20260921/00_raw/wastesorting/scene_05/ours/run_04_seed_1280378645/exp_wastesorting_20260921_014623_194619.txt,experiments_logs/analysis_recent/when_what_mechanisms_20260921/00_raw/wastesorting/scene_05/value_what/run_04_seed_1280378645/exp_wastesorting_20260921_043358_290854.txt,1,1,-9.0,0.0,-2.1465,0.0
wastesorting,05,1380997039,ours,value_what,experiments_logs/analysis_recent/when_what_mechanisms_20260921/00_raw/wastesorting/scene_05/ours/run_34_seed_1380997039/exp_wastesorting_20260921_014707_025526.txt,experiments_logs/analysis_recent/when_what_mechanisms_20260921/00_raw/wastesorting/scene_05/value_what/run_34_seed_1380997039/exp_wastesorting_20260921_043531_391226.txt,1,1,-5.0,0.0,-1.4455,0.0
wastesorting,05,1489971784,ours,value_what,experiments_logs/analysis_recent/when_what_mechanisms_20260921/00_raw/wastesorting/scene_05/ours/run_06_seed_1489971784/exp_wastesorting_20260921_014626_078427.txt,experiments_logs/analysis_recent/when_what_mechanisms_20260921/00_raw/wastesorting/scene_05/value_what/run_06_seed_1489971784/exp_wastesorting_20260921_043405_205185.txt,1,1,-9.0,0.0,-2.3204000000000002,0.0
wastesorting,05,1668817081,ours,value_what,experiments_logs/analysis_recent/when_what_mechanisms_20260921/00_raw/wastesorting/scene_05/ours/run_32_seed_1668817081/exp_wastesorting_20260921_014704_243160.txt,experiments_logs/analysis_recent/when_what_mechanisms_20260921/00_raw/wastesorting/scene_05/value_what/run_32_seed_1668817081/exp_wastesorting_20260921_043525_978457.txt,1,1,-3.0,-1.0,-1.1616999999999997,-15.0
wastesorting,05,1980913558,ours,value_what,experiments_logs/analysis_recent/when_what_mechanisms_20260921/00_raw/wastesorting/scene_05/ours/run_37_seed_1980913558/exp_wastesorting_20260921_014711_235056.txt,experiments_logs/analysis_recent/when_what_mechanisms_20260921/00_raw/wastesorting/scene_05/value_what/run_37_seed_1980913558/exp_wastesorting_20260921_043542_046176.txt,1,1,-14.0,0.0,-2.7365000000000004,0.0
wastesorting,05,2300990510,ours,value_what,experiments_logs/analysis_recent/when_what_mechanisms_20260921/00_raw/wastesorting/scene_05/ours/run_35_seed_2300990510/exp_wastesorting_20260921_014708_411935.txt,experiments_logs/analysis_recent/when_what_mechanisms_20260921/00_raw/wastesorting/scene_05/value_what/run_35_seed_2300990510/exp_wastesorting_20260921_043535_244876.txt,1,1,-9.0,0.0,-2.461,0.0
wastesorting,05,230996701,ours,value_what,experiments_logs/analysis_recent/when_what_mechanisms_20260921/00_raw/wastesorting/scene_05/ours/run_29_seed_230996701/exp_wastesorting_20260921_014659_938240.txt,experiments_logs/analysis_recent/when_what_mechanisms_20260921/00_raw/wastesorting/scene_05/value_what/run_29_seed_230996701/exp_wastesorting_20260921_043517_227134.txt,1,1,-3.0,0.0,-1.7744,0.0
wastesorting,05,2624923704,ours,value_what,experiments_logs/analysis_recent/when_what_mechanisms_20260921/00_raw/wastesorting/scene_05/ours/run_09_seed_2624923704/exp_wastesorting_20260921_014630_375465.txt,experiments_logs/analysis_recent/when_what_mechanisms_20260921/00_raw/wastesorting/scene_05/value_what/run_09_seed_2624923704/exp_wastesorting_20260921_043414_741694.txt,1,1,-6.0,0.0,-1.8168,0.0
wastesorting,05,2645731214,ours,value_what,experiments_logs/analysis_recent/when_what_mechanisms_20260921/00_raw/wastesorting/scene_05/ours/run_36_seed_2645731214/exp_wastesorting_20260921_014709_827166.txt,experiments_logs/analysis_recent/when_what_mechanisms_20260921/00_raw/wastesorting/scene_05/value_what/run_36_seed_2645731214/exp_wastesorting_20260921_043537_902270.txt,1,1,-1.0,-1.0,-1.2661000000000002,-5.0
wastesorting,05,2666206818,ours,value_what,experiments_logs/analysis_recent/when_what_mechanisms_20260921/00_raw/wastesorting/scene_05/ours/run_14_seed_2666206818/exp_wastesorting_20260921_014637_652489.txt,experiments_logs/analysis_recent/when_what_mechanisms_20260921/00_raw/wastesorting/scene_05/value_what/run_14_seed_2666206818/exp_wastesorting_20260921_043430_210250.txt,1,1,-6.0,0.0,-1.9810999999999999,0.0
wastesorting,05,2681637189,ours,value_what,experiments_logs/analysis_recent/when_what_mechanisms_20260921/00_raw/wastesorting/scene_05/ours/run_15_seed_2681637189/exp_wastesorting_20260921_014639_052987.txt,experiments_logs/analysis_recent/when_what_mechanisms_20260921/00_raw/wastesorting/scene_05/value_what/run_15_seed_2681637189/exp_wastesorting_20260921_043433_587129.txt,1,1,-6.0,-1.0,-1.9642000000000002,-15.0
wastesorting,05,2741241943,ours,value_what,experiments_logs/analysis_recent/when_what_mechanisms_20260921/00_raw/wastesorting/scene_05/ours/run_40_seed_2741241943/exp_wastesorting_20260921_014715_492508.txt,experiments_logs/analysis_recent/when_what_mechanisms_20260921/00_raw/wastesorting/scene_05/value_what/run_40_seed_2741241943/exp_wastesorting_20260921_043552_183106.txt,1,1,-8.0,0.0,-2.4566999999999997,0.0
wastesorting,05,2875578355,ours,value_what,experiments_logs/analysis_recent/when_what_mechanisms_20260921/00_raw/wastesorting/scene_05/ours/run_28_seed_2875578355/exp_wastesorting_20260921_014658_451935.txt,experiments_logs/analysis_recent/when_what_mechanisms_20260921/00_raw/wastesorting/scene_05/value_what/run_28_seed_2875578355/exp_wastesorting_20260921_043513_972042.txt,1,1,0.0,-1.0,-1.4682000000000002,-20.0
wastesorting,05,3130661448,ours,value_what,experiments_logs/analysis_recent/when_what_mechanisms_20260921/00_raw/wastesorting/scene_05/ours/run_10_seed_3130661448/exp_wastesorting_20260921_014631_824961.txt,experiments_logs/analysis_recent/when_what_mechanisms_20260921/00_raw/wastesorting/scene_05/value_what/run_10_seed_3130661448/exp_wastesorting_20260921_043418_019669.txt,1,1,-3.0,-1.0,-1.8311000000000002,-15.0
wastesorting,05,3215763495,ours,value_what,experiments_logs/analysis_recent/when_what_mechanisms_20260921/00_raw/wastesorting/scene_05/ours/run_21_seed_3215763495/exp_wastesorting_20260921_014647_892579.txt,experiments_logs/analysis_recent/when_what_mechanisms_20260921/00_raw/wastesorting/scene_05/value_what/run_21_seed_3215763495/exp_wastesorting_20260921_043452_934047.txt,1,1,-8.0,-1.0,-1.6764999999999999,-15.0
wastesorting,05,3225313600,ours,value_what,experiments_logs/analysis_recent/when_what_mechanisms_20260921/00_raw/wastesorting/scene_05/ours/run_33_seed_3225313600/exp_wastesorting_20260921_014705_624761.txt,experiments_logs/analysis_recent/when_what_mechanisms_20260921/00_raw/wastesorting/scene_05/value_what/run_33_seed_3225313600/exp_wastesorting_20260921_043528_546144.txt,1,1,-4.0,0.0,-1.1945,0.0
wastesorting,05,3351623416,ours,value_what,experiments_logs/analysis_recent/when_what_mechanisms_20260921/00_raw/wastesorting/scene_05/ours/run_20_seed_3351623416/exp_wastesorting_20260921_014646_498392.txt,experiments_logs/analysis_recent/when_what_mechanisms_20260921/00_raw/wastesorting/scene_05/value_what/run_20_seed_3351623416/exp_wastesorting_20260921_043449_864202.txt,1,1,-5.0,0.0,-2.1401,0.0
wastesorting,05,3520141308,ours,value_what,experiments_logs/analysis_recent/when_what_mechanisms_20260921/00_raw/wastesorting/scene_05/ours/run_07_seed_3520141308/exp_wastesorting_20260921_014627_536285.txt,experiments_logs/analysis_recent/when_what_mechanisms_20260921/00_raw/wastesorting/scene_05/value_what/run_07_seed_3520141308/exp_wastesorting_20260921_043407_944647.txt,1,1,0.0,-1.0,-1.2873,-15.0
wastesorting,05,3537170530,ours,value_what,experiments_logs/analysis_recent/when_what_mechanisms_20260921/00_raw/wastesorting/scene_05/ours/run_03_seed_3537170530/exp_wastesorting_20260921_014621_719440.txt,experiments_logs/analysis_recent/when_what_mechanisms_20260921/00_raw/wastesorting/scene_05/value_what/run_03_seed_3537170530/exp_wastesorting_20260921_043354_656043.txt,1,1,-4.0,0.0,-1.1534,0.0
wastesorting,05,3586644066,ours,value_what,experiments_logs/analysis_recent/when_what_mechanisms_20260921/00_raw/wastesorting/scene_05/ours/run_16_seed_3586644066/exp_wastesorting_20260921_014640_487904.txt,experiments_logs/analysis_recent/when_what_mechanisms_20260921/00_raw/wastesorting/scene_05/value_what/run_16_seed_3586644066/exp_wastesorting_20260921_043436_021043.txt,1,1,2.0,0.0,-0.9881,0.0
wastesorting,05,3622248746,ours,value_what,experiments_logs/analysis_recent/when_what_mechanisms_20260921/00_raw/wastesorting/scene_05/ours/run_11_seed_3622248746/exp_wastesorting_20260921_014633_249434.txt,experiments_logs/analysis_recent/when_what_mechanisms_20260921/00_raw/wastesorting/scene_05/value_what/run_11_seed_3622248746/exp_wastesorting_20260921_043420_876703.txt,1,1,-6.0,0.0,-1.4303,0.0
wastesorting,05,3656925474,ours,value_what,experiments_logs/analysis_recent/when_what_mechanisms_20260921/00_raw/wastesorting/scene_05/ours/run_05_seed_3656925474/exp_wastesorting_20260921_014624_682312.txt,experiments_logs/analysis_recent/when_what_mechanisms_20260921/00_raw/wastesorting/scene_05/value_what/run_05_seed_3656925474/exp_wastesorting_20260921_043401_491202.txt,1,1,-7.0,0.0,-1.708,0.0
wastesorting,05,3677160998,ours,value_what,experiments_logs/analysis_recent/when_what_mechanisms_20260921/00_raw/wastesorting/scene_05/ours/run_17_seed_3677160998/exp_wastesorting_20260921_014641_986540.txt,experiments_logs/analysis_recent/when_what_mechanisms_20260921/00_raw/wastesorting/scene_05/value_what/run_17_seed_3677160998/exp_wastesorting_20260921_043439_389632.txt,1,1,-7.0,0.0,-1.8621,0.0
wastesorting,05,3690243405,ours,value_what,experiments_logs/analysis_recent/when_what_mechanisms_20260921/00_raw/wastesorting/scene_05/ours/run_13_seed_3690243405/exp_wastesorting_20260921_014636_158259.txt,experiments_logs/analysis_recent/when_what_mechanisms_20260921/00_raw/wastesorting/scene_05/value_what/run_13_seed_3690243405/exp_wastesorting_20260921_043426_733932.txt,1,1,-5.0,0.0,-1.3937,0.0
wastesorting,05,382724118,ours,value_what,experiments_logs/analysis_recent/when_what_mechanisms_20260921/00_raw/wastesorting/scene_05/ours/run_25_seed_382724118/exp_wastesorting_20260921_014654_102992.txt,experiments_logs/analysis_recent/when_what_mechanisms_20260921/00_raw/wastesorting/scene_05/value_what/run_25_seed_382724118/exp_wastesorting_20260921_043505_382943.txt,1,1,-6.0,0.0,-1.7394,0.0
wastesorting,05,3979866682,ours,value_what,experiments_logs/analysis_recent/when_what_mechanisms_20260921/00_raw/wastesorting/scene_05/ours/run_39_seed_3979866682/exp_wastesorting_20260921_014714_098295.txt,experiments_logs/analysis_recent/when_what_mechanisms_20260921/00_raw/wastesorting/scene_05/value_what/run_39_seed_3979866682/exp_wastesorting_20260921_043548_331526.txt,1,1,-3.0,1.0,-1.8538000000000001,0.0
wastesorting,05,4060354637,ours,value_what,experiments_logs/analysis_recent/when_what_mechanisms_20260921/00_raw/wastesorting/scene_05/ours/run_38_seed_4060354637/exp_wastesorting_20260921_014712_666468.txt,experiments_logs/analysis_recent/when_what_mechanisms_20260921/00_raw/wastesorting/scene_05/value_what/run_38_seed_4060354637/exp_wastesorting_20260921_043545_045841.txt,1,1,-5.0,0.0,-1.5653000000000001,0.0
wastesorting,05,4085569034,ours,value_what,experiments_logs/analysis_recent/when_what_mechanisms_20260921/00_raw/wastesorting/scene_05/ours/run_26_seed_4085569034/exp_wastesorting_20260921_014655_507610.txt,experiments_logs/analysis_recent/when_what_mechanisms_20260921/00_raw/wastesorting/scene_05/value_what/run_26_seed_4085569034/exp_wastesorting_20260921_043508_371372.txt,1,1,-7.0,0.0,-1.5891000000000002,0.0
wastesorting,05,411692590,ours,value_what,experiments_logs/analysis_recent/when_what_mechanisms_20260921/00_raw/wastesorting/scene_05/ours/run_08_seed_411692590/exp_wastesorting_20260921_014628_978445.txt,experiments_logs/analysis_recent/when_what_mechanisms_20260921/00_raw/wastesorting/scene_05/value_what/run_08_seed_411692590/exp_wastesorting_20260921_043411_542537.txt,1,1,-9.0,-2.0,-2.1776999999999997,-15.0
wastesorting,05,4128091398,ours,value_what,experiments_logs/analysis_recent/when_what_mechanisms_20260921/00_raw/wastesorting/scene_05/ours/run_19_seed_4128091398/exp_wastesorting_20260921_014645_069886.txt,experiments_logs/analysis_recent/when_what_mechanisms_20260921/00_raw/wastesorting/scene_05/value_what/run_19_seed_4128091398/exp_wastesorting_20260921_043446_291542.txt,1,1,-8.0,0.0,-2.2837,0.0
wastesorting,05,4259545291,ours,value_what,experiments_logs/analysis_recent/when_what_mechanisms_20260921/00_raw/wastesorting/scene_05/ours/run_30_seed_4259545291/exp_wastesorting_20260921_014701_421119.txt,experiments_logs/analysis_recent/when_what_mechanisms_20260921/00_raw/wastesorting/scene_05/value_what/run_30_seed_4259545291/exp_wastesorting_20260921_043520_062947.txt,1,1,-4.0,-1.0,-1.3480000000000003,-15.0
wastesorting,05,435659992,ours,value_what,experiments_logs/analysis_recent/when_what_mechanisms_20260921/00_raw/wastesorting/scene_05/ours/run_02_seed_435659992/exp_wastesorting_20260921_014620_318175.txt,experiments_logs/analysis_recent/when_what_mechanisms_20260921/00_raw/wastesorting/scene_05/value_what/run_02_seed_435659992/exp_wastesorting_20260921_043352_102671.txt,1,1,-4.0,0.0,-1.5651,0.0
wastesorting,05,449704548,ours,value_what,experiments_logs/analysis_recent/when_what_mechanisms_20260921/00_raw/wastesorting/scene_05/ours/run_23_seed_449704548/exp_wastesorting_20260921_014650_918491.txt,experiments_logs/analysis_recent/when_what_mechanisms_20260921/00_raw/wastesorting/scene_05/value_what/run_23_seed_449704548/exp_wastesorting_20260921_043458_876228.txt,1,1,-6.0,-2.0,-1.6066,-15.0
wastesorting,05,600649243,ours,value_what,experiments_logs/analysis_recent/when_what_mechanisms_20260921/00_raw/wastesorting/scene_05/ours/run_12_seed_600649243/exp_wastesorting_20260921_014634_689631.txt,experiments_logs/analysis_recent/when_what_mechanisms_20260921/00_raw/wastesorting/scene_05/value_what/run_12_seed_600649243/exp_wastesorting_20260921_043423_865876.txt,1,1,-5.0,0.0,-1.5265,0.0
wastesorting,05,630828154,ours,value_what,experiments_logs/analysis_recent/when_what_mechanisms_20260921/00_raw/wastesorting/scene_05/ours/run_01_seed_630828154/exp_wastesorting_20260921_014618_784952.txt,experiments_logs/analysis_recent/when_what_mechanisms_20260921/00_raw/wastesorting/scene_05/value_what/run_01_seed_630828154/exp_wastesorting_20260921_043349_019011.txt,1,1,-4.0,0.0,-1.8020999999999998,0.0
wastesorting,05,671361218,ours,value_what,experiments_logs/analysis_recent/when_what_mechanisms_20260921/00_raw/wastesorting/scene_05/ours/run_31_seed_671361218/exp_wastesorting_20260921_014702_823010.txt,experiments_logs/analysis_recent/when_what_mechanisms_20260921/00_raw/wastesorting/scene_05/value_what/run_31_seed_671361218/exp_wastesorting_20260921_043523_400654.txt,1,1,-7.0,0.0,-1.9432,0.0
