source_file,sha256,domain,condition,scene
experiments_logs/analysis_recent/when_what_policy_ablation_20261005_threshold_loop/00_raw/tomato/scene_01/ours/run_01_seed_2030859206/exp_tomato_20260921_013629_645526.txt,fd0e755d2ab6d7db93ec219ca5ba773a8ec779a82a68310bd4bd0f9cae5def8d,tomato,ours,01
experiments_logs/analysis_recent/when_what_policy_ablation_20261005_threshold_loop/00_raw/tomato/scene_01/ours/run_02_seed_2222960263/exp_tomato_20260921_013631_172555.txt,61d50db2495c29636395f03448178d1cd315eb5d042a252a9823a8bbdb799f0d,tomato,ours,01
experiments_logs/analysis_recent/when_what_policy_ablation_20261005_threshold_loop/00_raw/tomato/scene_01/ours/run_03_seed_1273020582/exp_tomato_20260921_013632_758665.txt,b12cee5444356d15570eb10b48bc9b7541734c8ef686154fa88495835000ba30,tomato,ours,01
experiments_logs/analysis_recent/when_what_policy_ablation_20261005_threshold_loop/00_raw/tomato/scene_01/ours/run_04_seed_866496583/exp_tomato_20260921_013634_643551.txt,027aa27ec57392aaffa275db76e41b0e70fa9767e02a1bc4eb6f7c860f31e4bc,tomato,ours,01
experiments_logs/analysis_recent/when_what_policy_ablation_20261005_threshold_loop/00_raw/tomato/scene_01/ours/run_05_seed_2698243041/exp_tomato_20260921_013636_396936.txt,2feec81e2486bd9d887086db2b8dc6845ecd8d53f30fa2079bd05ea4a5240c85,tomato,ours,01
experiments_logs/analysis_recent/when_what_policy_ablation_20261005_threshold_loop/00_raw/tomato/scene_01/ours/run_06_seed_1911303750/exp_tomato_20260921_013638_056538.txt,4afc65ead07df1d9cf3f0c3f345f98e565088ff052717d51c7d209707ec04089,tomato,ours,01
experiments_logs/analysis_recent/when_what_policy_ablation_20261005_threshold_loop/00_raw/tomato/scene_01/ours/run_07_seed_796400590/exp_tomato_20260921_013639_945912.txt,81a12a4d9153bd3565e94ab647936d4fb9aaa161617fc86f5500d054ae39584e,tomato,ours,01
experiments_logs/analysis_recent/when_what_policy_ablation_20261005_threshold_loop/00_raw/tomato/scene_01/ours/run_08_seed_1201029111/exp_tomato_20260921_013641_435969.txt,0c24596c8b9c1fe1c4a4c95bbc692fab3fbbb45a365d7b962d9971a9378a6163,tomato,ours,01
experiments_logs/analysis_recent/when_what_policy_ablation_20261005_threshold_loop/00_raw/tomato/scene_01/ours/run_09_seed_3389846695/exp_tomato_20260921_013643_028131.txt,95f3c037b10b0c84a9bd57f674445ff6b2c8f3e646ac4c9d43b11a4adcd81af0,tomato,ours,01
experiments_logs/analysis_recent/when_what_policy_ablation_20261005_threshold_loop/00_raw/tomato/scene_01/ours/run_10_seed_2508123787/exp_tomato_20260921_013644_670038.txt,66f54e8455dd5bfabeefd6274babe07ae4e82f585401bdcf263ef496aa63e74b,tomato,ours,01
experiments_logs/analysis_recent/when_what_policy_ablation_20261005_threshold_loop/00_raw/tomato/scene_01/ours/run_11_seed_2741500852/exp_tomato_20260921_013646_461755.txt,5f5f22473f86cc554920f14dc8de70c8d5fd0eab19c1e1edc67a2f33282ca92d,tomato,ours,01
experiments_logs/analysis_recent/when_what_policy_ablation_20261005_threshold_loop/00_raw/tomato/scene_01/ours/run_12_seed_4065849833/exp_tomato_20260921_013647_932202.txt,17b019b077a6f47dbf459a712f6e07ffb1b7f2f46aceee4feab156420488c3f9,tomato,ours,01
experiments_logs/analysis_recent/when_what_policy_ablation_20261005_threshold_loop/00_raw/tomato/scene_01/ours/run_13_seed_821007751/exp_tomato_20260921_013649_554274.txt,0542f607ac26d06fc5b80e534ac80fa55db9477f18552007cdd4787a1589f20b,tomato,ours,01
experiments_logs/analysis_recent/when_what_policy_ablation_20261005_threshold_loop/00_raw/tomato/scene_01/ours/run_14_seed_965164034/exp_tomato_20260921_013651_010162.txt,e39dd7c1ea3f1b3fa889def379d3f7774c167d1e096f1217c8d4cadf60bc035a,tomato,ours,01
experiments_logs/analysis_recent/when_what_policy_ablation_20261005_threshold_loop/00_raw/tomato/scene_01/ours/run_15_seed_3049697230/exp_tomato_20260921_013652_903895.txt,d0d51371fbcfc21f5c1d3290a7f40c2b7283136acc8c3448f49f8ac949f72155,tomato,ours,01
experiments_logs/analysis_recent/when_what_policy_ablation_20261005_threshold_loop/00_raw/tomato/scene_01/ours/run_16_seed_597016452/exp_tomato_20260921_013654_403230.txt,faf89a6d5d79d99d463d2c23384b8c903d94b6b6a27ce2931266ca33c2f33c49,tomato,ours,01
experiments_logs/analysis_recent/when_what_policy_ablation_20261005_threshold_loop/00_raw/tomato/scene_01/ours/run_17_seed_2027029533/exp_tomato_20260921_013656_248721.txt,470a1448e03b0eef56b8bb097df7346b6189f5086659e4939c8afc9834f3eb9a,tomato,ours,01
experiments_logs/analysis_recent/when_what_policy_ablation_20261005_threshold_loop/00_raw/tomato/scene_01/ours/run_18_seed_3736902642/exp_tomato_20260921_013657_898170.txt,d0c3a5d67f18166eda42ad32b71a0660b02235857d5a0cc712dcdba0e8e245ac,tomato,ours,01
experiments_logs/analysis_recent/when_what_policy_ablation_20261005_threshold_loop/00_raw/tomato/scene_01/ours/run_19_seed_323427982/exp_tomato_20260921_013659_373934.txt,534c69fa5a4fc1f43dad1370112eea2790ae9ba63d5351c0f037db222360e6dd,tomato,ours,01
experiments_logs/analysis_recent/when_what_policy_ablation_20261005_threshold_loop/00_raw/tomato/scene_01/ours/run_20_seed_311025495/exp_tomato_20260921_013700_948247.txt,394a1686242abb085f1c9943d7244b6102f4021e375338969d612b7d9faf9a6d,tomato,ours,01
experiments_logs/analysis_recent/when_what_policy_ablation_20261005_threshold_loop/00_raw/tomato/scene_01/ours/run_21_seed_871806833/exp_tomato_20260921_013702_481175.txt,e1c41e798f79612b34f85f04fe71d6f983c462718645cb3525e1b12d3d9d607f,tomato,ours,01
experiments_logs/analysis_recent/when_what_policy_ablation_20261005_threshold_loop/00_raw/tomato/scene_01/ours/run_22_seed_217537032/exp_tomato_20260921_013704_174164.txt,0cf90ce998b1514ec76e5c8b78bb574c3047698bb533299cb0142cc9f57028d6,tomato,ours,01
experiments_logs/analysis_recent/when_what_policy_ablation_20261005_threshold_loop/00_raw/tomato/scene_01/ours/run_23_seed_532817344/exp_tomato_20260921_013705_654301.txt,c32c00990080b7b3de93f564b16835b1cf1987e6dfbc260d830d5edd24cf1338,tomato,ours,01
experiments_logs/analysis_recent/when_what_policy_ablation_20261005_threshold_loop/00_raw/tomato/scene_01/ours/run_24_seed_3466707993/exp_tomato_20260921_013707_140488.txt,83dddb48936b3b729ae7512de76b862f92713cef00d8b7bab262acf27e5ce7d1,tomato,ours,01
experiments_logs/analysis_recent/when_what_policy_ablation_20261005_threshold_loop/00_raw/tomato/scene_01/ours/run_25_seed_1649478604/exp_tomato_20260921_013708_744424.txt,8e991c30e1c7b5745eb668345164f86416fac69bdf0c6438731794dcc1d72b48,tomato,ours,01
experiments_logs/analysis_recent/when_what_policy_ablation_20261005_threshold_loop/00_raw/tomato/scene_01/ours/run_26_seed_2204152357/exp_tomato_20260921_013710_360620.txt,a8fcea41de17f86f33da077a38fb4a406f9b93a0b15e319dae54811dc86ba7bf,tomato,ours,01
experiments_logs/analysis_recent/when_what_policy_ablation_20261005_threshold_loop/00_raw/tomato/scene_01/ours/run_27_seed_1233339309/exp_tomato_20260921_013712_009541.txt,0a60eb475a433344ebeb6ad4aeaf8fa237fde532ef3d240c644d21def83cacaa,tomato,ours,01
experiments_logs/analysis_recent/when_what_policy_ablation_20261005_threshold_loop/00_raw/tomato/scene_01/ours/run_28_seed_3357973338/exp_tomato_20260921_013713_644827.txt,311a0376339af922221b06350ec0568282007a99f804b280784baa24b2f39930,tomato,ours,01
experiments_logs/analysis_recent/when_what_policy_ablation_20261005_threshold_loop/00_raw/tomato/scene_01/ours/run_29_seed_3649707942/exp_tomato_20260921_013715_132563.txt,51a3c1038488e9575caded86bda59bf71019dc92623f50742a10807445a8cfeb,tomato,ours,01
experiments_logs/analysis_recent/when_what_policy_ablation_20261005_threshold_loop/00_raw/tomato/scene_01/ours/run_30_seed_3325784884/exp_tomato_20260921_013724_702826.txt,921efb5d7cc5a790645ad1aaee3523b16f8b7c018ea23446d2dc3501137f86ff,tomato,ours,01
experiments_logs/analysis_recent/when_what_policy_ablation_20261005_threshold_loop/00_raw/tomato/scene_01/ours/run_31_seed_3877458541/exp_tomato_20260921_013726_229856.txt,a6fed2114e165883ab5c05301ef0014fc0664a91a7f1c63b9fb3a73fe7a9d080,tomato,ours,01
experiments_logs/analysis_recent/when_what_policy_ablation_20261005_threshold_loop/00_raw/tomato/scene_01/ours/run_32_seed_3638621671/exp_tomato_20260921_013727_898251.txt,558fc28515f7f23473069353fca48f3fded20e87fecd8e40bb05a490806d4ad0,tomato,ours,01
experiments_logs/analysis_recent/when_what_policy_ablation_20261005_threshold_loop/00_raw/tomato/scene_01/ours/run_33_seed_1084618528/exp_tomato_20260921_013729_333914.txt,9bdf9488caf8ccdec51d92832075d3b2975ab38af82d02464087932cb629ee3b,tomato,ours,01
experiments_logs/analysis_recent/when_what_policy_ablation_20261005_threshold_loop/00_raw/tomato/scene_01/ours/run_34_seed_405999239/exp_tomato_20260921_013731_023231.txt,75f8745fdfc666e67b1891acbb6d047941dd5e851252fc07923e0092dabc83a2,tomato,ours,01
experiments_logs/analysis_recent/when_what_policy_ablation_20261005_threshold_loop/00_raw/tomato/scene_01/ours/run_35_seed_4028845444/exp_tomato_20260921_013732_485056.txt,8dd54d586bb8155b2bc1e8779dc6d4b458d9fc7646c1929e69040111431fc880,tomato,ours,01
experiments_logs/analysis_recent/when_what_policy_ablation_20261005_threshold_loop/00_raw/tomato/scene_01/ours/run_36_seed_2607182153/exp_tomato_20260921_013734_064381.txt,15db12a70ac634df830e6d71cccc6d464b044ad18b5de207b8b2b9141447a847,tomato,ours,01
experiments_logs/analysis_recent/when_what_policy_ablation_20261005_threshold_loop/00_raw/tomato/scene_01/ours/run_37_seed_338448945/exp_tomato_20260921_013735_732148.txt,ee0e76a0c8c9b1aed4fd1edfdba91f81dc77f6414df9b44708d36758a54d07aa,tomato,ours,01
experiments_logs/analysis_recent/when_what_policy_ablation_20261005_threshold_loop/00_raw/tomato/scene_01/ours/run_38_seed_3008854274/exp_tomato_20260921_013737_631876.txt,df7c1f74dd39a34c8a770133192a15c3c15da4ad25ebdb91bd6dff7d0711761d,tomato,ours,01
experiments_logs/analysis_recent/when_what_policy_ablation_20261005_threshold_loop/00_raw/tomato/scene_01/ours/run_39_seed_3373062200/exp_tomato_20260921_013739_850947.txt,1cb9c63394d96d62c691b8f1afaa3415e9b7e0b1e1094f6b1f8623ed4e20c950,tomato,ours,01
experiments_logs/analysis_recent/when_what_policy_ablation_20261005_threshold_loop/00_raw/tomato/scene_01/ours/run_40_seed_1025671343/exp_tomato_20260921_013741_685598.txt,bfdc8b8894bd4cb013d35a70830212c624125d1bb47852a0374dd52c5700cedf,tomato,ours,01
experiments_logs/analysis_recent/when_what_policy_ablation_20261005_threshold_loop/00_raw/tomato/scene_02/ours/run_01_seed_233361013/exp_tomato_20260921_013744_347139.txt,0ba762c623e6ad6caa12e3be3868fb327826bdf10fa58a0d927b9ffa1120c825,tomato,ours,02
experiments_logs/analysis_recent/when_what_policy_ablation_20261005_threshold_loop/00_raw/tomato/scene_02/ours/run_02_seed_3206958523/exp_tomato_20260921_013745_902821.txt,ec554b179b492140d52caca183cbc1ce9d1a6b89df91074ed51ed81d318edc0f,tomato,ours,02
experiments_logs/analysis_recent/when_what_policy_ablation_20261005_threshold_loop/00_raw/tomato/scene_02/ours/run_03_seed_2306136433/exp_tomato_20260921_013747_502353.txt,1f7589e0173b3504ec8109ece703679bed2a1fe2010eb50f1512d6d525287085,tomato,ours,02
experiments_logs/analysis_recent/when_what_policy_ablation_20261005_threshold_loop/00_raw/tomato/scene_02/ours/run_04_seed_1150817657/exp_tomato_20260921_013749_080954.txt,6c33688343bf28d4cebd2b4b66d690f93b3095129a12eb1b4e85c6c30b58d6a9,tomato,ours,02
experiments_logs/analysis_recent/when_what_policy_ablation_20261005_threshold_loop/00_raw/tomato/scene_02/ours/run_05_seed_418694264/exp_tomato_20260921_013750_556390.txt,6b90e0122dc621298a3c5090dab132c99d4d5cc0aaaaa89b2749cdaff0b6923a,tomato,ours,02
experiments_logs/analysis_recent/when_what_policy_ablation_20261005_threshold_loop/00_raw/tomato/scene_02/ours/run_06_seed_2833878170/exp_tomato_20260921_013752_016640.txt,882bb0647658aef4cf818f4a2f53910e8aaee4877598db83e49e51d0ddec5239,tomato,ours,02
experiments_logs/analysis_recent/when_what_policy_ablation_20261005_threshold_loop/00_raw/tomato/scene_02/ours/run_07_seed_2876796507/exp_tomato_20260921_013753_533745.txt,199f12b0d3a8062ac89c3c449236225c8731e4ddad76a112db088962e0dae304,tomato,ours,02
experiments_logs/analysis_recent/when_what_policy_ablation_20261005_threshold_loop/00_raw/tomato/scene_02/ours/run_08_seed_2661673954/exp_tomato_20260921_013755_042782.txt,1480055db99a745859d93d7ba29e4831994a667063e4a031c900e4ba131b79c8,tomato,ours,02
experiments_logs/analysis_recent/when_what_policy_ablation_20261005_threshold_loop/00_raw/tomato/scene_02/ours/run_09_seed_3533124505/exp_tomato_20260921_013756_626687.txt,b6bec61f5e13e0907f8c01586f7f4228808844cbdc90135d9d644d28e2f4d830,tomato,ours,02
experiments_logs/analysis_recent/when_what_policy_ablation_20261005_threshold_loop/00_raw/tomato/scene_02/ours/run_10_seed_3751400244/exp_tomato_20260921_013758_204097.txt,ff1bd0e0a21bf7b4a44770994a1deac9376893a9b44e45ed9f841043fba6012a,tomato,ours,02
experiments_logs/analysis_recent/when_what_policy_ablation_20261005_threshold_loop/00_raw/tomato/scene_02/ours/run_11_seed_4031054018/exp_tomato_20260921_013759_676639.txt,8319134c1750e68cf3faf7203cd0c28ab263b577d4e306f8933c69b8af203b6b,tomato,ours,02
experiments_logs/analysis_recent/when_what_policy_ablation_20261005_threshold_loop/00_raw/tomato/scene_02/ours/run_12_seed_1337352578/exp_tomato_20260921_013801_301864.txt,8f6f16c0e95f4205ef27ee4f32ce991151e6510ae6dedf50ccf143c6a3c89700,tomato,ours,02
experiments_logs/analysis_recent/when_what_policy_ablation_20261005_threshold_loop/00_raw/tomato/scene_02/ours/run_13_seed_2571575672/exp_tomato_20260921_013802_925567.txt,9e5f327b6b7d9dd624579b9ebafd2e2b994e97d1784247c4312e733021f74a47,tomato,ours,02
experiments_logs/analysis_recent/when_what_policy_ablation_20261005_threshold_loop/00_raw/tomato/scene_02/ours/run_14_seed_1903174235/exp_tomato_20260921_013804_340710.txt,1c78262d94eabe2c89720a225a55b85239eab0e785bae2b4583c14ba6e3844fd,tomato,ours,02
experiments_logs/analysis_recent/when_what_policy_ablation_20261005_threshold_loop/00_raw/tomato/scene_02/ours/run_15_seed_1422635806/exp_tomato_20260921_013805_837748.txt,fbd9d4cd0e835ca2f7539bb90d17f32d118103ce6dd7fc9ee712292e27cc810e,tomato,ours,02
experiments_logs/analysis_recent/when_what_policy_ablation_20261005_threshold_loop/00_raw/tomato/scene_02/ours/run_16_seed_559761095/exp_tomato_20260921_013807_510193.txt,aafd4ebc04b66f66db45510040ea586e3c46572698aa341b56ff90ad2c847e79,tomato,ours,02
experiments_logs/analysis_recent/when_what_policy_ablation_20261005_threshold_loop/00_raw/tomato/scene_02/ours/run_17_seed_2324409209/exp_tomato_20260921_013809_138597.txt,bd148e5a693e1f5c7afd217410c7366395176bb8e91a18ce848128d7d96534d8,tomato,ours,02
experiments_logs/analysis_recent/when_what_policy_ablation_20261005_threshold_loop/00_raw/tomato/scene_02/ours/run_18_seed_474952343/exp_tomato_20260921_013810_790340.txt,053782b1141be31307cd6e21db6ac84744bef43e1bbc25ed39f35faaccd0428c,tomato,ours,02
experiments_logs/analysis_recent/when_what_policy_ablation_20261005_threshold_loop/00_raw/tomato/scene_02/ours/run_19_seed_1408900490/exp_tomato_20260921_013812_324845.txt,a54f9e3f6f3e63e90b30a7357cd62ac4ad3eee335cebad3103cb65cb1bc3a36e,tomato,ours,02
experiments_logs/analysis_recent/when_what_policy_ablation_20261005_threshold_loop/00_raw/tomato/scene_02/ours/run_20_seed_1969507524/exp_tomato_20260921_013813_938505.txt,bb78f6d16c9177e3e7a7b791105b8ba17390d18ed7f674229798ec496b5e3007,tomato,ours,02
experiments_logs/analysis_recent/when_what_policy_ablation_20261005_threshold_loop/00_raw/tomato/scene_02/ours/run_21_seed_850676597/exp_tomato_20260921_013815_433078.txt,8207252b8d2f82e6a90726ae359ef0eccbc9546370617f2acaadbe8fb7aa62fe,tomato,ours,02
experiments_logs/analysis_recent/when_what_policy_ablation_20261005_threshold_loop/00_raw/tomato/scene_02/ours/run_22_seed_464102713/exp_tomato_20260921_013817_103175.txt,1f6ab5618dd2e051f609377c06bb462645c9f81598b177636ae8390a63b06fec,tomato,ours,02
experiments_logs/analysis_recent/when_what_policy_ablation_20261005_threshold_loop/00_raw/tomato/scene_02/ours/run_23_seed_2639844527/exp_tomato_20260921_013818_638548.txt,b324d84c1dbe59232896591f3345b2158285dc32f2f74f71cb146c40036f5a93,tomato,ours,02
experiments_logs/analysis_recent/when_what_policy_ablation_20261005_threshold_loop/00_raw/tomato/scene_02/ours/run_24_seed_2567273034/exp_tomato_20260921_013820_965181.txt,b1447ac502784b2468013c2d4231be10184acf1aa45b23966d9dd682bfa09a90,tomato,ours,02
experiments_logs/analysis_recent/when_what_policy_ablation_20261005_threshold_loop/00_raw/tomato/scene_02/ours/run_25_seed_3815863427/exp_tomato_20260921_013822_589081.txt,b88c4c6c971f73b74c8bc0aa77214d9cbf6be329e17538fc1d0930de91b5122f,tomato,ours,02
experiments_logs/analysis_recent/when_what_policy_ablation_20261005_threshold_loop/00_raw/tomato/scene_02/ours/run_26_seed_2421989875/exp_tomato_20260921_013824_107450.txt,3e0f903aad2bbaa57a456a51be9f374e2a93901888dc8502fcc4ad543ec8556e,tomato,ours,02
experiments_logs/analysis_recent/when_what_policy_ablation_20261005_threshold_loop/00_raw/tomato/scene_02/ours/run_27_seed_790979284/exp_tomato_20260921_013825_593875.txt,b5b885def70fb7e14bdb970bf5b6770349f34505efe82d9105777ffac30c7c1a,tomato,ours,02
experiments_logs/analysis_recent/when_what_policy_ablation_20261005_threshold_loop/00_raw/tomato/scene_02/ours/run_28_seed_484948157/exp_tomato_20260921_013827_082701.txt,33da05c11e6952652cf3d2616a96dcce9b060d23b8f52787222d8f6a48ead047,tomato,ours,02
experiments_logs/analysis_recent/when_what_policy_ablation_20261005_threshold_loop/00_raw/tomato/scene_02/ours/run_29_seed_2138595888/exp_tomato_20260921_013828_550678.txt,df579fc9ed39f179a131954c55b7defb2be63735f0d574dd6843bb5981ec8cab,tomato,ours,02
experiments_logs/analysis_recent/when_what_policy_ablation_20261005_threshold_loop/00_raw/tomato/scene_02/ours/run_30_seed_63773712/exp_tomato_20260921_013830_079258.txt,628e8c05368d63e0ea513a4abc5bb331baa8dd8950a329dcdf224a7f1b7d7895,tomato,ours,02
experiments_logs/analysis_recent/when_what_policy_ablation_20261005_threshold_loop/00_raw/tomato/scene_02/ours/run_31_seed_3662297998/exp_tomato_20260921_013831_651645.txt,8ff469645cf9aca8522c6a10c2713e310104e6e58557ae3eecae7e301946b200,tomato,ours,02
experiments_logs/analysis_recent/when_what_policy_ablation_20261005_threshold_loop/00_raw/tomato/scene_02/ours/run_32_seed_3249674493/exp_tomato_20260921_013833_209387.txt,8e42ea6f2abe43361cfbbac7ef63bca0cc2fd0f51990b670d4f8f5a1e75881c0,tomato,ours,02
experiments_logs/analysis_recent/when_what_policy_ablation_20261005_threshold_loop/00_raw/tomato/scene_02/ours/run_33_seed_4007070013/exp_tomato_20260921_013834_718227.txt,5b368c5e79fba043e94a8e9042fc3434cf5ea7d32da12a23fa6a22e9c5022700,tomato,ours,02
experiments_logs/analysis_recent/when_what_policy_ablation_20261005_threshold_loop/00_raw/tomato/scene_02/ours/run_34_seed_2886041855/exp_tomato_20260921_013836_338618.txt,06efb69743264718b4497ce7cf8182155773086467cf6d82eb473b1c0d10e0f3,tomato,ours,02
experiments_logs/analysis_recent/when_what_policy_ablation_20261005_threshold_loop/00_raw/tomato/scene_02/ours/run_35_seed_2293168667/exp_tomato_20260921_013837_773855.txt,06054d1bf41d2d86c3910b48cac86cbc17eb0b4f8b1cea21388d0a994a5fe572,tomato,ours,02
experiments_logs/analysis_recent/when_what_policy_ablation_20261005_threshold_loop/00_raw/tomato/scene_02/ours/run_36_seed_3887351210/exp_tomato_20260921_013839_401192.txt,ca93c924f459466bfd72536b4cbaac0a236f99c3065d4894353739220c5f9542,tomato,ours,02
experiments_logs/analysis_recent/when_what_policy_ablation_20261005_threshold_loop/00_raw/tomato/scene_02/ours/run_37_seed_2318091321/exp_tomato_20260921_013841_048476.txt,69b81470092a10b6e8d2f4e170c803ff4609e877289018c779690dcb78fac648,tomato,ours,02
experiments_logs/analysis_recent/when_what_policy_ablation_20261005_threshold_loop/00_raw/tomato/scene_02/ours/run_38_seed_1919828458/exp_tomato_20260921_013842_675236.txt,1bda3cb8f43172443dcc12fc19918f5a7a34cc51fdf544fb3399db7779103bbe,tomato,ours,02
experiments_logs/analysis_recent/when_what_policy_ablation_20261005_threshold_loop/00_raw/tomato/scene_02/ours/run_39_seed_1477592928/exp_tomato_20260921_013844_128756.txt,521e152350773b1c540ca73067231dd7262a866bfde277625ab2d40a69d97d53,tomato,ours,02
experiments_logs/analysis_recent/when_what_policy_ablation_20261005_threshold_loop/00_raw/tomato/scene_02/ours/run_40_seed_742004455/exp_tomato_20260921_013845_624250.txt,fcb15ac8f5b895d54cb961002e7214adcfd562df9b956333943f4cb4036db3e6,tomato,ours,02
experiments_logs/analysis_recent/when_what_policy_ablation_20261005_threshold_loop/00_raw/tomato/scene_03/ours/run_01_seed_2973460405/exp_tomato_20260921_013847_207708.txt,778e01654795223610bb91a2f2d275f34b060e9bd400ff71fd4682ed6b220088,tomato,ours,03
experiments_logs/analysis_recent/when_what_policy_ablation_20261005_threshold_loop/00_raw/tomato/scene_03/ours/run_02_seed_2984508209/exp_tomato_20260921_013848_685198.txt,f5a22cfb91ff37feb9c515a107753dfad7acf11b5ad4928d42ed664467435c72,tomato,ours,03
experiments_logs/analysis_recent/when_what_policy_ablation_20261005_threshold_loop/00_raw/tomato/scene_03/ours/run_03_seed_3328359470/exp_tomato_20260921_013850_310415.txt,603a3825b2b7abc6f1a68369cf4352804366d9eac895c192642d14fea75d9951,tomato,ours,03
experiments_logs/analysis_recent/when_what_policy_ablation_20261005_threshold_loop/00_raw/tomato/scene_03/ours/run_04_seed_2542173252/exp_tomato_20260921_013851_751820.txt,5618e711a6883c494a34b1b10b89c4302c61bdf519fa17fe823d71d3e1218efb,tomato,ours,03
experiments_logs/analysis_recent/when_what_policy_ablation_20261005_threshold_loop/00_raw/tomato/scene_03/ours/run_05_seed_1895575310/exp_tomato_20260921_013853_201757.txt,13b3a7301e336265a9fc4e4028b1c1bcd663355799677c21cd53ea23a92d1bf0,tomato,ours,03
experiments_logs/analysis_recent/when_what_policy_ablation_20261005_threshold_loop/00_raw/tomato/scene_03/ours/run_06_seed_3142806667/exp_tomato_20260921_013854_858694.txt,b163d465f0f0ef6711ec102b7d9cafbb80e50d7f2938ef2bb3bbda5f1a64fa78,tomato,ours,03
experiments_logs/analysis_recent/when_what_policy_ablation_20261005_threshold_loop/00_raw/tomato/scene_03/ours/run_07_seed_1700967682/exp_tomato_20260921_013856_294070.txt,e12a847ac80b1b66ed2052cde005c4495faac96da90f8a4fc0f5feb8764330f6,tomato,ours,03
experiments_logs/analysis_recent/when_what_policy_ablation_20261005_threshold_loop/00_raw/tomato/scene_03/ours/run_08_seed_3374813224/exp_tomato_20260921_013858_462506.txt,e072882112bab6d5ccde73ccac7994b585d6def9171a24c4a8a6057d0eef93a4,tomato,ours,03
experiments_logs/analysis_recent/when_what_policy_ablation_20261005_threshold_loop/00_raw/tomato/scene_03/ours/run_09_seed_2230064310/exp_tomato_20260921_013900_014922.txt,091d285084537ed1dc398a07679e8fab8aa25c067a3cbeac85514ff60e0c6aab,tomato,ours,03
experiments_logs/analysis_recent/when_what_policy_ablation_20261005_threshold_loop/00_raw/tomato/scene_03/ours/run_10_seed_2370079434/exp_tomato_20260921_013902_045455.txt,2823e241bfaf45e9126e272ec04705ff4ce8acfce81483ffb391443fcfc619e2,tomato,ours,03
experiments_logs/analysis_recent/when_what_policy_ablation_20261005_threshold_loop/00_raw/tomato/scene_03/ours/run_11_seed_3620707437/exp_tomato_20260921_013903_710485.txt,9506654e490c84f689a4077d4bb5a902448cde668363c4f9837fb3e50c63593a,tomato,ours,03
experiments_logs/analysis_recent/when_what_policy_ablation_20261005_threshold_loop/00_raw/tomato/scene_03/ours/run_12_seed_1447435166/exp_tomato_20260921_013905_245792.txt,51e151b318b99f8da8a9da461e090f36d204f3ed470bd6369a8706a26dc6dfd9,tomato,ours,03
experiments_logs/analysis_recent/when_what_policy_ablation_20261005_threshold_loop/00_raw/tomato/scene_03/ours/run_13_seed_975151081/exp_tomato_20260921_013906_763403.txt,233af042156c32961df9485fe2c21c1fc3763e4dfce778cda6a2cc13aaba38d2,tomato,ours,03
experiments_logs/analysis_recent/when_what_policy_ablation_20261005_threshold_loop/00_raw/tomato/scene_03/ours/run_14_seed_3909183007/exp_tomato_20260921_013908_308621.txt,0b0bb6059d157ae70ece67fb460aa71b3161c32acb4b690d2ee246269cf40501,tomato,ours,03
experiments_logs/analysis_recent/when_what_policy_ablation_20261005_threshold_loop/00_raw/tomato/scene_03/ours/run_15_seed_3611211411/exp_tomato_20260921_013909_802567.txt,42510d7c1118007e5898bace85398df71d30986e7ceeb788447f2ea3f54d574e,tomato,ours,03
experiments_logs/analysis_recent/when_what_policy_ablation_20261005_threshold_loop/00_raw/tomato/scene_03/ours/run_16_seed_1454289978/exp_tomato_20260921_013911_383931.txt,6b0ee81b2c1a4cb37673443d1277b618288b470f907213a2c522a1bc3089f105,tomato,ours,03
experiments_logs/analysis_recent/when_what_policy_ablation_20261005_threshold_loop/00_raw/tomato/scene_03/ours/run_17_seed_3631765459/exp_tomato_20260921_013913_071375.txt,c22902a68a016e1b5d1c86f9ab164a10b4fa97dff925f51746c9575c2eb8ce7a,tomato,ours,03
experiments_logs/analysis_recent/when_what_policy_ablation_20261005_threshold_loop/00_raw/tomato/scene_03/ours/run_18_seed_1005437090/exp_tomato_20260921_013914_580548.txt,8715243b3fc9fa2245a601d8c0ef4d89de32c234d39537e62005bf5556ad6328,tomato,ours,03
experiments_logs/analysis_recent/when_what_policy_ablation_20261005_threshold_loop/00_raw/tomato/scene_03/ours/run_19_seed_2107246049/exp_tomato_20260921_013923_769900.txt,612b15f91b1e757c77b00ec5cd6960af35b4d6c3c57856161f05116475f3717b,tomato,ours,03
experiments_logs/analysis_recent/when_what_policy_ablation_20261005_threshold_loop/00_raw/tomato/scene_03/ours/run_20_seed_2559286479/exp_tomato_20260921_013925_334418.txt,d7f0ee2da48235151f4d910e4940d50cd01ba07b0baf181dd0c5aeea9e11ec54,tomato,ours,03
experiments_logs/analysis_recent/when_what_policy_ablation_20261005_threshold_loop/00_raw/tomato/scene_03/ours/run_21_seed_3814785464/exp_tomato_20260921_013926_848266.txt,ce174ee4d96995237dc77b8faa21a33fd26ec756fbaace63458de9fa9592c232,tomato,ours,03
experiments_logs/analysis_recent/when_what_policy_ablation_20261005_threshold_loop/00_raw/tomato/scene_03/ours/run_22_seed_1252332960/exp_tomato_20260921_013928_471507.txt,2f2e47ea58e13a92b3193613facc23efd53df7f99ca186b5aba108c5f26d34f1,tomato,ours,03
experiments_logs/analysis_recent/when_what_policy_ablation_20261005_threshold_loop/00_raw/tomato/scene_03/ours/run_23_seed_4008873019/exp_tomato_20260921_013929_948490.txt,43fbee5f9954d0ee674820f3942d727d4368c3575877d9b54bbb077e755bacdf,tomato,ours,03
experiments_logs/analysis_recent/when_what_policy_ablation_20261005_threshold_loop/00_raw/tomato/scene_03/ours/run_24_seed_1627605610/exp_tomato_20260921_013931_399254.txt,f2a5f6dc4d863ddcafdd0e772110cffd7fa1bbe44fd027f993f1e76334f982f2,tomato,ours,03
experiments_logs/analysis_recent/when_what_policy_ablation_20261005_threshold_loop/00_raw/tomato/scene_03/ours/run_25_seed_2197107180/exp_tomato_20260921_013932_909281.txt,67c6c483cecc13fd76b8d146d5f8120bd93ebbabdcc40b901ce53d13af690d78,tomato,ours,03
experiments_logs/analysis_recent/when_what_policy_ablation_20261005_threshold_loop/00_raw/tomato/scene_03/ours/run_26_seed_70087057/exp_tomato_20260921_013934_398299.txt,6e7a01108f691548e6e4c0672f5277fc1bdbbf18e02def2df2b6f42b7f01f142,tomato,ours,03
experiments_logs/analysis_recent/when_what_policy_ablation_20261005_threshold_loop/00_raw/tomato/scene_03/ours/run_27_seed_8630651/exp_tomato_20260921_013936_040331.txt,56d5ab3a355a9e62d615c1587bbe44f71d2381c61049d27340b88e8856858d4a,tomato,ours,03
experiments_logs/analysis_recent/when_what_policy_ablation_20261005_threshold_loop/00_raw/tomato/scene_03/ours/run_28_seed_657498695/exp_tomato_20260921_013937_582238.txt,02e22e5e2f90fbabff91a46be10eb691bad97085ca85ba362e1d9729f03bf8e3,tomato,ours,03
experiments_logs/analysis_recent/when_what_policy_ablation_20261005_threshold_loop/00_raw/tomato/scene_03/ours/run_29_seed_1193704404/exp_tomato_20260921_013939_130596.txt,ff5d864108c283c01f1af1f362852faf4d11484ce3f793e54d1cc064850ec6cd,tomato,ours,03
experiments_logs/analysis_recent/when_what_policy_ablation_20261005_threshold_loop/00_raw/tomato/scene_03/ours/run_30_seed_1712963344/exp_tomato_20260921_013941_037881.txt,9d864359812885adb7ca01877e42b66d14d89aebe8a08cc0255d3160d1c379ab,tomato,ours,03
experiments_logs/analysis_recent/when_what_policy_ablation_20261005_threshold_loop/00_raw/tomato/scene_03/ours/run_31_seed_1016817503/exp_tomato_20260921_013942_933664.txt,e13fad326a18d8d836c5bba3a5a2abebb2b44bdb64f043d737a8470bf3529056,tomato,ours,03
experiments_logs/analysis_recent/when_what_policy_ablation_20261005_threshold_loop/00_raw/tomato/scene_03/ours/run_32_seed_4252591664/exp_tomato_20260921_013944_502954.txt,6247f0a2f066f3404e63639e2921e53271037c309601dca1ae8e9b97f9344b1c,tomato,ours,03
experiments_logs/analysis_recent/when_what_policy_ablation_20261005_threshold_loop/00_raw/tomato/scene_03/ours/run_33_seed_2630779126/exp_tomato_20260921_013946_005979.txt,0166177c852361927b9171d45b266114ff8acca95f16c8d611ec2d3055754c1f,tomato,ours,03
experiments_logs/analysis_recent/when_what_policy_ablation_20261005_threshold_loop/00_raw/tomato/scene_03/ours/run_34_seed_822900858/exp_tomato_20260921_013947_464379.txt,9d7c9ecbbd99ad955b28572491fa6ba73f26beeda2dd4fa2462a2ee70af286f4,tomato,ours,03
experiments_logs/analysis_recent/when_what_policy_ablation_20261005_threshold_loop/00_raw/tomato/scene_03/ours/run_35_seed_604486275/exp_tomato_20260921_013949_070301.txt,1eb83a0e7b615e36a936258fc217b8ff99b492ea80c367f0e354fb77c950a43f,tomato,ours,03
experiments_logs/analysis_recent/when_what_policy_ablation_20261005_threshold_loop/00_raw/tomato/scene_03/ours/run_36_seed_522031486/exp_tomato_20260921_013950_674514.txt,23092dbb6d23840160be15c329ddce2f4b692d2f0fd603fc0d40dbdd7531e38b,tomato,ours,03
experiments_logs/analysis_recent/when_what_policy_ablation_20261005_threshold_loop/00_raw/tomato/scene_03/ours/run_37_seed_2184183196/exp_tomato_20260921_013952_255701.txt,b4377500da6f944bfb87d6563f9660433b574db883ab6293521e85d4f7eb540e,tomato,ours,03
experiments_logs/analysis_recent/when_what_policy_ablation_20261005_threshold_loop/00_raw/tomato/scene_03/ours/run_38_seed_2418572032/exp_tomato_20260921_013953_867293.txt,d4fcecd9c068dda8a7481903fce5c60e6bb3a52e969ec155968e1b73c64515bf,tomato,ours,03
experiments_logs/analysis_recent/when_what_policy_ablation_20261005_threshold_loop/00_raw/tomato/scene_03/ours/run_39_seed_2436888965/exp_tomato_20260921_013955_347361.txt,b4be35f28ae86a35ce4a8ac1eea2f79e1b6c8397257f36427ce7c2c752678595,tomato,ours,03
experiments_logs/analysis_recent/when_what_policy_ablation_20261005_threshold_loop/00_raw/tomato/scene_03/ours/run_40_seed_598183825/exp_tomato_20260921_013956_969555.txt,0d9102e279891b69a38761c96383252710ce7439f5a15d2e8b7562c020cabb47,tomato,ours,03
experiments_logs/analysis_recent/when_what_policy_ablation_20261005_threshold_loop/00_raw/tomato/scene_04/ours/run_01_seed_1589093347/exp_tomato_20260921_013958_573928.txt,24288e2b04ce46eab51db5d4fdfb4fbe547a6970eab7557aab95fa1f7dacd214,tomato,ours,04
experiments_logs/analysis_recent/when_what_policy_ablation_20261005_threshold_loop/00_raw/tomato/scene_04/ours/run_02_seed_712937450/exp_tomato_20260921_014000_078070.txt,8b20998aff67cb1621fcfd2a46faaa4102a8d4e986f68ee5142cb24787b5f6c9,tomato,ours,04
experiments_logs/analysis_recent/when_what_policy_ablation_20261005_threshold_loop/00_raw/tomato/scene_04/ours/run_03_seed_3614412854/exp_tomato_20260921_014001_715995.txt,7bdfa56630e8d90a76ae9bd9cfb0934cd0517d0462b4c6a31400cbbd9a39a3ec,tomato,ours,04
experiments_logs/analysis_recent/when_what_policy_ablation_20261005_threshold_loop/00_raw/tomato/scene_04/ours/run_04_seed_2390740933/exp_tomato_20260921_014003_468077.txt,26a65a9ca7133bc798c996d65cee0711fdbc9e23805939671ccc815d7dcb1bdc,tomato,ours,04
experiments_logs/analysis_recent/when_what_policy_ablation_20261005_threshold_loop/00_raw/tomato/scene_04/ours/run_05_seed_2642505031/exp_tomato_20260921_014005_088981.txt,65b23dfff5cff887f2cf661d3760375a6cc3da652570ab456866037d466db601,tomato,ours,04
experiments_logs/analysis_recent/when_what_policy_ablation_20261005_threshold_loop/00_raw/tomato/scene_04/ours/run_06_seed_442300768/exp_tomato_20260921_014006_609985.txt,5db7cdb481fde05211fc6de29b43806a31be123573a01c30c7b04a680a500c27,tomato,ours,04
experiments_logs/analysis_recent/when_what_policy_ablation_20261005_threshold_loop/00_raw/tomato/scene_04/ours/run_07_seed_3661502133/exp_tomato_20260921_014016_068265.txt,f06759e5227f1372cbbf8d8c00be0bd87e70bf79d97315e4ebe03da8da13de44,tomato,ours,04
experiments_logs/analysis_recent/when_what_policy_ablation_20261005_threshold_loop/00_raw/tomato/scene_04/ours/run_08_seed_236854069/exp_tomato_20260921_014017_707391.txt,87ac1777da357ff2fdb9528cf9575f4924c17b380fd4a50c7e65eb041c090075,tomato,ours,04
experiments_logs/analysis_recent/when_what_policy_ablation_20261005_threshold_loop/00_raw/tomato/scene_04/ours/run_09_seed_2387734993/exp_tomato_20260921_014019_341718.txt,9fd60fdbe58ee52fde431896cb982b89fce02ad71c7ac343c9e483d626d15429,tomato,ours,04
experiments_logs/analysis_recent/when_what_policy_ablation_20261005_threshold_loop/00_raw/tomato/scene_04/ours/run_10_seed_321661848/exp_tomato_20260921_014020_943638.txt,8a987ad3e4516e992f6b2dc14a4cec2f15d26466d9f05e80c10da35dd1114f55,tomato,ours,04
experiments_logs/analysis_recent/when_what_policy_ablation_20261005_threshold_loop/00_raw/tomato/scene_04/ours/run_11_seed_2993320002/exp_tomato_20260921_014022_425264.txt,531762cb0012000a55766687db3c6312c02763c9e96e749fa4b16770346d5fac,tomato,ours,04
experiments_logs/analysis_recent/when_what_policy_ablation_20261005_threshold_loop/00_raw/tomato/scene_04/ours/run_12_seed_1109362184/exp_tomato_20260921_014023_891751.txt,c603651e4ef0112de73080b73f34c13ee51854fae280654a35be876bde4744e5,tomato,ours,04
experiments_logs/analysis_recent/when_what_policy_ablation_20261005_threshold_loop/00_raw/tomato/scene_04/ours/run_13_seed_3815955531/exp_tomato_20260921_014025_397344.txt,684d41bb767e46397b770ca57934ba0dd6be8975af548c370fa219ea8a00995e,tomato,ours,04
experiments_logs/analysis_recent/when_what_policy_ablation_20261005_threshold_loop/00_raw/tomato/scene_04/ours/run_14_seed_2941533860/exp_tomato_20260921_014027_031932.txt,30ad24ae085c8fdaa73ca1e76029ecdb1be050754a9d133a4ee59aeaa0e12383,tomato,ours,04
experiments_logs/analysis_recent/when_what_policy_ablation_20261005_threshold_loop/00_raw/tomato/scene_04/ours/run_15_seed_2020323328/exp_tomato_20260921_014028_505770.txt,360039dc501b6f007368f9f72f15a1d3c761caa9b990956f9a5ba4db588ddc6b,tomato,ours,04
experiments_logs/analysis_recent/when_what_policy_ablation_20261005_threshold_loop/00_raw/tomato/scene_04/ours/run_16_seed_3712541616/exp_tomato_20260921_014030_156737.txt,b44d7b93a4478e8d8c747daeb9aabfada4fc887e29c79613a74fe3955d1d98c9,tomato,ours,04
experiments_logs/analysis_recent/when_what_policy_ablation_20261005_threshold_loop/00_raw/tomato/scene_04/ours/run_17_seed_3169457126/exp_tomato_20260921_014031_834164.txt,314ca009c67ee6e4adad16c98be8d5484d621871ac19b218646e6482af29455e,tomato,ours,04
experiments_logs/analysis_recent/when_what_policy_ablation_20261005_threshold_loop/00_raw/tomato/scene_04/ours/run_18_seed_3948166740/exp_tomato_20260921_014033_521605.txt,f523dc1b477f0b5ccc0e519e08e35e4c59ab60fdcb9b586c31649f62903c148b,tomato,ours,04
experiments_logs/analysis_recent/when_what_policy_ablation_20261005_threshold_loop/00_raw/tomato/scene_04/ours/run_19_seed_1552731229/exp_tomato_20260921_014035_038537.txt,67867875b2aef20fdb68082be1a70cd1b2638b79a523453844a874e7d0e11719,tomato,ours,04
experiments_logs/analysis_recent/when_what_policy_ablation_20261005_threshold_loop/00_raw/tomato/scene_04/ours/run_20_seed_1337586660/exp_tomato_20260921_014037_204945.txt,7e0f2bfaee1b72b2f6735817c5b4e442f46915edbb2d03eb1436fbfd061c4e9e,tomato,ours,04
experiments_logs/analysis_recent/when_what_policy_ablation_20261005_threshold_loop/00_raw/tomato/scene_04/ours/run_21_seed_56491935/exp_tomato_20260921_014038_894924.txt,eda969e31bb52cc9a9171b107c651631572ea4a85247070567569ec2cf52033d,tomato,ours,04
experiments_logs/analysis_recent/when_what_policy_ablation_20261005_threshold_loop/00_raw/tomato/scene_04/ours/run_22_seed_2771536334/exp_tomato_20260921_014040_500007.txt,dd33a0fdcbdbf1b408cdffd46d1f9e4e97726fb1e7377ccb261e7c828d2de1dd,tomato,ours,04
experiments_logs/analysis_recent/when_what_policy_ablation_20261005_threshold_loop/00_raw/tomato/scene_04/ours/run_23_seed_3227930555/exp_tomato_20260921_014041_975718.txt,5f458e77997b571440cec98960ccc38c27077b1a4d0253bf25f419e73d8d00d9,tomato,ours,04
experiments_logs/analysis_recent/when_what_policy_ablation_20261005_threshold_loop/00_raw/tomato/scene_04/ours/run_24_seed_740609622/exp_tomato_20260921_014043_558710.txt,d57953fc719a21fc0c8ed621e6f9ab5f4d1f88d1137598e55a324e81c3ee2b55,tomato,ours,04
experiments_logs/analysis_recent/when_what_policy_ablation_20261005_threshold_loop/00_raw/tomato/scene_04/ours/run_25_seed_218967378/exp_tomato_20260921_014045_045672.txt,090d0ccd450207de5012c1ddd1b7b4606485ffed1606060de232c12326fe518d,tomato,ours,04
experiments_logs/analysis_recent/when_what_policy_ablation_20261005_threshold_loop/00_raw/tomato/scene_04/ours/run_26_seed_1040908402/exp_tomato_20260921_014046_634655.txt,48c808d6ec3e207a7ea90c1db5a9ba4e574f65194065f76df7164746e75c09bc,tomato,ours,04
experiments_logs/analysis_recent/when_what_policy_ablation_20261005_threshold_loop/00_raw/tomato/scene_04/ours/run_27_seed_2220313702/exp_tomato_20260921_014048_477746.txt,5a3bfca992c420bcb709672f7dca1dbe167ae049566f225184a9457fa536e363,tomato,ours,04
experiments_logs/analysis_recent/when_what_policy_ablation_20261005_threshold_loop/00_raw/tomato/scene_04/ours/run_28_seed_168160880/exp_tomato_20260921_014050_009215.txt,3974540b49970917f9f842521ef371b2e93ccf8b6e42ce45a75cf76ee2fd0932,tomato,ours,04
experiments_logs/analysis_recent/when_what_policy_ablation_20261005_threshold_loop/00_raw/tomato/scene_04/ours/run_29_seed_3141647287/exp_tomato_20260921_014051_537370.txt,195eeee932d1eba9cc1290609cb62859a14a42fe9d6509c2424c87eb19ff23f5,tomato,ours,04
experiments_logs/analysis_recent/when_what_policy_ablation_20261005_threshold_loop/00_raw/tomato/scene_04/ours/run_30_seed_2135663053/exp_tomato_20260921_014053_022579.txt,cac38784061452bd0e142543d638f4a4ea15b9cfb8692ad650d529f9e8b69a7d,tomato,ours,04
experiments_logs/analysis_recent/when_what_policy_ablation_20261005_threshold_loop/00_raw/tomato/scene_04/ours/run_31_seed_2392905031/exp_tomato_20260921_014054_616187.txt,e8ee74a9388f074f50b58a1550c6adcd5953a946bb76a6fccab28397ef711760,tomato,ours,04
experiments_logs/analysis_recent/when_what_policy_ablation_20261005_threshold_loop/00_raw/tomato/scene_04/ours/run_32_seed_3372736775/exp_tomato_20260921_014056_261241.txt,5add735a066c727c2ba894621abdc4799316597262543e7b7bc26e4689bffffd,tomato,ours,04
experiments_logs/analysis_recent/when_what_policy_ablation_20261005_threshold_loop/00_raw/tomato/scene_04/ours/run_33_seed_3386497120/exp_tomato_20260921_014058_058099.txt,6274a7ab7b6af4491b4af47b161588425799bc298a0d424e1af844e1eedb6023,tomato,ours,04
experiments_logs/analysis_recent/when_what_policy_ablation_20261005_threshold_loop/00_raw/tomato/scene_04/ours/run_34_seed_1167440852/exp_tomato_20260921_014059_721842.txt,4f0e88d7dd5b612530c88757e957b2dd5a99176b7ec4e4fe176fd04e8f2e7418,tomato,ours,04
experiments_logs/analysis_recent/when_what_policy_ablation_20261005_threshold_loop/00_raw/tomato/scene_04/ours/run_35_seed_222360660/exp_tomato_20260921_014101_426724.txt,6706b76a28f6faba8fb00c789ad69b45b982970840df15fc6a7ee0e9a425461d,tomato,ours,04
experiments_logs/analysis_recent/when_what_policy_ablation_20261005_threshold_loop/00_raw/tomato/scene_04/ours/run_36_seed_216321642/exp_tomato_20260921_014103_079726.txt,dab0ead1a011481772b28dad4fef5e569cf9cf424091f7381777d465a487ad24,tomato,ours,04
experiments_logs/analysis_recent/when_what_policy_ablation_20261005_threshold_loop/00_raw/tomato/scene_04/ours/run_37_seed_1141903763/exp_tomato_20260921_014104_740947.txt,55ef8eb48d1c322dcf156d8c6035de42054b88cab1748354e378685e66f8ba2c,tomato,ours,04
experiments_logs/analysis_recent/when_what_policy_ablation_20261005_threshold_loop/00_raw/tomato/scene_04/ours/run_38_seed_2219488844/exp_tomato_20260921_014106_892169.txt,c928a2e30f1085d40f7ed7effb43c0c5b668b03456ad10dd6fbf72f2fefb34fa,tomato,ours,04
experiments_logs/analysis_recent/when_what_policy_ablation_20261005_threshold_loop/00_raw/tomato/scene_04/ours/run_39_seed_3931316609/exp_tomato_20260921_014108_479919.txt,674db8ccefa9a0546570ea9234a17e0e07feb7e5d80176d6b12f7c207b09a423,tomato,ours,04
experiments_logs/analysis_recent/when_what_policy_ablation_20261005_threshold_loop/00_raw/tomato/scene_04/ours/run_40_seed_3315816046/exp_tomato_20260921_014110_045357.txt,e1fb4a0dce604f62d3d519978fa77d2b8c6eee02419441df7ff1e6d9d93302c9,tomato,ours,04
experiments_logs/analysis_recent/when_what_policy_ablation_20261005_threshold_loop/00_raw/tomato/scene_05/ours/run_01_seed_3945754139/exp_tomato_20260921_014111_515811.txt,62355dc88eca41dff1f3b0562c5aaf9854894157aa07c0e099999882af44ab55,tomato,ours,05
experiments_logs/analysis_recent/when_what_policy_ablation_20261005_threshold_loop/00_raw/tomato/scene_05/ours/run_02_seed_259038599/exp_tomato_20260921_014113_118794.txt,1e6e386e7f1e08e0fb8b25a418c831e4a55b8b28e78346eb06adaee7025f368f,tomato,ours,05
experiments_logs/analysis_recent/when_what_policy_ablation_20261005_threshold_loop/00_raw/tomato/scene_05/ours/run_03_seed_2898963405/exp_tomato_20260921_014114_782258.txt,fefedd5cc19e3ad62dcaff6bc6a6a1c7fdc9dc06863a85b29346c5a65e30df31,tomato,ours,05
experiments_logs/analysis_recent/when_what_policy_ablation_20261005_threshold_loop/00_raw/tomato/scene_05/ours/run_04_seed_1746555867/exp_tomato_20260921_014116_351614.txt,9977bdc9b530ca0a077e97afe791ebab62a0b4652a9340ed3a26a0be33c9f6f9,tomato,ours,05
experiments_logs/analysis_recent/when_what_policy_ablation_20261005_threshold_loop/00_raw/tomato/scene_05/ours/run_05_seed_879805946/exp_tomato_20260921_014117_990969.txt,9606b2fdfb7b6ff1b00798e3c72db3dc169221d1df8bfde380a39887426046f8,tomato,ours,05
experiments_logs/analysis_recent/when_what_policy_ablation_20261005_threshold_loop/00_raw/tomato/scene_05/ours/run_06_seed_1691996467/exp_tomato_20260921_014127_237707.txt,fd06d733750457b7954120db9e59985fc8d334fc094efcce5927a20b507b5600,tomato,ours,05
experiments_logs/analysis_recent/when_what_policy_ablation_20261005_threshold_loop/00_raw/tomato/scene_05/ours/run_07_seed_2654066318/exp_tomato_20260921_014128_726039.txt,19b638efff2ac02dbc6321e1304343b163226e6565c2a9f3d5fa53847cbde144,tomato,ours,05
experiments_logs/analysis_recent/when_what_policy_ablation_20261005_threshold_loop/00_raw/tomato/scene_05/ours/run_08_seed_715972481/exp_tomato_20260921_014130_224109.txt,95ebbb2ab55c68f6ba75e43bb097bcf5cdf4ba19021b855e951e5c858a3da229,tomato,ours,05
experiments_logs/analysis_recent/when_what_policy_ablation_20261005_threshold_loop/00_raw/tomato/scene_05/ours/run_09_seed_794861334/exp_tomato_20260921_014131_859102.txt,c65a21083c571a8242107683f218ee8871f709bbfa311e47e0bc6ef8f7d3e362,tomato,ours,05
experiments_logs/analysis_recent/when_what_policy_ablation_20261005_threshold_loop/00_raw/tomato/scene_05/ours/run_10_seed_179847475/exp_tomato_20260921_014133_353979.txt,32a5c0117d3686010432ecec5ff3869f544ffe00cb66a2cbc9ba5985dc57359d,tomato,ours,05
experiments_logs/analysis_recent/when_what_policy_ablation_20261005_threshold_loop/00_raw/tomato/scene_05/ours/run_11_seed_2141224597/exp_tomato_20260921_014134_882925.txt,7f69792583def9f12b497588eb358e8556c0a27903d00db0712acaa3845f8c62,tomato,ours,05
experiments_logs/analysis_recent/when_what_policy_ablation_20261005_threshold_loop/00_raw/tomato/scene_05/ours/run_12_seed_3873493540/exp_tomato_20260921_014136_484016.txt,47707d754c5f5f9a0bd429a163bbf1994e3ca6d9c9bb52655989d225bc8a6491,tomato,ours,05
experiments_logs/analysis_recent/when_what_policy_ablation_20261005_threshold_loop/00_raw/tomato/scene_05/ours/run_13_seed_444653586/exp_tomato_20260921_014138_411585.txt,863c792ba730d7008fa895beb1723a1d9253e6552b8c043dfea01c03e33b626e,tomato,ours,05
experiments_logs/analysis_recent/when_what_policy_ablation_20261005_threshold_loop/00_raw/tomato/scene_05/ours/run_14_seed_2591322916/exp_tomato_20260921_014139_904717.txt,eb009e9f023b36ae06e9903185666f894e8ae48b137fcd03ff7f8652e3aca1ae,tomato,ours,05
experiments_logs/analysis_recent/when_what_policy_ablation_20261005_threshold_loop/00_raw/tomato/scene_05/ours/run_15_seed_2082077157/exp_tomato_20260921_014141_357175.txt,547885734f64aeeda15c55131828ea1ac6cf82d76fd3d340fbf8bdea5c1ae1f5,tomato,ours,05
experiments_logs/analysis_recent/when_what_policy_ablation_20261005_threshold_loop/00_raw/tomato/scene_05/ours/run_16_seed_1584111328/exp_tomato_20260921_014143_024386.txt,cae7a7b7cefc0f2c9cd2825c89783719574f9d5092f38b0d0d71a88bd5af4744,tomato,ours,05
experiments_logs/analysis_recent/when_what_policy_ablation_20261005_threshold_loop/00_raw/tomato/scene_05/ours/run_17_seed_2883494985/exp_tomato_20260921_014144_492823.txt,d136da9bb878dd235cd0e5d0270c8acc26fa95f829f3390fb032868ac9b5f6fe,tomato,ours,05
experiments_logs/analysis_recent/when_what_policy_ablation_20261005_threshold_loop/00_raw/tomato/scene_05/ours/run_18_seed_2222584418/exp_tomato_20260921_014146_132341.txt,20c9a2dc852515cdf7914d8ccd8290556744cb95e4ac5cf504549b53d7fcfa8c,tomato,ours,05
experiments_logs/analysis_recent/when_what_policy_ablation_20261005_threshold_loop/00_raw/tomato/scene_05/ours/run_19_seed_1573496301/exp_tomato_20260921_014147_602593.txt,60ef464fe069e0cf6a2e4d92b8a430cd5050d6358796bc04f690a5d538e6d7de,tomato,ours,05
experiments_logs/analysis_recent/when_what_policy_ablation_20261005_threshold_loop/00_raw/tomato/scene_05/ours/run_20_seed_3850832736/exp_tomato_20260921_014149_260385.txt,25ccec8e889f2fe7dbd690bdb41189786b27b8d9701c95c74fd7312e55ec1365,tomato,ours,05
experiments_logs/analysis_recent/when_what_policy_ablation_20261005_threshold_loop/00_raw/tomato/scene_05/ours/run_21_seed_1896365895/exp_tomato_20260921_014150_833436.txt,ef2db9f1583887dbaf12dbe18c1c730d3557b6397b89b60a5a7af0de2e65f451,tomato,ours,05
experiments_logs/analysis_recent/when_what_policy_ablation_20261005_threshold_loop/00_raw/tomato/scene_05/ours/run_22_seed_2128654182/exp_tomato_20260921_014152_363099.txt,0df606d553c36f6b01da221379d59e304d61b7294630e205170c32935d7742c7,tomato,ours,05
experiments_logs/analysis_recent/when_what_policy_ablation_20261005_threshold_loop/00_raw/tomato/scene_05/ours/run_23_seed_3471226395/exp_tomato_20260921_014153_809007.txt,e06a060f182b07eec51e864f66c142a9ceb3ac53e32faf94929325547f696d41,tomato,ours,05
experiments_logs/analysis_recent/when_what_policy_ablation_20261005_threshold_loop/00_raw/tomato/scene_05/ours/run_24_seed_1127296088/exp_tomato_20260921_014155_283881.txt,7d6f7ff3587e51ac7b386f0767b063584c47ed6454dd7ffb4110d48bb9d77366,tomato,ours,05
experiments_logs/analysis_recent/when_what_policy_ablation_20261005_threshold_loop/00_raw/tomato/scene_05/ours/run_25_seed_346784313/exp_tomato_20260921_014156_897695.txt,ddd2c07e7e099fa1b269b23ab47bd37173a17e9f091c7831322281f8b65aca68,tomato,ours,05
experiments_logs/analysis_recent/when_what_policy_ablation_20261005_threshold_loop/00_raw/tomato/scene_05/ours/run_26_seed_1271340849/exp_tomato_20260921_014158_523099.txt,5684efa6bce5d44077a8886c0e4807b749235598d10beb648ace98e0a4dea75d,tomato,ours,05
experiments_logs/analysis_recent/when_what_policy_ablation_20261005_threshold_loop/00_raw/tomato/scene_05/ours/run_27_seed_1196215500/exp_tomato_20260921_014201_397845.txt,3989e9b51b44660500d784e91f75fea377512b54c2ef600e50a7677600de10be,tomato,ours,05
experiments_logs/analysis_recent/when_what_policy_ablation_20261005_threshold_loop/00_raw/tomato/scene_05/ours/run_28_seed_3594782946/exp_tomato_20260921_014203_005905.txt,d469841cdb590cca88fd7de2a124a9582cc7b13201c1f20ca7eaf0a09f92767a,tomato,ours,05
experiments_logs/analysis_recent/when_what_policy_ablation_20261005_threshold_loop/00_raw/tomato/scene_05/ours/run_29_seed_3869246695/exp_tomato_20260921_014204_490816.txt,eb0afdde938ee5b2a52574dc23c563ae64f00339b805e723c2b920180bce9cfd,tomato,ours,05
experiments_logs/analysis_recent/when_what_policy_ablation_20261005_threshold_loop/00_raw/tomato/scene_05/ours/run_30_seed_2231101089/exp_tomato_20260921_014206_086157.txt,38bc8a21e6c4a917b8647c3d5f534029f18c5a1767db4f2f598547e719f41e63,tomato,ours,05
experiments_logs/analysis_recent/when_what_policy_ablation_20261005_threshold_loop/00_raw/tomato/scene_05/ours/run_31_seed_28332744/exp_tomato_20260921_014207_765167.txt,c69f1237e3f35030e5e921a3d6f2f88213dce97916a764018f65f0376605fa09,tomato,ours,05
experiments_logs/analysis_recent/when_what_policy_ablation_20261005_threshold_loop/00_raw/tomato/scene_05/ours/run_32_seed_815541928/exp_tomato_20260921_014209_294091.txt,32a86b9927ed9a96535bd24cde060e13348655fcdf73114b4ecfe2697c5d7506,tomato,ours,05
experiments_logs/analysis_recent/when_what_policy_ablation_20261005_threshold_loop/00_raw/tomato/scene_05/ours/run_33_seed_3637968608/exp_tomato_20260921_014210_892241.txt,afbc0d10c79a430d3c4943b0e6dec6867f96f162dd4404db3140e9b7b9db4b45,tomato,ours,05
experiments_logs/analysis_recent/when_what_policy_ablation_20261005_threshold_loop/00_raw/tomato/scene_05/ours/run_34_seed_1985644872/exp_tomato_20260921_014212_373856.txt,814de0e061466d6cd37ddaf36ad00ffa4283971eec7022de1764bcc18ba93ed1,tomato,ours,05
experiments_logs/analysis_recent/when_what_policy_ablation_20261005_threshold_loop/00_raw/tomato/scene_05/ours/run_35_seed_589229374/exp_tomato_20260921_014213_979802.txt,a44430bff48e85bc69f1241aff018ec10230e0d9b65b93e1c4d8a4beed3bcb36,tomato,ours,05
experiments_logs/analysis_recent/when_what_policy_ablation_20261005_threshold_loop/00_raw/tomato/scene_05/ours/run_36_seed_1101473435/exp_tomato_20260921_014215_507065.txt,2859457c3441a852408bdb0325029be44ff1e1ab9a1017fa53c2da8cf2651d04,tomato,ours,05
experiments_logs/analysis_recent/when_what_policy_ablation_20261005_threshold_loop/00_raw/tomato/scene_05/ours/run_37_seed_3696024021/exp_tomato_20260921_014217_028281.txt,20dc26c92d93c7a56c587598c71de826a1488df5504dfae4847efd05c3ac758a,tomato,ours,05
experiments_logs/analysis_recent/when_what_policy_ablation_20261005_threshold_loop/00_raw/tomato/scene_05/ours/run_38_seed_4191848859/exp_tomato_20260921_014218_551769.txt,4a827ddb89b3c4572a97406a932e82039af362c25b0a35d56b4c88ca86112246,tomato,ours,05
experiments_logs/analysis_recent/when_what_policy_ablation_20261005_threshold_loop/00_raw/tomato/scene_05/ours/run_39_seed_1042830735/exp_tomato_20260921_014220_170594.txt,e8ca2a816550bc6367c6890eb585b2728a7395b35337de62bc45b91677a22763,tomato,ours,05
experiments_logs/analysis_recent/when_what_policy_ablation_20261005_threshold_loop/00_raw/tomato/scene_05/ours/run_40_seed_3034198474/exp_tomato_20260921_014221_642697.txt,bc83f7ff3f94fa58fae87e0d38b9224a6a0a6b2e2dad107e310199c3bd104b36,tomato,ours,05
experiments_logs/analysis_recent/when_what_policy_ablation_20261005_threshold_loop/00_raw/tomato/scene_01/cp_when/run_01_seed_2030859206/exp_tomato_20260921_224655_905523.txt,bce75059f5362a7b0d2bf2025b3bff3e0b1e1a181039da8a9431dbee60b4b955,tomato,cp_when,01
experiments_logs/analysis_recent/when_what_policy_ablation_20261005_threshold_loop/00_raw/tomato/scene_01/cp_when/run_02_seed_2222960263/exp_tomato_20260921_224720_759454.txt,c74efcb304972bb0c1ba7f6a225ed5b5f867a5de378172e7214594648f9ece05,tomato,cp_when,01
experiments_logs/analysis_recent/when_what_policy_ablation_20261005_threshold_loop/00_raw/tomato/scene_01/cp_when/run_03_seed_1273020582/exp_tomato_20260921_224756_702591.txt,6da85d593403347ba813bb208aa32f5818df6abfa5b864999e1cc0ce1f9181af,tomato,cp_when,01
experiments_logs/analysis_recent/when_what_policy_ablation_20261005_threshold_loop/00_raw/tomato/scene_01/cp_when/run_04_seed_866496583/exp_tomato_20260921_224809_384470.txt,ff209d9181967e32578e17385a98c8ba759abf6e1543c26611f61022d70be0af,tomato,cp_when,01
experiments_logs/analysis_recent/when_what_policy_ablation_20261005_threshold_loop/00_raw/tomato/scene_01/cp_when/run_05_seed_2698243041/exp_tomato_20260921_224824_665772.txt,897c345d226a1793c7d7261a324a765927f9c4f50ed1716a7caa7746be7cc5e3,tomato,cp_when,01
experiments_logs/analysis_recent/when_what_policy_ablation_20261005_threshold_loop/00_raw/tomato/scene_01/cp_when/run_06_seed_1911303750/exp_tomato_20260921_224904_007560.txt,10a65de09424c1965577f64bcf956d585b26bb4901b16870df3d871df4a0f593,tomato,cp_when,01
experiments_logs/analysis_recent/when_what_policy_ablation_20261005_threshold_loop/00_raw/tomato/scene_01/cp_when/run_07_seed_796400590/exp_tomato_20260921_224942_720705.txt,a14e6e9f6e2904700febc679c5de494078b4701d2ce11f546ff5de747f39c42d,tomato,cp_when,01
experiments_logs/analysis_recent/when_what_policy_ablation_20261005_threshold_loop/00_raw/tomato/scene_01/cp_when/run_08_seed_1201029111/exp_tomato_20260921_225039_571885.txt,450c71d5938fe0910692e1c8c39d35b043f41950b13c4ca0ff286e583cb484e6,tomato,cp_when,01
experiments_logs/analysis_recent/when_what_policy_ablation_20261005_threshold_loop/00_raw/tomato/scene_01/cp_when/run_09_seed_3389846695/exp_tomato_20260921_225119_108711.txt,950f4859180f5030b9d289394be7a3a1d22c7db05ba6ce66ee84773c13634492,tomato,cp_when,01
experiments_logs/analysis_recent/when_what_policy_ablation_20261005_threshold_loop/00_raw/tomato/scene_01/cp_when/run_10_seed_2508123787/exp_tomato_20260921_225141_100677.txt,98378b88678afcac514f04b1781c537a2b48d5b5ef385d639bd9e242fa9e6618,tomato,cp_when,01
experiments_logs/analysis_recent/when_what_policy_ablation_20261005_threshold_loop/00_raw/tomato/scene_01/cp_when/run_11_seed_2741500852/exp_tomato_20260921_225222_930775.txt,b7548195f18a31361a75c9e72372343c567c0a35014ced4d3b4138cb4b724760,tomato,cp_when,01
experiments_logs/analysis_recent/when_what_policy_ablation_20261005_threshold_loop/00_raw/tomato/scene_01/cp_when/run_12_seed_4065849833/exp_tomato_20260921_225237_331712.txt,41ab3e842fe02633b773a2098fe8f5e8a8395c221d915154d6acb83d006edaec,tomato,cp_when,01
experiments_logs/analysis_recent/when_what_policy_ablation_20261005_threshold_loop/00_raw/tomato/scene_01/cp_when/run_13_seed_821007751/exp_tomato_20260921_225316_622151.txt,0961df8de37abfc0518509326935229cd4748dd388e5b12453fec05e388311bf,tomato,cp_when,01
experiments_logs/analysis_recent/when_what_policy_ablation_20261005_threshold_loop/00_raw/tomato/scene_01/cp_when/run_14_seed_965164034/exp_tomato_20260921_225347_752792.txt,977786d7b83bb3521d8f8210c5dfd5eddfa257370ab1d3a178dec114a1024a77,tomato,cp_when,01
experiments_logs/analysis_recent/when_what_policy_ablation_20261005_threshold_loop/00_raw/tomato/scene_01/cp_when/run_15_seed_3049697230/exp_tomato_20260921_225426_155771.txt,98fc900b0eb597e28a9a0f89d38e838089706ae1294aae42528e3591094a8ce5,tomato,cp_when,01
experiments_logs/analysis_recent/when_what_policy_ablation_20261005_threshold_loop/00_raw/tomato/scene_01/cp_when/run_16_seed_597016452/exp_tomato_20260921_225459_599965.txt,2dfcdf01d58664820ef583b94e95148decfd7be0b42ab672d8af90b61e7874f6,tomato,cp_when,01
experiments_logs/analysis_recent/when_what_policy_ablation_20261005_threshold_loop/00_raw/tomato/scene_01/cp_when/run_17_seed_2027029533/exp_tomato_20260921_225546_250813.txt,0c9816ffac57ccd765a442ed1ec65f75aa93bceb4b35745c2307635b645d5d71,tomato,cp_when,01
experiments_logs/analysis_recent/when_what_policy_ablation_20261005_threshold_loop/00_raw/tomato/scene_01/cp_when/run_18_seed_3736902642/exp_tomato_20260921_225559_614288.txt,5a5cf77ac813130484acfc846fa1718bced4fbaa83986b381072a729df39c160,tomato,cp_when,01
experiments_logs/analysis_recent/when_what_policy_ablation_20261005_threshold_loop/00_raw/tomato/scene_01/cp_when/run_19_seed_323427982/exp_tomato_20260921_225648_448097.txt,b295cc0a41c83f97ac3f72e822c5fa3e04c3a52f9808c68e26c95d54ff69cd30,tomato,cp_when,01
experiments_logs/analysis_recent/when_what_policy_ablation_20261005_threshold_loop/00_raw/tomato/scene_01/cp_when/run_20_seed_311025495/exp_tomato_20260921_225706_788829.txt,3f3427d2e480f39230bdd8da6eb245992d0a5e33f47db081df23d82ec6504a47,tomato,cp_when,01
experiments_logs/analysis_recent/when_what_policy_ablation_20261005_threshold_loop/00_raw/tomato/scene_01/cp_when/run_21_seed_871806833/exp_tomato_20260921_225752_007919.txt,506acc7c906ba87df8f0d520bc0712f0921dae68b03d80ccab716b8d8b5c8ff5,tomato,cp_when,01
experiments_logs/analysis_recent/when_what_policy_ablation_20261005_threshold_loop/00_raw/tomato/scene_01/cp_when/run_22_seed_217537032/exp_tomato_20260921_225838_440907.txt,adfc1939dffbd1aef7bf316507b01c72b14906d7f91dbb5d25dc317d6ead776d,tomato,cp_when,01
experiments_logs/analysis_recent/when_what_policy_ablation_20261005_threshold_loop/00_raw/tomato/scene_01/cp_when/run_23_seed_532817344/exp_tomato_20260921_225915_145293.txt,e1d2b9290ee66c59873d151707e2773661394e1eb35382442433f80561181a26,tomato,cp_when,01
experiments_logs/analysis_recent/when_what_policy_ablation_20261005_threshold_loop/00_raw/tomato/scene_01/cp_when/run_24_seed_3466707993/exp_tomato_20260921_225954_157523.txt,5fc0dd9cd0b77390e1c12f8ecbb77f59815a9d45e9f3878204e500c2e7a6d326,tomato,cp_when,01
experiments_logs/analysis_recent/when_what_policy_ablation_20261005_threshold_loop/00_raw/tomato/scene_01/cp_when/run_25_seed_1649478604/exp_tomato_20260921_230035_537605.txt,e11558febe826a941ca2f83752edabbb1e489b1444101728d0a03e466b3c1dd5,tomato,cp_when,01
experiments_logs/analysis_recent/when_what_policy_ablation_20261005_threshold_loop/00_raw/tomato/scene_01/cp_when/run_26_seed_2204152357/exp_tomato_20260921_230112_838639.txt,d471b71c668596e6a70fdc68dcbea139e56cd53235c7cc79f9368e27cdf208c8,tomato,cp_when,01
experiments_logs/analysis_recent/when_what_policy_ablation_20261005_threshold_loop/00_raw/tomato/scene_01/cp_when/run_27_seed_1233339309/exp_tomato_20260921_230152_670643.txt,f95103588899c0bcde9c72a22189e75708b0725c4fa9ea843839506f2aa86511,tomato,cp_when,01
experiments_logs/analysis_recent/when_what_policy_ablation_20261005_threshold_loop/00_raw/tomato/scene_01/cp_when/run_28_seed_3357973338/exp_tomato_20260921_230211_740226.txt,8f0d861abd11f313f6179510dddd4acc8bf57be435f6d34a354dda6077c6eb1d,tomato,cp_when,01
experiments_logs/analysis_recent/when_what_policy_ablation_20261005_threshold_loop/00_raw/tomato/scene_01/cp_when/run_29_seed_3649707942/exp_tomato_20260921_230244_555341.txt,8de3f450b04d9eb92dfa718712737e4403b8cf120eb6eae1067c4dd4c094d561,tomato,cp_when,01
experiments_logs/analysis_recent/when_what_policy_ablation_20261005_threshold_loop/00_raw/tomato/scene_01/cp_when/run_30_seed_3325784884/exp_tomato_20260921_230323_031217.txt,520f9b066e9419685a2d97498f794ed7cee5f1960b6e6a56b7007106a45f83e7,tomato,cp_when,01
experiments_logs/analysis_recent/when_what_policy_ablation_20261005_threshold_loop/00_raw/tomato/scene_01/cp_when/run_31_seed_3877458541/exp_tomato_20260921_230334_860286.txt,a5367a27fbd1e40031ce601bf305ecbed1ba2da1375c7f925a309ffa51a09989,tomato,cp_when,01
experiments_logs/analysis_recent/when_what_policy_ablation_20261005_threshold_loop/00_raw/tomato/scene_01/cp_when/run_32_seed_3638621671/exp_tomato_20260921_230422_778925.txt,a9c2c369b47333118254cabbef63ccc9e22634723ee65f61c36e49c2764e47c6,tomato,cp_when,01
experiments_logs/analysis_recent/when_what_policy_ablation_20261005_threshold_loop/00_raw/tomato/scene_01/cp_when/run_33_seed_1084618528/exp_tomato_20260921_230441_961746.txt,fc951e3ab30f77057334ae81fd7e73ca831dc40ac9d7ba9b88439fa50772f2ae,tomato,cp_when,01
experiments_logs/analysis_recent/when_what_policy_ablation_20261005_threshold_loop/00_raw/tomato/scene_01/cp_when/run_34_seed_405999239/exp_tomato_20260921_230519_319701.txt,77f032d78c168aca6a8d77bca94d4d8d4cc12b209fdb0bfc70df6802bc0b49bb,tomato,cp_when,01
experiments_logs/analysis_recent/when_what_policy_ablation_20261005_threshold_loop/00_raw/tomato/scene_01/cp_when/run_35_seed_4028845444/exp_tomato_20260921_230613_219111.txt,f85d3e7bd3b359923d56eddf991a2395514ac5ad607f7c32d0031635b0396b6d,tomato,cp_when,01
experiments_logs/analysis_recent/when_what_policy_ablation_20261005_threshold_loop/00_raw/tomato/scene_01/cp_when/run_36_seed_2607182153/exp_tomato_20260921_230718_771283.txt,c4d96cac6d7e42f0be8ba513dcfff36fb133279548b67bdb712a8f60a5a9b536,tomato,cp_when,01
experiments_logs/analysis_recent/when_what_policy_ablation_20261005_threshold_loop/00_raw/tomato/scene_01/cp_when/run_37_seed_338448945/exp_tomato_20260921_230756_692452.txt,a9165e74028f357ec5db5c99f492ed7490a06cd9cb4860e69c7c3c6d7ba8eafd,tomato,cp_when,01
experiments_logs/analysis_recent/when_what_policy_ablation_20261005_threshold_loop/00_raw/tomato/scene_01/cp_when/run_38_seed_3008854274/exp_tomato_20260921_230822_496159.txt,f5feea7d164f7993b4a5c24a44fc29837b051ddadb23575247db03f29615af34,tomato,cp_when,01
experiments_logs/analysis_recent/when_what_policy_ablation_20261005_threshold_loop/00_raw/tomato/scene_01/cp_when/run_39_seed_3373062200/exp_tomato_20260921_230837_966181.txt,7caa910f2fc6cde26a2c548e00cda74d989cdffa6008b0e37a90dd6b40705d8d,tomato,cp_when,01
experiments_logs/analysis_recent/when_what_policy_ablation_20261005_threshold_loop/00_raw/tomato/scene_01/cp_when/run_40_seed_1025671343/exp_tomato_20260921_230913_647377.txt,09dea6b8b727bbc507b718329d0ce6601020d4d2da2ee35fbd0ab593a5a6a049,tomato,cp_when,01
experiments_logs/analysis_recent/when_what_policy_ablation_20261005_threshold_loop/00_raw/tomato/scene_02/cp_when/run_01_seed_233361013/exp_tomato_20260921_230921_637252.txt,e5926d49ede6b18a9bb45725e0a652d5ce52bdd7e4601b6311740956f47d80fb,tomato,cp_when,02
experiments_logs/analysis_recent/when_what_policy_ablation_20261005_threshold_loop/00_raw/tomato/scene_02/cp_when/run_02_seed_3206958523/exp_tomato_20260921_230957_153364.txt,3a83af21958905ecac8a10a615ebe00b5322db34fe2deb38200e599ba98a5807,tomato,cp_when,02
experiments_logs/analysis_recent/when_what_policy_ablation_20261005_threshold_loop/00_raw/tomato/scene_02/cp_when/run_03_seed_2306136433/exp_tomato_20260921_231035_522436.txt,c7bb509da5ece4a0b44eb4681ded10ed6d9af7ce1d4d9165b1496f36c05c2c40,tomato,cp_when,02
experiments_logs/analysis_recent/when_what_policy_ablation_20261005_threshold_loop/00_raw/tomato/scene_02/cp_when/run_04_seed_1150817657/exp_tomato_20260921_231104_681264.txt,04e7ef0ee62b4080f3458c05286a9eeebdf1404802d8c1e0f41e6192bd7d2002,tomato,cp_when,02
experiments_logs/analysis_recent/when_what_policy_ablation_20261005_threshold_loop/00_raw/tomato/scene_02/cp_when/run_05_seed_418694264/exp_tomato_20260921_231138_962715.txt,7a8726d87e19d08d3d38955b6666a13923a72b817a8399c46a5de096459a4a50,tomato,cp_when,02
experiments_logs/analysis_recent/when_what_policy_ablation_20261005_threshold_loop/00_raw/tomato/scene_02/cp_when/run_06_seed_2833878170/exp_tomato_20260921_231241_228461.txt,b7bfad9af1b57bddd893593e81d93cd4df5160a774609aa808b5df3006c6c520,tomato,cp_when,02
experiments_logs/analysis_recent/when_what_policy_ablation_20261005_threshold_loop/00_raw/tomato/scene_02/cp_when/run_07_seed_2876796507/exp_tomato_20260921_231328_256169.txt,dc2f3d867bef25319ec4820cb63704ca33b6fca2335eaa1b1bc36adb77d90e55,tomato,cp_when,02
experiments_logs/analysis_recent/when_what_policy_ablation_20261005_threshold_loop/00_raw/tomato/scene_02/cp_when/run_08_seed_2661673954/exp_tomato_20260921_231339_439474.txt,51cc46ef1b509fdc09c7b4fe53982ce411cab57db3e91d54d5162cb3d26f40b4,tomato,cp_when,02
experiments_logs/analysis_recent/when_what_policy_ablation_20261005_threshold_loop/00_raw/tomato/scene_02/cp_when/run_09_seed_3533124505/exp_tomato_20260921_231415_276781.txt,fd1e294914a0c9c6ad7b053eb3d0b308b42e1f69cda3953b294e3391bf27115d,tomato,cp_when,02
experiments_logs/analysis_recent/when_what_policy_ablation_20261005_threshold_loop/00_raw/tomato/scene_02/cp_when/run_10_seed_3751400244/exp_tomato_20260921_231501_387276.txt,e8f920f657a1dd7053ed634d0d3d0a6858e84a233f1368d3b01454be3c88234c,tomato,cp_when,02
experiments_logs/analysis_recent/when_what_policy_ablation_20261005_threshold_loop/00_raw/tomato/scene_02/cp_when/run_11_seed_4031054018/exp_tomato_20260921_231515_364458.txt,bd579d99e4810050e100f8692ed55a841882bbbc448b20a9b18b86b146c42ac1,tomato,cp_when,02
experiments_logs/analysis_recent/when_what_policy_ablation_20261005_threshold_loop/00_raw/tomato/scene_02/cp_when/run_12_seed_1337352578/exp_tomato_20260921_231546_689715.txt,c9031bd3736c364ff6c0a3c7c07e77c1365b8271061339b2fdcf250245bccee7,tomato,cp_when,02
experiments_logs/analysis_recent/when_what_policy_ablation_20261005_threshold_loop/00_raw/tomato/scene_02/cp_when/run_13_seed_2571575672/exp_tomato_20260921_231615_939621.txt,3eff486d82a878a055384c8f9153744fecd45dbab3a99ae853511e97611945d1,tomato,cp_when,02
experiments_logs/analysis_recent/when_what_policy_ablation_20261005_threshold_loop/00_raw/tomato/scene_02/cp_when/run_14_seed_1903174235/exp_tomato_20260921_231710_125433.txt,91008c63ef9ed1c6d180b8c75978ffa0cb696fae403d0ef695c4b2afb7182c8b,tomato,cp_when,02
experiments_logs/analysis_recent/when_what_policy_ablation_20261005_threshold_loop/00_raw/tomato/scene_02/cp_when/run_15_seed_1422635806/exp_tomato_20260921_231722_676491.txt,29f8b1763791c874e893148f15cb16205219f8de1e7f97a7ee9b2b74a231ea48,tomato,cp_when,02
experiments_logs/analysis_recent/when_what_policy_ablation_20261005_threshold_loop/00_raw/tomato/scene_02/cp_when/run_16_seed_559761095/exp_tomato_20260921_231751_584920.txt,d0241bcac155e54607343d5c0dd40e9688f0d3f63211c278e16105fefa2c0e0a,tomato,cp_when,02
experiments_logs/analysis_recent/when_what_policy_ablation_20261005_threshold_loop/00_raw/tomato/scene_02/cp_when/run_17_seed_2324409209/exp_tomato_20260921_231845_274718.txt,7e2f395c37f6e19e573aa39b9ab8b490142c47308dfbde977613677a62664eb9,tomato,cp_when,02
experiments_logs/analysis_recent/when_what_policy_ablation_20261005_threshold_loop/00_raw/tomato/scene_02/cp_when/run_18_seed_474952343/exp_tomato_20260921_231924_427082.txt,23ccd618ee7e08097edac9921deea10ac6719e4ca8d86af9c40882abd30e4b21,tomato,cp_when,02
experiments_logs/analysis_recent/when_what_policy_ablation_20261005_threshold_loop/00_raw/tomato/scene_02/cp_when/run_19_seed_1408900490/exp_tomato_20260921_231950_545927.txt,81ae4922477a78cef73542ed7a6dd4eff273a8485344f59e43f37970d7abc7dd,tomato,cp_when,02
experiments_logs/analysis_recent/when_what_policy_ablation_20261005_threshold_loop/00_raw/tomato/scene_02/cp_when/run_20_seed_1969507524/exp_tomato_20260921_232000_305273.txt,85b286122d20e2d5758fa60ca4fb098dc8b78cf5ade504cc3f2262d16b8e78ac,tomato,cp_when,02
experiments_logs/analysis_recent/when_what_policy_ablation_20261005_threshold_loop/00_raw/tomato/scene_02/cp_when/run_21_seed_850676597/exp_tomato_20260921_232014_020759.txt,49e1f51daa0fb35e3d9b93bc4583cfc1ad5e27fc5cfda07ec6d56926a8105bc8,tomato,cp_when,02
experiments_logs/analysis_recent/when_what_policy_ablation_20261005_threshold_loop/00_raw/tomato/scene_02/cp_when/run_22_seed_464102713/exp_tomato_20260921_232025_801330.txt,b4a0955b5d0509811a5b61771528f4f0d836c9328f63bc293bb50cf369a3b621,tomato,cp_when,02
experiments_logs/analysis_recent/when_what_policy_ablation_20261005_threshold_loop/00_raw/tomato/scene_02/cp_when/run_23_seed_2639844527/exp_tomato_20260921_232032_136406.txt,5505aca9876de1d3d6a92a83f595a0ebfef95654bfb23ccabf2a3c2fceb76c6e,tomato,cp_when,02
experiments_logs/analysis_recent/when_what_policy_ablation_20261005_threshold_loop/00_raw/tomato/scene_02/cp_when/run_24_seed_2567273034/exp_tomato_20260921_232222_762242.txt,9919a009f6c45e218f26f27d8cfc13899cb52ca30a25fbeac1d165b35051f7f7,tomato,cp_when,02
experiments_logs/analysis_recent/when_what_policy_ablation_20261005_threshold_loop/00_raw/tomato/scene_02/cp_when/run_25_seed_3815863427/exp_tomato_20260921_232302_912304.txt,8f97d82c6abff029300e3d42b5aeb09d66c477a61cd0ab64a2d6b1117f0ccb6a,tomato,cp_when,02
experiments_logs/analysis_recent/when_what_policy_ablation_20261005_threshold_loop/00_raw/tomato/scene_02/cp_when/run_26_seed_2421989875/exp_tomato_20260921_232314_939100.txt,e046c17713be468e345d965b887646f3204a4225cf58195ded9b2124d0d65b1e,tomato,cp_when,02
experiments_logs/analysis_recent/when_what_policy_ablation_20261005_threshold_loop/00_raw/tomato/scene_02/cp_when/run_27_seed_790979284/exp_tomato_20260921_232344_530368.txt,9fa37549604b88a927e540005c5087262d668d0e4b730c8f24b7c322e126f822,tomato,cp_when,02
experiments_logs/analysis_recent/when_what_policy_ablation_20261005_threshold_loop/00_raw/tomato/scene_02/cp_when/run_28_seed_484948157/exp_tomato_20260921_232500_432285.txt,3a901d6d06194b4b9565a7b1c6c0317d9872a1721da87d62c1dcddf454a29ba4,tomato,cp_when,02
experiments_logs/analysis_recent/when_what_policy_ablation_20261005_threshold_loop/00_raw/tomato/scene_02/cp_when/run_29_seed_2138595888/console.log,8c0fb5ac88894f470a47e845b0130d417202a15f68ee066ea7bd9d4ade589ddf,tomato,cp_when,02
experiments_logs/analysis_recent/when_what_policy_ablation_20261005_threshold_loop/00_raw/tomato/scene_02/cp_when/run_30_seed_63773712/exp_tomato_20260921_232713_693391.txt,46535d46c80e8b37259093707fb19d013a249a44d587183064291c7cbd48dab5,tomato,cp_when,02
experiments_logs/analysis_recent/when_what_policy_ablation_20261005_threshold_loop/00_raw/tomato/scene_02/cp_when/run_31_seed_3662297998/exp_tomato_20260921_232742_217772.txt,eae9eba56f3b2324d117f392c4f31776cada74492111ddfab4a9b5d0b1771dbf,tomato,cp_when,02
experiments_logs/analysis_recent/when_what_policy_ablation_20261005_threshold_loop/00_raw/tomato/scene_02/cp_when/run_32_seed_3249674493/exp_tomato_20260921_232754_022711.txt,eaf6dcabc86e38efc10518febc170acd83b2832d40ef6e0ac93bb164c6c808e9,tomato,cp_when,02
experiments_logs/analysis_recent/when_what_policy_ablation_20261005_threshold_loop/00_raw/tomato/scene_02/cp_when/run_33_seed_4007070013/exp_tomato_20260921_232836_209504.txt,c2627e04280a4c04acd1db11592c71862f3b3591907267e8f4ca2f7dbc63ccd4,tomato,cp_when,02
experiments_logs/analysis_recent/when_what_policy_ablation_20261005_threshold_loop/00_raw/tomato/scene_02/cp_when/run_34_seed_2886041855/exp_tomato_20260921_232913_441367.txt,e1e0ba1ae16c20ca62fdef3ed91dcd231670a0387c787b1242dddcbeb3fa8721,tomato,cp_when,02
experiments_logs/analysis_recent/when_what_policy_ablation_20261005_threshold_loop/00_raw/tomato/scene_02/cp_when/run_35_seed_2293168667/exp_tomato_20260921_232943_961702.txt,dbabf93af4646df79f82dc5404e08f53030a8ebd9d322927c1d0fe7977316f16,tomato,cp_when,02
experiments_logs/analysis_recent/when_what_policy_ablation_20261005_threshold_loop/00_raw/tomato/scene_02/cp_when/run_36_seed_3887351210/exp_tomato_20260921_233004_352572.txt,6e0de058dc692e18dd07705829f8f91ef4fc482f5976daa502ad0b372686df75,tomato,cp_when,02
experiments_logs/analysis_recent/when_what_policy_ablation_20261005_threshold_loop/00_raw/tomato/scene_02/cp_when/run_37_seed_2318091321/exp_tomato_20260921_233033_019489.txt,e66c5209a4202bc88ec1fd3354001aee2e63a3042226355de9d5dc2656f0c8f1,tomato,cp_when,02
experiments_logs/analysis_recent/when_what_policy_ablation_20261005_threshold_loop/00_raw/tomato/scene_02/cp_when/run_38_seed_1919828458/exp_tomato_20260921_233111_678006.txt,fbe0ae830099193c4be23529187dc38f3f0e5b215a5804aef3770e7675ea3e53,tomato,cp_when,02
experiments_logs/analysis_recent/when_what_policy_ablation_20261005_threshold_loop/00_raw/tomato/scene_02/cp_when/run_39_seed_1477592928/exp_tomato_20260921_233141_258466.txt,db142971fc8e9d9c1e57e17ba1475f6fabe73a90f922c17585bb1584cf6ee1b3,tomato,cp_when,02
experiments_logs/analysis_recent/when_what_policy_ablation_20261005_threshold_loop/00_raw/tomato/scene_02/cp_when/run_40_seed_742004455/exp_tomato_20260921_233210_279173.txt,dbb7151b1f3029db348dc62443bbf1b1d0691ee76d88119fe984a83e73cbb32f,tomato,cp_when,02
experiments_logs/analysis_recent/when_what_policy_ablation_20261005_threshold_loop/00_raw/tomato/scene_03/cp_when/run_01_seed_2973460405/exp_tomato_20260921_233246_959255.txt,c6999dc13d568af52d98bcd05b382e2de7914c24fcd1d85eacd0fcb00be34354,tomato,cp_when,03
experiments_logs/analysis_recent/when_what_policy_ablation_20261005_threshold_loop/00_raw/tomato/scene_03/cp_when/run_02_seed_2984508209/exp_tomato_20260921_233319_208599.txt,0d12435f3b513b4955333747e808ea4844ddc39af9b5c1d8f710d8e70b056e9e,tomato,cp_when,03
experiments_logs/analysis_recent/when_what_policy_ablation_20261005_threshold_loop/00_raw/tomato/scene_03/cp_when/run_03_seed_3328359470/exp_tomato_20260921_233336_070013.txt,aa0b106bee513265f2b33c1bb5fc33db87970c37d4e75deb2ca5c6c24221930a,tomato,cp_when,03
experiments_logs/analysis_recent/when_what_policy_ablation_20261005_threshold_loop/00_raw/tomato/scene_03/cp_when/run_04_seed_2542173252/exp_tomato_20260921_233419_284819.txt,d06c9080889680df83fca4565926709884b1dfe1c14fe35c87ed9f0f3a339bb7,tomato,cp_when,03
experiments_logs/analysis_recent/when_what_policy_ablation_20261005_threshold_loop/00_raw/tomato/scene_03/cp_when/run_05_seed_1895575310/exp_tomato_20260921_233459_728162.txt,691fdcdc28d69330a34501f5d9f916d2a70543e4727dff662db272f31407b1fc,tomato,cp_when,03
experiments_logs/analysis_recent/when_what_policy_ablation_20261005_threshold_loop/00_raw/tomato/scene_03/cp_when/run_06_seed_3142806667/exp_tomato_20260921_233516_449345.txt,ce1f405ba1321edfc11c4c02936014ef1b33f330e40b341667bd30c376fd7f83,tomato,cp_when,03
experiments_logs/analysis_recent/when_what_policy_ablation_20261005_threshold_loop/00_raw/tomato/scene_03/cp_when/run_07_seed_1700967682/exp_tomato_20260921_233528_447965.txt,9ba564f20095314d0623e9c8d7f66876a9f472e476b3fe17d5d82e7c6c6e98a5,tomato,cp_when,03
experiments_logs/analysis_recent/when_what_policy_ablation_20261005_threshold_loop/00_raw/tomato/scene_03/cp_when/run_08_seed_3374813224/exp_tomato_20260921_233556_076862.txt,61283b341844a8c22d7feb5e1ea5b3dbdc2391bce61cc60024bd4719fa9f4692,tomato,cp_when,03
experiments_logs/analysis_recent/when_what_policy_ablation_20261005_threshold_loop/00_raw/tomato/scene_03/cp_when/run_09_seed_2230064310/exp_tomato_20260921_233624_262211.txt,b6649c23e3799fae2c2ba96232edfd980236e30f9f408612acac41d60ffff0ef,tomato,cp_when,03
experiments_logs/analysis_recent/when_what_policy_ablation_20261005_threshold_loop/00_raw/tomato/scene_03/cp_when/run_10_seed_2370079434/exp_tomato_20260921_233653_671566.txt,e643736397a2edb68216a792051b40332c9109e232222e5e2aa66f6abd06335a,tomato,cp_when,03
experiments_logs/analysis_recent/when_what_policy_ablation_20261005_threshold_loop/00_raw/tomato/scene_03/cp_when/run_11_seed_3620707437/exp_tomato_20260921_233728_896942.txt,d84db36a23084f036bc3d9d5b8faeb9dcb22a9b5c3d728365af931a7778d21dc,tomato,cp_when,03
experiments_logs/analysis_recent/when_what_policy_ablation_20261005_threshold_loop/00_raw/tomato/scene_03/cp_when/run_12_seed_1447435166/console.log,a0858f89e8803d08ec56766db11b82bb26fb910a26dda87b41d83770027bd00d,tomato,cp_when,03
experiments_logs/analysis_recent/when_what_policy_ablation_20261005_threshold_loop/00_raw/tomato/scene_03/cp_when/run_13_seed_975151081/exp_tomato_20260921_233813_618032.txt,0962d5960d3aeeb82d624fbe9014dae1b40d0da432544b6612c424a214bffcaf,tomato,cp_when,03
experiments_logs/analysis_recent/when_what_policy_ablation_20261005_threshold_loop/00_raw/tomato/scene_03/cp_when/run_14_seed_3909183007/exp_tomato_20260921_233843_981894.txt,2bee2e4956e907b49b6433a66b7756ce1a1c9d3b87fc72e7c309efcf763b55a4,tomato,cp_when,03
experiments_logs/analysis_recent/when_what_policy_ablation_20261005_threshold_loop/00_raw/tomato/scene_03/cp_when/run_15_seed_3611211411/exp_tomato_20260921_233913_150860.txt,9f32cca6d9ac74515ff0d1d57d98420fa3219f7f9056f54bdb372a73554e55bc,tomato,cp_when,03
experiments_logs/analysis_recent/when_what_policy_ablation_20261005_threshold_loop/00_raw/tomato/scene_03/cp_when/run_16_seed_1454289978/exp_tomato_20260921_233937_506504.txt,2bea72a7e31e081eaf9df39b2dda68b1fc031858fc2a3a9ab9b74905199ebd44,tomato,cp_when,03
experiments_logs/analysis_recent/when_what_policy_ablation_20261005_threshold_loop/00_raw/tomato/scene_03/cp_when/run_17_seed_3631765459/exp_tomato_20260921_234011_285535.txt,affe7134d849ef3da397e647e1b0e8517d5ed3b73b2bd501b8249563c2095293,tomato,cp_when,03
experiments_logs/analysis_recent/when_what_policy_ablation_20261005_threshold_loop/00_raw/tomato/scene_03/cp_when/run_18_seed_1005437090/exp_tomato_20260921_234041_749146.txt,786f05784ae9e8031c6f90e921affadc9ac70c9c742312be6be985e79140eab1,tomato,cp_when,03
experiments_logs/analysis_recent/when_what_policy_ablation_20261005_threshold_loop/00_raw/tomato/scene_03/cp_when/run_19_seed_2107246049/exp_tomato_20260921_234051_726033.txt,257a4530807a0b4c6b762db6cfea894bd0aa1bc40e2f371b342da8bc41cfe9ad,tomato,cp_when,03
experiments_logs/analysis_recent/when_what_policy_ablation_20261005_threshold_loop/00_raw/tomato/scene_03/cp_when/run_20_seed_2559286479/exp_tomato_20260921_234118_523856.txt,8af1f3785f955b3334e53a9fcad2c11f5966da90018f1d040a98b75575206b24,tomato,cp_when,03
experiments_logs/analysis_recent/when_what_policy_ablation_20261005_threshold_loop/00_raw/tomato/scene_03/cp_when/run_21_seed_3814785464/exp_tomato_20260921_234130_580174.txt,03cfde7bb6629ec5ec62082d1b0bb14372f430e71d93837f5686fc93afa912be,tomato,cp_when,03
experiments_logs/analysis_recent/when_what_policy_ablation_20261005_threshold_loop/00_raw/tomato/scene_03/cp_when/run_22_seed_1252332960/exp_tomato_20260921_234220_745676.txt,6d958fe1bd011775725fc63d8be9d3d923c3ffe411488f84e045a931806c7634,tomato,cp_when,03
experiments_logs/analysis_recent/when_what_policy_ablation_20261005_threshold_loop/00_raw/tomato/scene_03/cp_when/run_23_seed_4008873019/exp_tomato_20260921_234234_597611.txt,9f508448065614c1d092caa2f995a88773693217df69ba327bf2f998cae30f00,tomato,cp_when,03
experiments_logs/analysis_recent/when_what_policy_ablation_20261005_threshold_loop/00_raw/tomato/scene_03/cp_when/run_24_seed_1627605610/exp_tomato_20260921_234306_984018.txt,5eb4e9d0b53f45a0a3de372ffacdc385b98dc70f240744417a04cf131c7144d2,tomato,cp_when,03
experiments_logs/analysis_recent/when_what_policy_ablation_20261005_threshold_loop/00_raw/tomato/scene_03/cp_when/run_25_seed_2197107180/exp_tomato_20260921_234319_341187.txt,d3632fe3f65ffe839d397b2b8b1f846685ede1695ca11b32d905a4303e26d4e6,tomato,cp_when,03
experiments_logs/analysis_recent/when_what_policy_ablation_20261005_threshold_loop/00_raw/tomato/scene_03/cp_when/run_26_seed_70087057/exp_tomato_20260921_234348_294405.txt,bbb19e673b748c88823f7638f1e4907da27289cb95017cbd045a454a8da474f7,tomato,cp_when,03
experiments_logs/analysis_recent/when_what_policy_ablation_20261005_threshold_loop/00_raw/tomato/scene_03/cp_when/run_27_seed_8630651/exp_tomato_20260921_234404_678023.txt,d3c9f4baede378b24ae83d83ca1f3d1884bfb5e5a838317b131ef0b18bb2ee03,tomato,cp_when,03
experiments_logs/analysis_recent/when_what_policy_ablation_20261005_threshold_loop/00_raw/tomato/scene_03/cp_when/run_28_seed_657498695/exp_tomato_20260921_234441_239220.txt,ff0bfc6c65b1f305bb7597a2d3cdec8b990b8901044388277cbc45ce3f9266e1,tomato,cp_when,03
experiments_logs/analysis_recent/when_what_policy_ablation_20261005_threshold_loop/00_raw/tomato/scene_03/cp_when/run_29_seed_1193704404/exp_tomato_20260921_234525_166073.txt,d66b1212236ff62b3ca2420e8d4c991085f04193edb7bdf54d6f3c0ef790c976,tomato,cp_when,03
experiments_logs/analysis_recent/when_what_policy_ablation_20261005_threshold_loop/00_raw/tomato/scene_03/cp_when/run_30_seed_1712963344/exp_tomato_20260921_234557_447974.txt,c4a2f4ae4bb78f692710f5269f61c8f0b62b3b6ca2e0f511c9952a1fc2d3ab46,tomato,cp_when,03
experiments_logs/analysis_recent/when_what_policy_ablation_20261005_threshold_loop/00_raw/tomato/scene_03/cp_when/run_31_seed_1016817503/exp_tomato_20260921_234631_394588.txt,d3dd01bbec0493164408029478c026d863ed11b6b4941607ca97bd3fcea9bfd1,tomato,cp_when,03
experiments_logs/analysis_recent/when_what_policy_ablation_20261005_threshold_loop/00_raw/tomato/scene_03/cp_when/run_32_seed_4252591664/exp_tomato_20260921_234719_101527.txt,ecec188bca864c95a13749383320602f2c9c4fe840ccf21746697ceaf0b8e54f,tomato,cp_when,03
experiments_logs/analysis_recent/when_what_policy_ablation_20261005_threshold_loop/00_raw/tomato/scene_03/cp_when/run_33_seed_2630779126/exp_tomato_20260921_234805_874682.txt,adc333269518fd84dde2992f35dd1e244a5b681c2a8a6781565b8c658c3f7686,tomato,cp_when,03
experiments_logs/analysis_recent/when_what_policy_ablation_20261005_threshold_loop/00_raw/tomato/scene_03/cp_when/run_34_seed_822900858/exp_tomato_20260921_234852_102270.txt,2e6d539e89ae2d6491dfc37f770cf7bd15452f2b99d2a8738cb56d1e13abf95a,tomato,cp_when,03
experiments_logs/analysis_recent/when_what_policy_ablation_20261005_threshold_loop/00_raw/tomato/scene_03/cp_when/run_35_seed_604486275/exp_tomato_20260921_234922_505449.txt,cd4b424c54450c554b4f72d16b9243e8a1c4f44531e83cfdae9427772e7a4fe3,tomato,cp_when,03
experiments_logs/analysis_recent/when_what_policy_ablation_20261005_threshold_loop/00_raw/tomato/scene_03/cp_when/run_36_seed_522031486/exp_tomato_20260921_235012_128095.txt,de7ce97be163096d358d6696e9173edc0865a28f879676d478bc3467e429b0bb,tomato,cp_when,03
experiments_logs/analysis_recent/when_what_policy_ablation_20261005_threshold_loop/00_raw/tomato/scene_03/cp_when/run_37_seed_2184183196/exp_tomato_20260921_235026_678406.txt,2ee24d7bf8b399057e3cc74863ea649dd65cc629c493a0f66ba865270ce63bc1,tomato,cp_when,03
experiments_logs/analysis_recent/when_what_policy_ablation_20261005_threshold_loop/00_raw/tomato/scene_03/cp_when/run_38_seed_2418572032/exp_tomato_20260921_235056_088881.txt,fac3a99ed2718bc912231b6409d857c5c68199833e5428ab97c3e78733edcfde,tomato,cp_when,03
experiments_logs/analysis_recent/when_what_policy_ablation_20261005_threshold_loop/00_raw/tomato/scene_03/cp_when/run_39_seed_2436888965/exp_tomato_20260921_235132_091768.txt,5bdab7f6ecc757b8c30638ebab36528f034ba71469f8b459209e428d471dcf53,tomato,cp_when,03
experiments_logs/analysis_recent/when_what_policy_ablation_20261005_threshold_loop/00_raw/tomato/scene_03/cp_when/run_40_seed_598183825/exp_tomato_20260921_235154_526494.txt,34c1c6e77bb4ad3a06353f22e8055a53079fcabcceabbd2ace0e6ad9d0e65ab5,tomato,cp_when,03
experiments_logs/analysis_recent/when_what_policy_ablation_20261005_threshold_loop/00_raw/tomato/scene_04/cp_when/run_01_seed_1589093347/exp_tomato_20260921_235231_920907.txt,50a6dae047919dfb3f2e4cd7803b5706b405702eabdc30ebbba30cd42797e7b7,tomato,cp_when,04
experiments_logs/analysis_recent/when_what_policy_ablation_20261005_threshold_loop/00_raw/tomato/scene_04/cp_when/run_02_seed_712937450/exp_tomato_20260921_235301_655555.txt,bb933154a4010f368ba9a4277a24b53bd93bd36477cc19ca47aa73dfdef26e19,tomato,cp_when,04
experiments_logs/analysis_recent/when_what_policy_ablation_20261005_threshold_loop/00_raw/tomato/scene_04/cp_when/run_03_seed_3614412854/exp_tomato_20260921_235340_910424.txt,b431c9f42c81ac6613f88dcc80c1b3afc8b6c3c795948ee8dec4208bc2801926,tomato,cp_when,04
experiments_logs/analysis_recent/when_what_policy_ablation_20261005_threshold_loop/00_raw/tomato/scene_04/cp_when/run_04_seed_2390740933/exp_tomato_20260921_235457_071870.txt,ad70f4db846a261034c1eefe8cd4fb391b2da0d6ac3a7e4c8d940891ea3ed306,tomato,cp_when,04
experiments_logs/analysis_recent/when_what_policy_ablation_20261005_threshold_loop/00_raw/tomato/scene_04/cp_when/run_05_seed_2642505031/exp_tomato_20260921_235530_722711.txt,0fd01caac40a5d3161089de380b9094bdb2571321acfc682ee9f15d6a7b89ab4,tomato,cp_when,04
experiments_logs/analysis_recent/when_what_policy_ablation_20261005_threshold_loop/00_raw/tomato/scene_04/cp_when/run_06_seed_442300768/exp_tomato_20260921_235604_244024.txt,f5d797ab5c48cf5bcf898351eeb5f1ee09af6c23aa77c8a55e3a4b99f11079d1,tomato,cp_when,04
experiments_logs/analysis_recent/when_what_policy_ablation_20261005_threshold_loop/00_raw/tomato/scene_04/cp_when/run_07_seed_3661502133/exp_tomato_20260921_235654_780252.txt,ee2983ca755ec708bd118febb0dd0816da4edae3265eb92252aa3be7683b8493,tomato,cp_when,04
experiments_logs/analysis_recent/when_what_policy_ablation_20261005_threshold_loop/00_raw/tomato/scene_04/cp_when/run_08_seed_236854069/exp_tomato_20260921_235734_734157.txt,d7dc0a403c83d04196247fb5bb4992ba9646a776f9a5a65c1f98327223b288df,tomato,cp_when,04
experiments_logs/analysis_recent/when_what_policy_ablation_20261005_threshold_loop/00_raw/tomato/scene_04/cp_when/run_09_seed_2387734993/exp_tomato_20260921_235810_857896.txt,557f532f890c2ee4bfdfafadcbef1f63af8f38d5b1c107bb058c522410540fe8,tomato,cp_when,04
experiments_logs/analysis_recent/when_what_policy_ablation_20261005_threshold_loop/00_raw/tomato/scene_04/cp_when/run_10_seed_321661848/exp_tomato_20260921_235907_851526.txt,5f835c1dd18c752f4be50c76af47ef1b9b7348c2ee6a16a0b3ea48c67bb2fe1d,tomato,cp_when,04
experiments_logs/analysis_recent/when_what_policy_ablation_20261005_threshold_loop/00_raw/tomato/scene_04/cp_when/run_11_seed_2993320002/exp_tomato_20260921_235935_993484.txt,5c821e8a1656f23aa4b345d3398d14612d4e271f407ccf06ba7333b47569039c,tomato,cp_when,04
experiments_logs/analysis_recent/when_what_policy_ablation_20261005_threshold_loop/00_raw/tomato/scene_04/cp_when/run_12_seed_1109362184/exp_tomato_20260922_000002_170425.txt,e66e05a3a1d73f3032fd4ad57d93bb77924302beeffe73140f6035feebafc8a2,tomato,cp_when,04
experiments_logs/analysis_recent/when_what_policy_ablation_20261005_threshold_loop/00_raw/tomato/scene_04/cp_when/run_13_seed_3815955531/exp_tomato_20260922_000013_599700.txt,683497f31dabee203b2d2102deb958086a88ad6d5fe62e27a3c709094a0321ed,tomato,cp_when,04
experiments_logs/analysis_recent/when_what_policy_ablation_20261005_threshold_loop/00_raw/tomato/scene_04/cp_when/run_14_seed_2941533860/exp_tomato_20260922_000055_583659.txt,74f39d1777ecccc0b86de7333f76dc3ad5c2dae59f0a79d7eb715baba5688c77,tomato,cp_when,04
experiments_logs/analysis_recent/when_what_policy_ablation_20261005_threshold_loop/00_raw/tomato/scene_04/cp_when/run_15_seed_2020323328/exp_tomato_20260922_000140_741769.txt,b4c6b8f82e9cdc83f30cee225c4083557a7c8799107eaa29ab78a80c8654899c,tomato,cp_when,04
experiments_logs/analysis_recent/when_what_policy_ablation_20261005_threshold_loop/00_raw/tomato/scene_04/cp_when/run_16_seed_3712541616/exp_tomato_20260922_000215_028457.txt,448018d233d44c181d9734452681e979d99ff2f69577793a6f8b5664ce341582,tomato,cp_when,04
experiments_logs/analysis_recent/when_what_policy_ablation_20261005_threshold_loop/00_raw/tomato/scene_04/cp_when/run_17_seed_3169457126/exp_tomato_20260922_000306_189875.txt,48dfc5f56a1be110ff055678caefdde915fd5f280626f2eb09143cc6f82a5199,tomato,cp_when,04
experiments_logs/analysis_recent/when_what_policy_ablation_20261005_threshold_loop/00_raw/tomato/scene_04/cp_when/run_18_seed_3948166740/exp_tomato_20260922_000347_340347.txt,6fe7cd5b2e40c46784ab62e4deb1db82b346399e48df6656913dfe92b7713df4,tomato,cp_when,04
experiments_logs/analysis_recent/when_what_policy_ablation_20261005_threshold_loop/00_raw/tomato/scene_04/cp_when/run_19_seed_1552731229/exp_tomato_20260922_000355_010412.txt,0f22c0da8478b822908f932fde0b85b49bc5547bcc08bbc3be01cfb9ce2ff7b7,tomato,cp_when,04
experiments_logs/analysis_recent/when_what_policy_ablation_20261005_threshold_loop/00_raw/tomato/scene_04/cp_when/run_20_seed_1337586660/exp_tomato_20260922_000417_692189.txt,c88c1439fbd85b97cc5e18476453e97cba5ebe0dee8ec158dd8ae4eff31e2a16,tomato,cp_when,04
experiments_logs/analysis_recent/when_what_policy_ablation_20261005_threshold_loop/00_raw/tomato/scene_04/cp_when/run_21_seed_56491935/exp_tomato_20260922_000455_418169.txt,e4861474b7d66dae7e9efecb03bf0648431c6d335c676bfb0d13910da9002c5d,tomato,cp_when,04
experiments_logs/analysis_recent/when_what_policy_ablation_20261005_threshold_loop/00_raw/tomato/scene_04/cp_when/run_22_seed_2771536334/exp_tomato_20260922_000531_906824.txt,e796d5468bcef8313bbb250864237075752fdb6c8a9b0cfbacf9efad9bfa23c8,tomato,cp_when,04
experiments_logs/analysis_recent/when_what_policy_ablation_20261005_threshold_loop/00_raw/tomato/scene_04/cp_when/run_23_seed_3227930555/exp_tomato_20260922_000614_076848.txt,1cac53554ee0105d48efca8cd72221a9125c4b3415f8d0fd3e99914f2871fcef,tomato,cp_when,04
experiments_logs/analysis_recent/when_what_policy_ablation_20261005_threshold_loop/00_raw/tomato/scene_04/cp_when/run_24_seed_740609622/exp_tomato_20260922_000642_854472.txt,c238390d01151429a96b7359857082f9c20589cf8a5a2450900c687fc9da326e,tomato,cp_when,04
experiments_logs/analysis_recent/when_what_policy_ablation_20261005_threshold_loop/00_raw/tomato/scene_04/cp_when/run_25_seed_218967378/exp_tomato_20260922_000728_908679.txt,12e2edd7dc9251b03d602b57d9941b438ccc18d05f2cbb5fbba8ca77fcdbbc13,tomato,cp_when,04
experiments_logs/analysis_recent/when_what_policy_ablation_20261005_threshold_loop/00_raw/tomato/scene_04/cp_when/run_26_seed_1040908402/exp_tomato_20260922_000807_009855.txt,d528038549ce1d3bcc6e26af107c298dda815c2ab6f337c05b5e5c3e4349a7db,tomato,cp_when,04
experiments_logs/analysis_recent/when_what_policy_ablation_20261005_threshold_loop/00_raw/tomato/scene_04/cp_when/run_27_seed_2220313702/exp_tomato_20260922_000817_223411.txt,fdeed851b1b3e4c8d1423e54b478cfcb99dc0333517ab7f88365d4ac6264b8d9,tomato,cp_when,04
experiments_logs/analysis_recent/when_what_policy_ablation_20261005_threshold_loop/00_raw/tomato/scene_04/cp_when/run_28_seed_168160880/exp_tomato_20260922_000846_775136.txt,487a1dc8c20e836924e187ba703abf4c595a48e8e61479bab2ccb436122291f3,tomato,cp_when,04
experiments_logs/analysis_recent/when_what_policy_ablation_20261005_threshold_loop/00_raw/tomato/scene_04/cp_when/run_29_seed_3141647287/exp_tomato_20260922_000923_245568.txt,6b11e38d817af3a4995dd1c77714ab8542fe63424bb7fb3f46d42d990f9d59c7,tomato,cp_when,04
experiments_logs/analysis_recent/when_what_policy_ablation_20261005_threshold_loop/00_raw/tomato/scene_04/cp_when/run_30_seed_2135663053/exp_tomato_20260922_001011_442168.txt,231f037036d22dada0850b1658514f7a53caec5529effca95f4310b0814dd71b,tomato,cp_when,04
experiments_logs/analysis_recent/when_what_policy_ablation_20261005_threshold_loop/00_raw/tomato/scene_04/cp_when/run_31_seed_2392905031/exp_tomato_20260922_001046_898299.txt,748a522fb5c5ec16055fc418e474c50dd3d6fb1dd82db1690e8fbbdfc943e063,tomato,cp_when,04
experiments_logs/analysis_recent/when_what_policy_ablation_20261005_threshold_loop/00_raw/tomato/scene_04/cp_when/run_32_seed_3372736775/exp_tomato_20260922_001121_951907.txt,d58a7159a31a21feecb64067a3d387ecca1f332de012e440b2a5b9662c4514f4,tomato,cp_when,04
experiments_logs/analysis_recent/when_what_policy_ablation_20261005_threshold_loop/00_raw/tomato/scene_04/cp_when/run_33_seed_3386497120/exp_tomato_20260922_001201_978314.txt,f11ecd13291be7797c51177cf0fdcb385cc3a5255fd9884a9c351b41a90e36a7,tomato,cp_when,04
experiments_logs/analysis_recent/when_what_policy_ablation_20261005_threshold_loop/00_raw/tomato/scene_04/cp_when/run_34_seed_1167440852/exp_tomato_20260922_001240_134597.txt,89c4ae21cbb60198b6b689efd0ebaded0354cd53e81247552f1e8d536266e8ca,tomato,cp_when,04
experiments_logs/analysis_recent/when_what_policy_ablation_20261005_threshold_loop/00_raw/tomato/scene_04/cp_when/run_35_seed_222360660/exp_tomato_20260922_001252_825550.txt,46fd9a2b6a7ed0a3e207af00cd509415d63dc7050e242d03c662cb1305047bc4,tomato,cp_when,04
experiments_logs/analysis_recent/when_what_policy_ablation_20261005_threshold_loop/00_raw/tomato/scene_04/cp_when/run_36_seed_216321642/exp_tomato_20260922_001326_916816.txt,6f1eb689fb65cd860c8ac3428d508a590380310e7ee5955213a1cb4506c38a0a,tomato,cp_when,04
experiments_logs/analysis_recent/when_what_policy_ablation_20261005_threshold_loop/00_raw/tomato/scene_04/cp_when/run_37_seed_1141903763/exp_tomato_20260922_001345_345604.txt,4b9cba6d88be4d95650b95d650d3cae0638a9d63bcc050bbc9d68a454aeb508e,tomato,cp_when,04
experiments_logs/analysis_recent/when_what_policy_ablation_20261005_threshold_loop/00_raw/tomato/scene_04/cp_when/run_38_seed_2219488844/exp_tomato_20260922_001423_861157.txt,e1b0d8b37fb89d7a88a630e6a5bf6827c9809130429bbc7c56a0a63a94e69b63,tomato,cp_when,04
experiments_logs/analysis_recent/when_what_policy_ablation_20261005_threshold_loop/00_raw/tomato/scene_04/cp_when/run_39_seed_3931316609/exp_tomato_20260922_001505_064321.txt,f04ed425fc2fcf1ede4a6c5cb344315ce61b1b7d28da923a498a31ebb262d95d,tomato,cp_when,04
experiments_logs/analysis_recent/when_what_policy_ablation_20261005_threshold_loop/00_raw/tomato/scene_04/cp_when/run_40_seed_3315816046/exp_tomato_20260922_001551_625561.txt,06e4d53254eeb4acc3fb7693da87bc94336c71beefd303b5f8646e8a167528f5,tomato,cp_when,04
experiments_logs/analysis_recent/when_what_policy_ablation_20261005_threshold_loop/00_raw/tomato/scene_05/cp_when/run_01_seed_3945754139/exp_tomato_20260922_001641_840574.txt,0c2f164a9d0636f1716c3e98e036f6311c3aba7f13fe76ce5f396e36668c94a6,tomato,cp_when,05
experiments_logs/analysis_recent/when_what_policy_ablation_20261005_threshold_loop/00_raw/tomato/scene_05/cp_when/run_02_seed_259038599/exp_tomato_20260922_001712_785962.txt,90e140852294fceff664de6ba705d0359923dade7d2c8bf4f6de516826b3053a,tomato,cp_when,05
experiments_logs/analysis_recent/when_what_policy_ablation_20261005_threshold_loop/00_raw/tomato/scene_05/cp_when/run_03_seed_2898963405/exp_tomato_20260922_001750_049476.txt,0f392d81fd12d169e6ebdc32231ae39738ae5f67ff11eb6ad5d9a0941ec7b344,tomato,cp_when,05
experiments_logs/analysis_recent/when_what_policy_ablation_20261005_threshold_loop/00_raw/tomato/scene_05/cp_when/run_04_seed_1746555867/exp_tomato_20260922_001826_940229.txt,232d5ded1db68a5a81e53b71deb513f0331aaa26a0c4942b69f618753105ff9a,tomato,cp_when,05
experiments_logs/analysis_recent/when_what_policy_ablation_20261005_threshold_loop/00_raw/tomato/scene_05/cp_when/run_05_seed_879805946/exp_tomato_20260922_001858_981740.txt,3c5c4bb9a7f56a3363d9faad338426fee0dca1dc93853510cf8d4ee319df65da,tomato,cp_when,05
experiments_logs/analysis_recent/when_what_policy_ablation_20261005_threshold_loop/00_raw/tomato/scene_05/cp_when/run_06_seed_1691996467/exp_tomato_20260922_001939_065940.txt,85552e74058f35c799fd30bb78ec3b79ebd53c2a649f22a7ccd24a24211b6d26,tomato,cp_when,05
experiments_logs/analysis_recent/when_what_policy_ablation_20261005_threshold_loop/00_raw/tomato/scene_05/cp_when/run_07_seed_2654066318/exp_tomato_20260922_002007_552252.txt,6a788b563e4daba8acee0b8be41e0bd169c1d31fc8cbbb7dfae0d25153c57940,tomato,cp_when,05
experiments_logs/analysis_recent/when_what_policy_ablation_20261005_threshold_loop/00_raw/tomato/scene_05/cp_when/run_08_seed_715972481/exp_tomato_20260922_002024_259991.txt,e7f0e01e9975d186c9d001f7c3f743934797503c51d91d74f7176fa2e98c0a1e,tomato,cp_when,05
experiments_logs/analysis_recent/when_what_policy_ablation_20261005_threshold_loop/00_raw/tomato/scene_05/cp_when/run_09_seed_794861334/exp_tomato_20260922_002056_234396.txt,fa981baa79ad954f96a0cd22c832bc7793a8d13303368538a3cd089e59d780be,tomato,cp_when,05
experiments_logs/analysis_recent/when_what_policy_ablation_20261005_threshold_loop/00_raw/tomato/scene_05/cp_when/run_10_seed_179847475/exp_tomato_20260922_002127_657216.txt,094085a02cd909c074b75ec431fb74728d5d4f6281e5410b02fe881168823941,tomato,cp_when,05
experiments_logs/analysis_recent/when_what_policy_ablation_20261005_threshold_loop/00_raw/tomato/scene_05/cp_when/run_11_seed_2141224597/exp_tomato_20260922_002156_441414.txt,295b6393546d2408dfebaeeb6d7a8fe27254f7f8023723201933951c065fd25c,tomato,cp_when,05
experiments_logs/analysis_recent/when_what_policy_ablation_20261005_threshold_loop/00_raw/tomato/scene_05/cp_when/run_12_seed_3873493540/exp_tomato_20260922_002234_946028.txt,c874e78d617e01aa0a5a7b429200462957e8cccdc1fe05aa05635e17fe986428,tomato,cp_when,05
experiments_logs/analysis_recent/when_what_policy_ablation_20261005_threshold_loop/00_raw/tomato/scene_05/cp_when/run_13_seed_444653586/exp_tomato_20260922_002311_990109.txt,105848b597738cffcebbd10ce3bc6b1bfc3438da381a6db7226b8c8046fa7dab,tomato,cp_when,05
experiments_logs/analysis_recent/when_what_policy_ablation_20261005_threshold_loop/00_raw/tomato/scene_05/cp_when/run_14_seed_2591322916/exp_tomato_20260922_002358_255358.txt,1f98817c3ae63f62d75c31932177b5f96edfb7a5cadac5819875e1dca524872f,tomato,cp_when,05
experiments_logs/analysis_recent/when_what_policy_ablation_20261005_threshold_loop/00_raw/tomato/scene_05/cp_when/run_15_seed_2082077157/exp_tomato_20260922_002422_993860.txt,fad12e405dad37c833b442232fb17316f1d0e652d5d9e135e58c02babd5e54be,tomato,cp_when,05
experiments_logs/analysis_recent/when_what_policy_ablation_20261005_threshold_loop/00_raw/tomato/scene_05/cp_when/run_16_seed_1584111328/exp_tomato_20260922_002500_038683.txt,923bcec37b73e3c11215dbcec1032ac054c1848122d303adf9da515ee269b1e7,tomato,cp_when,05
experiments_logs/analysis_recent/when_what_policy_ablation_20261005_threshold_loop/00_raw/tomato/scene_05/cp_when/run_17_seed_2883494985/exp_tomato_20260922_002541_768538.txt,fbdacc0faf3b6e06a742d2960cc6dd351ca30236fa4722439173293a0764f0ac,tomato,cp_when,05
experiments_logs/analysis_recent/when_what_policy_ablation_20261005_threshold_loop/00_raw/tomato/scene_05/cp_when/run_18_seed_2222584418/exp_tomato_20260922_002612_671444.txt,cd9c524ae14fafc7fe569741b1832fa47a0caeb6ed745f0ed7ff89793af23f55,tomato,cp_when,05
experiments_logs/analysis_recent/when_what_policy_ablation_20261005_threshold_loop/00_raw/tomato/scene_05/cp_when/run_19_seed_1573496301/exp_tomato_20260922_002640_945434.txt,4b042ffac73fc3c16cf69e7b809fd06dd1a23f28172c88166d0f400505bbc23f,tomato,cp_when,05
experiments_logs/analysis_recent/when_what_policy_ablation_20261005_threshold_loop/00_raw/tomato/scene_05/cp_when/run_20_seed_3850832736/exp_tomato_20260922_002651_323494.txt,3a2ba197b23425acb2eb9172ffecf8d0a527973fb30da8c5a50e724e721ce785,tomato,cp_when,05
experiments_logs/analysis_recent/when_what_policy_ablation_20261005_threshold_loop/00_raw/tomato/scene_05/cp_when/run_21_seed_1896365895/exp_tomato_20260922_002726_454432.txt,315ab0c36bdb3e5976e7985c15c6b236187997d83e4dbc7e7d3e9216b97dbfa6,tomato,cp_when,05
experiments_logs/analysis_recent/when_what_policy_ablation_20261005_threshold_loop/00_raw/tomato/scene_05/cp_when/run_22_seed_2128654182/exp_tomato_20260922_002809_322861.txt,bb9145694814a5ea574253d600a541a0a0b88acae3cf4e775104f3500f87369a,tomato,cp_when,05
experiments_logs/analysis_recent/when_what_policy_ablation_20261005_threshold_loop/00_raw/tomato/scene_05/cp_when/run_23_seed_3471226395/exp_tomato_20260922_003008_624997.txt,7fa2dd9cb329a4d5e78cc5e0ff69e4c01800253a27d1a4802a2ce0b6c730a31d,tomato,cp_when,05
experiments_logs/analysis_recent/when_what_policy_ablation_20261005_threshold_loop/00_raw/tomato/scene_05/cp_when/run_24_seed_1127296088/exp_tomato_20260922_003041_719946.txt,b1342adf2b95677650ba5cd2bf641add621f7c34cb4014226b7516b2de002c85,tomato,cp_when,05
experiments_logs/analysis_recent/when_what_policy_ablation_20261005_threshold_loop/00_raw/tomato/scene_05/cp_when/run_25_seed_346784313/exp_tomato_20260922_003118_374307.txt,c359451386c413dfe4c9fbfcce7b0ef49df74a5c024a3f458fb6ac962b99a11d,tomato,cp_when,05
experiments_logs/analysis_recent/when_what_policy_ablation_20261005_threshold_loop/00_raw/tomato/scene_05/cp_when/run_26_seed_1271340849/exp_tomato_20260922_003151_171917.txt,42c512efa2bdb850967190d493ebef5abff6e6446af0144247fed2030ff6a664,tomato,cp_when,05
experiments_logs/analysis_recent/when_what_policy_ablation_20261005_threshold_loop/00_raw/tomato/scene_05/cp_when/run_27_seed_1196215500/exp_tomato_20260922_003235_511601.txt,0a3eb2aad328d563194acbbb3aa5d19d33b40f36ccef4a5df3dc53573f638640,tomato,cp_when,05
experiments_logs/analysis_recent/when_what_policy_ablation_20261005_threshold_loop/00_raw/tomato/scene_05/cp_when/run_28_seed_3594782946/exp_tomato_20260922_003309_949623.txt,afe49816eed8879c001a703fef5271fe6add2b89d09489c173722500e6b07f3c,tomato,cp_when,05
experiments_logs/analysis_recent/when_what_policy_ablation_20261005_threshold_loop/00_raw/tomato/scene_05/cp_when/run_29_seed_3869246695/exp_tomato_20260922_003321_252780.txt,eb4b082ef28ca2c8d7ff5493f2b9c362e13a14f2248919995855c7181b8739a9,tomato,cp_when,05
experiments_logs/analysis_recent/when_what_policy_ablation_20261005_threshold_loop/00_raw/tomato/scene_05/cp_when/run_30_seed_2231101089/exp_tomato_20260922_003357_566567.txt,8d432b2eb31b247d673fb69bc9573273a0b2242fea0666de52973bd93bbdb374,tomato,cp_when,05
experiments_logs/analysis_recent/when_what_policy_ablation_20261005_threshold_loop/00_raw/tomato/scene_05/cp_when/run_31_seed_28332744/exp_tomato_20260922_003421_093047.txt,8f2e9203e66477ede0883ef8120ff5424db6fcfbd47e17e258187e48df1cd0da,tomato,cp_when,05
experiments_logs/analysis_recent/when_what_policy_ablation_20261005_threshold_loop/00_raw/tomato/scene_05/cp_when/run_32_seed_815541928/exp_tomato_20260922_003449_475211.txt,dea672920153731715b0ffe356aa485d5bb99de01213c44307def470a2c6552f,tomato,cp_when,05
experiments_logs/analysis_recent/when_what_policy_ablation_20261005_threshold_loop/00_raw/tomato/scene_05/cp_when/run_33_seed_3637968608/exp_tomato_20260922_003529_183476.txt,80214cada0d64cc481e17c5240c4563db87051eb360ea2bcc7a2ac6fb3480d95,tomato,cp_when,05
experiments_logs/analysis_recent/when_what_policy_ablation_20261005_threshold_loop/00_raw/tomato/scene_05/cp_when/run_34_seed_1985644872/exp_tomato_20260922_003601_667372.txt,8a4f98beb010d2ffaecd9abc7f03325e7d60ec340122297993a31c7e99db13d8,tomato,cp_when,05
experiments_logs/analysis_recent/when_what_policy_ablation_20261005_threshold_loop/00_raw/tomato/scene_05/cp_when/run_35_seed_589229374/exp_tomato_20260922_003630_967991.txt,d1ed65f076b5c5cba65d0524d39cee5eb842221f10d7060fd2ef8ffe8345c5f5,tomato,cp_when,05
experiments_logs/analysis_recent/when_what_policy_ablation_20261005_threshold_loop/00_raw/tomato/scene_05/cp_when/run_36_seed_1101473435/exp_tomato_20260922_003707_706229.txt,9362e1796eb7e3c79a05916329f73841df2703ccff3cd588f3482b2ebff28f44,tomato,cp_when,05
experiments_logs/analysis_recent/when_what_policy_ablation_20261005_threshold_loop/00_raw/tomato/scene_05/cp_when/run_37_seed_3696024021/exp_tomato_20260922_003736_632494.txt,eb2df08b7808eff20dc0ccb5cc2baf058c35799c7df26a5e8675634b2afd5a28,tomato,cp_when,05
experiments_logs/analysis_recent/when_what_policy_ablation_20261005_threshold_loop/00_raw/tomato/scene_05/cp_when/run_38_seed_4191848859/exp_tomato_20260922_003816_512255.txt,c4a3d621c0840f6139f4203c40a63830660c96b651fdecf647fae0b78e4bf2e3,tomato,cp_when,05
experiments_logs/analysis_recent/when_what_policy_ablation_20261005_threshold_loop/00_raw/tomato/scene_05/cp_when/run_39_seed_1042830735/exp_tomato_20260922_003829_764333.txt,88f7d1c011a7dbe9bdc8628a8d60033215e96ea8bbc233f49bc046a515577c2b,tomato,cp_when,05
experiments_logs/analysis_recent/when_what_policy_ablation_20261005_threshold_loop/00_raw/tomato/scene_05/cp_when/run_40_seed_3034198474/exp_tomato_20260922_003904_162347.txt,ed2166b311fe2c29c12c31a8e0ec40a1db881b6fd73acc45899b3d5a7b2def86,tomato,cp_when,05
experiments_logs/analysis_recent/when_what_policy_ablation_20261005_threshold_loop/00_raw/wastesorting/scene_01/ours/run_01_seed_4064545001/exp_wastesorting_20260921_014223_186349.txt,f6ad03344138a4cddd59973e40a3c119297d19f234827e8d84ad249386f066e3,wastesorting,ours,01
experiments_logs/analysis_recent/when_what_policy_ablation_20261005_threshold_loop/00_raw/wastesorting/scene_01/ours/run_02_seed_3622402991/exp_wastesorting_20260921_014224_895172.txt,024b6bbbdaad391bc1fc7a78c70f26e5afdde748f9f502e7f85fe4fc92be8bfd,wastesorting,ours,01
experiments_logs/analysis_recent/when_what_policy_ablation_20261005_threshold_loop/00_raw/wastesorting/scene_01/ours/run_03_seed_2310768630/exp_wastesorting_20260921_014226_431269.txt,87a916e7ae57b9966e16edd7fdcc72d5cab2c52a6c5956efd05eaf62315e6fb8,wastesorting,ours,01
experiments_logs/analysis_recent/when_what_policy_ablation_20261005_threshold_loop/00_raw/wastesorting/scene_01/ours/run_04_seed_2226680570/exp_wastesorting_20260921_014227_984304.txt,d859b404f6af1a21862ec4b2039e8047981f6bcddedefe59ad03d6889c4d5c11,wastesorting,ours,01
experiments_logs/analysis_recent/when_what_policy_ablation_20261005_threshold_loop/00_raw/wastesorting/scene_01/ours/run_05_seed_4139245423/exp_wastesorting_20260921_014229_661755.txt,2a3036e399daf59e21414c353d51d09dcc3576176b6fd85ca05c788e155c968f,wastesorting,ours,01
experiments_logs/analysis_recent/when_what_policy_ablation_20261005_threshold_loop/00_raw/wastesorting/scene_01/ours/run_06_seed_3176006814/exp_wastesorting_20260921_014231_153801.txt,d9ed168acc3617b4b958cc1f858fc16d939c3bfce4a20428a9548a7ece74edd3,wastesorting,ours,01
experiments_logs/analysis_recent/when_what_policy_ablation_20261005_threshold_loop/00_raw/wastesorting/scene_01/ours/run_07_seed_1446821692/exp_wastesorting_20260921_014232_716409.txt,5f101175b52bae24ac1cdf2b430d9e323da30b0f192ff1ba7bda2def54ff7ea8,wastesorting,ours,01
experiments_logs/analysis_recent/when_what_policy_ablation_20261005_threshold_loop/00_raw/wastesorting/scene_01/ours/run_08_seed_2855763027/exp_wastesorting_20260921_014234_331603.txt,4eb153a21c61245dc5a45849b1383dddb93d0bea2aac50ea1586573023f3a052,wastesorting,ours,01
experiments_logs/analysis_recent/when_what_policy_ablation_20261005_threshold_loop/00_raw/wastesorting/scene_01/ours/run_09_seed_3987872288/exp_wastesorting_20260921_014236_006707.txt,eb0e3e485b1f98dfbb0deab0af289bb263cf383f6e5241e5b42812b3e8b69bd1,wastesorting,ours,01
experiments_logs/analysis_recent/when_what_policy_ablation_20261005_threshold_loop/00_raw/wastesorting/scene_01/ours/run_10_seed_3143992301/exp_wastesorting_20260921_014237_632512.txt,1bd295321e767912d736def5410c7acbc725000902e0f8e0d23f6a50d03a722f,wastesorting,ours,01
experiments_logs/analysis_recent/when_what_policy_ablation_20261005_threshold_loop/00_raw/wastesorting/scene_01/ours/run_11_seed_304491485/exp_wastesorting_20260921_014239_198519.txt,d8d79794ccbbaa1dbe9395798fb78046289879cab3016b3cefc3674025b43546,wastesorting,ours,01
experiments_logs/analysis_recent/when_what_policy_ablation_20261005_threshold_loop/00_raw/wastesorting/scene_01/ours/run_12_seed_1469124930/exp_wastesorting_20260921_014240_880126.txt,9984d0260a0cd7383f2f81bf9cd08bdb71b801ad70848597bdd76e4dfd1f9a41,wastesorting,ours,01
experiments_logs/analysis_recent/when_what_policy_ablation_20261005_threshold_loop/00_raw/wastesorting/scene_01/ours/run_13_seed_3904873952/exp_wastesorting_20260921_014242_512411.txt,affd8d6e8522918e9079ae5c07140f67256e6ea0bdaa3dd15de28d11fe46fc1c,wastesorting,ours,01
experiments_logs/analysis_recent/when_what_policy_ablation_20261005_threshold_loop/00_raw/wastesorting/scene_01/ours/run_14_seed_1753239905/exp_wastesorting_20260921_014244_147904.txt,06a8d545ed7b48a82d8a82066eaf5354f7d2aadffa98cba872d516b6c7423da8,wastesorting,ours,01
experiments_logs/analysis_recent/when_what_policy_ablation_20261005_threshold_loop/00_raw/wastesorting/scene_01/ours/run_15_seed_3890046989/exp_wastesorting_20260921_014245_880375.txt,a262286678bf2b0bc227aa992eb02304d28f8222d5d43bd5d8be36ba297bbd50,wastesorting,ours,01
experiments_logs/analysis_recent/when_what_policy_ablation_20261005_threshold_loop/00_raw/wastesorting/scene_01/ours/run_16_seed_4016452800/exp_wastesorting_20260921_014247_458172.txt,069aebdc88901b0c8a6df88b365880856aaf12a0504096209cf0e39395691abf,wastesorting,ours,01
experiments_logs/analysis_recent/when_what_policy_ablation_20261005_threshold_loop/00_raw/wastesorting/scene_01/ours/run_17_seed_1421291149/exp_wastesorting_20260921_014249_056674.txt,719e463b57b28f84246557c39e5500110bb1a9f1e52994520bc957ae7c87efc1,wastesorting,ours,01
experiments_logs/analysis_recent/when_what_policy_ablation_20261005_threshold_loop/00_raw/wastesorting/scene_01/ours/run_18_seed_1201660994/exp_wastesorting_20260921_014250_637730.txt,94fca8d0098c4a586ba0540089502701ff7e6b34009150fbe3f47698b73471dd,wastesorting,ours,01
experiments_logs/analysis_recent/when_what_policy_ablation_20261005_threshold_loop/00_raw/wastesorting/scene_01/ours/run_19_seed_2732686114/exp_wastesorting_20260921_014252_175459.txt,033124be6dd281475552c09d3be479f9a3cce56063e25d8ea1f4e9ccaf1a888d,wastesorting,ours,01
experiments_logs/analysis_recent/when_what_policy_ablation_20261005_threshold_loop/00_raw/wastesorting/scene_01/ours/run_20_seed_3276452260/exp_wastesorting_20260921_014253_730560.txt,122c486f3de98b1a3a13e4f6ea5a396df9f4120b5c311c9c5e842190012d96ff,wastesorting,ours,01
experiments_logs/analysis_recent/when_what_policy_ablation_20261005_threshold_loop/00_raw/wastesorting/scene_01/ours/run_21_seed_973561137/exp_wastesorting_20260921_014255_306410.txt,6ccfad909e30cca1213fc097b94f606a910126b36ab3a2ae54699235c4450092,wastesorting,ours,01
experiments_logs/analysis_recent/when_what_policy_ablation_20261005_threshold_loop/00_raw/wastesorting/scene_01/ours/run_22_seed_221659181/exp_wastesorting_20260921_014256_811178.txt,237717d20cb1bdf59a54cc308cc7eceee01a45d1d4ac5bf34a659370deb3881f,wastesorting,ours,01
experiments_logs/analysis_recent/when_what_policy_ablation_20261005_threshold_loop/00_raw/wastesorting/scene_01/ours/run_23_seed_3794435593/exp_wastesorting_20260921_014258_471443.txt,6113272d12b4faf4e44d1bc862dacde54c5f18d4dd93dc64672ad6397041e125,wastesorting,ours,01
experiments_logs/analysis_recent/when_what_policy_ablation_20261005_threshold_loop/00_raw/wastesorting/scene_01/ours/run_24_seed_1062380405/exp_wastesorting_20260921_014300_079598.txt,ec611cb5d35700f7a08ded5c1a2aca9086530cf0e645e248fc77ab16c4067748,wastesorting,ours,01
experiments_logs/analysis_recent/when_what_policy_ablation_20261005_threshold_loop/00_raw/wastesorting/scene_01/ours/run_25_seed_2258604627/exp_wastesorting_20260921_014301_570092.txt,bf8dbe569990ca4f5d4f40b9d5373e4758af4e2dee3debd1f216ed1b3b230785,wastesorting,ours,01
experiments_logs/analysis_recent/when_what_policy_ablation_20261005_threshold_loop/00_raw/wastesorting/scene_01/ours/run_26_seed_2829245352/exp_wastesorting_20260921_014303_123743.txt,2c47900ce7bf8e3735a18bd5980474489f672c8bbb329f843afae4f92f986e52,wastesorting,ours,01
experiments_logs/analysis_recent/when_what_policy_ablation_20261005_threshold_loop/00_raw/wastesorting/scene_01/ours/run_27_seed_3940097250/exp_wastesorting_20260921_014304_618251.txt,375d891dd4f8235b6552ebbc95ba0040b6f14aabe34355d613aba36f35083155,wastesorting,ours,01
experiments_logs/analysis_recent/when_what_policy_ablation_20261005_threshold_loop/00_raw/wastesorting/scene_01/ours/run_28_seed_2295953812/exp_wastesorting_20260921_014306_216011.txt,853c516b3ca82e49886f69023abbe1158b757dc184c5b864767413905246cb26,wastesorting,ours,01
experiments_logs/analysis_recent/when_what_policy_ablation_20261005_threshold_loop/00_raw/wastesorting/scene_01/ours/run_29_seed_1147340016/exp_wastesorting_20260921_014307_877362.txt,014c86aa7be4a9088896c2aaf1bd1a8e6fd0eecf1b6ac6604c3f85641e6d72cb,wastesorting,ours,01
experiments_logs/analysis_recent/when_what_policy_ablation_20261005_threshold_loop/00_raw/wastesorting/scene_01/ours/run_30_seed_3656921932/exp_wastesorting_20260921_014309_468091.txt,4afb712cd19860b3f5e570d7f7355994576944dae16e6a85b13344068ebe1eb6,wastesorting,ours,01
experiments_logs/analysis_recent/when_what_policy_ablation_20261005_threshold_loop/00_raw/wastesorting/scene_01/ours/run_31_seed_834664221/exp_wastesorting_20260921_014311_051993.txt,3269acc9be18d6ffa54f96c79a642d2e5b75bf2ef8ad0b79f27f1702e1c3f123,wastesorting,ours,01
experiments_logs/analysis_recent/when_what_policy_ablation_20261005_threshold_loop/00_raw/wastesorting/scene_01/ours/run_32_seed_2566599462/exp_wastesorting_20260921_014312_637676.txt,b561cd41f70e09092636be22eab619b5f053e0e2c1a9f81ae4330182116e87be,wastesorting,ours,01
experiments_logs/analysis_recent/when_what_policy_ablation_20261005_threshold_loop/00_raw/wastesorting/scene_01/ours/run_33_seed_481330159/exp_wastesorting_20260921_014314_206755.txt,e8b98a96dd2a018cc1dcad48ae218b9ab9f657a9bbb11d4dfc135591beb09871,wastesorting,ours,01
experiments_logs/analysis_recent/when_what_policy_ablation_20261005_threshold_loop/00_raw/wastesorting/scene_01/ours/run_34_seed_3722475659/exp_wastesorting_20260921_014315_787398.txt,ac6a6e97fcb79ecb8bdced20ef1ef14e31ba13ad9df4bce39c689f2184bb8267,wastesorting,ours,01
experiments_logs/analysis_recent/when_what_policy_ablation_20261005_threshold_loop/00_raw/wastesorting/scene_01/ours/run_35_seed_3267154761/exp_wastesorting_20260921_014317_361486.txt,ab0fd616de8f04c978b195e835d36080c85da6c2f96e864ae6e24fa8a6765416,wastesorting,ours,01
experiments_logs/analysis_recent/when_what_policy_ablation_20261005_threshold_loop/00_raw/wastesorting/scene_01/ours/run_36_seed_2062582486/exp_wastesorting_20260921_014318_897989.txt,e48fab73ff6ae65a67c711250c0a9935749cfd397f0a60d6783c6b0135e01524,wastesorting,ours,01
experiments_logs/analysis_recent/when_what_policy_ablation_20261005_threshold_loop/00_raw/wastesorting/scene_01/ours/run_37_seed_4001804605/exp_wastesorting_20260921_014320_399285.txt,7a79d472750aceed2e3e417e79e672137fbb5ada555d8ad7a245852ea2eb287c,wastesorting,ours,01
experiments_logs/analysis_recent/when_what_policy_ablation_20261005_threshold_loop/00_raw/wastesorting/scene_01/ours/run_38_seed_3175035907/exp_wastesorting_20260921_014321_984382.txt,02b2f08e4dbd484ec76b9abbb38c31ce458b8fe28284d0d18ac9ccef4063e778,wastesorting,ours,01
experiments_logs/analysis_recent/when_what_policy_ablation_20261005_threshold_loop/00_raw/wastesorting/scene_01/ours/run_39_seed_3156193605/exp_wastesorting_20260921_014323_498523.txt,c4550b1128bd237a730f763140190e106fa08555c50134a649ed6a6a54eab578,wastesorting,ours,01
experiments_logs/analysis_recent/when_what_policy_ablation_20261005_threshold_loop/00_raw/wastesorting/scene_01/ours/run_40_seed_3862245153/exp_wastesorting_20260921_014325_143440.txt,41190ff1d076b82f8faf1eab10c4ee8e251451c7589ef650cf17bb58ed50bf2d,wastesorting,ours,01
experiments_logs/analysis_recent/when_what_policy_ablation_20261005_threshold_loop/00_raw/wastesorting/scene_02/ours/run_01_seed_2156641990/exp_wastesorting_20260921_014326_506358.txt,af641da7bfb839ed5ba5b160cb41c9c8c2bea092770ee404298a22c8788857ad,wastesorting,ours,02
experiments_logs/analysis_recent/when_what_policy_ablation_20261005_threshold_loop/00_raw/wastesorting/scene_02/ours/run_02_seed_715488211/exp_wastesorting_20260921_014327_924195.txt,0d8ee85b6ef03bc97fe067f0564348a56411eb59ff506620587b87af56a24c9f,wastesorting,ours,02
experiments_logs/analysis_recent/when_what_policy_ablation_20261005_threshold_loop/00_raw/wastesorting/scene_02/ours/run_03_seed_1273456514/exp_wastesorting_20260921_014329_315854.txt,d829719560687d9ccee5ca4c0be61a464570fb2658fdb74af4eb29899f51825d,wastesorting,ours,02
experiments_logs/analysis_recent/when_what_policy_ablation_20261005_threshold_loop/00_raw/wastesorting/scene_02/ours/run_04_seed_1679391382/exp_wastesorting_20260921_014330_805740.txt,ab6a7caee74498c2b93901b7f49d52b1ccb28817e707bd65e997dc0a9ef9aa0d,wastesorting,ours,02
experiments_logs/analysis_recent/when_what_policy_ablation_20261005_threshold_loop/00_raw/wastesorting/scene_02/ours/run_05_seed_1315496753/exp_wastesorting_20260921_014332_170059.txt,c6e67ad0d2d5556b8027ede283104eea6d507555d149c26dc5210d0deaff2f17,wastesorting,ours,02
experiments_logs/analysis_recent/when_what_policy_ablation_20261005_threshold_loop/00_raw/wastesorting/scene_02/ours/run_06_seed_3794247199/exp_wastesorting_20260921_014333_557759.txt,8f79065405c72874b9005314d16946451da1e29205f0f51e2cb081c989e678f6,wastesorting,ours,02
experiments_logs/analysis_recent/when_what_policy_ablation_20261005_threshold_loop/00_raw/wastesorting/scene_02/ours/run_07_seed_2628956077/exp_wastesorting_20260921_014334_954988.txt,3482ac4e7a05d3328ffebf7685a1c876988a362797031ce307e6b6d3411b4638,wastesorting,ours,02
experiments_logs/analysis_recent/when_what_policy_ablation_20261005_threshold_loop/00_raw/wastesorting/scene_02/ours/run_08_seed_1669852028/exp_wastesorting_20260921_014336_377295.txt,da1cdc89f2c197495a8f743f1fc82b5cc4c767091d5014e1e681880a82ffa7b0,wastesorting,ours,02
experiments_logs/analysis_recent/when_what_policy_ablation_20261005_threshold_loop/00_raw/wastesorting/scene_02/ours/run_09_seed_2314118130/exp_wastesorting_20260921_014337_789816.txt,1e1a8dde51d5affbb815403fe0d762fed57f36fe6937541e62e36e3624b2da47,wastesorting,ours,02
experiments_logs/analysis_recent/when_what_policy_ablation_20261005_threshold_loop/00_raw/wastesorting/scene_02/ours/run_10_seed_1150653687/exp_wastesorting_20260921_014339_500672.txt,994e5beb59872442d34427a0c4cc8bd2d60d80164be591a0efd6da3eec9e9497,wastesorting,ours,02
experiments_logs/analysis_recent/when_what_policy_ablation_20261005_threshold_loop/00_raw/wastesorting/scene_02/ours/run_11_seed_3820178410/exp_wastesorting_20260921_014341_037057.txt,5454e75fbef26283e23e2295ea275dbb4880d79b400df621d23bd2c9929b05a1,wastesorting,ours,02
experiments_logs/analysis_recent/when_what_policy_ablation_20261005_threshold_loop/00_raw/wastesorting/scene_02/ours/run_12_seed_1684512935/exp_wastesorting_20260921_014342_442168.txt,753359e2234a361c69f4a7caf8feec08f3fb12b133e857bdc5b6bd5877e80d3a,wastesorting,ours,02
experiments_logs/analysis_recent/when_what_policy_ablation_20261005_threshold_loop/00_raw/wastesorting/scene_02/ours/run_13_seed_800159661/exp_wastesorting_20260921_014343_840943.txt,2001b3f3c86655559ad81562146ed25e750c0885fe6892fa33e95902d80c9fdc,wastesorting,ours,02
experiments_logs/analysis_recent/when_what_policy_ablation_20261005_threshold_loop/00_raw/wastesorting/scene_02/ours/run_14_seed_3132007216/exp_wastesorting_20260921_014345_232461.txt,b6e7de84a1b09c330e62c54bcb3a1bb44629e6a86048c976b11e6e344d7b3f44,wastesorting,ours,02
experiments_logs/analysis_recent/when_what_policy_ablation_20261005_threshold_loop/00_raw/wastesorting/scene_02/ours/run_15_seed_431660203/exp_wastesorting_20260921_014346_558276.txt,becfdd47bbf9b08ca71a238b29fbb0f0c68d3423469ae5c3bc5eba26b67d2f7d,wastesorting,ours,02
experiments_logs/analysis_recent/when_what_policy_ablation_20261005_threshold_loop/00_raw/wastesorting/scene_02/ours/run_16_seed_4052769592/exp_wastesorting_20260921_014347_943626.txt,ecb85dec5f1907d052ac8b41fe351237fb2005bec45157e13926a4503e195c0c,wastesorting,ours,02
experiments_logs/analysis_recent/when_what_policy_ablation_20261005_threshold_loop/00_raw/wastesorting/scene_02/ours/run_17_seed_1116766657/exp_wastesorting_20260921_014349_308496.txt,4c1f3b5446d7217d7d948f6fec92a1cc634b82e2e2c858a1689688730db895a5,wastesorting,ours,02
experiments_logs/analysis_recent/when_what_policy_ablation_20261005_threshold_loop/00_raw/wastesorting/scene_02/ours/run_18_seed_1960486937/exp_wastesorting_20260921_014350_678636.txt,4bde60206696c5836f766e0077ce686fbbc7a74af07aac1c57f2eb920741a8ee,wastesorting,ours,02
experiments_logs/analysis_recent/when_what_policy_ablation_20261005_threshold_loop/00_raw/wastesorting/scene_02/ours/run_19_seed_1185595584/exp_wastesorting_20260921_014352_135121.txt,d44310e88a10bf0777712c445454c7bbf147a90846daf2709115b310b74e9cb5,wastesorting,ours,02
experiments_logs/analysis_recent/when_what_policy_ablation_20261005_threshold_loop/00_raw/wastesorting/scene_02/ours/run_20_seed_2175442287/exp_wastesorting_20260921_014353_488618.txt,54358c3c482dbdd814a03fc50b363183a697ded570dbf6ca0e5afafd40661097,wastesorting,ours,02
experiments_logs/analysis_recent/when_what_policy_ablation_20261005_threshold_loop/00_raw/wastesorting/scene_02/ours/run_21_seed_1478189300/exp_wastesorting_20260921_014354_933058.txt,5475c0cd432a5161d3b9e8a4ba964eef9018c1c464d9d7ecf9666eed55b2e5cb,wastesorting,ours,02
experiments_logs/analysis_recent/when_what_policy_ablation_20261005_threshold_loop/00_raw/wastesorting/scene_02/ours/run_22_seed_2497538083/exp_wastesorting_20260921_014356_351029.txt,d998a5430b4035abd726cd8969f7e86e3804558038ccdd593e7262e9dafeaa12,wastesorting,ours,02
experiments_logs/analysis_recent/when_what_policy_ablation_20261005_threshold_loop/00_raw/wastesorting/scene_02/ours/run_23_seed_92232459/exp_wastesorting_20260921_014357_791923.txt,43c8e8e0449c2eb3aa21dd9acff21c1a2b0567fb960f64ff9db1588527b48ed9,wastesorting,ours,02
experiments_logs/analysis_recent/when_what_policy_ablation_20261005_threshold_loop/00_raw/wastesorting/scene_02/ours/run_24_seed_3750062435/exp_wastesorting_20260921_014359_191092.txt,ec3ff361b7735819e0cb75548e3827181b29f8bbe387aa79ad731ac835d8ca27,wastesorting,ours,02
experiments_logs/analysis_recent/when_what_policy_ablation_20261005_threshold_loop/00_raw/wastesorting/scene_02/ours/run_25_seed_3666558197/exp_wastesorting_20260921_014400_591386.txt,378b65a017b795f96fdb3b720d761e89c609e9bdfe168edcabdf3aa37b224502,wastesorting,ours,02
experiments_logs/analysis_recent/when_what_policy_ablation_20261005_threshold_loop/00_raw/wastesorting/scene_02/ours/run_26_seed_4053942929/exp_wastesorting_20260921_014402_005406.txt,71835b97af02a660c1c70241b417e44358a1dc611de7b5636ff25a59ecef9b3f,wastesorting,ours,02
experiments_logs/analysis_recent/when_what_policy_ablation_20261005_threshold_loop/00_raw/wastesorting/scene_02/ours/run_27_seed_1014673370/exp_wastesorting_20260921_014403_423595.txt,a474d539a240df3b6baa400d33af3bc51a8f93a98e9f4e1bcf01ba265cfb7157,wastesorting,ours,02
experiments_logs/analysis_recent/when_what_policy_ablation_20261005_threshold_loop/00_raw/wastesorting/scene_02/ours/run_28_seed_3041513348/exp_wastesorting_20260921_014404_821644.txt,9e0d0841bb7c72bed11f8ac1f34b412fcaec3530dc189886ebcec556694dc1d8,wastesorting,ours,02
experiments_logs/analysis_recent/when_what_policy_ablation_20261005_threshold_loop/00_raw/wastesorting/scene_02/ours/run_29_seed_3100998094/exp_wastesorting_20260921_014406_217033.txt,5a445be234341861b944c45ffa6d66a0a5794d9c4751a248111c9028f77e3a54,wastesorting,ours,02
experiments_logs/analysis_recent/when_what_policy_ablation_20261005_threshold_loop/00_raw/wastesorting/scene_02/ours/run_30_seed_2006819571/exp_wastesorting_20260921_014407_606442.txt,46d8cde155be468b20585afade8596e99f551ec057d98a34aebe3d99e7efee53,wastesorting,ours,02
experiments_logs/analysis_recent/when_what_policy_ablation_20261005_threshold_loop/00_raw/wastesorting/scene_02/ours/run_31_seed_604661570/exp_wastesorting_20260921_014409_089368.txt,af72ced92fec6297b3de42ca4cc9e42170dca35fbd45e52812af38947b728830,wastesorting,ours,02
experiments_logs/analysis_recent/when_what_policy_ablation_20261005_threshold_loop/00_raw/wastesorting/scene_02/ours/run_32_seed_1859675682/exp_wastesorting_20260921_014410_561261.txt,4f591159525943222a2b998eebaf66ac019a519a2b8ed9e5c25c14f533d3dda5,wastesorting,ours,02
experiments_logs/analysis_recent/when_what_policy_ablation_20261005_threshold_loop/00_raw/wastesorting/scene_02/ours/run_33_seed_2681088983/exp_wastesorting_20260921_014411_988672.txt,c45d9aa76154049e8c04b536e33d4793280eab46f2fe69783ac482ee6d80e4cd,wastesorting,ours,02
experiments_logs/analysis_recent/when_what_policy_ablation_20261005_threshold_loop/00_raw/wastesorting/scene_02/ours/run_34_seed_2903446598/exp_wastesorting_20260921_014413_479356.txt,7c45e5e72861090dfb590b1fe92f4f79fdbfe5b6daf4670c0481ac46313eae27,wastesorting,ours,02
experiments_logs/analysis_recent/when_what_policy_ablation_20261005_threshold_loop/00_raw/wastesorting/scene_02/ours/run_35_seed_4138266715/exp_wastesorting_20260921_014414_859806.txt,35116cd9be371cc6b966dab434e524bd23b161a9f74b99ce61abce97a57e3b32,wastesorting,ours,02
experiments_logs/analysis_recent/when_what_policy_ablation_20261005_threshold_loop/00_raw/wastesorting/scene_02/ours/run_36_seed_3361930932/exp_wastesorting_20260921_014416_285199.txt,8ecbca8d8eadf0634b05f6e974e8a90360f8d47f14552709d3174d117790b339,wastesorting,ours,02
experiments_logs/analysis_recent/when_what_policy_ablation_20261005_threshold_loop/00_raw/wastesorting/scene_02/ours/run_37_seed_2679542969/exp_wastesorting_20260921_014417_669795.txt,c279d097d11721c7cd330e7aa9d535f867eb709c4d96355b384fafc0aec534e2,wastesorting,ours,02
experiments_logs/analysis_recent/when_what_policy_ablation_20261005_threshold_loop/00_raw/wastesorting/scene_02/ours/run_38_seed_1191125615/exp_wastesorting_20260921_014419_043542.txt,1999694218f1b6c7aadadcca2ea25ff502dbe27fc3ba292953ae12b41cb266cf,wastesorting,ours,02
experiments_logs/analysis_recent/when_what_policy_ablation_20261005_threshold_loop/00_raw/wastesorting/scene_02/ours/run_39_seed_2226175700/exp_wastesorting_20260921_014420_411717.txt,88afc823bc3a46ff282f49d1eac9b072f8a8b18d261fff3da7b6b48ffe0d38ed,wastesorting,ours,02
experiments_logs/analysis_recent/when_what_policy_ablation_20261005_threshold_loop/00_raw/wastesorting/scene_02/ours/run_40_seed_3749131969/exp_wastesorting_20260921_014421_830493.txt,006aa56a2cdac9495768936cc8d1dfa1a719ab7b206aedeece6c81fbdea44a39,wastesorting,ours,02
experiments_logs/analysis_recent/when_what_policy_ablation_20261005_threshold_loop/00_raw/wastesorting/scene_03/ours/run_01_seed_935228514/exp_wastesorting_20260921_014423_259381.txt,96828ce72aa6ea6b37bc6425cadfdca81fd135778794d13e3b2d77400cd011bd,wastesorting,ours,03
experiments_logs/analysis_recent/when_what_policy_ablation_20261005_threshold_loop/00_raw/wastesorting/scene_03/ours/run_02_seed_1971182115/exp_wastesorting_20260921_014424_627147.txt,b5c57d6844c80ffcea5c263ad780c679c3ae14452eecf7331e0210dd64896dbd,wastesorting,ours,03
experiments_logs/analysis_recent/when_what_policy_ablation_20261005_threshold_loop/00_raw/wastesorting/scene_03/ours/run_03_seed_2394637227/exp_wastesorting_20260921_014426_133548.txt,cc40400422e1140ec2f91b2a42bacbca1fd23c4ad6002853e4f0cd91f30cc040,wastesorting,ours,03
experiments_logs/analysis_recent/when_what_policy_ablation_20261005_threshold_loop/00_raw/wastesorting/scene_03/ours/run_04_seed_3544407771/exp_wastesorting_20260921_014427_520096.txt,392435067fc560c76e0cea03b5e359ac2cc1b68bd14bba74f754dddab23e17e8,wastesorting,ours,03
experiments_logs/analysis_recent/when_what_policy_ablation_20261005_threshold_loop/00_raw/wastesorting/scene_03/ours/run_05_seed_151419445/exp_wastesorting_20260921_014428_924836.txt,9692e8971f63cb5f346ee82d99d0591c8ae18fdc2a08d20261d1b844c6e0461e,wastesorting,ours,03
experiments_logs/analysis_recent/when_what_policy_ablation_20261005_threshold_loop/00_raw/wastesorting/scene_03/ours/run_06_seed_878097152/exp_wastesorting_20260921_014430_395374.txt,4200a908bc8a1b4b46ba0dd1f0e64071aacd70cc9c1de54432137bfca6f1192a,wastesorting,ours,03
experiments_logs/analysis_recent/when_what_policy_ablation_20261005_threshold_loop/00_raw/wastesorting/scene_03/ours/run_07_seed_2160290877/exp_wastesorting_20260921_014431_798161.txt,8c7661ae99885f6e2ebc4a34cfb5a562885b367ee9d089b54130429ca33cf4cb,wastesorting,ours,03
experiments_logs/analysis_recent/when_what_policy_ablation_20261005_threshold_loop/00_raw/wastesorting/scene_03/ours/run_08_seed_1263200062/exp_wastesorting_20260921_014433_248754.txt,f8ce663c42e8bb62d30c65cb96a19a5c1c414e80ff669fdda2a5f138e5df96c5,wastesorting,ours,03
experiments_logs/analysis_recent/when_what_policy_ablation_20261005_threshold_loop/00_raw/wastesorting/scene_03/ours/run_09_seed_2442584840/exp_wastesorting_20260921_014434_640354.txt,9f2a4bf0af2608c1b40a01a67bc9367020a4df7a41b95b980fb2fb7993b75c78,wastesorting,ours,03
experiments_logs/analysis_recent/when_what_policy_ablation_20261005_threshold_loop/00_raw/wastesorting/scene_03/ours/run_10_seed_995062266/exp_wastesorting_20260921_014436_073481.txt,bbaa7e233b14ad04f1421040c7b8c27dead831d859ca0fa1b96744952732eb36,wastesorting,ours,03
experiments_logs/analysis_recent/when_what_policy_ablation_20261005_threshold_loop/00_raw/wastesorting/scene_03/ours/run_11_seed_1757091912/exp_wastesorting_20260921_014437_439739.txt,0b8a6650e435c66893302fbcd909c7b48e3d93520d1ad965822576716ed761b1,wastesorting,ours,03
experiments_logs/analysis_recent/when_what_policy_ablation_20261005_threshold_loop/00_raw/wastesorting/scene_03/ours/run_12_seed_703706258/exp_wastesorting_20260921_014438_868395.txt,a45755b3d3a508cae8f62d1cb1d3912fcfeecf71c7588ac3bb2391af5798532e,wastesorting,ours,03
experiments_logs/analysis_recent/when_what_policy_ablation_20261005_threshold_loop/00_raw/wastesorting/scene_03/ours/run_13_seed_3734705447/exp_wastesorting_20260921_014440_298737.txt,bd124209702315861e66b17507fd3527fd3df65e12463cfd83d4d1bea5915110,wastesorting,ours,03
experiments_logs/analysis_recent/when_what_policy_ablation_20261005_threshold_loop/00_raw/wastesorting/scene_03/ours/run_14_seed_808931924/exp_wastesorting_20260921_014441_701397.txt,6fad431b812a1ba3cf82414aef074f39e45305f81c9020a938e07981bf317a8c,wastesorting,ours,03
experiments_logs/analysis_recent/when_what_policy_ablation_20261005_threshold_loop/00_raw/wastesorting/scene_03/ours/run_15_seed_1010706734/exp_wastesorting_20260921_014443_123684.txt,34a8591a15452b3c12f0a678a0fa6fb69007bfaf3b20f7acebcf047415cbee94,wastesorting,ours,03
experiments_logs/analysis_recent/when_what_policy_ablation_20261005_threshold_loop/00_raw/wastesorting/scene_03/ours/run_16_seed_1790509877/exp_wastesorting_20260921_014444_500617.txt,21670d21147f0f28e54aff124f764aa46b079089830b94850a59550c7223927b,wastesorting,ours,03
experiments_logs/analysis_recent/when_what_policy_ablation_20261005_threshold_loop/00_raw/wastesorting/scene_03/ours/run_17_seed_1862543915/exp_wastesorting_20260921_014445_918687.txt,9716dd647cbcbf71432c5158935dfa277c69c522247d0c0e8e3f82dfb23390e8,wastesorting,ours,03
experiments_logs/analysis_recent/when_what_policy_ablation_20261005_threshold_loop/00_raw/wastesorting/scene_03/ours/run_18_seed_2836132436/exp_wastesorting_20260921_014447_380436.txt,f2c1bf55811a4fa4f3453d5d81c7213be4c1792b4b1695e4226d8f4476ea839a,wastesorting,ours,03
experiments_logs/analysis_recent/when_what_policy_ablation_20261005_threshold_loop/00_raw/wastesorting/scene_03/ours/run_19_seed_4248209127/exp_wastesorting_20260921_014448_815811.txt,49fe72c630f46c23fb08ff792b6278a216e383b4dcbcf2bc39ce3839410e30af,wastesorting,ours,03
experiments_logs/analysis_recent/when_what_policy_ablation_20261005_threshold_loop/00_raw/wastesorting/scene_03/ours/run_20_seed_1312241461/exp_wastesorting_20260921_014450_301679.txt,9767d5da5a2ffeb110fc0143b9fda1391e217314c4e4c65bf553d88a8a6144f7,wastesorting,ours,03
experiments_logs/analysis_recent/when_what_policy_ablation_20261005_threshold_loop/00_raw/wastesorting/scene_03/ours/run_21_seed_1849750684/exp_wastesorting_20260921_014451_635543.txt,630769a5bc6ae7a16f6263e377c8abec96f43ab4dcf2b3a6aee9a424a97fda2b,wastesorting,ours,03
experiments_logs/analysis_recent/when_what_policy_ablation_20261005_threshold_loop/00_raw/wastesorting/scene_03/ours/run_22_seed_3532582087/exp_wastesorting_20260921_014453_041178.txt,df52b2c575ebb249e47aeedb87c02ac09957a3a2791d2dbb1dbdb7c9c4be58f8,wastesorting,ours,03
experiments_logs/analysis_recent/when_what_policy_ablation_20261005_threshold_loop/00_raw/wastesorting/scene_03/ours/run_23_seed_1682900593/exp_wastesorting_20260921_014454_419689.txt,df415ee6ab049de293be4931ec5dcccf366154b62de135f18ccef5603ffdad51,wastesorting,ours,03
experiments_logs/analysis_recent/when_what_policy_ablation_20261005_threshold_loop/00_raw/wastesorting/scene_03/ours/run_24_seed_2815362486/exp_wastesorting_20260921_014455_775930.txt,7df09f76ef959c3167ffccc96dc9e89b5047c71dd2ebd238679ab75ab9da90d7,wastesorting,ours,03
experiments_logs/analysis_recent/when_what_policy_ablation_20261005_threshold_loop/00_raw/wastesorting/scene_03/ours/run_25_seed_408728855/exp_wastesorting_20260921_014457_185359.txt,5ee087b54588a6f6e0fbbfc845b26c6e05f7275b22a96e79457bd9958fb2bac0,wastesorting,ours,03
experiments_logs/analysis_recent/when_what_policy_ablation_20261005_threshold_loop/00_raw/wastesorting/scene_03/ours/run_26_seed_2192330955/exp_wastesorting_20260921_014458_613022.txt,9bde06ded1adcb72da4cb5da93a42923942d52fbbd30e65f6442a06831f4f9c4,wastesorting,ours,03
experiments_logs/analysis_recent/when_what_policy_ablation_20261005_threshold_loop/00_raw/wastesorting/scene_03/ours/run_27_seed_2090573975/exp_wastesorting_20260921_014500_001010.txt,7e772cf06c43a0825a34e674eb076b8d6fdfdc7b00e9fb47f5f82a1afd7dec74,wastesorting,ours,03
experiments_logs/analysis_recent/when_what_policy_ablation_20261005_threshold_loop/00_raw/wastesorting/scene_03/ours/run_28_seed_1932548607/exp_wastesorting_20260921_014501_383333.txt,0840831039818c4120b40b92ce1f30276de5b07d61644e7cb06cbdbebd4782c9,wastesorting,ours,03
experiments_logs/analysis_recent/when_what_policy_ablation_20261005_threshold_loop/00_raw/wastesorting/scene_03/ours/run_29_seed_1123572063/exp_wastesorting_20260921_014502_835607.txt,525d6c3ac8d2221cc51f76cb77594cb8d077815830d3d647f3fc01f71df635bd,wastesorting,ours,03
experiments_logs/analysis_recent/when_what_policy_ablation_20261005_threshold_loop/00_raw/wastesorting/scene_03/ours/run_30_seed_4128056421/exp_wastesorting_20260921_014504_272458.txt,f088442a83eb43c912024346c553e01ca3573430492e46c108a2d1c464b51c86,wastesorting,ours,03
experiments_logs/analysis_recent/when_what_policy_ablation_20261005_threshold_loop/00_raw/wastesorting/scene_03/ours/run_31_seed_428908864/exp_wastesorting_20260921_014505_681454.txt,bbfe3be926d8b2de2f430d6555d517ddf74e6b2351673fcdedc25bf59dc2f542,wastesorting,ours,03
experiments_logs/analysis_recent/when_what_policy_ablation_20261005_threshold_loop/00_raw/wastesorting/scene_03/ours/run_32_seed_3643526193/exp_wastesorting_20260921_014507_114684.txt,bf83e0b4ce3bdf0f61c9b114edf1e87aa385bd32de7db54060908b7fc1038d51,wastesorting,ours,03
experiments_logs/analysis_recent/when_what_policy_ablation_20261005_threshold_loop/00_raw/wastesorting/scene_03/ours/run_33_seed_3925417317/exp_wastesorting_20260921_014508_543263.txt,c61f4b4578cff91a5e0340ae142934fe32c1bc5e4a62f5353594ecc07c2ab805,wastesorting,ours,03
experiments_logs/analysis_recent/when_what_policy_ablation_20261005_threshold_loop/00_raw/wastesorting/scene_03/ours/run_34_seed_3952233946/exp_wastesorting_20260921_014510_061026.txt,04a8b03f43e1bb0fd4869f494beabd69348b3ce7df3b25b3a85343746e3fe5e2,wastesorting,ours,03
experiments_logs/analysis_recent/when_what_policy_ablation_20261005_threshold_loop/00_raw/wastesorting/scene_03/ours/run_35_seed_3772505736/exp_wastesorting_20260921_014511_462926.txt,a10d93b239577c9fb813318cbe8fa7ecdcee1e7447cf5ec560dc064cb6e094b2,wastesorting,ours,03
experiments_logs/analysis_recent/when_what_policy_ablation_20261005_threshold_loop/00_raw/wastesorting/scene_03/ours/run_36_seed_2200107462/exp_wastesorting_20260921_014512_913436.txt,a13ea8124888a386e78672713aafedf0af0f62a7a9a767a07d6a5469426b9feb,wastesorting,ours,03
experiments_logs/analysis_recent/when_what_policy_ablation_20261005_threshold_loop/00_raw/wastesorting/scene_03/ours/run_37_seed_1065524053/exp_wastesorting_20260921_014514_569278.txt,1c8779a30a43b0b7928d4243796d2b36a04c028f73fbd175e9b7814e3525b784,wastesorting,ours,03
experiments_logs/analysis_recent/when_what_policy_ablation_20261005_threshold_loop/00_raw/wastesorting/scene_03/ours/run_38_seed_1429072852/exp_wastesorting_20260921_014515_974322.txt,9b5afaff9d9ba4a8660ed7ad855a1c998dd3029c1ae241a4800e6295d277b739,wastesorting,ours,03
experiments_logs/analysis_recent/when_what_policy_ablation_20261005_threshold_loop/00_raw/wastesorting/scene_03/ours/run_39_seed_1198822842/exp_wastesorting_20260921_014517_496462.txt,74c9fdc36b767fc0751e6462a3cc2c36bd8f416f021031f680f05578b5e5f968,wastesorting,ours,03
experiments_logs/analysis_recent/when_what_policy_ablation_20261005_threshold_loop/00_raw/wastesorting/scene_03/ours/run_40_seed_864565644/exp_wastesorting_20260921_014518_924613.txt,7855c7f5d49af758e3412730f73e593fb3ce69f5a702019fe0be93796a7b60eb,wastesorting,ours,03
experiments_logs/analysis_recent/when_what_policy_ablation_20261005_threshold_loop/00_raw/wastesorting/scene_04/ours/run_01_seed_3291161639/exp_wastesorting_20260921_014520_343860.txt,46756ee019046ab8a33a187c38401ae1628dd93f090308e405b2aaa9e33ecc9d,wastesorting,ours,04
experiments_logs/analysis_recent/when_what_policy_ablation_20261005_threshold_loop/00_raw/wastesorting/scene_04/ours/run_02_seed_1838985415/exp_wastesorting_20260921_014521_828805.txt,ff4242fe6965cf6ef4078bede1e49b7a509f806ecc58bc8c4d41727bc8111533,wastesorting,ours,04
experiments_logs/analysis_recent/when_what_policy_ablation_20261005_threshold_loop/00_raw/wastesorting/scene_04/ours/run_03_seed_1973069430/exp_wastesorting_20260921_014523_267562.txt,5c17e2437cb6a2849072fe84889c71e9e4d7f06338dc80824bd0fb18edacd826,wastesorting,ours,04
experiments_logs/analysis_recent/when_what_policy_ablation_20261005_threshold_loop/00_raw/wastesorting/scene_04/ours/run_04_seed_414427021/exp_wastesorting_20260921_014524_714595.txt,1ca7c319230b5b4c400e8135cb001d06ee1d3784acaecd177460817182b971d7,wastesorting,ours,04
experiments_logs/analysis_recent/when_what_policy_ablation_20261005_threshold_loop/00_raw/wastesorting/scene_04/ours/run_05_seed_3201562577/exp_wastesorting_20260921_014526_123245.txt,313ef991e86d8bfbc65984614f6d0c9a325ff80050235b4f6f0a7e9837c9e08e,wastesorting,ours,04
experiments_logs/analysis_recent/when_what_policy_ablation_20261005_threshold_loop/00_raw/wastesorting/scene_04/ours/run_06_seed_2350780499/exp_wastesorting_20260921_014527_558093.txt,51be9914a4adef9ca6e3c13ad54a293faaab717f483f85f590b4dc036540f1e6,wastesorting,ours,04
experiments_logs/analysis_recent/when_what_policy_ablation_20261005_threshold_loop/00_raw/wastesorting/scene_04/ours/run_07_seed_2401657902/exp_wastesorting_20260921_014529_001472.txt,98451ad750e88a4e6d7e697eeffffa005bee6354c15b71ef116e4dda852f678d,wastesorting,ours,04
experiments_logs/analysis_recent/when_what_policy_ablation_20261005_threshold_loop/00_raw/wastesorting/scene_04/ours/run_08_seed_3182553066/exp_wastesorting_20260921_014530_489282.txt,c405c64993f6d6315d9f1ae8fcdb623aa10b9e254c407b3cf450ba408566a243,wastesorting,ours,04
experiments_logs/analysis_recent/when_what_policy_ablation_20261005_threshold_loop/00_raw/wastesorting/scene_04/ours/run_09_seed_1147895942/exp_wastesorting_20260921_014531_923492.txt,b0af99afde11b77c5ee6f33e701d32a5f8e01326f04f8a76932483e964f11e12,wastesorting,ours,04
experiments_logs/analysis_recent/when_what_policy_ablation_20261005_threshold_loop/00_raw/wastesorting/scene_04/ours/run_10_seed_472386282/exp_wastesorting_20260921_014533_461969.txt,54d65fea0e5c3353f1adf6c64c771fb9e3cf62c973f92a7210c01d7de22aafb8,wastesorting,ours,04
experiments_logs/analysis_recent/when_what_policy_ablation_20261005_threshold_loop/00_raw/wastesorting/scene_04/ours/run_11_seed_558605806/exp_wastesorting_20260921_014534_851259.txt,7e812ae00eaf5bded87a3658900f9f39096145a86ef95d3da1274b43807f0207,wastesorting,ours,04
experiments_logs/analysis_recent/when_what_policy_ablation_20261005_threshold_loop/00_raw/wastesorting/scene_04/ours/run_12_seed_3110233099/exp_wastesorting_20260921_014536_309975.txt,9f6ca7054a087090612e1e92037bcefebc33fc5572a39fbdfd5dbeb651172ee7,wastesorting,ours,04
experiments_logs/analysis_recent/when_what_policy_ablation_20261005_threshold_loop/00_raw/wastesorting/scene_04/ours/run_13_seed_1105776053/exp_wastesorting_20260921_014537_793079.txt,66975a85dd8f6e05dd3ada4d6967f2299a09ff3e11c2bb815695c0fd225b6733,wastesorting,ours,04
experiments_logs/analysis_recent/when_what_policy_ablation_20261005_threshold_loop/00_raw/wastesorting/scene_04/ours/run_14_seed_3718837247/exp_wastesorting_20260921_014539_196410.txt,e579f95c698d49f792f64359e9fe60fa6f1fbf4b78be260991e0c0fee6a9040e,wastesorting,ours,04
experiments_logs/analysis_recent/when_what_policy_ablation_20261005_threshold_loop/00_raw/wastesorting/scene_04/ours/run_15_seed_4193229496/exp_wastesorting_20260921_014540_608479.txt,154343e3a46d22f467a76a011f5284a4f4ce033c8319e51322116855c8ce8b12,wastesorting,ours,04
experiments_logs/analysis_recent/when_what_policy_ablation_20261005_threshold_loop/00_raw/wastesorting/scene_04/ours/run_16_seed_3369209442/exp_wastesorting_20260921_014542_040678.txt,56ac61c86cf59f0cbd62722349e956634ad69466ce82735f8090d400ae366932,wastesorting,ours,04
experiments_logs/analysis_recent/when_what_policy_ablation_20261005_threshold_loop/00_raw/wastesorting/scene_04/ours/run_17_seed_3692021791/exp_wastesorting_20260921_014543_451002.txt,7e3a45aa121a8cbda1c44ea86d5a12131dd5893e8672a0933f7778b1f4d5952a,wastesorting,ours,04
experiments_logs/analysis_recent/when_what_policy_ablation_20261005_threshold_loop/00_raw/wastesorting/scene_04/ours/run_18_seed_1445352403/exp_wastesorting_20260921_014545_080541.txt,e4f5eca74874e7c86c41e980cb3d0da5f52139eba7ed7572cc4b0f745c39b855,wastesorting,ours,04
experiments_logs/analysis_recent/when_what_policy_ablation_20261005_threshold_loop/00_raw/wastesorting/scene_04/ours/run_19_seed_2413410080/exp_wastesorting_20260921_014546_499465.txt,8a308bb483889033f94b71514e47e79f39a2f73149f9ce9cebbff825e52e6f91,wastesorting,ours,04
experiments_logs/analysis_recent/when_what_policy_ablation_20261005_threshold_loop/00_raw/wastesorting/scene_04/ours/run_20_seed_3310113005/exp_wastesorting_20260921_014547_909583.txt,51e1acabaa3f3ee2720c7ff3ca092bf515c2f885b27edf7df22922539e1f3b40,wastesorting,ours,04
experiments_logs/analysis_recent/when_what_policy_ablation_20261005_threshold_loop/00_raw/wastesorting/scene_04/ours/run_21_seed_1619001990/exp_wastesorting_20260921_014549_397572.txt,ddf5f07afb0d3960ff0ff392c20a207f1e3dd7e75e872328867a1f35ead7a738,wastesorting,ours,04
experiments_logs/analysis_recent/when_what_policy_ablation_20261005_threshold_loop/00_raw/wastesorting/scene_04/ours/run_22_seed_3414205865/exp_wastesorting_20260921_014550_891722.txt,79770cba8b6030dffe19966ef96061e4027ae41faa40e92e7e2d94d645366b38,wastesorting,ours,04
experiments_logs/analysis_recent/when_what_policy_ablation_20261005_threshold_loop/00_raw/wastesorting/scene_04/ours/run_23_seed_3989924643/exp_wastesorting_20260921_014552_350654.txt,f84a50c1093f9aaafe3257afc1189f043d2405ae73cd5f8e5ad715f6891677b0,wastesorting,ours,04
experiments_logs/analysis_recent/when_what_policy_ablation_20261005_threshold_loop/00_raw/wastesorting/scene_04/ours/run_24_seed_1493522614/exp_wastesorting_20260921_014553_795298.txt,2e77a2eebbcc93d6dc63fea837e6bcf0ccef6b3f8fc5b35955f567cdc6a05a04,wastesorting,ours,04
experiments_logs/analysis_recent/when_what_policy_ablation_20261005_threshold_loop/00_raw/wastesorting/scene_04/ours/run_25_seed_13571565/exp_wastesorting_20260921_014555_242546.txt,1571a1875d13ce921572237bb420f46fdd359b9cf65f0f1b29480fb8aa6d8920,wastesorting,ours,04
experiments_logs/analysis_recent/when_what_policy_ablation_20261005_threshold_loop/00_raw/wastesorting/scene_04/ours/run_26_seed_2630099760/exp_wastesorting_20260921_014556_668007.txt,5784bbb2f71fc31032b0d66fb63a1e3e8fa942f60d30886a2d541d39c3e06f10,wastesorting,ours,04
experiments_logs/analysis_recent/when_what_policy_ablation_20261005_threshold_loop/00_raw/wastesorting/scene_04/ours/run_27_seed_3787165175/exp_wastesorting_20260921_014558_122896.txt,26a421e88a28b9e23d00bbc15b9bc671d9d2e92897d2b2a5491a816db7d7eabc,wastesorting,ours,04
experiments_logs/analysis_recent/when_what_policy_ablation_20261005_threshold_loop/00_raw/wastesorting/scene_04/ours/run_28_seed_1518896079/exp_wastesorting_20260921_014559_629519.txt,c9cf73112cdc2e1195e68a45c389407bd8ef895cc9025985ae7afc4394ac1720,wastesorting,ours,04
experiments_logs/analysis_recent/when_what_policy_ablation_20261005_threshold_loop/00_raw/wastesorting/scene_04/ours/run_29_seed_506359200/exp_wastesorting_20260921_014601_080559.txt,be635dda45b92bd5e818258111dd9e91ad5f391e2ba4d7410a9f29146ee07b64,wastesorting,ours,04
experiments_logs/analysis_recent/when_what_policy_ablation_20261005_threshold_loop/00_raw/wastesorting/scene_04/ours/run_30_seed_2303938088/exp_wastesorting_20260921_014602_562679.txt,5786774902adb07200e62ce59148e92330ef7fb6a7f8f16944ad411b081e8975,wastesorting,ours,04
experiments_logs/analysis_recent/when_what_policy_ablation_20261005_threshold_loop/00_raw/wastesorting/scene_04/ours/run_31_seed_1783261924/exp_wastesorting_20260921_014603_989780.txt,a9d58a68759b52d625c1641dc10f794cf679ea705d6b4fbdd5b2db108baca149,wastesorting,ours,04
experiments_logs/analysis_recent/when_what_policy_ablation_20261005_threshold_loop/00_raw/wastesorting/scene_04/ours/run_32_seed_3973487875/exp_wastesorting_20260921_014605_376363.txt,2b9dcc9868c940e65af2e5a598c387636a365e8948b60b4b71efb847edff5104,wastesorting,ours,04
experiments_logs/analysis_recent/when_what_policy_ablation_20261005_threshold_loop/00_raw/wastesorting/scene_04/ours/run_33_seed_3576324234/exp_wastesorting_20260921_014606_746574.txt,274d268cb1bbd110b1b78c8c1fe9cdf14b7dc3b1be63430d8e1d9187fc9a4eb3,wastesorting,ours,04
experiments_logs/analysis_recent/when_what_policy_ablation_20261005_threshold_loop/00_raw/wastesorting/scene_04/ours/run_34_seed_3966743771/exp_wastesorting_20260921_014608_190937.txt,c75e335831af93274a2413d2e5f65c927867e9c08f2df2e94d13dcf9e747ac16,wastesorting,ours,04
experiments_logs/analysis_recent/when_what_policy_ablation_20261005_threshold_loop/00_raw/wastesorting/scene_04/ours/run_35_seed_3292785302/exp_wastesorting_20260921_014609_655793.txt,6debdf907b3d724794b8a5ea37f12d6c82de6adee2f7c84dbe70d0c1a58d8146,wastesorting,ours,04
experiments_logs/analysis_recent/when_what_policy_ablation_20261005_threshold_loop/00_raw/wastesorting/scene_04/ours/run_36_seed_2877610580/exp_wastesorting_20260921_014611_030098.txt,81ead1a3dd65c21a2c02d3eff8893ce89ffc5761fde862c6675486cd9d56dcfb,wastesorting,ours,04
experiments_logs/analysis_recent/when_what_policy_ablation_20261005_threshold_loop/00_raw/wastesorting/scene_04/ours/run_37_seed_1852316728/exp_wastesorting_20260921_014612_635975.txt,a2a0751b2b60273335a7d7e9d44ad1e20264ac2ea321bea7a4d3c483194e3085,wastesorting,ours,04
experiments_logs/analysis_recent/when_what_policy_ablation_20261005_threshold_loop/00_raw/wastesorting/scene_04/ours/run_38_seed_132699259/exp_wastesorting_20260921_014614_249668.txt,145842270a937091e98706cc8db86446c07ef75cb0348ab6705a3270eea126ce,wastesorting,ours,04
experiments_logs/analysis_recent/when_what_policy_ablation_20261005_threshold_loop/00_raw/wastesorting/scene_04/ours/run_39_seed_1117810574/exp_wastesorting_20260921_014615_860840.txt,e026fb7a8cf3b7ad32fbfbf5855eb7331bb5a0afde7d30b379d65b171a4d45a5,wastesorting,ours,04
experiments_logs/analysis_recent/when_what_policy_ablation_20261005_threshold_loop/00_raw/wastesorting/scene_04/ours/run_40_seed_2967203946/exp_wastesorting_20260921_014617_330787.txt,e15df40c353f2857231091edfa268aecf497ec5492008869c0b7da21bbc87e43,wastesorting,ours,04
experiments_logs/analysis_recent/when_what_policy_ablation_20261005_threshold_loop/00_raw/wastesorting/scene_05/ours/run_01_seed_630828154/exp_wastesorting_20260921_014618_784952.txt,6703e7dd0b9a0b49109e91f107f0df3ce7bdb073f88dd75e76af2e0357f2999d,wastesorting,ours,05
experiments_logs/analysis_recent/when_what_policy_ablation_20261005_threshold_loop/00_raw/wastesorting/scene_05/ours/run_02_seed_435659992/exp_wastesorting_20260921_014620_318175.txt,265af03131c110ef923dd399fdea981e3bb1b32703b7f3c2ad08c85ee779e056,wastesorting,ours,05
experiments_logs/analysis_recent/when_what_policy_ablation_20261005_threshold_loop/00_raw/wastesorting/scene_05/ours/run_03_seed_3537170530/exp_wastesorting_20260921_014621_719440.txt,89227da709c7f33ef32402b22f736e61fc69e343d84f023a4f1b3abca90fc39f,wastesorting,ours,05
experiments_logs/analysis_recent/when_what_policy_ablation_20261005_threshold_loop/00_raw/wastesorting/scene_05/ours/run_04_seed_1280378645/exp_wastesorting_20260921_014623_194619.txt,a9d19de1fb07dd3541e80c2f0f939a14213b5d520f0ff26c850a6130b9de463c,wastesorting,ours,05
experiments_logs/analysis_recent/when_what_policy_ablation_20261005_threshold_loop/00_raw/wastesorting/scene_05/ours/run_05_seed_3656925474/exp_wastesorting_20260921_014624_682312.txt,47b79cefe75c4f2cdadc66f2e06be7aebda86bf4f9819084c77c9ec83ee7fec2,wastesorting,ours,05
experiments_logs/analysis_recent/when_what_policy_ablation_20261005_threshold_loop/00_raw/wastesorting/scene_05/ours/run_06_seed_1489971784/exp_wastesorting_20260921_014626_078427.txt,9a06ce9a75161ac131618eed62a38c44845ba55bc2e66e428cd8574220e97ab9,wastesorting,ours,05
experiments_logs/analysis_recent/when_what_policy_ablation_20261005_threshold_loop/00_raw/wastesorting/scene_05/ours/run_07_seed_3520141308/exp_wastesorting_20260921_014627_536285.txt,1d67eb2cc9bde995ecce0c5f8be849ababeb247f0d50ede38552ddfacf4738f2,wastesorting,ours,05
experiments_logs/analysis_recent/when_what_policy_ablation_20261005_threshold_loop/00_raw/wastesorting/scene_05/ours/run_08_seed_411692590/exp_wastesorting_20260921_014628_978445.txt,78e5ce1f6abce0d6bd61a7576bb2ba0c61235d177e93c5392a813d1cff1dd458,wastesorting,ours,05
experiments_logs/analysis_recent/when_what_policy_ablation_20261005_threshold_loop/00_raw/wastesorting/scene_05/ours/run_09_seed_2624923704/exp_wastesorting_20260921_014630_375465.txt,8e111bcaac23fb9545fbdbc298350253cfe64580d6381b5f0c8038c6ff489f3e,wastesorting,ours,05
experiments_logs/analysis_recent/when_what_policy_ablation_20261005_threshold_loop/00_raw/wastesorting/scene_05/ours/run_10_seed_3130661448/exp_wastesorting_20260921_014631_824961.txt,4bb9c54b7b21ca5e38e71b8cc2239af461225bf3f99340517c2cfaf87bb81c2e,wastesorting,ours,05
experiments_logs/analysis_recent/when_what_policy_ablation_20261005_threshold_loop/00_raw/wastesorting/scene_05/ours/run_11_seed_3622248746/exp_wastesorting_20260921_014633_249434.txt,f67418428265448ec73496c457d14ddf3326947ef7fdbe0ee584b2269fcfec1f,wastesorting,ours,05
experiments_logs/analysis_recent/when_what_policy_ablation_20261005_threshold_loop/00_raw/wastesorting/scene_05/ours/run_12_seed_600649243/exp_wastesorting_20260921_014634_689631.txt,2db41cdc23555900dcaeb538643772e6ed5b3fa50b93ea78417eb65de354b043,wastesorting,ours,05
experiments_logs/analysis_recent/when_what_policy_ablation_20261005_threshold_loop/00_raw/wastesorting/scene_05/ours/run_13_seed_3690243405/exp_wastesorting_20260921_014636_158259.txt,059d1672198f081dbe38ae324ada46200c04d3e029e32ff7f3cae6a2d74def17,wastesorting,ours,05
experiments_logs/analysis_recent/when_what_policy_ablation_20261005_threshold_loop/00_raw/wastesorting/scene_05/ours/run_14_seed_2666206818/exp_wastesorting_20260921_014637_652489.txt,3814db7a8afe46651c78df8c83305953d36dfbd9f4c5770bb679c3a4404437aa,wastesorting,ours,05
experiments_logs/analysis_recent/when_what_policy_ablation_20261005_threshold_loop/00_raw/wastesorting/scene_05/ours/run_15_seed_2681637189/exp_wastesorting_20260921_014639_052987.txt,d685817c1b29c62371a7f7484393c2820d1012b6554194d0edb0fd950229faee,wastesorting,ours,05
experiments_logs/analysis_recent/when_what_policy_ablation_20261005_threshold_loop/00_raw/wastesorting/scene_05/ours/run_16_seed_3586644066/exp_wastesorting_20260921_014640_487904.txt,2a19c5e7db00297d02c7064f629b14c6dac69888459814c0375a0bc0eefa0c78,wastesorting,ours,05
experiments_logs/analysis_recent/when_what_policy_ablation_20261005_threshold_loop/00_raw/wastesorting/scene_05/ours/run_17_seed_3677160998/exp_wastesorting_20260921_014641_986540.txt,96576d2776b41f217e863f6d515125af8e8efb4fc2ae710ec98be256abc85473,wastesorting,ours,05
experiments_logs/analysis_recent/when_what_policy_ablation_20261005_threshold_loop/00_raw/wastesorting/scene_05/ours/run_18_seed_1159978775/exp_wastesorting_20260921_014643_460021.txt,38954ef0ea84ac930d517e4e179b8d256e2e69de346af4766448466d6a74c20d,wastesorting,ours,05
experiments_logs/analysis_recent/when_what_policy_ablation_20261005_threshold_loop/00_raw/wastesorting/scene_05/ours/run_19_seed_4128091398/exp_wastesorting_20260921_014645_069886.txt,13997dfea3db30aa4e17af19ae03ba9392248a9aa144f0eba1f6d50a27d248f1,wastesorting,ours,05
experiments_logs/analysis_recent/when_what_policy_ablation_20261005_threshold_loop/00_raw/wastesorting/scene_05/ours/run_20_seed_3351623416/exp_wastesorting_20260921_014646_498392.txt,93cdadea0d1c0da640111b031488063b8ef86d54266b32d9f8646746e33329ab,wastesorting,ours,05
experiments_logs/analysis_recent/when_what_policy_ablation_20261005_threshold_loop/00_raw/wastesorting/scene_05/ours/run_21_seed_3215763495/exp_wastesorting_20260921_014647_892579.txt,d0803393847461ee7405bc81a6054f01c748ca12170d6639dffa47883b6a7d49,wastesorting,ours,05
experiments_logs/analysis_recent/when_what_policy_ablation_20261005_threshold_loop/00_raw/wastesorting/scene_05/ours/run_22_seed_1045924611/exp_wastesorting_20260921_014649_503008.txt,d3c40b2945ae0cba830d738f1b33ecf11de4ed0faea55681084789ee9678a08e,wastesorting,ours,05
experiments_logs/analysis_recent/when_what_policy_ablation_20261005_threshold_loop/00_raw/wastesorting/scene_05/ours/run_23_seed_449704548/exp_wastesorting_20260921_014650_918491.txt,710b18d930b5b0e444ce02130ea1d88038d35c5a6ce6e569b7d87b5fa14f1f16,wastesorting,ours,05
experiments_logs/analysis_recent/when_what_policy_ablation_20261005_threshold_loop/00_raw/wastesorting/scene_05/ours/run_24_seed_1253677920/exp_wastesorting_20260921_014652_430872.txt,917c6edadc738bec1d1032ac87e4107ae653d312e5ee4887548934ef1e41232c,wastesorting,ours,05
experiments_logs/analysis_recent/when_what_policy_ablation_20261005_threshold_loop/00_raw/wastesorting/scene_05/ours/run_25_seed_382724118/exp_wastesorting_20260921_014654_102992.txt,d25f81630e1b536a59b2730231a58e5a176682a7072d143188f5ee4cce0212ae,wastesorting,ours,05
experiments_logs/analysis_recent/when_what_policy_ablation_20261005_threshold_loop/00_raw/wastesorting/scene_05/ours/run_26_seed_4085569034/exp_wastesorting_20260921_014655_507610.txt,b319ee8596664bcd71c8cc5cf8c87b9720a3835d86dc35e4c5440ff0ca0b5264,wastesorting,ours,05
experiments_logs/analysis_recent/when_what_policy_ablation_20261005_threshold_loop/00_raw/wastesorting/scene_05/ours/run_27_seed_1045529480/exp_wastesorting_20260921_014657_036446.txt,202271c447e32818c9298a2b70df4c397afe2f1cb99dd3fd6d44f6dc1fe551da,wastesorting,ours,05
experiments_logs/analysis_recent/when_what_policy_ablation_20261005_threshold_loop/00_raw/wastesorting/scene_05/ours/run_28_seed_2875578355/exp_wastesorting_20260921_014658_451935.txt,b1287f54759c241f9190ca57fafe81314a336c5b8f3bda085c879e022d81e1b7,wastesorting,ours,05
experiments_logs/analysis_recent/when_what_policy_ablation_20261005_threshold_loop/00_raw/wastesorting/scene_05/ours/run_29_seed_230996701/exp_wastesorting_20260921_014659_938240.txt,eaa5126167f84cdf438f0d2d1bd5d1efce50adbff302af9556023c4896c37ddf,wastesorting,ours,05
experiments_logs/analysis_recent/when_what_policy_ablation_20261005_threshold_loop/00_raw/wastesorting/scene_05/ours/run_30_seed_4259545291/exp_wastesorting_20260921_014701_421119.txt,b834a46031454fd5ad02d01bd6228b1d95458462bdf763f7c33a17adbf72dc13,wastesorting,ours,05
experiments_logs/analysis_recent/when_what_policy_ablation_20261005_threshold_loop/00_raw/wastesorting/scene_05/ours/run_31_seed_671361218/exp_wastesorting_20260921_014702_823010.txt,6bae88a9e51f41eb3fcb7b31d4d22c3cb387e12b90c84d03310ea258ee439450,wastesorting,ours,05
experiments_logs/analysis_recent/when_what_policy_ablation_20261005_threshold_loop/00_raw/wastesorting/scene_05/ours/run_32_seed_1668817081/exp_wastesorting_20260921_014704_243160.txt,ece6974a1e5cc9c69e8583bfba4d8eb45e585507b03750079f7aec1756b649ff,wastesorting,ours,05
experiments_logs/analysis_recent/when_what_policy_ablation_20261005_threshold_loop/00_raw/wastesorting/scene_05/ours/run_33_seed_3225313600/exp_wastesorting_20260921_014705_624761.txt,b0cbbcb665d1d8f132e7df1f8d44e3aba7c50170f7760d518025896781de939f,wastesorting,ours,05
experiments_logs/analysis_recent/when_what_policy_ablation_20261005_threshold_loop/00_raw/wastesorting/scene_05/ours/run_34_seed_1380997039/exp_wastesorting_20260921_014707_025526.txt,94fa1c238432c89c051168893aa5624dd98e22668bf2ff8aaffee7a84164953e,wastesorting,ours,05
experiments_logs/analysis_recent/when_what_policy_ablation_20261005_threshold_loop/00_raw/wastesorting/scene_05/ours/run_35_seed_2300990510/exp_wastesorting_20260921_014708_411935.txt,c406adbab4c32facf1ee5f4eb01e707eab4d415820aaf10e0b402127f8eb2cc9,wastesorting,ours,05
experiments_logs/analysis_recent/when_what_policy_ablation_20261005_threshold_loop/00_raw/wastesorting/scene_05/ours/run_36_seed_2645731214/exp_wastesorting_20260921_014709_827166.txt,a2f13a243e3f8f4ffb82259241f61ecb5a630a1b83694428f2aabe6962c13a6e,wastesorting,ours,05
experiments_logs/analysis_recent/when_what_policy_ablation_20261005_threshold_loop/00_raw/wastesorting/scene_05/ours/run_37_seed_1980913558/exp_wastesorting_20260921_014711_235056.txt,b4654d92a86bf2b6f4c6998304f78d632b8148c16295883a4602e014ed4b9129,wastesorting,ours,05
experiments_logs/analysis_recent/when_what_policy_ablation_20261005_threshold_loop/00_raw/wastesorting/scene_05/ours/run_38_seed_4060354637/exp_wastesorting_20260921_014712_666468.txt,d8eeaca97f2a08f5b046d980dc6d8250308badba5101dd34b52445450e7cc8b2,wastesorting,ours,05
experiments_logs/analysis_recent/when_what_policy_ablation_20261005_threshold_loop/00_raw/wastesorting/scene_05/ours/run_39_seed_3979866682/exp_wastesorting_20260921_014714_098295.txt,68f12e45387910ea45c76ccbafc821409f0c068e8dae69f4f78ead3d393107ef,wastesorting,ours,05
experiments_logs/analysis_recent/when_what_policy_ablation_20261005_threshold_loop/00_raw/wastesorting/scene_05/ours/run_40_seed_2741241943/exp_wastesorting_20260921_014715_492508.txt,96c242f1be427544511b10cf3e66acacd0b07be31493a399fef48b23eab32400,wastesorting,ours,05
experiments_logs/analysis_recent/when_what_policy_ablation_20261005_threshold_loop/00_raw/wastesorting/scene_01/cp_when/run_01_seed_4064545001/exp_wastesorting_20260922_003932_498532.txt,b5d4093bf9920e7849ba532d19868e3608b5dcc0b7537f11e97fecdbf8054da4,wastesorting,cp_when,01
experiments_logs/analysis_recent/when_what_policy_ablation_20261005_threshold_loop/00_raw/wastesorting/scene_01/cp_when/run_02_seed_3622402991/exp_wastesorting_20260922_004001_320222.txt,12b92ade28a7894ba1fb9aa8ac539964edaa1c5eead2e47f7495106423ce9cb1,wastesorting,cp_when,01
experiments_logs/analysis_recent/when_what_policy_ablation_20261005_threshold_loop/00_raw/wastesorting/scene_01/cp_when/run_03_seed_2310768630/exp_wastesorting_20260922_004013_243471.txt,f9902d7c5a02a81ec17c5d79221f3774dfc9f5868a46d8ee1f4e69a64af0e483,wastesorting,cp_when,01
experiments_logs/analysis_recent/when_what_policy_ablation_20261005_threshold_loop/00_raw/wastesorting/scene_01/cp_when/run_04_seed_2226680570/exp_wastesorting_20260922_004038_818840.txt,ae028ec81b5b8f990001d864560e0f54136cb002ad6ada4f881d2aafcd831894,wastesorting,cp_when,01
experiments_logs/analysis_recent/when_what_policy_ablation_20261005_threshold_loop/00_raw/wastesorting/scene_01/cp_when/run_05_seed_4139245423/exp_wastesorting_20260922_004113_920994.txt,3a7420fe26b6fb42a556881372f131c22db82bc2fbfffff59ec7b572653b16d7,wastesorting,cp_when,01
experiments_logs/analysis_recent/when_what_policy_ablation_20261005_threshold_loop/00_raw/wastesorting/scene_01/cp_when/run_06_seed_3176006814/exp_wastesorting_20260922_004152_231239.txt,35bc6fc521f852d337a5ee5b59b5518febb003153b9f96101329621c39613d27,wastesorting,cp_when,01
experiments_logs/analysis_recent/when_what_policy_ablation_20261005_threshold_loop/00_raw/wastesorting/scene_01/cp_when/run_07_seed_1446821692/exp_wastesorting_20260922_004227_437140.txt,1f7d6262c2c44207365d992d7052f3e3be662c294c9980a60786d19749f4b894,wastesorting,cp_when,01
experiments_logs/analysis_recent/when_what_policy_ablation_20261005_threshold_loop/00_raw/wastesorting/scene_01/cp_when/run_08_seed_2855763027/exp_wastesorting_20260922_004302_875548.txt,b44ca188e289e70bea9a3738acd04e496cc2053274cf4d303653b6a79a012451,wastesorting,cp_when,01
experiments_logs/analysis_recent/when_what_policy_ablation_20261005_threshold_loop/00_raw/wastesorting/scene_01/cp_when/run_09_seed_3987872288/exp_wastesorting_20260922_004346_244544.txt,7ec151f02035b17831082a8fd05a1135c36130b868c9cdda8970b3e469df8aee,wastesorting,cp_when,01
experiments_logs/analysis_recent/when_what_policy_ablation_20261005_threshold_loop/00_raw/wastesorting/scene_01/cp_when/run_10_seed_3143992301/exp_wastesorting_20260922_004424_186030.txt,86f95a9cab496c153b67d89785a8d07f95a21f60678dbdb33431d6ec52f0bfa1,wastesorting,cp_when,01
experiments_logs/analysis_recent/when_what_policy_ablation_20261005_threshold_loop/00_raw/wastesorting/scene_01/cp_when/run_11_seed_304491485/exp_wastesorting_20260922_004458_964370.txt,23c8a6bbc1d6cbdc95432105df7085e68d8f7dd6e12a8596080f2bbd3a89b459,wastesorting,cp_when,01
experiments_logs/analysis_recent/when_what_policy_ablation_20261005_threshold_loop/00_raw/wastesorting/scene_01/cp_when/run_12_seed_1469124930/exp_wastesorting_20260922_004530_721670.txt,e890e97041ae4ee339decc2c4a3f29f28b5a838beec39c92d67cfde2079e7c02,wastesorting,cp_when,01
experiments_logs/analysis_recent/when_what_policy_ablation_20261005_threshold_loop/00_raw/wastesorting/scene_01/cp_when/run_13_seed_3904873952/exp_wastesorting_20260922_004603_464265.txt,7bd011a1484b97b916d45354a7f9542192613345b77a3aed755548ef382809be,wastesorting,cp_when,01
experiments_logs/analysis_recent/when_what_policy_ablation_20261005_threshold_loop/00_raw/wastesorting/scene_01/cp_when/run_14_seed_1753239905/exp_wastesorting_20260922_004632_998044.txt,a3cc934589353d4e4a94019d849e2b6ffa2aee83959b3eb6fb389a3b3c83408e,wastesorting,cp_when,01
experiments_logs/analysis_recent/when_what_policy_ablation_20261005_threshold_loop/00_raw/wastesorting/scene_01/cp_when/run_15_seed_3890046989/exp_wastesorting_20260922_004701_821007.txt,b87fa691e37b176c2a37860cd7715003c193c7de33065fce7660a74ab1862930,wastesorting,cp_when,01
experiments_logs/analysis_recent/when_what_policy_ablation_20261005_threshold_loop/00_raw/wastesorting/scene_01/cp_when/run_16_seed_4016452800/exp_wastesorting_20260922_004732_985868.txt,44c3594215c9cd3b94285298ad6efc1c71a4c1f1cd97c2441673eb920a280b8c,wastesorting,cp_when,01
experiments_logs/analysis_recent/when_what_policy_ablation_20261005_threshold_loop/00_raw/wastesorting/scene_01/cp_when/run_17_seed_1421291149/exp_wastesorting_20260922_004741_449037.txt,f6e6226f420bdd698e3beafe6c030d993d0ddfa6cab104dd0bc98ba90127baa9,wastesorting,cp_when,01
experiments_logs/analysis_recent/when_what_policy_ablation_20261005_threshold_loop/00_raw/wastesorting/scene_01/cp_when/run_18_seed_1201660994/exp_wastesorting_20260922_004751_348929.txt,6fcafdb694a04c79da47e0627b7fb802707e2a97f07f5edc99d66e63c13e2455,wastesorting,cp_when,01
experiments_logs/analysis_recent/when_what_policy_ablation_20261005_threshold_loop/00_raw/wastesorting/scene_01/cp_when/run_19_seed_2732686114/exp_wastesorting_20260922_004824_364918.txt,f848b46d78028335e9322002ead88a2a69043788020004342aa5f918791d3c0b,wastesorting,cp_when,01
experiments_logs/analysis_recent/when_what_policy_ablation_20261005_threshold_loop/00_raw/wastesorting/scene_01/cp_when/run_20_seed_3276452260/exp_wastesorting_20260922_004858_189219.txt,79560f5b49b33122eb5fc10b87e76b7ed9c18e073ed313f3a1d58b72e18fdde1,wastesorting,cp_when,01
experiments_logs/analysis_recent/when_what_policy_ablation_20261005_threshold_loop/00_raw/wastesorting/scene_01/cp_when/run_21_seed_973561137/exp_wastesorting_20260922_004911_200527.txt,4e7a2260de7426ca418c9aff02e375832481e6ea6a685d3211e8f314f8ea2c96,wastesorting,cp_when,01
experiments_logs/analysis_recent/when_what_policy_ablation_20261005_threshold_loop/00_raw/wastesorting/scene_01/cp_when/run_22_seed_221659181/exp_wastesorting_20260922_004925_015473.txt,0db0715153523289ac90fe5ca2f769eff6e359314d78f4c4636666a0cd733069,wastesorting,cp_when,01
experiments_logs/analysis_recent/when_what_policy_ablation_20261005_threshold_loop/00_raw/wastesorting/scene_01/cp_when/run_23_seed_3794435593/exp_wastesorting_20260922_004951_099321.txt,1b01b11603a02569b45a95e5f0881621188448013112f17d8d0ca33f98251123,wastesorting,cp_when,01
experiments_logs/analysis_recent/when_what_policy_ablation_20261005_threshold_loop/00_raw/wastesorting/scene_01/cp_when/run_24_seed_1062380405/exp_wastesorting_20260922_005016_198447.txt,26f0bf47ef648cda2f750a3c01b9cf08b41681f1f197daf98cdccf76a7f3a2a5,wastesorting,cp_when,01
experiments_logs/analysis_recent/when_what_policy_ablation_20261005_threshold_loop/00_raw/wastesorting/scene_01/cp_when/run_25_seed_2258604627/exp_wastesorting_20260922_005026_374142.txt,60fb928f3130c897151751b7d03964b6efc4b74addc562bba9ac0e91f31ec047,wastesorting,cp_when,01
experiments_logs/analysis_recent/when_what_policy_ablation_20261005_threshold_loop/00_raw/wastesorting/scene_01/cp_when/run_26_seed_2829245352/exp_wastesorting_20260922_005056_610238.txt,cd03f6b4333e41cbac68d197948dc202e0fc87ce99f7e06db0bdd7aef692ae38,wastesorting,cp_when,01
experiments_logs/analysis_recent/when_what_policy_ablation_20261005_threshold_loop/00_raw/wastesorting/scene_01/cp_when/run_27_seed_3940097250/exp_wastesorting_20260922_005123_432001.txt,73c44d44a603f46697056e0abc8940605fa5a0bde024baa17285450b3751045b,wastesorting,cp_when,01
experiments_logs/analysis_recent/when_what_policy_ablation_20261005_threshold_loop/00_raw/wastesorting/scene_01/cp_when/run_28_seed_2295953812/exp_wastesorting_20260922_005147_738842.txt,71dae44c40b59baac0212f8c914357657b9fbf5638f6e753596bb034cc40882c,wastesorting,cp_when,01
experiments_logs/analysis_recent/when_what_policy_ablation_20261005_threshold_loop/00_raw/wastesorting/scene_01/cp_when/run_29_seed_1147340016/exp_wastesorting_20260922_005226_950307.txt,723b236dd7b825c8f834690028f36ed1329ad827d160f83630f5dcc76d679283,wastesorting,cp_when,01
experiments_logs/analysis_recent/when_what_policy_ablation_20261005_threshold_loop/00_raw/wastesorting/scene_01/cp_when/run_30_seed_3656921932/exp_wastesorting_20260922_005253_000876.txt,ec1cb828bebd43f92961016f44823b7ad39890be03d8d7fe86ef480b990e2d16,wastesorting,cp_when,01
experiments_logs/analysis_recent/when_what_policy_ablation_20261005_threshold_loop/00_raw/wastesorting/scene_01/cp_when/run_31_seed_834664221/exp_wastesorting_20260922_005326_385351.txt,cc0282f3d5f88c96ba4ee480c72d5488ca25cd6c26c748211231e3f46b477e67,wastesorting,cp_when,01
experiments_logs/analysis_recent/when_what_policy_ablation_20261005_threshold_loop/00_raw/wastesorting/scene_01/cp_when/run_32_seed_2566599462/exp_wastesorting_20260922_005340_884594.txt,444ffbef950a114f9ad61aac7fdff0a167b8aacabf3f62ccf4d37187af9dbfbd,wastesorting,cp_when,01
experiments_logs/analysis_recent/when_what_policy_ablation_20261005_threshold_loop/00_raw/wastesorting/scene_01/cp_when/run_33_seed_481330159/exp_wastesorting_20260922_005407_097730.txt,fe6b0575458f4fe89b6e8a30334f964e18fd4e0d38396b16303bc1d7bac0f659,wastesorting,cp_when,01
experiments_logs/analysis_recent/when_what_policy_ablation_20261005_threshold_loop/00_raw/wastesorting/scene_01/cp_when/run_34_seed_3722475659/exp_wastesorting_20260922_005430_692039.txt,cc0776d15335388e0589ac14078f2d3862427923aa7536c031ed41385698c26b,wastesorting,cp_when,01
experiments_logs/analysis_recent/when_what_policy_ablation_20261005_threshold_loop/00_raw/wastesorting/scene_01/cp_when/run_35_seed_3267154761/exp_wastesorting_20260922_005457_281017.txt,87fac635f741909b925aa894c3c8f80ec94caa1ca138a4246b7d15beaca3bc2b,wastesorting,cp_when,01
experiments_logs/analysis_recent/when_what_policy_ablation_20261005_threshold_loop/00_raw/wastesorting/scene_01/cp_when/run_36_seed_2062582486/exp_wastesorting_20260922_005523_150435.txt,2dd6540733e8f4358dfdc3949105134d1773a0abf5a32b220a67fb17c0d17df2,wastesorting,cp_when,01
experiments_logs/analysis_recent/when_what_policy_ablation_20261005_threshold_loop/00_raw/wastesorting/scene_01/cp_when/run_37_seed_4001804605/exp_wastesorting_20260922_005548_049862.txt,ed1373a53255478cfad9f291c8656434c496262b3bd21d0f3200ff1565381c69,wastesorting,cp_when,01
experiments_logs/analysis_recent/when_what_policy_ablation_20261005_threshold_loop/00_raw/wastesorting/scene_01/cp_when/run_38_seed_3175035907/exp_wastesorting_20260922_005620_852978.txt,ceb50d82212dd6a140b114ae9dbc2861ee0de9d9ffb63d6396b5a25d7ac81325,wastesorting,cp_when,01
experiments_logs/analysis_recent/when_what_policy_ablation_20261005_threshold_loop/00_raw/wastesorting/scene_01/cp_when/run_39_seed_3156193605/exp_wastesorting_20260922_005649_532673.txt,0a40656c8496913c7d81edaf6fb87799f795c16c8dcca2127d504d8fbb71d4b7,wastesorting,cp_when,01
experiments_logs/analysis_recent/when_what_policy_ablation_20261005_threshold_loop/00_raw/wastesorting/scene_01/cp_when/run_40_seed_3862245153/exp_wastesorting_20260922_005718_651064.txt,feb1d82b58e4820f78db72560b665ef7d64f7e59dd11b31c79e3821f424929bd,wastesorting,cp_when,01
experiments_logs/analysis_recent/when_what_policy_ablation_20261005_threshold_loop/00_raw/wastesorting/scene_02/cp_when/run_01_seed_2156641990/exp_wastesorting_20260922_005726_818218.txt,61281793d925b3ac9d4ee294f02e9e1ab21b31fb58409fb1561d4ca4efd3f5df,wastesorting,cp_when,02
experiments_logs/analysis_recent/when_what_policy_ablation_20261005_threshold_loop/00_raw/wastesorting/scene_02/cp_when/run_02_seed_715488211/exp_wastesorting_20260922_005800_384995.txt,5898363e9b2ac8424b218997a85ae4516cb4264d2149f44b13ccbf7a12f09462,wastesorting,cp_when,02
experiments_logs/analysis_recent/when_what_policy_ablation_20261005_threshold_loop/00_raw/wastesorting/scene_02/cp_when/run_03_seed_1273456514/exp_wastesorting_20260922_005836_060139.txt,8127efe05a3e5e5cf7792143a3bf7b4ce62b489c28c4cd792e68ed7619952863,wastesorting,cp_when,02
experiments_logs/analysis_recent/when_what_policy_ablation_20261005_threshold_loop/00_raw/wastesorting/scene_02/cp_when/run_04_seed_1679391382/exp_wastesorting_20260922_005908_646799.txt,ce91cfe1e033babc40350e388884fca0fc198885ed98e23a2a69f41503c38503,wastesorting,cp_when,02
experiments_logs/analysis_recent/when_what_policy_ablation_20261005_threshold_loop/00_raw/wastesorting/scene_02/cp_when/run_05_seed_1315496753/exp_wastesorting_20260922_005937_610460.txt,3b62d6aae700b18ba3fbf17202cbf164786b60047e9293fc9dc5b232beeed3b9,wastesorting,cp_when,02
experiments_logs/analysis_recent/when_what_policy_ablation_20261005_threshold_loop/00_raw/wastesorting/scene_02/cp_when/run_06_seed_3794247199/exp_wastesorting_20260922_010001_935429.txt,97d80d3adfd3e5017b0cc69c7e4046daccc68aa20e98276bd74b1bf78fed982f,wastesorting,cp_when,02
experiments_logs/analysis_recent/when_what_policy_ablation_20261005_threshold_loop/00_raw/wastesorting/scene_02/cp_when/run_07_seed_2628956077/exp_wastesorting_20260922_010029_216750.txt,f0e44c34e8c682bca585980bd8d97518cd9050cfabd4741f4550a14816cad4c5,wastesorting,cp_when,02
experiments_logs/analysis_recent/when_what_policy_ablation_20261005_threshold_loop/00_raw/wastesorting/scene_02/cp_when/run_08_seed_1669852028/exp_wastesorting_20260922_010042_593818.txt,e46bf62d704f021dcbadc7a89408efa95efb6cb4cabc156992f33c5dca9c0631,wastesorting,cp_when,02
experiments_logs/analysis_recent/when_what_policy_ablation_20261005_threshold_loop/00_raw/wastesorting/scene_02/cp_when/run_09_seed_2314118130/exp_wastesorting_20260922_010109_507159.txt,a2964ebdfb4eb6182c94e1b8a55ff25616e9ee96eba2ff57bc948272ca9ed5ea,wastesorting,cp_when,02
experiments_logs/analysis_recent/when_what_policy_ablation_20261005_threshold_loop/00_raw/wastesorting/scene_02/cp_when/run_10_seed_1150653687/exp_wastesorting_20260922_010144_996798.txt,d9c307252fc541a32653a69cca5cc9f422cb0c760c77e9dec9c201b0dae024ba,wastesorting,cp_when,02
experiments_logs/analysis_recent/when_what_policy_ablation_20261005_threshold_loop/00_raw/wastesorting/scene_02/cp_when/run_11_seed_3820178410/exp_wastesorting_20260922_010213_692480.txt,5aa77a3295b5e6ba5c86f86c17370950ac83e14e4ca149a6a5417dfee3f92aae,wastesorting,cp_when,02
experiments_logs/analysis_recent/when_what_policy_ablation_20261005_threshold_loop/00_raw/wastesorting/scene_02/cp_when/run_12_seed_1684512935/exp_wastesorting_20260922_010252_242371.txt,bcef7b92d59810b512f927f868612673035591152757b9d63df436946d6ecd77,wastesorting,cp_when,02
experiments_logs/analysis_recent/when_what_policy_ablation_20261005_threshold_loop/00_raw/wastesorting/scene_02/cp_when/run_13_seed_800159661/exp_wastesorting_20260922_010320_717657.txt,ed1e88254bff142a95a840124275ba478f9816c44d1ac4a63696159cd1192389,wastesorting,cp_when,02
experiments_logs/analysis_recent/when_what_policy_ablation_20261005_threshold_loop/00_raw/wastesorting/scene_02/cp_when/run_14_seed_3132007216/exp_wastesorting_20260922_010354_435798.txt,59a3f013cb0a0dbec2c86f94d2db0955019fe9872fee1ac2c51efa04426f4100,wastesorting,cp_when,02
experiments_logs/analysis_recent/when_what_policy_ablation_20261005_threshold_loop/00_raw/wastesorting/scene_02/cp_when/run_15_seed_431660203/exp_wastesorting_20260922_010417_584497.txt,5706d9cfd3dc2a12d18e373128435349376d587cfb81eed42839623f662568cd,wastesorting,cp_when,02
experiments_logs/analysis_recent/when_what_policy_ablation_20261005_threshold_loop/00_raw/wastesorting/scene_02/cp_when/run_16_seed_4052769592/exp_wastesorting_20260922_010436_466740.txt,e5da0e029e7ca005af08200fd50299f679b0365571467b86f5d2647766e37396,wastesorting,cp_when,02
experiments_logs/analysis_recent/when_what_policy_ablation_20261005_threshold_loop/00_raw/wastesorting/scene_02/cp_when/run_17_seed_1116766657/exp_wastesorting_20260922_010458_816047.txt,2a338e0d1eff505f3b733d5d8ed95f6bcdc033b94768fa69db9f62ce74a8c39d,wastesorting,cp_when,02
experiments_logs/analysis_recent/when_what_policy_ablation_20261005_threshold_loop/00_raw/wastesorting/scene_02/cp_when/run_18_seed_1960486937/exp_wastesorting_20260922_010526_031910.txt,f12551d18154d174923d85038037335724a16329e805c6bb4fb2bbeff6b24998,wastesorting,cp_when,02
experiments_logs/analysis_recent/when_what_policy_ablation_20261005_threshold_loop/00_raw/wastesorting/scene_02/cp_when/run_19_seed_1185595584/exp_wastesorting_20260922_010536_881474.txt,0451046906e6548442a511efaa43e135e0712b5d02548219a51d43d6880ab1ef,wastesorting,cp_when,02
experiments_logs/analysis_recent/when_what_policy_ablation_20261005_threshold_loop/00_raw/wastesorting/scene_02/cp_when/run_20_seed_2175442287/exp_wastesorting_20260922_010606_241489.txt,4e2742509848c3aa41b021150ce28eb5cee88fe053b441ec1c55e9fb52153bc6,wastesorting,cp_when,02
experiments_logs/analysis_recent/when_what_policy_ablation_20261005_threshold_loop/00_raw/wastesorting/scene_02/cp_when/run_21_seed_1478189300/exp_wastesorting_20260922_010633_556824.txt,37b822cbc223cfde11d20782d07872cb1da1595e82308836867efe98198aeca6,wastesorting,cp_when,02
experiments_logs/analysis_recent/when_what_policy_ablation_20261005_threshold_loop/00_raw/wastesorting/scene_02/cp_when/run_22_seed_2497538083/exp_wastesorting_20260922_010704_284528.txt,e65e66d13956721b802bf1aba7520e57cec0b7a8d0e05da4a41e2a8645421fcc,wastesorting,cp_when,02
experiments_logs/analysis_recent/when_what_policy_ablation_20261005_threshold_loop/00_raw/wastesorting/scene_02/cp_when/run_23_seed_92232459/exp_wastesorting_20260922_010735_476445.txt,da4bcee1d3fec146590bd21e5903fad85e6b8ea59635138cdcaae691c6579c0e,wastesorting,cp_when,02
experiments_logs/analysis_recent/when_what_policy_ablation_20261005_threshold_loop/00_raw/wastesorting/scene_02/cp_when/run_24_seed_3750062435/exp_wastesorting_20260922_010802_561802.txt,17a102e1d9be8d6cf4f4e9aa109cef9e22a66b1af96be896cb9149e619bcdb5b,wastesorting,cp_when,02
experiments_logs/analysis_recent/when_what_policy_ablation_20261005_threshold_loop/00_raw/wastesorting/scene_02/cp_when/run_25_seed_3666558197/exp_wastesorting_20260922_010842_527677.txt,32606ee81b7ad7f5e8c3c6707264586ee885cbfed5c899d71939c7d41a2e5a12,wastesorting,cp_when,02
experiments_logs/analysis_recent/when_what_policy_ablation_20261005_threshold_loop/00_raw/wastesorting/scene_02/cp_when/run_26_seed_4053942929/exp_wastesorting_20260922_010917_853422.txt,e23658dd048cc0fe59af4e420af567c98d118eacfc6cea94b4d44ed355af3a0e,wastesorting,cp_when,02
experiments_logs/analysis_recent/when_what_policy_ablation_20261005_threshold_loop/00_raw/wastesorting/scene_02/cp_when/run_27_seed_1014673370/exp_wastesorting_20260922_010957_594481.txt,ea793bb44cd6fc0d0a3e6ee9980519f9d40388d066987ce07af452e7f2fead48,wastesorting,cp_when,02
experiments_logs/analysis_recent/when_what_policy_ablation_20261005_threshold_loop/00_raw/wastesorting/scene_02/cp_when/run_28_seed_3041513348/exp_wastesorting_20260922_011028_199429.txt,2fe90a86bcb7014ff860f6643cbed3b8b419234e78684953a61761b09ba2401a,wastesorting,cp_when,02
experiments_logs/analysis_recent/when_what_policy_ablation_20261005_threshold_loop/00_raw/wastesorting/scene_02/cp_when/run_29_seed_3100998094/exp_wastesorting_20260922_011035_654598.txt,23de473794bde78285f6b8135fae2c83e573b441dc243ee4f23bfb17eb3bb703,wastesorting,cp_when,02
experiments_logs/analysis_recent/when_what_policy_ablation_20261005_threshold_loop/00_raw/wastesorting/scene_02/cp_when/run_30_seed_2006819571/exp_wastesorting_20260922_011101_629169.txt,17607e8ceea9c92b01004e97f19580bbcd4112ecc303766429dc2a5a01897d09,wastesorting,cp_when,02
experiments_logs/analysis_recent/when_what_policy_ablation_20261005_threshold_loop/00_raw/wastesorting/scene_02/cp_when/run_31_seed_604661570/exp_wastesorting_20260922_011132_583204.txt,6734390304ec46872549982c7109d635942311f8d8e422033533c4b224a9cfa0,wastesorting,cp_when,02
experiments_logs/analysis_recent/when_what_policy_ablation_20261005_threshold_loop/00_raw/wastesorting/scene_02/cp_when/run_32_seed_1859675682/exp_wastesorting_20260922_011201_185696.txt,6906b0cb4afb99e3151e1032ea24670b9ee668a8a27435cae56d965a41ae0d37,wastesorting,cp_when,02
experiments_logs/analysis_recent/when_what_policy_ablation_20261005_threshold_loop/00_raw/wastesorting/scene_02/cp_when/run_33_seed_2681088983/exp_wastesorting_20260922_011224_417587.txt,0018e56b6db4effa18c5d68da123e22a297e548ac4a5505c7c13e71e02ca54b4,wastesorting,cp_when,02
experiments_logs/analysis_recent/when_what_policy_ablation_20261005_threshold_loop/00_raw/wastesorting/scene_02/cp_when/run_34_seed_2903446598/exp_wastesorting_20260922_011252_610518.txt,df6c9e12b4d0a5de0d5d2ac111ebeaa64616ff51478d44c0c160345d61471b59,wastesorting,cp_when,02
experiments_logs/analysis_recent/when_what_policy_ablation_20261005_threshold_loop/00_raw/wastesorting/scene_02/cp_when/run_35_seed_4138266715/exp_wastesorting_20260922_011328_728717.txt,12911044ca98a22372446672a55c79be796aafc66d49dffeb3137d1f06fc54e3,wastesorting,cp_when,02
experiments_logs/analysis_recent/when_what_policy_ablation_20261005_threshold_loop/00_raw/wastesorting/scene_02/cp_when/run_36_seed_3361930932/exp_wastesorting_20260922_011402_449113.txt,56e21318d87b3f28dcce3169335f8d02759450cf9f6ff67dce1b076b9b3e0c7d,wastesorting,cp_when,02
experiments_logs/analysis_recent/when_what_policy_ablation_20261005_threshold_loop/00_raw/wastesorting/scene_02/cp_when/run_37_seed_2679542969/exp_wastesorting_20260922_011440_433032.txt,d7edf0b0d2494ecd56b81fed27f62140d76d9bdc0eb6727490effc0b852e6022,wastesorting,cp_when,02
experiments_logs/analysis_recent/when_what_policy_ablation_20261005_threshold_loop/00_raw/wastesorting/scene_02/cp_when/run_38_seed_1191125615/exp_wastesorting_20260922_011456_480425.txt,bad9c5e53f4989d4523275b0f06838c7d703c31f1b03fedb9cb4b000d96cd3f7,wastesorting,cp_when,02
experiments_logs/analysis_recent/when_what_policy_ablation_20261005_threshold_loop/00_raw/wastesorting/scene_02/cp_when/run_39_seed_2226175700/exp_wastesorting_20260922_011529_566834.txt,b7013780a41b202387a2b53cfc5068212c570f4e322778554fbb4b698c5701db,wastesorting,cp_when,02
experiments_logs/analysis_recent/when_what_policy_ablation_20261005_threshold_loop/00_raw/wastesorting/scene_02/cp_when/run_40_seed_3749131969/exp_wastesorting_20260922_011556_604631.txt,64ed8e77c30c7bbc1a114b12c4b6373f55afb3a67b690ff2ffb84a9715926392,wastesorting,cp_when,02
experiments_logs/analysis_recent/when_what_policy_ablation_20261005_threshold_loop/00_raw/wastesorting/scene_03/cp_when/run_01_seed_935228514/exp_wastesorting_20260922_011625_460293.txt,08869ecdd55a5a455a1668bc84106323894c14440179f90cb0d6947eaacafd04,wastesorting,cp_when,03
experiments_logs/analysis_recent/when_what_policy_ablation_20261005_threshold_loop/00_raw/wastesorting/scene_03/cp_when/run_02_seed_1971182115/exp_wastesorting_20260922_011647_653198.txt,04d18cf698835294339711521d08bb552ffc81b1de5e52658d6434ae6f9c558e,wastesorting,cp_when,03
experiments_logs/analysis_recent/when_what_policy_ablation_20261005_threshold_loop/00_raw/wastesorting/scene_03/cp_when/run_03_seed_2394637227/exp_wastesorting_20260922_011722_586821.txt,d86287aef58e08eb1e8e67b3ca3dff5478c17364e00ec4fd1f8458c67f05b1ab,wastesorting,cp_when,03
experiments_logs/analysis_recent/when_what_policy_ablation_20261005_threshold_loop/00_raw/wastesorting/scene_03/cp_when/run_04_seed_3544407771/exp_wastesorting_20260922_011753_285640.txt,22e52ebd7824eefb16fb21a7893275282b8e67e2c4e6454420405b56fef7dc68,wastesorting,cp_when,03
experiments_logs/analysis_recent/when_what_policy_ablation_20261005_threshold_loop/00_raw/wastesorting/scene_03/cp_when/run_05_seed_151419445/exp_wastesorting_20260922_011831_524296.txt,1aaf8001468e4c26bc5080ccbeb99401aee613aa5c376c58fa2fd0d368d8a7d6,wastesorting,cp_when,03
experiments_logs/analysis_recent/when_what_policy_ablation_20261005_threshold_loop/00_raw/wastesorting/scene_03/cp_when/run_06_seed_878097152/exp_wastesorting_20260922_011910_759004.txt,90b687d440d47ff956d36b737af949e70603a15371eac03da5ea00e4310cdb73,wastesorting,cp_when,03
experiments_logs/analysis_recent/when_what_policy_ablation_20261005_threshold_loop/00_raw/wastesorting/scene_03/cp_when/run_07_seed_2160290877/exp_wastesorting_20260922_011942_192934.txt,609ad8d62fcfb012689e1047b19d46bbaf14e399c1dbc6b260c4e32fd1e9bf62,wastesorting,cp_when,03
experiments_logs/analysis_recent/when_what_policy_ablation_20261005_threshold_loop/00_raw/wastesorting/scene_03/cp_when/run_08_seed_1263200062/exp_wastesorting_20260922_012013_145837.txt,5be277167be7cfb267ab174cc8f4c35b4f6a5a37fe77c3226e21b248243b2197,wastesorting,cp_when,03
experiments_logs/analysis_recent/when_what_policy_ablation_20261005_threshold_loop/00_raw/wastesorting/scene_03/cp_when/run_09_seed_2442584840/exp_wastesorting_20260922_012041_085794.txt,aeb02aae6cb7c97e9d38f6013a4626e549f4a548fea9d3410693ed413cc9badc,wastesorting,cp_when,03
experiments_logs/analysis_recent/when_what_policy_ablation_20261005_threshold_loop/00_raw/wastesorting/scene_03/cp_when/run_10_seed_995062266/exp_wastesorting_20260922_012115_555015.txt,5c25e570bc45f122918bd71f903346dea0b0d5d53f0bef02c874f30ce778210a,wastesorting,cp_when,03
experiments_logs/analysis_recent/when_what_policy_ablation_20261005_threshold_loop/00_raw/wastesorting/scene_03/cp_when/run_11_seed_1757091912/exp_wastesorting_20260922_012142_658401.txt,002a4e6add43a5638b0dd6d11b8a4e56d8411de1a3b3cf2dde6da1486b4b2d71,wastesorting,cp_when,03
experiments_logs/analysis_recent/when_what_policy_ablation_20261005_threshold_loop/00_raw/wastesorting/scene_03/cp_when/run_12_seed_703706258/exp_wastesorting_20260922_012155_140978.txt,97034ffa963b097ad28c393802a7a2d61083d7753c2f9ee75a91ae4cb6ce1c84,wastesorting,cp_when,03
experiments_logs/analysis_recent/when_what_policy_ablation_20261005_threshold_loop/00_raw/wastesorting/scene_03/cp_when/run_13_seed_3734705447/exp_wastesorting_20260922_012234_681614.txt,8085e5815f8447f9f99b14c92aeef25564e43ff209dddf446ef1e17dc9445193,wastesorting,cp_when,03
experiments_logs/analysis_recent/when_what_policy_ablation_20261005_threshold_loop/00_raw/wastesorting/scene_03/cp_when/run_14_seed_808931924/exp_wastesorting_20260922_012303_214093.txt,edf5e83213c977d551c2c746a5962ec1a476c1c42f50d70b86aa768e273394fd,wastesorting,cp_when,03
experiments_logs/analysis_recent/when_what_policy_ablation_20261005_threshold_loop/00_raw/wastesorting/scene_03/cp_when/run_15_seed_1010706734/exp_wastesorting_20260922_012333_284719.txt,0317852c9f37a30ec1d387124e22029289b7c1f8c3d284d2ef971d0809a827de,wastesorting,cp_when,03
experiments_logs/analysis_recent/when_what_policy_ablation_20261005_threshold_loop/00_raw/wastesorting/scene_03/cp_when/run_16_seed_1790509877/exp_wastesorting_20260922_012404_550392.txt,d604ebe245037a1005648fc17b485ea4cded2e2645ba62ea519a7c218da0e651,wastesorting,cp_when,03
experiments_logs/analysis_recent/when_what_policy_ablation_20261005_threshold_loop/00_raw/wastesorting/scene_03/cp_when/run_17_seed_1862543915/exp_wastesorting_20260922_012430_968986.txt,b9d4353ba6678026e1e1ffc5165646878fb6483ccbdca44887cdd010dff2482b,wastesorting,cp_when,03
experiments_logs/analysis_recent/when_what_policy_ablation_20261005_threshold_loop/00_raw/wastesorting/scene_03/cp_when/run_18_seed_2836132436/exp_wastesorting_20260922_012506_123318.txt,87ca2e093204281248ca18996fc1c661cda47753424b4922939e16d22b3faf8b,wastesorting,cp_when,03
experiments_logs/analysis_recent/when_what_policy_ablation_20261005_threshold_loop/00_raw/wastesorting/scene_03/cp_when/run_19_seed_4248209127/exp_wastesorting_20260922_012534_950495.txt,632ae3f7da4b9d02b1cd05cddb0bb923dfd1b2d27370cdff1c7125f9878a73aa,wastesorting,cp_when,03
experiments_logs/analysis_recent/when_what_policy_ablation_20261005_threshold_loop/00_raw/wastesorting/scene_03/cp_when/run_20_seed_1312241461/exp_wastesorting_20260922_012614_204071.txt,212bbd03e91463857929492f7843258f0060c31643955c5e08deae369cc2c2fa,wastesorting,cp_when,03
experiments_logs/analysis_recent/when_what_policy_ablation_20261005_threshold_loop/00_raw/wastesorting/scene_03/cp_when/run_21_seed_1849750684/exp_wastesorting_20260922_012640_591836.txt,4ba28c80c533977224b0e8b9ff8aa3e6e6e75439cc9853c878f22c8aec6fddf4,wastesorting,cp_when,03
experiments_logs/analysis_recent/when_what_policy_ablation_20261005_threshold_loop/00_raw/wastesorting/scene_03/cp_when/run_22_seed_3532582087/exp_wastesorting_20260922_012705_305144.txt,faf93021f2a3ab3b0b416260fd8ea887a3386ac05bf67506a8dcd52b7ad5b19b,wastesorting,cp_when,03
experiments_logs/analysis_recent/when_what_policy_ablation_20261005_threshold_loop/00_raw/wastesorting/scene_03/cp_when/run_23_seed_1682900593/console.log,886f5bc22e9ba6fe782f1ba4c5a1d07768e82fed08e63503c6242631d0afa334,wastesorting,cp_when,03
experiments_logs/analysis_recent/when_what_policy_ablation_20261005_threshold_loop/00_raw/wastesorting/scene_03/cp_when/run_24_seed_2815362486/exp_wastesorting_20260922_012722_881569.txt,8b8f2012a349bc30ea27b01c64a7894833dd8bf5a8311138f8142ccfa7c44b6f,wastesorting,cp_when,03
experiments_logs/analysis_recent/when_what_policy_ablation_20261005_threshold_loop/00_raw/wastesorting/scene_03/cp_when/run_25_seed_408728855/exp_wastesorting_20260922_012806_094187.txt,208f96526e0ef5923d1517dac7cfbed9caeda785d0d1a812828dacc565b4624c,wastesorting,cp_when,03
experiments_logs/analysis_recent/when_what_policy_ablation_20261005_threshold_loop/00_raw/wastesorting/scene_03/cp_when/run_26_seed_2192330955/exp_wastesorting_20260922_012851_517660.txt,7923bb5029c41902617dfc1293a8ef1b17a128c2492123ba6f7158d2aa68944f,wastesorting,cp_when,03
experiments_logs/analysis_recent/when_what_policy_ablation_20261005_threshold_loop/00_raw/wastesorting/scene_03/cp_when/run_27_seed_2090573975/exp_wastesorting_20260922_012918_369531.txt,8e72c5220cbaebfc1f6ffa41a4b3e2cb711326314cdf329b35dd14a2562fd5db,wastesorting,cp_when,03
experiments_logs/analysis_recent/when_what_policy_ablation_20261005_threshold_loop/00_raw/wastesorting/scene_03/cp_when/run_28_seed_1932548607/exp_wastesorting_20260922_012944_950860.txt,0134130a57cba82d3d43e592fa4551b96d4c1b3222ae44e210fa64aa4d522038,wastesorting,cp_when,03
experiments_logs/analysis_recent/when_what_policy_ablation_20261005_threshold_loop/00_raw/wastesorting/scene_03/cp_when/run_29_seed_1123572063/exp_wastesorting_20260922_013013_151962.txt,c13cd39da3cf35e08fd3409cf28d331d57df90d8d10793ac67aad03f95e3d1ff,wastesorting,cp_when,03
experiments_logs/analysis_recent/when_what_policy_ablation_20261005_threshold_loop/00_raw/wastesorting/scene_03/cp_when/run_30_seed_4128056421/exp_wastesorting_20260922_013049_072692.txt,3da675593aa266bcae4ca24fd51cd1685c6bc0c220076d68b927dfe266d04bc3,wastesorting,cp_when,03
experiments_logs/analysis_recent/when_what_policy_ablation_20261005_threshold_loop/00_raw/wastesorting/scene_03/cp_when/run_31_seed_428908864/exp_wastesorting_20260922_013120_142175.txt,792702fc0856a99d6e1a44bd2e7e672ad44dbd64bd2d3d4487adb63af580d577,wastesorting,cp_when,03
experiments_logs/analysis_recent/when_what_policy_ablation_20261005_threshold_loop/00_raw/wastesorting/scene_03/cp_when/run_32_seed_3643526193/exp_wastesorting_20260922_013156_361863.txt,f42852c65d24a601d43dd52721415598f40396ca4da697779b07e304c58d0f00,wastesorting,cp_when,03
experiments_logs/analysis_recent/when_what_policy_ablation_20261005_threshold_loop/00_raw/wastesorting/scene_03/cp_when/run_33_seed_3925417317/exp_wastesorting_20260922_013209_709140.txt,55528de951827176c8c6130d0609605ec2992d3da014167902999311dafc9380,wastesorting,cp_when,03
experiments_logs/analysis_recent/when_what_policy_ablation_20261005_threshold_loop/00_raw/wastesorting/scene_03/cp_when/run_34_seed_3952233946/exp_wastesorting_20260922_013244_495032.txt,22b2834cc9e4881283a38a791f8ee0195710744ca054eea3c623d0ea52efc92d,wastesorting,cp_when,03
experiments_logs/analysis_recent/when_what_policy_ablation_20261005_threshold_loop/00_raw/wastesorting/scene_03/cp_when/run_35_seed_3772505736/exp_wastesorting_20260922_013319_515429.txt,2ddbd9825d1714ddc4a109aeaedb4ec88777d293edf735d4ce54a8a776f56e8f,wastesorting,cp_when,03
experiments_logs/analysis_recent/when_what_policy_ablation_20261005_threshold_loop/00_raw/wastesorting/scene_03/cp_when/run_36_seed_2200107462/exp_wastesorting_20260922_013356_461694.txt,00934d9f24b91d6ebe9d08b9d3e15853d97dda2faafd0bae58894441425243e1,wastesorting,cp_when,03
experiments_logs/analysis_recent/when_what_policy_ablation_20261005_threshold_loop/00_raw/wastesorting/scene_03/cp_when/run_37_seed_1065524053/exp_wastesorting_20260922_013440_340568.txt,7dc91e7413aafae7c6bde9a53e3d52f27eb935982f44cfc1b11014a0e43638d9,wastesorting,cp_when,03
experiments_logs/analysis_recent/when_what_policy_ablation_20261005_threshold_loop/00_raw/wastesorting/scene_03/cp_when/run_38_seed_1429072852/exp_wastesorting_20260922_013511_161163.txt,1e42da0fab8cc817d5793845def62a762fc4be763b8b2f3d072ce511ed69f311,wastesorting,cp_when,03
experiments_logs/analysis_recent/when_what_policy_ablation_20261005_threshold_loop/00_raw/wastesorting/scene_03/cp_when/run_39_seed_1198822842/exp_wastesorting_20260922_013553_030845.txt,fe0d92f8237c2a69b953aec25c46473b0d5fdff1dc965cc06cdc4fff22c184cc,wastesorting,cp_when,03
experiments_logs/analysis_recent/when_what_policy_ablation_20261005_threshold_loop/00_raw/wastesorting/scene_03/cp_when/run_40_seed_864565644/exp_wastesorting_20260922_013639_827440.txt,324c69aaa34fc8bbd6a24e45b058f14f837a0284d5df4211920122ed36a1ddea,wastesorting,cp_when,03
experiments_logs/analysis_recent/when_what_policy_ablation_20261005_threshold_loop/00_raw/wastesorting/scene_04/cp_when/run_01_seed_3291161639/exp_wastesorting_20260922_013719_456948.txt,89657f8faf3502dd42e6ad27a02414a8342d684abdfedeabbe5bdec8859b1330,wastesorting,cp_when,04
experiments_logs/analysis_recent/when_what_policy_ablation_20261005_threshold_loop/00_raw/wastesorting/scene_04/cp_when/run_02_seed_1838985415/exp_wastesorting_20260922_013745_302715.txt,af986f4b49ba9ea2c983f3324c0a59c21238a34a254fce0ba6e6f2170f78ae26,wastesorting,cp_when,04
experiments_logs/analysis_recent/when_what_policy_ablation_20261005_threshold_loop/00_raw/wastesorting/scene_04/cp_when/run_03_seed_1973069430/exp_wastesorting_20260922_013810_851719.txt,0fe17db9fa4b5ae953a11005852970a621489d58d07d22a5d81e224b09497e96,wastesorting,cp_when,04
experiments_logs/analysis_recent/when_what_policy_ablation_20261005_threshold_loop/00_raw/wastesorting/scene_04/cp_when/run_04_seed_414427021/exp_wastesorting_20260922_013844_496705.txt,1e418401779df67ae771ad01cfd4d141db5f0e7119e318ed16de8517fa6c64c5,wastesorting,cp_when,04
experiments_logs/analysis_recent/when_what_policy_ablation_20261005_threshold_loop/00_raw/wastesorting/scene_04/cp_when/run_05_seed_3201562577/exp_wastesorting_20260922_013916_966397.txt,5bd33706a81f230b4d0660788b1e0b625163110e1523666cb94bc16100fb2916,wastesorting,cp_when,04
experiments_logs/analysis_recent/when_what_policy_ablation_20261005_threshold_loop/00_raw/wastesorting/scene_04/cp_when/run_06_seed_2350780499/exp_wastesorting_20260922_013949_579147.txt,188cdcd93ea1aee0a45aec77df52a981facf0f2a1d8037d500f3dcfa9f2978c2,wastesorting,cp_when,04
experiments_logs/analysis_recent/when_what_policy_ablation_20261005_threshold_loop/00_raw/wastesorting/scene_04/cp_when/run_07_seed_2401657902/exp_wastesorting_20260922_013959_386585.txt,0e4571f9509b249b669f24d3528a381fe2396bc133ed9736e6a8324f725296b2,wastesorting,cp_when,04
experiments_logs/analysis_recent/when_what_policy_ablation_20261005_threshold_loop/00_raw/wastesorting/scene_04/cp_when/run_08_seed_3182553066/exp_wastesorting_20260922_014031_699678.txt,168eb046395da1aac1697b02aff31a07605ebf6de273c51994d4968c972f319a,wastesorting,cp_when,04
experiments_logs/analysis_recent/when_what_policy_ablation_20261005_threshold_loop/00_raw/wastesorting/scene_04/cp_when/run_09_seed_1147895942/exp_wastesorting_20260922_014102_076793.txt,e665bd4da409d89e42eb35586c55e2ebf21b65fdeb74668ac2ec609899d69930,wastesorting,cp_when,04
experiments_logs/analysis_recent/when_what_policy_ablation_20261005_threshold_loop/00_raw/wastesorting/scene_04/cp_when/run_10_seed_472386282/exp_wastesorting_20260922_014113_557501.txt,601429deb6630c5b4b60c5489b609fe9067dc464a7b46bb20dcf47db56a46f28,wastesorting,cp_when,04
experiments_logs/analysis_recent/when_what_policy_ablation_20261005_threshold_loop/00_raw/wastesorting/scene_04/cp_when/run_11_seed_558605806/exp_wastesorting_20260922_014148_142829.txt,8c2e12b642869d3643039a744732054b3f3e0735cb20df21efdbfaf01443dedd,wastesorting,cp_when,04
experiments_logs/analysis_recent/when_what_policy_ablation_20261005_threshold_loop/00_raw/wastesorting/scene_04/cp_when/run_12_seed_3110233099/exp_wastesorting_20260922_014221_981683.txt,d8112511a816647efa67c4cffcab8dc178bc6f8c1aff3e159683deae2f70fb42,wastesorting,cp_when,04
experiments_logs/analysis_recent/when_what_policy_ablation_20261005_threshold_loop/00_raw/wastesorting/scene_04/cp_when/run_13_seed_1105776053/exp_wastesorting_20260922_014254_171420.txt,5b8f47277ca2d30277d641adff82cbbcb2286e47efcf402a842cb4bf4e56507a,wastesorting,cp_when,04
experiments_logs/analysis_recent/when_what_policy_ablation_20261005_threshold_loop/00_raw/wastesorting/scene_04/cp_when/run_14_seed_3718837247/exp_wastesorting_20260922_014320_763611.txt,fe3c9409319d661c13b11c9de9c2d6ea36ecf2c7d294bdcff013bfdb5e6c51c0,wastesorting,cp_when,04
experiments_logs/analysis_recent/when_what_policy_ablation_20261005_threshold_loop/00_raw/wastesorting/scene_04/cp_when/run_15_seed_4193229496/exp_wastesorting_20260922_014356_814779.txt,032dfb1432b25ced1f4e2f02c5a472be29cab7db2b90a6df9d253300b8452d2b,wastesorting,cp_when,04
experiments_logs/analysis_recent/when_what_policy_ablation_20261005_threshold_loop/00_raw/wastesorting/scene_04/cp_when/run_16_seed_3369209442/exp_wastesorting_20260922_014433_751584.txt,6af7b5bd6ed7e072a927ed7559e91968e37be5afec2de88fecf01324160be7c4,wastesorting,cp_when,04
experiments_logs/analysis_recent/when_what_policy_ablation_20261005_threshold_loop/00_raw/wastesorting/scene_04/cp_when/run_17_seed_3692021791/exp_wastesorting_20260922_014459_839602.txt,3e50df949c7763bb9c09c144d3bf9187c8d76c4bfc0fb5de0e541908adcee964,wastesorting,cp_when,04
experiments_logs/analysis_recent/when_what_policy_ablation_20261005_threshold_loop/00_raw/wastesorting/scene_04/cp_when/run_18_seed_1445352403/console.log,f0cadf0f72f9526e43d53aba21a68817ac4b75747c5f41441a911acf0d4ec6f2,wastesorting,cp_when,04
experiments_logs/analysis_recent/when_what_policy_ablation_20261005_threshold_loop/00_raw/wastesorting/scene_04/cp_when/run_19_seed_2413410080/exp_wastesorting_20260922_014552_769115.txt,14f685553f4c9a13b8b924c1399688cd4c16f3b3d6981667f97ea3f3ff9ffb32,wastesorting,cp_when,04
experiments_logs/analysis_recent/when_what_policy_ablation_20261005_threshold_loop/00_raw/wastesorting/scene_04/cp_when/run_20_seed_3310113005/exp_wastesorting_20260922_014622_180246.txt,cf61482f53fa410f1765757550980ca13275405d92c2f66802a1a4836d08e13a,wastesorting,cp_when,04
experiments_logs/analysis_recent/when_what_policy_ablation_20261005_threshold_loop/00_raw/wastesorting/scene_04/cp_when/run_21_seed_1619001990/exp_wastesorting_20260922_014657_750670.txt,2c30f422e131250ae81ceffc829efb4e5a2c7d57256b487b75f64dfff1e29bb0,wastesorting,cp_when,04
experiments_logs/analysis_recent/when_what_policy_ablation_20261005_threshold_loop/00_raw/wastesorting/scene_04/cp_when/run_22_seed_3414205865/exp_wastesorting_20260922_014728_011078.txt,1361e2d3d958479015ff164e6437320f659aad0e6b2ac3046ae4f8ce2d4330d7,wastesorting,cp_when,04
experiments_logs/analysis_recent/when_what_policy_ablation_20261005_threshold_loop/00_raw/wastesorting/scene_04/cp_when/run_23_seed_3989924643/exp_wastesorting_20260922_014747_174276.txt,9860cd6caab9e3bb70e42c8ba925a3516012f4be6840c5f4144284b9fcf0b7e3,wastesorting,cp_when,04
experiments_logs/analysis_recent/when_what_policy_ablation_20261005_threshold_loop/00_raw/wastesorting/scene_04/cp_when/run_24_seed_1493522614/exp_wastesorting_20260922_014812_454076.txt,3f67853b5c359137c21197d2262fd488f86be0b6e24dc10a5d9b66d7ea8eecd0,wastesorting,cp_when,04
experiments_logs/analysis_recent/when_what_policy_ablation_20261005_threshold_loop/00_raw/wastesorting/scene_04/cp_when/run_25_seed_13571565/exp_wastesorting_20260922_014837_824518.txt,49cac6b18a6eaa33e6259dcb82b6268537a047cb7da1efc900a48f3822e5be29,wastesorting,cp_when,04
experiments_logs/analysis_recent/when_what_policy_ablation_20261005_threshold_loop/00_raw/wastesorting/scene_04/cp_when/run_26_seed_2630099760/exp_wastesorting_20260922_014847_757420.txt,00c581d7c438648ebb2326207782fd2516ec1dca97afb1086e3fb156d41e9252,wastesorting,cp_when,04
experiments_logs/analysis_recent/when_what_policy_ablation_20261005_threshold_loop/00_raw/wastesorting/scene_04/cp_when/run_27_seed_3787165175/exp_wastesorting_20260922_014918_756511.txt,ece4d2cd3addea16c619d9d636f558293b55d405b33286e268a8221dd4f734ae,wastesorting,cp_when,04
experiments_logs/analysis_recent/when_what_policy_ablation_20261005_threshold_loop/00_raw/wastesorting/scene_04/cp_when/run_28_seed_1518896079/exp_wastesorting_20260922_014945_824333.txt,3ff08f99bb0b54e53a08304f81474622e380abd4af7e861320fa3f3432986721,wastesorting,cp_when,04
experiments_logs/analysis_recent/when_what_policy_ablation_20261005_threshold_loop/00_raw/wastesorting/scene_04/cp_when/run_29_seed_506359200/exp_wastesorting_20260922_015027_312007.txt,3f90a6a5f4bd7184cfd5e503ef2f9c7805dd760d3b87164513a6bbddf486177e,wastesorting,cp_when,04
experiments_logs/analysis_recent/when_what_policy_ablation_20261005_threshold_loop/00_raw/wastesorting/scene_04/cp_when/run_30_seed_2303938088/exp_wastesorting_20260922_015045_203980.txt,dc612fcf539ce79ea73bb87c854c95339e5d86423168e2dadc0f4c503a518b64,wastesorting,cp_when,04
experiments_logs/analysis_recent/when_what_policy_ablation_20261005_threshold_loop/00_raw/wastesorting/scene_04/cp_when/run_31_seed_1783261924/exp_wastesorting_20260922_015122_586148.txt,30276776b1684408f58aed911fdb9a42cc976ef57a7e4c123506cbe4060b89b5,wastesorting,cp_when,04
experiments_logs/analysis_recent/when_what_policy_ablation_20261005_threshold_loop/00_raw/wastesorting/scene_04/cp_when/run_32_seed_3973487875/exp_wastesorting_20260922_015152_453044.txt,f1f83222b85b2611a1280fede31466d16250a1078946780b5a2a443c5bcdba97,wastesorting,cp_when,04
experiments_logs/analysis_recent/when_what_policy_ablation_20261005_threshold_loop/00_raw/wastesorting/scene_04/cp_when/run_33_seed_3576324234/exp_wastesorting_20260922_015221_432821.txt,7a6af18f0088aa08a8204c3aff22d3bdcbcdf64c88300a352f19984a9d41137c,wastesorting,cp_when,04
experiments_logs/analysis_recent/when_what_policy_ablation_20261005_threshold_loop/00_raw/wastesorting/scene_04/cp_when/run_34_seed_3966743771/exp_wastesorting_20260922_015238_569986.txt,335f856966a729e60c7a9f7ab3409bd8616fb5e84df270d6999cdb6ed5385639,wastesorting,cp_when,04
experiments_logs/analysis_recent/when_what_policy_ablation_20261005_threshold_loop/00_raw/wastesorting/scene_04/cp_when/run_35_seed_3292785302/exp_wastesorting_20260922_015307_513959.txt,38b83898c04537a9ddd6ba820ec585f9ca531646e608bf598daf66c1c9907ae5,wastesorting,cp_when,04
experiments_logs/analysis_recent/when_what_policy_ablation_20261005_threshold_loop/00_raw/wastesorting/scene_04/cp_when/run_36_seed_2877610580/exp_wastesorting_20260922_015335_743477.txt,3802fad534ff70feaf798386e0c9d13032abe008f76d00c88f70406e3e39d3ca,wastesorting,cp_when,04
experiments_logs/analysis_recent/when_what_policy_ablation_20261005_threshold_loop/00_raw/wastesorting/scene_04/cp_when/run_37_seed_1852316728/exp_wastesorting_20260922_015354_079850.txt,870d2671b0029c21fb2208aadb83178bcbf224a08768a207b26c72da7b9bfaa2,wastesorting,cp_when,04
experiments_logs/analysis_recent/when_what_policy_ablation_20261005_threshold_loop/00_raw/wastesorting/scene_04/cp_when/run_38_seed_132699259/exp_wastesorting_20260922_015426_039409.txt,0bfc1f33e9f2e6d28ca2070547b8a7980987a54d534a5b30bd53366ff7aba998,wastesorting,cp_when,04
experiments_logs/analysis_recent/when_what_policy_ablation_20261005_threshold_loop/00_raw/wastesorting/scene_04/cp_when/run_39_seed_1117810574/exp_wastesorting_20260922_015432_934853.txt,da77c31a821be12c96ad59f46b82e6d0efa6922f478f4a1c99bc2629af6e5311,wastesorting,cp_when,04
experiments_logs/analysis_recent/when_what_policy_ablation_20261005_threshold_loop/00_raw/wastesorting/scene_04/cp_when/run_40_seed_2967203946/exp_wastesorting_20260922_015508_917844.txt,de00f231227a307deb6edf12f88a32ffef9eea522c7912b7ce61c47fa0061c4f,wastesorting,cp_when,04
experiments_logs/analysis_recent/when_what_policy_ablation_20261005_threshold_loop/00_raw/wastesorting/scene_05/cp_when/run_01_seed_630828154/exp_wastesorting_20260922_015555_092270.txt,251a766fbc3c69ad7ea6de55b55c596ce90ddd80f246bef272a1b75e09b592e2,wastesorting,cp_when,05
experiments_logs/analysis_recent/when_what_policy_ablation_20261005_threshold_loop/00_raw/wastesorting/scene_05/cp_when/run_02_seed_435659992/exp_wastesorting_20260922_015603_911692.txt,8eb3accafe6c3e6fb0ab7f9ffc56248efc37a63c41ecc04ac56223bb10c88925,wastesorting,cp_when,05
experiments_logs/analysis_recent/when_what_policy_ablation_20261005_threshold_loop/00_raw/wastesorting/scene_05/cp_when/run_03_seed_3537170530/exp_wastesorting_20260922_015631_826834.txt,42360d04d65b9af17fc9771a3d8e60b65b916f4e395b9b354a0b0f4e09ba573f,wastesorting,cp_when,05
experiments_logs/analysis_recent/when_what_policy_ablation_20261005_threshold_loop/00_raw/wastesorting/scene_05/cp_when/run_04_seed_1280378645/exp_wastesorting_20260922_015709_177502.txt,35ec359d7da11142f4b521ba9daf9044093aa70ac7dc333089387c227e7b5b6d,wastesorting,cp_when,05
experiments_logs/analysis_recent/when_what_policy_ablation_20261005_threshold_loop/00_raw/wastesorting/scene_05/cp_when/run_05_seed_3656925474/exp_wastesorting_20260922_015736_264900.txt,566433605c8809ab690e9d4eb17622f4be38e641f90c03cd9967b99737f30aed,wastesorting,cp_when,05
experiments_logs/analysis_recent/when_what_policy_ablation_20261005_threshold_loop/00_raw/wastesorting/scene_05/cp_when/run_06_seed_1489971784/exp_wastesorting_20260922_015801_765961.txt,dd65caa99992ccbfc8c4f65b9abcb4c2165774c1d3046c788b52aeadc0fd4630,wastesorting,cp_when,05
experiments_logs/analysis_recent/when_what_policy_ablation_20261005_threshold_loop/00_raw/wastesorting/scene_05/cp_when/run_07_seed_3520141308/exp_wastesorting_20260922_015838_885406.txt,41e705434fc8f6b7a51d38d07f55fbbc511c7681cba3fce9518ca6b17bcbc3bb,wastesorting,cp_when,05
experiments_logs/analysis_recent/when_what_policy_ablation_20261005_threshold_loop/00_raw/wastesorting/scene_05/cp_when/run_08_seed_411692590/exp_wastesorting_20260922_015906_338409.txt,9a39078c16b6cdd369408e93190eb26816ca99e7b82d3dbe6270ca946b8d247a,wastesorting,cp_when,05
experiments_logs/analysis_recent/when_what_policy_ablation_20261005_threshold_loop/00_raw/wastesorting/scene_05/cp_when/run_09_seed_2624923704/exp_wastesorting_20260922_015942_229996.txt,8bfe8cfdc98c6dd61a0299866f4d453ee8506f72fc308acb65d463016799f664,wastesorting,cp_when,05
experiments_logs/analysis_recent/when_what_policy_ablation_20261005_threshold_loop/00_raw/wastesorting/scene_05/cp_when/run_10_seed_3130661448/exp_wastesorting_20260922_020018_242123.txt,70a4ddc962c30768aaad855faf817068271460e496d311fab6d1dd63a50b0293,wastesorting,cp_when,05
experiments_logs/analysis_recent/when_what_policy_ablation_20261005_threshold_loop/00_raw/wastesorting/scene_05/cp_when/run_11_seed_3622248746/exp_wastesorting_20260922_020054_577870.txt,c442da41e4d3b509c2edef22b549db040a4a1d859f7da1951853fde3b3d11bbf,wastesorting,cp_when,05
experiments_logs/analysis_recent/when_what_policy_ablation_20261005_threshold_loop/00_raw/wastesorting/scene_05/cp_when/run_12_seed_600649243/exp_wastesorting_20260922_020126_063332.txt,03f3c959792b82d06c795e7f1d6928d26d2ada08796a064c3012cb306af5f1ab,wastesorting,cp_when,05
experiments_logs/analysis_recent/when_what_policy_ablation_20261005_threshold_loop/00_raw/wastesorting/scene_05/cp_when/run_13_seed_3690243405/exp_wastesorting_20260922_020153_535767.txt,20b53c19d7dd59c9d895bd118bfa2f35b82b570ea33a7b793ea0ae4ea95a33bf,wastesorting,cp_when,05
experiments_logs/analysis_recent/when_what_policy_ablation_20261005_threshold_loop/00_raw/wastesorting/scene_05/cp_when/run_14_seed_2666206818/exp_wastesorting_20260922_020231_542358.txt,660a12b91f2e5aff7ac19a9c93f5fecdba9cf86c502a274a9416125232723b2e,wastesorting,cp_when,05
experiments_logs/analysis_recent/when_what_policy_ablation_20261005_threshold_loop/00_raw/wastesorting/scene_05/cp_when/run_15_seed_2681637189/exp_wastesorting_20260922_020256_355708.txt,489275bd224817a1e2a2250eeb076eae9bd28065dabe35c41ed889f41ea96b47,wastesorting,cp_when,05
experiments_logs/analysis_recent/when_what_policy_ablation_20261005_threshold_loop/00_raw/wastesorting/scene_05/cp_when/run_16_seed_3586644066/exp_wastesorting_20260922_020304_197971.txt,d3a37bf4f5afc5c6ad1166e94cbc693fc48c9d2f1cf4577d949dd6ade1505427,wastesorting,cp_when,05
experiments_logs/analysis_recent/when_what_policy_ablation_20261005_threshold_loop/00_raw/wastesorting/scene_05/cp_when/run_17_seed_3677160998/exp_wastesorting_20260922_020325_334079.txt,a5512c178d6203343412066c005b0a37dece3932402b2b1788dd33086bba908f,wastesorting,cp_when,05
experiments_logs/analysis_recent/when_what_policy_ablation_20261005_threshold_loop/00_raw/wastesorting/scene_05/cp_when/run_18_seed_1159978775/exp_wastesorting_20260922_020354_045902.txt,6cbf032df4a650ff8c20063ecf0f1905ea3605225f31edcf07078f8fdf4a7255,wastesorting,cp_when,05
experiments_logs/analysis_recent/when_what_policy_ablation_20261005_threshold_loop/00_raw/wastesorting/scene_05/cp_when/run_19_seed_4128091398/exp_wastesorting_20260922_020423_643594.txt,dff6ab42cd08aa58b112aa719ea82a2b24af813a09c70a25bfb8970a79f2c00b,wastesorting,cp_when,05
experiments_logs/analysis_recent/when_what_policy_ablation_20261005_threshold_loop/00_raw/wastesorting/scene_05/cp_when/run_20_seed_3351623416/exp_wastesorting_20260922_020455_339390.txt,4574a6b9aff027639437c966b4ebf8b98c850e41aacde71d1e1a9b2df7151acc,wastesorting,cp_when,05
experiments_logs/analysis_recent/when_what_policy_ablation_20261005_threshold_loop/00_raw/wastesorting/scene_05/cp_when/run_21_seed_3215763495/exp_wastesorting_20260922_020518_269096.txt,25867edadd35c06b880f6cc1e183c0ee54113c36bfed136c64e8fdc41307c098,wastesorting,cp_when,05
experiments_logs/analysis_recent/when_what_policy_ablation_20261005_threshold_loop/00_raw/wastesorting/scene_05/cp_when/run_22_seed_1045924611/exp_wastesorting_20260922_020555_581175.txt,43421fadb44670241e8996d1e9f7756f2bfcc4ce0712d1d1d54cbd3d478a5e17,wastesorting,cp_when,05
experiments_logs/analysis_recent/when_what_policy_ablation_20261005_threshold_loop/00_raw/wastesorting/scene_05/cp_when/run_23_seed_449704548/exp_wastesorting_20260922_020633_528269.txt,e0f9d89ba708b7723d00e268a8c47f2ddebd4d8be948c8c04ced42967ac1e8de,wastesorting,cp_when,05
experiments_logs/analysis_recent/when_what_policy_ablation_20261005_threshold_loop/00_raw/wastesorting/scene_05/cp_when/run_24_seed_1253677920/exp_wastesorting_20260922_020659_085881.txt,cabd6f6f918b364ea99a2c5eeff106ba9640b0fa13ddc4a3fac48b89ad9a3d50,wastesorting,cp_when,05
experiments_logs/analysis_recent/when_what_policy_ablation_20261005_threshold_loop/00_raw/wastesorting/scene_05/cp_when/run_25_seed_382724118/exp_wastesorting_20260922_020734_321088.txt,5586684c56cb70b304040ab942905d306ebeb8c7999d1ba2f71926d76f01f454,wastesorting,cp_when,05
experiments_logs/analysis_recent/when_what_policy_ablation_20261005_threshold_loop/00_raw/wastesorting/scene_05/cp_when/run_26_seed_4085569034/exp_wastesorting_20260922_020751_306098.txt,b6e5844ff8c7f7a08f87842668cdec9266bef738e92dce07494e2169913adc7d,wastesorting,cp_when,05
experiments_logs/analysis_recent/when_what_policy_ablation_20261005_threshold_loop/00_raw/wastesorting/scene_05/cp_when/run_27_seed_1045529480/exp_wastesorting_20260922_020829_000139.txt,116a9530911acb3480e9d67ff91c46f97280133bc0165cef00aed41284c8d167,wastesorting,cp_when,05
experiments_logs/analysis_recent/when_what_policy_ablation_20261005_threshold_loop/00_raw/wastesorting/scene_05/cp_when/run_28_seed_2875578355/exp_wastesorting_20260922_020857_016044.txt,e565e8f79265edd2140ce34dbdb93fa1c8a5a593d5b9ba615a50ff1ebc44c774,wastesorting,cp_when,05
experiments_logs/analysis_recent/when_what_policy_ablation_20261005_threshold_loop/00_raw/wastesorting/scene_05/cp_when/run_29_seed_230996701/exp_wastesorting_20260922_020933_206805.txt,996e8738c8af9f24bf69c5fc24b2995e9e7c843970e4f1c972af87cda5197d27,wastesorting,cp_when,05
experiments_logs/analysis_recent/when_what_policy_ablation_20261005_threshold_loop/00_raw/wastesorting/scene_05/cp_when/run_30_seed_4259545291/exp_wastesorting_20260922_021002_429673.txt,44d9321e35a22f05f7b2ed4e40705f807c5088e4192d028d12c2c9ad22832ea5,wastesorting,cp_when,05
experiments_logs/analysis_recent/when_what_policy_ablation_20261005_threshold_loop/00_raw/wastesorting/scene_05/cp_when/run_31_seed_671361218/exp_wastesorting_20260922_021029_098950.txt,501aca51ceccccf1c33c6063e1fe9c0a6eeb11e42376094ce01abd021158606a,wastesorting,cp_when,05
experiments_logs/analysis_recent/when_what_policy_ablation_20261005_threshold_loop/00_raw/wastesorting/scene_05/cp_when/run_32_seed_1668817081/exp_wastesorting_20260922_021110_658638.txt,fb0a1c8ae47881c98cf7d4200456f3104be16d2c81075b7423ae08cd37964766,wastesorting,cp_when,05
experiments_logs/analysis_recent/when_what_policy_ablation_20261005_threshold_loop/00_raw/wastesorting/scene_05/cp_when/run_33_seed_3225313600/exp_wastesorting_20260922_021137_501836.txt,d0ac6a2d492747e92a3a587355e80970f29c9a395b518f9e4291d37293680495,wastesorting,cp_when,05
experiments_logs/analysis_recent/when_what_policy_ablation_20261005_threshold_loop/00_raw/wastesorting/scene_05/cp_when/run_34_seed_1380997039/exp_wastesorting_20260922_021158_871002.txt,26f2952a1f51614dd3deb17eb86906084837d76f0a2f5fe7d51f6f2205258998,wastesorting,cp_when,05
experiments_logs/analysis_recent/when_what_policy_ablation_20261005_threshold_loop/00_raw/wastesorting/scene_05/cp_when/run_35_seed_2300990510/exp_wastesorting_20260922_021223_882103.txt,9fbb65039104846a79144604e5a231dd67b4d1ae1c792bc813927af2e578779a,wastesorting,cp_when,05
experiments_logs/analysis_recent/when_what_policy_ablation_20261005_threshold_loop/00_raw/wastesorting/scene_05/cp_when/run_36_seed_2645731214/exp_wastesorting_20260922_021254_035372.txt,793b647e838ec210853655a14292cb799955fca96a3bb6efe44d62758c22f7f7,wastesorting,cp_when,05
experiments_logs/analysis_recent/when_what_policy_ablation_20261005_threshold_loop/00_raw/wastesorting/scene_05/cp_when/run_37_seed_1980913558/exp_wastesorting_20260922_021327_604360.txt,978cf65d6fcbb7fa114828a7627cebc892e4943091859cf61a5d3ace748ecdd2,wastesorting,cp_when,05
experiments_logs/analysis_recent/when_what_policy_ablation_20261005_threshold_loop/00_raw/wastesorting/scene_05/cp_when/run_38_seed_4060354637/exp_wastesorting_20260922_021359_057837.txt,97c27109b72ffd60e23fd85f3dc37aeab45b65f2e1061856387a3c8daf833b97,wastesorting,cp_when,05
experiments_logs/analysis_recent/when_what_policy_ablation_20261005_threshold_loop/00_raw/wastesorting/scene_05/cp_when/run_39_seed_3979866682/exp_wastesorting_20260922_021410_791070.txt,4d9703090edfb4b2c068b02f3abdf4a1011ee07a3cf78429ad3bf2f14056038a,wastesorting,cp_when,05
experiments_logs/analysis_recent/when_what_policy_ablation_20261005_threshold_loop/00_raw/wastesorting/scene_05/cp_when/run_40_seed_2741241943/exp_wastesorting_20260922_021443_110094.txt,9a94a73421bf8b1c0b97933163137dbe3af881ed9259f26c74672055847da790,wastesorting,cp_when,05
experiments_logs/analysis_recent/when_what_policy_ablation_20261005_threshold_loop/00_raw/tomato/scene_01/value_what/run_01_seed_2030859206/exp_tomato_20261005_193604_980838.txt,2316df7fbfb0b97b379a2c7313f1f98f243d09980f946168bf8ea92152bd3ce3,tomato,value_what,01
experiments_logs/analysis_recent/when_what_policy_ablation_20261005_threshold_loop/00_raw/tomato/scene_01/value_what/run_02_seed_2222960263/exp_tomato_20261005_193609_992728.txt,ff4df6582bebcb99b58aeb8a97d0a10b275599b4ee9d845142f608a761741e49,tomato,value_what,01
experiments_logs/analysis_recent/when_what_policy_ablation_20261005_threshold_loop/00_raw/tomato/scene_01/value_what/run_03_seed_1273020582/exp_tomato_20261005_193616_563432.txt,d56539edf5e0abbd9fe2a91094cab059f2ce13e033b541e954e45ad2ef5537ba,tomato,value_what,01
experiments_logs/analysis_recent/when_what_policy_ablation_20261005_threshold_loop/00_raw/tomato/scene_01/value_what/run_04_seed_866496583/exp_tomato_20261005_193620_216508.txt,a8177efc1b423c4201a176cea543439c9837d97850245422dd67a0788c1316e5,tomato,value_what,01
experiments_logs/analysis_recent/when_what_policy_ablation_20261005_threshold_loop/00_raw/tomato/scene_01/value_what/run_05_seed_2698243041/exp_tomato_20261005_193624_630694.txt,8c2a2798b47c33ada6b83947912555c351d72ff9478213abff9e2a9cfe761995,tomato,value_what,01
experiments_logs/analysis_recent/when_what_policy_ablation_20261005_threshold_loop/00_raw/tomato/scene_01/value_what/run_06_seed_1911303750/exp_tomato_20261005_193629_326914.txt,5fe8ceb60c6c6bcd82ac3b69561e2b3cf43c0fc915a216e0671e9a351d30cae4,tomato,value_what,01
experiments_logs/analysis_recent/when_what_policy_ablation_20261005_threshold_loop/00_raw/tomato/scene_01/value_what/run_07_seed_796400590/exp_tomato_20261005_193634_278918.txt,80286f38213205e75330a6668d13975bbd1b939d60abada459154a8bbcfc205c,tomato,value_what,01
experiments_logs/analysis_recent/when_what_policy_ablation_20261005_threshold_loop/00_raw/tomato/scene_01/value_what/run_08_seed_1201029111/exp_tomato_20261005_193640_232034.txt,a30aa0569b2b6ed6e2ec9790380b7722e3aaa1accdc451f7bca7eadb8d14c199,tomato,value_what,01
experiments_logs/analysis_recent/when_what_policy_ablation_20261005_threshold_loop/00_raw/tomato/scene_01/value_what/run_09_seed_3389846695/exp_tomato_20261005_193644_673789.txt,9513fd5cb5e1d862fe0288d4c2fa28904563e64bd958608ed2d26fa6c6613bce,tomato,value_what,01
experiments_logs/analysis_recent/when_what_policy_ablation_20261005_threshold_loop/00_raw/tomato/scene_01/value_what/run_10_seed_2508123787/exp_tomato_20261005_193650_242782.txt,a415bdc88adb47a6bf75e62b5d9648b8ab7ee9d8f18edfc05a2a61943ea189b2,tomato,value_what,01
experiments_logs/analysis_recent/when_what_policy_ablation_20261005_threshold_loop/00_raw/tomato/scene_01/value_what/run_11_seed_2741500852/exp_tomato_20261005_193655_907542.txt,298a20bd74f4af38491a7f7318dae02081e179a741cce9374894987dacddab07,tomato,value_what,01
experiments_logs/analysis_recent/when_what_policy_ablation_20261005_threshold_loop/00_raw/tomato/scene_01/value_what/run_12_seed_4065849833/exp_tomato_20261005_193701_218176.txt,073330704d8ec793013de5521a6943bfb584b6874946402f3531f422c53e8120,tomato,value_what,01
experiments_logs/analysis_recent/when_what_policy_ablation_20261005_threshold_loop/00_raw/tomato/scene_01/value_what/run_13_seed_821007751/exp_tomato_20261005_193706_536439.txt,3cc5b55b68e8581106d354e4d9a2a1d3eacd64cd25beac791b1c787b812184b5,tomato,value_what,01
experiments_logs/analysis_recent/when_what_policy_ablation_20261005_threshold_loop/00_raw/tomato/scene_01/value_what/run_14_seed_965164034/exp_tomato_20261005_193720_797698.txt,ad4111a9e74bcb6240db7d5c2d4e3dea396e25f7e4bdf7f623ee79cf08679dc9,tomato,value_what,01
experiments_logs/analysis_recent/when_what_policy_ablation_20261005_threshold_loop/00_raw/tomato/scene_01/value_what/run_15_seed_3049697230/exp_tomato_20261005_193725_323289.txt,6267d184bf84d2ce4a5caa9429e279fd3d9dee02f40b1cb9d7876f4137e14c63,tomato,value_what,01
experiments_logs/analysis_recent/when_what_policy_ablation_20261005_threshold_loop/00_raw/tomato/scene_01/value_what/run_16_seed_597016452/exp_tomato_20261005_193730_218581.txt,1ad3ca60a4282b395fb86927144cd1c4a7f4fccb63f60bc3617b8e973c82ccea,tomato,value_what,01
experiments_logs/analysis_recent/when_what_policy_ablation_20261005_threshold_loop/00_raw/tomato/scene_01/value_what/run_17_seed_2027029533/exp_tomato_20261005_193735_057164.txt,fee7508b22daa2dd22df2ebf021b20de62ab51e51b6808e45010d4d1883c2248,tomato,value_what,01
experiments_logs/analysis_recent/when_what_policy_ablation_20261005_threshold_loop/00_raw/tomato/scene_01/value_what/run_18_seed_3736902642/exp_tomato_20261005_193739_723483.txt,0c85ef30236aa15d1b4b1cecfd17aae61fac90b4568500e35b0effcaccb51770,tomato,value_what,01
experiments_logs/analysis_recent/when_what_policy_ablation_20261005_threshold_loop/00_raw/tomato/scene_01/value_what/run_19_seed_323427982/exp_tomato_20261005_193753_705823.txt,9031444efed998ff19cc99e5cad51ffe7a24520230aab853492af20762645154,tomato,value_what,01
experiments_logs/analysis_recent/when_what_policy_ablation_20261005_threshold_loop/00_raw/tomato/scene_01/value_what/run_20_seed_311025495/exp_tomato_20261005_193759_174860.txt,ac373bc649d9da41d3176ff4e19d2a5dff299510f98407646a124de86eed38c3,tomato,value_what,01
experiments_logs/analysis_recent/when_what_policy_ablation_20261005_threshold_loop/00_raw/tomato/scene_01/value_what/run_21_seed_871806833/exp_tomato_20261005_193805_057871.txt,b983e638d6fb3010910595896116aa3544b378fbae27f91a32eb573775b036b4,tomato,value_what,01
experiments_logs/analysis_recent/when_what_policy_ablation_20261005_threshold_loop/00_raw/tomato/scene_01/value_what/run_22_seed_217537032/exp_tomato_20261005_193809_482099.txt,960527d2e762a4a9783e14c204154eb54fec549dbc111927686ab925c1d41e2b,tomato,value_what,01
experiments_logs/analysis_recent/when_what_policy_ablation_20261005_threshold_loop/00_raw/tomato/scene_01/value_what/run_23_seed_532817344/exp_tomato_20261005_193815_102436.txt,d3ea0a394b16e5f70106ae9b971b914b1cf9705966a206ae7b8a22337c44856f,tomato,value_what,01
experiments_logs/analysis_recent/when_what_policy_ablation_20261005_threshold_loop/00_raw/tomato/scene_01/value_what/run_24_seed_3466707993/exp_tomato_20261005_193820_595014.txt,29163e455303d84b8880c92913f1cff9c109a7969a1b119888c24deb0f9b6767,tomato,value_what,01
experiments_logs/analysis_recent/when_what_policy_ablation_20261005_threshold_loop/00_raw/tomato/scene_01/value_what/run_25_seed_1649478604/exp_tomato_20261005_193825_281176.txt,af41dfd7fa060c8d6a2b11a1faf5c528f7eac11d8684d87911883dabed9c65ab,tomato,value_what,01
experiments_logs/analysis_recent/when_what_policy_ablation_20261005_threshold_loop/00_raw/tomato/scene_01/value_what/run_26_seed_2204152357/exp_tomato_20261005_193830_705464.txt,6b83a42f8525aed5e2117144972d2f52206e66da2e555de0c8b39ab852797741,tomato,value_what,01
experiments_logs/analysis_recent/when_what_policy_ablation_20261005_threshold_loop/00_raw/tomato/scene_01/value_what/run_27_seed_1233339309/exp_tomato_20261005_193835_790661.txt,b87bc1e9526aefcc02dd6cafe62d4997c18b83ac8418f756fd5e62f26d86f01d,tomato,value_what,01
experiments_logs/analysis_recent/when_what_policy_ablation_20261005_threshold_loop/00_raw/tomato/scene_01/value_what/run_28_seed_3357973338/exp_tomato_20261005_193840_508901.txt,b9766a09cabfa543644e45eb823b64ca3630c9d271cc471f241e21d8e4ae8ea5,tomato,value_what,01
experiments_logs/analysis_recent/when_what_policy_ablation_20261005_threshold_loop/00_raw/tomato/scene_01/value_what/run_29_seed_3649707942/exp_tomato_20261005_193845_914861.txt,1a8a2e49f336d3a5e491bced58b91ed77eff077970a7a89936d0cc4505bcf46c,tomato,value_what,01
experiments_logs/analysis_recent/when_what_policy_ablation_20261005_threshold_loop/00_raw/tomato/scene_01/value_what/run_30_seed_3325784884/exp_tomato_20261005_193850_524126.txt,0a7cd2a2aeb826aa86eca48d3cfde758207a1662eebc3d46653a05e71e138b24,tomato,value_what,01
experiments_logs/analysis_recent/when_what_policy_ablation_20261005_threshold_loop/00_raw/tomato/scene_01/value_what/run_31_seed_3877458541/exp_tomato_20261005_193854_801769.txt,1c8b6678d4d3c8f551f0fd3ac97c3576af2e860c5bba270ec56bd4716114dbf3,tomato,value_what,01
experiments_logs/analysis_recent/when_what_policy_ablation_20261005_threshold_loop/00_raw/tomato/scene_01/value_what/run_32_seed_3638621671/exp_tomato_20261005_193900_123064.txt,fad527422d258c320415688c31406de7b5434aa86983b7ce2777f683d043e37f,tomato,value_what,01
experiments_logs/analysis_recent/when_what_policy_ablation_20261005_threshold_loop/00_raw/tomato/scene_01/value_what/run_33_seed_1084618528/exp_tomato_20261005_193904_776262.txt,dbd28bb93155e89728e44449be62f4cb363c21d9e7c7489f91444f8f54a43a88,tomato,value_what,01
experiments_logs/analysis_recent/when_what_policy_ablation_20261005_threshold_loop/00_raw/tomato/scene_01/value_what/run_34_seed_405999239/exp_tomato_20261005_193909_842543.txt,9ba0237e16cae3c41f4edb757ef34701e60a095e426f4c37d6dca2567841844d,tomato,value_what,01
experiments_logs/analysis_recent/when_what_policy_ablation_20261005_threshold_loop/00_raw/tomato/scene_01/value_what/run_35_seed_4028845444/exp_tomato_20261005_193915_129008.txt,776877b635d9f309d30b54ce18f0fabcef0c6670f0a8229d59254f818f4f816d,tomato,value_what,01
experiments_logs/analysis_recent/when_what_policy_ablation_20261005_threshold_loop/00_raw/tomato/scene_01/value_what/run_36_seed_2607182153/exp_tomato_20261005_193920_318447.txt,a747f5294551bb6a72acf3f129890ed5d377b2baf2e9e984427097e21d8e0be8,tomato,value_what,01
experiments_logs/analysis_recent/when_what_policy_ablation_20261005_threshold_loop/00_raw/tomato/scene_01/value_what/run_37_seed_338448945/exp_tomato_20261005_193925_430324.txt,69a0ac849127ecb9c0d014996e081714cd27756bf10e8ee2b45be3bcd1e8cc2b,tomato,value_what,01
experiments_logs/analysis_recent/when_what_policy_ablation_20261005_threshold_loop/00_raw/tomato/scene_01/value_what/run_38_seed_3008854274/exp_tomato_20261005_193930_374995.txt,c88499baa1cf51cc4d5b1e4b6328ec0b4890a0eabb1d823a2f7df03d7f3771b5,tomato,value_what,01
experiments_logs/analysis_recent/when_what_policy_ablation_20261005_threshold_loop/00_raw/tomato/scene_01/value_what/run_39_seed_3373062200/exp_tomato_20261005_193935_179545.txt,cc087482f1d9ec384e7c89d4f06a436e9f98d8bed6930df5e1a5195f35b36ddd,tomato,value_what,01
experiments_logs/analysis_recent/when_what_policy_ablation_20261005_threshold_loop/00_raw/tomato/scene_01/value_what/run_40_seed_1025671343/exp_tomato_20261005_193939_579958.txt,fcd882ebfdc7b66ba2478706b094c2ccb1702a198e6b8157da29b9581e9d788c,tomato,value_what,01
experiments_logs/analysis_recent/when_what_policy_ablation_20261005_threshold_loop/00_raw/tomato/scene_02/value_what/run_01_seed_233361013/exp_tomato_20261005_193945_687773.txt,de6937d9a7429b061cb0a49dc2719eb8ce79eef59a7168233ac0f8f0b4ea9cf7,tomato,value_what,02
experiments_logs/analysis_recent/when_what_policy_ablation_20261005_threshold_loop/00_raw/tomato/scene_02/value_what/run_02_seed_3206958523/exp_tomato_20261005_193949_964046.txt,7b6677fe3eec5c7a1d50af597167558ca6761d7738640c9f8f8f4ee9c29c74cb,tomato,value_what,02
experiments_logs/analysis_recent/when_what_policy_ablation_20261005_threshold_loop/00_raw/tomato/scene_02/value_what/run_03_seed_2306136433/exp_tomato_20261005_193953_939473.txt,c055d66e728a5a4df7f15f26720679fa356cc86269c0c5a767dcf6f0b7b9bf3e,tomato,value_what,02
experiments_logs/analysis_recent/when_what_policy_ablation_20261005_threshold_loop/00_raw/tomato/scene_02/value_what/run_04_seed_1150817657/exp_tomato_20261005_193959_065427.txt,ef7ab083510465a4f91256f24e46194f7096c09ea4f946deb3f7dc9a561f9f43,tomato,value_what,02
experiments_logs/analysis_recent/when_what_policy_ablation_20261005_threshold_loop/00_raw/tomato/scene_02/value_what/run_05_seed_418694264/exp_tomato_20261005_194003_895619.txt,3c25bcc8a78d2d0b09f116474dde3926dd66d39fd818dac829c9a791593ae693,tomato,value_what,02
experiments_logs/analysis_recent/when_what_policy_ablation_20261005_threshold_loop/00_raw/tomato/scene_02/value_what/run_06_seed_2833878170/exp_tomato_20261005_194009_641295.txt,ab82d939e32b36d74f7aabe1a302e981a64285e797694bb083319cd749fad27c,tomato,value_what,02
experiments_logs/analysis_recent/when_what_policy_ablation_20261005_threshold_loop/00_raw/tomato/scene_02/value_what/run_07_seed_2876796507/exp_tomato_20261005_194014_526424.txt,3aaee8bc71ea6b02a4e8d837dd7a711af231831508ffc9deea9a6c46dd26e0b8,tomato,value_what,02
experiments_logs/analysis_recent/when_what_policy_ablation_20261005_threshold_loop/00_raw/tomato/scene_02/value_what/run_08_seed_2661673954/exp_tomato_20261005_194021_557006.txt,5333c55bc33f237c3594f6f714419b41d82f3b53b7cc29c11c376df366a5bd6c,tomato,value_what,02
experiments_logs/analysis_recent/when_what_policy_ablation_20261005_threshold_loop/00_raw/tomato/scene_02/value_what/run_09_seed_3533124505/exp_tomato_20261005_194026_744604.txt,8405b9099981d9be0e1a0c5f85314e88b217bdf57e1a731f00bb39f2917ee60b,tomato,value_what,02
experiments_logs/analysis_recent/when_what_policy_ablation_20261005_threshold_loop/00_raw/tomato/scene_02/value_what/run_10_seed_3751400244/exp_tomato_20261005_194031_772578.txt,53165b7abc21c1e872ef26f5c4b69187ff98ac83749ae2292e44c2fb4fd6d78e,tomato,value_what,02
experiments_logs/analysis_recent/when_what_policy_ablation_20261005_threshold_loop/00_raw/tomato/scene_02/value_what/run_11_seed_4031054018/exp_tomato_20261005_194036_633763.txt,6447b896fbbb9d759a285e54dfcc0701ef80481d3d97b17d52e85e684726335d,tomato,value_what,02
experiments_logs/analysis_recent/when_what_policy_ablation_20261005_threshold_loop/00_raw/tomato/scene_02/value_what/run_12_seed_1337352578/exp_tomato_20261005_194042_315899.txt,5cb82ac7179134292afe963fce5accb0cd3a34c7075cae02545f0183f1f4ad17,tomato,value_what,02
experiments_logs/analysis_recent/when_what_policy_ablation_20261005_threshold_loop/00_raw/tomato/scene_02/value_what/run_13_seed_2571575672/exp_tomato_20261005_194046_015591.txt,313d1c7b209432009aa3e37f483a132f44f68459de72965ee96d73d7af691245,tomato,value_what,02
experiments_logs/analysis_recent/when_what_policy_ablation_20261005_threshold_loop/00_raw/tomato/scene_02/value_what/run_14_seed_1903174235/exp_tomato_20261005_194051_622809.txt,56b3838840fd75eb9cfd8fda0eab0fe6265f82290b5461e688247a31f520c8ed,tomato,value_what,02
experiments_logs/analysis_recent/when_what_policy_ablation_20261005_threshold_loop/00_raw/tomato/scene_02/value_what/run_15_seed_1422635806/exp_tomato_20261005_194056_469258.txt,46f96a54baf4b26535a40fdb79858b795145ec305f9a50f4aac5c1d9f2cfc12d,tomato,value_what,02
experiments_logs/analysis_recent/when_what_policy_ablation_20261005_threshold_loop/00_raw/tomato/scene_02/value_what/run_16_seed_559761095/exp_tomato_20261005_194100_972858.txt,6c9e65991aae44fb21be34b971c20e4d0b907931be224c0d29b6110c020f42c9,tomato,value_what,02
experiments_logs/analysis_recent/when_what_policy_ablation_20261005_threshold_loop/00_raw/tomato/scene_02/value_what/run_17_seed_2324409209/exp_tomato_20261005_194105_606006.txt,65a45220b061d8604aaf3b698de2749494b186dd46da059a439d5d9f57c38bb4,tomato,value_what,02
experiments_logs/analysis_recent/when_what_policy_ablation_20261005_threshold_loop/00_raw/tomato/scene_02/value_what/run_18_seed_474952343/exp_tomato_20261005_194110_128756.txt,9be459bfeefaea0bb8f775894248fe3a1afb74d67056937e624cd26885e9fb7e,tomato,value_what,02
experiments_logs/analysis_recent/when_what_policy_ablation_20261005_threshold_loop/00_raw/tomato/scene_02/value_what/run_19_seed_1408900490/exp_tomato_20261005_194116_215207.txt,22e76ab2b5400c99faf000cdae6d9cb77d2a9d1ce557e4eb38ba33732b44b5ca,tomato,value_what,02
experiments_logs/analysis_recent/when_what_policy_ablation_20261005_threshold_loop/00_raw/tomato/scene_02/value_what/run_20_seed_1969507524/exp_tomato_20261005_194122_139478.txt,cc98873f2ff5a4178e9aa55b9c8bbd161778074865e8280078190e264c3e2a68,tomato,value_what,02
experiments_logs/analysis_recent/when_what_policy_ablation_20261005_threshold_loop/00_raw/tomato/scene_02/value_what/run_21_seed_850676597/exp_tomato_20261005_194127_905210.txt,1c7ecbad2e2146c266b8810c7d369e228bd7f339f4600691c42ceb7a4ccfe7db,tomato,value_what,02
experiments_logs/analysis_recent/when_what_policy_ablation_20261005_threshold_loop/00_raw/tomato/scene_02/value_what/run_22_seed_464102713/exp_tomato_20261005_194131_669169.txt,7be52d04bbc8f17cad446feed5069f1d20c0797d6464f863d97539e195b143ab,tomato,value_what,02
experiments_logs/analysis_recent/when_what_policy_ablation_20261005_threshold_loop/00_raw/tomato/scene_02/value_what/run_23_seed_2639844527/exp_tomato_20261005_194136_616305.txt,4fbd0b9711b541509869ff68f27daf9afe6618505e0a318b0d7c47a5735d29fc,tomato,value_what,02
experiments_logs/analysis_recent/when_what_policy_ablation_20261005_threshold_loop/00_raw/tomato/scene_02/value_what/run_24_seed_2567273034/exp_tomato_20261005_194141_831567.txt,0918cb67d4c37a13aa1ff14f8b76174a62f23077fe603c6ce1ea60da97c68b8b,tomato,value_what,02
experiments_logs/analysis_recent/when_what_policy_ablation_20261005_threshold_loop/00_raw/tomato/scene_02/value_what/run_25_seed_3815863427/exp_tomato_20261005_194148_572651.txt,e53e093b73dadddd721e45fb41aa26102a8245116c6690e95a8c7c4425aa8020,tomato,value_what,02
experiments_logs/analysis_recent/when_what_policy_ablation_20261005_threshold_loop/00_raw/tomato/scene_02/value_what/run_26_seed_2421989875/exp_tomato_20261005_194154_109250.txt,4d9343962a7d371ae83b9fd5f9f80e6b486d960ec65e7b4535d479b724a93ac4,tomato,value_what,02
experiments_logs/analysis_recent/when_what_policy_ablation_20261005_threshold_loop/00_raw/tomato/scene_02/value_what/run_27_seed_790979284/exp_tomato_20261005_194158_951897.txt,2a84715b79ed65feb10894c75be2e5767f85f043e8a320516adb2fcff93c5403,tomato,value_what,02
experiments_logs/analysis_recent/when_what_policy_ablation_20261005_threshold_loop/00_raw/tomato/scene_02/value_what/run_28_seed_484948157/exp_tomato_20261005_194204_041840.txt,df5007177efe0d30774035006f69456021680672a9624e86380e308a9cbe25f3,tomato,value_what,02
experiments_logs/analysis_recent/when_what_policy_ablation_20261005_threshold_loop/00_raw/tomato/scene_02/value_what/run_29_seed_2138595888/exp_tomato_20261005_194208_702222.txt,5dc0cdc192f7883fcfbaa30adcc62dfabd1a734345b224330a91da44f254155e,tomato,value_what,02
experiments_logs/analysis_recent/when_what_policy_ablation_20261005_threshold_loop/00_raw/tomato/scene_02/value_what/run_30_seed_63773712/exp_tomato_20261005_194214_117576.txt,3cf43af1a34f94b93c683822d3c3ca77472e8aa8cd25fb6c06a71f6f20aeb977,tomato,value_what,02
experiments_logs/analysis_recent/when_what_policy_ablation_20261005_threshold_loop/00_raw/tomato/scene_02/value_what/run_31_seed_3662297998/exp_tomato_20261005_194219_681691.txt,082f39cb169bb455283ca109adc5056804d263859f3ef7e63419efab928376b0,tomato,value_what,02
experiments_logs/analysis_recent/when_what_policy_ablation_20261005_threshold_loop/00_raw/tomato/scene_02/value_what/run_32_seed_3249674493/exp_tomato_20261005_194224_575616.txt,ad46726221013b3d0e1feedd8486f934f3d246dcb412a1e775ea57d9f3176184,tomato,value_what,02
experiments_logs/analysis_recent/when_what_policy_ablation_20261005_threshold_loop/00_raw/tomato/scene_02/value_what/run_33_seed_4007070013/exp_tomato_20261005_194229_109862.txt,55b6191bb82b429c4eaa3dc3b58c37fe65f0eb7d240451d5d20e0e2cbbce0889,tomato,value_what,02
experiments_logs/analysis_recent/when_what_policy_ablation_20261005_threshold_loop/00_raw/tomato/scene_02/value_what/run_34_seed_2886041855/exp_tomato_20261005_194234_682213.txt,8e9122fb697644016603de03603a6b7a105ef708ce217d5bcd97ff62dea22b08,tomato,value_what,02
experiments_logs/analysis_recent/when_what_policy_ablation_20261005_threshold_loop/00_raw/tomato/scene_02/value_what/run_35_seed_2293168667/exp_tomato_20261005_194240_317802.txt,56469ac8e6a464dff7e09783b0a8fa448e243fb19a60d9adb346f34584a2fb82,tomato,value_what,02
experiments_logs/analysis_recent/when_what_policy_ablation_20261005_threshold_loop/00_raw/tomato/scene_02/value_what/run_36_seed_3887351210/exp_tomato_20261005_194245_410436.txt,5a8cfa5b410a8c2112913860fa71491a25f7fae8a988f55ca790219b5aaac363,tomato,value_what,02
experiments_logs/analysis_recent/when_what_policy_ablation_20261005_threshold_loop/00_raw/tomato/scene_02/value_what/run_37_seed_2318091321/exp_tomato_20261005_194250_045842.txt,28c25548c2cf519cb1380cff82d1d9f34793f9e0c37680f10f7fa5d74e1ccbcc,tomato,value_what,02
experiments_logs/analysis_recent/when_what_policy_ablation_20261005_threshold_loop/00_raw/tomato/scene_02/value_what/run_38_seed_1919828458/exp_tomato_20261005_194254_911201.txt,af3b8da511c145c787d637c42dbc0dedc4dacdd8c8340b6c13debef1828fd305,tomato,value_what,02
experiments_logs/analysis_recent/when_what_policy_ablation_20261005_threshold_loop/00_raw/tomato/scene_02/value_what/run_39_seed_1477592928/exp_tomato_20261005_194259_541392.txt,0df7d5723adc683921e53bde0842010ba4d89c7504cead53e5c73366f71c2730,tomato,value_what,02
experiments_logs/analysis_recent/when_what_policy_ablation_20261005_threshold_loop/00_raw/tomato/scene_02/value_what/run_40_seed_742004455/exp_tomato_20261005_194304_078724.txt,6839622ffad0bfbd9367abf254c56a1c8639a1af424cd6b2b6154280d40e9896,tomato,value_what,02
experiments_logs/analysis_recent/when_what_policy_ablation_20261005_threshold_loop/00_raw/tomato/scene_03/value_what/run_01_seed_2973460405/exp_tomato_20261005_194309_587800.txt,d4b24b73fd3713daafa263f4321e2a99eaeadc4ffd717e4524e58dc381e8341c,tomato,value_what,03
experiments_logs/analysis_recent/when_what_policy_ablation_20261005_threshold_loop/00_raw/tomato/scene_03/value_what/run_02_seed_2984508209/exp_tomato_20261005_194314_826455.txt,797f24bae2de890477143c99f1618bf316771fb299f5548b10510ad97a060721,tomato,value_what,03
experiments_logs/analysis_recent/when_what_policy_ablation_20261005_threshold_loop/00_raw/tomato/scene_03/value_what/run_03_seed_3328359470/exp_tomato_20261005_194321_076102.txt,d88ffd6b23cb6f5525afcfb311f06f16dcbfd265025954aaf4f0034dc8b217be,tomato,value_what,03
experiments_logs/analysis_recent/when_what_policy_ablation_20261005_threshold_loop/00_raw/tomato/scene_03/value_what/run_04_seed_2542173252/exp_tomato_20261005_194325_757779.txt,937880e38daee0e7a1bf9646ff4d3725c38e2328dff4a32249962f91fb781bcc,tomato,value_what,03
experiments_logs/analysis_recent/when_what_policy_ablation_20261005_threshold_loop/00_raw/tomato/scene_03/value_what/run_05_seed_1895575310/exp_tomato_20261005_194330_588388.txt,b3086d4a87c056aa9bd26cf20842b8493707cfd94efa01e5e2f71b944c7bca18,tomato,value_what,03
experiments_logs/analysis_recent/when_what_policy_ablation_20261005_threshold_loop/00_raw/tomato/scene_03/value_what/run_06_seed_3142806667/exp_tomato_20261005_194335_902668.txt,8f8e50b7b40a08a188ad4815efb0abc345cc25c5d19f7b90691e6ec6b2c6894c,tomato,value_what,03
experiments_logs/analysis_recent/when_what_policy_ablation_20261005_threshold_loop/00_raw/tomato/scene_03/value_what/run_07_seed_1700967682/exp_tomato_20261005_194340_745666.txt,6e4aa6e5b47f3c8c172904bcffec85b883e54b02a3166208b124f0be6852ba9d,tomato,value_what,03
experiments_logs/analysis_recent/when_what_policy_ablation_20261005_threshold_loop/00_raw/tomato/scene_03/value_what/run_08_seed_3374813224/exp_tomato_20261005_194345_201442.txt,53a82406a979e8d42a3538dbbade80fac5e93d9e97e645b2392b08f5fce5266e,tomato,value_what,03
experiments_logs/analysis_recent/when_what_policy_ablation_20261005_threshold_loop/00_raw/tomato/scene_03/value_what/run_09_seed_2230064310/exp_tomato_20261005_194351_774828.txt,6e7e425a319590c5ae19d9750a03ad8e18294283e979ad0e31d485a1ded986d3,tomato,value_what,03
experiments_logs/analysis_recent/when_what_policy_ablation_20261005_threshold_loop/00_raw/tomato/scene_03/value_what/run_10_seed_2370079434/exp_tomato_20261005_194356_323239.txt,b2a3ca46b40af1661860488cf912600e4a12f3bbf0bdd66cc55f2dfa9c224e65,tomato,value_what,03
experiments_logs/analysis_recent/when_what_policy_ablation_20261005_threshold_loop/00_raw/tomato/scene_03/value_what/run_11_seed_3620707437/exp_tomato_20261005_194400_977817.txt,9ab215bbf7468a32139f68872a8aae4dbd54ca67b34af7f512b0b2a5383bf81c,tomato,value_what,03
experiments_logs/analysis_recent/when_what_policy_ablation_20261005_threshold_loop/00_raw/tomato/scene_03/value_what/run_12_seed_1447435166/exp_tomato_20261005_194406_133957.txt,cd2ef80301c9fe3ad9c46468eac7878d8010eb935e229fc61bc859fba3400f59,tomato,value_what,03
experiments_logs/analysis_recent/when_what_policy_ablation_20261005_threshold_loop/00_raw/tomato/scene_03/value_what/run_13_seed_975151081/exp_tomato_20261005_194411_193582.txt,9e72b40d81cf7122f17346b6f7f94f571ddf5bfc46256f0e1d84b85daf836d77,tomato,value_what,03
experiments_logs/analysis_recent/when_what_policy_ablation_20261005_threshold_loop/00_raw/tomato/scene_03/value_what/run_14_seed_3909183007/exp_tomato_20261005_194416_621762.txt,cd5d653d0c3ed5be914e9d7ed42136a84fc20d5b357f8af3bd7764981456f9da,tomato,value_what,03
experiments_logs/analysis_recent/when_what_policy_ablation_20261005_threshold_loop/00_raw/tomato/scene_03/value_what/run_15_seed_3611211411/exp_tomato_20261005_194421_546064.txt,beca62571aecc8620b6ad4978a2d95c1477c85d479945e9e7a2c9ae0437eb7d6,tomato,value_what,03
experiments_logs/analysis_recent/when_what_policy_ablation_20261005_threshold_loop/00_raw/tomato/scene_03/value_what/run_16_seed_1454289978/exp_tomato_20261005_194427_653098.txt,b0a950e22a0be00d4b3a4fec572c2e87fdbbd1dd558a3ef304827d6b13ea1eb8,tomato,value_what,03
experiments_logs/analysis_recent/when_what_policy_ablation_20261005_threshold_loop/00_raw/tomato/scene_03/value_what/run_17_seed_3631765459/exp_tomato_20261005_194432_491710.txt,307615c3a6d4117cba2d7b1af7cdd7c0e68dfb4ad6abea20bf999b730536988a,tomato,value_what,03
experiments_logs/analysis_recent/when_what_policy_ablation_20261005_threshold_loop/00_raw/tomato/scene_03/value_what/run_18_seed_1005437090/exp_tomato_20261005_194437_880201.txt,2b0f4b895ffb1e2dfaa5ff0b3b50ec54341ecbddb7b7e9e0efc578d1fb73d9aa,tomato,value_what,03
experiments_logs/analysis_recent/when_what_policy_ablation_20261005_threshold_loop/00_raw/tomato/scene_03/value_what/run_19_seed_2107246049/exp_tomato_20261005_194442_447932.txt,6b40b0bb04bd39c913ff9a9879ef90d0bb7fdd12b51a33f142926bf699956ca6,tomato,value_what,03
experiments_logs/analysis_recent/when_what_policy_ablation_20261005_threshold_loop/00_raw/tomato/scene_03/value_what/run_20_seed_2559286479/exp_tomato_20261005_194447_500779.txt,57db3967303cee524c1f5d85cf5b980d4e97f23b5e6d82fe8a5bb6c030793c2e,tomato,value_what,03
experiments_logs/analysis_recent/when_what_policy_ablation_20261005_threshold_loop/00_raw/tomato/scene_03/value_what/run_21_seed_3814785464/exp_tomato_20261005_194452_556411.txt,6e581f62ef43e520bb0a332506dcaaed6a833eb69aec80e93a1a0d4feba3b173,tomato,value_what,03
experiments_logs/analysis_recent/when_what_policy_ablation_20261005_threshold_loop/00_raw/tomato/scene_03/value_what/run_22_seed_1252332960/exp_tomato_20261005_194457_733020.txt,1f0efd03035cc0190e451ddf16085212b467c4795efba417fe7903cf109c2472,tomato,value_what,03
experiments_logs/analysis_recent/when_what_policy_ablation_20261005_threshold_loop/00_raw/tomato/scene_03/value_what/run_23_seed_4008873019/exp_tomato_20261005_194502_737682.txt,6c511ca37854a58e398af216f7da664d081acacdfc221bfffda909312b82fb8b,tomato,value_what,03
experiments_logs/analysis_recent/when_what_policy_ablation_20261005_threshold_loop/00_raw/tomato/scene_03/value_what/run_24_seed_1627605610/exp_tomato_20261005_194507_464355.txt,e43e051122f6eac6ba497b864bb6da34b3254bc1e001468c44880efa964c5d06,tomato,value_what,03
experiments_logs/analysis_recent/when_what_policy_ablation_20261005_threshold_loop/00_raw/tomato/scene_03/value_what/run_25_seed_2197107180/exp_tomato_20261005_194513_220159.txt,28d33cb83b3cbd1c20bdd2fb8f289c2f8276db37887a2b591302b40c3be976f4,tomato,value_what,03
experiments_logs/analysis_recent/when_what_policy_ablation_20261005_threshold_loop/00_raw/tomato/scene_03/value_what/run_26_seed_70087057/exp_tomato_20261005_194518_896154.txt,4b93b8a979bfdd994c63ab19e4a8b241c69b6bb46ede6a7418c76aee0cfd3877,tomato,value_what,03
experiments_logs/analysis_recent/when_what_policy_ablation_20261005_threshold_loop/00_raw/tomato/scene_03/value_what/run_27_seed_8630651/exp_tomato_20261005_194524_104209.txt,043e5a8845b1d9ea05921217383bb74e67bdb760113d6e375d17323967482a37,tomato,value_what,03
experiments_logs/analysis_recent/when_what_policy_ablation_20261005_threshold_loop/00_raw/tomato/scene_03/value_what/run_28_seed_657498695/exp_tomato_20261005_194528_753968.txt,804bd53a2a051f63b97119120e8d8e9280eaec11612668656c2e75b5fb099a56,tomato,value_what,03
experiments_logs/analysis_recent/when_what_policy_ablation_20261005_threshold_loop/00_raw/tomato/scene_03/value_what/run_29_seed_1193704404/exp_tomato_20261005_194533_212622.txt,490f96256a31c39c650b6d33905b4328aafba4d2e98e928bf2c1a92c70e3a0c5,tomato,value_what,03
experiments_logs/analysis_recent/when_what_policy_ablation_20261005_threshold_loop/00_raw/tomato/scene_03/value_what/run_30_seed_1712963344/exp_tomato_20261005_194538_326488.txt,021829f752adc68984f433a739a2c4dd423a972da1b9b00c3f6d757d0bec71fe,tomato,value_what,03
experiments_logs/analysis_recent/when_what_policy_ablation_20261005_threshold_loop/00_raw/tomato/scene_03/value_what/run_31_seed_1016817503/exp_tomato_20261005_194544_465341.txt,74a8ea24b684884d4de4c24764c0484369f87d587faa0f60ae96749928155b75,tomato,value_what,03
experiments_logs/analysis_recent/when_what_policy_ablation_20261005_threshold_loop/00_raw/tomato/scene_03/value_what/run_32_seed_4252591664/exp_tomato_20261005_194549_467182.txt,c98ba06bfd3466e7ade3b65476d29fc43733858fa641627da504c2a87bd84c79,tomato,value_what,03
experiments_logs/analysis_recent/when_what_policy_ablation_20261005_threshold_loop/00_raw/tomato/scene_03/value_what/run_33_seed_2630779126/exp_tomato_20261005_194555_081083.txt,902b6f48db7a9646288ffc00fa9540360b8c13ee019ed5da615642ee5b3043ba,tomato,value_what,03
experiments_logs/analysis_recent/when_what_policy_ablation_20261005_threshold_loop/00_raw/tomato/scene_03/value_what/run_34_seed_822900858/exp_tomato_20261005_194600_268827.txt,58b4ea5b844b5a47006e771be7998c7548fceb7673253f696ed2e5259f89f33c,tomato,value_what,03
experiments_logs/analysis_recent/when_what_policy_ablation_20261005_threshold_loop/00_raw/tomato/scene_03/value_what/run_35_seed_604486275/exp_tomato_20261005_194603_551341.txt,2fa598f6c251ee286b1d80c183c07f15211887ffdb4be69bc127234fd16c1190,tomato,value_what,03
experiments_logs/analysis_recent/when_what_policy_ablation_20261005_threshold_loop/00_raw/tomato/scene_03/value_what/run_36_seed_522031486/exp_tomato_20261005_194607_968254.txt,3b21019bdb4c3d6af9d4a435e5cb1cd9a863702e024513c0c9b4b76186629c49,tomato,value_what,03
experiments_logs/analysis_recent/when_what_policy_ablation_20261005_threshold_loop/00_raw/tomato/scene_03/value_what/run_37_seed_2184183196/exp_tomato_20261005_194613_777086.txt,1e9088728e2102ba36d9920dd7761d2e17cf45ae0856c2d7091ffd3b6f545874,tomato,value_what,03
experiments_logs/analysis_recent/when_what_policy_ablation_20261005_threshold_loop/00_raw/tomato/scene_03/value_what/run_38_seed_2418572032/exp_tomato_20261005_194618_077809.txt,30a187de7227b40bc29bfe0992b4fda3aa431fbc0b248cbd2c04d6158c9fe9e7,tomato,value_what,03
experiments_logs/analysis_recent/when_what_policy_ablation_20261005_threshold_loop/00_raw/tomato/scene_03/value_what/run_39_seed_2436888965/exp_tomato_20261005_194624_539374.txt,d509316f6e875567bb14e54e5c6766d05dc25ebc53c2d202e3a64ad27462baa4,tomato,value_what,03
experiments_logs/analysis_recent/when_what_policy_ablation_20261005_threshold_loop/00_raw/tomato/scene_03/value_what/run_40_seed_598183825/exp_tomato_20261005_194631_101798.txt,13c0bacd5d040c6671476901852529786fe8535d9c16f6f0fd3d163da6ef50cd,tomato,value_what,03
experiments_logs/analysis_recent/when_what_policy_ablation_20261005_threshold_loop/00_raw/tomato/scene_04/value_what/run_01_seed_1589093347/exp_tomato_20261005_194636_063938.txt,c52745bdfbab804f9e4c1a3cc41388c8aa695a85e31354e86f36ec9ba74121ab,tomato,value_what,04
experiments_logs/analysis_recent/when_what_policy_ablation_20261005_threshold_loop/00_raw/tomato/scene_04/value_what/run_02_seed_712937450/exp_tomato_20261005_194641_005058.txt,3a3d0bf4902521ecda9e2a070268b4d7d648581ba96001a8263c7c85dc421245,tomato,value_what,04
experiments_logs/analysis_recent/when_what_policy_ablation_20261005_threshold_loop/00_raw/tomato/scene_04/value_what/run_03_seed_3614412854/exp_tomato_20261005_194646_783238.txt,4c0f2b0d3810764c6a9237d64950f0a039668a05f8b3eac985623dda89f25ee3,tomato,value_what,04
experiments_logs/analysis_recent/when_what_policy_ablation_20261005_threshold_loop/00_raw/tomato/scene_04/value_what/run_04_seed_2390740933/exp_tomato_20261005_194652_046872.txt,cc427f14371f89c3375ab72d5956ce3ca8841e5cf90411409f0eaf1ffe9b0b88,tomato,value_what,04
experiments_logs/analysis_recent/when_what_policy_ablation_20261005_threshold_loop/00_raw/tomato/scene_04/value_what/run_05_seed_2642505031/exp_tomato_20261005_194656_826829.txt,ecfd00d041d22d877a4a7dcbfe9642b068941adf0b46bd823bf1d9ea2a832cda,tomato,value_what,04
experiments_logs/analysis_recent/when_what_policy_ablation_20261005_threshold_loop/00_raw/tomato/scene_04/value_what/run_06_seed_442300768/exp_tomato_20261005_194701_353406.txt,6a514e5c870293fa5d6e8169e83f79ebcdd85dcf48485f3c27091fab317f3eae,tomato,value_what,04
experiments_logs/analysis_recent/when_what_policy_ablation_20261005_threshold_loop/00_raw/tomato/scene_04/value_what/run_07_seed_3661502133/exp_tomato_20261005_194715_934970.txt,c178042c73798b9785e947299ccf47bb721c641d5feb6de9168289a91ce85deb,tomato,value_what,04
experiments_logs/analysis_recent/when_what_policy_ablation_20261005_threshold_loop/00_raw/tomato/scene_04/value_what/run_08_seed_236854069/exp_tomato_20261005_194721_787948.txt,4346f85a25a95075f4c8dcf741dcaa8e94091b3a1427c9ea495e094d2814c7ff,tomato,value_what,04
experiments_logs/analysis_recent/when_what_policy_ablation_20261005_threshold_loop/00_raw/tomato/scene_04/value_what/run_09_seed_2387734993/exp_tomato_20261005_194727_908832.txt,61a5522ed30328d1d75debadf95be1f15855dc93ce511a825a452f0957b53b7d,tomato,value_what,04
experiments_logs/analysis_recent/when_what_policy_ablation_20261005_threshold_loop/00_raw/tomato/scene_04/value_what/run_10_seed_321661848/exp_tomato_20261005_194733_082135.txt,7a19b1f773f1f98f2b78ce7a73cd2ff4f3c00c9bbaa9ba16534e69334d08e20f,tomato,value_what,04
experiments_logs/analysis_recent/when_what_policy_ablation_20261005_threshold_loop/00_raw/tomato/scene_04/value_what/run_11_seed_2993320002/exp_tomato_20261005_194737_584050.txt,083e50de9609ceb11057f5345f2542e5f6fec370173ab957663976bd6d405359,tomato,value_what,04
experiments_logs/analysis_recent/when_what_policy_ablation_20261005_threshold_loop/00_raw/tomato/scene_04/value_what/run_12_seed_1109362184/exp_tomato_20261005_194743_136019.txt,f3ca9332bcbfc93c38172fa606839046b095ed4d5d21d48b9f84f2871f2b1a92,tomato,value_what,04
experiments_logs/analysis_recent/when_what_policy_ablation_20261005_threshold_loop/00_raw/tomato/scene_04/value_what/run_13_seed_3815955531/exp_tomato_20261005_194748_264579.txt,8cd60823aad8c8beab36483ea82519e8fe7cd50cc5bf730593d8da96893e046e,tomato,value_what,04
experiments_logs/analysis_recent/when_what_policy_ablation_20261005_threshold_loop/00_raw/tomato/scene_04/value_what/run_14_seed_2941533860/exp_tomato_20261005_194752_827760.txt,962b337ddf8158e4a0c3593e3fdd4ef48d849fa6f3aa618e914328b187b6adea,tomato,value_what,04
experiments_logs/analysis_recent/when_what_policy_ablation_20261005_threshold_loop/00_raw/tomato/scene_04/value_what/run_15_seed_2020323328/exp_tomato_20261005_194807_413412.txt,9c17a9f219e5a8c965dc967e20d4b2cf9f60dd765f654aad160cb7ae342e2c56,tomato,value_what,04
experiments_logs/analysis_recent/when_what_policy_ablation_20261005_threshold_loop/00_raw/tomato/scene_04/value_what/run_16_seed_3712541616/exp_tomato_20261005_194812_838551.txt,add4547d9d20bb27556dda61b514214425f2263885745815a273e910267c1cfe,tomato,value_what,04
experiments_logs/analysis_recent/when_what_policy_ablation_20261005_threshold_loop/00_raw/tomato/scene_04/value_what/run_17_seed_3169457126/exp_tomato_20261005_194817_874580.txt,1a9764142b67ea4de34be4828e8198b5a9dae5e39d519d9f337cb5ff37d494c1,tomato,value_what,04
experiments_logs/analysis_recent/when_what_policy_ablation_20261005_threshold_loop/00_raw/tomato/scene_04/value_what/run_18_seed_3948166740/exp_tomato_20261005_194822_465428.txt,bd28e9a439851763b44781910b6aa167ec951a5bde99abce056f36fba2a92665,tomato,value_what,04
experiments_logs/analysis_recent/when_what_policy_ablation_20261005_threshold_loop/00_raw/tomato/scene_04/value_what/run_19_seed_1552731229/exp_tomato_20261005_194828_072965.txt,0e941f53688a8eec3e6d7cf130f3d24e6f6da1832b720310f4b5901f0520ac7b,tomato,value_what,04
experiments_logs/analysis_recent/when_what_policy_ablation_20261005_threshold_loop/00_raw/tomato/scene_04/value_what/run_20_seed_1337586660/exp_tomato_20261005_194832_352342.txt,44d1fb9e65e757a543d21962703f30106efbf0439122d505496e7ee0c8617c01,tomato,value_what,04
experiments_logs/analysis_recent/when_what_policy_ablation_20261005_threshold_loop/00_raw/tomato/scene_04/value_what/run_21_seed_56491935/exp_tomato_20261005_194838_824709.txt,04db9265cbfbc4b26d4b6eb31eadaa35da98881cf2dbe244aa1cc03fd95c345b,tomato,value_what,04
experiments_logs/analysis_recent/when_what_policy_ablation_20261005_threshold_loop/00_raw/tomato/scene_04/value_what/run_22_seed_2771536334/exp_tomato_20261005_194843_099914.txt,b8c2a4672ebc0f92480bf81bcfbbfef2fcbda64fdf35f8c1d7a2111f5fa03cc1,tomato,value_what,04
experiments_logs/analysis_recent/when_what_policy_ablation_20261005_threshold_loop/00_raw/tomato/scene_04/value_what/run_23_seed_3227930555/exp_tomato_20261005_194848_224749.txt,aa81a2cff6e9164e9f161e5113929c34d2927f0d04b49fe428c0879440a9d12b,tomato,value_what,04
experiments_logs/analysis_recent/when_what_policy_ablation_20261005_threshold_loop/00_raw/tomato/scene_04/value_what/run_24_seed_740609622/exp_tomato_20261005_194854_357011.txt,6d918b0a15ac7948586f7c3a82ba61562d98c4a4de5a3373a33eaf5562b7c389,tomato,value_what,04
experiments_logs/analysis_recent/when_what_policy_ablation_20261005_threshold_loop/00_raw/tomato/scene_04/value_what/run_25_seed_218967378/exp_tomato_20261005_194900_568144.txt,6bae0a407632524490dcd9415086f243352a2869c0c236f63def919a56ed8db3,tomato,value_what,04
experiments_logs/analysis_recent/when_what_policy_ablation_20261005_threshold_loop/00_raw/tomato/scene_04/value_what/run_26_seed_1040908402/exp_tomato_20261005_194905_452301.txt,8cc4e66fb8726075c1f94c0a32a2ac472c3daac44604c8c075446da53146d21b,tomato,value_what,04
experiments_logs/analysis_recent/when_what_policy_ablation_20261005_threshold_loop/00_raw/tomato/scene_04/value_what/run_27_seed_2220313702/exp_tomato_20261005_194910_494884.txt,679c2291d4ed57983fd75374fe159f8118b41ce5b3ae59003ece4edda79a7387,tomato,value_what,04
experiments_logs/analysis_recent/when_what_policy_ablation_20261005_threshold_loop/00_raw/tomato/scene_04/value_what/run_28_seed_168160880/exp_tomato_20261005_194915_284482.txt,248a82036241ff694854442475bffb7c2f5c9c74ced93528f26984dbda51e004,tomato,value_what,04
experiments_logs/analysis_recent/when_what_policy_ablation_20261005_threshold_loop/00_raw/tomato/scene_04/value_what/run_29_seed_3141647287/exp_tomato_20261005_194920_882094.txt,ac295930e55075fbfdc5602238fa36242cf31316375aa7077126c1b68eba0206,tomato,value_what,04
experiments_logs/analysis_recent/when_what_policy_ablation_20261005_threshold_loop/00_raw/tomato/scene_04/value_what/run_30_seed_2135663053/exp_tomato_20261005_194926_150930.txt,ae70f3fafd014d142cbcfb72e89ae665b9504ebc8a3d3dd3693adeeb9eb5702e,tomato,value_what,04
experiments_logs/analysis_recent/when_what_policy_ablation_20261005_threshold_loop/00_raw/tomato/scene_04/value_what/run_31_seed_2392905031/exp_tomato_20261005_194932_697592.txt,d9f30c5a8b80507dc7efbea4feff7725c8af028ef32e397fab2527b7a7698a7a,tomato,value_what,04
experiments_logs/analysis_recent/when_what_policy_ablation_20261005_threshold_loop/00_raw/tomato/scene_04/value_what/run_32_seed_3372736775/exp_tomato_20261005_194938_248419.txt,ffeefa9243aeb72bcd6dc302ff181d1e7a37844b0e019b3acbbc12500ee141b0,tomato,value_what,04
experiments_logs/analysis_recent/when_what_policy_ablation_20261005_threshold_loop/00_raw/tomato/scene_04/value_what/run_33_seed_3386497120/exp_tomato_20261005_194943_798519.txt,75c041f616386fe33752d8b74861dfae5752c9c449be612dc24391db374240dd,tomato,value_what,04
experiments_logs/analysis_recent/when_what_policy_ablation_20261005_threshold_loop/00_raw/tomato/scene_04/value_what/run_34_seed_1167440852/exp_tomato_20261005_194949_147336.txt,acbdd5382b9ebfe4b5c947565033c5bbc6ee1ac313cf2ac2d279dab7a6e1df5a,tomato,value_what,04
experiments_logs/analysis_recent/when_what_policy_ablation_20261005_threshold_loop/00_raw/tomato/scene_04/value_what/run_35_seed_222360660/exp_tomato_20261005_194954_393646.txt,94bc201e2bad6b28235c35da991efb4041be73b5f6000b2c1be265f1aa5392b3,tomato,value_what,04
experiments_logs/analysis_recent/when_what_policy_ablation_20261005_threshold_loop/00_raw/tomato/scene_04/value_what/run_36_seed_216321642/exp_tomato_20261005_194959_348618.txt,b4fb99eb49fefbd1bc147ae9ec7862ba3dbe9b5cebc7aa2fd3bfc598e8c4d001,tomato,value_what,04
experiments_logs/analysis_recent/when_what_policy_ablation_20261005_threshold_loop/00_raw/tomato/scene_04/value_what/run_37_seed_1141903763/exp_tomato_20261005_195004_283553.txt,1962e2e57f8d780037663dad2cf74e037f00d26c1b5179569ebace29bece19b0,tomato,value_what,04
experiments_logs/analysis_recent/when_what_policy_ablation_20261005_threshold_loop/00_raw/tomato/scene_04/value_what/run_38_seed_2219488844/exp_tomato_20261005_195008_951771.txt,c9c36d76d36a0f89f7d631ea49301732cc5ee5468a94e71fd733536a3a66f15a,tomato,value_what,04
experiments_logs/analysis_recent/when_what_policy_ablation_20261005_threshold_loop/00_raw/tomato/scene_04/value_what/run_39_seed_3931316609/exp_tomato_20261005_195014_000577.txt,9aec6f98b990da12886bddbe7cb4d035683e76ea922bc9a74fe56e25764e95d6,tomato,value_what,04
experiments_logs/analysis_recent/when_what_policy_ablation_20261005_threshold_loop/00_raw/tomato/scene_04/value_what/run_40_seed_3315816046/exp_tomato_20261005_195018_531149.txt,bbb12bf8f04db4a9e67872c37589bbb58f0d0f8e16c2119078a3cb54b2fabbd6,tomato,value_what,04
experiments_logs/analysis_recent/when_what_policy_ablation_20261005_threshold_loop/00_raw/tomato/scene_05/value_what/run_01_seed_3945754139/exp_tomato_20261005_195026_263401.txt,73ceb8f4950fd8bd76e875e41bd5f6610c1b22c131bf36850cad1a95c17fe6b3,tomato,value_what,05
experiments_logs/analysis_recent/when_what_policy_ablation_20261005_threshold_loop/00_raw/tomato/scene_05/value_what/run_02_seed_259038599/exp_tomato_20261005_195031_787104.txt,25dec5e13900a2f4c167632414f349c105446a2a5fe86d86bc861d1a0d340806,tomato,value_what,05
experiments_logs/analysis_recent/when_what_policy_ablation_20261005_threshold_loop/00_raw/tomato/scene_05/value_what/run_03_seed_2898963405/exp_tomato_20261005_195036_383612.txt,cbc2bd21893f5045e0aacef1e43d9970ec7198e0246f18da29f14e511f96e6d0,tomato,value_what,05
experiments_logs/analysis_recent/when_what_policy_ablation_20261005_threshold_loop/00_raw/tomato/scene_05/value_what/run_04_seed_1746555867/exp_tomato_20261005_195041_682644.txt,801edeba146f65911fc9f429a297244fd90fa605f8069628fd52b94470a995d3,tomato,value_what,05
experiments_logs/analysis_recent/when_what_policy_ablation_20261005_threshold_loop/00_raw/tomato/scene_05/value_what/run_05_seed_879805946/exp_tomato_20261005_195046_454823.txt,2eb69051e3c882eb2c5f2fec73ea3e4f6c2d1218d448333ac73fea04fa02b4bd,tomato,value_what,05
experiments_logs/analysis_recent/when_what_policy_ablation_20261005_threshold_loop/00_raw/tomato/scene_05/value_what/run_06_seed_1691996467/exp_tomato_20261005_195051_883478.txt,19fb386ab7cd217bd7f7e5585309c995e78b19033dd2bd3f3a540e4ac94edb05,tomato,value_what,05
experiments_logs/analysis_recent/when_what_policy_ablation_20261005_threshold_loop/00_raw/tomato/scene_05/value_what/run_07_seed_2654066318/exp_tomato_20261005_195059_258625.txt,669ee0fa411c2da46fbaf71ef10213f3f07b1fd1aa6200be97fdce2deaf61049,tomato,value_what,05
experiments_logs/analysis_recent/when_what_policy_ablation_20261005_threshold_loop/00_raw/tomato/scene_05/value_what/run_08_seed_715972481/exp_tomato_20261005_195104_691729.txt,e125d08ed8c72804d3bf2c2dcf2849187a09d8335917b9931980458fa4a24521,tomato,value_what,05
experiments_logs/analysis_recent/when_what_policy_ablation_20261005_threshold_loop/00_raw/tomato/scene_05/value_what/run_09_seed_794861334/exp_tomato_20261005_195109_498897.txt,e725ccc077ae58f5223d59097b45767e619561f638fd292a2859228b32aa0096,tomato,value_what,05
experiments_logs/analysis_recent/when_what_policy_ablation_20261005_threshold_loop/00_raw/tomato/scene_05/value_what/run_10_seed_179847475/exp_tomato_20261005_195116_000883.txt,7c001abeb3763b67312a95955e96d245acb71c28d6d47662a759ae38eb704375,tomato,value_what,05
experiments_logs/analysis_recent/when_what_policy_ablation_20261005_threshold_loop/00_raw/tomato/scene_05/value_what/run_11_seed_2141224597/exp_tomato_20261005_195120_706986.txt,172505ce56c24625764dee1b70396218e8c645eec7911ea80a23285d806b9944,tomato,value_what,05
experiments_logs/analysis_recent/when_what_policy_ablation_20261005_threshold_loop/00_raw/tomato/scene_05/value_what/run_12_seed_3873493540/exp_tomato_20261005_195125_403757.txt,a90160dbd2ca95677e1120c4d6aa632f9d9df76d406652ce8a99d57c76d06fa4,tomato,value_what,05
experiments_logs/analysis_recent/when_what_policy_ablation_20261005_threshold_loop/00_raw/tomato/scene_05/value_what/run_13_seed_444653586/exp_tomato_20261005_195130_376359.txt,31a52bf61610c2fcfa6dc0b15971a31a75406d1648c7607555ab6dccbc6cf488,tomato,value_what,05
experiments_logs/analysis_recent/when_what_policy_ablation_20261005_threshold_loop/00_raw/tomato/scene_05/value_what/run_14_seed_2591322916/exp_tomato_20261005_195135_726176.txt,cfcfe5d6f58b5230574c6f7ae40a54e4be4c5c27e87ee2c5d1d1c8c66b91345d,tomato,value_what,05
experiments_logs/analysis_recent/when_what_policy_ablation_20261005_threshold_loop/00_raw/tomato/scene_05/value_what/run_15_seed_2082077157/exp_tomato_20261005_195141_482621.txt,399928a43c250c55820d013386deaa1b5bc6a88b09f91d0f2f3119a799dc101b,tomato,value_what,05
experiments_logs/analysis_recent/when_what_policy_ablation_20261005_threshold_loop/00_raw/tomato/scene_05/value_what/run_16_seed_1584111328/exp_tomato_20261005_195146_828297.txt,2148fab49a82e506a3fb301900b8b950d48dbacdbb20d9317092661a93707b28,tomato,value_what,05
experiments_logs/analysis_recent/when_what_policy_ablation_20261005_threshold_loop/00_raw/tomato/scene_05/value_what/run_17_seed_2883494985/exp_tomato_20261005_195152_764807.txt,c6706f14d2851a85dd88abec1b67c4887786a2a525f61f8b62963b57b63647ee,tomato,value_what,05
experiments_logs/analysis_recent/when_what_policy_ablation_20261005_threshold_loop/00_raw/tomato/scene_05/value_what/run_18_seed_2222584418/exp_tomato_20261005_195200_053350.txt,253fff4d5c1ebf5d1bcbff6757bcc142ca76495d88e53b12c378a3116c103bc9,tomato,value_what,05
experiments_logs/analysis_recent/when_what_policy_ablation_20261005_threshold_loop/00_raw/tomato/scene_05/value_what/run_19_seed_1573496301/exp_tomato_20261005_195204_974712.txt,89866fb9d6b15ded286524c79bed0efcc808414a10b67dfc2bfbd6debe169171,tomato,value_what,05
experiments_logs/analysis_recent/when_what_policy_ablation_20261005_threshold_loop/00_raw/tomato/scene_05/value_what/run_20_seed_3850832736/exp_tomato_20261005_195209_636847.txt,0103b215aed18a237aba83052b482c3773fd8bb3a33a165f87541c5efa98142d,tomato,value_what,05
experiments_logs/analysis_recent/when_what_policy_ablation_20261005_threshold_loop/00_raw/tomato/scene_05/value_what/run_21_seed_1896365895/exp_tomato_20261005_195214_139095.txt,07d9c5ce63a53d398724157e8c1b08a268dd215cfcc8e594411279513f486dac,tomato,value_what,05
experiments_logs/analysis_recent/when_what_policy_ablation_20261005_threshold_loop/00_raw/tomato/scene_05/value_what/run_22_seed_2128654182/exp_tomato_20261005_195220_127237.txt,46ab64772ece81eabfa6002f41c8976f22d06d977c29f8b17a543782e245adf8,tomato,value_what,05
experiments_logs/analysis_recent/when_what_policy_ablation_20261005_threshold_loop/00_raw/tomato/scene_05/value_what/run_23_seed_3471226395/exp_tomato_20261005_195224_924096.txt,c3f86347e5f1f40fc431a51850763c3df3056a5a1289169158f7aa8a2e8418a6,tomato,value_what,05
experiments_logs/analysis_recent/when_what_policy_ablation_20261005_threshold_loop/00_raw/tomato/scene_05/value_what/run_24_seed_1127296088/exp_tomato_20261005_195230_111612.txt,d0614baab0217f6b65e53081fc1275faf3197b23d482aab93144a500dbac18c7,tomato,value_what,05
experiments_logs/analysis_recent/when_what_policy_ablation_20261005_threshold_loop/00_raw/tomato/scene_05/value_what/run_25_seed_346784313/exp_tomato_20261005_195236_495697.txt,36dc2a75e06f73ee3399d51ce4747c95fef74cb29af5332642d422c59622e0bd,tomato,value_what,05
experiments_logs/analysis_recent/when_what_policy_ablation_20261005_threshold_loop/00_raw/tomato/scene_05/value_what/run_26_seed_1271340849/exp_tomato_20261005_195243_392509.txt,ffe0b5e0ed286e0c29cf7784a5386a11c3e8cbd1d7a126818e89741170f463b9,tomato,value_what,05
experiments_logs/analysis_recent/when_what_policy_ablation_20261005_threshold_loop/00_raw/tomato/scene_05/value_what/run_27_seed_1196215500/exp_tomato_20261005_195249_801642.txt,70a9403157827bd66e7105317721a57d3f980d003f95611e4dc6e3e7da4052b4,tomato,value_what,05
experiments_logs/analysis_recent/when_what_policy_ablation_20261005_threshold_loop/00_raw/tomato/scene_05/value_what/run_28_seed_3594782946/exp_tomato_20261005_195254_385945.txt,7b63c4a8ffc8d73666bec65d97ea3368d86aa8ae696774f20b1aacb4c3c2248b,tomato,value_what,05
experiments_logs/analysis_recent/when_what_policy_ablation_20261005_threshold_loop/00_raw/tomato/scene_05/value_what/run_29_seed_3869246695/exp_tomato_20261005_195259_251136.txt,d777cd232b081e2b837b0bf3d639782519509216e85a5f48cd9a8b580062d276,tomato,value_what,05
experiments_logs/analysis_recent/when_what_policy_ablation_20261005_threshold_loop/00_raw/tomato/scene_05/value_what/run_30_seed_2231101089/exp_tomato_20261005_195303_910833.txt,6e52c7ab3e71ddedf84163a35d12974f840bc021fac9d588d68500f459f43858,tomato,value_what,05
experiments_logs/analysis_recent/when_what_policy_ablation_20261005_threshold_loop/00_raw/tomato/scene_05/value_what/run_31_seed_28332744/exp_tomato_20261005_195309_387375.txt,0b6d25e94efceb5691be17aacf50df5975255d48423590468cf4703af5d45d9b,tomato,value_what,05
experiments_logs/analysis_recent/when_what_policy_ablation_20261005_threshold_loop/00_raw/tomato/scene_05/value_what/run_32_seed_815541928/exp_tomato_20261005_195315_537907.txt,8b98db2f7aacd95a1121e4e437ca54438052f3993d0adeef33dfb73a2fca8a88,tomato,value_what,05
experiments_logs/analysis_recent/when_what_policy_ablation_20261005_threshold_loop/00_raw/tomato/scene_05/value_what/run_33_seed_3637968608/exp_tomato_20261005_195321_234328.txt,c534935146be84ff5a996846372b75e5c76bcfdda6904ddf4a953026c5dd179b,tomato,value_what,05
experiments_logs/analysis_recent/when_what_policy_ablation_20261005_threshold_loop/00_raw/tomato/scene_05/value_what/run_34_seed_1985644872/exp_tomato_20261005_195326_354778.txt,03a4f80bb8246c4abd05fca7375d40de0e0bbeeb2fa22bc211c0340dab5c2167,tomato,value_what,05
experiments_logs/analysis_recent/when_what_policy_ablation_20261005_threshold_loop/00_raw/tomato/scene_05/value_what/run_35_seed_589229374/exp_tomato_20261005_195331_052555.txt,7429869f9ad3801721b36846e70eca7c60481a249e61ba302441438a7a33ba2f,tomato,value_what,05
experiments_logs/analysis_recent/when_what_policy_ablation_20261005_threshold_loop/00_raw/tomato/scene_05/value_what/run_36_seed_1101473435/exp_tomato_20261005_195335_498102.txt,d7f6760a51cce811240a933535112161416173b8c837857dc41643c81955e33b,tomato,value_what,05
experiments_logs/analysis_recent/when_what_policy_ablation_20261005_threshold_loop/00_raw/tomato/scene_05/value_what/run_37_seed_3696024021/exp_tomato_20261005_195340_391429.txt,815c60ba6adfed7acf7e724cf4d0c3079437e50da59687ac5854cd23cac644d6,tomato,value_what,05
experiments_logs/analysis_recent/when_what_policy_ablation_20261005_threshold_loop/00_raw/tomato/scene_05/value_what/run_38_seed_4191848859/exp_tomato_20261005_195345_975279.txt,6938cf9c16b01b384d233beafea019c467b7fa9e5bbccf2581341da3f94a9bc5,tomato,value_what,05
experiments_logs/analysis_recent/when_what_policy_ablation_20261005_threshold_loop/00_raw/tomato/scene_05/value_what/run_39_seed_1042830735/exp_tomato_20261005_195352_761710.txt,d59fb0416563695c3f9ebe4c0f24d70b7ad3535f310508871ad2058443a00e48,tomato,value_what,05
experiments_logs/analysis_recent/when_what_policy_ablation_20261005_threshold_loop/00_raw/tomato/scene_05/value_what/run_40_seed_3034198474/exp_tomato_20261005_195357_241299.txt,34787fda6ed49514cf1e25009040ff1692af905959829502997e55da0eb2908f,tomato,value_what,05
experiments_logs/analysis_recent/when_what_policy_ablation_20261005_threshold_loop/00_raw/wastesorting/scene_01/value_what/run_01_seed_4064545001/exp_wastesorting_20261005_195403_539395.txt,4ba291bd2c09773a88400926380238a1a6f01f8c2f55039d2dfa91cc9f30e681,wastesorting,value_what,01
experiments_logs/analysis_recent/when_what_policy_ablation_20261005_threshold_loop/00_raw/wastesorting/scene_01/value_what/run_02_seed_3622402991/exp_wastesorting_20261005_195411_985386.txt,815c52cb565dbbe499568fb6da4001bef46b28582862d6b34146f6db118d99b8,wastesorting,value_what,01
experiments_logs/analysis_recent/when_what_policy_ablation_20261005_threshold_loop/00_raw/wastesorting/scene_01/value_what/run_03_seed_2310768630/exp_wastesorting_20261005_195419_896140.txt,7432ee70f83f02b031a4cbec7879ec932230ab63344211af845e6680d0abbee1,wastesorting,value_what,01
experiments_logs/analysis_recent/when_what_policy_ablation_20261005_threshold_loop/00_raw/wastesorting/scene_01/value_what/run_04_seed_2226680570/exp_wastesorting_20261005_195429_305133.txt,e042bcfa63afa986006fcaf190343a0464c62b59ba33a7fd334313fd1ff7027c,wastesorting,value_what,01
experiments_logs/analysis_recent/when_what_policy_ablation_20261005_threshold_loop/00_raw/wastesorting/scene_01/value_what/run_05_seed_4139245423/exp_wastesorting_20261005_195437_943753.txt,8ac0f81bf97b47172e4bd86c5412a37ec816aa4ba712efe86ccd8f6eb566c40c,wastesorting,value_what,01
experiments_logs/analysis_recent/when_what_policy_ablation_20261005_threshold_loop/00_raw/wastesorting/scene_01/value_what/run_06_seed_3176006814/exp_wastesorting_20261005_195445_078214.txt,d931c3a9911d1e2f6d7a8e2ec20106642cc1a13a34438427d029aeca8dce25b5,wastesorting,value_what,01
experiments_logs/analysis_recent/when_what_policy_ablation_20261005_threshold_loop/00_raw/wastesorting/scene_01/value_what/run_07_seed_1446821692/exp_wastesorting_20261005_195454_503410.txt,019f03fa6f0c64bcc04974a13a2f4041f199a7640fb09eaad0b66e4fe1225890,wastesorting,value_what,01
experiments_logs/analysis_recent/when_what_policy_ablation_20261005_threshold_loop/00_raw/wastesorting/scene_01/value_what/run_08_seed_2855763027/exp_wastesorting_20261005_195505_832707.txt,b15166f12ff995d0d884ad3e7bf8bd385d4bd1dbf802c4f11b4d19427859c67c,wastesorting,value_what,01
experiments_logs/analysis_recent/when_what_policy_ablation_20261005_threshold_loop/00_raw/wastesorting/scene_01/value_what/run_09_seed_3987872288/exp_wastesorting_20261005_195515_626332.txt,2edcc839a3dc2f9e5fb337a08dd01ad1dc1b2d053fc258d58f25a6acf96147ec,wastesorting,value_what,01
experiments_logs/analysis_recent/when_what_policy_ablation_20261005_threshold_loop/00_raw/wastesorting/scene_01/value_what/run_10_seed_3143992301/exp_wastesorting_20261005_195523_744492.txt,06c8a375e61edea0beb18b9ac2923547a17d02e8bbc4cc9ec56592d1d739ce07,wastesorting,value_what,01
experiments_logs/analysis_recent/when_what_policy_ablation_20261005_threshold_loop/00_raw/wastesorting/scene_01/value_what/run_11_seed_304491485/exp_wastesorting_20261005_195537_174339.txt,0f5de4450054e9b6cf8f7b32cfad49b31d5fc489813e6b662ce2dcf8216d0424,wastesorting,value_what,01
experiments_logs/analysis_recent/when_what_policy_ablation_20261005_threshold_loop/00_raw/wastesorting/scene_01/value_what/run_12_seed_1469124930/exp_wastesorting_20261005_195544_106060.txt,ea35ed034087924a2d59291d6935db2d8f14b2cd51d0bfc92fe640d515d7871c,wastesorting,value_what,01
experiments_logs/analysis_recent/when_what_policy_ablation_20261005_threshold_loop/00_raw/wastesorting/scene_01/value_what/run_13_seed_3904873952/exp_wastesorting_20261005_195555_849978.txt,d44bc398724f9eb21442f5e74a4acfa819a8853baf3113eea4b8568482c56c8a,wastesorting,value_what,01
experiments_logs/analysis_recent/when_what_policy_ablation_20261005_threshold_loop/00_raw/wastesorting/scene_01/value_what/run_14_seed_1753239905/exp_wastesorting_20261005_195603_918180.txt,fe51ba5845f1cc6eccf6c464123029220fba0b6c8395daea4d621786a7a2bad1,wastesorting,value_what,01
experiments_logs/analysis_recent/when_what_policy_ablation_20261005_threshold_loop/00_raw/wastesorting/scene_01/value_what/run_15_seed_3890046989/exp_wastesorting_20261005_195610_933874.txt,c8c06c34ece159e2998341e9e60225c59c58bd81b5b5ac27ff472027477fcd14,wastesorting,value_what,01
experiments_logs/analysis_recent/when_what_policy_ablation_20261005_threshold_loop/00_raw/wastesorting/scene_01/value_what/run_16_seed_4016452800/exp_wastesorting_20261005_195620_757274.txt,4fc68fa2ac828264babecc273392868234a83079b8327d36f1a201a5091058f2,wastesorting,value_what,01
experiments_logs/analysis_recent/when_what_policy_ablation_20261005_threshold_loop/00_raw/wastesorting/scene_01/value_what/run_17_seed_1421291149/exp_wastesorting_20261005_195628_179189.txt,da8c93aaa904e5a37e360a40c750725b8ee6242030f6bea4cf731e629192b770,wastesorting,value_what,01
experiments_logs/analysis_recent/when_what_policy_ablation_20261005_threshold_loop/00_raw/wastesorting/scene_01/value_what/run_18_seed_1201660994/exp_wastesorting_20261005_195636_732095.txt,cabcb21819f8804831be56d741c8556c5919e994acc1b0eda5c4fbc21220aee5,wastesorting,value_what,01
experiments_logs/analysis_recent/when_what_policy_ablation_20261005_threshold_loop/00_raw/wastesorting/scene_01/value_what/run_19_seed_2732686114/exp_wastesorting_20261005_195646_415733.txt,75050946325297f3c3e16df3ae09ba23e3adaac3f83c2165ef1f0f502d25af53,wastesorting,value_what,01
experiments_logs/analysis_recent/when_what_policy_ablation_20261005_threshold_loop/00_raw/wastesorting/scene_01/value_what/run_20_seed_3276452260/exp_wastesorting_20261005_195655_986392.txt,a2521bbe3b0eb61ebdb862cd44c57102d435431914c2c865c0e6d176c364bef4,wastesorting,value_what,01
experiments_logs/analysis_recent/when_what_policy_ablation_20261005_threshold_loop/00_raw/wastesorting/scene_01/value_what/run_21_seed_973561137/exp_wastesorting_20261005_195709_589805.txt,0e62d99585dd23132a6f46c5220a7c484c4ea4f1319ca4cf12ad10c247db437d,wastesorting,value_what,01
experiments_logs/analysis_recent/when_what_policy_ablation_20261005_threshold_loop/00_raw/wastesorting/scene_01/value_what/run_22_seed_221659181/exp_wastesorting_20261005_195719_258456.txt,f108fdb3c14d044925264a0d7c46b1cc665ab353c161bea3c72681e743599f96,wastesorting,value_what,01
experiments_logs/analysis_recent/when_what_policy_ablation_20261005_threshold_loop/00_raw/wastesorting/scene_01/value_what/run_23_seed_3794435593/exp_wastesorting_20261005_195728_216962.txt,a639d2131cdd876e008a7da4aa5053713d083c75b28b923bb42d256f296fd7eb,wastesorting,value_what,01
experiments_logs/analysis_recent/when_what_policy_ablation_20261005_threshold_loop/00_raw/wastesorting/scene_01/value_what/run_24_seed_1062380405/exp_wastesorting_20261005_195738_239778.txt,5f42bb8213cb58eb3b36a1e6df8dcb7d37b3038a80ff88e5f4076929f1ac72d4,wastesorting,value_what,01
experiments_logs/analysis_recent/when_what_policy_ablation_20261005_threshold_loop/00_raw/wastesorting/scene_01/value_what/run_25_seed_2258604627/exp_wastesorting_20261005_195749_252231.txt,dce2c16a3ae12cf0ed0b35f7cd61ffa3943437aa3fce74cc22a5509df56348c2,wastesorting,value_what,01
experiments_logs/analysis_recent/when_what_policy_ablation_20261005_threshold_loop/00_raw/wastesorting/scene_01/value_what/run_26_seed_2829245352/exp_wastesorting_20261005_195759_180736.txt,d2efc7cd342bd49308a41442a908f70ea88cd6a2c1739634dd2dd0e2f96ef16f,wastesorting,value_what,01
experiments_logs/analysis_recent/when_what_policy_ablation_20261005_threshold_loop/00_raw/wastesorting/scene_01/value_what/run_27_seed_3940097250/exp_wastesorting_20261005_195811_822472.txt,6e0aac7ba05889652ee71632661f0ca10cc2d61821f571e53da4e87c3c40bc45,wastesorting,value_what,01
experiments_logs/analysis_recent/when_what_policy_ablation_20261005_threshold_loop/00_raw/wastesorting/scene_01/value_what/run_28_seed_2295953812/exp_wastesorting_20261005_195820_780015.txt,e5794780b7cd535a3773254a9fc18cc97069b8755bf652d95746295d5dcbe80f,wastesorting,value_what,01
experiments_logs/analysis_recent/when_what_policy_ablation_20261005_threshold_loop/00_raw/wastesorting/scene_01/value_what/run_29_seed_1147340016/exp_wastesorting_20261005_195829_842226.txt,ae7b560f013b4be140237524c710d81a1568bbebeffccb05763571544c79e8b1,wastesorting,value_what,01
experiments_logs/analysis_recent/when_what_policy_ablation_20261005_threshold_loop/00_raw/wastesorting/scene_01/value_what/run_30_seed_3656921932/exp_wastesorting_20261005_195838_328921.txt,ee52b069698635e8c16d1be658c68665612e44b5d1b204329acb5d2f852df310,wastesorting,value_what,01
experiments_logs/analysis_recent/when_what_policy_ablation_20261005_threshold_loop/00_raw/wastesorting/scene_01/value_what/run_31_seed_834664221/exp_wastesorting_20261005_195845_609587.txt,93db970798fde7be40a0e984e8fb30d5b231796c07cca096340639b92db12cb6,wastesorting,value_what,01
experiments_logs/analysis_recent/when_what_policy_ablation_20261005_threshold_loop/00_raw/wastesorting/scene_01/value_what/run_32_seed_2566599462/exp_wastesorting_20261005_195855_392294.txt,629ece322960b66880d3589f0df11d486e731af6d23b2b842d1ed2ef504fbb1f,wastesorting,value_what,01
experiments_logs/analysis_recent/when_what_policy_ablation_20261005_threshold_loop/00_raw/wastesorting/scene_01/value_what/run_33_seed_481330159/exp_wastesorting_20261005_195906_563115.txt,b9dc6948291c02e441bf66030d0eabbc0fabc5c4bd15b6937674a6a6ba3dcf0f,wastesorting,value_what,01
experiments_logs/analysis_recent/when_what_policy_ablation_20261005_threshold_loop/00_raw/wastesorting/scene_01/value_what/run_34_seed_3722475659/exp_wastesorting_20261005_195914_818604.txt,f746f7f55a4ca52642e653a556cf19a363811cda83be67adda9f2e4ec8a40311,wastesorting,value_what,01
experiments_logs/analysis_recent/when_what_policy_ablation_20261005_threshold_loop/00_raw/wastesorting/scene_01/value_what/run_35_seed_3267154761/exp_wastesorting_20261005_195925_181122.txt,9134b5c495261bcd14a77b451ef509c0035f54b7a00f7d7b7f14106d9034167d,wastesorting,value_what,01
experiments_logs/analysis_recent/when_what_policy_ablation_20261005_threshold_loop/00_raw/wastesorting/scene_01/value_what/run_36_seed_2062582486/exp_wastesorting_20261005_195941_189251.txt,3e8a23adb52fa1994440e53e01fe983e7bd902eb819b60660382fe2fe1cc4239,wastesorting,value_what,01
experiments_logs/analysis_recent/when_what_policy_ablation_20261005_threshold_loop/00_raw/wastesorting/scene_01/value_what/run_37_seed_4001804605/exp_wastesorting_20261005_195951_340522.txt,8926a2d5e85c8cfa0873a802a46be2cf2abbab9effb17962f652793083533941,wastesorting,value_what,01
experiments_logs/analysis_recent/when_what_policy_ablation_20261005_threshold_loop/00_raw/wastesorting/scene_01/value_what/run_38_seed_3175035907/exp_wastesorting_20261005_200001_003634.txt,103dd1548b4f1336c77dfc7c48be51f5caf0323523c10d14f5d58dadc3994294,wastesorting,value_what,01
experiments_logs/analysis_recent/when_what_policy_ablation_20261005_threshold_loop/00_raw/wastesorting/scene_01/value_what/run_39_seed_3156193605/exp_wastesorting_20261005_200010_162999.txt,ff102a255812367084efffc42093cfdba7716e949438efc43db86274453c245a,wastesorting,value_what,01
experiments_logs/analysis_recent/when_what_policy_ablation_20261005_threshold_loop/00_raw/wastesorting/scene_01/value_what/run_40_seed_3862245153/exp_wastesorting_20261005_200020_989088.txt,1fe8b1acf868e2eba233ce5908f73efe438fddc40fec685f3f4ef316823c0d85,wastesorting,value_what,01
experiments_logs/analysis_recent/when_what_policy_ablation_20261005_threshold_loop/00_raw/wastesorting/scene_02/value_what/run_01_seed_2156641990/exp_wastesorting_20261005_200027_598881.txt,ce15e3f62bbdfd43a3fefee341b10c810b12d175ee20c9a2a28cc7f32c4748af,wastesorting,value_what,02
experiments_logs/analysis_recent/when_what_policy_ablation_20261005_threshold_loop/00_raw/wastesorting/scene_02/value_what/run_02_seed_715488211/exp_wastesorting_20261005_200034_653016.txt,e1aa819a96c3ad1025e1759a74459e1a58bb66d54644fd634bffd198a0cb638c,wastesorting,value_what,02
experiments_logs/analysis_recent/when_what_policy_ablation_20261005_threshold_loop/00_raw/wastesorting/scene_02/value_what/run_03_seed_1273456514/exp_wastesorting_20261005_200044_005401.txt,027dd43aba66bd3353183ae0d806ee39a3dc79dab77f22b272d4b36ee835c904,wastesorting,value_what,02
experiments_logs/analysis_recent/when_what_policy_ablation_20261005_threshold_loop/00_raw/wastesorting/scene_02/value_what/run_04_seed_1679391382/exp_wastesorting_20261005_200051_050577.txt,b975d36c092b5f110e27f2d8b6bdfb77e0cbd8c7e662b11a4ed905a6817104ce,wastesorting,value_what,02
experiments_logs/analysis_recent/when_what_policy_ablation_20261005_threshold_loop/00_raw/wastesorting/scene_02/value_what/run_05_seed_1315496753/exp_wastesorting_20261005_200057_622360.txt,2e04c4a3988e2342933adeced276c05d05bcf0af39ca4a39ae3c6fccb1ec6493,wastesorting,value_what,02
experiments_logs/analysis_recent/when_what_policy_ablation_20261005_threshold_loop/00_raw/wastesorting/scene_02/value_what/run_06_seed_3794247199/exp_wastesorting_20261005_200104_784289.txt,48fd499b138d269d3ee7ab0161ba29c288c3c7bcde5182aa7a03dca16004e3bb,wastesorting,value_what,02
experiments_logs/analysis_recent/when_what_policy_ablation_20261005_threshold_loop/00_raw/wastesorting/scene_02/value_what/run_07_seed_2628956077/exp_wastesorting_20261005_200113_655940.txt,2a7e7f4a8b41423e5c5acb290d37b8819e507dccec9d80d236930cd959fc59bc,wastesorting,value_what,02
experiments_logs/analysis_recent/when_what_policy_ablation_20261005_threshold_loop/00_raw/wastesorting/scene_02/value_what/run_08_seed_1669852028/exp_wastesorting_20261005_200123_052774.txt,da784965ec46d04b63b4e5efd7b6c1f7da33f7ab7782032dac478e429fb3f1ab,wastesorting,value_what,02
experiments_logs/analysis_recent/when_what_policy_ablation_20261005_threshold_loop/00_raw/wastesorting/scene_02/value_what/run_09_seed_2314118130/exp_wastesorting_20261005_200132_650115.txt,4e835dd0cea10fc9cd004cd72b50e36d93925e48f7bb6a14f3b646a0669b1546,wastesorting,value_what,02
experiments_logs/analysis_recent/when_what_policy_ablation_20261005_threshold_loop/00_raw/wastesorting/scene_02/value_what/run_10_seed_1150653687/exp_wastesorting_20261005_200144_608241.txt,c12de1f11c8a159a8d21d7cb9ee18f0e0d3c619391889437fd155741b1396bfc,wastesorting,value_what,02
experiments_logs/analysis_recent/when_what_policy_ablation_20261005_threshold_loop/00_raw/wastesorting/scene_02/value_what/run_11_seed_3820178410/exp_wastesorting_20261005_200153_976289.txt,5b02a413de948031b119ef8f59d7fd48c213c818eaac2b78b0ba28be5a5b4e31,wastesorting,value_what,02
experiments_logs/analysis_recent/when_what_policy_ablation_20261005_threshold_loop/00_raw/wastesorting/scene_02/value_what/run_12_seed_1684512935/exp_wastesorting_20261005_200201_595210.txt,93f39c8fe32c6296212d58cc49cde5fcdcf07f876e22e8291eb7e47a29b0cac4,wastesorting,value_what,02
experiments_logs/analysis_recent/when_what_policy_ablation_20261005_threshold_loop/00_raw/wastesorting/scene_02/value_what/run_13_seed_800159661/exp_wastesorting_20261005_200208_625689.txt,057c6490db3eee3c6071bb427cac15a3fc6c6cc56ce7f72cec60f38a91d651d1,wastesorting,value_what,02
experiments_logs/analysis_recent/when_what_policy_ablation_20261005_threshold_loop/00_raw/wastesorting/scene_02/value_what/run_14_seed_3132007216/exp_wastesorting_20261005_200219_858828.txt,5f5f5cb6cf80acae376602c2244e380468c98426e8b8d35f3d758244843b6ce5,wastesorting,value_what,02
experiments_logs/analysis_recent/when_what_policy_ablation_20261005_threshold_loop/00_raw/wastesorting/scene_02/value_what/run_15_seed_431660203/exp_wastesorting_20261005_200226_644538.txt,4ca4793f8d1f132eb8a017d87a183b4e84d1cf541c4b6db6614567f2c96aa900,wastesorting,value_what,02
experiments_logs/analysis_recent/when_what_policy_ablation_20261005_threshold_loop/00_raw/wastesorting/scene_02/value_what/run_16_seed_4052769592/exp_wastesorting_20261005_200240_226355.txt,8c50164872af281382d6e6e398ddbf6f6f62e263ed51aaa0975287cae61db11d,wastesorting,value_what,02
experiments_logs/analysis_recent/when_what_policy_ablation_20261005_threshold_loop/00_raw/wastesorting/scene_02/value_what/run_17_seed_1116766657/exp_wastesorting_20261005_200251_915205.txt,f296a5647bdc02970dee5385623e65277b7ee4ce0632363f6366f6cc3ad8bd17,wastesorting,value_what,02
experiments_logs/analysis_recent/when_what_policy_ablation_20261005_threshold_loop/00_raw/wastesorting/scene_02/value_what/run_18_seed_1960486937/exp_wastesorting_20261005_200259_311417.txt,37bf868602280139e8776ca1374d5d6c3daa79ab6f90114789f2916f786a330e,wastesorting,value_what,02
experiments_logs/analysis_recent/when_what_policy_ablation_20261005_threshold_loop/00_raw/wastesorting/scene_02/value_what/run_19_seed_1185595584/exp_wastesorting_20261005_200305_829165.txt,ea5bca10647a5e1d05888d35e7213249a2c5e214a30acbcc9810656de6d6230f,wastesorting,value_what,02
experiments_logs/analysis_recent/when_what_policy_ablation_20261005_threshold_loop/00_raw/wastesorting/scene_02/value_what/run_20_seed_2175442287/exp_wastesorting_20261005_200317_726967.txt,3b085ea7f506992977f6bdcbec89815e6a8df1599ab8e2aacba424215f0f1bd7,wastesorting,value_what,02
experiments_logs/analysis_recent/when_what_policy_ablation_20261005_threshold_loop/00_raw/wastesorting/scene_02/value_what/run_21_seed_1478189300/exp_wastesorting_20261005_200327_311461.txt,b0edde3e8fe1319c9cefb308951cb07906f1936a99b2fcea8a546565be00059c,wastesorting,value_what,02
experiments_logs/analysis_recent/when_what_policy_ablation_20261005_threshold_loop/00_raw/wastesorting/scene_02/value_what/run_22_seed_2497538083/exp_wastesorting_20261005_200336_754797.txt,3262246bc1c01253670b8a2b93c8800fbea25353d2fc975427f0dac6e67a6a2d,wastesorting,value_what,02
experiments_logs/analysis_recent/when_what_policy_ablation_20261005_threshold_loop/00_raw/wastesorting/scene_02/value_what/run_23_seed_92232459/exp_wastesorting_20261005_200344_854734.txt,5ca313332ca19f04473cb7889fac29549f53999d3f47d704e50150c02c0705b4,wastesorting,value_what,02
experiments_logs/analysis_recent/when_what_policy_ablation_20261005_threshold_loop/00_raw/wastesorting/scene_02/value_what/run_24_seed_3750062435/exp_wastesorting_20261005_200353_837516.txt,cc8f88ff7ce56786ffe3f9e5689fa7e4b26ecdda166fb064bec4a2fa48fb2d0a,wastesorting,value_what,02
experiments_logs/analysis_recent/when_what_policy_ablation_20261005_threshold_loop/00_raw/wastesorting/scene_02/value_what/run_25_seed_3666558197/exp_wastesorting_20261005_200407_267643.txt,84d76aaf789840d7c7f24cc1083dc2ca1544527f684a59e98de6dc832a47121c,wastesorting,value_what,02
experiments_logs/analysis_recent/when_what_policy_ablation_20261005_threshold_loop/00_raw/wastesorting/scene_02/value_what/run_26_seed_4053942929/exp_wastesorting_20261005_200415_602139.txt,e5a55c70e60d34b4b2e4e43aa92ccdbe0a22a294bee8284082c13fa0e8f9c5ca,wastesorting,value_what,02
experiments_logs/analysis_recent/when_what_policy_ablation_20261005_threshold_loop/00_raw/wastesorting/scene_02/value_what/run_27_seed_1014673370/exp_wastesorting_20261005_200423_094874.txt,1b375a49384d0f1c9350f9f6e52ec1cdcc06124b5b8a610112ac8be6ea59de9d,wastesorting,value_what,02
experiments_logs/analysis_recent/when_what_policy_ablation_20261005_threshold_loop/00_raw/wastesorting/scene_02/value_what/run_28_seed_3041513348/exp_wastesorting_20261005_200431_218205.txt,06483d70c945a44da4d4a86c9a9e2b6571dd6e8106f1fa6c643dcd64ed243b3d,wastesorting,value_what,02
experiments_logs/analysis_recent/when_what_policy_ablation_20261005_threshold_loop/00_raw/wastesorting/scene_02/value_what/run_29_seed_3100998094/exp_wastesorting_20261005_200440_420176.txt,002b271c35889838737dc92d58387ca1004ed146dcb515e3d9c90d33f3532820,wastesorting,value_what,02
experiments_logs/analysis_recent/when_what_policy_ablation_20261005_threshold_loop/00_raw/wastesorting/scene_02/value_what/run_30_seed_2006819571/exp_wastesorting_20261005_200449_466273.txt,350ac5b41b60ca21988887c292da449997b4b3dec082582b87b59933a3ed1da8,wastesorting,value_what,02
experiments_logs/analysis_recent/when_what_policy_ablation_20261005_threshold_loop/00_raw/wastesorting/scene_02/value_what/run_31_seed_604661570/exp_wastesorting_20261005_200458_851218.txt,513f6e7c6966eccc7f47a5d07b8c02f87c5ca4f5a137ef5ca82145ec28fc2cc5,wastesorting,value_what,02
experiments_logs/analysis_recent/when_what_policy_ablation_20261005_threshold_loop/00_raw/wastesorting/scene_02/value_what/run_32_seed_1859675682/exp_wastesorting_20261005_200506_896617.txt,51565ac966e89a4dd8b6970781340f9e5bb5662f00c26134168957c707ce577d,wastesorting,value_what,02
experiments_logs/analysis_recent/when_what_policy_ablation_20261005_threshold_loop/00_raw/wastesorting/scene_02/value_what/run_33_seed_2681088983/exp_wastesorting_20261005_200511_646855.txt,c19d73c971886b6a42ecc49c813fc93e8ac9515b2b846d807c000e12b63a932f,wastesorting,value_what,02
experiments_logs/analysis_recent/when_what_policy_ablation_20261005_threshold_loop/00_raw/wastesorting/scene_02/value_what/run_34_seed_2903446598/exp_wastesorting_20261005_200522_869528.txt,15a463dca1d926172ebe45d55aabaf7257f7a73d8a4605efe191a5048f858b42,wastesorting,value_what,02
experiments_logs/analysis_recent/when_what_policy_ablation_20261005_threshold_loop/00_raw/wastesorting/scene_02/value_what/run_35_seed_4138266715/exp_wastesorting_20261005_200533_980536.txt,937682108b9794c64c4e448491881b809d465618f3be8f73fbb30c780726c9d3,wastesorting,value_what,02
experiments_logs/analysis_recent/when_what_policy_ablation_20261005_threshold_loop/00_raw/wastesorting/scene_02/value_what/run_36_seed_3361930932/exp_wastesorting_20261005_200543_669806.txt,d9bbd1142cd17c3c658552c4e6a6cf4872e78a8cafef004a9bc633a1569a2685,wastesorting,value_what,02
experiments_logs/analysis_recent/when_what_policy_ablation_20261005_threshold_loop/00_raw/wastesorting/scene_02/value_what/run_37_seed_2679542969/exp_wastesorting_20261005_200552_227538.txt,2c1ed28d8210797057dcb8fcd9fd7654cc80745bb8d6bbfba5dda720c4f5350f,wastesorting,value_what,02
experiments_logs/analysis_recent/when_what_policy_ablation_20261005_threshold_loop/00_raw/wastesorting/scene_02/value_what/run_38_seed_1191125615/exp_wastesorting_20261005_200602_435329.txt,c8b26a97e0b24816f83ee5e4ac324ff98a002690caed244fafd0e4d1820dcd80,wastesorting,value_what,02
experiments_logs/analysis_recent/when_what_policy_ablation_20261005_threshold_loop/00_raw/wastesorting/scene_02/value_what/run_39_seed_2226175700/exp_wastesorting_20261005_200608_440884.txt,8dbe2bcd3c569da638dbd52e79cbb1ad67b8f238d27364842d049e9c69fb7116,wastesorting,value_what,02
experiments_logs/analysis_recent/when_what_policy_ablation_20261005_threshold_loop/00_raw/wastesorting/scene_02/value_what/run_40_seed_3749131969/exp_wastesorting_20261005_200615_225953.txt,f0a096c6e9e01c9f11a31a81bf0e47b6133633da4a8b38b8b9366b792c72df18,wastesorting,value_what,02
experiments_logs/analysis_recent/when_what_policy_ablation_20261005_threshold_loop/00_raw/wastesorting/scene_03/value_what/run_01_seed_935228514/exp_wastesorting_20261005_200624_871481.txt,9f542ffb7961b8edc50b73fdc12856c1763e926998130b4cac375c17f6b46e1f,wastesorting,value_what,03
experiments_logs/analysis_recent/when_what_policy_ablation_20261005_threshold_loop/00_raw/wastesorting/scene_03/value_what/run_02_seed_1971182115/exp_wastesorting_20261005_200633_881786.txt,2216f3484df217836c7501c37f2dd6bcdcb76e81aa8f783af390395fbf73f422,wastesorting,value_what,03
experiments_logs/analysis_recent/when_what_policy_ablation_20261005_threshold_loop/00_raw/wastesorting/scene_03/value_what/run_03_seed_2394637227/exp_wastesorting_20261005_200642_430451.txt,406383f2dece24ce5d45348464edf101e76be459b72d9a8f42e4a6589a8cc1fc,wastesorting,value_what,03
experiments_logs/analysis_recent/when_what_policy_ablation_20261005_threshold_loop/00_raw/wastesorting/scene_03/value_what/run_04_seed_3544407771/exp_wastesorting_20261005_200649_638667.txt,d1828eea2396df75edbec41d92b771f9019d00cf61234b870669f5dcb95a598c,wastesorting,value_what,03
experiments_logs/analysis_recent/when_what_policy_ablation_20261005_threshold_loop/00_raw/wastesorting/scene_03/value_what/run_05_seed_151419445/exp_wastesorting_20261005_200659_007957.txt,a15df5d5f21b911018f927ceb1e040a7219ae7772972462654b29f6f69cd8de9,wastesorting,value_what,03
experiments_logs/analysis_recent/when_what_policy_ablation_20261005_threshold_loop/00_raw/wastesorting/scene_03/value_what/run_06_seed_878097152/exp_wastesorting_20261005_200706_952224.txt,4063bb4e7d8a37cfd336848adb6b5d8c5bed09827a10a5e82b3b6f0ce6e28d9c,wastesorting,value_what,03
experiments_logs/analysis_recent/when_what_policy_ablation_20261005_threshold_loop/00_raw/wastesorting/scene_03/value_what/run_07_seed_2160290877/exp_wastesorting_20261005_200714_963103.txt,7b8b599cdce39fb800654edef503ec416c076a41db86549e76ff13e8f07979c4,wastesorting,value_what,03
experiments_logs/analysis_recent/when_what_policy_ablation_20261005_threshold_loop/00_raw/wastesorting/scene_03/value_what/run_08_seed_1263200062/exp_wastesorting_20261005_200727_422563.txt,596ab0a286a6a83b854aeb2c3db2d02dcf1786e0fcf558b92efa3ce08415bb83,wastesorting,value_what,03
experiments_logs/analysis_recent/when_what_policy_ablation_20261005_threshold_loop/00_raw/wastesorting/scene_03/value_what/run_09_seed_2442584840/exp_wastesorting_20261005_200736_166180.txt,c9da2b11f8651958d203f08e5bf9d9a49b51d4d6a11db7a9ca68b2b5fadfd1a4,wastesorting,value_what,03
experiments_logs/analysis_recent/when_what_policy_ablation_20261005_threshold_loop/00_raw/wastesorting/scene_03/value_what/run_10_seed_995062266/exp_wastesorting_20261005_200742_888563.txt,ff530f7e97dc06cf902ef6e5c989444a454f4807d387b32504dd3de15e9d2f3d,wastesorting,value_what,03
experiments_logs/analysis_recent/when_what_policy_ablation_20261005_threshold_loop/00_raw/wastesorting/scene_03/value_what/run_11_seed_1757091912/exp_wastesorting_20261005_200752_614628.txt,6d90aec193d2929786c96e4bb7b90d669f87983cf2fc742c46968fafa2637a07,wastesorting,value_what,03
experiments_logs/analysis_recent/when_what_policy_ablation_20261005_threshold_loop/00_raw/wastesorting/scene_03/value_what/run_12_seed_703706258/exp_wastesorting_20261005_200800_681460.txt,30b76a3d25d16cacf14e43ad4c164d72306be4f38d06c82dc222c5b104964d8d,wastesorting,value_what,03
experiments_logs/analysis_recent/when_what_policy_ablation_20261005_threshold_loop/00_raw/wastesorting/scene_03/value_what/run_13_seed_3734705447/exp_wastesorting_20261005_200810_089235.txt,ae1f7e8a1b35ea9745bc3208349c97c00a2b467ab76efe230e313ca3d83af2f4,wastesorting,value_what,03
experiments_logs/analysis_recent/when_what_policy_ablation_20261005_threshold_loop/00_raw/wastesorting/scene_03/value_what/run_14_seed_808931924/exp_wastesorting_20261005_200819_017484.txt,2dd721c4eb9e44669cfcb0b047b04e160562a6a57da6f151d77fd5b2d7664f0f,wastesorting,value_what,03
experiments_logs/analysis_recent/when_what_policy_ablation_20261005_threshold_loop/00_raw/wastesorting/scene_03/value_what/run_15_seed_1010706734/exp_wastesorting_20261005_200828_830204.txt,234e7f4aa15b6d5076ad26742064a1059c16e371719a30cee7ff49e3dd5bf350,wastesorting,value_what,03
experiments_logs/analysis_recent/when_what_policy_ablation_20261005_threshold_loop/00_raw/wastesorting/scene_03/value_what/run_16_seed_1790509877/exp_wastesorting_20261005_200837_837095.txt,e5883f8a588982fb804951c059230e5cf5f5103748671dba10ff069ae4f68ba2,wastesorting,value_what,03
experiments_logs/analysis_recent/when_what_policy_ablation_20261005_threshold_loop/00_raw/wastesorting/scene_03/value_what/run_17_seed_1862543915/exp_wastesorting_20261005_200843_989708.txt,5df2c8d5ec1dfb01c910c50c74378064af096004ecb1fbd2e37b67d2c50ec123,wastesorting,value_what,03
experiments_logs/analysis_recent/when_what_policy_ablation_20261005_threshold_loop/00_raw/wastesorting/scene_03/value_what/run_18_seed_2836132436/exp_wastesorting_20261005_200854_477461.txt,1e85ed8b0a3c846b1ce355845e0313ce49bc2b06dc325c587a55e9d0e77a0538,wastesorting,value_what,03
experiments_logs/analysis_recent/when_what_policy_ablation_20261005_threshold_loop/00_raw/wastesorting/scene_03/value_what/run_19_seed_4248209127/exp_wastesorting_20261005_200901_230678.txt,380c1d25a54b1da1ab8d6e68503e1ba88c100be3cfff9f7d57e4085fd434686a,wastesorting,value_what,03
experiments_logs/analysis_recent/when_what_policy_ablation_20261005_threshold_loop/00_raw/wastesorting/scene_03/value_what/run_20_seed_1312241461/exp_wastesorting_20261005_200912_622976.txt,dd4c9623f56510443a2171bddd1b71bc3d4e1b07db2fd1c76ca2e68cdbe428a4,wastesorting,value_what,03
experiments_logs/analysis_recent/when_what_policy_ablation_20261005_threshold_loop/00_raw/wastesorting/scene_03/value_what/run_21_seed_1849750684/exp_wastesorting_20261005_200918_050624.txt,09d47245e67126e1c965596b4cce0814f3536789d7d6ef908d0a8bb18dc729ce,wastesorting,value_what,03
experiments_logs/analysis_recent/when_what_policy_ablation_20261005_threshold_loop/00_raw/wastesorting/scene_03/value_what/run_22_seed_3532582087/exp_wastesorting_20261005_200924_117074.txt,6b3dd8c96a224405240301f4388a12eeb319ba0133eca5ea5e15d17201a12ce1,wastesorting,value_what,03
experiments_logs/analysis_recent/when_what_policy_ablation_20261005_threshold_loop/00_raw/wastesorting/scene_03/value_what/run_23_seed_1682900593/exp_wastesorting_20261005_200934_122939.txt,db2ec2672943d5d955c9140dee1c374b6143ffbbc2044ece7d7d229d27ee6376,wastesorting,value_what,03
experiments_logs/analysis_recent/when_what_policy_ablation_20261005_threshold_loop/00_raw/wastesorting/scene_03/value_what/run_24_seed_2815362486/exp_wastesorting_20261005_200946_156953.txt,6bdda64ba66c02ada673897242f972f0ba48c024a2a6d8f64fa7f535e1aeba47,wastesorting,value_what,03
experiments_logs/analysis_recent/when_what_policy_ablation_20261005_threshold_loop/00_raw/wastesorting/scene_03/value_what/run_25_seed_408728855/exp_wastesorting_20261005_200953_416667.txt,242c087cca691624c52696e0b9d133bea0940a6ef211cf214eaf31ffed44dc5d,wastesorting,value_what,03
experiments_logs/analysis_recent/when_what_policy_ablation_20261005_threshold_loop/00_raw/wastesorting/scene_03/value_what/run_26_seed_2192330955/exp_wastesorting_20261005_201002_381971.txt,dcbf6a27da5cdd4bbdbbbb0dca43d690327b575dd0d4c4deaec6a2e65d50e315,wastesorting,value_what,03
experiments_logs/analysis_recent/when_what_policy_ablation_20261005_threshold_loop/00_raw/wastesorting/scene_03/value_what/run_27_seed_2090573975/exp_wastesorting_20261005_201009_174528.txt,3adc2b83f3387b6fb251eb177513c0707f0a3981a14732c998be2880256da01f,wastesorting,value_what,03
experiments_logs/analysis_recent/when_what_policy_ablation_20261005_threshold_loop/00_raw/wastesorting/scene_03/value_what/run_28_seed_1932548607/exp_wastesorting_20261005_201017_236340.txt,a050ad6768f5ca7a6b854b0716f405badbd7838baf1cdde11dcb995770edd625,wastesorting,value_what,03
experiments_logs/analysis_recent/when_what_policy_ablation_20261005_threshold_loop/00_raw/wastesorting/scene_03/value_what/run_29_seed_1123572063/exp_wastesorting_20261005_201026_510396.txt,7eb518745b0726b47fb6ea59409b8da73d914ce3639b3e8f034e40ce987ae172,wastesorting,value_what,03
experiments_logs/analysis_recent/when_what_policy_ablation_20261005_threshold_loop/00_raw/wastesorting/scene_03/value_what/run_30_seed_4128056421/exp_wastesorting_20261005_201036_439733.txt,5f6822885c091298c6dfe83cf19ae1616eb18f8a310b52065a2a824bf54d26ff,wastesorting,value_what,03
experiments_logs/analysis_recent/when_what_policy_ablation_20261005_threshold_loop/00_raw/wastesorting/scene_03/value_what/run_31_seed_428908864/exp_wastesorting_20261005_201046_283740.txt,f77d6010697a1b13b81c369f68b9fda19d6029dc899aa1ae992777d7fcc133be,wastesorting,value_what,03
experiments_logs/analysis_recent/when_what_policy_ablation_20261005_threshold_loop/00_raw/wastesorting/scene_03/value_what/run_32_seed_3643526193/exp_wastesorting_20261005_201054_932471.txt,450f7de6fe6ec868908549ff4c9d9f249dee783c1b0301c30bc92c654726e928,wastesorting,value_what,03
experiments_logs/analysis_recent/when_what_policy_ablation_20261005_threshold_loop/00_raw/wastesorting/scene_03/value_what/run_33_seed_3925417317/exp_wastesorting_20261005_201103_469154.txt,e1e431f6c1ceb2e01f7e8e7c21ee8e42f50a2745dc64dbb8ee95a0de675c5332,wastesorting,value_what,03
experiments_logs/analysis_recent/when_what_policy_ablation_20261005_threshold_loop/00_raw/wastesorting/scene_03/value_what/run_34_seed_3952233946/exp_wastesorting_20261005_201111_731757.txt,950077ac187d9a714fd6cec203d543f2e49deb3c0884e370686074e41ab86c71,wastesorting,value_what,03
experiments_logs/analysis_recent/when_what_policy_ablation_20261005_threshold_loop/00_raw/wastesorting/scene_03/value_what/run_35_seed_3772505736/exp_wastesorting_20261005_201120_606789.txt,99895c623abca921a65145683996368d0232ff431695b691fa34dac56dd659d1,wastesorting,value_what,03
experiments_logs/analysis_recent/when_what_policy_ablation_20261005_threshold_loop/00_raw/wastesorting/scene_03/value_what/run_36_seed_2200107462/exp_wastesorting_20261005_201128_000579.txt,b31687dd66e852a49b11c1239611e9f12396a2493a4b411aff9c27b6ffc32fe0,wastesorting,value_what,03
experiments_logs/analysis_recent/when_what_policy_ablation_20261005_threshold_loop/00_raw/wastesorting/scene_03/value_what/run_37_seed_1065524053/exp_wastesorting_20261005_201136_002963.txt,6ebcc6d967d75f28403e6fdbc742a4ba599ac5818fb4df850313a61f7af221bf,wastesorting,value_what,03
experiments_logs/analysis_recent/when_what_policy_ablation_20261005_threshold_loop/00_raw/wastesorting/scene_03/value_what/run_38_seed_1429072852/exp_wastesorting_20261005_201144_042274.txt,e2aaf2796e93f3dc0514b25934d6ef17644152a3960835e0abf890bf615ad6f2,wastesorting,value_what,03
experiments_logs/analysis_recent/when_what_policy_ablation_20261005_threshold_loop/00_raw/wastesorting/scene_03/value_what/run_39_seed_1198822842/exp_wastesorting_20261005_201154_079271.txt,a8a200521a26eb7eb2eacefb757b5df3c7941cf456218b6a05403b81a25fb1c4,wastesorting,value_what,03
experiments_logs/analysis_recent/when_what_policy_ablation_20261005_threshold_loop/00_raw/wastesorting/scene_03/value_what/run_40_seed_864565644/exp_wastesorting_20261005_201201_843837.txt,894627cc12300e3a3e870397dc812e3d42ee26831d2a61d4467e0380de20a6f2,wastesorting,value_what,03
experiments_logs/analysis_recent/when_what_policy_ablation_20261005_threshold_loop/00_raw/wastesorting/scene_04/value_what/run_01_seed_3291161639/exp_wastesorting_20261005_201209_908234.txt,cf60d963503f07cf57e2eacd7af486abf302f8fa4d8e6676ae6c37dbc1183447,wastesorting,value_what,04
experiments_logs/analysis_recent/when_what_policy_ablation_20261005_threshold_loop/00_raw/wastesorting/scene_04/value_what/run_02_seed_1838985415/exp_wastesorting_20261005_201220_205758.txt,a669b7e36370ab2e049058011c716d8e0fef294219f9c019f716a916f02d3d7a,wastesorting,value_what,04
experiments_logs/analysis_recent/when_what_policy_ablation_20261005_threshold_loop/00_raw/wastesorting/scene_04/value_what/run_03_seed_1973069430/exp_wastesorting_20261005_201229_967774.txt,c54460c5fc2f96c75405861cb882bf253956774d5ac31c6c896b6968b93a0128,wastesorting,value_what,04
experiments_logs/analysis_recent/when_what_policy_ablation_20261005_threshold_loop/00_raw/wastesorting/scene_04/value_what/run_04_seed_414427021/exp_wastesorting_20261005_201240_438321.txt,d8b0647b47f68654d54fa74af766deb2a0cdc8b38b2c4e9e38fc9558c9bf9158,wastesorting,value_what,04
experiments_logs/analysis_recent/when_what_policy_ablation_20261005_threshold_loop/00_raw/wastesorting/scene_04/value_what/run_05_seed_3201562577/exp_wastesorting_20261005_201248_298491.txt,47069adfab9e6b756fce29ec6d3122b4b19d05350b465cbcf57d018d0a8e5aba,wastesorting,value_what,04
experiments_logs/analysis_recent/when_what_policy_ablation_20261005_threshold_loop/00_raw/wastesorting/scene_04/value_what/run_06_seed_2350780499/exp_wastesorting_20261005_201254_536756.txt,3cee75f5bb96e7badbaec70b7ac5f91c7968216380fc7707231481fe4dfc05eb,wastesorting,value_what,04
experiments_logs/analysis_recent/when_what_policy_ablation_20261005_threshold_loop/00_raw/wastesorting/scene_04/value_what/run_07_seed_2401657902/exp_wastesorting_20261005_201304_122851.txt,a7e5bf666bb26684e171f4d6d1f4f291077a321161cfacbcfd9f1110afdfbd77,wastesorting,value_what,04
experiments_logs/analysis_recent/when_what_policy_ablation_20261005_threshold_loop/00_raw/wastesorting/scene_04/value_what/run_08_seed_3182553066/exp_wastesorting_20261005_201309_927243.txt,930fff7d1742bc428353e0cfe741e023f57d38f76a3f1aa79a82f88357283b1f,wastesorting,value_what,04
experiments_logs/analysis_recent/when_what_policy_ablation_20261005_threshold_loop/00_raw/wastesorting/scene_04/value_what/run_09_seed_1147895942/exp_wastesorting_20261005_201316_609913.txt,5ab18069a9d5cac2cb4728168cb756d60f6ad2653c90660635af8740e9d67216,wastesorting,value_what,04
experiments_logs/analysis_recent/when_what_policy_ablation_20261005_threshold_loop/00_raw/wastesorting/scene_04/value_what/run_10_seed_472386282/exp_wastesorting_20261005_201329_372334.txt,41f454cca347a910225ffac3ba33ea97233e105c77738599e6121c6bdf3bd0df,wastesorting,value_what,04
experiments_logs/analysis_recent/when_what_policy_ablation_20261005_threshold_loop/00_raw/wastesorting/scene_04/value_what/run_11_seed_558605806/exp_wastesorting_20261005_201338_675215.txt,7655939bf770b0938c56b73baa954b72e71c6b02e05af7e0f9dc8c1251e6bd9f,wastesorting,value_what,04
experiments_logs/analysis_recent/when_what_policy_ablation_20261005_threshold_loop/00_raw/wastesorting/scene_04/value_what/run_12_seed_3110233099/exp_wastesorting_20261005_201351_399752.txt,7c0402ad7e9b2ab90f92b1a16964305fd7a16853a605ec342c8b35234712cc65,wastesorting,value_what,04
experiments_logs/analysis_recent/when_what_policy_ablation_20261005_threshold_loop/00_raw/wastesorting/scene_04/value_what/run_13_seed_1105776053/exp_wastesorting_20261005_201401_331374.txt,0179a284058dbefd1f2e602f7a76a84eb8d9953300fb4f32ca369987b5c44555,wastesorting,value_what,04
experiments_logs/analysis_recent/when_what_policy_ablation_20261005_threshold_loop/00_raw/wastesorting/scene_04/value_what/run_14_seed_3718837247/exp_wastesorting_20261005_201412_463313.txt,49d06314c5d9f8e5bd694fa0dc23eb919350c7190752caea4d728198986674a9,wastesorting,value_what,04
experiments_logs/analysis_recent/when_what_policy_ablation_20261005_threshold_loop/00_raw/wastesorting/scene_04/value_what/run_15_seed_4193229496/exp_wastesorting_20261005_201421_096490.txt,514638895c87d19fafe870edcb5ff90339406788875f0bea85694fe2f9f83217,wastesorting,value_what,04
experiments_logs/analysis_recent/when_what_policy_ablation_20261005_threshold_loop/00_raw/wastesorting/scene_04/value_what/run_16_seed_3369209442/exp_wastesorting_20261005_201429_419644.txt,e135c00c477e144e332d730010892cdae2269718aaea4a1b579527cc02964893,wastesorting,value_what,04
experiments_logs/analysis_recent/when_what_policy_ablation_20261005_threshold_loop/00_raw/wastesorting/scene_04/value_what/run_17_seed_3692021791/exp_wastesorting_20261005_201439_720266.txt,b35e677a4233c7c4c8d39776e91f2ed380a523440cc4688d2365d095252c11bf,wastesorting,value_what,04
experiments_logs/analysis_recent/when_what_policy_ablation_20261005_threshold_loop/00_raw/wastesorting/scene_04/value_what/run_18_seed_1445352403/exp_wastesorting_20261005_201449_097995.txt,b330f3ae4402e1795ebf6c3a97bcbc238a62933e9842a38204422d9f2d61bd7c,wastesorting,value_what,04
experiments_logs/analysis_recent/when_what_policy_ablation_20261005_threshold_loop/00_raw/wastesorting/scene_04/value_what/run_19_seed_2413410080/exp_wastesorting_20261005_201500_373393.txt,5d8097d95f7a8e348f5306c5e27fc1a1535c505aa070fa18895583cf10c74ff3,wastesorting,value_what,04
experiments_logs/analysis_recent/when_what_policy_ablation_20261005_threshold_loop/00_raw/wastesorting/scene_04/value_what/run_20_seed_3310113005/exp_wastesorting_20261005_201508_186893.txt,2ef65e239b099b702305af5fa962d03978018a80b34b7e898b2879e83fd3a96b,wastesorting,value_what,04
experiments_logs/analysis_recent/when_what_policy_ablation_20261005_threshold_loop/00_raw/wastesorting/scene_04/value_what/run_21_seed_1619001990/exp_wastesorting_20261005_201516_425931.txt,304aaa0930ac50f2a82f4a2f88e04c7159388bc59463a82ca54f61f19ea6f4a6,wastesorting,value_what,04
experiments_logs/analysis_recent/when_what_policy_ablation_20261005_threshold_loop/00_raw/wastesorting/scene_04/value_what/run_22_seed_3414205865/exp_wastesorting_20261005_201525_553994.txt,d00ff7e80ac6ab97a27aff5a895075558a60649250de4d7df33a1df56082c673,wastesorting,value_what,04
experiments_logs/analysis_recent/when_what_policy_ablation_20261005_threshold_loop/00_raw/wastesorting/scene_04/value_what/run_23_seed_3989924643/exp_wastesorting_20261005_201533_832381.txt,d7e34b72896bc3b4d971b6d5898d22b21fe2452bd4819b378760a161d1c6dceb,wastesorting,value_what,04
experiments_logs/analysis_recent/when_what_policy_ablation_20261005_threshold_loop/00_raw/wastesorting/scene_04/value_what/run_24_seed_1493522614/exp_wastesorting_20261005_201541_527693.txt,09fae0415dd3b6ed6c73a8ca8f4281723e7dbb24ef9612e913c52cb0fce71243,wastesorting,value_what,04
experiments_logs/analysis_recent/when_what_policy_ablation_20261005_threshold_loop/00_raw/wastesorting/scene_04/value_what/run_25_seed_13571565/exp_wastesorting_20261005_201550_056615.txt,94335fbca6e829939f55170e2ef37828d02a865fa0186a7c4c02ea4976db2fab,wastesorting,value_what,04
experiments_logs/analysis_recent/when_what_policy_ablation_20261005_threshold_loop/00_raw/wastesorting/scene_04/value_what/run_26_seed_2630099760/exp_wastesorting_20261005_201557_556976.txt,0d36fe5626e0a3a72ce9d4b229b5cd2789f31b73aca41423d2fb69e1412a16ba,wastesorting,value_what,04
experiments_logs/analysis_recent/when_what_policy_ablation_20261005_threshold_loop/00_raw/wastesorting/scene_04/value_what/run_27_seed_3787165175/exp_wastesorting_20261005_201605_201419.txt,fe8599b3261b7e92f162f0e1267ce27578c57a863fb28b27e927ff6c765231e0,wastesorting,value_what,04
experiments_logs/analysis_recent/when_what_policy_ablation_20261005_threshold_loop/00_raw/wastesorting/scene_04/value_what/run_28_seed_1518896079/exp_wastesorting_20261005_201613_452962.txt,1fddec351ee8210ddeb55e058dc1e9b641caa736c23dc9a3a43cf413df9a29bf,wastesorting,value_what,04
experiments_logs/analysis_recent/when_what_policy_ablation_20261005_threshold_loop/00_raw/wastesorting/scene_04/value_what/run_29_seed_506359200/exp_wastesorting_20261005_201623_417691.txt,62f30a0ed18bf68adcef12120b7b8a15f313e57cfb6e050544e3d8b1d26b1fc5,wastesorting,value_what,04
experiments_logs/analysis_recent/when_what_policy_ablation_20261005_threshold_loop/00_raw/wastesorting/scene_04/value_what/run_30_seed_2303938088/exp_wastesorting_20261005_201630_862837.txt,aee3568b5266dd59b06d1b00f4dc4e071dadd529e3fc24ace4284d8020426693,wastesorting,value_what,04
experiments_logs/analysis_recent/when_what_policy_ablation_20261005_threshold_loop/00_raw/wastesorting/scene_04/value_what/run_31_seed_1783261924/exp_wastesorting_20261005_201639_266185.txt,b545d974b3d93685a94fc8152357f1798918ded10611a5c15d6f742ea84c743b,wastesorting,value_what,04
experiments_logs/analysis_recent/when_what_policy_ablation_20261005_threshold_loop/00_raw/wastesorting/scene_04/value_what/run_32_seed_3973487875/exp_wastesorting_20261005_201651_713822.txt,018a3e8a5b2b632834a12cfb9413e58e7da97315410ffe4d3bf2b1dc920c6445,wastesorting,value_what,04
experiments_logs/analysis_recent/when_what_policy_ablation_20261005_threshold_loop/00_raw/wastesorting/scene_04/value_what/run_33_seed_3576324234/exp_wastesorting_20261005_201701_076843.txt,e2f11108c6be2fe6a2fff9c8992cb0b6c4de8ad890a44ce56e8caadb33036735,wastesorting,value_what,04
experiments_logs/analysis_recent/when_what_policy_ablation_20261005_threshold_loop/00_raw/wastesorting/scene_04/value_what/run_34_seed_3966743771/exp_wastesorting_20261005_201713_347919.txt,d218bd12b77af2a3bfa4f4ab9bcca60370b0258253ca3b7a8f0fc80193b91498,wastesorting,value_what,04
experiments_logs/analysis_recent/when_what_policy_ablation_20261005_threshold_loop/00_raw/wastesorting/scene_04/value_what/run_35_seed_3292785302/exp_wastesorting_20261005_201721_829348.txt,4b5600b08102c9842a0ef4c38d3aaea0d0a1ca504e08d222588e0246d95606a5,wastesorting,value_what,04
experiments_logs/analysis_recent/when_what_policy_ablation_20261005_threshold_loop/00_raw/wastesorting/scene_04/value_what/run_36_seed_2877610580/exp_wastesorting_20261005_201731_805988.txt,80619f356a355fd83e9abaa42616c942cad3da9de2751ff03c7670c4ed9e0d9d,wastesorting,value_what,04
experiments_logs/analysis_recent/when_what_policy_ablation_20261005_threshold_loop/00_raw/wastesorting/scene_04/value_what/run_37_seed_1852316728/exp_wastesorting_20261005_201738_745790.txt,06827271f0f922c03bb350776ff5767d3465bc122bff40f3df9f92be211e933a,wastesorting,value_what,04
experiments_logs/analysis_recent/when_what_policy_ablation_20261005_threshold_loop/00_raw/wastesorting/scene_04/value_what/run_38_seed_132699259/exp_wastesorting_20261005_201749_349059.txt,a4b3308f2f6deae7c17de93c1a77243a960c4ababf7d536dc3d9e6b7c4674331,wastesorting,value_what,04
experiments_logs/analysis_recent/when_what_policy_ablation_20261005_threshold_loop/00_raw/wastesorting/scene_04/value_what/run_39_seed_1117810574/exp_wastesorting_20261005_201757_731044.txt,4e067dc9e3892ae2e1cbf84190e7216063f3585fb7b03c4b42025302f5dd41b3,wastesorting,value_what,04
experiments_logs/analysis_recent/when_what_policy_ablation_20261005_threshold_loop/00_raw/wastesorting/scene_04/value_what/run_40_seed_2967203946/exp_wastesorting_20261005_201805_625406.txt,edef5c17e01d243f387d9fcf98f0c161034bf419bbfa697b43a0f795eeae614c,wastesorting,value_what,04
experiments_logs/analysis_recent/when_what_policy_ablation_20261005_threshold_loop/00_raw/wastesorting/scene_05/value_what/run_01_seed_630828154/exp_wastesorting_20261005_201816_406478.txt,55fca09138e3f7b32f3d9f0d1d23d3f08685bbdf5b75fa40d495c4c0b6b04f27,wastesorting,value_what,05
experiments_logs/analysis_recent/when_what_policy_ablation_20261005_threshold_loop/00_raw/wastesorting/scene_05/value_what/run_02_seed_435659992/exp_wastesorting_20261005_201824_173316.txt,5ba980a83b277c860de58a5bb8f88f0b60b977a64c251e94fb37bb5d9332b108,wastesorting,value_what,05
experiments_logs/analysis_recent/when_what_policy_ablation_20261005_threshold_loop/00_raw/wastesorting/scene_05/value_what/run_03_seed_3537170530/exp_wastesorting_20261005_201835_948164.txt,fbd53931d67a637167a4cda7c89bcbfa32e463ecb602868d21b4c10c1602f174,wastesorting,value_what,05
experiments_logs/analysis_recent/when_what_policy_ablation_20261005_threshold_loop/00_raw/wastesorting/scene_05/value_what/run_04_seed_1280378645/exp_wastesorting_20261005_201845_853398.txt,20aa8505aca84af991e9fd8fd709f580976af448c1ba7b2f0cba93d92f5a0ed3,wastesorting,value_what,05
experiments_logs/analysis_recent/when_what_policy_ablation_20261005_threshold_loop/00_raw/wastesorting/scene_05/value_what/run_05_seed_3656925474/exp_wastesorting_20261005_201854_084307.txt,3e3549f1c566d3069d80bd76da6b2ccbaecad239a03e81e3fe710a364f652ff8,wastesorting,value_what,05
experiments_logs/analysis_recent/when_what_policy_ablation_20261005_threshold_loop/00_raw/wastesorting/scene_05/value_what/run_06_seed_1489971784/exp_wastesorting_20261005_201906_438453.txt,bc99071d204b50807811e2ab3b9c9b23c65510fc3a9d9cca308ae42c4057fbe2,wastesorting,value_what,05
experiments_logs/analysis_recent/when_what_policy_ablation_20261005_threshold_loop/00_raw/wastesorting/scene_05/value_what/run_07_seed_3520141308/exp_wastesorting_20261005_201916_681004.txt,09ccf4bd0884ec2244181cffe1f4e9d3a84f7168e9a8460e012b2a14e7c2e3fa,wastesorting,value_what,05
experiments_logs/analysis_recent/when_what_policy_ablation_20261005_threshold_loop/00_raw/wastesorting/scene_05/value_what/run_08_seed_411692590/exp_wastesorting_20261005_201925_018400.txt,0b65246c99c7f46482c0a05846533eddaeaa1785aeb7a69eafde42b8fa83715c,wastesorting,value_what,05
experiments_logs/analysis_recent/when_what_policy_ablation_20261005_threshold_loop/00_raw/wastesorting/scene_05/value_what/run_09_seed_2624923704/exp_wastesorting_20261005_201932_207035.txt,665eb7eb1c3a55b2a6f01cd85c5bae35818c855678c9bae9f67b518aebf8a171,wastesorting,value_what,05
experiments_logs/analysis_recent/when_what_policy_ablation_20261005_threshold_loop/00_raw/wastesorting/scene_05/value_what/run_10_seed_3130661448/exp_wastesorting_20261005_201942_529010.txt,e0c45c6bfabd14c4aa7f324c53db7f1fcd8a2fa163681c1d6b0c6e99f3e6aaca,wastesorting,value_what,05
experiments_logs/analysis_recent/when_what_policy_ablation_20261005_threshold_loop/00_raw/wastesorting/scene_05/value_what/run_11_seed_3622248746/exp_wastesorting_20261005_201949_954374.txt,ceaebe35fb491811ee9d2398fda1a06a21762b58f7c220949cee9ebef109ff2c,wastesorting,value_what,05
experiments_logs/analysis_recent/when_what_policy_ablation_20261005_threshold_loop/00_raw/wastesorting/scene_05/value_what/run_12_seed_600649243/exp_wastesorting_20261005_201959_035091.txt,f7de06bde2b682e1bb5b8adf1f8bb91f86eb9149636bd1a6e2974700c6d169de,wastesorting,value_what,05
experiments_logs/analysis_recent/when_what_policy_ablation_20261005_threshold_loop/00_raw/wastesorting/scene_05/value_what/run_13_seed_3690243405/exp_wastesorting_20261005_202008_777468.txt,6c86b8f5495eb2a833df6cc83988fa4d65fc6a88e46c3994caa8731d80ab85a7,wastesorting,value_what,05
experiments_logs/analysis_recent/when_what_policy_ablation_20261005_threshold_loop/00_raw/wastesorting/scene_05/value_what/run_14_seed_2666206818/exp_wastesorting_20261005_202015_448866.txt,106c1607684e643986872fcdd9d62d68c6c9ec999f36b28176125153a95a6366,wastesorting,value_what,05
experiments_logs/analysis_recent/when_what_policy_ablation_20261005_threshold_loop/00_raw/wastesorting/scene_05/value_what/run_15_seed_2681637189/exp_wastesorting_20261005_202025_090749.txt,69309082fa705f09edcca236279c4dde250b8bdd2b157a7c861a9f595b74f1e1,wastesorting,value_what,05
experiments_logs/analysis_recent/when_what_policy_ablation_20261005_threshold_loop/00_raw/wastesorting/scene_05/value_what/run_16_seed_3586644066/exp_wastesorting_20261005_202035_848589.txt,5e59d67ba0f87c9873c50181cfd8e4c9de01c016d5dcdebb7854a684b5938dec,wastesorting,value_what,05
experiments_logs/analysis_recent/when_what_policy_ablation_20261005_threshold_loop/00_raw/wastesorting/scene_05/value_what/run_17_seed_3677160998/exp_wastesorting_20261005_202042_637799.txt,c672dca721b5e40ddc5d65fbfc3ee953cf2ac10aad0fcb3aa5f0759d7db43ff8,wastesorting,value_what,05
experiments_logs/analysis_recent/when_what_policy_ablation_20261005_threshold_loop/00_raw/wastesorting/scene_05/value_what/run_18_seed_1159978775/exp_wastesorting_20261005_202049_391426.txt,42053685d614bd7dc5997faaf03a1f4ac111d16fa414e461fadee3230df512d6,wastesorting,value_what,05
experiments_logs/analysis_recent/when_what_policy_ablation_20261005_threshold_loop/00_raw/wastesorting/scene_05/value_what/run_19_seed_4128091398/exp_wastesorting_20261005_202059_351174.txt,75a2f552d8ec7b48ecdd11225b4cb76e28fc514bdc3256d8f7caf4b221880289,wastesorting,value_what,05
experiments_logs/analysis_recent/when_what_policy_ablation_20261005_threshold_loop/00_raw/wastesorting/scene_05/value_what/run_20_seed_3351623416/exp_wastesorting_20261005_202108_288669.txt,ea3e19461667971d31070ef4c5af55abb76c2a605e3dd7a51719303d61e074e7,wastesorting,value_what,05
experiments_logs/analysis_recent/when_what_policy_ablation_20261005_threshold_loop/00_raw/wastesorting/scene_05/value_what/run_21_seed_3215763495/exp_wastesorting_20261005_202116_520690.txt,2ca6c907445d8a431b231a889201f825d1cb1a51864dadba08b65db73f0a01e0,wastesorting,value_what,05
experiments_logs/analysis_recent/when_what_policy_ablation_20261005_threshold_loop/00_raw/wastesorting/scene_05/value_what/run_22_seed_1045924611/exp_wastesorting_20261005_202127_012148.txt,d4dadee184a573bfc7b5358f8f933e8470415da66d4eafc1a3137b35ca061118,wastesorting,value_what,05
experiments_logs/analysis_recent/when_what_policy_ablation_20261005_threshold_loop/00_raw/wastesorting/scene_05/value_what/run_23_seed_449704548/exp_wastesorting_20261005_202137_832130.txt,8e716bb45f4a600aae8e3fc3ab7e301e11d3d129c2792eead3c372730a59b091,wastesorting,value_what,05
experiments_logs/analysis_recent/when_what_policy_ablation_20261005_threshold_loop/00_raw/wastesorting/scene_05/value_what/run_24_seed_1253677920/exp_wastesorting_20261005_202146_575127.txt,d5a2ab0710ca529e5ebfdca5c45e7b7349266c1171e29d23b8608341ffd54b43,wastesorting,value_what,05
experiments_logs/analysis_recent/when_what_policy_ablation_20261005_threshold_loop/00_raw/wastesorting/scene_05/value_what/run_25_seed_382724118/exp_wastesorting_20261005_202156_236407.txt,c1b3c8f503094387f9c27829b72589e8aa9a0c51d368ae39ebe7e417f3db54a8,wastesorting,value_what,05
experiments_logs/analysis_recent/when_what_policy_ablation_20261005_threshold_loop/00_raw/wastesorting/scene_05/value_what/run_26_seed_4085569034/exp_wastesorting_20261005_202204_948142.txt,73dd9e56fa6f3f177f392dc6aed64f93f0c6db214349543c6c7dc2e193210040,wastesorting,value_what,05
experiments_logs/analysis_recent/when_what_policy_ablation_20261005_threshold_loop/00_raw/wastesorting/scene_05/value_what/run_27_seed_1045529480/exp_wastesorting_20261005_202213_142355.txt,0363b287f2085621a35bbbe612b08bbcc012acdf8e4c9e736fa827d82d8387dd,wastesorting,value_what,05
experiments_logs/analysis_recent/when_what_policy_ablation_20261005_threshold_loop/00_raw/wastesorting/scene_05/value_what/run_28_seed_2875578355/exp_wastesorting_20261005_202223_087633.txt,43eee1c37b1e79f54f33187bf5177256bd099ef631a027212121be48f8beba78,wastesorting,value_what,05
experiments_logs/analysis_recent/when_what_policy_ablation_20261005_threshold_loop/00_raw/wastesorting/scene_05/value_what/run_29_seed_230996701/exp_wastesorting_20261005_202232_214110.txt,0ce4856a25ce5e2dd3507688c30776315591ab98e79ffcc0466352abcd0342a9,wastesorting,value_what,05
experiments_logs/analysis_recent/when_what_policy_ablation_20261005_threshold_loop/00_raw/wastesorting/scene_05/value_what/run_30_seed_4259545291/exp_wastesorting_20261005_202242_182432.txt,bedbfae501d7b12bb94b82e74340daa4701d409684b72759f69585344584bce5,wastesorting,value_what,05
experiments_logs/analysis_recent/when_what_policy_ablation_20261005_threshold_loop/00_raw/wastesorting/scene_05/value_what/run_31_seed_671361218/exp_wastesorting_20261005_202252_548660.txt,af92ab1f66d656cccc6b624e4f19134fbc09319bc0f3d13240a973569345a7d9,wastesorting,value_what,05
experiments_logs/analysis_recent/when_what_policy_ablation_20261005_threshold_loop/00_raw/wastesorting/scene_05/value_what/run_32_seed_1668817081/exp_wastesorting_20261005_202301_138461.txt,f872f294a6719c64923fcd62ab360765bab0b6419b30bc5b0ef09edbed0eb67b,wastesorting,value_what,05
experiments_logs/analysis_recent/when_what_policy_ablation_20261005_threshold_loop/00_raw/wastesorting/scene_05/value_what/run_33_seed_3225313600/exp_wastesorting_20261005_202308_556682.txt,d2bebf40d70f799bec866590d1901d43285c5c92fc7305745d67c9f47eeafb16,wastesorting,value_what,05
experiments_logs/analysis_recent/when_what_policy_ablation_20261005_threshold_loop/00_raw/wastesorting/scene_05/value_what/run_34_seed_1380997039/exp_wastesorting_20261005_202316_836259.txt,cec7b1d74b548a14a5b5a140207df9939df46100bcb4f1f60bd7c6e3af4aa9f0,wastesorting,value_what,05
experiments_logs/analysis_recent/when_what_policy_ablation_20261005_threshold_loop/00_raw/wastesorting/scene_05/value_what/run_35_seed_2300990510/exp_wastesorting_20261005_202328_288983.txt,209dba9a5e6f8c509089d0ddc1b178660221d1ba88a50efaead72f6e8d9664a7,wastesorting,value_what,05
experiments_logs/analysis_recent/when_what_policy_ablation_20261005_threshold_loop/00_raw/wastesorting/scene_05/value_what/run_36_seed_2645731214/exp_wastesorting_20261005_202339_774411.txt,513cb975fda12f47419a531807062bbaf7e7f58a2dd44fc669665248218bd388,wastesorting,value_what,05
experiments_logs/analysis_recent/when_what_policy_ablation_20261005_threshold_loop/00_raw/wastesorting/scene_05/value_what/run_37_seed_1980913558/exp_wastesorting_20261005_202347_679968.txt,065f1c58379ee84ce3f8be49a999382f18db143bf7415398e25353adfa4d72e3,wastesorting,value_what,05
experiments_logs/analysis_recent/when_what_policy_ablation_20261005_threshold_loop/00_raw/wastesorting/scene_05/value_what/run_38_seed_4060354637/exp_wastesorting_20261005_202357_043842.txt,52f9d696500e6fd88ad2fc5cdad205af66ccce384b73fd4d9a0431132abfe9d8,wastesorting,value_what,05
experiments_logs/analysis_recent/when_what_policy_ablation_20261005_threshold_loop/00_raw/wastesorting/scene_05/value_what/run_39_seed_3979866682/exp_wastesorting_20261005_202407_241448.txt,dfc88ec4d82b37eab3a00568f8bcd5a078fdd2ff2e98a5305ad62ac712dba47d,wastesorting,value_what,05
experiments_logs/analysis_recent/when_what_policy_ablation_20261005_threshold_loop/00_raw/wastesorting/scene_05/value_what/run_40_seed_2741241943/exp_wastesorting_20261005_202415_869856.txt,d26b7233fa80f5da4a7c1952acda66b934e0de5b460ac4ecaa7f87d23be1c3fb,wastesorting,value_what,05
experiments_logs/analysis_recent/when_what_policy_ablation_20261005_threshold_loop/00_raw/tomato/scene_01/value_when/run_01_seed_2030859206/exp_tomato_20261005_204337_678958.txt,e3b20bfaa895ddebdfd1c626106925be6c72c8df5db43c7deefeb421a3176233,tomato,value_when,01
experiments_logs/analysis_recent/when_what_policy_ablation_20261005_threshold_loop/00_raw/tomato/scene_01/value_when/run_02_seed_2222960263/exp_tomato_20261005_204343_259577.txt,968ef62c3ed6eabe55c927f75e84319ca9a5b59f71eb726f5953194026214ca8,tomato,value_when,01
experiments_logs/analysis_recent/when_what_policy_ablation_20261005_threshold_loop/00_raw/tomato/scene_01/value_when/run_03_seed_1273020582/exp_tomato_20261005_204350_134725.txt,13e1bd2b938118939caecb6ef4af0e60fd04c0c4204475dcf27da8c3efb6e9ac,tomato,value_when,01
experiments_logs/analysis_recent/when_what_policy_ablation_20261005_threshold_loop/00_raw/tomato/scene_01/value_when/run_04_seed_866496583/exp_tomato_20261005_204355_705468.txt,c1ff5ae4531887e275de543405f1b943cb04fbf7545bf624c4b1bd595f99e0f3,tomato,value_when,01
experiments_logs/analysis_recent/when_what_policy_ablation_20261005_threshold_loop/00_raw/tomato/scene_01/value_when/run_05_seed_2698243041/exp_tomato_20261005_204357_837710.txt,e984c8bd4b0dbe682dfad10ead4229d86d5abe419e73c23ca88e8f7b0431f2c8,tomato,value_when,01
experiments_logs/analysis_recent/when_what_policy_ablation_20261005_threshold_loop/00_raw/tomato/scene_01/value_when/run_06_seed_1911303750/exp_tomato_20261005_204404_842333.txt,1f899febb4f4ae32f3152e8bb43305e3932fcea27488304ccf23fe6db0ee036a,tomato,value_when,01
experiments_logs/analysis_recent/when_what_policy_ablation_20261005_threshold_loop/00_raw/tomato/scene_01/value_when/run_07_seed_796400590/exp_tomato_20261005_204410_450845.txt,4302f77822a267caca25d431f8c49aad60f7ea1fa9ca1d967217d25461613613,tomato,value_when,01
experiments_logs/analysis_recent/when_what_policy_ablation_20261005_threshold_loop/00_raw/tomato/scene_01/value_when/run_08_seed_1201029111/exp_tomato_20261005_204419_522824.txt,52373ac04bd417be81d4aeb7de5d513bef0879982de820e3e31209b4183a1af1,tomato,value_when,01
experiments_logs/analysis_recent/when_what_policy_ablation_20261005_threshold_loop/00_raw/tomato/scene_01/value_when/run_09_seed_3389846695/exp_tomato_20261005_204425_026178.txt,8b90d6031ba5bdd027fa99b0d73c637b34b65e9aa6191bb7ce4f38d1a835ac19,tomato,value_when,01
experiments_logs/analysis_recent/when_what_policy_ablation_20261005_threshold_loop/00_raw/tomato/scene_01/value_when/run_10_seed_2508123787/exp_tomato_20261005_204434_635230.txt,21c9efd2be0decbeea2868457b578f6a0ab5991281e93c43631d9646052c8f6e,tomato,value_when,01
experiments_logs/analysis_recent/when_what_policy_ablation_20261005_threshold_loop/00_raw/tomato/scene_01/value_when/run_11_seed_2741500852/exp_tomato_20261005_204441_239357.txt,0ad5bcddcfa356478da006d371a1181f8f6ea07402f62b4a711a6d0da734a81a,tomato,value_when,01
experiments_logs/analysis_recent/when_what_policy_ablation_20261005_threshold_loop/00_raw/tomato/scene_01/value_when/run_12_seed_4065849833/exp_tomato_20261005_204446_642025.txt,5ad0413f583ed8cba70db736a0c3b64cbf3b5bc09690d06d7ffb402eff101a20,tomato,value_when,01
experiments_logs/analysis_recent/when_what_policy_ablation_20261005_threshold_loop/00_raw/tomato/scene_01/value_when/run_13_seed_821007751/exp_tomato_20261005_204452_283002.txt,71434586e1047cbc817891f9d9b3377e0481cfa50e870c6a8fa9835353b87060,tomato,value_when,01
experiments_logs/analysis_recent/when_what_policy_ablation_20261005_threshold_loop/00_raw/tomato/scene_01/value_when/run_14_seed_965164034/exp_tomato_20261005_204457_718699.txt,29dd2dd69dbfe03ac4535909ece7f0a9a3ce4f02ecf3041b3dea6867f46d7d41,tomato,value_when,01
experiments_logs/analysis_recent/when_what_policy_ablation_20261005_threshold_loop/00_raw/tomato/scene_01/value_when/run_15_seed_3049697230/exp_tomato_20261005_204503_256302.txt,5059c0f23b59022429949aa0005bf0b5d0492774062204ff50fb65beafce291f,tomato,value_when,01
experiments_logs/analysis_recent/when_what_policy_ablation_20261005_threshold_loop/00_raw/tomato/scene_01/value_when/run_16_seed_597016452/exp_tomato_20261005_204508_939626.txt,d418422933ac292796b671545370780d63a91c037129445b140209574b280570,tomato,value_when,01
experiments_logs/analysis_recent/when_what_policy_ablation_20261005_threshold_loop/00_raw/tomato/scene_01/value_when/run_17_seed_2027029533/exp_tomato_20261005_204514_459773.txt,2ccec7d0e0b64d87146b6d8628ca0d2cb737558fdb0942e3eae76bdec25beaf6,tomato,value_when,01
experiments_logs/analysis_recent/when_what_policy_ablation_20261005_threshold_loop/00_raw/tomato/scene_01/value_when/run_18_seed_3736902642/exp_tomato_20261005_204519_933968.txt,e8d21c40473e5e866a60953e4a93a9611e4853d91920552234e3133fc0265a9a,tomato,value_when,01
experiments_logs/analysis_recent/when_what_policy_ablation_20261005_threshold_loop/00_raw/tomato/scene_01/value_when/run_19_seed_323427982/exp_tomato_20261005_204526_554350.txt,c3d4fd90f64c5a0678552f188d46f0125820edb80b8032fabe0004cb81793863,tomato,value_when,01
experiments_logs/analysis_recent/when_what_policy_ablation_20261005_threshold_loop/00_raw/tomato/scene_01/value_when/run_20_seed_311025495/exp_tomato_20261005_204528_621581.txt,8f6d828dfd61702b133ecdef8f9692878a0ff1804c77bd98b40674d788cf9bb6,tomato,value_when,01
experiments_logs/analysis_recent/when_what_policy_ablation_20261005_threshold_loop/00_raw/tomato/scene_01/value_when/run_21_seed_871806833/exp_tomato_20261005_204534_715717.txt,74dd98a8fdea6365b394cb61dbb1d07dfebfa683ca80f04706cf144d509b00a3,tomato,value_when,01
experiments_logs/analysis_recent/when_what_policy_ablation_20261005_threshold_loop/00_raw/tomato/scene_01/value_when/run_22_seed_217537032/exp_tomato_20261005_204540_185064.txt,c31f44073073172d21475dc23f9b1a80c5e992bef09ff394f4fa28128c9d8f4d,tomato,value_when,01
experiments_logs/analysis_recent/when_what_policy_ablation_20261005_threshold_loop/00_raw/tomato/scene_01/value_when/run_23_seed_532817344/exp_tomato_20261005_204542_222931.txt,c61141927000908f19061494b21d3e92495a41f0af9bd480b25c0562db50e0b3,tomato,value_when,01
experiments_logs/analysis_recent/when_what_policy_ablation_20261005_threshold_loop/00_raw/tomato/scene_01/value_when/run_24_seed_3466707993/exp_tomato_20261005_204547_908028.txt,0e258a1a151515ea3982b951dc91712237bc83f4f14d9455ad4765a6b047a14b,tomato,value_when,01
experiments_logs/analysis_recent/when_what_policy_ablation_20261005_threshold_loop/00_raw/tomato/scene_01/value_when/run_25_seed_1649478604/exp_tomato_20261005_204553_076656.txt,4ebfa737117bf54a87a1f90e7a941cfae64d064e3377ce8b0aecee77ed1d6f3e,tomato,value_when,01
experiments_logs/analysis_recent/when_what_policy_ablation_20261005_threshold_loop/00_raw/tomato/scene_01/value_when/run_26_seed_2204152357/exp_tomato_20261005_204558_438719.txt,41f4631238e17b459344efb68ef0e2d13121335b26d72481e2b0d08c113cdd96,tomato,value_when,01
experiments_logs/analysis_recent/when_what_policy_ablation_20261005_threshold_loop/00_raw/tomato/scene_01/value_when/run_27_seed_1233339309/exp_tomato_20261005_204603_929038.txt,221d124564401c8bf059d9c37dbe7e931a643fe00fb9f102374c17dc4dd0e142,tomato,value_when,01
experiments_logs/analysis_recent/when_what_policy_ablation_20261005_threshold_loop/00_raw/tomato/scene_01/value_when/run_28_seed_3357973338/exp_tomato_20261005_204609_353057.txt,39840b5b3f58de4ccdf2cf48e21cb450d999843661f829be9a1faa521c4e91e1,tomato,value_when,01
experiments_logs/analysis_recent/when_what_policy_ablation_20261005_threshold_loop/00_raw/tomato/scene_01/value_when/run_29_seed_3649707942/exp_tomato_20261005_204615_531764.txt,05829df451f8a23fc8bbd60de2afc7675422650e1b77a1363750edc06f57d9ed,tomato,value_when,01
experiments_logs/analysis_recent/when_what_policy_ablation_20261005_threshold_loop/00_raw/tomato/scene_01/value_when/run_30_seed_3325784884/exp_tomato_20261005_204620_905662.txt,1ea1e4d8f46b591be292964a6f41c3af736fb9fd63c80286d3ba5a2c292815e8,tomato,value_when,01
experiments_logs/analysis_recent/when_what_policy_ablation_20261005_threshold_loop/00_raw/tomato/scene_01/value_when/run_31_seed_3877458541/exp_tomato_20261005_204623_825315.txt,6808a6bc5f7d986052729d9d387026ce0a5f90b5cd91742665fb42754f3d7cb4,tomato,value_when,01
experiments_logs/analysis_recent/when_what_policy_ablation_20261005_threshold_loop/00_raw/tomato/scene_01/value_when/run_32_seed_3638621671/exp_tomato_20261005_204629_302641.txt,89136fa75020b0a9618dacb8264b2e1b917c7a4ebfa0750e76046ba33b11f482,tomato,value_when,01
experiments_logs/analysis_recent/when_what_policy_ablation_20261005_threshold_loop/00_raw/tomato/scene_01/value_when/run_33_seed_1084618528/exp_tomato_20261005_204634_875085.txt,8002c6a9e2c0b3375dd5b543bf4d1c52ae61d75a8583fe88403096026884b7cc,tomato,value_when,01
experiments_logs/analysis_recent/when_what_policy_ablation_20261005_threshold_loop/00_raw/tomato/scene_01/value_when/run_34_seed_405999239/exp_tomato_20261005_204637_037474.txt,e61b091e45558ec5e445ec81bef7e8dec1cc5e6696296052fb9bb094d91e2bef,tomato,value_when,01
experiments_logs/analysis_recent/when_what_policy_ablation_20261005_threshold_loop/00_raw/tomato/scene_01/value_when/run_35_seed_4028845444/exp_tomato_20261005_204643_732805.txt,250a284453f942980c0e3f2e06aa8549b551a597989acab8a510afc3b6c13422,tomato,value_when,01
experiments_logs/analysis_recent/when_what_policy_ablation_20261005_threshold_loop/00_raw/tomato/scene_01/value_when/run_36_seed_2607182153/exp_tomato_20261005_204649_599989.txt,3daa50c171626980ef0f06329b90401be46283f57ec8c314df9681e0e60e6e1b,tomato,value_when,01
experiments_logs/analysis_recent/when_what_policy_ablation_20261005_threshold_loop/00_raw/tomato/scene_01/value_when/run_37_seed_338448945/exp_tomato_20261005_204656_292615.txt,85741d3901247edb8fbb0c87e35bc8579cb3351c981cac17cfb8664bced37e92,tomato,value_when,01
experiments_logs/analysis_recent/when_what_policy_ablation_20261005_threshold_loop/00_raw/tomato/scene_01/value_when/run_38_seed_3008854274/exp_tomato_20261005_204658_012243.txt,1e46af5ce693f081c0df04842cb433b9bcc328417f195a49717c4ec0568d8d1d,tomato,value_when,01
experiments_logs/analysis_recent/when_what_policy_ablation_20261005_threshold_loop/00_raw/tomato/scene_01/value_when/run_39_seed_3373062200/exp_tomato_20261005_204702_153646.txt,d171fccd115fdd1f28b9b237f0c0f543681fd25d0c583b95007062c61bdda73c,tomato,value_when,01
experiments_logs/analysis_recent/when_what_policy_ablation_20261005_threshold_loop/00_raw/tomato/scene_01/value_when/run_40_seed_1025671343/exp_tomato_20261005_204707_695547.txt,1fa9281dd84667cb19dbd323b79d06163bc351bad24f31505468f4fab4aefbb2,tomato,value_when,01
experiments_logs/analysis_recent/when_what_policy_ablation_20261005_threshold_loop/00_raw/tomato/scene_02/value_when/run_01_seed_233361013/exp_tomato_20261005_204714_517864.txt,52dcd8e40e3faeacbec160bb4cae4af00fb363ab5d365c9224a2b8c7da780ef8,tomato,value_when,02
experiments_logs/analysis_recent/when_what_policy_ablation_20261005_threshold_loop/00_raw/tomato/scene_02/value_when/run_02_seed_3206958523/exp_tomato_20261005_204719_872346.txt,928c89b1384ef9f81bcb98ad171d6bf6ed9aac496bd309a0f6b2ef6217e7f0a1,tomato,value_when,02
experiments_logs/analysis_recent/when_what_policy_ablation_20261005_threshold_loop/00_raw/tomato/scene_02/value_when/run_03_seed_2306136433/exp_tomato_20261005_204721_518575.txt,616653279f27b74e7f92ecf09f072b8969755bffca4975d08a1c2108d085e4ac,tomato,value_when,02
experiments_logs/analysis_recent/when_what_policy_ablation_20261005_threshold_loop/00_raw/tomato/scene_02/value_when/run_04_seed_1150817657/exp_tomato_20261005_204723_612887.txt,1cf4f6ee68fe123fe843427b1655bc0a68eeee14d4f8c84c1747eb8432917cdb,tomato,value_when,02
experiments_logs/analysis_recent/when_what_policy_ablation_20261005_threshold_loop/00_raw/tomato/scene_02/value_when/run_05_seed_418694264/exp_tomato_20261005_204728_967316.txt,aae7b300653e690e5b04541a57168e3cc2ad90c4cd0e65a877e91906e9b19a67,tomato,value_when,02
experiments_logs/analysis_recent/when_what_policy_ablation_20261005_threshold_loop/00_raw/tomato/scene_02/value_when/run_06_seed_2833878170/exp_tomato_20261005_204735_711349.txt,cdb8489c08e0b515f2b3706b5e9dc0fc03386a0d773dcc4a13bee31e79d0d9b5,tomato,value_when,02
experiments_logs/analysis_recent/when_what_policy_ablation_20261005_threshold_loop/00_raw/tomato/scene_02/value_when/run_07_seed_2876796507/exp_tomato_20261005_204741_284978.txt,ee04926571c190521c80748e06e1a3b6ce071d2b88bc27eec10acd6584ba01f0,tomato,value_when,02
experiments_logs/analysis_recent/when_what_policy_ablation_20261005_threshold_loop/00_raw/tomato/scene_02/value_when/run_08_seed_2661673954/exp_tomato_20261005_204749_871942.txt,685c20a5848eb6ed0a3b604c3b14a9abfe755aa9993de0bc358dfa426848fa59,tomato,value_when,02
experiments_logs/analysis_recent/when_what_policy_ablation_20261005_threshold_loop/00_raw/tomato/scene_02/value_when/run_09_seed_3533124505/exp_tomato_20261005_204755_355566.txt,9a6eaa200ebf158c7167550eae5fb78d99ae63cb9bf832b1ae01ad82a135bf15,tomato,value_when,02
experiments_logs/analysis_recent/when_what_policy_ablation_20261005_threshold_loop/00_raw/tomato/scene_02/value_when/run_10_seed_3751400244/exp_tomato_20261005_204756_517079.txt,4fcde5fbc6c255726de289dc2fefc14b2b4bf3a57f8f1b554b88fd19edaf6fb3,tomato,value_when,02
experiments_logs/analysis_recent/when_what_policy_ablation_20261005_threshold_loop/00_raw/tomato/scene_02/value_when/run_11_seed_4031054018/exp_tomato_20261005_204802_033681.txt,70e28e2391e6dac00b6bb3f54a185f0cbad85b69d1b15d90c6658eafc4b18aed,tomato,value_when,02
experiments_logs/analysis_recent/when_what_policy_ablation_20261005_threshold_loop/00_raw/tomato/scene_02/value_when/run_12_seed_1337352578/exp_tomato_20261005_204807_713621.txt,32983c8f4abf470a82469d8d3a47f972faf9e3de6943a227f7c2eb868c969ec3,tomato,value_when,02
experiments_logs/analysis_recent/when_what_policy_ablation_20261005_threshold_loop/00_raw/tomato/scene_02/value_when/run_13_seed_2571575672/exp_tomato_20261005_204810_733275.txt,a6030f844475f93f400315b929a8640b0b01a73effe51508ededebfd6bf90c82,tomato,value_when,02
experiments_logs/analysis_recent/when_what_policy_ablation_20261005_threshold_loop/00_raw/tomato/scene_02/value_when/run_14_seed_1903174235/exp_tomato_20261005_204813_668195.txt,c173c0507044fa2c475e92f3194672703de157cbe7290bc0308d6c78a27b8c01,tomato,value_when,02
experiments_logs/analysis_recent/when_what_policy_ablation_20261005_threshold_loop/00_raw/tomato/scene_02/value_when/run_15_seed_1422635806/exp_tomato_20261005_204818_924928.txt,b5501d14c90230f297e4f6a8c7b1c32490ca7f8158a060312c23b9029384cf28,tomato,value_when,02
experiments_logs/analysis_recent/when_what_policy_ablation_20261005_threshold_loop/00_raw/tomato/scene_02/value_when/run_16_seed_559761095/exp_tomato_20261005_204824_502938.txt,815489d7d8720a230f7b3a25190a6d30661f3d6334004ea7c49716f02b3fe7f4,tomato,value_when,02
experiments_logs/analysis_recent/when_what_policy_ablation_20261005_threshold_loop/00_raw/tomato/scene_02/value_when/run_17_seed_2324409209/exp_tomato_20261005_204829_889560.txt,2169a4f51aac9d5014c0f30d40e5ac7f09002404ce81e93fa1a392d36d586a79,tomato,value_when,02
experiments_logs/analysis_recent/when_what_policy_ablation_20261005_threshold_loop/00_raw/tomato/scene_02/value_when/run_18_seed_474952343/exp_tomato_20261005_204835_332082.txt,c27f0369cb72dfea20d53d5a3d66bbbb2057836747bdf8b318c9dddf76a2d516,tomato,value_when,02
experiments_logs/analysis_recent/when_what_policy_ablation_20261005_threshold_loop/00_raw/tomato/scene_02/value_when/run_19_seed_1408900490/exp_tomato_20261005_204840_745268.txt,207111dad9b395b2dff287c320bd8dd4b2ad3aa0888648d0b36105f98d765d36,tomato,value_when,02
experiments_logs/analysis_recent/when_what_policy_ablation_20261005_threshold_loop/00_raw/tomato/scene_02/value_when/run_20_seed_1969507524/exp_tomato_20261005_204842_425092.txt,d6c655184a697bf2eed79aef6f5783a70c1b19763c40000893ac49b72be17337,tomato,value_when,02
experiments_logs/analysis_recent/when_what_policy_ablation_20261005_threshold_loop/00_raw/tomato/scene_02/value_when/run_21_seed_850676597/exp_tomato_20261005_204849_141046.txt,86b0a3b67e98eff0061fa7b5af485d3cfed7e435ab089bf191460128f14a5d9c,tomato,value_when,02
experiments_logs/analysis_recent/when_what_policy_ablation_20261005_threshold_loop/00_raw/tomato/scene_02/value_when/run_22_seed_464102713/exp_tomato_20261005_204854_082069.txt,1dc00328c9133cbffe8e1a1f2d4fd62b12a18f7fd88028e0e94f20363bd4b8d1,tomato,value_when,02
experiments_logs/analysis_recent/when_what_policy_ablation_20261005_threshold_loop/00_raw/tomato/scene_02/value_when/run_23_seed_2639844527/exp_tomato_20261005_204859_303834.txt,45932c2fdae8cf86e277c78c3542713c665e58ff6e0d5cebe05c0ace188b5925,tomato,value_when,02
experiments_logs/analysis_recent/when_what_policy_ablation_20261005_threshold_loop/00_raw/tomato/scene_02/value_when/run_24_seed_2567273034/exp_tomato_20261005_204904_821437.txt,788839a882a82fd036f41156196a7ce0407d5bddd875b648d91b87122ffcbcad,tomato,value_when,02
experiments_logs/analysis_recent/when_what_policy_ablation_20261005_threshold_loop/00_raw/tomato/scene_02/value_when/run_25_seed_3815863427/exp_tomato_20261005_204910_063039.txt,e882e4dd4f7bdf24320f05c7c2a21ac4fa33e85fe79e0c664e6f7557136f1f30,tomato,value_when,02
experiments_logs/analysis_recent/when_what_policy_ablation_20261005_threshold_loop/00_raw/tomato/scene_02/value_when/run_26_seed_2421989875/exp_tomato_20261005_204916_118611.txt,951bf304dd1721569c0716145ee668c72f43ffa564da4dd56a7bc6c4fe87b1ae,tomato,value_when,02
experiments_logs/analysis_recent/when_what_policy_ablation_20261005_threshold_loop/00_raw/tomato/scene_02/value_when/run_27_seed_790979284/exp_tomato_20261005_204921_507763.txt,2526e77c1b2b7b806ae35a67d5b00c3b22371ab371af3a1f86e5cb03af1e84bd,tomato,value_when,02
experiments_logs/analysis_recent/when_what_policy_ablation_20261005_threshold_loop/00_raw/tomato/scene_02/value_when/run_28_seed_484948157/exp_tomato_20261005_204926_914420.txt,2457c024f1efb38bad5b78c52e4d1a54ad664150d496edee260ad7abc5b00c7e,tomato,value_when,02
experiments_logs/analysis_recent/when_what_policy_ablation_20261005_threshold_loop/00_raw/tomato/scene_02/value_when/run_29_seed_2138595888/exp_tomato_20261005_204932_791477.txt,3bcaa530a8986733bf9c67702ec27cda547e7b0060571da4b12d5a1d6288a0d3,tomato,value_when,02
experiments_logs/analysis_recent/when_what_policy_ablation_20261005_threshold_loop/00_raw/tomato/scene_02/value_when/run_30_seed_63773712/exp_tomato_20261005_204936_106344.txt,af5d568a6fe3665e1f3c3151168fef8e01b175aa4fa4d2bf257b4e877fb769f8,tomato,value_when,02
experiments_logs/analysis_recent/when_what_policy_ablation_20261005_threshold_loop/00_raw/tomato/scene_02/value_when/run_31_seed_3662297998/exp_tomato_20261005_204941_751187.txt,df56b2bbfd75f0e132b62ad89d8ae9d9673d1106333acf4760ea4e03285cf6bc,tomato,value_when,02
experiments_logs/analysis_recent/when_what_policy_ablation_20261005_threshold_loop/00_raw/tomato/scene_02/value_when/run_32_seed_3249674493/exp_tomato_20261005_204947_260265.txt,cffa152c0302e1169498d40d86701c95d6637e92adbd91a69cee53f3ded124bf,tomato,value_when,02
experiments_logs/analysis_recent/when_what_policy_ablation_20261005_threshold_loop/00_raw/tomato/scene_02/value_when/run_33_seed_4007070013/exp_tomato_20261005_204952_698996.txt,e92fcf5d277cf00057d105dea04b23aedec79ae7fce6f2208457e797756b5fdf,tomato,value_when,02
experiments_logs/analysis_recent/when_what_policy_ablation_20261005_threshold_loop/00_raw/tomato/scene_02/value_when/run_34_seed_2886041855/exp_tomato_20261005_204958_167562.txt,41414e7328f67b02a7a3ec4bf2b5fff47d3e48583a378e44dff1e56bd1a80196,tomato,value_when,02
experiments_logs/analysis_recent/when_what_policy_ablation_20261005_threshold_loop/00_raw/tomato/scene_02/value_when/run_35_seed_2293168667/exp_tomato_20261005_205008_132758.txt,d8de0772d2ce5e359ff1391e1d9cb7eb81bc45fa4a7e361028a7aa81ce90bb3c,tomato,value_when,02
experiments_logs/analysis_recent/when_what_policy_ablation_20261005_threshold_loop/00_raw/tomato/scene_02/value_when/run_36_seed_3887351210/exp_tomato_20261005_205011_592931.txt,380a84dd248b7ab2b70100d0010c7a4100fb910139b9ce50c1baf2eac104b3f0,tomato,value_when,02
experiments_logs/analysis_recent/when_what_policy_ablation_20261005_threshold_loop/00_raw/tomato/scene_02/value_when/run_37_seed_2318091321/exp_tomato_20261005_205015_252681.txt,5e402250dfcc596aad22c09d2f379a2c0a943a29cdfb9bb437981e2dfa4e58a1,tomato,value_when,02
experiments_logs/analysis_recent/when_what_policy_ablation_20261005_threshold_loop/00_raw/tomato/scene_02/value_when/run_38_seed_1919828458/exp_tomato_20261005_205020_530973.txt,5b31fb89bfe490c83345f0099698734bfb14b5f29682781050524c903ae98413,tomato,value_when,02
experiments_logs/analysis_recent/when_what_policy_ablation_20261005_threshold_loop/00_raw/tomato/scene_02/value_when/run_39_seed_1477592928/exp_tomato_20261005_205025_963226.txt,a8c7b11260a26bb85e9a8cd10423e70ff5e95bbfd3e271369d601a93cdf9b431,tomato,value_when,02
experiments_logs/analysis_recent/when_what_policy_ablation_20261005_threshold_loop/00_raw/tomato/scene_02/value_when/run_40_seed_742004455/exp_tomato_20261005_205030_069849.txt,7566705c60d61a138a9b092c6033e99aee173455d2960163400ea4f169982d2e,tomato,value_when,02
experiments_logs/analysis_recent/when_what_policy_ablation_20261005_threshold_loop/00_raw/tomato/scene_03/value_when/run_01_seed_2973460405/exp_tomato_20261005_205035_460812.txt,3469e7b670090cc576ac84f7393a30c7cbd6cd9c6b20d668a2ff6405011e3d1c,tomato,value_when,03
experiments_logs/analysis_recent/when_what_policy_ablation_20261005_threshold_loop/00_raw/tomato/scene_03/value_when/run_02_seed_2984508209/exp_tomato_20261005_205040_925123.txt,1e7e7a6014f87315f430912215b1787a9663c96ecc538f63289a855375945393,tomato,value_when,03
experiments_logs/analysis_recent/when_what_policy_ablation_20261005_threshold_loop/00_raw/tomato/scene_03/value_when/run_03_seed_3328359470/exp_tomato_20261005_205046_335014.txt,1d9204746c9587c5f52eb49e81021972c9a02a0d36b28817a5851b1f6d944961,tomato,value_when,03
experiments_logs/analysis_recent/when_what_policy_ablation_20261005_threshold_loop/00_raw/tomato/scene_03/value_when/run_04_seed_2542173252/exp_tomato_20261005_205051_777549.txt,5a956af146046b3ba1223691e508923b0d7cc060f7f84c4cb4fdfc037db6241d,tomato,value_when,03
experiments_logs/analysis_recent/when_what_policy_ablation_20261005_threshold_loop/00_raw/tomato/scene_03/value_when/run_05_seed_1895575310/exp_tomato_20261005_205057_723209.txt,17eaced87ab091f132a4b4850e41fc30d3ed9fa718a17a7016962e74b36f14c7,tomato,value_when,03
experiments_logs/analysis_recent/when_what_policy_ablation_20261005_threshold_loop/00_raw/tomato/scene_03/value_when/run_06_seed_3142806667/exp_tomato_20261005_205101_709153.txt,7203462f5044917b8e94415d45bd057c310fcf9b68e66edf223397bad4597ab0,tomato,value_when,03
experiments_logs/analysis_recent/when_what_policy_ablation_20261005_threshold_loop/00_raw/tomato/scene_03/value_when/run_07_seed_1700967682/exp_tomato_20261005_205107_062503.txt,c5770acf196b6592a42aa46701031e4ea70c1210133b772d12bf1be0a5e31b2b,tomato,value_when,03
experiments_logs/analysis_recent/when_what_policy_ablation_20261005_threshold_loop/00_raw/tomato/scene_03/value_when/run_08_seed_3374813224/exp_tomato_20261005_205112_418834.txt,d83b29b81618acd4a78c9d6198545b37d6a71ba0485c61085e30e829cc5e3581,tomato,value_when,03
experiments_logs/analysis_recent/when_what_policy_ablation_20261005_threshold_loop/00_raw/tomato/scene_03/value_when/run_09_seed_2230064310/exp_tomato_20261005_205120_137463.txt,91547659f6ff2667f39d23c2dd88a1e04d1445209b7612b98ad4a3786ed27d9b,tomato,value_when,03
experiments_logs/analysis_recent/when_what_policy_ablation_20261005_threshold_loop/00_raw/tomato/scene_03/value_when/run_10_seed_2370079434/exp_tomato_20261005_205125_891821.txt,70d3d6d9702fd0cf37e5d62483c33186a58839ee30eb291d1059348f4914bbd7,tomato,value_when,03
experiments_logs/analysis_recent/when_what_policy_ablation_20261005_threshold_loop/00_raw/tomato/scene_03/value_when/run_11_seed_3620707437/exp_tomato_20261005_205131_584331.txt,ded9c4204160221588bcafcb78f5c9c5072cc9289324a22f8b205269e9cfa9b9,tomato,value_when,03
experiments_logs/analysis_recent/when_what_policy_ablation_20261005_threshold_loop/00_raw/tomato/scene_03/value_when/run_12_seed_1447435166/exp_tomato_20261005_205137_038155.txt,b2bbed0fcb4a1273213025fdf00e765feb40cc51af82ed3085b352135ce8de1b,tomato,value_when,03
experiments_logs/analysis_recent/when_what_policy_ablation_20261005_threshold_loop/00_raw/tomato/scene_03/value_when/run_13_seed_975151081/exp_tomato_20261005_205139_141398.txt,7287bf42105bae015d784ef761eebf47f49c625c746a7068e3ed435e480ae614,tomato,value_when,03
experiments_logs/analysis_recent/when_what_policy_ablation_20261005_threshold_loop/00_raw/tomato/scene_03/value_when/run_14_seed_3909183007/exp_tomato_20261005_205144_650897.txt,62e6c8bb04cd888b5854c2b2d63d4a91f376e9d82ba9bb608a418e3b3c5916b2,tomato,value_when,03
experiments_logs/analysis_recent/when_what_policy_ablation_20261005_threshold_loop/00_raw/tomato/scene_03/value_when/run_15_seed_3611211411/exp_tomato_20261005_205150_023390.txt,9f9b38ca611cac78912aa02672001ada2315099ba223bb747688e64d149b4d57,tomato,value_when,03
experiments_logs/analysis_recent/when_what_policy_ablation_20261005_threshold_loop/00_raw/tomato/scene_03/value_when/run_16_seed_1454289978/exp_tomato_20261005_205152_630891.txt,ac853a8448faeeb8f259d6151f6415e11f55a2318ec5180016c120bdf2850068,tomato,value_when,03
experiments_logs/analysis_recent/when_what_policy_ablation_20261005_threshold_loop/00_raw/tomato/scene_03/value_when/run_17_seed_3631765459/exp_tomato_20261005_205154_430842.txt,02831220e34468296405ba284cade4895534e43d9daab26669a079fd7033d26e,tomato,value_when,03
experiments_logs/analysis_recent/when_what_policy_ablation_20261005_threshold_loop/00_raw/tomato/scene_03/value_when/run_18_seed_1005437090/exp_tomato_20261005_205159_675367.txt,18122b7b94d13efc47b25ce85bb25535fff8d6da158635dc3a55a29f1708c8e4,tomato,value_when,03
experiments_logs/analysis_recent/when_what_policy_ablation_20261005_threshold_loop/00_raw/tomato/scene_03/value_when/run_19_seed_2107246049/exp_tomato_20261005_205205_799963.txt,abbac7c3b4e6532d41ba76f97eb6caeadb774ffc1260a329a12ce1a82a04dcec,tomato,value_when,03
experiments_logs/analysis_recent/when_what_policy_ablation_20261005_threshold_loop/00_raw/tomato/scene_03/value_when/run_20_seed_2559286479/exp_tomato_20261005_205208_636417.txt,83128054c55333fb7b9737067092378842f01143f0280bfadf3148c0d77be81d,tomato,value_when,03
experiments_logs/analysis_recent/when_what_policy_ablation_20261005_threshold_loop/00_raw/tomato/scene_03/value_when/run_21_seed_3814785464/exp_tomato_20261005_205210_367194.txt,6158527ab3477fb2f0789e3f9340bd24b873415a961aa7139bdf9109ada13c11,tomato,value_when,03
experiments_logs/analysis_recent/when_what_policy_ablation_20261005_threshold_loop/00_raw/tomato/scene_03/value_when/run_22_seed_1252332960/exp_tomato_20261005_205212_582206.txt,631776b6a2be9c89f1304ef0a602d007e74a341f344088bdf3f650174541c172,tomato,value_when,03
experiments_logs/analysis_recent/when_what_policy_ablation_20261005_threshold_loop/00_raw/tomato/scene_03/value_when/run_23_seed_4008873019/exp_tomato_20261005_205218_097977.txt,d3f5faebb7e14fe2f7a33205142f32852e773ee119ee36f553e9dd3a7bc22940,tomato,value_when,03
experiments_logs/analysis_recent/when_what_policy_ablation_20261005_threshold_loop/00_raw/tomato/scene_03/value_when/run_24_seed_1627605610/exp_tomato_20261005_205223_745160.txt,e2b8ec3bd553181bba60dd74de5581f6d821f18ddf1a3f4aa81c4c531275ef63,tomato,value_when,03
experiments_logs/analysis_recent/when_what_policy_ablation_20261005_threshold_loop/00_raw/tomato/scene_03/value_when/run_25_seed_2197107180/exp_tomato_20261005_205229_948514.txt,2a7329c8485a8c991e3b67bc5dcc259d2cacdaab7e0d828e7925f11eaa7123d1,tomato,value_when,03
experiments_logs/analysis_recent/when_what_policy_ablation_20261005_threshold_loop/00_raw/tomato/scene_03/value_when/run_26_seed_70087057/exp_tomato_20261005_205236_005830.txt,b3484bbe120480df6e06656be302c64ee8443a7d575f6de2036bfd0db8ef6509,tomato,value_when,03
experiments_logs/analysis_recent/when_what_policy_ablation_20261005_threshold_loop/00_raw/tomato/scene_03/value_when/run_27_seed_8630651/exp_tomato_20261005_205238_347459.txt,8f8d369e15be39041b00243b3225d9400c0baffc8b2d9e0723dc516f9979456d,tomato,value_when,03
experiments_logs/analysis_recent/when_what_policy_ablation_20261005_threshold_loop/00_raw/tomato/scene_03/value_when/run_28_seed_657498695/exp_tomato_20261005_205243_632398.txt,765e58277de28280a0ad86240096f1f2d9db567ae9ebef6f891b093118d70673,tomato,value_when,03
experiments_logs/analysis_recent/when_what_policy_ablation_20261005_threshold_loop/00_raw/tomato/scene_03/value_when/run_29_seed_1193704404/exp_tomato_20261005_205249_037479.txt,fc23733c4c924d91d38161dc2819a2b2e3b950bc5aca832e8867631b55987969,tomato,value_when,03
experiments_logs/analysis_recent/when_what_policy_ablation_20261005_threshold_loop/00_raw/tomato/scene_03/value_when/run_30_seed_1712963344/exp_tomato_20261005_205255_352097.txt,d5d31846644bff329f0dfd40da10e9e7f5c09cacb2c7e274d0c076db957ea062,tomato,value_when,03
experiments_logs/analysis_recent/when_what_policy_ablation_20261005_threshold_loop/00_raw/tomato/scene_03/value_when/run_31_seed_1016817503/exp_tomato_20261005_205301_210287.txt,a4705f58739e1526da703272a3fdd2e0a8e76f7ecba8355b82135e35b03693fa,tomato,value_when,03
experiments_logs/analysis_recent/when_what_policy_ablation_20261005_threshold_loop/00_raw/tomato/scene_03/value_when/run_32_seed_4252591664/exp_tomato_20261005_205306_745854.txt,dd3dff04564c90f649a5b7d438ae4aafda02b7fcdaeed53c13e67795a6ce2e73,tomato,value_when,03
experiments_logs/analysis_recent/when_what_policy_ablation_20261005_threshold_loop/00_raw/tomato/scene_03/value_when/run_33_seed_2630779126/exp_tomato_20261005_205312_759973.txt,4cec025b16e2bcdc1432f2639c382c2dfe72b58700953c662dbc2c14f6ae26bc,tomato,value_when,03
experiments_logs/analysis_recent/when_what_policy_ablation_20261005_threshold_loop/00_raw/tomato/scene_03/value_when/run_34_seed_822900858/exp_tomato_20261005_205314_798229.txt,575b6872b6ae3368bd60d14d759fa3a77ce4a0920f8e09c359273507a166ded8,tomato,value_when,03
experiments_logs/analysis_recent/when_what_policy_ablation_20261005_threshold_loop/00_raw/tomato/scene_03/value_when/run_35_seed_604486275/exp_tomato_20261005_205319_545874.txt,38ac1da7330396e35c64fdf00356a2b75a2d0cda8e05d5c7e8deefe7133bfea6,tomato,value_when,03
experiments_logs/analysis_recent/when_what_policy_ablation_20261005_threshold_loop/00_raw/tomato/scene_03/value_when/run_36_seed_522031486/exp_tomato_20261005_205324_648410.txt,9ccf755b28fcf89f156f02133e7e14fdae92faa51dba7d8184df9ffa4e9cb9b1,tomato,value_when,03
experiments_logs/analysis_recent/when_what_policy_ablation_20261005_threshold_loop/00_raw/tomato/scene_03/value_when/run_37_seed_2184183196/exp_tomato_20261005_205329_130398.txt,c607fc66260463eb331d73f8a041ab976a38b5b52af729958da787fb7494a94e,tomato,value_when,03
experiments_logs/analysis_recent/when_what_policy_ablation_20261005_threshold_loop/00_raw/tomato/scene_03/value_when/run_38_seed_2418572032/exp_tomato_20261005_205334_518430.txt,b3af4beafc0b02af7a55594ea8571a78836c2d5f043595e370c6a9d0a6b1a00e,tomato,value_when,03
experiments_logs/analysis_recent/when_what_policy_ablation_20261005_threshold_loop/00_raw/tomato/scene_03/value_when/run_39_seed_2436888965/exp_tomato_20261005_205341_952525.txt,2a75d02a07255e208f4b7101a4a4f0686603feed12c9d825c7ac67e8d575a37d,tomato,value_when,03
experiments_logs/analysis_recent/when_what_policy_ablation_20261005_threshold_loop/00_raw/tomato/scene_03/value_when/run_40_seed_598183825/exp_tomato_20261005_205349_275044.txt,44d676187e1ac379324b3817949aaa8f7bfb1589e32925eda8cc67ed228b02b1,tomato,value_when,03
experiments_logs/analysis_recent/when_what_policy_ablation_20261005_threshold_loop/00_raw/tomato/scene_04/value_when/run_01_seed_1589093347/exp_tomato_20261005_205355_548187.txt,c0e169b3fa515100101c15ac865e4163abffb4cd33d263d6ecbf57bdc37e2bc4,tomato,value_when,04
experiments_logs/analysis_recent/when_what_policy_ablation_20261005_threshold_loop/00_raw/tomato/scene_04/value_when/run_02_seed_712937450/exp_tomato_20261005_205400_780330.txt,522475931984da5c6a2ae7fd12d3d0d33f16fa5f6c2a4ae37d621ea8f87ccf4f,tomato,value_when,04
experiments_logs/analysis_recent/when_what_policy_ablation_20261005_threshold_loop/00_raw/tomato/scene_04/value_when/run_03_seed_3614412854/exp_tomato_20261005_205402_886978.txt,8a24c3f9c2e4085a9e8e9d2cf9c8a344e108e08790e5edd66e6a81a40b603d7d,tomato,value_when,04
experiments_logs/analysis_recent/when_what_policy_ablation_20261005_threshold_loop/00_raw/tomato/scene_04/value_when/run_04_seed_2390740933/exp_tomato_20261005_205408_385166.txt,dc21bae004464c72d7136f1f1cc52e9abf7d083e7c281f2ada0ac994f25116d5,tomato,value_when,04
experiments_logs/analysis_recent/when_what_policy_ablation_20261005_threshold_loop/00_raw/tomato/scene_04/value_when/run_05_seed_2642505031/exp_tomato_20261005_205411_283472.txt,8568b591627d084e3e477e4d8ce432a75b2ef88615a5c7f3a85fb6c985336c11,tomato,value_when,04
experiments_logs/analysis_recent/when_what_policy_ablation_20261005_threshold_loop/00_raw/tomato/scene_04/value_when/run_06_seed_442300768/exp_tomato_20261005_205416_039424.txt,a40abfee0fc72ee11640690b209c5f3d05ce457cd9031deb5358d6d6d4ccad6e,tomato,value_when,04
experiments_logs/analysis_recent/when_what_policy_ablation_20261005_threshold_loop/00_raw/tomato/scene_04/value_when/run_07_seed_3661502133/exp_tomato_20261005_205418_916340.txt,123001d3f5175fa556a3d3d6699647399e73075560b07b500a1345bb77c4cd1c,tomato,value_when,04
experiments_logs/analysis_recent/when_what_policy_ablation_20261005_threshold_loop/00_raw/tomato/scene_04/value_when/run_08_seed_236854069/exp_tomato_20261005_205426_284289.txt,e16d4f89c3e877369e4ad079f9610094b5e78b51edefdfb53029705954939a6b,tomato,value_when,04
experiments_logs/analysis_recent/when_what_policy_ablation_20261005_threshold_loop/00_raw/tomato/scene_04/value_when/run_09_seed_2387734993/exp_tomato_20261005_205428_378479.txt,c37ff9411027b0be05ba1fb699691d62fe78945654458c87c156c81e2ef1ca1d,tomato,value_when,04
experiments_logs/analysis_recent/when_what_policy_ablation_20261005_threshold_loop/00_raw/tomato/scene_04/value_when/run_10_seed_321661848/exp_tomato_20261005_205434_236164.txt,6809b2a794d787d4b387621a9eda0e3499d3914436fc76184aa90aec20e45592,tomato,value_when,04
experiments_logs/analysis_recent/when_what_policy_ablation_20261005_threshold_loop/00_raw/tomato/scene_04/value_when/run_11_seed_2993320002/exp_tomato_20261005_205439_402090.txt,f3832eb91e2b01fdaac69ee3d9b0fc27b1823119cebf026b7eda41156c376a8a,tomato,value_when,04
experiments_logs/analysis_recent/when_what_policy_ablation_20261005_threshold_loop/00_raw/tomato/scene_04/value_when/run_12_seed_1109362184/exp_tomato_20261005_205442_431670.txt,939aa2e926f03480122e9c42bc4c7c4a46c59e1ecc13a428062948838d1eb722,tomato,value_when,04
experiments_logs/analysis_recent/when_what_policy_ablation_20261005_threshold_loop/00_raw/tomato/scene_04/value_when/run_13_seed_3815955531/exp_tomato_20261005_205443_663791.txt,c905f8087930afd2fcf158879a79988fd6f3a99834cf8b2e11a3196f6f6e2da7,tomato,value_when,04
experiments_logs/analysis_recent/when_what_policy_ablation_20261005_threshold_loop/00_raw/tomato/scene_04/value_when/run_14_seed_2941533860/exp_tomato_20261005_205445_384643.txt,4ff256517f297d22dd7c265ba1653f892fe127bb56987f07610be7fc0b271726,tomato,value_when,04
experiments_logs/analysis_recent/when_what_policy_ablation_20261005_threshold_loop/00_raw/tomato/scene_04/value_when/run_15_seed_2020323328/exp_tomato_20261005_205451_110877.txt,a3d69a6e6cd575455e87268af2191f0d80c37055e624bf93994021bb44aa19ec,tomato,value_when,04
experiments_logs/analysis_recent/when_what_policy_ablation_20261005_threshold_loop/00_raw/tomato/scene_04/value_when/run_16_seed_3712541616/exp_tomato_20261005_205456_593224.txt,62a53c42d413180b171e19894c6af9db0da7843cad5f32a8bdcd8ec673f95d9f,tomato,value_when,04
experiments_logs/analysis_recent/when_what_policy_ablation_20261005_threshold_loop/00_raw/tomato/scene_04/value_when/run_17_seed_3169457126/exp_tomato_20261005_205458_688290.txt,16ed951c7799a1da7cf9cd77d0d374d1392eb6ef2904559071dd622f14ba1552,tomato,value_when,04
experiments_logs/analysis_recent/when_what_policy_ablation_20261005_threshold_loop/00_raw/tomato/scene_04/value_when/run_18_seed_3948166740/exp_tomato_20261005_205500_412369.txt,d142ecb2849a9172891af3cda9c47e710bfd3486c7fad9edc887736c68bb58d7,tomato,value_when,04
experiments_logs/analysis_recent/when_what_policy_ablation_20261005_threshold_loop/00_raw/tomato/scene_04/value_when/run_19_seed_1552731229/exp_tomato_20261005_205505_921236.txt,87e131c66be6c80ef1f37a2e2c8e66821d748695b538ffa57fa05c2e5e97f70d,tomato,value_when,04
experiments_logs/analysis_recent/when_what_policy_ablation_20261005_threshold_loop/00_raw/tomato/scene_04/value_when/run_20_seed_1337586660/exp_tomato_20261005_205511_279341.txt,7c00c2090a538b78cb9c254a7f36ba7472ce787ac5ebf42857b0090dcdb035de,tomato,value_when,04
experiments_logs/analysis_recent/when_what_policy_ablation_20261005_threshold_loop/00_raw/tomato/scene_04/value_when/run_21_seed_56491935/exp_tomato_20261005_205519_282033.txt,16a5935aac64d58a7b2670da305744adb53f22a402c22155cc835c48a2f3c76d,tomato,value_when,04
experiments_logs/analysis_recent/when_what_policy_ablation_20261005_threshold_loop/00_raw/tomato/scene_04/value_when/run_22_seed_2771536334/exp_tomato_20261005_205522_309202.txt,d48107e3bc95eb82191380ea42dd613b6d502bc9f8f1cc9e5b074122ae729dec,tomato,value_when,04
experiments_logs/analysis_recent/when_what_policy_ablation_20261005_threshold_loop/00_raw/tomato/scene_04/value_when/run_23_seed_3227930555/exp_tomato_20261005_205527_726337.txt,5c8d90ed34420a49fe5bfabec404b1c27353a1ffd4660f2746f64f4cbf48691f,tomato,value_when,04
experiments_logs/analysis_recent/when_what_policy_ablation_20261005_threshold_loop/00_raw/tomato/scene_04/value_when/run_24_seed_740609622/exp_tomato_20261005_205534_262786.txt,87875df64e32af1b11e9d6453b684a8aa94bf0cd3734ddb7c574081b6be15bf3,tomato,value_when,04
experiments_logs/analysis_recent/when_what_policy_ablation_20261005_threshold_loop/00_raw/tomato/scene_04/value_when/run_25_seed_218967378/exp_tomato_20261005_205540_195880.txt,9afdf47f63ee694d1d25bf9def753c395668ce5268d8e82e6b6d1d13773c2131,tomato,value_when,04
experiments_logs/analysis_recent/when_what_policy_ablation_20261005_threshold_loop/00_raw/tomato/scene_04/value_when/run_26_seed_1040908402/exp_tomato_20261005_205543_197772.txt,033aa0b605329e70df70685e908c5f9ed63519a99f270423a74d2709a3165ef4,tomato,value_when,04
experiments_logs/analysis_recent/when_what_policy_ablation_20261005_threshold_loop/00_raw/tomato/scene_04/value_when/run_27_seed_2220313702/exp_tomato_20261005_205549_055052.txt,82f5e29d2154a2e0a07fdc99767f1cacfe6ad95bef77a7c31e86d3ddddfdd3b0,tomato,value_when,04
experiments_logs/analysis_recent/when_what_policy_ablation_20261005_threshold_loop/00_raw/tomato/scene_04/value_when/run_28_seed_168160880/exp_tomato_20261005_205557_144911.txt,cbd648eb6aedad3eae480984aae48d7840de66ab7273c11584a456e36d9d96f2,tomato,value_when,04
experiments_logs/analysis_recent/when_what_policy_ablation_20261005_threshold_loop/00_raw/tomato/scene_04/value_when/run_29_seed_3141647287/exp_tomato_20261005_205602_886354.txt,98df32db1dde64ddde433ab46114c9ef68ae2cae8315b587380edb434b3cf740,tomato,value_when,04
experiments_logs/analysis_recent/when_what_policy_ablation_20261005_threshold_loop/00_raw/tomato/scene_04/value_when/run_30_seed_2135663053/exp_tomato_20261005_205608_227826.txt,645d749b55846418eafde1d75963161055f6eaeb84fbdaa7a6d5f523f042ac0c,tomato,value_when,04
experiments_logs/analysis_recent/when_what_policy_ablation_20261005_threshold_loop/00_raw/tomato/scene_04/value_when/run_31_seed_2392905031/exp_tomato_20261005_205614_975089.txt,96f53f8f4ad0a171473a6d9a8a089a44d3f3963a2427eba6fb207f8439960fa1,tomato,value_when,04
experiments_logs/analysis_recent/when_what_policy_ablation_20261005_threshold_loop/00_raw/tomato/scene_04/value_when/run_32_seed_3372736775/exp_tomato_20261005_205619_008396.txt,f6b43fae5be92be64f870fd07ae1b09b95c3e6872708133a40b9f112f0311fd8,tomato,value_when,04
experiments_logs/analysis_recent/when_what_policy_ablation_20261005_threshold_loop/00_raw/tomato/scene_04/value_when/run_33_seed_3386497120/exp_tomato_20261005_205625_207125.txt,4d913d4405cca7b807717897f5959a4f4eb69b1243dc6cd806601010d82df1ce,tomato,value_when,04
experiments_logs/analysis_recent/when_what_policy_ablation_20261005_threshold_loop/00_raw/tomato/scene_04/value_when/run_34_seed_1167440852/exp_tomato_20261005_205630_802747.txt,8746c02b0b2812b34cc27e05d339725a66752af5f0c6d9bd02b6bea68d33e948,tomato,value_when,04
experiments_logs/analysis_recent/when_what_policy_ablation_20261005_threshold_loop/00_raw/tomato/scene_04/value_when/run_35_seed_222360660/exp_tomato_20261005_205636_157118.txt,2a4db2c16de468922ca5fb374bd0eb31f68a5349b5a232cb555b6c9a86b88582,tomato,value_when,04
experiments_logs/analysis_recent/when_what_policy_ablation_20261005_threshold_loop/00_raw/tomato/scene_04/value_when/run_36_seed_216321642/exp_tomato_20261005_205641_424013.txt,cf5b0c275e69401c0cef082cbf790524e7e4988230e0f10d50a15b44d3d41d07,tomato,value_when,04
experiments_logs/analysis_recent/when_what_policy_ablation_20261005_threshold_loop/00_raw/tomato/scene_04/value_when/run_37_seed_1141903763/exp_tomato_20261005_205643_140871.txt,1f9b23dc97749e43adc3f8e5d597832a8dc5d94bcdb9c22b22b9c8f79b020583,tomato,value_when,04
experiments_logs/analysis_recent/when_what_policy_ablation_20261005_threshold_loop/00_raw/tomato/scene_04/value_when/run_38_seed_2219488844/exp_tomato_20261005_205648_653789.txt,53e718f52d87f4054c27bcda3091a0e6b2615e9afbf718bacb9de8e983c858bd,tomato,value_when,04
experiments_logs/analysis_recent/when_what_policy_ablation_20261005_threshold_loop/00_raw/tomato/scene_04/value_when/run_39_seed_3931316609/exp_tomato_20261005_205654_161570.txt,c3dba82817a757b9cd9b90c92f9e1f5b2f1ddd8d3787fede9eaec64e2f3fa81c,tomato,value_when,04
experiments_logs/analysis_recent/when_what_policy_ablation_20261005_threshold_loop/00_raw/tomato/scene_04/value_when/run_40_seed_3315816046/exp_tomato_20261005_205659_709974.txt,686c9bfe2fcf404ce9a7f9eefab0ba42d8b23a9a254aea67901ba8dd45ffdf64,tomato,value_when,04
experiments_logs/analysis_recent/when_what_policy_ablation_20261005_threshold_loop/00_raw/tomato/scene_05/value_when/run_01_seed_3945754139/exp_tomato_20261005_205707_821001.txt,625077f573eb533210979d6585e41c751bba9c18a3b2b7aef0b47e9b1d82bc58,tomato,value_when,05
experiments_logs/analysis_recent/when_what_policy_ablation_20261005_threshold_loop/00_raw/tomato/scene_05/value_when/run_02_seed_259038599/exp_tomato_20261005_205713_309805.txt,fd815c54392eae1a7a5c1897844b0849c7c4ac14ff079cfe1f22eb7a0c3cfa26,tomato,value_when,05
experiments_logs/analysis_recent/when_what_policy_ablation_20261005_threshold_loop/00_raw/tomato/scene_05/value_when/run_03_seed_2898963405/exp_tomato_20261005_205718_585921.txt,98e88c4cf71e3938a023342046e7812c6a2270cd5f5bc2fa6bd10f41f62d8d6d,tomato,value_when,05
experiments_logs/analysis_recent/when_what_policy_ablation_20261005_threshold_loop/00_raw/tomato/scene_05/value_when/run_04_seed_1746555867/exp_tomato_20261005_205721_177017.txt,38e0dc05e52819f5a5338ab6f17c9aa6e06badcb41d99ef0382ac137ed27df98,tomato,value_when,05
experiments_logs/analysis_recent/when_what_policy_ablation_20261005_threshold_loop/00_raw/tomato/scene_05/value_when/run_05_seed_879805946/exp_tomato_20261005_205726_560676.txt,cffbc5310aae2036ca2c6fd364a33512bc9cbdb9c23c502242c98ac04e416229,tomato,value_when,05
experiments_logs/analysis_recent/when_what_policy_ablation_20261005_threshold_loop/00_raw/tomato/scene_05/value_when/run_06_seed_1691996467/exp_tomato_20261005_205728_567676.txt,89820d175026f703109bac840d2e08df39eee0a0d81397bab744bb36fd768a9b,tomato,value_when,05
experiments_logs/analysis_recent/when_what_policy_ablation_20261005_threshold_loop/00_raw/tomato/scene_05/value_when/run_07_seed_2654066318/exp_tomato_20261005_205730_327733.txt,e2f31274460cb9793645df1396392a5d651d2062cbfb64a004568a205af9b0e8,tomato,value_when,05
experiments_logs/analysis_recent/when_what_policy_ablation_20261005_threshold_loop/00_raw/tomato/scene_05/value_when/run_08_seed_715972481/exp_tomato_20261005_205735_884969.txt,f431015d96af6572b8f4345e3dcc64805cb9ad97b57a2ab6c12b0ed8f3cb2e15,tomato,value_when,05
experiments_logs/analysis_recent/when_what_policy_ablation_20261005_threshold_loop/00_raw/tomato/scene_05/value_when/run_09_seed_794861334/exp_tomato_20261005_205742_328180.txt,e5c815ed623d789f9b8e4950f9921ca943258d6521b9ca4297e596a3ab5c3258,tomato,value_when,05
experiments_logs/analysis_recent/when_what_policy_ablation_20261005_threshold_loop/00_raw/tomato/scene_05/value_when/run_10_seed_179847475/exp_tomato_20261005_205749_093138.txt,f3410a932b5d43a98b43194e31b4eaa8809e52ae47b0a131f587a2ab3649f967,tomato,value_when,05
experiments_logs/analysis_recent/when_what_policy_ablation_20261005_threshold_loop/00_raw/tomato/scene_05/value_when/run_11_seed_2141224597/exp_tomato_20261005_205754_525920.txt,be4e785722c5585550e65a3e6469b82bb1bdba37480ac0d8ceddc382cf160f53,tomato,value_when,05
experiments_logs/analysis_recent/when_what_policy_ablation_20261005_threshold_loop/00_raw/tomato/scene_05/value_when/run_12_seed_3873493540/exp_tomato_20261005_205801_873783.txt,565c4def6b972c514aa1ac1cb3069b0d806890dbb40e93023648bb57c248f267,tomato,value_when,05
experiments_logs/analysis_recent/when_what_policy_ablation_20261005_threshold_loop/00_raw/tomato/scene_05/value_when/run_13_seed_444653586/exp_tomato_20261005_205803_542361.txt,c637950fe695994fb19cfcb5b764e843a11d9d945fc52195315db12b61349e5b,tomato,value_when,05
experiments_logs/analysis_recent/when_what_policy_ablation_20261005_threshold_loop/00_raw/tomato/scene_05/value_when/run_14_seed_2591322916/exp_tomato_20261005_205807_957693.txt,5cabea57ac2b713dbed634b8174e59e848369491c563ee8b21e4128aa8f06dda,tomato,value_when,05
experiments_logs/analysis_recent/when_what_policy_ablation_20261005_threshold_loop/00_raw/tomato/scene_05/value_when/run_15_seed_2082077157/exp_tomato_20261005_205810_089035.txt,437049b1d5c082c2b19e464de985e4529762eba02497cb9ffeba2b7262ed6a9d,tomato,value_when,05
experiments_logs/analysis_recent/when_what_policy_ablation_20261005_threshold_loop/00_raw/tomato/scene_05/value_when/run_16_seed_1584111328/exp_tomato_20261005_205815_426943.txt,6bc9b71997e263441ce513d5d2e557a2c8a8efd16279e6f40271a51c3ee873be,tomato,value_when,05
experiments_logs/analysis_recent/when_what_policy_ablation_20261005_threshold_loop/00_raw/tomato/scene_05/value_when/run_17_seed_2883494985/exp_tomato_20261005_205821_302478.txt,d94cab9f34ea232b184cd4b2f60e159b97518c4464b574af97ee1d7f0030df5a,tomato,value_when,05
experiments_logs/analysis_recent/when_what_policy_ablation_20261005_threshold_loop/00_raw/tomato/scene_05/value_when/run_18_seed_2222584418/exp_tomato_20261005_205828_267865.txt,a2dd2c3b57a213a735d8cb2d52ec791e9673add20766eca28ccb38b8fa7cde88,tomato,value_when,05
experiments_logs/analysis_recent/when_what_policy_ablation_20261005_threshold_loop/00_raw/tomato/scene_05/value_when/run_19_seed_1573496301/exp_tomato_20261005_205829_977797.txt,9dd308ff05ab75729754f2b02d4cc78b3d7c5cf1f6c0230a7053b8b787ad1c51,tomato,value_when,05
experiments_logs/analysis_recent/when_what_policy_ablation_20261005_threshold_loop/00_raw/tomato/scene_05/value_when/run_20_seed_3850832736/exp_tomato_20261005_205835_300161.txt,4cac17abf5cb41c14e0fcccfff3ff69a77c2817bcbe8e79f8afc0d9d290cb22e,tomato,value_when,05
experiments_logs/analysis_recent/when_what_policy_ablation_20261005_threshold_loop/00_raw/tomato/scene_05/value_when/run_21_seed_1896365895/exp_tomato_20261005_205840_492452.txt,612929510a20d51661fb0be218d599b2320947a02cec60752701c4b6079572ee,tomato,value_when,05
experiments_logs/analysis_recent/when_what_policy_ablation_20261005_threshold_loop/00_raw/tomato/scene_05/value_when/run_22_seed_2128654182/exp_tomato_20261005_205846_361979.txt,287374b96afc2e4d5be80df5f2a688615628ccf0e2a19d8c331b6d13796ec268,tomato,value_when,05
experiments_logs/analysis_recent/when_what_policy_ablation_20261005_threshold_loop/00_raw/tomato/scene_05/value_when/run_23_seed_3471226395/exp_tomato_20261005_205851_743498.txt,cd31e0de1f14cfae213ea42d3f1efeedcb23edcf6c4954154adc0f9655c3d779,tomato,value_when,05
experiments_logs/analysis_recent/when_what_policy_ablation_20261005_threshold_loop/00_raw/tomato/scene_05/value_when/run_24_seed_1127296088/exp_tomato_20261005_205853_834320.txt,61e6d0747054958c1303babacb3d693663a42710eef5d976f5c4b403c7eb0f04,tomato,value_when,05
experiments_logs/analysis_recent/when_what_policy_ablation_20261005_threshold_loop/00_raw/tomato/scene_05/value_when/run_25_seed_346784313/exp_tomato_20261005_205903_128877.txt,6d25f553521ee25a72b7d361e4678bdf32ffbc2b8e9ff5a29a82a8011ee5148a,tomato,value_when,05
experiments_logs/analysis_recent/when_what_policy_ablation_20261005_threshold_loop/00_raw/tomato/scene_05/value_when/run_26_seed_1271340849/exp_tomato_20261005_205910_490585.txt,be4f3eb3a49d7627d654a7c2f2bdfb62a4385449b1ba463d681c9e6457b7ec0a,tomato,value_when,05
experiments_logs/analysis_recent/when_what_policy_ablation_20261005_threshold_loop/00_raw/tomato/scene_05/value_when/run_27_seed_1196215500/exp_tomato_20261005_205916_836207.txt,e594a4d690a2979cbb6b514b417de76d6a43b1be5c9add607a30311c26369035,tomato,value_when,05
experiments_logs/analysis_recent/when_what_policy_ablation_20261005_threshold_loop/00_raw/tomato/scene_05/value_when/run_28_seed_3594782946/exp_tomato_20261005_205922_399068.txt,fef71d60023ea02e21a511707d93985685bbc44110d7a4d9d067d7d4646205a4,tomato,value_when,05
experiments_logs/analysis_recent/when_what_policy_ablation_20261005_threshold_loop/00_raw/tomato/scene_05/value_when/run_29_seed_3869246695/exp_tomato_20261005_205927_663150.txt,02add7bfdc9ed61ce041e58203484d5655e4ec6d37896bb3bcb41e5918ccdc7b,tomato,value_when,05
experiments_logs/analysis_recent/when_what_policy_ablation_20261005_threshold_loop/00_raw/tomato/scene_05/value_when/run_30_seed_2231101089/exp_tomato_20261005_205933_808644.txt,dcb5413c870ae203de0b7c8dec2fe7d8731504a123be2f1dc8e495e1b84fa8b4,tomato,value_when,05
experiments_logs/analysis_recent/when_what_policy_ablation_20261005_threshold_loop/00_raw/tomato/scene_05/value_when/run_31_seed_28332744/exp_tomato_20261005_205935_668645.txt,802cbf1450c89cd1aa0c175826912426cd7a7279f7ee19aae0c673131f26a1a2,tomato,value_when,05
experiments_logs/analysis_recent/when_what_policy_ablation_20261005_threshold_loop/00_raw/tomato/scene_05/value_when/run_32_seed_815541928/exp_tomato_20261005_205937_837093.txt,deb763e274de9150416cf1f3b54fa82687940c8d5d15b444b3448ea8bc92dc28,tomato,value_when,05
experiments_logs/analysis_recent/when_what_policy_ablation_20261005_threshold_loop/00_raw/tomato/scene_05/value_when/run_33_seed_3637968608/exp_tomato_20261005_205944_789257.txt,826df66dc9d8854c096b34d479afe23d30448792a0779f45780a7149d59185c1,tomato,value_when,05
experiments_logs/analysis_recent/when_what_policy_ablation_20261005_threshold_loop/00_raw/tomato/scene_05/value_when/run_34_seed_1985644872/exp_tomato_20261005_205950_417622.txt,f784ca78edadc6057185ba746fd54639783f0793c8c1515ec91d9c8093b7ac09,tomato,value_when,05
experiments_logs/analysis_recent/when_what_policy_ablation_20261005_threshold_loop/00_raw/tomato/scene_05/value_when/run_35_seed_589229374/exp_tomato_20261005_205955_780472.txt,efb18f56ac7fafb0a7f2e46b32b430e58f407da726da68719a9bce7eed6d45b1,tomato,value_when,05
experiments_logs/analysis_recent/when_what_policy_ablation_20261005_threshold_loop/00_raw/tomato/scene_05/value_when/run_36_seed_1101473435/exp_tomato_20261005_210001_227994.txt,d5bbbe8f04a0eaa750f2d7d59f2521c5fa2f2b6214585a425e2a72b695f96b62,tomato,value_when,05
experiments_logs/analysis_recent/when_what_policy_ablation_20261005_threshold_loop/00_raw/tomato/scene_05/value_when/run_37_seed_3696024021/exp_tomato_20261005_210006_643257.txt,a1cb0df767169acac79f6fff0a527765170946b3bd67e210742aa27ba3645e9b,tomato,value_when,05
experiments_logs/analysis_recent/when_what_policy_ablation_20261005_threshold_loop/00_raw/tomato/scene_05/value_when/run_38_seed_4191848859/exp_tomato_20261005_210012_814652.txt,76cac9d50928274440842c633820f05be1dccd4502a0a3f279792a02a1af431d,tomato,value_when,05
experiments_logs/analysis_recent/when_what_policy_ablation_20261005_threshold_loop/00_raw/tomato/scene_05/value_when/run_39_seed_1042830735/exp_tomato_20261005_210015_771172.txt,c6f35ea436bf446154c20f24aca281456d0d4ba388e8260ce4bfec0e9529568a,tomato,value_when,05
experiments_logs/analysis_recent/when_what_policy_ablation_20261005_threshold_loop/00_raw/tomato/scene_05/value_when/run_40_seed_3034198474/exp_tomato_20261005_210021_076015.txt,e315fc528ffa492fda8aecee017edcf4061320bdddbbd26518b1583bf17022d6,tomato,value_when,05
experiments_logs/analysis_recent/when_what_policy_ablation_20261005_threshold_loop/00_raw/wastesorting/scene_01/value_when/run_01_seed_4064545001/exp_wastesorting_20261005_210026_510136.txt,2d70aadb8eecd066bdc45d735bc4cc9a3de261f1ee744ca3b61416c09a6ac1e7,wastesorting,value_when,01
experiments_logs/analysis_recent/when_what_policy_ablation_20261005_threshold_loop/00_raw/wastesorting/scene_01/value_when/run_02_seed_3622402991/exp_wastesorting_20261005_210032_183469.txt,49716740dfb9e78b8603dbbafd3ff4ce9260e0679a7d41d783b64663d2741f70,wastesorting,value_when,01
experiments_logs/analysis_recent/when_what_policy_ablation_20261005_threshold_loop/00_raw/wastesorting/scene_01/value_when/run_03_seed_2310768630/exp_wastesorting_20261005_210037_828549.txt,c2e8ca10b887db32b1925047f7830cae4485671b53ba0a7edd8cf69e79ba2fdd,wastesorting,value_when,01
experiments_logs/analysis_recent/when_what_policy_ablation_20261005_threshold_loop/00_raw/wastesorting/scene_01/value_when/run_04_seed_2226680570/exp_wastesorting_20261005_210043_803263.txt,1c8b64f33b6ca76f167b7feae2a0ada434def1c9565ea4ac819057f62d258ecf,wastesorting,value_when,01
experiments_logs/analysis_recent/when_what_policy_ablation_20261005_threshold_loop/00_raw/wastesorting/scene_01/value_when/run_05_seed_4139245423/exp_wastesorting_20261005_210048_340871.txt,5119e7e0a0963095354238622f5fe25ffd7abf4a18b7d2ba5abba2cfe37b316a,wastesorting,value_when,01
experiments_logs/analysis_recent/when_what_policy_ablation_20261005_threshold_loop/00_raw/wastesorting/scene_01/value_when/run_06_seed_3176006814/exp_wastesorting_20261005_210054_032914.txt,bb9ed941ca76855abf513af186f20522f739f6b0933f41f0c21345c6515af17a,wastesorting,value_when,01
experiments_logs/analysis_recent/when_what_policy_ablation_20261005_threshold_loop/00_raw/wastesorting/scene_01/value_when/run_07_seed_1446821692/exp_wastesorting_20261005_210059_297148.txt,9d6614cf6476cac3d3ab98ce30936021efdb24ef127f8326c43b508bbbf2fcb3,wastesorting,value_when,01
experiments_logs/analysis_recent/when_what_policy_ablation_20261005_threshold_loop/00_raw/wastesorting/scene_01/value_when/run_08_seed_2855763027/exp_wastesorting_20261005_210105_588897.txt,b55f2a431f88969ff52aa31969b03a7ebd009efe009a58239f00fe19721398b8,wastesorting,value_when,01
experiments_logs/analysis_recent/when_what_policy_ablation_20261005_threshold_loop/00_raw/wastesorting/scene_01/value_when/run_09_seed_3987872288/exp_wastesorting_20261005_210112_524122.txt,f0a7aba74f5e45dc75272178dc1112db95f3ab0049916948a00377b6f0e02972,wastesorting,value_when,01
experiments_logs/analysis_recent/when_what_policy_ablation_20261005_threshold_loop/00_raw/wastesorting/scene_01/value_when/run_10_seed_3143992301/exp_wastesorting_20261005_210117_883691.txt,d60bc7e3a7077329fdc3bc573b87da12e7208b4621342bae1398b62194439e91,wastesorting,value_when,01
experiments_logs/analysis_recent/when_what_policy_ablation_20261005_threshold_loop/00_raw/wastesorting/scene_01/value_when/run_11_seed_304491485/exp_wastesorting_20261005_210124_094399.txt,848eba6c9156f2ce6ea2b6951efe6d72c45572699d1bf4a19e404ce95eed8e44,wastesorting,value_when,01
experiments_logs/analysis_recent/when_what_policy_ablation_20261005_threshold_loop/00_raw/wastesorting/scene_01/value_when/run_12_seed_1469124930/exp_wastesorting_20261005_210129_368757.txt,c9609dcb136f4b21cdeb445d76579d7f3f88dbe554ddc1dfdba0803b329c4a69,wastesorting,value_when,01
experiments_logs/analysis_recent/when_what_policy_ablation_20261005_threshold_loop/00_raw/wastesorting/scene_01/value_when/run_13_seed_3904873952/exp_wastesorting_20261005_210134_245336.txt,7e457ffb4bbd064a0170a0f1b1f33ecbd0aebda7209594b1dd1af51650636335,wastesorting,value_when,01
experiments_logs/analysis_recent/when_what_policy_ablation_20261005_threshold_loop/00_raw/wastesorting/scene_01/value_when/run_14_seed_1753239905/exp_wastesorting_20261005_210141_363631.txt,86fe555fdfc08c6ffe94e6c0daa22a039ffe4d6e26a85a2db7c13ce2f07cfab5,wastesorting,value_when,01
experiments_logs/analysis_recent/when_what_policy_ablation_20261005_threshold_loop/00_raw/wastesorting/scene_01/value_when/run_15_seed_3890046989/exp_wastesorting_20261005_210146_780439.txt,ab9940f167e59086060367a1db79e4cd9898c4a325dd79dfa7b22481432553f8,wastesorting,value_when,01
experiments_logs/analysis_recent/when_what_policy_ablation_20261005_threshold_loop/00_raw/wastesorting/scene_01/value_when/run_16_seed_4016452800/exp_wastesorting_20261005_210153_136226.txt,7eb004cee9789a78cf318903e75c3375345cd216c6d7d8b8c1239c56d13bd6a9,wastesorting,value_when,01
experiments_logs/analysis_recent/when_what_policy_ablation_20261005_threshold_loop/00_raw/wastesorting/scene_01/value_when/run_17_seed_1421291149/exp_wastesorting_20261005_210158_559036.txt,410095d4b5f4c43ab337467cf6074dea58313ebf4d17f4f41c041a091ab6a308,wastesorting,value_when,01
experiments_logs/analysis_recent/when_what_policy_ablation_20261005_threshold_loop/00_raw/wastesorting/scene_01/value_when/run_18_seed_1201660994/exp_wastesorting_20261005_210203_733682.txt,eb44ae17de80110656ef188f1203d50478a229236eeab5a880af2e652e977d2f,wastesorting,value_when,01
experiments_logs/analysis_recent/when_what_policy_ablation_20261005_threshold_loop/00_raw/wastesorting/scene_01/value_when/run_19_seed_2732686114/exp_wastesorting_20261005_210210_327294.txt,c28b1bbcd86e0c78b26909eaec4153f900efa5e54c3ca0724bdc54f9bc2d9eb2,wastesorting,value_when,01
experiments_logs/analysis_recent/when_what_policy_ablation_20261005_threshold_loop/00_raw/wastesorting/scene_01/value_when/run_20_seed_3276452260/exp_wastesorting_20261005_210215_441110.txt,a3664e8b97f1fcb78938ac54ba50424ece30e5b4b5e68712fd54c78fae61059c,wastesorting,value_when,01
experiments_logs/analysis_recent/when_what_policy_ablation_20261005_threshold_loop/00_raw/wastesorting/scene_01/value_when/run_21_seed_973561137/exp_wastesorting_20261005_210222_624498.txt,82efb36f73520edbb38aeabe32d3ddc36cec15b36c713789ab961b0bdec9f37b,wastesorting,value_when,01
experiments_logs/analysis_recent/when_what_policy_ablation_20261005_threshold_loop/00_raw/wastesorting/scene_01/value_when/run_22_seed_221659181/exp_wastesorting_20261005_210228_552859.txt,9d41ffd2a7c02c33606d5befae18de2ca9558dcac5f1603d49e2ebf34ae05638,wastesorting,value_when,01
experiments_logs/analysis_recent/when_what_policy_ablation_20261005_threshold_loop/00_raw/wastesorting/scene_01/value_when/run_23_seed_3794435593/exp_wastesorting_20261005_210233_714216.txt,efb12b09ec57a1a60352e25f054155458f08215d05d31e993b2db952b1bb84f9,wastesorting,value_when,01
experiments_logs/analysis_recent/when_what_policy_ablation_20261005_threshold_loop/00_raw/wastesorting/scene_01/value_when/run_24_seed_1062380405/exp_wastesorting_20261005_210239_811021.txt,7a5e5bab2742c2f37761e39d29c3d083580bdb4e24f7fc9c8bdb8131c7c96258,wastesorting,value_when,01
experiments_logs/analysis_recent/when_what_policy_ablation_20261005_threshold_loop/00_raw/wastesorting/scene_01/value_when/run_25_seed_2258604627/exp_wastesorting_20261005_210245_371740.txt,a70d6d93f7c406bbb09270c6e7b121feec306f2c558c54241a2cd4bb0cf3bd81,wastesorting,value_when,01
experiments_logs/analysis_recent/when_what_policy_ablation_20261005_threshold_loop/00_raw/wastesorting/scene_01/value_when/run_26_seed_2829245352/exp_wastesorting_20261005_210250_987490.txt,5d5f50b5dd277cb34a9c7f8c80eeffb7f3e2fa8b5bdce6a5f7513cccaefb089c,wastesorting,value_when,01
experiments_logs/analysis_recent/when_what_policy_ablation_20261005_threshold_loop/00_raw/wastesorting/scene_01/value_when/run_27_seed_3940097250/exp_wastesorting_20261005_210258_248339.txt,c6e5acfd5717bf076178bca9b77e1cf184147399376a3036103d9e5653b940ba,wastesorting,value_when,01
experiments_logs/analysis_recent/when_what_policy_ablation_20261005_threshold_loop/00_raw/wastesorting/scene_01/value_when/run_28_seed_2295953812/exp_wastesorting_20261005_210303_328097.txt,e5ba6aae9a468cb2ad7c055fadb304ba8154ae3fa57b3b93f39383f5aa201985,wastesorting,value_when,01
experiments_logs/analysis_recent/when_what_policy_ablation_20261005_threshold_loop/00_raw/wastesorting/scene_01/value_when/run_29_seed_1147340016/exp_wastesorting_20261005_210308_953315.txt,0b5d11ed479ce1dcce25cce687bf718e721c3ddd2e2d0aef6cd1aa42225f57bd,wastesorting,value_when,01
experiments_logs/analysis_recent/when_what_policy_ablation_20261005_threshold_loop/00_raw/wastesorting/scene_01/value_when/run_30_seed_3656921932/exp_wastesorting_20261005_210314_315482.txt,a47f27a7c6fc117140874d834189ce1ba980c7b80b1d22477ff8c69406ac4ff5,wastesorting,value_when,01
experiments_logs/analysis_recent/when_what_policy_ablation_20261005_threshold_loop/00_raw/wastesorting/scene_01/value_when/run_31_seed_834664221/exp_wastesorting_20261005_210319_617283.txt,f8cc7ea7563e62b003039133cc8c75411a4784c66127c6c6e813ebbe0776170c,wastesorting,value_when,01
experiments_logs/analysis_recent/when_what_policy_ablation_20261005_threshold_loop/00_raw/wastesorting/scene_01/value_when/run_32_seed_2566599462/exp_wastesorting_20261005_210325_066893.txt,8f35625ae987c97c6c3869f2f494e86fa37bd6a8599acd72698afe560a8c6654,wastesorting,value_when,01
experiments_logs/analysis_recent/when_what_policy_ablation_20261005_threshold_loop/00_raw/wastesorting/scene_01/value_when/run_33_seed_481330159/exp_wastesorting_20261005_210330_522320.txt,6096b4d94dd22402169dc2e1d389ac94b524e0378a08b4ab165af626efca9b90,wastesorting,value_when,01
experiments_logs/analysis_recent/when_what_policy_ablation_20261005_threshold_loop/00_raw/wastesorting/scene_01/value_when/run_34_seed_3722475659/exp_wastesorting_20261005_210336_430935.txt,df221e957fb933399ce5b73200b0e445f11be00660cddbad68f03192533a3759,wastesorting,value_when,01
experiments_logs/analysis_recent/when_what_policy_ablation_20261005_threshold_loop/00_raw/wastesorting/scene_01/value_when/run_35_seed_3267154761/exp_wastesorting_20261005_210342_314806.txt,2062a795aa901fd250534f52369663474f0974b2fb5b3b6d0439ffe9c518b1bd,wastesorting,value_when,01
experiments_logs/analysis_recent/when_what_policy_ablation_20261005_threshold_loop/00_raw/wastesorting/scene_01/value_when/run_36_seed_2062582486/exp_wastesorting_20261005_210350_107253.txt,437cc62c7fa52d7e444d55d46e4ab1e476dfdd09bfb3e8ada9725e0105a70d40,wastesorting,value_when,01
experiments_logs/analysis_recent/when_what_policy_ablation_20261005_threshold_loop/00_raw/wastesorting/scene_01/value_when/run_37_seed_4001804605/exp_wastesorting_20261005_210356_375215.txt,c41f90ce2d6d67873a4810365772699c87806c409948a99111ef17b5edde520c,wastesorting,value_when,01
experiments_logs/analysis_recent/when_what_policy_ablation_20261005_threshold_loop/00_raw/wastesorting/scene_01/value_when/run_38_seed_3175035907/exp_wastesorting_20261005_210404_579764.txt,2f4d424c03be8c8d12d5ab49eec6db7a7ced4286614649703217b224d2765f66,wastesorting,value_when,01
experiments_logs/analysis_recent/when_what_policy_ablation_20261005_threshold_loop/00_raw/wastesorting/scene_01/value_when/run_39_seed_3156193605/exp_wastesorting_20261005_210409_851640.txt,9460104abc42cbcd912954a539c54ef37c80ec06cb459fbd907b5244d45c1466,wastesorting,value_when,01
experiments_logs/analysis_recent/when_what_policy_ablation_20261005_threshold_loop/00_raw/wastesorting/scene_01/value_when/run_40_seed_3862245153/exp_wastesorting_20261005_210416_188269.txt,32527cf52a07fd8ad1c42f5b93c5396cbb94b3ceffb2b290de6459941649fb7a,wastesorting,value_when,01
experiments_logs/analysis_recent/when_what_policy_ablation_20261005_threshold_loop/00_raw/wastesorting/scene_02/value_when/run_01_seed_2156641990/exp_wastesorting_20261005_210421_749861.txt,abe26f0ba31fad4ed468bc900e0790262c307219a9552dde0072f7625c9158de,wastesorting,value_when,02
experiments_logs/analysis_recent/when_what_policy_ablation_20261005_threshold_loop/00_raw/wastesorting/scene_02/value_when/run_02_seed_715488211/exp_wastesorting_20261005_210427_926748.txt,456b81759419bc74e06c71662f5113c0e67af009e9a414b61d7b21c25d94ebe1,wastesorting,value_when,02
experiments_logs/analysis_recent/when_what_policy_ablation_20261005_threshold_loop/00_raw/wastesorting/scene_02/value_when/run_03_seed_1273456514/exp_wastesorting_20261005_210432_930014.txt,c0a23b41519e56f410fb5de819863b49713c1fd5350f0eecca328652ab1d77b8,wastesorting,value_when,02
experiments_logs/analysis_recent/when_what_policy_ablation_20261005_threshold_loop/00_raw/wastesorting/scene_02/value_when/run_04_seed_1679391382/exp_wastesorting_20261005_210438_045118.txt,5aa7edcab3494034852010d037db4641d2eb5daf94716ba3a47589fb0945deb6,wastesorting,value_when,02
experiments_logs/analysis_recent/when_what_policy_ablation_20261005_threshold_loop/00_raw/wastesorting/scene_02/value_when/run_05_seed_1315496753/exp_wastesorting_20261005_210443_552200.txt,0a6c6f315a9185172b5af68d2844825f6b12db4a202c53cc3ae68cc490e01609,wastesorting,value_when,02
experiments_logs/analysis_recent/when_what_policy_ablation_20261005_threshold_loop/00_raw/wastesorting/scene_02/value_when/run_06_seed_3794247199/exp_wastesorting_20261005_210448_507384.txt,2eefd651ec6cb549dcd74d9b09fec238f97a20edfd619970525f3089cf1677c1,wastesorting,value_when,02
experiments_logs/analysis_recent/when_what_policy_ablation_20261005_threshold_loop/00_raw/wastesorting/scene_02/value_when/run_07_seed_2628956077/exp_wastesorting_20261005_210453_699844.txt,7db57a5001744b199513328444fd1085a78e0e9b89b21d5d7e1066ff596a0b2e,wastesorting,value_when,02
experiments_logs/analysis_recent/when_what_policy_ablation_20261005_threshold_loop/00_raw/wastesorting/scene_02/value_when/run_08_seed_1669852028/exp_wastesorting_20261005_210459_039138.txt,846a871439cd4ac2963ab1ecf677cfaad6578d289ec1a69cc21d8c127f231ca9,wastesorting,value_when,02
experiments_logs/analysis_recent/when_what_policy_ablation_20261005_threshold_loop/00_raw/wastesorting/scene_02/value_when/run_09_seed_2314118130/exp_wastesorting_20261005_210504_413932.txt,d6a7b6652da1aa6ad14018d630fd0e3680bbb3ed57b7fcc0821083706b35f7c4,wastesorting,value_when,02
experiments_logs/analysis_recent/when_what_policy_ablation_20261005_threshold_loop/00_raw/wastesorting/scene_02/value_when/run_10_seed_1150653687/exp_wastesorting_20261005_210510_603797.txt,48ce19e6008c36c553955decb88935cea3797fd3643e4c8ca5ef7290ecb34ce9,wastesorting,value_when,02
experiments_logs/analysis_recent/when_what_policy_ablation_20261005_threshold_loop/00_raw/wastesorting/scene_02/value_when/run_11_seed_3820178410/exp_wastesorting_20261005_210516_278014.txt,c0610f6e7e86cd2ee242055bd84cbf1f97a9e9a3c2f7e76080dce1d1f725e375,wastesorting,value_when,02
experiments_logs/analysis_recent/when_what_policy_ablation_20261005_threshold_loop/00_raw/wastesorting/scene_02/value_when/run_12_seed_1684512935/exp_wastesorting_20261005_210521_966679.txt,6d9318f6a5dc19b42c5c6c49999733bd931f15dec65eded1365e578ddecb7c79,wastesorting,value_when,02
experiments_logs/analysis_recent/when_what_policy_ablation_20261005_threshold_loop/00_raw/wastesorting/scene_02/value_when/run_13_seed_800159661/exp_wastesorting_20261005_210526_958660.txt,1e19901a43d14cd0469f8015ef1561aac78d9d2c8b0b579c75f496cadc73f974,wastesorting,value_when,02
experiments_logs/analysis_recent/when_what_policy_ablation_20261005_threshold_loop/00_raw/wastesorting/scene_02/value_when/run_14_seed_3132007216/exp_wastesorting_20261005_210533_176566.txt,8cd521209a28dc8f1bddc5355db8d8cf25e2c9ce0b1b15457bf94aee8bdea8a1,wastesorting,value_when,02
experiments_logs/analysis_recent/when_what_policy_ablation_20261005_threshold_loop/00_raw/wastesorting/scene_02/value_when/run_15_seed_431660203/exp_wastesorting_20261005_210538_334104.txt,836d167f0d86ce87645f0981a5dc34d3256d842baa86c35a68ff9dad7763c04d,wastesorting,value_when,02
experiments_logs/analysis_recent/when_what_policy_ablation_20261005_threshold_loop/00_raw/wastesorting/scene_02/value_when/run_16_seed_4052769592/exp_wastesorting_20261005_210546_370192.txt,b51dbe1d1bfd8ed033fb9541c483afe48fb0f6fc77148f1f25b901e42946ce4d,wastesorting,value_when,02
experiments_logs/analysis_recent/when_what_policy_ablation_20261005_threshold_loop/00_raw/wastesorting/scene_02/value_when/run_17_seed_1116766657/exp_wastesorting_20261005_210552_848968.txt,e61b1fa210431337be4a66c98b7555c2688027bc876cbb627465e95fcb52c4ae,wastesorting,value_when,02
experiments_logs/analysis_recent/when_what_policy_ablation_20261005_threshold_loop/00_raw/wastesorting/scene_02/value_when/run_18_seed_1960486937/exp_wastesorting_20261005_210558_514882.txt,97ef5a582f5324444f6247a1c1037e6cb7aeb9dbd7790672c6658b7b165dc522,wastesorting,value_when,02
experiments_logs/analysis_recent/when_what_policy_ablation_20261005_threshold_loop/00_raw/wastesorting/scene_02/value_when/run_19_seed_1185595584/exp_wastesorting_20261005_210603_672384.txt,ff39199d4038ce336dd0d9f051265a4b5e3c4bb14fbf5d93b9ece565b324bf5a,wastesorting,value_when,02
experiments_logs/analysis_recent/when_what_policy_ablation_20261005_threshold_loop/00_raw/wastesorting/scene_02/value_when/run_20_seed_2175442287/exp_wastesorting_20261005_210607_456486.txt,c6ddac86d44f64e5db03845c3c49942240bf53d88052a1a2d99cdd829dd86c7c,wastesorting,value_when,02
experiments_logs/analysis_recent/when_what_policy_ablation_20261005_threshold_loop/00_raw/wastesorting/scene_02/value_when/run_21_seed_1478189300/exp_wastesorting_20261005_210613_310927.txt,047d3d2ea391777865b71d37285d9df03d30e7a926ba4743cfaab5a40e0c3297,wastesorting,value_when,02
experiments_logs/analysis_recent/when_what_policy_ablation_20261005_threshold_loop/00_raw/wastesorting/scene_02/value_when/run_22_seed_2497538083/exp_wastesorting_20261005_210618_176083.txt,f58eb2baf4e7842ba2509975aa2156aa295a7718d28a3d8cb686c1966ff3dd50,wastesorting,value_when,02
experiments_logs/analysis_recent/when_what_policy_ablation_20261005_threshold_loop/00_raw/wastesorting/scene_02/value_when/run_23_seed_92232459/exp_wastesorting_20261005_210623_020620.txt,036523972b85ec6c0257f9a85302297fd5661efb230ff79a876a05e0b5df1747,wastesorting,value_when,02
experiments_logs/analysis_recent/when_what_policy_ablation_20261005_threshold_loop/00_raw/wastesorting/scene_02/value_when/run_24_seed_3750062435/exp_wastesorting_20261005_210627_917388.txt,5b0df01caa61ce02e56e838bbbd4cd7682390195b7e9dff0aa0d5377e2059d5c,wastesorting,value_when,02
experiments_logs/analysis_recent/when_what_policy_ablation_20261005_threshold_loop/00_raw/wastesorting/scene_02/value_when/run_25_seed_3666558197/exp_wastesorting_20261005_210634_313064.txt,4524f0cb74ce76ee95f7819555d8000e205538cc18c5e9f8293c345c667b3d11,wastesorting,value_when,02
experiments_logs/analysis_recent/when_what_policy_ablation_20261005_threshold_loop/00_raw/wastesorting/scene_02/value_when/run_26_seed_4053942929/exp_wastesorting_20261005_210639_839393.txt,4c5ed3492dda503d9492f9bac2b1bb3e9229ba8ab7dadf2029fcfa1b53c89e93,wastesorting,value_when,02
experiments_logs/analysis_recent/when_what_policy_ablation_20261005_threshold_loop/00_raw/wastesorting/scene_02/value_when/run_27_seed_1014673370/exp_wastesorting_20261005_210645_433337.txt,773885891a913b577807d77452927fded103fb06fb95ae618a43e456fff15eb2,wastesorting,value_when,02
experiments_logs/analysis_recent/when_what_policy_ablation_20261005_threshold_loop/00_raw/wastesorting/scene_02/value_when/run_28_seed_3041513348/exp_wastesorting_20261005_210650_278447.txt,96cff5a852213f645c66b52592672df6fa6ebb2d25a54acfabf9917fe2caa111,wastesorting,value_when,02
experiments_logs/analysis_recent/when_what_policy_ablation_20261005_threshold_loop/00_raw/wastesorting/scene_02/value_when/run_29_seed_3100998094/exp_wastesorting_20261005_210655_529949.txt,5b9861940950c18e0c91d2c6bd091eb1792f29e38039b292b291354eb3e102ba,wastesorting,value_when,02
experiments_logs/analysis_recent/when_what_policy_ablation_20261005_threshold_loop/00_raw/wastesorting/scene_02/value_when/run_30_seed_2006819571/exp_wastesorting_20261005_210700_763213.txt,e49d52d9a8b70519585f671b6b0db9fdd6f05d3a0141093820ba66c881b74e63,wastesorting,value_when,02
experiments_logs/analysis_recent/when_what_policy_ablation_20261005_threshold_loop/00_raw/wastesorting/scene_02/value_when/run_31_seed_604661570/exp_wastesorting_20261005_210707_330696.txt,493477897511bb81943b74e4b9c824478bb681d84b988cf507ef7e4edcb743f2,wastesorting,value_when,02
experiments_logs/analysis_recent/when_what_policy_ablation_20261005_threshold_loop/00_raw/wastesorting/scene_02/value_when/run_32_seed_1859675682/exp_wastesorting_20261005_210712_927059.txt,a0c38ff69e05f1886b1430f0300eff3e7477b84cf208fd4d7948f24591e07d0c,wastesorting,value_when,02
experiments_logs/analysis_recent/when_what_policy_ablation_20261005_threshold_loop/00_raw/wastesorting/scene_02/value_when/run_33_seed_2681088983/exp_wastesorting_20261005_210717_897828.txt,18ca66b781a7f54032f0b7b2a65035473b24d44406a2c43b6f408c68c1781aa8,wastesorting,value_when,02
experiments_logs/analysis_recent/when_what_policy_ablation_20261005_threshold_loop/00_raw/wastesorting/scene_02/value_when/run_34_seed_2903446598/exp_wastesorting_20261005_210723_710649.txt,1aed7e6f34bdd4393e99935f17f97b7494c8d9a6e1881698080c2660517f0f09,wastesorting,value_when,02
experiments_logs/analysis_recent/when_what_policy_ablation_20261005_threshold_loop/00_raw/wastesorting/scene_02/value_when/run_35_seed_4138266715/exp_wastesorting_20261005_210730_167661.txt,499373cec06f2640ba48c00eb36333bf892384fd74b2c4dd0543183cfefd19a3,wastesorting,value_when,02
experiments_logs/analysis_recent/when_what_policy_ablation_20261005_threshold_loop/00_raw/wastesorting/scene_02/value_when/run_36_seed_3361930932/exp_wastesorting_20261005_210735_886587.txt,1fdc89dd896fcf99df9f3f7efba65c92beb616d25bb6279c14ee0160bcdeac26,wastesorting,value_when,02
experiments_logs/analysis_recent/when_what_policy_ablation_20261005_threshold_loop/00_raw/wastesorting/scene_02/value_when/run_37_seed_2679542969/exp_wastesorting_20261005_210740_773785.txt,2b06f3bb4fa95be655cc6faeaa914d1b8e501e114a270958cd1911ad3f2634fc,wastesorting,value_when,02
experiments_logs/analysis_recent/when_what_policy_ablation_20261005_threshold_loop/00_raw/wastesorting/scene_02/value_when/run_38_seed_1191125615/exp_wastesorting_20261005_210746_560903.txt,c0efdc6fdd323544fb45c7e8b7ebad4e553b7943fe8aab43cb21cb5d84fee650,wastesorting,value_when,02
experiments_logs/analysis_recent/when_what_policy_ablation_20261005_threshold_loop/00_raw/wastesorting/scene_02/value_when/run_39_seed_2226175700/exp_wastesorting_20261005_210751_337817.txt,cbdb255799514128ec48dac3baf79427be20434f97a1ebf2e98eb1b9807df8a3,wastesorting,value_when,02
experiments_logs/analysis_recent/when_what_policy_ablation_20261005_threshold_loop/00_raw/wastesorting/scene_02/value_when/run_40_seed_3749131969/exp_wastesorting_20261005_210756_195642.txt,fc321f0cae285e299f02971a1c40864acf20e4da449ca20e45f6b0f8c1e4a337,wastesorting,value_when,02
experiments_logs/analysis_recent/when_what_policy_ablation_20261005_threshold_loop/00_raw/wastesorting/scene_03/value_when/run_01_seed_935228514/exp_wastesorting_20261005_210801_548749.txt,5609b93df157371a8d87e92d87a65ddeb852dc9c63766d8b585dd3772a612474,wastesorting,value_when,03
experiments_logs/analysis_recent/when_what_policy_ablation_20261005_threshold_loop/00_raw/wastesorting/scene_03/value_when/run_02_seed_1971182115/exp_wastesorting_20261005_210806_721379.txt,d3a62db816b143baaa5c5603a1d3b1cfc29a16f1b2c04137af28b4e552384ed3,wastesorting,value_when,03
experiments_logs/analysis_recent/when_what_policy_ablation_20261005_threshold_loop/00_raw/wastesorting/scene_03/value_when/run_03_seed_2394637227/exp_wastesorting_20261005_210812_026407.txt,adc29270d71de31ebefae5088efbf379acecc9499b42a2f04b0185dc90658f40,wastesorting,value_when,03
experiments_logs/analysis_recent/when_what_policy_ablation_20261005_threshold_loop/00_raw/wastesorting/scene_03/value_when/run_04_seed_3544407771/exp_wastesorting_20261005_210817_004914.txt,00e5ef004ca8d19dc388c3f620e1038badc7fbaafd48fcc2621d2fccfd08d87b,wastesorting,value_when,03
experiments_logs/analysis_recent/when_what_policy_ablation_20261005_threshold_loop/00_raw/wastesorting/scene_03/value_when/run_05_seed_151419445/exp_wastesorting_20261005_210822_579341.txt,98aed39a769ffacd80e791b33d5f73bc14441348762f5a1eb00612fc29bfadbb,wastesorting,value_when,03
experiments_logs/analysis_recent/when_what_policy_ablation_20261005_threshold_loop/00_raw/wastesorting/scene_03/value_when/run_06_seed_878097152/exp_wastesorting_20261005_210827_760023.txt,96ce8f9a6838aefc39563c0c67f26f04f05e452b8713323cecd0843f6a40a229,wastesorting,value_when,03
experiments_logs/analysis_recent/when_what_policy_ablation_20261005_threshold_loop/00_raw/wastesorting/scene_03/value_when/run_07_seed_2160290877/exp_wastesorting_20261005_210833_707833.txt,6f482a28d2ad5b91ee8f54f22e054d61eaf093bbd3b8ceaa4010a477739d072a,wastesorting,value_when,03
experiments_logs/analysis_recent/when_what_policy_ablation_20261005_threshold_loop/00_raw/wastesorting/scene_03/value_when/run_08_seed_1263200062/exp_wastesorting_20261005_210840_480344.txt,15b0cca51da116d7e017f4b31ac369b234fa279e6b4897f65d97cd78ed346f2d,wastesorting,value_when,03
experiments_logs/analysis_recent/when_what_policy_ablation_20261005_threshold_loop/00_raw/wastesorting/scene_03/value_when/run_09_seed_2442584840/exp_wastesorting_20261005_210845_913966.txt,008a6fe2b1f35f12aed39a8bdae2ef4b5827ab27b719f4adfdf21858a9671b10,wastesorting,value_when,03
experiments_logs/analysis_recent/when_what_policy_ablation_20261005_threshold_loop/00_raw/wastesorting/scene_03/value_when/run_10_seed_995062266/exp_wastesorting_20261005_210851_475923.txt,e05abaf17ee3373a13ed6077beac2ea37f78379cdcb9d803bc7af1667f594569,wastesorting,value_when,03
experiments_logs/analysis_recent/when_what_policy_ablation_20261005_threshold_loop/00_raw/wastesorting/scene_03/value_when/run_11_seed_1757091912/exp_wastesorting_20261005_210857_116535.txt,29883e7ead397b2bae5b9c6b2a8c81f4110c44019e2684094cc58f87a5058013,wastesorting,value_when,03
experiments_logs/analysis_recent/when_what_policy_ablation_20261005_threshold_loop/00_raw/wastesorting/scene_03/value_when/run_12_seed_703706258/exp_wastesorting_20261005_210903_057272.txt,c2d783dafc7d62c4706eb42c6ccbe7ebb59078f8063f2abb767ff1d43611ba25,wastesorting,value_when,03
experiments_logs/analysis_recent/when_what_policy_ablation_20261005_threshold_loop/00_raw/wastesorting/scene_03/value_when/run_13_seed_3734705447/exp_wastesorting_20261005_210908_936671.txt,3aa1a5ddc509e912c306e37266a9c9fd6fd56913b1afb173e000f014deb120d4,wastesorting,value_when,03
experiments_logs/analysis_recent/when_what_policy_ablation_20261005_threshold_loop/00_raw/wastesorting/scene_03/value_when/run_14_seed_808931924/exp_wastesorting_20261005_210914_581121.txt,af54af112b27078db4db69afa36aca7dac934cae14a6c8173fcdb47501ece7fd,wastesorting,value_when,03
experiments_logs/analysis_recent/when_what_policy_ablation_20261005_threshold_loop/00_raw/wastesorting/scene_03/value_when/run_15_seed_1010706734/exp_wastesorting_20261005_210920_318068.txt,14b8f00638c148008e06d9ea2aa5f1a574872f579971cbf4d9b9221faa618e33,wastesorting,value_when,03
experiments_logs/analysis_recent/when_what_policy_ablation_20261005_threshold_loop/00_raw/wastesorting/scene_03/value_when/run_16_seed_1790509877/exp_wastesorting_20261005_210925_682455.txt,2184e7e0851e7aa26245c20881223e75cfa930f5816a510c79acb268b7109e78,wastesorting,value_when,03
experiments_logs/analysis_recent/when_what_policy_ablation_20261005_threshold_loop/00_raw/wastesorting/scene_03/value_when/run_17_seed_1862543915/exp_wastesorting_20261005_210930_921401.txt,652609617eea80be9ea19c2bd33261244b2a7d62c17cb2eaec0cfe275b41db39,wastesorting,value_when,03
experiments_logs/analysis_recent/when_what_policy_ablation_20261005_threshold_loop/00_raw/wastesorting/scene_03/value_when/run_18_seed_2836132436/exp_wastesorting_20261005_210936_300681.txt,04b4e7875790768763c4160d3f18c6e9e59fe8c1efcb4be3524afbd00570688d,wastesorting,value_when,03
experiments_logs/analysis_recent/when_what_policy_ablation_20261005_threshold_loop/00_raw/wastesorting/scene_03/value_when/run_19_seed_4248209127/exp_wastesorting_20261005_210941_516608.txt,07225eb3cef1efb7ad668915949f1f537b63e9b73f01dcc87b7148ccac88ff42,wastesorting,value_when,03
experiments_logs/analysis_recent/when_what_policy_ablation_20261005_threshold_loop/00_raw/wastesorting/scene_03/value_when/run_20_seed_1312241461/exp_wastesorting_20261005_210947_284300.txt,6ea85cbfbe43a83b99c5cbf00684db8ef52bc9b0d9f387129ba4d844383bcd45,wastesorting,value_when,03
experiments_logs/analysis_recent/when_what_policy_ablation_20261005_threshold_loop/00_raw/wastesorting/scene_03/value_when/run_21_seed_1849750684/exp_wastesorting_20261005_210952_805126.txt,17ba4b37c4e3fb9915e9877a49018fb8330cac9f129c4c1cb63725ab4eba8b7c,wastesorting,value_when,03
experiments_logs/analysis_recent/when_what_policy_ablation_20261005_threshold_loop/00_raw/wastesorting/scene_03/value_when/run_22_seed_3532582087/exp_wastesorting_20261005_210957_701322.txt,f365d7f0407e3e6c1f0a2342bf077a16aa1e2f12e185d3ec8ffee1e6a2c64f58,wastesorting,value_when,03
experiments_logs/analysis_recent/when_what_policy_ablation_20261005_threshold_loop/00_raw/wastesorting/scene_03/value_when/run_23_seed_1682900593/exp_wastesorting_20261005_211003_257547.txt,fd7738a25b93598b56225106c3d85d38b968741665be0ca8f36d396875f4f61a,wastesorting,value_when,03
experiments_logs/analysis_recent/when_what_policy_ablation_20261005_threshold_loop/00_raw/wastesorting/scene_03/value_when/run_24_seed_2815362486/exp_wastesorting_20261005_211009_679119.txt,a546974b5faf4713bc01082c06958ce25fdfe6ed13a3bb5eb553eafffb874077,wastesorting,value_when,03
experiments_logs/analysis_recent/when_what_policy_ablation_20261005_threshold_loop/00_raw/wastesorting/scene_03/value_when/run_25_seed_408728855/exp_wastesorting_20261005_211014_623578.txt,8279f694942603c23d9e4513fc8f1f07abb9ef1e0706b766a91319e5e0a56cdc,wastesorting,value_when,03
experiments_logs/analysis_recent/when_what_policy_ablation_20261005_threshold_loop/00_raw/wastesorting/scene_03/value_when/run_26_seed_2192330955/exp_wastesorting_20261005_211020_762279.txt,87e2eb7fa1781801efcf2bbe74830c282df660927775a2341018e629afb0364d,wastesorting,value_when,03
experiments_logs/analysis_recent/when_what_policy_ablation_20261005_threshold_loop/00_raw/wastesorting/scene_03/value_when/run_27_seed_2090573975/exp_wastesorting_20261005_211026_280153.txt,a26a47c84773a95b9077754311accca642a093648dcd886256567565ce9518cb,wastesorting,value_when,03
experiments_logs/analysis_recent/when_what_policy_ablation_20261005_threshold_loop/00_raw/wastesorting/scene_03/value_when/run_28_seed_1932548607/exp_wastesorting_20261005_211031_577471.txt,6f16f4f50fc97eb10b0298a64954d5c3a36cf4acd8c814f5b5dadab27761367d,wastesorting,value_when,03
experiments_logs/analysis_recent/when_what_policy_ablation_20261005_threshold_loop/00_raw/wastesorting/scene_03/value_when/run_29_seed_1123572063/exp_wastesorting_20261005_211036_719225.txt,739e3a34b48501c5c36e6194b54f36f4002e1b89683a93e24e0d842689dd32bd,wastesorting,value_when,03
experiments_logs/analysis_recent/when_what_policy_ablation_20261005_threshold_loop/00_raw/wastesorting/scene_03/value_when/run_30_seed_4128056421/exp_wastesorting_20261005_211042_538860.txt,481d42a2a6b04e8f81f53aa464a348ece46ba49ffd2e4e44dc59c445f53d96d7,wastesorting,value_when,03
experiments_logs/analysis_recent/when_what_policy_ablation_20261005_threshold_loop/00_raw/wastesorting/scene_03/value_when/run_31_seed_428908864/exp_wastesorting_20261005_211048_031128.txt,0c5a1aac04be7aa6181679369dbb078ef16fa43bf3a4f2f1650e04c3e6a5b3e1,wastesorting,value_when,03
experiments_logs/analysis_recent/when_what_policy_ablation_20261005_threshold_loop/00_raw/wastesorting/scene_03/value_when/run_32_seed_3643526193/exp_wastesorting_20261005_211053_521188.txt,364cfc2137da98f2c2c6555605782a11dd93e85e01c25a0dd380dd02f16dc0d5,wastesorting,value_when,03
experiments_logs/analysis_recent/when_what_policy_ablation_20261005_threshold_loop/00_raw/wastesorting/scene_03/value_when/run_33_seed_3925417317/exp_wastesorting_20261005_211058_561631.txt,2dab6ecc26629513626e7fbac074e5c00b14507c36ba5b2ddc0ecf54dac51a0f,wastesorting,value_when,03
experiments_logs/analysis_recent/when_what_policy_ablation_20261005_threshold_loop/00_raw/wastesorting/scene_03/value_when/run_34_seed_3952233946/exp_wastesorting_20261005_211103_553425.txt,8126d453ba4a9f60cef381b274d3785d3bd9953885f893fddf23ed63c557b805,wastesorting,value_when,03
experiments_logs/analysis_recent/when_what_policy_ablation_20261005_threshold_loop/00_raw/wastesorting/scene_03/value_when/run_35_seed_3772505736/exp_wastesorting_20261005_211108_667423.txt,883ed1eab75b53e715bdaffb7740e6db739993fc315ab1aad0333ff45d2c2f64,wastesorting,value_when,03
experiments_logs/analysis_recent/when_what_policy_ablation_20261005_threshold_loop/00_raw/wastesorting/scene_03/value_when/run_36_seed_2200107462/exp_wastesorting_20261005_211113_407940.txt,df2dfa6538b725e8a6c038504220c5f479c84f46b1931bc33573f5b891ba5ae7,wastesorting,value_when,03
experiments_logs/analysis_recent/when_what_policy_ablation_20261005_threshold_loop/00_raw/wastesorting/scene_03/value_when/run_37_seed_1065524053/exp_wastesorting_20261005_211118_317930.txt,9179196ac59db02f4233dfa883b17f59e5680d6e9d88e050a2414debda5d7936,wastesorting,value_when,03
experiments_logs/analysis_recent/when_what_policy_ablation_20261005_threshold_loop/00_raw/wastesorting/scene_03/value_when/run_38_seed_1429072852/exp_wastesorting_20261005_211123_312378.txt,ff23f36747066a5146c279a413191aa076d354e4a7ee32585291a7045cfd5f99,wastesorting,value_when,03
experiments_logs/analysis_recent/when_what_policy_ablation_20261005_threshold_loop/00_raw/wastesorting/scene_03/value_when/run_39_seed_1198822842/exp_wastesorting_20261005_211129_159903.txt,799a66038ea98b43f498295a698d511457d3f8c85380c4d74749c2625c766e2f,wastesorting,value_when,03
experiments_logs/analysis_recent/when_what_policy_ablation_20261005_threshold_loop/00_raw/wastesorting/scene_03/value_when/run_40_seed_864565644/exp_wastesorting_20261005_211134_019489.txt,5fef2e144e7d65324f2fa76a071b5780eabd3ef4116bd7d977760352b4ec9fdc,wastesorting,value_when,03
experiments_logs/analysis_recent/when_what_policy_ablation_20261005_threshold_loop/00_raw/wastesorting/scene_04/value_when/run_01_seed_3291161639/exp_wastesorting_20261005_211139_746077.txt,0ce3a2ef3153aad68e4428c6183d16a885277b61ed8373b9275213fd7cee931f,wastesorting,value_when,04
experiments_logs/analysis_recent/when_what_policy_ablation_20261005_threshold_loop/00_raw/wastesorting/scene_04/value_when/run_02_seed_1838985415/exp_wastesorting_20261005_211145_364988.txt,ec4208857ce01d49d86cef3999f696370d5f2838f7329a19154b7c2030a0cb58,wastesorting,value_when,04
experiments_logs/analysis_recent/when_what_policy_ablation_20261005_threshold_loop/00_raw/wastesorting/scene_04/value_when/run_03_seed_1973069430/exp_wastesorting_20261005_211151_160058.txt,94a33a4c147621d8e011a19e7e03320c6edd0ff4a911775f3af6d6883dede531,wastesorting,value_when,04
experiments_logs/analysis_recent/when_what_policy_ablation_20261005_threshold_loop/00_raw/wastesorting/scene_04/value_when/run_04_seed_414427021/exp_wastesorting_20261005_211158_156765.txt,4aef90ce799caf319e2e1fe86f33efb6c6fe2f78d7ef8820038fb2264f93254c,wastesorting,value_when,04
experiments_logs/analysis_recent/when_what_policy_ablation_20261005_threshold_loop/00_raw/wastesorting/scene_04/value_when/run_05_seed_3201562577/exp_wastesorting_20261005_211203_682383.txt,219727fdd93e73ac77f686365bb16cfecf3a18d0718c98e82b678722bb290fa4,wastesorting,value_when,04
experiments_logs/analysis_recent/when_what_policy_ablation_20261005_threshold_loop/00_raw/wastesorting/scene_04/value_when/run_06_seed_2350780499/exp_wastesorting_20261005_211208_565855.txt,16a5a1849aa8e9a04629fa2afa99d49c8f89cb0968c094aa6f5f27f407b8ba3d,wastesorting,value_when,04
experiments_logs/analysis_recent/when_what_policy_ablation_20261005_threshold_loop/00_raw/wastesorting/scene_04/value_when/run_07_seed_2401657902/exp_wastesorting_20261005_211214_484287.txt,db27a77a15b034615b2bc90d8457a8a08cc6a47e475181428224e2cfce922520,wastesorting,value_when,04
experiments_logs/analysis_recent/when_what_policy_ablation_20261005_threshold_loop/00_raw/wastesorting/scene_04/value_when/run_08_seed_3182553066/exp_wastesorting_20261005_211219_393861.txt,6c842e7e7a371e33dd5fa14369f45c579871d8ac6fe5931ba2fbd0bcd390e1d1,wastesorting,value_when,04
experiments_logs/analysis_recent/when_what_policy_ablation_20261005_threshold_loop/00_raw/wastesorting/scene_04/value_when/run_09_seed_1147895942/exp_wastesorting_20261005_211224_967610.txt,be4304d7e5405c4f7a2c9c50f9370d028eeca4a7bc8faf20df8784e5dfd3c434,wastesorting,value_when,04
experiments_logs/analysis_recent/when_what_policy_ablation_20261005_threshold_loop/00_raw/wastesorting/scene_04/value_when/run_10_seed_472386282/exp_wastesorting_20261005_211231_224562.txt,7d5ebaa72e4a1c9f1dd16602f85655465465b09baf2c906b6969b20965c12ac0,wastesorting,value_when,04
experiments_logs/analysis_recent/when_what_policy_ablation_20261005_threshold_loop/00_raw/wastesorting/scene_04/value_when/run_11_seed_558605806/exp_wastesorting_20261005_211236_805597.txt,b7b7965334ccfb28afba5df6f3cedcccd9433cbe5316d6afc3e35034a050ce08,wastesorting,value_when,04
experiments_logs/analysis_recent/when_what_policy_ablation_20261005_threshold_loop/00_raw/wastesorting/scene_04/value_when/run_12_seed_3110233099/exp_wastesorting_20261005_211243_211993.txt,36f374a95935cbcc596e680308d3b04436fbd140ab6af3b1195296867d4daa8c,wastesorting,value_when,04
experiments_logs/analysis_recent/when_what_policy_ablation_20261005_threshold_loop/00_raw/wastesorting/scene_04/value_when/run_13_seed_1105776053/exp_wastesorting_20261005_211248_660735.txt,c9112f236613320f058958318f6d7e92bdf3d6f9867fd29b94847913943e0cdd,wastesorting,value_when,04
experiments_logs/analysis_recent/when_what_policy_ablation_20261005_threshold_loop/00_raw/wastesorting/scene_04/value_when/run_14_seed_3718837247/exp_wastesorting_20261005_211254_150957.txt,58297cff3e3c20e9adba4bae3ddc23e9369fb0322f50a6afc070596219e75f88,wastesorting,value_when,04
experiments_logs/analysis_recent/when_what_policy_ablation_20261005_threshold_loop/00_raw/wastesorting/scene_04/value_when/run_15_seed_4193229496/exp_wastesorting_20261005_211259_847110.txt,a366c1776cb6bd30c2acafffada9aaee7115dac742ed07f1c24281651da44464,wastesorting,value_when,04
experiments_logs/analysis_recent/when_what_policy_ablation_20261005_threshold_loop/00_raw/wastesorting/scene_04/value_when/run_16_seed_3369209442/exp_wastesorting_20261005_211305_219769.txt,346cc78216ad078b5a8c806a2b72edca62f31541e300cf1b86a4f7b4f43e5650,wastesorting,value_when,04
experiments_logs/analysis_recent/when_what_policy_ablation_20261005_threshold_loop/00_raw/wastesorting/scene_04/value_when/run_17_seed_3692021791/exp_wastesorting_20261005_211311_098744.txt,bf3eb8ebae328b390a1b3d04a1cde83ac6ff683570f2c8b1d03304ad84cef9ee,wastesorting,value_when,04
experiments_logs/analysis_recent/when_what_policy_ablation_20261005_threshold_loop/00_raw/wastesorting/scene_04/value_when/run_18_seed_1445352403/exp_wastesorting_20261005_211316_964535.txt,aeae4994ab90e1942b123e07154e00ceffc0434f1674cf9906261ba651babc5e,wastesorting,value_when,04
experiments_logs/analysis_recent/when_what_policy_ablation_20261005_threshold_loop/00_raw/wastesorting/scene_04/value_when/run_19_seed_2413410080/exp_wastesorting_20261005_211322_452834.txt,0b7f649718aac35fd8a0e90be9df06c4ca9057c344e4613e354f6776f76ddc64,wastesorting,value_when,04
experiments_logs/analysis_recent/when_what_policy_ablation_20261005_threshold_loop/00_raw/wastesorting/scene_04/value_when/run_20_seed_3310113005/exp_wastesorting_20261005_211328_273306.txt,cafa6ef80f9b9edbda4d11e531719332b219f61c1239f931aad4fdbb58f97b6f,wastesorting,value_when,04
experiments_logs/analysis_recent/when_what_policy_ablation_20261005_threshold_loop/00_raw/wastesorting/scene_04/value_when/run_21_seed_1619001990/exp_wastesorting_20261005_211333_870579.txt,04aaacffe0af3e3f4b4f9a05542ebfe022ea2bb5088b82ec05a848f93821ce87,wastesorting,value_when,04
experiments_logs/analysis_recent/when_what_policy_ablation_20261005_threshold_loop/00_raw/wastesorting/scene_04/value_when/run_22_seed_3414205865/exp_wastesorting_20261005_211339_198532.txt,47d4e6f92ed5659de7063bfe5cfbb31d112fe01a46af9b08e94c9331a27fc453,wastesorting,value_when,04
experiments_logs/analysis_recent/when_what_policy_ablation_20261005_threshold_loop/00_raw/wastesorting/scene_04/value_when/run_23_seed_3989924643/exp_wastesorting_20261005_211345_358895.txt,36990d4a8d939fab9f33853dddbccf33da7c31bac087d32121c2cdca3cb56651,wastesorting,value_when,04
experiments_logs/analysis_recent/when_what_policy_ablation_20261005_threshold_loop/00_raw/wastesorting/scene_04/value_when/run_24_seed_1493522614/exp_wastesorting_20261005_211350_627986.txt,c6bcfbf07bf2cc850efc45a3549d0c933b64cd34a43c3c12589d3de162e20009,wastesorting,value_when,04
experiments_logs/analysis_recent/when_what_policy_ablation_20261005_threshold_loop/00_raw/wastesorting/scene_04/value_when/run_25_seed_13571565/exp_wastesorting_20261005_211357_047477.txt,a611b5fc1dcdfac7fa7f667e25f392e271da1c3d79d20438097c177c4ba0dfe4,wastesorting,value_when,04
experiments_logs/analysis_recent/when_what_policy_ablation_20261005_threshold_loop/00_raw/wastesorting/scene_04/value_when/run_26_seed_2630099760/exp_wastesorting_20261005_211402_340154.txt,3a422161926281c535c077964d191d8ce456c7f96a4027a3299fc7d29009c7c9,wastesorting,value_when,04
experiments_logs/analysis_recent/when_what_policy_ablation_20261005_threshold_loop/00_raw/wastesorting/scene_04/value_when/run_27_seed_3787165175/exp_wastesorting_20261005_211407_079664.txt,d6773a4e8886e62116ff4b4d97e05b5a32d0ea01e570b657d876d5da221230eb,wastesorting,value_when,04
experiments_logs/analysis_recent/when_what_policy_ablation_20261005_threshold_loop/00_raw/wastesorting/scene_04/value_when/run_28_seed_1518896079/exp_wastesorting_20261005_211412_377801.txt,c9337988ab449cb557245b27d715283d6275179b8e133b4abeb860f1781d6844,wastesorting,value_when,04
experiments_logs/analysis_recent/when_what_policy_ablation_20261005_threshold_loop/00_raw/wastesorting/scene_04/value_when/run_29_seed_506359200/exp_wastesorting_20261005_211418_102598.txt,b2ca01881072e7fe3a473021886b7764696d2d525933b9ccf7c49cdb3f07a95e,wastesorting,value_when,04
experiments_logs/analysis_recent/when_what_policy_ablation_20261005_threshold_loop/00_raw/wastesorting/scene_04/value_when/run_30_seed_2303938088/exp_wastesorting_20261005_211424_159932.txt,bca8e5025327c669f165c6c7a856baaa272886b3730cd86abec5601333d6a2c3,wastesorting,value_when,04
experiments_logs/analysis_recent/when_what_policy_ablation_20261005_threshold_loop/00_raw/wastesorting/scene_04/value_when/run_31_seed_1783261924/exp_wastesorting_20261005_211430_047592.txt,b814b4d9f6384ac7ff9165a66b869ed1546f4096242f5c7dd33d3fd8a7e737f2,wastesorting,value_when,04
experiments_logs/analysis_recent/when_what_policy_ablation_20261005_threshold_loop/00_raw/wastesorting/scene_04/value_when/run_32_seed_3973487875/exp_wastesorting_20261005_211436_541720.txt,691388f81e9518d9f138e5021d69f12470e278d98a1b9f7172fde7ceabea1cd8,wastesorting,value_when,04
experiments_logs/analysis_recent/when_what_policy_ablation_20261005_threshold_loop/00_raw/wastesorting/scene_04/value_when/run_33_seed_3576324234/exp_wastesorting_20261005_211442_269614.txt,c719eca38f00e8e2f380aaf9fdf59625dc0ad62758c6bfb365d95d7349331a2b,wastesorting,value_when,04
experiments_logs/analysis_recent/when_what_policy_ablation_20261005_threshold_loop/00_raw/wastesorting/scene_04/value_when/run_34_seed_3966743771/exp_wastesorting_20261005_211448_251624.txt,77e2c919c8cf3bd17ff25916fe6f49fbf8f3fbef19f1202bb27e01f719e565d1,wastesorting,value_when,04
experiments_logs/analysis_recent/when_what_policy_ablation_20261005_threshold_loop/00_raw/wastesorting/scene_04/value_when/run_35_seed_3292785302/exp_wastesorting_20261005_211453_545136.txt,1ed3580260c8b8b9bb191a6d637843a8afb2531581563862ec3850af12276779,wastesorting,value_when,04
experiments_logs/analysis_recent/when_what_policy_ablation_20261005_threshold_loop/00_raw/wastesorting/scene_04/value_when/run_36_seed_2877610580/exp_wastesorting_20261005_211458_823948.txt,5c78bb8c96c797de96f5c84bf9dfa3a53d5883da406b8b33620834e36e4ea618,wastesorting,value_when,04
experiments_logs/analysis_recent/when_what_policy_ablation_20261005_threshold_loop/00_raw/wastesorting/scene_04/value_when/run_37_seed_1852316728/exp_wastesorting_20261005_211503_738370.txt,4f2ffb1e795f452c5ed468ee38486cfbaa8992ee29b06d2fc20d50033d804443,wastesorting,value_when,04
experiments_logs/analysis_recent/when_what_policy_ablation_20261005_threshold_loop/00_raw/wastesorting/scene_04/value_when/run_38_seed_132699259/exp_wastesorting_20261005_211509_650907.txt,dd0fb2ba6ce27004754e9166f2fa6fdb9dd4ac0930067e986ec96921c642a7eb,wastesorting,value_when,04
experiments_logs/analysis_recent/when_what_policy_ablation_20261005_threshold_loop/00_raw/wastesorting/scene_04/value_when/run_39_seed_1117810574/exp_wastesorting_20261005_211514_907882.txt,558c44cdcf4b9c3776ab91f40e2ab65e8a5b907591e0d3d63b4db4cc7da5ee35,wastesorting,value_when,04
experiments_logs/analysis_recent/when_what_policy_ablation_20261005_threshold_loop/00_raw/wastesorting/scene_04/value_when/run_40_seed_2967203946/exp_wastesorting_20261005_211520_505904.txt,e0f1e4e5c78ed2de38965b0d2a016b4847c520ad225e0e166d4b8dd91bd548dd,wastesorting,value_when,04
experiments_logs/analysis_recent/when_what_policy_ablation_20261005_threshold_loop/00_raw/wastesorting/scene_05/value_when/run_01_seed_630828154/exp_wastesorting_20261005_211526_439647.txt,cbce81880bbbf02bc9d18e23a7b01594372db34da3590e6ae18a8f2a79eeecf7,wastesorting,value_when,05
experiments_logs/analysis_recent/when_what_policy_ablation_20261005_threshold_loop/00_raw/wastesorting/scene_05/value_when/run_02_seed_435659992/exp_wastesorting_20261005_211532_011439.txt,bd7478afa20eb2ae89685f828d8d7772d2e2c635d1eebd9a52b0a45b7bd61289,wastesorting,value_when,05
experiments_logs/analysis_recent/when_what_policy_ablation_20261005_threshold_loop/00_raw/wastesorting/scene_05/value_when/run_03_seed_3537170530/exp_wastesorting_20261005_211538_312968.txt,c7eb97fc8941b900baed1433e64f680d34b649096e5f78f1c05f54f7a3d05a69,wastesorting,value_when,05
experiments_logs/analysis_recent/when_what_policy_ablation_20261005_threshold_loop/00_raw/wastesorting/scene_05/value_when/run_04_seed_1280378645/exp_wastesorting_20261005_211543_544172.txt,5a5c62098a0f70798c37a3674bd3845fd081058f07c75852112e9d1d0d7102e4,wastesorting,value_when,05
experiments_logs/analysis_recent/when_what_policy_ablation_20261005_threshold_loop/00_raw/wastesorting/scene_05/value_when/run_05_seed_3656925474/exp_wastesorting_20261005_211549_119623.txt,f1cc03fb092fbfa985463b7bca07fb1df0a740f6c43536be23d9b5669fdf490f,wastesorting,value_when,05
experiments_logs/analysis_recent/when_what_policy_ablation_20261005_threshold_loop/00_raw/wastesorting/scene_05/value_when/run_06_seed_1489971784/exp_wastesorting_20261005_211555_742350.txt,5c05e85617a3ff261f5b08d87cb5a92f4240e486928218b9199f032b064dc1b3,wastesorting,value_when,05
experiments_logs/analysis_recent/when_what_policy_ablation_20261005_threshold_loop/00_raw/wastesorting/scene_05/value_when/run_07_seed_3520141308/exp_wastesorting_20261005_211601_419242.txt,f48c73262c25801910f737bee8ee7303939cc68c6b5e7d210ebfd0a2a8c50c60,wastesorting,value_when,05
experiments_logs/analysis_recent/when_what_policy_ablation_20261005_threshold_loop/00_raw/wastesorting/scene_05/value_when/run_08_seed_411692590/exp_wastesorting_20261005_211607_172807.txt,33b10d48b4dc4f466510df7bae5b35add94d7d84d05dea3c869e0e40ba4c080e,wastesorting,value_when,05
experiments_logs/analysis_recent/when_what_policy_ablation_20261005_threshold_loop/00_raw/wastesorting/scene_05/value_when/run_09_seed_2624923704/exp_wastesorting_20261005_211612_111746.txt,a414c94aad72ad521a4979745bd73a344fed418014b139005a69d83f7380316f,wastesorting,value_when,05
experiments_logs/analysis_recent/when_what_policy_ablation_20261005_threshold_loop/00_raw/wastesorting/scene_05/value_when/run_10_seed_3130661448/exp_wastesorting_20261005_211617_759670.txt,7763c0154a00e5069b93710064f2e710337f71536b1b12b945655afef1af103b,wastesorting,value_when,05
experiments_logs/analysis_recent/when_what_policy_ablation_20261005_threshold_loop/00_raw/wastesorting/scene_05/value_when/run_11_seed_3622248746/exp_wastesorting_20261005_211623_035247.txt,69f8420d0ccf4be9eb8d1b1bddbeaae09d16d5f2e4cff0678213582763d00a9d,wastesorting,value_when,05
experiments_logs/analysis_recent/when_what_policy_ablation_20261005_threshold_loop/00_raw/wastesorting/scene_05/value_when/run_12_seed_600649243/exp_wastesorting_20261005_211629_650383.txt,3ca6279e51b4a83dc0cf961872c07527115ab81271352fa81169763281771a2a,wastesorting,value_when,05
experiments_logs/analysis_recent/when_what_policy_ablation_20261005_threshold_loop/00_raw/wastesorting/scene_05/value_when/run_13_seed_3690243405/exp_wastesorting_20261005_211635_151518.txt,6c58e80156c64052ddfaebd0c376f63433e92bb35a610ccbf02109f5295a0521,wastesorting,value_when,05
experiments_logs/analysis_recent/when_what_policy_ablation_20261005_threshold_loop/00_raw/wastesorting/scene_05/value_when/run_14_seed_2666206818/exp_wastesorting_20261005_211640_073007.txt,978036c676f571d1c496fb00383975626cc329e98e4378e8c397ab950e458d46,wastesorting,value_when,05
experiments_logs/analysis_recent/when_what_policy_ablation_20261005_threshold_loop/00_raw/wastesorting/scene_05/value_when/run_15_seed_2681637189/exp_wastesorting_20261005_211645_875574.txt,338cb140544eb9f35152c548857dbdb1de1785d2ccab01dd7e8b645f42e44b70,wastesorting,value_when,05
experiments_logs/analysis_recent/when_what_policy_ablation_20261005_threshold_loop/00_raw/wastesorting/scene_05/value_when/run_16_seed_3586644066/exp_wastesorting_20261005_211651_535653.txt,eda54d2e632983310d7e04a8791b7bf9e0fa2d6411e282645d161e6c81a1b692,wastesorting,value_when,05
experiments_logs/analysis_recent/when_what_policy_ablation_20261005_threshold_loop/00_raw/wastesorting/scene_05/value_when/run_17_seed_3677160998/exp_wastesorting_20261005_211656_799539.txt,f40044391192283a539bb7764cb54717488c762142565ec7e8ab5eed7588892d,wastesorting,value_when,05
experiments_logs/analysis_recent/when_what_policy_ablation_20261005_threshold_loop/00_raw/wastesorting/scene_05/value_when/run_18_seed_1159978775/exp_wastesorting_20261005_211701_869727.txt,080ea4ecaed5bec4d9d4170ac9be6ffee1d6cbad9e9a31e5eab5897de5c1b589,wastesorting,value_when,05
experiments_logs/analysis_recent/when_what_policy_ablation_20261005_threshold_loop/00_raw/wastesorting/scene_05/value_when/run_19_seed_4128091398/exp_wastesorting_20261005_211707_423778.txt,997644e6d60f83dfd3de9e84baacd66b7af10bbf944daaf082d5187dff877c9f,wastesorting,value_when,05
experiments_logs/analysis_recent/when_what_policy_ablation_20261005_threshold_loop/00_raw/wastesorting/scene_05/value_when/run_20_seed_3351623416/exp_wastesorting_20261005_211712_879521.txt,546c975b3b0abd3263515a4af3f7e5b8960e8b2d3d71743e2630a794dcd3de25,wastesorting,value_when,05
experiments_logs/analysis_recent/when_what_policy_ablation_20261005_threshold_loop/00_raw/wastesorting/scene_05/value_when/run_21_seed_3215763495/exp_wastesorting_20261005_211718_440562.txt,6a6a3a6c6c665870c86da2599ef79e39fec8044b4f9a9b7070d9f4178ee185af,wastesorting,value_when,05
experiments_logs/analysis_recent/when_what_policy_ablation_20261005_threshold_loop/00_raw/wastesorting/scene_05/value_when/run_22_seed_1045924611/exp_wastesorting_20261005_211724_414508.txt,769672ada664f880e1cc09612029b4fb161f2baff406ab53cdbb94c589879e43,wastesorting,value_when,05
experiments_logs/analysis_recent/when_what_policy_ablation_20261005_threshold_loop/00_raw/wastesorting/scene_05/value_when/run_23_seed_449704548/exp_wastesorting_20261005_211730_213065.txt,163f90ec2db724adcd1b0d865984c5550643befe13f7451992c37aa16792ad37,wastesorting,value_when,05
experiments_logs/analysis_recent/when_what_policy_ablation_20261005_threshold_loop/00_raw/wastesorting/scene_05/value_when/run_24_seed_1253677920/exp_wastesorting_20261005_211736_229447.txt,68912826298843dbad9c7319726c5b4e33451ac89815092da829e168780cf32a,wastesorting,value_when,05
experiments_logs/analysis_recent/when_what_policy_ablation_20261005_threshold_loop/00_raw/wastesorting/scene_05/value_when/run_25_seed_382724118/exp_wastesorting_20261005_211741_519200.txt,1c501b9923b2a86bc09e05b046bbb174ae62ddf2b6bf4a6e8ecec3556e52e7bb,wastesorting,value_when,05
experiments_logs/analysis_recent/when_what_policy_ablation_20261005_threshold_loop/00_raw/wastesorting/scene_05/value_when/run_26_seed_4085569034/exp_wastesorting_20261005_211746_705333.txt,f1af1cec7669292f15b2eeec136ad817420f3aa648378d47078081e6864b9d34,wastesorting,value_when,05
experiments_logs/analysis_recent/when_what_policy_ablation_20261005_threshold_loop/00_raw/wastesorting/scene_05/value_when/run_27_seed_1045529480/exp_wastesorting_20261005_211751_610832.txt,9788bb9079e831ecd9108a8b5542c2821d22cb2d5789c25379f80b1f11024a7d,wastesorting,value_when,05
experiments_logs/analysis_recent/when_what_policy_ablation_20261005_threshold_loop/00_raw/wastesorting/scene_05/value_when/run_28_seed_2875578355/exp_wastesorting_20261005_211757_612623.txt,171e04cdc375eece16c909d88e8ec82490a9df88d9c14c32b4e5d1f2d778a37d,wastesorting,value_when,05
experiments_logs/analysis_recent/when_what_policy_ablation_20261005_threshold_loop/00_raw/wastesorting/scene_05/value_when/run_29_seed_230996701/exp_wastesorting_20261005_211802_808442.txt,d3cffca1f70774a5a73070bd439eb4fd811e3603c27442ccbf5071785768849c,wastesorting,value_when,05
experiments_logs/analysis_recent/when_what_policy_ablation_20261005_threshold_loop/00_raw/wastesorting/scene_05/value_when/run_30_seed_4259545291/exp_wastesorting_20261005_211808_292072.txt,756c35375a65e8277ea4954e014f767c25e22eef592c761783fb1bb1a60b657d,wastesorting,value_when,05
experiments_logs/analysis_recent/when_what_policy_ablation_20261005_threshold_loop/00_raw/wastesorting/scene_05/value_when/run_31_seed_671361218/exp_wastesorting_20261005_211813_462444.txt,b7a651c319d55d5ffc75c7fbd88c85e921846efe791cb794a5496f19b1936991,wastesorting,value_when,05
experiments_logs/analysis_recent/when_what_policy_ablation_20261005_threshold_loop/00_raw/wastesorting/scene_05/value_when/run_32_seed_1668817081/exp_wastesorting_20261005_211818_863671.txt,c13e22cb43e19e4ec6af1e94993bc5032c3bcc433d0d5dba6475364abf4e3252,wastesorting,value_when,05
experiments_logs/analysis_recent/when_what_policy_ablation_20261005_threshold_loop/00_raw/wastesorting/scene_05/value_when/run_33_seed_3225313600/exp_wastesorting_20261005_211824_791902.txt,88fab9edabb863766f0aeed4340533a17e301d106081a7d62a45bc4335c298a5,wastesorting,value_when,05
experiments_logs/analysis_recent/when_what_policy_ablation_20261005_threshold_loop/00_raw/wastesorting/scene_05/value_when/run_34_seed_1380997039/exp_wastesorting_20261005_211829_814832.txt,41773e61cfc1843043344d688e8d183e06f1e030bef5dbce2e04bcf7d67cc8b9,wastesorting,value_when,05
experiments_logs/analysis_recent/when_what_policy_ablation_20261005_threshold_loop/00_raw/wastesorting/scene_05/value_when/run_35_seed_2300990510/exp_wastesorting_20261005_211836_560284.txt,13ecea00ed6e1514522f0de38b43c9adb1e283a55bc9f51f32672e7dac2f37e5,wastesorting,value_when,05
experiments_logs/analysis_recent/when_what_policy_ablation_20261005_threshold_loop/00_raw/wastesorting/scene_05/value_when/run_36_seed_2645731214/exp_wastesorting_20261005_211842_964622.txt,08a2d88a4f3ee16d46e9fcbb2520c20c063d6dd64b7c4d16654c79866822e1e4,wastesorting,value_when,05
experiments_logs/analysis_recent/when_what_policy_ablation_20261005_threshold_loop/00_raw/wastesorting/scene_05/value_when/run_37_seed_1980913558/exp_wastesorting_20261005_211847_879600.txt,b0ecbab4504d4c514b7ae6cf31853c33877a9aea7be79241ade3846f75e75921,wastesorting,value_when,05
experiments_logs/analysis_recent/when_what_policy_ablation_20261005_threshold_loop/00_raw/wastesorting/scene_05/value_when/run_38_seed_4060354637/exp_wastesorting_20261005_211853_332173.txt,a20ff1cfee566fc0c79a7d862394cfe2bc4f465e541b3a06dcbc85854c9f3f33,wastesorting,value_when,05
experiments_logs/analysis_recent/when_what_policy_ablation_20261005_threshold_loop/00_raw/wastesorting/scene_05/value_when/run_39_seed_3979866682/exp_wastesorting_20261005_211858_902126.txt,d00c3605fc1ec6cdf3176b40b60d735eed75870b67ea040a5acc0da924146bda,wastesorting,value_when,05
experiments_logs/analysis_recent/when_what_policy_ablation_20261005_threshold_loop/00_raw/wastesorting/scene_05/value_when/run_40_seed_2741241943/exp_wastesorting_20261005_211904_072525.txt,5c0635e46c870176b76f1697c4dd1022d1d17cbc9c77e11427ea2c21590bbcd4,wastesorting,value_when,05
