source,copy,domain,scene,method,run,bytes,sha256
collect_exp/logs/03_BRL_TOMATO/logs/master/20261001_202435_gui_knowno_scene1/brl_sensor.log,00_raw/tomato/scene_01/knowno/20261001_202435_gui_knowno_scene1/brl_sensor.log,tomato,1,knowno,20261001_202435_gui_knowno_scene1,10554,9360cba400a757f35d9029d14093bf7a666391ff76501c1c31c13021c3d7ef4d
collect_exp/logs/03_BRL_TOMATO/logs/master/20261001_202435_gui_knowno_scene1/brl_server.log,00_raw/tomato/scene_01/knowno/20261001_202435_gui_knowno_scene1/brl_server.log,tomato,1,knowno,20261001_202435_gui_knowno_scene1,3458,14c138da8544fdee4050af8bd5428d7e0a79494db1764765164a67e1dd5e5207
collect_exp/logs/03_BRL_TOMATO/logs/master/20261001_202435_gui_knowno_scene1/environment_setup.log,00_raw/tomato/scene_01/knowno/20261001_202435_gui_knowno_scene1/environment_setup.log,tomato,1,knowno,20261001_202435_gui_knowno_scene1,1675,dfb41b1e9eca229d68fbab23ef6a1682ec40dd4b6b2525b60c58d1fc7e9fce16
collect_exp/logs/03_BRL_TOMATO/logs/master/20261001_202435_gui_knowno_scene1/feedback_manager.log,00_raw/tomato/scene_01/knowno/20261001_202435_gui_knowno_scene1/feedback_manager.log,tomato,1,knowno,20261001_202435_gui_knowno_scene1,3677,cd99994e4f170c3d2dcf5b2def5cc0d707bcc13719322143334ddaf402009eb0
collect_exp/logs/03_BRL_TOMATO/logs/master/20261001_202435_gui_knowno_scene1/frontend.log,00_raw/tomato/scene_01/knowno/20261001_202435_gui_knowno_scene1/frontend.log,tomato,1,knowno,20261001_202435_gui_knowno_scene1,1988,1c1cc1c9f5f2404fc365247323d32f0c7e0c8097a2394481b5a310a601dad5b7
collect_exp/logs/03_BRL_TOMATO/logs/master/20261001_202435_gui_knowno_scene1/knowledge_graph.log,00_raw/tomato/scene_01/knowno/20261001_202435_gui_knowno_scene1/knowledge_graph.log,tomato,1,knowno,20261001_202435_gui_knowno_scene1,8100,cafbf173a38d77a2ddff57cae0fc454ed2b8faa1d1e3773653ae9893955293ce
collect_exp/logs/03_BRL_TOMATO/logs/master/20261001_202435_gui_knowno_scene1/planner.log,00_raw/tomato/scene_01/knowno/20261001_202435_gui_knowno_scene1/planner.log,tomato,1,knowno,20261001_202435_gui_knowno_scene1,6306,7dc69d9dd9a7cce9dc93442bce7541254109ef6f94244dba66afb6e9896454e2
collect_exp/logs/03_BRL_TOMATO/logs/master/20261001_202435_gui_knowno_scene1/planner_experiments/exp_tomato_20261001_202607_627561.txt,00_raw/tomato/scene_01/knowno/20261001_202435_gui_knowno_scene1/planner_experiments/exp_tomato_20261001_202607_627561.txt,tomato,1,knowno,20261001_202435_gui_knowno_scene1,2705,2666e4b36a2ad27dcfb1ad681f3ae5008e0de273fd8bbb06bf7208a7edf1d35d
collect_exp/logs/03_BRL_TOMATO/logs/master/20261001_202435_gui_knowno_scene1/recordings/knowno_scene1_20261001_202503_453322/recording.json,00_raw/tomato/scene_01/knowno/20261001_202435_gui_knowno_scene1/recordings/knowno_scene1_20261001_202503_453322/recording.json,tomato,1,knowno,20261001_202435_gui_knowno_scene1,676,4ba0333603dfc50130423b2cc3aa2e1822412ba793e9453f5895512044608c5d
collect_exp/logs/03_BRL_TOMATO/logs/master/20261001_202632_gui/brl_sensor.log,00_raw/tomato/scene_01/knowno/20261001_202632_gui/brl_sensor.log,tomato,1,knowno,20261001_202632_gui,26369,7f0c187173b82c56ba7f764c2cb76f063e3fd3b158699f61d8db060b2c5418a2
collect_exp/logs/03_BRL_TOMATO/logs/master/20261001_202632_gui/brl_server.log,00_raw/tomato/scene_01/knowno/20261001_202632_gui/brl_server.log,tomato,1,knowno,20261001_202632_gui,4364,a2f421a17e06491623d0673520ba68768fd576daa1a952d992853a75dff4a21f
collect_exp/logs/03_BRL_TOMATO/logs/master/20261001_202632_gui/environment_setup.log,00_raw/tomato/scene_01/knowno/20261001_202632_gui/environment_setup.log,tomato,1,knowno,20261001_202632_gui,1675,550d9c9d57c969e5bc1ed9dfcc2874e04e1d382fe7fb64565e7c9b49dcbc6179
collect_exp/logs/03_BRL_TOMATO/logs/master/20261001_202632_gui/feedback_manager.log,00_raw/tomato/scene_01/knowno/20261001_202632_gui/feedback_manager.log,tomato,1,knowno,20261001_202632_gui,21869,5c9c509fbbe094edbc5fe38d79607e85c77cf7ff89803062a93048acd06fa386
collect_exp/logs/03_BRL_TOMATO/logs/master/20261001_202632_gui/frontend.log,00_raw/tomato/scene_01/knowno/20261001_202632_gui/frontend.log,tomato,1,knowno,20261001_202632_gui,1988,5cd387d77a101d48bd12ca6527ba1ee38d68acdd8675af9508c3139437db004a
collect_exp/logs/03_BRL_TOMATO/logs/master/20261001_202632_gui/knowledge_graph.log,00_raw/tomato/scene_01/knowno/20261001_202632_gui/knowledge_graph.log,tomato,1,knowno,20261001_202632_gui,18103,8f16e539208f202b90bb67dd0986ff155218acb7627c33d4e417ffbadb804cbe
collect_exp/logs/03_BRL_TOMATO/logs/master/20261001_202632_gui/planner.log,00_raw/tomato/scene_01/knowno/20261001_202632_gui/planner.log,tomato,1,knowno,20261001_202632_gui,16163,50281212d6daa0e67d12968c04a33ba7d986ccad0819e0dc01f5ed0b1d04d218
collect_exp/logs/03_BRL_TOMATO/logs/master/20261001_202632_gui/planner_experiments/exp_tomato_20261001_203047_127166.txt,00_raw/tomato/scene_01/knowno/20261001_202632_gui/planner_experiments/exp_tomato_20261001_203047_127166.txt,tomato,1,knowno,20261001_202632_gui,6799,697d8c11eaeb5c5834e9cc8ee0717de22a183cfb2f8d4025c265ce26d527ff4e
collect_exp/logs/03_BRL_TOMATO/logs/master/20261001_202632_gui/recordings/knowno_scene1_20261001_202709_754071/recording.json,00_raw/tomato/scene_01/knowno/20261001_202632_gui/recordings/knowno_scene1_20261001_202709_754071/recording.json,tomato,1,knowno,20261001_202632_gui,679,c9ac0be0e1afd9b2a9d19f060b9477b957e1c75c4cf50c265d15cd131442ed17
collect_exp/logs/03_BRL_TOMATO/logs/master/20261001_203125_gui/brl_sensor.log,00_raw/tomato/scene_01/knowno/20261001_203125_gui/brl_sensor.log,tomato,1,knowno,20261001_203125_gui,26186,cdd646cb90ff17206f5e7aa3a02a938932f7825ade71b7223a57963e6aa38ced
collect_exp/logs/03_BRL_TOMATO/logs/master/20261001_203125_gui/brl_server.log,00_raw/tomato/scene_01/knowno/20261001_203125_gui/brl_server.log,tomato,1,knowno,20261001_203125_gui,3992,ddbc76194a38b2667d5019963b2579884b9c3909fcf3906098fbdc37bc2ab514
collect_exp/logs/03_BRL_TOMATO/logs/master/20261001_203125_gui/environment_setup.log,00_raw/tomato/scene_01/knowno/20261001_203125_gui/environment_setup.log,tomato,1,knowno,20261001_203125_gui,1675,c6b4a70a14727609e6f1a6be346ff12c422f2507affde9198fea0fc575391c2d
collect_exp/logs/03_BRL_TOMATO/logs/master/20261001_203125_gui/feedback_manager.log,00_raw/tomato/scene_01/knowno/20261001_203125_gui/feedback_manager.log,tomato,1,knowno,20261001_203125_gui,25807,81d6fa8c726d4bb931e39ef89d6c23a9e37891771f660aed73c4d91c77e3ee1c
collect_exp/logs/03_BRL_TOMATO/logs/master/20261001_203125_gui/frontend.log,00_raw/tomato/scene_01/knowno/20261001_203125_gui/frontend.log,tomato,1,knowno,20261001_203125_gui,1987,1c5dfa18d037837e0ee8087ba6526c8e3be01605f66d74d40e029ee21b7bca9e
collect_exp/logs/03_BRL_TOMATO/logs/master/20261001_203125_gui/knowledge_graph.log,00_raw/tomato/scene_01/knowno/20261001_203125_gui/knowledge_graph.log,tomato,1,knowno,20261001_203125_gui,15955,706bc47110999b2f6d5b7e2479182cd7ec03465516c91ea29a181243fd37c2be
collect_exp/logs/03_BRL_TOMATO/logs/master/20261001_203125_gui/planner.log,00_raw/tomato/scene_01/knowno/20261001_203125_gui/planner.log,tomato,1,knowno,20261001_203125_gui,17123,998de9d32a7d326a1ddefba990bc3bd705796c85424bba641b0abf1490aa763d
collect_exp/logs/03_BRL_TOMATO/logs/master/20261001_203125_gui/planner_experiments/exp_tomato_20261001_203514_983504.txt,00_raw/tomato/scene_01/knowno/20261001_203125_gui/planner_experiments/exp_tomato_20261001_203514_983504.txt,tomato,1,knowno,20261001_203125_gui,7198,f031eaeb03f7c66a9f2eb51c4f81870d28b6b811efdd05d8d5443c6d03d18b5e
collect_exp/logs/03_BRL_TOMATO/logs/master/20261001_203125_gui/recordings/knowno_scene1_20261001_203146_370464/recording.json,00_raw/tomato/scene_01/knowno/20261001_203125_gui/recordings/knowno_scene1_20261001_203146_370464/recording.json,tomato,1,knowno,20261001_203125_gui,650,31eb7a77eaabcf5463262b69f714f9ffce47d71fe044594504c748eaaf9841fa
collect_exp/logs/03_BRL_TOMATO/logs/master/20261001_203545_gui/brl_sensor.log,00_raw/tomato/scene_01/knowno/20261001_203545_gui/brl_sensor.log,tomato,1,knowno,20261001_203545_gui,11656,0478368464b06a6519ccecc16198ae7724b5bb1d37ff858dd7bfa2bb85c8ca6b
collect_exp/logs/03_BRL_TOMATO/logs/master/20261001_203545_gui/brl_server.log,00_raw/tomato/scene_01/knowno/20261001_203545_gui/brl_server.log,tomato,1,knowno,20261001_203545_gui,3547,eff28bc8e7a1968fddbc5754c8e96ee8fdacb38e20159a33891532a58a548910
collect_exp/logs/03_BRL_TOMATO/logs/master/20261001_203545_gui/environment_setup.log,00_raw/tomato/scene_01/knowno/20261001_203545_gui/environment_setup.log,tomato,1,knowno,20261001_203545_gui,1675,57803b5a6039d2d623ac9d7652ce963610c5299c326ba8c2c2f53cb33810fe79
collect_exp/logs/03_BRL_TOMATO/logs/master/20261001_203545_gui/feedback_manager.log,00_raw/tomato/scene_01/knowno/20261001_203545_gui/feedback_manager.log,tomato,1,knowno,20261001_203545_gui,7399,0ba38e11b7a38cac581580977d86ebb3bb7bfbf4b9e86557a73306f03baa1445
collect_exp/logs/03_BRL_TOMATO/logs/master/20261001_203545_gui/frontend.log,00_raw/tomato/scene_01/knowno/20261001_203545_gui/frontend.log,tomato,1,knowno,20261001_203545_gui,1988,59620ceda1313cc080ab3f87abfc17bb598458c37e259a1072097e8706d27b77
collect_exp/logs/03_BRL_TOMATO/logs/master/20261001_203545_gui/knowledge_graph.log,00_raw/tomato/scene_01/knowno/20261001_203545_gui/knowledge_graph.log,tomato,1,knowno,20261001_203545_gui,8938,5b44d8c41f0a069283716a6187d767a45aaea043fd320ce46de68845f57da574
collect_exp/logs/03_BRL_TOMATO/logs/master/20261001_203545_gui/planner.log,00_raw/tomato/scene_01/knowno/20261001_203545_gui/planner.log,tomato,1,knowno,20261001_203545_gui,7572,66f028371169814d0c3d4fb13f1a3d59a22e06a95691bf48590978ab5b08bc23
collect_exp/logs/03_BRL_TOMATO/logs/master/20261001_203545_gui/planner_experiments/exp_tomato_20261001_203722_162209.txt,00_raw/tomato/scene_01/knowno/20261001_203545_gui/planner_experiments/exp_tomato_20261001_203722_162209.txt,tomato,1,knowno,20261001_203545_gui,3256,a36ab30d41a13ed6cccc9151bdaf44c7f923266a489075b2d899c828621116a9
collect_exp/logs/03_BRL_TOMATO/logs/master/20261001_203545_gui/recordings/knowno_scene1_20261001_203604_117945/recording.json,00_raw/tomato/scene_01/knowno/20261001_203545_gui/recordings/knowno_scene1_20261001_203604_117945/recording.json,tomato,1,knowno,20261001_203545_gui,665,964bac5af9a507591325ab82ed1e254e060c04dd1fbd0295a89ced3eae6a6caf
collect_exp/logs/03_BRL_TOMATO/logs/master/20261001_203742_gui/brl_sensor.log,00_raw/tomato/scene_01/knowno/20261001_203742_gui/brl_sensor.log,tomato,1,knowno,20261001_203742_gui,26211,84bc846fc78a4973f435a1b786160c0aa1451052b5c7aa4a9c217e3f3c4d32d8
collect_exp/logs/03_BRL_TOMATO/logs/master/20261001_203742_gui/brl_server.log,00_raw/tomato/scene_01/knowno/20261001_203742_gui/brl_server.log,tomato,1,knowno,20261001_203742_gui,3984,b24dab236580a63a93d4dd466f125f91bab8be420c21b9bf3fe302a925f45c8c
collect_exp/logs/03_BRL_TOMATO/logs/master/20261001_203742_gui/environment_setup.log,00_raw/tomato/scene_01/knowno/20261001_203742_gui/environment_setup.log,tomato,1,knowno,20261001_203742_gui,1675,b0ea5fc44b728bf9a0e0ff4428e2387eeca800ebcbd027db030b2f9f1799cde9
collect_exp/logs/03_BRL_TOMATO/logs/master/20261001_203742_gui/feedback_manager.log,00_raw/tomato/scene_01/knowno/20261001_203742_gui/feedback_manager.log,tomato,1,knowno,20261001_203742_gui,19168,1070825119a7addbf001f51f4f5cca0f4af04380b385bee0889a1a048b3171be
collect_exp/logs/03_BRL_TOMATO/logs/master/20261001_203742_gui/frontend.log,00_raw/tomato/scene_01/knowno/20261001_203742_gui/frontend.log,tomato,1,knowno,20261001_203742_gui,1988,c4fc3bcfd01800700e5b39367e8ef83a35e4953717c3aaac86f59dca3c458f19
collect_exp/logs/03_BRL_TOMATO/logs/master/20261001_203742_gui/knowledge_graph.log,00_raw/tomato/scene_01/knowno/20261001_203742_gui/knowledge_graph.log,tomato,1,knowno,20261001_203742_gui,15091,6c0849be4a3eb3d1971e26abb6863e512fb8fa2f42397c60271f028780ff9767
collect_exp/logs/03_BRL_TOMATO/logs/master/20261001_203742_gui/planner.log,00_raw/tomato/scene_01/knowno/20261001_203742_gui/planner.log,tomato,1,knowno,20261001_203742_gui,14877,133af409b2a818d6139cfdf1a5915a736c6315d0918ad2247c9fa9f0930f615f
collect_exp/logs/03_BRL_TOMATO/logs/master/20261001_203742_gui/planner_experiments/exp_tomato_20261001_204118_951054.txt,00_raw/tomato/scene_01/knowno/20261001_203742_gui/planner_experiments/exp_tomato_20261001_204118_951054.txt,tomato,1,knowno,20261001_203742_gui,6277,c8116912b5d73e5157a8b8b929caa7f778d6b7de58c96ecbd8a95c5b692a04c4
collect_exp/logs/03_BRL_TOMATO/logs/master/20261001_203742_gui/recordings/knowno_scene1_20261001_203800_996998/recording.json,00_raw/tomato/scene_01/knowno/20261001_203742_gui/recordings/knowno_scene1_20261001_203800_996998/recording.json,tomato,1,knowno,20261001_203742_gui,663,317dab01fe0fb26e3bff1332e4d32d91264394937cc0f1d74131a7e4ed69325c
collect_exp/logs/03_BRL_TOMATO/logs/master/20261001_204135_gui/brl_sensor.log,00_raw/tomato/scene_01/knowno/20261001_204135_gui/brl_sensor.log,tomato,1,knowno,20261001_204135_gui,28279,d41faf637908c5fb7de8bee6f848bae850230b8f25b582b7600de57cd20f307c
collect_exp/logs/03_BRL_TOMATO/logs/master/20261001_204135_gui/brl_server.log,00_raw/tomato/scene_01/knowno/20261001_204135_gui/brl_server.log,tomato,1,knowno,20261001_204135_gui,4105,7617fd2409a6d808068545436994f18b72987c485b9aa6d0b201d2d411cdabad
collect_exp/logs/03_BRL_TOMATO/logs/master/20261001_204135_gui/environment_setup.log,00_raw/tomato/scene_01/knowno/20261001_204135_gui/environment_setup.log,tomato,1,knowno,20261001_204135_gui,1675,33087189f085dfbd0e73ff10d591596956277587081c3c42d9f3fe7e96a8032b
collect_exp/logs/03_BRL_TOMATO/logs/master/20261001_204135_gui/feedback_manager.log,00_raw/tomato/scene_01/knowno/20261001_204135_gui/feedback_manager.log,tomato,1,knowno,20261001_204135_gui,22010,696c1a9ea29a376871f176b5bba799667f710f8824ab259405791fa6f60dd5a0
collect_exp/logs/03_BRL_TOMATO/logs/master/20261001_204135_gui/frontend.log,00_raw/tomato/scene_01/knowno/20261001_204135_gui/frontend.log,tomato,1,knowno,20261001_204135_gui,1987,80983b12bc4625e3700b4eaaeaafcbf52fb208687d29a40e79731b3e5a541358
collect_exp/logs/03_BRL_TOMATO/logs/master/20261001_204135_gui/knowledge_graph.log,00_raw/tomato/scene_01/knowno/20261001_204135_gui/knowledge_graph.log,tomato,1,knowno,20261001_204135_gui,15639,52c635653a9538def9fb775b8df76072d22df83f1a57aa4078e2462aa917a495
collect_exp/logs/03_BRL_TOMATO/logs/master/20261001_204135_gui/planner.log,00_raw/tomato/scene_01/knowno/20261001_204135_gui/planner.log,tomato,1,knowno,20261001_204135_gui,15057,37d0ff155df648d3d6d384b6c1f88a1fb78f45795937ba2d926ae7b52c0d05ec
collect_exp/logs/03_BRL_TOMATO/logs/master/20261001_204135_gui/planner_experiments/exp_tomato_20261001_204528_378041.txt,00_raw/tomato/scene_01/knowno/20261001_204135_gui/planner_experiments/exp_tomato_20261001_204528_378041.txt,tomato,1,knowno,20261001_204135_gui,6444,cbae36d83f782d3543044615e6117a3f91bcabfac3122e90566bfb2ee99b0309
collect_exp/logs/03_BRL_TOMATO/logs/master/20261001_204135_gui/recordings/knowno_scene1_20261001_204156_218278/recording.json,00_raw/tomato/scene_01/knowno/20261001_204135_gui/recordings/knowno_scene1_20261001_204156_218278/recording.json,tomato,1,knowno,20261001_204135_gui,663,ddd6212f8be49108ea3f8e43e6825b89a0ff933f55a7c1f6d3178ce552c84a94
collect_exp/logs/03_BRL_TOMATO/logs/master/20261001_204546_gui/brl_sensor.log,00_raw/tomato/scene_01/knowno/20261001_204546_gui/brl_sensor.log,tomato,1,knowno,20261001_204546_gui,14812,38718dfaab509260583c47e040ac7b622b1dd432e7ab2e2cfe91638d65adc615
collect_exp/logs/03_BRL_TOMATO/logs/master/20261001_204546_gui/brl_server.log,00_raw/tomato/scene_01/knowno/20261001_204546_gui/brl_server.log,tomato,1,knowno,20261001_204546_gui,4081,a3cd16c99f90c7122e04878717e6c91211d7ed1766d3ab7b7e5c06e351d51ddd
collect_exp/logs/03_BRL_TOMATO/logs/master/20261001_204546_gui/environment_setup.log,00_raw/tomato/scene_01/knowno/20261001_204546_gui/environment_setup.log,tomato,1,knowno,20261001_204546_gui,1675,337d9a0b8a1b00a448e62f01b3ee16eb9ec4b7706dea2f5169dd151c7ae2dcfb
collect_exp/logs/03_BRL_TOMATO/logs/master/20261001_204546_gui/feedback_manager.log,00_raw/tomato/scene_01/knowno/20261001_204546_gui/feedback_manager.log,tomato,1,knowno,20261001_204546_gui,29531,2edeec06a0a9cd62dabbfde48943586b9971f926d30b2aa10a5638124d9b8da2
collect_exp/logs/03_BRL_TOMATO/logs/master/20261001_204546_gui/frontend.log,00_raw/tomato/scene_01/knowno/20261001_204546_gui/frontend.log,tomato,1,knowno,20261001_204546_gui,1987,90aa815f1c031b6ae774bb8e5136771e718156c532f6f7f7a6b5ac1533333a55
collect_exp/logs/03_BRL_TOMATO/logs/master/20261001_204546_gui/knowledge_graph.log,00_raw/tomato/scene_01/knowno/20261001_204546_gui/knowledge_graph.log,tomato,1,knowno,20261001_204546_gui,9983,d29cc241137c4cf151c92dd9fd7bdbebfe65527f83411187283c533c650b493a
collect_exp/logs/03_BRL_TOMATO/logs/master/20261001_204546_gui/planner.log,00_raw/tomato/scene_01/knowno/20261001_204546_gui/planner.log,tomato,1,knowno,20261001_204546_gui,14402,661a627dc29dd8c3c54a4f7ca00475dd0a010826863c2b214084e6642aae864a
collect_exp/logs/03_BRL_TOMATO/logs/master/20261001_204546_gui/planner_experiments/exp_tomato_20261001_204821_702731.txt,00_raw/tomato/scene_01/knowno/20261001_204546_gui/planner_experiments/exp_tomato_20261001_204821_702731.txt,tomato,1,knowno,20261001_204546_gui,6531,1275770ee546f5e69e4c53fb4d9ac09dd4ee31d6484e3372e074cadbcc4c9d4f
collect_exp/logs/03_BRL_TOMATO/logs/master/20261001_204546_gui/recordings/knowno_scene1_20261001_204621_642557/recording.json,00_raw/tomato/scene_01/knowno/20261001_204546_gui/recordings/knowno_scene1_20261001_204621_642557/recording.json,tomato,1,knowno,20261001_204546_gui,667,37f2b64f36d93c8522084df54a7eb5611f77d600c3107ad7d0a123385aed5034
collect_exp/logs/03_BRL_TOMATO/logs/master/20261001_204831_gui/brl_sensor.log,00_raw/tomato/scene_01/knowno/20261001_204831_gui/brl_sensor.log,tomato,1,knowno,20261001_204831_gui,13659,889c76ecedc120220eec9a6230aa9a7770089cfc4e7f0c9d9ca70f354a4980fa
collect_exp/logs/03_BRL_TOMATO/logs/master/20261001_204831_gui/brl_server.log,00_raw/tomato/scene_01/knowno/20261001_204831_gui/brl_server.log,tomato,1,knowno,20261001_204831_gui,3458,8b89ffce325d81d7dd79ee48d8e42e370a1cff92486faccc1366cb84984bc5b0
collect_exp/logs/03_BRL_TOMATO/logs/master/20261001_204831_gui/environment_setup.log,00_raw/tomato/scene_01/knowno/20261001_204831_gui/environment_setup.log,tomato,1,knowno,20261001_204831_gui,1675,f62d9d5f8192ccbdedadb84e060fac769ad21c89a4ff31436e44a48d64d960cc
collect_exp/logs/03_BRL_TOMATO/logs/master/20261001_204831_gui/feedback_manager.log,00_raw/tomato/scene_01/knowno/20261001_204831_gui/feedback_manager.log,tomato,1,knowno,20261001_204831_gui,3885,39826cd744907689fb51118c73d6877ceeb35dacb7573af2c167a0f5f13e307e
collect_exp/logs/03_BRL_TOMATO/logs/master/20261001_204831_gui/frontend.log,00_raw/tomato/scene_01/knowno/20261001_204831_gui/frontend.log,tomato,1,knowno,20261001_204831_gui,1988,60bef86813031301d05ec869b30f899e109d74dd6597b795af95228a777b9b23
collect_exp/logs/03_BRL_TOMATO/logs/master/20261001_204831_gui/knowledge_graph.log,00_raw/tomato/scene_01/knowno/20261001_204831_gui/knowledge_graph.log,tomato,1,knowno,20261001_204831_gui,9962,6ed674b5ce570e9c2a70bfa2dd1e8453145ec96d0778f5df85d0328084de5729
collect_exp/logs/03_BRL_TOMATO/logs/master/20261001_204831_gui/planner.log,00_raw/tomato/scene_01/knowno/20261001_204831_gui/planner.log,tomato,1,knowno,20261001_204831_gui,8659,1e060a81920bf8d644674cd97ce823b4330e42b2df64c5dc6fdd537d8566000a
collect_exp/logs/03_BRL_TOMATO/logs/master/20261001_204831_gui/planner_experiments/exp_tomato_20261001_205056_723613.txt,00_raw/tomato/scene_01/knowno/20261001_204831_gui/planner_experiments/exp_tomato_20261001_205056_723613.txt,tomato,1,knowno,20261001_204831_gui,3543,e4925215ca3025633110b28d02bfb1735f0952e3ed4026d65fce9acdee4b6d30
collect_exp/logs/03_BRL_TOMATO/logs/master/20261001_204831_gui/recordings/knowno_scene1_20261001_204859_864813/recording.json,00_raw/tomato/scene_01/knowno/20261001_204831_gui/recordings/knowno_scene1_20261001_204859_864813/recording.json,tomato,1,knowno,20261001_204831_gui,667,1cd05712e0493447c0a6e5251e19589f54c3eaf138283aac3680c841ea465eda
collect_exp/logs/03_BRL_TOMATO/logs/master/20261001_205101_gui/brl_sensor.log,00_raw/tomato/scene_01/knowno/20261001_205101_gui/brl_sensor.log,tomato,1,knowno,20261001_205101_gui,32185,016fbffdf363345b0e1c86654a1995495db136e04e31608ace1eacecc1b99ffb
collect_exp/logs/03_BRL_TOMATO/logs/master/20261001_205101_gui/brl_server.log,00_raw/tomato/scene_01/knowno/20261001_205101_gui/brl_server.log,tomato,1,knowno,20261001_205101_gui,4817,c3243449b3b9c550fa959e76f53f5d4032eeee067a9f1d9eb67ebf6e73583246
collect_exp/logs/03_BRL_TOMATO/logs/master/20261001_205101_gui/environment_setup.log,00_raw/tomato/scene_01/knowno/20261001_205101_gui/environment_setup.log,tomato,1,knowno,20261001_205101_gui,1675,80bcc31752c8f3f9f783fb9adc1a0fd61ef05a939f6be0fa921ff8be327a8028
collect_exp/logs/03_BRL_TOMATO/logs/master/20261001_205101_gui/feedback_manager.log,00_raw/tomato/scene_01/knowno/20261001_205101_gui/feedback_manager.log,tomato,1,knowno,20261001_205101_gui,50326,a37e5f3ab577dfe7392840c5d7b1d9b3b782d07d2f41fe02190eb4511efc1c51
collect_exp/logs/03_BRL_TOMATO/logs/master/20261001_205101_gui/frontend.log,00_raw/tomato/scene_01/knowno/20261001_205101_gui/frontend.log,tomato,1,knowno,20261001_205101_gui,1988,309603fa471c535bfefc69fde52f136a4cd9b4be70f3fe8b9aa6c6545a2fa8e4
collect_exp/logs/03_BRL_TOMATO/logs/master/20261001_205101_gui/knowledge_graph.log,00_raw/tomato/scene_01/knowno/20261001_205101_gui/knowledge_graph.log,tomato,1,knowno,20261001_205101_gui,16315,1698cd814fd3ec19cafdf52aceb16571c9fe81656af229cda362ec89266054af
collect_exp/logs/03_BRL_TOMATO/logs/master/20261001_205101_gui/planner.log,00_raw/tomato/scene_01/knowno/20261001_205101_gui/planner.log,tomato,1,knowno,20261001_205101_gui,22148,51dadd3780aad79ce32f2d0afa3a41a29221e6b5ecbb6d0763ef6813ca4237db
collect_exp/logs/03_BRL_TOMATO/logs/master/20261001_205101_gui/planner_experiments/exp_tomato_20261001_205554_683162.txt,00_raw/tomato/scene_01/knowno/20261001_205101_gui/planner_experiments/exp_tomato_20261001_205554_683162.txt,tomato,1,knowno,20261001_205101_gui,9873,f025a48d0eb541d03a85a4bdd37a198e35958c9c4d23b1aab0f89577a720b022
collect_exp/logs/03_BRL_TOMATO/logs/master/20261001_205101_gui/recordings/knowno_scene1_20261001_205216_581599/recording.json,00_raw/tomato/scene_01/knowno/20261001_205101_gui/recordings/knowno_scene1_20261001_205216_581599/recording.json,tomato,1,knowno,20261001_205101_gui,687,c24349d1c40a9ad71f7d0188068f450a4c28b36952a23548509456609af12302
collect_exp/logs/03_BRL_TOMATO/logs/master/20261001_205602_gui/brl_sensor.log,00_raw/tomato/scene_01/knowno/20261001_205602_gui/brl_sensor.log,tomato,1,knowno,20261001_205602_gui,18619,c1af51283fdaf93cec9a629e675741e536837f096a53c41f11f956592c9b3d96
collect_exp/logs/03_BRL_TOMATO/logs/master/20261001_205602_gui/brl_server.log,00_raw/tomato/scene_01/knowno/20261001_205602_gui/brl_server.log,tomato,1,knowno,20261001_205602_gui,3806,64db2813c751ae04fa0cbc1d7441a91ab700fcf57c91e556fa18ad13af8314bc
collect_exp/logs/03_BRL_TOMATO/logs/master/20261001_205602_gui/environment_setup.log,00_raw/tomato/scene_01/knowno/20261001_205602_gui/environment_setup.log,tomato,1,knowno,20261001_205602_gui,1675,541dbb467e7e877ba1fcd4f7a201b409736e59478af6abc33da40c7dad858bee
collect_exp/logs/03_BRL_TOMATO/logs/master/20261001_205602_gui/feedback_manager.log,00_raw/tomato/scene_01/knowno/20261001_205602_gui/feedback_manager.log,tomato,1,knowno,20261001_205602_gui,11049,40a9cb3c273104c4b249dc07892643cdacc00d3dc82b116678d1e13faa670211
collect_exp/logs/03_BRL_TOMATO/logs/master/20261001_205602_gui/frontend.log,00_raw/tomato/scene_01/knowno/20261001_205602_gui/frontend.log,tomato,1,knowno,20261001_205602_gui,1988,28fa3d8c826f600c913c92e787b1fa3ae3b88081d169d1afbc6615d9fc3ac0dc
collect_exp/logs/03_BRL_TOMATO/logs/master/20261001_205602_gui/knowledge_graph.log,00_raw/tomato/scene_01/knowno/20261001_205602_gui/knowledge_graph.log,tomato,1,knowno,20261001_205602_gui,13496,52571e6a207e65bfcbad9e4bc9135ad926e97266e0a05dc9c6757fbf98508454
collect_exp/logs/03_BRL_TOMATO/logs/master/20261001_205602_gui/planner.log,00_raw/tomato/scene_01/knowno/20261001_205602_gui/planner.log,tomato,1,knowno,20261001_205602_gui,11079,a1e75225710239a51da1eb9fc7b3f1f5ee87fc42c29d009e6e2687d28942cd9f
collect_exp/logs/03_BRL_TOMATO/logs/master/20261001_205602_gui/planner_experiments/exp_tomato_20261001_205927_499711.txt,00_raw/tomato/scene_01/knowno/20261001_205602_gui/planner_experiments/exp_tomato_20261001_205927_499711.txt,tomato,1,knowno,20261001_205602_gui,4576,a0769d8d2ae732624f52224159a995d2a0b9fec89aa945073aae931dc33236b5
collect_exp/logs/03_BRL_TOMATO/logs/master/20261001_205602_gui/recordings/knowno_scene1_20261001_205704_893512/recording.json,00_raw/tomato/scene_01/knowno/20261001_205602_gui/recordings/knowno_scene1_20261001_205704_893512/recording.json,tomato,1,knowno,20261001_205602_gui,667,9d02f359606bc2324044ed1d22fd3e365335fc441ed8c726a3c3351a72ffc458
collect_exp/logs/03_BRL_TOMATO/logs/master/20261001_210149_gui_pomdp_scene1/brl_sensor.log,00_raw/tomato/scene_01/pomdp/20261001_210149_gui_pomdp_scene1/brl_sensor.log,tomato,1,pomdp,20261001_210149_gui_pomdp_scene1,27411,5da8dcd0a372026c0a35b2840eaeadbc8a0812e727dc9878ecb44ae928e558ed
collect_exp/logs/03_BRL_TOMATO/logs/master/20261001_210149_gui_pomdp_scene1/brl_server.log,00_raw/tomato/scene_01/pomdp/20261001_210149_gui_pomdp_scene1/brl_server.log,tomato,1,pomdp,20261001_210149_gui_pomdp_scene1,4273,020cd085a3875d0328ebf5ebe780a5586662c85ec306a5c8e06e80a675da8476
collect_exp/logs/03_BRL_TOMATO/logs/master/20261001_210149_gui_pomdp_scene1/environment_setup.log,00_raw/tomato/scene_01/pomdp/20261001_210149_gui_pomdp_scene1/environment_setup.log,tomato,1,pomdp,20261001_210149_gui_pomdp_scene1,1675,b144c22d2bca41404b0ff9360a22afe9db225d7f1558bf224ecda7131dc74f54
collect_exp/logs/03_BRL_TOMATO/logs/master/20261001_210149_gui_pomdp_scene1/feedback_manager.log,00_raw/tomato/scene_01/pomdp/20261001_210149_gui_pomdp_scene1/feedback_manager.log,tomato,1,pomdp,20261001_210149_gui_pomdp_scene1,42427,359a8c6685f9316cf45e839b0956602a163d03d2d25a9f25f89999f70a34bd1c
collect_exp/logs/03_BRL_TOMATO/logs/master/20261001_210149_gui_pomdp_scene1/frontend.log,00_raw/tomato/scene_01/pomdp/20261001_210149_gui_pomdp_scene1/frontend.log,tomato,1,pomdp,20261001_210149_gui_pomdp_scene1,1988,4b5fe0cae34022b7f81ee869fee937eea8036a7ac45dcb9d82d9d9db1649e3db
collect_exp/logs/03_BRL_TOMATO/logs/master/20261001_210149_gui_pomdp_scene1/knowledge_graph.log,00_raw/tomato/scene_01/pomdp/20261001_210149_gui_pomdp_scene1/knowledge_graph.log,tomato,1,pomdp,20261001_210149_gui_pomdp_scene1,17402,cc5fffa22e24f1cf943764bc99fedc795ef55a398ee89f583b7dfc0f8cc04e65
collect_exp/logs/03_BRL_TOMATO/logs/master/20261001_210149_gui_pomdp_scene1/planner.log,00_raw/tomato/scene_01/pomdp/20261001_210149_gui_pomdp_scene1/planner.log,tomato,1,pomdp,20261001_210149_gui_pomdp_scene1,23758,0d4e8766dfa3b0e2131c68af922076cdf3e80d8520a35f371125b7924d10b7c6
collect_exp/logs/03_BRL_TOMATO/logs/master/20261001_210149_gui_pomdp_scene1/planner_experiments/exp_tomato_20261001_210536_875502.txt,00_raw/tomato/scene_01/pomdp/20261001_210149_gui_pomdp_scene1/planner_experiments/exp_tomato_20261001_210536_875502.txt,tomato,1,pomdp,20261001_210149_gui_pomdp_scene1,8593,5c658c94107caad2e78df2ab1087b0ae40a0e4c379f5261263fa4cd8d5c35d97
collect_exp/logs/03_BRL_TOMATO/logs/master/20261001_210149_gui_pomdp_scene1/recordings/pomdp_planner_scene1_20261001_210214_544390/recording.json,00_raw/tomato/scene_01/pomdp/20261001_210149_gui_pomdp_scene1/recordings/pomdp_planner_scene1_20261001_210214_544390/recording.json,tomato,1,pomdp,20261001_210149_gui_pomdp_scene1,677,87ba71904348ad80fc51b839645dc639208862082ad31f7f6e000d2ab41ae0c2
collect_exp/logs/03_BRL_TOMATO/logs/master/20261001_210716_gui/brl_sensor.log,00_raw/tomato/scene_01/pomdp/20261001_210716_gui/brl_sensor.log,tomato,1,pomdp,20261001_210716_gui,29780,fae035fec5e28d1e45c46464e72f26783de063d904226ef6f01cfb01fdade45c
collect_exp/logs/03_BRL_TOMATO/logs/master/20261001_210716_gui/brl_server.log,00_raw/tomato/scene_01/pomdp/20261001_210716_gui/brl_server.log,tomato,1,pomdp,20261001_210716_gui,4273,449ac3ff4008989bc282c8b860f031e3fd430f58f92d4ce5a098b331d2808ead
collect_exp/logs/03_BRL_TOMATO/logs/master/20261001_210716_gui/environment_setup.log,00_raw/tomato/scene_01/pomdp/20261001_210716_gui/environment_setup.log,tomato,1,pomdp,20261001_210716_gui,1675,1576e1c5755046049d1d6d31c9af6a7f30acf3ca103dc2fd1d27c1f662fbeaec
collect_exp/logs/03_BRL_TOMATO/logs/master/20261001_210716_gui/feedback_manager.log,00_raw/tomato/scene_01/pomdp/20261001_210716_gui/feedback_manager.log,tomato,1,pomdp,20261001_210716_gui,42420,09d206ca5b47ae47f6d019b6c5bae13cf46aece80b5638fe3ee2d2be0250c381
collect_exp/logs/03_BRL_TOMATO/logs/master/20261001_210716_gui/frontend.log,00_raw/tomato/scene_01/pomdp/20261001_210716_gui/frontend.log,tomato,1,pomdp,20261001_210716_gui,1988,8d7848f9b282989d602cdfe0f2102551dbc698915361c3c4bbee001d5173d0aa
collect_exp/logs/03_BRL_TOMATO/logs/master/20261001_210716_gui/knowledge_graph.log,00_raw/tomato/scene_01/pomdp/20261001_210716_gui/knowledge_graph.log,tomato,1,pomdp,20261001_210716_gui,17623,efe7e5f03dd6b674dd3f4b1b30b95e23034b851ab1f0c5b214d402e9143a6b39
collect_exp/logs/03_BRL_TOMATO/logs/master/20261001_210716_gui/planner.log,00_raw/tomato/scene_01/pomdp/20261001_210716_gui/planner.log,tomato,1,pomdp,20261001_210716_gui,24060,bb81d47688f2e366755e8d12e8c3b1890187de7d4916fede4e69966aced7c740
collect_exp/logs/03_BRL_TOMATO/logs/master/20261001_210716_gui/planner_experiments/exp_tomato_20261001_211043_594979.txt,00_raw/tomato/scene_01/pomdp/20261001_210716_gui/planner_experiments/exp_tomato_20261001_211043_594979.txt,tomato,1,pomdp,20261001_210716_gui,8680,04fea1634db6173b5eb14524a78589dde8e6e85438232f6380b7d405f1f60670
collect_exp/logs/03_BRL_TOMATO/logs/master/20261001_210716_gui/recordings/pomdp_planner_scene1_20261001_210735_458522/recording.json,00_raw/tomato/scene_01/pomdp/20261001_210716_gui/recordings/pomdp_planner_scene1_20261001_210735_458522/recording.json,tomato,1,pomdp,20261001_210716_gui,677,f4d2cd5cb9424e54655e92920aaf3495ace56c3be0026156cc981eabc5a6ba33
collect_exp/logs/03_BRL_TOMATO/logs/master/20261001_212201_gui/brl_sensor.log,00_raw/tomato/scene_01/pomdp/20261001_212201_gui/brl_sensor.log,tomato,1,pomdp,20261001_212201_gui,38654,6fdccb5c1ee5836cbb2f80019800bb9565e5374ad54cbe3e76177e2fa8379ded
collect_exp/logs/03_BRL_TOMATO/logs/master/20261001_212201_gui/brl_server.log,00_raw/tomato/scene_01/pomdp/20261001_212201_gui/brl_server.log,tomato,1,pomdp,20261001_212201_gui,3857,63fc63fb76997cd672408bc981774c9e5b44670b6525e205409c8856d4d91605
collect_exp/logs/03_BRL_TOMATO/logs/master/20261001_212201_gui/environment_setup.log,00_raw/tomato/scene_01/pomdp/20261001_212201_gui/environment_setup.log,tomato,1,pomdp,20261001_212201_gui,1675,32d0a82466608d5de58605463abf44136fbc7c5902d8ddac80150a2566e7f301
collect_exp/logs/03_BRL_TOMATO/logs/master/20261001_212201_gui/feedback_manager.log,00_raw/tomato/scene_01/pomdp/20261001_212201_gui/feedback_manager.log,tomato,1,pomdp,20261001_212201_gui,23463,91004d31d10f4e1f6c816c5c69cfe774d43e5efec63a082ccfdfe5def32647f2
collect_exp/logs/03_BRL_TOMATO/logs/master/20261001_212201_gui/frontend.log,00_raw/tomato/scene_01/pomdp/20261001_212201_gui/frontend.log,tomato,1,pomdp,20261001_212201_gui,1988,2c69eba1e1bdfb400ebe6ff226bd7a98f6c15422e8cef9be67cad68fe1f4b128
collect_exp/logs/03_BRL_TOMATO/logs/master/20261001_212201_gui/knowledge_graph.log,00_raw/tomato/scene_01/pomdp/20261001_212201_gui/knowledge_graph.log,tomato,1,pomdp,20261001_212201_gui,38915,965436abcf1c99ca9ed3b9c3a8daac9c886f27f09781e8f58f093b86bfa4ed67
collect_exp/logs/03_BRL_TOMATO/logs/master/20261001_212201_gui/planner.log,00_raw/tomato/scene_01/pomdp/20261001_212201_gui/planner.log,tomato,1,pomdp,20261001_212201_gui,8683,9f4faf9c231a634b30a649eea346a6a142b5977a1d5ca0042afb1c6d96f6515e
collect_exp/logs/03_BRL_TOMATO/logs/master/20261001_212201_gui/planner_experiments/exp_tomato_20261001_213613_309338.txt,00_raw/tomato/scene_01/pomdp/20261001_212201_gui/planner_experiments/exp_tomato_20261001_213613_309338.txt,tomato,1,pomdp,20261001_212201_gui,4177,213c674db0a536eb82693fdc2e3110ed144d812a22693201382adefaf1671cdf
collect_exp/logs/03_BRL_TOMATO/logs/master/20261001_212201_gui/recordings/pomdp_planner_scene1_20261001_213505_701213/recording.json,00_raw/tomato/scene_01/pomdp/20261001_212201_gui/recordings/pomdp_planner_scene1_20261001_213505_701213/recording.json,tomato,1,pomdp,20261001_212201_gui,700,ba9b2a3683ddbb26025e74bfa38a1d0781779a818e3a07827b6ecc96620a2ba8
collect_exp/logs/03_BRL_TOMATO/logs/master/20261001_213621_gui/brl_sensor.log,00_raw/tomato/scene_01/pomdp/20261001_213621_gui/brl_sensor.log,tomato,1,pomdp,20261001_213621_gui,20318,e2085fc3bc5961c7aba5ebcd4cbba751a283226a2d9410d74359713df8f0e020
collect_exp/logs/03_BRL_TOMATO/logs/master/20261001_213621_gui/brl_server.log,00_raw/tomato/scene_01/pomdp/20261001_213621_gui/brl_server.log,tomato,1,pomdp,20261001_213621_gui,4006,018904c77641d2b9bc5cf6beb8046f2964d8e035c061586cc69546263a6c64c6
collect_exp/logs/03_BRL_TOMATO/logs/master/20261001_213621_gui/environment_setup.log,00_raw/tomato/scene_01/pomdp/20261001_213621_gui/environment_setup.log,tomato,1,pomdp,20261001_213621_gui,1675,5046977d931d23edbc63dfe19134518eb4e44d928174a612a289c62b1c309e4d
collect_exp/logs/03_BRL_TOMATO/logs/master/20261001_213621_gui/feedback_manager.log,00_raw/tomato/scene_01/pomdp/20261001_213621_gui/feedback_manager.log,tomato,1,pomdp,20261001_213621_gui,33569,cc5f8b868c9dc486061114debc766c50a343090c9e3b9f319efa23db626259b3
collect_exp/logs/03_BRL_TOMATO/logs/master/20261001_213621_gui/frontend.log,00_raw/tomato/scene_01/pomdp/20261001_213621_gui/frontend.log,tomato,1,pomdp,20261001_213621_gui,1987,6f7e2d816e774a3a971ca59ff00d790ce749ae78bcebd43e4444de67ff4d7950
collect_exp/logs/03_BRL_TOMATO/logs/master/20261001_213621_gui/knowledge_graph.log,00_raw/tomato/scene_01/pomdp/20261001_213621_gui/knowledge_graph.log,tomato,1,pomdp,20261001_213621_gui,17679,bf5540661c662d969154f605923db2825653137cffee6ef1e4539c94e63e58e8
collect_exp/logs/03_BRL_TOMATO/logs/master/20261001_213621_gui/planner.log,00_raw/tomato/scene_01/pomdp/20261001_213621_gui/planner.log,tomato,1,pomdp,20261001_213621_gui,23155,097fa267ae941ba26414205fb8b0e028070eb77df1d68666ad778003b0393986
collect_exp/logs/03_BRL_TOMATO/logs/master/20261001_213621_gui/planner_experiments/exp_tomato_20261001_213947_886451.txt,00_raw/tomato/scene_01/pomdp/20261001_213621_gui/planner_experiments/exp_tomato_20261001_213947_886451.txt,tomato,1,pomdp,20261001_213621_gui,8419,d1d6095e4e9d8edecbca3b453c06cfe211898be55f4f33074ee3efaf40626597
collect_exp/logs/03_BRL_TOMATO/logs/master/20261001_213621_gui/recordings/pomdp_planner_scene1_20261001_213655_395063/recording.json,00_raw/tomato/scene_01/pomdp/20261001_213621_gui/recordings/pomdp_planner_scene1_20261001_213655_395063/recording.json,tomato,1,pomdp,20261001_213621_gui,677,4f10e53fc0dd3af2366e6a656cadd756be05442cb56438644caeb10c6e799136
collect_exp/logs/03_BRL_TOMATO/logs/master/20261001_214018_gui/brl_sensor.log,00_raw/tomato/scene_01/pomdp/20261001_214018_gui/brl_sensor.log,tomato,1,pomdp,20261001_214018_gui,23285,96a54cf9d2fb6891d3c3ddc370d553da08a8b038280cb0637196718baa16f295
collect_exp/logs/03_BRL_TOMATO/logs/master/20261001_214018_gui/brl_server.log,00_raw/tomato/scene_01/pomdp/20261001_214018_gui/brl_server.log,tomato,1,pomdp,20261001_214018_gui,4237,91d2e674d6a2983515f8ae03a1fa06b3d9c52c1cd036efabb5764353740fb3ac
collect_exp/logs/03_BRL_TOMATO/logs/master/20261001_214018_gui/environment_setup.log,00_raw/tomato/scene_01/pomdp/20261001_214018_gui/environment_setup.log,tomato,1,pomdp,20261001_214018_gui,1675,989fa2c0799ac53025a189b5b32dc081a838c567a345da6eaf2b2783b0d666ab
collect_exp/logs/03_BRL_TOMATO/logs/master/20261001_214018_gui/feedback_manager.log,00_raw/tomato/scene_01/pomdp/20261001_214018_gui/feedback_manager.log,tomato,1,pomdp,20261001_214018_gui,47442,67a7d24911c3ca1d5b1a5e2f5d8dc581960be14f7b3713fe3b1f99e6aab91f0b
collect_exp/logs/03_BRL_TOMATO/logs/master/20261001_214018_gui/frontend.log,00_raw/tomato/scene_01/pomdp/20261001_214018_gui/frontend.log,tomato,1,pomdp,20261001_214018_gui,1988,c6f7837b1b9ff14a33026e67ca3e8d1759c4d6cbe76de74cc6fb7c3455af4224
collect_exp/logs/03_BRL_TOMATO/logs/master/20261001_214018_gui/knowledge_graph.log,00_raw/tomato/scene_01/pomdp/20261001_214018_gui/knowledge_graph.log,tomato,1,pomdp,20261001_214018_gui,17157,eccff380847c5384ca28ce8536a7d09fa66a9b343aca8398f43105ec71a7d723
collect_exp/logs/03_BRL_TOMATO/logs/master/20261001_214018_gui/planner.log,00_raw/tomato/scene_01/pomdp/20261001_214018_gui/planner.log,tomato,1,pomdp,20261001_214018_gui,24558,e5739f29d43e1624ee6cc0f6455ddebe087d39fafdb47cfeb597482c77349ab0
collect_exp/logs/03_BRL_TOMATO/logs/master/20261001_214018_gui/planner_experiments/exp_tomato_20261001_214344_858540.txt,00_raw/tomato/scene_01/pomdp/20261001_214018_gui/planner_experiments/exp_tomato_20261001_214344_858540.txt,tomato,1,pomdp,20261001_214018_gui,9071,954f91fd4d8ac7b99e99244762275e5bdac9472d039f47ee44211a9abd15a0c3
collect_exp/logs/03_BRL_TOMATO/logs/master/20261001_214018_gui/recordings/pomdp_planner_scene1_20261001_214037_650515/recording.json,00_raw/tomato/scene_01/pomdp/20261001_214018_gui/recordings/pomdp_planner_scene1_20261001_214037_650515/recording.json,tomato,1,pomdp,20261001_214018_gui,663,a049cfc1c74f2b1a8fc652331619729e64d18cfac04feb49ccf056dbf48287bb
collect_exp/logs/03_BRL_TOMATO/logs/master/20261001_214611_gui/brl_sensor.log,00_raw/tomato/scene_01/pomdp/20261001_214611_gui/brl_sensor.log,tomato,1,pomdp,20261001_214611_gui,30189,279bf03c8a414d003a4d25982402a9858254e94809d3af610048382d75155fff
collect_exp/logs/03_BRL_TOMATO/logs/master/20261001_214611_gui/brl_server.log,00_raw/tomato/scene_01/pomdp/20261001_214611_gui/brl_server.log,tomato,1,pomdp,20261001_214611_gui,3965,a4c6d0539a59ab9af9bda26f6aee8d74ce7c25d75f5f1a5ce0d2840de9423f48
collect_exp/logs/03_BRL_TOMATO/logs/master/20261001_214611_gui/environment_setup.log,00_raw/tomato/scene_01/pomdp/20261001_214611_gui/environment_setup.log,tomato,1,pomdp,20261001_214611_gui,1675,f48e0e1c731bddf63434f9cd4b836c522fbb5597cd09ec8a50dc5ad3e5a74c70
collect_exp/logs/03_BRL_TOMATO/logs/master/20261001_214611_gui/feedback_manager.log,00_raw/tomato/scene_01/pomdp/20261001_214611_gui/feedback_manager.log,tomato,1,pomdp,20261001_214611_gui,22101,933b1105ceaf20ef65c0adf475d5dcedf0877995b8589e5e4b01ddccb4562076
collect_exp/logs/03_BRL_TOMATO/logs/master/20261001_214611_gui/frontend.log,00_raw/tomato/scene_01/pomdp/20261001_214611_gui/frontend.log,tomato,1,pomdp,20261001_214611_gui,1988,6c4d9bf1a2ce61479e53c7ceeadecf0c06ac6b77c642463ba5b59d5d6b10a275
collect_exp/logs/03_BRL_TOMATO/logs/master/20261001_214611_gui/knowledge_graph.log,00_raw/tomato/scene_01/pomdp/20261001_214611_gui/knowledge_graph.log,tomato,1,pomdp,20261001_214611_gui,11486,c5a4675f0763a3999e808923272bf0ac3862ea43a64f292d9b5ea290c1c49a45
collect_exp/logs/03_BRL_TOMATO/logs/master/20261001_214611_gui/planner.log,00_raw/tomato/scene_01/pomdp/20261001_214611_gui/planner.log,tomato,1,pomdp,20261001_214611_gui,9111,3678bba10d078ff246a39b50f7e781b1987c9544e07a38f076c589d94a14d2aa
collect_exp/logs/03_BRL_TOMATO/logs/master/20261001_214611_gui/planner_experiments/exp_tomato_20261001_214826_100661.txt,00_raw/tomato/scene_01/pomdp/20261001_214611_gui/planner_experiments/exp_tomato_20261001_214826_100661.txt,tomato,1,pomdp,20261001_214611_gui,4344,8ac66b1344f4d25d870177f9519e6cbaf16d5c95b596efe4ee674c9216a531c9
collect_exp/logs/03_BRL_TOMATO/logs/master/20261001_214611_gui/recordings/pomdp_planner_scene1_20261001_214710_163556/recording.json,00_raw/tomato/scene_01/pomdp/20261001_214611_gui/recordings/pomdp_planner_scene1_20261001_214710_163556/recording.json,tomato,1,pomdp,20261001_214611_gui,691,208b090d6a8d08ce75269542f69c2753cf8f1425d21ce1b58b48c9d4dab64d27
collect_exp/logs/03_BRL_TOMATO/logs/master/20261001_214857_gui/brl_sensor.log,00_raw/tomato/scene_01/pomdp/20261001_214857_gui/brl_sensor.log,tomato,1,pomdp,20261001_214857_gui,20161,24050a567a174aa0f503fc7188f02ab7ba6d2a30f8eab3c25929ae22cba05521
collect_exp/logs/03_BRL_TOMATO/logs/master/20261001_214857_gui/brl_server.log,00_raw/tomato/scene_01/pomdp/20261001_214857_gui/brl_server.log,tomato,1,pomdp,20261001_214857_gui,4196,cd012561a9eddfdebb47e765ba7e1cf99232a11465fed69c6c8fc0d7a60343f3
collect_exp/logs/03_BRL_TOMATO/logs/master/20261001_214857_gui/environment_setup.log,00_raw/tomato/scene_01/pomdp/20261001_214857_gui/environment_setup.log,tomato,1,pomdp,20261001_214857_gui,1675,ce52eaf367ade4b505dd992bd896e2b253115472fc9580ac2d8ca4943cc947ff
collect_exp/logs/03_BRL_TOMATO/logs/master/20261001_214857_gui/feedback_manager.log,00_raw/tomato/scene_01/pomdp/20261001_214857_gui/feedback_manager.log,tomato,1,pomdp,20261001_214857_gui,33528,0d3d9c4c9abefdd2f4b6114e51fa5e648c153f48ad58f5086ac0ca44fdee9fe5
collect_exp/logs/03_BRL_TOMATO/logs/master/20261001_214857_gui/frontend.log,00_raw/tomato/scene_01/pomdp/20261001_214857_gui/frontend.log,tomato,1,pomdp,20261001_214857_gui,1988,27f978671b535f2e8a259cc62da66dfb7099617830b39651b6af4d06a9166f07
collect_exp/logs/03_BRL_TOMATO/logs/master/20261001_214857_gui/knowledge_graph.log,00_raw/tomato/scene_01/pomdp/20261001_214857_gui/knowledge_graph.log,tomato,1,pomdp,20261001_214857_gui,15448,f1311c4380e3dc103bfc3a98153516bd11e475d30d37e854bfaed693bf9c022c
collect_exp/logs/03_BRL_TOMATO/logs/master/20261001_214857_gui/planner.log,00_raw/tomato/scene_01/pomdp/20261001_214857_gui/planner.log,tomato,1,pomdp,20261001_214857_gui,23133,aab8d02ce038bbde60ee0965596f597114fb710a246f0ecbf2643f599efcae7d
collect_exp/logs/03_BRL_TOMATO/logs/master/20261001_214857_gui/planner_experiments/exp_tomato_20261001_215207_938939.txt,00_raw/tomato/scene_01/pomdp/20261001_214857_gui/planner_experiments/exp_tomato_20261001_215207_938939.txt,tomato,1,pomdp,20261001_214857_gui,8417,7c2865ea2a98806781139d4936c7e8a39f24f3a2828c20c4534a37748239086f
collect_exp/logs/03_BRL_TOMATO/logs/master/20261001_214857_gui/recordings/pomdp_planner_scene1_20261001_214920_145940/recording.json,00_raw/tomato/scene_01/pomdp/20261001_214857_gui/recordings/pomdp_planner_scene1_20261001_214920_145940/recording.json,tomato,1,pomdp,20261001_214857_gui,677,4bb3fd1f4098cd07cbbdfda6a5c10ee6f382064bedd4372434c9dec68af33caa
collect_exp/logs/03_BRL_TOMATO/logs/master/20261001_215222_gui/brl_sensor.log,00_raw/tomato/scene_01/pomdp/20261001_215222_gui/brl_sensor.log,tomato,1,pomdp,20261001_215222_gui,20156,9cc8f01039198df67bed3f590c29da859e2a8011430de2f1a344185f5d9e86c6
collect_exp/logs/03_BRL_TOMATO/logs/master/20261001_215222_gui/brl_server.log,00_raw/tomato/scene_01/pomdp/20261001_215222_gui/brl_server.log,tomato,1,pomdp,20261001_215222_gui,4273,b43c37d85231a4ec1576f3129efa6984b477bf360361f98225c6f4db0bf9af3e
collect_exp/logs/03_BRL_TOMATO/logs/master/20261001_215222_gui/environment_setup.log,00_raw/tomato/scene_01/pomdp/20261001_215222_gui/environment_setup.log,tomato,1,pomdp,20261001_215222_gui,1675,5ca881d063463f36017d390f2bb00b361a976635f57907c2064fae770eb37bc7
collect_exp/logs/03_BRL_TOMATO/logs/master/20261001_215222_gui/feedback_manager.log,00_raw/tomato/scene_01/pomdp/20261001_215222_gui/feedback_manager.log,tomato,1,pomdp,20261001_215222_gui,42436,6c4c0727420418eb974e0eb2fb8a0f5f1841bf0f9c3c7c11b89102a35398ae3f
collect_exp/logs/03_BRL_TOMATO/logs/master/20261001_215222_gui/frontend.log,00_raw/tomato/scene_01/pomdp/20261001_215222_gui/frontend.log,tomato,1,pomdp,20261001_215222_gui,1988,6d21f0604506d7f5ce4eff707f12cdbce041835d3d9204aade54ae4363929f56
collect_exp/logs/03_BRL_TOMATO/logs/master/20261001_215222_gui/knowledge_graph.log,00_raw/tomato/scene_01/pomdp/20261001_215222_gui/knowledge_graph.log,tomato,1,pomdp,20261001_215222_gui,16439,ccca1c68c31d3c0d68d5294707bb1a4ac34d9ab8ac9fb4088847753a42cc79c4
collect_exp/logs/03_BRL_TOMATO/logs/master/20261001_215222_gui/planner.log,00_raw/tomato/scene_01/pomdp/20261001_215222_gui/planner.log,tomato,1,pomdp,20261001_215222_gui,23735,d356afa089ee601f7fb9594e8d5a6038027f5c1a5b52be49b5276940545dabcd
collect_exp/logs/03_BRL_TOMATO/logs/master/20261001_215222_gui/planner_experiments/exp_tomato_20261001_215546_802422.txt,00_raw/tomato/scene_01/pomdp/20261001_215222_gui/planner_experiments/exp_tomato_20261001_215546_802422.txt,tomato,1,pomdp,20261001_215222_gui,8594,980750aeb69c784b7293dbe958b8ea321f734627db56a889aeb26d68ff068677
collect_exp/logs/03_BRL_TOMATO/logs/master/20261001_215222_gui/recordings/pomdp_planner_scene1_20261001_215245_462620/recording.json,00_raw/tomato/scene_01/pomdp/20261001_215222_gui/recordings/pomdp_planner_scene1_20261001_215245_462620/recording.json,tomato,1,pomdp,20261001_215222_gui,675,db17754b060a76d0e2ee71720316403d2760f44365e4d7c29c4afe91afca9b21
collect_exp/logs/03_BRL_TOMATO/logs/master/20261001_223050_gui/brl_sensor.log,00_raw/tomato/scene_01/pomdp/20261001_223050_gui/brl_sensor.log,tomato,1,pomdp,20261001_223050_gui,20402,87db13d3f577a98d42fb8286d16844e1822c904ee020514f5226154d89e7f401
collect_exp/logs/03_BRL_TOMATO/logs/master/20261001_223050_gui/brl_server.log,00_raw/tomato/scene_01/pomdp/20261001_223050_gui/brl_server.log,tomato,1,pomdp,20261001_223050_gui,4075,d889eb9949c331f6455ea294c2c96ea2b6c5fd0ec8f6562aed69f93594450488
collect_exp/logs/03_BRL_TOMATO/logs/master/20261001_223050_gui/environment_setup.log,00_raw/tomato/scene_01/pomdp/20261001_223050_gui/environment_setup.log,tomato,1,pomdp,20261001_223050_gui,1675,664ca18b3da4c8e2b8e72fe7b9e50b1c5dab72779df855712ab7f99fd5aeb6aa
collect_exp/logs/03_BRL_TOMATO/logs/master/20261001_223050_gui/feedback_manager.log,00_raw/tomato/scene_01/pomdp/20261001_223050_gui/feedback_manager.log,tomato,1,pomdp,20261001_223050_gui,33609,39de4dec4d1389e81f426e529b4bbacfcdac232a27d9c9630e12eb27d394e314
collect_exp/logs/03_BRL_TOMATO/logs/master/20261001_223050_gui/frontend.log,00_raw/tomato/scene_01/pomdp/20261001_223050_gui/frontend.log,tomato,1,pomdp,20261001_223050_gui,1989,e07c8498cd5ba95959ab557591a5d7c54db7b5aa4688d1e534b8e2b96a09137b
collect_exp/logs/03_BRL_TOMATO/logs/master/20261001_223050_gui/knowledge_graph.log,00_raw/tomato/scene_01/pomdp/20261001_223050_gui/knowledge_graph.log,tomato,1,pomdp,20261001_223050_gui,18656,ac62e1538675b41cd3c0f54619a4f71ef4ed054bc5637f90e46db42a73615aaf
collect_exp/logs/03_BRL_TOMATO/logs/master/20261001_223050_gui/planner.log,00_raw/tomato/scene_01/pomdp/20261001_223050_gui/planner.log,tomato,1,pomdp,20261001_223050_gui,23697,e3a37ee872b37045eb16f5a67e4f7ad40808e69cb119298a7d6a4febc2b36bf6
collect_exp/logs/03_BRL_TOMATO/logs/master/20261001_223050_gui/planner_experiments/exp_tomato_20261001_223432_464646.txt,00_raw/tomato/scene_01/pomdp/20261001_223050_gui/planner_experiments/exp_tomato_20261001_223432_464646.txt,tomato,1,pomdp,20261001_223050_gui,8500,a8b5cff64e332da863ea376dac766c63719c9cadd9d8e7dc94b121a771f2c1d5
collect_exp/logs/03_BRL_TOMATO/logs/master/20261001_223050_gui/recordings/pomdp_planner_scene1_20261001_223130_159321/recording.json,00_raw/tomato/scene_01/pomdp/20261001_223050_gui/recordings/pomdp_planner_scene1_20261001_223130_159321/recording.json,tomato,1,pomdp,20261001_223050_gui,675,1a756abf11a0fbf02dc61b41bc845d8cb7ed0f0baddeac1023729618c9ce82f9
collect_exp/logs/03_BRL_TOMATO/logs/master/20261001_223603_gui/brl_sensor.log,00_raw/tomato/scene_01/pomdp/20261001_223603_gui/brl_sensor.log,tomato,1,pomdp,20261001_223603_gui,40609,401ae48a7fdc5a7a92f68b81338d80045ba786370ba0c94414116f3f41667214
collect_exp/logs/03_BRL_TOMATO/logs/master/20261001_223603_gui/brl_server.log,00_raw/tomato/scene_01/pomdp/20261001_223603_gui/brl_server.log,tomato,1,pomdp,20261001_223603_gui,3998,0ea6a105b002110b17476e7b8439f7469ea517e2a8a239fccb50c3ab1004c6d9
collect_exp/logs/03_BRL_TOMATO/logs/master/20261001_223603_gui/environment_setup.log,00_raw/tomato/scene_01/pomdp/20261001_223603_gui/environment_setup.log,tomato,1,pomdp,20261001_223603_gui,1675,32e92cc35c085c94d2b15de5f348754452887f64a06de743256556983b98b47e
collect_exp/logs/03_BRL_TOMATO/logs/master/20261001_223603_gui/feedback_manager.log,00_raw/tomato/scene_01/pomdp/20261001_223603_gui/feedback_manager.log,tomato,1,pomdp,20261001_223603_gui,29792,64227d7057329879bc86bdfddeeae2fac8b64aa7df79faabff05196dfc0653f8
collect_exp/logs/03_BRL_TOMATO/logs/master/20261001_223603_gui/frontend.log,00_raw/tomato/scene_01/pomdp/20261001_223603_gui/frontend.log,tomato,1,pomdp,20261001_223603_gui,1990,69bb30f329d8a93d88bcf027e282e5ad3b18fa70d6b4e4e7895222a96866d793
collect_exp/logs/03_BRL_TOMATO/logs/master/20261001_223603_gui/knowledge_graph.log,00_raw/tomato/scene_01/pomdp/20261001_223603_gui/knowledge_graph.log,tomato,1,pomdp,20261001_223603_gui,18069,8979e28688f4a9070e87bbddb3f0cb96e817a0d3862e8e67025904cf789b1f22
collect_exp/logs/03_BRL_TOMATO/logs/master/20261001_223603_gui/planner.log,00_raw/tomato/scene_01/pomdp/20261001_223603_gui/planner.log,tomato,1,pomdp,20261001_223603_gui,22900,4fdd6b527d08ee915a8a92b72b0300503d348f49847cc31ee9e9f9530bb4397a
collect_exp/logs/03_BRL_TOMATO/logs/master/20261001_223603_gui/planner_experiments/exp_tomato_20261001_223937_569971.txt,00_raw/tomato/scene_01/pomdp/20261001_223603_gui/planner_experiments/exp_tomato_20261001_223937_569971.txt,tomato,1,pomdp,20261001_223603_gui,8152,519b7bb9344787c89aa2ce49d43fc5de16a77d4b3d38f7d7e6542d63007b5538
collect_exp/logs/03_BRL_TOMATO/logs/master/20261001_223603_gui/recordings/pomdp_planner_scene1_20261001_223640_918293/recording.json,00_raw/tomato/scene_01/pomdp/20261001_223603_gui/recordings/pomdp_planner_scene1_20261001_223640_918293/recording.json,tomato,1,pomdp,20261001_223603_gui,664,168e59c7b2d98913587f851d9d757b893a6ed2deb6d0635d5fea6d8856ee3dd3
collect_exp/logs/03_BRL_TOMATO/logs/master/20261001_224024_gui_pomdp_scene2/brl_sensor.log,00_raw/tomato/scene_02/pomdp/20261001_224024_gui_pomdp_scene2/brl_sensor.log,tomato,2,pomdp,20261001_224024_gui_pomdp_scene2,18521,31c759efe3d44b1b711910be6e08fda79f28077a892ee63941144ab4136ce544
collect_exp/logs/03_BRL_TOMATO/logs/master/20261001_224024_gui_pomdp_scene2/brl_server.log,00_raw/tomato/scene_02/pomdp/20261001_224024_gui_pomdp_scene2/brl_server.log,tomato,2,pomdp,20261001_224024_gui_pomdp_scene2,3998,0796d75c3a2297980de138477891f40504a296590ef8c0523ef98910b9c22061
collect_exp/logs/03_BRL_TOMATO/logs/master/20261001_224024_gui_pomdp_scene2/environment_setup.log,00_raw/tomato/scene_02/pomdp/20261001_224024_gui_pomdp_scene2/environment_setup.log,tomato,2,pomdp,20261001_224024_gui_pomdp_scene2,1675,ef19376c76c6ce31623dcb70b305e03a3530ac919dda0ffa3329426cc9368e5a
collect_exp/logs/03_BRL_TOMATO/logs/master/20261001_224024_gui_pomdp_scene2/feedback_manager.log,00_raw/tomato/scene_02/pomdp/20261001_224024_gui_pomdp_scene2/feedback_manager.log,tomato,2,pomdp,20261001_224024_gui_pomdp_scene2,29829,a94454b9dff8e80da3929f943af06e5635ccb9686b3a3b5b5180150f8656336c
collect_exp/logs/03_BRL_TOMATO/logs/master/20261001_224024_gui_pomdp_scene2/frontend.log,00_raw/tomato/scene_02/pomdp/20261001_224024_gui_pomdp_scene2/frontend.log,tomato,2,pomdp,20261001_224024_gui_pomdp_scene2,1989,8dfa6b1b36f52b45034dd009c1a59862fdaca5ad0c68d14ef538949d16459ca4
collect_exp/logs/03_BRL_TOMATO/logs/master/20261001_224024_gui_pomdp_scene2/knowledge_graph.log,00_raw/tomato/scene_02/pomdp/20261001_224024_gui_pomdp_scene2/knowledge_graph.log,tomato,2,pomdp,20261001_224024_gui_pomdp_scene2,15847,f75d12e47133df51adb324a82415822a0962d9d94805faeee9f4118adccc02d1
collect_exp/logs/03_BRL_TOMATO/logs/master/20261001_224024_gui_pomdp_scene2/planner.log,00_raw/tomato/scene_02/pomdp/20261001_224024_gui_pomdp_scene2/planner.log,tomato,2,pomdp,20261001_224024_gui_pomdp_scene2,22913,3d7d12f861c689e1728491bb26e2cb7004be7d77f120df08cd0f96a14bdcf5f5
collect_exp/logs/03_BRL_TOMATO/logs/master/20261001_224024_gui_pomdp_scene2/planner_experiments/exp_tomato_20261001_224336_361397.txt,00_raw/tomato/scene_02/pomdp/20261001_224024_gui_pomdp_scene2/planner_experiments/exp_tomato_20261001_224336_361397.txt,tomato,2,pomdp,20261001_224024_gui_pomdp_scene2,8287,81a529faa14483246efb85e0ea3252e458af4103122d9c54b1094b5bd65bfe8f
collect_exp/logs/03_BRL_TOMATO/logs/master/20261001_224024_gui_pomdp_scene2/recordings/pomdp_planner_scene2_20261001_224047_093949/recording.json,00_raw/tomato/scene_02/pomdp/20261001_224024_gui_pomdp_scene2/recordings/pomdp_planner_scene2_20261001_224047_093949/recording.json,tomato,2,pomdp,20261001_224024_gui_pomdp_scene2,677,bf34518a7f7583e0d344e10c0f34f2e3010b36202b1cb1df2cd42f78406e539d
collect_exp/logs/03_BRL_TOMATO/logs/master/20261001_224706_gui/brl_sensor.log,00_raw/tomato/scene_02/pomdp/20261001_224706_gui/brl_sensor.log,tomato,2,pomdp,20261001_224706_gui,21899,329087e387cecd45367502290b3f76418bf3406fb2c97f9c723b139bffd59be5
collect_exp/logs/03_BRL_TOMATO/logs/master/20261001_224706_gui/brl_server.log,00_raw/tomato/scene_02/pomdp/20261001_224706_gui/brl_server.log,tomato,2,pomdp,20261001_224706_gui,4006,50546704a21714274d67127109c30667ea3f4588c73115547c30c1b8167ad046
collect_exp/logs/03_BRL_TOMATO/logs/master/20261001_224706_gui/environment_setup.log,00_raw/tomato/scene_02/pomdp/20261001_224706_gui/environment_setup.log,tomato,2,pomdp,20261001_224706_gui,1675,0259ddb533049a70f3daddb00ae4f38f54ac7aca6997d25e435389a448e1fa0c
collect_exp/logs/03_BRL_TOMATO/logs/master/20261001_224706_gui/feedback_manager.log,00_raw/tomato/scene_02/pomdp/20261001_224706_gui/feedback_manager.log,tomato,2,pomdp,20261001_224706_gui,33509,d0a7243b250822700f492f843590b29aa8d8005515cb46260ad386cc8058ed2d
collect_exp/logs/03_BRL_TOMATO/logs/master/20261001_224706_gui/frontend.log,00_raw/tomato/scene_02/pomdp/20261001_224706_gui/frontend.log,tomato,2,pomdp,20261001_224706_gui,1990,d56798c4cf08edebc94f520590f7bc8ac1778d02a169e637521ef100f7052ede
collect_exp/logs/03_BRL_TOMATO/logs/master/20261001_224706_gui/knowledge_graph.log,00_raw/tomato/scene_02/pomdp/20261001_224706_gui/knowledge_graph.log,tomato,2,pomdp,20261001_224706_gui,15754,e952a89f3552da668187330fe397e8103181b35513f049e8a5909f3ab6ea9494
collect_exp/logs/03_BRL_TOMATO/logs/master/20261001_224706_gui/planner.log,00_raw/tomato/scene_02/pomdp/20261001_224706_gui/planner.log,tomato,2,pomdp,20261001_224706_gui,23144,7a1e557433ae56305988271df002fe30ef8343cd51d1f6eaf8ae4c5342a68d5e
collect_exp/logs/03_BRL_TOMATO/logs/master/20261001_224706_gui/planner_experiments/exp_tomato_20261001_225019_735655.txt,00_raw/tomato/scene_02/pomdp/20261001_224706_gui/planner_experiments/exp_tomato_20261001_225019_735655.txt,tomato,2,pomdp,20261001_224706_gui,8406,f2f6cb3b10ac1df75cefc50e1d9bc0da342fdd50caf0dbd4dd0dd0eb2b19166f
collect_exp/logs/03_BRL_TOMATO/logs/master/20261001_224706_gui/recordings/pomdp_planner_scene2_20261001_224724_556321/recording.json,00_raw/tomato/scene_02/pomdp/20261001_224706_gui/recordings/pomdp_planner_scene2_20261001_224724_556321/recording.json,tomato,2,pomdp,20261001_224706_gui,676,a59ce60a55eb6dc6cce90c2ec7555a87bc731831200c1d955f764b7a61fd0a1c
collect_exp/logs/03_BRL_TOMATO/logs/master/20261001_225035_gui/brl_sensor.log,00_raw/tomato/scene_02/pomdp/20261001_225035_gui/brl_sensor.log,tomato,2,pomdp,20261001_225035_gui,38231,2d1a3a6791e0a1a6aeb4928109a114cc6f1515be4144729b45a266d625ed2e90
collect_exp/logs/03_BRL_TOMATO/logs/master/20261001_225035_gui/brl_server.log,00_raw/tomato/scene_02/pomdp/20261001_225035_gui/brl_server.log,tomato,2,pomdp,20261001_225035_gui,3929,e51524550f1508ffed3b45540e1a8c0ae575ecd37c5afcfbb73acf6f1dd67be5
collect_exp/logs/03_BRL_TOMATO/logs/master/20261001_225035_gui/environment_setup.log,00_raw/tomato/scene_02/pomdp/20261001_225035_gui/environment_setup.log,tomato,2,pomdp,20261001_225035_gui,1675,d9c2e4360e1bed727088de00e833eb46ff92d98da886d24889ea0c799557b6cf
collect_exp/logs/03_BRL_TOMATO/logs/master/20261001_225035_gui/feedback_manager.log,00_raw/tomato/scene_02/pomdp/20261001_225035_gui/feedback_manager.log,tomato,2,pomdp,20261001_225035_gui,29828,a28fd18beaa332bd21f3e6cd66e3038423badd64ea2910d8073e9ce025dfdcdb
collect_exp/logs/03_BRL_TOMATO/logs/master/20261001_225035_gui/frontend.log,00_raw/tomato/scene_02/pomdp/20261001_225035_gui/frontend.log,tomato,2,pomdp,20261001_225035_gui,1990,22af0340b8b242ff646d50017f2b6177a1147b1f80f934e9f74fcf3d0f8682b4
collect_exp/logs/03_BRL_TOMATO/logs/master/20261001_225035_gui/knowledge_graph.log,00_raw/tomato/scene_02/pomdp/20261001_225035_gui/knowledge_graph.log,tomato,2,pomdp,20261001_225035_gui,22689,443f3c2c426809939fffa095b24af2368182969888d22d5e4b5aebf0bb0d9b0e
collect_exp/logs/03_BRL_TOMATO/logs/master/20261001_225035_gui/planner.log,00_raw/tomato/scene_02/pomdp/20261001_225035_gui/planner.log,tomato,2,pomdp,20261001_225035_gui,23359,6d0901fbe07fdb571bec1b30cd1f6e37ec3150337db5efa5b10ac207379949ec
collect_exp/logs/03_BRL_TOMATO/logs/master/20261001_225035_gui/planner_experiments/exp_tomato_20261001_225357_728477.txt,00_raw/tomato/scene_02/pomdp/20261001_225035_gui/planner_experiments/exp_tomato_20261001_225357_728477.txt,tomato,2,pomdp,20261001_225035_gui,8272,23ceec3b8f5253cfc3b39df6f42604ba258f71a33d4b785d0ae4b4aa51b6a112
collect_exp/logs/03_BRL_TOMATO/logs/master/20261001_225035_gui/recordings/pomdp_planner_scene2_20261001_225101_250804/recording.json,00_raw/tomato/scene_02/pomdp/20261001_225035_gui/recordings/pomdp_planner_scene2_20261001_225101_250804/recording.json,tomato,2,pomdp,20261001_225035_gui,677,702802038e528072359f4ecbec5c7421ab647595fae17e43813e31177b71cfcf
collect_exp/logs/03_BRL_TOMATO/logs/master/20261001_225627_gui/brl_sensor.log,00_raw/tomato/scene_02/pomdp/20261001_225627_gui/brl_sensor.log,tomato,2,pomdp,20261001_225627_gui,35038,0f84a1bbf577862190441c1f490acbef1f195653e249a62e8af7026390d3be62
collect_exp/logs/03_BRL_TOMATO/logs/master/20261001_225627_gui/brl_server.log,00_raw/tomato/scene_02/pomdp/20261001_225627_gui/brl_server.log,tomato,2,pomdp,20261001_225627_gui,4342,d94fb8ab15662680dbc94a33fead349f7d20b4e392e328bcb62b6ad57b5233d1
collect_exp/logs/03_BRL_TOMATO/logs/master/20261001_225627_gui/environment_setup.log,00_raw/tomato/scene_02/pomdp/20261001_225627_gui/environment_setup.log,tomato,2,pomdp,20261001_225627_gui,1675,326ca8b6abefee57094946bb53ac597cdb0680a6ea0be80faa72e9882af64a28
collect_exp/logs/03_BRL_TOMATO/logs/master/20261001_225627_gui/feedback_manager.log,00_raw/tomato/scene_02/pomdp/20261001_225627_gui/feedback_manager.log,tomato,2,pomdp,20261001_225627_gui,45201,90576d1e5714d6f222ba063e37c129c25118bee857bb4edd27bb76f6ffe901bf
collect_exp/logs/03_BRL_TOMATO/logs/master/20261001_225627_gui/frontend.log,00_raw/tomato/scene_02/pomdp/20261001_225627_gui/frontend.log,tomato,2,pomdp,20261001_225627_gui,1990,07e22b8472bd95626254aae9bd22de07ce3e9ac50957af19203b7de3acc7258b
collect_exp/logs/03_BRL_TOMATO/logs/master/20261001_225627_gui/knowledge_graph.log,00_raw/tomato/scene_02/pomdp/20261001_225627_gui/knowledge_graph.log,tomato,2,pomdp,20261001_225627_gui,19552,84002067b9d9e742e21564889451ea02da642401405d6177e9adf3ca9e0bf038
collect_exp/logs/03_BRL_TOMATO/logs/master/20261001_225627_gui/planner.log,00_raw/tomato/scene_02/pomdp/20261001_225627_gui/planner.log,tomato,2,pomdp,20261001_225627_gui,26014,471d07b4b66b4ff8a28874e289cecde43d0c52425e89152403a39362d6275bee
collect_exp/logs/03_BRL_TOMATO/logs/master/20261001_225627_gui/planner_experiments/exp_tomato_20261001_230047_572998.txt,00_raw/tomato/scene_02/pomdp/20261001_225627_gui/planner_experiments/exp_tomato_20261001_230047_572998.txt,tomato,2,pomdp,20261001_225627_gui,9182,c0b02be1165a9703de95e33fe40c30412b7d4a0d7458c54204999bab04f213e3
collect_exp/logs/03_BRL_TOMATO/logs/master/20261001_225627_gui/recordings/pomdp_planner_scene2_20261001_225719_836896/recording.json,00_raw/tomato/scene_02/pomdp/20261001_225627_gui/recordings/pomdp_planner_scene2_20261001_225719_836896/recording.json,tomato,2,pomdp,20261001_225627_gui,675,22bda5fd87514f567d06c1dc74458fc28fbd9b46ab14c3186b624ca6620fdb81
collect_exp/logs/03_BRL_TOMATO/logs/master/20261002_092931_gui/brl_sensor.log,00_raw/tomato/scene_02/pomdp/20261002_092931_gui/brl_sensor.log,tomato,2,pomdp,20261002_092931_gui,18880,1cc4494a5d27b95bd93f6764badf94bfcf9e26d23271df7e7024764d3a04ba09
collect_exp/logs/03_BRL_TOMATO/logs/master/20261002_092931_gui/brl_server.log,00_raw/tomato/scene_02/pomdp/20261002_092931_gui/brl_server.log,tomato,2,pomdp,20261002_092931_gui,4345,290ba78655d9fd30758e89bee32b31416ca51aadd2603bc6f3bf58c91764bce0
collect_exp/logs/03_BRL_TOMATO/logs/master/20261002_092931_gui/environment_setup.log,00_raw/tomato/scene_02/pomdp/20261002_092931_gui/environment_setup.log,tomato,2,pomdp,20261002_092931_gui,1675,2b8132b60f0a4e70e27152a20dcb0e928bb6c3285cd090cff4e1fa73055af1b8
collect_exp/logs/03_BRL_TOMATO/logs/master/20261002_092931_gui/feedback_manager.log,00_raw/tomato/scene_02/pomdp/20261002_092931_gui/feedback_manager.log,tomato,2,pomdp,20261002_092931_gui,42524,6ffb700e20cbbf327c1033c3e1583cfe31db48a3da4c8546b67c501c2fda5729
collect_exp/logs/03_BRL_TOMATO/logs/master/20261002_092931_gui/frontend.log,00_raw/tomato/scene_02/pomdp/20261002_092931_gui/frontend.log,tomato,2,pomdp,20261002_092931_gui,1987,75e808ffea4cd63acb57410ab6045b95875bc5f85a7a65dade5d355521a0574a
collect_exp/logs/03_BRL_TOMATO/logs/master/20261002_092931_gui/knowledge_graph.log,00_raw/tomato/scene_02/pomdp/20261002_092931_gui/knowledge_graph.log,tomato,2,pomdp,20261002_092931_gui,18135,d7edcf129ae125029ec8dd2de3224486da98fa27121bec3c6d3c180c6bbc4f84
collect_exp/logs/03_BRL_TOMATO/logs/master/20261002_092931_gui/planner.log,00_raw/tomato/scene_02/pomdp/20261002_092931_gui/planner.log,tomato,2,pomdp,20261002_092931_gui,24263,59ab7657f35ac52e22d256bfcc3c80058914db79879cebde974df127a852ca73
collect_exp/logs/03_BRL_TOMATO/logs/master/20261002_092931_gui/planner_experiments/exp_tomato_20261002_093314_445710.txt,00_raw/tomato/scene_02/pomdp/20261002_092931_gui/planner_experiments/exp_tomato_20261002_093314_445710.txt,tomato,2,pomdp,20261002_092931_gui,8720,303a29037fb1f5be74ab09db3300c9c8f2424c8dbf6fefc590fea8af07f8eb4c
collect_exp/logs/03_BRL_TOMATO/logs/master/20261002_092931_gui/recordings/pomdp_planner_scene2_20261002_093012_172835/recording.json,00_raw/tomato/scene_02/pomdp/20261002_092931_gui/recordings/pomdp_planner_scene2_20261002_093012_172835/recording.json,tomato,2,pomdp,20261002_092931_gui,677,85eb1334f6eb5cbfc1fc5f3facb7b3f600fd0ff46659bb217bc5e6e49d61d842
collect_exp/logs/03_BRL_TOMATO/logs/master/20261002_093343_gui/brl_sensor.log,00_raw/tomato/scene_02/pomdp/20261002_093343_gui/brl_sensor.log,tomato,2,pomdp,20261002_093343_gui,21761,04c944fde2f670ca72926ce28413b6e7cc68ae90ca1c094494c66bff68fe2529
collect_exp/logs/03_BRL_TOMATO/logs/master/20261002_093343_gui/brl_server.log,00_raw/tomato/scene_02/pomdp/20261002_093343_gui/brl_server.log,tomato,2,pomdp,20261002_093343_gui,4430,a57b41bacd35e8cd87ab8aabf39c31125be67cbe2260e3f1187cf2727341f24f
collect_exp/logs/03_BRL_TOMATO/logs/master/20261002_093343_gui/environment_setup.log,00_raw/tomato/scene_02/pomdp/20261002_093343_gui/environment_setup.log,tomato,2,pomdp,20261002_093343_gui,1675,5dc5a24be53d3a357fc88121aa8174cdea8469235b345628ff66bdb911a13f0c
collect_exp/logs/03_BRL_TOMATO/logs/master/20261002_093343_gui/feedback_manager.log,00_raw/tomato/scene_02/pomdp/20261002_093343_gui/feedback_manager.log,tomato,2,pomdp,20261002_093343_gui,52729,5e0f9be148faffe4f38a333a14e6c984375c5395ca73fe877543d2478a5ca15d
collect_exp/logs/03_BRL_TOMATO/logs/master/20261002_093343_gui/frontend.log,00_raw/tomato/scene_02/pomdp/20261002_093343_gui/frontend.log,tomato,2,pomdp,20261002_093343_gui,1987,a0a5b810a734bcda5ec4c5de7680a1d3871854e6cf8eb2abad0bf4fc44741308
collect_exp/logs/03_BRL_TOMATO/logs/master/20261002_093343_gui/knowledge_graph.log,00_raw/tomato/scene_02/pomdp/20261002_093343_gui/knowledge_graph.log,tomato,2,pomdp,20261002_093343_gui,19985,91c1e53bc41dfe6c4219b4147fe9a117d5830684e70e8bab8bb6326a7183f300
collect_exp/logs/03_BRL_TOMATO/logs/master/20261002_093343_gui/planner.log,00_raw/tomato/scene_02/pomdp/20261002_093343_gui/planner.log,tomato,2,pomdp,20261002_093343_gui,29426,2cf94f2d30cde71306e6f4f6e9f8ce28efe6d270a56978f5c0b1ce10a6cbdae6
collect_exp/logs/03_BRL_TOMATO/logs/master/20261002_093343_gui/planner_experiments/exp_tomato_20261002_093737_537055.txt,00_raw/tomato/scene_02/pomdp/20261002_093343_gui/planner_experiments/exp_tomato_20261002_093737_537055.txt,tomato,2,pomdp,20261002_093343_gui,10113,ce72e77b23d6dd773594fc3ca7ba8a483d881ed19b6fec44f9c82675df9e3286
collect_exp/logs/03_BRL_TOMATO/logs/master/20261002_093343_gui/recordings/pomdp_planner_scene2_20261002_093403_955885/recording.json,00_raw/tomato/scene_02/pomdp/20261002_093343_gui/recordings/pomdp_planner_scene2_20261002_093403_955885/recording.json,tomato,2,pomdp,20261002_093343_gui,677,91bd50d999cd88ee33e20f772a44428912e11884725465471b9f071f7ddc9a86
collect_exp/logs/03_BRL_TOMATO/logs/master/20261002_093823_gui/brl_sensor.log,00_raw/tomato/scene_02/pomdp/20261002_093823_gui/brl_sensor.log,tomato,2,pomdp,20261002_093823_gui,20058,d11500680dcdddb6c8097861218ff16cd732408c57bb69cbbd2f600b4cee0578
collect_exp/logs/03_BRL_TOMATO/logs/master/20261002_093823_gui/brl_server.log,00_raw/tomato/scene_02/pomdp/20261002_093823_gui/brl_server.log,tomato,2,pomdp,20261002_093823_gui,4086,ae1cef93b6c1b9c36ef8227521663cdde9e9b3f5699610d4f855e756c5baee55
collect_exp/logs/03_BRL_TOMATO/logs/master/20261002_093823_gui/environment_setup.log,00_raw/tomato/scene_02/pomdp/20261002_093823_gui/environment_setup.log,tomato,2,pomdp,20261002_093823_gui,1675,b671aa6856108e9889aa53e28ad009b541f7551d55eb7fd0723b231649f31661
collect_exp/logs/03_BRL_TOMATO/logs/master/20261002_093823_gui/feedback_manager.log,00_raw/tomato/scene_02/pomdp/20261002_093823_gui/feedback_manager.log,tomato,2,pomdp,20261002_093823_gui,37290,a5b714e486ecde1c5bbdbec10d32a2675345c2472d8e63d729e28c7da55cf9c4
collect_exp/logs/03_BRL_TOMATO/logs/master/20261002_093823_gui/frontend.log,00_raw/tomato/scene_02/pomdp/20261002_093823_gui/frontend.log,tomato,2,pomdp,20261002_093823_gui,1988,5447919b8392946a73a362423c025dcf6242a66608fe5856e91d786575bd5eb3
collect_exp/logs/03_BRL_TOMATO/logs/master/20261002_093823_gui/knowledge_graph.log,00_raw/tomato/scene_02/pomdp/20261002_093823_gui/knowledge_graph.log,tomato,2,pomdp,20261002_093823_gui,16440,e06d8a2b3c0cbffe1224b78ab4f710327307f63d19afad2014949c19fa7de982
collect_exp/logs/03_BRL_TOMATO/logs/master/20261002_093823_gui/planner.log,00_raw/tomato/scene_02/pomdp/20261002_093823_gui/planner.log,tomato,2,pomdp,20261002_093823_gui,23289,a4cd94eadcc04dbd22856cdd8c646ddf9a9e6cf6041d081fb039263bc4fc54b6
collect_exp/logs/03_BRL_TOMATO/logs/master/20261002_093823_gui/planner_experiments/exp_tomato_20261002_094137_751567.txt,00_raw/tomato/scene_02/pomdp/20261002_093823_gui/planner_experiments/exp_tomato_20261002_094137_751567.txt,tomato,2,pomdp,20261002_093823_gui,8489,5d3cd52257cb47e5e0580ac11b66985085d67c3955e20ddefc5c552baeb08869
collect_exp/logs/03_BRL_TOMATO/logs/master/20261002_093823_gui/recordings/pomdp_planner_scene2_20261002_093841_331600/recording.json,00_raw/tomato/scene_02/pomdp/20261002_093823_gui/recordings/pomdp_planner_scene2_20261002_093841_331600/recording.json,tomato,2,pomdp,20261002_093823_gui,662,4a8babf40295ffb0e6d5c6c17ad9b15dea9ccde6222bbbed6084ae80a4441a75
collect_exp/logs/03_BRL_TOMATO/logs/master/20261002_094153_gui/brl_sensor.log,00_raw/tomato/scene_02/pomdp/20261002_094153_gui/brl_sensor.log,tomato,2,pomdp,20261002_094153_gui,17666,7fcbf038eaceb897e47d83852b4c0a740496344fb42a7b6f0d3b375e49a35fd5
collect_exp/logs/03_BRL_TOMATO/logs/master/20261002_094153_gui/brl_server.log,00_raw/tomato/scene_02/pomdp/20261002_094153_gui/brl_server.log,tomato,2,pomdp,20261002_094153_gui,4001,8e3279c67a2c0fdaf198aa08af283c9771c06e50d93fe68af1dcdd383032f83a
collect_exp/logs/03_BRL_TOMATO/logs/master/20261002_094153_gui/environment_setup.log,00_raw/tomato/scene_02/pomdp/20261002_094153_gui/environment_setup.log,tomato,2,pomdp,20261002_094153_gui,1675,379d4086eaef4dfa018415bc160a945ffbfc9088a0bb12dd50e0246a22fdafb3
collect_exp/logs/03_BRL_TOMATO/logs/master/20261002_094153_gui/feedback_manager.log,00_raw/tomato/scene_02/pomdp/20261002_094153_gui/feedback_manager.log,tomato,2,pomdp,20261002_094153_gui,29765,a9eafa158ef76494d0606613d186ff5e2fb3ef5f3f613ceb3bf26da0fd2142c4
collect_exp/logs/03_BRL_TOMATO/logs/master/20261002_094153_gui/frontend.log,00_raw/tomato/scene_02/pomdp/20261002_094153_gui/frontend.log,tomato,2,pomdp,20261002_094153_gui,1987,2a842c4377cbcf1f5de0e65866dda615fb354e585368e129995df8494232509d
collect_exp/logs/03_BRL_TOMATO/logs/master/20261002_094153_gui/knowledge_graph.log,00_raw/tomato/scene_02/pomdp/20261002_094153_gui/knowledge_graph.log,tomato,2,pomdp,20261002_094153_gui,16908,46d2e2f1914421e261a0cf8843af5963c70c527490a4ca39b929f860c0c35688
collect_exp/logs/03_BRL_TOMATO/logs/master/20261002_094153_gui/planner.log,00_raw/tomato/scene_02/pomdp/20261002_094153_gui/planner.log,tomato,2,pomdp,20261002_094153_gui,22830,738bcc18cc433e13b17ee4b1573936f261f156963be016dade497773d10be4c2
collect_exp/logs/03_BRL_TOMATO/logs/master/20261002_094153_gui/planner_experiments/exp_tomato_20261002_094526_489511.txt,00_raw/tomato/scene_02/pomdp/20261002_094153_gui/planner_experiments/exp_tomato_20261002_094526_489511.txt,tomato,2,pomdp,20261002_094153_gui,8258,479cf38e46a43ba7b88bb0ba4b170b4a528c78c4def505755ac06df5ef02a22e
collect_exp/logs/03_BRL_TOMATO/logs/master/20261002_094153_gui/recordings/pomdp_planner_scene2_20261002_094232_548636/recording.json,00_raw/tomato/scene_02/pomdp/20261002_094153_gui/recordings/pomdp_planner_scene2_20261002_094232_548636/recording.json,tomato,2,pomdp,20261002_094153_gui,677,018807a1466abd9de08ce4c6c2a9854fa095b43c306723bc9644736a1ffe56f7
collect_exp/logs/03_BRL_TOMATO/logs/master/20261002_094550_gui/brl_sensor.log,00_raw/tomato/scene_02/pomdp/20261002_094550_gui/brl_sensor.log,tomato,2,pomdp,20261002_094550_gui,26800,55093359786e65c46711d0525ca3af82a34f104105e2572a23111df4a193eaaa
collect_exp/logs/03_BRL_TOMATO/logs/master/20261002_094550_gui/brl_server.log,00_raw/tomato/scene_02/pomdp/20261002_094550_gui/brl_server.log,tomato,2,pomdp,20261002_094550_gui,4155,92b159dc18908d558a34f26ac0d4d288a62ce83f53ca4f11794da42318f95691
collect_exp/logs/03_BRL_TOMATO/logs/master/20261002_094550_gui/environment_setup.log,00_raw/tomato/scene_02/pomdp/20261002_094550_gui/environment_setup.log,tomato,2,pomdp,20261002_094550_gui,1675,237dc416c14956348ead6cd2b6e35cbd533560be55ba7af300d41e7c0d26be73
collect_exp/logs/03_BRL_TOMATO/logs/master/20261002_094550_gui/feedback_manager.log,00_raw/tomato/scene_02/pomdp/20261002_094550_gui/feedback_manager.log,tomato,2,pomdp,20261002_094550_gui,37303,5b3e615ae92e564bc09ad6a9286e37aa1096758798ebac16fcc41594e7a8d455
collect_exp/logs/03_BRL_TOMATO/logs/master/20261002_094550_gui/frontend.log,00_raw/tomato/scene_02/pomdp/20261002_094550_gui/frontend.log,tomato,2,pomdp,20261002_094550_gui,1988,b727939a2973a84e46437e4682deec958a7a0007db85253e02680b8cfc9d2518
collect_exp/logs/03_BRL_TOMATO/logs/master/20261002_094550_gui/knowledge_graph.log,00_raw/tomato/scene_02/pomdp/20261002_094550_gui/knowledge_graph.log,tomato,2,pomdp,20261002_094550_gui,16810,8927e083e7fcf30e63d74d397957b8b3d2916d1c8f111cf57fc281df37d337ad
collect_exp/logs/03_BRL_TOMATO/logs/master/20261002_094550_gui/planner.log,00_raw/tomato/scene_02/pomdp/20261002_094550_gui/planner.log,tomato,2,pomdp,20261002_094550_gui,23883,1ea59a190ccaa09b6ec9a6c4f3c681bcf1cec58bf82975d45fedbdfdf1d415eb
collect_exp/logs/03_BRL_TOMATO/logs/master/20261002_094550_gui/planner_experiments/exp_tomato_20261002_094916_136592.txt,00_raw/tomato/scene_02/pomdp/20261002_094550_gui/planner_experiments/exp_tomato_20261002_094916_136592.txt,tomato,2,pomdp,20261002_094550_gui,8644,6481d0edae26ea533008d57ade10528d323644dc1a799280a09de629e5b7ceaa
collect_exp/logs/03_BRL_TOMATO/logs/master/20261002_094550_gui/recordings/pomdp_planner_scene2_20261002_094615_082541/recording.json,00_raw/tomato/scene_02/pomdp/20261002_094550_gui/recordings/pomdp_planner_scene2_20261002_094615_082541/recording.json,tomato,2,pomdp,20261002_094550_gui,663,90fb06d304aa068c6a53ccc87b422e9040d876e860797499c2ae3835a96b8787
collect_exp/logs/03_BRL_TOMATO/logs/master/20261002_094931_gui/brl_sensor.log,00_raw/tomato/scene_02/pomdp/20261002_094931_gui/brl_sensor.log,tomato,2,pomdp,20261002_094931_gui,21706,a1ab9aa42e9d1eb7582f0939011e92eff4a8eff0fce3536a10e4803a9dfb7f9b
collect_exp/logs/03_BRL_TOMATO/logs/master/20261002_094931_gui/brl_server.log,00_raw/tomato/scene_02/pomdp/20261002_094931_gui/brl_server.log,tomato,2,pomdp,20261002_094931_gui,4322,75d8a73aaa99996e310c521ce94b2fcd3af941241a6499008629a56510cdb95d
collect_exp/logs/03_BRL_TOMATO/logs/master/20261002_094931_gui/environment_setup.log,00_raw/tomato/scene_02/pomdp/20261002_094931_gui/environment_setup.log,tomato,2,pomdp,20261002_094931_gui,1675,201891303adc5c809f6e83577aa67c17ea0d993f168576e1c903f5e37510a344
collect_exp/logs/03_BRL_TOMATO/logs/master/20261002_094931_gui/feedback_manager.log,00_raw/tomato/scene_02/pomdp/20261002_094931_gui/feedback_manager.log,tomato,2,pomdp,20261002_094931_gui,47562,4b2c40fc1d6dd790d9366f4e3766e91d882a73e33b84260ed399746cebd672bb
collect_exp/logs/03_BRL_TOMATO/logs/master/20261002_094931_gui/frontend.log,00_raw/tomato/scene_02/pomdp/20261002_094931_gui/frontend.log,tomato,2,pomdp,20261002_094931_gui,1988,bfde9e5a31e0806edac7756e2db642e02147a8aa99411af5844137f293fe3ad5
collect_exp/logs/03_BRL_TOMATO/logs/master/20261002_094931_gui/knowledge_graph.log,00_raw/tomato/scene_02/pomdp/20261002_094931_gui/knowledge_graph.log,tomato,2,pomdp,20261002_094931_gui,19035,d02a48417db87e699970c37532374f07cac4b720eacf8b99c94beca542459b32
collect_exp/logs/03_BRL_TOMATO/logs/master/20261002_094931_gui/planner.log,00_raw/tomato/scene_02/pomdp/20261002_094931_gui/planner.log,tomato,2,pomdp,20261002_094931_gui,25104,7527aed8af21d69611111d90d685d0e5f61bc9706bf8ee25fb7b637e958eba66
collect_exp/logs/03_BRL_TOMATO/logs/master/20261002_094931_gui/planner_experiments/exp_tomato_20261002_095337_941981.txt,00_raw/tomato/scene_02/pomdp/20261002_094931_gui/planner_experiments/exp_tomato_20261002_095337_941981.txt,tomato,2,pomdp,20261002_094931_gui,9264,923ad344114d00b8098399d784f1b3e792b9603903593593e52a1129421235b5
collect_exp/logs/03_BRL_TOMATO/logs/master/20261002_094931_gui/recordings/pomdp_planner_scene2_20261002_095024_871407/recording.json,00_raw/tomato/scene_02/pomdp/20261002_094931_gui/recordings/pomdp_planner_scene2_20261002_095024_871407/recording.json,tomato,2,pomdp,20261002_094931_gui,676,4cdfd1c352aeda9d553c5f6b61cd23adfcc2ca357f5f0289c9ccb7b98edf1876
collect_exp/logs/03_BRL_TOMATO/logs/master/20261005_125507_gui_knowno_scene2/brl_sensor.log,00_raw/tomato/scene_02/knowno/20261005_125507_gui_knowno_scene2/brl_sensor.log,tomato,2,knowno,20261005_125507_gui_knowno_scene2,13641,44fe91a89dc61330bbd5fdf964c3ac40ed35027e61bc13d0026ab3a79be0253e
collect_exp/logs/03_BRL_TOMATO/logs/master/20261005_125507_gui_knowno_scene2/brl_server.log,00_raw/tomato/scene_02/knowno/20261005_125507_gui_knowno_scene2/brl_server.log,tomato,2,knowno,20261005_125507_gui_knowno_scene2,3550,99d51a518dcd63dc2529a3820522e4d3465ea9ae6bf57d1052ae27328c27f0fa
collect_exp/logs/03_BRL_TOMATO/logs/master/20261005_125507_gui_knowno_scene2/environment_setup.log,00_raw/tomato/scene_02/knowno/20261005_125507_gui_knowno_scene2/environment_setup.log,tomato,2,knowno,20261005_125507_gui_knowno_scene2,1675,7eeb15aef2c29e828e6430e79e24931dd151e5de62870b941c28751c7df69ac6
collect_exp/logs/03_BRL_TOMATO/logs/master/20261005_125507_gui_knowno_scene2/feedback_manager.log,00_raw/tomato/scene_02/knowno/20261005_125507_gui_knowno_scene2/feedback_manager.log,tomato,2,knowno,20261005_125507_gui_knowno_scene2,7038,08abaf82e1a596325300874a37fa89da0b9f2d8e347e3edbc17dc7558fafbb2c
collect_exp/logs/03_BRL_TOMATO/logs/master/20261005_125507_gui_knowno_scene2/frontend.log,00_raw/tomato/scene_02/knowno/20261005_125507_gui_knowno_scene2/frontend.log,tomato,2,knowno,20261005_125507_gui_knowno_scene2,1990,822130b2c0d1c0b78c6b941202b98f4c9b166f09adf3522eae1999011103beaf
collect_exp/logs/03_BRL_TOMATO/logs/master/20261005_125507_gui_knowno_scene2/knowledge_graph.log,00_raw/tomato/scene_02/knowno/20261005_125507_gui_knowno_scene2/knowledge_graph.log,tomato,2,knowno,20261005_125507_gui_knowno_scene2,11396,5203b4ccb19f6055fa691b8c0675d0107865f20d1a476e268adcf5e14f87b5cc
collect_exp/logs/03_BRL_TOMATO/logs/master/20261005_125507_gui_knowno_scene2/planner.log,00_raw/tomato/scene_02/knowno/20261005_125507_gui_knowno_scene2/planner.log,tomato,2,knowno,20261005_125507_gui_knowno_scene2,7235,88b803be17020ce472743dc23f46afca36681ce3a8b343ccce719c04fd1ac00a
collect_exp/logs/03_BRL_TOMATO/logs/master/20261005_125507_gui_knowno_scene2/planner_experiments/exp_tomato_20261005_125716_717456.txt,00_raw/tomato/scene_02/knowno/20261005_125507_gui_knowno_scene2/planner_experiments/exp_tomato_20261005_125716_717456.txt,tomato,2,knowno,20261005_125507_gui_knowno_scene2,3190,5eb2d5bf1dd561fd18255e9b01fcdee947a943c92e4c1cfcc1ba770018a98e90
collect_exp/logs/03_BRL_TOMATO/logs/master/20261005_125507_gui_knowno_scene2/recordings/knowno_scene2_20261005_125556_989077/recording.json,00_raw/tomato/scene_02/knowno/20261005_125507_gui_knowno_scene2/recordings/knowno_scene2_20261005_125556_989077/recording.json,tomato,2,knowno,20261005_125507_gui_knowno_scene2,676,c813dc24185146c7b89ca3ac366b16d1b9998c3cfe976c8c8b5afab824500aa2
collect_exp/logs/03_BRL_TOMATO/logs/master/20261005_125759_gui/brl_sensor.log,00_raw/tomato/scene_02/knowno/20261005_125759_gui/brl_sensor.log,tomato,2,knowno,20261005_125759_gui,9905,46defc44b4bb8c703e0c81368f8b0644a9d26bee552e12476c62be487aba01fe
collect_exp/logs/03_BRL_TOMATO/logs/master/20261005_125759_gui/brl_server.log,00_raw/tomato/scene_02/knowno/20261005_125759_gui/brl_server.log,tomato,2,knowno,20261005_125759_gui,3550,f1f1cf4a5f3dd05c5f2de3bf2ba51a8987a3adfddc2ce45a3d0986de4fb5bfaf
collect_exp/logs/03_BRL_TOMATO/logs/master/20261005_125759_gui/environment_setup.log,00_raw/tomato/scene_02/knowno/20261005_125759_gui/environment_setup.log,tomato,2,knowno,20261005_125759_gui,1675,04c2fcd5a0c05975848278c5d04688576ca687dd5effa738c423a52946e38c5d
collect_exp/logs/03_BRL_TOMATO/logs/master/20261005_125759_gui/feedback_manager.log,00_raw/tomato/scene_02/knowno/20261005_125759_gui/feedback_manager.log,tomato,2,knowno,20261005_125759_gui,7370,5aeebb94ccc3df9ad0d928241400f5bce14a024353c1e33dc3fb72932f98a028
collect_exp/logs/03_BRL_TOMATO/logs/master/20261005_125759_gui/frontend.log,00_raw/tomato/scene_02/knowno/20261005_125759_gui/frontend.log,tomato,2,knowno,20261005_125759_gui,1990,203a296623ee4c9a8c506d53ba5c6336d2911614aadb4b7707cdabb9c5a01354
collect_exp/logs/03_BRL_TOMATO/logs/master/20261005_125759_gui/knowledge_graph.log,00_raw/tomato/scene_02/knowno/20261005_125759_gui/knowledge_graph.log,tomato,2,knowno,20261005_125759_gui,8945,d00420b3416cec9e217110c9653e68352d89c5b5ad6a9b754bd78d3b4efcdee2
collect_exp/logs/03_BRL_TOMATO/logs/master/20261005_125759_gui/planner.log,00_raw/tomato/scene_02/knowno/20261005_125759_gui/planner.log,tomato,2,knowno,20261005_125759_gui,7716,b48fdae860080e9b04ce2468fdc983e36bcaa0aa8b43a63b341ddd622b193ac5
collect_exp/logs/03_BRL_TOMATO/logs/master/20261005_125759_gui/planner_experiments/exp_tomato_20261005_125940_775287.txt,00_raw/tomato/scene_02/knowno/20261005_125759_gui/planner_experiments/exp_tomato_20261005_125940_775287.txt,tomato,2,knowno,20261005_125759_gui,3273,c514f7709dc5e13eab1ea4f7dbe587f135ab1c613527b4bff7e015aba6b1852d
collect_exp/logs/03_BRL_TOMATO/logs/master/20261005_125759_gui/recordings/knowno_scene2_20261005_125830_523432/recording.json,00_raw/tomato/scene_02/knowno/20261005_125759_gui/recordings/knowno_scene2_20261005_125830_523432/recording.json,tomato,2,knowno,20261005_125759_gui,664,557e3a3c5144bdb4b7765224724adb2874752804d940fa27d7b2d1fbf804a128
collect_exp/logs/03_BRL_TOMATO/logs/master/20261005_125957_gui/brl_sensor.log,00_raw/tomato/scene_02/knowno/20261005_125957_gui/brl_sensor.log,tomato,2,knowno,20261005_125957_gui,34756,3fc5657ce59bd618c7c0d1dbfd56d4b1574502b678f3e6944c5b61dadcbd9fc0
collect_exp/logs/03_BRL_TOMATO/logs/master/20261005_125957_gui/brl_server.log,00_raw/tomato/scene_02/knowno/20261005_125957_gui/brl_server.log,tomato,2,knowno,20261005_125957_gui,3461,b756d7693bf8fb1cd559aac0edc3d9fc800372fcac24f732608d397212bf0986
collect_exp/logs/03_BRL_TOMATO/logs/master/20261005_125957_gui/environment_setup.log,00_raw/tomato/scene_02/knowno/20261005_125957_gui/environment_setup.log,tomato,2,knowno,20261005_125957_gui,1675,808b82a9a99b2dcdbb942e31d7dcde9539c4f65bf67997563a68e88ec3937478
collect_exp/logs/03_BRL_TOMATO/logs/master/20261005_125957_gui/feedback_manager.log,00_raw/tomato/scene_02/knowno/20261005_125957_gui/feedback_manager.log,tomato,2,knowno,20261005_125957_gui,3897,c6a1520916114ade95d0053375b6bd4a77374733e4d036ec410a7bd0d356db2b
collect_exp/logs/03_BRL_TOMATO/logs/master/20261005_125957_gui/frontend.log,00_raw/tomato/scene_02/knowno/20261005_125957_gui/frontend.log,tomato,2,knowno,20261005_125957_gui,1988,41564d84dd1a7d4dae4ae2e5fa1dbb05d8dea1f91e238b25bf90cabc407be1ff
collect_exp/logs/03_BRL_TOMATO/logs/master/20261005_125957_gui/knowledge_graph.log,00_raw/tomato/scene_02/knowno/20261005_125957_gui/knowledge_graph.log,tomato,2,knowno,20261005_125957_gui,8439,f9cd489bc8b264fd699667bcba274f60329da6a0e9dcf8eb1385f10fe1a07cdd
collect_exp/logs/03_BRL_TOMATO/logs/master/20261005_125957_gui/planner.log,00_raw/tomato/scene_02/knowno/20261005_125957_gui/planner.log,tomato,2,knowno,20261005_125957_gui,6298,e31949570109c6dba4b07538cfde5c9d4aec820acb4497985bc3174b681800fe
collect_exp/logs/03_BRL_TOMATO/logs/master/20261005_125957_gui/planner_experiments/exp_tomato_20261005_130129_395065.txt,00_raw/tomato/scene_02/knowno/20261005_125957_gui/planner_experiments/exp_tomato_20261005_130129_395065.txt,tomato,2,knowno,20261005_125957_gui,2703,691f10b3ed2f52013ab66f2cd837014ba7ce6b1b536f6e8b70a3c86886ec9cc9
collect_exp/logs/03_BRL_TOMATO/logs/master/20261005_125957_gui/recordings/knowno_scene2_20261005_130023_111798/recording.json,00_raw/tomato/scene_02/knowno/20261005_125957_gui/recordings/knowno_scene2_20261005_130023_111798/recording.json,tomato,2,knowno,20261005_125957_gui,677,a700e0bf6054d7321b9724e5a474dbd7cc28b05c563a0373d912b62ce2490bc0
collect_exp/logs/03_BRL_TOMATO/logs/master/20261005_130146_gui/brl_sensor.log,00_raw/tomato/scene_02/knowno/20261005_130146_gui/brl_sensor.log,tomato,2,knowno,20261005_130146_gui,16435,80733ad251b51cae667f6dd492be5a28127d27361a1e3474eea31c7a09907797
collect_exp/logs/03_BRL_TOMATO/logs/master/20261005_130146_gui/brl_server.log,00_raw/tomato/scene_02/knowno/20261005_130146_gui/brl_server.log,tomato,2,knowno,20261005_130146_gui,3797,2646a712fe1d7b7c65b9b6f22bd11b3a4540fa860d6a6518df53de911a0463e0
collect_exp/logs/03_BRL_TOMATO/logs/master/20261005_130146_gui/environment_setup.log,00_raw/tomato/scene_02/knowno/20261005_130146_gui/environment_setup.log,tomato,2,knowno,20261005_130146_gui,1675,3ae9e25b60db15b95f9aeb106fb1d6de984a13b640f52142ea604172cd790db2
collect_exp/logs/03_BRL_TOMATO/logs/master/20261005_130146_gui/feedback_manager.log,00_raw/tomato/scene_02/knowno/20261005_130146_gui/feedback_manager.log,tomato,2,knowno,20261005_130146_gui,14475,7ff5886d84954acf609eb871aeafae84191340b670dc266c24623c867e2641f2
collect_exp/logs/03_BRL_TOMATO/logs/master/20261005_130146_gui/frontend.log,00_raw/tomato/scene_02/knowno/20261005_130146_gui/frontend.log,tomato,2,knowno,20261005_130146_gui,1987,09da576c2ff95675de5e2293747d6563d59c852612cacc199e85b85876d9eeba
collect_exp/logs/03_BRL_TOMATO/logs/master/20261005_130146_gui/knowledge_graph.log,00_raw/tomato/scene_02/knowno/20261005_130146_gui/knowledge_graph.log,tomato,2,knowno,20261005_130146_gui,14366,66ec3fbb54c7252426d83ac85bc3a3d3155b692e4aec5d49029bdd25f501c62b
collect_exp/logs/03_BRL_TOMATO/logs/master/20261005_130146_gui/planner.log,00_raw/tomato/scene_02/knowno/20261005_130146_gui/planner.log,tomato,2,knowno,20261005_130146_gui,14629,64a9acbcbc426a4cd758204610f68798ddcaca1aa00b7f89954929eff5c680be
collect_exp/logs/03_BRL_TOMATO/logs/master/20261005_130146_gui/planner_experiments/exp_tomato_20261005_130511_482509.txt,00_raw/tomato/scene_02/knowno/20261005_130146_gui/planner_experiments/exp_tomato_20261005_130511_482509.txt,tomato,2,knowno,20261005_130146_gui,5931,ef31bfb6f942156183cd3b37bcbf36edbb1064b750af5f05f9a21456247cffec
collect_exp/logs/03_BRL_TOMATO/logs/master/20261005_130146_gui/recordings/knowno_scene2_20261005_130207_774915/recording.json,00_raw/tomato/scene_02/knowno/20261005_130146_gui/recordings/knowno_scene2_20261005_130207_774915/recording.json,tomato,2,knowno,20261005_130146_gui,662,707438ad7d7460687b92185e9f025a9a6e750f4f2ef662e362205452b02acd66
collect_exp/logs/03_BRL_TOMATO/logs/master/20261005_130526_gui/brl_sensor.log,00_raw/tomato/scene_02/knowno/20261005_130526_gui/brl_sensor.log,tomato,2,knowno,20261005_130526_gui,9207,193985df5edf0fe7d6783abf1ec0e7f396fb297ba3f99251f7ed45a928f7ee20
collect_exp/logs/03_BRL_TOMATO/logs/master/20261005_130526_gui/brl_server.log,00_raw/tomato/scene_02/knowno/20261005_130526_gui/brl_server.log,tomato,2,knowno,20261005_130526_gui,3461,da9a81feb5c726b63c96ff6fa39875d5f7c5c7eac0a24f969f22e144d01495c6
collect_exp/logs/03_BRL_TOMATO/logs/master/20261005_130526_gui/environment_setup.log,00_raw/tomato/scene_02/knowno/20261005_130526_gui/environment_setup.log,tomato,2,knowno,20261005_130526_gui,1675,55a8253a018a53f8674cb106c32dca99cde63dda8447df96c991eba5044e3189
collect_exp/logs/03_BRL_TOMATO/logs/master/20261005_130526_gui/feedback_manager.log,00_raw/tomato/scene_02/knowno/20261005_130526_gui/feedback_manager.log,tomato,2,knowno,20261005_130526_gui,3881,baef1dd3c0e52bf861484c7864c4ef3be51ab0bd8faaa390d6911445df4cab7f
collect_exp/logs/03_BRL_TOMATO/logs/master/20261005_130526_gui/frontend.log,00_raw/tomato/scene_02/knowno/20261005_130526_gui/frontend.log,tomato,2,knowno,20261005_130526_gui,1988,72d28cb937354d7b6ef57492ff7e5a89c424be2da149b4d2675e67e784e94929
collect_exp/logs/03_BRL_TOMATO/logs/master/20261005_130526_gui/knowledge_graph.log,00_raw/tomato/scene_02/knowno/20261005_130526_gui/knowledge_graph.log,tomato,2,knowno,20261005_130526_gui,7378,7a77ff31eefa3863a13877b500c32ce18fd90599a9415436e8b8ff4ec6090e1a
collect_exp/logs/03_BRL_TOMATO/logs/master/20261005_130526_gui/planner.log,00_raw/tomato/scene_02/knowno/20261005_130526_gui/planner.log,tomato,2,knowno,20261005_130526_gui,7146,065219e259c3bd03a38d93d2a98c9d331d182e4cc9761a9fb16eccb7c7cc724b
collect_exp/logs/03_BRL_TOMATO/logs/master/20261005_130526_gui/planner_experiments/exp_tomato_20261005_130659_954797.txt,00_raw/tomato/scene_02/knowno/20261005_130526_gui/planner_experiments/exp_tomato_20261005_130659_954797.txt,tomato,2,knowno,20261005_130526_gui,2980,d60c3d9d4d6199551642b7b2b80bf0ad81bf2d81a37f18e9ec019ac88d093787
collect_exp/logs/03_BRL_TOMATO/logs/master/20261005_130526_gui/recordings/knowno_scene2_20261005_130553_458988/recording.json,00_raw/tomato/scene_02/knowno/20261005_130526_gui/recordings/knowno_scene2_20261005_130553_458988/recording.json,tomato,2,knowno,20261005_130526_gui,677,53b30c1eb687bd5366814e6adc5a4124d2fa74a7b09a11858f4e562598e8ab8e
collect_exp/logs/03_BRL_TOMATO/logs/master/20261005_130707_gui/brl_sensor.log,00_raw/tomato/scene_02/knowno/20261005_130707_gui/brl_sensor.log,tomato,2,knowno,20261005_130707_gui,8697,35402ccb8a06607349003cc57f01793c8df7e7aac9f8a34b52e0f17a8bde465f
collect_exp/logs/03_BRL_TOMATO/logs/master/20261005_130707_gui/brl_server.log,00_raw/tomato/scene_02/knowno/20261005_130707_gui/brl_server.log,tomato,2,knowno,20261005_130707_gui,3461,c34daa78bf1b084a8996920850170a493531d02eb311745ff7755b8c45dbed61
collect_exp/logs/03_BRL_TOMATO/logs/master/20261005_130707_gui/environment_setup.log,00_raw/tomato/scene_02/knowno/20261005_130707_gui/environment_setup.log,tomato,2,knowno,20261005_130707_gui,1675,cfb14221b2317f5a3accb14dd8aabfcaf2803a541f36e0c3be8764f5fb4a255f
collect_exp/logs/03_BRL_TOMATO/logs/master/20261005_130707_gui/feedback_manager.log,00_raw/tomato/scene_02/knowno/20261005_130707_gui/feedback_manager.log,tomato,2,knowno,20261005_130707_gui,3653,254609566316e78d771bfe80e992c599c4e0a0d90b4936427e869ec2a5c24de6
collect_exp/logs/03_BRL_TOMATO/logs/master/20261005_130707_gui/frontend.log,00_raw/tomato/scene_02/knowno/20261005_130707_gui/frontend.log,tomato,2,knowno,20261005_130707_gui,1987,84ef080ba60d1a7f3b5d9223677dc7ca08ccd34bf99fcd1ee219c06ff9c1b503
collect_exp/logs/03_BRL_TOMATO/logs/master/20261005_130707_gui/knowledge_graph.log,00_raw/tomato/scene_02/knowno/20261005_130707_gui/knowledge_graph.log,tomato,2,knowno,20261005_130707_gui,8142,39c5bf735471672291cbf6f92a7ea7e521504997759e90a7e8a41d1e738934f9
collect_exp/logs/03_BRL_TOMATO/logs/master/20261005_130707_gui/planner.log,00_raw/tomato/scene_02/knowno/20261005_130707_gui/planner.log,tomato,2,knowno,20261005_130707_gui,6289,be52b4772e9c0c02bbc63df6f6a17b024d422fa032deff4e5cabe3845d8a0bf5
collect_exp/logs/03_BRL_TOMATO/logs/master/20261005_130707_gui/planner_experiments/exp_tomato_20261005_130839_104194.txt,00_raw/tomato/scene_02/knowno/20261005_130707_gui/planner_experiments/exp_tomato_20261005_130839_104194.txt,tomato,2,knowno,20261005_130707_gui,2716,b98543544f57da09bb889aa67ac54002349d85d5adcb6405cda364d06c12c6ad
collect_exp/logs/03_BRL_TOMATO/logs/master/20261005_130707_gui/recordings/knowno_scene2_20261005_130742_519041/recording.json,00_raw/tomato/scene_02/knowno/20261005_130707_gui/recordings/knowno_scene2_20261005_130742_519041/recording.json,tomato,2,knowno,20261005_130707_gui,677,cd2f2b7b73f41cfd4a4925c95676c6b072733cb7c24df43431d5f6eb569f05ed
collect_exp/logs/03_BRL_TOMATO/logs/master/20261005_130848_gui/brl_sensor.log,00_raw/tomato/scene_02/knowno/20261005_130848_gui/brl_sensor.log,tomato,2,knowno,20261005_130848_gui,20385,c824d85c516ff512bcf1a4fdd0bd1efe36b351ceb4de8ad018aeb8f8343cc8b0
collect_exp/logs/03_BRL_TOMATO/logs/master/20261005_130848_gui/brl_server.log,00_raw/tomato/scene_02/knowno/20261005_130848_gui/brl_server.log,tomato,2,knowno,20261005_130848_gui,4444,443d061901358c52640d3ef23d056c6cf4c9b4df90c3b07f4ab555f5649cfa24
collect_exp/logs/03_BRL_TOMATO/logs/master/20261005_130848_gui/environment_setup.log,00_raw/tomato/scene_02/knowno/20261005_130848_gui/environment_setup.log,tomato,2,knowno,20261005_130848_gui,1675,a530105e53a2e9307ad4941968ebb7131261474594d09877539b1a9ecb823712
collect_exp/logs/03_BRL_TOMATO/logs/master/20261005_130848_gui/feedback_manager.log,00_raw/tomato/scene_02/knowno/20261005_130848_gui/feedback_manager.log,tomato,2,knowno,20261005_130848_gui,32938,02a5e571fce9165db58744e952338967d9ad5c0780505b4d4a34d2334804e479
collect_exp/logs/03_BRL_TOMATO/logs/master/20261005_130848_gui/frontend.log,00_raw/tomato/scene_02/knowno/20261005_130848_gui/frontend.log,tomato,2,knowno,20261005_130848_gui,1988,c22dd3d38701ea660086373954485c6e177bfdb85362a633bc7cad1eb4a3369f
collect_exp/logs/03_BRL_TOMATO/logs/master/20261005_130848_gui/knowledge_graph.log,00_raw/tomato/scene_02/knowno/20261005_130848_gui/knowledge_graph.log,tomato,2,knowno,20261005_130848_gui,17601,ef7c36b5a4ba4f346dfae88e03474986a321823068256b01ac8283c24dc93d84
collect_exp/logs/03_BRL_TOMATO/logs/master/20261005_130848_gui/planner.log,00_raw/tomato/scene_02/knowno/20261005_130848_gui/planner.log,tomato,2,knowno,20261005_130848_gui,18455,9887923ca53b76326eaa11f59384baf2e163c7c8c61c675752b5800ce0f0641c
collect_exp/logs/03_BRL_TOMATO/logs/master/20261005_130848_gui/planner_experiments/exp_tomato_20261005_131314_868443.txt,00_raw/tomato/scene_02/knowno/20261005_130848_gui/planner_experiments/exp_tomato_20261005_131314_868443.txt,tomato,2,knowno,20261005_130848_gui,7916,c5dad0d83e773a1b6e9600e82f7de48b3b01770f78b047615b265a87b3dbbe25
collect_exp/logs/03_BRL_TOMATO/logs/master/20261005_130848_gui/recordings/knowno_scene2_20261005_130921_075631/recording.json,00_raw/tomato/scene_02/knowno/20261005_130848_gui/recordings/knowno_scene2_20261005_130921_075631/recording.json,tomato,2,knowno,20261005_130848_gui,663,9121b8cfbd4cc06bc0c586e08880292678319a2a8ac708f85242682850ad5c81
collect_exp/logs/03_BRL_TOMATO/logs/master/20261005_131330_gui/brl_sensor.log,00_raw/tomato/scene_02/knowno/20261005_131330_gui/brl_sensor.log,tomato,2,knowno,20261005_131330_gui,7928,f297269b0f63512be16bc8473ca134b36804c9df423c2d9aa41cd5d5bbb560ad
collect_exp/logs/03_BRL_TOMATO/logs/master/20261005_131330_gui/brl_server.log,00_raw/tomato/scene_02/knowno/20261005_131330_gui/brl_server.log,tomato,2,knowno,20261005_131330_gui,3530,75729383c890a4fa67403cdf20fe129dca812e3a2a15c35d283d87b70fc8a50f
collect_exp/logs/03_BRL_TOMATO/logs/master/20261005_131330_gui/environment_setup.log,00_raw/tomato/scene_02/knowno/20261005_131330_gui/environment_setup.log,tomato,2,knowno,20261005_131330_gui,1675,ced925c2ecae89172d75821696cfa2176f3b7a3eda81c458c836deacc82028c9
collect_exp/logs/03_BRL_TOMATO/logs/master/20261005_131330_gui/feedback_manager.log,00_raw/tomato/scene_02/knowno/20261005_131330_gui/feedback_manager.log,tomato,2,knowno,20261005_131330_gui,3613,3e93c4cfa547f0b1356fb15fe9998354dc32cc8986668bf5c467e4b29f5fce99
collect_exp/logs/03_BRL_TOMATO/logs/master/20261005_131330_gui/frontend.log,00_raw/tomato/scene_02/knowno/20261005_131330_gui/frontend.log,tomato,2,knowno,20261005_131330_gui,1988,617cc866ec036e381573589364f13100700b93ec58b0ffb1bda1f813b9092aac
collect_exp/logs/03_BRL_TOMATO/logs/master/20261005_131330_gui/knowledge_graph.log,00_raw/tomato/scene_02/knowno/20261005_131330_gui/knowledge_graph.log,tomato,2,knowno,20261005_131330_gui,7119,9fcc958791776198ea145fc45693a8b42ffe1166ef8e1dd1939db2e2f1c08b0f
collect_exp/logs/03_BRL_TOMATO/logs/master/20261005_131330_gui/planner.log,00_raw/tomato/scene_02/knowno/20261005_131330_gui/planner.log,tomato,2,knowno,20261005_131330_gui,6312,b5278eb16216864a2acf5813355662e08c9fbbba7db1e49125d17e6f83343e0b
collect_exp/logs/03_BRL_TOMATO/logs/master/20261005_131330_gui/planner_experiments/exp_tomato_20261005_131459_480373.txt,00_raw/tomato/scene_02/knowno/20261005_131330_gui/planner_experiments/exp_tomato_20261005_131459_480373.txt,tomato,2,knowno,20261005_131330_gui,2716,fa9e673f564426810212d69287bd5d22963f0f2a3f61bb3da13e26a1ad02a8ee
collect_exp/logs/03_BRL_TOMATO/logs/master/20261005_131330_gui/recordings/knowno_scene2_20261005_131401_986853/recording.json,00_raw/tomato/scene_02/knowno/20261005_131330_gui/recordings/knowno_scene2_20261005_131401_986853/recording.json,tomato,2,knowno,20261005_131330_gui,677,aacec6f43ab83fc361a71d92e641c52a3bb0b2a171da6dc829a30088a7ba0e35
collect_exp/logs/03_BRL_TOMATO/logs/master/20261005_131507_gui/brl_sensor.log,00_raw/tomato/scene_02/knowno/20261005_131507_gui/brl_sensor.log,tomato,2,knowno,20261005_131507_gui,8394,832fb20349368426512b22356525cde13bdfa67d312a06d2ca8eb466084dd0bf
collect_exp/logs/03_BRL_TOMATO/logs/master/20261005_131507_gui/brl_server.log,00_raw/tomato/scene_02/knowno/20261005_131507_gui/brl_server.log,tomato,2,knowno,20261005_131507_gui,3441,cbb6b888c0a21ca212c2d1cba23272a414c3f0fbcfed7b7352233d226c4e1f22
collect_exp/logs/03_BRL_TOMATO/logs/master/20261005_131507_gui/environment_setup.log,00_raw/tomato/scene_02/knowno/20261005_131507_gui/environment_setup.log,tomato,2,knowno,20261005_131507_gui,1675,1a949a87c4294059cd63bf8b6e7f9ca4891949784ad5b1a6098274ec2b62a938
collect_exp/logs/03_BRL_TOMATO/logs/master/20261005_131507_gui/feedback_manager.log,00_raw/tomato/scene_02/knowno/20261005_131507_gui/feedback_manager.log,tomato,2,knowno,20261005_131507_gui,491,e3e193e5f9e7bacc09554b4b33e5b78baa7b6a1ef8554b79ef3dce55ea83ee4d
collect_exp/logs/03_BRL_TOMATO/logs/master/20261005_131507_gui/frontend.log,00_raw/tomato/scene_02/knowno/20261005_131507_gui/frontend.log,tomato,2,knowno,20261005_131507_gui,1988,198848c4c1a9731dc5c7fc52d1870ef17de835032f49dc5599c7a4087f2790ca
collect_exp/logs/03_BRL_TOMATO/logs/master/20261005_131507_gui/knowledge_graph.log,00_raw/tomato/scene_02/knowno/20261005_131507_gui/knowledge_graph.log,tomato,2,knowno,20261005_131507_gui,8533,e32408e30939ccdbe277e6fec31597465a5b4df039a70a03d7d18642c0a39ca9
collect_exp/logs/03_BRL_TOMATO/logs/master/20261005_131507_gui/planner.log,00_raw/tomato/scene_02/knowno/20261005_131507_gui/planner.log,tomato,2,knowno,20261005_131507_gui,6197,f28daaecb1b8d4be43541e4f80bdde8fcaab58e4edbbddb674d1d81fa3f4d729
collect_exp/logs/03_BRL_TOMATO/logs/master/20261005_131507_gui/planner_experiments/exp_tomato_20261005_131634_122254.txt,00_raw/tomato/scene_02/knowno/20261005_131507_gui/planner_experiments/exp_tomato_20261005_131634_122254.txt,tomato,2,knowno,20261005_131507_gui,2508,ad76d4073151c9d331ca3c3ee634a9287e0b48a410fea94ec727cc5b33dab133
collect_exp/logs/03_BRL_TOMATO/logs/master/20261005_131507_gui/recordings/knowno_scene2_20261005_131539_958551/recording.json,00_raw/tomato/scene_02/knowno/20261005_131507_gui/recordings/knowno_scene2_20261005_131539_958551/recording.json,tomato,2,knowno,20261005_131507_gui,677,66b80d51e9c0060c4198ef484c5a6435ba26e31a25f87ca8fd0d01b1ac16d06b
collect_exp/logs/03_BRL_TOMATO/logs/master/20261005_131656_gui/brl_sensor.log,00_raw/tomato/scene_02/knowno/20261005_131656_gui/brl_sensor.log,tomato,2,knowno,20261005_131656_gui,23134,0187255c16befdb9a59a2f1d133b4257fd8b60f69f773a6f5d403dc82a78b7b5
collect_exp/logs/03_BRL_TOMATO/logs/master/20261005_131656_gui/brl_server.log,00_raw/tomato/scene_02/knowno/20261005_131656_gui/brl_server.log,tomato,2,knowno,20261005_131656_gui,4776,ce0e1866f8e0c4bee23760960d7802b9f7b7cfabaaf2b022d7612980c0fa6367
collect_exp/logs/03_BRL_TOMATO/logs/master/20261005_131656_gui/environment_setup.log,00_raw/tomato/scene_02/knowno/20261005_131656_gui/environment_setup.log,tomato,2,knowno,20261005_131656_gui,1675,7fb3f2ada4f8fbbecbaac6f05d71d09a30aae314bab9609faa7b526d52b740e8
collect_exp/logs/03_BRL_TOMATO/logs/master/20261005_131656_gui/feedback_manager.log,00_raw/tomato/scene_02/knowno/20261005_131656_gui/feedback_manager.log,tomato,2,knowno,20261005_131656_gui,59632,aca4e16455ffe474940f0b8cbeee953206424d99a11c489fac7ab8bf93e55600
collect_exp/logs/03_BRL_TOMATO/logs/master/20261005_131656_gui/frontend.log,00_raw/tomato/scene_02/knowno/20261005_131656_gui/frontend.log,tomato,2,knowno,20261005_131656_gui,1987,de8db466192c6b8a632e316f87c0cfabf897bbf25019c23df38c5b127574df32
collect_exp/logs/03_BRL_TOMATO/logs/master/20261005_131656_gui/knowledge_graph.log,00_raw/tomato/scene_02/knowno/20261005_131656_gui/knowledge_graph.log,tomato,2,knowno,20261005_131656_gui,12216,f52e91bbd92f440a9be57471b80db817aae74db9e0d1dc47214e97012e1cf6c0
collect_exp/logs/03_BRL_TOMATO/logs/master/20261005_131656_gui/planner.log,00_raw/tomato/scene_02/knowno/20261005_131656_gui/planner.log,tomato,2,knowno,20261005_131656_gui,23599,6147b914c7658d3be773096ce72e3fb960bf6ecac1fc1a0ac83ac3bbcd947cf4
collect_exp/logs/03_BRL_TOMATO/logs/master/20261005_131656_gui/planner_experiments/exp_tomato_20261005_132012_781157.txt,00_raw/tomato/scene_02/knowno/20261005_131656_gui/planner_experiments/exp_tomato_20261005_132012_781157.txt,tomato,2,knowno,20261005_131656_gui,10446,4a2c0b4cc4f1eb466dd4413e76f42f7f52adefe1a32bc7aa66948865b39e730b
collect_exp/logs/03_BRL_TOMATO/logs/master/20261005_131656_gui/recordings/knowno_scene2_20261005_131732_487934/recording.json,00_raw/tomato/scene_02/knowno/20261005_131656_gui/recordings/knowno_scene2_20261005_131732_487934/recording.json,tomato,2,knowno,20261005_131656_gui,667,945e4d40aa096fd6b30c7403ff33251ba306edd5889ffb54fa73fa727c79ee49
collect_exp/logs/03_BRL_TOMATO/logs/master/20261005_134203_gui_pomdp_scene3/brl_sensor.log,00_raw/tomato/scene_03/pomdp/20261005_134203_gui_pomdp_scene3/brl_sensor.log,tomato,3,pomdp,20261005_134203_gui_pomdp_scene3,17360,f03aaaefbc6013e6efcdba4b17133bc75696be2759734bbe86c55ba43331555d
collect_exp/logs/03_BRL_TOMATO/logs/master/20261005_134203_gui_pomdp_scene3/brl_server.log,00_raw/tomato/scene_03/pomdp/20261005_134203_gui_pomdp_scene3/brl_server.log,tomato,3,pomdp,20261005_134203_gui_pomdp_scene3,4001,5d163faf7c6904df17ab51eba4cf6a68ba4f9966376f48e0cdda81f45d18db10
collect_exp/logs/03_BRL_TOMATO/logs/master/20261005_134203_gui_pomdp_scene3/environment_setup.log,00_raw/tomato/scene_03/pomdp/20261005_134203_gui_pomdp_scene3/environment_setup.log,tomato,3,pomdp,20261005_134203_gui_pomdp_scene3,1675,bf235757c26b5f0ffa8ef48606deb31b00f83f1f8f816d4cc55ac508bd1d18d4
collect_exp/logs/03_BRL_TOMATO/logs/master/20261005_134203_gui_pomdp_scene3/feedback_manager.log,00_raw/tomato/scene_03/pomdp/20261005_134203_gui_pomdp_scene3/feedback_manager.log,tomato,3,pomdp,20261005_134203_gui_pomdp_scene3,31221,974c210eee80f3ce648e5510884cb153c00cd1ebcab6a4bccbd556f848695772
collect_exp/logs/03_BRL_TOMATO/logs/master/20261005_134203_gui_pomdp_scene3/frontend.log,00_raw/tomato/scene_03/pomdp/20261005_134203_gui_pomdp_scene3/frontend.log,tomato,3,pomdp,20261005_134203_gui_pomdp_scene3,1988,a3ca8b21fb24c09687a115b8d22742227476a875a483fa23690d6b5c3acbd641
collect_exp/logs/03_BRL_TOMATO/logs/master/20261005_134203_gui_pomdp_scene3/knowledge_graph.log,00_raw/tomato/scene_03/pomdp/20261005_134203_gui_pomdp_scene3/knowledge_graph.log,tomato,3,pomdp,20261005_134203_gui_pomdp_scene3,17243,e865246c26f7ca88a39a9c2477b6de7291bfe5668c34998e3aa6cef12bdc51bf
collect_exp/logs/03_BRL_TOMATO/logs/master/20261005_134203_gui_pomdp_scene3/planner.log,00_raw/tomato/scene_03/pomdp/20261005_134203_gui_pomdp_scene3/planner.log,tomato,3,pomdp,20261005_134203_gui_pomdp_scene3,22496,5bea903b6de66fcea4646e61c4aad7733e1abe83cd5651bca0b368cbecb7d554
collect_exp/logs/03_BRL_TOMATO/logs/master/20261005_134203_gui_pomdp_scene3/planner_experiments/exp_tomato_20261005_134600_503483.txt,00_raw/tomato/scene_03/pomdp/20261005_134203_gui_pomdp_scene3/planner_experiments/exp_tomato_20261005_134600_503483.txt,tomato,3,pomdp,20261005_134203_gui_pomdp_scene3,8113,a6ec44b9e2788bbb53ff44cef5131dde09b9c0d6f2f26901651e0d7f981f5118
collect_exp/logs/03_BRL_TOMATO/logs/master/20261005_134203_gui_pomdp_scene3/recordings/pomdp_planner_scene3_20261005_134303_936280/recording.json,00_raw/tomato/scene_03/pomdp/20261005_134203_gui_pomdp_scene3/recordings/pomdp_planner_scene3_20261005_134303_936280/recording.json,tomato,3,pomdp,20261005_134203_gui_pomdp_scene3,675,bf631a316a383284dadfdf156630d7fe90327eb7e9e3be3b239fa1d331492f19
collect_exp/logs/03_BRL_TOMATO/logs/master/20261005_134704_gui/brl_sensor.log,00_raw/tomato/scene_03/pomdp/20261005_134704_gui/brl_sensor.log,tomato,3,pomdp,20261005_134704_gui,10175,2a9017604b678782d35c3f4077f9edc776fcd29eb6e06170ad88d9d6f0379828
collect_exp/logs/03_BRL_TOMATO/logs/master/20261005_134704_gui/brl_server.log,00_raw/tomato/scene_03/pomdp/20261005_134704_gui/brl_server.log,tomato,3,pomdp,20261005_134704_gui,3778,56a4020ec82910b2ebb97c908a2dfdf6dfaed6f5e1225cb2c072490e72ed47b9
collect_exp/logs/03_BRL_TOMATO/logs/master/20261005_134704_gui/environment_setup.log,00_raw/tomato/scene_03/pomdp/20261005_134704_gui/environment_setup.log,tomato,3,pomdp,20261005_134704_gui,1675,cd187a64716bffb6a8b7ba67e4df860b52e82bfeb2d2397e6b31cd2e398a9cbd
collect_exp/logs/03_BRL_TOMATO/logs/master/20261005_134704_gui/feedback_manager.log,00_raw/tomato/scene_03/pomdp/20261005_134704_gui/feedback_manager.log,tomato,3,pomdp,20261005_134704_gui,23448,5786ea9671abe012ecbf82d27d6b3edc09f9cf1249d8ffb6eae4014b94431a86
collect_exp/logs/03_BRL_TOMATO/logs/master/20261005_134704_gui/frontend.log,00_raw/tomato/scene_03/pomdp/20261005_134704_gui/frontend.log,tomato,3,pomdp,20261005_134704_gui,1988,304a6cb5363b53bb885e7ca679241465331e56100818e025c3578ee0d7eefd7e
collect_exp/logs/03_BRL_TOMATO/logs/master/20261005_134704_gui/knowledge_graph.log,00_raw/tomato/scene_03/pomdp/20261005_134704_gui/knowledge_graph.log,tomato,3,pomdp,20261005_134704_gui,8837,909f3d778cb06fee86aa0296437388950659305c123432adb4aaa7f967b39667
collect_exp/logs/03_BRL_TOMATO/logs/master/20261005_134704_gui/planner.log,00_raw/tomato/scene_03/pomdp/20261005_134704_gui/planner.log,tomato,3,pomdp,20261005_134704_gui,8733,9c07af9675e3b7f6e03a293cb71821a29a02da11d1abd79051a363f85a490d2c
collect_exp/logs/03_BRL_TOMATO/logs/master/20261005_134704_gui/planner_experiments/exp_tomato_20261005_134841_493018.txt,00_raw/tomato/scene_03/pomdp/20261005_134704_gui/planner_experiments/exp_tomato_20261005_134841_493018.txt,tomato,3,pomdp,20261005_134704_gui,4155,dcc170c8d955628fc4f7f794a91aa684bb47fac099309a793d04a112d1cfeb4c
collect_exp/logs/03_BRL_TOMATO/logs/master/20261005_134704_gui/recordings/pomdp_planner_scene3_20261005_134728_974287/recording.json,00_raw/tomato/scene_03/pomdp/20261005_134704_gui/recordings/pomdp_planner_scene3_20261005_134728_974287/recording.json,tomato,3,pomdp,20261005_134704_gui,692,3a1ddf31c96693059c6ee5f62d2f95f6ecca481e6482e04b20b746d4a5e7f7cf
collect_exp/logs/03_BRL_TOMATO/logs/master/20261005_134914_gui/brl_sensor.log,00_raw/tomato/scene_03/pomdp/20261005_134914_gui/brl_sensor.log,tomato,3,pomdp,20261005_134914_gui,17794,3b159de3cb9c9d0012b0a4c5a2b4d2a2f9de3536fadda79b96563a6af5c6b4b1
collect_exp/logs/03_BRL_TOMATO/logs/master/20261005_134914_gui/brl_server.log,00_raw/tomato/scene_03/pomdp/20261005_134914_gui/brl_server.log,tomato,3,pomdp,20261005_134914_gui,3924,f17ac7b25e7ac9f7201a8411c5f1ad3efd0f5062c736abacf5048fe004b03345
collect_exp/logs/03_BRL_TOMATO/logs/master/20261005_134914_gui/environment_setup.log,00_raw/tomato/scene_03/pomdp/20261005_134914_gui/environment_setup.log,tomato,3,pomdp,20261005_134914_gui,1675,23d49d4bedadf7aaa13d3e478e3d0b74a267a3b89476b7eabab2eb985f2dfd18
collect_exp/logs/03_BRL_TOMATO/logs/master/20261005_134914_gui/feedback_manager.log,00_raw/tomato/scene_03/pomdp/20261005_134914_gui/feedback_manager.log,tomato,3,pomdp,20261005_134914_gui,26096,57bba0de3efca9a5288435b118b30b4c8dab237c5e98ae9edcb3deba6b308e19
collect_exp/logs/03_BRL_TOMATO/logs/master/20261005_134914_gui/frontend.log,00_raw/tomato/scene_03/pomdp/20261005_134914_gui/frontend.log,tomato,3,pomdp,20261005_134914_gui,1988,5f9fcbe7d8c027430be016e7f55467db886c96b72290e42633e6bbee5e0f248b
collect_exp/logs/03_BRL_TOMATO/logs/master/20261005_134914_gui/knowledge_graph.log,00_raw/tomato/scene_03/pomdp/20261005_134914_gui/knowledge_graph.log,tomato,3,pomdp,20261005_134914_gui,17101,d77d738f7566c96d961a9125e9967776befe3cc92f93d8ed5d030895e4a43b4b
collect_exp/logs/03_BRL_TOMATO/logs/master/20261005_134914_gui/planner.log,00_raw/tomato/scene_03/pomdp/20261005_134914_gui/planner.log,tomato,3,pomdp,20261005_134914_gui,23016,db8fddb2569b813248b38f857d24ec063e8283f1aa476446707e72b8872565b6
collect_exp/logs/03_BRL_TOMATO/logs/master/20261005_134914_gui/planner_experiments/exp_tomato_20261005_135240_699685.txt,00_raw/tomato/scene_03/pomdp/20261005_134914_gui/planner_experiments/exp_tomato_20261005_135240_699685.txt,tomato,3,pomdp,20261005_134914_gui,8265,e3a941bec0a1546dfe1c1ce2624e39fe54a76933c9b2792c687067a2b13b154c
collect_exp/logs/03_BRL_TOMATO/logs/master/20261005_134914_gui/recordings/pomdp_planner_scene3_20261005_134949_745004/recording.json,00_raw/tomato/scene_03/pomdp/20261005_134914_gui/recordings/pomdp_planner_scene3_20261005_134949_745004/recording.json,tomato,3,pomdp,20261005_134914_gui,676,97dd11f9e54e5fa331fae2e1e6cb868bbf120f39e9b9fed0b4ca830d7d11b608
collect_exp/logs/03_BRL_TOMATO/logs/master/20261005_135255_gui/brl_sensor.log,00_raw/tomato/scene_03/pomdp/20261005_135255_gui/brl_sensor.log,tomato,3,pomdp,20261005_135255_gui,15906,f731e15d7255b47d0e8ed0028cf06cd6ef64d0cca1f990a31db0d4c604d39d01
collect_exp/logs/03_BRL_TOMATO/logs/master/20261005_135255_gui/brl_server.log,00_raw/tomato/scene_03/pomdp/20261005_135255_gui/brl_server.log,tomato,3,pomdp,20261005_135255_gui,4078,45ebec8e529869afc34deadba911a359485e1182eee9c9f1c9943531de01db6d
collect_exp/logs/03_BRL_TOMATO/logs/master/20261005_135255_gui/environment_setup.log,00_raw/tomato/scene_03/pomdp/20261005_135255_gui/environment_setup.log,tomato,3,pomdp,20261005_135255_gui,1675,a70eefe700c82fd06028b4e523ab7f60dcaef9aee01853c8db77c0b9b7c5da7b
collect_exp/logs/03_BRL_TOMATO/logs/master/20261005_135255_gui/feedback_manager.log,00_raw/tomato/scene_03/pomdp/20261005_135255_gui/feedback_manager.log,tomato,3,pomdp,20261005_135255_gui,33604,84fd8c0bb8701022d2fa380c0998130632db573323a500516c0a1bf418c010f9
collect_exp/logs/03_BRL_TOMATO/logs/master/20261005_135255_gui/frontend.log,00_raw/tomato/scene_03/pomdp/20261005_135255_gui/frontend.log,tomato,3,pomdp,20261005_135255_gui,1988,68b8f130264c84bf031e511c501ddef02d0b3967090421170860a8bcf68b7c73
collect_exp/logs/03_BRL_TOMATO/logs/master/20261005_135255_gui/knowledge_graph.log,00_raw/tomato/scene_03/pomdp/20261005_135255_gui/knowledge_graph.log,tomato,3,pomdp,20261005_135255_gui,16023,3091575fea6d4906c9919f986fa13937ed23e1e029e34d01414abf5e90d36e40
collect_exp/logs/03_BRL_TOMATO/logs/master/20261005_135255_gui/planner.log,00_raw/tomato/scene_03/pomdp/20261005_135255_gui/planner.log,tomato,3,pomdp,20261005_135255_gui,23483,916f99cc7fa171d03c48f618eec486324eab67b0aee05c0125adfa17f3ca3ef8
collect_exp/logs/03_BRL_TOMATO/logs/master/20261005_135255_gui/planner_experiments/exp_tomato_20261005_135608_176723.txt,00_raw/tomato/scene_03/pomdp/20261005_135255_gui/planner_experiments/exp_tomato_20261005_135608_176723.txt,tomato,3,pomdp,20261005_135255_gui,8498,3b550fc28547ebc2087e31f104a49c26db57142c76275a024dd001ac468a6c3d
collect_exp/logs/03_BRL_TOMATO/logs/master/20261005_135255_gui/recordings/pomdp_planner_scene3_20261005_135315_357539/recording.json,00_raw/tomato/scene_03/pomdp/20261005_135255_gui/recordings/pomdp_planner_scene3_20261005_135315_357539/recording.json,tomato,3,pomdp,20261005_135255_gui,664,dc45fd0b0e56a60efdfb8ad0a8ee6e761f6078bc67b41f607b95cb521b4c38b9
collect_exp/logs/03_BRL_TOMATO/logs/master/20261005_135623_gui/brl_sensor.log,00_raw/tomato/scene_03/pomdp/20261005_135623_gui/brl_sensor.log,tomato,3,pomdp,20261005_135623_gui,16314,0b51d86b335fdd507eef06731c0bb569336861b11594832faeccf498caf87b96
collect_exp/logs/03_BRL_TOMATO/logs/master/20261005_135623_gui/brl_server.log,00_raw/tomato/scene_03/pomdp/20261005_135623_gui/brl_server.log,tomato,3,pomdp,20261005_135623_gui,4009,72d6883d5a4ed96ad3941a30d7cb2864f3b32664057a7c8bd7025619460dbb4e
collect_exp/logs/03_BRL_TOMATO/logs/master/20261005_135623_gui/environment_setup.log,00_raw/tomato/scene_03/pomdp/20261005_135623_gui/environment_setup.log,tomato,3,pomdp,20261005_135623_gui,1675,be684a58bbaf21086533b4a5efc536f807cfbf2054531eda4e6efdfda5b86df5
collect_exp/logs/03_BRL_TOMATO/logs/master/20261005_135623_gui/feedback_manager.log,00_raw/tomato/scene_03/pomdp/20261005_135623_gui/feedback_manager.log,tomato,3,pomdp,20261005_135623_gui,33579,3d22a2ed24f9c9c8a55e391605f3b71b17d1dfbc53f7368f22a1d871b257f8c0
collect_exp/logs/03_BRL_TOMATO/logs/master/20261005_135623_gui/frontend.log,00_raw/tomato/scene_03/pomdp/20261005_135623_gui/frontend.log,tomato,3,pomdp,20261005_135623_gui,1988,6be054ab2025b482d65a0ed5fafcb1f054ab0eb07048788f1782f4740fe3073e
collect_exp/logs/03_BRL_TOMATO/logs/master/20261005_135623_gui/knowledge_graph.log,00_raw/tomato/scene_03/pomdp/20261005_135623_gui/knowledge_graph.log,tomato,3,pomdp,20261005_135623_gui,15937,2fa6f2b755d5934cb4a546dba966092a6e3cee4258749f05955e859728cb9f2e
collect_exp/logs/03_BRL_TOMATO/logs/master/20261005_135623_gui/planner.log,00_raw/tomato/scene_03/pomdp/20261005_135623_gui/planner.log,tomato,3,pomdp,20261005_135623_gui,23154,c987e84e36b975bf210b943809df03479a398074252c19c0193fc0b81aca6101
collect_exp/logs/03_BRL_TOMATO/logs/master/20261005_135623_gui/planner_experiments/exp_tomato_20261005_135938_080132.txt,00_raw/tomato/scene_03/pomdp/20261005_135623_gui/planner_experiments/exp_tomato_20261005_135938_080132.txt,tomato,3,pomdp,20261005_135623_gui,8415,5158aef6872aa6c8840f1dceeca37fc097a2050d16d5f7720c8d22fd54baf236
collect_exp/logs/03_BRL_TOMATO/logs/master/20261005_135623_gui/recordings/pomdp_planner_scene3_20261005_135645_230553/recording.json,00_raw/tomato/scene_03/pomdp/20261005_135623_gui/recordings/pomdp_planner_scene3_20261005_135645_230553/recording.json,tomato,3,pomdp,20261005_135623_gui,663,debc29644866e4c1a1430bd203c241866c8576ebad9b3f3433a8e911ea0568d6
collect_exp/logs/03_BRL_TOMATO/logs/master/20261005_135952_gui/brl_sensor.log,00_raw/tomato/scene_03/pomdp/20261005_135952_gui/brl_sensor.log,tomato,3,pomdp,20261005_135952_gui,16806,2001acc1fb364a9d4c87266890118a105bde3da67a7078cc21ac3f549439e313
collect_exp/logs/03_BRL_TOMATO/logs/master/20261005_135952_gui/brl_server.log,00_raw/tomato/scene_03/pomdp/20261005_135952_gui/brl_server.log,tomato,3,pomdp,20261005_135952_gui,4009,346e7eb62f97dabb4861f2a29062221ce058c6673cf5f12ccb93f4646ac39b1b
collect_exp/logs/03_BRL_TOMATO/logs/master/20261005_135952_gui/environment_setup.log,00_raw/tomato/scene_03/pomdp/20261005_135952_gui/environment_setup.log,tomato,3,pomdp,20261005_135952_gui,1675,eb5b3a20a4fa5271a8014f2224fef3239321ea10cf7e565f73f1e4c90f325ada
collect_exp/logs/03_BRL_TOMATO/logs/master/20261005_135952_gui/feedback_manager.log,00_raw/tomato/scene_03/pomdp/20261005_135952_gui/feedback_manager.log,tomato,3,pomdp,20261005_135952_gui,33601,05c094da98b7d42bddbcc9d35b0a0a5a1b8aa36f0c216b7c6f1a9a93c91ac077
collect_exp/logs/03_BRL_TOMATO/logs/master/20261005_135952_gui/frontend.log,00_raw/tomato/scene_03/pomdp/20261005_135952_gui/frontend.log,tomato,3,pomdp,20261005_135952_gui,1988,55df3fabfba90068f7e817eeba3c89746c3c69743c7fa78c5d8e5350b7c61bfc
collect_exp/logs/03_BRL_TOMATO/logs/master/20261005_135952_gui/knowledge_graph.log,00_raw/tomato/scene_03/pomdp/20261005_135952_gui/knowledge_graph.log,tomato,3,pomdp,20261005_135952_gui,16574,cc0d589b2fdc0b38cdd1ec5a7a31aa6174aadfff340133eba77ce3f7984b56cd
collect_exp/logs/03_BRL_TOMATO/logs/master/20261005_135952_gui/planner.log,00_raw/tomato/scene_03/pomdp/20261005_135952_gui/planner.log,tomato,3,pomdp,20261005_135952_gui,23148,90c44a5ce8b8554e57b6d0a3914a78774628c74b2eab573841a35ecf9f32c9fd
collect_exp/logs/03_BRL_TOMATO/logs/master/20261005_135952_gui/planner_experiments/exp_tomato_20261005_140323_090145.txt,00_raw/tomato/scene_03/pomdp/20261005_135952_gui/planner_experiments/exp_tomato_20261005_140323_090145.txt,tomato,3,pomdp,20261005_135952_gui,8415,207b18215fd89da086e2241e68b4e3b7c66fa9ca89a4fb3599f549cd1a293553
collect_exp/logs/03_BRL_TOMATO/logs/master/20261005_135952_gui/recordings/pomdp_planner_scene3_20261005_140020_050362/recording.json,00_raw/tomato/scene_03/pomdp/20261005_135952_gui/recordings/pomdp_planner_scene3_20261005_140020_050362/recording.json,tomato,3,pomdp,20261005_135952_gui,664,2decb265547f717fe735afa08466f02081bf7719230024f131317025f8c8d582
collect_exp/logs/03_BRL_TOMATO/logs/master/20261005_140337_gui/brl_sensor.log,00_raw/tomato/scene_03/pomdp/20261005_140337_gui/brl_sensor.log,tomato,3,pomdp,20261005_140337_gui,19909,c91f6e47e307b0040010445e684c52980519a6eea6735f49e176614970db610b
collect_exp/logs/03_BRL_TOMATO/logs/master/20261005_140337_gui/brl_server.log,00_raw/tomato/scene_03/pomdp/20261005_140337_gui/brl_server.log,tomato,3,pomdp,20261005_140337_gui,4086,a8f597c9e361d90ee44e5c5e58e10406cdad309b9d98c800fd915fb3d3573a0e
collect_exp/logs/03_BRL_TOMATO/logs/master/20261005_140337_gui/environment_setup.log,00_raw/tomato/scene_03/pomdp/20261005_140337_gui/environment_setup.log,tomato,3,pomdp,20261005_140337_gui,1675,22f0d926dfb772ba4ac2d5a5388a336c6ee5ceae48129c2e26a45ea921c66b57
collect_exp/logs/03_BRL_TOMATO/logs/master/20261005_140337_gui/feedback_manager.log,00_raw/tomato/scene_03/pomdp/20261005_140337_gui/feedback_manager.log,tomato,3,pomdp,20261005_140337_gui,37284,e9adfb728352d6b84bead91c25475c6c68d6d8b97f3009721164a768170f76b5
collect_exp/logs/03_BRL_TOMATO/logs/master/20261005_140337_gui/frontend.log,00_raw/tomato/scene_03/pomdp/20261005_140337_gui/frontend.log,tomato,3,pomdp,20261005_140337_gui,1988,ca7ecf6152eb88674f6081f185eaeede46cb4ac17c5dccf7912ee1b75038e875
collect_exp/logs/03_BRL_TOMATO/logs/master/20261005_140337_gui/knowledge_graph.log,00_raw/tomato/scene_03/pomdp/20261005_140337_gui/knowledge_graph.log,tomato,3,pomdp,20261005_140337_gui,18508,acda4e72598c96c6d0ec0d8a8ccbdc3f4d7d36e69583e8a62e97c52371a95ee9
collect_exp/logs/03_BRL_TOMATO/logs/master/20261005_140337_gui/planner.log,00_raw/tomato/scene_03/pomdp/20261005_140337_gui/planner.log,tomato,3,pomdp,20261005_140337_gui,23674,7bf92d466529bb0f30e5931aa802b8ac61e968c563d760ac94837de29c3ed731
collect_exp/logs/03_BRL_TOMATO/logs/master/20261005_140337_gui/planner_experiments/exp_tomato_20261005_140733_309599.txt,00_raw/tomato/scene_03/pomdp/20261005_140337_gui/planner_experiments/exp_tomato_20261005_140733_309599.txt,tomato,3,pomdp,20261005_140337_gui,8615,5f8030636000b9391052ae1572a9abe9bbfed32512dd17541c334367137cfb81
collect_exp/logs/03_BRL_TOMATO/logs/master/20261005_140337_gui/recordings/pomdp_planner_scene3_20261005_140425_009214/recording.json,00_raw/tomato/scene_03/pomdp/20261005_140337_gui/recordings/pomdp_planner_scene3_20261005_140425_009214/recording.json,tomato,3,pomdp,20261005_140337_gui,677,397f36a22ce052a4836f656077129ce7ebe45163359be85969ab90e5f1c84673
collect_exp/logs/03_BRL_TOMATO/logs/master/20261005_140754_gui/brl_sensor.log,00_raw/tomato/scene_03/pomdp/20261005_140754_gui/brl_sensor.log,tomato,3,pomdp,20261005_140754_gui,20801,02ddc5ff862d1c0eb23767342c4b7802c5e59b1a79429713b5f500342e0f734e
collect_exp/logs/03_BRL_TOMATO/logs/master/20261005_140754_gui/brl_server.log,00_raw/tomato/scene_03/pomdp/20261005_140754_gui/brl_server.log,tomato,3,pomdp,20261005_140754_gui,3932,980c177e804a266dd43f8b8e632096d6c284d54a903ba6b0b66de91c29b80765
collect_exp/logs/03_BRL_TOMATO/logs/master/20261005_140754_gui/environment_setup.log,00_raw/tomato/scene_03/pomdp/20261005_140754_gui/environment_setup.log,tomato,3,pomdp,20261005_140754_gui,1675,d324d02c0a3d10379dbb237e30e7cfd4747819153ff8ab14a0b9b42a1f530170
collect_exp/logs/03_BRL_TOMATO/logs/master/20261005_140754_gui/feedback_manager.log,00_raw/tomato/scene_03/pomdp/20261005_140754_gui/feedback_manager.log,tomato,3,pomdp,20261005_140754_gui,29812,a7bcc36164d1b9a22c8ebcf73e4ee3b116ee812202326ff6339e40c32c9d8848
collect_exp/logs/03_BRL_TOMATO/logs/master/20261005_140754_gui/frontend.log,00_raw/tomato/scene_03/pomdp/20261005_140754_gui/frontend.log,tomato,3,pomdp,20261005_140754_gui,1988,a8d848992802e1f82d79c8b6ed0f0a2def2c78345dd52349b262a0d160771af6
collect_exp/logs/03_BRL_TOMATO/logs/master/20261005_140754_gui/knowledge_graph.log,00_raw/tomato/scene_03/pomdp/20261005_140754_gui/knowledge_graph.log,tomato,3,pomdp,20261005_140754_gui,16465,761d00356c7414411fcc5b482934ef189b6230ad791de57003f386f36e9aa16f
collect_exp/logs/03_BRL_TOMATO/logs/master/20261005_140754_gui/planner.log,00_raw/tomato/scene_03/pomdp/20261005_140754_gui/planner.log,tomato,3,pomdp,20261005_140754_gui,23261,0a0a19e3a37df39074ed93d528c4c2c332640f5ff5a4e20014a6e6841c60223c
collect_exp/logs/03_BRL_TOMATO/logs/master/20261005_140754_gui/planner_experiments/exp_tomato_20261005_141117_474131.txt,00_raw/tomato/scene_03/pomdp/20261005_140754_gui/planner_experiments/exp_tomato_20261005_141117_474131.txt,tomato,3,pomdp,20261005_140754_gui,8241,ddcd44f84c42f8fcbc042be3b6a83f2c4f8587ecb2ab8629aeb917ce180ed325
collect_exp/logs/03_BRL_TOMATO/logs/master/20261005_140754_gui/recordings/pomdp_planner_scene3_20261005_140821_774078/recording.json,00_raw/tomato/scene_03/pomdp/20261005_140754_gui/recordings/pomdp_planner_scene3_20261005_140821_774078/recording.json,tomato,3,pomdp,20261005_140754_gui,677,e16b50030aabbb440e8def4378994fedbb99f78267b5a2f728adf7fa5bd88708
collect_exp/logs/03_BRL_TOMATO/logs/master/20261005_141136_gui/brl_sensor.log,00_raw/tomato/scene_03/pomdp/20261005_141136_gui/brl_sensor.log,tomato,3,pomdp,20261005_141136_gui,24450,2927d5757007303eaef6a47fbfc8f571a684879c3d579831cdaf52793f6ce9b4
collect_exp/logs/03_BRL_TOMATO/logs/master/20261005_141136_gui/brl_server.log,00_raw/tomato/scene_03/pomdp/20261005_141136_gui/brl_server.log,tomato,3,pomdp,20261005_141136_gui,3855,e011e273908f7785cd2f2b1d2493cb42031efec0661aba264393cf88adf42358
collect_exp/logs/03_BRL_TOMATO/logs/master/20261005_141136_gui/environment_setup.log,00_raw/tomato/scene_03/pomdp/20261005_141136_gui/environment_setup.log,tomato,3,pomdp,20261005_141136_gui,1675,1cd8fa9b0cf29500f83f54e3cedf281ca2d464a7e4eb0dbef1df3371de7f7fc7
collect_exp/logs/03_BRL_TOMATO/logs/master/20261005_141136_gui/feedback_manager.log,00_raw/tomato/scene_03/pomdp/20261005_141136_gui/feedback_manager.log,tomato,3,pomdp,20261005_141136_gui,26063,c1781041b2a35a8af614b707b9d0255045bc4b3c50cdba582b00006fa6dea986
collect_exp/logs/03_BRL_TOMATO/logs/master/20261005_141136_gui/frontend.log,00_raw/tomato/scene_03/pomdp/20261005_141136_gui/frontend.log,tomato,3,pomdp,20261005_141136_gui,1988,0ed820bbd01243281ceb934552f1ac91746ba8e46c164fa21adb3e0be904dce5
collect_exp/logs/03_BRL_TOMATO/logs/master/20261005_141136_gui/knowledge_graph.log,00_raw/tomato/scene_03/pomdp/20261005_141136_gui/knowledge_graph.log,tomato,3,pomdp,20261005_141136_gui,16359,d0e3ead797b8e544a9c15866d8434794100caa7b39b59e2f72bfdb93cd4747ea
collect_exp/logs/03_BRL_TOMATO/logs/master/20261005_141136_gui/planner.log,00_raw/tomato/scene_03/pomdp/20261005_141136_gui/planner.log,tomato,3,pomdp,20261005_141136_gui,23016,fcab88ac8be3edb4cbb15075728d07cadf73ff8de5d4670cce287fa2df4e85ff
collect_exp/logs/03_BRL_TOMATO/logs/master/20261005_141136_gui/planner_experiments/exp_tomato_20261005_141456_083517.txt,00_raw/tomato/scene_03/pomdp/20261005_141136_gui/planner_experiments/exp_tomato_20261005_141456_083517.txt,tomato,3,pomdp,20261005_141136_gui,8125,93c5c1917ec092bc58308a9b02c1518d30ce2e2d8bca66958720de1cf431f98f
collect_exp/logs/03_BRL_TOMATO/logs/master/20261005_141136_gui/recordings/pomdp_planner_scene3_20261005_141202_315411/recording.json,00_raw/tomato/scene_03/pomdp/20261005_141136_gui/recordings/pomdp_planner_scene3_20261005_141202_315411/recording.json,tomato,3,pomdp,20261005_141136_gui,677,4a76f6126ae36a2b71ba0adb89700feac287bed2d66707b8b356165f5b07293b
collect_exp/logs/03_BRL_TOMATO/logs/master/20261005_141516_gui/brl_sensor.log,00_raw/tomato/scene_03/pomdp/20261005_141516_gui/brl_sensor.log,tomato,3,pomdp,20261005_141516_gui,19772,a9248529c2007190f92dc475c0d0b2f142dc218f24fb7a37fb1573b8918c1a0b
collect_exp/logs/03_BRL_TOMATO/logs/master/20261005_141516_gui/brl_server.log,00_raw/tomato/scene_03/pomdp/20261005_141516_gui/brl_server.log,tomato,3,pomdp,20261005_141516_gui,3932,4ef5b4ad6a34eb552698bc7ba80dbe69055707b41ad2b254c71d0b963123cf4d
collect_exp/logs/03_BRL_TOMATO/logs/master/20261005_141516_gui/environment_setup.log,00_raw/tomato/scene_03/pomdp/20261005_141516_gui/environment_setup.log,tomato,3,pomdp,20261005_141516_gui,1675,4949463626ad80bd9328a05e8faf02f645892c12ebfbe5605e27b029e0ccdf3c
collect_exp/logs/03_BRL_TOMATO/logs/master/20261005_141516_gui/feedback_manager.log,00_raw/tomato/scene_03/pomdp/20261005_141516_gui/feedback_manager.log,tomato,3,pomdp,20261005_141516_gui,29831,9f88a08573d405ac5a6c44df3b61f5787862cb008bfe3a935c010cc8c7695200
collect_exp/logs/03_BRL_TOMATO/logs/master/20261005_141516_gui/frontend.log,00_raw/tomato/scene_03/pomdp/20261005_141516_gui/frontend.log,tomato,3,pomdp,20261005_141516_gui,1987,4fff0f5bd4bb9becadd4f5f2fd120655b7d4d4092ba92d641860766c184ace58
collect_exp/logs/03_BRL_TOMATO/logs/master/20261005_141516_gui/knowledge_graph.log,00_raw/tomato/scene_03/pomdp/20261005_141516_gui/knowledge_graph.log,tomato,3,pomdp,20261005_141516_gui,19603,1dc538ff034a9f95da5884cc7d59078608f6256181331957809b307bc30d62e4
collect_exp/logs/03_BRL_TOMATO/logs/master/20261005_141516_gui/planner.log,00_raw/tomato/scene_03/pomdp/20261005_141516_gui/planner.log,tomato,3,pomdp,20261005_141516_gui,23249,bcbd7b3fe17ee4174ae9155290518c75d100cade87cd3b7c696d07a6a025d16c
collect_exp/logs/03_BRL_TOMATO/logs/master/20261005_141516_gui/planner_experiments/exp_tomato_20261005_141850_207732.txt,00_raw/tomato/scene_03/pomdp/20261005_141516_gui/planner_experiments/exp_tomato_20261005_141850_207732.txt,tomato,3,pomdp,20261005_141516_gui,8238,9fe99dc925bf9d32ae082d898e610d621a45ff4945b869913d4abf14c5c03ce8
collect_exp/logs/03_BRL_TOMATO/logs/master/20261005_141516_gui/recordings/pomdp_planner_scene3_20261005_141550_003749/recording.json,00_raw/tomato/scene_03/pomdp/20261005_141516_gui/recordings/pomdp_planner_scene3_20261005_141550_003749/recording.json,tomato,3,pomdp,20261005_141516_gui,663,083d7e3a7e1185e0ddc4a185c30c1f22590ee57cc3edd3fe7188e0f4ffbc9729
collect_exp/logs/03_BRL_TOMATO/logs/master/20261005_150228_gui_pomdp_scene4/brl_sensor.log,00_raw/tomato/scene_04/pomdp/20261005_150228_gui_pomdp_scene4/brl_sensor.log,tomato,4,pomdp,20261005_150228_gui_pomdp_scene4,18546,28d336ad6bf77e331dcb21fb6b6c914eab4c815267a8d2ef6bd739a3b32771eb
collect_exp/logs/03_BRL_TOMATO/logs/master/20261005_150228_gui_pomdp_scene4/brl_server.log,00_raw/tomato/scene_04/pomdp/20261005_150228_gui_pomdp_scene4/brl_server.log,tomato,4,pomdp,20261005_150228_gui_pomdp_scene4,4078,3e39b20c13e61168cdfff68c4adca90622e758e983352727a7542d6d0db171dc
collect_exp/logs/03_BRL_TOMATO/logs/master/20261005_150228_gui_pomdp_scene4/environment_setup.log,00_raw/tomato/scene_04/pomdp/20261005_150228_gui_pomdp_scene4/environment_setup.log,tomato,4,pomdp,20261005_150228_gui_pomdp_scene4,1675,e3dfe477389caa7ab7071f42cff11bd2312ea17440a6dc11069758a7c3e320c3
collect_exp/logs/03_BRL_TOMATO/logs/master/20261005_150228_gui_pomdp_scene4/feedback_manager.log,00_raw/tomato/scene_04/pomdp/20261005_150228_gui_pomdp_scene4/feedback_manager.log,tomato,4,pomdp,20261005_150228_gui_pomdp_scene4,33498,7312ab778c4021fff83f398d4c54e33eaf28be21ca487fbeeaf5c0b5d11abc86
collect_exp/logs/03_BRL_TOMATO/logs/master/20261005_150228_gui_pomdp_scene4/frontend.log,00_raw/tomato/scene_04/pomdp/20261005_150228_gui_pomdp_scene4/frontend.log,tomato,4,pomdp,20261005_150228_gui_pomdp_scene4,1988,8f8220d9babc4890a71bc73186caea367301e49b985169ca80fb5c20bb5bec90
collect_exp/logs/03_BRL_TOMATO/logs/master/20261005_150228_gui_pomdp_scene4/knowledge_graph.log,00_raw/tomato/scene_04/pomdp/20261005_150228_gui_pomdp_scene4/knowledge_graph.log,tomato,4,pomdp,20261005_150228_gui_pomdp_scene4,17685,df506eeac48d63ad8e62b75506510b22617d38e8f9b2a6a4459ecbc8cc0959af
collect_exp/logs/03_BRL_TOMATO/logs/master/20261005_150228_gui_pomdp_scene4/planner.log,00_raw/tomato/scene_04/pomdp/20261005_150228_gui_pomdp_scene4/planner.log,tomato,4,pomdp,20261005_150228_gui_pomdp_scene4,23670,4e311a47e228319cdd52b0107896c08b795769f2057cf48ddc90945b1d29a737
collect_exp/logs/03_BRL_TOMATO/logs/master/20261005_150228_gui_pomdp_scene4/planner_experiments/exp_tomato_20261005_150623_301161.txt,00_raw/tomato/scene_04/pomdp/20261005_150228_gui_pomdp_scene4/planner_experiments/exp_tomato_20261005_150623_301161.txt,tomato,4,pomdp,20261005_150228_gui_pomdp_scene4,8540,417a5939f7284d6f7bab7e40f79143c4857d455845fe36c44e12b2b847c48cee
collect_exp/logs/03_BRL_TOMATO/logs/master/20261005_150228_gui_pomdp_scene4/recordings/pomdp_planner_scene4_20261005_150332_309532/recording.json,00_raw/tomato/scene_04/pomdp/20261005_150228_gui_pomdp_scene4/recordings/pomdp_planner_scene4_20261005_150332_309532/recording.json,tomato,4,pomdp,20261005_150228_gui_pomdp_scene4,675,af6c4b2918314f1daac2a94f46654273598eb7550bcd8ac19235dfd5363e9bc4
collect_exp/logs/03_BRL_TOMATO/logs/master/20261005_150638_gui/brl_sensor.log,00_raw/tomato/scene_04/pomdp/20261005_150638_gui/brl_sensor.log,tomato,4,pomdp,20261005_150638_gui,16565,f09e7a004e8a919513652600d4945caf2cff48669a18f80619341c65ce9d3a4b
collect_exp/logs/03_BRL_TOMATO/logs/master/20261005_150638_gui/brl_server.log,00_raw/tomato/scene_04/pomdp/20261005_150638_gui/brl_server.log,tomato,4,pomdp,20261005_150638_gui,4078,e45605950b7f757bb8b8dd92409696fd77798d3fb7494ff3417dfff86eec0569
collect_exp/logs/03_BRL_TOMATO/logs/master/20261005_150638_gui/environment_setup.log,00_raw/tomato/scene_04/pomdp/20261005_150638_gui/environment_setup.log,tomato,4,pomdp,20261005_150638_gui,1675,33db9365a4194c7e46427e122a04442add652c103a15db2e02f75d33c144e9df
collect_exp/logs/03_BRL_TOMATO/logs/master/20261005_150638_gui/feedback_manager.log,00_raw/tomato/scene_04/pomdp/20261005_150638_gui/feedback_manager.log,tomato,4,pomdp,20261005_150638_gui,33570,f3fa3da7818060215c3f78fafca042c3b0d8131d4f6e83cb3556687a3dc2b3d8
collect_exp/logs/03_BRL_TOMATO/logs/master/20261005_150638_gui/frontend.log,00_raw/tomato/scene_04/pomdp/20261005_150638_gui/frontend.log,tomato,4,pomdp,20261005_150638_gui,1988,a913c845a6d654ddaf5c72e609a040f46c04d3698309e1be8c9ade9398d253c0
collect_exp/logs/03_BRL_TOMATO/logs/master/20261005_150638_gui/knowledge_graph.log,00_raw/tomato/scene_04/pomdp/20261005_150638_gui/knowledge_graph.log,tomato,4,pomdp,20261005_150638_gui,17046,c46c1ee4860249b00fe0632bf074f16a6ffbf634378ada3d44cccedf88d848d5
collect_exp/logs/03_BRL_TOMATO/logs/master/20261005_150638_gui/planner.log,00_raw/tomato/scene_04/pomdp/20261005_150638_gui/planner.log,tomato,4,pomdp,20261005_150638_gui,22973,b5dd18e606631ab31cc953bfecdc2aff4ed7f6d56a660b4d3f9158a41c56899f
collect_exp/logs/03_BRL_TOMATO/logs/master/20261005_150638_gui/planner_experiments/exp_tomato_20261005_151014_146271.txt,00_raw/tomato/scene_04/pomdp/20261005_150638_gui/planner_experiments/exp_tomato_20261005_151014_146271.txt,tomato,4,pomdp,20261005_150638_gui,8373,c9e5c41b25553c8274317dea1d337c9b0c71e9c9595a4da652919972e5e347ac
collect_exp/logs/03_BRL_TOMATO/logs/master/20261005_150638_gui/recordings/pomdp_planner_scene4_20261005_150727_042088/recording.json,00_raw/tomato/scene_04/pomdp/20261005_150638_gui/recordings/pomdp_planner_scene4_20261005_150727_042088/recording.json,tomato,4,pomdp,20261005_150638_gui,676,e3998586ef47b8077e561f3de62e1cd9e75ae5ef923e49704fb23b927ab2c189
collect_exp/logs/03_BRL_TOMATO/logs/master/20261005_151032_gui/brl_sensor.log,00_raw/tomato/scene_04/pomdp/20261005_151032_gui/brl_sensor.log,tomato,4,pomdp,20261005_151032_gui,16993,1513bb26a12ba66797317d17c12208f5f7341d6266cd354ace426c7e55aff7bc
collect_exp/logs/03_BRL_TOMATO/logs/master/20261005_151032_gui/brl_server.log,00_raw/tomato/scene_04/pomdp/20261005_151032_gui/brl_server.log,tomato,4,pomdp,20261005_151032_gui,4155,84138c9e989b1aea99d98da521ca740b103af3b9bc321047048ac1ddefad7894
collect_exp/logs/03_BRL_TOMATO/logs/master/20261005_151032_gui/environment_setup.log,00_raw/tomato/scene_04/pomdp/20261005_151032_gui/environment_setup.log,tomato,4,pomdp,20261005_151032_gui,1675,1351a6c39dd2ae10ea17f3f04648828390a43ae88b47f48bac23a7eb0be422b6
collect_exp/logs/03_BRL_TOMATO/logs/master/20261005_151032_gui/feedback_manager.log,00_raw/tomato/scene_04/pomdp/20261005_151032_gui/feedback_manager.log,tomato,4,pomdp,20261005_151032_gui,40061,2e03f1ff1cc6b5618d321e37caca208cd7f448e9a53fe99858b2c1f754f0e4f4
collect_exp/logs/03_BRL_TOMATO/logs/master/20261005_151032_gui/frontend.log,00_raw/tomato/scene_04/pomdp/20261005_151032_gui/frontend.log,tomato,4,pomdp,20261005_151032_gui,1988,222ac93b06e4493060ad13e76bfaf7acd7490a5f1332b674cf364a87252a9f1f
collect_exp/logs/03_BRL_TOMATO/logs/master/20261005_151032_gui/knowledge_graph.log,00_raw/tomato/scene_04/pomdp/20261005_151032_gui/knowledge_graph.log,tomato,4,pomdp,20261005_151032_gui,16750,f51a425377012e2ea890b9922f8b61c1a742a09a19f5445d5bb529d68316928c
collect_exp/logs/03_BRL_TOMATO/logs/master/20261005_151032_gui/planner.log,00_raw/tomato/scene_04/pomdp/20261005_151032_gui/planner.log,tomato,4,pomdp,20261005_151032_gui,24015,c83badd39802f3bb63f1128307dca64da9efd051810d831553608775917db583
collect_exp/logs/03_BRL_TOMATO/logs/master/20261005_151032_gui/planner_experiments/exp_tomato_20261005_151410_703036.txt,00_raw/tomato/scene_04/pomdp/20261005_151032_gui/planner_experiments/exp_tomato_20261005_151410_703036.txt,tomato,4,pomdp,20261005_151032_gui,8676,8a9807e1d943f2e50f544aa6e5c85a7377ada346cf7dbd84d99575c596bde75a
collect_exp/logs/03_BRL_TOMATO/logs/master/20261005_151032_gui/recordings/pomdp_planner_scene4_20261005_151100_123870/recording.json,00_raw/tomato/scene_04/pomdp/20261005_151032_gui/recordings/pomdp_planner_scene4_20261005_151100_123870/recording.json,tomato,4,pomdp,20261005_151032_gui,676,75312909ebbbf0b6c68f03e7fc9ced1e0f873e68dcc832c4c8136b8e21f81f70
collect_exp/logs/03_BRL_TOMATO/logs/master/20261005_151426_gui/brl_sensor.log,00_raw/tomato/scene_04/pomdp/20261005_151426_gui/brl_sensor.log,tomato,4,pomdp,20261005_151426_gui,15496,fb45c7cfc000a4fdeb46d99bd480be50c1c6e6e93eb2d175a9840a8409fd0f60
collect_exp/logs/03_BRL_TOMATO/logs/master/20261005_151426_gui/brl_server.log,00_raw/tomato/scene_04/pomdp/20261005_151426_gui/brl_server.log,tomato,4,pomdp,20261005_151426_gui,4078,463ded4afc9a26287cbe494277f7108e22ca11cf1ab7a82f2f05263d62c68990
collect_exp/logs/03_BRL_TOMATO/logs/master/20261005_151426_gui/environment_setup.log,00_raw/tomato/scene_04/pomdp/20261005_151426_gui/environment_setup.log,tomato,4,pomdp,20261005_151426_gui,1675,83f7251e33fdb4cb934eb982c06f44fb089d1032e7b01f4f5c31d0279de1dc96
collect_exp/logs/03_BRL_TOMATO/logs/master/20261005_151426_gui/feedback_manager.log,00_raw/tomato/scene_04/pomdp/20261005_151426_gui/feedback_manager.log,tomato,4,pomdp,20261005_151426_gui,33506,d13587a96e2a5eba5e570f078f68cf130feb1e566a23642e1499904512480b18
collect_exp/logs/03_BRL_TOMATO/logs/master/20261005_151426_gui/frontend.log,00_raw/tomato/scene_04/pomdp/20261005_151426_gui/frontend.log,tomato,4,pomdp,20261005_151426_gui,1988,49ddc3e86ed308bd4dd38096b763f5a90dd41797c08896995dba5400935b1319
collect_exp/logs/03_BRL_TOMATO/logs/master/20261005_151426_gui/knowledge_graph.log,00_raw/tomato/scene_04/pomdp/20261005_151426_gui/knowledge_graph.log,tomato,4,pomdp,20261005_151426_gui,15981,c41cb1512ec5403aab4c1140c079e33db54732c7feede977c8c6d4ff32e37099
collect_exp/logs/03_BRL_TOMATO/logs/master/20261005_151426_gui/planner.log,00_raw/tomato/scene_04/pomdp/20261005_151426_gui/planner.log,tomato,4,pomdp,20261005_151426_gui,23615,9a87feb93a9d999d43dc3430feed24b0554b47027562b382697b14a9b5bd7058
collect_exp/logs/03_BRL_TOMATO/logs/master/20261005_151426_gui/planner_experiments/exp_tomato_20261005_151739_986126.txt,00_raw/tomato/scene_04/pomdp/20261005_151426_gui/planner_experiments/exp_tomato_20261005_151739_986126.txt,tomato,4,pomdp,20261005_151426_gui,8526,097380a73d99a5c0f63e081c0ff65260331f101a99d6d4c19a2cfba9beb4e329
collect_exp/logs/03_BRL_TOMATO/logs/master/20261005_151426_gui/recordings/pomdp_planner_scene4_20261005_151450_559703/recording.json,00_raw/tomato/scene_04/pomdp/20261005_151426_gui/recordings/pomdp_planner_scene4_20261005_151450_559703/recording.json,tomato,4,pomdp,20261005_151426_gui,663,5e8f0c6e54a1096026936b7243fe1e618affc1f7d3df3c86ed1a074411dcf8d6
collect_exp/logs/03_BRL_TOMATO/logs/master/20261005_151754_gui/brl_sensor.log,00_raw/tomato/scene_04/pomdp/20261005_151754_gui/brl_sensor.log,tomato,4,pomdp,20261005_151754_gui,16743,aa11a91da5d17b2c0ca147e9869a4d20512b099bb8ab250ec42c3779a81d89df
collect_exp/logs/03_BRL_TOMATO/logs/master/20261005_151754_gui/brl_server.log,00_raw/tomato/scene_04/pomdp/20261005_151754_gui/brl_server.log,tomato,4,pomdp,20261005_151754_gui,4086,5dc0eea770dc549312df1f9869479f5bd6663c96ce63e6e1313fe589c5b32390
collect_exp/logs/03_BRL_TOMATO/logs/master/20261005_151754_gui/environment_setup.log,00_raw/tomato/scene_04/pomdp/20261005_151754_gui/environment_setup.log,tomato,4,pomdp,20261005_151754_gui,1675,f8a22059cc885cc0cec2e5a2a5e2b4037e1d9b43f82965be68d2749051f3fe9d
collect_exp/logs/03_BRL_TOMATO/logs/master/20261005_151754_gui/feedback_manager.log,00_raw/tomato/scene_04/pomdp/20261005_151754_gui/feedback_manager.log,tomato,4,pomdp,20261005_151754_gui,37259,e43f394fde373ba4ee043c58b195eb8b029fab3aaf5f3e9f19f7f4d61bd94d26
collect_exp/logs/03_BRL_TOMATO/logs/master/20261005_151754_gui/frontend.log,00_raw/tomato/scene_04/pomdp/20261005_151754_gui/frontend.log,tomato,4,pomdp,20261005_151754_gui,1988,c4bfe0ba162dd0a7dabe46198551c3e50e41ae52f1bfe0aac806f2fc3a65cd6b
collect_exp/logs/03_BRL_TOMATO/logs/master/20261005_151754_gui/knowledge_graph.log,00_raw/tomato/scene_04/pomdp/20261005_151754_gui/knowledge_graph.log,tomato,4,pomdp,20261005_151754_gui,17337,d39a2b0c6de8e63257757550e70b8d6c8357b3ce4950fb298aa598103fcf6157
collect_exp/logs/03_BRL_TOMATO/logs/master/20261005_151754_gui/planner.log,00_raw/tomato/scene_04/pomdp/20261005_151754_gui/planner.log,tomato,4,pomdp,20261005_151754_gui,23873,8f526975f3b5573b3deba1a0affc54b2d2a1d90e7490f75f74ed4bdc30ef651d
collect_exp/logs/03_BRL_TOMATO/logs/master/20261005_151754_gui/planner_experiments/exp_tomato_20261005_152128_186489.txt,00_raw/tomato/scene_04/pomdp/20261005_151754_gui/planner_experiments/exp_tomato_20261005_152128_186489.txt,tomato,4,pomdp,20261005_151754_gui,8644,1b7ad18d22f75336f812e5518aff88f3b442a03b58489986f40038c1934e6e5d
collect_exp/logs/03_BRL_TOMATO/logs/master/20261005_151754_gui/recordings/pomdp_planner_scene4_20261005_151820_899573/recording.json,00_raw/tomato/scene_04/pomdp/20261005_151754_gui/recordings/pomdp_planner_scene4_20261005_151820_899573/recording.json,tomato,4,pomdp,20261005_151754_gui,677,a885a1617cf8a8d088da924f901a71512d0654fc2eab9dd127ebae9924f7e576
collect_exp/logs/03_BRL_TOMATO/logs/master/20261005_152146_gui/brl_sensor.log,00_raw/tomato/scene_04/pomdp/20261005_152146_gui/brl_sensor.log,tomato,4,pomdp,20261005_152146_gui,16724,0242391ddd6f11929b407d3ed4a712e4e3091357978df3f5b6594f3a220708a8
collect_exp/logs/03_BRL_TOMATO/logs/master/20261005_152146_gui/brl_server.log,00_raw/tomato/scene_04/pomdp/20261005_152146_gui/brl_server.log,tomato,4,pomdp,20261005_152146_gui,4155,983950f442dc631158611f986f310547cc8433ee44a78532f481b272d6f0dcd2
collect_exp/logs/03_BRL_TOMATO/logs/master/20261005_152146_gui/environment_setup.log,00_raw/tomato/scene_04/pomdp/20261005_152146_gui/environment_setup.log,tomato,4,pomdp,20261005_152146_gui,1675,586e88156340be47f92b9ebdaed872111444f82e21d62db63893e99b4f13c477
collect_exp/logs/03_BRL_TOMATO/logs/master/20261005_152146_gui/feedback_manager.log,00_raw/tomato/scene_04/pomdp/20261005_152146_gui/feedback_manager.log,tomato,4,pomdp,20261005_152146_gui,37375,adde0d4db1b1b9d75c431051257aee851a3955c31e275c2516650e5fd9781f1d
collect_exp/logs/03_BRL_TOMATO/logs/master/20261005_152146_gui/frontend.log,00_raw/tomato/scene_04/pomdp/20261005_152146_gui/frontend.log,tomato,4,pomdp,20261005_152146_gui,1988,328f45fe66c8d96fb0dbfb22ea7f9d2444c87e2f3c2be788871e35f98e45a766
collect_exp/logs/03_BRL_TOMATO/logs/master/20261005_152146_gui/knowledge_graph.log,00_raw/tomato/scene_04/pomdp/20261005_152146_gui/knowledge_graph.log,tomato,4,pomdp,20261005_152146_gui,16592,23989ebce2173fac007ae5002b72e3d883a8b53d92ab80fbd48019486374743d
collect_exp/logs/03_BRL_TOMATO/logs/master/20261005_152146_gui/planner.log,00_raw/tomato/scene_04/pomdp/20261005_152146_gui/planner.log,tomato,4,pomdp,20261005_152146_gui,23284,441e4db5306fec892ae83ad41759efb0a08c3b0469569e0d3b305e7de2277c38
collect_exp/logs/03_BRL_TOMATO/logs/master/20261005_152146_gui/planner_experiments/exp_tomato_20261005_152510_284015.txt,00_raw/tomato/scene_04/pomdp/20261005_152146_gui/planner_experiments/exp_tomato_20261005_152510_284015.txt,tomato,4,pomdp,20261005_152146_gui,8489,f29c9238d1f732dc08e7a7a22e574a1bb4d3b7085ebd7128ba8608a5d9b48789
collect_exp/logs/03_BRL_TOMATO/logs/master/20261005_152146_gui/recordings/pomdp_planner_scene4_20261005_152207_425753/recording.json,00_raw/tomato/scene_04/pomdp/20261005_152146_gui/recordings/pomdp_planner_scene4_20261005_152207_425753/recording.json,tomato,4,pomdp,20261005_152146_gui,663,0e35406dafd0b11b74a89a7acd908f5ad2ba86350ad645cbd32b0efc86ded2b2
collect_exp/logs/03_BRL_TOMATO/logs/master/20261005_152525_gui/brl_sensor.log,00_raw/tomato/scene_04/pomdp/20261005_152525_gui/brl_sensor.log,tomato,4,pomdp,20261005_152525_gui,15532,02a07f5fb4bc660cabcced905ef6f2461df8e64f175b0d82c44e18fbac453830
collect_exp/logs/03_BRL_TOMATO/logs/master/20261005_152525_gui/brl_server.log,00_raw/tomato/scene_04/pomdp/20261005_152525_gui/brl_server.log,tomato,4,pomdp,20261005_152525_gui,3855,e1094c20d1f66c88532988efc4c9a48d4c0ca3640231ecff8d52510b6a60e0fd
collect_exp/logs/03_BRL_TOMATO/logs/master/20261005_152525_gui/environment_setup.log,00_raw/tomato/scene_04/pomdp/20261005_152525_gui/environment_setup.log,tomato,4,pomdp,20261005_152525_gui,1675,73ca7ce7452e563426a0a208256457a0121f6716b2ff0f53354137aca24f9c39
collect_exp/logs/03_BRL_TOMATO/logs/master/20261005_152525_gui/feedback_manager.log,00_raw/tomato/scene_04/pomdp/20261005_152525_gui/feedback_manager.log,tomato,4,pomdp,20261005_152525_gui,26029,3e653d7fbce7b50e72bc6d329a73623d2c6e01cf9073b6a91b41c85ace96ce8c
collect_exp/logs/03_BRL_TOMATO/logs/master/20261005_152525_gui/frontend.log,00_raw/tomato/scene_04/pomdp/20261005_152525_gui/frontend.log,tomato,4,pomdp,20261005_152525_gui,1988,a0201c7281e5e1c46153a99d607b06ccfb7c78625a339b9feab63f051b9bec66
collect_exp/logs/03_BRL_TOMATO/logs/master/20261005_152525_gui/knowledge_graph.log,00_raw/tomato/scene_04/pomdp/20261005_152525_gui/knowledge_graph.log,tomato,4,pomdp,20261005_152525_gui,15285,190262e7ca3ad436de10146bb7d8458178aa685b192878a9778daf0f71b0ed4e
collect_exp/logs/03_BRL_TOMATO/logs/master/20261005_152525_gui/planner.log,00_raw/tomato/scene_04/pomdp/20261005_152525_gui/planner.log,tomato,4,pomdp,20261005_152525_gui,23108,3c26b0ae814c87282e9280cf9bc42769b5a007596efd1f4c383ac810761cbc4b
collect_exp/logs/03_BRL_TOMATO/logs/master/20261005_152525_gui/planner_experiments/exp_tomato_20261005_152830_765334.txt,00_raw/tomato/scene_04/pomdp/20261005_152525_gui/planner_experiments/exp_tomato_20261005_152830_765334.txt,tomato,4,pomdp,20261005_152525_gui,8295,5d3f509426971897fc520e9098ee9bd6b0fd4267966478714299f428a055141d
collect_exp/logs/03_BRL_TOMATO/logs/master/20261005_152525_gui/recordings/pomdp_planner_scene4_20261005_152547_965787/recording.json,00_raw/tomato/scene_04/pomdp/20261005_152525_gui/recordings/pomdp_planner_scene4_20261005_152547_965787/recording.json,tomato,4,pomdp,20261005_152525_gui,677,c5467246324a84c91aba57b1d744652119ca3c1f657be3f857393a53ad14dd82
collect_exp/logs/03_BRL_TOMATO/logs/master/20261005_152845_gui/brl_sensor.log,00_raw/tomato/scene_04/pomdp/20261005_152845_gui/brl_sensor.log,tomato,4,pomdp,20261005_152845_gui,18659,a1580a959b4fbe2875849ecddf9c8cca60a175170e8fed0c4e18717f7e0942cc
collect_exp/logs/03_BRL_TOMATO/logs/master/20261005_152845_gui/brl_server.log,00_raw/tomato/scene_04/pomdp/20261005_152845_gui/brl_server.log,tomato,4,pomdp,20261005_152845_gui,4954,8987d338c89698e1c9750476fba5c74db21c08992a448cb03ba045ef69a5ad0a
collect_exp/logs/03_BRL_TOMATO/logs/master/20261005_152845_gui/environment_setup.log,00_raw/tomato/scene_04/pomdp/20261005_152845_gui/environment_setup.log,tomato,4,pomdp,20261005_152845_gui,1675,fa640526675c1649a93413aab278a1e5864ac9e6b096729265c9bf1df7a47cf0
collect_exp/logs/03_BRL_TOMATO/logs/master/20261005_152845_gui/feedback_manager.log,00_raw/tomato/scene_04/pomdp/20261005_152845_gui/feedback_manager.log,tomato,4,pomdp,20261005_152845_gui,43695,02aa9a3c4b7746ba42839e6ea1e562d7e03615bd5a319b9bb7504ffef993537c
collect_exp/logs/03_BRL_TOMATO/logs/master/20261005_152845_gui/frontend.log,00_raw/tomato/scene_04/pomdp/20261005_152845_gui/frontend.log,tomato,4,pomdp,20261005_152845_gui,1988,936a89afa38a06cfec6ae188bfc9cc2f3d46f814bb98575876c94995eb6431b3
collect_exp/logs/03_BRL_TOMATO/logs/master/20261005_152845_gui/knowledge_graph.log,00_raw/tomato/scene_04/pomdp/20261005_152845_gui/knowledge_graph.log,tomato,4,pomdp,20261005_152845_gui,17363,8183a55cde3aa80408366ef9a2b73f5d1a35689c0164ce954c1fc1cff0fb339e
collect_exp/logs/03_BRL_TOMATO/logs/master/20261005_152845_gui/planner.log,00_raw/tomato/scene_04/pomdp/20261005_152845_gui/planner.log,tomato,4,pomdp,20261005_152845_gui,27762,2ba3c475de819f57e4cbda9eaa44ad4c8cb360483617874a8b50be7942c5f902
collect_exp/logs/03_BRL_TOMATO/logs/master/20261005_152845_gui/planner_experiments/exp_tomato_20261005_153227_580381.txt,00_raw/tomato/scene_04/pomdp/20261005_152845_gui/planner_experiments/exp_tomato_20261005_153227_580381.txt,tomato,4,pomdp,20261005_152845_gui,8987,6c3755afe4ac2e5f5fce853e05b16c813fc27fc303a64825b88494d329744673
collect_exp/logs/03_BRL_TOMATO/logs/master/20261005_152845_gui/recordings/pomdp_planner_scene4_20261005_152905_176103/recording.json,00_raw/tomato/scene_04/pomdp/20261005_152845_gui/recordings/pomdp_planner_scene4_20261005_152905_176103/recording.json,tomato,4,pomdp,20261005_152845_gui,323,e9005381405a3b15f0dece0546698acd099719f55ebeec87117a2eda10fa05f8
collect_exp/logs/03_BRL_TOMATO/logs/master/20261005_152845_gui/recordings/pomdp_planner_scene4_20261005_152925_322922/recording.json,00_raw/tomato/scene_04/pomdp/20261005_152845_gui/recordings/pomdp_planner_scene4_20261005_152925_322922/recording.json,tomato,4,pomdp,20261005_152845_gui,664,dfc982644c147b5f8b9d7c70404820108aec53a6dff94907404493df21891ff7
collect_exp/logs/03_BRL_TOMATO/logs/master/20261005_153243_gui/brl_sensor.log,00_raw/tomato/scene_04/pomdp/20261005_153243_gui/brl_sensor.log,tomato,4,pomdp,20261005_153243_gui,15800,19d95e4bc5ed98c7ffd9eb9e892a136a386829a3c12ae18d877ab65ad82591e1
collect_exp/logs/03_BRL_TOMATO/logs/master/20261005_153243_gui/brl_server.log,00_raw/tomato/scene_04/pomdp/20261005_153243_gui/brl_server.log,tomato,4,pomdp,20261005_153243_gui,4155,a04f9b734b6b170932c25c875bdef59adb7b7ab1f86c32e8f3462d71842cd7b0
collect_exp/logs/03_BRL_TOMATO/logs/master/20261005_153243_gui/environment_setup.log,00_raw/tomato/scene_04/pomdp/20261005_153243_gui/environment_setup.log,tomato,4,pomdp,20261005_153243_gui,1675,7ec6ed6f29b90b4067903462c60fb761e38eae370a6a30332e8845361731f610
collect_exp/logs/03_BRL_TOMATO/logs/master/20261005_153243_gui/feedback_manager.log,00_raw/tomato/scene_04/pomdp/20261005_153243_gui/feedback_manager.log,tomato,4,pomdp,20261005_153243_gui,37303,2cb3b78f554928205afb2ff3e6e90aaf420f4c93a571d4345b83a8fba8c703e9
collect_exp/logs/03_BRL_TOMATO/logs/master/20261005_153243_gui/frontend.log,00_raw/tomato/scene_04/pomdp/20261005_153243_gui/frontend.log,tomato,4,pomdp,20261005_153243_gui,1988,34b2f1917e2c8a5a293a19b99091f2c2942942d02ffac75230956d1481a5c536
collect_exp/logs/03_BRL_TOMATO/logs/master/20261005_153243_gui/knowledge_graph.log,00_raw/tomato/scene_04/pomdp/20261005_153243_gui/knowledge_graph.log,tomato,4,pomdp,20261005_153243_gui,16376,6e0519297230b4289a9f9ffd5dcfd415fec483f7680b3470388301a87f661b1a
collect_exp/logs/03_BRL_TOMATO/logs/master/20261005_153243_gui/planner.log,00_raw/tomato/scene_04/pomdp/20261005_153243_gui/planner.log,tomato,4,pomdp,20261005_153243_gui,23367,270e53f39e4bde03ba07c974dfad7816add0bb5567652a258db5c9078df58903
collect_exp/logs/03_BRL_TOMATO/logs/master/20261005_153243_gui/planner_experiments/exp_tomato_20261005_153608_306456.txt,00_raw/tomato/scene_04/pomdp/20261005_153243_gui/planner_experiments/exp_tomato_20261005_153608_306456.txt,tomato,4,pomdp,20261005_153243_gui,8522,4c2fa2ebab39897c167fc27cd6fed0dc6625c3949ee0984d30430f3fcf10f141
collect_exp/logs/03_BRL_TOMATO/logs/master/20261005_153243_gui/recordings/pomdp_planner_scene4_20261005_153318_981210/recording.json,00_raw/tomato/scene_04/pomdp/20261005_153243_gui/recordings/pomdp_planner_scene4_20261005_153318_981210/recording.json,tomato,4,pomdp,20261005_153243_gui,676,2f795da013527e56716965460f1d77159f219f7ee965412d83f5cdf884e8ab7a
collect_exp/logs/03_BRL_TOMATO/logs/master/20261005_153622_gui/brl_sensor.log,00_raw/tomato/scene_04/pomdp/20261005_153622_gui/brl_sensor.log,tomato,4,pomdp,20261005_153622_gui,17655,706f69134250fcfb54590f2906c066c4be146227c066939f5512f074fbb987b8
collect_exp/logs/03_BRL_TOMATO/logs/master/20261005_153622_gui/brl_server.log,00_raw/tomato/scene_04/pomdp/20261005_153622_gui/brl_server.log,tomato,4,pomdp,20261005_153622_gui,4422,1ead7d73cec22a4b2624d7181dcfd48550b7401a238247c44d5c59af2b78063e
collect_exp/logs/03_BRL_TOMATO/logs/master/20261005_153622_gui/environment_setup.log,00_raw/tomato/scene_04/pomdp/20261005_153622_gui/environment_setup.log,tomato,4,pomdp,20261005_153622_gui,1675,64570e6ec9a068bcaef241fd0a3a4ca99d5c97b19aa5d2bb68c57b4e94614a3e
collect_exp/logs/03_BRL_TOMATO/logs/master/20261005_153622_gui/feedback_manager.log,00_raw/tomato/scene_04/pomdp/20261005_153622_gui/feedback_manager.log,tomato,4,pomdp,20261005_153622_gui,48790,ff8a5a3d88cc29a2bc7ebd5eb372d769bf8831ad9ab0d282731688e7d4e44658
collect_exp/logs/03_BRL_TOMATO/logs/master/20261005_153622_gui/frontend.log,00_raw/tomato/scene_04/pomdp/20261005_153622_gui/frontend.log,tomato,4,pomdp,20261005_153622_gui,1987,3bd58b7c2da66717c6ae5f8e1169cb1366166c089fec236289d3411d468122c4
collect_exp/logs/03_BRL_TOMATO/logs/master/20261005_153622_gui/knowledge_graph.log,00_raw/tomato/scene_04/pomdp/20261005_153622_gui/knowledge_graph.log,tomato,4,pomdp,20261005_153622_gui,16420,13949fcc0181b48fe9cff522b61c2d39ffd43c08108b1016758002f0fff73cfd
collect_exp/logs/03_BRL_TOMATO/logs/master/20261005_153622_gui/planner.log,00_raw/tomato/scene_04/pomdp/20261005_153622_gui/planner.log,tomato,4,pomdp,20261005_153622_gui,23361,d22d10f50b55bc01ab8fefb7bd20e315f4fe9f78e7d248cae8be4e7d178d5545
collect_exp/logs/03_BRL_TOMATO/logs/master/20261005_153622_gui/planner_experiments/exp_tomato_20261005_153956_974574.txt,00_raw/tomato/scene_04/pomdp/20261005_153622_gui/planner_experiments/exp_tomato_20261005_153956_974574.txt,tomato,4,pomdp,20261005_153622_gui,8531,cc3305256be9dc2a1df66fac60cd79910337a582f674fa11f688581734e901cc
collect_exp/logs/03_BRL_TOMATO/logs/master/20261005_153622_gui/recordings/pomdp_planner_scene4_20261005_153646_621006/recording.json,00_raw/tomato/scene_04/pomdp/20261005_153622_gui/recordings/pomdp_planner_scene4_20261005_153646_621006/recording.json,tomato,4,pomdp,20261005_153622_gui,677,f4be337d3ae2c0fbad95f585b077d0171e48574f1e406bf4c668bb798ce571e1
collect_exp/logs/03_BRL_TOMATO/logs/master/20261005_161403_gui_knowno_scene4/brl_sensor.log,00_raw/tomato/scene_04/knowno/20261005_161403_gui_knowno_scene4/brl_sensor.log,tomato,4,knowno,20261005_161403_gui_knowno_scene4,23392,689b2ff35dd5bb0c3120e4e358bac4d1f3df9ddc6ace470d78400b5869da9a6f
collect_exp/logs/03_BRL_TOMATO/logs/master/20261005_161403_gui_knowno_scene4/brl_server.log,00_raw/tomato/scene_04/knowno/20261005_161403_gui_knowno_scene4/brl_server.log,tomato,4,knowno,20261005_161403_gui_knowno_scene4,4076,90ca3b22fd760858262d7ad0026907960d267b135ecd7e360710f2c66a8b5e98
collect_exp/logs/03_BRL_TOMATO/logs/master/20261005_161403_gui_knowno_scene4/environment_setup.log,00_raw/tomato/scene_04/knowno/20261005_161403_gui_knowno_scene4/environment_setup.log,tomato,4,knowno,20261005_161403_gui_knowno_scene4,1675,96fb742df0b3625a31970d68bf0888a4fe889ca3a83771a7ea3d6c85328d7a54
collect_exp/logs/03_BRL_TOMATO/logs/master/20261005_161403_gui_knowno_scene4/feedback_manager.log,00_raw/tomato/scene_04/knowno/20261005_161403_gui_knowno_scene4/feedback_manager.log,tomato,4,knowno,20261005_161403_gui_knowno_scene4,22264,3a13d9638d8bb788aeb23556594768da14f09ac9c2f0be0af0f16bea38235703
collect_exp/logs/03_BRL_TOMATO/logs/master/20261005_161403_gui_knowno_scene4/frontend.log,00_raw/tomato/scene_04/knowno/20261005_161403_gui_knowno_scene4/frontend.log,tomato,4,knowno,20261005_161403_gui_knowno_scene4,1987,82bb085b1302643d6c99f2f96d16b7186ff8d15fbd1dbc38f2f4fc8614a23ff2
collect_exp/logs/03_BRL_TOMATO/logs/master/20261005_161403_gui_knowno_scene4/knowledge_graph.log,00_raw/tomato/scene_04/knowno/20261005_161403_gui_knowno_scene4/knowledge_graph.log,tomato,4,knowno,20261005_161403_gui_knowno_scene4,14961,28dd0fd8fd57ca1e68ba5dc024063f25efdc834cd279ea7d7b79f64e35bdf1a7
collect_exp/logs/03_BRL_TOMATO/logs/master/20261005_161403_gui_knowno_scene4/planner.log,00_raw/tomato/scene_04/knowno/20261005_161403_gui_knowno_scene4/planner.log,tomato,4,knowno,20261005_161403_gui_knowno_scene4,13240,20bebf495d2e4b238ac6bc05891ca2bdf5103f5add211fe644b511ceaed185f4
collect_exp/logs/03_BRL_TOMATO/logs/master/20261005_161403_gui_knowno_scene4/planner_experiments/exp_tomato_20261005_161806_995649.txt,00_raw/tomato/scene_04/knowno/20261005_161403_gui_knowno_scene4/planner_experiments/exp_tomato_20261005_161806_995649.txt,tomato,4,knowno,20261005_161403_gui_knowno_scene4,5898,4a35e1249ca95a0bbfeb5d2f104d5bc060848c32328d458553b796bd89e11d02
collect_exp/logs/03_BRL_TOMATO/logs/master/20261005_161403_gui_knowno_scene4/recordings/knowno_scene4_20261005_161514_351231/recording.json,00_raw/tomato/scene_04/knowno/20261005_161403_gui_knowno_scene4/recordings/knowno_scene4_20261005_161514_351231/recording.json,tomato,4,knowno,20261005_161403_gui_knowno_scene4,666,e872eaabe793274ebd309b60ef39d8fa10fbb5820b93609946a03c0aab9c4c0a
collect_exp/logs/03_BRL_TOMATO/logs/master/20261005_161818_gui/brl_sensor.log,00_raw/tomato/scene_04/knowno/20261005_161818_gui/brl_sensor.log,tomato,4,knowno,20261005_161818_gui,19914,847d2de1a9dc522e1f8808f4c7e365787c8e3453bbcd1dbb08e136e9cdab2390
collect_exp/logs/03_BRL_TOMATO/logs/master/20261005_161818_gui/brl_server.log,00_raw/tomato/scene_04/knowno/20261005_161818_gui/brl_server.log,tomato,4,knowno,20261005_161818_gui,4707,ee44b810f1b1d52f5d6e89f533308d24441d310493131d83a4a9ab09ba063e40
collect_exp/logs/03_BRL_TOMATO/logs/master/20261005_161818_gui/environment_setup.log,00_raw/tomato/scene_04/knowno/20261005_161818_gui/environment_setup.log,tomato,4,knowno,20261005_161818_gui,1675,58682babaf0e7c709a0cffd428e0e02e754b88c488dbebc1cd6638b30e5b1b24
collect_exp/logs/03_BRL_TOMATO/logs/master/20261005_161818_gui/feedback_manager.log,00_raw/tomato/scene_04/knowno/20261005_161818_gui/feedback_manager.log,tomato,4,knowno,20261005_161818_gui,62354,2a678094b8c233ecba7fd981181cf0ca3eaacbd392352ba2698d7b8ce806ebcb
collect_exp/logs/03_BRL_TOMATO/logs/master/20261005_161818_gui/frontend.log,00_raw/tomato/scene_04/knowno/20261005_161818_gui/frontend.log,tomato,4,knowno,20261005_161818_gui,1988,78783d2034e107caebe6ba089eae476ed1cda7518a3662fab4b1ce97c546137d
collect_exp/logs/03_BRL_TOMATO/logs/master/20261005_161818_gui/knowledge_graph.log,00_raw/tomato/scene_04/knowno/20261005_161818_gui/knowledge_graph.log,tomato,4,knowno,20261005_161818_gui,13957,71cca5825821eb988fac493296e7386ecf22b5ccdf590a02ccc9354c01580c45
collect_exp/logs/03_BRL_TOMATO/logs/master/20261005_161818_gui/planner.log,00_raw/tomato/scene_04/knowno/20261005_161818_gui/planner.log,tomato,4,knowno,20261005_161818_gui,24455,4371b7c6813e346555b92435346110cb6fbe1278c54425226d87b346fb301097
collect_exp/logs/03_BRL_TOMATO/logs/master/20261005_161818_gui/planner_experiments/exp_tomato_20261005_162139_686542.txt,00_raw/tomato/scene_04/knowno/20261005_161818_gui/planner_experiments/exp_tomato_20261005_162139_686542.txt,tomato,4,knowno,20261005_161818_gui,10417,976e07210feaebc40e52031810dc29869b49737607d97b56578c5f9c4292fe06
collect_exp/logs/03_BRL_TOMATO/logs/master/20261005_161818_gui/recordings/knowno_scene4_20261005_161855_549209/recording.json,00_raw/tomato/scene_04/knowno/20261005_161818_gui/recordings/knowno_scene4_20261005_161855_549209/recording.json,tomato,4,knowno,20261005_161818_gui,666,9caba61e3c7c0a398af44491a081bfe146ef93bd004431318b6afb2348f200a2
collect_exp/logs/03_BRL_TOMATO/logs/master/20261005_162143_gui/brl_sensor.log,00_raw/tomato/scene_04/knowno/20261005_162143_gui/brl_sensor.log,tomato,4,knowno,20261005_162143_gui,19910,929ece29fc01cb39a67ef0e91770aa68b0bc4085e55a3e466d6d86e622d32f01
collect_exp/logs/03_BRL_TOMATO/logs/master/20261005_162143_gui/brl_server.log,00_raw/tomato/scene_04/knowno/20261005_162143_gui/brl_server.log,tomato,4,knowno,20261005_162143_gui,4777,bd90765dd25f1ef67b9b0e6174b2ccd6fbb3cedb461de972c148848b27c72620
collect_exp/logs/03_BRL_TOMATO/logs/master/20261005_162143_gui/environment_setup.log,00_raw/tomato/scene_04/knowno/20261005_162143_gui/environment_setup.log,tomato,4,knowno,20261005_162143_gui,1675,a7f56decaef824a0091a1870f1caf618f8741895f9b8ba464d559709bc10f4b1
collect_exp/logs/03_BRL_TOMATO/logs/master/20261005_162143_gui/feedback_manager.log,00_raw/tomato/scene_04/knowno/20261005_162143_gui/feedback_manager.log,tomato,4,knowno,20261005_162143_gui,64115,7ddd955e08f54ebcc06138e8a161b7c50aaec72e852616a3c7d4849c362ce07a
collect_exp/logs/03_BRL_TOMATO/logs/master/20261005_162143_gui/frontend.log,00_raw/tomato/scene_04/knowno/20261005_162143_gui/frontend.log,tomato,4,knowno,20261005_162143_gui,1988,60601d18a75eeaa60d576390349a6c475d0b57dd9bc53ef2a99f3bbc658f1867
collect_exp/logs/03_BRL_TOMATO/logs/master/20261005_162143_gui/knowledge_graph.log,00_raw/tomato/scene_04/knowno/20261005_162143_gui/knowledge_graph.log,tomato,4,knowno,20261005_162143_gui,14066,6ffa7327ead0d8632099a1aa5e433afe6423e537ef4975006cae90d84f0534e6
collect_exp/logs/03_BRL_TOMATO/logs/master/20261005_162143_gui/planner.log,00_raw/tomato/scene_04/knowno/20261005_162143_gui/planner.log,tomato,4,knowno,20261005_162143_gui,24592,7d5741fcba938c4d1ede419c4de2b3476577d4d57dc231bc1fea4699ba36f502
collect_exp/logs/03_BRL_TOMATO/logs/master/20261005_162143_gui/planner_experiments/exp_tomato_20261005_162502_961657.txt,00_raw/tomato/scene_04/knowno/20261005_162143_gui/planner_experiments/exp_tomato_20261005_162502_961657.txt,tomato,4,knowno,20261005_162143_gui,10394,dc38c54c96b35a0b3a325727e6b89242017f84c1bd30d8af9db09a99e617ddf8
collect_exp/logs/03_BRL_TOMATO/logs/master/20261005_162143_gui/recordings/knowno_scene4_20261005_162215_883597/recording.json,00_raw/tomato/scene_04/knowno/20261005_162143_gui/recordings/knowno_scene4_20261005_162215_883597/recording.json,tomato,4,knowno,20261005_162143_gui,668,54443150d19020dda0e870ef63760dbaeb45db9659af6267c15a6bbb29d5300e
collect_exp/logs/03_BRL_TOMATO/logs/master/20261005_162504_gui/brl_sensor.log,00_raw/tomato/scene_04/knowno/20261005_162504_gui/brl_sensor.log,tomato,4,knowno,20261005_162504_gui,19091,a0ea5c7941d29933bac004db89588b24bab4083e025e0666fdcbe66825479cdb
collect_exp/logs/03_BRL_TOMATO/logs/master/20261005_162504_gui/brl_server.log,00_raw/tomato/scene_04/knowno/20261005_162504_gui/brl_server.log,tomato,4,knowno,20261005_162504_gui,4363,6fd28c58c7b0e45476798ff336debc1816da641e04e8219ce99d6477120873ea
collect_exp/logs/03_BRL_TOMATO/logs/master/20261005_162504_gui/environment_setup.log,00_raw/tomato/scene_04/knowno/20261005_162504_gui/environment_setup.log,tomato,4,knowno,20261005_162504_gui,1675,9380be490d4a81022be9a42fd3efcf73b0bfad221a7d256698649fff3b50f687
collect_exp/logs/03_BRL_TOMATO/logs/master/20261005_162504_gui/feedback_manager.log,00_raw/tomato/scene_04/knowno/20261005_162504_gui/feedback_manager.log,tomato,4,knowno,20261005_162504_gui,38119,654e3f8d37e1e0571d6226bec208962fc90df474fe53ef0fc6e4d468cb6070fc
collect_exp/logs/03_BRL_TOMATO/logs/master/20261005_162504_gui/frontend.log,00_raw/tomato/scene_04/knowno/20261005_162504_gui/frontend.log,tomato,4,knowno,20261005_162504_gui,1987,35e623e8e6aece553c05a59a0f677e1ba80cba2014106d9fb820656d12893e24
collect_exp/logs/03_BRL_TOMATO/logs/master/20261005_162504_gui/knowledge_graph.log,00_raw/tomato/scene_04/knowno/20261005_162504_gui/knowledge_graph.log,tomato,4,knowno,20261005_162504_gui,14802,4fbace101e31f428095a2a1cae762476963f8b0322f7908644a7f8d19dd754b0
collect_exp/logs/03_BRL_TOMATO/logs/master/20261005_162504_gui/planner.log,00_raw/tomato/scene_04/knowno/20261005_162504_gui/planner.log,tomato,4,knowno,20261005_162504_gui,18071,33608044993557af844f959cac863e310159a6cc879ec957b5f615704fc538e8
collect_exp/logs/03_BRL_TOMATO/logs/master/20261005_162504_gui/planner_experiments/exp_tomato_20261005_162851_145112.txt,00_raw/tomato/scene_04/knowno/20261005_162504_gui/planner_experiments/exp_tomato_20261005_162851_145112.txt,tomato,4,knowno,20261005_162504_gui,7896,a94114901476e802d5bf630a240afb8fb1d46cf5bb385c7343574b94633c4590
collect_exp/logs/03_BRL_TOMATO/logs/master/20261005_162504_gui/recordings/knowno_scene4_20261005_162537_142636/recording.json,00_raw/tomato/scene_04/knowno/20261005_162504_gui/recordings/knowno_scene4_20261005_162537_142636/recording.json,tomato,4,knowno,20261005_162504_gui,666,082a4e1f3ecfea54fd34fc242d051bcf8ca6ae96f2e0a1e24b1d57ae72e0458f
collect_exp/logs/03_BRL_TOMATO/logs/master/20261005_162856_gui/brl_sensor.log,00_raw/tomato/scene_04/knowno/20261005_162856_gui/brl_sensor.log,tomato,4,knowno,20261005_162856_gui,22566,0cb8da17463a93150ef0f73359057f3e869501bfdc9c285bd5f6102bf5864471
collect_exp/logs/03_BRL_TOMATO/logs/master/20261005_162856_gui/brl_server.log,00_raw/tomato/scene_04/knowno/20261005_162856_gui/brl_server.log,tomato,4,knowno,20261005_162856_gui,4343,ec9180f1b6e33cf98b6751e84b9ca01cc37ac6cb6f7a0b57c4c0da87f4278628
collect_exp/logs/03_BRL_TOMATO/logs/master/20261005_162856_gui/environment_setup.log,00_raw/tomato/scene_04/knowno/20261005_162856_gui/environment_setup.log,tomato,4,knowno,20261005_162856_gui,1675,3d754b1a5c23db3c0dc10d09f52244d820974b96a1225b8589f5fb67248d3b8d
collect_exp/logs/03_BRL_TOMATO/logs/master/20261005_162856_gui/feedback_manager.log,00_raw/tomato/scene_04/knowno/20261005_162856_gui/feedback_manager.log,tomato,4,knowno,20261005_162856_gui,35555,219037c2e05d28fdf4be45dc0bf1dd40ece5cd1077ca3fb6dc134ff3695bbac9
collect_exp/logs/03_BRL_TOMATO/logs/master/20261005_162856_gui/frontend.log,00_raw/tomato/scene_04/knowno/20261005_162856_gui/frontend.log,tomato,4,knowno,20261005_162856_gui,1988,37b1b2887358832984a79445b2d6b0e575689cb1040e2dd520a42efe75a6d2d3
collect_exp/logs/03_BRL_TOMATO/logs/master/20261005_162856_gui/knowledge_graph.log,00_raw/tomato/scene_04/knowno/20261005_162856_gui/knowledge_graph.log,tomato,4,knowno,20261005_162856_gui,19011,b2bc9b7ad6323e15b698df7d2418321cd9bbb61428979d6c384bd7259326c70d
collect_exp/logs/03_BRL_TOMATO/logs/master/20261005_162856_gui/planner.log,00_raw/tomato/scene_04/knowno/20261005_162856_gui/planner.log,tomato,4,knowno,20261005_162856_gui,19735,72bbe250fd157dc75fca05f64ea21533e1cb1d7e9127464efa23c16935dff11d
collect_exp/logs/03_BRL_TOMATO/logs/master/20261005_162856_gui/planner_experiments/exp_tomato_20261005_163349_149539.txt,00_raw/tomato/scene_04/knowno/20261005_162856_gui/planner_experiments/exp_tomato_20261005_163349_149539.txt,tomato,4,knowno,20261005_162856_gui,8331,e51c27d0ad7c1bbf187ddcf97938cf0560cb35f0540d8e31919a87a45a7d4b0d
collect_exp/logs/03_BRL_TOMATO/logs/master/20261005_162856_gui/recordings/knowno_scene4_20261005_162955_041865/recording.json,00_raw/tomato/scene_04/knowno/20261005_162856_gui/recordings/knowno_scene4_20261005_162955_041865/recording.json,tomato,4,knowno,20261005_162856_gui,663,879de351b3bef19528e6162c961e0d02a3dc27df33790ab7933a963988b24ef8
collect_exp/logs/03_BRL_TOMATO/logs/master/20261005_163404_gui/brl_sensor.log,00_raw/tomato/scene_04/knowno/20261005_163404_gui/brl_sensor.log,tomato,4,knowno,20261005_163404_gui,21511,b851e6d348ac19827f6fe848619c01ec4c9495a60a8ead38adad5354288e356e
collect_exp/logs/03_BRL_TOMATO/logs/master/20261005_163404_gui/brl_server.log,00_raw/tomato/scene_04/knowno/20261005_163404_gui/brl_server.log,tomato,4,knowno,20261005_163404_gui,4286,1eed37b1bc98acbf6bca5509d7d0c9da5d45a4e9e11627bde216a25f3f4eec62
collect_exp/logs/03_BRL_TOMATO/logs/master/20261005_163404_gui/environment_setup.log,00_raw/tomato/scene_04/knowno/20261005_163404_gui/environment_setup.log,tomato,4,knowno,20261005_163404_gui,1675,81849377629ee90d2daeda892e25b43fa58e5470cb43aef6c1a65bc826e77422
collect_exp/logs/03_BRL_TOMATO/logs/master/20261005_163404_gui/feedback_manager.log,00_raw/tomato/scene_04/knowno/20261005_163404_gui/feedback_manager.log,tomato,4,knowno,20261005_163404_gui,32908,a18cfdba6ab72e101bcdb245966621a9a47ec7b61abd63104f0fef4050454ba7
collect_exp/logs/03_BRL_TOMATO/logs/master/20261005_163404_gui/frontend.log,00_raw/tomato/scene_04/knowno/20261005_163404_gui/frontend.log,tomato,4,knowno,20261005_163404_gui,1988,e4868d545b6bc4b3549812b6c52fa7d0fc53b0d4b68687426b402a4e56eebef1
collect_exp/logs/03_BRL_TOMATO/logs/master/20261005_163404_gui/knowledge_graph.log,00_raw/tomato/scene_04/knowno/20261005_163404_gui/knowledge_graph.log,tomato,4,knowno,20261005_163404_gui,13890,d73c7b11b673d8d09799521f12858ffc3a37501752aad10980808511bde05cf8
collect_exp/logs/03_BRL_TOMATO/logs/master/20261005_163404_gui/planner.log,00_raw/tomato/scene_04/knowno/20261005_163404_gui/planner.log,tomato,4,knowno,20261005_163404_gui,17911,f56fc935f368fc370376be5375c97d7caa37ba924ac305c8d95669fe6c848bbf
collect_exp/logs/03_BRL_TOMATO/logs/master/20261005_163404_gui/planner_experiments/exp_tomato_20261005_163734_295296.txt,00_raw/tomato/scene_04/knowno/20261005_163404_gui/planner_experiments/exp_tomato_20261005_163734_295296.txt,tomato,4,knowno,20261005_163404_gui,7627,bd16faf5c88e5a5a77b884e06432b31003fafb4bc2ad9ef3b2bb1579dee7e51a
collect_exp/logs/03_BRL_TOMATO/logs/master/20261005_163404_gui/recordings/knowno_scene4_20261005_163426_203951/recording.json,00_raw/tomato/scene_04/knowno/20261005_163404_gui/recordings/knowno_scene4_20261005_163426_203951/recording.json,tomato,4,knowno,20261005_163404_gui,679,571120af854b9c344ec1d649e5300037d94bff286bbad33f1c11dd2a26b7a831
collect_exp/logs/03_BRL_TOMATO/logs/master/20261005_163741_gui/brl_sensor.log,00_raw/tomato/scene_04/knowno/20261005_163741_gui/brl_sensor.log,tomato,4,knowno,20261005_163741_gui,22340,4252c338b2a1769bbbd5b50d03aa629b077c4bd6923bbd2e618424fb919cf9b7
collect_exp/logs/03_BRL_TOMATO/logs/master/20261005_163741_gui/brl_server.log,00_raw/tomato/scene_04/knowno/20261005_163741_gui/brl_server.log,tomato,4,knowno,20261005_163741_gui,3987,b7c865e69fce2b9903b69619bef403065a15cd28be8ec63bf2b89abdc1491a26
collect_exp/logs/03_BRL_TOMATO/logs/master/20261005_163741_gui/environment_setup.log,00_raw/tomato/scene_04/knowno/20261005_163741_gui/environment_setup.log,tomato,4,knowno,20261005_163741_gui,1675,5520a454636729024b86f83da0a6c698b5d4089d113ab11b5a6fee8b7e26419f
collect_exp/logs/03_BRL_TOMATO/logs/master/20261005_163741_gui/feedback_manager.log,00_raw/tomato/scene_04/knowno/20261005_163741_gui/feedback_manager.log,tomato,4,knowno,20261005_163741_gui,20199,cafdcef417d47b81239b5e7cc0d45a2fa2c12c1bb5a6379c5026a8f9c0d6a8b4
collect_exp/logs/03_BRL_TOMATO/logs/master/20261005_163741_gui/frontend.log,00_raw/tomato/scene_04/knowno/20261005_163741_gui/frontend.log,tomato,4,knowno,20261005_163741_gui,1988,c0613b55a961836c0015e82c0f9ab778e70744f95e350a50f113eb1290aa2976
collect_exp/logs/03_BRL_TOMATO/logs/master/20261005_163741_gui/knowledge_graph.log,00_raw/tomato/scene_04/knowno/20261005_163741_gui/knowledge_graph.log,tomato,4,knowno,20261005_163741_gui,13128,173a9ebe7c736873ddd7973c9b6a65ed9cbe4ac24313f6573f7e1f42d9bdbb84
collect_exp/logs/03_BRL_TOMATO/logs/master/20261005_163741_gui/planner.log,00_raw/tomato/scene_04/knowno/20261005_163741_gui/planner.log,tomato,4,knowno,20261005_163741_gui,13191,2ccf5d2977d0c3c8c17e5c12dec494fdda5a86544a608ec3b6b128b552a3ee98
collect_exp/logs/03_BRL_TOMATO/logs/master/20261005_163741_gui/planner_experiments/exp_tomato_20261005_164057_988586.txt,00_raw/tomato/scene_04/knowno/20261005_163741_gui/planner_experiments/exp_tomato_20261005_164057_988586.txt,tomato,4,knowno,20261005_163741_gui,5728,250fd8a70883a8e3672937dc2dd3624477bf3ffb156c43d97e4b0d81699d9d9d
collect_exp/logs/03_BRL_TOMATO/logs/master/20261005_163741_gui/recordings/knowno_scene4_20261005_163813_276121/recording.json,00_raw/tomato/scene_04/knowno/20261005_163741_gui/recordings/knowno_scene4_20261005_163813_276121/recording.json,tomato,4,knowno,20261005_163741_gui,679,ab5c19d9f06aef864cce7ce9d592f3fc608e25b0ae83ca60121c99552a764baa
collect_exp/logs/03_BRL_TOMATO/logs/master/20261005_164108_gui/brl_sensor.log,00_raw/tomato/scene_04/knowno/20261005_164108_gui/brl_sensor.log,tomato,4,knowno,20261005_164108_gui,19340,0acccba30087c1694ea68367a4ed25975589e77535739c682af0a82a33473519
collect_exp/logs/03_BRL_TOMATO/logs/master/20261005_164108_gui/brl_server.log,00_raw/tomato/scene_04/knowno/20261005_164108_gui/brl_server.log,tomato,4,knowno,20261005_164108_gui,4707,ff16a17240c899863eca06ff69bbef3cb15bed7273965ba378da5c7625f561f8
collect_exp/logs/03_BRL_TOMATO/logs/master/20261005_164108_gui/environment_setup.log,00_raw/tomato/scene_04/knowno/20261005_164108_gui/environment_setup.log,tomato,4,knowno,20261005_164108_gui,1675,1d5ebc7de937f25a89528eec3617ca09e515a4f302414f5fece782a60bb51ac3
collect_exp/logs/03_BRL_TOMATO/logs/master/20261005_164108_gui/feedback_manager.log,00_raw/tomato/scene_04/knowno/20261005_164108_gui/feedback_manager.log,tomato,4,knowno,20261005_164108_gui,64215,b273ece50e60704646e563e07f54211b467e454d05933898ea8c3d5cfc91ffd5
collect_exp/logs/03_BRL_TOMATO/logs/master/20261005_164108_gui/frontend.log,00_raw/tomato/scene_04/knowno/20261005_164108_gui/frontend.log,tomato,4,knowno,20261005_164108_gui,1988,de270fc85d2ff3a2672d30e93a59b0949281d7d3a8ac68826baeec82e721cf6a
collect_exp/logs/03_BRL_TOMATO/logs/master/20261005_164108_gui/knowledge_graph.log,00_raw/tomato/scene_04/knowno/20261005_164108_gui/knowledge_graph.log,tomato,4,knowno,20261005_164108_gui,13240,fd6da9972a04827446c87865ce47e92290e66dd2f8c1808f50995a4afacd6ab5
collect_exp/logs/03_BRL_TOMATO/logs/master/20261005_164108_gui/planner.log,00_raw/tomato/scene_04/knowno/20261005_164108_gui/planner.log,tomato,4,knowno,20261005_164108_gui,24603,2ca77324135c4bfc4d16be708ad9297401b044c665863a84a5a049e3c17795dd
collect_exp/logs/03_BRL_TOMATO/logs/master/20261005_164108_gui/planner_experiments/exp_tomato_20261005_164417_725357.txt,00_raw/tomato/scene_04/knowno/20261005_164108_gui/planner_experiments/exp_tomato_20261005_164417_725357.txt,tomato,4,knowno,20261005_164108_gui,10421,b9a039830bc7260ebce06807ce07c2fdec5b5c74cb21bfc33c8ba7ab4de41c87
collect_exp/logs/03_BRL_TOMATO/logs/master/20261005_164108_gui/recordings/knowno_scene4_20261005_164135_920865/recording.json,00_raw/tomato/scene_04/knowno/20261005_164108_gui/recordings/knowno_scene4_20261005_164135_920865/recording.json,tomato,4,knowno,20261005_164108_gui,653,be40b9008f34fa4c2856b41194dcf689907ffa8e6e117c2a50afe5f6503e59da
collect_exp/logs/03_BRL_TOMATO/logs/master/20261005_164422_gui/brl_sensor.log,00_raw/tomato/scene_04/knowno/20261005_164422_gui/brl_sensor.log,tomato,4,knowno,20261005_164422_gui,19836,78ece30623af4610c690d3d6a53c54340903bff129e07d3baf8dad7e73c726ce
collect_exp/logs/03_BRL_TOMATO/logs/master/20261005_164422_gui/brl_server.log,00_raw/tomato/scene_04/knowno/20261005_164422_gui/brl_server.log,tomato,4,knowno,20261005_164422_gui,4286,5ad5d9bdf31be0820150fe11bbe420d2b70e0371b2f964b1f950687207c3c05e
collect_exp/logs/03_BRL_TOMATO/logs/master/20261005_164422_gui/environment_setup.log,00_raw/tomato/scene_04/knowno/20261005_164422_gui/environment_setup.log,tomato,4,knowno,20261005_164422_gui,1675,0b9cec62e1fa67389ccf57a7d4efee6670fb750a82872b0792b5a481d1ccc08f
collect_exp/logs/03_BRL_TOMATO/logs/master/20261005_164422_gui/feedback_manager.log,00_raw/tomato/scene_04/knowno/20261005_164422_gui/feedback_manager.log,tomato,4,knowno,20261005_164422_gui,27242,720f571343c988c95fc2267cafcdd83a02352d8968ac1720643e0c2a7c59b2ce
collect_exp/logs/03_BRL_TOMATO/logs/master/20261005_164422_gui/frontend.log,00_raw/tomato/scene_04/knowno/20261005_164422_gui/frontend.log,tomato,4,knowno,20261005_164422_gui,1988,1070a3a98709dc3e1de38af29577dccc545834f6dbe0e41e1600de67458488bf
collect_exp/logs/03_BRL_TOMATO/logs/master/20261005_164422_gui/knowledge_graph.log,00_raw/tomato/scene_04/knowno/20261005_164422_gui/knowledge_graph.log,tomato,4,knowno,20261005_164422_gui,15094,38edf4dd2cde67ed0d1f6395c30ac51b47d756059b20578e2a95bab60f1701ef
collect_exp/logs/03_BRL_TOMATO/logs/master/20261005_164422_gui/planner.log,00_raw/tomato/scene_04/knowno/20261005_164422_gui/planner.log,tomato,4,knowno,20261005_164422_gui,14469,85cc72f8c1fcc7d069f33024f805ca4ce42107cf29c5f158225a4c7bf76c3d7b
collect_exp/logs/03_BRL_TOMATO/logs/master/20261005_164422_gui/planner_experiments/exp_tomato_20261005_164749_113534.txt,00_raw/tomato/scene_04/knowno/20261005_164422_gui/planner_experiments/exp_tomato_20261005_164749_113534.txt,tomato,4,knowno,20261005_164422_gui,6426,1335e2d9ca46e14ba192db1c46170f5ce80f04f79c54cf861f323b449427dca8
collect_exp/logs/03_BRL_TOMATO/logs/master/20261005_164422_gui/recordings/knowno_scene4_20261005_164452_096423/recording.json,00_raw/tomato/scene_04/knowno/20261005_164422_gui/recordings/knowno_scene4_20261005_164452_096423/recording.json,tomato,4,knowno,20261005_164422_gui,667,be0c98beee0e282ecfd35d08ed29b2f02793bba631a258bca4546b424dd25e6b
collect_exp/logs/03_BRL_TOMATO/logs/master/20261005_164811_gui/brl_sensor.log,00_raw/tomato/scene_04/knowno/20261005_164811_gui/brl_sensor.log,tomato,4,knowno,20261005_164811_gui,27771,a4e11af10dc61809c176886cc3d8b6fa2bce3788120e19dcce10e9ddf374abb6
collect_exp/logs/03_BRL_TOMATO/logs/master/20261005_164811_gui/brl_server.log,00_raw/tomato/scene_04/knowno/20261005_164811_gui/brl_server.log,tomato,4,knowno,20261005_164811_gui,4521,ca844f0920c29f1644964a813abb033d9e381dbcaa26145798da4506df918464
collect_exp/logs/03_BRL_TOMATO/logs/master/20261005_164811_gui/environment_setup.log,00_raw/tomato/scene_04/knowno/20261005_164811_gui/environment_setup.log,tomato,4,knowno,20261005_164811_gui,1675,df665aafde8be4b6465a6b75f647c4c6d30007b630ebe4d5e1416be1184ff2ca
collect_exp/logs/03_BRL_TOMATO/logs/master/20261005_164811_gui/feedback_manager.log,00_raw/tomato/scene_04/knowno/20261005_164811_gui/feedback_manager.log,tomato,4,knowno,20261005_164811_gui,43802,9dde2144d883a7ff62c4b9cc36d928fa37a5ac15162e06e42eb6b4d988f37d5b
collect_exp/logs/03_BRL_TOMATO/logs/master/20261005_164811_gui/frontend.log,00_raw/tomato/scene_04/knowno/20261005_164811_gui/frontend.log,tomato,4,knowno,20261005_164811_gui,1988,b44161e4caecb259a8833a7153ac517d7417119c4280d5bf36ad74b9f2d784fc
collect_exp/logs/03_BRL_TOMATO/logs/master/20261005_164811_gui/knowledge_graph.log,00_raw/tomato/scene_04/knowno/20261005_164811_gui/knowledge_graph.log,tomato,4,knowno,20261005_164811_gui,21812,902f82a3021adcebb05fe8cf52bb085fa4ea8893476356a29eca707697c9248c
collect_exp/logs/03_BRL_TOMATO/logs/master/20261005_164811_gui/planner.log,00_raw/tomato/scene_04/knowno/20261005_164811_gui/planner.log,tomato,4,knowno,20261005_164811_gui,21967,d73ef4d8ad9213070a059a93fecdcae94ff8c29e4c9dd25b9a767591da6184a4
collect_exp/logs/03_BRL_TOMATO/logs/master/20261005_164811_gui/planner_experiments/exp_tomato_20261005_165246_386889.txt,00_raw/tomato/scene_04/knowno/20261005_164811_gui/planner_experiments/exp_tomato_20261005_165246_386889.txt,tomato,4,knowno,20261005_164811_gui,9242,6038e7a1c0ca4d0de0409238961cfa6cbbd006f0ce7138b4a3cc2d0090c523f9
collect_exp/logs/03_BRL_TOMATO/logs/master/20261005_164811_gui/recordings/knowno_scene4_20261005_164835_546450/recording.json,00_raw/tomato/scene_04/knowno/20261005_164811_gui/recordings/knowno_scene4_20261005_164835_546450/recording.json,tomato,4,knowno,20261005_164811_gui,667,c552f2fc354ada149643362d5580cc4b7ef8d1c4488915040b2956902fd49f44
collect_exp/logs/03_BRL_TOMATO/logs/master/20261005_173520_gui_knowno_scene3/brl_sensor.log,00_raw/tomato/scene_03/knowno/20261005_173520_gui_knowno_scene3/brl_sensor.log,tomato,3,knowno,20261005_173520_gui_knowno_scene3,23975,8dfc31210e7c15e451d740ecee68ade184ac8d80bdb920396413862d42e6b292
collect_exp/logs/03_BRL_TOMATO/logs/master/20261005_173520_gui_knowno_scene3/brl_server.log,00_raw/tomato/scene_03/knowno/20261005_173520_gui_knowno_scene3/brl_server.log,tomato,3,knowno,20261005_173520_gui_knowno_scene3,4432,53c29517a95dcea7a7a9bef4ec303c702c31ace232ecbd242fe1fdde7dd8bf52
collect_exp/logs/03_BRL_TOMATO/logs/master/20261005_173520_gui_knowno_scene3/environment_setup.log,00_raw/tomato/scene_03/knowno/20261005_173520_gui_knowno_scene3/environment_setup.log,tomato,3,knowno,20261005_173520_gui_knowno_scene3,1675,1c08f8724bc63c80e05963c327b321eb9fc49af8b98c0180700109c77ac90e21
collect_exp/logs/03_BRL_TOMATO/logs/master/20261005_173520_gui_knowno_scene3/feedback_manager.log,00_raw/tomato/scene_03/knowno/20261005_173520_gui_knowno_scene3/feedback_manager.log,tomato,3,knowno,20261005_173520_gui_knowno_scene3,39662,3441e4c45cfd1cd46ec619572e9b1ffa322fb2bd62fba3408dee3cb16519980c
collect_exp/logs/03_BRL_TOMATO/logs/master/20261005_173520_gui_knowno_scene3/frontend.log,00_raw/tomato/scene_03/knowno/20261005_173520_gui_knowno_scene3/frontend.log,tomato,3,knowno,20261005_173520_gui_knowno_scene3,1988,56a249ddf969add536b03623e249153a3f8f1d4db41f2ff12396194a3bafd429
collect_exp/logs/03_BRL_TOMATO/logs/master/20261005_173520_gui_knowno_scene3/knowledge_graph.log,00_raw/tomato/scene_03/knowno/20261005_173520_gui_knowno_scene3/knowledge_graph.log,tomato,3,knowno,20261005_173520_gui_knowno_scene3,19424,16d8359ce19c751427e9b84ae211b6c5141b9caeaea6d9ab416fee8fb13a0a52
collect_exp/logs/03_BRL_TOMATO/logs/master/20261005_173520_gui_knowno_scene3/planner.log,00_raw/tomato/scene_03/knowno/20261005_173520_gui_knowno_scene3/planner.log,tomato,3,knowno,20261005_173520_gui_knowno_scene3,20988,6b8ba82d9a68c073eb1e2983f64d583a8b29fe3f9933cdffb8bb9df997b604ce
collect_exp/logs/03_BRL_TOMATO/logs/master/20261005_173520_gui_knowno_scene3/planner_experiments/exp_tomato_20261005_174025_872494.txt,00_raw/tomato/scene_03/knowno/20261005_173520_gui_knowno_scene3/planner_experiments/exp_tomato_20261005_174025_872494.txt,tomato,3,knowno,20261005_173520_gui_knowno_scene3,8885,d64b7d1b1e609775386a4cc1291d80f4134203856023edd1828ed5b61b67aa9f
collect_exp/logs/03_BRL_TOMATO/logs/master/20261005_173520_gui_knowno_scene3/recordings/knowno_scene3_20261005_173624_369821/recording.json,00_raw/tomato/scene_03/knowno/20261005_173520_gui_knowno_scene3/recordings/knowno_scene3_20261005_173624_369821/recording.json,tomato,3,knowno,20261005_173520_gui_knowno_scene3,663,9c0b29bdf9795859179dbab1a17febaa3cdf25b437e0e5e7ba07000f92a63b0b
collect_exp/logs/03_BRL_TOMATO/logs/master/20261005_174043_gui/brl_sensor.log,00_raw/tomato/scene_03/knowno/20261005_174043_gui/brl_sensor.log,tomato,3,knowno,20261005_174043_gui,29199,3cc136b1da5f321b30417a4dd933de2e4b44c062b9f8380fcea22e1be4f7c389
collect_exp/logs/03_BRL_TOMATO/logs/master/20261005_174043_gui/brl_server.log,00_raw/tomato/scene_03/knowno/20261005_174043_gui/brl_server.log,tomato,3,knowno,20261005_174043_gui,4096,10748ffd18a4936d393a480c0b325bab646b0c4933099ffd56d627e61876b739
collect_exp/logs/03_BRL_TOMATO/logs/master/20261005_174043_gui/environment_setup.log,00_raw/tomato/scene_03/knowno/20261005_174043_gui/environment_setup.log,tomato,3,knowno,20261005_174043_gui,1675,370dc953535cf7216952a50ab530e350449684c45bdb3f78544af8224b8df9d5
collect_exp/logs/03_BRL_TOMATO/logs/master/20261005_174043_gui/feedback_manager.log,00_raw/tomato/scene_03/knowno/20261005_174043_gui/feedback_manager.log,tomato,3,knowno,20261005_174043_gui,27172,da0bca394038cf0c5debdd131fb8a457b0f1771e0bda384ed40f2ef111fd5284
collect_exp/logs/03_BRL_TOMATO/logs/master/20261005_174043_gui/frontend.log,00_raw/tomato/scene_03/knowno/20261005_174043_gui/frontend.log,tomato,3,knowno,20261005_174043_gui,1988,a47a7260ba3a787b2b4664161513726bea5d55527a934f070737948119680fe6
collect_exp/logs/03_BRL_TOMATO/logs/master/20261005_174043_gui/knowledge_graph.log,00_raw/tomato/scene_03/knowno/20261005_174043_gui/knowledge_graph.log,tomato,3,knowno,20261005_174043_gui,16984,13a5bcd2f609ae7032a81ccbdb62e1bd9c34d6285465da4306a57e11c5a19d36
collect_exp/logs/03_BRL_TOMATO/logs/master/20261005_174043_gui/planner.log,00_raw/tomato/scene_03/knowno/20261005_174043_gui/planner.log,tomato,3,knowno,20261005_174043_gui,17280,91baccc99459c670acc62dc1c9cf0bd219464e4377d6741bc41abf5a0224bca1
collect_exp/logs/03_BRL_TOMATO/logs/master/20261005_174043_gui/planner_experiments/exp_tomato_20261005_174457_848299.txt,00_raw/tomato/scene_03/knowno/20261005_174043_gui/planner_experiments/exp_tomato_20261005_174457_848299.txt,tomato,3,knowno,20261005_174043_gui,7318,bd346c6d0372604865d42477864d65b11493587a478a20d9bb7269db00434c43
collect_exp/logs/03_BRL_TOMATO/logs/master/20261005_174043_gui/recordings/knowno_scene3_20261005_174113_736516/recording.json,00_raw/tomato/scene_03/knowno/20261005_174043_gui/recordings/knowno_scene3_20261005_174113_736516/recording.json,tomato,3,knowno,20261005_174043_gui,662,745130b5281fec00f95216fa8212cbdc2ec29f2c112d9d33855e8d3554d8c7e2
collect_exp/logs/03_BRL_TOMATO/logs/master/20261005_174513_gui/brl_sensor.log,00_raw/tomato/scene_03/knowno/20261005_174513_gui/brl_sensor.log,tomato,3,knowno,20261005_174513_gui,21573,137627377cdaa04c3469fa1216697f9e80c86930b7dc636394963e26e8816adb
collect_exp/logs/03_BRL_TOMATO/logs/master/20261005_174513_gui/brl_server.log,00_raw/tomato/scene_03/knowno/20261005_174513_gui/brl_server.log,tomato,3,knowno,20261005_174513_gui,4185,db121ef19cfa268d6572eddd93895d18cc7c9725fb554ff464dad981b185b36a
collect_exp/logs/03_BRL_TOMATO/logs/master/20261005_174513_gui/environment_setup.log,00_raw/tomato/scene_03/knowno/20261005_174513_gui/environment_setup.log,tomato,3,knowno,20261005_174513_gui,1675,ee016b1174f3285479f9f3f018afbbad2c716a793de13a8cfc9845043d30facd
collect_exp/logs/03_BRL_TOMATO/logs/master/20261005_174513_gui/feedback_manager.log,00_raw/tomato/scene_03/knowno/20261005_174513_gui/feedback_manager.log,tomato,3,knowno,20261005_174513_gui,30811,0478448900fcbc79080114334d5229dd2a1ea1eef618977fd6d008780557c58d
collect_exp/logs/03_BRL_TOMATO/logs/master/20261005_174513_gui/frontend.log,00_raw/tomato/scene_03/knowno/20261005_174513_gui/frontend.log,tomato,3,knowno,20261005_174513_gui,1988,f2c5665c6d158ed9ad57a04cfe02119f25c64299cba8561260e28e68e9e3167e
collect_exp/logs/03_BRL_TOMATO/logs/master/20261005_174513_gui/knowledge_graph.log,00_raw/tomato/scene_03/knowno/20261005_174513_gui/knowledge_graph.log,tomato,3,knowno,20261005_174513_gui,17281,a3b4649c90ac5abd105e6dae62a613c771f805ae36e45cf7606049a1d80385f9
collect_exp/logs/03_BRL_TOMATO/logs/master/20261005_174513_gui/planner.log,00_raw/tomato/scene_03/knowno/20261005_174513_gui/planner.log,tomato,3,knowno,20261005_174513_gui,18612,16b516ccaca085a9a1befaac1b35b2fae629b251ca02d0937582091c50b287d9
collect_exp/logs/03_BRL_TOMATO/logs/master/20261005_174513_gui/planner_experiments/exp_tomato_20261005_174932_272039.txt,00_raw/tomato/scene_03/knowno/20261005_174513_gui/planner_experiments/exp_tomato_20261005_174932_272039.txt,tomato,3,knowno,20261005_174513_gui,7825,1a4e6d3427117b78c528de05b5d045f0e5e735b0d862a084f893ab42858141a6
collect_exp/logs/03_BRL_TOMATO/logs/master/20261005_174513_gui/recordings/knowno_scene3_20261005_174547_545725/recording.json,00_raw/tomato/scene_03/knowno/20261005_174513_gui/recordings/knowno_scene3_20261005_174547_545725/recording.json,tomato,3,knowno,20261005_174513_gui,663,b20be86c409363993bb40f5dc3f8f1effe61c88bbaa4a840ec5d33da2ff1c744
collect_exp/logs/03_BRL_TOMATO/logs/master/20261005_174949_gui/brl_sensor.log,00_raw/tomato/scene_03/knowno/20261005_174949_gui/brl_sensor.log,tomato,3,knowno,20261005_174949_gui,21142,37effc6c2436b45af0f344394898a323f4444696b53a3d28748a4f66110bbc22
collect_exp/logs/03_BRL_TOMATO/logs/master/20261005_174949_gui/brl_server.log,00_raw/tomato/scene_03/knowno/20261005_174949_gui/brl_server.log,tomato,3,knowno,20261005_174949_gui,3728,1eb8415e8a00d99b486631f6a8a8b0c67abd393d5c6499fad469dd572717c071
collect_exp/logs/03_BRL_TOMATO/logs/master/20261005_174949_gui/environment_setup.log,00_raw/tomato/scene_03/knowno/20261005_174949_gui/environment_setup.log,tomato,3,knowno,20261005_174949_gui,1675,da0a672cf5af797d9e9e944406c022453738f00fddea3621586d6863bcb2c37b
collect_exp/logs/03_BRL_TOMATO/logs/master/20261005_174949_gui/feedback_manager.log,00_raw/tomato/scene_03/knowno/20261005_174949_gui/feedback_manager.log,tomato,3,knowno,20261005_174949_gui,14443,1801eb5349ab4045ee3999cb25a83d6ce021d59be6d86c20921a39f3bc7e1a16
collect_exp/logs/03_BRL_TOMATO/logs/master/20261005_174949_gui/frontend.log,00_raw/tomato/scene_03/knowno/20261005_174949_gui/frontend.log,tomato,3,knowno,20261005_174949_gui,1987,3144740c394662fba6bcc70db55be9a43ed59fbed3f51e9d96f24a2ddc5fc403
collect_exp/logs/03_BRL_TOMATO/logs/master/20261005_174949_gui/knowledge_graph.log,00_raw/tomato/scene_03/knowno/20261005_174949_gui/knowledge_graph.log,tomato,3,knowno,20261005_174949_gui,12142,7300cded73740946815ba65f48a58ef6ed59f09ab0459224672546259c9d3005
collect_exp/logs/03_BRL_TOMATO/logs/master/20261005_174949_gui/planner.log,00_raw/tomato/scene_03/knowno/20261005_174949_gui/planner.log,tomato,3,knowno,20261005_174949_gui,11710,805ef437e1fecd72447b4b0e52d3ee1daf4cf5e27449bed56b52db5388b4f783
collect_exp/logs/03_BRL_TOMATO/logs/master/20261005_174949_gui/planner_experiments/exp_tomato_20261005_175302_433270.txt,00_raw/tomato/scene_03/knowno/20261005_174949_gui/planner_experiments/exp_tomato_20261005_175302_433270.txt,tomato,3,knowno,20261005_174949_gui,5098,b97532bea91922199d89a8ff1107a2def36be3fb784db362e826c40323c58bd2
collect_exp/logs/03_BRL_TOMATO/logs/master/20261005_174949_gui/recordings/knowno_scene3_20261005_175024_490116/recording.json,00_raw/tomato/scene_03/knowno/20261005_174949_gui/recordings/knowno_scene3_20261005_175024_490116/recording.json,tomato,3,knowno,20261005_174949_gui,679,95c3e8b7b099607042bbe57304f2fd8dd20916488398ee1efe7a2f6da969aa71
collect_exp/logs/03_BRL_TOMATO/logs/master/20261005_175307_gui/brl_sensor.log,00_raw/tomato/scene_03/knowno/20261005_175307_gui/brl_sensor.log,tomato,3,knowno,20261005_175307_gui,10999,bedba3964f632f8186495d0b40f9051991e03c0ed5a180ae32ff936690dbd435
collect_exp/logs/03_BRL_TOMATO/logs/master/20261005_175307_gui/brl_server.log,00_raw/tomato/scene_03/knowno/20261005_175307_gui/brl_server.log,tomato,3,knowno,20261005_175307_gui,3639,abda812dcc56dd295a133882b93ef8927fcef764ae33307314cb24ee27a73173
collect_exp/logs/03_BRL_TOMATO/logs/master/20261005_175307_gui/environment_setup.log,00_raw/tomato/scene_03/knowno/20261005_175307_gui/environment_setup.log,tomato,3,knowno,20261005_175307_gui,1675,e4f4d01f7d23cc29b5e46294e21fa2c0c83bc25d7a2ca5d1b1bef9335f5f0f54
collect_exp/logs/03_BRL_TOMATO/logs/master/20261005_175307_gui/feedback_manager.log,00_raw/tomato/scene_03/knowno/20261005_175307_gui/feedback_manager.log,tomato,3,knowno,20261005_175307_gui,12216,d8ae4a8e10747b3a172f2bfe335e014f98f0d0a69b5014872e117e74628c6077
collect_exp/logs/03_BRL_TOMATO/logs/master/20261005_175307_gui/frontend.log,00_raw/tomato/scene_03/knowno/20261005_175307_gui/frontend.log,tomato,3,knowno,20261005_175307_gui,1987,063548069e6042eae4d16cbc4271c5fcabff858e372b4ceeb72dd256fe9ba0e5
collect_exp/logs/03_BRL_TOMATO/logs/master/20261005_175307_gui/knowledge_graph.log,00_raw/tomato/scene_03/knowno/20261005_175307_gui/knowledge_graph.log,tomato,3,knowno,20261005_175307_gui,7792,9cf1ee4bade75347742188634df47ae538ca480f6a3cce0b15b90ce814735b9e
collect_exp/logs/03_BRL_TOMATO/logs/master/20261005_175307_gui/planner.log,00_raw/tomato/scene_03/knowno/20261005_175307_gui/planner.log,tomato,3,knowno,20261005_175307_gui,9279,48afde9e968668ef5383433e0b6966c31b2f1361476040e06dcbca490998387c
collect_exp/logs/03_BRL_TOMATO/logs/master/20261005_175307_gui/planner_experiments/exp_tomato_20261005_175452_997944.txt,00_raw/tomato/scene_03/knowno/20261005_175307_gui/planner_experiments/exp_tomato_20261005_175452_997944.txt,tomato,3,knowno,20261005_175307_gui,4001,57ce33e65854464148cafc6d6b4b54b89dd5075647129f36419a37f992eadaeb
collect_exp/logs/03_BRL_TOMATO/logs/master/20261005_175307_gui/recordings/knowno_scene3_20261005_175335_041872/recording.json,00_raw/tomato/scene_03/knowno/20261005_175307_gui/recordings/knowno_scene3_20261005_175335_041872/recording.json,tomato,3,knowno,20261005_175307_gui,678,f8d318c4c9451cd792c9ca747245e0979e486d3a023dba796bf2425dcbe8a445
collect_exp/logs/03_BRL_TOMATO/logs/master/20261005_175458_gui/brl_sensor.log,00_raw/tomato/scene_03/knowno/20261005_175458_gui/brl_sensor.log,tomato,3,knowno,20261005_175458_gui,22673,9b45510e897009d400ce1cd234b0b6e1568824150098b4d13c4277a40096e9a9
collect_exp/logs/03_BRL_TOMATO/logs/master/20261005_175458_gui/brl_server.log,00_raw/tomato/scene_03/knowno/20261005_175458_gui/brl_server.log,tomato,3,knowno,20261005_175458_gui,5585,e44ec65b43fd7b4b16272cafe0aeb03911aa4a1eb4ef3222904b34a6ffd4963d
collect_exp/logs/03_BRL_TOMATO/logs/master/20261005_175458_gui/environment_setup.log,00_raw/tomato/scene_03/knowno/20261005_175458_gui/environment_setup.log,tomato,3,knowno,20261005_175458_gui,1675,39ca9c0df145bf4ebe1d7d2c2e316c469194ba524b2bd59e1ad58214ad6f864a
collect_exp/logs/03_BRL_TOMATO/logs/master/20261005_175458_gui/feedback_manager.log,00_raw/tomato/scene_03/knowno/20261005_175458_gui/feedback_manager.log,tomato,3,knowno,20261005_175458_gui,62918,8fe96efc765adf0ed14e8c587940a664c0b415782a0531c3ac860e679fef7956
collect_exp/logs/03_BRL_TOMATO/logs/master/20261005_175458_gui/frontend.log,00_raw/tomato/scene_03/knowno/20261005_175458_gui/frontend.log,tomato,3,knowno,20261005_175458_gui,1988,0486413c065ed70fb9e2f67ad8a016d2782ab7bdfafbdf069dd5e3a32ac282a8
collect_exp/logs/03_BRL_TOMATO/logs/master/20261005_175458_gui/knowledge_graph.log,00_raw/tomato/scene_03/knowno/20261005_175458_gui/knowledge_graph.log,tomato,3,knowno,20261005_175458_gui,15314,51eae5926495830d90e6f0a4c3e4f90eec8e7f4d6f3666978e480a9eccbd1240
collect_exp/logs/03_BRL_TOMATO/logs/master/20261005_175458_gui/planner.log,00_raw/tomato/scene_03/knowno/20261005_175458_gui/planner.log,tomato,3,knowno,20261005_175458_gui,26694,2f1c6030b8479fc70402dfdc700eacba08557a36663675f95305602754fb131d
collect_exp/logs/03_BRL_TOMATO/logs/master/20261005_175458_gui/planner_experiments/exp_tomato_20261005_175851_327405.txt,00_raw/tomato/scene_03/knowno/20261005_175458_gui/planner_experiments/exp_tomato_20261005_175851_327405.txt,tomato,3,knowno,20261005_175458_gui,10585,0ad42c74119063cb07c04889d3f342386e2256914888b9e6bb17b3e72438785f
collect_exp/logs/03_BRL_TOMATO/logs/master/20261005_175458_gui/recordings/knowno_scene3_20261005_175526_959267/recording.json,00_raw/tomato/scene_03/knowno/20261005_175458_gui/recordings/knowno_scene3_20261005_175526_959267/recording.json,tomato,3,knowno,20261005_175458_gui,310,681c1d8800fd609f4e8cfaf97d7656bb671b22107a8e3cdb2a06a6a734e44262
collect_exp/logs/03_BRL_TOMATO/logs/master/20261005_175458_gui/recordings/knowno_scene3_20261005_175550_085686/recording.json,00_raw/tomato/scene_03/knowno/20261005_175458_gui/recordings/knowno_scene3_20261005_175550_085686/recording.json,tomato,3,knowno,20261005_175458_gui,654,32d91fb770e71b6fea228c2a78da1b97632c326d2fca18351695f3e6fc4c9e8f
collect_exp/logs/03_BRL_TOMATO/logs/master/20261005_175900_gui/brl_sensor.log,00_raw/tomato/scene_03/knowno/20261005_175900_gui/brl_sensor.log,tomato,3,knowno,20261005_175900_gui,20300,6b1ab17ce88261f980372a2a526f6045c12791859d73a331a477455a21ad8873
collect_exp/logs/03_BRL_TOMATO/logs/master/20261005_175900_gui/brl_server.log,00_raw/tomato/scene_03/knowno/20261005_175900_gui/brl_server.log,tomato,3,knowno,20261005_175900_gui,4096,b0fd51cca0ec2bf4f19acd6b992525bb472a534005b2012215c9011daadb472b
collect_exp/logs/03_BRL_TOMATO/logs/master/20261005_175900_gui/environment_setup.log,00_raw/tomato/scene_03/knowno/20261005_175900_gui/environment_setup.log,tomato,3,knowno,20261005_175900_gui,1675,23b8187d8d67c58868faa1e45b58d399c9102b75decca1cdb73a9ca27b920a2d
collect_exp/logs/03_BRL_TOMATO/logs/master/20261005_175900_gui/feedback_manager.log,00_raw/tomato/scene_03/knowno/20261005_175900_gui/feedback_manager.log,tomato,3,knowno,20261005_175900_gui,27574,e33ebc30baefffbb1f7611c78c76c661bfe6d1d075d9498a9fe7b28a4eb11973
collect_exp/logs/03_BRL_TOMATO/logs/master/20261005_175900_gui/frontend.log,00_raw/tomato/scene_03/knowno/20261005_175900_gui/frontend.log,tomato,3,knowno,20261005_175900_gui,1987,8858f259bfe7e1599d6c3306c52f434fb0b20a205ad71d628254e0f26914e2d7
collect_exp/logs/03_BRL_TOMATO/logs/master/20261005_175900_gui/knowledge_graph.log,00_raw/tomato/scene_03/knowno/20261005_175900_gui/knowledge_graph.log,tomato,3,knowno,20261005_175900_gui,16708,e82a5e35e91c949b08bf42daddb97432832004d539acf30faf2481f218770edf
collect_exp/logs/03_BRL_TOMATO/logs/master/20261005_175900_gui/planner.log,00_raw/tomato/scene_03/knowno/20261005_175900_gui/planner.log,tomato,3,knowno,20261005_175900_gui,17369,fe2bcaf05e74291ee5207b64fcb10375f427d51244999949e6eaa4b21d795e06
collect_exp/logs/03_BRL_TOMATO/logs/master/20261005_175900_gui/planner_experiments/exp_tomato_20261005_180304_550093.txt,00_raw/tomato/scene_03/knowno/20261005_175900_gui/planner_experiments/exp_tomato_20261005_180304_550093.txt,tomato,3,knowno,20261005_175900_gui,7314,6e7cd70a8a751bc3af569f4d676fe4c784751b5991b9400da9a060334a13e8ac
collect_exp/logs/03_BRL_TOMATO/logs/master/20261005_175900_gui/recordings/knowno_scene3_20261005_175926_991271/recording.json,00_raw/tomato/scene_03/knowno/20261005_175900_gui/recordings/knowno_scene3_20261005_175926_991271/recording.json,tomato,3,knowno,20261005_175900_gui,663,8951ec9eec28f70641982f6a446df017d5ff52d7108d4795c206ff2fb3d1df5d
collect_exp/logs/03_BRL_TOMATO/logs/master/20261005_180322_gui/brl_sensor.log,00_raw/tomato/scene_03/knowno/20261005_180322_gui/brl_sensor.log,tomato,3,knowno,20261005_180322_gui,22364,88bd435dcd1025a6b7453bb944123008acdd6839dcb30dfef13e57c014b87000
collect_exp/logs/03_BRL_TOMATO/logs/master/20261005_180322_gui/brl_server.log,00_raw/tomato/scene_03/knowno/20261005_180322_gui/brl_server.log,tomato,3,knowno,20261005_180322_gui,4553,711aa81bf024a710201b6324f1a8eb04fca466131c310726bbb3dfa6e8dcef6f
collect_exp/logs/03_BRL_TOMATO/logs/master/20261005_180322_gui/environment_setup.log,00_raw/tomato/scene_03/knowno/20261005_180322_gui/environment_setup.log,tomato,3,knowno,20261005_180322_gui,1675,12c330bf0b22026fd01839ffdcdc26bf36e7ae0a080e5e24c288aefc1db5b8b4
collect_exp/logs/03_BRL_TOMATO/logs/master/20261005_180322_gui/feedback_manager.log,00_raw/tomato/scene_03/knowno/20261005_180322_gui/feedback_manager.log,tomato,3,knowno,20261005_180322_gui,44653,00ab93327f61147bf59c5ccd04015b66eefffe23e45f26b093fd48b257920e25
collect_exp/logs/03_BRL_TOMATO/logs/master/20261005_180322_gui/frontend.log,00_raw/tomato/scene_03/knowno/20261005_180322_gui/frontend.log,tomato,3,knowno,20261005_180322_gui,1987,0fa43f46cf146d4310d684b454d4dca17b8c8b1ffbd2a32885cf3cad505515f8
collect_exp/logs/03_BRL_TOMATO/logs/master/20261005_180322_gui/knowledge_graph.log,00_raw/tomato/scene_03/knowno/20261005_180322_gui/knowledge_graph.log,tomato,3,knowno,20261005_180322_gui,17939,e5cd6321b32a1c75600f9f5620af80cb0dcf0be8fe2a42a3cf81050a7def72c1
collect_exp/logs/03_BRL_TOMATO/logs/master/20261005_180322_gui/planner.log,00_raw/tomato/scene_03/knowno/20261005_180322_gui/planner.log,tomato,3,knowno,20261005_180322_gui,21973,9278feb9d8a104c73201bb60f3dd0203afcdc59ffc4328a511914f8225a970f1
collect_exp/logs/03_BRL_TOMATO/logs/master/20261005_180322_gui/planner_experiments/exp_tomato_20261005_180805_021548.txt,00_raw/tomato/scene_03/knowno/20261005_180322_gui/planner_experiments/exp_tomato_20261005_180805_021548.txt,tomato,3,knowno,20261005_180322_gui,9520,691bb51ad878f6ec6d02827dea0e4d0f3288ec9e84d12f9b24b9af46c62860e1
collect_exp/logs/03_BRL_TOMATO/logs/master/20261005_180322_gui/recordings/knowno_scene3_20261005_180350_281981/recording.json,00_raw/tomato/scene_03/knowno/20261005_180322_gui/recordings/knowno_scene3_20261005_180350_281981/recording.json,tomato,3,knowno,20261005_180322_gui,666,6a9e711a9e23805983ed3b95ef72e3dc91f4ab41ff7a5fd22ba75750168ba655
collect_exp/logs/03_BRL_TOMATO/logs/master/20261005_180810_gui/brl_sensor.log,00_raw/tomato/scene_03/knowno/20261005_180810_gui/brl_sensor.log,tomato,3,knowno,20261005_180810_gui,10084,cae9f1ebdcb67452302eb68922ba11f2c2c0b74fc45ddea5f40697224405e442
collect_exp/logs/03_BRL_TOMATO/logs/master/20261005_180810_gui/brl_server.log,00_raw/tomato/scene_03/knowno/20261005_180810_gui/brl_server.log,tomato,3,knowno,20261005_180810_gui,3372,132a56593c8e0145e7ec3aad926d329d0b0a1f804c30af6779ed885044df03c5
collect_exp/logs/03_BRL_TOMATO/logs/master/20261005_180810_gui/environment_setup.log,00_raw/tomato/scene_03/knowno/20261005_180810_gui/environment_setup.log,tomato,3,knowno,20261005_180810_gui,1675,6b6424739d9598f89119b42d42bbca648a04248ab0c650af3fb4965abd60c5c5
collect_exp/logs/03_BRL_TOMATO/logs/master/20261005_180810_gui/feedback_manager.log,00_raw/tomato/scene_03/knowno/20261005_180810_gui/feedback_manager.log,tomato,3,knowno,20261005_180810_gui,491,85f25b9b9c6aaa9e72b4524cde5afd4e98e84c7ed999e84a071e827f5bc87c6d
collect_exp/logs/03_BRL_TOMATO/logs/master/20261005_180810_gui/frontend.log,00_raw/tomato/scene_03/knowno/20261005_180810_gui/frontend.log,tomato,3,knowno,20261005_180810_gui,1988,4d0b6cf734ff861372554df35f114bde81ee8406943ff0ad5f24674803ae2ecb
collect_exp/logs/03_BRL_TOMATO/logs/master/20261005_180810_gui/knowledge_graph.log,00_raw/tomato/scene_03/knowno/20261005_180810_gui/knowledge_graph.log,tomato,3,knowno,20261005_180810_gui,7541,76d0fd5fdb264ed4fbe346ff5f04462c3bd8576436c4f383c700c545b1524e5e
collect_exp/logs/03_BRL_TOMATO/logs/master/20261005_180810_gui/planner.log,00_raw/tomato/scene_03/knowno/20261005_180810_gui/planner.log,tomato,3,knowno,20261005_180810_gui,6157,096330bf6ae0c4cf19891ce2b082fce2c961df50e403474a60a071be1bd25507
collect_exp/logs/03_BRL_TOMATO/logs/master/20261005_180810_gui/planner_experiments/exp_tomato_20261005_180939_368573.txt,00_raw/tomato/scene_03/knowno/20261005_180810_gui/planner_experiments/exp_tomato_20261005_180939_368573.txt,tomato,3,knowno,20261005_180810_gui,2510,34f002519f63d4604fabe3b092daabfacbad6d0d3fa169ae230457e5b2c19b3c
collect_exp/logs/03_BRL_TOMATO/logs/master/20261005_180810_gui/recordings/knowno_scene3_20261005_180840_925043/recording.json,00_raw/tomato/scene_03/knowno/20261005_180810_gui/recordings/knowno_scene3_20261005_180840_925043/recording.json,tomato,3,knowno,20261005_180810_gui,664,73997501fa6fe9eab41c0684698ee9516555e477da25918d9c697821cb7c165b
collect_exp/logs/03_BRL_TOMATO/logs/master/20261005_180946_gui/brl_sensor.log,00_raw/tomato/scene_03/knowno/20261005_180946_gui/brl_sensor.log,tomato,3,knowno,20261005_180946_gui,16847,c9a5e317c927651750c1fde126dcb1aeee79cf451668e1cd8168f47ef907fa6b
collect_exp/logs/03_BRL_TOMATO/logs/master/20261005_180946_gui/brl_server.log,00_raw/tomato/scene_03/knowno/20261005_180946_gui/brl_server.log,tomato,3,knowno,20261005_180946_gui,3906,3d8fbcd2eb92e859459ad4af5c4c65d2e375a50f01749f12ca1f685f65b234b0
collect_exp/logs/03_BRL_TOMATO/logs/master/20261005_180946_gui/environment_setup.log,00_raw/tomato/scene_03/knowno/20261005_180946_gui/environment_setup.log,tomato,3,knowno,20261005_180946_gui,1675,50cd210aada30827fd1a89b423715311433be145353292d0bd5db63ae85d3bbc
collect_exp/logs/03_BRL_TOMATO/logs/master/20261005_180946_gui/feedback_manager.log,00_raw/tomato/scene_03/knowno/20261005_180946_gui/feedback_manager.log,tomato,3,knowno,20261005_180946_gui,24901,a0a027179aa4eedf38798866e3edfed742fa5c36025e945836329ff519cd3b05
collect_exp/logs/03_BRL_TOMATO/logs/master/20261005_180946_gui/frontend.log,00_raw/tomato/scene_03/knowno/20261005_180946_gui/frontend.log,tomato,3,knowno,20261005_180946_gui,1988,718e00ca1ad7b4c8460018e000ada67d7d84f45008647b07b564c01a67d2b874
collect_exp/logs/03_BRL_TOMATO/logs/master/20261005_180946_gui/knowledge_graph.log,00_raw/tomato/scene_03/knowno/20261005_180946_gui/knowledge_graph.log,tomato,3,knowno,20261005_180946_gui,11240,d4fb6691cd4aefeb9983df5a715903f72549c1839f4c678634ef78b6ab1a5517
collect_exp/logs/03_BRL_TOMATO/logs/master/20261005_180946_gui/planner.log,00_raw/tomato/scene_03/knowno/20261005_180946_gui/planner.log,tomato,3,knowno,20261005_180946_gui,13111,b631cd7bb0deb766fba69f09cd3b591419618b04536063fa9c3f1c85e56899aa
collect_exp/logs/03_BRL_TOMATO/logs/master/20261005_180946_gui/planner_experiments/exp_tomato_20261005_181227_296000.txt,00_raw/tomato/scene_03/knowno/20261005_180946_gui/planner_experiments/exp_tomato_20261005_181227_296000.txt,tomato,3,knowno,20261005_180946_gui,5619,b877dce95189744ea1ea7253974e018eaf5a85bba1ece1c90074c6d76b3fe2a4
collect_exp/logs/03_BRL_TOMATO/logs/master/20261005_180946_gui/recordings/knowno_scene3_20261005_181031_587949/recording.json,00_raw/tomato/scene_03/knowno/20261005_180946_gui/recordings/knowno_scene3_20261005_181031_587949/recording.json,tomato,3,knowno,20261005_180946_gui,679,8bfe1ca8c17ebea1df8db7d410e74d37d8bc91752fb026fade28967c932815db
collect_exp/logs/04_BRL_WASTE/logs/master/20260927_233838_gui_pomdp_scene1/brl_sensor.log,00_raw/waste/scene_01/pomdp/20260927_233838_gui_pomdp_scene1/brl_sensor.log,waste,1,pomdp,20260927_233838_gui_pomdp_scene1,4756,5d91ef0db42e8ab009ac816672f81fbe129721d822d93a6a013cb8c97d28ae2c
collect_exp/logs/04_BRL_WASTE/logs/master/20260927_233838_gui_pomdp_scene1/brl_server.log,00_raw/waste/scene_01/pomdp/20260927_233838_gui_pomdp_scene1/brl_server.log,waste,1,pomdp,20260927_233838_gui_pomdp_scene1,3819,d6f2a1496edec9c0ed77943aa5426015ea4d926a3b1a12558f2b3d0c635633c8
collect_exp/logs/04_BRL_WASTE/logs/master/20260927_233838_gui_pomdp_scene1/environment_setup.log,00_raw/waste/scene_01/pomdp/20260927_233838_gui_pomdp_scene1/environment_setup.log,waste,1,pomdp,20260927_233838_gui_pomdp_scene1,1776,1e1a645f91fe9e60309530e0725db82030af476528f526b8d90c53df62794b4b
collect_exp/logs/04_BRL_WASTE/logs/master/20260927_233838_gui_pomdp_scene1/feedback_manager.log,00_raw/waste/scene_01/pomdp/20260927_233838_gui_pomdp_scene1/feedback_manager.log,waste,1,pomdp,20260927_233838_gui_pomdp_scene1,8884,4a9ebd46a955a89102a7753f49d4f9ccc0d4e4d45b2ee4d7eb6b9992df7de5b3
collect_exp/logs/04_BRL_WASTE/logs/master/20260927_233838_gui_pomdp_scene1/frontend.log,00_raw/waste/scene_01/pomdp/20260927_233838_gui_pomdp_scene1/frontend.log,waste,1,pomdp,20260927_233838_gui_pomdp_scene1,1986,d49cdf665666f074ad9bfe2108e7c540e1c830384969da0423db8cac59e9669f
collect_exp/logs/04_BRL_WASTE/logs/master/20260927_233838_gui_pomdp_scene1/knowledge_graph.log,00_raw/waste/scene_01/pomdp/20260927_233838_gui_pomdp_scene1/knowledge_graph.log,waste,1,pomdp,20260927_233838_gui_pomdp_scene1,15507,197c517a30a933e912f0ac350b44518793e472e30548930b10e53b1cceaf5cf5
collect_exp/logs/04_BRL_WASTE/logs/master/20260927_233838_gui_pomdp_scene1/planner.log,00_raw/waste/scene_01/pomdp/20260927_233838_gui_pomdp_scene1/planner.log,waste,1,pomdp,20260927_233838_gui_pomdp_scene1,11371,5cb671f8f2fc2345d543ac9d224f36adc54380fac56c465ea3e8c74d3168bc8f
collect_exp/logs/04_BRL_WASTE/logs/master/20260927_233838_gui_pomdp_scene1/pomdp_experiments/exp_wastesorting_20260927_234219_431369.txt,00_raw/waste/scene_01/pomdp/20260927_233838_gui_pomdp_scene1/pomdp_experiments/exp_wastesorting_20260927_234219_431369.txt,waste,1,pomdp,20260927_233838_gui_pomdp_scene1,6156,90b922c849937f56f9fae66061bc8391d1a85a068559652f8c740cd856ed57a5
collect_exp/logs/04_BRL_WASTE/logs/master/20260927_233838_gui_pomdp_scene1/recordings/pomdp_planner_scene1_20260927_233911_438224/recording.json,00_raw/waste/scene_01/pomdp/20260927_233838_gui_pomdp_scene1/recordings/pomdp_planner_scene1_20260927_233911_438224/recording.json,waste,1,pomdp,20260927_233838_gui_pomdp_scene1,657,7f478986dea9edc4a61b0d2c9cda967d54fe74e6be710c6c8c5481a0b3851b68
collect_exp/logs/04_BRL_WASTE/logs/master/20260927_234309_gui/brl_sensor.log,00_raw/waste/scene_01/pomdp/20260927_234309_gui/brl_sensor.log,waste,1,pomdp,20260927_234309_gui,5151,6779d97b30e941416a6d375caabff82c81f24455f65bb0caad6748e411b361bf
collect_exp/logs/04_BRL_WASTE/logs/master/20260927_234309_gui/brl_server.log,00_raw/waste/scene_01/pomdp/20260927_234309_gui/brl_server.log,waste,1,pomdp,20260927_234309_gui,3903,96fd6eefbd7b1287edfa3ef5e4c4c2f15078a571438fd67909d380a38af0cf63
collect_exp/logs/04_BRL_WASTE/logs/master/20260927_234309_gui/environment_setup.log,00_raw/waste/scene_01/pomdp/20260927_234309_gui/environment_setup.log,waste,1,pomdp,20260927_234309_gui,1901,1ed685b0e6669a7c46cee0c52e74c753df7ffa7321803d80a382b734d1b63550
collect_exp/logs/04_BRL_WASTE/logs/master/20260927_234309_gui/feedback_manager.log,00_raw/waste/scene_01/pomdp/20260927_234309_gui/feedback_manager.log,waste,1,pomdp,20260927_234309_gui,10406,334a1f5a30f03f62c4d367c52fc546cd0cd5cea25d8c869687fcd2c950266bda
collect_exp/logs/04_BRL_WASTE/logs/master/20260927_234309_gui/frontend.log,00_raw/waste/scene_01/pomdp/20260927_234309_gui/frontend.log,waste,1,pomdp,20260927_234309_gui,1986,eea852d25dbe5819252acba6c39094fa2be04e27f13aa91ddeba141961ab94ae
collect_exp/logs/04_BRL_WASTE/logs/master/20260927_234309_gui/knowledge_graph.log,00_raw/waste/scene_01/pomdp/20260927_234309_gui/knowledge_graph.log,waste,1,pomdp,20260927_234309_gui,15125,ac2a96e3a449e694fb05d26b7c52689579a04f983030e1829198aa6fc811ef71
collect_exp/logs/04_BRL_WASTE/logs/master/20260927_234309_gui/planner.log,00_raw/waste/scene_01/pomdp/20260927_234309_gui/planner.log,waste,1,pomdp,20260927_234309_gui,12468,7800b16a4bf6754794b9b78fd910c29b1986396ad3ab7dcc6b92015e5ea32655
collect_exp/logs/04_BRL_WASTE/logs/master/20260927_234309_gui/pomdp_experiments/exp_wastesorting_20260927_234701_798922.txt,00_raw/waste/scene_01/pomdp/20260927_234309_gui/pomdp_experiments/exp_wastesorting_20260927_234701_798922.txt,waste,1,pomdp,20260927_234309_gui,6593,8ca86408e21f8c2a9e5e8a44ed09dc78e4f92f17189cea637479a552ee42a53d
collect_exp/logs/04_BRL_WASTE/logs/master/20260927_234309_gui/recordings/pomdp_planner_scene1_20260927_234340_849102/recording.json,00_raw/waste/scene_01/pomdp/20260927_234309_gui/recordings/pomdp_planner_scene1_20260927_234340_849102/recording.json,waste,1,pomdp,20260927_234309_gui,657,bbb10243a9c589501f77cdf87447ed5a419943c697d2344725bb88e24c87bf26
collect_exp/logs/04_BRL_WASTE/logs/master/20260927_234727_gui/brl_sensor.log,00_raw/waste/scene_01/pomdp/20260927_234727_gui/brl_sensor.log,waste,1,pomdp,20260927_234727_gui,5546,c5a5dd3e65247012794b6150b94a4542fef96e46ab5f8cf8c40b5d426377d1c2
collect_exp/logs/04_BRL_WASTE/logs/master/20260927_234727_gui/brl_server.log,00_raw/waste/scene_01/pomdp/20260927_234727_gui/brl_server.log,waste,1,pomdp,20260927_234727_gui,3987,9f952ed2682b67a974c14036f9e9526aec4839dee2252ab99dcac31591cf2f43
collect_exp/logs/04_BRL_WASTE/logs/master/20260927_234727_gui/environment_setup.log,00_raw/waste/scene_01/pomdp/20260927_234727_gui/environment_setup.log,waste,1,pomdp,20260927_234727_gui,1901,2b0e5a5295c47538a44195085f92b1912eb1a438b2d4ac42921be0a77343b734
collect_exp/logs/04_BRL_WASTE/logs/master/20260927_234727_gui/feedback_manager.log,00_raw/waste/scene_01/pomdp/20260927_234727_gui/feedback_manager.log,waste,1,pomdp,20260927_234727_gui,12139,1d68fd079401e1952c197c837745ebe81a24d90008e5dfb85b1385fd746a9eab
collect_exp/logs/04_BRL_WASTE/logs/master/20260927_234727_gui/frontend.log,00_raw/waste/scene_01/pomdp/20260927_234727_gui/frontend.log,waste,1,pomdp,20260927_234727_gui,1987,7309c00b8659dc0a412a96c1fae42db7fba7dd03381f152c62b3bd4063cb4cc1
collect_exp/logs/04_BRL_WASTE/logs/master/20260927_234727_gui/knowledge_graph.log,00_raw/waste/scene_01/pomdp/20260927_234727_gui/knowledge_graph.log,waste,1,pomdp,20260927_234727_gui,15306,e043e49a7384e496bbdac77e52b4dfcb8bb669cef5d5fe72a3f2666123b21167
collect_exp/logs/04_BRL_WASTE/logs/master/20260927_234727_gui/planner.log,00_raw/waste/scene_01/pomdp/20260927_234727_gui/planner.log,waste,1,pomdp,20260927_234727_gui,13299,467961beba84d363c8a9894080b6e3dd8839716e820188de93078d4600d03aac
collect_exp/logs/04_BRL_WASTE/logs/master/20260927_234727_gui/pomdp_experiments/exp_wastesorting_20260927_235110_079210.txt,00_raw/waste/scene_01/pomdp/20260927_234727_gui/pomdp_experiments/exp_wastesorting_20260927_235110_079210.txt,waste,1,pomdp,20260927_234727_gui,6971,1fc42a399a220057eb3592468ed9268551e5ae9d301895534feec0e4ce5fe5c7
collect_exp/logs/04_BRL_WASTE/logs/master/20260927_234727_gui/recordings/pomdp_planner_scene1_20260927_234750_727268/recording.json,00_raw/waste/scene_01/pomdp/20260927_234727_gui/recordings/pomdp_planner_scene1_20260927_234750_727268/recording.json,waste,1,pomdp,20260927_234727_gui,653,63d436e6e761a3335fa1113e0bfdf6e5f597b2952302ea7a9ec51eca6e6031af
collect_exp/logs/04_BRL_WASTE/logs/master/20260927_235152_gui/brl_sensor.log,00_raw/waste/scene_01/pomdp/20260927_235152_gui/brl_sensor.log,waste,1,pomdp,20260927_235152_gui,4756,1d28f638544450c11969f68bb01a214ec471c3ffcc1b41929af195eba7888bef
collect_exp/logs/04_BRL_WASTE/logs/master/20260927_235152_gui/brl_server.log,00_raw/waste/scene_01/pomdp/20260927_235152_gui/brl_server.log,waste,1,pomdp,20260927_235152_gui,3819,60e252431c0c76c03bebeaca09cafe1f519d4543088fbeabac98f2b307c697ef
collect_exp/logs/04_BRL_WASTE/logs/master/20260927_235152_gui/environment_setup.log,00_raw/waste/scene_01/pomdp/20260927_235152_gui/environment_setup.log,waste,1,pomdp,20260927_235152_gui,1901,09159804f484d653a7e00801157cd89abd2bf0da06f88c18e03a9a24cad40520
collect_exp/logs/04_BRL_WASTE/logs/master/20260927_235152_gui/feedback_manager.log,00_raw/waste/scene_01/pomdp/20260927_235152_gui/feedback_manager.log,waste,1,pomdp,20260927_235152_gui,8734,1f8faff0939a173102fdbcea7a18903fb32f6385309740c48d19802f9f3c6e67
collect_exp/logs/04_BRL_WASTE/logs/master/20260927_235152_gui/frontend.log,00_raw/waste/scene_01/pomdp/20260927_235152_gui/frontend.log,waste,1,pomdp,20260927_235152_gui,1986,30b62c092dc6c6ff6429d098dd06596456ed8f0d4df9b6a69668632fe3b4699f
collect_exp/logs/04_BRL_WASTE/logs/master/20260927_235152_gui/knowledge_graph.log,00_raw/waste/scene_01/pomdp/20260927_235152_gui/knowledge_graph.log,waste,1,pomdp,20260927_235152_gui,14597,660c3d115a3d5e024c99234ebe2c290d802bf354edff69ea569ae588a23a8f22
collect_exp/logs/04_BRL_WASTE/logs/master/20260927_235152_gui/planner.log,00_raw/waste/scene_01/pomdp/20260927_235152_gui/planner.log,waste,1,pomdp,20260927_235152_gui,11383,6d53507232e0c86f819c63abfcdd123d4213ae71fb5eb4422de8088a9a3056ae
collect_exp/logs/04_BRL_WASTE/logs/master/20260927_235152_gui/pomdp_experiments/exp_wastesorting_20260927_235530_098236.txt,00_raw/waste/scene_01/pomdp/20260927_235152_gui/pomdp_experiments/exp_wastesorting_20260927_235530_098236.txt,waste,1,pomdp,20260927_235152_gui,6155,b4ee15d7dd4e780992e9ce6d0b693e962ae1b019a24da5311d79e577abbbeef1
collect_exp/logs/04_BRL_WASTE/logs/master/20260927_235152_gui/recordings/pomdp_planner_scene1_20260927_235220_969637/recording.json,00_raw/waste/scene_01/pomdp/20260927_235152_gui/recordings/pomdp_planner_scene1_20260927_235220_969637/recording.json,waste,1,pomdp,20260927_235152_gui,656,d8926eb5d32d1d609d1ecb4bb18ebdc0431d2793de854aec9fa5fa782bd8d925
collect_exp/logs/04_BRL_WASTE/logs/master/20260927_235604_gui/brl_sensor.log,00_raw/waste/scene_01/pomdp/20260927_235604_gui/brl_sensor.log,waste,1,pomdp,20260927_235604_gui,4756,dc04ae369756902a087436e04ba970f3c88e0bc70920f0aa232a0d09480e8bec
collect_exp/logs/04_BRL_WASTE/logs/master/20260927_235604_gui/brl_server.log,00_raw/waste/scene_01/pomdp/20260927_235604_gui/brl_server.log,waste,1,pomdp,20260927_235604_gui,3888,53fa3d5af21b19fc5d126e1a715cc365b8f5a4e7d27a3cdcfdfa8bc3915af908
collect_exp/logs/04_BRL_WASTE/logs/master/20260927_235604_gui/environment_setup.log,00_raw/waste/scene_01/pomdp/20260927_235604_gui/environment_setup.log,waste,1,pomdp,20260927_235604_gui,1901,03dbdf4747ca83178a89025d5801ab19c9869bdd2795debd2fcdd9bfab9c84ae
collect_exp/logs/04_BRL_WASTE/logs/master/20260927_235604_gui/feedback_manager.log,00_raw/waste/scene_01/pomdp/20260927_235604_gui/feedback_manager.log,waste,1,pomdp,20260927_235604_gui,8781,3059e540797511893da91f96b6ea81eeb7c0c1e5a93323b85caed2ecf5d4d575
collect_exp/logs/04_BRL_WASTE/logs/master/20260927_235604_gui/frontend.log,00_raw/waste/scene_01/pomdp/20260927_235604_gui/frontend.log,waste,1,pomdp,20260927_235604_gui,1987,07eb1c1ac129d65f7595dc6c6eef66f0e42b679b28cd468af0dc754af2350322
collect_exp/logs/04_BRL_WASTE/logs/master/20260927_235604_gui/knowledge_graph.log,00_raw/waste/scene_01/pomdp/20260927_235604_gui/knowledge_graph.log,waste,1,pomdp,20260927_235604_gui,15690,a4d2903e19cd3c0ad71f2ce0e4c15c34c6437f963984bc0dd4be7edc68bf9d58
collect_exp/logs/04_BRL_WASTE/logs/master/20260927_235604_gui/planner.log,00_raw/waste/scene_01/pomdp/20260927_235604_gui/planner.log,waste,1,pomdp,20260927_235604_gui,11334,09c3b99e7105b526e0ccb1329e503e8716bbe3bf211d8d69126e898a6f0f9b6c
collect_exp/logs/04_BRL_WASTE/logs/master/20260927_235604_gui/pomdp_experiments/exp_wastesorting_20260928_000000_817565.txt,00_raw/waste/scene_01/pomdp/20260927_235604_gui/pomdp_experiments/exp_wastesorting_20260928_000000_817565.txt,waste,1,pomdp,20260927_235604_gui,6156,db1fe3d52e29ff9222a74140917c9c19665ff90db9f6ce68e17b1546b5fd0265
collect_exp/logs/04_BRL_WASTE/logs/master/20260927_235604_gui/recordings/pomdp_planner_scene1_20260927_235651_576883/recording.json,00_raw/waste/scene_01/pomdp/20260927_235604_gui/recordings/pomdp_planner_scene1_20260927_235651_576883/recording.json,waste,1,pomdp,20260927_235604_gui,644,07cbc9200ed72bb64cdb76bdd82eecc43d5c99fbf306a42e9273b40f666ff87f
collect_exp/logs/04_BRL_WASTE/logs/master/20260928_000039_gui/brl_sensor.log,00_raw/waste/scene_01/pomdp/20260928_000039_gui/brl_sensor.log,waste,1,pomdp,20260928_000039_gui,4756,2b0b0e36fc3036ddce7d963e2a1cf2091f2f385375832b627b8d6e3445445ebb
collect_exp/logs/04_BRL_WASTE/logs/master/20260928_000039_gui/brl_server.log,00_raw/waste/scene_01/pomdp/20260928_000039_gui/brl_server.log,waste,1,pomdp,20260928_000039_gui,3819,2079c1a2433588542ae023203a9ac1749e3e5205292e955cefab6dbac9889f4d
collect_exp/logs/04_BRL_WASTE/logs/master/20260928_000039_gui/environment_setup.log,00_raw/waste/scene_01/pomdp/20260928_000039_gui/environment_setup.log,waste,1,pomdp,20260928_000039_gui,1901,6f4969deea8ccf1cd1fa841aff0d115a665f81bd8f2bb7139997e4ab76a83bed
collect_exp/logs/04_BRL_WASTE/logs/master/20260928_000039_gui/feedback_manager.log,00_raw/waste/scene_01/pomdp/20260928_000039_gui/feedback_manager.log,waste,1,pomdp,20260928_000039_gui,8782,901d1feb21a13cd25217d60a87bb2d440d18053fac98caa5a9a2c9472d72cf91
collect_exp/logs/04_BRL_WASTE/logs/master/20260928_000039_gui/frontend.log,00_raw/waste/scene_01/pomdp/20260928_000039_gui/frontend.log,waste,1,pomdp,20260928_000039_gui,1987,d72552634c04bce67a9c6ac02262dc31e307ac9d7c210332c7a6e05901c44c49
collect_exp/logs/04_BRL_WASTE/logs/master/20260928_000039_gui/knowledge_graph.log,00_raw/waste/scene_01/pomdp/20260928_000039_gui/knowledge_graph.log,waste,1,pomdp,20260928_000039_gui,13221,3ba8b05517a63c883c92dcff7e5c8597e4c2bb8ac730f2040df9f2edfdd5d1e0
collect_exp/logs/04_BRL_WASTE/logs/master/20260928_000039_gui/planner.log,00_raw/waste/scene_01/pomdp/20260928_000039_gui/planner.log,waste,1,pomdp,20260928_000039_gui,11386,a7ef1db9bedd13433c48a1d2780b343970128b24aeed5f0cb7878f8d7a0936d3
collect_exp/logs/04_BRL_WASTE/logs/master/20260928_000039_gui/pomdp_experiments/exp_wastesorting_20260928_000413_016685.txt,00_raw/waste/scene_01/pomdp/20260928_000039_gui/pomdp_experiments/exp_wastesorting_20260928_000413_016685.txt,waste,1,pomdp,20260928_000039_gui,6156,f64647f89500b4b9818e47f1a9acd856ed258041a673d503d9bea4ba10e6cc93
collect_exp/logs/04_BRL_WASTE/logs/master/20260928_000039_gui/recordings/pomdp_planner_scene1_20260928_000103_242976/recording.json,00_raw/waste/scene_01/pomdp/20260928_000039_gui/recordings/pomdp_planner_scene1_20260928_000103_242976/recording.json,waste,1,pomdp,20260928_000039_gui,657,24d8d12ddf834f9715f048b01e9268cfac4e710a9df740859110030daea95ae0
collect_exp/logs/04_BRL_WASTE/logs/master/20260928_000418_gui/brl_sensor.log,00_raw/waste/scene_01/pomdp/20260928_000418_gui/brl_sensor.log,waste,1,pomdp,20260928_000418_gui,4756,c00a33907154518205f3d9b553628abdbdbf196c02af34c7a481fe17ab5580fc
collect_exp/logs/04_BRL_WASTE/logs/master/20260928_000418_gui/brl_server.log,00_raw/waste/scene_01/pomdp/20260928_000418_gui/brl_server.log,waste,1,pomdp,20260928_000418_gui,3888,5a80291ee08104d7e121b4d5cee42c11bcc85a4492df82f47279feb7012ce8c7
collect_exp/logs/04_BRL_WASTE/logs/master/20260928_000418_gui/environment_setup.log,00_raw/waste/scene_01/pomdp/20260928_000418_gui/environment_setup.log,waste,1,pomdp,20260928_000418_gui,1901,ed64c031526d080a05f2c741eaac9abce27cb6cb8c73ad7189a908852fcf6d72
collect_exp/logs/04_BRL_WASTE/logs/master/20260928_000418_gui/feedback_manager.log,00_raw/waste/scene_01/pomdp/20260928_000418_gui/feedback_manager.log,waste,1,pomdp,20260928_000418_gui,8777,49fe19d47de157e7f00483173dea258b8ca312c0a780f55090cc1ba067cddd3f
collect_exp/logs/04_BRL_WASTE/logs/master/20260928_000418_gui/frontend.log,00_raw/waste/scene_01/pomdp/20260928_000418_gui/frontend.log,waste,1,pomdp,20260928_000418_gui,1987,9d60ea47eede5f31fbe11b008eff171d423e8ecd01d7456698903019f9f65191
collect_exp/logs/04_BRL_WASTE/logs/master/20260928_000418_gui/knowledge_graph.log,00_raw/waste/scene_01/pomdp/20260928_000418_gui/knowledge_graph.log,waste,1,pomdp,20260928_000418_gui,15186,4339e816d6c335a46c4af99bde4cba467b9cbdf95f73d232bc99203f7517d15b
collect_exp/logs/04_BRL_WASTE/logs/master/20260928_000418_gui/planner.log,00_raw/waste/scene_01/pomdp/20260928_000418_gui/planner.log,waste,1,pomdp,20260928_000418_gui,11373,7cf337db5ac73852e8c494edb3150a5a7a1199081de1997f11c0de3d780c8633
collect_exp/logs/04_BRL_WASTE/logs/master/20260928_000418_gui/pomdp_experiments/exp_wastesorting_20260928_000822_575566.txt,00_raw/waste/scene_01/pomdp/20260928_000418_gui/pomdp_experiments/exp_wastesorting_20260928_000822_575566.txt,waste,1,pomdp,20260928_000418_gui,6155,961729681f5e9219ef33299a03a8f9626474452732bed22f87d48f818e717449
collect_exp/logs/04_BRL_WASTE/logs/master/20260928_000418_gui/recordings/pomdp_planner_scene1_20260928_000514_123533/recording.json,00_raw/waste/scene_01/pomdp/20260928_000418_gui/recordings/pomdp_planner_scene1_20260928_000514_123533/recording.json,waste,1,pomdp,20260928_000418_gui,642,6a2aa4433824dc1afb65dc10af8d20ca193409ca5514ded089b73ebe68ef402f
collect_exp/logs/04_BRL_WASTE/logs/master/20260928_001648_gui/brl_sensor.log,00_raw/waste/scene_01/pomdp/20260928_001648_gui/brl_sensor.log,waste,1,pomdp,20260928_001648_gui,4772,ebd70ad0cc5522ca50548a14e75d9d510687e91836310a7ce05455f640ed939a
collect_exp/logs/04_BRL_WASTE/logs/master/20260928_001648_gui/brl_server.log,00_raw/waste/scene_01/pomdp/20260928_001648_gui/brl_server.log,waste,1,pomdp,20260928_001648_gui,4334,05c5c426670c6a4baae871a04cc3b6b3dabdb52af35437d368ea7b350f68e8b1
collect_exp/logs/04_BRL_WASTE/logs/master/20260928_001648_gui/environment_setup.log,00_raw/waste/scene_01/pomdp/20260928_001648_gui/environment_setup.log,waste,1,pomdp,20260928_001648_gui,1901,4d63c499f6ebf8dbcb3d0d1cc734be36cd560bed69ed601f190fcd702e7e6c00
collect_exp/logs/04_BRL_WASTE/logs/master/20260928_001648_gui/feedback_manager.log,00_raw/waste/scene_01/pomdp/20260928_001648_gui/feedback_manager.log,waste,1,pomdp,20260928_001648_gui,13890,5063fb78e1923f8eeaf6c117a72b5a10069dadf13672661fe130f78ef22d64e6
collect_exp/logs/04_BRL_WASTE/logs/master/20260928_001648_gui/frontend.log,00_raw/waste/scene_01/pomdp/20260928_001648_gui/frontend.log,waste,1,pomdp,20260928_001648_gui,1987,68005b0818a335ecd57fdfcbb56e79a7457c7b371ec91215640299a2085b1be3
collect_exp/logs/04_BRL_WASTE/logs/master/20260928_001648_gui/knowledge_graph.log,00_raw/waste/scene_01/pomdp/20260928_001648_gui/knowledge_graph.log,waste,1,pomdp,20260928_001648_gui,13936,61b91bb8ffc4327973c6322c8c9be62c9ff8d0f021f44b774e236ab49a5ea6e9
collect_exp/logs/04_BRL_WASTE/logs/master/20260928_001648_gui/planner.log,00_raw/waste/scene_01/pomdp/20260928_001648_gui/planner.log,waste,1,pomdp,20260928_001648_gui,11986,546efaec9b0e4ac4b8a69443a92ce792b59f5c82b5aeb597aa002b37a5277733
collect_exp/logs/04_BRL_WASTE/logs/master/20260928_001648_gui/pomdp_experiments/exp_wastesorting_20260928_002020_911111.txt,00_raw/waste/scene_01/pomdp/20260928_001648_gui/pomdp_experiments/exp_wastesorting_20260928_002020_911111.txt,waste,1,pomdp,20260928_001648_gui,6456,4cddd657114efe9beca63257d7f5cc8500f9fa15742cf65626bc4c0728c0b400
collect_exp/logs/04_BRL_WASTE/logs/master/20260928_001648_gui/recordings/pomdp_planner_scene1_20260928_001707_511681/recording.json,00_raw/waste/scene_01/pomdp/20260928_001648_gui/recordings/pomdp_planner_scene1_20260928_001707_511681/recording.json,waste,1,pomdp,20260928_001648_gui,657,a9c8508a299795824c3f656ea63dc57f8e15e593eb82664c6fa8ef42ccc9a677
collect_exp/logs/04_BRL_WASTE/logs/master/20260928_002040_gui/brl_sensor.log,00_raw/waste/scene_01/pomdp/20260928_002040_gui/brl_sensor.log,waste,1,pomdp,20260928_002040_gui,4756,2ac132ecfc135bce2fd74d6d0fb2a06f3d1400b99d74ba7583f6ad317c7f2e8d
collect_exp/logs/04_BRL_WASTE/logs/master/20260928_002040_gui/brl_server.log,00_raw/waste/scene_01/pomdp/20260928_002040_gui/brl_server.log,waste,1,pomdp,20260928_002040_gui,3819,30d163c4c43f85669f8670135928917bc1ff26ad4ca7517e7256af65c21e4a1e
collect_exp/logs/04_BRL_WASTE/logs/master/20260928_002040_gui/environment_setup.log,00_raw/waste/scene_01/pomdp/20260928_002040_gui/environment_setup.log,waste,1,pomdp,20260928_002040_gui,1901,2ba42f1b7dee0118a0e29d6f668ea1fc458b962e04ce6a1f070736ef58501de3
collect_exp/logs/04_BRL_WASTE/logs/master/20260928_002040_gui/feedback_manager.log,00_raw/waste/scene_01/pomdp/20260928_002040_gui/feedback_manager.log,waste,1,pomdp,20260928_002040_gui,9498,84191dadbde62f7706e22eaac4903bad83500683559216731e34312f667c08a1
collect_exp/logs/04_BRL_WASTE/logs/master/20260928_002040_gui/frontend.log,00_raw/waste/scene_01/pomdp/20260928_002040_gui/frontend.log,waste,1,pomdp,20260928_002040_gui,1986,7a1495a1f81f745a0ebd98e4ddc08cc3a7b465f2f08ee0456121e94e96659614
collect_exp/logs/04_BRL_WASTE/logs/master/20260928_002040_gui/knowledge_graph.log,00_raw/waste/scene_01/pomdp/20260928_002040_gui/knowledge_graph.log,waste,1,pomdp,20260928_002040_gui,13464,fe67774020901881cdbd8922760aba1a31b4f15db2df8922132083d9d369559a
collect_exp/logs/04_BRL_WASTE/logs/master/20260928_002040_gui/planner.log,00_raw/waste/scene_01/pomdp/20260928_002040_gui/planner.log,waste,1,pomdp,20260928_002040_gui,11382,761b442e0f3667d87253e49f2cb3533aa9c4a86b880bb1c9be4589b399a6baf0
collect_exp/logs/04_BRL_WASTE/logs/master/20260928_002040_gui/pomdp_experiments/exp_wastesorting_20260928_002409_115223.txt,00_raw/waste/scene_01/pomdp/20260928_002040_gui/pomdp_experiments/exp_wastesorting_20260928_002409_115223.txt,waste,1,pomdp,20260928_002040_gui,6156,c620500d4c7039bdcad556fcd9424bb35edfab67724ae7d7e1d067ebcd2a3f0f
collect_exp/logs/04_BRL_WASTE/logs/master/20260928_002040_gui/recordings/pomdp_planner_scene1_20260928_002103_469023/recording.json,00_raw/waste/scene_01/pomdp/20260928_002040_gui/recordings/pomdp_planner_scene1_20260928_002103_469023/recording.json,waste,1,pomdp,20260928_002040_gui,644,333f1c6df9f38200e0b144c8cf3ffbdec57ae9774514d5985f8508c7077b6d21
collect_exp/logs/04_BRL_WASTE/logs/master/20260928_002425_gui/brl_sensor.log,00_raw/waste/scene_01/pomdp/20260928_002425_gui/brl_sensor.log,waste,1,pomdp,20260928_002425_gui,4756,1e932e95d1255f980c1141e206533822d9cf83b81ee5655da581d70c71e3d44f
collect_exp/logs/04_BRL_WASTE/logs/master/20260928_002425_gui/brl_server.log,00_raw/waste/scene_01/pomdp/20260928_002425_gui/brl_server.log,waste,1,pomdp,20260928_002425_gui,3888,a1a06f41a14ad775efbab95171038fcf8668ce60493892173fd29295b47abf82
collect_exp/logs/04_BRL_WASTE/logs/master/20260928_002425_gui/environment_setup.log,00_raw/waste/scene_01/pomdp/20260928_002425_gui/environment_setup.log,waste,1,pomdp,20260928_002425_gui,1901,07dc15e8249ae10a5c64baaefd23c2291b728e57cb5fdc7f85a8d86a2f21fbb4
collect_exp/logs/04_BRL_WASTE/logs/master/20260928_002425_gui/feedback_manager.log,00_raw/waste/scene_01/pomdp/20260928_002425_gui/feedback_manager.log,waste,1,pomdp,20260928_002425_gui,9577,466dc0098da7fc4b0a66b2084acdad0bcb194ecd9ba2887919cb4a2023fa1cc8
collect_exp/logs/04_BRL_WASTE/logs/master/20260928_002425_gui/frontend.log,00_raw/waste/scene_01/pomdp/20260928_002425_gui/frontend.log,waste,1,pomdp,20260928_002425_gui,1986,6c758dbe0e06dc65747ce676f0563d1ee5c321be859bfa9fcecfe62ffac21b28
collect_exp/logs/04_BRL_WASTE/logs/master/20260928_002425_gui/knowledge_graph.log,00_raw/waste/scene_01/pomdp/20260928_002425_gui/knowledge_graph.log,waste,1,pomdp,20260928_002425_gui,13476,90bea1588da84cb937f9429e4f8ef5d838e30e01a0e2e9f5c8aa53a219592b66
collect_exp/logs/04_BRL_WASTE/logs/master/20260928_002425_gui/planner.log,00_raw/waste/scene_01/pomdp/20260928_002425_gui/planner.log,waste,1,pomdp,20260928_002425_gui,11396,eb6675b6c40176beff08750bd4adb7f6aefc799aa57165c12478fd7da2be3d85
collect_exp/logs/04_BRL_WASTE/logs/master/20260928_002425_gui/pomdp_experiments/exp_wastesorting_20260928_002754_317581.txt,00_raw/waste/scene_01/pomdp/20260928_002425_gui/pomdp_experiments/exp_wastesorting_20260928_002754_317581.txt,waste,1,pomdp,20260928_002425_gui,6155,a547ef6add7e7755450820f2c1e9dc5b5360aeff8ae1054310e000ee4e9e1f1e
collect_exp/logs/04_BRL_WASTE/logs/master/20260928_002425_gui/recordings/pomdp_planner_scene1_20260928_002445_984686/recording.json,00_raw/waste/scene_01/pomdp/20260928_002425_gui/recordings/pomdp_planner_scene1_20260928_002445_984686/recording.json,waste,1,pomdp,20260928_002425_gui,656,18c22fa24c1118bcc1f344249d21fdc3fed8dd87de73749b0dc60835ac2dd853
collect_exp/logs/04_BRL_WASTE/logs/master/20260928_010255_gui_pomdp_scene2/brl_sensor.log,00_raw/waste/scene_02/pomdp/20260928_010255_gui_pomdp_scene2/brl_sensor.log,waste,2,pomdp,20260928_010255_gui_pomdp_scene2,4756,ce1af3f7c328b99c0ead99c4c23404161c9b8701aa34bff7ead8ded69f3d7319
collect_exp/logs/04_BRL_WASTE/logs/master/20260928_010255_gui_pomdp_scene2/brl_server.log,00_raw/waste/scene_02/pomdp/20260928_010255_gui_pomdp_scene2/brl_server.log,waste,2,pomdp,20260928_010255_gui_pomdp_scene2,4176,c6622d7f052f56513b5e8bb3269e9e8be1c1e903fe502cc7afa373c223b16d7d
collect_exp/logs/04_BRL_WASTE/logs/master/20260928_010255_gui_pomdp_scene2/environment_setup.log,00_raw/waste/scene_02/pomdp/20260928_010255_gui_pomdp_scene2/environment_setup.log,waste,2,pomdp,20260928_010255_gui_pomdp_scene2,1776,ddbcbf2c7bf5de8c593fe5f2a40c6432a0d75cf2b644c850e6807b1fd48dc05b
collect_exp/logs/04_BRL_WASTE/logs/master/20260928_010255_gui_pomdp_scene2/feedback_manager.log,00_raw/waste/scene_02/pomdp/20260928_010255_gui_pomdp_scene2/feedback_manager.log,waste,2,pomdp,20260928_010255_gui_pomdp_scene2,14967,385097f7e00af9a8fad2d9d5d91b41fa00d71314a41a4b781f2404bc1ea45a70
collect_exp/logs/04_BRL_WASTE/logs/master/20260928_010255_gui_pomdp_scene2/frontend.log,00_raw/waste/scene_02/pomdp/20260928_010255_gui_pomdp_scene2/frontend.log,waste,2,pomdp,20260928_010255_gui_pomdp_scene2,1985,fab62dad582ae3e82387d615c4acfa0e7b6532a4ee01737347bc9ce810d98895
collect_exp/logs/04_BRL_WASTE/logs/master/20260928_010255_gui_pomdp_scene2/knowledge_graph.log,00_raw/waste/scene_02/pomdp/20260928_010255_gui_pomdp_scene2/knowledge_graph.log,waste,2,pomdp,20260928_010255_gui_pomdp_scene2,15049,ed110aa7fda4b514e510942b825af2e777547ecbcb0592ba324781f19f8d2276
collect_exp/logs/04_BRL_WASTE/logs/master/20260928_010255_gui_pomdp_scene2/planner.log,00_raw/waste/scene_02/pomdp/20260928_010255_gui_pomdp_scene2/planner.log,waste,2,pomdp,20260928_010255_gui_pomdp_scene2,12171,d849b02131f0ace03388a8e1ea2cb3d5e2675ee9671718164ea92f927f6f5808
collect_exp/logs/04_BRL_WASTE/logs/master/20260928_010255_gui_pomdp_scene2/pomdp_experiments/exp_wastesorting_20260928_010700_398095.txt,00_raw/waste/scene_02/pomdp/20260928_010255_gui_pomdp_scene2/pomdp_experiments/exp_wastesorting_20260928_010700_398095.txt,waste,2,pomdp,20260928_010255_gui_pomdp_scene2,6496,d8062ac77d3d7704b14305974e3ed4ddf5356771814a14695e403b9c13263c20
collect_exp/logs/04_BRL_WASTE/logs/master/20260928_010255_gui_pomdp_scene2/recordings/pomdp_planner_scene2_20260928_010328_342239/recording.json,00_raw/waste/scene_02/pomdp/20260928_010255_gui_pomdp_scene2/recordings/pomdp_planner_scene2_20260928_010328_342239/recording.json,waste,2,pomdp,20260928_010255_gui_pomdp_scene2,644,4d9635b2ab9074a9dc3aa961a9f5f520a8e48bf0f999afaab34f3e7b2b70ab7b
collect_exp/logs/04_BRL_WASTE/logs/master/20260928_010713_gui/brl_sensor.log,00_raw/waste/scene_02/pomdp/20260928_010713_gui/brl_sensor.log,waste,2,pomdp,20260928_010713_gui,4756,1636f164da8980762907a7f78ff2ba61a1bb775cd491b88d2d58894c06b2eea8
collect_exp/logs/04_BRL_WASTE/logs/master/20260928_010713_gui/brl_server.log,00_raw/waste/scene_02/pomdp/20260928_010713_gui/brl_server.log,waste,2,pomdp,20260928_010713_gui,4245,c058299c29ac76e7f8fd32d662d7997086be2b82dc4b31fc388a5b53131d7438
collect_exp/logs/04_BRL_WASTE/logs/master/20260928_010713_gui/environment_setup.log,00_raw/waste/scene_02/pomdp/20260928_010713_gui/environment_setup.log,waste,2,pomdp,20260928_010713_gui,1901,9ffe7a7388a18348d1001c6ca1b0e74b5f6cb60a78b4b77b2e912e9955b66dd6
collect_exp/logs/04_BRL_WASTE/logs/master/20260928_010713_gui/feedback_manager.log,00_raw/waste/scene_02/pomdp/20260928_010713_gui/feedback_manager.log,waste,2,pomdp,20260928_010713_gui,15003,188674f53df8f7f0f7d03c38eb40c0bf13e4ca87165df2841f52cc88564830b8
collect_exp/logs/04_BRL_WASTE/logs/master/20260928_010713_gui/frontend.log,00_raw/waste/scene_02/pomdp/20260928_010713_gui/frontend.log,waste,2,pomdp,20260928_010713_gui,1985,9ac5fbdc958de1e1b041b7b6d862e2617b4431e8a7709cb52a7e89726e7c0b48
collect_exp/logs/04_BRL_WASTE/logs/master/20260928_010713_gui/knowledge_graph.log,00_raw/waste/scene_02/pomdp/20260928_010713_gui/knowledge_graph.log,waste,2,pomdp,20260928_010713_gui,14838,d7ac14255ddd3970fc132c9182d575b64a0113e9579ce5dd7a2de28d99779f72
collect_exp/logs/04_BRL_WASTE/logs/master/20260928_010713_gui/planner.log,00_raw/waste/scene_02/pomdp/20260928_010713_gui/planner.log,waste,2,pomdp,20260928_010713_gui,12053,cad6b3d6a5d6f396070a8c93a13e45b1e9af32395633740040b2cb42c93922c7
collect_exp/logs/04_BRL_WASTE/logs/master/20260928_010713_gui/pomdp_experiments/exp_wastesorting_20260928_011113_235491.txt,00_raw/waste/scene_02/pomdp/20260928_010713_gui/pomdp_experiments/exp_wastesorting_20260928_011113_235491.txt,waste,2,pomdp,20260928_010713_gui,6495,e9d9d6e351dc5c4efc87e5cecb5f6617a6cc53c949cda21855bd8a5fda843488
collect_exp/logs/04_BRL_WASTE/logs/master/20260928_010713_gui/recordings/pomdp_planner_scene2_20260928_010743_927138/recording.json,00_raw/waste/scene_02/pomdp/20260928_010713_gui/recordings/pomdp_planner_scene2_20260928_010743_927138/recording.json,waste,2,pomdp,20260928_010713_gui,656,8ae4cddc2c9f2ee929725b947739710e76b2393d2d5b632cc0eb9007be95e371
collect_exp/logs/04_BRL_WASTE/logs/master/20260928_011126_gui/brl_sensor.log,00_raw/waste/scene_02/pomdp/20260928_011126_gui/brl_sensor.log,waste,2,pomdp,20260928_011126_gui,4756,959cd35cabbdd42558d8b318794de38686468056068b1d2b9a7310cc9a031c33
collect_exp/logs/04_BRL_WASTE/logs/master/20260928_011126_gui/brl_server.log,00_raw/waste/scene_02/pomdp/20260928_011126_gui/brl_server.log,waste,2,pomdp,20260928_011126_gui,4176,1974a85c7c19ad0140d47d5d2deaa9cadd7ecdc22509fd983ed34ac8a173709e
collect_exp/logs/04_BRL_WASTE/logs/master/20260928_011126_gui/environment_setup.log,00_raw/waste/scene_02/pomdp/20260928_011126_gui/environment_setup.log,waste,2,pomdp,20260928_011126_gui,1901,233d1de31083a7fa5aa0b08c3b10c566911e8d92e8a02d6e141f9b8132b4e6f0
collect_exp/logs/04_BRL_WASTE/logs/master/20260928_011126_gui/feedback_manager.log,00_raw/waste/scene_02/pomdp/20260928_011126_gui/feedback_manager.log,waste,2,pomdp,20260928_011126_gui,15045,b84df397f6ed380670db9943eb6e6e85a614cdee6e76576cbd2aca537fe8478a
collect_exp/logs/04_BRL_WASTE/logs/master/20260928_011126_gui/frontend.log,00_raw/waste/scene_02/pomdp/20260928_011126_gui/frontend.log,waste,2,pomdp,20260928_011126_gui,1985,7bb5533cc5d9f7067a56bb5897cfa48039a4a381c3c1cec89da3af9d95205580
collect_exp/logs/04_BRL_WASTE/logs/master/20260928_011126_gui/knowledge_graph.log,00_raw/waste/scene_02/pomdp/20260928_011126_gui/knowledge_graph.log,waste,2,pomdp,20260928_011126_gui,14219,9c147ece85c2f6e697e6811df0f61dcc1485f5af9d899c3d01758178410fcaf0
collect_exp/logs/04_BRL_WASTE/logs/master/20260928_011126_gui/planner.log,00_raw/waste/scene_02/pomdp/20260928_011126_gui/planner.log,waste,2,pomdp,20260928_011126_gui,12034,7e2d26a0911326f9426062267105293fd4f267f1c6ca9b8fa5bca3b967ea13f1
collect_exp/logs/04_BRL_WASTE/logs/master/20260928_011126_gui/pomdp_experiments/exp_wastesorting_20260928_011524_033237.txt,00_raw/waste/scene_02/pomdp/20260928_011126_gui/pomdp_experiments/exp_wastesorting_20260928_011524_033237.txt,waste,2,pomdp,20260928_011126_gui,6493,84622bd42fde6919ebb79e985a3a10dee2c0c28cf6f22b37203336951aa72591
collect_exp/logs/04_BRL_WASTE/logs/master/20260928_011126_gui/recordings/pomdp_planner_scene2_20260928_011151_802399/recording.json,00_raw/waste/scene_02/pomdp/20260928_011126_gui/recordings/pomdp_planner_scene2_20260928_011151_802399/recording.json,waste,2,pomdp,20260928_011126_gui,642,56b05bca7626220abbcb15ad2e916d8a719ff947940b3cc92df387b3f0718892
collect_exp/logs/04_BRL_WASTE/logs/master/20260928_011527_gui/brl_sensor.log,00_raw/waste/scene_02/pomdp/20260928_011527_gui/brl_sensor.log,waste,2,pomdp,20260928_011527_gui,4756,35d800f0beb7bb672566b2f32a53e8183f6e0fcf3b706279a8fe98e40fbd670c
collect_exp/logs/04_BRL_WASTE/logs/master/20260928_011527_gui/brl_server.log,00_raw/waste/scene_02/pomdp/20260928_011527_gui/brl_server.log,waste,2,pomdp,20260928_011527_gui,4009,76252331d777a4053a450255b64ed0ff797d248281ddeca881885bc7eb3f292d
collect_exp/logs/04_BRL_WASTE/logs/master/20260928_011527_gui/environment_setup.log,00_raw/waste/scene_02/pomdp/20260928_011527_gui/environment_setup.log,waste,2,pomdp,20260928_011527_gui,1901,a77a91ffde6dd4c8f6ebda9169cdb8534db665f4067ff191a2b26a3e4d4e3c40
collect_exp/logs/04_BRL_WASTE/logs/master/20260928_011527_gui/feedback_manager.log,00_raw/waste/scene_02/pomdp/20260928_011527_gui/feedback_manager.log,waste,2,pomdp,20260928_011527_gui,9497,cf80b4a6a0e33d0cdcf9b0562b6f9a14eb0fcb016885c5b21349215e1eafb7cf
collect_exp/logs/04_BRL_WASTE/logs/master/20260928_011527_gui/frontend.log,00_raw/waste/scene_02/pomdp/20260928_011527_gui/frontend.log,waste,2,pomdp,20260928_011527_gui,1984,5db1768aa4336ca67b1a3efc9d6b0efd8ef468dc66fdebfa143a6d5025e73b76
collect_exp/logs/04_BRL_WASTE/logs/master/20260928_011527_gui/knowledge_graph.log,00_raw/waste/scene_02/pomdp/20260928_011527_gui/knowledge_graph.log,waste,2,pomdp,20260928_011527_gui,14149,183e2789cdc7df0363d59f499f026af108a21550ae676f1724aaac83ce69df37
collect_exp/logs/04_BRL_WASTE/logs/master/20260928_011527_gui/planner.log,00_raw/waste/scene_02/pomdp/20260928_011527_gui/planner.log,waste,2,pomdp,20260928_011527_gui,11462,7af8d54460adea99133c68ee05c265c88ba296ad3de511978e9d4309be7e2d3f
collect_exp/logs/04_BRL_WASTE/logs/master/20260928_011527_gui/pomdp_experiments/exp_wastesorting_20260928_011912_433962.txt,00_raw/waste/scene_02/pomdp/20260928_011527_gui/pomdp_experiments/exp_wastesorting_20260928_011912_433962.txt,waste,2,pomdp,20260928_011527_gui,6192,11f4a93004b622a67124112bef52a58a16a61d6ceb8ba85e7654f05acd2a46fd
collect_exp/logs/04_BRL_WASTE/logs/master/20260928_011527_gui/recordings/pomdp_planner_scene2_20260928_011559_951072/recording.json,00_raw/waste/scene_02/pomdp/20260928_011527_gui/recordings/pomdp_planner_scene2_20260928_011559_951072/recording.json,waste,2,pomdp,20260928_011527_gui,656,3427a97c049d181a55994f06b7b452af8d9084e5913abb9392c23027a2649e2b
collect_exp/logs/04_BRL_WASTE/logs/master/20260928_011926_gui/brl_sensor.log,00_raw/waste/scene_02/pomdp/20260928_011926_gui/brl_sensor.log,waste,2,pomdp,20260928_011926_gui,4756,92cbd1ec4fcf493dbea54f829a961fa1c84908ec6876bcf07f36fbcd5be7c7f5
collect_exp/logs/04_BRL_WASTE/logs/master/20260928_011926_gui/brl_server.log,00_raw/waste/scene_02/pomdp/20260928_011926_gui/brl_server.log,waste,2,pomdp,20260928_011926_gui,3819,198a31bbfb28d1db13308debcd58e858473951ef58d3294da1b0aaac07a91cd9
collect_exp/logs/04_BRL_WASTE/logs/master/20260928_011926_gui/environment_setup.log,00_raw/waste/scene_02/pomdp/20260928_011926_gui/environment_setup.log,waste,2,pomdp,20260928_011926_gui,1901,20a30936c0bc5c94722f4a7ea98273ab61f540bb67a097c64981509bc75239c8
collect_exp/logs/04_BRL_WASTE/logs/master/20260928_011926_gui/feedback_manager.log,00_raw/waste/scene_02/pomdp/20260928_011926_gui/feedback_manager.log,waste,2,pomdp,20260928_011926_gui,9566,d8535fa0dc732c0be0102f316b57abac923d7b0b996e8ad63ea4f907911c9c63
collect_exp/logs/04_BRL_WASTE/logs/master/20260928_011926_gui/frontend.log,00_raw/waste/scene_02/pomdp/20260928_011926_gui/frontend.log,waste,2,pomdp,20260928_011926_gui,1984,04538febb36f743202875a699fd3a5c0771e976d55d2ac171e8349eecbb43ead
collect_exp/logs/04_BRL_WASTE/logs/master/20260928_011926_gui/knowledge_graph.log,00_raw/waste/scene_02/pomdp/20260928_011926_gui/knowledge_graph.log,waste,2,pomdp,20260928_011926_gui,13721,1d894da3ac7b23dbf198b33d00f295071c0500451cc75c43324b15f64261daa2
collect_exp/logs/04_BRL_WASTE/logs/master/20260928_011926_gui/planner.log,00_raw/waste/scene_02/pomdp/20260928_011926_gui/planner.log,waste,2,pomdp,20260928_011926_gui,11447,61b152414a793d25fe701bfbd5a77048adbbad49029190f1a2231c57c228b9f1
collect_exp/logs/04_BRL_WASTE/logs/master/20260928_011926_gui/pomdp_experiments/exp_wastesorting_20260928_012303_130437.txt,00_raw/waste/scene_02/pomdp/20260928_011926_gui/pomdp_experiments/exp_wastesorting_20260928_012303_130437.txt,waste,2,pomdp,20260928_011926_gui,6192,74a0cab953c62c77888672ef239f5d9dd21a81ae873bc687b78028175ea37d9e
collect_exp/logs/04_BRL_WASTE/logs/master/20260928_011926_gui/recordings/pomdp_planner_scene2_20260928_011948_782144/recording.json,00_raw/waste/scene_02/pomdp/20260928_011926_gui/recordings/pomdp_planner_scene2_20260928_011948_782144/recording.json,waste,2,pomdp,20260928_011926_gui,656,c3f15ed5d3ce9b7cd90604fa70a6861ef06c98b3dee6c23b440e6aabcbdf700c
collect_exp/logs/04_BRL_WASTE/logs/master/20260928_012312_gui/brl_sensor.log,00_raw/waste/scene_02/pomdp/20260928_012312_gui/brl_sensor.log,waste,2,pomdp,20260928_012312_gui,4756,128820afa03100b28c182d877692498765c1a14a860371d372c353e4a5402c50
collect_exp/logs/04_BRL_WASTE/logs/master/20260928_012312_gui/brl_server.log,00_raw/waste/scene_02/pomdp/20260928_012312_gui/brl_server.log,waste,2,pomdp,20260928_012312_gui,4176,b523c4b33bc29b207c389b440195dbe7cdc96d1b43a28ab7eaf72fc2a17817de
collect_exp/logs/04_BRL_WASTE/logs/master/20260928_012312_gui/environment_setup.log,00_raw/waste/scene_02/pomdp/20260928_012312_gui/environment_setup.log,waste,2,pomdp,20260928_012312_gui,1901,128255de18e127d61b522530038d827c60aace8f3f6c9a2526875dba9c2be289
collect_exp/logs/04_BRL_WASTE/logs/master/20260928_012312_gui/feedback_manager.log,00_raw/waste/scene_02/pomdp/20260928_012312_gui/feedback_manager.log,waste,2,pomdp,20260928_012312_gui,14950,4edb24d22ab26eaa1f3fa86a5fb4611b900e464e8aea1dcf25e7135623928e6d
collect_exp/logs/04_BRL_WASTE/logs/master/20260928_012312_gui/frontend.log,00_raw/waste/scene_02/pomdp/20260928_012312_gui/frontend.log,waste,2,pomdp,20260928_012312_gui,1985,3fb05e4fa7e93d4f69fb8ac571557a6cb63e84a1b859a3222ccb03613a6bddb4
collect_exp/logs/04_BRL_WASTE/logs/master/20260928_012312_gui/knowledge_graph.log,00_raw/waste/scene_02/pomdp/20260928_012312_gui/knowledge_graph.log,waste,2,pomdp,20260928_012312_gui,15077,41c9fab4bb7e18c812b01c888effa3ff66507edda6b53271e2e31479ad57ed67
collect_exp/logs/04_BRL_WASTE/logs/master/20260928_012312_gui/planner.log,00_raw/waste/scene_02/pomdp/20260928_012312_gui/planner.log,waste,2,pomdp,20260928_012312_gui,12051,5bc6178c4c75133d045ca4fc3dacbdcc67f273fe38ae1dcd3f5130097b6ae1c8
collect_exp/logs/04_BRL_WASTE/logs/master/20260928_012312_gui/pomdp_experiments/exp_wastesorting_20260928_012710_529602.txt,00_raw/waste/scene_02/pomdp/20260928_012312_gui/pomdp_experiments/exp_wastesorting_20260928_012710_529602.txt,waste,2,pomdp,20260928_012312_gui,6494,c96cda65c5fd5798a6d876891b08158855da198d5a3e81b05c4d3458667de827
collect_exp/logs/04_BRL_WASTE/logs/master/20260928_012312_gui/recordings/pomdp_planner_scene2_20260928_012343_291026/recording.json,00_raw/waste/scene_02/pomdp/20260928_012312_gui/recordings/pomdp_planner_scene2_20260928_012343_291026/recording.json,waste,2,pomdp,20260928_012312_gui,644,8d9b6d514b85ba9b862957f3695d7de139f1441835a34079a708efe33994e3d8
collect_exp/logs/04_BRL_WASTE/logs/master/20260928_012733_gui/brl_sensor.log,00_raw/waste/scene_02/pomdp/20260928_012733_gui/brl_sensor.log,waste,2,pomdp,20260928_012733_gui,4756,c02ef3a15d2fc4e909b1b949eee078554b2e3b725ac9b8ebb7ff3bf3e34e3ea7
collect_exp/logs/04_BRL_WASTE/logs/master/20260928_012733_gui/brl_server.log,00_raw/waste/scene_02/pomdp/20260928_012733_gui/brl_server.log,waste,2,pomdp,20260928_012733_gui,4176,9dd6002889e77ef7f31053e7628b6515ca8fb10cfec07eff09a7f626dada1b61
collect_exp/logs/04_BRL_WASTE/logs/master/20260928_012733_gui/environment_setup.log,00_raw/waste/scene_02/pomdp/20260928_012733_gui/environment_setup.log,waste,2,pomdp,20260928_012733_gui,1901,7b1ab0126f12b2a9c5c430d92063a7dd545adc327c07e16e4c4246dcc4be195a
collect_exp/logs/04_BRL_WASTE/logs/master/20260928_012733_gui/feedback_manager.log,00_raw/waste/scene_02/pomdp/20260928_012733_gui/feedback_manager.log,waste,2,pomdp,20260928_012733_gui,14920,089df675a6ffa0fa0bf28732cebe1c1ec2fb5bb20925c228108dd6b2e4eff130
collect_exp/logs/04_BRL_WASTE/logs/master/20260928_012733_gui/frontend.log,00_raw/waste/scene_02/pomdp/20260928_012733_gui/frontend.log,waste,2,pomdp,20260928_012733_gui,1985,7d572d6b1a3078693d5a9bb4b6a299fa801f884a4e1b3f3402308c4dd21ab33a
collect_exp/logs/04_BRL_WASTE/logs/master/20260928_012733_gui/knowledge_graph.log,00_raw/waste/scene_02/pomdp/20260928_012733_gui/knowledge_graph.log,waste,2,pomdp,20260928_012733_gui,14422,527728c1080e54a39490591f3e3518164def5e405c9eed40dfeaee046a2df147
collect_exp/logs/04_BRL_WASTE/logs/master/20260928_012733_gui/planner.log,00_raw/waste/scene_02/pomdp/20260928_012733_gui/planner.log,waste,2,pomdp,20260928_012733_gui,12046,4b89a88d88897f35fa1ed70e229a9092f5d52841300b98a1ad0e7495257c4593
collect_exp/logs/04_BRL_WASTE/logs/master/20260928_012733_gui/pomdp_experiments/exp_wastesorting_20260928_013116_712907.txt,00_raw/waste/scene_02/pomdp/20260928_012733_gui/pomdp_experiments/exp_wastesorting_20260928_013116_712907.txt,waste,2,pomdp,20260928_012733_gui,6494,8870eb50df73a12855a21af7e5900b9de3d4a07a0f1e1a2b864e5fb1177aed99
collect_exp/logs/04_BRL_WASTE/logs/master/20260928_012733_gui/recordings/pomdp_planner_scene2_20260928_012751_923569/recording.json,00_raw/waste/scene_02/pomdp/20260928_012733_gui/recordings/pomdp_planner_scene2_20260928_012751_923569/recording.json,waste,2,pomdp,20260928_012733_gui,657,465741a11898912bf36b8627f43dfb48fe83cf9596c1c9aa3f18545a44511737
collect_exp/logs/04_BRL_WASTE/logs/master/20260928_013137_gui/brl_sensor.log,00_raw/waste/scene_02/pomdp/20260928_013137_gui/brl_sensor.log,waste,2,pomdp,20260928_013137_gui,4756,c0c9112edf25d6688f4a9d2c0f8ddc622af85efc2e2de55d112f9a21dcfbf870
collect_exp/logs/04_BRL_WASTE/logs/master/20260928_013137_gui/brl_server.log,00_raw/waste/scene_02/pomdp/20260928_013137_gui/brl_server.log,waste,2,pomdp,20260928_013137_gui,4119,e2bbd14e7ca473a50b38de73ff8d8eb4b0ecd53e6d570406cdc03f980d864c38
collect_exp/logs/04_BRL_WASTE/logs/master/20260928_013137_gui/environment_setup.log,00_raw/waste/scene_02/pomdp/20260928_013137_gui/environment_setup.log,waste,2,pomdp,20260928_013137_gui,1901,c690f887e5f69acfe8419b105ecf9cc81016fe33414b82f0e936b6477bb38eae
collect_exp/logs/04_BRL_WASTE/logs/master/20260928_013137_gui/feedback_manager.log,00_raw/waste/scene_02/pomdp/20260928_013137_gui/feedback_manager.log,waste,2,pomdp,20260928_013137_gui,9534,85ae431b6e513151fd6a4ed7ad029b76f09661820f8a09e3d9082249ea2a04e5
collect_exp/logs/04_BRL_WASTE/logs/master/20260928_013137_gui/frontend.log,00_raw/waste/scene_02/pomdp/20260928_013137_gui/frontend.log,waste,2,pomdp,20260928_013137_gui,1984,92fc5f8a1e1b49c2e70b3c7083e68a17b318489290cf08206950c53d2c8c3de2
collect_exp/logs/04_BRL_WASTE/logs/master/20260928_013137_gui/knowledge_graph.log,00_raw/waste/scene_02/pomdp/20260928_013137_gui/knowledge_graph.log,waste,2,pomdp,20260928_013137_gui,14320,9c79f7485221e4224278baacd949c2353829f81c471cc55c2573dd283cfb6ceb
collect_exp/logs/04_BRL_WASTE/logs/master/20260928_013137_gui/planner.log,00_raw/waste/scene_02/pomdp/20260928_013137_gui/planner.log,waste,2,pomdp,20260928_013137_gui,11449,a6320e157e66b4075033a042f0b33867816549e46cace56af8540aceac4c370d
collect_exp/logs/04_BRL_WASTE/logs/master/20260928_013137_gui/pomdp_experiments/exp_wastesorting_20260928_013533_574558.txt,00_raw/waste/scene_02/pomdp/20260928_013137_gui/pomdp_experiments/exp_wastesorting_20260928_013533_574558.txt,waste,2,pomdp,20260928_013137_gui,6192,ac9ff54237a1d528827d13a84f2b151c96769344014911d08ba1e130f413beb9
collect_exp/logs/04_BRL_WASTE/logs/master/20260928_013137_gui/recordings/pomdp_planner_scene2_20260928_013220_487618/recording.json,00_raw/waste/scene_02/pomdp/20260928_013137_gui/recordings/pomdp_planner_scene2_20260928_013220_487618/recording.json,waste,2,pomdp,20260928_013137_gui,656,263b306f017e6b4edde1de02fa87b75246be01f18645584d0c0f047aa5d76557
collect_exp/logs/04_BRL_WASTE/logs/master/20260928_013541_gui/brl_sensor.log,00_raw/waste/scene_02/pomdp/20260928_013541_gui/brl_sensor.log,waste,2,pomdp,20260928_013541_gui,4756,3990d95a9a405262ff357717c124899e78efe99c52597fb47f001771514b5863
collect_exp/logs/04_BRL_WASTE/logs/master/20260928_013541_gui/brl_server.log,00_raw/waste/scene_02/pomdp/20260928_013541_gui/brl_server.log,waste,2,pomdp,20260928_013541_gui,4009,5af034ce7c84c44d3083447c608d65da3947a62fddabd778129b15e19e64453f
collect_exp/logs/04_BRL_WASTE/logs/master/20260928_013541_gui/environment_setup.log,00_raw/waste/scene_02/pomdp/20260928_013541_gui/environment_setup.log,waste,2,pomdp,20260928_013541_gui,1901,e0628ff3886f92011d7b5245e1311a7c0465757173e5c1520cf9e903919df45e
collect_exp/logs/04_BRL_WASTE/logs/master/20260928_013541_gui/feedback_manager.log,00_raw/waste/scene_02/pomdp/20260928_013541_gui/feedback_manager.log,waste,2,pomdp,20260928_013541_gui,9571,d70a9fecf5351c0bd355701425ff7c5c189ef83fd2e02ccc57362618a4609f54
collect_exp/logs/04_BRL_WASTE/logs/master/20260928_013541_gui/frontend.log,00_raw/waste/scene_02/pomdp/20260928_013541_gui/frontend.log,waste,2,pomdp,20260928_013541_gui,1985,1bb0668b442e815b2cfe1e53995b54f983890d13201a38adf27b1d80d72f3935
collect_exp/logs/04_BRL_WASTE/logs/master/20260928_013541_gui/knowledge_graph.log,00_raw/waste/scene_02/pomdp/20260928_013541_gui/knowledge_graph.log,waste,2,pomdp,20260928_013541_gui,13661,7dfa5b083e8653af3ef1059438e6c2bd175c7bacfaa6e15d9f9fd1190dfcd107
collect_exp/logs/04_BRL_WASTE/logs/master/20260928_013541_gui/planner.log,00_raw/waste/scene_02/pomdp/20260928_013541_gui/planner.log,waste,2,pomdp,20260928_013541_gui,11447,39ea65d295b59eff10e35d116b332a8bc0f52f0c2a3e0d7d4f387ec70197844e
collect_exp/logs/04_BRL_WASTE/logs/master/20260928_013541_gui/pomdp_experiments/exp_wastesorting_20260928_013928_548934.txt,00_raw/waste/scene_02/pomdp/20260928_013541_gui/pomdp_experiments/exp_wastesorting_20260928_013928_548934.txt,waste,2,pomdp,20260928_013541_gui,6192,c220df93ed3bbcaf02c499426199464770e4b2bfa83cafcdc48ca812a1a9667c
collect_exp/logs/04_BRL_WASTE/logs/master/20260928_013541_gui/recordings/pomdp_planner_scene2_20260928_013614_114464/recording.json,00_raw/waste/scene_02/pomdp/20260928_013541_gui/recordings/pomdp_planner_scene2_20260928_013614_114464/recording.json,waste,2,pomdp,20260928_013541_gui,643,7fc550c3d56ebf083e1924e8721f6a267275e48d9240708931f6a496db2ff575
collect_exp/logs/04_BRL_WASTE/logs/master/20260928_013931_gui/brl_sensor.log,00_raw/waste/scene_02/pomdp/20260928_013931_gui/brl_sensor.log,waste,2,pomdp,20260928_013931_gui,4756,9274450967a8fb8268e63006489024905a85a0e687955ef6f9d911dbbce74298
collect_exp/logs/04_BRL_WASTE/logs/master/20260928_013931_gui/brl_server.log,00_raw/waste/scene_02/pomdp/20260928_013931_gui/brl_server.log,waste,2,pomdp,20260928_013931_gui,3819,96cbc0cc7166ac31b2e9db9e59dd8c6fc63b0c45acb1683cb0da3bddb47c1aec
collect_exp/logs/04_BRL_WASTE/logs/master/20260928_013931_gui/environment_setup.log,00_raw/waste/scene_02/pomdp/20260928_013931_gui/environment_setup.log,waste,2,pomdp,20260928_013931_gui,1901,00ed334f07ee02f74ae73f2d6a0453cf39655e2ea89120bc5fcc5d57d16bcc00
collect_exp/logs/04_BRL_WASTE/logs/master/20260928_013931_gui/feedback_manager.log,00_raw/waste/scene_02/pomdp/20260928_013931_gui/feedback_manager.log,waste,2,pomdp,20260928_013931_gui,9491,c4e598fb9748c91d8b0eefe4c45ec7fb2b3116ac957dc3d51a42c4ca8d247339
collect_exp/logs/04_BRL_WASTE/logs/master/20260928_013931_gui/frontend.log,00_raw/waste/scene_02/pomdp/20260928_013931_gui/frontend.log,waste,2,pomdp,20260928_013931_gui,1984,215f37284c079c555a94c48f34255f454b3d13363a6311448773753d502da22e
collect_exp/logs/04_BRL_WASTE/logs/master/20260928_013931_gui/knowledge_graph.log,00_raw/waste/scene_02/pomdp/20260928_013931_gui/knowledge_graph.log,waste,2,pomdp,20260928_013931_gui,13677,6e1b66995ae7a3aceec31120d7219dc50aeb47291ed609f62d4b714675a5a8c1
collect_exp/logs/04_BRL_WASTE/logs/master/20260928_013931_gui/planner.log,00_raw/waste/scene_02/pomdp/20260928_013931_gui/planner.log,waste,2,pomdp,20260928_013931_gui,11423,bd74a1b5cb288be7272674d39832a9efd835c63ae5319015aaca058172c82ca7
collect_exp/logs/04_BRL_WASTE/logs/master/20260928_013931_gui/pomdp_experiments/exp_wastesorting_20260928_014317_020670.txt,00_raw/waste/scene_02/pomdp/20260928_013931_gui/pomdp_experiments/exp_wastesorting_20260928_014317_020670.txt,waste,2,pomdp,20260928_013931_gui,6192,42a55d209d62f30b84bdce677d4e88b6ff854de9c755977f358ba92d49bae95a
collect_exp/logs/04_BRL_WASTE/logs/master/20260928_013931_gui/recordings/pomdp_planner_scene2_20260928_014004_116416/recording.json,00_raw/waste/scene_02/pomdp/20260928_013931_gui/recordings/pomdp_planner_scene2_20260928_014004_116416/recording.json,waste,2,pomdp,20260928_013931_gui,657,8a96509aa6f4d4528821018c8214b870e69b89b1850f3ed76159ab93c30f7839
collect_exp/logs/04_BRL_WASTE/logs/master/20260930_075705_gui_pomdp_scene3/brl_sensor.log,00_raw/waste/scene_03/pomdp/20260930_075705_gui_pomdp_scene3/brl_sensor.log,waste,3,pomdp,20260930_075705_gui_pomdp_scene3,4743,c76f0cad1542559847e42c40ca2a04183e28a9676d6f90b62496fe4fdd418663
collect_exp/logs/04_BRL_WASTE/logs/master/20260930_075705_gui_pomdp_scene3/brl_server.log,00_raw/waste/scene_03/pomdp/20260930_075705_gui_pomdp_scene3/brl_server.log,waste,3,pomdp,20260930_075705_gui_pomdp_scene3,3903,81770e04d6a5418fb73e81ced420551e94cb9a19ae7fbb705ee2e92971a7718d
collect_exp/logs/04_BRL_WASTE/logs/master/20260930_075705_gui_pomdp_scene3/environment_setup.log,00_raw/waste/scene_03/pomdp/20260930_075705_gui_pomdp_scene3/environment_setup.log,waste,3,pomdp,20260930_075705_gui_pomdp_scene3,1901,d9dec54fccaedc3123a9404e1ba7434d0d65784bc7c8407956f1e6a4f6ef8579
collect_exp/logs/04_BRL_WASTE/logs/master/20260930_075705_gui_pomdp_scene3/feedback_manager.log,00_raw/waste/scene_03/pomdp/20260930_075705_gui_pomdp_scene3/feedback_manager.log,waste,3,pomdp,20260930_075705_gui_pomdp_scene3,14917,f8386a6371cf21e06248317cb3db39f054726e2e4f0d46be2f86cc307445fd8a
collect_exp/logs/04_BRL_WASTE/logs/master/20260930_075705_gui_pomdp_scene3/frontend.log,00_raw/waste/scene_03/pomdp/20260930_075705_gui_pomdp_scene3/frontend.log,waste,3,pomdp,20260930_075705_gui_pomdp_scene3,1985,5c5461492c2fd54aa564428a2b0ce8d19403b0bc60dbb1d9b6af490b23222b8f
collect_exp/logs/04_BRL_WASTE/logs/master/20260930_075705_gui_pomdp_scene3/knowledge_graph.log,00_raw/waste/scene_03/pomdp/20260930_075705_gui_pomdp_scene3/knowledge_graph.log,waste,3,pomdp,20260930_075705_gui_pomdp_scene3,14899,6b4f28263d27ac5c0a942d3476979ecec44063fbbb9f3fd2c6601923a2de9b3f
collect_exp/logs/04_BRL_WASTE/logs/master/20260930_075705_gui_pomdp_scene3/planner.log,00_raw/waste/scene_03/pomdp/20260930_075705_gui_pomdp_scene3/planner.log,waste,3,pomdp,20260930_075705_gui_pomdp_scene3,11533,c5a79780c3c710e4ade88f38aa5cc2660afcbbc3601466cdae187df7d5906460
collect_exp/logs/04_BRL_WASTE/logs/master/20260930_075705_gui_pomdp_scene3/pomdp_experiments/exp_wastesorting_20260930_080058_509004.txt,00_raw/waste/scene_03/pomdp/20260930_075705_gui_pomdp_scene3/pomdp_experiments/exp_wastesorting_20260930_080058_509004.txt,waste,3,pomdp,20260930_075705_gui_pomdp_scene3,6278,18288181f1f12fb6c2cf2ccc8368e12eec5a59ebf7ab9a7f400d6d7668c897ad
collect_exp/logs/04_BRL_WASTE/logs/master/20260930_075705_gui_pomdp_scene3/recordings/pomdp_planner_scene3_20260930_075758_854938/recording.json,00_raw/waste/scene_03/pomdp/20260930_075705_gui_pomdp_scene3/recordings/pomdp_planner_scene3_20260930_075758_854938/recording.json,waste,3,pomdp,20260930_075705_gui_pomdp_scene3,644,139e81dd9ac3191e8b59e4c3e54d7475790f8c89f0ca8267930f91f47e14ab37
collect_exp/logs/04_BRL_WASTE/logs/master/20260930_080126_gui/brl_sensor.log,00_raw/waste/scene_03/pomdp/20260930_080126_gui/brl_sensor.log,waste,3,pomdp,20260930_080126_gui,4756,c4ecd26069bf845ff1c41a548c39dc2db9c9a73094e076a1c860ad72fc519690
collect_exp/logs/04_BRL_WASTE/logs/master/20260930_080126_gui/brl_server.log,00_raw/waste/scene_03/pomdp/20260930_080126_gui/brl_server.log,waste,3,pomdp,20260930_080126_gui,3903,2796b66d95879bfcc83417152b22e68221da840bdbf408d2701b1d0b413e6b4c
collect_exp/logs/04_BRL_WASTE/logs/master/20260930_080126_gui/environment_setup.log,00_raw/waste/scene_03/pomdp/20260930_080126_gui/environment_setup.log,waste,3,pomdp,20260930_080126_gui,1901,fbd37a781cbc0436e9dbcf7fca1e00437a6fe1dd90495a21797d9fb019f730ac
collect_exp/logs/04_BRL_WASTE/logs/master/20260930_080126_gui/feedback_manager.log,00_raw/waste/scene_03/pomdp/20260930_080126_gui/feedback_manager.log,waste,3,pomdp,20260930_080126_gui,14949,838f233e1e3b3765350e9503d82ac722e424ed36dda52c1f35ace2ff7ef5c0e1
collect_exp/logs/04_BRL_WASTE/logs/master/20260930_080126_gui/frontend.log,00_raw/waste/scene_03/pomdp/20260930_080126_gui/frontend.log,waste,3,pomdp,20260930_080126_gui,1985,afaa2e0f4614efd65b4f4de588c3c2b0aec89ec5d5a59feb9adac195378913e9
collect_exp/logs/04_BRL_WASTE/logs/master/20260930_080126_gui/knowledge_graph.log,00_raw/waste/scene_03/pomdp/20260930_080126_gui/knowledge_graph.log,waste,3,pomdp,20260930_080126_gui,13888,63c93dba140ead36b780509864655f85f378a8ca91fd8d6940f97cfc826c64b0
collect_exp/logs/04_BRL_WASTE/logs/master/20260930_080126_gui/planner.log,00_raw/waste/scene_03/pomdp/20260930_080126_gui/planner.log,waste,3,pomdp,20260930_080126_gui,11531,b01d74fd0877aa08822bfb8fb2745cdaff21d82dcde06108c4d6235cf43db220
collect_exp/logs/04_BRL_WASTE/logs/master/20260930_080126_gui/pomdp_experiments/exp_wastesorting_20260930_080444_321872.txt,00_raw/waste/scene_03/pomdp/20260930_080126_gui/pomdp_experiments/exp_wastesorting_20260930_080444_321872.txt,waste,3,pomdp,20260930_080126_gui,6276,82d91b034715f1a1ddd55df8bb8e29cff90caf3687927cac559f7d144e7c4ad6
collect_exp/logs/04_BRL_WASTE/logs/master/20260930_080126_gui/recordings/pomdp_planner_scene3_20260930_080147_948964/recording.json,00_raw/waste/scene_03/pomdp/20260930_080126_gui/recordings/pomdp_planner_scene3_20260930_080147_948964/recording.json,waste,3,pomdp,20260930_080126_gui,657,b390b3c9fd4283bda62c251025245cb444248f57320be3a16f73d80b79b5d850
collect_exp/logs/04_BRL_WASTE/logs/master/20260930_080521_gui/brl_sensor.log,00_raw/waste/scene_03/pomdp/20260930_080521_gui/brl_sensor.log,waste,3,pomdp,20260930_080521_gui,4756,986dc78803c7ecf6ba9f3f284aeb23751af584900e60d485b678b4717ef1ea53
collect_exp/logs/04_BRL_WASTE/logs/master/20260930_080521_gui/brl_server.log,00_raw/waste/scene_03/pomdp/20260930_080521_gui/brl_server.log,waste,3,pomdp,20260930_080521_gui,3903,699dfacdb8db02462d19c53f1e0f0698ffcabe392a26353c7d64fc2a86c67b1b
collect_exp/logs/04_BRL_WASTE/logs/master/20260930_080521_gui/environment_setup.log,00_raw/waste/scene_03/pomdp/20260930_080521_gui/environment_setup.log,waste,3,pomdp,20260930_080521_gui,1901,876913aac4736fbc5573961fae06dcc230f8855ae3dde60f0acc444483279f93
collect_exp/logs/04_BRL_WASTE/logs/master/20260930_080521_gui/feedback_manager.log,00_raw/waste/scene_03/pomdp/20260930_080521_gui/feedback_manager.log,waste,3,pomdp,20260930_080521_gui,14912,6f53f366640c5b70da4a260886bc2efbd774673d65ac34019211575a23085e8b
collect_exp/logs/04_BRL_WASTE/logs/master/20260930_080521_gui/frontend.log,00_raw/waste/scene_03/pomdp/20260930_080521_gui/frontend.log,waste,3,pomdp,20260930_080521_gui,1985,fd054337601c5e600241b4627518a4e7c2dbc79512878331ec6ec1a7edfdefea
collect_exp/logs/04_BRL_WASTE/logs/master/20260930_080521_gui/knowledge_graph.log,00_raw/waste/scene_03/pomdp/20260930_080521_gui/knowledge_graph.log,waste,3,pomdp,20260930_080521_gui,14310,a3fbacc076af47c719b824a2a097e9eb60968b9bbb2239c38fbfd70800e21d2e
collect_exp/logs/04_BRL_WASTE/logs/master/20260930_080521_gui/planner.log,00_raw/waste/scene_03/pomdp/20260930_080521_gui/planner.log,waste,3,pomdp,20260930_080521_gui,11533,5d8927f7bdf860a9032c8ddf90b5d5d8d223fbf2e3b854de722b4b89083ef9c9
collect_exp/logs/04_BRL_WASTE/logs/master/20260930_080521_gui/pomdp_experiments/exp_wastesorting_20260930_080847_932892.txt,00_raw/waste/scene_03/pomdp/20260930_080521_gui/pomdp_experiments/exp_wastesorting_20260930_080847_932892.txt,waste,3,pomdp,20260930_080521_gui,6274,f9b13356e850e85521fe5e1295f6d5c2c552ab89cb8ab242340904b83dcfe468
collect_exp/logs/04_BRL_WASTE/logs/master/20260930_080521_gui/recordings/pomdp_planner_scene3_20260930_080551_468999/recording.json,00_raw/waste/scene_03/pomdp/20260930_080521_gui/recordings/pomdp_planner_scene3_20260930_080551_468999/recording.json,waste,3,pomdp,20260930_080521_gui,644,287557ecc469cc57661e29270a8e9413adcd647f6daadc5c0a44678a548df866
collect_exp/logs/04_BRL_WASTE/logs/master/20260930_081029_gui/brl_sensor.log,00_raw/waste/scene_03/pomdp/20260930_081029_gui/brl_sensor.log,waste,3,pomdp,20260930_081029_gui,4756,32ec572b0146b6ddbbd696471f4f4e6bcf16f00e7290bac1d2d281dc6f0ffc39
collect_exp/logs/04_BRL_WASTE/logs/master/20260930_081029_gui/brl_server.log,00_raw/waste/scene_03/pomdp/20260930_081029_gui/brl_server.log,waste,3,pomdp,20260930_081029_gui,3903,a735f35b6d13b61cba3a75c8d1813ffe2a664baeabf607b3718e6fa52af7a088
collect_exp/logs/04_BRL_WASTE/logs/master/20260930_081029_gui/environment_setup.log,00_raw/waste/scene_03/pomdp/20260930_081029_gui/environment_setup.log,waste,3,pomdp,20260930_081029_gui,1901,dc00059e3fe14766e036863ec10a4c4ac1229799a905792e23a254eb6c05f4fa
collect_exp/logs/04_BRL_WASTE/logs/master/20260930_081029_gui/feedback_manager.log,00_raw/waste/scene_03/pomdp/20260930_081029_gui/feedback_manager.log,waste,3,pomdp,20260930_081029_gui,14925,4e21302889864da76a9dbaa40d6fe07c06fc5afe70a3d29508955fe8add88197
collect_exp/logs/04_BRL_WASTE/logs/master/20260930_081029_gui/frontend.log,00_raw/waste/scene_03/pomdp/20260930_081029_gui/frontend.log,waste,3,pomdp,20260930_081029_gui,1985,774e15f2dfc70c3fb1d35aa58a7d607d718591203f26d89d1733d0d2adf331ed
collect_exp/logs/04_BRL_WASTE/logs/master/20260930_081029_gui/knowledge_graph.log,00_raw/waste/scene_03/pomdp/20260930_081029_gui/knowledge_graph.log,waste,3,pomdp,20260930_081029_gui,13434,8769d04717971e8f94dc9eafc53f930de18a2efb2505ab07c150b9322c6108c5
collect_exp/logs/04_BRL_WASTE/logs/master/20260930_081029_gui/planner.log,00_raw/waste/scene_03/pomdp/20260930_081029_gui/planner.log,waste,3,pomdp,20260930_081029_gui,11518,708ee11af670c811fdcbcd28480e6e828a7753da3786ce7fd6325f705e064b69
collect_exp/logs/04_BRL_WASTE/logs/master/20260930_081029_gui/pomdp_experiments/exp_wastesorting_20260930_081344_737391.txt,00_raw/waste/scene_03/pomdp/20260930_081029_gui/pomdp_experiments/exp_wastesorting_20260930_081344_737391.txt,waste,3,pomdp,20260930_081029_gui,6276,418b2a34009b01d9c641612230feb977e69db3e25399b9255f0369cecaaa2659
collect_exp/logs/04_BRL_WASTE/logs/master/20260930_081029_gui/recordings/pomdp_planner_scene3_20260930_081048_661608/recording.json,00_raw/waste/scene_03/pomdp/20260930_081029_gui/recordings/pomdp_planner_scene3_20260930_081048_661608/recording.json,waste,3,pomdp,20260930_081029_gui,655,2227b8c07ddd531193c1bbc572403fb109d7ff4fef146c1d05756ed0244a680a
collect_exp/logs/04_BRL_WASTE/logs/master/20260930_081411_gui/brl_sensor.log,00_raw/waste/scene_03/pomdp/20260930_081411_gui/brl_sensor.log,waste,3,pomdp,20260930_081411_gui,4756,926da87ab1c039afaa02416abeb402b73b319f3584edbacddc7ce76e2a3b03b5
collect_exp/logs/04_BRL_WASTE/logs/master/20260930_081411_gui/brl_server.log,00_raw/waste/scene_03/pomdp/20260930_081411_gui/brl_server.log,waste,3,pomdp,20260930_081411_gui,4024,e8e7f11329ea5de8192bf060118786ba283613912fde8bd126a8731242cd52bc
collect_exp/logs/04_BRL_WASTE/logs/master/20260930_081411_gui/environment_setup.log,00_raw/waste/scene_03/pomdp/20260930_081411_gui/environment_setup.log,waste,3,pomdp,20260930_081411_gui,1901,6a1a8e4dd2dd57f06e8ac204ceb62073dc5d713f401796bbadf9153ee8782a2d
collect_exp/logs/04_BRL_WASTE/logs/master/20260930_081411_gui/feedback_manager.log,00_raw/waste/scene_03/pomdp/20260930_081411_gui/feedback_manager.log,waste,3,pomdp,20260930_081411_gui,14964,6fdd77732771609337ebd281e86237bc8fc6b44464a80bc1078c6a56b9de462d
collect_exp/logs/04_BRL_WASTE/logs/master/20260930_081411_gui/frontend.log,00_raw/waste/scene_03/pomdp/20260930_081411_gui/frontend.log,waste,3,pomdp,20260930_081411_gui,1985,f787b05dc21aa07ddc733e7c739aad427d9707eda5e08229cee4d11450d51bdb
collect_exp/logs/04_BRL_WASTE/logs/master/20260930_081411_gui/knowledge_graph.log,00_raw/waste/scene_03/pomdp/20260930_081411_gui/knowledge_graph.log,waste,3,pomdp,20260930_081411_gui,13611,f40b8a5b8ee1fc049ec804cb1d200b848c7ff240352402bdb39f5cb466a1faab
collect_exp/logs/04_BRL_WASTE/logs/master/20260930_081411_gui/planner.log,00_raw/waste/scene_03/pomdp/20260930_081411_gui/planner.log,waste,3,pomdp,20260930_081411_gui,11537,38b1da80dfd4480a7afae1e45d4a97b0c3ab03ef168c0c0b4c621c99d66b9008
collect_exp/logs/04_BRL_WASTE/logs/master/20260930_081411_gui/pomdp_experiments/exp_wastesorting_20260930_081740_595258.txt,00_raw/waste/scene_03/pomdp/20260930_081411_gui/pomdp_experiments/exp_wastesorting_20260930_081740_595258.txt,waste,3,pomdp,20260930_081411_gui,6276,193f1c032e66d28b2b3f4f2c6b59d7d19fbd9213e7afc5396ea063dd5b2834db
collect_exp/logs/04_BRL_WASTE/logs/master/20260930_081411_gui/recordings/pomdp_planner_scene3_20260930_081444_150596/recording.json,00_raw/waste/scene_03/pomdp/20260930_081411_gui/recordings/pomdp_planner_scene3_20260930_081444_150596/recording.json,waste,3,pomdp,20260930_081411_gui,643,91b75c2a8b4d6eaf0aa7db0f553badcf1bdf385a4391e329be6f5784e7a57b00
collect_exp/logs/04_BRL_WASTE/logs/master/20260930_081800_gui/brl_sensor.log,00_raw/waste/scene_03/pomdp/20260930_081800_gui/brl_sensor.log,waste,3,pomdp,20260930_081800_gui,4756,5abfbc40583ae0d8c3506e5023d59acfeed4fbe28e906da0b23efe162fad5007
collect_exp/logs/04_BRL_WASTE/logs/master/20260930_081800_gui/brl_server.log,00_raw/waste/scene_03/pomdp/20260930_081800_gui/brl_server.log,waste,3,pomdp,20260930_081800_gui,3903,35d300d41f05607c103e1c1304e22d6b75014f34a65675c4d528823454e11d44
collect_exp/logs/04_BRL_WASTE/logs/master/20260930_081800_gui/environment_setup.log,00_raw/waste/scene_03/pomdp/20260930_081800_gui/environment_setup.log,waste,3,pomdp,20260930_081800_gui,1901,413f772a67771018a9c60cb65b28591d35c09481208a49f2d7cae3fcc4f892f1
collect_exp/logs/04_BRL_WASTE/logs/master/20260930_081800_gui/feedback_manager.log,00_raw/waste/scene_03/pomdp/20260930_081800_gui/feedback_manager.log,waste,3,pomdp,20260930_081800_gui,14909,90899757e77a28566e745816d16d8850809d01694f4ad16d578ca1be717c643c
collect_exp/logs/04_BRL_WASTE/logs/master/20260930_081800_gui/frontend.log,00_raw/waste/scene_03/pomdp/20260930_081800_gui/frontend.log,waste,3,pomdp,20260930_081800_gui,1985,d3527e21fcbef9b955e110ff404db73c6ca051f44d24f135df5cf0c28d37d163
collect_exp/logs/04_BRL_WASTE/logs/master/20260930_081800_gui/knowledge_graph.log,00_raw/waste/scene_03/pomdp/20260930_081800_gui/knowledge_graph.log,waste,3,pomdp,20260930_081800_gui,12269,aaaafb7ab4afbe3264d349af3c976bf46b01b8706f32f19dbf516c0b4b968dcd
collect_exp/logs/04_BRL_WASTE/logs/master/20260930_081800_gui/planner.log,00_raw/waste/scene_03/pomdp/20260930_081800_gui/planner.log,waste,3,pomdp,20260930_081800_gui,11498,460158a7bdba8e71e56ae2e5fa773354ae3ccb011c1c6be5122d3c3b1f7ec701
collect_exp/logs/04_BRL_WASTE/logs/master/20260930_081800_gui/pomdp_experiments/exp_wastesorting_20260930_082114_850200.txt,00_raw/waste/scene_03/pomdp/20260930_081800_gui/pomdp_experiments/exp_wastesorting_20260930_082114_850200.txt,waste,3,pomdp,20260930_081800_gui,6275,4487c8a7f4cecb4e531b020f0f23fd077ec27653b01ed93f0d5871300b434cc4
collect_exp/logs/04_BRL_WASTE/logs/master/20260930_081800_gui/recordings/pomdp_planner_scene3_20260930_081819_780231/recording.json,00_raw/waste/scene_03/pomdp/20260930_081800_gui/recordings/pomdp_planner_scene3_20260930_081819_780231/recording.json,waste,3,pomdp,20260930_081800_gui,656,ca07f0d98b19d2807b2d19fdfcd3780ebe6d235ef00314e4aac0262638eb0fae
collect_exp/logs/04_BRL_WASTE/logs/master/20260930_082305_gui/brl_sensor.log,00_raw/waste/scene_03/pomdp/20260930_082305_gui/brl_sensor.log,waste,3,pomdp,20260930_082305_gui,4756,7f4972be55d5e4bbac4dedcc99f7d24dcc5b386c63d283ad67c0dddc67abb35e
collect_exp/logs/04_BRL_WASTE/logs/master/20260930_082305_gui/brl_server.log,00_raw/waste/scene_03/pomdp/20260930_082305_gui/brl_server.log,waste,3,pomdp,20260930_082305_gui,3903,effdc65aa1bddeb7ac748627ba99cf8b0c2b51bbda526d64dffcda92c8853eae
collect_exp/logs/04_BRL_WASTE/logs/master/20260930_082305_gui/environment_setup.log,00_raw/waste/scene_03/pomdp/20260930_082305_gui/environment_setup.log,waste,3,pomdp,20260930_082305_gui,1901,bd20456a9e60bb4d2ec6abd3f7fac2788f7d276a4d1d817c789bad169c60c176
collect_exp/logs/04_BRL_WASTE/logs/master/20260930_082305_gui/feedback_manager.log,00_raw/waste/scene_03/pomdp/20260930_082305_gui/feedback_manager.log,waste,3,pomdp,20260930_082305_gui,14926,8569aca57740e1eeda2d8389397bd5bf994036b6dd6e47f5e692aa6e89bb485c
collect_exp/logs/04_BRL_WASTE/logs/master/20260930_082305_gui/frontend.log,00_raw/waste/scene_03/pomdp/20260930_082305_gui/frontend.log,waste,3,pomdp,20260930_082305_gui,1985,aa956e80cb79e090ba6086b8753390177696b2183c423825d687437f4f7eb48c
collect_exp/logs/04_BRL_WASTE/logs/master/20260930_082305_gui/knowledge_graph.log,00_raw/waste/scene_03/pomdp/20260930_082305_gui/knowledge_graph.log,waste,3,pomdp,20260930_082305_gui,12679,91fa41e191f15477850b9d38ab3cf2dce779258f0c1299e4cf325fa6dbb7946f
collect_exp/logs/04_BRL_WASTE/logs/master/20260930_082305_gui/planner.log,00_raw/waste/scene_03/pomdp/20260930_082305_gui/planner.log,waste,3,pomdp,20260930_082305_gui,11485,70669bf55010cb56883291a8273c7c4362e518ab587a3d36673faf42cc7260f3
collect_exp/logs/04_BRL_WASTE/logs/master/20260930_082305_gui/pomdp_experiments/exp_wastesorting_20260930_082634_075917.txt,00_raw/waste/scene_03/pomdp/20260930_082305_gui/pomdp_experiments/exp_wastesorting_20260930_082634_075917.txt,waste,3,pomdp,20260930_082305_gui,6275,8f1e890bd40cb41e202a5805f511ecc1a6600be0766ba30e272e313143d54e36
collect_exp/logs/04_BRL_WASTE/logs/master/20260930_082305_gui/recordings/pomdp_planner_scene3_20260930_082337_354887/recording.json,00_raw/waste/scene_03/pomdp/20260930_082305_gui/recordings/pomdp_planner_scene3_20260930_082337_354887/recording.json,waste,3,pomdp,20260930_082305_gui,656,2b7f984c495ecbdbd01f81ad6331a96f9c347bfe8277fa745c9ff162650649fc
collect_exp/logs/04_BRL_WASTE/logs/master/20260930_082636_gui/brl_sensor.log,00_raw/waste/scene_03/pomdp/20260930_082636_gui/brl_sensor.log,waste,3,pomdp,20260930_082636_gui,4756,6667786ec57eabaa1fc3ca112ab114036e3772c78ced771cecd54b348e8b9f7e
collect_exp/logs/04_BRL_WASTE/logs/master/20260930_082636_gui/brl_server.log,00_raw/waste/scene_03/pomdp/20260930_082636_gui/brl_server.log,waste,3,pomdp,20260930_082636_gui,3903,f7ad5619ac9ec41af346f8a6efcc478ee951cb942d8451a3ed60a9ab72ec61ee
collect_exp/logs/04_BRL_WASTE/logs/master/20260930_082636_gui/environment_setup.log,00_raw/waste/scene_03/pomdp/20260930_082636_gui/environment_setup.log,waste,3,pomdp,20260930_082636_gui,1901,b57c5447fca85232fce94ddd079af173f233b13669209efd574c18b1dcb19869
collect_exp/logs/04_BRL_WASTE/logs/master/20260930_082636_gui/feedback_manager.log,00_raw/waste/scene_03/pomdp/20260930_082636_gui/feedback_manager.log,waste,3,pomdp,20260930_082636_gui,14936,df91ef0ee17bdaa8063ad00597fb6f63234b8a481c8b28cfcb99fefa13a2b108
collect_exp/logs/04_BRL_WASTE/logs/master/20260930_082636_gui/frontend.log,00_raw/waste/scene_03/pomdp/20260930_082636_gui/frontend.log,waste,3,pomdp,20260930_082636_gui,1984,4c31ebf50eea52a12e5dae09ca1ce94d883b3e741e04fb0567dc60117c04620c
collect_exp/logs/04_BRL_WASTE/logs/master/20260930_082636_gui/knowledge_graph.log,00_raw/waste/scene_03/pomdp/20260930_082636_gui/knowledge_graph.log,waste,3,pomdp,20260930_082636_gui,13145,aa9e42a88752e4a8cb42263c1b0c8ff16c5033d89875fd6ea2613876b3b72f79
collect_exp/logs/04_BRL_WASTE/logs/master/20260930_082636_gui/planner.log,00_raw/waste/scene_03/pomdp/20260930_082636_gui/planner.log,waste,3,pomdp,20260930_082636_gui,11531,3c596b9d6332456045302f75bd398c4671ef37f879108ca1014c377b3f793613
collect_exp/logs/04_BRL_WASTE/logs/master/20260930_082636_gui/pomdp_experiments/exp_wastesorting_20260930_083005_434174.txt,00_raw/waste/scene_03/pomdp/20260930_082636_gui/pomdp_experiments/exp_wastesorting_20260930_083005_434174.txt,waste,3,pomdp,20260930_082636_gui,6276,7b672a63078cca58c1d4672b0c00058a61497f4501e0a8052ad7c53534daa31d
collect_exp/logs/04_BRL_WASTE/logs/master/20260930_082636_gui/recordings/pomdp_planner_scene3_20260930_082709_234543/recording.json,00_raw/waste/scene_03/pomdp/20260930_082636_gui/recordings/pomdp_planner_scene3_20260930_082709_234543/recording.json,waste,3,pomdp,20260930_082636_gui,657,9b96331628c486b2e17adf3daa2a388b1b7f5bb97aad55aea41c2793406a50be
collect_exp/logs/04_BRL_WASTE/logs/master/20260930_083202_gui/brl_sensor.log,00_raw/waste/scene_03/pomdp/20260930_083202_gui/brl_sensor.log,waste,3,pomdp,20260930_083202_gui,4756,7e6c19ce4b22fdde1f703cd252d9a7c1cdad2cf7653a16b8722230e52654ca20
collect_exp/logs/04_BRL_WASTE/logs/master/20260930_083202_gui/brl_server.log,00_raw/waste/scene_03/pomdp/20260930_083202_gui/brl_server.log,waste,3,pomdp,20260930_083202_gui,3903,d3d2945e5ce5bc89e9546dc3a5fa5e1a2c09b4ae6e36e423909bb35c73267602
collect_exp/logs/04_BRL_WASTE/logs/master/20260930_083202_gui/environment_setup.log,00_raw/waste/scene_03/pomdp/20260930_083202_gui/environment_setup.log,waste,3,pomdp,20260930_083202_gui,1901,9b41c6af2371a769c3a54f2d0ad9f63f9a3b80991dd8b5fc3dfbd6f852330da5
collect_exp/logs/04_BRL_WASTE/logs/master/20260930_083202_gui/feedback_manager.log,00_raw/waste/scene_03/pomdp/20260930_083202_gui/feedback_manager.log,waste,3,pomdp,20260930_083202_gui,14959,1e2530adf6ef71c69dc9534512faf9d908f1cc81026bdbf4509e5b69e5f8f369
collect_exp/logs/04_BRL_WASTE/logs/master/20260930_083202_gui/frontend.log,00_raw/waste/scene_03/pomdp/20260930_083202_gui/frontend.log,waste,3,pomdp,20260930_083202_gui,1985,6d6f77876417d6e565ba997a4ac7626880013fb221b0b6fb595d72207865bef0
collect_exp/logs/04_BRL_WASTE/logs/master/20260930_083202_gui/knowledge_graph.log,00_raw/waste/scene_03/pomdp/20260930_083202_gui/knowledge_graph.log,waste,3,pomdp,20260930_083202_gui,13734,819d954daf8c4a60ef9b00fb4444e1a7543b022d46ed9f0f55fbc4a619d0ecdb
collect_exp/logs/04_BRL_WASTE/logs/master/20260930_083202_gui/planner.log,00_raw/waste/scene_03/pomdp/20260930_083202_gui/planner.log,waste,3,pomdp,20260930_083202_gui,11525,a768d17ad2ff335100a13d56af4b21705775c1dfea20fb0374530af04279c57d
collect_exp/logs/04_BRL_WASTE/logs/master/20260930_083202_gui/pomdp_experiments/exp_wastesorting_20260930_083555_732675.txt,00_raw/waste/scene_03/pomdp/20260930_083202_gui/pomdp_experiments/exp_wastesorting_20260930_083555_732675.txt,waste,3,pomdp,20260930_083202_gui,6276,4294f18e32b16decab56e387d34f7622b298ab879fa24f191bfb8e82a470fa27
collect_exp/logs/04_BRL_WASTE/logs/master/20260930_083202_gui/recordings/pomdp_planner_scene3_20260930_083256_835620/recording.json,00_raw/waste/scene_03/pomdp/20260930_083202_gui/recordings/pomdp_planner_scene3_20260930_083256_835620/recording.json,waste,3,pomdp,20260930_083202_gui,656,a7d5d0683389b6f535f0c6b75ad3a448db59117f1a69b6ee10f87e9e97bd4348
collect_exp/logs/04_BRL_WASTE/logs/master/20260930_083559_gui/brl_sensor.log,00_raw/waste/scene_03/pomdp/20260930_083559_gui/brl_sensor.log,waste,3,pomdp,20260930_083559_gui,4756,7f6afd65d512a92757a4dd39a84ead47f81c4e2daca2891511a78bb7fbe1f774
collect_exp/logs/04_BRL_WASTE/logs/master/20260930_083559_gui/brl_server.log,00_raw/waste/scene_03/pomdp/20260930_083559_gui/brl_server.log,waste,3,pomdp,20260930_083559_gui,3903,28b32f8778f16de835a8ea56da287942b6ecc74ea3dba81b811e0c3d19cf09d6
collect_exp/logs/04_BRL_WASTE/logs/master/20260930_083559_gui/environment_setup.log,00_raw/waste/scene_03/pomdp/20260930_083559_gui/environment_setup.log,waste,3,pomdp,20260930_083559_gui,1901,3e6464bb6cb014995aa0416d8b809e9c74ac48db163d08325f74310a8c2122dd
collect_exp/logs/04_BRL_WASTE/logs/master/20260930_083559_gui/feedback_manager.log,00_raw/waste/scene_03/pomdp/20260930_083559_gui/feedback_manager.log,waste,3,pomdp,20260930_083559_gui,14900,a336cd9d06623ddcc09e8d933adb6692f2d63dc08c60521907f52f35493520c7
collect_exp/logs/04_BRL_WASTE/logs/master/20260930_083559_gui/frontend.log,00_raw/waste/scene_03/pomdp/20260930_083559_gui/frontend.log,waste,3,pomdp,20260930_083559_gui,1984,eab81d8277735c8ec15d2962769f22f4da1284054bee1e037f3e2a9342a8959a
collect_exp/logs/04_BRL_WASTE/logs/master/20260930_083559_gui/knowledge_graph.log,00_raw/waste/scene_03/pomdp/20260930_083559_gui/knowledge_graph.log,waste,3,pomdp,20260930_083559_gui,12912,b9d781a10977dc41002779f88f0ade17383dcc7eeeb11575998d933b676aa096
collect_exp/logs/04_BRL_WASTE/logs/master/20260930_083559_gui/planner.log,00_raw/waste/scene_03/pomdp/20260930_083559_gui/planner.log,waste,3,pomdp,20260930_083559_gui,11538,d6ffa13a370bf03d9faf898236201653b328d059e6e6d8af8d7f766bf1f0ed14
collect_exp/logs/04_BRL_WASTE/logs/master/20260930_083559_gui/pomdp_experiments/exp_wastesorting_20260930_083927_235355.txt,00_raw/waste/scene_03/pomdp/20260930_083559_gui/pomdp_experiments/exp_wastesorting_20260930_083927_235355.txt,waste,3,pomdp,20260930_083559_gui,6278,cc69bfa7eccbb99eb870efd6ce40b672cce504aad54dc98ac6a768ab45df45a4
collect_exp/logs/04_BRL_WASTE/logs/master/20260930_083559_gui/recordings/pomdp_planner_scene3_20260930_083632_737154/recording.json,00_raw/waste/scene_03/pomdp/20260930_083559_gui/recordings/pomdp_planner_scene3_20260930_083632_737154/recording.json,waste,3,pomdp,20260930_083559_gui,656,921210a4e8026c1ee093c9e7a0cca234589586d0d20301be05d77fc514ae3824
collect_exp/logs/04_BRL_WASTE/logs/master/20260930_083932_gui_knowno_scene3/brl_sensor.log,00_raw/waste/scene_03/knowno/20260930_083932_gui_knowno_scene3/brl_sensor.log,waste,3,knowno,20260930_083932_gui_knowno_scene3,4756,a10e16803ba457dded03b2779f1e32a57172c6f6ec6965b4d5e42e13224b7e98
collect_exp/logs/04_BRL_WASTE/logs/master/20260930_083932_gui_knowno_scene3/brl_server.log,00_raw/waste/scene_03/knowno/20260930_083932_gui_knowno_scene3/brl_server.log,waste,3,knowno,20260930_083932_gui_knowno_scene3,3730,1b5bba1bfa4a62e9199005a87500c9671cfc036c9f01262f52f4e38f3d7cd864
collect_exp/logs/04_BRL_WASTE/logs/master/20260930_083932_gui_knowno_scene3/environment_setup.log,00_raw/waste/scene_03/knowno/20260930_083932_gui_knowno_scene3/environment_setup.log,waste,3,knowno,20260930_083932_gui_knowno_scene3,1901,13a0e2bd44d9129c2ba502921223ff7b37fc591c351a581006d8e011ea9af7d6
collect_exp/logs/04_BRL_WASTE/logs/master/20260930_083932_gui_knowno_scene3/feedback_manager.log,00_raw/waste/scene_03/knowno/20260930_083932_gui_knowno_scene3/feedback_manager.log,waste,3,knowno,20260930_083932_gui_knowno_scene3,11730,156faa25267d02a8e407d5dd5c301f3c44fc36a6bce485c2fa87a96b3304264f
collect_exp/logs/04_BRL_WASTE/logs/master/20260930_083932_gui_knowno_scene3/frontend.log,00_raw/waste/scene_03/knowno/20260930_083932_gui_knowno_scene3/frontend.log,waste,3,knowno,20260930_083932_gui_knowno_scene3,1985,d977b804e63bdc5b2ab5211f787cc7217ba24bb741a5e9e4eaecd730c9f72811
collect_exp/logs/04_BRL_WASTE/logs/master/20260930_083932_gui_knowno_scene3/knowledge_graph.log,00_raw/waste/scene_03/knowno/20260930_083932_gui_knowno_scene3/knowledge_graph.log,waste,3,knowno,20260930_083932_gui_knowno_scene3,13315,b3ac3c6c0a205c406e63f76f71ab5334a133e243096659b0607e1b30058468b7
collect_exp/logs/04_BRL_WASTE/logs/master/20260930_083932_gui_knowno_scene3/planner.log,00_raw/waste/scene_03/knowno/20260930_083932_gui_knowno_scene3/planner.log,waste,3,knowno,20260930_083932_gui_knowno_scene3,10330,5350f105ade3cf74f6d5d5f527907f3c85e2d570e6af4fb39e983007927ca277
collect_exp/logs/04_BRL_WASTE/logs/master/20260930_083932_gui_knowno_scene3/planner_experiments/exp_wastesorting_20260930_084320_950052.txt,00_raw/waste/scene_03/knowno/20260930_083932_gui_knowno_scene3/planner_experiments/exp_wastesorting_20260930_084320_950052.txt,waste,3,knowno,20260930_083932_gui_knowno_scene3,4808,86fa8fcd021b5447f8822e9274171f5dcf8e9e7a2def97ed3139cf20f862d387
collect_exp/logs/04_BRL_WASTE/logs/master/20260930_083932_gui_knowno_scene3/recordings/knowno_scene3_20260930_084005_455860/recording.json,00_raw/waste/scene_03/knowno/20260930_083932_gui_knowno_scene3/recordings/knowno_scene3_20260930_084005_455860/recording.json,waste,3,knowno,20260930_083932_gui_knowno_scene3,643,2cec95da9a65ce991a435c53460c904e7bd52b1beada6aed491d6cad0499f516
collect_exp/logs/04_BRL_WASTE/logs/master/20260930_084324_gui/brl_sensor.log,00_raw/waste/scene_03/knowno/20260930_084324_gui/brl_sensor.log,waste,3,knowno,20260930_084324_gui,4756,960b259f5e3226d2761b125c50d0ddd5fc10ec8359157049aae8a5fb9ef66643
collect_exp/logs/04_BRL_WASTE/logs/master/20260930_084324_gui/brl_server.log,00_raw/waste/scene_03/knowno/20260930_084324_gui/brl_server.log,waste,3,knowno,20260930_084324_gui,3642,fa23ec2988dd2d59c74583dc39246c829d6b4fe388d57a54f1dbbfc27faa468a
collect_exp/logs/04_BRL_WASTE/logs/master/20260930_084324_gui/environment_setup.log,00_raw/waste/scene_03/knowno/20260930_084324_gui/environment_setup.log,waste,3,knowno,20260930_084324_gui,1901,23e0c4fd901da653406d6cb832488bc5b88d3ba9c583ef4a512fb02ee05e7a52
collect_exp/logs/04_BRL_WASTE/logs/master/20260930_084324_gui/feedback_manager.log,00_raw/waste/scene_03/knowno/20260930_084324_gui/feedback_manager.log,waste,3,knowno,20260930_084324_gui,8601,0c77048822471b7e4450dfa5eadbe0cf4ba4646a669c9e466df4ea21d312657d
collect_exp/logs/04_BRL_WASTE/logs/master/20260930_084324_gui/frontend.log,00_raw/waste/scene_03/knowno/20260930_084324_gui/frontend.log,waste,3,knowno,20260930_084324_gui,1985,dbd8181e7f77f2bb72f71fb9104f36cdbd0473228db101a67a2cb73d8f2208d7
collect_exp/logs/04_BRL_WASTE/logs/master/20260930_084324_gui/knowledge_graph.log,00_raw/waste/scene_03/knowno/20260930_084324_gui/knowledge_graph.log,waste,3,knowno,20260930_084324_gui,13024,496f1fd27bb44b75391e0a379c93cb5ad306046cd1ab6107721ada9f47cf3e70
collect_exp/logs/04_BRL_WASTE/logs/master/20260930_084324_gui/planner.log,00_raw/waste/scene_03/knowno/20260930_084324_gui/planner.log,waste,3,knowno,20260930_084324_gui,10206,492f23cb44408634e20fda346b7ef81d66b9bb43eb766613d8af6e418479a340
collect_exp/logs/04_BRL_WASTE/logs/master/20260930_084324_gui/planner_experiments/exp_wastesorting_20260930_084705_594665.txt,00_raw/waste/scene_03/knowno/20260930_084324_gui/planner_experiments/exp_wastesorting_20260930_084705_594665.txt,waste,3,knowno,20260930_084324_gui,4590,6f1fdb0bd7887b23b9c1161e58902fd4960907a88d53e2c199c05da90496a0ea
collect_exp/logs/04_BRL_WASTE/logs/master/20260930_084324_gui/recordings/knowno_scene3_20260930_084400_358277/recording.json,00_raw/waste/scene_03/knowno/20260930_084324_gui/recordings/knowno_scene3_20260930_084400_358277/recording.json,waste,3,knowno,20260930_084324_gui,630,cf783070e3f5e26ab05f9fe68dc9f791850840860ed9c4905a199e611a21634c
collect_exp/logs/04_BRL_WASTE/logs/master/20260930_084708_gui/brl_sensor.log,00_raw/waste/scene_03/knowno/20260930_084708_gui/brl_sensor.log,waste,3,knowno,20260930_084708_gui,4756,c8ec1b6d2f9c907acdaa90215833452be73f256a7d947380f9dca7656ef6a819
collect_exp/logs/04_BRL_WASTE/logs/master/20260930_084708_gui/brl_server.log,00_raw/waste/scene_03/knowno/20260930_084708_gui/brl_server.log,waste,3,knowno,20260930_084708_gui,3554,e5969361c34e1cf36233f85f6efd46e7950e3eff55a4fd0c08079ab8dfbe0695
collect_exp/logs/04_BRL_WASTE/logs/master/20260930_084708_gui/environment_setup.log,00_raw/waste/scene_03/knowno/20260930_084708_gui/environment_setup.log,waste,3,knowno,20260930_084708_gui,1901,83fc854a81aff6026b65c93d475dfe3fcab7347d7610d6afebb6ec5638bcc706
collect_exp/logs/04_BRL_WASTE/logs/master/20260930_084708_gui/feedback_manager.log,00_raw/waste/scene_03/knowno/20260930_084708_gui/feedback_manager.log,waste,3,knowno,20260930_084708_gui,6266,28ac652e564c3d2e9cc862624ba0d26edadfe00c3678c1d6557edd22312c099b
collect_exp/logs/04_BRL_WASTE/logs/master/20260930_084708_gui/frontend.log,00_raw/waste/scene_03/knowno/20260930_084708_gui/frontend.log,waste,3,knowno,20260930_084708_gui,1985,28649cda6378085ef6d37137bcbb6b17319a2bec46743d926bc73460624add6d
collect_exp/logs/04_BRL_WASTE/logs/master/20260930_084708_gui/knowledge_graph.log,00_raw/waste/scene_03/knowno/20260930_084708_gui/knowledge_graph.log,waste,3,knowno,20260930_084708_gui,12825,263bdb12431a027951c3ccc913ecbf9274cd38cfc6baf6ab0f8518e8fb31e013
collect_exp/logs/04_BRL_WASTE/logs/master/20260930_084708_gui/planner.log,00_raw/waste/scene_03/knowno/20260930_084708_gui/planner.log,waste,3,knowno,20260930_084708_gui,10088,fd2931b22a2a3466df480c45102c8d25a4bf6090b5cb98ac0d14f9a228771acd
collect_exp/logs/04_BRL_WASTE/logs/master/20260930_084708_gui/planner_experiments/exp_wastesorting_20260930_085039_974763.txt,00_raw/waste/scene_03/knowno/20260930_084708_gui/planner_experiments/exp_wastesorting_20260930_085039_974763.txt,waste,3,knowno,20260930_084708_gui,4420,b23337da0f5bc822016be5b4dbc13643c3e50d9851a572f0bd3619e85cfaa400
collect_exp/logs/04_BRL_WASTE/logs/master/20260930_084708_gui/recordings/knowno_scene3_20260930_084740_170893/recording.json,00_raw/waste/scene_03/knowno/20260930_084708_gui/recordings/knowno_scene3_20260930_084740_170893/recording.json,waste,3,knowno,20260930_084708_gui,630,32dd0aa54391ef404288f16ff1adde06c5135e4125ebb08d421126f236205118
collect_exp/logs/04_BRL_WASTE/logs/master/20260930_085043_gui/brl_sensor.log,00_raw/waste/scene_03/knowno/20260930_085043_gui/brl_sensor.log,waste,3,knowno,20260930_085043_gui,4756,37fcc5f5bba7f8c9daca8518a22d184ea9010391ddfed196c561312f5bd725d7
collect_exp/logs/04_BRL_WASTE/logs/master/20260930_085043_gui/brl_server.log,00_raw/waste/scene_03/knowno/20260930_085043_gui/brl_server.log,waste,3,knowno,20260930_085043_gui,3642,83d593c5b48ba21289096823446db472ec93c40d97632999d2c13b081c26ebf8
collect_exp/logs/04_BRL_WASTE/logs/master/20260930_085043_gui/environment_setup.log,00_raw/waste/scene_03/knowno/20260930_085043_gui/environment_setup.log,waste,3,knowno,20260930_085043_gui,1901,cb8a1d7db8e15dc8fc261e8f0f258af6f3b7b0f448ff275fac54a14916e6d777
collect_exp/logs/04_BRL_WASTE/logs/master/20260930_085043_gui/feedback_manager.log,00_raw/waste/scene_03/knowno/20260930_085043_gui/feedback_manager.log,waste,3,knowno,20260930_085043_gui,9125,7a4a5b26b864686b0af103c36850f66694795bcf465f291fafab7ff4e3cfc4d0
collect_exp/logs/04_BRL_WASTE/logs/master/20260930_085043_gui/frontend.log,00_raw/waste/scene_03/knowno/20260930_085043_gui/frontend.log,waste,3,knowno,20260930_085043_gui,1985,6138aab67055e839f0092c54a8956e67d052bfed07d7f0a000d665fb4cc88665
collect_exp/logs/04_BRL_WASTE/logs/master/20260930_085043_gui/knowledge_graph.log,00_raw/waste/scene_03/knowno/20260930_085043_gui/knowledge_graph.log,waste,3,knowno,20260930_085043_gui,13936,1af89201fa4b87eb4d363c0d1aac13a6817c57a3dd59df2c14bf8ab346ef361f
collect_exp/logs/04_BRL_WASTE/logs/master/20260930_085043_gui/planner.log,00_raw/waste/scene_03/knowno/20260930_085043_gui/planner.log,waste,3,knowno,20260930_085043_gui,10188,67924c5c7044c933ab734f9cfed9ca4416502fe790a0dffaef1ef3638782efd0
collect_exp/logs/04_BRL_WASTE/logs/master/20260930_085043_gui/planner_experiments/exp_wastesorting_20260930_085433_052218.txt,00_raw/waste/scene_03/knowno/20260930_085043_gui/planner_experiments/exp_wastesorting_20260930_085433_052218.txt,waste,3,knowno,20260930_085043_gui,4621,39cd66e141a3471aa7c7f6c48cf741222372eda73de9b5cc7deeaf5cf9dece7f
collect_exp/logs/04_BRL_WASTE/logs/master/20260930_085043_gui/recordings/knowno_scene3_20260930_085129_358937/recording.json,00_raw/waste/scene_03/knowno/20260930_085043_gui/recordings/knowno_scene3_20260930_085129_358937/recording.json,waste,3,knowno,20260930_085043_gui,643,a1320b921f64a1f08cd4748665a78f4cb9286f6ed6fcf5b2b2baa09fcb7158ee
collect_exp/logs/04_BRL_WASTE/logs/master/20260930_085449_gui/brl_sensor.log,00_raw/waste/scene_03/knowno/20260930_085449_gui/brl_sensor.log,waste,3,knowno,20260930_085449_gui,4756,beeeaacd052c7591d2e94fd243dd87f8cefa7b276bbbd4f633d6ba754e5c01d0
collect_exp/logs/04_BRL_WASTE/logs/master/20260930_085449_gui/brl_server.log,00_raw/waste/scene_03/knowno/20260930_085449_gui/brl_server.log,waste,3,knowno,20260930_085449_gui,3832,b76068b6cb7f0167f4038c5046620b0783fc1d8b6569ffe89e09db6a2ba5e592
collect_exp/logs/04_BRL_WASTE/logs/master/20260930_085449_gui/environment_setup.log,00_raw/waste/scene_03/knowno/20260930_085449_gui/environment_setup.log,waste,3,knowno,20260930_085449_gui,1901,974f2a917763b7110bdd320b8bef4e3a75ae8dde112533dd299a41c1cbe41382
collect_exp/logs/04_BRL_WASTE/logs/master/20260930_085449_gui/feedback_manager.log,00_raw/waste/scene_03/knowno/20260930_085449_gui/feedback_manager.log,waste,3,knowno,20260930_085449_gui,8863,ce509a36e97b57b512af8dabca5f5fec32c28de710b07f41a9275c1459d5e404
collect_exp/logs/04_BRL_WASTE/logs/master/20260930_085449_gui/frontend.log,00_raw/waste/scene_03/knowno/20260930_085449_gui/frontend.log,waste,3,knowno,20260930_085449_gui,1985,0a52c2c0cb87d3f926ec97f532fa6872b8539d510eaf26161e84469639d6c4ac
collect_exp/logs/04_BRL_WASTE/logs/master/20260930_085449_gui/knowledge_graph.log,00_raw/waste/scene_03/knowno/20260930_085449_gui/knowledge_graph.log,waste,3,knowno,20260930_085449_gui,13458,d3cd6b372cdb2315184835a3f2e5364a08037862020be94589338376fb9d94ee
collect_exp/logs/04_BRL_WASTE/logs/master/20260930_085449_gui/planner.log,00_raw/waste/scene_03/knowno/20260930_085449_gui/planner.log,waste,3,knowno,20260930_085449_gui,10177,f8bf53f11a79d3a2edaf8163a59ddfa146d723403f7a3ac5de4dac9c255047f2
collect_exp/logs/04_BRL_WASTE/logs/master/20260930_085449_gui/planner_experiments/exp_wastesorting_20260930_085838_075994.txt,00_raw/waste/scene_03/knowno/20260930_085449_gui/planner_experiments/exp_wastesorting_20260930_085838_075994.txt,waste,3,knowno,20260930_085449_gui,4619,73db5990301f99a9428394e140e6863ddddd1282f14690f180516f56e1850229
collect_exp/logs/04_BRL_WASTE/logs/master/20260930_085449_gui/recordings/knowno_scene3_20260930_085532_566223/recording.json,00_raw/waste/scene_03/knowno/20260930_085449_gui/recordings/knowno_scene3_20260930_085532_566223/recording.json,waste,3,knowno,20260930_085449_gui,643,170338c3df9eeb9af9b817ea9b50f17ddf7c398e7bdbe100a7964ed9db355506
collect_exp/logs/04_BRL_WASTE/logs/master/20260930_085840_gui/brl_sensor.log,00_raw/waste/scene_03/knowno/20260930_085840_gui/brl_sensor.log,waste,3,knowno,20260930_085840_gui,4756,dc3e1de8da497f55cbc5d97325e33a5f3ce5db362dc3643772725c421c20c1f4
collect_exp/logs/04_BRL_WASTE/logs/master/20260930_085840_gui/brl_server.log,00_raw/waste/scene_03/knowno/20260930_085840_gui/brl_server.log,waste,3,knowno,20260930_085840_gui,3730,442d3ccaa0e44b1d1c94d517323da689306ae5282e502e71727a1e240adad9b9
collect_exp/logs/04_BRL_WASTE/logs/master/20260930_085840_gui/environment_setup.log,00_raw/waste/scene_03/knowno/20260930_085840_gui/environment_setup.log,waste,3,knowno,20260930_085840_gui,1901,dbe17ec1afbec332965269838dec9d2eeff2de038fc136f72f1fdf5dc5110e3b
collect_exp/logs/04_BRL_WASTE/logs/master/20260930_085840_gui/feedback_manager.log,00_raw/waste/scene_03/knowno/20260930_085840_gui/feedback_manager.log,waste,3,knowno,20260930_085840_gui,11782,b8b101b9164fd7cf658e556470bdcc8dac75b67bdb52895e2a089981e5845ed9
collect_exp/logs/04_BRL_WASTE/logs/master/20260930_085840_gui/frontend.log,00_raw/waste/scene_03/knowno/20260930_085840_gui/frontend.log,waste,3,knowno,20260930_085840_gui,1984,7f836efc58f22fdfd7d4b8b81e0c88afde6afbf9aa2356d970ee4e4ea709ca2d
collect_exp/logs/04_BRL_WASTE/logs/master/20260930_085840_gui/knowledge_graph.log,00_raw/waste/scene_03/knowno/20260930_085840_gui/knowledge_graph.log,waste,3,knowno,20260930_085840_gui,13259,440c8f434a92bb8464aa9d585ec16ca50f31a1aab74e5f2e727e04d5afad1dea
collect_exp/logs/04_BRL_WASTE/logs/master/20260930_085840_gui/planner.log,00_raw/waste/scene_03/knowno/20260930_085840_gui/planner.log,waste,3,knowno,20260930_085840_gui,10286,a0ffabb626a43a497d3a8920d40fa6db32c085ea8b87c6843eaf2009816198ce
collect_exp/logs/04_BRL_WASTE/logs/master/20260930_085840_gui/planner_experiments/exp_wastesorting_20260930_090223_857291.txt,00_raw/waste/scene_03/knowno/20260930_085840_gui/planner_experiments/exp_wastesorting_20260930_090223_857291.txt,waste,3,knowno,20260930_085840_gui,4791,230928e929b48c2c434c1bc330bbc5347b7654d035f236749b2f0b967914f191
collect_exp/logs/04_BRL_WASTE/logs/master/20260930_085840_gui/recordings/knowno_scene3_20260930_085911_923196/recording.json,00_raw/waste/scene_03/knowno/20260930_085840_gui/recordings/knowno_scene3_20260930_085911_923196/recording.json,waste,3,knowno,20260930_085840_gui,643,8cdcb3e6ed3b1f55264663441165e970f4d60433e06bbbd27c0a1bec9a9dbf3b
collect_exp/logs/04_BRL_WASTE/logs/master/20260930_090226_gui/brl_sensor.log,00_raw/waste/scene_03/knowno/20260930_090226_gui/brl_sensor.log,waste,3,knowno,20260930_090226_gui,4756,a023944b757b2637164a15551168c1b4ee1157fb818f874c980c44472bb667c6
collect_exp/logs/04_BRL_WASTE/logs/master/20260930_090226_gui/brl_server.log,00_raw/waste/scene_03/knowno/20260930_090226_gui/brl_server.log,waste,3,knowno,20260930_090226_gui,3466,201955f174e05c48d6759013cd9630e72db7792168074cf930d4f0d1d35e708a
collect_exp/logs/04_BRL_WASTE/logs/master/20260930_090226_gui/environment_setup.log,00_raw/waste/scene_03/knowno/20260930_090226_gui/environment_setup.log,waste,3,knowno,20260930_090226_gui,1901,2b84528930f5731016762a1d92bfff9e9b851727e2d0250e18faae28a46491a7
collect_exp/logs/04_BRL_WASTE/logs/master/20260930_090226_gui/feedback_manager.log,00_raw/waste/scene_03/knowno/20260930_090226_gui/feedback_manager.log,waste,3,knowno,20260930_090226_gui,3443,1ff52d8b3d05ef9d5cb9f9b5c74943b8aeb2385abe509f30ff4d2231daf5cffc
collect_exp/logs/04_BRL_WASTE/logs/master/20260930_090226_gui/frontend.log,00_raw/waste/scene_03/knowno/20260930_090226_gui/frontend.log,waste,3,knowno,20260930_090226_gui,1984,1df58c91032563606cf632464569e0536fcf15b5cb0c38b3420feebee0bfabda
collect_exp/logs/04_BRL_WASTE/logs/master/20260930_090226_gui/knowledge_graph.log,00_raw/waste/scene_03/knowno/20260930_090226_gui/knowledge_graph.log,waste,3,knowno,20260930_090226_gui,14667,e6ab0a4dca531d9de2827837caccb2f4371059d92258fc4073faa68730ff4e4d
collect_exp/logs/04_BRL_WASTE/logs/master/20260930_090226_gui/planner.log,00_raw/waste/scene_03/knowno/20260930_090226_gui/planner.log,waste,3,knowno,20260930_090226_gui,10016,398ab5f815796a407eb6b78088fafc9d98c303353458724c357f5a6f0dd08d28
collect_exp/logs/04_BRL_WASTE/logs/master/20260930_090226_gui/planner_experiments/exp_wastesorting_20260930_090557_052869.txt,00_raw/waste/scene_03/knowno/20260930_090226_gui/planner_experiments/exp_wastesorting_20260930_090557_052869.txt,waste,3,knowno,20260930_090226_gui,4218,2400a2372382a5da6ee4497111546a1f763d6a91b392338c56be2178b84d0481
collect_exp/logs/04_BRL_WASTE/logs/master/20260930_090226_gui/recordings/knowno_scene3_20260930_090302_372289/recording.json,00_raw/waste/scene_03/knowno/20260930_090226_gui/recordings/knowno_scene3_20260930_090302_372289/recording.json,waste,3,knowno,20260930_090226_gui,643,f4fe68f219d3a1d5708f9e677d2bf4fdef2e0818cfc6c01b078bd7f1eb5662e8
collect_exp/logs/04_BRL_WASTE/logs/master/20260930_090644_gui/brl_sensor.log,00_raw/waste/scene_03/knowno/20260930_090644_gui/brl_sensor.log,waste,3,knowno,20260930_090644_gui,4756,10fdeeb6b96ef1157e6d301712322f4eb71c803aad8e28210cc3cfb9a7f7b704
collect_exp/logs/04_BRL_WASTE/logs/master/20260930_090644_gui/brl_server.log,00_raw/waste/scene_03/knowno/20260930_090644_gui/brl_server.log,waste,3,knowno,20260930_090644_gui,3642,334879e97a9e01e87eb4a3e684bfe0805665b8d8369aad3074eeeb7baa0a06b8
collect_exp/logs/04_BRL_WASTE/logs/master/20260930_090644_gui/environment_setup.log,00_raw/waste/scene_03/knowno/20260930_090644_gui/environment_setup.log,waste,3,knowno,20260930_090644_gui,1901,dbb4e51b3189179469b7aac5e40d03b52954d0fee30736ecd0f17881669f54af
collect_exp/logs/04_BRL_WASTE/logs/master/20260930_090644_gui/feedback_manager.log,00_raw/waste/scene_03/knowno/20260930_090644_gui/feedback_manager.log,waste,3,knowno,20260930_090644_gui,8627,d6b59d90473cb182444df52348a8bc96bbc9d7ad6ef4d6f3104f965cdc282396
collect_exp/logs/04_BRL_WASTE/logs/master/20260930_090644_gui/frontend.log,00_raw/waste/scene_03/knowno/20260930_090644_gui/frontend.log,waste,3,knowno,20260930_090644_gui,1985,8e4fa9f38a7159c86ff823960f666c7f769fcb2c0b9581f96cda1db65d97e34f
collect_exp/logs/04_BRL_WASTE/logs/master/20260930_090644_gui/knowledge_graph.log,00_raw/waste/scene_03/knowno/20260930_090644_gui/knowledge_graph.log,waste,3,knowno,20260930_090644_gui,12602,e655e5f87ba2a1611f8d8ca188cb5a467ddc4c844413cc0f13ae6983cf73865f
collect_exp/logs/04_BRL_WASTE/logs/master/20260930_090644_gui/planner.log,00_raw/waste/scene_03/knowno/20260930_090644_gui/planner.log,waste,3,knowno,20260930_090644_gui,10205,7647f93a31ddc738baabc586cb0615d8b0cceaa4ea1f72d188e570fc080552b0
collect_exp/logs/04_BRL_WASTE/logs/master/20260930_090644_gui/planner_experiments/exp_wastesorting_20260930_091015_655141.txt,00_raw/waste/scene_03/knowno/20260930_090644_gui/planner_experiments/exp_wastesorting_20260930_091015_655141.txt,waste,3,knowno,20260930_090644_gui,4603,0dfc225e1a01a019dd821b0ce64862fe95e0b990e26cd054895abd9eebfda243
collect_exp/logs/04_BRL_WASTE/logs/master/20260930_090644_gui/recordings/knowno_scene3_20260930_090710_140522/recording.json,00_raw/waste/scene_03/knowno/20260930_090644_gui/recordings/knowno_scene3_20260930_090710_140522/recording.json,waste,3,knowno,20260930_090644_gui,643,dfe0113c1b92e40e3882ebd3f41ca9ca38840108058ea0e2aced2388b386da33
collect_exp/logs/04_BRL_WASTE/logs/master/20260930_091018_gui/brl_sensor.log,00_raw/waste/scene_03/knowno/20260930_091018_gui/brl_sensor.log,waste,3,knowno,20260930_091018_gui,4756,abea21667d099c452e52d98f1f4d7fe77383d98908044cf2adb47164d2004846
collect_exp/logs/04_BRL_WASTE/logs/master/20260930_091018_gui/brl_server.log,00_raw/waste/scene_03/knowno/20260930_091018_gui/brl_server.log,waste,3,knowno,20260930_091018_gui,3675,91f7777b96e05afdb2e38a5d98ec5d877abd9ab61d67ce465a7c0609a6dc9a69
collect_exp/logs/04_BRL_WASTE/logs/master/20260930_091018_gui/environment_setup.log,00_raw/waste/scene_03/knowno/20260930_091018_gui/environment_setup.log,waste,3,knowno,20260930_091018_gui,1901,2bd5c06e11c30fd9eedf2fba604191a326fead6547f6f130b44b0ab182c51253
collect_exp/logs/04_BRL_WASTE/logs/master/20260930_091018_gui/feedback_manager.log,00_raw/waste/scene_03/knowno/20260930_091018_gui/feedback_manager.log,waste,3,knowno,20260930_091018_gui,6018,5ea6a1189d86bade4325bc453d0ef5ecef0ccd0b5c57b86cf3c1379cec2d8b06
collect_exp/logs/04_BRL_WASTE/logs/master/20260930_091018_gui/frontend.log,00_raw/waste/scene_03/knowno/20260930_091018_gui/frontend.log,waste,3,knowno,20260930_091018_gui,1984,3a2b75d453f493ba16bfbc3f9d15b2cce3843a9dadfc7951caba4b09913e5762
collect_exp/logs/04_BRL_WASTE/logs/master/20260930_091018_gui/knowledge_graph.log,00_raw/waste/scene_03/knowno/20260930_091018_gui/knowledge_graph.log,waste,3,knowno,20260930_091018_gui,12813,9acf0f31f85c4f0d318c3eff78452928d95344846a9e168f3ecad0947877baa2
collect_exp/logs/04_BRL_WASTE/logs/master/20260930_091018_gui/planner.log,00_raw/waste/scene_03/knowno/20260930_091018_gui/planner.log,waste,3,knowno,20260930_091018_gui,10101,42fff73f6a8f7de7fa058620654e85a4fceb8309c349248e99a07728b21624b6
collect_exp/logs/04_BRL_WASTE/logs/master/20260930_091018_gui/planner_experiments/exp_wastesorting_20260930_091351_523940.txt,00_raw/waste/scene_03/knowno/20260930_091018_gui/planner_experiments/exp_wastesorting_20260930_091351_523940.txt,waste,3,knowno,20260930_091018_gui,4416,c4018ab81c7fe47d3a21c25fa5e0842dad03b30cd2bd5b58200a3555012af4a6
collect_exp/logs/04_BRL_WASTE/logs/master/20260930_091018_gui/recordings/knowno_scene3_20260930_091051_023992/recording.json,00_raw/waste/scene_03/knowno/20260930_091018_gui/recordings/knowno_scene3_20260930_091051_023992/recording.json,waste,3,knowno,20260930_091018_gui,642,372a2154ad70c9782e7724fe05b9ac15f69eadf5af58155996fc9063f1ba7e97
collect_exp/logs/04_BRL_WASTE/logs/master/20260930_092651_gui/brl_sensor.log,00_raw/waste/scene_03/knowno/20260930_092651_gui/brl_sensor.log,waste,3,knowno,20260930_092651_gui,4829,b25ad9976cd94d04a635760a5e7ec82112d8139951256fc5887cbe4ff3147080
collect_exp/logs/04_BRL_WASTE/logs/master/20260930_092651_gui/brl_server.log,00_raw/waste/scene_03/knowno/20260930_092651_gui/brl_server.log,waste,3,knowno,20260930_092651_gui,3730,97746ab2d7799afc865171ced891ee9377db9c6e2277c48c5f5ab0f4546953cd
collect_exp/logs/04_BRL_WASTE/logs/master/20260930_092651_gui/environment_setup.log,00_raw/waste/scene_03/knowno/20260930_092651_gui/environment_setup.log,waste,3,knowno,20260930_092651_gui,1901,662be8739b067a30df862b0d6ef195d727e6b7e91c74da717595352bb84a4355
collect_exp/logs/04_BRL_WASTE/logs/master/20260930_092651_gui/feedback_manager.log,00_raw/waste/scene_03/knowno/20260930_092651_gui/feedback_manager.log,waste,3,knowno,20260930_092651_gui,11412,cde69938b73802494d4d97b948f926b9c84f24c8a743e918f48ebfa1d647eb8e
collect_exp/logs/04_BRL_WASTE/logs/master/20260930_092651_gui/frontend.log,00_raw/waste/scene_03/knowno/20260930_092651_gui/frontend.log,waste,3,knowno,20260930_092651_gui,1985,9282428164efd9e99d6b37972aa508287aade1f191491bc34e7929b145327e05
collect_exp/logs/04_BRL_WASTE/logs/master/20260930_092651_gui/knowledge_graph.log,00_raw/waste/scene_03/knowno/20260930_092651_gui/knowledge_graph.log,waste,3,knowno,20260930_092651_gui,32077,86a3e099a3263b824f162a872e8e075e9f8bd1f4322319d837748bb4a1d9983c
collect_exp/logs/04_BRL_WASTE/logs/master/20260930_092651_gui/planner.log,00_raw/waste/scene_03/knowno/20260930_092651_gui/planner.log,waste,3,knowno,20260930_092651_gui,10326,22928b8d6b1f2517bf758520a3420b67a475620ef5bdc031c6384a5718283187
collect_exp/logs/04_BRL_WASTE/logs/master/20260930_092651_gui/planner_experiments/exp_wastesorting_20260930_093146_327658.txt,00_raw/waste/scene_03/knowno/20260930_092651_gui/planner_experiments/exp_wastesorting_20260930_093146_327658.txt,waste,3,knowno,20260930_092651_gui,4790,ea85d657ba91f7186b8e6eb2b149f5cd2e82405add9f7c88fb7aa6c733c12a62
collect_exp/logs/04_BRL_WASTE/logs/master/20260930_092651_gui/recordings/knowno_scene3_20260930_092832_212621/recording.json,00_raw/waste/scene_03/knowno/20260930_092651_gui/recordings/knowno_scene3_20260930_092832_212621/recording.json,waste,3,knowno,20260930_092651_gui,643,e212ba1aeabdfa6a7418897ff504a893e2cb8ffa7e552440a8fe88cd002a7f6f
collect_exp/logs/04_BRL_WASTE/logs/master/20260930_094117_gui_knowno_scene4/brl_sensor.log,00_raw/waste/scene_04/knowno/20260930_094117_gui_knowno_scene4/brl_sensor.log,waste,4,knowno,20260930_094117_gui_knowno_scene4,4772,553fc3d3fbf4eda89f79c1b195a94fce9b914e68bd4870d4a61c4cc8630c1b98
collect_exp/logs/04_BRL_WASTE/logs/master/20260930_094117_gui_knowno_scene4/brl_server.log,00_raw/waste/scene_04/knowno/20260930_094117_gui_knowno_scene4/brl_server.log,waste,4,knowno,20260930_094117_gui_knowno_scene4,3818,b0eb816eac3dbd0feca88b75faf5a963ceec6e5f5cc57c0280893f69876d7d3d
collect_exp/logs/04_BRL_WASTE/logs/master/20260930_094117_gui_knowno_scene4/environment_setup.log,00_raw/waste/scene_04/knowno/20260930_094117_gui_knowno_scene4/environment_setup.log,waste,4,knowno,20260930_094117_gui_knowno_scene4,1901,1e9928c71ccf21b71d62614289d9f22b70f031392e8575a3324ef2d4d439346b
collect_exp/logs/04_BRL_WASTE/logs/master/20260930_094117_gui_knowno_scene4/feedback_manager.log,00_raw/waste/scene_04/knowno/20260930_094117_gui_knowno_scene4/feedback_manager.log,waste,4,knowno,20260930_094117_gui_knowno_scene4,14057,7db8da12cf769091de1a0db56fb8ec72a9ffe8ac7b9703d781ebd6610d678c0b
collect_exp/logs/04_BRL_WASTE/logs/master/20260930_094117_gui_knowno_scene4/frontend.log,00_raw/waste/scene_04/knowno/20260930_094117_gui_knowno_scene4/frontend.log,waste,4,knowno,20260930_094117_gui_knowno_scene4,1985,aee527ae1941be5ce3d27550b02ea51ea1efd7663f9c5958d45a8a9f247ff4f9
collect_exp/logs/04_BRL_WASTE/logs/master/20260930_094117_gui_knowno_scene4/knowledge_graph.log,00_raw/waste/scene_04/knowno/20260930_094117_gui_knowno_scene4/knowledge_graph.log,waste,4,knowno,20260930_094117_gui_knowno_scene4,14203,0f4061891194722f4942616ba4e907a6c343b8c0bc0f77d0966bfc1697b88464
collect_exp/logs/04_BRL_WASTE/logs/master/20260930_094117_gui_knowno_scene4/planner.log,00_raw/waste/scene_04/knowno/20260930_094117_gui_knowno_scene4/planner.log,waste,4,knowno,20260930_094117_gui_knowno_scene4,10342,454c8b936ea964a66f2bb18811e283c965d0a028044cb0d0cdbdbb4ad79aaf4d
collect_exp/logs/04_BRL_WASTE/logs/master/20260930_094117_gui_knowno_scene4/planner_experiments/exp_wastesorting_20260930_094509_329289.txt,00_raw/waste/scene_04/knowno/20260930_094117_gui_knowno_scene4/planner_experiments/exp_wastesorting_20260930_094509_329289.txt,waste,4,knowno,20260930_094117_gui_knowno_scene4,4999,f3aa2b736e4187c7f348ef07b399e0b4f7f5c993f1dcaac59445d97561485955
collect_exp/logs/04_BRL_WASTE/logs/master/20260930_094117_gui_knowno_scene4/recordings/knowno_scene4_20260930_094144_324670/recording.json,00_raw/waste/scene_04/knowno/20260930_094117_gui_knowno_scene4/recordings/knowno_scene4_20260930_094144_324670/recording.json,waste,4,knowno,20260930_094117_gui_knowno_scene4,630,0432e716549c93e8812183a3e6b358cdc6862604bf8a500028f253fc05504021
collect_exp/logs/04_BRL_WASTE/logs/master/20260930_094524_gui/brl_sensor.log,00_raw/waste/scene_04/knowno/20260930_094524_gui/brl_sensor.log,waste,4,knowno,20260930_094524_gui,5065,b3e0263d272ffe0fe2a9ebcc0cad221883399c73dda53ae340eb35941fc4a37a
collect_exp/logs/04_BRL_WASTE/logs/master/20260930_094524_gui/brl_server.log,00_raw/waste/scene_04/knowno/20260930_094524_gui/brl_server.log,waste,4,knowno,20260930_094524_gui,3763,d10b0bcc645c8a3bb8721ab9b1bfb5091b0c561273e0876be536455ba6f15bb7
collect_exp/logs/04_BRL_WASTE/logs/master/20260930_094524_gui/environment_setup.log,00_raw/waste/scene_04/knowno/20260930_094524_gui/environment_setup.log,waste,4,knowno,20260930_094524_gui,1901,bba4421e696e843242346c07648179cfaaf1400baf00c6485368471df6e2b423
collect_exp/logs/04_BRL_WASTE/logs/master/20260930_094524_gui/feedback_manager.log,00_raw/waste/scene_04/knowno/20260930_094524_gui/feedback_manager.log,waste,4,knowno,20260930_094524_gui,9213,d5fd486ef1c9c5169c4f96ffda2b53bbdbc633360ce9bd3b5926fb9643f8d31a
collect_exp/logs/04_BRL_WASTE/logs/master/20260930_094524_gui/frontend.log,00_raw/waste/scene_04/knowno/20260930_094524_gui/frontend.log,waste,4,knowno,20260930_094524_gui,1985,344a77f461d226874e39abb79ff8c1017606e039479bd21b2810b0303586d7b4
collect_exp/logs/04_BRL_WASTE/logs/master/20260930_094524_gui/knowledge_graph.log,00_raw/waste/scene_04/knowno/20260930_094524_gui/knowledge_graph.log,waste,4,knowno,20260930_094524_gui,13295,3ead5fcd5178f5e15a33994adaa6a1fd3aebd672e09128a3705aa39497722add
collect_exp/logs/04_BRL_WASTE/logs/master/20260930_094524_gui/planner.log,00_raw/waste/scene_04/knowno/20260930_094524_gui/planner.log,waste,4,knowno,20260930_094524_gui,9668,2cdd1756f1dad25b1737a0c82c25ab5308c957607f91c636b884d5d173957b39
collect_exp/logs/04_BRL_WASTE/logs/master/20260930_094524_gui/planner_experiments/exp_wastesorting_20260930_094915_311629.txt,00_raw/waste/scene_04/knowno/20260930_094524_gui/planner_experiments/exp_wastesorting_20260930_094915_311629.txt,waste,4,knowno,20260930_094524_gui,4067,5b93d3d3242d399bd140b9e6261d4b3d4b71b27780cb8f16d7574251e0abfcc7
collect_exp/logs/04_BRL_WASTE/logs/master/20260930_094524_gui/recordings/knowno_scene4_20260930_094622_036180/recording.json,00_raw/waste/scene_04/knowno/20260930_094524_gui/recordings/knowno_scene4_20260930_094622_036180/recording.json,waste,4,knowno,20260930_094524_gui,700,250f995c29404ee39ef292000650d7ba5ddea5404f7b88a0669ab23f6a03d84c
collect_exp/logs/04_BRL_WASTE/logs/master/20260930_094924_gui/brl_sensor.log,00_raw/waste/scene_04/knowno/20260930_094924_gui/brl_sensor.log,waste,4,knowno,20260930_094924_gui,5081,bd5dbfbe581fbed158ffd025568d9db11fdc61e2bfe4985995993f58cdbe5fbc
collect_exp/logs/04_BRL_WASTE/logs/master/20260930_094924_gui/brl_server.log,00_raw/waste/scene_04/knowno/20260930_094924_gui/brl_server.log,waste,4,knowno,20260930_094924_gui,3554,d04c3e06fd4f1f48c0bd20645cbf5dae5e3630f253b7ceede27e4686c43d2aa0
collect_exp/logs/04_BRL_WASTE/logs/master/20260930_094924_gui/environment_setup.log,00_raw/waste/scene_04/knowno/20260930_094924_gui/environment_setup.log,waste,4,knowno,20260930_094924_gui,1901,8198ad9e2c9d710cfa2ce0c89c1c2e254107730d57e75f2649760c0e502906a1
collect_exp/logs/04_BRL_WASTE/logs/master/20260930_094924_gui/feedback_manager.log,00_raw/waste/scene_04/knowno/20260930_094924_gui/feedback_manager.log,waste,4,knowno,20260930_094924_gui,6700,0bd7dea84355dcb0d81c0f61530f7809cf11b2efdfceef75207bfb7a5ae4661b
collect_exp/logs/04_BRL_WASTE/logs/master/20260930_094924_gui/frontend.log,00_raw/waste/scene_04/knowno/20260930_094924_gui/frontend.log,waste,4,knowno,20260930_094924_gui,1984,eaa12389865a4a0eedb0d2271cc4559b3d239a65f646f609d343d3885b0471b5
collect_exp/logs/04_BRL_WASTE/logs/master/20260930_094924_gui/knowledge_graph.log,00_raw/waste/scene_04/knowno/20260930_094924_gui/knowledge_graph.log,waste,4,knowno,20260930_094924_gui,13068,8c5561485a196feb8c440cbc482f442c98419618f2d9b8f2e7bb6d303c39f86b
collect_exp/logs/04_BRL_WASTE/logs/master/20260930_094924_gui/planner.log,00_raw/waste/scene_04/knowno/20260930_094924_gui/planner.log,waste,4,knowno,20260930_094924_gui,9638,59586cb9f722c033cca87e109ed4b6af6c34de54cf8d7ca09d466e1d54a75b74
collect_exp/logs/04_BRL_WASTE/logs/master/20260930_094924_gui/planner_experiments/exp_wastesorting_20260930_095308_298123.txt,00_raw/waste/scene_04/knowno/20260930_094924_gui/planner_experiments/exp_wastesorting_20260930_095308_298123.txt,waste,4,knowno,20260930_094924_gui,3909,8b1eb93ba969cf0320d90c89cb2c7c0f6ce1808cd71acaed882cafba1767f2f2
collect_exp/logs/04_BRL_WASTE/logs/master/20260930_094924_gui/recordings/knowno_scene4_20260930_095027_236341/recording.json,00_raw/waste/scene_04/knowno/20260930_094924_gui/recordings/knowno_scene4_20260930_095027_236341/recording.json,waste,4,knowno,20260930_094924_gui,684,00afe8aad96ce1cc87cc412be36fee4a7f67a92d00b03eb1bc12d7f5441bc5c1
collect_exp/logs/04_BRL_WASTE/logs/master/20260930_095417_gui/brl_sensor.log,00_raw/waste/scene_04/knowno/20260930_095417_gui/brl_sensor.log,waste,4,knowno,20260930_095417_gui,4686,68a74bdcc3d8014c9059a34abd20a4b350fb8a8438367c745127bc558203d313
collect_exp/logs/04_BRL_WASTE/logs/master/20260930_095417_gui/brl_server.log,00_raw/waste/scene_04/knowno/20260930_095417_gui/brl_server.log,waste,4,knowno,20260930_095417_gui,3832,d7545a3f577b95d236bff07921240b93e5262f14fb2f28bd31d1a718bce84559
collect_exp/logs/04_BRL_WASTE/logs/master/20260930_095417_gui/environment_setup.log,00_raw/waste/scene_04/knowno/20260930_095417_gui/environment_setup.log,waste,4,knowno,20260930_095417_gui,1901,da1f0a9ce73c79068e212897dd7a00a4ff1f87dee962f570b534b0719ed09a97
collect_exp/logs/04_BRL_WASTE/logs/master/20260930_095417_gui/feedback_manager.log,00_raw/waste/scene_04/knowno/20260930_095417_gui/feedback_manager.log,waste,4,knowno,20260930_095417_gui,8921,a34fe3434d5f7d9a9bbec438248b844401cda64105590d2243036add85a3ce04
collect_exp/logs/04_BRL_WASTE/logs/master/20260930_095417_gui/frontend.log,00_raw/waste/scene_04/knowno/20260930_095417_gui/frontend.log,waste,4,knowno,20260930_095417_gui,1985,16a787c1e3b9e44b86046ea4281ce20afc396fcf502d09516c302b7f7a5dfeef
collect_exp/logs/04_BRL_WASTE/logs/master/20260930_095417_gui/knowledge_graph.log,00_raw/waste/scene_04/knowno/20260930_095417_gui/knowledge_graph.log,waste,4,knowno,20260930_095417_gui,13251,7f9606b85f43d7c6cacdd0e810a0f47f29c3318494d80239721bd08de5f72748
collect_exp/logs/04_BRL_WASTE/logs/master/20260930_095417_gui/planner.log,00_raw/waste/scene_04/knowno/20260930_095417_gui/planner.log,waste,4,knowno,20260930_095417_gui,9081,142630dfb4fb6e6f7812f0a0662a6b1626de47d3355771790ef263f678f2972c
collect_exp/logs/04_BRL_WASTE/logs/master/20260930_095417_gui/planner_experiments/exp_wastesorting_20260930_095806_142171.txt,00_raw/waste/scene_04/knowno/20260930_095417_gui/planner_experiments/exp_wastesorting_20260930_095806_142171.txt,waste,4,knowno,20260930_095417_gui,3836,2de87d2fd059fd2caac07bae7b84cc1eef5e08e30e5a5b7fecee2410db89fd8b
collect_exp/logs/04_BRL_WASTE/logs/master/20260930_095417_gui/recordings/knowno_scene4_20260930_095532_898286/recording.json,00_raw/waste/scene_04/knowno/20260930_095417_gui/recordings/knowno_scene4_20260930_095532_898286/recording.json,waste,4,knowno,20260930_095417_gui,687,ae5c6e023e8f6531b8b042f0d7b304c6e80d43b29d5236a8e8974121454d8a06
collect_exp/logs/04_BRL_WASTE/logs/master/20260930_095815_gui/brl_sensor.log,00_raw/waste/scene_04/knowno/20260930_095815_gui/brl_sensor.log,waste,4,knowno,20260930_095815_gui,8225,d9b594dd952ee97a54764b7a397ac22a5ad3d6d13ff1a01be2d68161cfd4aa74
collect_exp/logs/04_BRL_WASTE/logs/master/20260930_095815_gui/brl_server.log,00_raw/waste/scene_04/knowno/20260930_095815_gui/brl_server.log,waste,4,knowno,20260930_095815_gui,4434,310cc5ae8ec549e82cf2a9e61e5e0c104956511b59dbe2905115e061913afbaf
collect_exp/logs/04_BRL_WASTE/logs/master/20260930_095815_gui/environment_setup.log,00_raw/waste/scene_04/knowno/20260930_095815_gui/environment_setup.log,waste,4,knowno,20260930_095815_gui,1901,e511af10c346fc4030ddc4e59f0906e97308c9abd9d9296146d2bd154ea8601e
collect_exp/logs/04_BRL_WASTE/logs/master/20260930_095815_gui/feedback_manager.log,00_raw/waste/scene_04/knowno/20260930_095815_gui/feedback_manager.log,waste,4,knowno,20260930_095815_gui,35304,4f870ce0c433201925fa601ad26e0fb29c9c4f5c8f77ae7f74ca64fa3d5cfef6
collect_exp/logs/04_BRL_WASTE/logs/master/20260930_095815_gui/frontend.log,00_raw/waste/scene_04/knowno/20260930_095815_gui/frontend.log,waste,4,knowno,20260930_095815_gui,1984,28187a5fe956aeea7cd03a5e9d40f9ff020f176d1f67ccf91824e84af16bedc9
collect_exp/logs/04_BRL_WASTE/logs/master/20260930_095815_gui/knowledge_graph.log,00_raw/waste/scene_04/knowno/20260930_095815_gui/knowledge_graph.log,waste,4,knowno,20260930_095815_gui,16055,8b46f1136cde81123073092984c911948a66d074a5ca1773369b0b444142d54a
collect_exp/logs/04_BRL_WASTE/logs/master/20260930_095815_gui/planner.log,00_raw/waste/scene_04/knowno/20260930_095815_gui/planner.log,waste,4,knowno,20260930_095815_gui,15300,96973968b2e4cd2801205ff450e5959eb9383befab6ad563cb288ff4d7796e2a
collect_exp/logs/04_BRL_WASTE/logs/master/20260930_095815_gui/planner_experiments/exp_wastesorting_20260930_100305_576655.txt,00_raw/waste/scene_04/knowno/20260930_095815_gui/planner_experiments/exp_wastesorting_20260930_100305_576655.txt,waste,4,knowno,20260930_095815_gui,7743,007ea33d651a10156c97c1e3ae0edfe27a0b67d66df29854e7d584ea145824e2
collect_exp/logs/04_BRL_WASTE/logs/master/20260930_095815_gui/recordings/knowno_scene4_20260930_095853_870465/recording.json,00_raw/waste/scene_04/knowno/20260930_095815_gui/recordings/knowno_scene4_20260930_095853_870465/recording.json,waste,4,knowno,20260930_095815_gui,697,a32fa0684b6aa2dab7735dbd1bcc4b88b2bb7652de079bded8c0bbef976d45ab
collect_exp/logs/04_BRL_WASTE/logs/master/20260930_100316_gui/brl_sensor.log,00_raw/waste/scene_04/knowno/20260930_100316_gui/brl_sensor.log,waste,4,knowno,20260930_100316_gui,5081,7e6e3cede4ddd95d467fb04e94cccc20eaa849c3a06475ec8f4c9f9df775f7fb
collect_exp/logs/04_BRL_WASTE/logs/master/20260930_100316_gui/brl_server.log,00_raw/waste/scene_04/knowno/20260930_100316_gui/brl_server.log,waste,4,knowno,20260930_100316_gui,3642,f89516e95ff86afab5d7ae6f7265b9edfa8a9490cf850d14294426dd66add315
collect_exp/logs/04_BRL_WASTE/logs/master/20260930_100316_gui/environment_setup.log,00_raw/waste/scene_04/knowno/20260930_100316_gui/environment_setup.log,waste,4,knowno,20260930_100316_gui,1901,8c3d97e8ddd0e85e801f7c59ef547faa08f4c9ad8d3443ec650628131f20a7b6
collect_exp/logs/04_BRL_WASTE/logs/master/20260930_100316_gui/feedback_manager.log,00_raw/waste/scene_04/knowno/20260930_100316_gui/feedback_manager.log,waste,4,knowno,20260930_100316_gui,9235,e896b62cc451dbd921cf250f6ab193bb83bd9dfddcc415a905b924621ed9beff
collect_exp/logs/04_BRL_WASTE/logs/master/20260930_100316_gui/frontend.log,00_raw/waste/scene_04/knowno/20260930_100316_gui/frontend.log,waste,4,knowno,20260930_100316_gui,1987,3f77e80cbe4d1763e1801f148481bdf0ae22b74d39d01958029cea13a23c6db2
collect_exp/logs/04_BRL_WASTE/logs/master/20260930_100316_gui/knowledge_graph.log,00_raw/waste/scene_04/knowno/20260930_100316_gui/knowledge_graph.log,waste,4,knowno,20260930_100316_gui,12477,5a2ad6b917a860b0d9b43cc67550309476c034e21eb4662313f3248cef3a49bc
collect_exp/logs/04_BRL_WASTE/logs/master/20260930_100316_gui/planner.log,00_raw/waste/scene_04/knowno/20260930_100316_gui/planner.log,waste,4,knowno,20260930_100316_gui,9672,cf094cca1bd7af045d9bc5b6386df3ff23eb16481ef9529a37a26dfe86c17ab4
collect_exp/logs/04_BRL_WASTE/logs/master/20260930_100316_gui/planner_experiments/exp_wastesorting_20260930_100635_233375.txt,00_raw/waste/scene_04/knowno/20260930_100316_gui/planner_experiments/exp_wastesorting_20260930_100635_233375.txt,waste,4,knowno,20260930_100316_gui,4071,6d5d913a43e4a3617ad8c18eaa2f87747057b479c7a5fd009977ed280e75e94c
collect_exp/logs/04_BRL_WASTE/logs/master/20260930_100316_gui/recordings/knowno_scene4_20260930_100351_260005/recording.json,00_raw/waste/scene_04/knowno/20260930_100316_gui/recordings/knowno_scene4_20260930_100351_260005/recording.json,waste,4,knowno,20260930_100316_gui,700,5d1b89e6223474a310505e8d6e2751086d4edce2264ac7bf0cfb04f1e547b0cd
collect_exp/logs/04_BRL_WASTE/logs/master/20260930_100903_gui/brl_sensor.log,00_raw/waste/scene_04/knowno/20260930_100903_gui/brl_sensor.log,waste,4,knowno,20260930_100903_gui,4670,1c1f7ed69fdcc327a7ed48bed3e88beaf03d0801f66087e805d450f9ca633fbb
collect_exp/logs/04_BRL_WASTE/logs/master/20260930_100903_gui/brl_server.log,00_raw/waste/scene_04/knowno/20260930_100903_gui/brl_server.log,waste,4,knowno,20260930_100903_gui,3642,97acde290a43c763b4bd628cae035bfdc87f3580da6d11e4f3b1735073afee78
collect_exp/logs/04_BRL_WASTE/logs/master/20260930_100903_gui/environment_setup.log,00_raw/waste/scene_04/knowno/20260930_100903_gui/environment_setup.log,waste,4,knowno,20260930_100903_gui,1901,e4326dfe8691aebc201cc95de4a07e735a97f3d10ef0395fa9d413a8f6466207
collect_exp/logs/04_BRL_WASTE/logs/master/20260930_100903_gui/feedback_manager.log,00_raw/waste/scene_04/knowno/20260930_100903_gui/feedback_manager.log,waste,4,knowno,20260930_100903_gui,8861,1bc790bf47d8080d2013120968c8eb8378bf6ef61409e5daeca101a2d7564a3a
collect_exp/logs/04_BRL_WASTE/logs/master/20260930_100903_gui/frontend.log,00_raw/waste/scene_04/knowno/20260930_100903_gui/frontend.log,waste,4,knowno,20260930_100903_gui,1987,ba1c3cc3965f59826756c35d19744bf9d4f8ef42ad8b3e8d1148cfea1a4f462f
collect_exp/logs/04_BRL_WASTE/logs/master/20260930_100903_gui/knowledge_graph.log,00_raw/waste/scene_04/knowno/20260930_100903_gui/knowledge_graph.log,waste,4,knowno,20260930_100903_gui,12055,26cb9d738fc1f9557ac25f27e93b8ec90e60bc46c5a7218cb1f1663962bb156e
collect_exp/logs/04_BRL_WASTE/logs/master/20260930_100903_gui/planner.log,00_raw/waste/scene_04/knowno/20260930_100903_gui/planner.log,waste,4,knowno,20260930_100903_gui,9087,4bab5a730248005359c2f313747409b2375abe491eb8ee77fd4fd8be87de9767
collect_exp/logs/04_BRL_WASTE/logs/master/20260930_100903_gui/planner_experiments/exp_wastesorting_20260930_101158_823996.txt,00_raw/waste/scene_04/knowno/20260930_100903_gui/planner_experiments/exp_wastesorting_20260930_101158_823996.txt,waste,4,knowno,20260930_100903_gui,3833,a53f02ae247ee7fa0c1a407ba63fe6488633b85c2399cb1ac6b05434107839a6
collect_exp/logs/04_BRL_WASTE/logs/master/20260930_100903_gui/recordings/knowno_scene4_20260930_100920_757307/recording.json,00_raw/waste/scene_04/knowno/20260930_100903_gui/recordings/knowno_scene4_20260930_100920_757307/recording.json,waste,4,knowno,20260930_100903_gui,687,dcb941ec0d112359535e02ba9b4bf6db516090e36261bc424559ffab17e3a191
collect_exp/logs/04_BRL_WASTE/logs/master/20260930_101231_gui/brl_sensor.log,00_raw/waste/scene_04/knowno/20260930_101231_gui/brl_sensor.log,waste,4,knowno,20260930_101231_gui,4756,3ca31f70f4b910ac1dd50ab27e50b5e52e0cbe9508d1396e529d2d2f48fcc3d0
collect_exp/logs/04_BRL_WASTE/logs/master/20260930_101231_gui/brl_server.log,00_raw/waste/scene_04/knowno/20260930_101231_gui/brl_server.log,waste,4,knowno,20260930_101231_gui,3984,bd065b6410797a16866bb19cfecea58487377591928a86882573bdf598220e3b
collect_exp/logs/04_BRL_WASTE/logs/master/20260930_101231_gui/environment_setup.log,00_raw/waste/scene_04/knowno/20260930_101231_gui/environment_setup.log,waste,4,knowno,20260930_101231_gui,1901,661631a69b29a1cc9d4c12fbfdf44433164df433dc3901e02d1c38b33d543062
collect_exp/logs/04_BRL_WASTE/logs/master/20260930_101231_gui/feedback_manager.log,00_raw/waste/scene_04/knowno/20260930_101231_gui/feedback_manager.log,waste,4,knowno,20260930_101231_gui,8906,0c799b3161db9f78f3926e4c35fb55c073f20696e309fc55cc07999d562cbdb8
collect_exp/logs/04_BRL_WASTE/logs/master/20260930_101231_gui/frontend.log,00_raw/waste/scene_04/knowno/20260930_101231_gui/frontend.log,waste,4,knowno,20260930_101231_gui,1987,ee13850c8fcc893fdf44ab13489ff92f80838cdff89489c4ab71b8ad7c377854
collect_exp/logs/04_BRL_WASTE/logs/master/20260930_101231_gui/knowledge_graph.log,00_raw/waste/scene_04/knowno/20260930_101231_gui/knowledge_graph.log,waste,4,knowno,20260930_101231_gui,14615,fabfc96e7158a0591fc84b1e6358dba6bd86ce85c0ab683f795ff5311e4fe0cd
collect_exp/logs/04_BRL_WASTE/logs/master/20260930_101231_gui/planner.log,00_raw/waste/scene_04/knowno/20260930_101231_gui/planner.log,waste,4,knowno,20260930_101231_gui,10256,1adcb407951f9cbd9b37674eb9f12d18c6a476e72ff7466fd5143f3742b2b90f
collect_exp/logs/04_BRL_WASTE/logs/master/20260930_101231_gui/planner_experiments/exp_wastesorting_20260930_101642_560976.txt,00_raw/waste/scene_04/knowno/20260930_101231_gui/planner_experiments/exp_wastesorting_20260930_101642_560976.txt,waste,4,knowno,20260930_101231_gui,4645,a42f549172d2153c68b602b40efc815dbbc88dcf440737d0328953bfe3ea2c92
collect_exp/logs/04_BRL_WASTE/logs/master/20260930_101231_gui/recordings/knowno_scene4_20260930_101304_701775/recording.json,00_raw/waste/scene_04/knowno/20260930_101231_gui/recordings/knowno_scene4_20260930_101304_701775/recording.json,waste,4,knowno,20260930_101231_gui,629,9c4d76fb4e9c6bc5238296509a8f05542d67baac268a55792894a54be0fbb643
collect_exp/logs/04_BRL_WASTE/logs/master/20260930_101653_gui/brl_sensor.log,00_raw/waste/scene_04/knowno/20260930_101653_gui/brl_sensor.log,waste,4,knowno,20260930_101653_gui,4756,daa96d55e5b24d2c220277422bd7420b683706bd917a5d1eeebff338798f0339
collect_exp/logs/04_BRL_WASTE/logs/master/20260930_101653_gui/brl_server.log,00_raw/waste/scene_04/knowno/20260930_101653_gui/brl_server.log,waste,4,knowno,20260930_101653_gui,3711,d9125cb2162eb073f1636d4ddbbde321ae6a11da8b0f8da1d853b9e30d84761b
collect_exp/logs/04_BRL_WASTE/logs/master/20260930_101653_gui/environment_setup.log,00_raw/waste/scene_04/knowno/20260930_101653_gui/environment_setup.log,waste,4,knowno,20260930_101653_gui,1901,5d00b9869868ccd99bfbbfa55c1412a46f170554410470846f95f37e080c3674
collect_exp/logs/04_BRL_WASTE/logs/master/20260930_101653_gui/feedback_manager.log,00_raw/waste/scene_04/knowno/20260930_101653_gui/feedback_manager.log,waste,4,knowno,20260930_101653_gui,9192,dd984f7d1becc385db7d0c0590ad539b0280ce51a4f5d8963db50ab6b772ddc6
collect_exp/logs/04_BRL_WASTE/logs/master/20260930_101653_gui/frontend.log,00_raw/waste/scene_04/knowno/20260930_101653_gui/frontend.log,waste,4,knowno,20260930_101653_gui,1987,a236983ebe53d048aa51becb661026da5d52ffb5a6b5b4e3e5a040ea4c84931a
collect_exp/logs/04_BRL_WASTE/logs/master/20260930_101653_gui/knowledge_graph.log,00_raw/waste/scene_04/knowno/20260930_101653_gui/knowledge_graph.log,waste,4,knowno,20260930_101653_gui,16403,1b22f39774c993a940d81612515fdb6f4790bc99a778405411c96347bb4f1190
collect_exp/logs/04_BRL_WASTE/logs/master/20260930_101653_gui/planner.log,00_raw/waste/scene_04/knowno/20260930_101653_gui/planner.log,waste,4,knowno,20260930_101653_gui,10244,34422accb14917cde1c67fd90c5e105519ea984066d6c64cd8dc6b4f5d421237
collect_exp/logs/04_BRL_WASTE/logs/master/20260930_101653_gui/planner_experiments/exp_wastesorting_20260930_102105_995821.txt,00_raw/waste/scene_04/knowno/20260930_101653_gui/planner_experiments/exp_wastesorting_20260930_102105_995821.txt,waste,4,knowno,20260930_101653_gui,4658,7998a8ca5da52758b0bdc4cee5b7a6572d5913279ca20ce2f647b81216cb701d
collect_exp/logs/04_BRL_WASTE/logs/master/20260930_101653_gui/recordings/knowno_scene4_20260930_101752_215363/recording.json,00_raw/waste/scene_04/knowno/20260930_101653_gui/recordings/knowno_scene4_20260930_101752_215363/recording.json,waste,4,knowno,20260930_101653_gui,642,66e5746036ffb3573acfa1dcf101200fc3e3cb56f9847180c2fa3febb3767c49
collect_exp/logs/04_BRL_WASTE/logs/master/20260930_102252_gui/brl_sensor.log,00_raw/waste/scene_04/knowno/20260930_102252_gui/brl_sensor.log,waste,4,knowno,20260930_102252_gui,5065,80aad7cd836273a2aaada54f2fdcc9c83bc53e18c746a55a1ceb39dbf070d369
collect_exp/logs/04_BRL_WASTE/logs/master/20260930_102252_gui/brl_server.log,00_raw/waste/scene_04/knowno/20260930_102252_gui/brl_server.log,waste,4,knowno,20260930_102252_gui,3832,16753dc7f2a43df8f27bc2ae40a757e4f2b34a5dca1dc51be144088e683b277b
collect_exp/logs/04_BRL_WASTE/logs/master/20260930_102252_gui/environment_setup.log,00_raw/waste/scene_04/knowno/20260930_102252_gui/environment_setup.log,waste,4,knowno,20260930_102252_gui,1901,7e787e63d00fc1980524fa4bc2d3fd9e5f9042ad094a7f33adc3841d5bdb39b4
collect_exp/logs/04_BRL_WASTE/logs/master/20260930_102252_gui/feedback_manager.log,00_raw/waste/scene_04/knowno/20260930_102252_gui/feedback_manager.log,waste,4,knowno,20260930_102252_gui,9293,c3d110b3d2ba6fbc1acd4a8a107c24bf2f1a0d665669f450fe197247aaebc985
collect_exp/logs/04_BRL_WASTE/logs/master/20260930_102252_gui/frontend.log,00_raw/waste/scene_04/knowno/20260930_102252_gui/frontend.log,waste,4,knowno,20260930_102252_gui,1987,bd3be34b2d3e0a4cd4777b20bdb5a9badcf39145c9e88c7963657257bfe89ed4
collect_exp/logs/04_BRL_WASTE/logs/master/20260930_102252_gui/knowledge_graph.log,00_raw/waste/scene_04/knowno/20260930_102252_gui/knowledge_graph.log,waste,4,knowno,20260930_102252_gui,21314,ebf163dc5a9a2d521213a6d161ac0bba2fe29d038d51e47f949a8a5c60aa7df7
collect_exp/logs/04_BRL_WASTE/logs/master/20260930_102252_gui/planner.log,00_raw/waste/scene_04/knowno/20260930_102252_gui/planner.log,waste,4,knowno,20260930_102252_gui,9685,ce54345d699507c91c1d5a2506fcd76dfe94eccd6af6d6f21e51cd65aeba6b47
collect_exp/logs/04_BRL_WASTE/logs/master/20260930_102252_gui/planner_experiments/exp_wastesorting_20260930_102619_236642.txt,00_raw/waste/scene_04/knowno/20260930_102252_gui/planner_experiments/exp_wastesorting_20260930_102619_236642.txt,waste,4,knowno,20260930_102252_gui,4084,df789e29351cf08636a4d7835b54f658e16dae8f72792923e70819ea92dda6ea
collect_exp/logs/04_BRL_WASTE/logs/master/20260930_102252_gui/recordings/knowno_scene4_20260930_102326_942314/recording.json,00_raw/waste/scene_04/knowno/20260930_102252_gui/recordings/knowno_scene4_20260930_102326_942314/recording.json,waste,4,knowno,20260930_102252_gui,699,77c483b459f7065647ed944a7d88358322496cbce88000f78c570ccd7d8b8198
collect_exp/logs/04_BRL_WASTE/logs/master/20260930_103050_gui_pomdp_scene4/brl_sensor.log,00_raw/waste/scene_04/pomdp/20260930_103050_gui_pomdp_scene4/brl_sensor.log,waste,4,pomdp,20260930_103050_gui_pomdp_scene4,5167,f78a17d1d9b10ecdd9b6535657edfa7c2e22e6ad593cee801a8d557f123319f9
collect_exp/logs/04_BRL_WASTE/logs/master/20260930_103050_gui_pomdp_scene4/brl_server.log,00_raw/waste/scene_04/pomdp/20260930_103050_gui_pomdp_scene4/brl_server.log,waste,4,pomdp,20260930_103050_gui_pomdp_scene4,4433,efdbbd4fdc36fa6c7cec19295bc1252e06bf31784f9a4dc75257636ea8e7ce7b
collect_exp/logs/04_BRL_WASTE/logs/master/20260930_103050_gui_pomdp_scene4/environment_setup.log,00_raw/waste/scene_04/pomdp/20260930_103050_gui_pomdp_scene4/environment_setup.log,waste,4,pomdp,20260930_103050_gui_pomdp_scene4,1901,906250e4738d31016ce0b8a03a8c3f62818341f25d23d0084fb780599d4742fe
collect_exp/logs/04_BRL_WASTE/logs/master/20260930_103050_gui_pomdp_scene4/feedback_manager.log,00_raw/waste/scene_04/pomdp/20260930_103050_gui_pomdp_scene4/feedback_manager.log,waste,4,pomdp,20260930_103050_gui_pomdp_scene4,24575,50796c8f7369e655b06f84bee95cf2218533e33e78a4b54cf664ab908bb17481
collect_exp/logs/04_BRL_WASTE/logs/master/20260930_103050_gui_pomdp_scene4/frontend.log,00_raw/waste/scene_04/pomdp/20260930_103050_gui_pomdp_scene4/frontend.log,waste,4,pomdp,20260930_103050_gui_pomdp_scene4,1986,45c120e578a39e746005bbfa0728acb53d19bb057e8edd2a5e937be50f3935c6
collect_exp/logs/04_BRL_WASTE/logs/master/20260930_103050_gui_pomdp_scene4/knowledge_graph.log,00_raw/waste/scene_04/pomdp/20260930_103050_gui_pomdp_scene4/knowledge_graph.log,waste,4,pomdp,20260930_103050_gui_pomdp_scene4,14258,b46a3e64dfe33399064ba2fc6668beecde6b3f999316364f2fc763a08cbacfac
collect_exp/logs/04_BRL_WASTE/logs/master/20260930_103050_gui_pomdp_scene4/planner.log,00_raw/waste/scene_04/pomdp/20260930_103050_gui_pomdp_scene4/planner.log,waste,4,pomdp,20260930_103050_gui_pomdp_scene4,13106,bb447c99578f6a0e8ce55b7defa42ccf1180c14d38d84f512e033dc49ddc06a1
collect_exp/logs/04_BRL_WASTE/logs/master/20260930_103050_gui_pomdp_scene4/pomdp_experiments/exp_wastesorting_20260930_103448_038589.txt,00_raw/waste/scene_04/pomdp/20260930_103050_gui_pomdp_scene4/pomdp_experiments/exp_wastesorting_20260930_103448_038589.txt,waste,4,pomdp,20260930_103050_gui_pomdp_scene4,7004,1b71af94fa0e4d569664db2c6f205f56f6332c39dde0f643b78201aa7fdf5df6
collect_exp/logs/04_BRL_WASTE/logs/master/20260930_103050_gui_pomdp_scene4/recordings/pomdp_planner_scene4_20260930_103120_818063/recording.json,00_raw/waste/scene_04/pomdp/20260930_103050_gui_pomdp_scene4/recordings/pomdp_planner_scene4_20260930_103120_818063/recording.json,waste,4,pomdp,20260930_103050_gui_pomdp_scene4,643,3ad74137457798fa951951357f24e3ec77e0ae04d7fd2a5b98f63af2c0e00e4e
collect_exp/logs/04_BRL_WASTE/logs/master/20260930_103453_gui/brl_sensor.log,00_raw/waste/scene_04/pomdp/20260930_103453_gui/brl_sensor.log,waste,4,pomdp,20260930_103453_gui,5151,a8f22132855a9d9347a207b7408ae815ffe136e44a8b2912afb339879883459c
collect_exp/logs/04_BRL_WASTE/logs/master/20260930_103453_gui/brl_server.log,00_raw/waste/scene_04/pomdp/20260930_103453_gui/brl_server.log,waste,4,pomdp,20260930_103453_gui,4344,eca83f5e5d3e7c4255e569f8d65ea29645d6e19c967aaadd0bdc944ada54aec2
collect_exp/logs/04_BRL_WASTE/logs/master/20260930_103453_gui/environment_setup.log,00_raw/waste/scene_04/pomdp/20260930_103453_gui/environment_setup.log,waste,4,pomdp,20260930_103453_gui,1901,12af7f70a8b45eb1d166e10985ac3ce25475d790be637345aaa984a39e5ace0a
collect_exp/logs/04_BRL_WASTE/logs/master/20260930_103453_gui/feedback_manager.log,00_raw/waste/scene_04/pomdp/20260930_103453_gui/feedback_manager.log,waste,4,pomdp,20260930_103453_gui,24624,75bbfccc54dbc7b6e4f8f0bf71fd3f1cedfa2c886945ee8d921da392bed689bf
collect_exp/logs/04_BRL_WASTE/logs/master/20260930_103453_gui/frontend.log,00_raw/waste/scene_04/pomdp/20260930_103453_gui/frontend.log,waste,4,pomdp,20260930_103453_gui,1987,142a7234faa3248f09d3736509598669e498e5b4ede9a4b6ee518e64082860e1
collect_exp/logs/04_BRL_WASTE/logs/master/20260930_103453_gui/knowledge_graph.log,00_raw/waste/scene_04/pomdp/20260930_103453_gui/knowledge_graph.log,waste,4,pomdp,20260930_103453_gui,14658,5be8d9c9588cd9dacdc5bf9353f3a650f9ed8eb318e01a672a3868b7150af110
collect_exp/logs/04_BRL_WASTE/logs/master/20260930_103453_gui/planner.log,00_raw/waste/scene_04/pomdp/20260930_103453_gui/planner.log,waste,4,pomdp,20260930_103453_gui,13086,3ddb2a521943495fe9e4553ef608c07a82e0f2c62375e7edf327c9a5e039c23c
collect_exp/logs/04_BRL_WASTE/logs/master/20260930_103453_gui/pomdp_experiments/exp_wastesorting_20260930_103903_955723.txt,00_raw/waste/scene_04/pomdp/20260930_103453_gui/pomdp_experiments/exp_wastesorting_20260930_103903_955723.txt,waste,4,pomdp,20260930_103453_gui,7004,dd284fb0f4eb3a17b64149d39f151f9d84825fe11a20a106ae0ecb0338f7a5ab
collect_exp/logs/04_BRL_WASTE/logs/master/20260930_103453_gui/recordings/pomdp_planner_scene4_20260930_103534_355509/recording.json,00_raw/waste/scene_04/pomdp/20260930_103453_gui/recordings/pomdp_planner_scene4_20260930_103534_355509/recording.json,waste,4,pomdp,20260930_103453_gui,656,7838f44f49ac72f346a9a21bc0bbf7365c74c67414a39aa967a9a168f00ffd53
collect_exp/logs/04_BRL_WASTE/logs/master/20260930_104118_gui/brl_sensor.log,00_raw/waste/scene_04/pomdp/20260930_104118_gui/brl_sensor.log,waste,4,pomdp,20260930_104118_gui,5195,114b45e009fce8834cca63688272f2850d49053172478d33484fb292596eb701
collect_exp/logs/04_BRL_WASTE/logs/master/20260930_104118_gui/brl_server.log,00_raw/waste/scene_04/pomdp/20260930_104118_gui/brl_server.log,waste,4,pomdp,20260930_104118_gui,4257,64b0a768f87bb551776f11b474bd21fb245ef254580a0a38323b6e861faafe80
collect_exp/logs/04_BRL_WASTE/logs/master/20260930_104118_gui/environment_setup.log,00_raw/waste/scene_04/pomdp/20260930_104118_gui/environment_setup.log,waste,4,pomdp,20260930_104118_gui,1901,942606ea1d6382792c5c36f33826e42eed2f1105f3e11bd51515a88c0227759b
collect_exp/logs/04_BRL_WASTE/logs/master/20260930_104118_gui/feedback_manager.log,00_raw/waste/scene_04/pomdp/20260930_104118_gui/feedback_manager.log,waste,4,pomdp,20260930_104118_gui,20215,4fb02299e5fc60d5484efa9f50a98494b09edcd42beecd5c6e192cd79c9a65e6
collect_exp/logs/04_BRL_WASTE/logs/master/20260930_104118_gui/frontend.log,00_raw/waste/scene_04/pomdp/20260930_104118_gui/frontend.log,waste,4,pomdp,20260930_104118_gui,1987,4b85a4ab321946a6b737d315836564c4536b188b265ec857b2c577d7f441f5e2
collect_exp/logs/04_BRL_WASTE/logs/master/20260930_104118_gui/knowledge_graph.log,00_raw/waste/scene_04/pomdp/20260930_104118_gui/knowledge_graph.log,waste,4,pomdp,20260930_104118_gui,14756,c06dd57c720696fa63ece2257832b5e9ff70ca9599841aff266ae82a76c551d7
collect_exp/logs/04_BRL_WASTE/logs/master/20260930_104118_gui/planner.log,00_raw/waste/scene_04/pomdp/20260930_104118_gui/planner.log,waste,4,pomdp,20260930_104118_gui,12777,c7ed394a4fbd0e1b9980633cf2ae7d511623a94deba3dcf16bd2ab5a5ece3aca
collect_exp/logs/04_BRL_WASTE/logs/master/20260930_104118_gui/pomdp_experiments/exp_wastesorting_20260930_104506_638780.txt,00_raw/waste/scene_04/pomdp/20260930_104118_gui/pomdp_experiments/exp_wastesorting_20260930_104506_638780.txt,waste,4,pomdp,20260930_104118_gui,6700,4bb60aedc5e22cc65bfc0e30c266b5cef230e611e1d728573f6739c71a7343e8
collect_exp/logs/04_BRL_WASTE/logs/master/20260930_104118_gui/recordings/pomdp_planner_scene4_20260930_104136_099296/recording.json,00_raw/waste/scene_04/pomdp/20260930_104118_gui/recordings/pomdp_planner_scene4_20260930_104136_099296/recording.json,waste,4,pomdp,20260930_104118_gui,656,1c032a6edf82de9802448f0b5e9af5f2aa501d4e716368d8a185450c8f728089
collect_exp/logs/04_BRL_WASTE/logs/master/20260930_104532_gui/brl_sensor.log,00_raw/waste/scene_04/pomdp/20260930_104532_gui/brl_sensor.log,waste,4,pomdp,20260930_104532_gui,4800,5acf47ea8df7cbeb450b9e3f39d8cd5617d251ff20bc0dad1a920e88115d8ce5
collect_exp/logs/04_BRL_WASTE/logs/master/20260930_104532_gui/brl_server.log,00_raw/waste/scene_04/pomdp/20260930_104532_gui/brl_server.log,waste,4,pomdp,20260930_104532_gui,4365,624fe3841df82a81529aa24b38a17153d43ae034610eb2950d831dc3216137d9
collect_exp/logs/04_BRL_WASTE/logs/master/20260930_104532_gui/environment_setup.log,00_raw/waste/scene_04/pomdp/20260930_104532_gui/environment_setup.log,waste,4,pomdp,20260930_104532_gui,1901,63862dcce1ba70ccd6e838954036a7a4551e02bcd07ebde2b9ce2be7afdac2e9
collect_exp/logs/04_BRL_WASTE/logs/master/20260930_104532_gui/feedback_manager.log,00_raw/waste/scene_04/pomdp/20260930_104532_gui/feedback_manager.log,waste,4,pomdp,20260930_104532_gui,21993,666f0801524ec3f73034880751e83b8d9158f417bb25ef505c097f65f7af616f
collect_exp/logs/04_BRL_WASTE/logs/master/20260930_104532_gui/frontend.log,00_raw/waste/scene_04/pomdp/20260930_104532_gui/frontend.log,waste,4,pomdp,20260930_104532_gui,1987,862a299acab1e37532683838c7e1903fa8ac4cfa4b2adfeeb651f4aaa7fc2fd4
collect_exp/logs/04_BRL_WASTE/logs/master/20260930_104532_gui/knowledge_graph.log,00_raw/waste/scene_04/pomdp/20260930_104532_gui/knowledge_graph.log,waste,4,pomdp,20260930_104532_gui,15035,1e269c31505cc823d22add58f37952458a3810ecd3b4c8985c93815673d03edc
collect_exp/logs/04_BRL_WASTE/logs/master/20260930_104532_gui/planner.log,00_raw/waste/scene_04/pomdp/20260930_104532_gui/planner.log,waste,4,pomdp,20260930_104532_gui,12390,b2cfcdf84d0933caff517fde6a7b8450136cbc2da51b80996a601fb800efae87
collect_exp/logs/04_BRL_WASTE/logs/master/20260930_104532_gui/pomdp_experiments/exp_wastesorting_20260930_104928_000256.txt,00_raw/waste/scene_04/pomdp/20260930_104532_gui/pomdp_experiments/exp_wastesorting_20260930_104928_000256.txt,waste,4,pomdp,20260930_104532_gui,6570,4a82aa69fa65edc539f0ebcda45774404ab8dc7053b0524ff9f5d3edb667d8a9
collect_exp/logs/04_BRL_WASTE/logs/master/20260930_104532_gui/recordings/pomdp_planner_scene4_20260930_104603_385859/recording.json,00_raw/waste/scene_04/pomdp/20260930_104532_gui/recordings/pomdp_planner_scene4_20260930_104603_385859/recording.json,waste,4,pomdp,20260930_104532_gui,644,fd8e4910f99a4ebad923847619cd14fdcdbed781d3c4b7d337a8b60e39478d5e
collect_exp/logs/04_BRL_WASTE/logs/master/20260930_105227_gui/brl_sensor.log,00_raw/waste/scene_04/pomdp/20260930_105227_gui/brl_sensor.log,waste,4,pomdp,20260930_105227_gui,5195,72dcf8fb3c0d1e6e245cbc12a995554bbbfda2beb96334416df245d9dab03a6b
collect_exp/logs/04_BRL_WASTE/logs/master/20260930_105227_gui/brl_server.log,00_raw/waste/scene_04/pomdp/20260930_105227_gui/brl_server.log,waste,4,pomdp,20260930_105227_gui,4344,55cfc8e427d0bf0f3f94aecdb985cbfe3f2a3e0f7b5d3048dedf7cae14788e71
collect_exp/logs/04_BRL_WASTE/logs/master/20260930_105227_gui/environment_setup.log,00_raw/waste/scene_04/pomdp/20260930_105227_gui/environment_setup.log,waste,4,pomdp,20260930_105227_gui,1901,4132c43a3d02fa7c3e56d921319b28ee75320e6895010dda05e5cda4a4372621
collect_exp/logs/04_BRL_WASTE/logs/master/20260930_105227_gui/feedback_manager.log,00_raw/waste/scene_04/pomdp/20260930_105227_gui/feedback_manager.log,waste,4,pomdp,20260930_105227_gui,24695,b60a3011067dd0810416c184c4c0b56408a266534c45e18da344b5d9ebcec97b
collect_exp/logs/04_BRL_WASTE/logs/master/20260930_105227_gui/frontend.log,00_raw/waste/scene_04/pomdp/20260930_105227_gui/frontend.log,waste,4,pomdp,20260930_105227_gui,1986,83d6f90aafcc12290b9ff7264620fa9395994d9f6b6d38fa4bbaf40e3076c219
collect_exp/logs/04_BRL_WASTE/logs/master/20260930_105227_gui/knowledge_graph.log,00_raw/waste/scene_04/pomdp/20260930_105227_gui/knowledge_graph.log,waste,4,pomdp,20260930_105227_gui,18153,96456a8858567c7e195e02ceb12fbf02de1134809b7666e2c17b5bb6a82a0947
collect_exp/logs/04_BRL_WASTE/logs/master/20260930_105227_gui/planner.log,00_raw/waste/scene_04/pomdp/20260930_105227_gui/planner.log,waste,4,pomdp,20260930_105227_gui,13090,e8d04f9436f923197ed0eb3fbbe4ead22cdd82df823e6862351082e9c053a4e1
collect_exp/logs/04_BRL_WASTE/logs/master/20260930_105227_gui/pomdp_experiments/exp_wastesorting_20260930_105641_536492.txt,00_raw/waste/scene_04/pomdp/20260930_105227_gui/pomdp_experiments/exp_wastesorting_20260930_105641_536492.txt,waste,4,pomdp,20260930_105227_gui,7004,a4e6ec0d1d77006a4d06c55ed3a1196bd579b9b698cfc2d61710dc7903925ff7
collect_exp/logs/04_BRL_WASTE/logs/master/20260930_105227_gui/recordings/pomdp_planner_scene4_20260930_105307_090116/recording.json,00_raw/waste/scene_04/pomdp/20260930_105227_gui/recordings/pomdp_planner_scene4_20260930_105307_090116/recording.json,waste,4,pomdp,20260930_105227_gui,643,4c674fd9fd8fc1ce36c8fcc00f792adceec33d172020a7caa17467d4b3d7d212
collect_exp/logs/04_BRL_WASTE/logs/master/20260930_105852_gui/brl_sensor.log,00_raw/waste/scene_04/pomdp/20260930_105852_gui/brl_sensor.log,waste,4,pomdp,20260930_105852_gui,4077,ae4a3a7dff906acbc919b23c6e878e312418c5cc408e128b6b3f4c0c2de8a3c2
collect_exp/logs/04_BRL_WASTE/logs/master/20260930_105852_gui/brl_server.log,00_raw/waste/scene_04/pomdp/20260930_105852_gui/brl_server.log,waste,4,pomdp,20260930_105852_gui,4013,46f279ec9ee343d554f4188d1ccfebf3c93aea85895e24fcf4cbac24914e8f11
collect_exp/logs/04_BRL_WASTE/logs/master/20260930_105852_gui/environment_setup.log,00_raw/waste/scene_04/pomdp/20260930_105852_gui/environment_setup.log,waste,4,pomdp,20260930_105852_gui,1776,a3c4ba5fa9a38387890c8c3a50d583315d376be50efb904d826abc712f7d5866
collect_exp/logs/04_BRL_WASTE/logs/master/20260930_105852_gui/feedback_manager.log,00_raw/waste/scene_04/pomdp/20260930_105852_gui/feedback_manager.log,waste,4,pomdp,20260930_105852_gui,12827,2d20e7e768b624ee754604c9b09ca7ac859c37a0cd42ebcaf7bf919c7ce11faa
collect_exp/logs/04_BRL_WASTE/logs/master/20260930_105852_gui/frontend.log,00_raw/waste/scene_04/pomdp/20260930_105852_gui/frontend.log,waste,4,pomdp,20260930_105852_gui,1987,f325948829442881c9033e1da273deb80a64e8a06ce20abd4b0d9bf69653e6bd
collect_exp/logs/04_BRL_WASTE/logs/master/20260930_105852_gui/knowledge_graph.log,00_raw/waste/scene_04/pomdp/20260930_105852_gui/knowledge_graph.log,waste,4,pomdp,20260930_105852_gui,5800,8a8f8103355d2f6f4af3a2362caeb9fc64f0455b86e645ece487005ead6211bf
collect_exp/logs/04_BRL_WASTE/logs/master/20260930_105852_gui/planner.log,00_raw/waste/scene_04/pomdp/20260930_105852_gui/planner.log,waste,4,pomdp,20260930_105852_gui,4162,05040f90075da720eef9885558567957af123588eb517789c757313ff2d4bd97
collect_exp/logs/04_BRL_WASTE/logs/master/20260930_105852_gui/pomdp_experiments/exp_wastesorting_20260930_105951_134528.txt,00_raw/waste/scene_04/pomdp/20260930_105852_gui/pomdp_experiments/exp_wastesorting_20260930_105951_134528.txt,waste,4,pomdp,20260930_105852_gui,3184,a17924a5f18b9a8f54d68d824358771c580a57c27671135354205825477645bd
collect_exp/logs/04_BRL_WASTE/logs/master/20260930_105852_gui/recordings/pomdp_planner_scene4_20260930_105913_928048/recording.json,00_raw/waste/scene_04/pomdp/20260930_105852_gui/recordings/pomdp_planner_scene4_20260930_105913_928048/recording.json,waste,4,pomdp,20260930_105852_gui,659,a59ba0d526d815bdc17f74ded57808bfa0c00aade0fa408b5a317e95b0e1b289
collect_exp/logs/04_BRL_WASTE/logs/master/20260930_111719_gui/brl_sensor.log,00_raw/waste/scene_04/pomdp/20260930_111719_gui/brl_sensor.log,waste,4,pomdp,20260930_111719_gui,4714,3ba9f480bf3bfae5aed4964cd2e8a39f70efce06dd97d231e67acdc11a31c10b
collect_exp/logs/04_BRL_WASTE/logs/master/20260930_111719_gui/brl_server.log,00_raw/waste/scene_04/pomdp/20260930_111719_gui/brl_server.log,waste,4,pomdp,20260930_111719_gui,4260,8c8d17702624070d311a4a517a4ff27df65c9c04f15de5a1619570fa20398fa1
collect_exp/logs/04_BRL_WASTE/logs/master/20260930_111719_gui/environment_setup.log,00_raw/waste/scene_04/pomdp/20260930_111719_gui/environment_setup.log,waste,4,pomdp,20260930_111719_gui,1901,4b6932361b4ba3395f93bde5b46c1149eac4b8be3c4964bf019056654f1cbdb8
collect_exp/logs/04_BRL_WASTE/logs/master/20260930_111719_gui/feedback_manager.log,00_raw/waste/scene_04/pomdp/20260930_111719_gui/feedback_manager.log,waste,4,pomdp,20260930_111719_gui,22077,c123ffa49fa70604de4e7251fc1d83993f70294ada6272c223d975de2c2ea24d
collect_exp/logs/04_BRL_WASTE/logs/master/20260930_111719_gui/frontend.log,00_raw/waste/scene_04/pomdp/20260930_111719_gui/frontend.log,waste,4,pomdp,20260930_111719_gui,1986,7b7d3d5ee17b34833d6159a9f2a8f719a4b460e2ca7d94cf9522c5977dff4475
collect_exp/logs/04_BRL_WASTE/logs/master/20260930_111719_gui/knowledge_graph.log,00_raw/waste/scene_04/pomdp/20260930_111719_gui/knowledge_graph.log,waste,4,pomdp,20260930_111719_gui,13280,5ac5c97c214ab165f99fb7da4e5ea09f32eca87de72a1f0140b16e1157026e1b
collect_exp/logs/04_BRL_WASTE/logs/master/20260930_111719_gui/planner.log,00_raw/waste/scene_04/pomdp/20260930_111719_gui/planner.log,waste,4,pomdp,20260930_111719_gui,10615,9a85988bd5ed2ebe2338437b708ac0a7a090b0d8a5009ca7c998a3573c67e99c
collect_exp/logs/04_BRL_WASTE/logs/master/20260930_111719_gui/pomdp_experiments/exp_wastesorting_20260930_112027_753757.txt,00_raw/waste/scene_04/pomdp/20260930_111719_gui/pomdp_experiments/exp_wastesorting_20260930_112027_753757.txt,waste,4,pomdp,20260930_111719_gui,5830,6040f1fbeb8c7a718c2e44f7c6f7b5474dba57b43aebb9290e470c725f10853b
collect_exp/logs/04_BRL_WASTE/logs/master/20260930_111719_gui/recordings/pomdp_planner_scene4_20260930_111737_134644/recording.json,00_raw/waste/scene_04/pomdp/20260930_111719_gui/recordings/pomdp_planner_scene4_20260930_111737_134644/recording.json,waste,4,pomdp,20260930_111719_gui,659,c9d0eebb53beb2919ec6fef3b1b0226760516b55f7e3d81c2a99368b62f76b79
collect_exp/logs/04_BRL_WASTE/logs/master/20260930_112143_gui/brl_sensor.log,00_raw/waste/scene_04/pomdp/20260930_112143_gui/brl_sensor.log,waste,4,pomdp,20260930_112143_gui,5195,6f3e0d61cd199042aa85571fe89796b3efd37f0221247300d0b2b471fcf24caf
collect_exp/logs/04_BRL_WASTE/logs/master/20260930_112143_gui/brl_server.log,00_raw/waste/scene_04/pomdp/20260930_112143_gui/brl_server.log,waste,4,pomdp,20260930_112143_gui,4344,d5bde4cf3788251bb9b1c8bcd3ddafb149dab1104a5588cd51f8d2ab4783339d
collect_exp/logs/04_BRL_WASTE/logs/master/20260930_112143_gui/environment_setup.log,00_raw/waste/scene_04/pomdp/20260930_112143_gui/environment_setup.log,waste,4,pomdp,20260930_112143_gui,1776,b92925e8816f7d7feecd93a6f58b147f6bf4f095d1575fff177ecf9629a7bcbf
collect_exp/logs/04_BRL_WASTE/logs/master/20260930_112143_gui/feedback_manager.log,00_raw/waste/scene_04/pomdp/20260930_112143_gui/feedback_manager.log,waste,4,pomdp,20260930_112143_gui,24594,76550476fe7cb923e2cd95122666572e29ce96016c32de54cc08c51154568196
collect_exp/logs/04_BRL_WASTE/logs/master/20260930_112143_gui/frontend.log,00_raw/waste/scene_04/pomdp/20260930_112143_gui/frontend.log,waste,4,pomdp,20260930_112143_gui,1987,e1d56549393876e5bc13d73cd9d38053d1382f2df139c3abee01479a7a56b941
collect_exp/logs/04_BRL_WASTE/logs/master/20260930_112143_gui/knowledge_graph.log,00_raw/waste/scene_04/pomdp/20260930_112143_gui/knowledge_graph.log,waste,4,pomdp,20260930_112143_gui,14503,642d21cc0739a1debfd61593556da448e4e328b865e1fd2b48d8009543859315
collect_exp/logs/04_BRL_WASTE/logs/master/20260930_112143_gui/planner.log,00_raw/waste/scene_04/pomdp/20260930_112143_gui/planner.log,waste,4,pomdp,20260930_112143_gui,13124,f2a37bf2f86cd9d9e1a36847aee391986a62dd58a250093c211cc96306d2c86d
collect_exp/logs/04_BRL_WASTE/logs/master/20260930_112143_gui/pomdp_experiments/exp_wastesorting_20260930_112535_599033.txt,00_raw/waste/scene_04/pomdp/20260930_112143_gui/pomdp_experiments/exp_wastesorting_20260930_112535_599033.txt,waste,4,pomdp,20260930_112143_gui,7005,00baffbb9232fa73de24c344555b15b4dd28cf3d02e17b7c98a913cdefedd4c8
collect_exp/logs/04_BRL_WASTE/logs/master/20260930_112143_gui/recordings/pomdp_planner_scene4_20260930_112203_473280/recording.json,00_raw/waste/scene_04/pomdp/20260930_112143_gui/recordings/pomdp_planner_scene4_20260930_112203_473280/recording.json,waste,4,pomdp,20260930_112143_gui,657,9c0eb6671b3ff9736c58ad1d3c92d3fd2731bd2a5a93ceeeb8eddc1766951ca5
collect_exp/logs/04_BRL_WASTE/logs/master/20260930_112820_gui/brl_sensor.log,00_raw/waste/scene_04/pomdp/20260930_112820_gui/brl_sensor.log,waste,4,pomdp,20260930_112820_gui,5195,24561a241f001260629a1e2456daed0d436cc6602655667aecd3995194287306
collect_exp/logs/04_BRL_WASTE/logs/master/20260930_112820_gui/brl_server.log,00_raw/waste/scene_04/pomdp/20260930_112820_gui/brl_server.log,waste,4,pomdp,20260930_112820_gui,4413,2daae51b6ce7a1dd461437cd2a9b84416a92bc2cd2f1eb3ba144d8723c75f8c4
collect_exp/logs/04_BRL_WASTE/logs/master/20260930_112820_gui/environment_setup.log,00_raw/waste/scene_04/pomdp/20260930_112820_gui/environment_setup.log,waste,4,pomdp,20260930_112820_gui,1901,2d46108f7a90acb120d7f03c63a304485ee827143b5b8cd63d745878649ed3ae
collect_exp/logs/04_BRL_WASTE/logs/master/20260930_112820_gui/feedback_manager.log,00_raw/waste/scene_04/pomdp/20260930_112820_gui/feedback_manager.log,waste,4,pomdp,20260930_112820_gui,24629,5a3b8da280c06dd7d0474fefbad313a6abeefd13d835ca6cd6a7329be0017da0
collect_exp/logs/04_BRL_WASTE/logs/master/20260930_112820_gui/frontend.log,00_raw/waste/scene_04/pomdp/20260930_112820_gui/frontend.log,waste,4,pomdp,20260930_112820_gui,1987,44c8cc78aa5681ca3fe5462bd99fa611c47f0e37b2b5124f63b688f938137016
collect_exp/logs/04_BRL_WASTE/logs/master/20260930_112820_gui/knowledge_graph.log,00_raw/waste/scene_04/pomdp/20260930_112820_gui/knowledge_graph.log,waste,4,pomdp,20260930_112820_gui,15146,7317ef6b6e70d74041ac2592f1825a5522a2f709260009317817602790c4b52a
collect_exp/logs/04_BRL_WASTE/logs/master/20260930_112820_gui/planner.log,00_raw/waste/scene_04/pomdp/20260930_112820_gui/planner.log,waste,4,pomdp,20260930_112820_gui,13091,8675d86c0e0ce29669866e6b1c8319ffda1190834cf88e04d90c2b9dc58ad61f
collect_exp/logs/04_BRL_WASTE/logs/master/20260930_112820_gui/pomdp_experiments/exp_wastesorting_20260930_113225_198569.txt,00_raw/waste/scene_04/pomdp/20260930_112820_gui/pomdp_experiments/exp_wastesorting_20260930_113225_198569.txt,waste,4,pomdp,20260930_112820_gui,7008,c0c3eaf6f874a746be1b57996fa0e2dbae9a2114e6cb1ddd323dd5699c521618
collect_exp/logs/04_BRL_WASTE/logs/master/20260930_112820_gui/recordings/pomdp_planner_scene4_20260930_112848_794831/recording.json,00_raw/waste/scene_04/pomdp/20260930_112820_gui/recordings/pomdp_planner_scene4_20260930_112848_794831/recording.json,waste,4,pomdp,20260930_112820_gui,644,cf5ce2c6f12d06f6f44ba318973237ed91473bc0c84257c7d34e54bb4474ba55
collect_exp/logs/04_BRL_WASTE/logs/master/20260930_113245_gui/brl_sensor.log,00_raw/waste/scene_04/pomdp/20260930_113245_gui/brl_sensor.log,waste,4,pomdp,20260930_113245_gui,5195,e7c6a8387019fb5b01cdded2950578f06908b32478cfdb21dc6c3f988cca2930
collect_exp/logs/04_BRL_WASTE/logs/master/20260930_113245_gui/brl_server.log,00_raw/waste/scene_04/pomdp/20260930_113245_gui/brl_server.log,waste,4,pomdp,20260930_113245_gui,4257,839bb9d8cdb3016a2cef43025d64360f61ac6c0ef4c2d877f11e5e71b9cea630
collect_exp/logs/04_BRL_WASTE/logs/master/20260930_113245_gui/environment_setup.log,00_raw/waste/scene_04/pomdp/20260930_113245_gui/environment_setup.log,waste,4,pomdp,20260930_113245_gui,1901,018e621d84ba2d6b3dde5b8fb32488cb7228fc9b205a1fc9ce9a89d08a51f59b
collect_exp/logs/04_BRL_WASTE/logs/master/20260930_113245_gui/feedback_manager.log,00_raw/waste/scene_04/pomdp/20260930_113245_gui/feedback_manager.log,waste,4,pomdp,20260930_113245_gui,20210,f7aeeb0997c93b230da2b4c666f771744981017caacaf8261d2fa53ea95b32d8
collect_exp/logs/04_BRL_WASTE/logs/master/20260930_113245_gui/frontend.log,00_raw/waste/scene_04/pomdp/20260930_113245_gui/frontend.log,waste,4,pomdp,20260930_113245_gui,1986,6bd7764fd8ed5ec9734fa0142328db289075aa40aa148ed446f81dfdf7f6db03
collect_exp/logs/04_BRL_WASTE/logs/master/20260930_113245_gui/knowledge_graph.log,00_raw/waste/scene_04/pomdp/20260930_113245_gui/knowledge_graph.log,waste,4,pomdp,20260930_113245_gui,14319,a2b36f99fe7cd7ffa4ef0733017cae39bdeed7eb0573aa4438be02ce9dd4c3b3
collect_exp/logs/04_BRL_WASTE/logs/master/20260930_113245_gui/planner.log,00_raw/waste/scene_04/pomdp/20260930_113245_gui/planner.log,waste,4,pomdp,20260930_113245_gui,11869,9a1f23cf8becb18ad32096db7ef7ae5e3063616b979d410df7a53685d510291d
collect_exp/logs/04_BRL_WASTE/logs/master/20260930_113245_gui/pomdp_experiments/exp_wastesorting_20260930_113648_277888.txt,00_raw/waste/scene_04/pomdp/20260930_113245_gui/pomdp_experiments/exp_wastesorting_20260930_113648_277888.txt,waste,4,pomdp,20260930_113245_gui,6334,e027b45ec9590c466cc346e8d899a906fb4dd687d40710a6e7dfe1ff312ae211
collect_exp/logs/04_BRL_WASTE/logs/master/20260930_113245_gui/recordings/pomdp_planner_scene4_20260930_113330_139101/recording.json,00_raw/waste/scene_04/pomdp/20260930_113245_gui/recordings/pomdp_planner_scene4_20260930_113330_139101/recording.json,waste,4,pomdp,20260930_113245_gui,674,a225d436ece7bb67e589d7848a0ef0cebb8cd5b0aeb34e396eb262017f541222
collect_exp/logs/04_BRL_WASTE/logs/master/20261002_171809_gui_knowno_scene1/brl_sensor.log,00_raw/waste/scene_01/knowno/20261002_171809_gui_knowno_scene1/brl_sensor.log,waste,1,knowno,20261002_171809_gui_knowno_scene1,4628,cf71bf7d013e60a2ad1eed6feef4e4aeb2f53f2e24a05c90a557ee7bcbf02d65
collect_exp/logs/04_BRL_WASTE/logs/master/20261002_171809_gui_knowno_scene1/brl_server.log,00_raw/waste/scene_01/knowno/20261002_171809_gui_knowno_scene1/brl_server.log,waste,1,knowno,20261002_171809_gui_knowno_scene1,3642,3fdfe9857d134d112d61ed6d42ad1df55787e3ad888181bbf7c8f37d8a2345f0
collect_exp/logs/04_BRL_WASTE/logs/master/20261002_171809_gui_knowno_scene1/environment_setup.log,00_raw/waste/scene_01/knowno/20261002_171809_gui_knowno_scene1/environment_setup.log,waste,1,knowno,20261002_171809_gui_knowno_scene1,1776,e67a681a0f43302bb760a36026d84923dd2a4827f9c3a0a34577f0aa4a6f4dae
collect_exp/logs/04_BRL_WASTE/logs/master/20261002_171809_gui_knowno_scene1/feedback_manager.log,00_raw/waste/scene_01/knowno/20261002_171809_gui_knowno_scene1/feedback_manager.log,waste,1,knowno,20261002_171809_gui_knowno_scene1,8634,e9ac976cb4511dde6f99f6f057f70ffc4f35de00b79e2c90db55a321437c22fd
collect_exp/logs/04_BRL_WASTE/logs/master/20261002_171809_gui_knowno_scene1/frontend.log,00_raw/waste/scene_01/knowno/20261002_171809_gui_knowno_scene1/frontend.log,waste,1,knowno,20261002_171809_gui_knowno_scene1,1985,4d0642ab8aa53cbd9436e98f8af584655487ccb4628b00626826d9a93ff24541
collect_exp/logs/04_BRL_WASTE/logs/master/20261002_171809_gui_knowno_scene1/knowledge_graph.log,00_raw/waste/scene_01/knowno/20261002_171809_gui_knowno_scene1/knowledge_graph.log,waste,1,knowno,20261002_171809_gui_knowno_scene1,9067,141ab1fdb147557d6b2c9081e04cf552c77c7e2db856374f2cbd774c788d899f
collect_exp/logs/04_BRL_WASTE/logs/master/20261002_171809_gui_knowno_scene1/planner.log,00_raw/waste/scene_01/knowno/20261002_171809_gui_knowno_scene1/planner.log,waste,1,knowno,20261002_171809_gui_knowno_scene1,7397,cd80b97bfa3e42d3fe79a92dfb4ff4c4b578d4fc437cb2e56d2cb62150c63442
collect_exp/logs/04_BRL_WASTE/logs/master/20261002_171809_gui_knowno_scene1/planner_experiments/exp_wastesorting_20261002_172022_919740.txt,00_raw/waste/scene_01/knowno/20261002_171809_gui_knowno_scene1/planner_experiments/exp_wastesorting_20261002_172022_919740.txt,waste,1,knowno,20261002_171809_gui_knowno_scene1,3169,8463406d0f54429ec3a7f4af98c857ea466ce2b307b5a387ecfe1c8f19b69e5a
collect_exp/logs/04_BRL_WASTE/logs/master/20261002_171809_gui_knowno_scene1/recordings/knowno_scene1_20261002_171828_696536/recording.json,00_raw/waste/scene_01/knowno/20261002_171809_gui_knowno_scene1/recordings/knowno_scene1_20261002_171828_696536/recording.json,waste,1,knowno,20261002_171809_gui_knowno_scene1,635,94ff768e3f1ec031f320b6460338be9053b0d0c42ccfd712c2a32d966345d183
collect_exp/logs/04_BRL_WASTE/logs/master/20261002_172037_gui/brl_sensor.log,00_raw/waste/scene_01/knowno/20261002_172037_gui/brl_sensor.log,waste,1,knowno,20261002_172037_gui,5434,baf7ce8e232c566dab07a0556c07dbb2b584a0ba31471e1b2fcb9058f574fae1
collect_exp/logs/04_BRL_WASTE/logs/master/20261002_172037_gui/brl_server.log,00_raw/waste/scene_01/knowno/20261002_172037_gui/brl_server.log,waste,1,knowno,20261002_172037_gui,3818,73fa2037ff69a81b911dfbf546020d27bbff7bad9688b039b34c9b00f6d48bb5
collect_exp/logs/04_BRL_WASTE/logs/master/20261002_172037_gui/environment_setup.log,00_raw/waste/scene_01/knowno/20261002_172037_gui/environment_setup.log,waste,1,knowno,20261002_172037_gui,1901,dc5903e5da90968c84352ea0176ecbccf5dc29eeb8d68c19551f624a502e0303
collect_exp/logs/04_BRL_WASTE/logs/master/20261002_172037_gui/feedback_manager.log,00_raw/waste/scene_01/knowno/20261002_172037_gui/feedback_manager.log,waste,1,knowno,20261002_172037_gui,14539,56f3faf2304f87a0e5023dec1a9ca48a55d605c4f6766a3584a1c852e98e784f
collect_exp/logs/04_BRL_WASTE/logs/master/20261002_172037_gui/frontend.log,00_raw/waste/scene_01/knowno/20261002_172037_gui/frontend.log,waste,1,knowno,20261002_172037_gui,1985,a20d9f7c55073024eb8afe9e45c65986bc88c05310b876f0b3ef8114f71c69d1
collect_exp/logs/04_BRL_WASTE/logs/master/20261002_172037_gui/knowledge_graph.log,00_raw/waste/scene_01/knowno/20261002_172037_gui/knowledge_graph.log,waste,1,knowno,20261002_172037_gui,9931,1bf7d1608a1b6edd43029a31777b83c17e4b078e6beb0b3d381a23bbdeb974ef
collect_exp/logs/04_BRL_WASTE/logs/master/20261002_172037_gui/planner.log,00_raw/waste/scene_01/knowno/20261002_172037_gui/planner.log,waste,1,knowno,20261002_172037_gui,8775,42b06a9bf0ce31451e29dd7f805060ea37afb368d3f7427f7b34df951590c82e
collect_exp/logs/04_BRL_WASTE/logs/master/20261002_172037_gui/planner_experiments/exp_wastesorting_20261002_172311_970515.txt,00_raw/waste/scene_01/knowno/20261002_172037_gui/planner_experiments/exp_wastesorting_20261002_172311_970515.txt,waste,1,knowno,20261002_172037_gui,4044,b93d2d815f4b42169b4d5efaa2967d12f14c2df7d6ecec94d63fed124169ea21
collect_exp/logs/04_BRL_WASTE/logs/master/20261002_172037_gui/recordings/knowno_scene1_20261002_172110_026104/recording.json,00_raw/waste/scene_01/knowno/20261002_172037_gui/recordings/knowno_scene1_20261002_172110_026104/recording.json,waste,1,knowno,20261002_172037_gui,647,0ad9014d82a7ff821904f232a726753833769ec9fd7f83ae935a1b046567a8ed
collect_exp/logs/04_BRL_WASTE/logs/master/20261002_172322_gui/brl_sensor.log,00_raw/waste/scene_01/knowno/20261002_172322_gui/brl_sensor.log,waste,1,knowno,20261002_172322_gui,4816,fe4c304659287ffa0c7e1a80bc22bcae398f1844ebf9cf3eb4c9328bb67fc659
collect_exp/logs/04_BRL_WASTE/logs/master/20261002_172322_gui/brl_server.log,00_raw/waste/scene_01/knowno/20261002_172322_gui/brl_server.log,waste,1,knowno,20261002_172322_gui,3642,8d4482e54427b68d06f943d917d7fdf901c5292e284b2ed0945e41a0d31d4b8d
collect_exp/logs/04_BRL_WASTE/logs/master/20261002_172322_gui/environment_setup.log,00_raw/waste/scene_01/knowno/20261002_172322_gui/environment_setup.log,waste,1,knowno,20261002_172322_gui,1901,9a974690b40dcab370feb49a6b88a674e433220e340419d201e21e4639230a2e
collect_exp/logs/04_BRL_WASTE/logs/master/20261002_172322_gui/feedback_manager.log,00_raw/waste/scene_01/knowno/20261002_172322_gui/feedback_manager.log,waste,1,knowno,20261002_172322_gui,9148,dbbc0b5291b7469d5c51bd67682cbfd58330b9e0d5ede5bf9208f1d7f02aed06
collect_exp/logs/04_BRL_WASTE/logs/master/20261002_172322_gui/frontend.log,00_raw/waste/scene_01/knowno/20261002_172322_gui/frontend.log,waste,1,knowno,20261002_172322_gui,1985,25f1464db81bd5e62dfe0097c9c4ef813de612525b996ecc3562f414a929b19e
collect_exp/logs/04_BRL_WASTE/logs/master/20261002_172322_gui/knowledge_graph.log,00_raw/waste/scene_01/knowno/20261002_172322_gui/knowledge_graph.log,waste,1,knowno,20261002_172322_gui,12652,c8ef12e851d689b816b7d65ad39b59be8d22b4675c70e637e88e1ea76feec735
collect_exp/logs/04_BRL_WASTE/logs/master/20261002_172322_gui/planner.log,00_raw/waste/scene_01/knowno/20261002_172322_gui/planner.log,waste,1,knowno,20261002_172322_gui,10299,a0fe76b05148c08029351fb09b498d0cd49d849a32050b85328e6216b985301e
collect_exp/logs/04_BRL_WASTE/logs/master/20261002_172322_gui/planner_experiments/exp_wastesorting_20261002_172650_540100.txt,00_raw/waste/scene_01/knowno/20261002_172322_gui/planner_experiments/exp_wastesorting_20261002_172650_540100.txt,waste,1,knowno,20261002_172322_gui,4631,8ab9134e5c9f5a1bdeb11880a83c7c4055faaa38bf3534d2eef196a6218b461a
collect_exp/logs/04_BRL_WASTE/logs/master/20261002_172322_gui/recordings/knowno_scene1_20261002_172355_703864/recording.json,00_raw/waste/scene_01/knowno/20261002_172322_gui/recordings/knowno_scene1_20261002_172355_703864/recording.json,waste,1,knowno,20261002_172322_gui,630,d7e4c1398894ed3cd479ec4e92d81fcbdd41b4da882ad6abe9805a435e80f5c4
collect_exp/logs/04_BRL_WASTE/logs/master/20261002_172657_gui/brl_sensor.log,00_raw/waste/scene_01/knowno/20261002_172657_gui/brl_sensor.log,waste,1,knowno,20261002_172657_gui,4800,9ed7c51e61c7f99e3cc7129afff6133574875b338ca6f1b6731f55f4e33e37a3
collect_exp/logs/04_BRL_WASTE/logs/master/20261002_172657_gui/brl_server.log,00_raw/waste/scene_01/knowno/20261002_172657_gui/brl_server.log,waste,1,knowno,20261002_172657_gui,3642,35db73a74886efec64f38cc624a7b7084c2f4dd23d78734c590a1177e50965f3
collect_exp/logs/04_BRL_WASTE/logs/master/20261002_172657_gui/environment_setup.log,00_raw/waste/scene_01/knowno/20261002_172657_gui/environment_setup.log,waste,1,knowno,20261002_172657_gui,1901,1abd6b6e5f5d9390ded7cc6cc1788bb172f16907e58ee205b99bc98ec0641cab
collect_exp/logs/04_BRL_WASTE/logs/master/20261002_172657_gui/feedback_manager.log,00_raw/waste/scene_01/knowno/20261002_172657_gui/feedback_manager.log,waste,1,knowno,20261002_172657_gui,8856,1769c0e28e868997928c0d084d970aad5b540898c872071b45ad796e12dc2454
collect_exp/logs/04_BRL_WASTE/logs/master/20261002_172657_gui/frontend.log,00_raw/waste/scene_01/knowno/20261002_172657_gui/frontend.log,waste,1,knowno,20261002_172657_gui,1984,fa6c288c29a72c132ae0ec860d49ee54d5f0d9f92a793e739fbc29d4f30b6fc7
collect_exp/logs/04_BRL_WASTE/logs/master/20261002_172657_gui/knowledge_graph.log,00_raw/waste/scene_01/knowno/20261002_172657_gui/knowledge_graph.log,waste,1,knowno,20261002_172657_gui,13313,abdbaa393d3fcbb61a214c396e21da6272fd33a063700861e90fd1fb79dc18b9
collect_exp/logs/04_BRL_WASTE/logs/master/20261002_172657_gui/planner.log,00_raw/waste/scene_01/knowno/20261002_172657_gui/planner.log,waste,1,knowno,20261002_172657_gui,10294,8c250d19ffa26b17f852ac6b5d180ece86d46fb3ee8819b596209bd245a22673
collect_exp/logs/04_BRL_WASTE/logs/master/20261002_172657_gui/planner_experiments/exp_wastesorting_20261002_173034_222772.txt,00_raw/waste/scene_01/knowno/20261002_172657_gui/planner_experiments/exp_wastesorting_20261002_173034_222772.txt,waste,1,knowno,20261002_172657_gui,4601,5d1ff01515063a11058e3e117ef1949fcb84d9f432e0aea4bd14db3915183e1c
collect_exp/logs/04_BRL_WASTE/logs/master/20261002_172657_gui/recordings/knowno_scene1_20261002_172735_479355/recording.json,00_raw/waste/scene_01/knowno/20261002_172657_gui/recordings/knowno_scene1_20261002_172735_479355/recording.json,waste,1,knowno,20261002_172657_gui,642,3123578b6af9de45d82ff1c7ae65c75dd9d269f884204b1a50d88bf0f338ccd5
collect_exp/logs/04_BRL_WASTE/logs/master/20261002_173047_gui/brl_sensor.log,00_raw/waste/scene_01/knowno/20261002_173047_gui/brl_sensor.log,waste,1,knowno,20261002_173047_gui,4800,56913dfea96ee2ca872549c051dd5e85f9fb0b4588a31742484ed2b44008fe7e
collect_exp/logs/04_BRL_WASTE/logs/master/20261002_173047_gui/brl_server.log,00_raw/waste/scene_01/knowno/20261002_173047_gui/brl_server.log,waste,1,knowno,20261002_173047_gui,3915,a86cdb6d64dab6476ddd6681811a91c71ffc69de333fc7b7a81f6e5cee503838
collect_exp/logs/04_BRL_WASTE/logs/master/20261002_173047_gui/environment_setup.log,00_raw/waste/scene_01/knowno/20261002_173047_gui/environment_setup.log,waste,1,knowno,20261002_173047_gui,1901,e1481c1fe0c0e58b1266c5085e2955c8d3a9e21cc72bb10140ed65fa8d734f2c
collect_exp/logs/04_BRL_WASTE/logs/master/20261002_173047_gui/feedback_manager.log,00_raw/waste/scene_01/knowno/20261002_173047_gui/feedback_manager.log,waste,1,knowno,20261002_173047_gui,8867,11ccafb87dc02d9e0b561ec1241bfb65a0497aacef7b9fb0bb31eb2a17faee24
collect_exp/logs/04_BRL_WASTE/logs/master/20261002_173047_gui/frontend.log,00_raw/waste/scene_01/knowno/20261002_173047_gui/frontend.log,waste,1,knowno,20261002_173047_gui,1985,b242c8d95e48c5264a20c20dd029e01c069e6c37b796dcf3879218a9303b423f
collect_exp/logs/04_BRL_WASTE/logs/master/20261002_173047_gui/knowledge_graph.log,00_raw/waste/scene_01/knowno/20261002_173047_gui/knowledge_graph.log,waste,1,knowno,20261002_173047_gui,12658,482c95dc0335d71e861af0aa106de709a2ef57fd396aea11cddfc81f1bbea7af
collect_exp/logs/04_BRL_WASTE/logs/master/20261002_173047_gui/planner.log,00_raw/waste/scene_01/knowno/20261002_173047_gui/planner.log,waste,1,knowno,20261002_173047_gui,10305,04f01c2b91d559951ae2432555941947927657fe8c8d02c3073c0815992fdb52
collect_exp/logs/04_BRL_WASTE/logs/master/20261002_173047_gui/planner_experiments/exp_wastesorting_20261002_173415_374747.txt,00_raw/waste/scene_01/knowno/20261002_173047_gui/planner_experiments/exp_wastesorting_20261002_173415_374747.txt,waste,1,knowno,20261002_173047_gui,4613,d7fe0a106a8517aac3cf705e9a7e562805584b9c2055e56a6d44a3d1a406eced
collect_exp/logs/04_BRL_WASTE/logs/master/20261002_173047_gui/recordings/knowno_scene1_20261002_173118_143886/recording.json,00_raw/waste/scene_01/knowno/20261002_173047_gui/recordings/knowno_scene1_20261002_173118_143886/recording.json,waste,1,knowno,20261002_173047_gui,630,eb67c4c12f771c6cadd8296c99d0fe43f244766061929614cdd3ae9a01040f58
collect_exp/logs/04_BRL_WASTE/logs/master/20261002_173512_gui/brl_sensor.log,00_raw/waste/scene_01/knowno/20261002_173512_gui/brl_sensor.log,waste,1,knowno,20261002_173512_gui,4816,b4e0844951451e6b0b5866bc575a68447a0777fd1cf903bb55d4960e9fb4325e
collect_exp/logs/04_BRL_WASTE/logs/master/20261002_173512_gui/brl_server.log,00_raw/waste/scene_01/knowno/20261002_173512_gui/brl_server.log,waste,1,knowno,20261002_173512_gui,3730,5aa4e0e84c5faadfc2440ad65cea64a1e9149cb8ccfdeb06e85eb39c90fcee1f
collect_exp/logs/04_BRL_WASTE/logs/master/20261002_173512_gui/environment_setup.log,00_raw/waste/scene_01/knowno/20261002_173512_gui/environment_setup.log,waste,1,knowno,20261002_173512_gui,1776,1daf7bb26152e8c4ac0feacaa0495e0fc9eb57824ac2553c068cd5e4fb0db40e
collect_exp/logs/04_BRL_WASTE/logs/master/20261002_173512_gui/feedback_manager.log,00_raw/waste/scene_01/knowno/20261002_173512_gui/feedback_manager.log,waste,1,knowno,20261002_173512_gui,11691,2adec017cf57a74bf35ab3dfd57dd5c8aa3b96046be5c6b12dd3815a8e90ad53
collect_exp/logs/04_BRL_WASTE/logs/master/20261002_173512_gui/frontend.log,00_raw/waste/scene_01/knowno/20261002_173512_gui/frontend.log,waste,1,knowno,20261002_173512_gui,1985,272bf6e348ab6ae63609b6c2441b880aeeb08f0f910799308a42860daa0d49eb
collect_exp/logs/04_BRL_WASTE/logs/master/20261002_173512_gui/knowledge_graph.log,00_raw/waste/scene_01/knowno/20261002_173512_gui/knowledge_graph.log,waste,1,knowno,20261002_173512_gui,13080,23275d86e0bf41c0b17036b76a0d61a7de607105e0c2481f2dcfb45044ba3245
collect_exp/logs/04_BRL_WASTE/logs/master/20261002_173512_gui/planner.log,00_raw/waste/scene_01/knowno/20261002_173512_gui/planner.log,waste,1,knowno,20261002_173512_gui,10540,04864af5d6e43e45e61d200ca6a954754b9cfc61cf86ed9d6ffdb5d9e4b85aff
collect_exp/logs/04_BRL_WASTE/logs/master/20261002_173512_gui/planner_experiments/exp_wastesorting_20261002_173851_552516.txt,00_raw/waste/scene_01/knowno/20261002_173512_gui/planner_experiments/exp_wastesorting_20261002_173851_552516.txt,waste,1,knowno,20261002_173512_gui,4804,14d1222ee4a47a0890d5f28a58f1740337dbe97d6f31dd960d9b8cdf8fb6de46
collect_exp/logs/04_BRL_WASTE/logs/master/20261002_173512_gui/recordings/knowno_scene1_20261002_173550_681317/recording.json,00_raw/waste/scene_01/knowno/20261002_173512_gui/recordings/knowno_scene1_20261002_173550_681317/recording.json,waste,1,knowno,20261002_173512_gui,643,40ee6b31a71459e8ec6fc417947fce05c867bcf14e9607dfa7fc0f3ee6cb701b
collect_exp/logs/04_BRL_WASTE/logs/master/20261002_175202_gui/brl_sensor.log,00_raw/waste/scene_01/knowno/20261002_175202_gui/brl_sensor.log,waste,1,knowno,20261002_175202_gui,6224,d4a8298e608a32fdae6047cb0084dd5eff363bad91d6de3b727029235b9d6563
collect_exp/logs/04_BRL_WASTE/logs/master/20261002_175202_gui/brl_server.log,00_raw/waste/scene_01/knowno/20261002_175202_gui/brl_server.log,waste,1,knowno,20261002_175202_gui,4008,bc440f96b092d164579e41d728ecbe3fc3c6560e24771f04692d27fdff234190
collect_exp/logs/04_BRL_WASTE/logs/master/20261002_175202_gui/environment_setup.log,00_raw/waste/scene_01/knowno/20261002_175202_gui/environment_setup.log,waste,1,knowno,20261002_175202_gui,1901,9ce13cd835f65f45f879b01eecdf5bfb316b0afd4a6685e84abe59020c135a2c
collect_exp/logs/04_BRL_WASTE/logs/master/20261002_175202_gui/feedback_manager.log,00_raw/waste/scene_01/knowno/20261002_175202_gui/feedback_manager.log,waste,1,knowno,20261002_175202_gui,15241,8ac99838ba7446a9c304e11e57cde78180ca0c13e06bf12101598f96c94b90ec
collect_exp/logs/04_BRL_WASTE/logs/master/20261002_175202_gui/frontend.log,00_raw/waste/scene_01/knowno/20261002_175202_gui/frontend.log,waste,1,knowno,20261002_175202_gui,1984,b95ade38c7e27a91b038a11395d65ca287e7f671019a123ebc6b89e830e3cf96
collect_exp/logs/04_BRL_WASTE/logs/master/20261002_175202_gui/knowledge_graph.log,00_raw/waste/scene_01/knowno/20261002_175202_gui/knowledge_graph.log,waste,1,knowno,20261002_175202_gui,13939,05f19918a4dba0d11312383932cefb3045e00c2528b8db60c5ff82a4433dca4c
collect_exp/logs/04_BRL_WASTE/logs/master/20261002_175202_gui/planner.log,00_raw/waste/scene_01/knowno/20261002_175202_gui/planner.log,waste,1,knowno,20261002_175202_gui,9868,d456465dd4389648a3508dab7a486b0f8e0f8a3e0e4888bf80396c02326d8e72
collect_exp/logs/04_BRL_WASTE/logs/master/20261002_175202_gui/planner_experiments/exp_wastesorting_20261002_175433_497555.txt,00_raw/waste/scene_01/knowno/20261002_175202_gui/planner_experiments/exp_wastesorting_20261002_175433_497555.txt,waste,1,knowno,20261002_175202_gui,4579,cda8d9b858f8a121749e0dfb173fa4f702ea58c4dbcd3fe98eec9b88d0cc2a00
collect_exp/logs/04_BRL_WASTE/logs/master/20261002_175202_gui/recordings/knowno_scene1_20261002_175223_692712/recording.json,00_raw/waste/scene_01/knowno/20261002_175202_gui/recordings/knowno_scene1_20261002_175223_692712/recording.json,waste,1,knowno,20261002_175202_gui,686,9ee08d62dd39ce3ce0d1888e49a20e470350cdd50ca2584bfec2d59c4acc7d50
collect_exp/logs/04_BRL_WASTE/logs/master/20261005_203307_gui_knowno_scene1/brl_sensor.log,00_raw/waste/scene_01/knowno/20261005_203307_gui_knowno_scene1/brl_sensor.log,waste,1,knowno,20261005_203307_gui_knowno_scene1,4800,53002b9ce92279891a02a2d3e7c30370a91a37f3d07a87b87bdc2f9f2c6b00df
collect_exp/logs/04_BRL_WASTE/logs/master/20261005_203307_gui_knowno_scene1/brl_server.log,00_raw/waste/scene_01/knowno/20261005_203307_gui_knowno_scene1/brl_server.log,waste,1,knowno,20261005_203307_gui_knowno_scene1,3711,2a02f8cd8eae62acd81e3c8085618eb60cbcf1cf8023b32e5c3c41cbc00eaa8a
collect_exp/logs/04_BRL_WASTE/logs/master/20261005_203307_gui_knowno_scene1/environment_setup.log,00_raw/waste/scene_01/knowno/20261005_203307_gui_knowno_scene1/environment_setup.log,waste,1,knowno,20261005_203307_gui_knowno_scene1,1776,448a1bd15db0f75c2bb97e663c2d6d22b42a313eda6ff12d6e27e88c0c663476
collect_exp/logs/04_BRL_WASTE/logs/master/20261005_203307_gui_knowno_scene1/feedback_manager.log,00_raw/waste/scene_01/knowno/20261005_203307_gui_knowno_scene1/feedback_manager.log,waste,1,knowno,20261005_203307_gui_knowno_scene1,8908,b403524b614c9796c281a1712910754b953ab338bd0f2f837a69a450ab3ad47b
collect_exp/logs/04_BRL_WASTE/logs/master/20261005_203307_gui_knowno_scene1/frontend.log,00_raw/waste/scene_01/knowno/20261005_203307_gui_knowno_scene1/frontend.log,waste,1,knowno,20261005_203307_gui_knowno_scene1,1998,b2095a31ad35f1e3d7c30e41f61f509bf5fe93d9f3b513dccc92b1448a4e1e70
collect_exp/logs/04_BRL_WASTE/logs/master/20261005_203307_gui_knowno_scene1/knowledge_graph.log,00_raw/waste/scene_01/knowno/20261005_203307_gui_knowno_scene1/knowledge_graph.log,waste,1,knowno,20261005_203307_gui_knowno_scene1,14705,5e78630348c318274b9675ac0dd7d20490b3973342381d6f213fd10a8e3477d2
collect_exp/logs/04_BRL_WASTE/logs/master/20261005_203307_gui_knowno_scene1/planner.log,00_raw/waste/scene_01/knowno/20261005_203307_gui_knowno_scene1/planner.log,waste,1,knowno,20261005_203307_gui_knowno_scene1,10281,5aadd09987819d42bdaec9940c029fc65ffc313bf6a01dddc5748637cb312ad1
collect_exp/logs/04_BRL_WASTE/logs/master/20261005_203307_gui_knowno_scene1/planner_experiments/exp_wastesorting_20261005_203649_932949.txt,00_raw/waste/scene_01/knowno/20261005_203307_gui_knowno_scene1/planner_experiments/exp_wastesorting_20261005_203649_932949.txt,waste,1,knowno,20261005_203307_gui_knowno_scene1,4616,9226c3734ca6ff9fc83789e5a26fe585119289b5071bc02545ce2cdeeab066ce
collect_exp/logs/04_BRL_WASTE/logs/master/20261005_203307_gui_knowno_scene1/recordings/knowno_scene1_20261005_203344_298487/recording.json,00_raw/waste/scene_01/knowno/20261005_203307_gui_knowno_scene1/recordings/knowno_scene1_20261005_203344_298487/recording.json,waste,1,knowno,20261005_203307_gui_knowno_scene1,630,4e6b18a2e4612e811a5d9801742763d1f3efdbac13cfa122e5000bed03af1504
collect_exp/logs/04_BRL_WASTE/logs/master/20261005_203728_gui/brl_sensor.log,00_raw/waste/scene_01/knowno/20261005_203728_gui/brl_sensor.log,waste,1,knowno,20261005_203728_gui,5813,adffc7885a9b5740b27989cd2a327af2310a8781453a1db1fdec26acc88e068f
collect_exp/logs/04_BRL_WASTE/logs/master/20261005_203728_gui/brl_server.log,00_raw/waste/scene_01/knowno/20261005_203728_gui/brl_server.log,waste,1,knowno,20261005_203728_gui,3711,035ec8e5f61b7a5b08aa8be25bb344f7cea35db877e5234a403f27e90908e1d9
collect_exp/logs/04_BRL_WASTE/logs/master/20261005_203728_gui/environment_setup.log,00_raw/waste/scene_01/knowno/20261005_203728_gui/environment_setup.log,waste,1,knowno,20261005_203728_gui,1901,48f41e4f65283993149f56f11d0a602a23bbb4b0838740864e021425b8048ce7
collect_exp/logs/04_BRL_WASTE/logs/master/20261005_203728_gui/feedback_manager.log,00_raw/waste/scene_01/knowno/20261005_203728_gui/feedback_manager.log,waste,1,knowno,20261005_203728_gui,9346,a08dd8500c571dd615cb90159f4c6861c6ca5ee67ea22102c88b194f74344627
collect_exp/logs/04_BRL_WASTE/logs/master/20261005_203728_gui/frontend.log,00_raw/waste/scene_01/knowno/20261005_203728_gui/frontend.log,waste,1,knowno,20261005_203728_gui,1998,88ddfd1f554a6ad77bb601f33886f6ac042c5dd80ade48762551191b11dda0e8
collect_exp/logs/04_BRL_WASTE/logs/master/20261005_203728_gui/knowledge_graph.log,00_raw/waste/scene_01/knowno/20261005_203728_gui/knowledge_graph.log,waste,1,knowno,20261005_203728_gui,9499,2335e4d4d0d04a81ad20544255adccb13676f021455ee686e6ded6ca86b8c215
collect_exp/logs/04_BRL_WASTE/logs/master/20261005_203728_gui/planner.log,00_raw/waste/scene_01/knowno/20261005_203728_gui/planner.log,waste,1,knowno,20261005_203728_gui,9210,22f26560e6667604e4c60a4acb7c085be7a9766eb230ea290c6f18a79f357a31
collect_exp/logs/04_BRL_WASTE/logs/master/20261005_203728_gui/planner_experiments/exp_wastesorting_20261005_203953_336417.txt,00_raw/waste/scene_01/knowno/20261005_203728_gui/planner_experiments/exp_wastesorting_20261005_203953_336417.txt,waste,1,knowno,20261005_203728_gui,3974,4bb5849ac87c20b050a52a4c1bcde346ade30a4fec3bb193aaad8e4b8b8eb3c7
collect_exp/logs/04_BRL_WASTE/logs/master/20261005_203728_gui/recordings/knowno_scene1_20261005_203751_974381/recording.json,00_raw/waste/scene_01/knowno/20261005_203728_gui/recordings/knowno_scene1_20261005_203751_974381/recording.json,waste,1,knowno,20261005_203728_gui,700,fab37b110f788840456e07dceb0d75640fd6fa9d08dd891b0dd1d0fe756f1a3f
collect_exp/logs/04_BRL_WASTE/logs/master/20261005_204002_gui/brl_sensor.log,00_raw/waste/scene_01/knowno/20261005_204002_gui/brl_sensor.log,waste,1,knowno,20261005_204002_gui,4816,cabf1a2fff2c252b5736a8225f684c85797eda30302f02356cdf152d6dba0be6
collect_exp/logs/04_BRL_WASTE/logs/master/20261005_204002_gui/brl_server.log,00_raw/waste/scene_01/knowno/20261005_204002_gui/brl_server.log,waste,1,knowno,20261005_204002_gui,3642,bad3c309b0f6a7f3b3700d3ffe193235f00586007ac88b8f96ea70252950d805
collect_exp/logs/04_BRL_WASTE/logs/master/20261005_204002_gui/environment_setup.log,00_raw/waste/scene_01/knowno/20261005_204002_gui/environment_setup.log,waste,1,knowno,20261005_204002_gui,1901,b52158a8af88b0da96c2d61beb4124fa84cbcfc61b7390a4f4501a4d6761cd97
collect_exp/logs/04_BRL_WASTE/logs/master/20261005_204002_gui/feedback_manager.log,00_raw/waste/scene_01/knowno/20261005_204002_gui/feedback_manager.log,waste,1,knowno,20261005_204002_gui,9154,b1552bf327d4023092fb458ceeb3deb46c894e0300243fe4d52d567c5c87c7c4
collect_exp/logs/04_BRL_WASTE/logs/master/20261005_204002_gui/frontend.log,00_raw/waste/scene_01/knowno/20261005_204002_gui/frontend.log,waste,1,knowno,20261005_204002_gui,1998,432c6ac8e9f86cfc4d0c658d2a4a823fa76661accc7aebef795dae9ec39b4220
collect_exp/logs/04_BRL_WASTE/logs/master/20261005_204002_gui/knowledge_graph.log,00_raw/waste/scene_01/knowno/20261005_204002_gui/knowledge_graph.log,waste,1,knowno,20261005_204002_gui,14777,39ab6d94cf612bbd66503eea2e0c145a2b24abcd96e0f7162341d3ce8f7d4d1e
collect_exp/logs/04_BRL_WASTE/logs/master/20261005_204002_gui/planner.log,00_raw/waste/scene_01/knowno/20261005_204002_gui/planner.log,waste,1,knowno,20261005_204002_gui,10271,f1908894805fab6809e7bc2915b51821fb23e3cb0ad965915be4525ab38293aa
collect_exp/logs/04_BRL_WASTE/logs/master/20261005_204002_gui/planner_experiments/exp_wastesorting_20261005_204323_236856.txt,00_raw/waste/scene_01/knowno/20261005_204002_gui/planner_experiments/exp_wastesorting_20261005_204323_236856.txt,waste,1,knowno,20261005_204002_gui,4620,91581b5d7704f60b612300ced4d9c92f972702ac7774ed1ecdf339aa7e1730fc
collect_exp/logs/04_BRL_WASTE/logs/master/20261005_204002_gui/recordings/knowno_scene1_20261005_204029_494779/recording.json,00_raw/waste/scene_01/knowno/20261005_204002_gui/recordings/knowno_scene1_20261005_204029_494779/recording.json,waste,1,knowno,20261005_204002_gui,643,a71c34488d5521c5fe3de1c9b4d88868a4330d0e8345a2388ae33d794385e214
collect_exp/logs/04_BRL_WASTE/logs/master/20261005_204423_gui_knowno_scene2/brl_sensor.log,00_raw/waste/scene_02/knowno/20261005_204423_gui_knowno_scene2/brl_sensor.log,waste,2,knowno,20261005_204423_gui_knowno_scene2,5504,19c293c392cd6b3d13c7b4cf363eee4841dd619d2c7215ea20883aee5cb78e27
collect_exp/logs/04_BRL_WASTE/logs/master/20261005_204423_gui_knowno_scene2/brl_server.log,00_raw/waste/scene_02/knowno/20261005_204423_gui_knowno_scene2/brl_server.log,waste,2,knowno,20261005_204423_gui_knowno_scene2,3887,ce4decefb1e2d7ed5e73802cf65fa8e7b9cd607bebb0bfc68f2e14f49272a9d9
collect_exp/logs/04_BRL_WASTE/logs/master/20261005_204423_gui_knowno_scene2/environment_setup.log,00_raw/waste/scene_02/knowno/20261005_204423_gui_knowno_scene2/environment_setup.log,waste,2,knowno,20261005_204423_gui_knowno_scene2,1901,e77247c5ab550b7cd4dbce4c06ec072af05c52693700a6408444f13d1fd3fdce
collect_exp/logs/04_BRL_WASTE/logs/master/20261005_204423_gui_knowno_scene2/feedback_manager.log,00_raw/waste/scene_02/knowno/20261005_204423_gui_knowno_scene2/feedback_manager.log,waste,2,knowno,20261005_204423_gui_knowno_scene2,14462,9344f89ba76587c284f7756a2fc0acafbf84079165c63ebfa59e26a06f079d51
collect_exp/logs/04_BRL_WASTE/logs/master/20261005_204423_gui_knowno_scene2/frontend.log,00_raw/waste/scene_02/knowno/20261005_204423_gui_knowno_scene2/frontend.log,waste,2,knowno,20261005_204423_gui_knowno_scene2,1999,2b363e22c2c651c70a9636fbd58e68ff57cb995594b1cd756cbc32e232f3fc2b
collect_exp/logs/04_BRL_WASTE/logs/master/20261005_204423_gui_knowno_scene2/knowledge_graph.log,00_raw/waste/scene_02/knowno/20261005_204423_gui_knowno_scene2/knowledge_graph.log,waste,2,knowno,20261005_204423_gui_knowno_scene2,16257,86b3b1cd0048bf51039213916bfdea3f694a90c57b81ebd1dfa0eabe869636c7
collect_exp/logs/04_BRL_WASTE/logs/master/20261005_204423_gui_knowno_scene2/planner.log,00_raw/waste/scene_02/knowno/20261005_204423_gui_knowno_scene2/planner.log,waste,2,knowno,20261005_204423_gui_knowno_scene2,10476,11de1e88e3db065b469915770bec6bb7a6952f0624de56bcbc6867cefa8430d2
collect_exp/logs/04_BRL_WASTE/logs/master/20261005_204423_gui_knowno_scene2/planner_experiments/exp_wastesorting_20261005_204739_525430.txt,00_raw/waste/scene_02/knowno/20261005_204423_gui_knowno_scene2/planner_experiments/exp_wastesorting_20261005_204739_525430.txt,waste,2,knowno,20261005_204423_gui_knowno_scene2,4679,df5b74e0ae88384234d26a7260cb662e049733c2755b9cfae7dc224a3e6b9525
collect_exp/logs/04_BRL_WASTE/logs/master/20261005_204423_gui_knowno_scene2/recordings/knowno_scene2_20261005_204449_051137/recording.json,00_raw/waste/scene_02/knowno/20261005_204423_gui_knowno_scene2/recordings/knowno_scene2_20261005_204449_051137/recording.json,waste,2,knowno,20261005_204423_gui_knowno_scene2,700,bc7d74b3ef1bf1bc4aa945c2bac2661fec888564f4f6dfbaeefde886eed066f6
collect_exp/logs/04_BRL_WASTE/logs/master/20261005_204921_gui/brl_sensor.log,00_raw/waste/scene_02/knowno/20261005_204921_gui/brl_sensor.log,waste,2,knowno,20261005_204921_gui,5520,a49b5dfe9569a786911ef8add64002ad26178b4a8d9241a23cf74fe3cda6b868
collect_exp/logs/04_BRL_WASTE/logs/master/20261005_204921_gui/brl_server.log,00_raw/waste/scene_02/knowno/20261005_204921_gui/brl_server.log,waste,2,knowno,20261005_204921_gui,3799,4b675311befec555e0f609622fbb38ac32ff9cbe3e1e7ccf01347f067ecb3ab7
collect_exp/logs/04_BRL_WASTE/logs/master/20261005_204921_gui/environment_setup.log,00_raw/waste/scene_02/knowno/20261005_204921_gui/environment_setup.log,waste,2,knowno,20261005_204921_gui,1901,4b0a6c07981d0cedfcc609942da552c599083299b457f61287051e8be23bc658
collect_exp/logs/04_BRL_WASTE/logs/master/20261005_204921_gui/feedback_manager.log,00_raw/waste/scene_02/knowno/20261005_204921_gui/feedback_manager.log,waste,2,knowno,20261005_204921_gui,11900,e1eb2c0e323b2c210bfcc56a65e99fdc73cf704059947d7719f417dafd1d08e4
collect_exp/logs/04_BRL_WASTE/logs/master/20261005_204921_gui/frontend.log,00_raw/waste/scene_02/knowno/20261005_204921_gui/frontend.log,waste,2,knowno,20261005_204921_gui,1999,c585490977e4b61b6bc0e62a23c6b8b680164931c2032065d74badc415b98598
collect_exp/logs/04_BRL_WASTE/logs/master/20261005_204921_gui/knowledge_graph.log,00_raw/waste/scene_02/knowno/20261005_204921_gui/knowledge_graph.log,waste,2,knowno,20261005_204921_gui,13776,bf1c0c6d6b57f3d02dbb43f56edce17110e292a27e0a9fcecb049125e4842cd3
collect_exp/logs/04_BRL_WASTE/logs/master/20261005_204921_gui/planner.log,00_raw/waste/scene_02/knowno/20261005_204921_gui/planner.log,waste,2,knowno,20261005_204921_gui,10423,c86e90f961eba4aede44c19f761bbfbe590dec555937b59716fa3ac510aab1b5
collect_exp/logs/04_BRL_WASTE/logs/master/20261005_204921_gui/planner_experiments/exp_wastesorting_20261005_205224_235819.txt,00_raw/waste/scene_02/knowno/20261005_204921_gui/planner_experiments/exp_wastesorting_20261005_205224_235819.txt,waste,2,knowno,20261005_204921_gui,4492,a69b566d4af376c1d2cd849664b628145d5abf3f9859e386cdc57ac6feab810e
collect_exp/logs/04_BRL_WASTE/logs/master/20261005_204921_gui/recordings/knowno_scene2_20261005_204943_958215/recording.json,00_raw/waste/scene_02/knowno/20261005_204921_gui/recordings/knowno_scene2_20261005_204943_958215/recording.json,waste,2,knowno,20261005_204921_gui,700,981e3c6810824f539828c1b5932e5e0fe03f81cb992637582c7f8216a229147c
collect_exp/logs/04_BRL_WASTE/logs/master/20261005_205328_gui/brl_sensor.log,00_raw/waste/scene_02/knowno/20261005_205328_gui/brl_sensor.log,waste,2,knowno,20261005_205328_gui,5915,b98d0cda0cdc6448f7b9f10152573be15afa978ad47a1ac1902660babc0f4458
collect_exp/logs/04_BRL_WASTE/logs/master/20261005_205328_gui/brl_server.log,00_raw/waste/scene_02/knowno/20261005_205328_gui/brl_server.log,waste,2,knowno,20261005_205328_gui,3906,580208548d5c61e2b29ed7580bd931cae02e868b552a53d45bf4a8e0fa5255a1
collect_exp/logs/04_BRL_WASTE/logs/master/20261005_205328_gui/environment_setup.log,00_raw/waste/scene_02/knowno/20261005_205328_gui/environment_setup.log,waste,2,knowno,20261005_205328_gui,1901,69e0538493638f10b4fe9c1e8f5094d7e6a8a9985cdfca7ea4fec7b2cd38e9a4
collect_exp/logs/04_BRL_WASTE/logs/master/20261005_205328_gui/feedback_manager.log,00_raw/waste/scene_02/knowno/20261005_205328_gui/feedback_manager.log,waste,2,knowno,20261005_205328_gui,17672,ef4157814862bec85bfcde353d985c6b6477715ba86bc21e54e965c7f9ce4cb2
collect_exp/logs/04_BRL_WASTE/logs/master/20261005_205328_gui/frontend.log,00_raw/waste/scene_02/knowno/20261005_205328_gui/frontend.log,waste,2,knowno,20261005_205328_gui,1998,b4cca698112136094ecf91975d0bca9c4aa54fd9daa437493f6bb5dbf7bd2c81
collect_exp/logs/04_BRL_WASTE/logs/master/20261005_205328_gui/knowledge_graph.log,00_raw/waste/scene_02/knowno/20261005_205328_gui/knowledge_graph.log,waste,2,knowno,20261005_205328_gui,13533,91384710bf2f697f93d7ece8458757b948842a248505bdc44f6b35aea25c5d4b
collect_exp/logs/04_BRL_WASTE/logs/master/20261005_205328_gui/planner.log,00_raw/waste/scene_02/knowno/20261005_205328_gui/planner.log,waste,2,knowno,20261005_205328_gui,11222,8aaa856d934b0fe6a9472fb8d34ca20b4f622dee9e4aa9aa5055f0ad4ca6dcaa
collect_exp/logs/04_BRL_WASTE/logs/master/20261005_205328_gui/planner_experiments/exp_wastesorting_20261005_205644_645623.txt,00_raw/waste/scene_02/knowno/20261005_205328_gui/planner_experiments/exp_wastesorting_20261005_205644_645623.txt,waste,2,knowno,20261005_205328_gui,5131,ef56bad54efa34f2c1c2315c13aca400315f1348891fcf1538eed8a6e3d0ee93
collect_exp/logs/04_BRL_WASTE/logs/master/20261005_205328_gui/recordings/knowno_scene2_20261005_205356_229562/recording.json,00_raw/waste/scene_02/knowno/20261005_205328_gui/recordings/knowno_scene2_20261005_205356_229562/recording.json,waste,2,knowno,20261005_205328_gui,686,464b1d0418ef71e29df1acde6e0b15108339a655744d67e430eb05ba4d3f2cf6
collect_exp/logs/04_BRL_WASTE/logs/master/20261005_205725_gui/brl_sensor.log,00_raw/waste/scene_02/knowno/20261005_205725_gui/brl_sensor.log,waste,2,knowno,20261005_205725_gui,5915,d86f14e0b193451cf4e071d833cc26b823228ff9e4a3f93aa6a26915d14fcaf2
collect_exp/logs/04_BRL_WASTE/logs/master/20261005_205725_gui/brl_server.log,00_raw/waste/scene_02/knowno/20261005_205725_gui/brl_server.log,waste,2,knowno,20261005_205725_gui,4063,59652e1c66842fcb235fbe6cb33f7fd23125b309961a89ad081b7924cd1f516a
collect_exp/logs/04_BRL_WASTE/logs/master/20261005_205725_gui/environment_setup.log,00_raw/waste/scene_02/knowno/20261005_205725_gui/environment_setup.log,waste,2,knowno,20261005_205725_gui,1901,594c4c1ac8692548b1d4810403a74ab217548c7a7371ba39d04a36c52c6885f7
collect_exp/logs/04_BRL_WASTE/logs/master/20261005_205725_gui/feedback_manager.log,00_raw/waste/scene_02/knowno/20261005_205725_gui/feedback_manager.log,waste,2,knowno,20261005_205725_gui,20278,b00d5a951d1d870fba9969f480f8a44d64c2c586dff3eb45a143295142304ad6
collect_exp/logs/04_BRL_WASTE/logs/master/20261005_205725_gui/frontend.log,00_raw/waste/scene_02/knowno/20261005_205725_gui/frontend.log,waste,2,knowno,20261005_205725_gui,1998,dca290c8b36a20c145ddb4c2e144549bc210cf79e7bb918755b33cb6077a605a
collect_exp/logs/04_BRL_WASTE/logs/master/20261005_205725_gui/knowledge_graph.log,00_raw/waste/scene_02/knowno/20261005_205725_gui/knowledge_graph.log,waste,2,knowno,20261005_205725_gui,15391,10b49e259a14df6d6ca96289cca042f0a0233f0d3d4e853679888cbbc01d75d6
collect_exp/logs/04_BRL_WASTE/logs/master/20261005_205725_gui/planner.log,00_raw/waste/scene_02/knowno/20261005_205725_gui/planner.log,waste,2,knowno,20261005_205725_gui,11310,5311a8ebe58d8fd5484293eee3bfac05da7fd5710afee98b31beb7388de519a9
collect_exp/logs/04_BRL_WASTE/logs/master/20261005_205725_gui/planner_experiments/exp_wastesorting_20261005_210056_382334.txt,00_raw/waste/scene_02/knowno/20261005_205725_gui/planner_experiments/exp_wastesorting_20261005_210056_382334.txt,waste,2,knowno,20261005_205725_gui,5316,dfbee3b4e8610810bc04af91cd11720b069d81305a1c79ac633164f25a7dc87a
collect_exp/logs/04_BRL_WASTE/logs/master/20261005_205725_gui/recordings/knowno_scene2_20261005_205800_444369/recording.json,00_raw/waste/scene_02/knowno/20261005_205725_gui/recordings/knowno_scene2_20261005_205800_444369/recording.json,waste,2,knowno,20261005_205725_gui,700,48999751c1fdfa2431c81a6725159566d879c19e28b514439e201ffcb2dc6bd8
collect_exp/logs/04_BRL_WASTE/logs/master/20261005_210208_gui/brl_sensor.log,00_raw/waste/scene_02/knowno/20261005_210208_gui/brl_sensor.log,waste,2,knowno,20261005_210208_gui,4077,c76c908c03ceb693fdcb1ed0e8a5e8e07667a1c1fa94740f3b3a690609fac5d3
collect_exp/logs/04_BRL_WASTE/logs/master/20261005_210208_gui/brl_server.log,00_raw/waste/scene_02/knowno/20261005_210208_gui/brl_server.log,waste,2,knowno,20261005_210208_gui,3466,8acebc271244722ae9bf7cfe3c33f5f89f77ba09af89ecbda2cc4a8b5d99b92c
collect_exp/logs/04_BRL_WASTE/logs/master/20261005_210208_gui/environment_setup.log,00_raw/waste/scene_02/knowno/20261005_210208_gui/environment_setup.log,waste,2,knowno,20261005_210208_gui,1901,8f7dcb899e2bc9a087f9c6325a8e6945652789a43be7a1bdf77dad707cbdb7ad
collect_exp/logs/04_BRL_WASTE/logs/master/20261005_210208_gui/feedback_manager.log,00_raw/waste/scene_02/knowno/20261005_210208_gui/feedback_manager.log,waste,2,knowno,20261005_210208_gui,3156,bee9100d532710e9057082716fbb484bcf86dbd4934858334f5f5b4da2ab06dd
collect_exp/logs/04_BRL_WASTE/logs/master/20261005_210208_gui/frontend.log,00_raw/waste/scene_02/knowno/20261005_210208_gui/frontend.log,waste,2,knowno,20261005_210208_gui,1998,a71c11fb78d798a342b8f3acff4de6a2e4e1669795a6ed27cb6757fc13fed53c
collect_exp/logs/04_BRL_WASTE/logs/master/20261005_210208_gui/knowledge_graph.log,00_raw/waste/scene_02/knowno/20261005_210208_gui/knowledge_graph.log,waste,2,knowno,20261005_210208_gui,7366,64543fefb9cd4112d9898a664e8a8fa4e2bf3eb12ba842ed0cc20fd56a3f68d5
collect_exp/logs/04_BRL_WASTE/logs/master/20261005_210208_gui/planner.log,00_raw/waste/scene_02/knowno/20261005_210208_gui/planner.log,waste,2,knowno,20261005_210208_gui,3677,3663b4e221fa5b436bbe48534b9a750d885e6e1410a50f756a23e9eec60851b6
collect_exp/logs/04_BRL_WASTE/logs/master/20261005_210208_gui/planner_experiments/exp_wastesorting_20261005_210249_174634.txt,00_raw/waste/scene_02/knowno/20261005_210208_gui/planner_experiments/exp_wastesorting_20261005_210249_174634.txt,waste,2,knowno,20261005_210208_gui,1506,d76317f37a5469a311bd7d5c45c44d21eb0ab3ed05f0afc8c82ffbdf9cf72a7a
collect_exp/logs/04_BRL_WASTE/logs/master/20261005_210208_gui/recordings/knowno_scene2_20261005_210238_084225/recording.json,00_raw/waste/scene_02/knowno/20261005_210208_gui/recordings/knowno_scene2_20261005_210238_084225/recording.json,waste,2,knowno,20261005_210208_gui,648,c5580731db28b2ddaf429825fbfba143b50f32cbf366099e7dec2c78eca0784a
collect_exp/logs/04_BRL_WASTE/logs/master/20261005_210358_gui/brl_sensor.log,00_raw/waste/scene_02/knowno/20261005_210358_gui/brl_sensor.log,waste,2,knowno,20261005_210358_gui,4730,4f6c015bb372d3a23555e7baf2b01e2b176401182b74a5c06aa2889739e4bbac
collect_exp/logs/04_BRL_WASTE/logs/master/20261005_210358_gui/brl_server.log,00_raw/waste/scene_02/knowno/20261005_210358_gui/brl_server.log,waste,2,knowno,20261005_210358_gui,3623,75496cae3e1240c24fa46edf8807da73506dceb7f114a9258067ea202f861b63
collect_exp/logs/04_BRL_WASTE/logs/master/20261005_210358_gui/environment_setup.log,00_raw/waste/scene_02/knowno/20261005_210358_gui/environment_setup.log,waste,2,knowno,20261005_210358_gui,1901,e163fe26075cee3b7829d5150bace5282e89408f5dd11232c364f7eac846f051
collect_exp/logs/04_BRL_WASTE/logs/master/20261005_210358_gui/feedback_manager.log,00_raw/waste/scene_02/knowno/20261005_210358_gui/feedback_manager.log,waste,2,knowno,20261005_210358_gui,5991,c3077dcf7347ab6a60ee38a8ecd82e83a10431b9a1cdf17b404e5e7a3ba54430
collect_exp/logs/04_BRL_WASTE/logs/master/20261005_210358_gui/frontend.log,00_raw/waste/scene_02/knowno/20261005_210358_gui/frontend.log,waste,2,knowno,20261005_210358_gui,1999,e10aeb3277c2b53c028541c6023c0fdd32d1ec9a8db71b6aee262d6bceb87e2d
collect_exp/logs/04_BRL_WASTE/logs/master/20261005_210358_gui/knowledge_graph.log,00_raw/waste/scene_02/knowno/20261005_210358_gui/knowledge_graph.log,waste,2,knowno,20261005_210358_gui,10598,8bef746c13964d0e30767162c918f2592a4502c51fb832a3b322d2b37e0b9d2c
collect_exp/logs/04_BRL_WASTE/logs/master/20261005_210358_gui/planner.log,00_raw/waste/scene_02/knowno/20261005_210358_gui/planner.log,waste,2,knowno,20261005_210358_gui,9001,73176a402cd64d5bda8e1c9966046cd49f27baa0bdde63a59b723c71e9bd9c1f
collect_exp/logs/04_BRL_WASTE/logs/master/20261005_210358_gui/planner_experiments/exp_wastesorting_20261005_210643_663440.txt,00_raw/waste/scene_02/knowno/20261005_210358_gui/planner_experiments/exp_wastesorting_20261005_210643_663440.txt,waste,2,knowno,20261005_210358_gui,3624,af490a9a10138409a23c6ac12ef79c656ebb80da2045e2278b062f82c8703aae
collect_exp/logs/04_BRL_WASTE/logs/master/20261005_210358_gui/recordings/knowno_scene2_20261005_210422_350075/recording.json,00_raw/waste/scene_02/knowno/20261005_210358_gui/recordings/knowno_scene2_20261005_210422_350075/recording.json,waste,2,knowno,20261005_210358_gui,699,62ea7511b4dff855b219d4646db3707ec384c9aadd1645badfaa9ac9e33676b2
collect_exp/logs/04_BRL_WASTE/logs/master/20261005_210653_gui/brl_sensor.log,00_raw/waste/scene_02/knowno/20261005_210653_gui/brl_sensor.log,waste,2,knowno,20261005_210653_gui,4816,198cd3425a6f6000d16477e2f71028984e0920620093a02d22aa399660e1d929
collect_exp/logs/04_BRL_WASTE/logs/master/20261005_210653_gui/brl_server.log,00_raw/waste/scene_02/knowno/20261005_210653_gui/brl_server.log,waste,2,knowno,20261005_210653_gui,3730,8a03321f6f952f0828ee88ccb21648f0e3a68b50a5432d3be327e796f40cd60d
collect_exp/logs/04_BRL_WASTE/logs/master/20261005_210653_gui/environment_setup.log,00_raw/waste/scene_02/knowno/20261005_210653_gui/environment_setup.log,waste,2,knowno,20261005_210653_gui,1901,65a0bdc4652ff430add5f94ce2ee3ec80ead99ec3ab1baa2e10b31088cb735f0
collect_exp/logs/04_BRL_WASTE/logs/master/20261005_210653_gui/feedback_manager.log,00_raw/waste/scene_02/knowno/20261005_210653_gui/feedback_manager.log,waste,2,knowno,20261005_210653_gui,11447,3bdbd23889f27251087ad8a9c69e667ecaa7dd33e76f60300faa8bf9cee866ac
collect_exp/logs/04_BRL_WASTE/logs/master/20261005_210653_gui/frontend.log,00_raw/waste/scene_02/knowno/20261005_210653_gui/frontend.log,waste,2,knowno,20261005_210653_gui,1998,2f875eb78632349b81cf75c6148836286fda90a63185705714a5d50be0b321a0
collect_exp/logs/04_BRL_WASTE/logs/master/20261005_210653_gui/knowledge_graph.log,00_raw/waste/scene_02/knowno/20261005_210653_gui/knowledge_graph.log,waste,2,knowno,20261005_210653_gui,13379,e8fb975f2d02a1fbd60b2f35dff6b594a18f15c637dd7c5527a5fa035cc7886d
collect_exp/logs/04_BRL_WASTE/logs/master/20261005_210653_gui/planner.log,00_raw/waste/scene_02/knowno/20261005_210653_gui/planner.log,waste,2,knowno,20261005_210653_gui,10336,c19b9ebf45b71f6dadf6b8b2f764f208032fd0e7e56e911189ff4b16a1250bf0
collect_exp/logs/04_BRL_WASTE/logs/master/20261005_210653_gui/planner_experiments/exp_wastesorting_20261005_211026_519488.txt,00_raw/waste/scene_02/knowno/20261005_210653_gui/planner_experiments/exp_wastesorting_20261005_211026_519488.txt,waste,2,knowno,20261005_210653_gui,4808,cb20da3116316bb51408b771c5854032c793c13187db32033bf929a36bf42e9c
collect_exp/logs/04_BRL_WASTE/logs/master/20261005_210653_gui/recordings/knowno_scene2_20261005_210720_580545/recording.json,00_raw/waste/scene_02/knowno/20261005_210653_gui/recordings/knowno_scene2_20261005_210720_580545/recording.json,waste,2,knowno,20261005_210653_gui,643,34b2eb30bba67c97f9fcece6448c1396dc89c6d10f01668783858a9b040941f5
collect_exp/logs/04_BRL_WASTE/logs/master/20261005_211145_gui/brl_sensor.log,00_raw/waste/scene_02/knowno/20261005_211145_gui/brl_sensor.log,waste,2,knowno,20261005_211145_gui,4730,8f304bf73837eb3f9a0c887e4f1c7cf0cdcba8ee58244204999a1a67eb48c4e4
collect_exp/logs/04_BRL_WASTE/logs/master/20261005_211145_gui/brl_server.log,00_raw/waste/scene_02/knowno/20261005_211145_gui/brl_server.log,waste,2,knowno,20261005_211145_gui,3642,ababccb5755ccc54ff0cbad33f1e15cefb64ec988e780c3ccd1dc3c49aac184d
collect_exp/logs/04_BRL_WASTE/logs/master/20261005_211145_gui/environment_setup.log,00_raw/waste/scene_02/knowno/20261005_211145_gui/environment_setup.log,waste,2,knowno,20261005_211145_gui,1901,2b21bfeb87555d2cbab1131087aa6c7cc30a1a6f07f45819b956aaeec96f0270
collect_exp/logs/04_BRL_WASTE/logs/master/20261005_211145_gui/feedback_manager.log,00_raw/waste/scene_02/knowno/20261005_211145_gui/feedback_manager.log,waste,2,knowno,20261005_211145_gui,8606,748fa62c83852aebaf2880008bb728058b7e928d09d28de024b24eb95772e504
collect_exp/logs/04_BRL_WASTE/logs/master/20261005_211145_gui/frontend.log,00_raw/waste/scene_02/knowno/20261005_211145_gui/frontend.log,waste,2,knowno,20261005_211145_gui,1998,a7c904a8b0a89c2efe14109ac6d9f003b225d5402dda48a995fcf16880486fdb
collect_exp/logs/04_BRL_WASTE/logs/master/20261005_211145_gui/knowledge_graph.log,00_raw/waste/scene_02/knowno/20261005_211145_gui/knowledge_graph.log,waste,2,knowno,20261005_211145_gui,12609,c4b17574029991456e9e3d85f8e661f31195f68cc59d6c15a079a9d526f3c0b9
collect_exp/logs/04_BRL_WASTE/logs/master/20261005_211145_gui/planner.log,00_raw/waste/scene_02/knowno/20261005_211145_gui/planner.log,waste,2,knowno,20261005_211145_gui,9091,fd8292bb73458ccc3fd00f02389d2adf884d269c8194b37aa80e4004a4ebe961
collect_exp/logs/04_BRL_WASTE/logs/master/20261005_211145_gui/planner_experiments/exp_wastesorting_20261005_211448_048846.txt,00_raw/waste/scene_02/knowno/20261005_211145_gui/planner_experiments/exp_wastesorting_20261005_211448_048846.txt,waste,2,knowno,20261005_211145_gui,3810,358ec3f3595bb32fb4281dc868d38d4519062710a9e230a8ef58ffd3d44f98ee
collect_exp/logs/04_BRL_WASTE/logs/master/20261005_211145_gui/recordings/knowno_scene2_20261005_211219_874958/recording.json,00_raw/waste/scene_02/knowno/20261005_211145_gui/recordings/knowno_scene2_20261005_211219_874958/recording.json,waste,2,knowno,20261005_211145_gui,699,a1309806509ddfb20597fb9032f7b13e1dd66600ced6fc25d2d50e9de58ce813
collect_exp/logs/04_BRL_WASTE/logs/master/20261005_211523_gui/brl_sensor.log,00_raw/waste/scene_02/knowno/20261005_211523_gui/brl_sensor.log,waste,2,knowno,20261005_211523_gui,5520,dc4f21cfd1c970bea33a9148b7670e286752a6dcd7fb3a0163f9567c11255ae9
collect_exp/logs/04_BRL_WASTE/logs/master/20261005_211523_gui/brl_server.log,00_raw/waste/scene_02/knowno/20261005_211523_gui/brl_server.log,waste,2,knowno,20261005_211523_gui,3906,1846ab539e04897264486ffcf28ad3543c0381558839627b6962be5e56736a77
collect_exp/logs/04_BRL_WASTE/logs/master/20261005_211523_gui/environment_setup.log,00_raw/waste/scene_02/knowno/20261005_211523_gui/environment_setup.log,waste,2,knowno,20261005_211523_gui,1901,32f78f91e6cbf5e9cc2ae9cfe623af711227c70bab3371df0208d3394cedc7e5
collect_exp/logs/04_BRL_WASTE/logs/master/20261005_211523_gui/feedback_manager.log,00_raw/waste/scene_02/knowno/20261005_211523_gui/feedback_manager.log,waste,2,knowno,20261005_211523_gui,17343,e13f7acd41328ae91ebc5e15c67607480e0ddd59594e2fb2dcf62f589ef9b6f2
collect_exp/logs/04_BRL_WASTE/logs/master/20261005_211523_gui/frontend.log,00_raw/waste/scene_02/knowno/20261005_211523_gui/frontend.log,waste,2,knowno,20261005_211523_gui,1998,8279daa823dfc0967a420d9b981ffa54281c945f7ca0695e577f7d99a5448c7e
collect_exp/logs/04_BRL_WASTE/logs/master/20261005_211523_gui/knowledge_graph.log,00_raw/waste/scene_02/knowno/20261005_211523_gui/knowledge_graph.log,waste,2,knowno,20261005_211523_gui,20100,f31837da438514190ca64d53eba04891e669957231bc9c468c2114bcfeb0dd05
collect_exp/logs/04_BRL_WASTE/logs/master/20261005_211523_gui/planner.log,00_raw/waste/scene_02/knowno/20261005_211523_gui/planner.log,waste,2,knowno,20261005_211523_gui,10556,aeceddf64ce8004103b166d0c3aeb50c13643591845368d650097908af3cacb1
collect_exp/logs/04_BRL_WASTE/logs/master/20261005_211523_gui/planner_experiments/exp_wastesorting_20261005_211844_803521.txt,00_raw/waste/scene_02/knowno/20261005_211523_gui/planner_experiments/exp_wastesorting_20261005_211844_803521.txt,waste,2,knowno,20261005_211523_gui,4882,43ca76d8851d59d0ad2523fad75bde7f9867efa257faf9da562e503442f5f9af
collect_exp/logs/04_BRL_WASTE/logs/master/20261005_211523_gui/recordings/knowno_scene2_20261005_211556_254776/recording.json,00_raw/waste/scene_02/knowno/20261005_211523_gui/recordings/knowno_scene2_20261005_211556_254776/recording.json,waste,2,knowno,20261005_211523_gui,699,eaa5136976e5353d460ad3baba34058fe97dd49b6a87bb7e429a06f7b65d65df
collect_exp/logs/04_BRL_WASTE/logs/master/20261005_212154_gui/brl_sensor.log,00_raw/waste/scene_02/knowno/20261005_212154_gui/brl_sensor.log,waste,2,knowno,20261005_212154_gui,4730,25774be96af07ec65c8448ad7c6bfeca586e445d405bedd354552cc14f74dedc
collect_exp/logs/04_BRL_WASTE/logs/master/20261005_212154_gui/brl_server.log,00_raw/waste/scene_02/knowno/20261005_212154_gui/brl_server.log,waste,2,knowno,20261005_212154_gui,3634,30c477821a3de6347af454bb0ba11111dd28a524727e5dfbd0fc7dd9d8fe74c6
collect_exp/logs/04_BRL_WASTE/logs/master/20261005_212154_gui/environment_setup.log,00_raw/waste/scene_02/knowno/20261005_212154_gui/environment_setup.log,waste,2,knowno,20261005_212154_gui,1901,e1596d892f7604844559e0b6fa11cb1a8e547aede822682986014d57bc7baaa5
collect_exp/logs/04_BRL_WASTE/logs/master/20261005_212154_gui/feedback_manager.log,00_raw/waste/scene_02/knowno/20261005_212154_gui/feedback_manager.log,waste,2,knowno,20261005_212154_gui,5981,cd0cd47efae99a9cf9e5b995710910228c4d73fef9f44a9a4ea024cda75e9d6f
collect_exp/logs/04_BRL_WASTE/logs/master/20261005_212154_gui/frontend.log,00_raw/waste/scene_02/knowno/20261005_212154_gui/frontend.log,waste,2,knowno,20261005_212154_gui,1998,816ab8575e174688620dabd903d0dbf1fbb7aff42673f4cb74c981076e8c92a9
collect_exp/logs/04_BRL_WASTE/logs/master/20261005_212154_gui/knowledge_graph.log,00_raw/waste/scene_02/knowno/20261005_212154_gui/knowledge_graph.log,waste,2,knowno,20261005_212154_gui,11052,0e5c5571cfcaea603b4eaf4a21d3574369f96b20b3eba123e35ddeb5860a37ee
collect_exp/logs/04_BRL_WASTE/logs/master/20261005_212154_gui/planner.log,00_raw/waste/scene_02/knowno/20261005_212154_gui/planner.log,waste,2,knowno,20261005_212154_gui,8981,3b0bf2aa204875d66c719f64a9842a249983fffcbd84c8cabdb6cb61f56f117b
collect_exp/logs/04_BRL_WASTE/logs/master/20261005_212154_gui/planner_experiments/exp_wastesorting_20261005_212440_395883.txt,00_raw/waste/scene_02/knowno/20261005_212154_gui/planner_experiments/exp_wastesorting_20261005_212440_395883.txt,waste,2,knowno,20261005_212154_gui,3623,b90ffa16ca62e6aaed2265efb9db1cfbf2a4e9be3c873ba1f334911c01201b56
collect_exp/logs/04_BRL_WASTE/logs/master/20261005_212154_gui/recordings/knowno_scene2_20261005_212218_178913/recording.json,00_raw/waste/scene_02/knowno/20261005_212154_gui/recordings/knowno_scene2_20261005_212218_178913/recording.json,waste,2,knowno,20261005_212154_gui,686,6f565a9742080c342f3d1a338f41a7aad689c021ea1188fcb2546a07533c3643
