source_file,sha256,domain,condition,scene
experiments_logs/n_simulations/20260917_005549_1854141/tomato/sim_50/scene_01/run_1/exp_tomato_20260917_005552_415934.txt,36e6980515be85c27f566995e4efea63f3ff4aeb29527849c19cfdf71ca009b3,tomato,50,01
experiments_logs/n_simulations/20260917_005549_1854141/tomato/sim_100/scene_01/run_1/exp_tomato_20260917_005557_724055.txt,f177adb4d13278a25db28196f4a9adacd1fb4555c0c622184391aa251da07b5d,tomato,100,01
experiments_logs/n_simulations/20260917_005549_1854141/tomato/sim_200/scene_01/run_1/exp_tomato_20260917_005608_965331.txt,f69122f20b0080ed2689795b8e77169dfe98853b097801eca644b1a6bddf1cca,tomato,200,01
experiments_logs/n_simulations/20260917_005549_1854141/tomato/sim_300/scene_01/run_1/exp_tomato_20260917_005645_720861.txt,f61f3489dabe4c3289cb60102ab934e62275d2bbffbf7ac0e2d76c79062a7b83,tomato,300,01
experiments_logs/n_simulations/20260917_005549_1854141/tomato/sim_500/scene_01/run_1/exp_tomato_20260917_005717_572262.txt,ab503319d58541acd7f32c1ba8e917d298738165a07f51e40b4e8038bd202b80,tomato,500,01
experiments_logs/n_simulations/20260917_005549_1854141/tomato/sim_50/scene_01/run_2/exp_tomato_20260917_005719_728002.txt,059613605c54104c49d63c8c4268b5e6b41166b4d55f9e314395088f6ee81052,tomato,50,01
experiments_logs/n_simulations/20260917_005549_1854141/tomato/sim_100/scene_01/run_2/exp_tomato_20260917_005723_958137.txt,5e45977d447d2aa8b42c30a7298921369b9e4e2b00c80d09ccc721c06d3ca60f,tomato,100,01
experiments_logs/n_simulations/20260917_005549_1854141/tomato/sim_200/scene_01/run_2/exp_tomato_20260917_005803_079103.txt,d9723ef23cd44cc4f0f42797070ec84c11d3e188208e84c1b1c0001973dde99c,tomato,200,01
experiments_logs/n_simulations/20260917_005549_1854141/tomato/sim_300/scene_01/run_2/exp_tomato_20260917_005818_368742.txt,566ccfd90a6b49c0e5a72ccfa70d06de496281446896fc8e11ad8aa0fcda3596,tomato,300,01
experiments_logs/n_simulations/20260917_005549_1854141/tomato/sim_500/scene_01/run_2/exp_tomato_20260917_005845_370616.txt,420ea678b68a0d34cfec1090d7a883f28f1ffa06f23d70564f190cf180dc2a4a,tomato,500,01
experiments_logs/n_simulations/20260917_005549_1854141/tomato/sim_50/scene_01/run_3/exp_tomato_20260917_005847_653130.txt,64a335bd80cfe063409810f16c7f6d6ef212880f84a4db5cee89a61e22b2f7e9,tomato,50,01
experiments_logs/n_simulations/20260917_005549_1854141/tomato/sim_100/scene_01/run_3/exp_tomato_20260917_005853_732519.txt,9dcfa55e3dd1f9604972137ee65a9793330a99a0830b387bc47d348e14f0759c,tomato,100,01
experiments_logs/n_simulations/20260917_005549_1854141/tomato/sim_200/scene_01/run_3/exp_tomato_20260917_005906_220187.txt,170385050fed02732e5169c4fa7c0244c2721f28c7736b784b146206281fc51a,tomato,200,01
experiments_logs/n_simulations/20260917_005549_1854141/tomato/sim_300/scene_01/run_3/exp_tomato_20260917_005931_276443.txt,198254cec6d9a1a985f4defa6d32adf30edc26acb50d0d78a1cf6af5a474acbb,tomato,300,01
experiments_logs/n_simulations/20260917_005549_1854141/tomato/sim_500/scene_01/run_3/exp_tomato_20260917_005954_117173.txt,64e8f4c10c836bdb9343731e38d68fce4b9cb7a967a2fc1a071238c277b14734,tomato,500,01
experiments_logs/n_simulations/20260917_005549_1854141/tomato/sim_50/scene_01/run_4/exp_tomato_20260917_005956_867363.txt,719d21d79640d8104563c6bbfa42e3d27639b5fe193f8c55c22bd46c8050cac9,tomato,50,01
experiments_logs/n_simulations/20260917_005549_1854141/tomato/sim_100/scene_01/run_4/exp_tomato_20260917_010002_114608.txt,a3068b02f3fdc3d6be237d12f944eceffc54cb06d6db4600d1009266253d8e13,tomato,100,01
experiments_logs/n_simulations/20260917_005549_1854141/tomato/sim_200/scene_01/run_4/exp_tomato_20260917_010014_646492.txt,534849fe1059e9fe29e76ad60f076fe425c71f277c35367147202b2d15c25ea9,tomato,200,01
experiments_logs/n_simulations/20260917_005549_1854141/tomato/sim_300/scene_01/run_4/exp_tomato_20260917_010028_479760.txt,f20dc11426959952bbe4957d4ec827353e8ad057d22f12dcf6b0ec1897c92e34,tomato,300,01
experiments_logs/n_simulations/20260917_005549_1854141/tomato/sim_500/scene_01/run_4/exp_tomato_20260917_010102_507261.txt,d98d0205046850ac56b0823b4914e810ce6ec896502643b45c79f8a100cfd02d,tomato,500,01
experiments_logs/n_simulations/20260917_005549_1854141/tomato/sim_50/scene_01/run_5/exp_tomato_20260917_010105_470995.txt,bf5cc8e54ec018af2d035587457d6d102a14b9ebad723b49e001edac77fdd2ce,tomato,50,01
experiments_logs/n_simulations/20260917_005549_1854141/tomato/sim_100/scene_01/run_5/exp_tomato_20260917_010111_536798.txt,73f8b2a35e824ad6605c44f7a16206c3dc314f694158388188e85578d66cf5be,tomato,100,01
experiments_logs/n_simulations/20260917_005549_1854141/tomato/sim_200/scene_01/run_5/exp_tomato_20260917_010120_052949.txt,e864004624eef264f3fa1b7e481888126ba96ed9464284e6ac82d442e1a055ac,tomato,200,01
experiments_logs/n_simulations/20260917_005549_1854141/tomato/sim_300/scene_01/run_5/exp_tomato_20260917_010136_504525.txt,b14697e8e93eb47e85dd7e3b807b1e767e23585ebb8fb3fe630bb7fee6896105,tomato,300,01
experiments_logs/n_simulations/20260917_005549_1854141/tomato/sim_500/scene_01/run_5/exp_tomato_20260917_010159_519811.txt,a5d6ce7ef927691bc9ad0e9d5ab230d186fc8ad6828c4aaec261bee17b31caf1,tomato,500,01
experiments_logs/n_simulations/20260917_005549_1854141/tomato/sim_50/scene_01/run_6/exp_tomato_20260917_010201_870747.txt,4d207ca77a2744fce27953fb53795da4d1b3f23c2f64fed2b184396c4b6e3a8d,tomato,50,01
experiments_logs/n_simulations/20260917_005549_1854141/tomato/sim_100/scene_01/run_6/exp_tomato_20260917_010208_170516.txt,4092dfd05dd5488decede38b40c136c5f0a9aa333051c29a0110b8f87ac912ca,tomato,100,01
experiments_logs/n_simulations/20260917_005549_1854141/tomato/sim_200/scene_01/run_6/exp_tomato_20260917_010222_392690.txt,05c57f45624f88873f33e43e33b9c6d466d6ca94f863c8d67ee4a5ba43c9e3bf,tomato,200,01
experiments_logs/n_simulations/20260917_005549_1854141/tomato/sim_300/scene_01/run_6/exp_tomato_20260917_010235_668816.txt,f94d9ddbba11893d679654bf5a35daf80ff17b1e4945e9c053494cb564f98292,tomato,300,01
experiments_logs/n_simulations/20260917_005549_1854141/tomato/sim_500/scene_01/run_6/exp_tomato_20260917_010303_889787.txt,5374b706cc8b8b7ec990a4753a279953422dff53ef460a4108b85f2d9ca8b30b,tomato,500,01
experiments_logs/n_simulations/20260917_005549_1854141/tomato/sim_50/scene_01/run_7/exp_tomato_20260917_010306_521361.txt,c81edaa11606fd0d9fb3705cee46e1da04b9599f5d0c2fc1fac9de54fce354a5,tomato,50,01
experiments_logs/n_simulations/20260917_005549_1854141/tomato/sim_100/scene_01/run_7/exp_tomato_20260917_010313_081125.txt,4d35f762e3bf53b478b0fd53ba67a85bb6a575c388080322c0f0a219ebeb3b52,tomato,100,01
experiments_logs/n_simulations/20260917_005549_1854141/tomato/sim_200/scene_01/run_7/exp_tomato_20260917_010322_865881.txt,5a1f7c9854896d59938832e1cd0e2b945fdb2f180fbd0d0fade8221aa413d946,tomato,200,01
experiments_logs/n_simulations/20260917_005549_1854141/tomato/sim_300/scene_01/run_7/exp_tomato_20260917_010338_377685.txt,c941cdb5f52df3b47a940abd239c1392d618b2553c60bba95a62e5fd40d33721,tomato,300,01
experiments_logs/n_simulations/20260917_005549_1854141/tomato/sim_500/scene_01/run_7/exp_tomato_20260917_010401_545295.txt,3dc570784dbc5553587d5a5efb6550fe0c50fd5231a077b047ba535ba8a531ea,tomato,500,01
experiments_logs/n_simulations/20260917_005549_1854141/tomato/sim_50/scene_01/run_8/exp_tomato_20260917_010404_094881.txt,242a4a3b49de0e9f51c145c194b15f1471fdb7520c9ed43f3d4504665dbe4536,tomato,50,01
experiments_logs/n_simulations/20260917_005549_1854141/tomato/sim_100/scene_01/run_8/exp_tomato_20260917_010410_791899.txt,937103214190a3b3035df5f43f0c1d20cdde417fa51f93f8511359e9ba375123,tomato,100,01
experiments_logs/n_simulations/20260917_005549_1854141/tomato/sim_200/scene_01/run_8/exp_tomato_20260917_010421_945986.txt,0593b92f3f1dd8930c3448d42882d1e9fe6a6d6fca539380f1133147617cc3ad,tomato,200,01
experiments_logs/n_simulations/20260917_005549_1854141/tomato/sim_300/scene_01/run_8/exp_tomato_20260917_010436_600546.txt,f25ab5ed4913b5894da5d47ff8d1e7a09ff9cdd4d795a677f11e86d45deaddbe,tomato,300,01
experiments_logs/n_simulations/20260917_005549_1854141/tomato/sim_500/scene_01/run_8/exp_tomato_20260917_010506_912343.txt,231ba8321a91e3aa5dbf87eb1df4bdaa218a5376311cfd841fb4e1e824874c93,tomato,500,01
experiments_logs/n_simulations/20260917_005549_1854141/tomato/sim_50/scene_01/run_9/exp_tomato_20260917_010510_452300.txt,fb8054113eee9fd3f55db79dab5c7590f078c3fde205f0db4a395d18682def4d,tomato,50,01
experiments_logs/n_simulations/20260917_005549_1854141/tomato/sim_100/scene_01/run_9/exp_tomato_20260917_010516_007025.txt,f7edbc819c363a443c0f180f4f8a3fa911a89928da4b5e2064547e691e14038f,tomato,100,01
experiments_logs/n_simulations/20260917_005549_1854141/tomato/sim_200/scene_01/run_9/exp_tomato_20260917_010539_121798.txt,b614aba7d5c4e4ce94129416e116e0866a654fd0d35dec22c8f63b1e589b8c59,tomato,200,01
experiments_logs/n_simulations/20260917_005549_1854141/tomato/sim_300/scene_01/run_9/exp_tomato_20260917_010559_212477.txt,bbdf2025eb42913732344728d166de216e0850d25987076d79b0b1bb275c87c1,tomato,300,01
experiments_logs/n_simulations/20260917_005549_1854141/tomato/sim_500/scene_01/run_9/exp_tomato_20260917_010629_090832.txt,13ee1906025a2c88cb5d363a1ce3d0477e6d8889504beaeab30a3372cef70eaf,tomato,500,01
experiments_logs/n_simulations/20260917_005549_1854141/tomato/sim_50/scene_01/run_10/exp_tomato_20260917_010631_478898.txt,1d2d53e522d24a286976344a200e9c58ea3b7e45ff0d9ee808aa3ac031396841,tomato,50,01
experiments_logs/n_simulations/20260917_005549_1854141/tomato/sim_100/scene_01/run_10/exp_tomato_20260917_010636_781298.txt,22b866288309ee74187b96f3fb64b99351b595b2d5fd336daef2ba8c73866f17,tomato,100,01
experiments_logs/n_simulations/20260917_005549_1854141/tomato/sim_200/scene_01/run_10/exp_tomato_20260917_010646_193587.txt,979cf6e3da8009df787a6e561673f2d00432b3d95a6eb54de326b8294ba90889,tomato,200,01
experiments_logs/n_simulations/20260917_005549_1854141/tomato/sim_300/scene_01/run_10/exp_tomato_20260917_010708_669617.txt,42f9eb86676b56f4ad10b6362ba6209d8c9d6423d004df3dd7db4bb430ad71b7,tomato,300,01
experiments_logs/n_simulations/20260917_005549_1854141/tomato/sim_500/scene_01/run_10/exp_tomato_20260917_010738_344114.txt,a76122ff6abd6897a2952e0eec6f0d5f0da762ade3ac571b61ff78bfbcc2baf7,tomato,500,01
experiments_logs/n_simulations/20260917_005549_1854141/tomato/sim_50/scene_02/run_1/exp_tomato_20260917_010741_366403.txt,5611add32895b43f09f15dfc8b7080a28f01509bfa6f0f37e289196cb780b6f1,tomato,50,02
experiments_logs/n_simulations/20260917_005549_1854141/tomato/sim_100/scene_02/run_1/exp_tomato_20260917_010749_984217.txt,e3d20399b5fc146b50b888d30b2b1a91fabcaf7b161ac235d08a7b989e317253,tomato,100,02
experiments_logs/n_simulations/20260917_005549_1854141/tomato/sim_200/scene_02/run_1/exp_tomato_20260917_010759_677501.txt,23cf2f95469ad8dec2a6316646c9cba44a6f86f74d93f0f2c2495c6b306332b3,tomato,200,02
experiments_logs/n_simulations/20260917_005549_1854141/tomato/sim_300/scene_02/run_1/exp_tomato_20260917_010813_066267.txt,d12a7f99919b9b74602101089c836a78ec4b216ffe86744e54e61bf2759502af,tomato,300,02
experiments_logs/n_simulations/20260917_005549_1854141/tomato/sim_500/scene_02/run_1/exp_tomato_20260917_010842_340412.txt,afdce259eed874f4da3af38ec96b8e40fab8a862168379a99f38730f4b983b4b,tomato,500,02
experiments_logs/n_simulations/20260917_005549_1854141/tomato/sim_50/scene_02/run_2/exp_tomato_20260917_010845_897516.txt,a514c2f3bc7c9b3b8d46c533d3907f7689f8669451c7d7dc4cfdc99c0a72da78,tomato,50,02
experiments_logs/n_simulations/20260917_005549_1854141/tomato/sim_100/scene_02/run_2/exp_tomato_20260917_010852_244582.txt,a02e4113e07c8de3501ad636592830b0a2305607b2b6217458467c66f92c722e,tomato,100,02
experiments_logs/n_simulations/20260917_005549_1854141/tomato/sim_200/scene_02/run_2/exp_tomato_20260917_010903_694528.txt,108778420c1db1893c32ad260a6d34d1e6df3c2f5960bf1a4bbcff6d869b739d,tomato,200,02
experiments_logs/n_simulations/20260917_005549_1854141/tomato/sim_300/scene_02/run_2/exp_tomato_20260917_010916_538013.txt,54ba5e631b34d4efd2c0a4ae1ced95b2a7070e6d145d8f3edb806a6afb46300f,tomato,300,02
experiments_logs/n_simulations/20260917_005549_1854141/tomato/sim_500/scene_02/run_2/exp_tomato_20260917_010940_541101.txt,b50b3554b2f4df3aec404fad9743603ca6bdc4755df2787846e0833061689347,tomato,500,02
experiments_logs/n_simulations/20260917_005549_1854141/tomato/sim_50/scene_02/run_3/exp_tomato_20260917_010943_376437.txt,5df341ddaea54d8731dcdc220986830bdb0bb57dad8240b296335c0a07fb77cd,tomato,50,02
experiments_logs/n_simulations/20260917_005549_1854141/tomato/sim_100/scene_02/run_3/exp_tomato_20260917_010948_101108.txt,a458b4510bef719e5681d22a30e8fca903ae3ac5cf026381cc49defd1c8ad971,tomato,100,02
experiments_logs/n_simulations/20260917_005549_1854141/tomato/sim_200/scene_02/run_3/exp_tomato_20260917_011009_588145.txt,9332a6e207718e98ae63ea9ecb9e117b2838ba6d768a22a0cc32d2c16802ffdf,tomato,200,02
experiments_logs/n_simulations/20260917_005549_1854141/tomato/sim_300/scene_02/run_3/exp_tomato_20260917_011023_283109.txt,8c6dc0f99593d71c86eea2482f0a499a4664faafbfe20f3d20772f027501749d,tomato,300,02
experiments_logs/n_simulations/20260917_005549_1854141/tomato/sim_500/scene_02/run_3/exp_tomato_20260917_011050_140038.txt,5294614d3b1b795362d644e955f445a56e9f0663adcb284e6de346c93cc89275,tomato,500,02
experiments_logs/n_simulations/20260917_005549_1854141/tomato/sim_50/scene_02/run_4/exp_tomato_20260917_011053_391314.txt,8df0d15559a9baeb89dafd50b3af06ab38f87728fec2efa29d324d53ce9ac8fb,tomato,50,02
experiments_logs/n_simulations/20260917_005549_1854141/tomato/sim_100/scene_02/run_4/exp_tomato_20260917_011100_126080.txt,4c20c3ff74d0d3564be83eb09204c244d3ed6b8d1cd5e1fd79e12a8c7643efc3,tomato,100,02
experiments_logs/n_simulations/20260917_005549_1854141/tomato/sim_200/scene_02/run_4/exp_tomato_20260917_011111_045631.txt,5635ee6f77b8d6aa1c99d5839e0c7ac5c05203b62ac48319999486339ef2549a,tomato,200,02
experiments_logs/n_simulations/20260917_005549_1854141/tomato/sim_300/scene_02/run_4/exp_tomato_20260917_011126_920706.txt,4f0842d2129ea8b950025abb833c26969160b6c6c03ba43bada1f4eece60fcbd,tomato,300,02
experiments_logs/n_simulations/20260917_005549_1854141/tomato/sim_500/scene_02/run_4/exp_tomato_20260917_011156_820059.txt,b7fd2bbcc263000dcde27120ad6f94c5402583f843b9f0b951c8322602715f22,tomato,500,02
experiments_logs/n_simulations/20260917_005549_1854141/tomato/sim_50/scene_02/run_5/exp_tomato_20260917_011159_278537.txt,d4e986a92dba70675fbcd171b2bd779d774fe2a8267afc8ebacd5eaea87c2f0a,tomato,50,02
experiments_logs/n_simulations/20260917_005549_1854141/tomato/sim_100/scene_02/run_5/exp_tomato_20260917_011204_186444.txt,68d8431414e5dd8a3d200593f49e5eb5018dd2e091670176c14cf008448876c3,tomato,100,02
experiments_logs/n_simulations/20260917_005549_1854141/tomato/sim_200/scene_02/run_5/exp_tomato_20260917_011216_333661.txt,1317fcb2a73ca38efd0481bd8662e583af7100b4be14dbdcd9170096c19a85d6,tomato,200,02
experiments_logs/n_simulations/20260917_005549_1854141/tomato/sim_300/scene_02/run_5/exp_tomato_20260917_011237_830834.txt,055e18ef53f15d5703ab31520c0ddceb3a53569f2e2e14cc56b4a0bf16062fb8,tomato,300,02
experiments_logs/n_simulations/20260917_005549_1854141/tomato/sim_500/scene_02/run_5/exp_tomato_20260917_011306_503880.txt,213749d9461e944d1e4ea2a1eb4d4f1b127705ca3d5b4f1f23f4ccf2ea374868,tomato,500,02
experiments_logs/n_simulations/20260917_005549_1854141/tomato/sim_50/scene_02/run_6/exp_tomato_20260917_011309_046787.txt,5ecc63f501c94f0615e66834623e60341fcf2b5b40b4076b596e1f84c0a49d35,tomato,50,02
experiments_logs/n_simulations/20260917_005549_1854141/tomato/sim_100/scene_02/run_6/exp_tomato_20260917_011314_477338.txt,12299da5eb6a1b541fcb4c95d3ea5427c409217449b8efebd207b431ed313815,tomato,100,02
experiments_logs/n_simulations/20260917_005549_1854141/tomato/sim_200/scene_02/run_6/exp_tomato_20260917_011324_527494.txt,c9368b0fcbe1180cb637e46fe99a89ca545f2e684c288074a60e4483b9704c5d,tomato,200,02
experiments_logs/n_simulations/20260917_005549_1854141/tomato/sim_300/scene_02/run_6/exp_tomato_20260917_011353_479483.txt,460968a5936b1775eef8047ce2ea6127157fa813b41757ff497e5e3bf16cd55b,tomato,300,02
experiments_logs/n_simulations/20260917_005549_1854141/tomato/sim_500/scene_02/run_6/exp_tomato_20260917_011418_333199.txt,df1f11e4e098f1fbaf464c555eefc58c86bc25e33d8584cf45eff063799c7de4,tomato,500,02
experiments_logs/n_simulations/20260917_005549_1854141/tomato/sim_50/scene_02/run_7/exp_tomato_20260917_011421_387787.txt,990fea4f7efb5dbc5d75b6ef5f6ab3f0de51d8faec2ccaf543aca6adfb0b49c8,tomato,50,02
experiments_logs/n_simulations/20260917_005549_1854141/tomato/sim_100/scene_02/run_7/exp_tomato_20260917_011428_709646.txt,cb1966075591a189a164f17bda7bb8c998163794d91b342465a968e5cd98218f,tomato,100,02
experiments_logs/n_simulations/20260917_005549_1854141/tomato/sim_200/scene_02/run_7/exp_tomato_20260917_011508_739162.txt,81dee38a5f4838bf90dde25a4bb616980287dd87add4f2a6d9410f6d668bc07a,tomato,200,02
experiments_logs/n_simulations/20260917_005549_1854141/tomato/sim_300/scene_02/run_7/exp_tomato_20260917_011531_243601.txt,98c7e4b38732febdb0d24cba1f6f2174c58cae1ff1a9adf2c66f828aae35defd,tomato,300,02
experiments_logs/n_simulations/20260917_005549_1854141/tomato/sim_500/scene_02/run_7/exp_tomato_20260917_011612_292146.txt,be696cd86f23138438cedf5b5fdeeaee7a10805d01cba0759dd11065d8711f5e,tomato,500,02
experiments_logs/n_simulations/20260917_005549_1854141/tomato/sim_50/scene_02/run_8/exp_tomato_20260917_011616_461567.txt,f6938f6c7447f50b10cb0722d61961a055199059796f22300437a6d028832606,tomato,50,02
experiments_logs/n_simulations/20260917_005549_1854141/tomato/sim_100/scene_02/run_8/exp_tomato_20260917_011621_932528.txt,2eb101b609d53e749e66223872b9f19e361251fcc2a89c2770c6ade2ccb0572b,tomato,100,02
experiments_logs/n_simulations/20260917_005549_1854141/tomato/sim_200/scene_02/run_8/exp_tomato_20260917_011639_567566.txt,a88032d7a42ebf6e3d139a53987260957ec9d357fff8815a6771446a2d9d4a36,tomato,200,02
experiments_logs/n_simulations/20260917_005549_1854141/tomato/sim_300/scene_02/run_8/exp_tomato_20260917_011654_400162.txt,820ae7d6b395083e5d6270d827aa6d7117103ab3970ca8de5aad604ff2e2a16c,tomato,300,02
experiments_logs/n_simulations/20260917_005549_1854141/tomato/sim_500/scene_02/run_8/exp_tomato_20260917_011723_928945.txt,8275ed0648fdda93d3e001e93ff680376f4e28514837c7d66c9de6c9dacbac3b,tomato,500,02
experiments_logs/n_simulations/20260917_005549_1854141/tomato/sim_50/scene_02/run_9/exp_tomato_20260917_011726_381302.txt,2c394ecaacc91750b879cf517caab6f206c57a8a593b4d2ad57b49508d1ee152,tomato,50,02
experiments_logs/n_simulations/20260917_005549_1854141/tomato/sim_100/scene_02/run_9/exp_tomato_20260917_011731_298455.txt,e26f1daed1b600586904333b646f5ab2899520a0412ff3eb2829b171a25897c9,tomato,100,02
experiments_logs/n_simulations/20260917_005549_1854141/tomato/sim_200/scene_02/run_9/exp_tomato_20260917_011742_382869.txt,4c91566e4f95d7465699d5e281b23149eaffde8de0e138bf49ce724dcd18b435,tomato,200,02
experiments_logs/n_simulations/20260917_005549_1854141/tomato/sim_300/scene_02/run_9/exp_tomato_20260917_011800_031666.txt,6fed1eeddc07827ca50fa7d26ce83de6d876b4ca001b9b9bcaeba09e7e951a7c,tomato,300,02
experiments_logs/n_simulations/20260917_005549_1854141/tomato/sim_500/scene_02/run_9/exp_tomato_20260917_011833_311917.txt,38414d36cd54f2cfd94da4e82289f6017423c60adef1340a4d0c5752ef48ea4a,tomato,500,02
experiments_logs/n_simulations/20260917_005549_1854141/tomato/sim_50/scene_02/run_10/exp_tomato_20260917_011837_656780.txt,21be1aa55162abd07b83a6cfca77d925ec7628f74b7c311060e725fdc7b084c3,tomato,50,02
experiments_logs/n_simulations/20260917_005549_1854141/tomato/sim_100/scene_02/run_10/exp_tomato_20260917_011842_256665.txt,b07a8c8e09601e08fee0ca27aaa07992a983ef586a5ffdb809ae40422407c991,tomato,100,02
experiments_logs/n_simulations/20260917_005549_1854141/tomato/sim_200/scene_02/run_10/exp_tomato_20260917_011851_316449.txt,17741223a25ebe340b2fc14b39f6110885490cd75621f0ba1c5cb42fdd67835b,tomato,200,02
experiments_logs/n_simulations/20260917_005549_1854141/tomato/sim_300/scene_02/run_10/exp_tomato_20260917_011913_596213.txt,53404db885217341f23c1bc25204db5eb856610f1472ab4f48269b4a8a764816,tomato,300,02
experiments_logs/n_simulations/20260917_005549_1854141/tomato/sim_500/scene_02/run_10/exp_tomato_20260917_011939_396414.txt,ba2df0e2db25ae8dd4ac6dccc9e35339418e0f03caac778e276394b9f5bf25ed,tomato,500,02
experiments_logs/n_simulations/20260917_005549_1854141/tomato/sim_50/scene_03/run_1/exp_tomato_20260917_011943_748363.txt,d0a8fd4eb17920b9daf8aab69fd58f1d6001c97610405ae7e3d1e3b153e78913,tomato,50,03
experiments_logs/n_simulations/20260917_005549_1854141/tomato/sim_100/scene_03/run_1/exp_tomato_20260917_011948_432651.txt,dc2dde15830230bb179773ac5377a8619ce00b0db5bea4f65f754c42700ad07c,tomato,100,03
experiments_logs/n_simulations/20260917_005549_1854141/tomato/sim_200/scene_03/run_1/exp_tomato_20260917_012000_923312.txt,7aa653530988ca0f2a547391dc969ced295218daab966869913b70423d218972,tomato,200,03
experiments_logs/n_simulations/20260917_005549_1854141/tomato/sim_300/scene_03/run_1/exp_tomato_20260917_012015_708253.txt,b8500ce5bf00fbbd4b6495b4f758b09b201ceb8536ff48496842790ecc0c2c52,tomato,300,03
experiments_logs/n_simulations/20260917_005549_1854141/tomato/sim_500/scene_03/run_1/exp_tomato_20260917_012042_719072.txt,1bba51a0f4177904363f894ab3cac15e5953d409152fe39b27d595fe39270478,tomato,500,03
experiments_logs/n_simulations/20260917_005549_1854141/tomato/sim_50/scene_03/run_2/exp_tomato_20260917_012045_091113.txt,ca0b6b67090891beafa8043f13fe6611e601ad40ca8981a15e878c74fb014137,tomato,50,03
experiments_logs/n_simulations/20260917_005549_1854141/tomato/sim_100/scene_03/run_2/exp_tomato_20260917_012052_297580.txt,0b3c8fc6a212ddfcaa6ad73e874fb78dcd97dc9ad780cbc975fc748595914bd5,tomato,100,03
experiments_logs/n_simulations/20260917_005549_1854141/tomato/sim_200/scene_03/run_2/exp_tomato_20260917_012104_547133.txt,39f5937e3b84cd71ae4de718ed53487ea067e469b11940fa1bb046717cd631fe,tomato,200,03
experiments_logs/n_simulations/20260917_005549_1854141/tomato/sim_300/scene_03/run_2/exp_tomato_20260917_012118_037114.txt,8e1c23aff09d0685185bb7cdde2c6998dc9ef17729d2a80f5e49ed5d79b37b5a,tomato,300,03
experiments_logs/n_simulations/20260917_005549_1854141/tomato/sim_500/scene_03/run_2/exp_tomato_20260917_012143_705559.txt,cdbe2799ff7d2ea2fa725d87855b3c4186724489eb4783e30f91312d3f57afd9,tomato,500,03
experiments_logs/n_simulations/20260917_005549_1854141/tomato/sim_50/scene_03/run_3/exp_tomato_20260917_012146_509653.txt,57d83e69cffc621256fbf9225c2adf23995fc7be60074e8988d5fcf3772ad9c8,tomato,50,03
experiments_logs/n_simulations/20260917_005549_1854141/tomato/sim_100/scene_03/run_3/exp_tomato_20260917_012151_427726.txt,cddc04426ae3c7b3af28de2850aa063c874a9fac41a6beb179be52cd9dba14de,tomato,100,03
experiments_logs/n_simulations/20260917_005549_1854141/tomato/sim_200/scene_03/run_3/exp_tomato_20260917_012206_686725.txt,e9c013a06ca5050f41d6d76d7434e36cb28fbf8a04dfd50b1339bd4ea0ef9e42,tomato,200,03
experiments_logs/n_simulations/20260917_005549_1854141/tomato/sim_300/scene_03/run_3/exp_tomato_20260917_012225_368448.txt,e6a1452a90906c5c2cb0b80ac4809a0ef08c516e1ae7518d10e83f306afb1f4a,tomato,300,03
experiments_logs/n_simulations/20260917_005549_1854141/tomato/sim_500/scene_03/run_3/exp_tomato_20260917_012257_314624.txt,3811736c19a80a36feeda3d41279aab9e7494864d71ccf45cb02a79472145187,tomato,500,03
experiments_logs/n_simulations/20260917_005549_1854141/tomato/sim_50/scene_03/run_4/exp_tomato_20260917_012259_914113.txt,613ec28fff231d3e9382411b6f4dd75aaadd9ad07a505610849c03aefec9c438,tomato,50,03
experiments_logs/n_simulations/20260917_005549_1854141/tomato/sim_100/scene_03/run_4/exp_tomato_20260917_012307_344251.txt,4fc44f79c347bbd85020f38c87f8c5acd8b75770c1e883ae1e34bdc87c75e81f,tomato,100,03
experiments_logs/n_simulations/20260917_005549_1854141/tomato/sim_200/scene_03/run_4/exp_tomato_20260917_012317_750398.txt,93ebe0a3af2d2a16ef77ce501bd38737483a432ebdbc5dbfe7157f2ad565420b,tomato,200,03
experiments_logs/n_simulations/20260917_005549_1854141/tomato/sim_300/scene_03/run_4/exp_tomato_20260917_012331_520910.txt,2ef8efb5f2755eb6e3eee14bc689a1a52ff14a091803db84ffbede73f4317f92,tomato,300,03
experiments_logs/n_simulations/20260917_005549_1854141/tomato/sim_500/scene_03/run_4/exp_tomato_20260917_012426_542571.txt,037624aa33d62557ae5f4291671974d14d04e91634ee5ee4999787b9fc545468,tomato,500,03
experiments_logs/n_simulations/20260917_005549_1854141/tomato/sim_50/scene_03/run_5/exp_tomato_20260917_012430_032307.txt,dda639bee49e73298b6c8aca7767849a6f23d1f121b5a4ca604971a5e43c559e,tomato,50,03
experiments_logs/n_simulations/20260917_005549_1854141/tomato/sim_100/scene_03/run_5/exp_tomato_20260917_012436_404644.txt,07515fb4d010fcc440a5a78541b3d91fcbbb15f716dff7b83ef51361ceaca1bf,tomato,100,03
experiments_logs/n_simulations/20260917_005549_1854141/tomato/sim_200/scene_03/run_5/exp_tomato_20260917_012453_898149.txt,4875b274c1adca55b16d9f9cacc632cff93709039b1af9f986f44588f4025ba5,tomato,200,03
experiments_logs/n_simulations/20260917_005549_1854141/tomato/sim_300/scene_03/run_5/exp_tomato_20260917_012508_237138.txt,d96425ac017781bf0c45d0118e203c526d3d8ee9bbda17bb44f78788d1b1793f,tomato,300,03
experiments_logs/n_simulations/20260917_005549_1854141/tomato/sim_500/scene_03/run_5/exp_tomato_20260917_012540_665327.txt,768b72ae5d775cce640733df2d1b070af90529e99ca39f91861d4c5b9a37790b,tomato,500,03
experiments_logs/n_simulations/20260917_005549_1854141/tomato/sim_50/scene_03/run_6/exp_tomato_20260917_012546_700575.txt,39591a8e5d72df9c44814377f9cf6f50a339834816d48d66026a96c6d6b60eaa,tomato,50,03
experiments_logs/n_simulations/20260917_005549_1854141/tomato/sim_100/scene_03/run_6/exp_tomato_20260917_012554_114490.txt,593179ebdb1d4ba1995b4b89482b14e0d880c55c1e308399e44e671b87727483,tomato,100,03
experiments_logs/n_simulations/20260917_005549_1854141/tomato/sim_200/scene_03/run_6/exp_tomato_20260917_012607_961043.txt,1763c1028ceb87cdfcdafa7d78761ea4c982f2549645328aee586efdc37c29c6,tomato,200,03
experiments_logs/n_simulations/20260917_005549_1854141/tomato/sim_300/scene_03/run_6/exp_tomato_20260917_012626_636524.txt,b128a0f17e1952e6cdecf9da5e0ba78bdfbbad03a397be6a20097766961451fa,tomato,300,03
experiments_logs/n_simulations/20260917_005549_1854141/tomato/sim_500/scene_03/run_6/exp_tomato_20260917_012655_829782.txt,378e9d7a216e6a13743bad5f30835ae93a77c73e4bdf29d21bc6014ece096731,tomato,500,03
experiments_logs/n_simulations/20260917_005549_1854141/tomato/sim_50/scene_03/run_7/exp_tomato_20260917_012658_713881.txt,a52592ee17b80c8f2a7b644a80b12f55d10b1f1d53aa715e67d969b459ea4c93,tomato,50,03
experiments_logs/n_simulations/20260917_005549_1854141/tomato/sim_100/scene_03/run_7/exp_tomato_20260917_012704_986946.txt,36b56d994a208344f3f31b165d1c3f6473cf64889e65c679da904080cb548255,tomato,100,03
experiments_logs/n_simulations/20260917_005549_1854141/tomato/sim_200/scene_03/run_7/exp_tomato_20260917_012713_371792.txt,cb1d61fcb2eb9f14f5f415b0edf9ab84b57e353d2d1dff58b293154c08dd131b,tomato,200,03
experiments_logs/n_simulations/20260917_005549_1854141/tomato/sim_300/scene_03/run_7/exp_tomato_20260917_012727_070426.txt,79aca82c7481b7a7de5b056fbb3f9a815a44c3165302245f9dcf8818f8b09b69,tomato,300,03
experiments_logs/n_simulations/20260917_005549_1854141/tomato/sim_500/scene_03/run_7/exp_tomato_20260917_012809_127627.txt,f920a6b16863f6d63be7e98f6d699991bc77795247f0b3ca26a054e34521fec2,tomato,500,03
experiments_logs/n_simulations/20260917_005549_1854141/tomato/sim_50/scene_03/run_8/exp_tomato_20260917_012811_875245.txt,639e6c337b9b1a5c0c8c72f114fe10808b2199b148c64b4ea0a50e17bfd5e52e,tomato,50,03
experiments_logs/n_simulations/20260917_005549_1854141/tomato/sim_100/scene_03/run_8/exp_tomato_20260917_012818_110369.txt,b2b935758adfc0aa7d3ba93d059cb5343c6c03a34a6492c1056d230297e2348e,tomato,100,03
experiments_logs/n_simulations/20260917_005549_1854141/tomato/sim_200/scene_03/run_8/exp_tomato_20260917_012827_774413.txt,c85755a3e2d4059699b7002a53df9ede5a0729234e7d685bd65e5d6eadef123a,tomato,200,03
experiments_logs/n_simulations/20260917_005549_1854141/tomato/sim_300/scene_03/run_8/exp_tomato_20260917_012930_106008.txt,cd281703f31337a6e784153df4610afb8f4f8deb11c368f25c09eaa6495db599,tomato,300,03
experiments_logs/n_simulations/20260917_005549_1854141/tomato/sim_500/scene_03/run_8/exp_tomato_20260917_012952_038169.txt,ad04b7ca1785478b4fcb8608759b0ac2b8f85eba88ac26d34dbf408d30ac36b1,tomato,500,03
experiments_logs/n_simulations/20260917_005549_1854141/tomato/sim_50/scene_03/run_9/exp_tomato_20260917_012956_162861.txt,5e690b73522def932c80d0c947e2323e04c9c260a693d3483d83ccc87b7408ec,tomato,50,03
experiments_logs/n_simulations/20260917_005549_1854141/tomato/sim_100/scene_03/run_9/exp_tomato_20260917_013000_539658.txt,ce66fb85ecfa2dfd4fb65c6cd57edb9121fe5c988a645d95d8c5adde31b34088,tomato,100,03
experiments_logs/n_simulations/20260917_005549_1854141/tomato/sim_200/scene_03/run_9/exp_tomato_20260917_013010_197808.txt,09e67973b2b9968a7211059b8d2af671a375259dbc04198eb91c7fd8b97c0dbc,tomato,200,03
experiments_logs/n_simulations/20260917_005549_1854141/tomato/sim_300/scene_03/run_9/exp_tomato_20260917_013037_308122.txt,b626b57f21934a0f77933b73ec95fc766530fe1f8112205d34c4b5ca5517730e,tomato,300,03
experiments_logs/n_simulations/20260917_005549_1854141/tomato/sim_500/scene_03/run_9/exp_tomato_20260917_013119_094472.txt,189bd4df137b0b99eebaf2bfb5be0113901f2fa1b7e83a766a20d31040a3c9c2,tomato,500,03
experiments_logs/n_simulations/20260917_005549_1854141/tomato/sim_50/scene_03/run_10/exp_tomato_20260917_013121_848101.txt,32dea9a312082182725294501fcc8f7cc2acc0aca80d482e45a07a75df1a3a80,tomato,50,03
experiments_logs/n_simulations/20260917_005549_1854141/tomato/sim_100/scene_03/run_10/exp_tomato_20260917_013126_638435.txt,5df1de61e5e8dec58afdc4088953892dcc25eb8d3cdc07998a9d6ef2e700ff96,tomato,100,03
experiments_logs/n_simulations/20260917_005549_1854141/tomato/sim_200/scene_03/run_10/exp_tomato_20260917_013137_692962.txt,9b15056f3a7fbb196652aad3a66603577f355cfe03f537a5828b1bab513ec299,tomato,200,03
experiments_logs/n_simulations/20260917_005549_1854141/tomato/sim_300/scene_03/run_10/exp_tomato_20260917_013151_469405.txt,f19cbc78f22d3065c7a2c7dcd9d6e5fe7eb26cd2d625a99c76028c5962cd8aa5,tomato,300,03
experiments_logs/n_simulations/20260917_005549_1854141/tomato/sim_500/scene_03/run_10/exp_tomato_20260917_013245_561670.txt,b79b06e57a204b552c8f51f7be63f640dc764a1f086e29319061f8c083379dca,tomato,500,03
experiments_logs/n_simulations/20260917_005549_1854141/tomato/sim_50/scene_04/run_1/exp_tomato_20260917_013248_776372.txt,db44708c48d2fa1fff3a90d435fad7dc95440dedb2cb3846bf1b74d55010a2f6,tomato,50,04
experiments_logs/n_simulations/20260917_005549_1854141/tomato/sim_100/scene_04/run_1/exp_tomato_20260917_013253_848092.txt,cceff7cc041a703e930be6a1d172c68089a1e25d05253b828a40f99f153c0265,tomato,100,04
experiments_logs/n_simulations/20260917_005549_1854141/tomato/sim_200/scene_04/run_1/exp_tomato_20260917_013303_439687.txt,75dfec9a146c20389ded1400e142f872e75a193008e13a9db920356c6e260b94,tomato,200,04
experiments_logs/n_simulations/20260917_005549_1854141/tomato/sim_300/scene_04/run_1/exp_tomato_20260917_013315_958499.txt,d7c1985505d6768511f48cb726776a64045d289ab97bc0c45748d3ecb5e9f639,tomato,300,04
experiments_logs/n_simulations/20260917_005549_1854141/tomato/sim_500/scene_04/run_1/exp_tomato_20260917_013356_662942.txt,9eb39fb38b3f27aaa45f3dab8d5a77ab6123e14a3eb0be3eaa4573a1d498cff4,tomato,500,04
experiments_logs/n_simulations/20260917_005549_1854141/tomato/sim_50/scene_04/run_2/exp_tomato_20260917_013358_893884.txt,084c580af0f41e5805f0e14758ecbd9923b2471a1a90178a4d8bddd82420a1dd,tomato,50,04
experiments_logs/n_simulations/20260917_005549_1854141/tomato/sim_100/scene_04/run_2/exp_tomato_20260917_013417_962259.txt,a7ef4925179e8329b8a4e092d4c5a2794eb53eb94156ee4bcc1d33ed13ab09e5,tomato,100,04
experiments_logs/n_simulations/20260917_005549_1854141/tomato/sim_200/scene_04/run_2/exp_tomato_20260917_013426_486492.txt,c95a16b911fa4e9900fd709681ca3be2c8c09f5e6928a926ac6061549509a94a,tomato,200,04
experiments_logs/n_simulations/20260917_005549_1854141/tomato/sim_300/scene_04/run_2/exp_tomato_20260917_013441_946803.txt,8cfd2cbe0c3c2d9d9d3908e77e183a7befeefe2900a0d1fb4908e72953041c1a,tomato,300,04
experiments_logs/n_simulations/20260917_005549_1854141/tomato/sim_500/scene_04/run_2/exp_tomato_20260917_013505_158111.txt,3e4ed7af5cafba651da9e52d9444a141f7bf6012662b46eef5f4777d2badde3a,tomato,500,04
experiments_logs/n_simulations/20260917_005549_1854141/tomato/sim_50/scene_04/run_3/exp_tomato_20260917_013507_784089.txt,1fcab6b7521cba13eeefdf7c6b01b0421bb5d8ba739dd1000b4e45e2c9a5e1b5,tomato,50,04
experiments_logs/n_simulations/20260917_005549_1854141/tomato/sim_100/scene_04/run_3/exp_tomato_20260917_013513_271242.txt,3295b504e4174c0e5817f48f207395cb792d1415589a476e1b41c0e7ebfb7be2,tomato,100,04
experiments_logs/n_simulations/20260917_005549_1854141/tomato/sim_200/scene_04/run_3/exp_tomato_20260917_013523_956581.txt,2a4a7e171c0b03b3808e1ac74394719b9fb6db62183972615b0333fde3fe99da,tomato,200,04
experiments_logs/n_simulations/20260917_005549_1854141/tomato/sim_300/scene_04/run_3/exp_tomato_20260917_013540_987508.txt,a2782ddbc7159243819e16057dea3c7dae59b4482c08abc926c3c0693a3fb2d6,tomato,300,04
experiments_logs/n_simulations/20260917_005549_1854141/tomato/sim_500/scene_04/run_3/exp_tomato_20260917_013615_343481.txt,5cd8b09d1b2d47238ccd5a7d7305135acc682c5b141be6e142e0a9b4d410a76b,tomato,500,04
experiments_logs/n_simulations/20260917_005549_1854141/tomato/sim_50/scene_04/run_4/exp_tomato_20260917_013618_454041.txt,099e94668c96a1c9c954af534b951bbf917d314a3befd7056bb49c4367172028,tomato,50,04
experiments_logs/n_simulations/20260917_005549_1854141/tomato/sim_100/scene_04/run_4/exp_tomato_20260917_013624_125801.txt,783861f714d0010d69e8af2f8b950dfdaa6fe3ced91bd6c30c159b7ea0f496d9,tomato,100,04
experiments_logs/n_simulations/20260917_005549_1854141/tomato/sim_200/scene_04/run_4/exp_tomato_20260917_013635_491392.txt,bf3969fd66f6b06f5583bad9af11e979cfc8159e0e73f34ded7e20ca71609bea,tomato,200,04
experiments_logs/n_simulations/20260917_005549_1854141/tomato/sim_300/scene_04/run_4/exp_tomato_20260917_013659_368516.txt,cddadaa2e1266f4bf81579d478a23d9e42023b943c724ede12ed2e28ff3bef5f,tomato,300,04
experiments_logs/n_simulations/20260917_005549_1854141/tomato/sim_500/scene_04/run_4/exp_tomato_20260917_013724_692499.txt,2c8eff25a4e6fc2ffc909bcbb48e8c76bf050c056da86c7606c1dfc0e4d461b5,tomato,500,04
experiments_logs/n_simulations/20260917_005549_1854141/tomato/sim_50/scene_04/run_5/exp_tomato_20260917_013730_575635.txt,4ce8b9b64e5080bdbff6a808513ed0c6d16091d5c87474569d7114e53268d2c3,tomato,50,04
experiments_logs/n_simulations/20260917_005549_1854141/tomato/sim_100/scene_04/run_5/exp_tomato_20260917_013736_655645.txt,c4ae0334f6fb9db1d5024e9620018ed0bd545c34082d6552bbd395904194f28b,tomato,100,04
experiments_logs/n_simulations/20260917_005549_1854141/tomato/sim_200/scene_04/run_5/exp_tomato_20260917_013746_693636.txt,ce64b3fcdfde239a0cd48a692b39564a8181327b08a0d713d0af840ab56e9c29,tomato,200,04
experiments_logs/n_simulations/20260917_005549_1854141/tomato/sim_300/scene_04/run_5/exp_tomato_20260917_013800_223077.txt,ca82697f9aed98b0b6664d7e8168ef69b4283a9c82739be2abea759b2b55bb8e,tomato,300,04
experiments_logs/n_simulations/20260917_005549_1854141/tomato/sim_500/scene_04/run_5/exp_tomato_20260917_013901_449100.txt,0ce32185cc4c969177314e2a6569cef3f2dec9f9b77503f18b1bb74913579f01,tomato,500,04
experiments_logs/n_simulations/20260917_005549_1854141/tomato/sim_50/scene_04/run_6/exp_tomato_20260917_013903_603550.txt,d786c848050012f982b984a6da4a907ac85cf0816d58efc55a6d674f0d722d04,tomato,50,04
experiments_logs/n_simulations/20260917_005549_1854141/tomato/sim_100/scene_04/run_6/exp_tomato_20260917_013908_800189.txt,551a68da4d57d80f91b11f281c2ded8929ad2c309f3464df310e7a44a0ac0934,tomato,100,04
experiments_logs/n_simulations/20260917_005549_1854141/tomato/sim_200/scene_04/run_6/exp_tomato_20260917_013920_792508.txt,80927e70d6dbcc2c7338edece6ea06d0f429fd83d6b96555ac976d63231a32ff,tomato,200,04
experiments_logs/n_simulations/20260917_005549_1854141/tomato/sim_300/scene_04/run_6/exp_tomato_20260917_013942_894773.txt,2f4f59b423d560a9232e1015abe6867f6ba4628d5a7dc5dcd0143ce45eb5a382,tomato,300,04
experiments_logs/n_simulations/20260917_005549_1854141/tomato/sim_500/scene_04/run_6/exp_tomato_20260917_014013_422969.txt,bef38e9201ebf41db2d6a3c86aef5383bbbf902c6642b2507bd8192b0fc81225,tomato,500,04
experiments_logs/n_simulations/20260917_005549_1854141/tomato/sim_50/scene_04/run_7/exp_tomato_20260917_014016_322814.txt,c5ca6ea5c47510e1415c40629ad4cc513a753bc3c3f1889cbff66850a10139de,tomato,50,04
experiments_logs/n_simulations/20260917_005549_1854141/tomato/sim_100/scene_04/run_7/exp_tomato_20260917_014022_749744.txt,cc156fbfb29e728a168a9834576359db981dd66c69c7f2fd11406224e9b58371,tomato,100,04
experiments_logs/n_simulations/20260917_005549_1854141/tomato/sim_200/scene_04/run_7/exp_tomato_20260917_014029_777468.txt,06482c3c6d9028177393e51bb0f992ef0f3bdac22d1bc0b38b19affe328bef11,tomato,200,04
experiments_logs/n_simulations/20260917_005549_1854141/tomato/sim_300/scene_04/run_7/exp_tomato_20260917_014044_362566.txt,86a777025ac7051337cc8469b6e2f1f5750770e2b447036a42462fd0e3d0c122,tomato,300,04
experiments_logs/n_simulations/20260917_005549_1854141/tomato/sim_500/scene_04/run_7/exp_tomato_20260917_014119_266234.txt,a8fcfecb5527e428dbb4be990510a117a5b54aaa2f3e9bf2b3cdd0a5d2577a78,tomato,500,04
experiments_logs/n_simulations/20260917_005549_1854141/tomato/sim_50/scene_04/run_8/exp_tomato_20260917_014122_526564.txt,60e1872deb2eb2565f073f7186a0ea8c820dccda11d49e57b5a3ce009da126b9,tomato,50,04
experiments_logs/n_simulations/20260917_005549_1854141/tomato/sim_100/scene_04/run_8/exp_tomato_20260917_014128_532479.txt,69766315ff37bdb19348ffe0c4390c927e418f687a8f610a755f238af1625d65,tomato,100,04
experiments_logs/n_simulations/20260917_005549_1854141/tomato/sim_200/scene_04/run_8/exp_tomato_20260917_014139_673285.txt,1645cac1285efcba1034595049c83d286011f43b2de86a3cebd2c9c9a34712b8,tomato,200,04
experiments_logs/n_simulations/20260917_005549_1854141/tomato/sim_300/scene_04/run_8/exp_tomato_20260917_014158_819435.txt,3aed777ce7693766b3d08a354d3dc9d67aa892fa0eae5f1f12cb77e09d84221b,tomato,300,04
experiments_logs/n_simulations/20260917_005549_1854141/tomato/sim_500/scene_04/run_8/exp_tomato_20260917_014223_101299.txt,5fd7992285e507fe97ba7b790e263d59629ac055a83a696b3c9158ebccc3085b,tomato,500,04
experiments_logs/n_simulations/20260917_005549_1854141/tomato/sim_50/scene_04/run_9/exp_tomato_20260917_014225_761332.txt,c0f6385f0695a4072e62d37950a1914a3bd8e9fb9b3c526d82f84c1f54abdb8c,tomato,50,04
experiments_logs/n_simulations/20260917_005549_1854141/tomato/sim_100/scene_04/run_9/exp_tomato_20260917_014231_125059.txt,c25cf001802e765c15b0ad088fd81086df8cb303feb5b8f141fa86e1d3951fa5,tomato,100,04
experiments_logs/n_simulations/20260917_005549_1854141/tomato/sim_200/scene_04/run_9/exp_tomato_20260917_014242_280485.txt,fa446b821a5a64654c9f62bacf962ea4117ef27642360fc5ead05bc6c31ef5ee,tomato,200,04
experiments_logs/n_simulations/20260917_005549_1854141/tomato/sim_300/scene_04/run_9/exp_tomato_20260917_014258_573024.txt,41e9927ed3547ff43884bd1d416958c8ba8d39a19b499af9db5f9c293b32922d,tomato,300,04
experiments_logs/n_simulations/20260917_005549_1854141/tomato/sim_500/scene_04/run_9/exp_tomato_20260917_014325_865885.txt,a67576e069a21fc229f365ccb631bfc8fb3682563958143d1e2bd05c35828ec2,tomato,500,04
experiments_logs/n_simulations/20260917_005549_1854141/tomato/sim_50/scene_04/run_10/exp_tomato_20260917_014328_295059.txt,551ca16274058f501e9827a30b8968afdc145427f960c7c40fc61e9980d89aac,tomato,50,04
experiments_logs/n_simulations/20260917_005549_1854141/tomato/sim_100/scene_04/run_10/exp_tomato_20260917_014334_071503.txt,ded28f7ae0528caf093cf62cf430199823ada31df0413d9d7d9daac144013214,tomato,100,04
experiments_logs/n_simulations/20260917_005549_1854141/tomato/sim_200/scene_04/run_10/exp_tomato_20260917_014344_753119.txt,85ec40c8bf2866ca06d92ddca231a44478c7414ce55e5a620c6e6e9956c877bd,tomato,200,04
experiments_logs/n_simulations/20260917_005549_1854141/tomato/sim_300/scene_04/run_10/exp_tomato_20260917_014400_873084.txt,cdc95cf8a691702d8a51b2788a346a4c6a496fa7b47929cf2a8a845d040404c2,tomato,300,04
experiments_logs/n_simulations/20260917_005549_1854141/tomato/sim_500/scene_04/run_10/exp_tomato_20260917_014436_697314.txt,46bac1ae0b0fd191e6e22ae520e2a63c71be87b55cd2b3e6d16015cb92fc2588,tomato,500,04
experiments_logs/n_simulations/20260917_005549_1854141/tomato/sim_50/scene_05/run_1/exp_tomato_20260917_014439_244324.txt,237990059b82fac93d7c2849712b549152daadca43bed3cbbe57d9929fefd944,tomato,50,05
experiments_logs/n_simulations/20260917_005549_1854141/tomato/sim_100/scene_05/run_1/exp_tomato_20260917_014445_075897.txt,929985e7b7219f09896353465aa90243f576715d4f61a2806d35cd999a6c47e1,tomato,100,05
experiments_logs/n_simulations/20260917_005549_1854141/tomato/sim_200/scene_05/run_1/exp_tomato_20260917_014458_889355.txt,8263031e66c8f74352434fdf5dfb949223c86794a05de97bc4cb9fb7d2a938f1,tomato,200,05
experiments_logs/n_simulations/20260917_005549_1854141/tomato/sim_300/scene_05/run_1/exp_tomato_20260917_014516_924764.txt,562e96cf57063d301b6d9ea29695464aabc8d3dfe1c84066a92399c9f5c5b3f2,tomato,300,05
experiments_logs/n_simulations/20260917_005549_1854141/tomato/sim_500/scene_05/run_1/exp_tomato_20260917_014548_108989.txt,a3da17c6d9fc586f0c7667a8923e9bb46ecfabd350dddcfb2f525fc6b05ae14b,tomato,500,05
experiments_logs/n_simulations/20260917_005549_1854141/tomato/sim_50/scene_05/run_2/exp_tomato_20260917_014551_561819.txt,08c63d60853d108937f9123c8ed668378de69ac92f73207d4d44212e3b7621fb,tomato,50,05
experiments_logs/n_simulations/20260917_005549_1854141/tomato/sim_100/scene_05/run_2/exp_tomato_20260917_014556_055647.txt,23b18032ab64e3a9c91f050c72f79df2802998b8dea47e4170132626b89a2a46,tomato,100,05
experiments_logs/n_simulations/20260917_005549_1854141/tomato/sim_200/scene_05/run_2/exp_tomato_20260917_014611_016398.txt,3d27e3609d2a0e5189645faf5344713d3bce7b2c2b4937c6557f5221fb3d00ca,tomato,200,05
experiments_logs/n_simulations/20260917_005549_1854141/tomato/sim_300/scene_05/run_2/exp_tomato_20260917_014627_782004.txt,e33fbca9bcc5d5c3278d7473a3cf4a7458bc030bd85a01d474b8b6782d95c638,tomato,300,05
experiments_logs/n_simulations/20260917_005549_1854141/tomato/sim_500/scene_05/run_2/exp_tomato_20260917_014713_169794.txt,d34f2477c3e409aca05d0441426b951dbf58789f759fa95beec64a195931eb1e,tomato,500,05
experiments_logs/n_simulations/20260917_005549_1854141/tomato/sim_50/scene_05/run_3/exp_tomato_20260917_014715_835964.txt,2e11f359197bb5e9fd9c62e5caf42c3d25f9bc97cf2336788f133825041663cd,tomato,50,05
experiments_logs/n_simulations/20260917_005549_1854141/tomato/sim_100/scene_05/run_3/exp_tomato_20260917_014722_394305.txt,9ce867e932080fc286fa31bfacf3e475a7c006f1bc8bcc1641cb777156053db5,tomato,100,05
experiments_logs/n_simulations/20260917_005549_1854141/tomato/sim_200/scene_05/run_3/exp_tomato_20260917_014735_152210.txt,13a96747f426d0ebc9fc1a00f95a2a83ef41c402f62960f2cf2d3e525e714741,tomato,200,05
experiments_logs/n_simulations/20260917_005549_1854141/tomato/sim_300/scene_05/run_3/exp_tomato_20260917_014750_898336.txt,3c30f2315db10b7c1f0a7f006d6aaa905761907a6dfd3f119b4f8aa1b207e686,tomato,300,05
experiments_logs/n_simulations/20260917_005549_1854141/tomato/sim_500/scene_05/run_3/exp_tomato_20260917_014815_861288.txt,d2ecdc372ba544001dffc932fa2c4e23bbf8cb66e1de03a6893eba8ada576f9e,tomato,500,05
experiments_logs/n_simulations/20260917_005549_1854141/tomato/sim_50/scene_05/run_4/exp_tomato_20260917_014819_039603.txt,0e400133156e4795f015c1c25f4521032322bc99a2453d3a28da47838ca8b0c6,tomato,50,05
experiments_logs/n_simulations/20260917_005549_1854141/tomato/sim_100/scene_05/run_4/exp_tomato_20260917_014828_395539.txt,110faf04ce432fe90f31ac6f2ec16175f19fb9cbd9bfb22674af037ca24d98ca,tomato,100,05
experiments_logs/n_simulations/20260917_005549_1854141/tomato/sim_200/scene_05/run_4/exp_tomato_20260917_014841_382423.txt,816185be43a7e7e1a812f53a812438e10af610f7b1442074de57fe2f124df6f6,tomato,200,05
experiments_logs/n_simulations/20260917_005549_1854141/tomato/sim_300/scene_05/run_4/exp_tomato_20260917_014905_480572.txt,25430e3a09e04b17a133e42d274c355af532eedd8914272c1c82eca643068384,tomato,300,05
experiments_logs/n_simulations/20260917_005549_1854141/tomato/sim_500/scene_05/run_4/exp_tomato_20260917_014942_575403.txt,b7cecab458b4df939d21502a02f323f3087e7a482adfaba972d34c6f18a3c5c9,tomato,500,05
experiments_logs/n_simulations/20260917_005549_1854141/tomato/sim_50/scene_05/run_5/exp_tomato_20260917_014945_205381.txt,16e1a408afb913131c71307da26b306fd30a88f25943e75454c53b4edda0e206,tomato,50,05
experiments_logs/n_simulations/20260917_005549_1854141/tomato/sim_100/scene_05/run_5/exp_tomato_20260917_014951_712978.txt,a7c193d5108ba29a2c9674e29e82faa432d6308259e15897da6d82d976723cec,tomato,100,05
experiments_logs/n_simulations/20260917_005549_1854141/tomato/sim_200/scene_05/run_5/exp_tomato_20260917_015002_582730.txt,1d0481f3439126105d1f2d97175f251d60b921b9eb00078e2430fd6204a76675,tomato,200,05
experiments_logs/n_simulations/20260917_005549_1854141/tomato/sim_300/scene_05/run_5/exp_tomato_20260917_015023_857924.txt,e512c36eb97863fc39f630c836bd7b5704b132c46b33616672186873a8dce73e,tomato,300,05
experiments_logs/n_simulations/20260917_005549_1854141/tomato/sim_500/scene_05/run_5/exp_tomato_20260917_015057_450286.txt,fe1d14089431847139bf3964f0e53c649eb6393729ff11655b3b6f9a397ca0b1,tomato,500,05
experiments_logs/n_simulations/20260917_005549_1854141/tomato/sim_50/scene_05/run_6/exp_tomato_20260917_015100_222083.txt,16cb6c57c6f7a453e9d4bf5040bbcfb7400adbc2f95a0a90f3bbc2dd2e8bfa00,tomato,50,05
experiments_logs/n_simulations/20260917_005549_1854141/tomato/sim_100/scene_05/run_6/exp_tomato_20260917_015104_766478.txt,317a755c3b8ba646a7674165be7b9094ff4e45994eb1db0b2f480069f85c53ee,tomato,100,05
experiments_logs/n_simulations/20260917_005549_1854141/tomato/sim_200/scene_05/run_6/exp_tomato_20260917_015117_419946.txt,0eed61683b365ad0c9df0a5eb99b59e29281dc00d6248897fd4f6f66e5e54f0e,tomato,200,05
experiments_logs/n_simulations/20260917_005549_1854141/tomato/sim_300/scene_05/run_6/exp_tomato_20260917_015134_694776.txt,b007c91be4c477e390d2a0c3f25ed0e8efe7818332b9eee83964f46eb96f179d,tomato,300,05
experiments_logs/n_simulations/20260917_005549_1854141/tomato/sim_500/scene_05/run_6/exp_tomato_20260917_015212_212718.txt,38f511681adc8d6aa5dc407bf91c13251821ac205ababa5ce2cc2c5f69d41c75,tomato,500,05
experiments_logs/n_simulations/20260917_005549_1854141/tomato/sim_50/scene_05/run_7/exp_tomato_20260917_015214_647226.txt,f073dad28eb8d92eea292d6c894e56497972783e8a20dcb3785c664950e78009,tomato,50,05
experiments_logs/n_simulations/20260917_005549_1854141/tomato/sim_100/scene_05/run_7/exp_tomato_20260917_015219_260350.txt,bf1d572af27a7adc716aa4e130e99988d641b3c3c46d781a869efe14114c7902,tomato,100,05
experiments_logs/n_simulations/20260917_005549_1854141/tomato/sim_200/scene_05/run_7/exp_tomato_20260917_015229_930119.txt,62675ef3794290883f4beadda16f32c164c8424afaeef6dc3bce72b6f3cc68f8,tomato,200,05
experiments_logs/n_simulations/20260917_005549_1854141/tomato/sim_300/scene_05/run_7/exp_tomato_20260917_015243_536475.txt,8a9162f4804a5a843d5a86f8d13c85ce390a78d0fe72e8557f3663258b981e93,tomato,300,05
experiments_logs/n_simulations/20260917_005549_1854141/tomato/sim_500/scene_05/run_7/exp_tomato_20260917_015307_345332.txt,579cc61ca77ae1b85fd204c97bc4d32ed252ef9c66d228899273a335e59538db,tomato,500,05
experiments_logs/n_simulations/20260917_005549_1854141/tomato/sim_50/scene_05/run_8/exp_tomato_20260917_015309_930738.txt,cdc02890f23141c79a5bc9d6e217e2d2c4241c40a77685a001425642fb7a7225,tomato,50,05
experiments_logs/n_simulations/20260917_005549_1854141/tomato/sim_100/scene_05/run_8/exp_tomato_20260917_015314_890747.txt,49bef2b178047fd92cb189fc4293ffdcbbd727d851c62aa287ec59c8b806d0dc,tomato,100,05
experiments_logs/n_simulations/20260917_005549_1854141/tomato/sim_200/scene_05/run_8/exp_tomato_20260917_015325_618529.txt,76b5edf564dd7efb719ec40b210b352900215a8a952359bf6b05edbd200e2961,tomato,200,05
experiments_logs/n_simulations/20260917_005549_1854141/tomato/sim_300/scene_05/run_8/exp_tomato_20260917_015341_206293.txt,68d26762f8f4b35ea64c6f357e21559f78e01334e98cbbba1c1d0822c663cc14,tomato,300,05
experiments_logs/n_simulations/20260917_005549_1854141/tomato/sim_500/scene_05/run_8/exp_tomato_20260917_015409_332654.txt,79118e5053873e6d6371aa7a3b9091cd184e046abe8e9c5e95fe27fed04626f4,tomato,500,05
experiments_logs/n_simulations/20260917_005549_1854141/tomato/sim_50/scene_05/run_9/exp_tomato_20260917_015412_009147.txt,634b0263599d02783598322ebf02d453537ce93a77229e33db406f9dd52100ae,tomato,50,05
experiments_logs/n_simulations/20260917_005549_1854141/tomato/sim_100/scene_05/run_9/exp_tomato_20260917_015431_810064.txt,b1284b748b456e63e336b22bdb35451248d113a66366cdb33e346f547aa95840,tomato,100,05
experiments_logs/n_simulations/20260917_005549_1854141/tomato/sim_200/scene_05/run_9/exp_tomato_20260917_015441_116566.txt,a39ebd4053e2b056d758074ee399a7f8ed878f842be72f668d94b43e8812b630,tomato,200,05
experiments_logs/n_simulations/20260917_005549_1854141/tomato/sim_300/scene_05/run_9/exp_tomato_20260917_015502_332434.txt,1c853204772e279f0f532dc2a7858e3af99b8447c2ac613f76ddf8f48e8486dc,tomato,300,05
experiments_logs/n_simulations/20260917_005549_1854141/tomato/sim_500/scene_05/run_9/exp_tomato_20260917_015528_075495.txt,d15ed7aafe580883585bd9c316cc29c86cb58bf15d31bb0cd992f84f0f59ed18,tomato,500,05
experiments_logs/n_simulations/20260917_005549_1854141/tomato/sim_50/scene_05/run_10/exp_tomato_20260917_015531_717966.txt,e1f413199050ecd1fd8574a1ad2e1c35f42cbb39a3d1e08a2c8924f609872bf8,tomato,50,05
experiments_logs/n_simulations/20260917_005549_1854141/tomato/sim_100/scene_05/run_10/exp_tomato_20260917_015536_711172.txt,c00b49ed901a58eae9330de81b72ea429e46e5414b9fe35cd72949228f2f1111,tomato,100,05
experiments_logs/n_simulations/20260917_005549_1854141/tomato/sim_200/scene_05/run_10/exp_tomato_20260917_015549_553487.txt,7abe3a48deb6a7ad5d4846674e31cde59d9a6c7a7609612958210f17e6aff1bf,tomato,200,05
experiments_logs/n_simulations/20260917_005549_1854141/tomato/sim_300/scene_05/run_10/exp_tomato_20260917_015606_284490.txt,8f7ebe41112066db0d9ecc71f878c5c67fa500f82230d2eecb3a547b1056a44e,tomato,300,05
experiments_logs/n_simulations/20260917_005549_1854141/tomato/sim_500/scene_05/run_10/exp_tomato_20260917_015633_776871.txt,966598593ca76ffebdbfe98555154567b2ca4e46c7325394661d5a8b6175cfd1,tomato,500,05
experiments_logs/n_simulations/20260917_005549_1854141/wastesorting/sim_50/scene_01/run_1/exp_wastesorting_20260917_015635_049355.txt,294ea4402fa719605efb777cbab002b06570416e4a8cd6ab2abff016001cf838,wastesorting,50,01
experiments_logs/n_simulations/20260917_005549_1854141/wastesorting/sim_100/scene_01/run_1/exp_wastesorting_20260917_015636_845252.txt,56c1c10016bf758cfba577fb5eb0b1d78d42ac5f4adfb3382484d66720ca5d04,wastesorting,100,01
experiments_logs/n_simulations/20260917_005549_1854141/wastesorting/sim_200/scene_01/run_1/exp_wastesorting_20260917_015640_385414.txt,a26be6c520229c2264205187d8ff4cb116f7d7c5864adb3f9bda45eb029992e6,wastesorting,200,01
experiments_logs/n_simulations/20260917_005549_1854141/wastesorting/sim_300/scene_01/run_1/exp_wastesorting_20260917_015648_152348.txt,c5d93d2c22825cb2dd2691a2b57ec9a9ab7b4ad97bc9df5d3cc9b5b637a29e1b,wastesorting,300,01
experiments_logs/n_simulations/20260917_005549_1854141/wastesorting/sim_500/scene_01/run_1/exp_wastesorting_20260917_015657_448231.txt,66aa2ec8085cbc37edd40d4073bf78d645d468ed0d19f241cf1c365401490177,wastesorting,500,01
experiments_logs/n_simulations/20260917_005549_1854141/wastesorting/sim_50/scene_01/run_2/exp_wastesorting_20260917_015658_839491.txt,bf30dbe77fcba04d9cc2b87f4fad334ec271ff4ae149ee836dc4b5c8c5539589,wastesorting,50,01
experiments_logs/n_simulations/20260917_005549_1854141/wastesorting/sim_100/scene_01/run_2/exp_wastesorting_20260917_015700_756449.txt,61f7dbab0d64656c64074db14312f1cb3772c6d5fa5b9c1786f013d40d39e5d1,wastesorting,100,01
experiments_logs/n_simulations/20260917_005549_1854141/wastesorting/sim_200/scene_01/run_2/exp_wastesorting_20260917_015706_604497.txt,5fbe5736c74cf232948f5e2b7b9f443dec648412de8eafe5f7b387bde05836c1,wastesorting,200,01
experiments_logs/n_simulations/20260917_005549_1854141/wastesorting/sim_300/scene_01/run_2/exp_wastesorting_20260917_015714_140337.txt,fa025f3ef78d55a317fb8f9aca2ccf0989523dfe9633a4de0bd6993788ebb2d1,wastesorting,300,01
experiments_logs/n_simulations/20260917_005549_1854141/wastesorting/sim_500/scene_01/run_2/exp_wastesorting_20260917_015723_495460.txt,6403621f3b14a9a0822e404373301de30381e0d3a2f796597b7895a3adf61c46,wastesorting,500,01
experiments_logs/n_simulations/20260917_005549_1854141/wastesorting/sim_50/scene_01/run_3/exp_wastesorting_20260917_015724_456726.txt,0946a46cf7003daff3a5e2acd74ea2d341197e4614560b34c6e5766e02fb2f75,wastesorting,50,01
experiments_logs/n_simulations/20260917_005549_1854141/wastesorting/sim_100/scene_01/run_3/exp_wastesorting_20260917_015726_152606.txt,a89d7572625a42adf6ac2b239fe0ffa2961a1cbbabecc6f41e6e4862f499e1ea,wastesorting,100,01
experiments_logs/n_simulations/20260917_005549_1854141/wastesorting/sim_200/scene_01/run_3/exp_wastesorting_20260917_015731_385942.txt,9bca006ec600d87b60264ce6bc588c43143dca3f61ca92299f3e13df1a19a2e1,wastesorting,200,01
experiments_logs/n_simulations/20260917_005549_1854141/wastesorting/sim_300/scene_01/run_3/exp_wastesorting_20260917_015737_093690.txt,a77a972bcc8712152e2bd783ed45a24409a31e09627628f427f6ef40119a9c22,wastesorting,300,01
experiments_logs/n_simulations/20260917_005549_1854141/wastesorting/sim_500/scene_01/run_3/exp_wastesorting_20260917_015745_915487.txt,c86f6398f40a1b9f42a5cd31e6b82d734fd96e6b012ae7fd9ad17a4527e907e3,wastesorting,500,01
experiments_logs/n_simulations/20260917_005549_1854141/wastesorting/sim_50/scene_01/run_4/exp_wastesorting_20260917_015746_996722.txt,9189cc6cc424796271046c23ffe3ceb970a0a6595e1dbfa8a4250ebc1096a6db,wastesorting,50,01
experiments_logs/n_simulations/20260917_005549_1854141/wastesorting/sim_100/scene_01/run_4/exp_wastesorting_20260917_015748_800745.txt,b507ce89965975e9fdd99084e238591c675b8cd1e4b2dbf0459b67955dede996,wastesorting,100,01
experiments_logs/n_simulations/20260917_005549_1854141/wastesorting/sim_200/scene_01/run_4/exp_wastesorting_20260917_015752_461895.txt,660d59d69f4af9a754cfbc52b3c2c471d4fe1a0b4540da2de67fe2048c3f16f5,wastesorting,200,01
experiments_logs/n_simulations/20260917_005549_1854141/wastesorting/sim_300/scene_01/run_4/exp_wastesorting_20260917_015759_202034.txt,4a3ac6f28069e2bc622982f1cbb6c32ed7dcc8dee0f0337179da845b9e881279,wastesorting,300,01
experiments_logs/n_simulations/20260917_005549_1854141/wastesorting/sim_500/scene_01/run_4/exp_wastesorting_20260917_015809_252171.txt,fcd644adafbb1b8f41acd0097a115bd2387876ca30bd56a4a4b52eeda9063720,wastesorting,500,01
experiments_logs/n_simulations/20260917_005549_1854141/wastesorting/sim_50/scene_01/run_5/exp_wastesorting_20260917_015810_373077.txt,2538f00a55fd1954b383f9c69f91aebf7a61e73bc152e4a1fc60a8a9f9d9f725,wastesorting,50,01
experiments_logs/n_simulations/20260917_005549_1854141/wastesorting/sim_100/scene_01/run_5/exp_wastesorting_20260917_015812_391047.txt,2cded4cb5cd765ac3beec71f4f690b76da293fc3105270424575331fe2be1bcb,wastesorting,100,01
experiments_logs/n_simulations/20260917_005549_1854141/wastesorting/sim_200/scene_01/run_5/exp_wastesorting_20260917_015817_463946.txt,894458b7e914b7afd1afe214565c487a80a949b310ba142d2d3c208c01078efe,wastesorting,200,01
experiments_logs/n_simulations/20260917_005549_1854141/wastesorting/sim_300/scene_01/run_5/exp_wastesorting_20260917_015825_331786.txt,5c90d7a07d59aa8175f56ef8ac2a7268ba8f38b6cdb43c0a6e984c63ea0e051e,wastesorting,300,01
experiments_logs/n_simulations/20260917_005549_1854141/wastesorting/sim_500/scene_01/run_5/exp_wastesorting_20260917_015833_597325.txt,d5fecb5434f6cb41f346920eacafb672d0e926ae053044ef4bc35bd6b62084a1,wastesorting,500,01
experiments_logs/n_simulations/20260917_005549_1854141/wastesorting/sim_50/scene_01/run_6/exp_wastesorting_20260917_015834_513458.txt,342be86df7a3dc006630c25f10dabc7d90607ac72f7c231b794539b9a0fa9a94,wastesorting,50,01
experiments_logs/n_simulations/20260917_005549_1854141/wastesorting/sim_100/scene_01/run_6/exp_wastesorting_20260917_015836_310725.txt,8b72da730d1147b52c0ad5ba1e90872141833969d913a818ce060904cc9bbd05,wastesorting,100,01
experiments_logs/n_simulations/20260917_005549_1854141/wastesorting/sim_200/scene_01/run_6/exp_wastesorting_20260917_015839_720977.txt,0ea111df806215374e05f94e089ca0e4b506fca59e1aee9cfe6afaf389db22fc,wastesorting,200,01
experiments_logs/n_simulations/20260917_005549_1854141/wastesorting/sim_300/scene_01/run_6/exp_wastesorting_20260917_015846_950472.txt,471f01af382fe396431b80bc86ec6bfdf041ae85e761a07f85cee55a7917973e,wastesorting,300,01
experiments_logs/n_simulations/20260917_005549_1854141/wastesorting/sim_500/scene_01/run_6/exp_wastesorting_20260917_015859_427270.txt,eb7065519671338c0ab035663abcecad638327143c73deda60cc148b6284ccb0,wastesorting,500,01
experiments_logs/n_simulations/20260917_005549_1854141/wastesorting/sim_50/scene_01/run_7/exp_wastesorting_20260917_015900_341950.txt,461f83acc4146b0a608d994f1f22e691e2280ebcfcc2c1b698d95438afcdd77c,wastesorting,50,01
experiments_logs/n_simulations/20260917_005549_1854141/wastesorting/sim_100/scene_01/run_7/exp_wastesorting_20260917_015902_186558.txt,a7349ec3185776405efecdfcd57437e00292c9c124be92a6846317127c441536,wastesorting,100,01
experiments_logs/n_simulations/20260917_005549_1854141/wastesorting/sim_200/scene_01/run_7/exp_wastesorting_20260917_015906_805967.txt,6769ca641841a46d4a2ef318b4efcfbe935129533bee5db1693f77eedc69700e,wastesorting,200,01
experiments_logs/n_simulations/20260917_005549_1854141/wastesorting/sim_300/scene_01/run_7/exp_wastesorting_20260917_015911_690969.txt,76bcf302fedb9940016fb5faddd7f5091fae8873eeab7ed1c3d809aa648f11ba,wastesorting,300,01
experiments_logs/n_simulations/20260917_005549_1854141/wastesorting/sim_500/scene_01/run_7/exp_wastesorting_20260917_015924_173671.txt,1bb4315b80d14cc30d6af5c3a727ee5fed98952bc74521f55e2c34b94ec11061,wastesorting,500,01
experiments_logs/n_simulations/20260917_005549_1854141/wastesorting/sim_50/scene_01/run_8/exp_wastesorting_20260917_015925_276872.txt,5ab6cb99b29f19565eb40e83f4be6b61e6fe6450fc98fca077630e8fdc5776c9,wastesorting,50,01
experiments_logs/n_simulations/20260917_005549_1854141/wastesorting/sim_100/scene_01/run_8/exp_wastesorting_20260917_015927_367744.txt,9abf85f6093eddca8461af961970c1b3909676e67e3f128e0042c72b952f0c1e,wastesorting,100,01
experiments_logs/n_simulations/20260917_005549_1854141/wastesorting/sim_200/scene_01/run_8/exp_wastesorting_20260917_015930_733033.txt,c631532fc3e8d612b41f6f53d465ca7940b62f7b7aa98aba1cabdc25c354c739,wastesorting,200,01
experiments_logs/n_simulations/20260917_005549_1854141/wastesorting/sim_300/scene_01/run_8/exp_wastesorting_20260917_015938_267837.txt,0d4607f531788793f2d1df06a75c13f43480e38ed40882c31a4919feb44150bd,wastesorting,300,01
experiments_logs/n_simulations/20260917_005549_1854141/wastesorting/sim_500/scene_01/run_8/exp_wastesorting_20260917_015952_013980.txt,2174b6a188d57ebb24e0ad7370a747e0c1ecc4b1b9ffa745d99c7b6b0f155dad,wastesorting,500,01
experiments_logs/n_simulations/20260917_005549_1854141/wastesorting/sim_50/scene_01/run_9/exp_wastesorting_20260917_015952_894184.txt,fb0446547514a1813cbaab94b043b46a19d08112867f7a5d4f7302fd9a819164,wastesorting,50,01
experiments_logs/n_simulations/20260917_005549_1854141/wastesorting/sim_100/scene_01/run_9/exp_wastesorting_20260917_015954_743285.txt,8c7dfd305ff761e3e4b6ef07844bee98f6d2a11f5438b537d32b80b61d94add9,wastesorting,100,01
experiments_logs/n_simulations/20260917_005549_1854141/wastesorting/sim_200/scene_01/run_9/exp_wastesorting_20260917_015958_653482.txt,c4689ce6646d065cbc95cbbc47307fdedb0a472078b44f621b8ef6b34dcb28e0,wastesorting,200,01
experiments_logs/n_simulations/20260917_005549_1854141/wastesorting/sim_300/scene_01/run_9/exp_wastesorting_20260917_020004_341123.txt,804ac9981f8f29e0a0b4a0b72b1d6004cde291d6cd84aabe2aebee2e2988722e,wastesorting,300,01
experiments_logs/n_simulations/20260917_005549_1854141/wastesorting/sim_500/scene_01/run_9/exp_wastesorting_20260917_020013_098406.txt,b9bbdeeecfb35a7f3a9d671e1cb3f7e3d4e90b182392a01d3ecede7aeb078df1,wastesorting,500,01
experiments_logs/n_simulations/20260917_005549_1854141/wastesorting/sim_50/scene_01/run_10/exp_wastesorting_20260917_020014_633078.txt,186cc9ba6951e05d8a9635185b23abd9eadeaea83079047054924b93b3d1c10c,wastesorting,50,01
experiments_logs/n_simulations/20260917_005549_1854141/wastesorting/sim_100/scene_01/run_10/exp_wastesorting_20260917_020016_424717.txt,123bd9e63db349f1909ff7ac5efd30a36d5b1012743e56a5c47aba28f1eb1f55,wastesorting,100,01
experiments_logs/n_simulations/20260917_005549_1854141/wastesorting/sim_200/scene_01/run_10/exp_wastesorting_20260917_020019_664255.txt,5c43ac1ac19ce591140cad1e2c30166c7e732d8794e22df72d2afed42aa94601,wastesorting,200,01
experiments_logs/n_simulations/20260917_005549_1854141/wastesorting/sim_300/scene_01/run_10/exp_wastesorting_20260917_020024_688412.txt,7d013dfc8d179c786febe92bfa8eec398ab4b6e17cb835a5f70aaf289d808b61,wastesorting,300,01
experiments_logs/n_simulations/20260917_005549_1854141/wastesorting/sim_500/scene_01/run_10/exp_wastesorting_20260917_020033_434170.txt,4aef238681d05068c1f22992017cc1b95dcbdde076e2f808a7d08c66f8f691f1,wastesorting,500,01
experiments_logs/n_simulations/20260917_005549_1854141/wastesorting/sim_50/scene_02/run_1/exp_wastesorting_20260917_020034_370155.txt,b4f817f35df16021a2023d0b1736b69e7654b5860e9cdfeaacca0d04136fc1a1,wastesorting,50,02
experiments_logs/n_simulations/20260917_005549_1854141/wastesorting/sim_100/scene_02/run_1/exp_wastesorting_20260917_020036_386627.txt,89f6209457460fad0688aef1b1509bffa258f69ae288cf10d2b31f05580d557d,wastesorting,100,02
experiments_logs/n_simulations/20260917_005549_1854141/wastesorting/sim_200/scene_02/run_1/exp_wastesorting_20260917_020039_463307.txt,402789a708f71e3efebba5b7daa1bd050f4321438941351ce5165281b06b2911,wastesorting,200,02
experiments_logs/n_simulations/20260917_005549_1854141/wastesorting/sim_300/scene_02/run_1/exp_wastesorting_20260917_020044_738024.txt,9d769c39b1f2337002a58c7d4c3d00d2e099f3e2920954c5f73c482d60489340,wastesorting,300,02
experiments_logs/n_simulations/20260917_005549_1854141/wastesorting/sim_500/scene_02/run_1/exp_wastesorting_20260917_020054_857374.txt,8be34b39d7f501fdc3e899c7c556867565f4de50f96ec1f9da5e374a854f78d8,wastesorting,500,02
experiments_logs/n_simulations/20260917_005549_1854141/wastesorting/sim_50/scene_02/run_2/exp_wastesorting_20260917_020055_937761.txt,79ab052dec16df37f398df7f92e62814cd0a220f05316fecdd96a53f3a1a679f,wastesorting,50,02
experiments_logs/n_simulations/20260917_005549_1854141/wastesorting/sim_100/scene_02/run_2/exp_wastesorting_20260917_020057_735566.txt,724e63a7552490c7a97201d26a28d848cbdb821692b2958635ec76c7597d9497,wastesorting,100,02
experiments_logs/n_simulations/20260917_005549_1854141/wastesorting/sim_200/scene_02/run_2/exp_wastesorting_20260917_020101_267283.txt,d259b62014d14c3f71189ddac91e76302f1989bf78fce211406da5f286d2aa01,wastesorting,200,02
experiments_logs/n_simulations/20260917_005549_1854141/wastesorting/sim_300/scene_02/run_2/exp_wastesorting_20260917_020105_935155.txt,a13ed68146e0d266dbd2103d99eb16002f5ba9d6465f412cdd4e0ec238737bb0,wastesorting,300,02
experiments_logs/n_simulations/20260917_005549_1854141/wastesorting/sim_500/scene_02/run_2/exp_wastesorting_20260917_020116_572361.txt,b5b0f78c08fdb4faa924bf1d9d323d2d534bbc532465bc8f4d6010604443bf26,wastesorting,500,02
experiments_logs/n_simulations/20260917_005549_1854141/wastesorting/sim_50/scene_02/run_3/exp_wastesorting_20260917_020117_556787.txt,1ae8faa1145b1cdc8648fad7617be87739f5772efc5c45a4f023663f763b05ff,wastesorting,50,02
experiments_logs/n_simulations/20260917_005549_1854141/wastesorting/sim_100/scene_02/run_3/exp_wastesorting_20260917_020119_476006.txt,9a3ea1ebf3b4e2603f328467d7d75b57a69be7b345d4f3d38cae0188bcc7edd6,wastesorting,100,02
experiments_logs/n_simulations/20260917_005549_1854141/wastesorting/sim_200/scene_02/run_3/exp_wastesorting_20260917_020122_382492.txt,8a173f336fefe2c0ffb94e7ef7db827381e7098054634d45d4968bf00af106a2,wastesorting,200,02
experiments_logs/n_simulations/20260917_005549_1854141/wastesorting/sim_300/scene_02/run_3/exp_wastesorting_20260917_020126_645104.txt,014ad99ec4adfe60296408ce0f1ed93db4bc517df9fc6f2b1563a487c67ad494,wastesorting,300,02
experiments_logs/n_simulations/20260917_005549_1854141/wastesorting/sim_500/scene_02/run_3/exp_wastesorting_20260917_020134_465386.txt,92776fc51c5f622cbb43e03751f270ebaeb6ce2de0ad059cc5a514035e380316,wastesorting,500,02
experiments_logs/n_simulations/20260917_005549_1854141/wastesorting/sim_50/scene_02/run_4/exp_wastesorting_20260917_020135_247619.txt,4cfc0c2bdcfcb17cc5c4de9ef691b1885a87f4be7d20bd575522ddb7d4822d5a,wastesorting,50,02
experiments_logs/n_simulations/20260917_005549_1854141/wastesorting/sim_100/scene_02/run_4/exp_wastesorting_20260917_020137_595431.txt,9ac4f616ff4aebfe78b339e0a3ced1bd5bea0c3b61d9e5df86dff0f2b6004878,wastesorting,100,02
experiments_logs/n_simulations/20260917_005549_1854141/wastesorting/sim_200/scene_02/run_4/exp_wastesorting_20260917_020140_537901.txt,041fd8924cfc4d97ce37cfd107eba3d3d02372feee0b9b43737948fbe7bf062b,wastesorting,200,02
experiments_logs/n_simulations/20260917_005549_1854141/wastesorting/sim_300/scene_02/run_4/exp_wastesorting_20260917_020145_055135.txt,b9e8e666b66256e8aec0149b8e8976c56a98a729eeea645976f17fa8a87dd3bf,wastesorting,300,02
experiments_logs/n_simulations/20260917_005549_1854141/wastesorting/sim_500/scene_02/run_4/exp_wastesorting_20260917_020153_706800.txt,3cfb0ed36d032fead2a00da3cc6c8dca36fa38665d36834654d9796a85b329f3,wastesorting,500,02
experiments_logs/n_simulations/20260917_005549_1854141/wastesorting/sim_50/scene_02/run_5/exp_wastesorting_20260917_020154_723442.txt,3f5fa23edd404eaa03c6bcbb2a32ca214542b20c04a728aeeec96cf23899359d,wastesorting,50,02
experiments_logs/n_simulations/20260917_005549_1854141/wastesorting/sim_100/scene_02/run_5/exp_wastesorting_20260917_020156_322763.txt,a9add61b92b7b896a02b1be4bb6fecf33a0f677251f7def3d1372cddeec338a5,wastesorting,100,02
experiments_logs/n_simulations/20260917_005549_1854141/wastesorting/sim_200/scene_02/run_5/exp_wastesorting_20260917_020159_704733.txt,26bf9b2f7bae80bb6f1f27fa27a5d93cfe3ace3445c906321fd7ccbaf912ffbf,wastesorting,200,02
experiments_logs/n_simulations/20260917_005549_1854141/wastesorting/sim_300/scene_02/run_5/exp_wastesorting_20260917_020204_227664.txt,481a1e3380a3418a3fc319f8249e6307a4a320b23d8e77ef8503390f4490a7fa,wastesorting,300,02
experiments_logs/n_simulations/20260917_005549_1854141/wastesorting/sim_500/scene_02/run_5/exp_wastesorting_20260917_020212_821189.txt,3724872511f25f04f6ea8539465b2038d57cd5f24678c2e7d6c5c236458480cb,wastesorting,500,02
experiments_logs/n_simulations/20260917_005549_1854141/wastesorting/sim_50/scene_02/run_6/exp_wastesorting_20260917_020213_953809.txt,1e5c63ff7526ebcb05a1baaacc09bf8b87f7525f1abb70f4dc8d4f5f57763de0,wastesorting,50,02
experiments_logs/n_simulations/20260917_005549_1854141/wastesorting/sim_100/scene_02/run_6/exp_wastesorting_20260917_020215_594236.txt,6c399e32c32e81aa11f41b37b85cc2a95cbc57b50a9f687f232ca3adecc0c0ea,wastesorting,100,02
experiments_logs/n_simulations/20260917_005549_1854141/wastesorting/sim_200/scene_02/run_6/exp_wastesorting_20260917_020218_910099.txt,92ad60826c51e0e6bfa2bff1af3fc35b7942386feee1aa046f61f038953402df,wastesorting,200,02
experiments_logs/n_simulations/20260917_005549_1854141/wastesorting/sim_300/scene_02/run_6/exp_wastesorting_20260917_020226_080024.txt,e5576b05ce732e11d593d69eb9a901ce2c216c1397bc6b1c7624e899539c9996,wastesorting,300,02
experiments_logs/n_simulations/20260917_005549_1854141/wastesorting/sim_500/scene_02/run_6/exp_wastesorting_20260917_020234_766439.txt,d905806b37a30a64fd7827eee00f0d0b3eea2bfb841808b6e9c59279ffbaa591,wastesorting,500,02
experiments_logs/n_simulations/20260917_005549_1854141/wastesorting/sim_50/scene_02/run_7/exp_wastesorting_20260917_020235_738987.txt,087b14adf5d06d315219a00961e608a17bea70acc8f9f2cea25d625feecefa4d,wastesorting,50,02
experiments_logs/n_simulations/20260917_005549_1854141/wastesorting/sim_100/scene_02/run_7/exp_wastesorting_20260917_020237_889621.txt,7a388803990d57f65a345033959940b6c97b834d869c17a0eb255d2a31cfa08b,wastesorting,100,02
experiments_logs/n_simulations/20260917_005549_1854141/wastesorting/sim_200/scene_02/run_7/exp_wastesorting_20260917_020240_958611.txt,c2b05dccc565ea3ddb1dda8f4b71b53d1504305965c1a786dda86b15613a0d45,wastesorting,200,02
experiments_logs/n_simulations/20260917_005549_1854141/wastesorting/sim_300/scene_02/run_7/exp_wastesorting_20260917_020245_203468.txt,66d57d534e5c7cd1a452ac9304c9051c9e09a37da5970299fd28316d9511beda,wastesorting,300,02
experiments_logs/n_simulations/20260917_005549_1854141/wastesorting/sim_500/scene_02/run_7/exp_wastesorting_20260917_020253_191291.txt,7ebf6ccfe1755800f2069fdc250307db8894397fb57a1e902697d5be6a45dccd,wastesorting,500,02
experiments_logs/n_simulations/20260917_005549_1854141/wastesorting/sim_50/scene_02/run_8/exp_wastesorting_20260917_020254_085567.txt,73f06d1858359d86c913be830a20b1e2199c3c4f5be2dcf7c4124a133e33b24d,wastesorting,50,02
experiments_logs/n_simulations/20260917_005549_1854141/wastesorting/sim_100/scene_02/run_8/exp_wastesorting_20260917_020256_266473.txt,3c18adb2e3edfea370eeba297cfb464cc1f652a548907250d65cc6b3280c3116,wastesorting,100,02
experiments_logs/n_simulations/20260917_005549_1854141/wastesorting/sim_200/scene_02/run_8/exp_wastesorting_20260917_020300_439086.txt,267bb351b451b424f41c5474f81c3818b5e26c68046b3c56479d7c88622bebe7,wastesorting,200,02
experiments_logs/n_simulations/20260917_005549_1854141/wastesorting/sim_300/scene_02/run_8/exp_wastesorting_20260917_020305_550392.txt,428f527041c70b0094f11e20bad88e27b6dfa486121db48969015a9b2b3f6da7,wastesorting,300,02
experiments_logs/n_simulations/20260917_005549_1854141/wastesorting/sim_500/scene_02/run_8/exp_wastesorting_20260917_020313_756284.txt,0fc13156d18e781b0067f549c63065f62fe21739be4fbd8414afe2ef88dd9eb7,wastesorting,500,02
experiments_logs/n_simulations/20260917_005549_1854141/wastesorting/sim_50/scene_02/run_9/exp_wastesorting_20260917_020314_691458.txt,764ffefd189f5bbcce4e5478a84ebe41ad89299e8f72c03e7931bd7f6bbaff25,wastesorting,50,02
experiments_logs/n_simulations/20260917_005549_1854141/wastesorting/sim_100/scene_02/run_9/exp_wastesorting_20260917_020316_314771.txt,2a60d6f8e0a98beb58f3fc539902f3c49808592fe646983cf1da2323f5578047,wastesorting,100,02
experiments_logs/n_simulations/20260917_005549_1854141/wastesorting/sim_200/scene_02/run_9/exp_wastesorting_20260917_020320_853580.txt,e91c91b922d848560250717fcf9a944c13138d10bee16d9a4d1b81d7dd1b68df,wastesorting,200,02
experiments_logs/n_simulations/20260917_005549_1854141/wastesorting/sim_300/scene_02/run_9/exp_wastesorting_20260917_020327_286972.txt,9b3f1615f020caae36380941a271876a4e61e1098334e8c155527850ae3a9811,wastesorting,300,02
experiments_logs/n_simulations/20260917_005549_1854141/wastesorting/sim_500/scene_02/run_9/exp_wastesorting_20260917_020334_603676.txt,4b274f4457f94d68c1b5a84de736c98cf98471c740d7eff2c2db6296ec800978,wastesorting,500,02
experiments_logs/n_simulations/20260917_005549_1854141/wastesorting/sim_50/scene_02/run_10/exp_wastesorting_20260917_020335_648973.txt,46608853ff60047f7e1a02d14d2f702b4a23e82f74f5a6b4c614bcf147769f5d,wastesorting,50,02
experiments_logs/n_simulations/20260917_005549_1854141/wastesorting/sim_100/scene_02/run_10/exp_wastesorting_20260917_020337_319555.txt,9ed8f656eacbff427c60bd36ebd7c9191a75c571276b8eb705dfd957b982379d,wastesorting,100,02
experiments_logs/n_simulations/20260917_005549_1854141/wastesorting/sim_200/scene_02/run_10/exp_wastesorting_20260917_020340_906784.txt,821403e11b21add8643318d61b80a845a11c99ac30f85947e9fac5c3b6daf15f,wastesorting,200,02
experiments_logs/n_simulations/20260917_005549_1854141/wastesorting/sim_300/scene_02/run_10/exp_wastesorting_20260917_020347_101114.txt,8c98f3b65302fd5358f17d942916b1f0b4746446f0b0ffbdfabf4d5958106d3d,wastesorting,300,02
experiments_logs/n_simulations/20260917_005549_1854141/wastesorting/sim_500/scene_02/run_10/exp_wastesorting_20260917_020358_136521.txt,4692a160fa63d230501222b906e7eae200f409931f03034af921a949da591bc1,wastesorting,500,02
experiments_logs/n_simulations/20260917_005549_1854141/wastesorting/sim_50/scene_03/run_1/exp_wastesorting_20260917_020359_025476.txt,38b806aada23fd3b711328dec3ca74a1967a44ae7f1981c1579b1989998baef0,wastesorting,50,03
experiments_logs/n_simulations/20260917_005549_1854141/wastesorting/sim_100/scene_03/run_1/exp_wastesorting_20260917_020401_451023.txt,b3a417c2495c592ee14ff66a5fad57bb16fce6c828f63b408b4e90aae2a5a44f,wastesorting,100,03
experiments_logs/n_simulations/20260917_005549_1854141/wastesorting/sim_200/scene_03/run_1/exp_wastesorting_20260917_020405_049763.txt,5f9073fb81615f24474d433a6651f9602381f1fce8c43b2c91ef97261b756be4,wastesorting,200,03
experiments_logs/n_simulations/20260917_005549_1854141/wastesorting/sim_300/scene_03/run_1/exp_wastesorting_20260917_020410_407220.txt,58eb4bb590b92fa1c8c422051222962b87249c0cb50ddc5457d16fa3530abb7b,wastesorting,300,03
experiments_logs/n_simulations/20260917_005549_1854141/wastesorting/sim_500/scene_03/run_1/exp_wastesorting_20260917_020417_377192.txt,51ddece1b53b8daa8ca5661c7261442e56504f84cc00317b29b174ae9830fe0d,wastesorting,500,03
experiments_logs/n_simulations/20260917_005549_1854141/wastesorting/sim_50/scene_03/run_2/exp_wastesorting_20260917_020418_477693.txt,db397a9e68174336783a841c421239f3407b6a91eae6f7f06314c1439732c103,wastesorting,50,03
experiments_logs/n_simulations/20260917_005549_1854141/wastesorting/sim_100/scene_03/run_2/exp_wastesorting_20260917_020420_767227.txt,564f74834c4054981b0082b7a46a8290d61774676a5cd3b5e31ecbe3a2949835,wastesorting,100,03
experiments_logs/n_simulations/20260917_005549_1854141/wastesorting/sim_200/scene_03/run_2/exp_wastesorting_20260917_020424_597190.txt,c489afbf5a8485cf40f4e41e108efe841fecc5f99702cabe6e694cfd9410ab00,wastesorting,200,03
experiments_logs/n_simulations/20260917_005549_1854141/wastesorting/sim_300/scene_03/run_2/exp_wastesorting_20260917_020428_679869.txt,a87bfe017f1c59c0314a9a9d0eb42eb17bcb78b97effe23ed73886c2d5b94e1d,wastesorting,300,03
experiments_logs/n_simulations/20260917_005549_1854141/wastesorting/sim_500/scene_03/run_2/exp_wastesorting_20260917_020436_341324.txt,60e0f252287df59034584033148391d7170eda4e1a6cb83285cbc16e11b318c1,wastesorting,500,03
experiments_logs/n_simulations/20260917_005549_1854141/wastesorting/sim_50/scene_03/run_3/exp_wastesorting_20260917_020437_178361.txt,a7edd80f69bd48707a32fd1c2559e5f5fe3a1394640a438a178f7208172a5af6,wastesorting,50,03
experiments_logs/n_simulations/20260917_005549_1854141/wastesorting/sim_100/scene_03/run_3/exp_wastesorting_20260917_020439_249855.txt,46ca10af05c2a40e36ec924748c3766c1127c1d8bfbd9804eccbfe9ca80722e4,wastesorting,100,03
experiments_logs/n_simulations/20260917_005549_1854141/wastesorting/sim_200/scene_03/run_3/exp_wastesorting_20260917_020442_648051.txt,32e841a2d65b832f9f99c5aa9bba16a35f75ad95b9365fbeca0eb34db1031c8c,wastesorting,200,03
experiments_logs/n_simulations/20260917_005549_1854141/wastesorting/sim_300/scene_03/run_3/exp_wastesorting_20260917_020447_469635.txt,6bc4f8a1ed09ef1a35ba8b87b59442155244f1df0b1577b66a903d229c3242a8,wastesorting,300,03
experiments_logs/n_simulations/20260917_005549_1854141/wastesorting/sim_500/scene_03/run_3/exp_wastesorting_20260917_020454_923528.txt,6d9055fd48db3742382f28f9cd7ec20302b17a21f60ef359df56941a9c27b192,wastesorting,500,03
experiments_logs/n_simulations/20260917_005549_1854141/wastesorting/sim_50/scene_03/run_4/exp_wastesorting_20260917_020456_235324.txt,9429b29d319e08f80efed8c149f87100130967a9fa209f043efea9b98f935d27,wastesorting,50,03
experiments_logs/n_simulations/20260917_005549_1854141/wastesorting/sim_100/scene_03/run_4/exp_wastesorting_20260917_020458_482864.txt,e1ba2d6cfcc4a49b0db10f22a61e6d716f3d6ccf85df18a2ce753ca24b63a40b,wastesorting,100,03
experiments_logs/n_simulations/20260917_005549_1854141/wastesorting/sim_200/scene_03/run_4/exp_wastesorting_20260917_020502_234806.txt,7793d0cc61747871e8b1124b90c4971b08d8875d83068b3ba0b01acd4aefc376,wastesorting,200,03
experiments_logs/n_simulations/20260917_005549_1854141/wastesorting/sim_300/scene_03/run_4/exp_wastesorting_20260917_020507_229445.txt,8667b8a40d8add424587f1536f315da1b4b4fc127105651817ed910cfcff1754,wastesorting,300,03
experiments_logs/n_simulations/20260917_005549_1854141/wastesorting/sim_500/scene_03/run_4/exp_wastesorting_20260917_020515_112571.txt,505ea10c8041fb8f2ee28964924223755532e79f1e3c65bd85b239a52e3798f7,wastesorting,500,03
experiments_logs/n_simulations/20260917_005549_1854141/wastesorting/sim_50/scene_03/run_5/exp_wastesorting_20260917_020516_150589.txt,9ef07e4f806030aef83c236dd95dcf2c7cebb62d093fdcfe0f6c2c3506d59527,wastesorting,50,03
experiments_logs/n_simulations/20260917_005549_1854141/wastesorting/sim_100/scene_03/run_5/exp_wastesorting_20260917_020518_310808.txt,46bfc7084c27e10b62314769d7a76db5aaa9ea4435113cfd47319f98163d0cc8,wastesorting,100,03
experiments_logs/n_simulations/20260917_005549_1854141/wastesorting/sim_200/scene_03/run_5/exp_wastesorting_20260917_020522_823310.txt,92fbc54ba51740a7e01f7c2b845864089f4512de71af10c5298ef0cf8fa713a5,wastesorting,200,03
experiments_logs/n_simulations/20260917_005549_1854141/wastesorting/sim_300/scene_03/run_5/exp_wastesorting_20260917_020528_117005.txt,8209786c70e2928281de5a3d3873d9ea29e587922953db8a4fb70c2a570c3f46,wastesorting,300,03
experiments_logs/n_simulations/20260917_005549_1854141/wastesorting/sim_500/scene_03/run_5/exp_wastesorting_20260917_020536_032815.txt,24b4ecf8d224ec403999e23a4cf2fd491c20b8a1c560edc6a802b6b7a969aeb2,wastesorting,500,03
experiments_logs/n_simulations/20260917_005549_1854141/wastesorting/sim_50/scene_03/run_6/exp_wastesorting_20260917_020537_321560.txt,a3de509348fdc14527448211b8abd9261664b94899145219e717817edd8c0ed4,wastesorting,50,03
experiments_logs/n_simulations/20260917_005549_1854141/wastesorting/sim_100/scene_03/run_6/exp_wastesorting_20260917_020538_955652.txt,4e45af6b8dd47bfa059038651ca878bf01c47dcc37b222ed9c8ab4b7a751db01,wastesorting,100,03
experiments_logs/n_simulations/20260917_005549_1854141/wastesorting/sim_200/scene_03/run_6/exp_wastesorting_20260917_020542_240430.txt,2923990c06e909f685e643f38375efec87431f74fa6d0429a714d21a2c6f75ac,wastesorting,200,03
experiments_logs/n_simulations/20260917_005549_1854141/wastesorting/sim_300/scene_03/run_6/exp_wastesorting_20260917_020548_528352.txt,5975ad3e93e974c2d9a17f1310a7c9f0a4452b11d6341a79ffd38c48db92f65d,wastesorting,300,03
experiments_logs/n_simulations/20260917_005549_1854141/wastesorting/sim_500/scene_03/run_6/exp_wastesorting_20260917_020557_104730.txt,d7140610803ef02ea50aaf05402a73e091ceb251ccf6d813df1f0a9dbd125b51,wastesorting,500,03
experiments_logs/n_simulations/20260917_005549_1854141/wastesorting/sim_50/scene_03/run_7/exp_wastesorting_20260917_020557_970054.txt,8eead99f98349ce58725dcbe7b72c3633fdd649098d29528d1821e6eee998ae2,wastesorting,50,03
experiments_logs/n_simulations/20260917_005549_1854141/wastesorting/sim_100/scene_03/run_7/exp_wastesorting_20260917_020559_846447.txt,79abafb0d7e76f8095fc52f04cd868d2ccbeee24cb5f60fe5d09a2bab20bc566,wastesorting,100,03
experiments_logs/n_simulations/20260917_005549_1854141/wastesorting/sim_200/scene_03/run_7/exp_wastesorting_20260917_020602_822380.txt,609d467cc1468b58ef7e967b53cd721576536d6a53deb5dedf58712c2b79b3e8,wastesorting,200,03
experiments_logs/n_simulations/20260917_005549_1854141/wastesorting/sim_300/scene_03/run_7/exp_wastesorting_20260917_020608_991853.txt,01c7bf1bbe4ecc5e06a72dade2faa4b89e26d813e33cb1f60c6f760777be8c1a,wastesorting,300,03
experiments_logs/n_simulations/20260917_005549_1854141/wastesorting/sim_500/scene_03/run_7/exp_wastesorting_20260917_020616_270384.txt,7bdaf7351fc68e8ee1d8ca4642ecd3245df26caba3afc1631808cf902fea62d0,wastesorting,500,03
experiments_logs/n_simulations/20260917_005549_1854141/wastesorting/sim_50/scene_03/run_8/exp_wastesorting_20260917_020617_154177.txt,f2c27369a26d13ea7c6fb6c37b57d74c8491e570aa6d8b4d03e45912a8cffde8,wastesorting,50,03
experiments_logs/n_simulations/20260917_005549_1854141/wastesorting/sim_100/scene_03/run_8/exp_wastesorting_20260917_020618_965159.txt,f26382e92fc08064490b62ec4cbf1ea9ca69ab228d2d724e5b34a8bfe0b07ef3,wastesorting,100,03
experiments_logs/n_simulations/20260917_005549_1854141/wastesorting/sim_200/scene_03/run_8/exp_wastesorting_20260917_020621_729590.txt,0cee693df86bf8a088614431f93a39317fe55cbf06741d6940c18adcaf1d6a4d,wastesorting,200,03
experiments_logs/n_simulations/20260917_005549_1854141/wastesorting/sim_300/scene_03/run_8/exp_wastesorting_20260917_020626_633668.txt,7a5902191c4c55fbfa7f94b89cdaed08bd490d6a01a7d7c9e9daf70bddf77c1f,wastesorting,300,03
experiments_logs/n_simulations/20260917_005549_1854141/wastesorting/sim_500/scene_03/run_8/exp_wastesorting_20260917_020636_833542.txt,15dbb858ca346ff021357a86f7cea1989cd962e262146fedc9e8d552274342a8,wastesorting,500,03
experiments_logs/n_simulations/20260917_005549_1854141/wastesorting/sim_50/scene_03/run_9/exp_wastesorting_20260917_020637_720206.txt,cf6b0c54700156fa2c2d25a9089926ec804f5b53d0811b253aef5d800eb38961,wastesorting,50,03
experiments_logs/n_simulations/20260917_005549_1854141/wastesorting/sim_100/scene_03/run_9/exp_wastesorting_20260917_020640_019717.txt,0110438478cd7f773b209eb11f18964a9935d3c62954aac2bb430d7a364b9b23,wastesorting,100,03
experiments_logs/n_simulations/20260917_005549_1854141/wastesorting/sim_200/scene_03/run_9/exp_wastesorting_20260917_020643_339892.txt,7545bec61f19597c88a77fbed3c6c600aa21ea988b6a373d8dbf33a3e9ea5e7c,wastesorting,200,03
experiments_logs/n_simulations/20260917_005549_1854141/wastesorting/sim_300/scene_03/run_9/exp_wastesorting_20260917_020648_406465.txt,eebc0fb350645dc918d75fb42ef85ed61d02f9472d76b3ebc35c98318a34d121,wastesorting,300,03
experiments_logs/n_simulations/20260917_005549_1854141/wastesorting/sim_500/scene_03/run_9/exp_wastesorting_20260917_020655_740034.txt,3b461393687844164a885af5be4034e205eb87b78832b05b37f5e2b1018402ff,wastesorting,500,03
experiments_logs/n_simulations/20260917_005549_1854141/wastesorting/sim_50/scene_03/run_10/exp_wastesorting_20260917_020656_775974.txt,d545ac3bd78e4eca648e2ed8f740f5e9fd19f34bc1d45983d330e04dad64e739,wastesorting,50,03
experiments_logs/n_simulations/20260917_005549_1854141/wastesorting/sim_100/scene_03/run_10/exp_wastesorting_20260917_020658_690520.txt,0e9eb13d926054e17cc638b806f24b1f0cf117e31f6d47a544abe989ca9080e0,wastesorting,100,03
experiments_logs/n_simulations/20260917_005549_1854141/wastesorting/sim_200/scene_03/run_10/exp_wastesorting_20260917_020702_449804.txt,2718c8790a6768e55176586e3bfd8ee6a792438facc6980b845a9f1ca366d333,wastesorting,200,03
experiments_logs/n_simulations/20260917_005549_1854141/wastesorting/sim_300/scene_03/run_10/exp_wastesorting_20260917_020707_081665.txt,ba4a173959b9ca1b9b84f7b16e30e26cd40cefc9b69e322c85e56ebeb11c8f99,wastesorting,300,03
experiments_logs/n_simulations/20260917_005549_1854141/wastesorting/sim_500/scene_03/run_10/exp_wastesorting_20260917_020717_879654.txt,c7547cb0de6594ab32465ddabf4387b7d832ae86633932c0617e906db7ac5afb,wastesorting,500,03
experiments_logs/n_simulations/20260917_005549_1854141/wastesorting/sim_50/scene_04/run_1/exp_wastesorting_20260917_020719_045266.txt,96fab46b6d046b116e9793e05e4b3827f66bc50d568dee20ae29b38a9b84efa2,wastesorting,50,04
experiments_logs/n_simulations/20260917_005549_1854141/wastesorting/sim_100/scene_04/run_1/exp_wastesorting_20260917_020721_338104.txt,7f5fd09ec1d79050729b881a7bf8460bd163a51298f0669e3a98677805fc1a14,wastesorting,100,04
experiments_logs/n_simulations/20260917_005549_1854141/wastesorting/sim_200/scene_04/run_1/exp_wastesorting_20260917_020724_507738.txt,c4a45ff2a42046139038c4550278352ebc56bc7f823a927c018e3eaf79709578,wastesorting,200,04
experiments_logs/n_simulations/20260917_005549_1854141/wastesorting/sim_300/scene_04/run_1/exp_wastesorting_20260917_020729_289907.txt,eb2d2c465f60c411ae0ec691e24d202964d0ce9bc1efac477f08f86addf4edbd,wastesorting,300,04
experiments_logs/n_simulations/20260917_005549_1854141/wastesorting/sim_500/scene_04/run_1/exp_wastesorting_20260917_020736_663869.txt,a534485ca1b3ce5a13f243e6bf6a498f3fc06a5ae5fa7ecf7ae692cca7790cd1,wastesorting,500,04
experiments_logs/n_simulations/20260917_005549_1854141/wastesorting/sim_50/scene_04/run_2/exp_wastesorting_20260917_020737_633117.txt,be65e80edd6ebb825555b9f5612b69b0edd73ead13e787339da315f84a9c2746,wastesorting,50,04
experiments_logs/n_simulations/20260917_005549_1854141/wastesorting/sim_100/scene_04/run_2/exp_wastesorting_20260917_020739_861332.txt,b735671b786fb82a8c4c3649e5e4b277f091f82a93144ace7cdcd0e8e1fdc92d,wastesorting,100,04
experiments_logs/n_simulations/20260917_005549_1854141/wastesorting/sim_200/scene_04/run_2/exp_wastesorting_20260917_020743_290423.txt,9fe74e0a44baf3aea1be0999980c04c69516f05dd04fe81811f0133976636de2,wastesorting,200,04
experiments_logs/n_simulations/20260917_005549_1854141/wastesorting/sim_300/scene_04/run_2/exp_wastesorting_20260917_020747_951566.txt,c66a5f5cbc299b99f089ed27295e085c00484f25c79a92a2f90467b98f71a9f8,wastesorting,300,04
experiments_logs/n_simulations/20260917_005549_1854141/wastesorting/sim_500/scene_04/run_2/exp_wastesorting_20260917_020755_244700.txt,6471c2062aa83ded806bcb13823b3183454031d82b632b368ce0df3ecc7b7d6a,wastesorting,500,04
experiments_logs/n_simulations/20260917_005549_1854141/wastesorting/sim_50/scene_04/run_3/exp_wastesorting_20260917_020756_327400.txt,c2c04565daf14b3d237db6153f15818555fb1b7037bcd626e37bc2b8194616b1,wastesorting,50,04
experiments_logs/n_simulations/20260917_005549_1854141/wastesorting/sim_100/scene_04/run_3/exp_wastesorting_20260917_020758_112320.txt,e9c8bb7308bbe973d552d70ac7a7cf7388d4be4a50f1830287fa00e9aed8a26d,wastesorting,100,04
experiments_logs/n_simulations/20260917_005549_1854141/wastesorting/sim_200/scene_04/run_3/exp_wastesorting_20260917_020802_392850.txt,208077857eb4fa6d5cad77197e9dd1cda64ec566ddc4ec34974ec34c9da4b09f,wastesorting,200,04
experiments_logs/n_simulations/20260917_005549_1854141/wastesorting/sim_300/scene_04/run_3/exp_wastesorting_20260917_020807_010445.txt,8a8bc5729dda5e498ab3fadeaf9137bcbb5472dea1c71938b3df81fbd0b81250,wastesorting,300,04
experiments_logs/n_simulations/20260917_005549_1854141/wastesorting/sim_500/scene_04/run_3/exp_wastesorting_20260917_020815_098779.txt,3690ff807cabbe2e04809dbd49b7a88233d07014eb7eab6d1721b6ba193370fb,wastesorting,500,04
experiments_logs/n_simulations/20260917_005549_1854141/wastesorting/sim_50/scene_04/run_4/exp_wastesorting_20260917_020816_149223.txt,29e92c103c9a66a2625f059f89c97698d7e2a6e765825f207180859e875791cc,wastesorting,50,04
experiments_logs/n_simulations/20260917_005549_1854141/wastesorting/sim_100/scene_04/run_4/exp_wastesorting_20260917_020817_904550.txt,e41e467729a24d7b77a9e8926ea06e8dd5d1ce81421bd98bff01f8ac06a65b32,wastesorting,100,04
experiments_logs/n_simulations/20260917_005549_1854141/wastesorting/sim_200/scene_04/run_4/exp_wastesorting_20260917_020822_182854.txt,e0664c7bf3f845f021fcad9bbaec0c55faf97e988cca21844a946cec0d0851f5,wastesorting,200,04
experiments_logs/n_simulations/20260917_005549_1854141/wastesorting/sim_300/scene_04/run_4/exp_wastesorting_20260917_020828_443723.txt,1aec23c56400c0fdfe5040c111112b396d30e7e05af799b4029222afec3ca162,wastesorting,300,04
experiments_logs/n_simulations/20260917_005549_1854141/wastesorting/sim_500/scene_04/run_4/exp_wastesorting_20260917_020835_866421.txt,23e24ccb0c52db541d65ee15f0bce0ec50a8f6ead704debc7624af9c39ae5839,wastesorting,500,04
experiments_logs/n_simulations/20260917_005549_1854141/wastesorting/sim_50/scene_04/run_5/exp_wastesorting_20260917_020837_030221.txt,b683599c348da6436d59ea355f3d7d855fe35fe65eab9499434af6eb6c56341c,wastesorting,50,04
experiments_logs/n_simulations/20260917_005549_1854141/wastesorting/sim_100/scene_04/run_5/exp_wastesorting_20260917_020838_818024.txt,133162f9f6e298112852b2f0b6de64a222404ae121fd7a97ddca49efa314bd6e,wastesorting,100,04
experiments_logs/n_simulations/20260917_005549_1854141/wastesorting/sim_200/scene_04/run_5/exp_wastesorting_20260917_020842_019823.txt,8db4a2d6d6b2d9e9432a0cd1ce4b0c870b4f5e47f865bf410b9204f99386bf19,wastesorting,200,04
experiments_logs/n_simulations/20260917_005549_1854141/wastesorting/sim_300/scene_04/run_5/exp_wastesorting_20260917_020846_901871.txt,7535b855ed05e946f4cbadffb6527a7de61e7af3ff22639fdc10dfdc806edfdd,wastesorting,300,04
experiments_logs/n_simulations/20260917_005549_1854141/wastesorting/sim_500/scene_04/run_5/exp_wastesorting_20260917_020855_456072.txt,295b6c7dd7bc7a82abcaf4f4b23008a39cbbe913c7b627f3fc0656e1533b0c83,wastesorting,500,04
experiments_logs/n_simulations/20260917_005549_1854141/wastesorting/sim_50/scene_04/run_6/exp_wastesorting_20260917_020856_393626.txt,efe9f75ddf20aab7aa63b7efa76dbc2ec304a5c6377dbebd4c19da77a8f19e32,wastesorting,50,04
experiments_logs/n_simulations/20260917_005549_1854141/wastesorting/sim_100/scene_04/run_6/exp_wastesorting_20260917_020858_033651.txt,51b30f2bd808b57485a588eacf68942b91d013e99295cee85db566987d90aa64,wastesorting,100,04
experiments_logs/n_simulations/20260917_005549_1854141/wastesorting/sim_200/scene_04/run_6/exp_wastesorting_20260917_020901_656066.txt,eb873c407cee0a251c08bf370663cba1e997b060ea21bf585fc12f31d5e30bce,wastesorting,200,04
experiments_logs/n_simulations/20260917_005549_1854141/wastesorting/sim_300/scene_04/run_6/exp_wastesorting_20260917_020906_425105.txt,0f1dbc86d63dc71de3eb2258b02c22f72a829404163c7def2a2ec95199ec40eb,wastesorting,300,04
experiments_logs/n_simulations/20260917_005549_1854141/wastesorting/sim_500/scene_04/run_6/exp_wastesorting_20260917_020915_334944.txt,9d3f3030022e3136c9861ac9207033f0eabb265e91f33e3fa9bec7e7c40fa1df,wastesorting,500,04
experiments_logs/n_simulations/20260917_005549_1854141/wastesorting/sim_50/scene_04/run_7/exp_wastesorting_20260917_020916_281542.txt,f1b619d2009c42daad54b3defbce7526d649bdc19ff29504a4e62b345509ff1e,wastesorting,50,04
experiments_logs/n_simulations/20260917_005549_1854141/wastesorting/sim_100/scene_04/run_7/exp_wastesorting_20260917_020917_981310.txt,cd6b9e3eb132b917efe9760e62b4e4e92df4794bff181eac94d6eed0fdac1c18,wastesorting,100,04
experiments_logs/n_simulations/20260917_005549_1854141/wastesorting/sim_200/scene_04/run_7/exp_wastesorting_20260917_020922_664922.txt,bea57f10eb988bc1002efc12deb14a4345ff013b780b3fe0d802d9e7e8670916,wastesorting,200,04
experiments_logs/n_simulations/20260917_005549_1854141/wastesorting/sim_300/scene_04/run_7/exp_wastesorting_20260917_020928_655097.txt,bf3a826f127df2d3fcb0b042dd06c228a538de7625b24c9228ea1db1a2f14d01,wastesorting,300,04
experiments_logs/n_simulations/20260917_005549_1854141/wastesorting/sim_500/scene_04/run_7/exp_wastesorting_20260917_020937_657918.txt,e879834f2b3516742605c7ec86a7ccaeaac88330f74ccf205af1e56fbf70ca00,wastesorting,500,04
experiments_logs/n_simulations/20260917_005549_1854141/wastesorting/sim_50/scene_04/run_8/exp_wastesorting_20260917_020938_612746.txt,ae06d71f31ed58e2dbae9ed5f45e8d693b6a530a783a2ae6eea09f272bf4d2d9,wastesorting,50,04
experiments_logs/n_simulations/20260917_005549_1854141/wastesorting/sim_100/scene_04/run_8/exp_wastesorting_20260917_020940_233777.txt,99c4a1b864bacbac0a959319184546366b1e7ca473de543a65e02e7b5c7e732f,wastesorting,100,04
experiments_logs/n_simulations/20260917_005549_1854141/wastesorting/sim_200/scene_04/run_8/exp_wastesorting_20260917_020944_422504.txt,915f08eea482f49971fb3ce3ab3329c0a96a24666dc5e9f9f9cb155f937a9778,wastesorting,200,04
experiments_logs/n_simulations/20260917_005549_1854141/wastesorting/sim_300/scene_04/run_8/exp_wastesorting_20260917_020949_660426.txt,564201e547cdded4c0b05be7795c13ec200be0a339bcfb4fc3a81ae49ce23c0f,wastesorting,300,04
experiments_logs/n_simulations/20260917_005549_1854141/wastesorting/sim_500/scene_04/run_8/exp_wastesorting_20260917_020959_818987.txt,cc96c4ff95e8f23ca9aed66c880446aef960f6afb040946e1032e72b72023616,wastesorting,500,04
experiments_logs/n_simulations/20260917_005549_1854141/wastesorting/sim_50/scene_04/run_9/exp_wastesorting_20260917_021001_093933.txt,517dfff0bf75a26fd9f86ad487597999bec041bdf25bc2a512c83afa679bec08,wastesorting,50,04
experiments_logs/n_simulations/20260917_005549_1854141/wastesorting/sim_100/scene_04/run_9/exp_wastesorting_20260917_021003_132201.txt,9b7f9996e5a4170e3e77260c86804dc800a1b8d4573d8cc21eee50df6dfd345d,wastesorting,100,04
experiments_logs/n_simulations/20260917_005549_1854141/wastesorting/sim_200/scene_04/run_9/exp_wastesorting_20260917_021006_615271.txt,f1bc23d57c110a6afc47be16d3feca9deee7196fef040e73c6dd7a447edcf902,wastesorting,200,04
experiments_logs/n_simulations/20260917_005549_1854141/wastesorting/sim_300/scene_04/run_9/exp_wastesorting_20260917_021012_428933.txt,13a7a24379f949e8c266f21e30b01aacd0055666ea4fe273db89cdb6c2051742,wastesorting,300,04
experiments_logs/n_simulations/20260917_005549_1854141/wastesorting/sim_500/scene_04/run_9/exp_wastesorting_20260917_021020_713691.txt,e8b518b075a8d1ca0ac7851d29e8149cd922308323918434f36df1d4842bbcf6,wastesorting,500,04
experiments_logs/n_simulations/20260917_005549_1854141/wastesorting/sim_50/scene_04/run_10/exp_wastesorting_20260917_021021_600629.txt,7a5bea55e873edec4b919ad313e9879d31b36b416e649932514e5ac6fbe4b1bc,wastesorting,50,04
experiments_logs/n_simulations/20260917_005549_1854141/wastesorting/sim_100/scene_04/run_10/exp_wastesorting_20260917_021023_294452.txt,9c5e692e1969a032664a4fb26babeed671542ff1de36dd8b56e95ce067c12bcd,wastesorting,100,04
experiments_logs/n_simulations/20260917_005549_1854141/wastesorting/sim_200/scene_04/run_10/exp_wastesorting_20260917_021027_539668.txt,7c1105308f194d89a767132fc4e0e57ddc510a3cc11bc45e077b837d99cfba5c,wastesorting,200,04
experiments_logs/n_simulations/20260917_005549_1854141/wastesorting/sim_300/scene_04/run_10/exp_wastesorting_20260917_021033_323782.txt,37277595d332e64590ebc99d143522aeb8e0fba080208168b00eb0eeb4326599,wastesorting,300,04
experiments_logs/n_simulations/20260917_005549_1854141/wastesorting/sim_500/scene_04/run_10/exp_wastesorting_20260917_021041_844099.txt,5adf02bea7600dbd9dc92a9ccb44c7274952ff733da1c7c783806f6ea306a0a9,wastesorting,500,04
experiments_logs/n_simulations/20260917_005549_1854141/wastesorting/sim_50/scene_05/run_1/exp_wastesorting_20260917_021042_927984.txt,d04d031cbe71ccf0aa80018d06c7398d27bac753d0b3f5d48185caea2ddaae78,wastesorting,50,05
experiments_logs/n_simulations/20260917_005549_1854141/wastesorting/sim_100/scene_05/run_1/exp_wastesorting_20260917_021044_749633.txt,5b799dfdfb3f39b4c34cdefeb632cdef6ad67455f4f8699ed59e907c623e79ec,wastesorting,100,05
experiments_logs/n_simulations/20260917_005549_1854141/wastesorting/sim_200/scene_05/run_1/exp_wastesorting_20260917_021048_016891.txt,599607ad9c445e3f2eb60857f4529f324cdf97e304c20ebc28bbc7c66dec3793,wastesorting,200,05
experiments_logs/n_simulations/20260917_005549_1854141/wastesorting/sim_300/scene_05/run_1/exp_wastesorting_20260917_021053_577264.txt,77c77209cf7a1e2583aeccd66668eb3ba03a155b5db069ec8ca92e3b27933de9,wastesorting,300,05
experiments_logs/n_simulations/20260917_005549_1854141/wastesorting/sim_500/scene_05/run_1/exp_wastesorting_20260917_021101_457717.txt,8a0b2a1bf61fa815fd76ed4a191b04046d148873a67a8a07a7cb28ecf7dc958f,wastesorting,500,05
experiments_logs/n_simulations/20260917_005549_1854141/wastesorting/sim_50/scene_05/run_2/exp_wastesorting_20260917_021102_353871.txt,b62992019e3fded25e8cdd59be5fd72411e2da72973982c9e9dcebf0d8902d54,wastesorting,50,05
experiments_logs/n_simulations/20260917_005549_1854141/wastesorting/sim_100/scene_05/run_2/exp_wastesorting_20260917_021104_539724.txt,58ddff87ed2ecb349c0ebd5b69baecc8a377dd250e76ee7a303e04cefcf5f238,wastesorting,100,05
experiments_logs/n_simulations/20260917_005549_1854141/wastesorting/sim_200/scene_05/run_2/exp_wastesorting_20260917_021108_021825.txt,7ff199621eff1f56a6b2230ee3bb69846819ab691d968bade886524f5971e854,wastesorting,200,05
experiments_logs/n_simulations/20260917_005549_1854141/wastesorting/sim_300/scene_05/run_2/exp_wastesorting_20260917_021113_143563.txt,c51b3395d707994f7e2981ed15de17c2a819e386e00f2582d20a38c2a4ad0fe9,wastesorting,300,05
experiments_logs/n_simulations/20260917_005549_1854141/wastesorting/sim_500/scene_05/run_2/exp_wastesorting_20260917_021123_820036.txt,c575989c7545f057baf9b0bececfd5fd37f2ae4802c99d778c1e03dc3bf5ff14,wastesorting,500,05
experiments_logs/n_simulations/20260917_005549_1854141/wastesorting/sim_50/scene_05/run_3/exp_wastesorting_20260917_021124_648058.txt,125e675f11e6487b85fa7e33fe9ff5c1592dcdad9a2232373dcad2ad5ed5d463,wastesorting,50,05
experiments_logs/n_simulations/20260917_005549_1854141/wastesorting/sim_100/scene_05/run_3/exp_wastesorting_20260917_021126_743371.txt,b06fdef4c3d3d832f47cdccedb460d11a9c2ee7c35b0d4e80cf0c19409e95c78,wastesorting,100,05
experiments_logs/n_simulations/20260917_005549_1854141/wastesorting/sim_200/scene_05/run_3/exp_wastesorting_20260917_021129_961486.txt,265616ea97e5415bebc0fb6b356b7e090e0a2a3ffb4ae93218c8c18aca05aaf0,wastesorting,200,05
experiments_logs/n_simulations/20260917_005549_1854141/wastesorting/sim_300/scene_05/run_3/exp_wastesorting_20260917_021136_104006.txt,593b61021108a064a1047731297dcebd33ed157287b6058a464eb4da59afe1b4,wastesorting,300,05
experiments_logs/n_simulations/20260917_005549_1854141/wastesorting/sim_500/scene_05/run_3/exp_wastesorting_20260917_021144_739253.txt,2d533ebad4634aab0fbff41633c12703e40b34656c7b433491fdf32d4e8a8bed,wastesorting,500,05
experiments_logs/n_simulations/20260917_005549_1854141/wastesorting/sim_50/scene_05/run_4/exp_wastesorting_20260917_021145_641801.txt,a532ca6fcceb8908b034ef1e9e7886a5a00b82d3d7f581269a8702ac87a08028,wastesorting,50,05
experiments_logs/n_simulations/20260917_005549_1854141/wastesorting/sim_100/scene_05/run_4/exp_wastesorting_20260917_021147_218160.txt,dc42b9a35a3d4890e0778096175911c1d16437c679c8bfbe8fce8ddccaa99bdf,wastesorting,100,05
experiments_logs/n_simulations/20260917_005549_1854141/wastesorting/sim_200/scene_05/run_4/exp_wastesorting_20260917_021150_997935.txt,6875ee83b52c4bae94b2b1320b74dfb974941df358798f227ba28619c5cc8bce,wastesorting,200,05
experiments_logs/n_simulations/20260917_005549_1854141/wastesorting/sim_300/scene_05/run_4/exp_wastesorting_20260917_021156_041041.txt,0c051297c9f2bc88a5549a460a03a37dd29525cd4023a0e96a96054e9d15c23e,wastesorting,300,05
experiments_logs/n_simulations/20260917_005549_1854141/wastesorting/sim_500/scene_05/run_4/exp_wastesorting_20260917_021207_647566.txt,3be4e487f0b637b797409b69bad22cc0d8d84dd379bd5986781f2dac1a40bea0,wastesorting,500,05
experiments_logs/n_simulations/20260917_005549_1854141/wastesorting/sim_50/scene_05/run_5/exp_wastesorting_20260917_021208_715592.txt,492cec5dcc3e821ccd442affdff837498c81fa01f2c44223b0d55f471b0da8dd,wastesorting,50,05
experiments_logs/n_simulations/20260917_005549_1854141/wastesorting/sim_100/scene_05/run_5/exp_wastesorting_20260917_021210_772589.txt,d47b8e33a774e5e8afb450be941524854b1eae85e94cb20690819ccf6e86f37a,wastesorting,100,05
experiments_logs/n_simulations/20260917_005549_1854141/wastesorting/sim_200/scene_05/run_5/exp_wastesorting_20260917_021214_034735.txt,dd5621c9754e6ac4e2ff7b1c74f0c06a8373f1ac2ad7d7660610aadce211928c,wastesorting,200,05
experiments_logs/n_simulations/20260917_005549_1854141/wastesorting/sim_300/scene_05/run_5/exp_wastesorting_20260917_021218_599531.txt,808c7d0a7d353672cf3e2e7fed2c1ec2e04174b5bcc258a11cb85c1cc606939a,wastesorting,300,05
experiments_logs/n_simulations/20260917_005549_1854141/wastesorting/sim_500/scene_05/run_5/exp_wastesorting_20260917_021229_642576.txt,00e69055005c9ab94af84ed872ebcae47bf7215e4de935111bc7cdfcb13d0f7b,wastesorting,500,05
experiments_logs/n_simulations/20260917_005549_1854141/wastesorting/sim_50/scene_05/run_6/exp_wastesorting_20260917_021230_617713.txt,674fd5616d6dd5cb18ca80a03520a40a07b5fd945d6e8297aaaf779af58582b0,wastesorting,50,05
experiments_logs/n_simulations/20260917_005549_1854141/wastesorting/sim_100/scene_05/run_6/exp_wastesorting_20260917_021232_387430.txt,b2e96ba39dd05f3f3e55764bd7cbcd914c819dc9aac89c4ffe55512ca373ed94,wastesorting,100,05
experiments_logs/n_simulations/20260917_005549_1854141/wastesorting/sim_200/scene_05/run_6/exp_wastesorting_20260917_021235_979438.txt,652bb89eb360f7663778bf4758c2cc3034cd024542b857581da69fce136cd443,wastesorting,200,05
experiments_logs/n_simulations/20260917_005549_1854141/wastesorting/sim_300/scene_05/run_6/exp_wastesorting_20260917_021241_287847.txt,3d4296515d7e9bec5216fb67199a560b61f3f75e26eade80c29e3c7f5b6522d2,wastesorting,300,05
experiments_logs/n_simulations/20260917_005549_1854141/wastesorting/sim_500/scene_05/run_6/exp_wastesorting_20260917_021251_295746.txt,9b0d0919539eef881507787f78fabe0fa7c684986a086cb247942cdbec547740,wastesorting,500,05
experiments_logs/n_simulations/20260917_005549_1854141/wastesorting/sim_50/scene_05/run_7/exp_wastesorting_20260917_021252_182888.txt,d082f9faa00c8b9df1f24cf3e59c8076cadbf3e0f692963ea5b575792a0de6bb,wastesorting,50,05
experiments_logs/n_simulations/20260917_005549_1854141/wastesorting/sim_100/scene_05/run_7/exp_wastesorting_20260917_021253_770105.txt,b55b4155ad55264e0c78b36e8694fde6bedc0975f632d71af952e03050b00ccc,wastesorting,100,05
experiments_logs/n_simulations/20260917_005549_1854141/wastesorting/sim_200/scene_05/run_7/exp_wastesorting_20260917_021256_735266.txt,1b591c67c1f00a00bbfad9c3ff96d52da055e068693179ad08d4523788254293,wastesorting,200,05
experiments_logs/n_simulations/20260917_005549_1854141/wastesorting/sim_300/scene_05/run_7/exp_wastesorting_20260917_021301_273184.txt,a0af458899c5554d70facbeecdb8b060ea4f841d5c801867569093c10da1de0e,wastesorting,300,05
experiments_logs/n_simulations/20260917_005549_1854141/wastesorting/sim_500/scene_05/run_7/exp_wastesorting_20260917_021308_923241.txt,79d298d2da5b0bd9f66d901ab67a86647159b5b5ba1e4a1d4a16f23742ca02ad,wastesorting,500,05
experiments_logs/n_simulations/20260917_005549_1854141/wastesorting/sim_50/scene_05/run_8/exp_wastesorting_20260917_021309_832320.txt,b1dfdc318efc7cc0e21a2a290a872168d0d28a78b58553e8fc618c4a6306b827,wastesorting,50,05
experiments_logs/n_simulations/20260917_005549_1854141/wastesorting/sim_100/scene_05/run_8/exp_wastesorting_20260917_021312_213405.txt,823884a4ee18e60ef06ea1bc8c3fc5248e52a77411fd3ef37906ef20e295e99b,wastesorting,100,05
experiments_logs/n_simulations/20260917_005549_1854141/wastesorting/sim_200/scene_05/run_8/exp_wastesorting_20260917_021315_589066.txt,41fef59aa31fdbc9c21bf000353954d048b8e50997ef5bd874fb1ad8e6a3e2f6,wastesorting,200,05
experiments_logs/n_simulations/20260917_005549_1854141/wastesorting/sim_300/scene_05/run_8/exp_wastesorting_20260917_021320_864130.txt,93b8a35b107f136e769fc5f89d948d4a734cb1b4de6146649fc9789a5ac50ea8,wastesorting,300,05
experiments_logs/n_simulations/20260917_005549_1854141/wastesorting/sim_500/scene_05/run_8/exp_wastesorting_20260917_021329_063254.txt,86f7c750f8630356d9d78ab096c9e2918fedde0312e18ab7111a642db61ef1c8,wastesorting,500,05
experiments_logs/n_simulations/20260917_005549_1854141/wastesorting/sim_50/scene_05/run_9/exp_wastesorting_20260917_021330_219973.txt,1d7f4ce8a9510e57a315faf135857bcc37b3d5558567d7c4b616165f90146af9,wastesorting,50,05
experiments_logs/n_simulations/20260917_005549_1854141/wastesorting/sim_100/scene_05/run_9/exp_wastesorting_20260917_021332_129495.txt,786a076161b6eff0962da4855a14fc8ccbc7f91026e7ed84f03fafd17b12afa7,wastesorting,100,05
experiments_logs/n_simulations/20260917_005549_1854141/wastesorting/sim_200/scene_05/run_9/exp_wastesorting_20260917_021335_436762.txt,b09730a5c27a95362c621be5e6ad338b377c2be8ee4becf6816c58fdf967ee73,wastesorting,200,05
experiments_logs/n_simulations/20260917_005549_1854141/wastesorting/sim_300/scene_05/run_9/exp_wastesorting_20260917_021340_033971.txt,38e762c2bbeec3561910f49b3fbcabce5f53f672723767e6b1d6524affe5ada8,wastesorting,300,05
experiments_logs/n_simulations/20260917_005549_1854141/wastesorting/sim_500/scene_05/run_9/exp_wastesorting_20260917_021350_785800.txt,546b18fc3fc969b8a5788667c601a76a3a7cc1b9d58beb7f88407d64c565cf78,wastesorting,500,05
experiments_logs/n_simulations/20260917_005549_1854141/wastesorting/sim_50/scene_05/run_10/exp_wastesorting_20260917_021351_800876.txt,2ac4c4584d25fbf6d3732e7e826a2b5fadaba9fa1c7e058b556b42956f157c28,wastesorting,50,05
experiments_logs/n_simulations/20260917_005549_1854141/wastesorting/sim_100/scene_05/run_10/exp_wastesorting_20260917_021353_683740.txt,4bc981c89f8692dfae2e97233af7bccfda1f0d393fc797c6072565b38836d683,wastesorting,100,05
experiments_logs/n_simulations/20260917_005549_1854141/wastesorting/sim_200/scene_05/run_10/exp_wastesorting_20260917_021356_827271.txt,36a273ac9dba8706c1e92d112fb3abf2d3d6eb12f8967843927061b917729804,wastesorting,200,05
experiments_logs/n_simulations/20260917_005549_1854141/wastesorting/sim_300/scene_05/run_10/exp_wastesorting_20260917_021401_444462.txt,707a765adb7ec1d232cfac0fc8ba5f8bef849f62206561f7e347be6c7eba474e,wastesorting,300,05
experiments_logs/n_simulations/20260917_005549_1854141/wastesorting/sim_500/scene_05/run_10/exp_wastesorting_20260917_021409_937687.txt,6b91b8eddd3bfef4878d96e5f2b34a1fd0fc9e4903ccb5e3f42d48b618eba2cb,wastesorting,500,05
