index,domain,condition,scene,iteration,seed,raw_source,raw_sha256,status,success,questions,steps,seconds,reward,end_reason,gamma,n_simulations,query_cost,failure_penalty,answer_accuracy,threshold,timestamp
1,tomato,random,01,1,487893924,experiments_logs/analysis_recent/when_what_original_20260912/00_raw/tomato/scene_01_step50/when_what_random_thres_0-8_rand_0-4/exp_tomato_20260922_185327_125527.txt,e79e17bd8ed785456fe0e9a830d6e74d644697fa151d70d502f0d2f2146d8715,ok,0,4,6,0.2505,10.0,PLAN FAILURE,0.2,100,,,,0.8,2026-09-22 18:53:27
2,tomato,ours_when_only,01,1,487893924,experiments_logs/analysis_recent/when_what_original_20260912/00_raw/tomato/scene_01_step50/when_what_ours_when_only_thres_0-8_rand_0-4/exp_tomato_20260922_185327_520248.txt,30d18db4e2cfa13b84e9224f0313861b978686d58af2fcfec6113ba94530afae,ok,0,6,6,0.253,10.0,PLAN FAILURE,0.2,100,,,,0.8,2026-09-22 18:53:27
3,tomato,ours_what_only,01,1,487893924,experiments_logs/analysis_recent/when_what_original_20260912/00_raw/tomato/scene_01_step50/when_what_ours_what_only_thres_0-8_rand_0-4/exp_tomato_20260922_185327_936242.txt,2c3fab6dd74372229aa58365aba5674de926ff1d1520b16ed10e0da503993f10,ok,0,4,6,0.2654,10.0,PLAN FAILURE,0.2,100,,,,0.8,2026-09-22 18:53:27
4,tomato,ours,01,1,487893924,experiments_logs/analysis_recent/when_what_original_20260912/00_raw/tomato/scene_01_step50/when_what_ours_thres_0-8_rand_0-4/exp_tomato_20260922_185329_066734.txt,2dfbd41045532489fa059a46b2a055a1bd367b7886b87998b31f53cc6830201d,ok,1,11,13,0.9899,30.0,GOAL DONE,0.2,100,,,,0.8,2026-09-22 18:53:29
5,tomato,random,01,2,3132639812,experiments_logs/analysis_recent/when_what_original_20260912/00_raw/tomato/scene_01_step50/when_what_random_thres_0-8_rand_0-4/exp_tomato_20260922_185330_164916.txt,a4832ebd619cd29a2c2176d246c3427e9a58c22eec2bd5822a06647aed74d316,ok,1,6,13,0.9488,30.0,GOAL DONE,0.2,100,,,,0.8,2026-09-22 18:53:30
6,tomato,ours_when_only,01,2,3132639812,experiments_logs/analysis_recent/when_what_original_20260912/00_raw/tomato/scene_01_step50/when_what_ours_when_only_thres_0-8_rand_0-4/exp_tomato_20260922_185331_983208.txt,520b2941dfa8cda06adb572d1d6f8fd6fbd549a149f527fc31af4d7b0baf228b,ok,1,10,17,1.672,30.0,GOAL DONE,0.2,100,,,,0.8,2026-09-22 18:53:31
7,tomato,ours_what_only,01,2,3132639812,experiments_logs/analysis_recent/when_what_original_20260912/00_raw/tomato/scene_01_step50/when_what_ours_what_only_thres_0-8_rand_0-4/exp_tomato_20260922_185333_800005.txt,31b8cd1af9b3d25cf4e065ed1634b07c311ae436d41447bd85d88daaaa56c2fa,ok,1,5,17,1.6724,30.0,GOAL DONE,0.2,100,,,,0.8,2026-09-22 18:53:33
8,tomato,ours,01,2,3132639812,experiments_logs/analysis_recent/when_what_original_20260912/00_raw/tomato/scene_01_step50/when_what_ours_thres_0-8_rand_0-4/exp_tomato_20260922_185335_628280.txt,3d49f6b99b0df5a710f623495ef4b56405282bb15aba22f4a2e335cceacb2234,ok,1,7,17,1.6816,30.0,GOAL DONE,0.2,100,,,,0.8,2026-09-22 18:53:35
9,tomato,random,01,3,2704735955,experiments_logs/analysis_recent/when_what_original_20260912/00_raw/tomato/scene_01_step50/when_what_random_thres_0-8_rand_0-4/exp_tomato_20260922_185336_941164.txt,fd34811f183d68947be3573669e07b31d4b58d033b70f6d4a9cf813623a0a3ae,ok,1,16,14,1.1677,30.0,GOAL DONE,0.2,100,,,,0.8,2026-09-22 18:53:36
10,tomato,ours_when_only,01,3,2704735955,experiments_logs/analysis_recent/when_what_original_20260912/00_raw/tomato/scene_01_step50/when_what_ours_when_only_thres_0-8_rand_0-4/exp_tomato_20260922_185338_239050.txt,27a360e489926591dd006dd1445dc563015dceb96ae9b5a938f97a46efe8fa1d,ok,1,14,14,1.1509,30.0,GOAL DONE,0.2,100,,,,0.8,2026-09-22 18:53:38
11,tomato,ours_what_only,01,3,2704735955,experiments_logs/analysis_recent/when_what_original_20260912/00_raw/tomato/scene_01_step50/when_what_ours_what_only_thres_0-8_rand_0-4/exp_tomato_20260922_185339_558465.txt,0daf25b52abf42fd9b9823d8be33197edde237645bff371b9126e1c8aa2bc927,ok,1,12,14,1.1691,30.0,GOAL DONE,0.2,100,,,,0.8,2026-09-22 18:53:39
12,tomato,ours,01,3,2704735955,experiments_logs/analysis_recent/when_what_original_20260912/00_raw/tomato/scene_01_step50/when_what_ours_thres_0-8_rand_0-4/exp_tomato_20260922_185340_867041.txt,9747fc878983fc32c07dd4a362da6049863eaa48e0eb31e219693a07794521bb,ok,1,9,14,1.1587,30.0,GOAL DONE,0.2,100,,,,0.8,2026-09-22 18:53:40
13,tomato,random,01,4,2388827117,experiments_logs/analysis_recent/when_what_original_20260912/00_raw/tomato/scene_01_step50/when_what_random_thres_0-8_rand_0-4/exp_tomato_20260922_185342_312312.txt,db3bae4263af24fabe8f35f7319ff050a8effb99a385a87ee086b48a9dfa17a7,ok,1,8,16,1.3007,30.0,GOAL DONE,0.2,100,,,,0.8,2026-09-22 18:53:42
14,tomato,ours_when_only,01,4,2388827117,experiments_logs/analysis_recent/when_what_original_20260912/00_raw/tomato/scene_01_step50/when_what_ours_when_only_thres_0-8_rand_0-4/exp_tomato_20260922_185343_480662.txt,41b39053778ad0a7bd45d15ee96be9d284efa15b574651ead952bfbbd40165dc,ok,1,11,13,1.0226,30.0,GOAL DONE,0.2,100,,,,0.8,2026-09-22 18:53:43
15,tomato,ours_what_only,01,4,2388827117,experiments_logs/analysis_recent/when_what_original_20260912/00_raw/tomato/scene_01_step50/when_what_ours_what_only_thres_0-8_rand_0-4/exp_tomato_20260922_185344_931506.txt,d5948a340e77befe1c6901104ed2f6b14e806da5c32e03499e68340875682512,ok,1,8,16,1.3072,30.0,GOAL DONE,0.2,100,,,,0.8,2026-09-22 18:53:44
16,tomato,ours,01,4,2388827117,experiments_logs/analysis_recent/when_what_original_20260912/00_raw/tomato/scene_01_step50/when_what_ours_thres_0-8_rand_0-4/exp_tomato_20260922_185346_101896.txt,4948c92b430951802aa360dc3f845998f3f361ce44c353b4933b135c5cb8c919,ok,1,9,13,1.0252,30.0,GOAL DONE,0.2,100,,,,0.8,2026-09-22 18:53:46
17,tomato,random,01,5,410058075,experiments_logs/analysis_recent/when_what_original_20260912/00_raw/tomato/scene_01_step50/when_what_random_thres_0-8_rand_0-4/exp_tomato_20260922_185354_728159.txt,15e622f6acdc9afa8ad210eed4b0366cd58ba541432fae5e47b76a0ee3bc32b9,ok,0,6,50,8.4835,-150.0,MAX STEP,0.2,100,,,,0.8,2026-09-22 18:53:54
18,tomato,ours_when_only,01,5,410058075,experiments_logs/analysis_recent/when_what_original_20260912/00_raw/tomato/scene_01_step50/when_what_ours_when_only_thres_0-8_rand_0-4/exp_tomato_20260922_185356_110373.txt,afa6e6b24b5a3d9d7c2a2bd7b9f62184726b3e078de3d1a4dcb620d15a7a6cc3,ok,1,15,15,1.2478,30.0,GOAL DONE,0.2,100,,,,0.8,2026-09-22 18:53:56
19,tomato,ours_what_only,01,5,410058075,experiments_logs/analysis_recent/when_what_original_20260912/00_raw/tomato/scene_01_step50/when_what_ours_what_only_thres_0-8_rand_0-4/exp_tomato_20260922_185404_757433.txt,d0fda6166030d9bc309a2c71c25fcd5898bd107675af14fa152878fe3dbfc3de,ok,0,5,50,8.5043,-150.0,MAX STEP,0.2,100,,,,0.8,2026-09-22 18:54:04
20,tomato,ours,01,5,410058075,experiments_logs/analysis_recent/when_what_original_20260912/00_raw/tomato/scene_01_step50/when_what_ours_thres_0-8_rand_0-4/exp_tomato_20260922_185406_135045.txt,c95eafe4c672d6edb21f59d8058a2503b28ad49e12d1b3b1b16fc27c7ee4d809,ok,1,10,15,1.2327,30.0,GOAL DONE,0.2,100,,,,0.8,2026-09-22 18:54:06
21,tomato,random,01,6,662202859,experiments_logs/analysis_recent/when_what_original_20260912/00_raw/tomato/scene_01_step50/when_what_random_thres_0-8_rand_0-4/exp_tomato_20260922_185407_446965.txt,82e5c057c738745553da21730509d44803453d775a98a54272c38f787c43375e,ok,1,3,14,1.1663,30.0,GOAL DONE,0.2,100,,,,0.8,2026-09-22 18:54:07
22,tomato,ours_when_only,01,6,662202859,experiments_logs/analysis_recent/when_what_original_20260912/00_raw/tomato/scene_01_step50/when_what_ours_when_only_thres_0-8_rand_0-4/exp_tomato_20260922_185408_823595.txt,1ce8ee6941866869c197f648480a762f81e3c283dddf69a62ff29f7aadec5687,ok,1,15,14,1.2026,30.0,GOAL DONE,0.2,100,,,,0.8,2026-09-22 18:54:08
23,tomato,ours_what_only,01,6,662202859,experiments_logs/analysis_recent/when_what_original_20260912/00_raw/tomato/scene_01_step50/when_what_ours_what_only_thres_0-8_rand_0-4/exp_tomato_20260922_185410_132788.txt,dff7e9ba41923ab9532cff6e2df2f1f95687b7fac57ca831f54e67c301852f06,ok,1,3,14,1.1671,30.0,GOAL DONE,0.2,100,,,,0.8,2026-09-22 18:54:10
24,tomato,ours,01,6,662202859,experiments_logs/analysis_recent/when_what_original_20260912/00_raw/tomato/scene_01_step50/when_what_ours_thres_0-8_rand_0-4/exp_tomato_20260922_185411_449684.txt,bf7ceb4019a839f858303c33c93e992fe0d8030bdfdadf85af19eea84aea7bfd,ok,1,9,14,1.1684,30.0,GOAL DONE,0.2,100,,,,0.8,2026-09-22 18:54:11
25,tomato,random,01,7,3043225376,experiments_logs/analysis_recent/when_what_original_20260912/00_raw/tomato/scene_01_step50/when_what_random_thres_0-8_rand_0-4/exp_tomato_20260922_185412_776589.txt,170b1d9e8128170ab304ddc563fb892d38e438c721318a0f36078edb2d2fbd92,ok,1,6,14,1.1787,30.0,GOAL DONE,0.2,100,,,,0.8,2026-09-22 18:54:12
26,tomato,ours_when_only,01,7,3043225376,experiments_logs/analysis_recent/when_what_original_20260912/00_raw/tomato/scene_01_step50/when_what_ours_when_only_thres_0-8_rand_0-4/exp_tomato_20260922_185414_085170.txt,befa076aee9637c2574e41e696ddefeb755cac5f5e80cd99ce5a6565dc1cd200,ok,1,14,14,1.1637,30.0,GOAL DONE,0.2,100,,,,0.8,2026-09-22 18:54:14
27,tomato,ours_what_only,01,7,3043225376,experiments_logs/analysis_recent/when_what_original_20260912/00_raw/tomato/scene_01_step50/when_what_ours_what_only_thres_0-8_rand_0-4/exp_tomato_20260922_185415_408919.txt,135934fb031f5e35bd004de20a42531da17df5ef209683e9d8fc06df3dc909aa,ok,1,6,14,1.1813,30.0,GOAL DONE,0.2,100,,,,0.8,2026-09-22 18:54:15
28,tomato,ours,01,7,3043225376,experiments_logs/analysis_recent/when_what_original_20260912/00_raw/tomato/scene_01_step50/when_what_ours_thres_0-8_rand_0-4/exp_tomato_20260922_185416_751009.txt,689d2dcf90360597680d461f1f0567d8ddc8ffd324ba18477b00637f0466d6a7,ok,1,13,14,1.1957,30.0,GOAL DONE,0.2,100,,,,0.8,2026-09-22 18:54:16
29,tomato,random,01,8,3056805608,experiments_logs/analysis_recent/when_what_original_20260912/00_raw/tomato/scene_01_step50/when_what_random_thres_0-8_rand_0-4/exp_tomato_20260922_185418_440082.txt,a78bbf5e1d4766afe4deec81f9e4dfcf75196305136602b1f4db32c2304fe453,ok,1,15,17,1.5486,30.0,GOAL DONE,0.2,100,,,,0.8,2026-09-22 18:54:18
30,tomato,ours_when_only,01,8,3056805608,experiments_logs/analysis_recent/when_what_original_20260912/00_raw/tomato/scene_01_step50/when_what_ours_when_only_thres_0-8_rand_0-4/exp_tomato_20260922_185419_618739.txt,92edfbb8dad29ace712b9f554b7401a8278ee0996429df89ef472c1172c64cb7,ok,1,14,13,1.032,30.0,GOAL DONE,0.2,100,,,,0.8,2026-09-22 18:54:19
31,tomato,ours_what_only,01,8,3056805608,experiments_logs/analysis_recent/when_what_original_20260912/00_raw/tomato/scene_01_step50/when_what_ours_what_only_thres_0-8_rand_0-4/exp_tomato_20260922_185421_276156.txt,b7a5b5eb72edf75b993e47fd3e1f8ebe6b518d89be83f8501d9653ff3813468e,ok,1,11,17,1.5183,30.0,GOAL DONE,0.2,100,,,,0.8,2026-09-22 18:54:21
32,tomato,ours,01,8,3056805608,experiments_logs/analysis_recent/when_what_original_20260912/00_raw/tomato/scene_01_step50/when_what_ours_thres_0-8_rand_0-4/exp_tomato_20260922_185422_416240.txt,8bff15ee1e2b1c08b5ed58f815456aeebbde62f22d6de57e6f373bd967dc2719,ok,1,10,13,1.0063,30.0,GOAL DONE,0.2,100,,,,0.8,2026-09-22 18:54:22
33,tomato,random,01,9,4065734105,experiments_logs/analysis_recent/when_what_original_20260912/00_raw/tomato/scene_01_step50/when_what_random_thres_0-8_rand_0-4/exp_tomato_20260922_185424_265094.txt,4e6a1eac7a9b7d5b099452c3317cfd0f3754bfffd0a87617aa67114199e707c1,ok,1,12,18,1.6832,30.0,GOAL DONE,0.2,100,,,,0.8,2026-09-22 18:54:24
34,tomato,ours_when_only,01,9,4065734105,experiments_logs/analysis_recent/when_what_original_20260912/00_raw/tomato/scene_01_step50/when_what_ours_when_only_thres_0-8_rand_0-4/exp_tomato_20260922_185425_483028.txt,56b49582fe7cf70f8422bd1d6443c061d63d73d58439f5eabeda26de3f6a1e16,ok,1,16,14,1.1009,30.0,GOAL DONE,0.2,100,,,,0.8,2026-09-22 18:54:25
35,tomato,ours_what_only,01,9,4065734105,experiments_logs/analysis_recent/when_what_original_20260912/00_raw/tomato/scene_01_step50/when_what_ours_what_only_thres_0-8_rand_0-4/exp_tomato_20260922_185427_010434.txt,f9bdf3fcc4ef35e290d75b9b10b56b135af7b52c865443dcc843451107cfe14d,ok,1,8,15,1.3903,30.0,GOAL DONE,0.2,100,,,,0.8,2026-09-22 18:54:27
36,tomato,ours,01,9,4065734105,experiments_logs/analysis_recent/when_what_original_20260912/00_raw/tomato/scene_01_step50/when_what_ours_thres_0-8_rand_0-4/exp_tomato_20260922_185428_553545.txt,7aaddfbbcae09ffdb9aea846ea7966f3f6cf8712d517b58d501d954a6149e8e0,ok,1,10,15,1.3922,30.0,GOAL DONE,0.2,100,,,,0.8,2026-09-22 18:54:28
37,tomato,random,01,10,1621659147,experiments_logs/analysis_recent/when_what_original_20260912/00_raw/tomato/scene_01_step50/when_what_random_thres_0-8_rand_0-4/exp_tomato_20260922_185429_695657.txt,4ce93df55c0550a264a881de530fe56405788eb85b816a7b496e98e50b581043,ok,1,13,13,0.9952,30.0,GOAL DONE,0.2,100,,,,0.8,2026-09-22 18:54:29
38,tomato,ours_when_only,01,10,1621659147,experiments_logs/analysis_recent/when_what_original_20260912/00_raw/tomato/scene_01_step50/when_what_ours_when_only_thres_0-8_rand_0-4/exp_tomato_20260922_185430_843898.txt,97ac00af18135103e3879c8462c4014fe9ba53fcc000b3813b2bd17e4beb71e7,ok,1,14,13,0.9965,30.0,GOAL DONE,0.2,100,,,,0.8,2026-09-22 18:54:30
39,tomato,ours_what_only,01,10,1621659147,experiments_logs/analysis_recent/when_what_original_20260912/00_raw/tomato/scene_01_step50/when_what_ours_what_only_thres_0-8_rand_0-4/exp_tomato_20260922_185432_562044.txt,6139932d7e0571b4fd22f7bce951baa73285d5eeda6d75b40c791cf2294482db,ok,1,9,17,1.568,30.0,GOAL DONE,0.2,100,,,,0.8,2026-09-22 18:54:32
40,tomato,ours,01,10,1621659147,experiments_logs/analysis_recent/when_what_original_20260912/00_raw/tomato/scene_01_step50/when_what_ours_thres_0-8_rand_0-4/exp_tomato_20260922_185433_676944.txt,0ba286ec100e6d17cc22c32ad87f244658d54197e44e453f85e48e17611a56e9,ok,1,9,13,0.9667,30.0,GOAL DONE,0.2,100,,,,0.8,2026-09-22 18:54:33
41,tomato,random,01,11,740526527,experiments_logs/analysis_recent/when_what_original_20260912/00_raw/tomato/scene_01_step50/when_what_random_thres_0-8_rand_0-4/exp_tomato_20260922_185435_610129.txt,6164d23939e3043dd167e7851922eb2e572bebf94738d777ba4609a2bdc0da7d,ok,1,12,17,1.7756,30.0,GOAL DONE,0.2,100,,,,0.8,2026-09-22 18:54:35
42,tomato,ours_when_only,01,11,740526527,experiments_logs/analysis_recent/when_what_original_20260912/00_raw/tomato/scene_01_step50/when_what_ours_when_only_thres_0-8_rand_0-4/exp_tomato_20260922_185437_456253.txt,357f10a47ab1e9923983448d4f49225ae1b115a66f89086b9ca1927a643e9585,ok,1,12,17,1.6968,30.0,GOAL DONE,0.2,100,,,,0.8,2026-09-22 18:54:37
43,tomato,ours_what_only,01,11,740526527,experiments_logs/analysis_recent/when_what_original_20260912/00_raw/tomato/scene_01_step50/when_what_ours_what_only_thres_0-8_rand_0-4/exp_tomato_20260922_185439_348101.txt,899cae6a847e1bb597f3988ceb5128580637098a99188d75b6a01e8fee762b76,ok,1,10,17,1.7457,30.0,GOAL DONE,0.2,100,,,,0.8,2026-09-22 18:54:39
44,tomato,ours,01,11,740526527,experiments_logs/analysis_recent/when_what_original_20260912/00_raw/tomato/scene_01_step50/when_what_ours_thres_0-8_rand_0-4/exp_tomato_20260922_185441_194812.txt,b95b21a882c0710ba17a4f28b2eb7a6e812cc2b07a3db1df3682a4254cce4b90,ok,1,10,17,1.7265,30.0,GOAL DONE,0.2,100,,,,0.8,2026-09-22 18:54:41
45,tomato,random,01,12,2583862151,experiments_logs/analysis_recent/when_what_original_20260912/00_raw/tomato/scene_01_step50/when_what_random_thres_0-8_rand_0-4/exp_tomato_20260922_185442_493172.txt,12a95c483fad4f6df92d44018e8edd9d40395196a7c060abddde5257559944a7,ok,0,9,14,1.1506,20.0,PLAN FAILURE,0.2,100,,,,0.8,2026-09-22 18:54:42
46,tomato,ours_when_only,01,12,2583862151,experiments_logs/analysis_recent/when_what_original_20260912/00_raw/tomato/scene_01_step50/when_what_ours_when_only_thres_0-8_rand_0-4/exp_tomato_20260922_185443_812827.txt,f7bc1add6b83c89dca464a126726a7a523dbd90473e10b869f413b544ca55fe3,ok,1,17,14,1.1717,30.0,GOAL DONE,0.2,100,,,,0.8,2026-09-22 18:54:43
47,tomato,ours_what_only,01,12,2583862151,experiments_logs/analysis_recent/when_what_original_20260912/00_raw/tomato/scene_01_step50/when_what_ours_what_only_thres_0-8_rand_0-4/exp_tomato_20260922_185445_141997.txt,c37e7930e8f4831e893ce82fc3e0db897af88a1763e77b62bf8f5944d11d0569,ok,0,7,14,1.1825,20.0,PLAN FAILURE,0.2,100,,,,0.8,2026-09-22 18:54:45
48,tomato,ours,01,12,2583862151,experiments_logs/analysis_recent/when_what_original_20260912/00_raw/tomato/scene_01_step50/when_what_ours_thres_0-8_rand_0-4/exp_tomato_20260922_185446_446296.txt,c3b604600818f3eabfee295c371655cace922b6716ffaf18eda716b7cf1c923d,ok,1,13,14,1.1535,30.0,GOAL DONE,0.2,100,,,,0.8,2026-09-22 18:54:46
49,tomato,random,01,13,1121448669,experiments_logs/analysis_recent/when_what_original_20260912/00_raw/tomato/scene_01_step50/when_what_random_thres_0-8_rand_0-4/exp_tomato_20260922_185447_579436.txt,179641c1fee8567acad86f5b2f29cd218702d0fe05fc729655dc31c55058fa07,ok,1,17,13,1.0139,30.0,GOAL DONE,0.2,100,,,,0.8,2026-09-22 18:54:47
50,tomato,ours_when_only,01,13,1121448669,experiments_logs/analysis_recent/when_what_original_20260912/00_raw/tomato/scene_01_step50/when_what_ours_when_only_thres_0-8_rand_0-4/exp_tomato_20260922_185448_725847.txt,cb5d3bba6dc142661b8f82ea3f356fefc010cadfb310d8c2a4a303716310e2da,ok,1,8,13,0.9985,30.0,GOAL DONE,0.2,100,,,,0.8,2026-09-22 18:54:48
51,tomato,ours_what_only,01,13,1121448669,experiments_logs/analysis_recent/when_what_original_20260912/00_raw/tomato/scene_01_step50/when_what_ours_what_only_thres_0-8_rand_0-4/exp_tomato_20260922_185449_868078.txt,615f4bdd43545e5017c4660465725c789f7e5d76a126e46807bcf040168fab8d,ok,1,12,13,0.996,30.0,GOAL DONE,0.2,100,,,,0.8,2026-09-22 18:54:49
52,tomato,ours,01,13,1121448669,experiments_logs/analysis_recent/when_what_original_20260912/00_raw/tomato/scene_01_step50/when_what_ours_thres_0-8_rand_0-4/exp_tomato_20260922_185451_002032.txt,45f9c43799ec8ecde26209d55e18df1a6f67d5c444a512b616e1e190aa83b4d5,ok,1,9,13,0.9857,30.0,GOAL DONE,0.2,100,,,,0.8,2026-09-22 18:54:51
53,tomato,random,01,14,1982835210,experiments_logs/analysis_recent/when_what_original_20260912/00_raw/tomato/scene_01_step50/when_what_random_thres_0-8_rand_0-4/exp_tomato_20260922_185452_079939.txt,207bfd5c689b20141c5a747b1acd0b923c0177ee64b574340a1c86199e6f9b91,ok,1,9,13,0.9303,30.0,GOAL DONE,0.2,100,,,,0.8,2026-09-22 18:54:52
54,tomato,ours_when_only,01,14,1982835210,experiments_logs/analysis_recent/when_what_original_20260912/00_raw/tomato/scene_01_step50/when_what_ours_when_only_thres_0-8_rand_0-4/exp_tomato_20260922_185453_159667.txt,544781969e2e018b1adbbd2379563b78b52a664d4e4020486b70df05f3e50de1,ok,1,13,13,0.9348,30.0,GOAL DONE,0.2,100,,,,0.8,2026-09-22 18:54:53
55,tomato,ours_what_only,01,14,1982835210,experiments_logs/analysis_recent/when_what_original_20260912/00_raw/tomato/scene_01_step50/when_what_ours_what_only_thres_0-8_rand_0-4/exp_tomato_20260922_185454_266427.txt,eeddf560d96e439895a3f3db020c75f857caab59690dded4ee9c369b6b8fe85b,ok,1,8,13,0.9586,30.0,GOAL DONE,0.2,100,,,,0.8,2026-09-22 18:54:54
56,tomato,ours,01,14,1982835210,experiments_logs/analysis_recent/when_what_original_20260912/00_raw/tomato/scene_01_step50/when_what_ours_thres_0-8_rand_0-4/exp_tomato_20260922_185455_375765.txt,c3fb25f04bbfb889bff593cfaf11f31468769d3b28493d4b18c5df42e44185f3,ok,1,8,13,0.9653,30.0,GOAL DONE,0.2,100,,,,0.8,2026-09-22 18:54:55
57,tomato,random,01,15,1497252076,experiments_logs/analysis_recent/when_what_original_20260912/00_raw/tomato/scene_01_step50/when_what_random_thres_0-8_rand_0-4/exp_tomato_20260922_185456_490633.txt,59e113941bc12e5f9149336826d8390a61fe79055e28d0465fc6c28854e5c535,ok,1,9,13,0.9696,30.0,GOAL DONE,0.2,100,,,,0.8,2026-09-22 18:54:56
58,tomato,ours_when_only,01,15,1497252076,experiments_logs/analysis_recent/when_what_original_20260912/00_raw/tomato/scene_01_step50/when_what_ours_when_only_thres_0-8_rand_0-4/exp_tomato_20260922_185457_628953.txt,4626aca4e1da24b6ff3c3074ef3b254feac26c5f8110db960b869223f86e6b3a,ok,1,11,13,0.9911,30.0,GOAL DONE,0.2,100,,,,0.8,2026-09-22 18:54:57
59,tomato,ours_what_only,01,15,1497252076,experiments_logs/analysis_recent/when_what_original_20260912/00_raw/tomato/scene_01_step50/when_what_ours_what_only_thres_0-8_rand_0-4/exp_tomato_20260922_185458_874190.txt,ceeb69694062fbbeea2b040690a4dc67bd30f032af038eb56ea04711fa904d37,ok,1,8,13,1.101,30.0,GOAL DONE,0.2,100,,,,0.8,2026-09-22 18:54:58
60,tomato,ours,01,15,1497252076,experiments_logs/analysis_recent/when_what_original_20260912/00_raw/tomato/scene_01_step50/when_what_ours_thres_0-8_rand_0-4/exp_tomato_20260922_185500_010384.txt,64a1027c37d88ec81139526d4378b7df26881834de8fa26da22a03b93cc80339,ok,1,8,13,0.9893,30.0,GOAL DONE,0.2,100,,,,0.8,2026-09-22 18:55:00
61,tomato,random,01,16,2288196031,experiments_logs/analysis_recent/when_what_original_20260912/00_raw/tomato/scene_01_step50/when_what_random_thres_0-8_rand_0-4/exp_tomato_20260922_185501_154863.txt,0bc14a6bd00195d43c2706436ef39c24b87888141933d312470b3a5ebc206326,ok,1,10,13,0.9924,30.0,GOAL DONE,0.2,100,,,,0.8,2026-09-22 18:55:01
62,tomato,ours_when_only,01,16,2288196031,experiments_logs/analysis_recent/when_what_original_20260912/00_raw/tomato/scene_01_step50/when_what_ours_when_only_thres_0-8_rand_0-4/exp_tomato_20260922_185502_303998.txt,aa47189685dd3dce8f57171a7825ee40fd6cef6a1c4a8837d2446f536b101b90,ok,1,12,13,1.0033,30.0,GOAL DONE,0.2,100,,,,0.8,2026-09-22 18:55:02
63,tomato,ours_what_only,01,16,2288196031,experiments_logs/analysis_recent/when_what_original_20260912/00_raw/tomato/scene_01_step50/when_what_ours_what_only_thres_0-8_rand_0-4/exp_tomato_20260922_185503_441205.txt,7492c6c050bb039a26ce37853db6f5681cf69589dd1535236548bf007a13fcae,ok,1,8,13,0.9912,30.0,GOAL DONE,0.2,100,,,,0.8,2026-09-22 18:55:03
64,tomato,ours,01,16,2288196031,experiments_logs/analysis_recent/when_what_original_20260912/00_raw/tomato/scene_01_step50/when_what_ours_thres_0-8_rand_0-4/exp_tomato_20260922_185504_568253.txt,45dbf6b91ac1d2a4f10f58a038348553c4b1f7cf57de171c6d022c7acff55a1d,ok,1,9,13,0.9827,30.0,GOAL DONE,0.2,100,,,,0.8,2026-09-22 18:55:04
65,tomato,random,01,17,325816739,experiments_logs/analysis_recent/when_what_original_20260912/00_raw/tomato/scene_01_step50/when_what_random_thres_0-8_rand_0-4/exp_tomato_20260922_185505_686572.txt,a0f8635fd5d003c9ccdf2b005c320cf8b301c2b031a8704126bae65970048734,ok,1,12,13,0.9749,30.0,GOAL DONE,0.2,100,,,,0.8,2026-09-22 18:55:05
66,tomato,ours_when_only,01,17,325816739,experiments_logs/analysis_recent/when_what_original_20260912/00_raw/tomato/scene_01_step50/when_what_ours_when_only_thres_0-8_rand_0-4/exp_tomato_20260922_185506_849263.txt,ad39b53d5da0fdd7ea0f049f786deba9efb8b6a20cd9d6911a5e099ba673ea2f,ok,1,13,14,1.0108,30.0,GOAL DONE,0.2,100,,,,0.8,2026-09-22 18:55:06
67,tomato,ours_what_only,01,17,325816739,experiments_logs/analysis_recent/when_what_original_20260912/00_raw/tomato/scene_01_step50/when_what_ours_what_only_thres_0-8_rand_0-4/exp_tomato_20260922_185507_993462.txt,66ec88d0e1902e109718158bc4610eaa06389119572e5e994c8219e2daba2385,ok,1,10,13,0.997,30.0,GOAL DONE,0.2,100,,,,0.8,2026-09-22 18:55:07
68,tomato,ours,01,17,325816739,experiments_logs/analysis_recent/when_what_original_20260912/00_raw/tomato/scene_01_step50/when_what_ours_thres_0-8_rand_0-4/exp_tomato_20260922_185509_157655.txt,917786231771206331bca4ba11e42849938298a52bf07d4eb389cd10973e1def,ok,1,11,14,1.0211,30.0,GOAL DONE,0.2,100,,,,0.8,2026-09-22 18:55:09
69,tomato,random,01,18,2372245970,experiments_logs/analysis_recent/when_what_original_20260912/00_raw/tomato/scene_01_step50/when_what_random_thres_0-8_rand_0-4/exp_tomato_20260922_185510_435602.txt,c852b8eaa221f05b3723b88bee1fe2a83e3958e5ce3498519665b9dfee4914b3,ok,1,7,15,1.1309,30.0,GOAL DONE,0.2,100,,,,0.8,2026-09-22 18:55:10
70,tomato,ours_when_only,01,18,2372245970,experiments_logs/analysis_recent/when_what_original_20260912/00_raw/tomato/scene_01_step50/when_what_ours_when_only_thres_0-8_rand_0-4/exp_tomato_20260922_185511_776114.txt,70a8409e8025a33d7ae577d61a0ebec588ae15787b5f1efd881090d6e4c08d63,ok,1,20,15,1.1808,30.0,GOAL DONE,0.2,100,,,,0.8,2026-09-22 18:55:11
71,tomato,ours_what_only,01,18,2372245970,experiments_logs/analysis_recent/when_what_original_20260912/00_raw/tomato/scene_01_step50/when_what_ours_what_only_thres_0-8_rand_0-4/exp_tomato_20260922_185513_043204.txt,354973a8bb1b9c0f0e6514394adfe8259aea0b042272b0b278fdd8f69d657d78,ok,1,6,15,1.1443,30.0,GOAL DONE,0.2,100,,,,0.8,2026-09-22 18:55:13
72,tomato,ours,01,18,2372245970,experiments_logs/analysis_recent/when_what_original_20260912/00_raw/tomato/scene_01_step50/when_what_ours_thres_0-8_rand_0-4/exp_tomato_20260922_185514_370736.txt,0d23dc28798c21d31e35f3f89bd2e597834bee049320e8f5bcaf6b614a7fe47a,ok,1,11,15,1.178,30.0,GOAL DONE,0.2,100,,,,0.8,2026-09-22 18:55:14
73,tomato,random,01,19,4234262604,experiments_logs/analysis_recent/when_what_original_20260912/00_raw/tomato/scene_01_step50/when_what_random_thres_0-8_rand_0-4/exp_tomato_20260922_185515_551404.txt,c6f095360207c8afc321763115b94349ba90428043f73b4c682da90ca0a71c47,ok,1,5,13,1.0341,30.0,GOAL DONE,0.2,100,,,,0.8,2026-09-22 18:55:15
74,tomato,ours_when_only,01,19,4234262604,experiments_logs/analysis_recent/when_what_original_20260912/00_raw/tomato/scene_01_step50/when_what_ours_when_only_thres_0-8_rand_0-4/exp_tomato_20260922_185516_655562.txt,718cc3ee7a975077ae8a8fcdc11ff1c5f7d951f7af177f9e1551d9d6b6d424cc,ok,1,13,13,0.9635,30.0,GOAL DONE,0.2,100,,,,0.8,2026-09-22 18:55:16
75,tomato,ours_what_only,01,19,4234262604,experiments_logs/analysis_recent/when_what_original_20260912/00_raw/tomato/scene_01_step50/when_what_ours_what_only_thres_0-8_rand_0-4/exp_tomato_20260922_185517_811688.txt,746cb21f0ba06918ee107a15abe9c87ff98a111c8e96aec37c50df15d15b1700,ok,1,5,13,1.0115,30.0,GOAL DONE,0.2,100,,,,0.8,2026-09-22 18:55:17
76,tomato,ours,01,19,4234262604,experiments_logs/analysis_recent/when_what_original_20260912/00_raw/tomato/scene_01_step50/when_what_ours_thres_0-8_rand_0-4/exp_tomato_20260922_185518_944307.txt,93fe21091f8509c364b18b7c2edc05196283cd5b8ec20f07b2efd1627ef18573,ok,1,7,13,0.9856,30.0,GOAL DONE,0.2,100,,,,0.8,2026-09-22 18:55:18
77,tomato,random,01,20,844112718,experiments_logs/analysis_recent/when_what_original_20260912/00_raw/tomato/scene_01_step50/when_what_random_thres_0-8_rand_0-4/exp_tomato_20260922_185519_407741.txt,d47ef5d8012a08c73c56cbc48565e163f396f01c5ac845c46e4209f1f1c8ec05,ok,0,1,5,0.3179,0.0,PLAN FAILURE,0.2,100,,,,0.8,2026-09-22 18:55:19
78,tomato,ours_when_only,01,20,844112718,experiments_logs/analysis_recent/when_what_original_20260912/00_raw/tomato/scene_01_step50/when_what_ours_when_only_thres_0-8_rand_0-4/exp_tomato_20260922_185521_222867.txt,234ed3e04776d03be886e702b1f67864f0c4a5055ee2971190030ce0aa917532,ok,1,13,17,1.6631,30.0,GOAL DONE,0.2,100,,,,0.8,2026-09-22 18:55:21
79,tomato,ours_what_only,01,20,844112718,experiments_logs/analysis_recent/when_what_original_20260912/00_raw/tomato/scene_01_step50/when_what_ours_what_only_thres_0-8_rand_0-4/exp_tomato_20260922_185521_671910.txt,15a5e77977ec4c4f496d5373d48100087f9a4eb4247c0597ebf1854e78d2e6c7,ok,0,1,5,0.3066,0.0,PLAN FAILURE,0.2,100,,,,0.8,2026-09-22 18:55:21
80,tomato,ours,01,20,844112718,experiments_logs/analysis_recent/when_what_original_20260912/00_raw/tomato/scene_01_step50/when_what_ours_thres_0-8_rand_0-4/exp_tomato_20260922_185523_469476.txt,2ad13f984f7c3b01bc961e54241150da4d8be75442550f75f6d3e91dbb051d83,ok,1,9,17,1.6507,30.0,GOAL DONE,0.2,100,,,,0.8,2026-09-22 18:55:23
81,tomato,random,01,21,282273988,experiments_logs/analysis_recent/when_what_original_20260912/00_raw/tomato/scene_01_step50/when_what_random_thres_0-8_rand_0-4/exp_tomato_20260922_185524_584529.txt,85f575a7fdc8b5758a73709486b2a0f52cb401c7a048de48889f91c8e0aa57ab,ok,1,10,13,0.9721,30.0,GOAL DONE,0.2,100,,,,0.8,2026-09-22 18:55:24
82,tomato,ours_when_only,01,21,282273988,experiments_logs/analysis_recent/when_what_original_20260912/00_raw/tomato/scene_01_step50/when_what_ours_when_only_thres_0-8_rand_0-4/exp_tomato_20260922_185525_714979.txt,3846e92d40d4c357f700631f2b9973610cc8846d0052cb05c18d1e0976f8adc8,ok,1,8,13,0.9867,30.0,GOAL DONE,0.2,100,,,,0.8,2026-09-22 18:55:25
83,tomato,ours_what_only,01,21,282273988,experiments_logs/analysis_recent/when_what_original_20260912/00_raw/tomato/scene_01_step50/when_what_ours_what_only_thres_0-8_rand_0-4/exp_tomato_20260922_185526_794892.txt,70fe3cb6a05575cc865f993d74a1249344804d8e7600d083aaaebeb3080c22d7,ok,1,9,13,0.9643,30.0,GOAL DONE,0.2,100,,,,0.8,2026-09-22 18:55:26
84,tomato,ours,01,21,282273988,experiments_logs/analysis_recent/when_what_original_20260912/00_raw/tomato/scene_01_step50/when_what_ours_thres_0-8_rand_0-4/exp_tomato_20260922_185527_921145.txt,da8952eca988bd1ecad000e0091a4e981a6fdca19219e0e388cb10318ede539a,ok,1,7,13,0.9722,30.0,GOAL DONE,0.2,100,,,,0.8,2026-09-22 18:55:27
85,tomato,random,01,22,2375471847,experiments_logs/analysis_recent/when_what_original_20260912/00_raw/tomato/scene_01_step50/when_what_random_thres_0-8_rand_0-4/exp_tomato_20260922_185529_201365.txt,8aaaa967bcaccd78f3b3f23e4ced79576ea445bb14a8aea94d0f7761d7bbab03,ok,0,5,14,1.1385,20.0,PLAN FAILURE,0.2,100,,,,0.8,2026-09-22 18:55:29
86,tomato,ours_when_only,01,22,2375471847,experiments_logs/analysis_recent/when_what_original_20260912/00_raw/tomato/scene_01_step50/when_what_ours_when_only_thres_0-8_rand_0-4/exp_tomato_20260922_185530_461594.txt,9fdd23f40bc4ba52ff2b91ec8b68d5948507467177d3b8001c5ad049150378f8,ok,1,15,14,1.1211,30.0,GOAL DONE,0.2,100,,,,0.8,2026-09-22 18:55:30
87,tomato,ours_what_only,01,22,2375471847,experiments_logs/analysis_recent/when_what_original_20260912/00_raw/tomato/scene_01_step50/when_what_ours_what_only_thres_0-8_rand_0-4/exp_tomato_20260922_185531_761854.txt,3c0d75e1f59f1a3c6923f83bc7654a5a8e554d4ade9c707708075b49edf61a76,ok,0,5,14,1.15,20.0,PLAN FAILURE,0.2,100,,,,0.8,2026-09-22 18:55:31
88,tomato,ours,01,22,2375471847,experiments_logs/analysis_recent/when_what_original_20260912/00_raw/tomato/scene_01_step50/when_what_ours_thres_0-8_rand_0-4/exp_tomato_20260922_185533_093918.txt,0bf4f26684c87313b0e9694711fd20b5ce6cf2b811583f5f248ba25d5cdc2f26,ok,1,12,14,1.1691,30.0,GOAL DONE,0.2,100,,,,0.8,2026-09-22 18:55:33
89,tomato,random,01,23,3029309412,experiments_logs/analysis_recent/when_what_original_20260912/00_raw/tomato/scene_01_step50/when_what_random_thres_0-8_rand_0-4/exp_tomato_20260922_185533_530876.txt,a1b8c8a6eb94547835a5c10e8ac5bc8ad5a4174b6d54c87bb3213ab68bf82f30,ok,0,1,5,0.3168,0.0,PLAN FAILURE,0.2,100,,,,0.8,2026-09-22 18:55:33
90,tomato,ours_when_only,01,23,3029309412,experiments_logs/analysis_recent/when_what_original_20260912/00_raw/tomato/scene_01_step50/when_what_ours_when_only_thres_0-8_rand_0-4/exp_tomato_20260922_185534_700835.txt,a08450195d465e9476837584ed378b86da0104e63ba5468bb06dbd1e16c75325,ok,1,7,13,1.0224,30.0,GOAL DONE,0.2,100,,,,0.8,2026-09-22 18:55:34
91,tomato,ours_what_only,01,23,3029309412,experiments_logs/analysis_recent/when_what_original_20260912/00_raw/tomato/scene_01_step50/when_what_ours_what_only_thres_0-8_rand_0-4/exp_tomato_20260922_185535_169238.txt,9406ecf972280ab73ba559244482ecb67ba37a0a2b3eb14c510c421651311704,ok,0,1,5,0.3222,0.0,PLAN FAILURE,0.2,100,,,,0.8,2026-09-22 18:55:35
92,tomato,ours,01,23,3029309412,experiments_logs/analysis_recent/when_what_original_20260912/00_raw/tomato/scene_01_step50/when_what_ours_thres_0-8_rand_0-4/exp_tomato_20260922_185536_347864.txt,7c7470e4e66fd333facd60db98686d2de8cc488fd1cc920f08047c2270b83fdc,ok,1,7,13,1.0301,30.0,GOAL DONE,0.2,100,,,,0.8,2026-09-22 18:55:36
93,tomato,random,01,24,2422134993,experiments_logs/analysis_recent/when_what_original_20260912/00_raw/tomato/scene_01_step50/when_what_random_thres_0-8_rand_0-4/exp_tomato_20260922_185537_639548.txt,4bcbf8a0cba1afbbd284abaea72581eabea360e31ae7b7d806a825bb7990a996,ok,1,5,14,1.1415,30.0,GOAL DONE,0.2,100,,,,0.8,2026-09-22 18:55:37
94,tomato,ours_when_only,01,24,2422134993,experiments_logs/analysis_recent/when_what_original_20260912/00_raw/tomato/scene_01_step50/when_what_ours_when_only_thres_0-8_rand_0-4/exp_tomato_20260922_185539_046117.txt,94aaa90417ae827d60a35c8f3dc10acfbacf2e8a5a4471e6e93099532d64664b,ok,1,15,15,1.2459,30.0,GOAL DONE,0.2,100,,,,0.8,2026-09-22 18:55:39
95,tomato,ours_what_only,01,24,2422134993,experiments_logs/analysis_recent/when_what_original_20260912/00_raw/tomato/scene_01_step50/when_what_ours_what_only_thres_0-8_rand_0-4/exp_tomato_20260922_185540_325133.txt,7a29ccce5f0e6816f6d3878e18c085c5751595ebc7d0fe8d5f993317920e5299,ok,1,3,14,1.1321,30.0,GOAL DONE,0.2,100,,,,0.8,2026-09-22 18:55:40
96,tomato,ours,01,24,2422134993,experiments_logs/analysis_recent/when_what_original_20260912/00_raw/tomato/scene_01_step50/when_what_ours_thres_0-8_rand_0-4/exp_tomato_20260922_185541_689320.txt,6c1fe0957e9f991570933666d373e588d86bfefd376b420209e11bec84bf721a,ok,1,10,15,1.2256,30.0,GOAL DONE,0.2,100,,,,0.8,2026-09-22 18:55:41
97,tomato,random,01,25,443557361,experiments_logs/analysis_recent/when_what_original_20260912/00_raw/tomato/scene_01_step50/when_what_random_thres_0-8_rand_0-4/exp_tomato_20260922_185542_877618.txt,b461324ebd1088eef0618e6fe8c4fe83c1cba5c75622807b856647eb9799432b,ok,0,14,14,1.0469,20.0,PLAN FAILURE,0.2,100,,,,0.8,2026-09-22 18:55:42
98,tomato,ours_when_only,01,25,443557361,experiments_logs/analysis_recent/when_what_original_20260912/00_raw/tomato/scene_01_step50/when_what_ours_when_only_thres_0-8_rand_0-4/exp_tomato_20260922_185544_057148.txt,30fa7d2a39d42e344708ff126417e357b562176744a19bd405395994df293ee0,ok,1,11,14,1.0244,30.0,GOAL DONE,0.2,100,,,,0.8,2026-09-22 18:55:44
99,tomato,ours_what_only,01,25,443557361,experiments_logs/analysis_recent/when_what_original_20260912/00_raw/tomato/scene_01_step50/when_what_ours_what_only_thres_0-8_rand_0-4/exp_tomato_20260922_185545_259812.txt,8602f5d8239f645261a8c0b50b810037d267076caa6b5976ecc48efa57470433,ok,0,9,14,1.0658,20.0,PLAN FAILURE,0.2,100,,,,0.8,2026-09-22 18:55:45
100,tomato,ours,01,25,443557361,experiments_logs/analysis_recent/when_what_original_20260912/00_raw/tomato/scene_01_step50/when_what_ours_thres_0-8_rand_0-4/exp_tomato_20260922_185546_457986.txt,dc8654ad216a62c46fd3b582b07cf03c2b04145204bd7bcc1f1be0b76f6ac0b8,ok,1,9,14,1.0545,30.0,GOAL DONE,0.2,100,,,,0.8,2026-09-22 18:55:46
101,tomato,random,01,26,2928576748,experiments_logs/analysis_recent/when_what_original_20260912/00_raw/tomato/scene_01_step50/when_what_random_thres_0-8_rand_0-4/exp_tomato_20260922_185547_634106.txt,80c6093ba72ee73bdf176a5e39e369570d3e0094bf6f8e016565155e5209f865,ok,1,10,13,1.0275,30.0,GOAL DONE,0.2,100,,,,0.8,2026-09-22 18:55:47
102,tomato,ours_when_only,01,26,2928576748,experiments_logs/analysis_recent/when_what_original_20260912/00_raw/tomato/scene_01_step50/when_what_ours_when_only_thres_0-8_rand_0-4/exp_tomato_20260922_185548_812142.txt,1f7dd8d866e5f30063af4fbc31de4c9c99d6e21933d3ee8d5e2c818980266054,ok,1,12,13,1.0371,30.0,GOAL DONE,0.2,100,,,,0.8,2026-09-22 18:55:48
103,tomato,ours_what_only,01,26,2928576748,experiments_logs/analysis_recent/when_what_original_20260912/00_raw/tomato/scene_01_step50/when_what_ours_what_only_thres_0-8_rand_0-4/exp_tomato_20260922_185549_981829.txt,222ffaf39570571b937fe2191208327777708794cce00cfb2463c9de7d4dfe9c,ok,1,8,13,1.0256,30.0,GOAL DONE,0.2,100,,,,0.8,2026-09-22 18:55:49
104,tomato,ours,01,26,2928576748,experiments_logs/analysis_recent/when_what_original_20260912/00_raw/tomato/scene_01_step50/when_what_ours_thres_0-8_rand_0-4/exp_tomato_20260922_185551_158156.txt,b3265be44cc592b3fd728d300bbf7541539426aec1526e5c3e9c06166dea236c,ok,1,7,13,1.0284,30.0,GOAL DONE,0.2,100,,,,0.8,2026-09-22 18:55:51
105,tomato,random,01,27,29872548,experiments_logs/analysis_recent/when_what_original_20260912/00_raw/tomato/scene_01_step50/when_what_random_thres_0-8_rand_0-4/exp_tomato_20260922_185552_330572.txt,983cce329978609e6f681345f8cd61559286b9fe04210c7c11cb2733eed3e703,ok,1,11,13,1.0206,30.0,GOAL DONE,0.2,100,,,,0.8,2026-09-22 18:55:52
106,tomato,ours_when_only,01,27,29872548,experiments_logs/analysis_recent/when_what_original_20260912/00_raw/tomato/scene_01_step50/when_what_ours_when_only_thres_0-8_rand_0-4/exp_tomato_20260922_185553_454986.txt,a57444f1db8d9a8a6f231c9957b157b2557c772832fd3dcaa89820bd45f6974b,ok,1,13,13,0.9802,30.0,GOAL DONE,0.2,100,,,,0.8,2026-09-22 18:55:53
107,tomato,ours_what_only,01,27,29872548,experiments_logs/analysis_recent/when_what_original_20260912/00_raw/tomato/scene_01_step50/when_what_ours_what_only_thres_0-8_rand_0-4/exp_tomato_20260922_185554_608886.txt,3abd48b16020888e4af78ccb362f678f2b1a702949ca64e9c565a9d312b40865,ok,1,6,13,1.0103,30.0,GOAL DONE,0.2,100,,,,0.8,2026-09-22 18:55:54
108,tomato,ours,01,27,29872548,experiments_logs/analysis_recent/when_what_original_20260912/00_raw/tomato/scene_01_step50/when_what_ours_thres_0-8_rand_0-4/exp_tomato_20260922_185555_763310.txt,98c02a5e64c3333ad9320a6699f7a067b06119734b2e16960a8075787885fc22,ok,1,7,13,1.0098,30.0,GOAL DONE,0.2,100,,,,0.8,2026-09-22 18:55:55
109,tomato,random,01,28,1671426344,experiments_logs/analysis_recent/when_what_original_20260912/00_raw/tomato/scene_01_step50/when_what_random_thres_0-8_rand_0-4/exp_tomato_20260922_185557_037816.txt,5ce3dcc98fde5730d4be15c1cfba4311aba9a80e62d84fa4bd0b4b5436a5ca7e,ok,1,7,14,1.1298,30.0,GOAL DONE,0.2,100,,,,0.8,2026-09-22 18:55:57
110,tomato,ours_when_only,01,28,1671426344,experiments_logs/analysis_recent/when_what_original_20260912/00_raw/tomato/scene_01_step50/when_what_ours_when_only_thres_0-8_rand_0-4/exp_tomato_20260922_185558_345902.txt,95e040fd09120d1738a7661991f7519a5c9d55bd2558b748f3a92648d10bc298,ok,1,14,14,1.1629,30.0,GOAL DONE,0.2,100,,,,0.8,2026-09-22 18:55:58
111,tomato,ours_what_only,01,28,1671426344,experiments_logs/analysis_recent/when_what_original_20260912/00_raw/tomato/scene_01_step50/when_what_ours_what_only_thres_0-8_rand_0-4/exp_tomato_20260922_185559_641138.txt,eca2b74612ca8c01830333bdd00fd2fd746c1e82bcc9efc93b46f719d1bd98b6,ok,1,7,14,1.1451,30.0,GOAL DONE,0.2,100,,,,0.8,2026-09-22 18:55:59
112,tomato,ours,01,28,1671426344,experiments_logs/analysis_recent/when_what_original_20260912/00_raw/tomato/scene_01_step50/when_what_ours_thres_0-8_rand_0-4/exp_tomato_20260922_185600_915369.txt,79f1e0066504008fa47580d393f69ce15458d47841f4ce41b672a34455607e04,ok,1,10,14,1.1325,30.0,GOAL DONE,0.2,100,,,,0.8,2026-09-22 18:56:00
113,tomato,random,01,29,1670682685,experiments_logs/analysis_recent/when_what_original_20260912/00_raw/tomato/scene_01_step50/when_what_random_thres_0-8_rand_0-4/exp_tomato_20260922_185602_207814.txt,6d18066a4a4a1d574c14b21100e09898ef0d6718254e5d7d11e198599129d8fa,ok,1,5,14,1.1455,30.0,GOAL DONE,0.2,100,,,,0.8,2026-09-22 18:56:02
114,tomato,ours_when_only,01,29,1670682685,experiments_logs/analysis_recent/when_what_original_20260912/00_raw/tomato/scene_01_step50/when_what_ours_when_only_thres_0-8_rand_0-4/exp_tomato_20260922_185603_491650.txt,011cc4be21e4a5935e30042281bd379c177ea833489d4d7123749fe0d67c0c8e,ok,1,10,14,1.1296,30.0,GOAL DONE,0.2,100,,,,0.8,2026-09-22 18:56:03
115,tomato,ours_what_only,01,29,1670682685,experiments_logs/analysis_recent/when_what_original_20260912/00_raw/tomato/scene_01_step50/when_what_ours_what_only_thres_0-8_rand_0-4/exp_tomato_20260922_185604_760330.txt,e569986af7096fb08fd276b44b681a47aaf721fdb38f7a34a3a6d2a027ab61b2,ok,1,5,14,1.1194,30.0,GOAL DONE,0.2,100,,,,0.8,2026-09-22 18:56:04
116,tomato,ours,01,29,1670682685,experiments_logs/analysis_recent/when_what_original_20260912/00_raw/tomato/scene_01_step50/when_what_ours_thres_0-8_rand_0-4/exp_tomato_20260922_185606_043089.txt,9660fd07a5ee039aceab9da5062dd9ab8658f2cd0adddc87bb4541b8e848ce52,ok,1,9,14,1.132,30.0,GOAL DONE,0.2,100,,,,0.8,2026-09-22 18:56:06
117,tomato,random,01,30,4196607210,experiments_logs/analysis_recent/when_what_original_20260912/00_raw/tomato/scene_01_step50/when_what_random_thres_0-8_rand_0-4/exp_tomato_20260922_185607_213065.txt,d90fa5d013e9098416dda5b8f29d4cd8d290d70e1342234d5121df0a5dc27b6d,ok,1,8,14,1.0229,30.0,GOAL DONE,0.2,100,,,,0.8,2026-09-22 18:56:07
118,tomato,ours_when_only,01,30,4196607210,experiments_logs/analysis_recent/when_what_original_20260912/00_raw/tomato/scene_01_step50/when_what_ours_when_only_thres_0-8_rand_0-4/exp_tomato_20260922_185608_386585.txt,ac17e887839d9f67fe37a7944af415bdd32dd45623c1eb3e5b795bbfa35205a4,ok,1,14,14,1.029,30.0,GOAL DONE,0.2,100,,,,0.8,2026-09-22 18:56:08
119,tomato,ours_what_only,01,30,4196607210,experiments_logs/analysis_recent/when_what_original_20260912/00_raw/tomato/scene_01_step50/when_what_ours_what_only_thres_0-8_rand_0-4/exp_tomato_20260922_185609_565391.txt,dbf209e925da2728cb840e678e24ae1328dc5e06c20adf05a821aa2141f4afac,ok,1,8,14,1.03,30.0,GOAL DONE,0.2,100,,,,0.8,2026-09-22 18:56:09
120,tomato,ours,01,30,4196607210,experiments_logs/analysis_recent/when_what_original_20260912/00_raw/tomato/scene_01_step50/when_what_ours_thres_0-8_rand_0-4/exp_tomato_20260922_185610_730386.txt,9d672b7920cb8e45dd3bf5a8a0fca4576ba767974b3bf43ee14fb814b0f0fd9b,ok,1,9,14,1.0217,30.0,GOAL DONE,0.2,100,,,,0.8,2026-09-22 18:56:10
121,tomato,random,01,31,780467458,experiments_logs/analysis_recent/when_what_original_20260912/00_raw/tomato/scene_01_step50/when_what_random_thres_0-8_rand_0-4/exp_tomato_20260922_185611_967948.txt,ff11e53f817a581b99045c082a2375479ee6c2cc66fae67470125be91a54ca50,ok,1,14,14,1.1206,30.0,GOAL DONE,0.2,100,,,,0.8,2026-09-22 18:56:11
122,tomato,ours_when_only,01,31,780467458,experiments_logs/analysis_recent/when_what_original_20260912/00_raw/tomato/scene_01_step50/when_what_ours_when_only_thres_0-8_rand_0-4/exp_tomato_20260922_185613_239230.txt,a9504367bf857cc7819b3ae56721d5b1c2f83c4646e385a6d766641538797813,ok,1,12,14,1.1232,30.0,GOAL DONE,0.2,100,,,,0.8,2026-09-22 18:56:13
123,tomato,ours_what_only,01,31,780467458,experiments_logs/analysis_recent/when_what_original_20260912/00_raw/tomato/scene_01_step50/when_what_ours_what_only_thres_0-8_rand_0-4/exp_tomato_20260922_185614_519905.txt,64266e55ed22897c4f279740ce29380c169960b9d3fabc16b1144db4b9db26e0,ok,1,12,14,1.1339,30.0,GOAL DONE,0.2,100,,,,0.8,2026-09-22 18:56:14
124,tomato,ours,01,31,780467458,experiments_logs/analysis_recent/when_what_original_20260912/00_raw/tomato/scene_01_step50/when_what_ours_thres_0-8_rand_0-4/exp_tomato_20260922_185615_787551.txt,6a110cdcd3a945b22f3099320c7e458db15b8ab838e0bb8fd156fb2e59a805a6,ok,1,10,14,1.1282,30.0,GOAL DONE,0.2,100,,,,0.8,2026-09-22 18:56:15
125,tomato,random,01,32,3523131613,experiments_logs/analysis_recent/when_what_original_20260912/00_raw/tomato/scene_01_step50/when_what_random_thres_0-8_rand_0-4/exp_tomato_20260922_185617_389860.txt,cfd63e69e3083d9983bb026d6698efd9b5bc8c6c705c20ab19dcf1bf4d0c05b0,ok,1,9,16,1.4629,30.0,GOAL DONE,0.2,100,,,,0.8,2026-09-22 18:56:17
126,tomato,ours_when_only,01,32,3523131613,experiments_logs/analysis_recent/when_what_original_20260912/00_raw/tomato/scene_01_step50/when_what_ours_when_only_thres_0-8_rand_0-4/exp_tomato_20260922_185619_006517.txt,274661ef2c0c32197352f0b26010d216fcba1b2fbca548afbbbd8e4924ca0e47,ok,1,11,16,1.4676,30.0,GOAL DONE,0.2,100,,,,0.8,2026-09-22 18:56:19
127,tomato,ours_what_only,01,32,3523131613,experiments_logs/analysis_recent/when_what_original_20260912/00_raw/tomato/scene_01_step50/when_what_ours_what_only_thres_0-8_rand_0-4/exp_tomato_20260922_185620_616143.txt,55d4815bb276a4753cb4764cead940ee00a8c0b1be1b177ddae2ea372b6e329a,ok,1,9,16,1.4627,30.0,GOAL DONE,0.2,100,,,,0.8,2026-09-22 18:56:20
128,tomato,ours,01,32,3523131613,experiments_logs/analysis_recent/when_what_original_20260912/00_raw/tomato/scene_01_step50/when_what_ours_thres_0-8_rand_0-4/exp_tomato_20260922_185622_248360.txt,b18bacc2d1d28ff5d99f53a652781c312b63d054043971a9b016f79a24b206c7,ok,1,10,16,1.4845,30.0,GOAL DONE,0.2,100,,,,0.8,2026-09-22 18:56:22
129,tomato,random,01,33,1342751743,experiments_logs/analysis_recent/when_what_original_20260912/00_raw/tomato/scene_01_step50/when_what_random_thres_0-8_rand_0-4/exp_tomato_20260922_185623_576373.txt,07e336ef418cede03675b4280c4a4431b4680ced89fed1e040aceff0fae427b7,ok,1,18,14,1.1762,30.0,GOAL DONE,0.2,100,,,,0.8,2026-09-22 18:56:23
130,tomato,ours_when_only,01,33,1342751743,experiments_logs/analysis_recent/when_what_original_20260912/00_raw/tomato/scene_01_step50/when_what_ours_when_only_thres_0-8_rand_0-4/exp_tomato_20260922_185624_898220.txt,21022ac5e57b2f9d97094a08f981618144d76b70af2ab3ea68c142ab3fd30969,ok,1,14,14,1.1753,30.0,GOAL DONE,0.2,100,,,,0.8,2026-09-22 18:56:24
131,tomato,ours_what_only,01,33,1342751743,experiments_logs/analysis_recent/when_what_original_20260912/00_raw/tomato/scene_01_step50/when_what_ours_what_only_thres_0-8_rand_0-4/exp_tomato_20260922_185626_222109.txt,b3a5022841fd568cc694b096e5830cef68e65b160f1fb9b3fcce106cf16ce935,ok,1,14,14,1.1726,30.0,GOAL DONE,0.2,100,,,,0.8,2026-09-22 18:56:26
132,tomato,ours,01,33,1342751743,experiments_logs/analysis_recent/when_what_original_20260912/00_raw/tomato/scene_01_step50/when_what_ours_thres_0-8_rand_0-4/exp_tomato_20260922_185627_538539.txt,21ef3f8c9c30fc85916fe40dda555d33ccdafea9617635e1b19c94b3ffb6a0a3,ok,1,10,14,1.1777,30.0,GOAL DONE,0.2,100,,,,0.8,2026-09-22 18:56:27
133,tomato,random,01,34,3245739635,experiments_logs/analysis_recent/when_what_original_20260912/00_raw/tomato/scene_01_step50/when_what_random_thres_0-8_rand_0-4/exp_tomato_20260922_185629_016710.txt,cee6012d25313b0b10753037f8595b52c764079fd491a7dd032e6f751b044c82,ok,1,5,15,1.3333,30.0,GOAL DONE,0.2,100,,,,0.8,2026-09-22 18:56:29
134,tomato,ours_when_only,01,34,3245739635,experiments_logs/analysis_recent/when_what_original_20260912/00_raw/tomato/scene_01_step50/when_what_ours_when_only_thres_0-8_rand_0-4/exp_tomato_20260922_185630_106288.txt,ed28408fa13516a651d7be5c862eb812dab5fda92dcbee0e09e0c74cedcbaf7d,ok,1,8,13,0.9427,30.0,GOAL DONE,0.2,100,,,,0.8,2026-09-22 18:56:30
135,tomato,ours_what_only,01,34,3245739635,experiments_logs/analysis_recent/when_what_original_20260912/00_raw/tomato/scene_01_step50/when_what_ours_what_only_thres_0-8_rand_0-4/exp_tomato_20260922_185637_494566.txt,f71f41f4185c8ada4e84396b21363c6ec506749752058f741af3a069b985afe0,ok,0,4,50,7.2493,-160.0,MAX STEP,0.2,100,,,,0.8,2026-09-22 18:56:37
136,tomato,ours,01,34,3245739635,experiments_logs/analysis_recent/when_what_original_20260912/00_raw/tomato/scene_01_step50/when_what_ours_thres_0-8_rand_0-4/exp_tomato_20260922_185644_847860.txt,34eac819c511c55bab63fcb6ceb30736275cc6e5fcc20cfe5bdbb91dc17aa212,ok,0,6,50,7.203,-160.0,MAX STEP,0.2,100,,,,0.8,2026-09-22 18:56:44
137,tomato,random,01,35,4114179354,experiments_logs/analysis_recent/when_what_original_20260912/00_raw/tomato/scene_01_step50/when_what_random_thres_0-8_rand_0-4/exp_tomato_20260922_185646_385227.txt,970c7434d11b88408fbf1400eecdcc9617281abf0c4c35d4c9c7d9865ef586db,ok,1,5,15,1.3898,30.0,GOAL DONE,0.2,100,,,,0.8,2026-09-22 18:56:46
138,tomato,ours_when_only,01,35,4114179354,experiments_logs/analysis_recent/when_what_original_20260912/00_raw/tomato/scene_01_step50/when_what_ours_when_only_thres_0-8_rand_0-4/exp_tomato_20260922_185647_610280.txt,36ada65829d56262a9801a3b0d791afd142554bea07a7033e574a675e7955df1,ok,1,13,14,1.0818,30.0,GOAL DONE,0.2,100,,,,0.8,2026-09-22 18:56:47
139,tomato,ours_what_only,01,35,4114179354,experiments_logs/analysis_recent/when_what_original_20260912/00_raw/tomato/scene_01_step50/when_what_ours_what_only_thres_0-8_rand_0-4/exp_tomato_20260922_185649_158231.txt,8e1dffd338c002d5427008fd9fceca219d0f10313c2bb864c88e9e641357ef4d,ok,1,5,15,1.4056,30.0,GOAL DONE,0.2,100,,,,0.8,2026-09-22 18:56:49
140,tomato,ours,01,35,4114179354,experiments_logs/analysis_recent/when_what_original_20260912/00_raw/tomato/scene_01_step50/when_what_ours_thres_0-8_rand_0-4/exp_tomato_20260922_185650_702572.txt,e838fd73860839a0c19b078d94cb16f6791bb2b7dd474902e695d829a13c8cb8,ok,1,6,15,1.4016,30.0,GOAL DONE,0.2,100,,,,0.8,2026-09-22 18:56:50
141,tomato,random,01,36,2506283141,experiments_logs/analysis_recent/when_what_original_20260912/00_raw/tomato/scene_01_step50/when_what_random_thres_0-8_rand_0-4/exp_tomato_20260922_185651_935315.txt,704a39a1cffcd0c6251e8722789bbae9b4fac2dfafc1acf87361b5df739bad6c,ok,1,9,14,1.0843,30.0,GOAL DONE,0.2,100,,,,0.8,2026-09-22 18:56:51
142,tomato,ours_when_only,01,36,2506283141,experiments_logs/analysis_recent/when_what_original_20260912/00_raw/tomato/scene_01_step50/when_what_ours_when_only_thres_0-8_rand_0-4/exp_tomato_20260922_185653_145556.txt,2d0dd169cefee21271ce8da9cef7052dd7c9c9ddd935d01d2b57b5d02aba607c,ok,1,13,14,1.0833,30.0,GOAL DONE,0.2,100,,,,0.8,2026-09-22 18:56:53
143,tomato,ours_what_only,01,36,2506283141,experiments_logs/analysis_recent/when_what_original_20260912/00_raw/tomato/scene_01_step50/when_what_ours_what_only_thres_0-8_rand_0-4/exp_tomato_20260922_185654_378333.txt,831860bf55f827eeaa4d29d1449511e27115054585aeb52ecd9d9d458d897ee3,ok,1,9,14,1.088,30.0,GOAL DONE,0.2,100,,,,0.8,2026-09-22 18:56:54
144,tomato,ours,01,36,2506283141,experiments_logs/analysis_recent/when_what_original_20260912/00_raw/tomato/scene_01_step50/when_what_ours_thres_0-8_rand_0-4/exp_tomato_20260922_185655_652929.txt,b86d4d51fdba3376ca2ca7acaeff095b91b87456d46b7abb3ea6d125628f743f,ok,1,9,14,1.1303,30.0,GOAL DONE,0.2,100,,,,0.8,2026-09-22 18:56:55
145,tomato,random,01,37,985293946,experiments_logs/analysis_recent/when_what_original_20260912/00_raw/tomato/scene_01_step50/when_what_random_thres_0-8_rand_0-4/exp_tomato_20260922_185656_939790.txt,5f4d5990ec484b88503095393e610a5c7f0142e40c02f63ccdd276eb922f7a4e,ok,1,13,14,1.1381,30.0,GOAL DONE,0.2,100,,,,0.8,2026-09-22 18:56:56
146,tomato,ours_when_only,01,37,985293946,experiments_logs/analysis_recent/when_what_original_20260912/00_raw/tomato/scene_01_step50/when_what_ours_when_only_thres_0-8_rand_0-4/exp_tomato_20260922_185658_249445.txt,ffa27663feaa0d25175adc727a186b43cfaaf790c071b5dcfbfb862af2102740,ok,1,20,14,1.1622,30.0,GOAL DONE,0.2,100,,,,0.8,2026-09-22 18:56:58
147,tomato,ours_what_only,01,37,985293946,experiments_logs/analysis_recent/when_what_original_20260912/00_raw/tomato/scene_01_step50/when_what_ours_what_only_thres_0-8_rand_0-4/exp_tomato_20260922_185659_523702.txt,e8a35c99302797a444e940da88d58929e02b1a530e3392cc531b6dc353ef33f0,ok,1,7,14,1.1362,30.0,GOAL DONE,0.2,100,,,,0.8,2026-09-22 18:56:59
148,tomato,ours,01,37,985293946,experiments_logs/analysis_recent/when_what_original_20260912/00_raw/tomato/scene_01_step50/when_what_ours_thres_0-8_rand_0-4/exp_tomato_20260922_185700_812144.txt,278471b92ff52f7524fd157359cf4f3bccb4f3b4c829d7a844764cad10fabeaa,ok,1,11,14,1.1432,30.0,GOAL DONE,0.2,100,,,,0.8,2026-09-22 18:57:00
149,tomato,random,01,38,2227324014,experiments_logs/analysis_recent/when_what_original_20260912/00_raw/tomato/scene_01_step50/when_what_random_thres_0-8_rand_0-4/exp_tomato_20260922_185701_383672.txt,46da11a46510a04b7c822d07d7747904efef35158c8247ebe91eb8624a67fb27,ok,0,2,8,0.4559,10.0,PLAN FAILURE,0.2,100,,,,0.8,2026-09-22 18:57:01
150,tomato,ours_when_only,01,38,2227324014,experiments_logs/analysis_recent/when_what_original_20260912/00_raw/tomato/scene_01_step50/when_what_ours_when_only_thres_0-8_rand_0-4/exp_tomato_20260922_185702_726502.txt,cd776b4dd200185b0fe0a3ee7faabdbdb8f1431be6adab148343bc74b7b71e4d,ok,1,11,14,1.197,30.0,GOAL DONE,0.2,100,,,,0.8,2026-09-22 18:57:02
151,tomato,ours_what_only,01,38,2227324014,experiments_logs/analysis_recent/when_what_original_20260912/00_raw/tomato/scene_01_step50/when_what_ours_what_only_thres_0-8_rand_0-4/exp_tomato_20260922_185703_323919.txt,50be9ec7b69d68845ca0a9533735f42ba76133e7800149ebf4c42a9e0768f257,ok,0,2,8,0.4517,10.0,PLAN FAILURE,0.2,100,,,,0.8,2026-09-22 18:57:03
152,tomato,ours,01,38,2227324014,experiments_logs/analysis_recent/when_what_original_20260912/00_raw/tomato/scene_01_step50/when_what_ours_thres_0-8_rand_0-4/exp_tomato_20260922_185704_647557.txt,cffd5368771c80d8bcc8d6c80b848954c8bd1e8a4bab8c15cfec710212261712,ok,1,9,14,1.1756,30.0,GOAL DONE,0.2,100,,,,0.8,2026-09-22 18:57:04
153,tomato,random,01,39,681768926,experiments_logs/analysis_recent/when_what_original_20260912/00_raw/tomato/scene_01_step50/when_what_random_thres_0-8_rand_0-4/exp_tomato_20260922_185705_937488.txt,a71698e9f2f19cdb2d5ee28f950a53ea7f75def199ab71efe38733dc3ec5f496,ok,1,7,14,1.1417,30.0,GOAL DONE,0.2,100,,,,0.8,2026-09-22 18:57:05
154,tomato,ours_when_only,01,39,681768926,experiments_logs/analysis_recent/when_what_original_20260912/00_raw/tomato/scene_01_step50/when_what_ours_when_only_thres_0-8_rand_0-4/exp_tomato_20260922_185707_245594.txt,4f0dd9c95d2bbb10e0029172e0a378a3a9463fd70eab32cd838063945a2396e6,ok,1,12,14,1.1662,30.0,GOAL DONE,0.2,100,,,,0.8,2026-09-22 18:57:07
155,tomato,ours_what_only,01,39,681768926,experiments_logs/analysis_recent/when_what_original_20260912/00_raw/tomato/scene_01_step50/when_what_ours_what_only_thres_0-8_rand_0-4/exp_tomato_20260922_185708_557091.txt,40ff2bbea92fccb9e8441da2904f5978ce3a7ab693af2c9dcf5d62643a136ce0,ok,1,7,14,1.1895,30.0,GOAL DONE,0.2,100,,,,0.8,2026-09-22 18:57:08
156,tomato,ours,01,39,681768926,experiments_logs/analysis_recent/when_what_original_20260912/00_raw/tomato/scene_01_step50/when_what_ours_thres_0-8_rand_0-4/exp_tomato_20260922_185709_852286.txt,52751dfefa0becf76a450a60fa0cdc7f0eef2c4d644460fc55d38fa4cdc1c045,ok,1,10,14,1.1493,30.0,GOAL DONE,0.2,100,,,,0.8,2026-09-22 18:57:09
157,tomato,random,01,40,497611263,experiments_logs/analysis_recent/when_what_original_20260912/00_raw/tomato/scene_01_step50/when_what_random_thres_0-8_rand_0-4/exp_tomato_20260922_185711_141309.txt,f65deba9bd2282b8ade46f029a4faedb1d0cd2bdc393c87189d2b05c5121accc,ok,1,8,14,1.1444,30.0,GOAL DONE,0.2,100,,,,0.8,2026-09-22 18:57:11
158,tomato,ours_when_only,01,40,497611263,experiments_logs/analysis_recent/when_what_original_20260912/00_raw/tomato/scene_01_step50/when_what_ours_when_only_thres_0-8_rand_0-4/exp_tomato_20260922_185712_427812.txt,e679b4637ad39d0248c507b7160c6f07c490f6655631bfa83fe7ae589178b73a,ok,1,10,14,1.1399,30.0,GOAL DONE,0.2,100,,,,0.8,2026-09-22 18:57:12
159,tomato,ours_what_only,01,40,497611263,experiments_logs/analysis_recent/when_what_original_20260912/00_raw/tomato/scene_01_step50/when_what_ours_what_only_thres_0-8_rand_0-4/exp_tomato_20260922_185713_741661.txt,d7f8c0cb1cb3be24d198f74dce84072cb5aacec41c61f556208d7f7339070b70,ok,1,7,14,1.1684,30.0,GOAL DONE,0.2,100,,,,0.8,2026-09-22 18:57:13
160,tomato,ours,01,40,497611263,experiments_logs/analysis_recent/when_what_original_20260912/00_raw/tomato/scene_01_step50/when_what_ours_thres_0-8_rand_0-4/exp_tomato_20260922_185715_112669.txt,9240ca2011a6040d3db23250b5c52525f9dc19cc03a53542f945536ce7f329db,ok,1,9,14,1.2087,30.0,GOAL DONE,0.2,100,,,,0.8,2026-09-22 18:57:15
161,tomato,random,02,1,282239643,experiments_logs/analysis_recent/when_what_original_20260912/00_raw/tomato/scene_02_step50/when_what_random_thres_0-8_rand_0-4/exp_tomato_20260922_185723_604183.txt,59b6c49008baea641e93fc3e56dad9dfc0a1fee560af41cfc448473cadc06fbb,ok,0,5,50,8.3459,-140.0,MAX STEP,0.2,100,,,,0.8,2026-09-22 18:57:23
162,tomato,ours_when_only,02,1,282239643,experiments_logs/analysis_recent/when_what_original_20260912/00_raw/tomato/scene_02_step50/when_what_ours_when_only_thres_0-8_rand_0-4/exp_tomato_20260922_185724_797467.txt,2285053011cabae38adf27eaf803fb65c39f40e7f56ed419985835946ba4ddaf,ok,1,10,14,1.0485,30.0,GOAL DONE,0.2,100,,,,0.8,2026-09-22 18:57:24
163,tomato,ours_what_only,02,1,282239643,experiments_logs/analysis_recent/when_what_original_20260912/00_raw/tomato/scene_02_step50/when_what_ours_what_only_thres_0-8_rand_0-4/exp_tomato_20260922_185733_316927.txt,956682de46d370bcea88b7dff63ced6501b6786165d7e2ef9ed857137a26f341,ok,0,5,50,8.376,-140.0,MAX STEP,0.2,100,,,,0.8,2026-09-22 18:57:33
164,tomato,ours,02,1,282239643,experiments_logs/analysis_recent/when_what_original_20260912/00_raw/tomato/scene_02_step50/when_what_ours_thres_0-8_rand_0-4/exp_tomato_20260922_185734_492461.txt,4201c885c6303e9446343b8fb469a523913d082af360bce521b3c2468c36fe8b,ok,1,8,14,1.025,30.0,GOAL DONE,0.2,100,,,,0.8,2026-09-22 18:57:34
165,tomato,random,02,2,1188926207,experiments_logs/analysis_recent/when_what_original_20260912/00_raw/tomato/scene_02_step50/when_what_random_thres_0-8_rand_0-4/exp_tomato_20260922_185738_396919.txt,acdc5e384fae3d43fce9ad32cade34a6b9296d13b3f2adc4debf8a15e2ac70af,ok,1,5,28,3.7352,-30.0,GOAL DONE,0.2,100,,,,0.8,2026-09-22 18:57:38
166,tomato,ours_when_only,02,2,1188926207,experiments_logs/analysis_recent/when_what_original_20260912/00_raw/tomato/scene_02_step50/when_what_ours_when_only_thres_0-8_rand_0-4/exp_tomato_20260922_185739_535003.txt,39c2775a2fb280503b43591f14d1011623361f6bcaeef0465e511f538ae7e31f,ok,1,13,13,0.9908,30.0,GOAL DONE,0.2,100,,,,0.8,2026-09-22 18:57:39
167,tomato,ours_what_only,02,2,1188926207,experiments_logs/analysis_recent/when_what_original_20260912/00_raw/tomato/scene_02_step50/when_what_ours_what_only_thres_0-8_rand_0-4/exp_tomato_20260922_185743_458306.txt,220f1262b12e61d61084605cb761e7ef81d020c0c8e124d77bcc4e4b82c800b2,ok,1,6,28,3.7752,-30.0,GOAL DONE,0.2,100,,,,0.8,2026-09-22 18:57:43
168,tomato,ours,02,2,1188926207,experiments_logs/analysis_recent/when_what_original_20260912/00_raw/tomato/scene_02_step50/when_what_ours_thres_0-8_rand_0-4/exp_tomato_20260922_185747_492600.txt,808db411de95ed6afc32136c90cdc066b7ad1fe978442bdf8508817e4e289b15,ok,1,10,28,3.8816,-30.0,GOAL DONE,0.2,100,,,,0.8,2026-09-22 18:57:47
169,tomato,random,02,3,958115806,experiments_logs/analysis_recent/when_what_original_20260912/00_raw/tomato/scene_02_step50/when_what_random_thres_0-8_rand_0-4/exp_tomato_20260922_185748_688395.txt,eb647d0d008bff8fbf75a0aa0d801ba7f1129f921c6f3a127c8bf809d0faf585,ok,1,8,14,1.0405,30.0,GOAL DONE,0.2,100,,,,0.8,2026-09-22 18:57:48
170,tomato,ours_when_only,02,3,958115806,experiments_logs/analysis_recent/when_what_original_20260912/00_raw/tomato/scene_02_step50/when_what_ours_when_only_thres_0-8_rand_0-4/exp_tomato_20260922_185749_822753.txt,8bb466615de0f0a2066b9e985569231a13fcbbba75028de1d986053454b683fd,ok,1,8,13,0.9891,30.0,GOAL DONE,0.2,100,,,,0.8,2026-09-22 18:57:49
171,tomato,ours_what_only,02,3,958115806,experiments_logs/analysis_recent/when_what_original_20260912/00_raw/tomato/scene_02_step50/when_what_ours_what_only_thres_0-8_rand_0-4/exp_tomato_20260922_185751_040248.txt,6366f60dff221c3f4a70108689f83cc3bff2bba6f2ba93379d548869d9db2224,ok,1,8,14,1.0684,30.0,GOAL DONE,0.2,100,,,,0.8,2026-09-22 18:57:51
172,tomato,ours,02,3,958115806,experiments_logs/analysis_recent/when_what_original_20260912/00_raw/tomato/scene_02_step50/when_what_ours_thres_0-8_rand_0-4/exp_tomato_20260922_185752_236035.txt,b5d926c26d45ebe408a6f71df5e67f551d2593cf33db1e834ee5fdfa413f2741,ok,1,7,14,1.0764,30.0,GOAL DONE,0.2,100,,,,0.8,2026-09-22 18:57:52
173,tomato,random,02,4,518127629,experiments_logs/analysis_recent/when_what_original_20260912/00_raw/tomato/scene_02_step50/when_what_random_thres_0-8_rand_0-4/exp_tomato_20260922_185753_538630.txt,fab532cf1fb1dc6a25d94202402b2f571b458580832003ecbe25d4e882bb2705,ok,1,10,14,1.1563,30.0,GOAL DONE,0.2,100,,,,0.8,2026-09-22 18:57:53
174,tomato,ours_when_only,02,4,518127629,experiments_logs/analysis_recent/when_what_original_20260912/00_raw/tomato/scene_02_step50/when_what_ours_when_only_thres_0-8_rand_0-4/exp_tomato_20260922_185754_826638.txt,8efac577d5229beddb5ba915157ff4956319b873ef5067d17bd11530619cb572,ok,1,10,14,1.1692,30.0,GOAL DONE,0.2,100,,,,0.8,2026-09-22 18:57:54
175,tomato,ours_what_only,02,4,518127629,experiments_logs/analysis_recent/when_what_original_20260912/00_raw/tomato/scene_02_step50/when_what_ours_what_only_thres_0-8_rand_0-4/exp_tomato_20260922_185756_147636.txt,3393d583206dd5d2a067d10f81906e30efa3521dd5999c781d3bbef18d495649,ok,1,10,14,1.1744,30.0,GOAL DONE,0.2,100,,,,0.8,2026-09-22 18:57:56
176,tomato,ours,02,4,518127629,experiments_logs/analysis_recent/when_what_original_20260912/00_raw/tomato/scene_02_step50/when_what_ours_thres_0-8_rand_0-4/exp_tomato_20260922_185757_475948.txt,7d685ce39adcb9c37d3a09e21200ae21402c3adba4c4dd8cab25620fd21e2344,ok,1,9,14,1.1778,30.0,GOAL DONE,0.2,100,,,,0.8,2026-09-22 18:57:57
177,tomato,random,02,5,2378756085,experiments_logs/analysis_recent/when_what_original_20260912/00_raw/tomato/scene_02_step50/when_what_random_thres_0-8_rand_0-4/exp_tomato_20260922_185757_994770.txt,2cbb87447e956cf22c13c2406a096a1baf1e3ff0b3c02196b43a83e1bab46910,ok,0,4,6,0.3657,0.0,PLAN FAILURE,0.2,100,,,,0.8,2026-09-22 18:57:57
178,tomato,ours_when_only,02,5,2378756085,experiments_logs/analysis_recent/when_what_original_20260912/00_raw/tomato/scene_02_step50/when_what_ours_when_only_thres_0-8_rand_0-4/exp_tomato_20260922_185759_194350.txt,c8cfb406e9c31184bea93b605f6cdf3b95a0be79ce15dc740139e9a2ed305476,ok,1,16,15,1.055,30.0,GOAL DONE,0.2,100,,,,0.8,2026-09-22 18:57:59
179,tomato,ours_what_only,02,5,2378756085,experiments_logs/analysis_recent/when_what_original_20260912/00_raw/tomato/scene_02_step50/when_what_ours_what_only_thres_0-8_rand_0-4/exp_tomato_20260922_185759_696215.txt,2964324a301527f7b4cd2ce9e915c3c3ee3785ab82e382727a870fc0f1926ad5,ok,0,4,6,0.359,0.0,PLAN FAILURE,0.2,100,,,,0.8,2026-09-22 18:57:59
180,tomato,ours,02,5,2378756085,experiments_logs/analysis_recent/when_what_original_20260912/00_raw/tomato/scene_02_step50/when_what_ours_thres_0-8_rand_0-4/exp_tomato_20260922_185800_910049.txt,ced052588ea227ea0091175e5533f50253280a30cd62c65473cce24ace3dd7ba,ok,1,12,15,1.0649,30.0,GOAL DONE,0.2,100,,,,0.8,2026-09-22 18:58:00
181,tomato,random,02,6,2747580403,experiments_logs/analysis_recent/when_what_original_20260912/00_raw/tomato/scene_02_step50/when_what_random_thres_0-8_rand_0-4/exp_tomato_20260922_185803_437105.txt,889a67aa7c201fb7b515dff85fb3dc09017465a205a6d2bf0b84e1e629996a6e,ok,1,5,23,2.3807,30.0,GOAL DONE,0.2,100,,,,0.8,2026-09-22 18:58:03
182,tomato,ours_when_only,02,6,2747580403,experiments_logs/analysis_recent/when_what_original_20260912/00_raw/tomato/scene_02_step50/when_what_ours_when_only_thres_0-8_rand_0-4/exp_tomato_20260922_185804_718354.txt,9934b9864a8944db83f9bb35d155ca28dc4f3ddd0897c0582625cf778875ef80,ok,1,13,14,1.1447,30.0,GOAL DONE,0.2,100,,,,0.8,2026-09-22 18:58:04
183,tomato,ours_what_only,02,6,2747580403,experiments_logs/analysis_recent/when_what_original_20260912/00_raw/tomato/scene_02_step50/when_what_ours_what_only_thres_0-8_rand_0-4/exp_tomato_20260922_185807_239388.txt,83616349b9e1ee4bdf8ce6f146b9f47de8e88630164966cb703f6f9fff07c320,ok,1,5,23,2.3664,30.0,GOAL DONE,0.2,100,,,,0.8,2026-09-22 18:58:07
184,tomato,ours,02,6,2747580403,experiments_logs/analysis_recent/when_what_original_20260912/00_raw/tomato/scene_02_step50/when_what_ours_thres_0-8_rand_0-4/exp_tomato_20260922_185808_515849.txt,6ea46789e09e70957a505580e37a6dcf9da2da4341c43f241218b5895af6277a,ok,1,12,14,1.1232,30.0,GOAL DONE,0.2,100,,,,0.8,2026-09-22 18:58:08
185,tomato,random,02,7,1759923998,experiments_logs/analysis_recent/when_what_original_20260912/00_raw/tomato/scene_02_step50/when_what_random_thres_0-8_rand_0-4/exp_tomato_20260922_185809_408286.txt,fe37514b92f985603f3f27288775d83eaefe1807d903e172c881b4958e81f7ac,ok,0,3,10,0.7359,10.0,PLAN FAILURE,0.2,100,,,,0.8,2026-09-22 18:58:09
186,tomato,ours_when_only,02,7,1759923998,experiments_logs/analysis_recent/when_what_original_20260912/00_raw/tomato/scene_02_step50/when_what_ours_when_only_thres_0-8_rand_0-4/exp_tomato_20260922_185810_514159.txt,a366e0a42cc4ff52212d09b5351129311d97e7afc1a3f5e1eb29f7d07ace78b9,ok,1,12,13,0.9568,30.0,GOAL DONE,0.2,100,,,,0.8,2026-09-22 18:58:10
187,tomato,ours_what_only,02,7,1759923998,experiments_logs/analysis_recent/when_what_original_20260912/00_raw/tomato/scene_02_step50/when_what_ours_what_only_thres_0-8_rand_0-4/exp_tomato_20260922_185811_366613.txt,7f3e373460c44c21b050d6f127486d1714264a31eef2378154ca7c578ef5c886,ok,0,3,10,0.7309,10.0,PLAN FAILURE,0.2,100,,,,0.8,2026-09-22 18:58:11
188,tomato,ours,02,7,1759923998,experiments_logs/analysis_recent/when_what_original_20260912/00_raw/tomato/scene_02_step50/when_what_ours_thres_0-8_rand_0-4/exp_tomato_20260922_185812_486307.txt,00680c28d68988c18f1cd95ac6e0e6553dc419e5f3d51ea03b49cbe695adc0a4,ok,1,11,13,0.982,30.0,GOAL DONE,0.2,100,,,,0.8,2026-09-22 18:58:12
189,tomato,random,02,8,3209161045,experiments_logs/analysis_recent/when_what_original_20260912/00_raw/tomato/scene_02_step50/when_what_random_thres_0-8_rand_0-4/exp_tomato_20260922_185813_768367.txt,5ad5cfcd2f6e00e41e3d7519c9c44ecca5e19b7e6349cd6107deae42d4b98fe4,ok,1,17,14,1.1333,30.0,GOAL DONE,0.2,100,,,,0.8,2026-09-22 18:58:13
190,tomato,ours_when_only,02,8,3209161045,experiments_logs/analysis_recent/when_what_original_20260912/00_raw/tomato/scene_02_step50/when_what_ours_when_only_thres_0-8_rand_0-4/exp_tomato_20260922_185814_999555.txt,93977685a9a1dc84493e5f88405d201a217bf4eab4662e5265ece174952c7656,ok,1,19,14,1.1092,30.0,GOAL DONE,0.2,100,,,,0.8,2026-09-22 18:58:14
191,tomato,ours_what_only,02,8,3209161045,experiments_logs/analysis_recent/when_what_original_20260912/00_raw/tomato/scene_02_step50/when_what_ours_what_only_thres_0-8_rand_0-4/exp_tomato_20260922_185816_279122.txt,ab026e87f7c945252a93ff695aafbb9a6682f5d722fd948b80f23604b227f7fa,ok,1,10,14,1.1261,30.0,GOAL DONE,0.2,100,,,,0.8,2026-09-22 18:58:16
192,tomato,ours,02,8,3209161045,experiments_logs/analysis_recent/when_what_original_20260912/00_raw/tomato/scene_02_step50/when_what_ours_thres_0-8_rand_0-4/exp_tomato_20260922_185817_606347.txt,d554f5b30c01d7bb0da796686e7a81cc447540201e9e33733299b6702b40a8c8,ok,1,11,14,1.1839,30.0,GOAL DONE,0.2,100,,,,0.8,2026-09-22 18:58:17
193,tomato,random,02,9,1624262138,experiments_logs/analysis_recent/when_what_original_20260912/00_raw/tomato/scene_02_step50/when_what_random_thres_0-8_rand_0-4/exp_tomato_20260922_185818_787486.txt,dd9cdefbeb4b5f72dd956813fff65c890fe8b6b4ae5e42728f6ef09290bf3b89,ok,1,5,13,1.0306,30.0,GOAL DONE,0.2,100,,,,0.8,2026-09-22 18:58:18
194,tomato,ours_when_only,02,9,1624262138,experiments_logs/analysis_recent/when_what_original_20260912/00_raw/tomato/scene_02_step50/when_what_ours_when_only_thres_0-8_rand_0-4/exp_tomato_20260922_185819_936549.txt,d7ef8ac389d7fdc7abfdefbc70785e0a67f0d28b5da9aa95706756c0aeb639f6,ok,1,9,13,0.9938,30.0,GOAL DONE,0.2,100,,,,0.8,2026-09-22 18:58:19
195,tomato,ours_what_only,02,9,1624262138,experiments_logs/analysis_recent/when_what_original_20260912/00_raw/tomato/scene_02_step50/when_what_ours_what_only_thres_0-8_rand_0-4/exp_tomato_20260922_185821_112807.txt,89294ab9a0a9d18641befcd3b1313ce5c8e61582bc33e446f59618986c9846e7,ok,1,5,13,1.0197,30.0,GOAL DONE,0.2,100,,,,0.8,2026-09-22 18:58:21
196,tomato,ours,02,9,1624262138,experiments_logs/analysis_recent/when_what_original_20260912/00_raw/tomato/scene_02_step50/when_what_ours_thres_0-8_rand_0-4/exp_tomato_20260922_185822_250288.txt,272322630996e34d3abef22be86dc708bd9b8ae15fcd7491e404a74a22be1240,ok,1,7,13,1.0155,30.0,GOAL DONE,0.2,100,,,,0.8,2026-09-22 18:58:22
197,tomato,random,02,10,1274813025,experiments_logs/analysis_recent/when_what_original_20260912/00_raw/tomato/scene_02_step50/when_what_random_thres_0-8_rand_0-4/exp_tomato_20260922_185824_747418.txt,6f983f7652b2006a96ff6b311959303fbad62421defed3b787fe568c9afdbd92,ok,0,7,21,2.3433,20.0,PLAN FAILURE,0.2,100,,,,0.8,2026-09-22 18:58:24
198,tomato,ours_when_only,02,10,1274813025,experiments_logs/analysis_recent/when_what_original_20260912/00_raw/tomato/scene_02_step50/when_what_ours_when_only_thres_0-8_rand_0-4/exp_tomato_20260922_185826_357038.txt,958f9bf726d2ef48e9627bf61dd7a817c3fe2bdab08dcb7228b472b2854a4313,ok,1,13,16,1.4692,30.0,GOAL DONE,0.2,100,,,,0.8,2026-09-22 18:58:26
199,tomato,ours_what_only,02,10,1274813025,experiments_logs/analysis_recent/when_what_original_20260912/00_raw/tomato/scene_02_step50/when_what_ours_what_only_thres_0-8_rand_0-4/exp_tomato_20260922_185828_828126.txt,435d8f4ebc9003b22e2b0ab8c5cfd4e85cd78bd298eddee0a3039289961bef08,ok,0,7,21,2.3262,20.0,PLAN FAILURE,0.2,100,,,,0.8,2026-09-22 18:58:28
200,tomato,ours,02,10,1274813025,experiments_logs/analysis_recent/when_what_original_20260912/00_raw/tomato/scene_02_step50/when_what_ours_thres_0-8_rand_0-4/exp_tomato_20260922_185830_483003.txt,927efa7b70cab4678f1db79a24fffa25ba384b9409e8b456e0f47f2738dca536,ok,1,11,16,1.5035,30.0,GOAL DONE,0.2,100,,,,0.8,2026-09-22 18:58:30
201,tomato,random,02,11,3133792853,experiments_logs/analysis_recent/when_what_original_20260912/00_raw/tomato/scene_02_step50/when_what_random_thres_0-8_rand_0-4/exp_tomato_20260922_185831_819333.txt,7a1d4ff7e1491c1cb33409046eab0c304b24bd8a47be0e5920b6b9869e95f896,ok,1,6,14,1.1887,30.0,GOAL DONE,0.2,100,,,,0.8,2026-09-22 18:58:31
202,tomato,ours_when_only,02,11,3133792853,experiments_logs/analysis_recent/when_what_original_20260912/00_raw/tomato/scene_02_step50/when_what_ours_when_only_thres_0-8_rand_0-4/exp_tomato_20260922_185833_136177.txt,ab9372b870b5d868314beceb6190f2443f2bbbd8ca5fc6fa998ed4413e074aaa,ok,1,15,14,1.1633,30.0,GOAL DONE,0.2,100,,,,0.8,2026-09-22 18:58:33
203,tomato,ours_what_only,02,11,3133792853,experiments_logs/analysis_recent/when_what_original_20260912/00_raw/tomato/scene_02_step50/when_what_ours_what_only_thres_0-8_rand_0-4/exp_tomato_20260922_185834_421169.txt,d4e141a87e89ab992e5b2618de066a67217b8153b9a6ca72b0ec48d14d4d7e24,ok,1,6,14,1.138,30.0,GOAL DONE,0.2,100,,,,0.8,2026-09-22 18:58:34
204,tomato,ours,02,11,3133792853,experiments_logs/analysis_recent/when_what_original_20260912/00_raw/tomato/scene_02_step50/when_what_ours_thres_0-8_rand_0-4/exp_tomato_20260922_185835_700512.txt,dba8ba3871a7d5e3d1d8bd8cef378ff2ac70402f227a9dd8a976893824f59354,ok,1,10,14,1.1615,30.0,GOAL DONE,0.2,100,,,,0.8,2026-09-22 18:58:35
205,tomato,random,02,12,570928916,experiments_logs/analysis_recent/when_what_original_20260912/00_raw/tomato/scene_02_step50/when_what_random_thres_0-8_rand_0-4/exp_tomato_20260922_185837_256592.txt,ef94332789aa7ea28bb66da66924f347dcf8639dad4ee358c978f7dbc08bdc9e,ok,1,11,15,1.4099,30.0,GOAL DONE,0.2,100,,,,0.8,2026-09-22 18:58:37
206,tomato,ours_when_only,02,12,570928916,experiments_logs/analysis_recent/when_what_original_20260912/00_raw/tomato/scene_02_step50/when_what_ours_when_only_thres_0-8_rand_0-4/exp_tomato_20260922_185838_561052.txt,6ac4e993406c8e2e8ba6f705c4fa629e6f0e5cffaaf155e6197dc8fce20a9683,ok,1,11,14,1.1597,30.0,GOAL DONE,0.2,100,,,,0.8,2026-09-22 18:58:38
207,tomato,ours_what_only,02,12,570928916,experiments_logs/analysis_recent/when_what_original_20260912/00_raw/tomato/scene_02_step50/when_what_ours_what_only_thres_0-8_rand_0-4/exp_tomato_20260922_185840_121863.txt,6c2071c66672cee3ff98727fd95093c9c6329b136df8aed2a24391af5fec418b,ok,1,10,15,1.4135,30.0,GOAL DONE,0.2,100,,,,0.8,2026-09-22 18:58:40
208,tomato,ours,02,12,570928916,experiments_logs/analysis_recent/when_what_original_20260912/00_raw/tomato/scene_02_step50/when_what_ours_thres_0-8_rand_0-4/exp_tomato_20260922_185841_396809.txt,1fdc65628a6a91a90dfc9589809d4c365e307ff6ad8b3fd684ec7ac1faf17b11,ok,1,10,14,1.1259,30.0,GOAL DONE,0.2,100,,,,0.8,2026-09-22 18:58:41
209,tomato,random,02,13,3526303372,experiments_logs/analysis_recent/when_what_original_20260912/00_raw/tomato/scene_02_step50/when_what_random_thres_0-8_rand_0-4/exp_tomato_20260922_185842_536089.txt,b6aa797c3d4d45d89869e7940d9fa9dbd107db38b64ac0b08f96b1bd5ec07068,ok,1,6,13,0.9844,30.0,GOAL DONE,0.2,100,,,,0.8,2026-09-22 18:58:42
210,tomato,ours_when_only,02,13,3526303372,experiments_logs/analysis_recent/when_what_original_20260912/00_raw/tomato/scene_02_step50/when_what_ours_when_only_thres_0-8_rand_0-4/exp_tomato_20260922_185843_668876.txt,900e32a7e31aef1c1813026d6b77628f6d140b217a8604b7464c98ee2bce138e,ok,1,14,13,0.9891,30.0,GOAL DONE,0.2,100,,,,0.8,2026-09-22 18:58:43
211,tomato,ours_what_only,02,13,3526303372,experiments_logs/analysis_recent/when_what_original_20260912/00_raw/tomato/scene_02_step50/when_what_ours_what_only_thres_0-8_rand_0-4/exp_tomato_20260922_185844_785057.txt,7ebf3dfe0266c14a2b8d79d6a780ce53cb50eee55658184046c4ee33f91adbcc,ok,1,6,13,0.9788,30.0,GOAL DONE,0.2,100,,,,0.8,2026-09-22 18:58:44
212,tomato,ours,02,13,3526303372,experiments_logs/analysis_recent/when_what_original_20260912/00_raw/tomato/scene_02_step50/when_what_ours_thres_0-8_rand_0-4/exp_tomato_20260922_185845_916307.txt,5eb49274241cbe89c7a6707da918fd4fed8bde7680c507390c703c54ff89fc5f,ok,1,7,13,0.9899,30.0,GOAL DONE,0.2,100,,,,0.8,2026-09-22 18:58:45
213,tomato,random,02,14,2369645471,experiments_logs/analysis_recent/when_what_original_20260912/00_raw/tomato/scene_02_step50/when_what_random_thres_0-8_rand_0-4/exp_tomato_20260922_185847_173713.txt,7c4ad8af6c91e2846091b0535e6a5065f2dc667999b66e27461461465a2e18ff,ok,1,7,14,1.1113,30.0,GOAL DONE,0.2,100,,,,0.8,2026-09-22 18:58:47
214,tomato,ours_when_only,02,14,2369645471,experiments_logs/analysis_recent/when_what_original_20260912/00_raw/tomato/scene_02_step50/when_what_ours_when_only_thres_0-8_rand_0-4/exp_tomato_20260922_185848_423692.txt,3a88964b51a294d8b223e4cda45b3c90747f1df3d86fbb61d428919a2126cb31,ok,1,14,14,1.1066,30.0,GOAL DONE,0.2,100,,,,0.8,2026-09-22 18:58:48
215,tomato,ours_what_only,02,14,2369645471,experiments_logs/analysis_recent/when_what_original_20260912/00_raw/tomato/scene_02_step50/when_what_ours_what_only_thres_0-8_rand_0-4/exp_tomato_20260922_185849_663699.txt,4a19de46f0666b26edadfb9d73b3d7b70d0d518aec9361c5a202b5246274abcb,ok,1,7,14,1.0955,30.0,GOAL DONE,0.2,100,,,,0.8,2026-09-22 18:58:49
216,tomato,ours,02,14,2369645471,experiments_logs/analysis_recent/when_what_original_20260912/00_raw/tomato/scene_02_step50/when_what_ours_thres_0-8_rand_0-4/exp_tomato_20260922_185850_960726.txt,56b96c897ff5d539400e0bfeddef0da144a21c522ade4cebb8cf6924615975de,ok,1,9,14,1.1564,30.0,GOAL DONE,0.2,100,,,,0.8,2026-09-22 18:58:50
217,tomato,random,02,15,93180092,experiments_logs/analysis_recent/when_what_original_20260912/00_raw/tomato/scene_02_step50/when_what_random_thres_0-8_rand_0-4/exp_tomato_20260922_185851_567124.txt,066c357eda0859c852edd14858f2814a5a4dd452ddce266764fbe708605cb008,ok,0,1,8,0.4608,10.0,PLAN FAILURE,0.2,100,,,,0.8,2026-09-22 18:58:51
218,tomato,ours_when_only,02,15,93180092,experiments_logs/analysis_recent/when_what_original_20260912/00_raw/tomato/scene_02_step50/when_what_ours_when_only_thres_0-8_rand_0-4/exp_tomato_20260922_185852_849010.txt,d9dfb5dbdc2eebdf44034fd3ec5d93b77ef0fe5188bab6e3444d253fc4394eff,ok,1,12,14,1.1393,30.0,GOAL DONE,0.2,100,,,,0.8,2026-09-22 18:58:52
219,tomato,ours_what_only,02,15,93180092,experiments_logs/analysis_recent/when_what_original_20260912/00_raw/tomato/scene_02_step50/when_what_ours_what_only_thres_0-8_rand_0-4/exp_tomato_20260922_185853_470052.txt,86c57dcea834fef34976d7f12432ea447eb409a0105843a08f7a89e4cb101317,ok,0,1,8,0.4792,10.0,PLAN FAILURE,0.2,100,,,,0.8,2026-09-22 18:58:53
220,tomato,ours,02,15,93180092,experiments_logs/analysis_recent/when_what_original_20260912/00_raw/tomato/scene_02_step50/when_what_ours_thres_0-8_rand_0-4/exp_tomato_20260922_185854_794247.txt,4fda6b940efa8438e1d81588b5578c484ae3191a563e71cef90d45e0af247a6f,ok,1,9,14,1.1676,30.0,GOAL DONE,0.2,100,,,,0.8,2026-09-22 18:58:54
221,tomato,random,02,16,498449883,experiments_logs/analysis_recent/when_what_original_20260912/00_raw/tomato/scene_02_step50/when_what_random_thres_0-8_rand_0-4/exp_tomato_20260922_185856_390828.txt,821582577f4c213f02d41287a59e598eee5426e96e3e2ab4d9111bb1f81e9116,ok,1,7,16,1.4514,30.0,GOAL DONE,0.2,100,,,,0.8,2026-09-22 18:58:56
222,tomato,ours_when_only,02,16,498449883,experiments_logs/analysis_recent/when_what_original_20260912/00_raw/tomato/scene_02_step50/when_what_ours_when_only_thres_0-8_rand_0-4/exp_tomato_20260922_185857_590291.txt,111081ba7666dc45b20748826ca0a38e53ead3fe008acf1b9bf13bcc371d6c07,ok,1,13,13,1.0526,30.0,GOAL DONE,0.2,100,,,,0.8,2026-09-22 18:58:57
223,tomato,ours_what_only,02,16,498449883,experiments_logs/analysis_recent/when_what_original_20260912/00_raw/tomato/scene_02_step50/when_what_ours_what_only_thres_0-8_rand_0-4/exp_tomato_20260922_185859_202995.txt,4e9f50c1e102f6b2bc730e1f19d7e320cfab2965b4735474bccdab51ad8a69bc,ok,1,7,16,1.4655,30.0,GOAL DONE,0.2,100,,,,0.8,2026-09-22 18:58:59
224,tomato,ours,02,16,498449883,experiments_logs/analysis_recent/when_what_original_20260912/00_raw/tomato/scene_02_step50/when_what_ours_thres_0-8_rand_0-4/exp_tomato_20260922_185900_364216.txt,e5c9c14cb889a64fc20a5084a84cadb82a5163a38099d7948500803c81757675,ok,1,11,13,1.0112,30.0,GOAL DONE,0.2,100,,,,0.8,2026-09-22 18:59:00
225,tomato,random,02,17,2811088975,experiments_logs/analysis_recent/when_what_original_20260912/00_raw/tomato/scene_02_step50/when_what_random_thres_0-8_rand_0-4/exp_tomato_20260922_185909_197258.txt,723036327df03598709bb98417bdc4e40e135b158b7a2e7960d2b0ec97abf3da,ok,0,3,50,8.6842,-165.0,MAX STEP,0.2,100,,,,0.8,2026-09-22 18:59:09
226,tomato,ours_when_only,02,17,2811088975,experiments_logs/analysis_recent/when_what_original_20260912/00_raw/tomato/scene_02_step50/when_what_ours_when_only_thres_0-8_rand_0-4/exp_tomato_20260922_185918_234343.txt,cac2167afa171df828df8eae3e23e02a0b73dce48c01937bead453428f600381,ok,0,13,50,8.891,-165.0,MAX STEP,0.2,100,,,,0.8,2026-09-22 18:59:18
227,tomato,ours_what_only,02,17,2811088975,experiments_logs/analysis_recent/when_what_original_20260912/00_raw/tomato/scene_02_step50/when_what_ours_what_only_thres_0-8_rand_0-4/exp_tomato_20260922_185927_099372.txt,378ecef7a1f9f77323ecd67a19744311fa6bcae9bab32730c6eb030bc58724ea,ok,0,3,50,8.7442,-165.0,MAX STEP,0.2,100,,,,0.8,2026-09-22 18:59:27
228,tomato,ours,02,17,2811088975,experiments_logs/analysis_recent/when_what_original_20260912/00_raw/tomato/scene_02_step50/when_what_ours_thres_0-8_rand_0-4/exp_tomato_20260922_185935_949034.txt,72348204c9b072e44c4a2353f86f17e28c40e1ee25d5d9624f2bd0e5bba4adaf,ok,0,8,50,8.7105,-165.0,MAX STEP,0.2,100,,,,0.8,2026-09-22 18:59:35
229,tomato,random,02,18,201296522,experiments_logs/analysis_recent/when_what_original_20260912/00_raw/tomato/scene_02_step50/when_what_random_thres_0-8_rand_0-4/exp_tomato_20260922_185936_434695.txt,f64e2f731c427f8db8cacbddaacf32b929f24d5e2aac1e57e752bafb9544bdfa,ok,0,2,5,0.3479,0.0,PLAN FAILURE,0.2,100,,,,0.8,2026-09-22 18:59:36
230,tomato,ours_when_only,02,18,201296522,experiments_logs/analysis_recent/when_what_original_20260912/00_raw/tomato/scene_02_step50/when_what_ours_when_only_thres_0-8_rand_0-4/exp_tomato_20260922_185937_590815.txt,4b9b541df5f0e8817f93a70a964ab38d0133b53901a46ec2752bd4de3c7f9e57,ok,1,10,13,1.008,30.0,GOAL DONE,0.2,100,,,,0.8,2026-09-22 18:59:37
231,tomato,ours_what_only,02,18,201296522,experiments_logs/analysis_recent/when_what_original_20260912/00_raw/tomato/scene_02_step50/when_what_ours_what_only_thres_0-8_rand_0-4/exp_tomato_20260922_185938_067563.txt,fb183edc920126ac7d0202eb0fb6d2b385df15df651f98c0c6125f930a5d8f34,ok,0,2,5,0.3266,0.0,PLAN FAILURE,0.2,100,,,,0.8,2026-09-22 18:59:38
232,tomato,ours,02,18,201296522,experiments_logs/analysis_recent/when_what_original_20260912/00_raw/tomato/scene_02_step50/when_what_ours_thres_0-8_rand_0-4/exp_tomato_20260922_185939_217448.txt,dd6ae3c737df68a08400477ff15837e54ee934e6b3076b59d58dc8e9b8e85cda,ok,1,7,13,1.0053,30.0,GOAL DONE,0.2,100,,,,0.8,2026-09-22 18:59:39
233,tomato,random,02,19,569298550,experiments_logs/analysis_recent/when_what_original_20260912/00_raw/tomato/scene_02_step50/when_what_random_thres_0-8_rand_0-4/exp_tomato_20260922_185940_465911.txt,702aec8466c054212b3592ad1370955e8fb80ac9de6e7a6217530334ec76c7e3,ok,0,10,14,1.1112,20.0,PLAN FAILURE,0.2,100,,,,0.8,2026-09-22 18:59:40
234,tomato,ours_when_only,02,19,569298550,experiments_logs/analysis_recent/when_what_original_20260912/00_raw/tomato/scene_02_step50/when_what_ours_when_only_thres_0-8_rand_0-4/exp_tomato_20260922_185941_706742.txt,685ce68dd246bdb0fc5f3d526b0dc8ce965b91db7cc096306bc9274990e78695,ok,1,19,14,1.0934,30.0,GOAL DONE,0.2,100,,,,0.8,2026-09-22 18:59:41
235,tomato,ours_what_only,02,19,569298550,experiments_logs/analysis_recent/when_what_original_20260912/00_raw/tomato/scene_02_step50/when_what_ours_what_only_thres_0-8_rand_0-4/exp_tomato_20260922_185942_993098.txt,48e99d62350c392a4ccad7f474396c0c9049ffe0ef6d9336478666ee865f067d,ok,1,5,14,1.1434,30.0,GOAL DONE,0.2,100,,,,0.8,2026-09-22 18:59:42
236,tomato,ours,02,19,569298550,experiments_logs/analysis_recent/when_what_original_20260912/00_raw/tomato/scene_02_step50/when_what_ours_thres_0-8_rand_0-4/exp_tomato_20260922_185944_356960.txt,7f68d828a97dfab331ff7f5ad8881affddd51a4e291e221b1b9c7d8f8beaf4c3,ok,1,11,14,1.2247,30.0,GOAL DONE,0.2,100,,,,0.8,2026-09-22 18:59:44
237,tomato,random,02,20,3307630596,experiments_logs/analysis_recent/when_what_original_20260912/00_raw/tomato/scene_02_step50/when_what_random_thres_0-8_rand_0-4/exp_tomato_20260922_185948_511118.txt,c51286b6a605dd541ebecf090a8bd2fe8a89c024f860c96a07171a1236f49927,ok,0,2,29,4.0029,-45.0,PLAN FAILURE,0.2,100,,,,0.8,2026-09-22 18:59:48
238,tomato,ours_when_only,02,20,3307630596,experiments_logs/analysis_recent/when_what_original_20260912/00_raw/tomato/scene_02_step50/when_what_ours_when_only_thres_0-8_rand_0-4/exp_tomato_20260922_185952_596146.txt,cfd6025f3dd2f42f5300cceb64cf318a6f061f5eb1ea6ba04101d8d06a7f795e,ok,1,9,29,3.9369,-35.0,GOAL DONE,0.2,100,,,,0.8,2026-09-22 18:59:52
239,tomato,ours_what_only,02,20,3307630596,experiments_logs/analysis_recent/when_what_original_20260912/00_raw/tomato/scene_02_step50/when_what_ours_what_only_thres_0-8_rand_0-4/exp_tomato_20260922_185956_633475.txt,fd0888996ef05ff81591f5551409c1392b818329fd30605ca7882479e248b2f2,ok,0,2,29,3.8889,-45.0,PLAN FAILURE,0.2,100,,,,0.8,2026-09-22 18:59:56
240,tomato,ours,02,20,3307630596,experiments_logs/analysis_recent/when_what_original_20260912/00_raw/tomato/scene_02_step50/when_what_ours_thres_0-8_rand_0-4/exp_tomato_20260922_190000_769145.txt,0ad9eeba571f7c74849bae33eca82b317c64988450ae1f67cfcc19630bd4bdc6,ok,1,9,29,3.9903,-35.0,GOAL DONE,0.2,100,,,,0.8,2026-09-22 19:00:00
241,tomato,random,02,21,1669159823,experiments_logs/analysis_recent/when_what_original_20260912/00_raw/tomato/scene_02_step50/when_what_random_thres_0-8_rand_0-4/exp_tomato_20260922_190001_905978.txt,6ced85660cb09e6a3f1352e93fb1018b7278fd0d30d432a50276d186df6a0c9a,ok,1,16,13,0.991,30.0,GOAL DONE,0.2,100,,,,0.8,2026-09-22 19:00:01
242,tomato,ours_when_only,02,21,1669159823,experiments_logs/analysis_recent/when_what_original_20260912/00_raw/tomato/scene_02_step50/when_what_ours_when_only_thres_0-8_rand_0-4/exp_tomato_20260922_190003_077449.txt,a7bf485e0eb673c9214a71b0f13f2d75471a72966f8c91fa4ffa873f8279eecb,ok,1,12,13,1.0287,30.0,GOAL DONE,0.2,100,,,,0.8,2026-09-22 19:00:03
243,tomato,ours_what_only,02,21,1669159823,experiments_logs/analysis_recent/when_what_original_20260912/00_raw/tomato/scene_02_step50/when_what_ours_what_only_thres_0-8_rand_0-4/exp_tomato_20260922_190004_209164.txt,258093595a417b75f2909f8a2d4cbe1dc931e43a2301069e774d65b09f56bfbd,ok,1,11,13,0.9892,30.0,GOAL DONE,0.2,100,,,,0.8,2026-09-22 19:00:04
244,tomato,ours,02,21,1669159823,experiments_logs/analysis_recent/when_what_original_20260912/00_raw/tomato/scene_02_step50/when_what_ours_thres_0-8_rand_0-4/exp_tomato_20260922_190005_335634.txt,30c759aae776f3e3a497fec440c4b73c51cd0c3b1d0fe353e60b4f413ec22b99,ok,1,7,13,0.9848,30.0,GOAL DONE,0.2,100,,,,0.8,2026-09-22 19:00:05
245,tomato,random,02,22,1948822790,experiments_logs/analysis_recent/when_what_original_20260912/00_raw/tomato/scene_02_step50/when_what_random_thres_0-8_rand_0-4/exp_tomato_20260922_190011_678496.txt,9b976c5d45442975a9d4162cfa9bf72e1c5404e35c8386a4dc4fef23761543e6,ok,1,12,41,6.201,-90.0,GOAL DONE,0.2,100,,,,0.8,2026-09-22 19:00:11
246,tomato,ours_when_only,02,22,1948822790,experiments_logs/analysis_recent/when_what_original_20260912/00_raw/tomato/scene_02_step50/when_what_ours_when_only_thres_0-8_rand_0-4/exp_tomato_20260922_190018_070880.txt,ce4654124e1a70913305627400449779721ea042a36240ce847b5c5be8a190b2,ok,1,12,41,6.2444,-90.0,GOAL DONE,0.2,100,,,,0.8,2026-09-22 19:00:18
247,tomato,ours_what_only,02,22,1948822790,experiments_logs/analysis_recent/when_what_original_20260912/00_raw/tomato/scene_02_step50/when_what_ours_what_only_thres_0-8_rand_0-4/exp_tomato_20260922_190024_551181.txt,8f60e21064b797d6943f3205a145a708dc524efc3b747cca55b53e044e180866,ok,1,10,41,6.3281,-90.0,GOAL DONE,0.2,100,,,,0.8,2026-09-22 19:00:24
248,tomato,ours,02,22,1948822790,experiments_logs/analysis_recent/when_what_original_20260912/00_raw/tomato/scene_02_step50/when_what_ours_thres_0-8_rand_0-4/exp_tomato_20260922_190030_873800.txt,fadeac8f39ba1b29bdaa3677f957c28dcba058bb13cc83a18e7fc0c50450e064,ok,1,10,41,6.1765,-90.0,GOAL DONE,0.2,100,,,,0.8,2026-09-22 19:00:30
249,tomato,random,02,23,2466769226,experiments_logs/analysis_recent/when_what_original_20260912/00_raw/tomato/scene_02_step50/when_what_random_thres_0-8_rand_0-4/exp_tomato_20260922_190032_386267.txt,f320eca9c3edd9ec03a6c656c7b6e556c0c3f60d27a6a55b93a463f5d7791b5d,ok,1,9,15,1.3634,30.0,GOAL DONE,0.2,100,,,,0.8,2026-09-22 19:00:32
250,tomato,ours_when_only,02,23,2466769226,experiments_logs/analysis_recent/when_what_original_20260912/00_raw/tomato/scene_02_step50/when_what_ours_when_only_thres_0-8_rand_0-4/exp_tomato_20260922_190033_810824.txt,54a975561422209628ba9ac4431401e8ef32bd33d7daefbb45814430bd224d85,ok,1,15,16,1.2719,30.0,GOAL DONE,0.2,100,,,,0.8,2026-09-22 19:00:33
251,tomato,ours_what_only,02,23,2466769226,experiments_logs/analysis_recent/when_what_original_20260912/00_raw/tomato/scene_02_step50/when_what_ours_what_only_thres_0-8_rand_0-4/exp_tomato_20260922_190035_327430.txt,2133233cfb5271c9bfe522cefd97df62a515bfdf166af1d96e895de317b46e36,ok,1,9,15,1.3702,30.0,GOAL DONE,0.2,100,,,,0.8,2026-09-22 19:00:35
252,tomato,ours,02,23,2466769226,experiments_logs/analysis_recent/when_what_original_20260912/00_raw/tomato/scene_02_step50/when_what_ours_thres_0-8_rand_0-4/exp_tomato_20260922_190036_739181.txt,c74b20ca09e68ea3be14b87e2bfb198a743a9de924a53da405dd7cae8ec71da6,ok,1,12,16,1.2605,30.0,GOAL DONE,0.2,100,,,,0.8,2026-09-22 19:00:36
253,tomato,random,02,24,1270024695,experiments_logs/analysis_recent/when_what_original_20260912/00_raw/tomato/scene_02_step50/when_what_random_thres_0-8_rand_0-4/exp_tomato_20260922_190037_859192.txt,2f5b59eb7b3bd8fdd1a6da29855e0577de0291af36bf08cf60c61e9363b0596d,ok,1,3,13,1.0002,30.0,GOAL DONE,0.2,100,,,,0.8,2026-09-22 19:00:37
254,tomato,ours_when_only,02,24,1270024695,experiments_logs/analysis_recent/when_what_original_20260912/00_raw/tomato/scene_02_step50/when_what_ours_when_only_thres_0-8_rand_0-4/exp_tomato_20260922_190038_979780.txt,42e45cf7fb166caa6bf1fe3eac57db02958c65c15731457c446c95c31f8f6fe8,ok,1,12,13,0.9815,30.0,GOAL DONE,0.2,100,,,,0.8,2026-09-22 19:00:38
255,tomato,ours_what_only,02,24,1270024695,experiments_logs/analysis_recent/when_what_original_20260912/00_raw/tomato/scene_02_step50/when_what_ours_what_only_thres_0-8_rand_0-4/exp_tomato_20260922_190040_124472.txt,25370852656730a781c48e779d4370f0e6969ff67100b14d0b74e48f1f5c31af,ok,1,3,13,0.9938,30.0,GOAL DONE,0.2,100,,,,0.8,2026-09-22 19:00:40
256,tomato,ours,02,24,1270024695,experiments_logs/analysis_recent/when_what_original_20260912/00_raw/tomato/scene_02_step50/when_what_ours_thres_0-8_rand_0-4/exp_tomato_20260922_190041_253161.txt,fc89a7476f9c47aba1610c869d2dcb4903a44e643b8b947233b95517a852120b,ok,1,7,13,0.9837,30.0,GOAL DONE,0.2,100,,,,0.8,2026-09-22 19:00:41
257,tomato,random,02,25,3163421415,experiments_logs/analysis_recent/when_what_original_20260912/00_raw/tomato/scene_02_step50/when_what_random_thres_0-8_rand_0-4/exp_tomato_20260922_190042_517907.txt,0bf1e6463b56a875ce2950b789a8dfb39750a964a833fcb63d2b8b283b5a6db4,ok,1,5,14,1.1127,30.0,GOAL DONE,0.2,100,,,,0.8,2026-09-22 19:00:42
258,tomato,ours_when_only,02,25,3163421415,experiments_logs/analysis_recent/when_what_original_20260912/00_raw/tomato/scene_02_step50/when_what_ours_when_only_thres_0-8_rand_0-4/exp_tomato_20260922_190043_829198.txt,ae9d5a9934efac4730fe1f5eff62927fc2a921aea81c9f74f8a6699efd276326,ok,1,19,14,1.1661,30.0,GOAL DONE,0.2,100,,,,0.8,2026-09-22 19:00:43
259,tomato,ours_what_only,02,25,3163421415,experiments_logs/analysis_recent/when_what_original_20260912/00_raw/tomato/scene_02_step50/when_what_ours_what_only_thres_0-8_rand_0-4/exp_tomato_20260922_190045_054293.txt,535d482cc7d94a501a0e681d34a5d4d1f87527da3ba5c117249faec35e119134,ok,1,4,14,1.1027,30.0,GOAL DONE,0.2,100,,,,0.8,2026-09-22 19:00:45
260,tomato,ours,02,25,3163421415,experiments_logs/analysis_recent/when_what_original_20260912/00_raw/tomato/scene_02_step50/when_what_ours_thres_0-8_rand_0-4/exp_tomato_20260922_190046_319178.txt,c3dddac7c94c82c5930d3034b2cf66023fdcb69fbab2b5689e1cf28faff83ee0,ok,1,7,14,1.1441,30.0,GOAL DONE,0.2,100,,,,0.8,2026-09-22 19:00:46
261,tomato,random,02,26,2221780279,experiments_logs/analysis_recent/when_what_original_20260912/00_raw/tomato/scene_02_step50/when_what_random_thres_0-8_rand_0-4/exp_tomato_20260922_190054_508253.txt,92ce29b0d6d55bd05ffee2fb26c50b7ed5c7b97f9bc9d74e68afceb015db1451,ok,0,8,50,8.0427,-140.0,MAX STEP,0.2,100,,,,0.8,2026-09-22 19:00:54
262,tomato,ours_when_only,02,26,2221780279,experiments_logs/analysis_recent/when_what_original_20260912/00_raw/tomato/scene_02_step50/when_what_ours_when_only_thres_0-8_rand_0-4/exp_tomato_20260922_190055_695049.txt,5e054c5fade885a6a8d47e480c48b0727ac0823471f76e2a45b2e80a3c2f33b6,ok,1,11,14,1.0399,30.0,GOAL DONE,0.2,100,,,,0.8,2026-09-22 19:00:55
263,tomato,ours_what_only,02,26,2221780279,experiments_logs/analysis_recent/when_what_original_20260912/00_raw/tomato/scene_02_step50/when_what_ours_what_only_thres_0-8_rand_0-4/exp_tomato_20260922_190103_899413.txt,f2fbd21d394cc387067849e8ee79bd5e3d08824e5f99eadaba2db9122bf1aa32,ok,0,7,50,8.0643,-140.0,MAX STEP,0.2,100,,,,0.8,2026-09-22 19:01:03
264,tomato,ours,02,26,2221780279,experiments_logs/analysis_recent/when_what_original_20260912/00_raw/tomato/scene_02_step50/when_what_ours_thres_0-8_rand_0-4/exp_tomato_20260922_190105_118044.txt,1eb53f84e61e0330cb941e1c3a9b66ead29b1011aff4b775819e36c6655e234f,ok,1,8,14,1.0701,30.0,GOAL DONE,0.2,100,,,,0.8,2026-09-22 19:01:05
265,tomato,random,02,27,2552658842,experiments_logs/analysis_recent/when_what_original_20260912/00_raw/tomato/scene_02_step50/when_what_random_thres_0-8_rand_0-4/exp_tomato_20260922_190106_477019.txt,973f4b5aabbbe24e8dd74f36aa769c121a8f34e0ad224ec0982abc6363af08cd,ok,1,15,14,1.2048,30.0,GOAL DONE,0.2,100,,,,0.8,2026-09-22 19:01:06
266,tomato,ours_when_only,02,27,2552658842,experiments_logs/analysis_recent/when_what_original_20260912/00_raw/tomato/scene_02_step50/when_what_ours_when_only_thres_0-8_rand_0-4/exp_tomato_20260922_190107_768740.txt,b59985a820cfb4705cc18c89ea2f16bdef9799ba2a3d0eb1816fbdf5230c1773,ok,1,16,14,1.1428,30.0,GOAL DONE,0.2,100,,,,0.8,2026-09-22 19:01:07
267,tomato,ours_what_only,02,27,2552658842,experiments_logs/analysis_recent/when_what_original_20260912/00_raw/tomato/scene_02_step50/when_what_ours_what_only_thres_0-8_rand_0-4/exp_tomato_20260922_190109_096238.txt,f2d15b493fc228a2dcc08ff5b3b05987e3a597e7fc03095c9ac203a79c73b972,ok,1,13,14,1.182,30.0,GOAL DONE,0.2,100,,,,0.8,2026-09-22 19:01:09
268,tomato,ours,02,27,2552658842,experiments_logs/analysis_recent/when_what_original_20260912/00_raw/tomato/scene_02_step50/when_what_ours_thres_0-8_rand_0-4/exp_tomato_20260922_190110_415123.txt,2067d8139d2851d78c99470315afa1ce41372946c9805abdff05e3b0dc36b95b,ok,1,9,14,1.1774,30.0,GOAL DONE,0.2,100,,,,0.8,2026-09-22 19:01:10
269,tomato,random,02,28,2732545871,experiments_logs/analysis_recent/when_what_original_20260912/00_raw/tomato/scene_02_step50/when_what_random_thres_0-8_rand_0-4/exp_tomato_20260922_190111_578646.txt,98846737192391f0c53a091621155ec4f8d6c3a5d1973db2b905e62c603da133,ok,1,13,13,1.0163,30.0,GOAL DONE,0.2,100,,,,0.8,2026-09-22 19:01:11
270,tomato,ours_when_only,02,28,2732545871,experiments_logs/analysis_recent/when_what_original_20260912/00_raw/tomato/scene_02_step50/when_what_ours_when_only_thres_0-8_rand_0-4/exp_tomato_20260922_190112_714928.txt,b377ddd7d697b037a6fa6aba03a038537b14a816006968ae1ee6e332811dcdda,ok,1,10,13,0.9925,30.0,GOAL DONE,0.2,100,,,,0.8,2026-09-22 19:01:12
271,tomato,ours_what_only,02,28,2732545871,experiments_logs/analysis_recent/when_what_original_20260912/00_raw/tomato/scene_02_step50/when_what_ours_what_only_thres_0-8_rand_0-4/exp_tomato_20260922_190113_861934.txt,2db2fa70702aee255568f826ff7dc7ec4223fae6920baaa8d12f71bff887ecdc,ok,1,9,13,1.0025,30.0,GOAL DONE,0.2,100,,,,0.8,2026-09-22 19:01:13
272,tomato,ours,02,28,2732545871,experiments_logs/analysis_recent/when_what_original_20260912/00_raw/tomato/scene_02_step50/when_what_ours_thres_0-8_rand_0-4/exp_tomato_20260922_190115_008959.txt,e40cb6de132ecdcb9ef1b91a562b5bfde7a4ebcb980c57f1afd060460abd161b,ok,1,7,13,0.9884,30.0,GOAL DONE,0.2,100,,,,0.8,2026-09-22 19:01:15
273,tomato,random,02,29,3674034623,experiments_logs/analysis_recent/when_what_original_20260912/00_raw/tomato/scene_02_step50/when_what_random_thres_0-8_rand_0-4/exp_tomato_20260922_190116_149581.txt,7fe68103fee48e2997ef10b0e9e27c968985bff2f42db2215af7bbe98c228388,ok,1,6,13,1.0015,30.0,GOAL DONE,0.2,100,,,,0.8,2026-09-22 19:01:16
274,tomato,ours_when_only,02,29,3674034623,experiments_logs/analysis_recent/when_what_original_20260912/00_raw/tomato/scene_02_step50/when_what_ours_when_only_thres_0-8_rand_0-4/exp_tomato_20260922_190117_277194.txt,aad75370fb5c6dc5860b68adb0704d674bb83c2fadcb6820f5808c08ee5f3f30,ok,1,11,13,1.0064,30.0,GOAL DONE,0.2,100,,,,0.8,2026-09-22 19:01:17
275,tomato,ours_what_only,02,29,3674034623,experiments_logs/analysis_recent/when_what_original_20260912/00_raw/tomato/scene_02_step50/when_what_ours_what_only_thres_0-8_rand_0-4/exp_tomato_20260922_190118_423311.txt,e161dd0a38bf952932fde98282347cb5f76874e10d8547d85297a060815418ba,ok,1,6,13,0.9961,30.0,GOAL DONE,0.2,100,,,,0.8,2026-09-22 19:01:18
276,tomato,ours,02,29,3674034623,experiments_logs/analysis_recent/when_what_original_20260912/00_raw/tomato/scene_02_step50/when_what_ours_thres_0-8_rand_0-4/exp_tomato_20260922_190119_576445.txt,e44066027a8283a8c56d6ebf383fd4b91a928fd311a5b2176ae9eb6cbdfb874a,ok,1,7,13,1.0078,30.0,GOAL DONE,0.2,100,,,,0.8,2026-09-22 19:01:19
277,tomato,random,02,30,2164186838,experiments_logs/analysis_recent/when_what_original_20260912/00_raw/tomato/scene_02_step50/when_what_random_thres_0-8_rand_0-4/exp_tomato_20260922_190120_810864.txt,36efa3b8fc315f70e890277ced35b65b033d9ae2ec61ce1e22ac1d80e9252e70,ok,1,10,14,1.0917,30.0,GOAL DONE,0.2,100,,,,0.8,2026-09-22 19:01:20
278,tomato,ours_when_only,02,30,2164186838,experiments_logs/analysis_recent/when_what_original_20260912/00_raw/tomato/scene_02_step50/when_what_ours_when_only_thres_0-8_rand_0-4/exp_tomato_20260922_190122_053209.txt,f5f794a1488f504ecd92a9618996eb2b81d5e1307ecbc33d5bdbe52ef431690a,ok,1,15,14,1.0962,30.0,GOAL DONE,0.2,100,,,,0.8,2026-09-22 19:01:22
279,tomato,ours_what_only,02,30,2164186838,experiments_logs/analysis_recent/when_what_original_20260912/00_raw/tomato/scene_02_step50/when_what_ours_what_only_thres_0-8_rand_0-4/exp_tomato_20260922_190123_312397.txt,5913a42413afc9d2d652627dea387c50b29a4c0b949450d0e0fcfcafff269ec3,ok,1,10,14,1.1144,30.0,GOAL DONE,0.2,100,,,,0.8,2026-09-22 19:01:23
280,tomato,ours,02,30,2164186838,experiments_logs/analysis_recent/when_what_original_20260912/00_raw/tomato/scene_02_step50/when_what_ours_thres_0-8_rand_0-4/exp_tomato_20260922_190124_566736.txt,b9e0b016faf455b0857d0cd7bf6b73fc3ca33c379ce283cb391d07434aef72dd,ok,1,12,14,1.1048,30.0,GOAL DONE,0.2,100,,,,0.8,2026-09-22 19:01:24
281,tomato,random,02,31,3993094514,experiments_logs/analysis_recent/when_what_original_20260912/00_raw/tomato/scene_02_step50/when_what_random_thres_0-8_rand_0-4/exp_tomato_20260922_190125_026282.txt,948f7cb832929dfd97ef1f90a6334eb02832a85cc7665e98a15870f6f7ada726,ok,0,1,5,0.3323,0.0,PLAN FAILURE,0.2,100,,,,0.8,2026-09-22 19:01:25
282,tomato,ours_when_only,02,31,3993094514,experiments_logs/analysis_recent/when_what_original_20260912/00_raw/tomato/scene_02_step50/when_what_ours_when_only_thres_0-8_rand_0-4/exp_tomato_20260922_190126_173750.txt,cd3a4d227584a91241709d4672da417fcaf03eab5bf7dd223153c766c488da0e,ok,1,12,13,0.999,30.0,GOAL DONE,0.2,100,,,,0.8,2026-09-22 19:01:26
283,tomato,ours_what_only,02,31,3993094514,experiments_logs/analysis_recent/when_what_original_20260912/00_raw/tomato/scene_02_step50/when_what_ours_what_only_thres_0-8_rand_0-4/exp_tomato_20260922_190126_631204.txt,069085e014d32e826abd11ada0101f3da24d5ea5c3e62fc353a663f90831b0de,ok,0,1,5,0.3193,0.0,PLAN FAILURE,0.2,100,,,,0.8,2026-09-22 19:01:26
284,tomato,ours,02,31,3993094514,experiments_logs/analysis_recent/when_what_original_20260912/00_raw/tomato/scene_02_step50/when_what_ours_thres_0-8_rand_0-4/exp_tomato_20260922_190127_785688.txt,1af212092d53a7e4883c2af015f2e1f0897a468736647879d7d01cbc31df6fc5,ok,1,9,13,1.0047,30.0,GOAL DONE,0.2,100,,,,0.8,2026-09-22 19:01:27
285,tomato,random,02,32,4138692170,experiments_logs/analysis_recent/when_what_original_20260912/00_raw/tomato/scene_02_step50/when_what_random_thres_0-8_rand_0-4/exp_tomato_20260922_190128_265763.txt,450f85334af1faf9ac1be8f6077187a42bcb69d1fee6906e2cc406741269b1ef,ok,0,6,5,0.3342,0.0,PLAN FAILURE,0.2,100,,,,0.8,2026-09-22 19:01:28
286,tomato,ours_when_only,02,32,4138692170,experiments_logs/analysis_recent/when_what_original_20260912/00_raw/tomato/scene_02_step50/when_what_ours_when_only_thres_0-8_rand_0-4/exp_tomato_20260922_190129_428164.txt,8ce5983c7b1c966677124cd69294b7f9f89977834894fbffa1fda6810a642ada,ok,1,8,13,1.0129,30.0,GOAL DONE,0.2,100,,,,0.8,2026-09-22 19:01:29
287,tomato,ours_what_only,02,32,4138692170,experiments_logs/analysis_recent/when_what_original_20260912/00_raw/tomato/scene_02_step50/when_what_ours_what_only_thres_0-8_rand_0-4/exp_tomato_20260922_190129_887934.txt,c621c86a886dc7f23fced7ba7b57460467118e95ef8fa1c369278ac8a4399db4,ok,0,4,5,0.3386,0.0,PLAN FAILURE,0.2,100,,,,0.8,2026-09-22 19:01:29
288,tomato,ours,02,32,4138692170,experiments_logs/analysis_recent/when_what_original_20260912/00_raw/tomato/scene_02_step50/when_what_ours_thres_0-8_rand_0-4/exp_tomato_20260922_190131_032199.txt,0437bf6d41de2026f0ca375ecfc013c581f2352eee9d7d38c65efdde1a6de506,ok,1,7,13,0.9948,30.0,GOAL DONE,0.2,100,,,,0.8,2026-09-22 19:01:31
289,tomato,random,02,33,3132029831,experiments_logs/analysis_recent/when_what_original_20260912/00_raw/tomato/scene_02_step50/when_what_random_thres_0-8_rand_0-4/exp_tomato_20260922_190132_282228.txt,18a7380fac2cadcfa4cfde5b2488f9929a9c841b5bc9a1e3341d204c50fc1b97,ok,0,9,12,1.1068,10.0,PLAN FAILURE,0.2,100,,,,0.8,2026-09-22 19:01:32
290,tomato,ours_when_only,02,33,3132029831,experiments_logs/analysis_recent/when_what_original_20260912/00_raw/tomato/scene_02_step50/when_what_ours_when_only_thres_0-8_rand_0-4/exp_tomato_20260922_190133_413648.txt,46546809735161b41f52c24885dd708d763627a2d08de06de089d54c342bb425,ok,1,12,13,0.9863,30.0,GOAL DONE,0.2,100,,,,0.8,2026-09-22 19:01:33
291,tomato,ours_what_only,02,33,3132029831,experiments_logs/analysis_recent/when_what_original_20260912/00_raw/tomato/scene_02_step50/when_what_ours_what_only_thres_0-8_rand_0-4/exp_tomato_20260922_190134_687330.txt,b99e07640407380d86627d6a74a830d4042c0094cee33a24af3af6707f824558,ok,0,8,12,1.1276,10.0,PLAN FAILURE,0.2,100,,,,0.8,2026-09-22 19:01:34
292,tomato,ours,02,33,3132029831,experiments_logs/analysis_recent/when_what_original_20260912/00_raw/tomato/scene_02_step50/when_what_ours_thres_0-8_rand_0-4/exp_tomato_20260922_190136_484719.txt,47da7342d17387796ebf4b4cadfade794bb67df72bd2f39d29df02799a15f78a,ok,1,13,17,1.6482,30.0,GOAL DONE,0.2,100,,,,0.8,2026-09-22 19:01:36
293,tomato,random,02,34,1745857888,experiments_logs/analysis_recent/when_what_original_20260912/00_raw/tomato/scene_02_step50/when_what_random_thres_0-8_rand_0-4/exp_tomato_20260922_190137_129823.txt,bfe3447013d9273747a1f5decd7ecd5fd8a888e73efdc530c8d2b7d53b197eea,ok,0,9,8,0.4919,10.0,PLAN FAILURE,0.2,100,,,,0.8,2026-09-22 19:01:37
294,tomato,ours_when_only,02,34,1745857888,experiments_logs/analysis_recent/when_what_original_20260912/00_raw/tomato/scene_02_step50/when_what_ours_when_only_thres_0-8_rand_0-4/exp_tomato_20260922_190138_423982.txt,4b3d905cc82a4352647db4ba2a84f59a28ac48f78faac62550b8be6ac8d2d2fe,ok,1,13,14,1.1505,30.0,GOAL DONE,0.2,100,,,,0.8,2026-09-22 19:01:38
295,tomato,ours_what_only,02,34,1745857888,experiments_logs/analysis_recent/when_what_original_20260912/00_raw/tomato/scene_02_step50/when_what_ours_what_only_thres_0-8_rand_0-4/exp_tomato_20260922_190139_081722.txt,5f01848dfdd4728f9979952deae17097e3a95649789651f15074cc06a4f2759d,ok,0,6,8,0.514,10.0,PLAN FAILURE,0.2,100,,,,0.8,2026-09-22 19:01:39
296,tomato,ours,02,34,1745857888,experiments_logs/analysis_recent/when_what_original_20260912/00_raw/tomato/scene_02_step50/when_what_ours_thres_0-8_rand_0-4/exp_tomato_20260922_190140_411930.txt,edf88938b4eb4cb53cdb2b3df77b068710097502156ef49b1f514be89573c063,ok,1,9,14,1.1785,30.0,GOAL DONE,0.2,100,,,,0.8,2026-09-22 19:01:40
297,tomato,random,02,35,1088248331,experiments_logs/analysis_recent/when_what_original_20260912/00_raw/tomato/scene_02_step50/when_what_random_thres_0-8_rand_0-4/exp_tomato_20260922_190140_894387.txt,b937e40961520d84f603a591e4e86b9aae795893ddab4c56c12c71b013eb7323,ok,0,2,5,0.3414,0.0,PLAN FAILURE,0.2,100,,,,0.8,2026-09-22 19:01:40
298,tomato,ours_when_only,02,35,1088248331,experiments_logs/analysis_recent/when_what_original_20260912/00_raw/tomato/scene_02_step50/when_what_ours_when_only_thres_0-8_rand_0-4/exp_tomato_20260922_190142_090844.txt,3b4492dfba5534145c2af6db36800b6164ac39596229beead51de40af19f4b74,ok,1,14,13,1.042,30.0,GOAL DONE,0.2,100,,,,0.8,2026-09-22 19:01:42
299,tomato,ours_what_only,02,35,1088248331,experiments_logs/analysis_recent/when_what_original_20260912/00_raw/tomato/scene_02_step50/when_what_ours_what_only_thres_0-8_rand_0-4/exp_tomato_20260922_190142_565367.txt,1ae9f0ab94173aa7e4607ac09ccf63adabb6cde80ec1409015459214c9fc6067,ok,0,2,5,0.336,0.0,PLAN FAILURE,0.2,100,,,,0.8,2026-09-22 19:01:42
300,tomato,ours,02,35,1088248331,experiments_logs/analysis_recent/when_what_original_20260912/00_raw/tomato/scene_02_step50/when_what_ours_thres_0-8_rand_0-4/exp_tomato_20260922_190143_746437.txt,1dce1176826616bb49eb8a6b61316414577909f88a881a8f1c6d95ef0532b177,ok,1,7,13,1.036,30.0,GOAL DONE,0.2,100,,,,0.8,2026-09-22 19:01:43
301,tomato,random,02,36,147433855,experiments_logs/analysis_recent/when_what_original_20260912/00_raw/tomato/scene_02_step50/when_what_random_thres_0-8_rand_0-4/exp_tomato_20260922_190145_613982.txt,aa9d3e517751474ecaa9481e43605781c66539dda33e2564cc3fa2700ce2cedd,ok,1,8,18,1.7177,30.0,GOAL DONE,0.2,100,,,,0.8,2026-09-22 19:01:45
302,tomato,ours_when_only,02,36,147433855,experiments_logs/analysis_recent/when_what_original_20260912/00_raw/tomato/scene_02_step50/when_what_ours_when_only_thres_0-8_rand_0-4/exp_tomato_20260922_190146_901143.txt,09a322574ed99d1264e0be8018f2d3d0f8a9b35b4783f95abb2b521a7381acda,ok,1,16,14,1.1377,30.0,GOAL DONE,0.2,100,,,,0.8,2026-09-22 19:01:46
303,tomato,ours_what_only,02,36,147433855,experiments_logs/analysis_recent/when_what_original_20260912/00_raw/tomato/scene_02_step50/when_what_ours_what_only_thres_0-8_rand_0-4/exp_tomato_20260922_190148_746410.txt,5701b17afd91c237b0fc64354b387fc1b639d1103e7fdf7f1eb75a2db140157e,ok,1,6,18,1.6924,30.0,GOAL DONE,0.2,100,,,,0.8,2026-09-22 19:01:48
304,tomato,ours,02,36,147433855,experiments_logs/analysis_recent/when_what_original_20260912/00_raw/tomato/scene_02_step50/when_what_ours_thres_0-8_rand_0-4/exp_tomato_20260922_190150_014882.txt,512a7d32552b4ae662b6c1b702d4128db8ea19c000b6b0896271f54e76d4cfb2,ok,1,12,14,1.1173,30.0,GOAL DONE,0.2,100,,,,0.8,2026-09-22 19:01:50
305,tomato,random,02,37,1087624401,experiments_logs/analysis_recent/when_what_original_20260912/00_raw/tomato/scene_02_step50/when_what_random_thres_0-8_rand_0-4/exp_tomato_20260922_190151_325216.txt,3132be03f28c0d4d1abc58c0959aba265ecd1a369ea94537dc755f92a64ed39c,ok,1,16,15,1.1645,30.0,GOAL DONE,0.2,100,,,,0.8,2026-09-22 19:01:51
306,tomato,ours_when_only,02,37,1087624401,experiments_logs/analysis_recent/when_what_original_20260912/00_raw/tomato/scene_02_step50/when_what_ours_when_only_thres_0-8_rand_0-4/exp_tomato_20260922_190152_613514.txt,461735eee7af3b27b48a45b66bb9218fddfe080c5931af41f26a15ffb7cc8a2b,ok,1,11,15,1.1423,30.0,GOAL DONE,0.2,100,,,,0.8,2026-09-22 19:01:52
307,tomato,ours_what_only,02,37,1087624401,experiments_logs/analysis_recent/when_what_original_20260912/00_raw/tomato/scene_02_step50/when_what_ours_what_only_thres_0-8_rand_0-4/exp_tomato_20260922_190153_910114.txt,f0fd6f4f7ca574cbf50dc891fe4a5245349eb0ceaed667b97f15a1ed61ab6c3a,ok,1,14,15,1.1539,30.0,GOAL DONE,0.2,100,,,,0.8,2026-09-22 19:01:53
308,tomato,ours,02,37,1087624401,experiments_logs/analysis_recent/when_what_original_20260912/00_raw/tomato/scene_02_step50/when_what_ours_thres_0-8_rand_0-4/exp_tomato_20260922_190155_213148.txt,9ba2d27621eaf6b187a873aabdc94c0ef1f499b9430d5ad78241932556489771,ok,1,10,15,1.1647,30.0,GOAL DONE,0.2,100,,,,0.8,2026-09-22 19:01:55
309,tomato,random,02,38,1642003043,experiments_logs/analysis_recent/when_what_original_20260912/00_raw/tomato/scene_02_step50/when_what_random_thres_0-8_rand_0-4/exp_tomato_20260922_190156_785291.txt,44ba50e9721cf2c3c4cf444cfc6ca51be310437a240b415424fc2dea92cc5116,ok,1,3,16,1.4269,30.0,GOAL DONE,0.2,100,,,,0.8,2026-09-22 19:01:56
310,tomato,ours_when_only,02,38,1642003043,experiments_logs/analysis_recent/when_what_original_20260912/00_raw/tomato/scene_02_step50/when_what_ours_when_only_thres_0-8_rand_0-4/exp_tomato_20260922_190158_615080.txt,617aa80c68c66986b2438b44434af76e53db17136d0371281c328e90651a0703,ok,1,13,17,1.6786,30.0,GOAL DONE,0.2,100,,,,0.8,2026-09-22 19:01:58
311,tomato,ours_what_only,02,38,1642003043,experiments_logs/analysis_recent/when_what_original_20260912/00_raw/tomato/scene_02_step50/when_what_ours_what_only_thres_0-8_rand_0-4/exp_tomato_20260922_190200_254109.txt,a16497d9d28524de54eef6c4d8ee48976ddbd316ae20eb2667ed94338baf6e01,ok,1,3,16,1.4929,30.0,GOAL DONE,0.2,100,,,,0.8,2026-09-22 19:02:00
312,tomato,ours,02,38,1642003043,experiments_logs/analysis_recent/when_what_original_20260912/00_raw/tomato/scene_02_step50/when_what_ours_thres_0-8_rand_0-4/exp_tomato_20260922_190202_095969.txt,a6e9f62e108746215e8962a7248c9adebf261cf8c2753f28a3ff01786b7fd864,ok,1,12,17,1.7,30.0,GOAL DONE,0.2,100,,,,0.8,2026-09-22 19:02:02
313,tomato,random,02,39,2050011048,experiments_logs/analysis_recent/when_what_original_20260912/00_raw/tomato/scene_02_step50/when_what_random_thres_0-8_rand_0-4/exp_tomato_20260922_190203_913938.txt,98a15220f5910ee3e210ab662a631a86b77f840eb64e55873240ae8fbd4c9463,ok,1,13,17,1.6657,30.0,GOAL DONE,0.2,100,,,,0.8,2026-09-22 19:02:03
314,tomato,ours_when_only,02,39,2050011048,experiments_logs/analysis_recent/when_what_original_20260912/00_raw/tomato/scene_02_step50/when_what_ours_when_only_thres_0-8_rand_0-4/exp_tomato_20260922_190205_710290.txt,fb8e03dba0bf9f48e40e119cb4158fcb43f10c939bfbb3f13f2d14db6e434c15,ok,1,12,17,1.6488,30.0,GOAL DONE,0.2,100,,,,0.8,2026-09-22 19:02:05
315,tomato,ours_what_only,02,39,2050011048,experiments_logs/analysis_recent/when_what_original_20260912/00_raw/tomato/scene_02_step50/when_what_ours_what_only_thres_0-8_rand_0-4/exp_tomato_20260922_190207_540567.txt,2f09f4deea433ecaf26787a2e7025d7c62be60864e8addc816e9a5cab0c89d0d,ok,1,9,17,1.6827,30.0,GOAL DONE,0.2,100,,,,0.8,2026-09-22 19:02:07
316,tomato,ours,02,39,2050011048,experiments_logs/analysis_recent/when_what_original_20260912/00_raw/tomato/scene_02_step50/when_what_ours_thres_0-8_rand_0-4/exp_tomato_20260922_190209_398108.txt,8cea6857fa582d9829213bf55e4bb4240ff4bd1ac4d420e8a26704b23d6b4922,ok,1,9,17,1.7188,30.0,GOAL DONE,0.2,100,,,,0.8,2026-09-22 19:02:09
317,tomato,random,02,40,1859058979,experiments_logs/analysis_recent/when_what_original_20260912/00_raw/tomato/scene_02_step50/when_what_random_thres_0-8_rand_0-4/exp_tomato_20260922_190210_931641.txt,03351bf07a8db1305dd19c13063399d24fc8f44b92e857d4d9fc3d5b5e442296,ok,1,6,16,1.3821,30.0,GOAL DONE,0.2,100,,,,0.8,2026-09-22 19:02:10
318,tomato,ours_when_only,02,40,1859058979,experiments_logs/analysis_recent/when_what_original_20260912/00_raw/tomato/scene_02_step50/when_what_ours_when_only_thres_0-8_rand_0-4/exp_tomato_20260922_190212_048068.txt,e32af2e69d6a4d86cd0993b96b9c7346bf00e935ebff9adc7abdc37ba0dd03bc,ok,1,10,13,0.9676,30.0,GOAL DONE,0.2,100,,,,0.8,2026-09-22 19:02:12
319,tomato,ours_what_only,02,40,1859058979,experiments_logs/analysis_recent/when_what_original_20260912/00_raw/tomato/scene_02_step50/when_what_ours_what_only_thres_0-8_rand_0-4/exp_tomato_20260922_190213_591241.txt,e68088ee2ab6e1b835664e6e336d8948f95b7e47e83ec79edb34f6124626c1c3,ok,1,6,16,1.3999,30.0,GOAL DONE,0.2,100,,,,0.8,2026-09-22 19:02:13
320,tomato,ours,02,40,1859058979,experiments_logs/analysis_recent/when_what_original_20260912/00_raw/tomato/scene_02_step50/when_what_ours_thres_0-8_rand_0-4/exp_tomato_20260922_190214_716946.txt,9c91cb35fa1f04129092f62392d3831b188b502e9f499243f8b9f715d3cb037d,ok,1,9,13,0.9693,30.0,GOAL DONE,0.2,100,,,,0.8,2026-09-22 19:02:14
321,tomato,random,03,1,4180924638,experiments_logs/analysis_recent/when_what_original_20260912/00_raw/tomato/scene_03_step50/when_what_random_thres_0-8_rand_0-4/exp_tomato_20260922_190215_884230.txt,0ba4941b22c8a52ca996ff3d2e08fe19e3c574db94b9b43476ea43f94fcedb7e,ok,1,12,13,1.0206,30.0,GOAL DONE,0.2,100,,,,0.8,2026-09-22 19:02:15
322,tomato,ours_when_only,03,1,4180924638,experiments_logs/analysis_recent/when_what_original_20260912/00_raw/tomato/scene_03_step50/when_what_ours_when_only_thres_0-8_rand_0-4/exp_tomato_20260922_190217_040942.txt,f749a345c91c017dff3d7cf99a3623e6ca54eb3602d492298079e7c5f2fec9a5,ok,1,9,13,1.0231,30.0,GOAL DONE,0.2,100,,,,0.8,2026-09-22 19:02:17
323,tomato,ours_what_only,03,1,4180924638,experiments_logs/analysis_recent/when_what_original_20260912/00_raw/tomato/scene_03_step50/when_what_ours_what_only_thres_0-8_rand_0-4/exp_tomato_20260922_190218_224991.txt,78e4ec4626223ca282cf51fa82880ac49a7018c2f01c5d0de444c7dc3559bfd5,ok,1,10,13,1.0351,30.0,GOAL DONE,0.2,100,,,,0.8,2026-09-22 19:02:18
324,tomato,ours,03,1,4180924638,experiments_logs/analysis_recent/when_what_original_20260912/00_raw/tomato/scene_03_step50/when_what_ours_thres_0-8_rand_0-4/exp_tomato_20260922_190219_451041.txt,b36d687bc607800e1422150fb2fae1c1f70721cc438d93ed951f760a841b0bb9,ok,1,10,13,1.0696,30.0,GOAL DONE,0.2,100,,,,0.8,2026-09-22 19:02:19
325,tomato,random,03,2,3765929846,experiments_logs/analysis_recent/when_what_original_20260912/00_raw/tomato/scene_03_step50/when_what_random_thres_0-8_rand_0-4/exp_tomato_20260922_190220_645363.txt,bfac11ec317ba1b2729f826e5294c879690216ae18c645d94907b8bcd55ed854,ok,1,5,13,1.0518,30.0,GOAL DONE,0.2,100,,,,0.8,2026-09-22 19:02:20
326,tomato,ours_when_only,03,2,3765929846,experiments_logs/analysis_recent/when_what_original_20260912/00_raw/tomato/scene_03_step50/when_what_ours_when_only_thres_0-8_rand_0-4/exp_tomato_20260922_190221_784623.txt,f5177b06129bad4159cec7fadda70c7de112504903181276a6d30096a633c6d4,ok,1,13,13,0.9961,30.0,GOAL DONE,0.2,100,,,,0.8,2026-09-22 19:02:21
327,tomato,ours_what_only,03,2,3765929846,experiments_logs/analysis_recent/when_what_original_20260912/00_raw/tomato/scene_03_step50/when_what_ours_what_only_thres_0-8_rand_0-4/exp_tomato_20260922_190222_963073.txt,40c667dbf3e37ef259cbe9c9e99064b9ef23b6dc714304aab5b175d77ac00d33,ok,1,6,13,1.0251,30.0,GOAL DONE,0.2,100,,,,0.8,2026-09-22 19:02:22
328,tomato,ours,03,2,3765929846,experiments_logs/analysis_recent/when_what_original_20260912/00_raw/tomato/scene_03_step50/when_what_ours_thres_0-8_rand_0-4/exp_tomato_20260922_190224_101458.txt,734d3e7405821131a76226b7c1196692bf0cf492ad173d3b310135dbf116ae05,ok,1,8,13,0.9845,30.0,GOAL DONE,0.2,100,,,,0.8,2026-09-22 19:02:24
329,tomato,random,03,3,2863258431,experiments_logs/analysis_recent/when_what_original_20260912/00_raw/tomato/scene_03_step50/when_what_random_thres_0-8_rand_0-4/exp_tomato_20260922_190224_477273.txt,bc5306937c71b18216efbe21c4a7b06839547f5d6b5f6cebdd369a9acad5b169,ok,0,7,5,0.2207,0.0,PLAN FAILURE,0.2,100,,,,0.8,2026-09-22 19:02:24
330,tomato,ours_when_only,03,3,2863258431,experiments_logs/analysis_recent/when_what_original_20260912/00_raw/tomato/scene_03_step50/when_what_ours_when_only_thres_0-8_rand_0-4/exp_tomato_20260922_190225_742247.txt,7425b005870762001e931f86e305f269a6dd7988d777272ba8ed18517a251c7f,ok,1,12,14,1.1459,30.0,GOAL DONE,0.2,100,,,,0.8,2026-09-22 19:02:25
331,tomato,ours_what_only,03,3,2863258431,experiments_logs/analysis_recent/when_what_original_20260912/00_raw/tomato/scene_03_step50/when_what_ours_what_only_thres_0-8_rand_0-4/exp_tomato_20260922_190226_108533.txt,31c19862bdffced9bb3d775e682ce82ed6bad705a9a919560d19da9fda1051f5,ok,0,4,5,0.2204,0.0,PLAN FAILURE,0.2,100,,,,0.8,2026-09-22 19:02:26
332,tomato,ours,03,3,2863258431,experiments_logs/analysis_recent/when_what_original_20260912/00_raw/tomato/scene_03_step50/when_what_ours_thres_0-8_rand_0-4/exp_tomato_20260922_190227_397523.txt,0d96b75e3f73ec87951205d5ed5fa019679820b6455afe4c4f97600b964b2b87,ok,1,9,14,1.1467,30.0,GOAL DONE,0.2,100,,,,0.8,2026-09-22 19:02:27
333,tomato,random,03,4,2318902210,experiments_logs/analysis_recent/when_what_original_20260912/00_raw/tomato/scene_03_step50/when_what_random_thres_0-8_rand_0-4/exp_tomato_20260922_190228_026036.txt,6aacb0766a4fbe55033e8f7237386f247e72925057f6fc6b00a4fce60222e7b3,ok,0,1,8,0.4847,10.0,PLAN FAILURE,0.2,100,,,,0.8,2026-09-22 19:02:28
334,tomato,ours_when_only,03,4,2318902210,experiments_logs/analysis_recent/when_what_original_20260912/00_raw/tomato/scene_03_step50/when_what_ours_when_only_thres_0-8_rand_0-4/exp_tomato_20260922_190229_335941.txt,ac395f66b1e539c2ede4c9e071fdf54462aa1da0488a4f70918d820b6a5e3f49,ok,1,15,14,1.169,30.0,GOAL DONE,0.2,100,,,,0.8,2026-09-22 19:02:29
335,tomato,ours_what_only,03,4,2318902210,experiments_logs/analysis_recent/when_what_original_20260912/00_raw/tomato/scene_03_step50/when_what_ours_what_only_thres_0-8_rand_0-4/exp_tomato_20260922_190229_943501.txt,4d29a301f8a79a1215e613ef46631177dabb6ed16a3f88e23f583225caefdae5,ok,0,1,8,0.4589,10.0,PLAN FAILURE,0.2,100,,,,0.8,2026-09-22 19:02:29
336,tomato,ours,03,4,2318902210,experiments_logs/analysis_recent/when_what_original_20260912/00_raw/tomato/scene_03_step50/when_what_ours_thres_0-8_rand_0-4/exp_tomato_20260922_190231_222862.txt,88890fed73a171b9a062584923f8db67593d4f725af64e474898ad36052e4a85,ok,1,12,14,1.1386,30.0,GOAL DONE,0.2,100,,,,0.8,2026-09-22 19:02:31
337,tomato,random,03,5,2161489050,experiments_logs/analysis_recent/when_what_original_20260912/00_raw/tomato/scene_03_step50/when_what_random_thres_0-8_rand_0-4/exp_tomato_20260922_190232_385174.txt,3f13b9eddb52f10194cba9d517b701de8d28efe8172014278675f8d38f8b5dde,ok,1,11,13,1.0378,30.0,GOAL DONE,0.2,100,,,,0.8,2026-09-22 19:02:32
338,tomato,ours_when_only,03,5,2161489050,experiments_logs/analysis_recent/when_what_original_20260912/00_raw/tomato/scene_03_step50/when_what_ours_when_only_thres_0-8_rand_0-4/exp_tomato_20260922_190233_540998.txt,c388808df047d4cc0137f77b6fd3a6b37324032eacb44ff3714c1cff4b1d28d7,ok,1,14,13,1.0125,30.0,GOAL DONE,0.2,100,,,,0.8,2026-09-22 19:02:33
339,tomato,ours_what_only,03,5,2161489050,experiments_logs/analysis_recent/when_what_original_20260912/00_raw/tomato/scene_03_step50/when_what_ours_what_only_thres_0-8_rand_0-4/exp_tomato_20260922_190234_678397.txt,6e41c75e5aca134628c6a2ee638f0d3c7df5f27a9a74b2994e592e23d5e548ca,ok,1,7,13,1.0156,30.0,GOAL DONE,0.2,100,,,,0.8,2026-09-22 19:02:34
340,tomato,ours,03,5,2161489050,experiments_logs/analysis_recent/when_what_original_20260912/00_raw/tomato/scene_03_step50/when_what_ours_thres_0-8_rand_0-4/exp_tomato_20260922_190235_854980.txt,1dfcb0f930205bba02f9ac7a2795e851df7e31d2a1998bf035f5ef8214af400f,ok,1,8,13,1.0259,30.0,GOAL DONE,0.2,100,,,,0.8,2026-09-22 19:02:35
341,tomato,random,03,6,1859994980,experiments_logs/analysis_recent/when_what_original_20260912/00_raw/tomato/scene_03_step50/when_what_random_thres_0-8_rand_0-4/exp_tomato_20260922_190237_121691.txt,96dd33547be08e49b331a3dcb7792642ce675a25fb0e94a71fe9b55152691ce1,ok,1,3,14,1.1417,30.0,GOAL DONE,0.2,100,,,,0.8,2026-09-22 19:02:37
342,tomato,ours_when_only,03,6,1859994980,experiments_logs/analysis_recent/when_what_original_20260912/00_raw/tomato/scene_03_step50/when_what_ours_when_only_thres_0-8_rand_0-4/exp_tomato_20260922_190238_425968.txt,7b3616e786f82485a12921863505375c07e8ca5ef5b2dfe715b611b682d17de2,ok,1,9,14,1.163,30.0,GOAL DONE,0.2,100,,,,0.8,2026-09-22 19:02:38
343,tomato,ours_what_only,03,6,1859994980,experiments_logs/analysis_recent/when_what_original_20260912/00_raw/tomato/scene_03_step50/when_what_ours_what_only_thres_0-8_rand_0-4/exp_tomato_20260922_190239_715624.txt,a97026d3b321aa42e9b85e4525da1379e117f491a2e77a9f9829b2ae53d3a4f7,ok,1,3,14,1.1516,30.0,GOAL DONE,0.2,100,,,,0.8,2026-09-22 19:02:39
344,tomato,ours,03,6,1859994980,experiments_logs/analysis_recent/when_what_original_20260912/00_raw/tomato/scene_03_step50/when_what_ours_thres_0-8_rand_0-4/exp_tomato_20260922_190241_011855.txt,bec564d74b7e977415ef64d688411aa22dd25268487de5f979df3128b1d2bf86,ok,1,9,14,1.1415,30.0,GOAL DONE,0.2,100,,,,0.8,2026-09-22 19:02:41
345,tomato,random,03,7,1068358764,experiments_logs/analysis_recent/when_what_original_20260912/00_raw/tomato/scene_03_step50/when_what_random_thres_0-8_rand_0-4/exp_tomato_20260922_190241_487416.txt,60bcd0d85e9a858cf3fd769b7a828bcdb2bce1de16c7b3726ce4b18d76108284,ok,0,4,5,0.3321,0.0,PLAN FAILURE,0.2,100,,,,0.8,2026-09-22 19:02:41
346,tomato,ours_when_only,03,7,1068358764,experiments_logs/analysis_recent/when_what_original_20260912/00_raw/tomato/scene_03_step50/when_what_ours_when_only_thres_0-8_rand_0-4/exp_tomato_20260922_190242_641070.txt,edee91bee34ead02c24d8077c46a81454c9db6f402e26bf7904613fe54af34c4,ok,1,9,13,1.0112,30.0,GOAL DONE,0.2,100,,,,0.8,2026-09-22 19:02:42
347,tomato,ours_what_only,03,7,1068358764,experiments_logs/analysis_recent/when_what_original_20260912/00_raw/tomato/scene_03_step50/when_what_ours_what_only_thres_0-8_rand_0-4/exp_tomato_20260922_190243_094552.txt,cb23089884cc0eba08586a128acf0eadebac779bfb262e619c1099e26f795338,ok,0,2,5,0.3286,0.0,PLAN FAILURE,0.2,100,,,,0.8,2026-09-22 19:02:43
348,tomato,ours,03,7,1068358764,experiments_logs/analysis_recent/when_what_original_20260912/00_raw/tomato/scene_03_step50/when_what_ours_thres_0-8_rand_0-4/exp_tomato_20260922_190244_231099.txt,96875cceb7aa2ee83f620e239ae6604a133e7f073a8c9de64b955309ad388ac9,ok,1,8,13,0.999,30.0,GOAL DONE,0.2,100,,,,0.8,2026-09-22 19:02:44
349,tomato,random,03,8,2313290673,experiments_logs/analysis_recent/when_what_original_20260912/00_raw/tomato/scene_03_step50/when_what_random_thres_0-8_rand_0-4/exp_tomato_20260922_190245_529627.txt,5c5ebe854ffb3af612db00e8e5a2522669553ec0ff431c7cf95e741f88abe5dc,ok,1,6,14,1.153,30.0,GOAL DONE,0.2,100,,,,0.8,2026-09-22 19:02:45
350,tomato,ours_when_only,03,8,2313290673,experiments_logs/analysis_recent/when_what_original_20260912/00_raw/tomato/scene_03_step50/when_what_ours_when_only_thres_0-8_rand_0-4/exp_tomato_20260922_190246_817600.txt,25233a08183211e3c0732d3fd41415729d9ed2a02bcf361be76359a311a91bfa,ok,1,10,14,1.1484,30.0,GOAL DONE,0.2,100,,,,0.8,2026-09-22 19:02:46
351,tomato,ours_what_only,03,8,2313290673,experiments_logs/analysis_recent/when_what_original_20260912/00_raw/tomato/scene_03_step50/when_what_ours_what_only_thres_0-8_rand_0-4/exp_tomato_20260922_190248_106087.txt,0a76f6002a84c1df78acebb11cfeed996dcd3ae20fa91e0e46a73304e9ae1603,ok,1,6,14,1.1349,30.0,GOAL DONE,0.2,100,,,,0.8,2026-09-22 19:02:48
352,tomato,ours,03,8,2313290673,experiments_logs/analysis_recent/when_what_original_20260912/00_raw/tomato/scene_03_step50/when_what_ours_thres_0-8_rand_0-4/exp_tomato_20260922_190249_359479.txt,8178c97b71a71c815d856f9a99c647fd4606d97f1a98bd4a5327e8ad15083b42,ok,1,9,14,1.1077,30.0,GOAL DONE,0.2,100,,,,0.8,2026-09-22 19:02:49
353,tomato,random,03,9,496575395,experiments_logs/analysis_recent/when_what_original_20260912/00_raw/tomato/scene_03_step50/when_what_random_thres_0-8_rand_0-4/exp_tomato_20260922_190249_722141.txt,1fb83e7eb24e8ac02cc8e0b424e528283392817793c668299118ae71029fa086,ok,0,6,5,0.2218,0.0,PLAN FAILURE,0.2,100,,,,0.8,2026-09-22 19:02:49
354,tomato,ours_when_only,03,9,496575395,experiments_logs/analysis_recent/when_what_original_20260912/00_raw/tomato/scene_03_step50/when_what_ours_when_only_thres_0-8_rand_0-4/exp_tomato_20260922_190250_998701.txt,a4074deaa65d3c161ba30431258843acb1ad1bae975d30eabd481cb356e10618,ok,1,14,14,1.1288,30.0,GOAL DONE,0.2,100,,,,0.8,2026-09-22 19:02:50
355,tomato,ours_what_only,03,9,496575395,experiments_logs/analysis_recent/when_what_original_20260912/00_raw/tomato/scene_03_step50/when_what_ours_what_only_thres_0-8_rand_0-4/exp_tomato_20260922_190251_367649.txt,0d6b82566fef332e5bf93ff60c63493e2d08fec49bbf00590be9d8047f50a2f9,ok,0,5,5,0.2243,0.0,PLAN FAILURE,0.2,100,,,,0.8,2026-09-22 19:02:51
356,tomato,ours,03,9,496575395,experiments_logs/analysis_recent/when_what_original_20260912/00_raw/tomato/scene_03_step50/when_what_ours_thres_0-8_rand_0-4/exp_tomato_20260922_190252_650360.txt,c7dc3a93dcbe38e8d772aa8e89d22e237ad395e5515ffebe6b544c97e7e60b38,ok,1,12,14,1.1442,30.0,GOAL DONE,0.2,100,,,,0.8,2026-09-22 19:02:52
357,tomato,random,03,10,3428068778,experiments_logs/analysis_recent/when_what_original_20260912/00_raw/tomato/scene_03_step50/when_what_random_thres_0-8_rand_0-4/exp_tomato_20260922_190253_842093.txt,d36671dc3c9667c46e3daa0f561edb563220ceec230f570c733a50fc3470ce6a,ok,1,6,13,1.0384,30.0,GOAL DONE,0.2,100,,,,0.8,2026-09-22 19:02:53
358,tomato,ours_when_only,03,10,3428068778,experiments_logs/analysis_recent/when_what_original_20260912/00_raw/tomato/scene_03_step50/when_what_ours_when_only_thres_0-8_rand_0-4/exp_tomato_20260922_190255_021650.txt,9dc418a2cf11df616ed98d1c2df47f2cffa3bb1beadf8285d5c4fcbce03ea550,ok,1,13,13,1.0284,30.0,GOAL DONE,0.2,100,,,,0.8,2026-09-22 19:02:55
359,tomato,ours_what_only,03,10,3428068778,experiments_logs/analysis_recent/when_what_original_20260912/00_raw/tomato/scene_03_step50/when_what_ours_what_only_thres_0-8_rand_0-4/exp_tomato_20260922_190256_213846.txt,73f69d8fdb6bed60d3418d3d45fe8f837c14971576941722fbf9bcc0b14e9a70,ok,1,6,13,1.044,30.0,GOAL DONE,0.2,100,,,,0.8,2026-09-22 19:02:56
360,tomato,ours,03,10,3428068778,experiments_logs/analysis_recent/when_what_original_20260912/00_raw/tomato/scene_03_step50/when_what_ours_thres_0-8_rand_0-4/exp_tomato_20260922_190257_375096.txt,c66742defe83c640f01227612380664ada5c893993335aaf818c2a7bfe2ae32f,ok,1,8,13,1.0112,30.0,GOAL DONE,0.2,100,,,,0.8,2026-09-22 19:02:57
361,tomato,random,03,11,3099485200,experiments_logs/analysis_recent/when_what_original_20260912/00_raw/tomato/scene_03_step50/when_what_random_thres_0-8_rand_0-4/exp_tomato_20260922_190258_542940.txt,52bf6a5ef86043202d2ea894a4a776fd97b8d99d5ae8005568866cb1c1235278,ok,0,10,13,1.0297,20.0,PLAN FAILURE,0.2,100,,,,0.8,2026-09-22 19:02:58
362,tomato,ours_when_only,03,11,3099485200,experiments_logs/analysis_recent/when_what_original_20260912/00_raw/tomato/scene_03_step50/when_what_ours_when_only_thres_0-8_rand_0-4/exp_tomato_20260922_190259_679983.txt,2132b7cc80ed35aa7b3cc942a2f06675c2bf2e0ac2ceab19e7f7509416f74469,ok,1,13,13,0.9855,30.0,GOAL DONE,0.2,100,,,,0.8,2026-09-22 19:02:59
363,tomato,ours_what_only,03,11,3099485200,experiments_logs/analysis_recent/when_what_original_20260912/00_raw/tomato/scene_03_step50/when_what_ours_what_only_thres_0-8_rand_0-4/exp_tomato_20260922_190300_849143.txt,f3eb3306785450f3dc1b5479303d8294f2440ba04147ab6d61327495b4bb4b7d,ok,0,5,13,1.0084,20.0,PLAN FAILURE,0.2,100,,,,0.8,2026-09-22 19:03:00
364,tomato,ours,03,11,3099485200,experiments_logs/analysis_recent/when_what_original_20260912/00_raw/tomato/scene_03_step50/when_what_ours_thres_0-8_rand_0-4/exp_tomato_20260922_190302_010401.txt,af379bb845708db527f8419af3a0d1d9aedb7e76e365b3a05e39f59e2d2267d7,ok,1,7,13,1.0206,30.0,GOAL DONE,0.2,100,,,,0.8,2026-09-22 19:03:02
365,tomato,random,03,12,29792732,experiments_logs/analysis_recent/when_what_original_20260912/00_raw/tomato/scene_03_step50/when_what_random_thres_0-8_rand_0-4/exp_tomato_20260922_190302_593333.txt,e498940b79773cd93bb91507160d5db3abcf0ad639efcf49bbeffec1e5114c17,ok,0,3,8,0.4327,10.0,PLAN FAILURE,0.2,100,,,,0.8,2026-09-22 19:03:02
366,tomato,ours_when_only,03,12,29792732,experiments_logs/analysis_recent/when_what_original_20260912/00_raw/tomato/scene_03_step50/when_what_ours_when_only_thres_0-8_rand_0-4/exp_tomato_20260922_190303_929208.txt,126c46b3347873d19576b995c7d6d029b028927562bb87e9bdc14dc586d3c61e,ok,1,11,14,1.1867,30.0,GOAL DONE,0.2,100,,,,0.8,2026-09-22 19:03:03
367,tomato,ours_what_only,03,12,29792732,experiments_logs/analysis_recent/when_what_original_20260912/00_raw/tomato/scene_03_step50/when_what_ours_what_only_thres_0-8_rand_0-4/exp_tomato_20260922_190304_497969.txt,da00316cedd23232aa7f0ba7250de737692e6650ed38c3e51ab7402196451fa3,ok,0,3,8,0.4281,10.0,PLAN FAILURE,0.2,100,,,,0.8,2026-09-22 19:03:04
368,tomato,ours,03,12,29792732,experiments_logs/analysis_recent/when_what_original_20260912/00_raw/tomato/scene_03_step50/when_what_ours_thres_0-8_rand_0-4/exp_tomato_20260922_190305_810743.txt,8f1bade097f9f7abe9d1864f8eb44ff6273e111d7966a47e3609b13120b29a30,ok,1,9,14,1.1582,30.0,GOAL DONE,0.2,100,,,,0.8,2026-09-22 19:03:05
369,tomato,random,03,13,576686734,experiments_logs/analysis_recent/when_what_original_20260912/00_raw/tomato/scene_03_step50/when_what_random_thres_0-8_rand_0-4/exp_tomato_20260922_190306_159704.txt,e0b465062e45b5893e1c2a55a265657d70e89300e5a4e4d9fb8c823eb90c5a18,ok,0,6,5,0.2015,0.0,PLAN FAILURE,0.2,100,,,,0.8,2026-09-22 19:03:06
370,tomato,ours_when_only,03,13,576686734,experiments_logs/analysis_recent/when_what_original_20260912/00_raw/tomato/scene_03_step50/when_what_ours_when_only_thres_0-8_rand_0-4/exp_tomato_20260922_190307_421718.txt,0971a1739e7062b82c4c1a6b296fb503794e2263c0cc0a3648769522c9671752,ok,1,11,14,1.1124,30.0,GOAL DONE,0.2,100,,,,0.8,2026-09-22 19:03:07
371,tomato,ours_what_only,03,13,576686734,experiments_logs/analysis_recent/when_what_original_20260912/00_raw/tomato/scene_03_step50/when_what_ours_what_only_thres_0-8_rand_0-4/exp_tomato_20260922_190307_767408.txt,404368f971b67bac21a27ae7ec04aeec5c3fa7505cf2a2d0630d52e5108af4cc,ok,0,5,5,0.2015,0.0,PLAN FAILURE,0.2,100,,,,0.8,2026-09-22 19:03:07
372,tomato,ours,03,13,576686734,experiments_logs/analysis_recent/when_what_original_20260912/00_raw/tomato/scene_03_step50/when_what_ours_thres_0-8_rand_0-4/exp_tomato_20260922_190309_021391.txt,4a21c4f30043e9fc75fec296304f1248a5e7e39dc403583c8665625286fef02e,ok,1,9,14,1.1107,30.0,GOAL DONE,0.2,100,,,,0.8,2026-09-22 19:03:09
373,tomato,random,03,14,398375254,experiments_logs/analysis_recent/when_what_original_20260912/00_raw/tomato/scene_03_step50/when_what_random_thres_0-8_rand_0-4/exp_tomato_20260922_190310_194452.txt,e4afbc1457a3712e9b85778e11d2d00262557db04476a739f6b601add57d79fc,ok,1,9,13,1.0219,30.0,GOAL DONE,0.2,100,,,,0.8,2026-09-22 19:03:10
374,tomato,ours_when_only,03,14,398375254,experiments_logs/analysis_recent/when_what_original_20260912/00_raw/tomato/scene_03_step50/when_what_ours_when_only_thres_0-8_rand_0-4/exp_tomato_20260922_190311_344456.txt,9575750c29cb6483b54516e9354ad1f2b25683d6fa9d8aa654a7679321e6ebc2,ok,1,14,13,1.0013,30.0,GOAL DONE,0.2,100,,,,0.8,2026-09-22 19:03:11
375,tomato,ours_what_only,03,14,398375254,experiments_logs/analysis_recent/when_what_original_20260912/00_raw/tomato/scene_03_step50/when_what_ours_what_only_thres_0-8_rand_0-4/exp_tomato_20260922_190312_494377.txt,0b403a1d17889d953640f4c153608dce450bc12762ab9527152118fbd925f536,ok,1,7,13,0.9935,30.0,GOAL DONE,0.2,100,,,,0.8,2026-09-22 19:03:12
376,tomato,ours,03,14,398375254,experiments_logs/analysis_recent/when_what_original_20260912/00_raw/tomato/scene_03_step50/when_what_ours_thres_0-8_rand_0-4/exp_tomato_20260922_190313_626761.txt,b80db8a08b94d9dcd413b727b61564757bd7f5a7febb1e429530e1abdcf2bdd6,ok,1,7,13,0.9826,30.0,GOAL DONE,0.2,100,,,,0.8,2026-09-22 19:03:13
377,tomato,random,03,15,2697677148,experiments_logs/analysis_recent/when_what_original_20260912/00_raw/tomato/scene_03_step50/when_what_random_thres_0-8_rand_0-4/exp_tomato_20260922_190314_480761.txt,2bab0debe1a5192e509457669ad8436fad69cb9e0e8178c75397f60867f45d41,ok,0,1,10,0.7339,10.0,PLAN FAILURE,0.2,100,,,,0.8,2026-09-22 19:03:14
378,tomato,ours_when_only,03,15,2697677148,experiments_logs/analysis_recent/when_what_original_20260912/00_raw/tomato/scene_03_step50/when_what_ours_when_only_thres_0-8_rand_0-4/exp_tomato_20260922_190316_492939.txt,ce35b72a25e3e129e0d238ab5082c2ea7a017f96742f813d78ef0120c8b72192,ok,1,18,19,1.8575,30.0,GOAL DONE,0.2,100,,,,0.8,2026-09-22 19:03:16
379,tomato,ours_what_only,03,15,2697677148,experiments_logs/analysis_recent/when_what_original_20260912/00_raw/tomato/scene_03_step50/when_what_ours_what_only_thres_0-8_rand_0-4/exp_tomato_20260922_190317_376766.txt,5a9ca43dcb070c77ae35ef106e2cbbcbaac3565aa9fb3caf75e75d90d0899dfe,ok,0,1,10,0.7349,10.0,PLAN FAILURE,0.2,100,,,,0.8,2026-09-22 19:03:17
380,tomato,ours,03,15,2697677148,experiments_logs/analysis_recent/when_what_original_20260912/00_raw/tomato/scene_03_step50/when_what_ours_thres_0-8_rand_0-4/exp_tomato_20260922_190319_376090.txt,7025de12f2f00a654f62a25a48e9d39ff1f2a25b74ee701798e1730f5242e293,ok,1,16,19,1.8798,30.0,GOAL DONE,0.2,100,,,,0.8,2026-09-22 19:03:19
381,tomato,random,03,16,3152954537,experiments_logs/analysis_recent/when_what_original_20260912/00_raw/tomato/scene_03_step50/when_what_random_thres_0-8_rand_0-4/exp_tomato_20260922_190320_208353.txt,7baa5596ab125aee79a0c50e5cc340e7259591b5b6afeb4cc7ec50c595236a01,ok,0,2,8,0.6843,10.0,PLAN FAILURE,0.2,100,,,,0.8,2026-09-22 19:03:20
382,tomato,ours_when_only,03,16,3152954537,experiments_logs/analysis_recent/when_what_original_20260912/00_raw/tomato/scene_03_step50/when_what_ours_when_only_thres_0-8_rand_0-4/exp_tomato_20260922_190321_528554.txt,348526482502d2e8adaabfc0e70ba92cea544a44087357574b1e518cf2e75f4e,ok,1,14,14,1.1714,30.0,GOAL DONE,0.2,100,,,,0.8,2026-09-22 19:03:21
383,tomato,ours_what_only,03,16,3152954537,experiments_logs/analysis_recent/when_what_original_20260912/00_raw/tomato/scene_03_step50/when_what_ours_what_only_thres_0-8_rand_0-4/exp_tomato_20260922_190322_356406.txt,04efa380491201769dd04cf8deda577e49a125ca79973e327d717fa103fd8f85,ok,0,2,8,0.6786,10.0,PLAN FAILURE,0.2,100,,,,0.8,2026-09-22 19:03:22
384,tomato,ours,03,16,3152954537,experiments_logs/analysis_recent/when_what_original_20260912/00_raw/tomato/scene_03_step50/when_what_ours_thres_0-8_rand_0-4/exp_tomato_20260922_190323_671411.txt,d10d07fed57b96499fd7c089d09efeccc326eae535aac2bfb42c1bcce0593ccd,ok,1,12,14,1.1933,30.0,GOAL DONE,0.2,100,,,,0.8,2026-09-22 19:03:23
385,tomato,random,03,17,2879755664,experiments_logs/analysis_recent/when_what_original_20260912/00_raw/tomato/scene_03_step50/when_what_random_thres_0-8_rand_0-4/exp_tomato_20260922_190324_775104.txt,71a7177cf862fbb9315952145449b46b70f2c640ca7c59d265e7a4f6f1762a2a,ok,1,8,13,0.9547,30.0,GOAL DONE,0.2,100,,,,0.8,2026-09-22 19:03:24
386,tomato,ours_when_only,03,17,2879755664,experiments_logs/analysis_recent/when_what_original_20260912/00_raw/tomato/scene_03_step50/when_what_ours_when_only_thres_0-8_rand_0-4/exp_tomato_20260922_190325_906791.txt,9b291febf0a1effd850802f1ef0fa6c1ce01334d8f778b4bd98df3b3fd5c0f7e,ok,1,13,13,1.0124,30.0,GOAL DONE,0.2,100,,,,0.8,2026-09-22 19:03:25
387,tomato,ours_what_only,03,17,2879755664,experiments_logs/analysis_recent/when_what_original_20260912/00_raw/tomato/scene_03_step50/when_what_ours_what_only_thres_0-8_rand_0-4/exp_tomato_20260922_190327_042048.txt,9450c79c8cc0005fdd7c723942a35171a2c7d6390db287feecd353f6b401ff6f,ok,1,8,13,0.9849,30.0,GOAL DONE,0.2,100,,,,0.8,2026-09-22 19:03:27
388,tomato,ours,03,17,2879755664,experiments_logs/analysis_recent/when_what_original_20260912/00_raw/tomato/scene_03_step50/when_what_ours_thres_0-8_rand_0-4/exp_tomato_20260922_190328_136944.txt,d31abe0e25a2fc06766fa9eaa08c9ac143bac971c4948bd36c6229d65f2fdaf8,ok,1,8,13,0.9762,30.0,GOAL DONE,0.2,100,,,,0.8,2026-09-22 19:03:28
389,tomato,random,03,18,3477809181,experiments_logs/analysis_recent/when_what_original_20260912/00_raw/tomato/scene_03_step50/when_what_random_thres_0-8_rand_0-4/exp_tomato_20260922_190329_757295.txt,c020e22ae6c8ccf9ebe2664800599f4947bb89ad2c3bc4ec9e63d69923003e0f,ok,1,7,16,1.4675,30.0,GOAL DONE,0.2,100,,,,0.8,2026-09-22 19:03:29
390,tomato,ours_when_only,03,18,3477809181,experiments_logs/analysis_recent/when_what_original_20260912/00_raw/tomato/scene_03_step50/when_what_ours_when_only_thres_0-8_rand_0-4/exp_tomato_20260922_190331_394086.txt,6daf9fe9210b45954f23fa8868852595b4f5a7c1c3e694432f4d52b4f23508f4,ok,1,8,16,1.498,30.0,GOAL DONE,0.2,100,,,,0.8,2026-09-22 19:03:31
391,tomato,ours_what_only,03,18,3477809181,experiments_logs/analysis_recent/when_what_original_20260912/00_raw/tomato/scene_03_step50/when_what_ours_what_only_thres_0-8_rand_0-4/exp_tomato_20260922_190333_043985.txt,c688205c47037acf6fab86869baa15da585b758c744424ad07fc6fdc0841d249,ok,1,6,16,1.4989,30.0,GOAL DONE,0.2,100,,,,0.8,2026-09-22 19:03:33
392,tomato,ours,03,18,3477809181,experiments_logs/analysis_recent/when_what_original_20260912/00_raw/tomato/scene_03_step50/when_what_ours_thres_0-8_rand_0-4/exp_tomato_20260922_190334_670869.txt,e803e4b29d01ffd0b8ab95a4e5d44de3ef2ac91d809a9661ad0d9d1ba8eb50b9,ok,1,7,16,1.4838,30.0,GOAL DONE,0.2,100,,,,0.8,2026-09-22 19:03:34
393,tomato,random,03,19,2044981513,experiments_logs/analysis_recent/when_what_original_20260912/00_raw/tomato/scene_03_step50/when_what_random_thres_0-8_rand_0-4/exp_tomato_20260922_190335_955318.txt,57566ce3aa2ab9e481c58c0b21281330d63b28b5d526a0fdb5757c2a9de7385f,ok,1,10,14,1.1281,30.0,GOAL DONE,0.2,100,,,,0.8,2026-09-22 19:03:35
394,tomato,ours_when_only,03,19,2044981513,experiments_logs/analysis_recent/when_what_original_20260912/00_raw/tomato/scene_03_step50/when_what_ours_when_only_thres_0-8_rand_0-4/exp_tomato_20260922_190344_983905.txt,305a0e7a4d9e3b9bee39d6da03fc401649809b5f1453823bc422a5e184a6ef38,ok,0,13,50,8.8814,-165.0,MAX STEP,0.2,100,,,,0.8,2026-09-22 19:03:44
395,tomato,ours_what_only,03,19,2044981513,experiments_logs/analysis_recent/when_what_original_20260912/00_raw/tomato/scene_03_step50/when_what_ours_what_only_thres_0-8_rand_0-4/exp_tomato_20260922_190346_255832.txt,bf05b4203b7908d8ef1570446907f31431f1363e785f4768a9106a45a30b07d6,ok,1,7,14,1.1284,30.0,GOAL DONE,0.2,100,,,,0.8,2026-09-22 19:03:46
396,tomato,ours,03,19,2044981513,experiments_logs/analysis_recent/when_what_original_20260912/00_raw/tomato/scene_03_step50/when_what_ours_thres_0-8_rand_0-4/exp_tomato_20260922_190355_325034.txt,dc825789614c6c734185662ea7a790dd920a95077a022747df77e9c6601fa6b1,ok,0,9,50,8.9469,-165.0,MAX STEP,0.2,100,,,,0.8,2026-09-22 19:03:55
397,tomato,random,03,20,4230398581,experiments_logs/analysis_recent/when_what_original_20260912/00_raw/tomato/scene_03_step50/when_what_random_thres_0-8_rand_0-4/exp_tomato_20260922_190356_136747.txt,4f09df7ea08d2686276329cb1f05ab39d06807d21f57a80f0dc129c62ba5ab71,ok,0,4,10,0.6868,20.0,PLAN FAILURE,0.2,100,,,,0.8,2026-09-22 19:03:56
398,tomato,ours_when_only,03,20,4230398581,experiments_logs/analysis_recent/when_what_original_20260912/00_raw/tomato/scene_03_step50/when_what_ours_when_only_thres_0-8_rand_0-4/exp_tomato_20260922_190357_397516.txt,9c8747be74f2827455e62d75872119df7f907c27ff34d801c27a6b4a6d611bd1,ok,1,9,14,1.1104,30.0,GOAL DONE,0.2,100,,,,0.8,2026-09-22 19:03:57
399,tomato,ours_what_only,03,20,4230398581,experiments_logs/analysis_recent/when_what_original_20260912/00_raw/tomato/scene_03_step50/when_what_ours_what_only_thres_0-8_rand_0-4/exp_tomato_20260922_190358_218373.txt,1b676d8349b35b5366adac3a7890fbca1deefb3a626db973b642a72f6682aa40,ok,0,4,10,0.6679,20.0,PLAN FAILURE,0.2,100,,,,0.8,2026-09-22 19:03:58
400,tomato,ours,03,20,4230398581,experiments_logs/analysis_recent/when_what_original_20260912/00_raw/tomato/scene_03_step50/when_what_ours_thres_0-8_rand_0-4/exp_tomato_20260922_190359_469377.txt,30912288fd1e9d3c7a9def37d2864b2e49a6f475e6b8df0ab2d21f10a4b6c575,ok,1,7,14,1.1065,30.0,GOAL DONE,0.2,100,,,,0.8,2026-09-22 19:03:59
401,tomato,random,03,21,3263203136,experiments_logs/analysis_recent/when_what_original_20260912/00_raw/tomato/scene_03_step50/when_what_random_thres_0-8_rand_0-4/exp_tomato_20260922_190400_608720.txt,d20d72e3906db3c3c38aa1bf41c92356ef63530484b4be727fc4881d729c9acb,ok,1,4,13,0.9863,30.0,GOAL DONE,0.2,100,,,,0.8,2026-09-22 19:04:00
402,tomato,ours_when_only,03,21,3263203136,experiments_logs/analysis_recent/when_what_original_20260912/00_raw/tomato/scene_03_step50/when_what_ours_when_only_thres_0-8_rand_0-4/exp_tomato_20260922_190401_745438.txt,22138b8f57fc5e2dd0f4d864091cacf8279dc5afb2d8e4f07ffdf86ab65a6eab,ok,1,13,13,0.9929,30.0,GOAL DONE,0.2,100,,,,0.8,2026-09-22 19:04:01
403,tomato,ours_what_only,03,21,3263203136,experiments_logs/analysis_recent/when_what_original_20260912/00_raw/tomato/scene_03_step50/when_what_ours_what_only_thres_0-8_rand_0-4/exp_tomato_20260922_190402_875304.txt,889e7bb9bae9263c6b58e18d21f0996466d2fc178bfb484df9739f1a3c6f0a79,ok,1,4,13,0.9884,30.0,GOAL DONE,0.2,100,,,,0.8,2026-09-22 19:04:02
404,tomato,ours,03,21,3263203136,experiments_logs/analysis_recent/when_what_original_20260912/00_raw/tomato/scene_03_step50/when_what_ours_thres_0-8_rand_0-4/exp_tomato_20260922_190403_993177.txt,14dfe933cf40ab0b7da5605287a16ea2616f619a9ef06069a3c6c550b17e6fbe,ok,1,7,13,0.969,30.0,GOAL DONE,0.2,100,,,,0.8,2026-09-22 19:04:03
405,tomato,random,03,22,967820595,experiments_logs/analysis_recent/when_what_original_20260912/00_raw/tomato/scene_03_step50/when_what_random_thres_0-8_rand_0-4/exp_tomato_20260922_190405_263018.txt,05e28b6fae5d898b1377e4e52c29a11750a6fc5c4d54e930dc0af9020cc22f4f,ok,1,12,14,1.1261,30.0,GOAL DONE,0.2,100,,,,0.8,2026-09-22 19:04:05
406,tomato,ours_when_only,03,22,967820595,experiments_logs/analysis_recent/when_what_original_20260912/00_raw/tomato/scene_03_step50/when_what_ours_when_only_thres_0-8_rand_0-4/exp_tomato_20260922_190406_514386.txt,1e43de1bc8875c5178079b380a70aefa68dda85e3ab9312cc1b8b78540ba8ad1,ok,1,15,14,1.1061,30.0,GOAL DONE,0.2,100,,,,0.8,2026-09-22 19:04:06
407,tomato,ours_what_only,03,22,967820595,experiments_logs/analysis_recent/when_what_original_20260912/00_raw/tomato/scene_03_step50/when_what_ours_what_only_thres_0-8_rand_0-4/exp_tomato_20260922_190407_747434.txt,2334a2ed37b5513ceeaba330b0a17ee1cc72abdea950404c20702ee3321d0e95,ok,1,8,14,1.0896,30.0,GOAL DONE,0.2,100,,,,0.8,2026-09-22 19:04:07
408,tomato,ours,03,22,967820595,experiments_logs/analysis_recent/when_what_original_20260912/00_raw/tomato/scene_03_step50/when_what_ours_thres_0-8_rand_0-4/exp_tomato_20260922_190409_074897.txt,37cc485038266db5a6aa746ebee8877ed3b09d9c124100f62caedbef1f594ca6,ok,1,9,14,1.1738,30.0,GOAL DONE,0.2,100,,,,0.8,2026-09-22 19:04:09
409,tomato,random,03,23,1796768417,experiments_logs/analysis_recent/when_what_original_20260912/00_raw/tomato/scene_03_step50/when_what_random_thres_0-8_rand_0-4/exp_tomato_20260922_190410_598986.txt,e0d822a272e5b6254a558d22738297d147c83be4a48100cb809070e3c3b38437,ok,1,7,15,1.3393,30.0,GOAL DONE,0.2,100,,,,0.8,2026-09-22 19:04:10
410,tomato,ours_when_only,03,23,1796768417,experiments_logs/analysis_recent/when_what_original_20260912/00_raw/tomato/scene_03_step50/when_what_ours_when_only_thres_0-8_rand_0-4/exp_tomato_20260922_190411_948400.txt,316d6a25dae518ccd723c55487b9e270b7a9cb96b0568c94add0f5b8e56b954c,ok,1,12,14,1.1881,30.0,GOAL DONE,0.2,100,,,,0.8,2026-09-22 19:04:11
411,tomato,ours_what_only,03,23,1796768417,experiments_logs/analysis_recent/when_what_original_20260912/00_raw/tomato/scene_03_step50/when_what_ours_what_only_thres_0-8_rand_0-4/exp_tomato_20260922_190413_459025.txt,c3ccfb9c7510a810977be4c0ee1c469e5a719a3da3cec886518dd8e09974add4,ok,1,5,15,1.3526,30.0,GOAL DONE,0.2,100,,,,0.8,2026-09-22 19:04:13
412,tomato,ours,03,23,1796768417,experiments_logs/analysis_recent/when_what_original_20260912/00_raw/tomato/scene_03_step50/when_what_ours_thres_0-8_rand_0-4/exp_tomato_20260922_190414_833490.txt,3aefbdeea7041772a70421351492c9490c0a50b9ae43e4a75553b07e55b178f3,ok,1,11,14,1.2389,30.0,GOAL DONE,0.2,100,,,,0.8,2026-09-22 19:04:14
413,tomato,random,03,24,4030588023,experiments_logs/analysis_recent/when_what_original_20260912/00_raw/tomato/scene_03_step50/when_what_random_thres_0-8_rand_0-4/exp_tomato_20260922_190416_026993.txt,a0ae48b2a71fe02d8976720604b702b828e9e35cf620949f874e7a0f1e784b58,ok,1,10,13,1.0364,30.0,GOAL DONE,0.2,100,,,,0.8,2026-09-22 19:04:16
414,tomato,ours_when_only,03,24,4030588023,experiments_logs/analysis_recent/when_what_original_20260912/00_raw/tomato/scene_03_step50/when_what_ours_when_only_thres_0-8_rand_0-4/exp_tomato_20260922_190417_231692.txt,dd19809eb93fb977031a5833c777386e270190b4a0168819bf2ae7960bf68649,ok,1,13,13,1.0475,30.0,GOAL DONE,0.2,100,,,,0.8,2026-09-22 19:04:17
415,tomato,ours_what_only,03,24,4030588023,experiments_logs/analysis_recent/when_what_original_20260912/00_raw/tomato/scene_03_step50/when_what_ours_what_only_thres_0-8_rand_0-4/exp_tomato_20260922_190418_404036.txt,0b183f1d19d472f244db8e2bab789a044add5093f810f2cdbc39fcf33ccd7607,ok,1,6,13,1.0212,30.0,GOAL DONE,0.2,100,,,,0.8,2026-09-22 19:04:18
416,tomato,ours,03,24,4030588023,experiments_logs/analysis_recent/when_what_original_20260912/00_raw/tomato/scene_03_step50/when_what_ours_thres_0-8_rand_0-4/exp_tomato_20260922_190419_541369.txt,a03f09f32e94e6d59eecc45994b516fb07e4e5aaf89b0fc94206aa7cc6467cfa,ok,1,7,13,0.9906,30.0,GOAL DONE,0.2,100,,,,0.8,2026-09-22 19:04:19
417,tomato,random,03,25,3228786789,experiments_logs/analysis_recent/when_what_original_20260912/00_raw/tomato/scene_03_step50/when_what_random_thres_0-8_rand_0-4/exp_tomato_20260922_190420_761591.txt,99d91268d09c2576a43f3e20083f947d361363f95d74de832cb0224e3a5b5f1c,ok,1,16,14,1.0765,30.0,GOAL DONE,0.2,100,,,,0.8,2026-09-22 19:04:20
418,tomato,ours_when_only,03,25,3228786789,experiments_logs/analysis_recent/when_what_original_20260912/00_raw/tomato/scene_03_step50/when_what_ours_when_only_thres_0-8_rand_0-4/exp_tomato_20260922_190421_988681.txt,affc1ba5da829d01c38fadcb9a03e2cb6a844645dfed6dc69b6769570d851033,ok,1,13,14,1.0836,30.0,GOAL DONE,0.2,100,,,,0.8,2026-09-22 19:04:21
419,tomato,ours_what_only,03,25,3228786789,experiments_logs/analysis_recent/when_what_original_20260912/00_raw/tomato/scene_03_step50/when_what_ours_what_only_thres_0-8_rand_0-4/exp_tomato_20260922_190423_228277.txt,5d6102599389ae66226cc65bc60454c9f04b3139e126851c01850e7b8085870a,ok,1,13,14,1.0951,30.0,GOAL DONE,0.2,100,,,,0.8,2026-09-22 19:04:23
420,tomato,ours,03,25,3228786789,experiments_logs/analysis_recent/when_what_original_20260912/00_raw/tomato/scene_03_step50/when_what_ours_thres_0-8_rand_0-4/exp_tomato_20260922_190424_494684.txt,27b3963fdcabd46246e1c73c7b98c92c2bc7c6d87ab9f93c0358ee742962725c,ok,1,10,14,1.1215,30.0,GOAL DONE,0.2,100,,,,0.8,2026-09-22 19:04:24
421,tomato,random,03,26,3474177477,experiments_logs/analysis_recent/when_what_original_20260912/00_raw/tomato/scene_03_step50/when_what_random_thres_0-8_rand_0-4/exp_tomato_20260922_190425_700112.txt,4e01c6c71965a991970cdcf2ec17fae4e149453f83b0e1c6642ffdac7103fc62,ok,1,9,14,1.0633,30.0,GOAL DONE,0.2,100,,,,0.8,2026-09-22 19:04:25
422,tomato,ours_when_only,03,26,3474177477,experiments_logs/analysis_recent/when_what_original_20260912/00_raw/tomato/scene_03_step50/when_what_ours_when_only_thres_0-8_rand_0-4/exp_tomato_20260922_190427_557020.txt,64d65d77dfdf55c0fb5c414a667db91082c57598370e8ae09ac83086a43249d2,ok,1,12,17,1.7116,30.0,GOAL DONE,0.2,100,,,,0.8,2026-09-22 19:04:27
423,tomato,ours_what_only,03,26,3474177477,experiments_logs/analysis_recent/when_what_original_20260912/00_raw/tomato/scene_03_step50/when_what_ours_what_only_thres_0-8_rand_0-4/exp_tomato_20260922_190429_405388.txt,b8de16f3459d23fd3bf23eee29390b5c8bfae96d242fceb3cce307c519bc51a9,ok,1,9,17,1.7049,30.0,GOAL DONE,0.2,100,,,,0.8,2026-09-22 19:04:29
424,tomato,ours,03,26,3474177477,experiments_logs/analysis_recent/when_what_original_20260912/00_raw/tomato/scene_03_step50/when_what_ours_thres_0-8_rand_0-4/exp_tomato_20260922_190431_365761.txt,b08586cb088f0b8d61cfd64d6026d146a34254576d8a90f1265a8d483a875387,ok,1,8,17,1.8113,30.0,GOAL DONE,0.2,100,,,,0.8,2026-09-22 19:04:31
425,tomato,random,03,27,3358297345,experiments_logs/analysis_recent/when_what_original_20260912/00_raw/tomato/scene_03_step50/when_what_random_thres_0-8_rand_0-4/exp_tomato_20260922_190433_277682.txt,8a1f31721f917b7b213800f9e300c60d2fb9c30923cd6479cdbaebcfbca56bf0,ok,1,18,18,1.7515,30.0,GOAL DONE,0.2,100,,,,0.8,2026-09-22 19:04:33
426,tomato,ours_when_only,03,27,3358297345,experiments_logs/analysis_recent/when_what_original_20260912/00_raw/tomato/scene_03_step50/when_what_ours_when_only_thres_0-8_rand_0-4/exp_tomato_20260922_190434_504707.txt,e7cca80614f765c66e1a67aa949e963de35bc7b3ecb871daf0792153af0af79d,ok,1,13,14,1.0828,30.0,GOAL DONE,0.2,100,,,,0.8,2026-09-22 19:04:34
427,tomato,ours_what_only,03,27,3358297345,experiments_logs/analysis_recent/when_what_original_20260912/00_raw/tomato/scene_03_step50/when_what_ours_what_only_thres_0-8_rand_0-4/exp_tomato_20260922_190436_360737.txt,09fbfba313d48cb08728f8671c3f7e0299ddff2eab92b38c3e09a665414d65d2,ok,1,13,18,1.7359,30.0,GOAL DONE,0.2,100,,,,0.8,2026-09-22 19:04:36
428,tomato,ours,03,27,3358297345,experiments_logs/analysis_recent/when_what_original_20260912/00_raw/tomato/scene_03_step50/when_what_ours_thres_0-8_rand_0-4/exp_tomato_20260922_190437_595276.txt,3655c2760e020ba502f9c46d283bdb59dca9c8c4c5e8b82c684ef55512b45b22,ok,1,11,14,1.0916,30.0,GOAL DONE,0.2,100,,,,0.8,2026-09-22 19:04:37
429,tomato,random,03,28,233779590,experiments_logs/analysis_recent/when_what_original_20260912/00_raw/tomato/scene_03_step50/when_what_random_thres_0-8_rand_0-4/exp_tomato_20260922_190438_877081.txt,7123439f3fdb3c2f174a8aec10e6ab9ca6d4413d0e099f1073c8e112b63e7d8e,ok,1,8,14,1.1374,30.0,GOAL DONE,0.2,100,,,,0.8,2026-09-22 19:04:38
430,tomato,ours_when_only,03,28,233779590,experiments_logs/analysis_recent/when_what_original_20260912/00_raw/tomato/scene_03_step50/when_what_ours_when_only_thres_0-8_rand_0-4/exp_tomato_20260922_190440_228662.txt,dd739c576addef78bb9465cde084a3946aa0d17a867a9de31ebd6a3c53b6e61b,ok,1,13,15,1.2089,30.0,GOAL DONE,0.2,100,,,,0.8,2026-09-22 19:04:40
431,tomato,ours_what_only,03,28,233779590,experiments_logs/analysis_recent/when_what_original_20260912/00_raw/tomato/scene_03_step50/when_what_ours_what_only_thres_0-8_rand_0-4/exp_tomato_20260922_190441_550205.txt,ad5465adde8554246220ae27923ba243c93cb4d939e57cb6c1399032b39cf649,ok,1,8,14,1.1782,30.0,GOAL DONE,0.2,100,,,,0.8,2026-09-22 19:04:41
432,tomato,ours,03,28,233779590,experiments_logs/analysis_recent/when_what_original_20260912/00_raw/tomato/scene_03_step50/when_what_ours_thres_0-8_rand_0-4/exp_tomato_20260922_190442_841729.txt,631a73e961df265c14e4c845e62ccb7e4f41cd49b954bbc97a28e2b616d6df2b,ok,1,10,15,1.1517,30.0,GOAL DONE,0.2,100,,,,0.8,2026-09-22 19:04:42
433,tomato,random,03,29,2007776939,experiments_logs/analysis_recent/when_what_original_20260912/00_raw/tomato/scene_03_step50/when_what_random_thres_0-8_rand_0-4/exp_tomato_20260922_190444_200398.txt,de1c0a2ae11621f8a76d57724dcb4385d02aba175aa6f54769afb354846f0aeb,ok,1,4,14,1.2059,30.0,GOAL DONE,0.2,100,,,,0.8,2026-09-22 19:04:44
434,tomato,ours_when_only,03,29,2007776939,experiments_logs/analysis_recent/when_what_original_20260912/00_raw/tomato/scene_03_step50/when_what_ours_when_only_thres_0-8_rand_0-4/exp_tomato_20260922_190445_558376.txt,c4760624b6d9efc9e1617eded6f8d3f7c5c7f82148ec64fef5c37be482e5454f,ok,1,18,15,1.215,25.0,GOAL DONE,0.2,100,,,,0.8,2026-09-22 19:04:45
435,tomato,ours_what_only,03,29,2007776939,experiments_logs/analysis_recent/when_what_original_20260912/00_raw/tomato/scene_03_step50/when_what_ours_what_only_thres_0-8_rand_0-4/exp_tomato_20260922_190446_915883.txt,94d1a1e4a1ece4d4e371836006715f0ba76ff378ec9c66411b7d69bcc8d354ab,ok,1,4,14,1.2023,30.0,GOAL DONE,0.2,100,,,,0.8,2026-09-22 19:04:46
436,tomato,ours,03,29,2007776939,experiments_logs/analysis_recent/when_what_original_20260912/00_raw/tomato/scene_03_step50/when_what_ours_thres_0-8_rand_0-4/exp_tomato_20260922_190448_266460.txt,645885ae9ee5f098df8dcf56530dd0595bde646342d894908fdaf60d446bd1ce,ok,1,14,15,1.2023,25.0,GOAL DONE,0.2,100,,,,0.8,2026-09-22 19:04:48
437,tomato,random,03,30,2922766578,experiments_logs/analysis_recent/when_what_original_20260912/00_raw/tomato/scene_03_step50/when_what_random_thres_0-8_rand_0-4/exp_tomato_20260922_190449_461544.txt,e44e51bfe8290039b11ac16522d8c0129318368f4a533f9457e3810b32e0c949,ok,1,10,13,1.0271,30.0,GOAL DONE,0.2,100,,,,0.8,2026-09-22 19:04:49
438,tomato,ours_when_only,03,30,2922766578,experiments_logs/analysis_recent/when_what_original_20260912/00_raw/tomato/scene_03_step50/when_what_ours_when_only_thres_0-8_rand_0-4/exp_tomato_20260922_190450_651191.txt,9a29ac6ca08df5fc4092be38501fd08c7c51379c100ca26f500fc44a91985fd0,ok,1,13,13,1.0277,30.0,GOAL DONE,0.2,100,,,,0.8,2026-09-22 19:04:50
439,tomato,ours_what_only,03,30,2922766578,experiments_logs/analysis_recent/when_what_original_20260912/00_raw/tomato/scene_03_step50/when_what_ours_what_only_thres_0-8_rand_0-4/exp_tomato_20260922_190451_840404.txt,e35120cb2a246f638d7ea1f435b2114316bf07ed3398a856345f07d26cc13a7f,ok,1,6,13,1.0495,30.0,GOAL DONE,0.2,100,,,,0.8,2026-09-22 19:04:51
440,tomato,ours,03,30,2922766578,experiments_logs/analysis_recent/when_what_original_20260912/00_raw/tomato/scene_03_step50/when_what_ours_thres_0-8_rand_0-4/exp_tomato_20260922_190453_007364.txt,5f81c2c08b2184a8d4851e7ec60fa6a477cc2587ff06d9950034b609a124683b,ok,1,7,13,1.0207,30.0,GOAL DONE,0.2,100,,,,0.8,2026-09-22 19:04:53
441,tomato,random,03,31,1196868928,experiments_logs/analysis_recent/when_what_original_20260912/00_raw/tomato/scene_03_step50/when_what_random_thres_0-8_rand_0-4/exp_tomato_20260922_190454_123363.txt,9f89454c9406faee09d3ab350b5dfb2ca50b5cd5a85331d775b7b564b78027b9,ok,1,8,13,0.9618,30.0,GOAL DONE,0.2,100,,,,0.8,2026-09-22 19:04:54
442,tomato,ours_when_only,03,31,1196868928,experiments_logs/analysis_recent/when_what_original_20260912/00_raw/tomato/scene_03_step50/when_what_ours_when_only_thres_0-8_rand_0-4/exp_tomato_20260922_190455_245092.txt,6f36d6ae6045d9e050ccc4ab32399208b47bfdb8e0bb38affc24ed716d8350b3,ok,1,13,13,0.9732,30.0,GOAL DONE,0.2,100,,,,0.8,2026-09-22 19:04:55
443,tomato,ours_what_only,03,31,1196868928,experiments_logs/analysis_recent/when_what_original_20260912/00_raw/tomato/scene_03_step50/when_what_ours_what_only_thres_0-8_rand_0-4/exp_tomato_20260922_190456_334623.txt,60851ae59b831ac831a77efecf9dd90ff6e04866d15838e493801a6265ff3f25,ok,1,7,13,0.9484,30.0,GOAL DONE,0.2,100,,,,0.8,2026-09-22 19:04:56
444,tomato,ours,03,31,1196868928,experiments_logs/analysis_recent/when_what_original_20260912/00_raw/tomato/scene_03_step50/when_what_ours_thres_0-8_rand_0-4/exp_tomato_20260922_190457_441961.txt,1c124b55af139847f08c4e406d15469fc4e2b5dac8f63b8b5e97eb754e358a33,ok,1,8,13,0.9854,30.0,GOAL DONE,0.2,100,,,,0.8,2026-09-22 19:04:57
445,tomato,random,03,32,1544750338,experiments_logs/analysis_recent/when_what_original_20260912/00_raw/tomato/scene_03_step50/when_what_random_thres_0-8_rand_0-4/exp_tomato_20260922_190458_715762.txt,50d8e97b7038c03a6e1f8ab0cb55a4e91b168003700bc8937c59161fe2051b6b,ok,1,2,14,1.1278,30.0,GOAL DONE,0.2,100,,,,0.8,2026-09-22 19:04:58
446,tomato,ours_when_only,03,32,1544750338,experiments_logs/analysis_recent/when_what_original_20260912/00_raw/tomato/scene_03_step50/when_what_ours_when_only_thres_0-8_rand_0-4/exp_tomato_20260922_190500_030181.txt,b1c119542d119712351efd74cf8099a1b8328e22de7c0579568fedfec10f8583,ok,1,15,14,1.1721,30.0,GOAL DONE,0.2,100,,,,0.8,2026-09-22 19:05:00
447,tomato,ours_what_only,03,32,1544750338,experiments_logs/analysis_recent/when_what_original_20260912/00_raw/tomato/scene_03_step50/when_what_ours_what_only_thres_0-8_rand_0-4/exp_tomato_20260922_190501_330358.txt,daaf096fe6f62f7bc6583cfeb70366194911ad31cb8f535568a316965b833182,ok,1,2,14,1.1432,30.0,GOAL DONE,0.2,100,,,,0.8,2026-09-22 19:05:01
448,tomato,ours,03,32,1544750338,experiments_logs/analysis_recent/when_what_original_20260912/00_raw/tomato/scene_03_step50/when_what_ours_thres_0-8_rand_0-4/exp_tomato_20260922_190502_613136.txt,7ec67b7a683c29e361704e0266643ec05531612fbdd834fa913ade17543bd067,ok,1,10,14,1.1331,30.0,GOAL DONE,0.2,100,,,,0.8,2026-09-22 19:05:02
449,tomato,random,03,33,1002337662,experiments_logs/analysis_recent/when_what_original_20260912/00_raw/tomato/scene_03_step50/when_what_random_thres_0-8_rand_0-4/exp_tomato_20260922_190503_876123.txt,7a12c9d7059a61951d710df0e3248864cbf7d066f5b26f4e5e20742ca921ce65,ok,1,12,14,1.1181,30.0,GOAL DONE,0.2,100,,,,0.8,2026-09-22 19:05:03
450,tomato,ours_when_only,03,33,1002337662,experiments_logs/analysis_recent/when_what_original_20260912/00_raw/tomato/scene_03_step50/when_what_ours_when_only_thres_0-8_rand_0-4/exp_tomato_20260922_190505_149093.txt,d35fee8ff49e99f788827b83344ed8782bbf492ca669aad494cc965c5443eb83,ok,1,14,14,1.1272,30.0,GOAL DONE,0.2,100,,,,0.8,2026-09-22 19:05:05
451,tomato,ours_what_only,03,33,1002337662,experiments_logs/analysis_recent/when_what_original_20260912/00_raw/tomato/scene_03_step50/when_what_ours_what_only_thres_0-8_rand_0-4/exp_tomato_20260922_190506_410205.txt,eb5b365c30a2f285f09873615571912e193efe5310d03842ecd94774cbe52983,ok,1,10,14,1.1229,30.0,GOAL DONE,0.2,100,,,,0.8,2026-09-22 19:05:06
452,tomato,ours,03,33,1002337662,experiments_logs/analysis_recent/when_what_original_20260912/00_raw/tomato/scene_03_step50/when_what_ours_thres_0-8_rand_0-4/exp_tomato_20260922_190507_679424.txt,8ebd48f483647f7b950029ae51290dd8df5f0216696ef096c1919a48a2ecf3ba,ok,1,9,14,1.124,30.0,GOAL DONE,0.2,100,,,,0.8,2026-09-22 19:05:07
453,tomato,random,03,34,4198146161,experiments_logs/analysis_recent/when_what_original_20260912/00_raw/tomato/scene_03_step50/when_what_random_thres_0-8_rand_0-4/exp_tomato_20260922_190508_935307.txt,a751f698caa29098900cb58a56bc6783142c9226ec7cbdfd2bc4edf1ac316aa0,ok,1,13,14,1.1138,30.0,GOAL DONE,0.2,100,,,,0.8,2026-09-22 19:05:08
454,tomato,ours_when_only,03,34,4198146161,experiments_logs/analysis_recent/when_what_original_20260912/00_raw/tomato/scene_03_step50/when_what_ours_when_only_thres_0-8_rand_0-4/exp_tomato_20260922_190510_209726.txt,d83cb9dceec9517034f72996a80c66c77b180de698c8f96affa582bbff8635f9,ok,1,15,14,1.1192,30.0,GOAL DONE,0.2,100,,,,0.8,2026-09-22 19:05:10
455,tomato,ours_what_only,03,34,4198146161,experiments_logs/analysis_recent/when_what_original_20260912/00_raw/tomato/scene_03_step50/when_what_ours_what_only_thres_0-8_rand_0-4/exp_tomato_20260922_190511_422073.txt,04ab20d1dabea1ab013d2797238510a1a371589e152bfdc118414d6845e90ed1,ok,1,9,14,1.0711,30.0,GOAL DONE,0.2,100,,,,0.8,2026-09-22 19:05:11
456,tomato,ours,03,34,4198146161,experiments_logs/analysis_recent/when_what_original_20260912/00_raw/tomato/scene_03_step50/when_what_ours_thres_0-8_rand_0-4/exp_tomato_20260922_190512_655466.txt,5fe676081e8b6c2f1f881487650cb59aa31cf97a88a448f1bd2ded4bff38f831,ok,1,12,14,1.0845,30.0,GOAL DONE,0.2,100,,,,0.8,2026-09-22 19:05:12
457,tomato,random,03,35,1680203768,experiments_logs/analysis_recent/when_what_original_20260912/00_raw/tomato/scene_03_step50/when_what_random_thres_0-8_rand_0-4/exp_tomato_20260922_190513_004156.txt,ef90d5809f9cb6ffd738e8a12583955602d53ef3f3c4057c99ed1bd3007d741b,ok,0,7,5,0.2078,0.0,PLAN FAILURE,0.2,100,,,,0.8,2026-09-22 19:05:13
458,tomato,ours_when_only,03,35,1680203768,experiments_logs/analysis_recent/when_what_original_20260912/00_raw/tomato/scene_03_step50/when_what_ours_when_only_thres_0-8_rand_0-4/exp_tomato_20260922_190514_300774.txt,ae64c571ab9d6dbee59ad2b78d23c6fab51c14793ff1cc2e660fe3b0dc1081e3,ok,1,13,14,1.1519,30.0,GOAL DONE,0.2,100,,,,0.8,2026-09-22 19:05:14
459,tomato,ours_what_only,03,35,1680203768,experiments_logs/analysis_recent/when_what_original_20260912/00_raw/tomato/scene_03_step50/when_what_ours_what_only_thres_0-8_rand_0-4/exp_tomato_20260922_190514_668819.txt,95e9cf63ea56419b72a1bed49a37f92ac00158bb493376f975e16bf126f84bbd,ok,0,6,5,0.2193,0.0,PLAN FAILURE,0.2,100,,,,0.8,2026-09-22 19:05:14
460,tomato,ours,03,35,1680203768,experiments_logs/analysis_recent/when_what_original_20260912/00_raw/tomato/scene_03_step50/when_what_ours_thres_0-8_rand_0-4/exp_tomato_20260922_190515_972188.txt,7989c61df85e4f6eb036049e2d812a8a3980fbcbda289be6d34a6ad2b7dbb8ee,ok,1,9,14,1.1819,30.0,GOAL DONE,0.2,100,,,,0.8,2026-09-22 19:05:15
461,tomato,random,03,36,150974720,experiments_logs/analysis_recent/when_what_original_20260912/00_raw/tomato/scene_03_step50/when_what_random_thres_0-8_rand_0-4/exp_tomato_20260922_190517_193110.txt,1403d5c6b29150108e09a1729c911798a7fbf51ed9aebd26185a7980a8130420,ok,1,18,14,1.1025,30.0,GOAL DONE,0.2,100,,,,0.8,2026-09-22 19:05:17
462,tomato,ours_when_only,03,36,150974720,experiments_logs/analysis_recent/when_what_original_20260912/00_raw/tomato/scene_03_step50/when_what_ours_when_only_thres_0-8_rand_0-4/exp_tomato_20260922_190518_463471.txt,ea7c811b098970c3413b01a991df42fa96b6c6ebfc92329a5144264c146947bb,ok,1,14,15,1.1271,30.0,GOAL DONE,0.2,100,,,,0.8,2026-09-22 19:05:18
463,tomato,ours_what_only,03,36,150974720,experiments_logs/analysis_recent/when_what_original_20260912/00_raw/tomato/scene_03_step50/when_what_ours_what_only_thres_0-8_rand_0-4/exp_tomato_20260922_190519_693926.txt,8fa71940b2aa889dc53bd9dbfc6dbd584c505ec254f21b64514d6fdfad0fa2f1,ok,1,11,14,1.0915,30.0,GOAL DONE,0.2,100,,,,0.8,2026-09-22 19:05:19
464,tomato,ours,03,36,150974720,experiments_logs/analysis_recent/when_what_original_20260912/00_raw/tomato/scene_03_step50/when_what_ours_thres_0-8_rand_0-4/exp_tomato_20260922_190520_957945.txt,5b953928030b5b5469499a144604631da00108a46d5f5395441fea411f5409f5,ok,1,10,15,1.1233,30.0,GOAL DONE,0.2,100,,,,0.8,2026-09-22 19:05:20
465,tomato,random,03,37,1928995892,experiments_logs/analysis_recent/when_what_original_20260912/00_raw/tomato/scene_03_step50/when_what_random_thres_0-8_rand_0-4/exp_tomato_20260922_190522_098085.txt,f22502c7d2d47416514e750a0d2270d7d1c89c598135b55af5b3e0f58f16403d,ok,1,9,13,0.9796,30.0,GOAL DONE,0.2,100,,,,0.8,2026-09-22 19:05:22
466,tomato,ours_when_only,03,37,1928995892,experiments_logs/analysis_recent/when_what_original_20260912/00_raw/tomato/scene_03_step50/when_what_ours_when_only_thres_0-8_rand_0-4/exp_tomato_20260922_190523_229917.txt,69d2152c75d1b4fdb8719d756c7a948cb1b134ffa447adc0fe35ad80f1679ea0,ok,1,11,13,0.9848,30.0,GOAL DONE,0.2,100,,,,0.8,2026-09-22 19:05:23
467,tomato,ours_what_only,03,37,1928995892,experiments_logs/analysis_recent/when_what_original_20260912/00_raw/tomato/scene_03_step50/when_what_ours_what_only_thres_0-8_rand_0-4/exp_tomato_20260922_190524_387557.txt,063e96d7485ae2768d9a6149a03f31cbc9262b512c4dc0921d14d984d5dd151f,ok,1,5,13,1.0075,30.0,GOAL DONE,0.2,100,,,,0.8,2026-09-22 19:05:24
468,tomato,ours,03,37,1928995892,experiments_logs/analysis_recent/when_what_original_20260912/00_raw/tomato/scene_03_step50/when_what_ours_thres_0-8_rand_0-4/exp_tomato_20260922_190525_497352.txt,c096db21bf265c1f600c0672fd2f10dde90641aa3d7e29c9c7a584c5801ef304,ok,1,7,13,0.9689,30.0,GOAL DONE,0.2,100,,,,0.8,2026-09-22 19:05:25
469,tomato,random,03,38,2448796140,experiments_logs/analysis_recent/when_what_original_20260912/00_raw/tomato/scene_03_step50/when_what_random_thres_0-8_rand_0-4/exp_tomato_20260922_190526_802420.txt,5724e9e95942b2b392a1f86b4150c5d9e8e25fc268019a3de4ab21984b30f826,ok,1,16,14,1.155,30.0,GOAL DONE,0.2,100,,,,0.8,2026-09-22 19:05:26
470,tomato,ours_when_only,03,38,2448796140,experiments_logs/analysis_recent/when_what_original_20260912/00_raw/tomato/scene_03_step50/when_what_ours_when_only_thres_0-8_rand_0-4/exp_tomato_20260922_190528_104113.txt,ce3e2057b4122486e44e3b12b0bf2c579d4c36abb39381a0653d71fcc0f08358,ok,1,13,14,1.1549,30.0,GOAL DONE,0.2,100,,,,0.8,2026-09-22 19:05:28
471,tomato,ours_what_only,03,38,2448796140,experiments_logs/analysis_recent/when_what_original_20260912/00_raw/tomato/scene_03_step50/when_what_ours_what_only_thres_0-8_rand_0-4/exp_tomato_20260922_190529_440058.txt,8d40f8cb4627e63e891aab38f5f251f65fa3eed6638fbafa840ce61d16fa92bb,ok,1,11,14,1.1888,30.0,GOAL DONE,0.2,100,,,,0.8,2026-09-22 19:05:29
472,tomato,ours,03,38,2448796140,experiments_logs/analysis_recent/when_what_original_20260912/00_raw/tomato/scene_03_step50/when_what_ours_thres_0-8_rand_0-4/exp_tomato_20260922_190530_705969.txt,c2dfa4ce03db8a92d2757adf9fa6a6d9c8b14a2d09fdab2ede3d7d4ab0c12383,ok,1,9,14,1.15,30.0,GOAL DONE,0.2,100,,,,0.8,2026-09-22 19:05:30
473,tomato,random,03,39,1569535276,experiments_logs/analysis_recent/when_what_original_20260912/00_raw/tomato/scene_03_step50/when_what_random_thres_0-8_rand_0-4/exp_tomato_20260922_190531_172601.txt,d9931f942fb1e9a51f2f77a7b2ec0baeb6b681b1e95454d64bc132b82074316e,ok,0,0,5,0.3255,0.0,PLAN FAILURE,0.2,100,,,,0.8,2026-09-22 19:05:31
474,tomato,ours_when_only,03,39,1569535276,experiments_logs/analysis_recent/when_what_original_20260912/00_raw/tomato/scene_03_step50/when_what_ours_when_only_thres_0-8_rand_0-4/exp_tomato_20260922_190532_601201.txt,30bc67975f59b1ca2659fa788974346c0a19da36d0114af11f3f48461464c1de,ok,1,15,15,1.3109,30.0,GOAL DONE,0.2,100,,,,0.8,2026-09-22 19:05:32
475,tomato,ours_what_only,03,39,1569535276,experiments_logs/analysis_recent/when_what_original_20260912/00_raw/tomato/scene_03_step50/when_what_ours_what_only_thres_0-8_rand_0-4/exp_tomato_20260922_190533_096387.txt,25d9d7402a81afa1a15fa299ab182e22f6b3ff4a79d762662b3acb1e20c9c21c,ok,0,0,5,0.3465,0.0,PLAN FAILURE,0.2,100,,,,0.8,2026-09-22 19:05:33
476,tomato,ours,03,39,1569535276,experiments_logs/analysis_recent/when_what_original_20260912/00_raw/tomato/scene_03_step50/when_what_ours_thres_0-8_rand_0-4/exp_tomato_20260922_190534_561896.txt,c4cdb1a55a81b61163b17216a9f2d54535dce32d5e22630623e06aead8d6ec2b,ok,1,11,15,1.3247,30.0,GOAL DONE,0.2,100,,,,0.8,2026-09-22 19:05:34
477,tomato,random,03,40,309493543,experiments_logs/analysis_recent/when_what_original_20260912/00_raw/tomato/scene_03_step50/when_what_random_thres_0-8_rand_0-4/exp_tomato_20260922_190535_679535.txt,0d124aa156062aa6600f61b9f950c497015c26984c43ba45d88ffa9f44d839ef,ok,1,5,13,0.9668,30.0,GOAL DONE,0.2,100,,,,0.8,2026-09-22 19:05:35
478,tomato,ours_when_only,03,40,309493543,experiments_logs/analysis_recent/when_what_original_20260912/00_raw/tomato/scene_03_step50/when_what_ours_when_only_thres_0-8_rand_0-4/exp_tomato_20260922_190536_789559.txt,f8ab859d87edcbb11b1558d9ab96ef8388828a439e6d1c901637e7103a339430,ok,1,13,13,0.9654,30.0,GOAL DONE,0.2,100,,,,0.8,2026-09-22 19:05:36
479,tomato,ours_what_only,03,40,309493543,experiments_logs/analysis_recent/when_what_original_20260912/00_raw/tomato/scene_03_step50/when_what_ours_what_only_thres_0-8_rand_0-4/exp_tomato_20260922_190537_910507.txt,3bf0622777e58002008fd79ad695241b7c0f98b3943e25b2828157edaa631e9b,ok,1,4,13,0.9709,30.0,GOAL DONE,0.2,100,,,,0.8,2026-09-22 19:05:37
480,tomato,ours,03,40,309493543,experiments_logs/analysis_recent/when_what_original_20260912/00_raw/tomato/scene_03_step50/when_what_ours_thres_0-8_rand_0-4/exp_tomato_20260922_190539_036116.txt,9c0f6b4294b0aa36a20e2fabe749e66245ffff2c4f03900f570460bfd0f87a02,ok,1,10,13,0.9652,30.0,GOAL DONE,0.2,100,,,,0.8,2026-09-22 19:05:39
481,tomato,random,04,1,2060109387,experiments_logs/analysis_recent/when_what_original_20260912/00_raw/tomato/scene_04_step50/when_what_random_thres_0-8_rand_0-4/exp_tomato_20260922_190540_305543.txt,27f88c987bfa6b337230d96a22e685e665c0a098ad50bdcd03680e77de45aecb,ok,1,9,14,1.1211,30.0,GOAL DONE,0.2,100,,,,0.8,2026-09-22 19:05:40
482,tomato,ours_when_only,04,1,2060109387,experiments_logs/analysis_recent/when_what_original_20260912/00_raw/tomato/scene_04_step50/when_what_ours_when_only_thres_0-8_rand_0-4/exp_tomato_20260922_190541_602564.txt,1751012afa4768bd91e76565d956ac7686edfd98706437f2b89f7d68888fe0d5,ok,1,10,14,1.1505,30.0,GOAL DONE,0.2,100,,,,0.8,2026-09-22 19:05:41
483,tomato,ours_what_only,04,1,2060109387,experiments_logs/analysis_recent/when_what_original_20260912/00_raw/tomato/scene_04_step50/when_what_ours_what_only_thres_0-8_rand_0-4/exp_tomato_20260922_190542_900771.txt,9385b4c601fdbbd448b9bf94a1e82256ed088c403a01ef6492995ce70ecc3c4f,ok,1,9,14,1.1564,30.0,GOAL DONE,0.2,100,,,,0.8,2026-09-22 19:05:42
484,tomato,ours,04,1,2060109387,experiments_logs/analysis_recent/when_what_original_20260912/00_raw/tomato/scene_04_step50/when_what_ours_thres_0-8_rand_0-4/exp_tomato_20260922_190544_170299.txt,e17d04a2b908547d9fea6a1ed1f284c8ea9445197bbd62d53c3e148113dfc026,ok,1,9,14,1.129,30.0,GOAL DONE,0.2,100,,,,0.8,2026-09-22 19:05:44
485,tomato,random,04,2,1679692269,experiments_logs/analysis_recent/when_what_original_20260912/00_raw/tomato/scene_04_step50/when_what_random_thres_0-8_rand_0-4/exp_tomato_20260922_190545_461851.txt,7c742782831e5dd8e1e5011f1b5b3f5b59c76385103f597301a7f415984e2f0e,ok,1,15,15,1.1722,30.0,GOAL DONE,0.2,100,,,,0.8,2026-09-22 19:05:45
486,tomato,ours_when_only,04,2,1679692269,experiments_logs/analysis_recent/when_what_original_20260912/00_raw/tomato/scene_04_step50/when_what_ours_when_only_thres_0-8_rand_0-4/exp_tomato_20260922_190546_771312.txt,76103efedd3141c31e7f35ed6c558254ba280244575f211ed1f36de5241f3aaf,ok,1,15,15,1.1626,30.0,GOAL DONE,0.2,100,,,,0.8,2026-09-22 19:05:46
487,tomato,ours_what_only,04,2,1679692269,experiments_logs/analysis_recent/when_what_original_20260912/00_raw/tomato/scene_04_step50/when_what_ours_what_only_thres_0-8_rand_0-4/exp_tomato_20260922_190548_110410.txt,2ad682066655ec082fe69510d24f41fef55148269983f452b1f8691001641192,ok,1,12,15,1.1876,30.0,GOAL DONE,0.2,100,,,,0.8,2026-09-22 19:05:48
488,tomato,ours,04,2,1679692269,experiments_logs/analysis_recent/when_what_original_20260912/00_raw/tomato/scene_04_step50/when_what_ours_thres_0-8_rand_0-4/exp_tomato_20260922_190549_409846.txt,4a1c5def2abc4b94cebe4ba161d5a403a7c4e93d87ca01f69d47c5f47c0d3b00,ok,1,12,15,1.1513,30.0,GOAL DONE,0.2,100,,,,0.8,2026-09-22 19:05:49
489,tomato,random,04,3,1261364247,experiments_logs/analysis_recent/when_what_original_20260912/00_raw/tomato/scene_04_step50/when_what_random_thres_0-8_rand_0-4/exp_tomato_20260922_190550_676589.txt,2c4697a0fe45714698db3370a2b7e207c45d5f4568a29f6bd2513d889fabbbd3,ok,1,15,14,1.1128,30.0,GOAL DONE,0.2,100,,,,0.8,2026-09-22 19:05:50
490,tomato,ours_when_only,04,3,1261364247,experiments_logs/analysis_recent/when_what_original_20260912/00_raw/tomato/scene_04_step50/when_what_ours_when_only_thres_0-8_rand_0-4/exp_tomato_20260922_190551_963714.txt,dad13a793cddc407e8890a90e3713540df67026247ffa33f5317ac1092fda074,ok,1,14,14,1.1247,30.0,GOAL DONE,0.2,100,,,,0.8,2026-09-22 19:05:51
491,tomato,ours_what_only,04,3,1261364247,experiments_logs/analysis_recent/when_what_original_20260912/00_raw/tomato/scene_04_step50/when_what_ours_what_only_thres_0-8_rand_0-4/exp_tomato_20260922_190553_250545.txt,6afe6bf8f32ba26e665903a0bd36f1257ba959df931fd723575d93f2c691245a,ok,1,13,14,1.1367,30.0,GOAL DONE,0.2,100,,,,0.8,2026-09-22 19:05:53
492,tomato,ours,04,3,1261364247,experiments_logs/analysis_recent/when_what_original_20260912/00_raw/tomato/scene_04_step50/when_what_ours_thres_0-8_rand_0-4/exp_tomato_20260922_190554_520325.txt,af67b17a5972be7f94772cb36314b2b91019e50b478de25bba964fa9d47c3867,ok,1,10,14,1.1215,30.0,GOAL DONE,0.2,100,,,,0.8,2026-09-22 19:05:54
493,tomato,random,04,4,284865253,experiments_logs/analysis_recent/when_what_original_20260912/00_raw/tomato/scene_04_step50/when_what_random_thres_0-8_rand_0-4/exp_tomato_20260922_190555_639507.txt,feb74fcb376960d954764e60ff78bae6b847e54cde685b20b067113afd627611,ok,1,13,13,0.9706,30.0,GOAL DONE,0.2,100,,,,0.8,2026-09-22 19:05:55
494,tomato,ours_when_only,04,4,284865253,experiments_logs/analysis_recent/when_what_original_20260912/00_raw/tomato/scene_04_step50/when_what_ours_when_only_thres_0-8_rand_0-4/exp_tomato_20260922_190556_918413.txt,6a16b1ab6e926da8dbaeead4179c33b206a9f5c5c1f9ee9cbfa94a561af8d7b5,ok,1,17,15,1.134,30.0,GOAL DONE,0.2,100,,,,0.8,2026-09-22 19:05:56
495,tomato,ours_what_only,04,4,284865253,experiments_logs/analysis_recent/when_what_original_20260912/00_raw/tomato/scene_04_step50/when_what_ours_what_only_thres_0-8_rand_0-4/exp_tomato_20260922_190558_233523.txt,2689917c6c00aa2759ec01ab7146732ca52649a11369f89198d620486c6f2771,ok,1,10,14,1.1699,30.0,GOAL DONE,0.2,100,,,,0.8,2026-09-22 19:05:58
496,tomato,ours,04,4,284865253,experiments_logs/analysis_recent/when_what_original_20260912/00_raw/tomato/scene_04_step50/when_what_ours_thres_0-8_rand_0-4/exp_tomato_20260922_190559_579357.txt,91a0447d183f58388a0000d07066f3a072b99fdd6ebbc7826ae9540aeff27c5c,ok,1,8,15,1.1837,30.0,GOAL DONE,0.2,100,,,,0.8,2026-09-22 19:05:59
497,tomato,random,04,5,2973668515,experiments_logs/analysis_recent/when_what_original_20260912/00_raw/tomato/scene_04_step50/when_what_random_thres_0-8_rand_0-4/exp_tomato_20260922_190600_725149.txt,559334f78a3cac0f503317ba43a6282e717cdc50dc6a0fcd2ac0df9ba076f617,ok,0,11,13,0.9994,20.0,PLAN FAILURE,0.2,100,,,,0.8,2026-09-22 19:06:00
498,tomato,ours_when_only,04,5,2973668515,experiments_logs/analysis_recent/when_what_original_20260912/00_raw/tomato/scene_04_step50/when_what_ours_when_only_thres_0-8_rand_0-4/exp_tomato_20260922_190601_888893.txt,868c8065b294e6dd0f4fbb9e0afe0f255bc34c70665c414cc6e84f0b46db6aaa,ok,1,11,13,1.0178,30.0,GOAL DONE,0.2,100,,,,0.8,2026-09-22 19:06:01
499,tomato,ours_what_only,04,5,2973668515,experiments_logs/analysis_recent/when_what_original_20260912/00_raw/tomato/scene_04_step50/when_what_ours_what_only_thres_0-8_rand_0-4/exp_tomato_20260922_190603_469107.txt,07b146730ee8f7b785a6d229f69d5b52f69d5f9bec3bb8adb496819b7cfad613,ok,1,7,15,1.4214,30.0,GOAL DONE,0.2,100,,,,0.8,2026-09-22 19:06:03
500,tomato,ours,04,5,2973668515,experiments_logs/analysis_recent/when_what_original_20260912/00_raw/tomato/scene_04_step50/when_what_ours_thres_0-8_rand_0-4/exp_tomato_20260922_190605_017267.txt,079a577c061188158847ee9d44a860735ace5b4141dfc3561088d50d40a89165,ok,1,6,15,1.4072,30.0,GOAL DONE,0.2,100,,,,0.8,2026-09-22 19:06:05
501,tomato,random,04,6,3582784855,experiments_logs/analysis_recent/when_what_original_20260912/00_raw/tomato/scene_04_step50/when_what_random_thres_0-8_rand_0-4/exp_tomato_20260922_190605_503302.txt,fcdebf78ba002afb4a5e2f726adbe79324c3ce392bb23e0f28fdff9392a42d94,ok,0,2,5,0.3364,0.0,PLAN FAILURE,0.2,100,,,,0.8,2026-09-22 19:06:05
502,tomato,ours_when_only,04,6,3582784855,experiments_logs/analysis_recent/when_what_original_20260912/00_raw/tomato/scene_04_step50/when_what_ours_when_only_thres_0-8_rand_0-4/exp_tomato_20260922_190606_810356.txt,98869448a832b517893c17be3c62ca498c7d1f0d7d1e7a251ba4f4273821fd3b,ok,1,16,15,1.1866,30.0,GOAL DONE,0.2,100,,,,0.8,2026-09-22 19:06:06
503,tomato,ours_what_only,04,6,3582784855,experiments_logs/analysis_recent/when_what_original_20260912/00_raw/tomato/scene_04_step50/when_what_ours_what_only_thres_0-8_rand_0-4/exp_tomato_20260922_190607_278557.txt,585490ed0bef871177f38d9e366cdefd08c9235a96c79c1b91ae3682332cc2e8,ok,0,2,5,0.3265,0.0,PLAN FAILURE,0.2,100,,,,0.8,2026-09-22 19:06:07
504,tomato,ours,04,6,3582784855,experiments_logs/analysis_recent/when_what_original_20260912/00_raw/tomato/scene_04_step50/when_what_ours_thres_0-8_rand_0-4/exp_tomato_20260922_190608_622573.txt,077e25028d89c4d926ac9a09a9738676fc0ecfbd02acee50380ff38da4305a7e,ok,1,15,15,1.1907,30.0,GOAL DONE,0.2,100,,,,0.8,2026-09-22 19:06:08
505,tomato,random,04,7,3635852060,experiments_logs/analysis_recent/when_what_original_20260912/00_raw/tomato/scene_04_step50/when_what_random_thres_0-8_rand_0-4/exp_tomato_20260922_190609_899371.txt,2b300709f6e784d87a10aa8bb2e0e4c32ac399cba32565f30c5e0a8b8b8af5d7,ok,1,4,14,1.1324,30.0,GOAL DONE,0.2,100,,,,0.8,2026-09-22 19:06:09
506,tomato,ours_when_only,04,7,3635852060,experiments_logs/analysis_recent/when_what_original_20260912/00_raw/tomato/scene_04_step50/when_what_ours_when_only_thres_0-8_rand_0-4/exp_tomato_20260922_190611_211068.txt,cb948493ace2fb5070f26b4465b969786b05db73e6520cb7bbe74d36f725fd3e,ok,1,18,14,1.1576,30.0,GOAL DONE,0.2,100,,,,0.8,2026-09-22 19:06:11
507,tomato,ours_what_only,04,7,3635852060,experiments_logs/analysis_recent/when_what_original_20260912/00_raw/tomato/scene_04_step50/when_what_ours_what_only_thres_0-8_rand_0-4/exp_tomato_20260922_190612_508038.txt,52fc6a56485af055d85457d13430d4f036987eba7073bb5000f426d2cfe2466a,ok,1,5,14,1.1429,30.0,GOAL DONE,0.2,100,,,,0.8,2026-09-22 19:06:12
508,tomato,ours,04,7,3635852060,experiments_logs/analysis_recent/when_what_original_20260912/00_raw/tomato/scene_04_step50/when_what_ours_thres_0-8_rand_0-4/exp_tomato_20260922_190613_779740.txt,6b24b06efa5508cbd3f9625285a0554af780313efad8e8d15c0e6f069d430f91,ok,1,12,14,1.1302,30.0,GOAL DONE,0.2,100,,,,0.8,2026-09-22 19:06:13
509,tomato,random,04,8,2852963397,experiments_logs/analysis_recent/when_what_original_20260912/00_raw/tomato/scene_04_step50/when_what_random_thres_0-8_rand_0-4/exp_tomato_20260922_190614_982702.txt,8cd112f963b6874c8b3f860746e05a41eef0a21824a19b6642d1fb1aac1f0830,ok,1,5,14,1.0567,30.0,GOAL DONE,0.2,100,,,,0.8,2026-09-22 19:06:14
510,tomato,ours_when_only,04,8,2852963397,experiments_logs/analysis_recent/when_what_original_20260912/00_raw/tomato/scene_04_step50/when_what_ours_when_only_thres_0-8_rand_0-4/exp_tomato_20260922_190624_112070.txt,bf991dc8dc5def8e4e01ca23354dd49bc633475581e42e97fffe2e66cc47d24b,ok,0,9,50,8.9728,-170.0,MAX STEP,0.2,100,,,,0.8,2026-09-22 19:06:24
511,tomato,ours_what_only,04,8,2852963397,experiments_logs/analysis_recent/when_what_original_20260912/00_raw/tomato/scene_04_step50/when_what_ours_what_only_thres_0-8_rand_0-4/exp_tomato_20260922_190625_336712.txt,d6522f4ef32467d35cbc180769d90d03dc88283bb333191a766e283961572a69,ok,1,5,14,1.0755,30.0,GOAL DONE,0.2,100,,,,0.8,2026-09-22 19:06:25
512,tomato,ours,04,8,2852963397,experiments_logs/analysis_recent/when_what_original_20260912/00_raw/tomato/scene_04_step50/when_what_ours_thres_0-8_rand_0-4/exp_tomato_20260922_190634_427813.txt,dd865a509ec1a1d8087cbbe4ac5dbfaf8c537967a9945a6d9a385a802c26b439,ok,0,7,50,8.9723,-170.0,MAX STEP,0.2,100,,,,0.8,2026-09-22 19:06:34
513,tomato,random,04,9,2753575899,experiments_logs/analysis_recent/when_what_original_20260912/00_raw/tomato/scene_04_step50/when_what_random_thres_0-8_rand_0-4/exp_tomato_20260922_190635_587194.txt,a3e755978952e3aa1be4273740616b1fb81cb20993abbabcfdd764b76b01ec20,ok,1,6,13,1.0073,30.0,GOAL DONE,0.2,100,,,,0.8,2026-09-22 19:06:35
514,tomato,ours_when_only,04,9,2753575899,experiments_logs/analysis_recent/when_what_original_20260912/00_raw/tomato/scene_04_step50/when_what_ours_when_only_thres_0-8_rand_0-4/exp_tomato_20260922_190636_700171.txt,b9a9a4fd9e9769e6df7d50ed9dd678eab6ad813c0f6bda96a346a4c610753641,ok,1,12,13,0.996,30.0,GOAL DONE,0.2,100,,,,0.8,2026-09-22 19:06:36
515,tomato,ours_what_only,04,9,2753575899,experiments_logs/analysis_recent/when_what_original_20260912/00_raw/tomato/scene_04_step50/when_what_ours_what_only_thres_0-8_rand_0-4/exp_tomato_20260922_190637_868263.txt,d21651332d1c6c81aefd71399f5daf3a4d9308c54d27918553cb6996353a3e19,ok,1,6,13,1.0169,30.0,GOAL DONE,0.2,100,,,,0.8,2026-09-22 19:06:37
516,tomato,ours,04,9,2753575899,experiments_logs/analysis_recent/when_what_original_20260912/00_raw/tomato/scene_04_step50/when_what_ours_thres_0-8_rand_0-4/exp_tomato_20260922_190639_022242.txt,f4fc92583d1c4c3a510e230369831499127c941534ff8b8019462a43a406fb05,ok,1,7,13,1.0046,30.0,GOAL DONE,0.2,100,,,,0.8,2026-09-22 19:06:39
517,tomato,random,04,10,3154703481,experiments_logs/analysis_recent/when_what_original_20260912/00_raw/tomato/scene_04_step50/when_what_random_thres_0-8_rand_0-4/exp_tomato_20260922_190640_128714.txt,9870688b4ad212e579028ad566a29475c403fdc3c71adc1c2b2fc1213b0413c4,ok,1,7,13,0.9606,30.0,GOAL DONE,0.2,100,,,,0.8,2026-09-22 19:06:40
518,tomato,ours_when_only,04,10,3154703481,experiments_logs/analysis_recent/when_what_original_20260912/00_raw/tomato/scene_04_step50/when_what_ours_when_only_thres_0-8_rand_0-4/exp_tomato_20260922_190641_286454.txt,aaca6ca49d69b75b8d37e8ecbac80c71927d76886df2500fb5c48a6107085b37,ok,1,13,13,1.011,30.0,GOAL DONE,0.2,100,,,,0.8,2026-09-22 19:06:41
519,tomato,ours_what_only,04,10,3154703481,experiments_logs/analysis_recent/when_what_original_20260912/00_raw/tomato/scene_04_step50/when_what_ours_what_only_thres_0-8_rand_0-4/exp_tomato_20260922_190642_380954.txt,239e3c46b8a5cabdd3452b57d9a83d5018e929ba02342d1257bdd81f036f66ac,ok,1,7,13,0.9573,30.0,GOAL DONE,0.2,100,,,,0.8,2026-09-22 19:06:42
520,tomato,ours,04,10,3154703481,experiments_logs/analysis_recent/when_what_original_20260912/00_raw/tomato/scene_04_step50/when_what_ours_thres_0-8_rand_0-4/exp_tomato_20260922_190643_524916.txt,635bf651604a8e48b4492f38130a49c668b5120a00a6d10d49cb33006150c259,ok,1,11,13,1.004,30.0,GOAL DONE,0.2,100,,,,0.8,2026-09-22 19:06:43
521,tomato,random,04,11,2408486938,experiments_logs/analysis_recent/when_what_original_20260912/00_raw/tomato/scene_04_step50/when_what_random_thres_0-8_rand_0-4/exp_tomato_20260922_190644_865363.txt,724ad487b3150c972cd41a378ab9fbd65bf42c1eff3d06e6878edcf54bc33b26,ok,1,7,14,1.1939,30.0,GOAL DONE,0.2,100,,,,0.8,2026-09-22 19:06:44
522,tomato,ours_when_only,04,11,2408486938,experiments_logs/analysis_recent/when_what_original_20260912/00_raw/tomato/scene_04_step50/when_what_ours_when_only_thres_0-8_rand_0-4/exp_tomato_20260922_190646_207465.txt,28887cdae2b045e9e3212d98226b498982c82ba973256394fc84680edb49b702,ok,1,14,14,1.201,30.0,GOAL DONE,0.2,100,,,,0.8,2026-09-22 19:06:46
523,tomato,ours_what_only,04,11,2408486938,experiments_logs/analysis_recent/when_what_original_20260912/00_raw/tomato/scene_04_step50/when_what_ours_what_only_thres_0-8_rand_0-4/exp_tomato_20260922_190647_552146.txt,d7c76b422f9523632be4b3099050692c4b28651efd90e237731bd24a8f1bcc64,ok,1,7,14,1.2017,30.0,GOAL DONE,0.2,100,,,,0.8,2026-09-22 19:06:47
524,tomato,ours,04,11,2408486938,experiments_logs/analysis_recent/when_what_original_20260912/00_raw/tomato/scene_04_step50/when_what_ours_thres_0-8_rand_0-4/exp_tomato_20260922_190648_910249.txt,c43d8fa9d23751ecab9bdad1f30e22a6c7820a639ca903b78477581bccd6b95d,ok,1,9,14,1.2122,30.0,GOAL DONE,0.2,100,,,,0.8,2026-09-22 19:06:48
525,tomato,random,04,12,3278892198,experiments_logs/analysis_recent/when_what_original_20260912/00_raw/tomato/scene_04_step50/when_what_random_thres_0-8_rand_0-4/exp_tomato_20260922_190650_223023.txt,ac1e042ec314544587c98a2a176bba1da6ac893d0d0ffa50f91e9f8bb68d84f8,ok,1,10,14,1.1281,30.0,GOAL DONE,0.2,100,,,,0.8,2026-09-22 19:06:50
526,tomato,ours_when_only,04,12,3278892198,experiments_logs/analysis_recent/when_what_original_20260912/00_raw/tomato/scene_04_step50/when_what_ours_when_only_thres_0-8_rand_0-4/exp_tomato_20260922_190651_537774.txt,5b38cbda611f2a03c5b900aae453d64c6f75b203a7389db4cc68bd89b32fde0f,ok,1,13,14,1.1148,30.0,GOAL DONE,0.2,100,,,,0.8,2026-09-22 19:06:51
527,tomato,ours_what_only,04,12,3278892198,experiments_logs/analysis_recent/when_what_original_20260912/00_raw/tomato/scene_04_step50/when_what_ours_what_only_thres_0-8_rand_0-4/exp_tomato_20260922_190652_805467.txt,785452dfe444ff3af957ae48c0f379b7cd5e170cf6c96267411250ab9da1dea8,ok,1,8,14,1.1209,30.0,GOAL DONE,0.2,100,,,,0.8,2026-09-22 19:06:52
528,tomato,ours,04,12,3278892198,experiments_logs/analysis_recent/when_what_original_20260912/00_raw/tomato/scene_04_step50/when_what_ours_thres_0-8_rand_0-4/exp_tomato_20260922_190654_092605.txt,207634bbfba2cd96f2b02edfc15853c91bf8cb4816cded70ffdcdc35c7c8e6a1,ok,1,9,14,1.1406,30.0,GOAL DONE,0.2,100,,,,0.8,2026-09-22 19:06:54
529,tomato,random,04,13,1640687420,experiments_logs/analysis_recent/when_what_original_20260912/00_raw/tomato/scene_04_step50/when_what_random_thres_0-8_rand_0-4/exp_tomato_20260922_190655_894133.txt,21c90d28dc6f66536bcc6a52c41191f8f33e00d538d74e9deb26efefa68406a0,ok,1,10,17,1.641,30.0,GOAL DONE,0.2,100,,,,0.8,2026-09-22 19:06:55
530,tomato,ours_when_only,04,13,1640687420,experiments_logs/analysis_recent/when_what_original_20260912/00_raw/tomato/scene_04_step50/when_what_ours_when_only_thres_0-8_rand_0-4/exp_tomato_20260922_190657_856525.txt,4458b80f719bb3999b715b131f57859bdebfd3eef012467e7f7782ddb80e7c5d,ok,1,11,18,1.8103,30.0,GOAL DONE,0.2,100,,,,0.8,2026-09-22 19:06:57
531,tomato,ours_what_only,04,13,1640687420,experiments_logs/analysis_recent/when_what_original_20260912/00_raw/tomato/scene_04_step50/when_what_ours_what_only_thres_0-8_rand_0-4/exp_tomato_20260922_190659_748924.txt,2e49ea8e2cc8ab3dbbe05af3dfc2598a196cba15b399a98c7ddb1cf241aaa91b,ok,1,10,17,1.748,30.0,GOAL DONE,0.2,100,,,,0.8,2026-09-22 19:06:59
532,tomato,ours,04,13,1640687420,experiments_logs/analysis_recent/when_what_original_20260912/00_raw/tomato/scene_04_step50/when_what_ours_thres_0-8_rand_0-4/exp_tomato_20260922_190701_743975.txt,1724611ea019695d3a4d23b9336ca2965120dc9f9d533961926d7400b45664c5,ok,1,12,18,1.8549,30.0,GOAL DONE,0.2,100,,,,0.8,2026-09-22 19:07:01
533,tomato,random,04,14,3796190249,experiments_logs/analysis_recent/when_what_original_20260912/00_raw/tomato/scene_04_step50/when_what_random_thres_0-8_rand_0-4/exp_tomato_20260922_190703_072878.txt,759658a88707e61a238070957489bfddaf546a479c584498c40b2d199e5976cf,ok,1,16,15,1.1784,30.0,GOAL DONE,0.2,100,,,,0.8,2026-09-22 19:07:03
534,tomato,ours_when_only,04,14,3796190249,experiments_logs/analysis_recent/when_what_original_20260912/00_raw/tomato/scene_04_step50/when_what_ours_when_only_thres_0-8_rand_0-4/exp_tomato_20260922_190704_405609.txt,ef77d5711cfafd0dedbcd409a5890349c388667d1772145c43871471a7fe1fa1,ok,1,14,15,1.1885,30.0,GOAL DONE,0.2,100,,,,0.8,2026-09-22 19:07:04
535,tomato,ours_what_only,04,14,3796190249,experiments_logs/analysis_recent/when_what_original_20260912/00_raw/tomato/scene_04_step50/when_what_ours_what_only_thres_0-8_rand_0-4/exp_tomato_20260922_190705_732214.txt,bab77b93e0e05d43cab2867a2208a669f95a72fe37a7cfd20b584525fbadad9d,ok,1,10,15,1.1804,30.0,GOAL DONE,0.2,100,,,,0.8,2026-09-22 19:07:05
536,tomato,ours,04,14,3796190249,experiments_logs/analysis_recent/when_what_original_20260912/00_raw/tomato/scene_04_step50/when_what_ours_thres_0-8_rand_0-4/exp_tomato_20260922_190707_069453.txt,531f5ef45c716571ca698bea429d8950a7fa85675b64cb13235155095940b4eb,ok,1,11,15,1.197,30.0,GOAL DONE,0.2,100,,,,0.8,2026-09-22 19:07:07
537,tomato,random,04,15,3126227069,experiments_logs/analysis_recent/when_what_original_20260912/00_raw/tomato/scene_04_step50/when_what_random_thres_0-8_rand_0-4/exp_tomato_20260922_190707_961280.txt,eb910267ab60c800a80fcf9db1a86585d9fa15c305aa8ec3aaadab5e95536f46,ok,0,7,10,0.7453,10.0,PLAN FAILURE,0.2,100,,,,0.8,2026-09-22 19:07:07
538,tomato,ours_when_only,04,15,3126227069,experiments_logs/analysis_recent/when_what_original_20260912/00_raw/tomato/scene_04_step50/when_what_ours_when_only_thres_0-8_rand_0-4/exp_tomato_20260922_190709_140175.txt,a5d88ead26e8743b8a649d77a1bdedbd890c3dbe3f39b8af18734ee80d38db7f,ok,1,8,13,1.0383,30.0,GOAL DONE,0.2,100,,,,0.8,2026-09-22 19:07:09
539,tomato,ours_what_only,04,15,3126227069,experiments_logs/analysis_recent/when_what_original_20260912/00_raw/tomato/scene_04_step50/when_what_ours_what_only_thres_0-8_rand_0-4/exp_tomato_20260922_190710_032559.txt,6ddf47da8889e0aa28a81097e41de2ac99fb151518e4ede7e4b0e70b422ae8d8,ok,0,5,10,0.7293,10.0,PLAN FAILURE,0.2,100,,,,0.8,2026-09-22 19:07:10
540,tomato,ours,04,15,3126227069,experiments_logs/analysis_recent/when_what_original_20260912/00_raw/tomato/scene_04_step50/when_what_ours_thres_0-8_rand_0-4/exp_tomato_20260922_190711_174788.txt,990e9f7ac004203ea040f8517620a8e116c97ad56e8c5a35a73ac0f5e02cae74,ok,1,7,13,0.9965,30.0,GOAL DONE,0.2,100,,,,0.8,2026-09-22 19:07:11
541,tomato,random,04,16,3109928883,experiments_logs/analysis_recent/when_what_original_20260912/00_raw/tomato/scene_04_step50/when_what_random_thres_0-8_rand_0-4/exp_tomato_20260922_190712_340328.txt,c2ad0f57b3aa6dfa7df9edd64004f97ff26f1577597e5132aaf9cf78e666b13b,ok,0,11,13,1.0142,20.0,PLAN FAILURE,0.2,100,,,,0.8,2026-09-22 19:07:12
542,tomato,ours_when_only,04,16,3109928883,experiments_logs/analysis_recent/when_what_original_20260912/00_raw/tomato/scene_04_step50/when_what_ours_when_only_thres_0-8_rand_0-4/exp_tomato_20260922_190713_510190.txt,1e186cbe8de708b2fe880d70baa9f6c2a36e7f16dfc0840c6182f34c7dffe39a,ok,1,18,13,1.0255,30.0,GOAL DONE,0.2,100,,,,0.8,2026-09-22 19:07:13
543,tomato,ours_what_only,04,16,3109928883,experiments_logs/analysis_recent/when_what_original_20260912/00_raw/tomato/scene_04_step50/when_what_ours_what_only_thres_0-8_rand_0-4/exp_tomato_20260922_190714_830890.txt,f0c23afce83fb5d4f3f075374b99040e606aab4d2fbe98a5213860d465992fc1,ok,0,5,12,1.1757,10.0,PLAN FAILURE,0.2,100,,,,0.8,2026-09-22 19:07:14
544,tomato,ours,04,16,3109928883,experiments_logs/analysis_recent/when_what_original_20260912/00_raw/tomato/scene_04_step50/when_what_ours_thres_0-8_rand_0-4/exp_tomato_20260922_190716_695189.txt,9fb210c95f89fca306b343a233f8918b2cf5215b27fc9050e5e7b8d6e4ba0268,ok,1,9,17,1.7185,30.0,GOAL DONE,0.2,100,,,,0.8,2026-09-22 19:07:16
545,tomato,random,04,17,508585614,experiments_logs/analysis_recent/when_what_original_20260912/00_raw/tomato/scene_04_step50/when_what_random_thres_0-8_rand_0-4/exp_tomato_20260922_190725_058211.txt,7a34cd1e2388912059da6a36506bb5d1d6f4c71a7d9d4b6f11745acdb96376ba,ok,0,10,50,8.1812,-150.0,MAX STEP,0.2,100,,,,0.8,2026-09-22 19:07:25
546,tomato,ours_when_only,04,17,508585614,experiments_logs/analysis_recent/when_what_original_20260912/00_raw/tomato/scene_04_step50/when_what_ours_when_only_thres_0-8_rand_0-4/exp_tomato_20260922_190726_389303.txt,8855c11cbc4b802941826a14f9fded6f40b830f78f9a4c06089442ebb73447c8,ok,1,13,15,1.183,30.0,GOAL DONE,0.2,100,,,,0.8,2026-09-22 19:07:26
547,tomato,ours_what_only,04,17,508585614,experiments_logs/analysis_recent/when_what_original_20260912/00_raw/tomato/scene_04_step50/when_what_ours_what_only_thres_0-8_rand_0-4/exp_tomato_20260922_190734_847222.txt,26d103cde2f8be29abd19f364e217683398cad48fd1b0c6892aca72c38b854a2,ok,0,9,50,8.307,-150.0,MAX STEP,0.2,100,,,,0.8,2026-09-22 19:07:34
548,tomato,ours,04,17,508585614,experiments_logs/analysis_recent/when_what_original_20260912/00_raw/tomato/scene_04_step50/when_what_ours_thres_0-8_rand_0-4/exp_tomato_20260922_190736_207012.txt,1a1278b3e02f4036f64b7fc479aab0428a7836a5cba4b355f9d0c33bbd36a794,ok,1,10,15,1.2113,30.0,GOAL DONE,0.2,100,,,,0.8,2026-09-22 19:07:36
549,tomato,random,04,18,4151323569,experiments_logs/analysis_recent/when_what_original_20260912/00_raw/tomato/scene_04_step50/when_what_random_thres_0-8_rand_0-4/exp_tomato_20260922_190737_327743.txt,5f01e2b03a73bd1c7bac8b39dfb95ff0bab137cc65dda304a37c8d7e0c15509c,ok,1,10,13,0.9766,30.0,GOAL DONE,0.2,100,,,,0.8,2026-09-22 19:07:37
550,tomato,ours_when_only,04,18,4151323569,experiments_logs/analysis_recent/when_what_original_20260912/00_raw/tomato/scene_04_step50/when_what_ours_when_only_thres_0-8_rand_0-4/exp_tomato_20260922_190738_437311.txt,9ae92107a95d126d15f39dda3519791c00e1c56a9fa75aa7fd1c41eff4f4ba8a,ok,1,10,13,0.9633,30.0,GOAL DONE,0.2,100,,,,0.8,2026-09-22 19:07:38
551,tomato,ours_what_only,04,18,4151323569,experiments_logs/analysis_recent/when_what_original_20260912/00_raw/tomato/scene_04_step50/when_what_ours_what_only_thres_0-8_rand_0-4/exp_tomato_20260922_190739_542932.txt,fc1f85d61433d6675b9f7be964ba69afa5555f3a7f93117ac0928f57d0d2e410,ok,1,6,13,0.9621,30.0,GOAL DONE,0.2,100,,,,0.8,2026-09-22 19:07:39
552,tomato,ours,04,18,4151323569,experiments_logs/analysis_recent/when_what_original_20260912/00_raw/tomato/scene_04_step50/when_what_ours_thres_0-8_rand_0-4/exp_tomato_20260922_190740_656582.txt,5af684dd652e1c64988f7b528f4783a25f24d73cf92e7da6cf9ebb8ca8191902,ok,1,7,13,0.9639,30.0,GOAL DONE,0.2,100,,,,0.8,2026-09-22 19:07:40
553,tomato,random,04,19,1329441499,experiments_logs/analysis_recent/when_what_original_20260912/00_raw/tomato/scene_04_step50/when_what_random_thres_0-8_rand_0-4/exp_tomato_20260922_190742_228875.txt,11e609182fe0725cadd0fb657161da449b8cbab11e10c802cd0c781b83a5b771,ok,1,7,16,1.42,30.0,GOAL DONE,0.2,100,,,,0.8,2026-09-22 19:07:42
554,tomato,ours_when_only,04,19,1329441499,experiments_logs/analysis_recent/when_what_original_20260912/00_raw/tomato/scene_04_step50/when_what_ours_when_only_thres_0-8_rand_0-4/exp_tomato_20260922_190743_374949.txt,8b5ea1ff7cba596d4dfef6a5a8eb0fa6bcf21ef9cb282b0101969ab11dafd918,ok,1,10,13,0.9959,30.0,GOAL DONE,0.2,100,,,,0.8,2026-09-22 19:07:43
555,tomato,ours_what_only,04,19,1329441499,experiments_logs/analysis_recent/when_what_original_20260912/00_raw/tomato/scene_04_step50/when_what_ours_what_only_thres_0-8_rand_0-4/exp_tomato_20260922_190744_976326.txt,f8b9de8377bb440dbc94fc6470553c69c2592da5b35f859047366830d77bda10,ok,1,6,16,1.4542,30.0,GOAL DONE,0.2,100,,,,0.8,2026-09-22 19:07:44
556,tomato,ours,04,19,1329441499,experiments_logs/analysis_recent/when_what_original_20260912/00_raw/tomato/scene_04_step50/when_what_ours_thres_0-8_rand_0-4/exp_tomato_20260922_190746_102480.txt,24e62325b9a9e41da174421018fa49dc6d1331ff23da16d885937b4911ac231e,ok,1,10,13,0.9842,30.0,GOAL DONE,0.2,100,,,,0.8,2026-09-22 19:07:46
557,tomato,random,04,20,837679236,experiments_logs/analysis_recent/when_what_original_20260912/00_raw/tomato/scene_04_step50/when_what_random_thres_0-8_rand_0-4/exp_tomato_20260922_190746_483500.txt,60653f0611517f6b23706266abae1a8993ce0caa1d9591873689d008f9aa7baa,ok,0,0,5,0.2179,0.0,PLAN FAILURE,0.2,100,,,,0.8,2026-09-22 19:07:46
558,tomato,ours_when_only,04,20,837679236,experiments_logs/analysis_recent/when_what_original_20260912/00_raw/tomato/scene_04_step50/when_what_ours_when_only_thres_0-8_rand_0-4/exp_tomato_20260922_190747_631226.txt,dbd4e3069238e3f27127fec4ad7ad2618cbc7cfde1750797437ff765e7b92996,ok,1,13,13,1.0237,30.0,GOAL DONE,0.2,100,,,,0.8,2026-09-22 19:07:47
559,tomato,ours_what_only,04,20,837679236,experiments_logs/analysis_recent/when_what_original_20260912/00_raw/tomato/scene_04_step50/when_what_ours_what_only_thres_0-8_rand_0-4/exp_tomato_20260922_190747_979243.txt,7b334fed1860e7daf28edd769aafbc15c8223355904ce81f68e66c863cb181c0,ok,0,0,5,0.2021,0.0,PLAN FAILURE,0.2,100,,,,0.8,2026-09-22 19:07:47
560,tomato,ours,04,20,837679236,experiments_logs/analysis_recent/when_what_original_20260912/00_raw/tomato/scene_04_step50/when_what_ours_thres_0-8_rand_0-4/exp_tomato_20260922_190749_139924.txt,338b318a40840e19f529244ce8c4f03f5cbd88071b9f4dd8c3d7a74ca1649ede,ok,1,5,13,1.0127,30.0,GOAL DONE,0.2,100,,,,0.8,2026-09-22 19:07:49
561,tomato,random,04,21,655188673,experiments_logs/analysis_recent/when_what_original_20260912/00_raw/tomato/scene_04_step50/when_what_random_thres_0-8_rand_0-4/exp_tomato_20260922_190750_757386.txt,7a09b345e43fece68133c95afd5e846b1640282426cb896830913c1062293b78,ok,1,9,16,1.4723,30.0,GOAL DONE,0.2,100,,,,0.8,2026-09-22 19:07:50
562,tomato,ours_when_only,04,21,655188673,experiments_logs/analysis_recent/when_what_original_20260912/00_raw/tomato/scene_04_step50/when_what_ours_when_only_thres_0-8_rand_0-4/exp_tomato_20260922_190752_527103.txt,336767003c9f2bf454d0e2d1048028e56b857c0c321abae4d89707e9fecfeb95,ok,1,11,17,1.6318,30.0,GOAL DONE,0.2,100,,,,0.8,2026-09-22 19:07:52
563,tomato,ours_what_only,04,21,655188673,experiments_logs/analysis_recent/when_what_original_20260912/00_raw/tomato/scene_04_step50/when_what_ours_what_only_thres_0-8_rand_0-4/exp_tomato_20260922_190754_111257.txt,a33d111667c116be06843a4ee045def69d7933117dcee7f0e818508421ebcd84,ok,1,9,16,1.4476,30.0,GOAL DONE,0.2,100,,,,0.8,2026-09-22 19:07:54
564,tomato,ours,04,21,655188673,experiments_logs/analysis_recent/when_what_original_20260912/00_raw/tomato/scene_04_step50/when_what_ours_thres_0-8_rand_0-4/exp_tomato_20260922_190755_899122.txt,4583306c4e0783c112d5d822a35cb89ed4dfc60f94bc0fd894888b34df4f89b6,ok,1,9,17,1.6541,30.0,GOAL DONE,0.2,100,,,,0.8,2026-09-22 19:07:55
565,tomato,random,04,22,4087658130,experiments_logs/analysis_recent/when_what_original_20260912/00_raw/tomato/scene_04_step50/when_what_random_thres_0-8_rand_0-4/exp_tomato_20260922_190757_056987.txt,7895a97e6e66be3c1631422e012a699341cff1300d3cca1eb9a3d891138f5274,ok,1,6,13,1.0079,30.0,GOAL DONE,0.2,100,,,,0.8,2026-09-22 19:07:57
566,tomato,ours_when_only,04,22,4087658130,experiments_logs/analysis_recent/when_what_original_20260912/00_raw/tomato/scene_04_step50/when_what_ours_when_only_thres_0-8_rand_0-4/exp_tomato_20260922_190758_189271.txt,0e343ee1649c97c370f106236dbcee10cc7eeb92496ccc768ed709d10b38073b,ok,1,11,13,1.0095,30.0,GOAL DONE,0.2,100,,,,0.8,2026-09-22 19:07:58
567,tomato,ours_what_only,04,22,4087658130,experiments_logs/analysis_recent/when_what_original_20260912/00_raw/tomato/scene_04_step50/when_what_ours_what_only_thres_0-8_rand_0-4/exp_tomato_20260922_190759_331465.txt,ddf295f060edc0baa1b51b069c6bbef5030b58cbc4828a682235a20bf5a18727,ok,1,6,13,0.9923,30.0,GOAL DONE,0.2,100,,,,0.8,2026-09-22 19:07:59
568,tomato,ours,04,22,4087658130,experiments_logs/analysis_recent/when_what_original_20260912/00_raw/tomato/scene_04_step50/when_what_ours_thres_0-8_rand_0-4/exp_tomato_20260922_190800_522457.txt,1ea4a5055cc5bec057e4fba73eb1f11db43d555cab10fc7b6b55ef8eaca20f13,ok,1,7,13,1.045,30.0,GOAL DONE,0.2,100,,,,0.8,2026-09-22 19:08:00
569,tomato,random,04,23,3369204932,experiments_logs/analysis_recent/when_what_original_20260912/00_raw/tomato/scene_04_step50/when_what_random_thres_0-8_rand_0-4/exp_tomato_20260922_190800_807841.txt,ed5941c4d64a6a3432ffdcb168f7cf253e3293e511ad4172b2f2beefc37f8bfb,ok,0,1,3,0.1364,0.0,PLAN FAILURE,0.2,100,,,,0.8,2026-09-22 19:08:00
570,tomato,ours_when_only,04,23,3369204932,experiments_logs/analysis_recent/when_what_original_20260912/00_raw/tomato/scene_04_step50/when_what_ours_when_only_thres_0-8_rand_0-4/exp_tomato_20260922_190801_904539.txt,08ff7c2339b63d89eb2cf63c96353899731d878f80a65bc26636dbb2eea9a3f1,ok,1,14,13,0.9601,30.0,GOAL DONE,0.2,100,,,,0.8,2026-09-22 19:08:01
571,tomato,ours_what_only,04,23,3369204932,experiments_logs/analysis_recent/when_what_original_20260912/00_raw/tomato/scene_04_step50/when_what_ours_what_only_thres_0-8_rand_0-4/exp_tomato_20260922_190802_187388.txt,34e76db1f0c6734c5a397c3cddcef8ab92c262f88580b4df7e2ee57ea8c0cadd,ok,0,1,3,0.1391,0.0,PLAN FAILURE,0.2,100,,,,0.8,2026-09-22 19:08:02
572,tomato,ours,04,23,3369204932,experiments_logs/analysis_recent/when_what_original_20260912/00_raw/tomato/scene_04_step50/when_what_ours_thres_0-8_rand_0-4/exp_tomato_20260922_190803_320893.txt,f8f2a978eca7649b7afcb0daf341604a10baeb231b7912d970aec8eff320211b,ok,1,12,13,0.9894,30.0,GOAL DONE,0.2,100,,,,0.8,2026-09-22 19:08:03
573,tomato,random,04,24,1800227048,experiments_logs/analysis_recent/when_what_original_20260912/00_raw/tomato/scene_04_step50/when_what_random_thres_0-8_rand_0-4/exp_tomato_20260922_190804_584673.txt,51f6d1033623a07a9405d806271b21a1332043fa8cfe6db7c51e60ede529ec0d,ok,1,9,14,1.1155,30.0,GOAL DONE,0.2,100,,,,0.8,2026-09-22 19:08:04
574,tomato,ours_when_only,04,24,1800227048,experiments_logs/analysis_recent/when_what_original_20260912/00_raw/tomato/scene_04_step50/when_what_ours_when_only_thres_0-8_rand_0-4/exp_tomato_20260922_190805_841090.txt,e6526d1f84c8fac9fbb034e671ea77d0caebb1659e5f5df8a0541686b3c27374,ok,1,13,14,1.1069,30.0,GOAL DONE,0.2,100,,,,0.8,2026-09-22 19:08:05
575,tomato,ours_what_only,04,24,1800227048,experiments_logs/analysis_recent/when_what_original_20260912/00_raw/tomato/scene_04_step50/when_what_ours_what_only_thres_0-8_rand_0-4/exp_tomato_20260922_190807_088118.txt,cb8063f4daf9add56e40d1f2b24a96f5f5bc73e20d1c82d9c7413a21b3242aff,ok,1,7,14,1.1049,30.0,GOAL DONE,0.2,100,,,,0.8,2026-09-22 19:08:07
576,tomato,ours,04,24,1800227048,experiments_logs/analysis_recent/when_what_original_20260912/00_raw/tomato/scene_04_step50/when_what_ours_thres_0-8_rand_0-4/exp_tomato_20260922_190808_343672.txt,9e3d94f5869878a5f7d1a712a56d762f1f3c0547bf373f4e1620577a480558c6,ok,1,11,14,1.1142,30.0,GOAL DONE,0.2,100,,,,0.8,2026-09-22 19:08:08
577,tomato,random,04,25,3721241113,experiments_logs/analysis_recent/when_what_original_20260912/00_raw/tomato/scene_04_step50/when_what_random_thres_0-8_rand_0-4/exp_tomato_20260922_190809_430049.txt,82ea60c1dbca8d06bf363c9b63549e8e7ea8563c5836a0b4483f858f1677b9e6,ok,1,10,13,0.9692,30.0,GOAL DONE,0.2,100,,,,0.8,2026-09-22 19:08:09
578,tomato,ours_when_only,04,25,3721241113,experiments_logs/analysis_recent/when_what_original_20260912/00_raw/tomato/scene_04_step50/when_what_ours_when_only_thres_0-8_rand_0-4/exp_tomato_20260922_190811_229680.txt,ad7e1d036c7a71b4d5591031ee0d4a37dcb296ee9cbd59f666cb1a6df6cf2160,ok,1,11,17,1.6578,30.0,GOAL DONE,0.2,100,,,,0.8,2026-09-22 19:08:11
579,tomato,ours_what_only,04,25,3721241113,experiments_logs/analysis_recent/when_what_original_20260912/00_raw/tomato/scene_04_step50/when_what_ours_what_only_thres_0-8_rand_0-4/exp_tomato_20260922_190812_555232.txt,0bce779c9bc5ebe839019f74a6880a24cac5ec8f20deac8f9ae38b9cccd32134,ok,0,5,13,1.1783,20.0,PLAN FAILURE,0.2,100,,,,0.8,2026-09-22 19:08:12
580,tomato,ours,04,25,3721241113,experiments_logs/analysis_recent/when_what_original_20260912/00_raw/tomato/scene_04_step50/when_what_ours_thres_0-8_rand_0-4/exp_tomato_20260922_190814_361701.txt,7d06511b8280f2eb1d7385f34f7b7c70c895a0bddf29e5c963d146205144a8d7,ok,1,8,17,1.6627,30.0,GOAL DONE,0.2,100,,,,0.8,2026-09-22 19:08:14
581,tomato,random,04,26,2221864507,experiments_logs/analysis_recent/when_what_original_20260912/00_raw/tomato/scene_04_step50/when_what_random_thres_0-8_rand_0-4/exp_tomato_20260922_190815_646352.txt,706b124fc6d76cedc39e6d8149d05e48ca83796e27448cbf1217ecaedb249733,ok,0,5,14,1.1338,10.0,PLAN FAILURE,0.2,100,,,,0.8,2026-09-22 19:08:15
582,tomato,ours_when_only,04,26,2221864507,experiments_logs/analysis_recent/when_what_original_20260912/00_raw/tomato/scene_04_step50/when_what_ours_when_only_thres_0-8_rand_0-4/exp_tomato_20260922_190816_943797.txt,5d76a7cc19e02b22f9ab3fe1d8a8ce7c72ade0901be4475ce836aa4c70da825c,ok,1,14,14,1.1566,30.0,GOAL DONE,0.2,100,,,,0.8,2026-09-22 19:08:16
583,tomato,ours_what_only,04,26,2221864507,experiments_logs/analysis_recent/when_what_original_20260912/00_raw/tomato/scene_04_step50/when_what_ours_what_only_thres_0-8_rand_0-4/exp_tomato_20260922_190818_229310.txt,07537a46ed1f768e059298c851683be9c03fb48205a64d574aa756fb2a38d385,ok,0,5,14,1.1633,10.0,PLAN FAILURE,0.2,100,,,,0.8,2026-09-22 19:08:18
584,tomato,ours,04,26,2221864507,experiments_logs/analysis_recent/when_what_original_20260912/00_raw/tomato/scene_04_step50/when_what_ours_thres_0-8_rand_0-4/exp_tomato_20260922_190819_517438.txt,8de3a74005dea135b94e64b465f7ccaa90d2749cd2cd26dc100a3e48ac7dac4e,ok,1,8,14,1.13,30.0,GOAL DONE,0.2,100,,,,0.8,2026-09-22 19:08:19
585,tomato,random,04,27,1951876393,experiments_logs/analysis_recent/when_what_original_20260912/00_raw/tomato/scene_04_step50/when_what_random_thres_0-8_rand_0-4/exp_tomato_20260922_190820_682019.txt,c33832daaa68a8f554afe7a32c79a3ac225c99643afbf3690951b5037e298156,ok,1,8,13,1.0142,30.0,GOAL DONE,0.2,100,,,,0.8,2026-09-22 19:08:20
586,tomato,ours_when_only,04,27,1951876393,experiments_logs/analysis_recent/when_what_original_20260912/00_raw/tomato/scene_04_step50/when_what_ours_when_only_thres_0-8_rand_0-4/exp_tomato_20260922_190821_825961.txt,430e8ca4cbdc31855515978c09b20105d670909a95ac6a75937dab9e4db4eb8c,ok,1,12,13,1.0259,30.0,GOAL DONE,0.2,100,,,,0.8,2026-09-22 19:08:21
587,tomato,ours_what_only,04,27,1951876393,experiments_logs/analysis_recent/when_what_original_20260912/00_raw/tomato/scene_04_step50/when_what_ours_what_only_thres_0-8_rand_0-4/exp_tomato_20260922_190822_995014.txt,de344805a6588df6e3b10eb1b8c4ad7a51ee27e7b58ecb993321a1383e2b79b2,ok,1,5,13,1.0489,30.0,GOAL DONE,0.2,100,,,,0.8,2026-09-22 19:08:22
588,tomato,ours,04,27,1951876393,experiments_logs/analysis_recent/when_what_original_20260912/00_raw/tomato/scene_04_step50/when_what_ours_thres_0-8_rand_0-4/exp_tomato_20260922_190824_145710.txt,7a081fe0bcdae4550c5f8224874e380c8a48354b33f42b3338c8344059075f89,ok,1,8,13,1.0027,30.0,GOAL DONE,0.2,100,,,,0.8,2026-09-22 19:08:24
589,tomato,random,04,28,4268312049,experiments_logs/analysis_recent/when_what_original_20260912/00_raw/tomato/scene_04_step50/when_what_random_thres_0-8_rand_0-4/exp_tomato_20260922_190825_450348.txt,36704355f05c3bb8f0dbd11402f8e9549bc6cb9e948792ecb036d7d5a87b2123,ok,1,9,14,1.1511,30.0,GOAL DONE,0.2,100,,,,0.8,2026-09-22 19:08:25
590,tomato,ours_when_only,04,28,4268312049,experiments_logs/analysis_recent/when_what_original_20260912/00_raw/tomato/scene_04_step50/when_what_ours_when_only_thres_0-8_rand_0-4/exp_tomato_20260922_190826_768803.txt,fb650dd525c22b0e419b01cc54b98b75886b4983691428fa5a252e8853647196,ok,1,18,14,1.1622,30.0,GOAL DONE,0.2,100,,,,0.8,2026-09-22 19:08:26
591,tomato,ours_what_only,04,28,4268312049,experiments_logs/analysis_recent/when_what_original_20260912/00_raw/tomato/scene_04_step50/when_what_ours_what_only_thres_0-8_rand_0-4/exp_tomato_20260922_190828_046404.txt,d512e9454a3f3a0ad6169c9e851a1388b2a5c0c6a6685b2ecdc26a5d6e173a9d,ok,1,5,14,1.1302,30.0,GOAL DONE,0.2,100,,,,0.8,2026-09-22 19:08:28
592,tomato,ours,04,28,4268312049,experiments_logs/analysis_recent/when_what_original_20260912/00_raw/tomato/scene_04_step50/when_what_ours_thres_0-8_rand_0-4/exp_tomato_20260922_190829_339331.txt,74238cd0876eb5a89264d275c6acaeb028c00f0d51024b00b3ed9f09a2734c4d,ok,1,10,14,1.1487,30.0,GOAL DONE,0.2,100,,,,0.8,2026-09-22 19:08:29
593,tomato,random,04,29,1712328401,experiments_logs/analysis_recent/when_what_original_20260912/00_raw/tomato/scene_04_step50/when_what_random_thres_0-8_rand_0-4/exp_tomato_20260922_190830_695031.txt,e2830f7348e288899a96b60dd43cb984f45cfc9dd30857f1e2c68cd2daad80f5,ok,0,10,14,1.209,20.0,PLAN FAILURE,0.2,100,,,,0.8,2026-09-22 19:08:30
594,tomato,ours_when_only,04,29,1712328401,experiments_logs/analysis_recent/when_what_original_20260912/00_raw/tomato/scene_04_step50/when_what_ours_when_only_thres_0-8_rand_0-4/exp_tomato_20260922_190831_964270.txt,77cc019e0a3aee9e6ba547b5508fd63f3619fd1485d89387291b058243157673,ok,1,14,14,1.1166,30.0,GOAL DONE,0.2,100,,,,0.8,2026-09-22 19:08:31
595,tomato,ours_what_only,04,29,1712328401,experiments_logs/analysis_recent/when_what_original_20260912/00_raw/tomato/scene_04_step50/when_what_ours_what_only_thres_0-8_rand_0-4/exp_tomato_20260922_190833_368535.txt,2870e19825bc3b37a4abb263df08223d81619ddb43f29d62152c0b35116f7750,ok,0,9,14,1.2545,20.0,PLAN FAILURE,0.2,100,,,,0.8,2026-09-22 19:08:33
596,tomato,ours,04,29,1712328401,experiments_logs/analysis_recent/when_what_original_20260912/00_raw/tomato/scene_04_step50/when_what_ours_thres_0-8_rand_0-4/exp_tomato_20260922_190834_632719.txt,7c2b89b737f3a5f56c6a2fb7580263f189472547216c57f6707cd16e8f9d23f6,ok,1,12,14,1.1189,30.0,GOAL DONE,0.2,100,,,,0.8,2026-09-22 19:08:34
597,tomato,random,04,30,1608689005,experiments_logs/analysis_recent/when_what_original_20260912/00_raw/tomato/scene_04_step50/when_what_random_thres_0-8_rand_0-4/exp_tomato_20260922_190836_251615.txt,2591a2285a1ef31d9782a2e51019aa8f85d0cd2a0e261093905357f020341945,ok,1,7,16,1.4773,30.0,GOAL DONE,0.2,100,,,,0.8,2026-09-22 19:08:36
598,tomato,ours_when_only,04,30,1608689005,experiments_logs/analysis_recent/when_what_original_20260912/00_raw/tomato/scene_04_step50/when_what_ours_when_only_thres_0-8_rand_0-4/exp_tomato_20260922_190837_417322.txt,61681b11b8831082914543c6d8091a149f1f270bf8ba9297cd9c14bdb44f1ab0,ok,1,13,13,1.0175,30.0,GOAL DONE,0.2,100,,,,0.8,2026-09-22 19:08:37
599,tomato,ours_what_only,04,30,1608689005,experiments_logs/analysis_recent/when_what_original_20260912/00_raw/tomato/scene_04_step50/when_what_ours_what_only_thres_0-8_rand_0-4/exp_tomato_20260922_190839_041461.txt,8b1748d9cb5042b992ac37ade93361dbe7cbd3ede1055df1df29cbc785a2dfca,ok,1,6,16,1.4766,30.0,GOAL DONE,0.2,100,,,,0.8,2026-09-22 19:08:39
600,tomato,ours,04,30,1608689005,experiments_logs/analysis_recent/when_what_original_20260912/00_raw/tomato/scene_04_step50/when_what_ours_thres_0-8_rand_0-4/exp_tomato_20260922_190840_191704.txt,d75715903d779e1e395882436a9cb822b5fdbb83cc9b8b464509b2df9cc80fcd,ok,1,10,13,1.0068,30.0,GOAL DONE,0.2,100,,,,0.8,2026-09-22 19:08:40
601,tomato,random,04,31,3091101112,experiments_logs/analysis_recent/when_what_original_20260912/00_raw/tomato/scene_04_step50/when_what_random_thres_0-8_rand_0-4/exp_tomato_20260922_190841_850962.txt,6af2dcd518db13267cceec2d14edd7640c8630d464303b30bce3b5dc726bebd0,ok,1,4,16,1.5142,30.0,GOAL DONE,0.2,100,,,,0.8,2026-09-22 19:08:41
602,tomato,ours_when_only,04,31,3091101112,experiments_logs/analysis_recent/when_what_original_20260912/00_raw/tomato/scene_04_step50/when_what_ours_when_only_thres_0-8_rand_0-4/exp_tomato_20260922_190843_011876.txt,8ecc4c2183b10a51fb40e563be00df9ec62c341439baa16d6bfa42d158648282,ok,1,13,14,1.0146,30.0,GOAL DONE,0.2,100,,,,0.8,2026-09-22 19:08:43
603,tomato,ours_what_only,04,31,3091101112,experiments_logs/analysis_recent/when_what_original_20260912/00_raw/tomato/scene_04_step50/when_what_ours_what_only_thres_0-8_rand_0-4/exp_tomato_20260922_190844_662119.txt,11ab41ad00e5fcf10252dd05eb9c0307f12c98901a64e4ed1c74112ec7e357a9,ok,1,4,16,1.5018,30.0,GOAL DONE,0.2,100,,,,0.8,2026-09-22 19:08:44
604,tomato,ours,04,31,3091101112,experiments_logs/analysis_recent/when_what_original_20260912/00_raw/tomato/scene_04_step50/when_what_ours_thres_0-8_rand_0-4/exp_tomato_20260922_190845_826847.txt,0916a112998359c9c282eb8e75dff67019b8baec41d6b19cc334ebc115abbfda,ok,1,10,14,1.0069,30.0,GOAL DONE,0.2,100,,,,0.8,2026-09-22 19:08:45
605,tomato,random,04,32,1064665380,experiments_logs/analysis_recent/when_what_original_20260912/00_raw/tomato/scene_04_step50/when_what_random_thres_0-8_rand_0-4/exp_tomato_20260922_190847_052107.txt,92da83ee684a45021635dd8db86f25c58ee0fb683163f7ea3a7bbbcd7b4b7a93,ok,1,11,14,1.0734,30.0,GOAL DONE,0.2,100,,,,0.8,2026-09-22 19:08:47
606,tomato,ours_when_only,04,32,1064665380,experiments_logs/analysis_recent/when_what_original_20260912/00_raw/tomato/scene_04_step50/when_what_ours_when_only_thres_0-8_rand_0-4/exp_tomato_20260922_190848_296222.txt,a6ccc9731676c404ad08ed24de897a5ca067a1407454feaa9d00f5b7a48bcd4d,ok,1,11,14,1.0919,30.0,GOAL DONE,0.2,100,,,,0.8,2026-09-22 19:08:48
607,tomato,ours_what_only,04,32,1064665380,experiments_logs/analysis_recent/when_what_original_20260912/00_raw/tomato/scene_04_step50/when_what_ours_what_only_thres_0-8_rand_0-4/exp_tomato_20260922_190848_760361.txt,fa8194a827a3745a720a85a1513c6e4e1b8ad26ac6baea6856b7e26c262879db,ok,0,2,5,0.3186,0.0,PLAN FAILURE,0.2,100,,,,0.8,2026-09-22 19:08:48
608,tomato,ours,04,32,1064665380,experiments_logs/analysis_recent/when_what_original_20260912/00_raw/tomato/scene_04_step50/when_what_ours_thres_0-8_rand_0-4/exp_tomato_20260922_190850_237346.txt,1cd034093e5e9cc5bf35f828879bc913fd7c198e6a9d4bb0fdf60aa1bbc3c1b3,ok,1,9,15,1.3272,30.0,GOAL DONE,0.2,100,,,,0.8,2026-09-22 19:08:50
609,tomato,random,04,33,320469506,experiments_logs/analysis_recent/when_what_original_20260912/00_raw/tomato/scene_04_step50/when_what_random_thres_0-8_rand_0-4/exp_tomato_20260922_190851_362757.txt,e28d5546de164e72aa135dc4704282c50aa4765f9b86e733e8a6fde16ca5a157,ok,1,10,13,0.9788,30.0,GOAL DONE,0.2,100,,,,0.8,2026-09-22 19:08:51
610,tomato,ours_when_only,04,33,320469506,experiments_logs/analysis_recent/when_what_original_20260912/00_raw/tomato/scene_04_step50/when_what_ours_when_only_thres_0-8_rand_0-4/exp_tomato_20260922_190852_518044.txt,0b8ffbc1cb26a7bb1480f13da545ab568e99ef612dd75791b4dbe45f33078b4b,ok,1,10,13,1.0037,30.0,GOAL DONE,0.2,100,,,,0.8,2026-09-22 19:08:52
611,tomato,ours_what_only,04,33,320469506,experiments_logs/analysis_recent/when_what_original_20260912/00_raw/tomato/scene_04_step50/when_what_ours_what_only_thres_0-8_rand_0-4/exp_tomato_20260922_190853_645835.txt,43e90f631da8b2c24f45885ce59d13a64c6ea001b25bcc73cb4cd928dc1d171f,ok,1,6,13,0.9762,30.0,GOAL DONE,0.2,100,,,,0.8,2026-09-22 19:08:53
612,tomato,ours,04,33,320469506,experiments_logs/analysis_recent/when_what_original_20260912/00_raw/tomato/scene_04_step50/when_what_ours_thres_0-8_rand_0-4/exp_tomato_20260922_190854_767932.txt,81185729aa40f1f9bbccce7866397f4ae670491a09136f3234d2f49c8279c98b,ok,1,7,13,0.9764,30.0,GOAL DONE,0.2,100,,,,0.8,2026-09-22 19:08:54
613,tomato,random,04,34,1938463215,experiments_logs/analysis_recent/when_what_original_20260912/00_raw/tomato/scene_04_step50/when_what_random_thres_0-8_rand_0-4/exp_tomato_20260922_190855_860891.txt,82fa47541671fbb3efa95d086707aef6253a5d4de02c4a5d5581a8eecd2ab74d,ok,1,5,13,0.9482,30.0,GOAL DONE,0.2,100,,,,0.8,2026-09-22 19:08:55
614,tomato,ours_when_only,04,34,1938463215,experiments_logs/analysis_recent/when_what_original_20260912/00_raw/tomato/scene_04_step50/when_what_ours_when_only_thres_0-8_rand_0-4/exp_tomato_20260922_190856_938327.txt,e8b3c7eeee5045f7e4917c91c175532f5e5e09fec11f8c7b86af852f3477a2da,ok,1,12,13,0.928,30.0,GOAL DONE,0.2,100,,,,0.8,2026-09-22 19:08:56
615,tomato,ours_what_only,04,34,1938463215,experiments_logs/analysis_recent/when_what_original_20260912/00_raw/tomato/scene_04_step50/when_what_ours_what_only_thres_0-8_rand_0-4/exp_tomato_20260922_190858_020228.txt,a5cca9eb97bd9034ab205082c0859515a7465e66dd5febe5870c55d60f83278f,ok,1,5,13,0.9402,30.0,GOAL DONE,0.2,100,,,,0.8,2026-09-22 19:08:58
616,tomato,ours,04,34,1938463215,experiments_logs/analysis_recent/when_what_original_20260912/00_raw/tomato/scene_04_step50/when_what_ours_thres_0-8_rand_0-4/exp_tomato_20260922_190859_121706.txt,ba047ee6dc5c7509b412dcb0b00e7261d141c083d417d50993cfc70fec53fbb0,ok,1,7,13,0.9601,30.0,GOAL DONE,0.2,100,,,,0.8,2026-09-22 19:08:59
617,tomato,random,04,35,4157583435,experiments_logs/analysis_recent/when_what_original_20260912/00_raw/tomato/scene_04_step50/when_what_random_thres_0-8_rand_0-4/exp_tomato_20260922_190900_248440.txt,c3ada6e685dd8b702ded4c16dd5a1f350e28e0e8b35670f57f6cb21ca7268e29,ok,1,13,13,0.9816,30.0,GOAL DONE,0.2,100,,,,0.8,2026-09-22 19:09:00
618,tomato,ours_when_only,04,35,4157583435,experiments_logs/analysis_recent/when_what_original_20260912/00_raw/tomato/scene_04_step50/when_what_ours_when_only_thres_0-8_rand_0-4/exp_tomato_20260922_190901_367572.txt,a20ec703990dd9971de1deb84775cd651d20cc5c7a0d3eaa3cc162db919dac31,ok,1,13,13,0.9735,30.0,GOAL DONE,0.2,100,,,,0.8,2026-09-22 19:09:01
619,tomato,ours_what_only,04,35,4157583435,experiments_logs/analysis_recent/when_what_original_20260912/00_raw/tomato/scene_04_step50/when_what_ours_what_only_thres_0-8_rand_0-4/exp_tomato_20260922_190902_501652.txt,8c05ed12857f7f25f0ecb91d6853e4126e6c599e9746481368ff49e506396019,ok,1,10,13,0.9884,30.0,GOAL DONE,0.2,100,,,,0.8,2026-09-22 19:09:02
620,tomato,ours,04,35,4157583435,experiments_logs/analysis_recent/when_what_original_20260912/00_raw/tomato/scene_04_step50/when_what_ours_thres_0-8_rand_0-4/exp_tomato_20260922_190903_630826.txt,f7880c87345b6a28aea81c39a88c1de48ecdcf83ace811b18d4cb52cd31bbdac,ok,1,9,13,0.9812,30.0,GOAL DONE,0.2,100,,,,0.8,2026-09-22 19:09:03
621,tomato,random,04,36,1072219552,experiments_logs/analysis_recent/when_what_original_20260912/00_raw/tomato/scene_04_step50/when_what_random_thres_0-8_rand_0-4/exp_tomato_20260922_190905_209480.txt,1a4bd8509be87f0458802be3fb9ec80e47a161d7c9468c54b88dc73a6177d697,ok,1,14,16,1.4348,30.0,GOAL DONE,0.2,100,,,,0.8,2026-09-22 19:09:05
622,tomato,ours_when_only,04,36,1072219552,experiments_logs/analysis_recent/when_what_original_20260912/00_raw/tomato/scene_04_step50/when_what_ours_when_only_thres_0-8_rand_0-4/exp_tomato_20260922_190907_188110.txt,65ef44e0f229ef22c0cf03d13f57cd8f49786a0cc4690a89df03f81e0f87e71f,ok,1,13,18,1.8321,30.0,GOAL DONE,0.2,100,,,,0.8,2026-09-22 19:09:07
623,tomato,ours_what_only,04,36,1072219552,experiments_logs/analysis_recent/when_what_original_20260912/00_raw/tomato/scene_04_step50/when_what_ours_what_only_thres_0-8_rand_0-4/exp_tomato_20260922_190908_793981.txt,4ff0fc844092451c468cf1dcc510cdcde0e6d91822056e13241743f013bfb011,ok,1,12,16,1.4629,30.0,GOAL DONE,0.2,100,,,,0.8,2026-09-22 19:09:08
624,tomato,ours,04,36,1072219552,experiments_logs/analysis_recent/when_what_original_20260912/00_raw/tomato/scene_04_step50/when_what_ours_thres_0-8_rand_0-4/exp_tomato_20260922_190910_797310.txt,ec1ea23192421f8d68338c3db7242dd2ee69812bccb1689b2953e8057971aaac,ok,1,11,18,1.8541,30.0,GOAL DONE,0.2,100,,,,0.8,2026-09-22 19:09:10
625,tomato,random,04,37,2879947324,experiments_logs/analysis_recent/when_what_original_20260912/00_raw/tomato/scene_04_step50/when_what_random_thres_0-8_rand_0-4/exp_tomato_20260922_190911_239680.txt,2b61597f4793e5ee575271e5256757b6e078ff24976b28ceb6d2b2a1ac6d6f82,ok,0,9,5,0.3255,0.0,PLAN FAILURE,0.2,100,,,,0.8,2026-09-22 19:09:11
626,tomato,ours_when_only,04,37,2879947324,experiments_logs/analysis_recent/when_what_original_20260912/00_raw/tomato/scene_04_step50/when_what_ours_when_only_thres_0-8_rand_0-4/exp_tomato_20260922_190912_455268.txt,8913f02a7672ec39c43eee873c9b752d8e4907a19ac0a72a6928b0e0ca2c3c6c,ok,1,13,15,1.0572,30.0,GOAL DONE,0.2,100,,,,0.8,2026-09-22 19:09:12
627,tomato,ours_what_only,04,37,2879947324,experiments_logs/analysis_recent/when_what_original_20260912/00_raw/tomato/scene_04_step50/when_what_ours_what_only_thres_0-8_rand_0-4/exp_tomato_20260922_190912_915430.txt,74f26f552fa4f9c0b2517489ae6f475e62cb6d1524396c469289883961cbe572,ok,0,3,5,0.3188,0.0,PLAN FAILURE,0.2,100,,,,0.8,2026-09-22 19:09:12
628,tomato,ours,04,37,2879947324,experiments_logs/analysis_recent/when_what_original_20260912/00_raw/tomato/scene_04_step50/when_what_ours_thres_0-8_rand_0-4/exp_tomato_20260922_190914_144191.txt,0fe961a4e5f03f064ddc75c02f4cbbda9c49bcbf1058b3c7bdbaab9d6c04d645,ok,1,9,15,1.0835,30.0,GOAL DONE,0.2,100,,,,0.8,2026-09-22 19:09:14
629,tomato,random,04,38,2681975340,experiments_logs/analysis_recent/when_what_original_20260912/00_raw/tomato/scene_04_step50/when_what_random_thres_0-8_rand_0-4/exp_tomato_20260922_190915_329350.txt,a147ee8bd1d4d878adbebb7e904a19753fcee237d3ac2b0bd7d7a577add53b14,ok,1,10,13,1.0427,30.0,GOAL DONE,0.2,100,,,,0.8,2026-09-22 19:09:15
630,tomato,ours_when_only,04,38,2681975340,experiments_logs/analysis_recent/when_what_original_20260912/00_raw/tomato/scene_04_step50/when_what_ours_when_only_thres_0-8_rand_0-4/exp_tomato_20260922_190916_508189.txt,a374cda1cd5dc3a6d4ad238d79a76a93fab5f26e76ba695772ca5276204d938a,ok,1,13,13,1.0322,30.0,GOAL DONE,0.2,100,,,,0.8,2026-09-22 19:09:16
631,tomato,ours_what_only,04,38,2681975340,experiments_logs/analysis_recent/when_what_original_20260912/00_raw/tomato/scene_04_step50/when_what_ours_what_only_thres_0-8_rand_0-4/exp_tomato_20260922_190917_741392.txt,60d1f96c2806da2f9a8b9a6870a4c00d6f3f351fabfcd37dfe0a40ebb2731820,ok,1,8,13,1.0839,30.0,GOAL DONE,0.2,100,,,,0.8,2026-09-22 19:09:17
632,tomato,ours,04,38,2681975340,experiments_logs/analysis_recent/when_what_original_20260912/00_raw/tomato/scene_04_step50/when_what_ours_thres_0-8_rand_0-4/exp_tomato_20260922_190918_908730.txt,3bcdd05796c82ab2a6f6da0842a10c479937b2ac38953502d170ba5bdd6ea4ce,ok,1,7,13,1.0444,30.0,GOAL DONE,0.2,100,,,,0.8,2026-09-22 19:09:18
633,tomato,random,04,39,2572496596,experiments_logs/analysis_recent/when_what_original_20260912/00_raw/tomato/scene_04_step50/when_what_random_thres_0-8_rand_0-4/exp_tomato_20260922_190920_085339.txt,99cb2a862cd87a901aaabba9b1a50ef621f3ee8d1fc336040aa232a1dc1856c1,ok,1,7,13,1.0333,30.0,GOAL DONE,0.2,100,,,,0.8,2026-09-22 19:09:20
634,tomato,ours_when_only,04,39,2572496596,experiments_logs/analysis_recent/when_what_original_20260912/00_raw/tomato/scene_04_step50/when_what_ours_when_only_thres_0-8_rand_0-4/exp_tomato_20260922_190921_248663.txt,b27a1a14e49684b1d3612e06ce4446b200b3d3b04a2f3656ee23230b2d7819ba,ok,1,11,13,1.0138,30.0,GOAL DONE,0.2,100,,,,0.8,2026-09-22 19:09:21
635,tomato,ours_what_only,04,39,2572496596,experiments_logs/analysis_recent/when_what_original_20260912/00_raw/tomato/scene_04_step50/when_what_ours_what_only_thres_0-8_rand_0-4/exp_tomato_20260922_190922_378928.txt,c476bc5fd2f60b7ba93b315fd25c99114520a63d2012ff18741a78bab9061651,ok,1,7,13,0.9841,30.0,GOAL DONE,0.2,100,,,,0.8,2026-09-22 19:09:22
636,tomato,ours,04,39,2572496596,experiments_logs/analysis_recent/when_what_original_20260912/00_raw/tomato/scene_04_step50/when_what_ours_thres_0-8_rand_0-4/exp_tomato_20260922_190923_523711.txt,96c907a1bbdc533dcbe39aa30bbcf9bb64ea23525f51f332f6866cd41894d213,ok,1,9,13,0.9949,30.0,GOAL DONE,0.2,100,,,,0.8,2026-09-22 19:09:23
637,tomato,random,04,40,1377466039,experiments_logs/analysis_recent/when_what_original_20260912/00_raw/tomato/scene_04_step50/when_what_random_thres_0-8_rand_0-4/exp_tomato_20260922_190924_828524.txt,f3d0de63e3dcf293451005c1bbd3e1c597bdd290198589b09673f8ef999ba344,ok,1,7,14,1.1562,30.0,GOAL DONE,0.2,100,,,,0.8,2026-09-22 19:09:24
638,tomato,ours_when_only,04,40,1377466039,experiments_logs/analysis_recent/when_what_original_20260912/00_raw/tomato/scene_04_step50/when_what_ours_when_only_thres_0-8_rand_0-4/exp_tomato_20260922_190926_183470.txt,6c875a76df16ba4c3beb07e6dd673a9fd554286949506ed7caa5bdd547e46193,ok,1,14,16,1.2076,30.0,GOAL DONE,0.2,100,,,,0.8,2026-09-22 19:09:26
639,tomato,ours_what_only,04,40,1377466039,experiments_logs/analysis_recent/when_what_original_20260912/00_raw/tomato/scene_04_step50/when_what_ours_what_only_thres_0-8_rand_0-4/exp_tomato_20260922_190927_457093.txt,21c27096deb8fa5302161a2821609516de7cce976c3f573feda132bcc54e1c6e,ok,1,6,14,1.1267,30.0,GOAL DONE,0.2,100,,,,0.8,2026-09-22 19:09:27
640,tomato,ours,04,40,1377466039,experiments_logs/analysis_recent/when_what_original_20260912/00_raw/tomato/scene_04_step50/when_what_ours_thres_0-8_rand_0-4/exp_tomato_20260922_190928_811995.txt,2523435b245dd0c3a0bd25ea684e00485694bb38a227bd12f231f639b3ae0e5b,ok,1,11,16,1.2097,30.0,GOAL DONE,0.2,100,,,,0.8,2026-09-22 19:09:28
641,tomato,random,05,1,158632995,experiments_logs/analysis_recent/when_what_original_20260912/00_raw/tomato/scene_05_step50/when_what_random_thres_0-8_rand_0-4/exp_tomato_20260922_190929_156179.txt,59fbbe4f6276a2c155feb8ea9e4e0b08d8082de5bf7ecc0f8d81eba94350e56a,ok,0,2,5,0.1993,0.0,PLAN FAILURE,0.2,100,,,,0.8,2026-09-22 19:09:29
642,tomato,ours_when_only,05,1,158632995,experiments_logs/analysis_recent/when_what_original_20260912/00_raw/tomato/scene_05_step50/when_what_ours_when_only_thres_0-8_rand_0-4/exp_tomato_20260922_190930_319099.txt,538a6eaff4b23e84d10beae9e3884dc8d830398894c765679db16a01786311f2,ok,1,11,13,0.9815,30.0,GOAL DONE,0.2,100,,,,0.8,2026-09-22 19:09:30
643,tomato,ours_what_only,05,1,158632995,experiments_logs/analysis_recent/when_what_original_20260912/00_raw/tomato/scene_05_step50/when_what_ours_what_only_thres_0-8_rand_0-4/exp_tomato_20260922_190930_665372.txt,e131c9ad3500589be0bd52a6fe94913ce41bf6b77a226ea16688a3845c62d697,ok,0,2,5,0.2164,0.0,PLAN FAILURE,0.2,100,,,,0.8,2026-09-22 19:09:30
644,tomato,ours,05,1,158632995,experiments_logs/analysis_recent/when_what_original_20260912/00_raw/tomato/scene_05_step50/when_what_ours_thres_0-8_rand_0-4/exp_tomato_20260922_190931_808381.txt,236648a8a3c85af28cd10cc864b70ba0e662a8db5e68246314ce175ac833f953,ok,1,5,13,0.9958,30.0,GOAL DONE,0.2,100,,,,0.8,2026-09-22 19:09:31
645,tomato,random,05,2,1286607329,experiments_logs/analysis_recent/when_what_original_20260912/00_raw/tomato/scene_05_step50/when_what_random_thres_0-8_rand_0-4/exp_tomato_20260922_190933_331951.txt,a743faf29d0e33799c66496edef995e0eff26cceb40e96c4ad3fee0559c26784,ok,1,9,15,1.3701,30.0,GOAL DONE,0.2,100,,,,0.8,2026-09-22 19:09:33
646,tomato,ours_when_only,05,2,1286607329,experiments_logs/analysis_recent/when_what_original_20260912/00_raw/tomato/scene_05_step50/when_what_ours_when_only_thres_0-8_rand_0-4/exp_tomato_20260922_190934_551590.txt,b8eb94e7564343269644b36a8b479e2c3d5f216183249545034e72c080aebddf,ok,1,13,14,1.068,30.0,GOAL DONE,0.2,100,,,,0.8,2026-09-22 19:09:34
647,tomato,ours_what_only,05,2,1286607329,experiments_logs/analysis_recent/when_what_original_20260912/00_raw/tomato/scene_05_step50/when_what_ours_what_only_thres_0-8_rand_0-4/exp_tomato_20260922_190936_103561.txt,1563b8e146af5dd4817ffddf571e7c9d798d90dfdf09d78e68224279268ab1a2,ok,1,9,15,1.4045,30.0,GOAL DONE,0.2,100,,,,0.8,2026-09-22 19:09:36
648,tomato,ours,05,2,1286607329,experiments_logs/analysis_recent/when_what_original_20260912/00_raw/tomato/scene_05_step50/when_what_ours_thres_0-8_rand_0-4/exp_tomato_20260922_190937_330419.txt,ea866d284dff4307defa62a161177510c84f10a761373b2bf625c57c5fb1cc56,ok,1,11,14,1.0844,30.0,GOAL DONE,0.2,100,,,,0.8,2026-09-22 19:09:37
649,tomato,random,05,3,1942407653,experiments_logs/analysis_recent/when_what_original_20260912/00_raw/tomato/scene_05_step50/when_what_random_thres_0-8_rand_0-4/exp_tomato_20260922_190938_469227.txt,70ceb42a2c135096c957d338d4d05752d00b01710616c9cda506d04cb520fcec,ok,1,3,13,1.0204,30.0,GOAL DONE,0.2,100,,,,0.8,2026-09-22 19:09:38
650,tomato,ours_when_only,05,3,1942407653,experiments_logs/analysis_recent/when_what_original_20260912/00_raw/tomato/scene_05_step50/when_what_ours_when_only_thres_0-8_rand_0-4/exp_tomato_20260922_190939_623537.txt,f95d993e5435e648cf0665b9ee8c916e6226e4ccb469165f9cedbf1286bd7db2,ok,1,12,13,1.0096,30.0,GOAL DONE,0.2,100,,,,0.8,2026-09-22 19:09:39
651,tomato,ours_what_only,05,3,1942407653,experiments_logs/analysis_recent/when_what_original_20260912/00_raw/tomato/scene_05_step50/when_what_ours_what_only_thres_0-8_rand_0-4/exp_tomato_20260922_190940_778070.txt,415a50fd36aac1f14fdb33baf1bb4db28b754727d06800a3dc9e174d66b2ee5e,ok,1,3,13,1.0007,30.0,GOAL DONE,0.2,100,,,,0.8,2026-09-22 19:09:40
652,tomato,ours,05,3,1942407653,experiments_logs/analysis_recent/when_what_original_20260912/00_raw/tomato/scene_05_step50/when_what_ours_thres_0-8_rand_0-4/exp_tomato_20260922_190941_932025.txt,dd4fdfa9a7fb11d1acb661f98cc71ea6121a0e11418dd3b9da35871a8f78f7af,ok,1,8,13,1.0061,30.0,GOAL DONE,0.2,100,,,,0.8,2026-09-22 19:09:41
653,tomato,random,05,4,651014394,experiments_logs/analysis_recent/when_what_original_20260912/00_raw/tomato/scene_05_step50/when_what_random_thres_0-8_rand_0-4/exp_tomato_20260922_190943_858971.txt,8d91b59d63236520587067065ba37427823e54aadd82d23a30ae409430ab0894,ok,1,16,19,1.7802,30.0,GOAL DONE,0.2,100,,,,0.8,2026-09-22 19:09:43
654,tomato,ours_when_only,05,4,651014394,experiments_logs/analysis_recent/when_what_original_20260912/00_raw/tomato/scene_05_step50/when_what_ours_when_only_thres_0-8_rand_0-4/exp_tomato_20260922_190945_215149.txt,9486c1cdb54c1d8546d509ff8dd49491b17251c272937ec91f25690187dc7ed8,ok,1,14,15,1.233,25.0,GOAL DONE,0.2,100,,,,0.8,2026-09-22 19:09:45
655,tomato,ours_what_only,05,4,651014394,experiments_logs/analysis_recent/when_what_original_20260912/00_raw/tomato/scene_05_step50/when_what_ours_what_only_thres_0-8_rand_0-4/exp_tomato_20260922_190946_802068.txt,e78c7b0a21640860c7169af6562526c6b7e98c0c9ebce83640e583c364d216b2,ok,0,9,16,1.4442,20.0,PLAN FAILURE,0.2,100,,,,0.8,2026-09-22 19:09:46
656,tomato,ours,05,4,651014394,experiments_logs/analysis_recent/when_what_original_20260912/00_raw/tomato/scene_05_step50/when_what_ours_thres_0-8_rand_0-4/exp_tomato_20260922_190948_390775.txt,479bbf0b8716d0f182b7785ceb49cd930f5d0655e278792d5bffb728fe9af54d,ok,1,7,16,1.4421,30.0,GOAL DONE,0.2,100,,,,0.8,2026-09-22 19:09:48
657,tomato,random,05,5,1515875879,experiments_logs/analysis_recent/when_what_original_20260912/00_raw/tomato/scene_05_step50/when_what_random_thres_0-8_rand_0-4/exp_tomato_20260922_190949_591531.txt,99e45cb092a93c7a9b4ff8944ab4c4f5da9fd4803d289bdbf10bfef1ae5d02c8,ok,1,10,14,1.0792,30.0,GOAL DONE,0.2,100,,,,0.8,2026-09-22 19:09:49
658,tomato,ours_when_only,05,5,1515875879,experiments_logs/analysis_recent/when_what_original_20260912/00_raw/tomato/scene_05_step50/when_what_ours_when_only_thres_0-8_rand_0-4/exp_tomato_20260922_190950_791562.txt,40ec58609dd1efbf411748adc8909df488f41c6b86b4be02202f0f54deb03e05,ok,1,12,14,1.078,30.0,GOAL DONE,0.2,100,,,,0.8,2026-09-22 19:09:50
659,tomato,ours_what_only,05,5,1515875879,experiments_logs/analysis_recent/when_what_original_20260912/00_raw/tomato/scene_05_step50/when_what_ours_what_only_thres_0-8_rand_0-4/exp_tomato_20260922_190952_019333.txt,358d370cf350b2c61b4769602fdda43aeff41c71882b05f027d10d8823b26dfe,ok,1,9,14,1.1054,30.0,GOAL DONE,0.2,100,,,,0.8,2026-09-22 19:09:52
660,tomato,ours,05,5,1515875879,experiments_logs/analysis_recent/when_what_original_20260912/00_raw/tomato/scene_05_step50/when_what_ours_thres_0-8_rand_0-4/exp_tomato_20260922_190953_246814.txt,762b394fb802b3669b9c5f5b337911270fbec73fe3f971207bf0c14cc7dfe80a,ok,1,9,14,1.0826,30.0,GOAL DONE,0.2,100,,,,0.8,2026-09-22 19:09:53
661,tomato,random,05,6,1582002385,experiments_logs/analysis_recent/when_what_original_20260912/00_raw/tomato/scene_05_step50/when_what_random_thres_0-8_rand_0-4/exp_tomato_20260922_190954_537820.txt,ed0d01ce51730fe512cc6c87ddec8589bcbeed008597717461b5be8184b94c8e,ok,1,12,14,1.1384,30.0,GOAL DONE,0.2,100,,,,0.8,2026-09-22 19:09:54
662,tomato,ours_when_only,05,6,1582002385,experiments_logs/analysis_recent/when_what_original_20260912/00_raw/tomato/scene_05_step50/when_what_ours_when_only_thres_0-8_rand_0-4/exp_tomato_20260922_190955_836263.txt,abefada2f7c928cdd578162db6ebde7079dc943cbd9d4a93d532ecdad59af399,ok,1,13,15,1.1528,30.0,GOAL DONE,0.2,100,,,,0.8,2026-09-22 19:09:55
663,tomato,ours_what_only,05,6,1582002385,experiments_logs/analysis_recent/when_what_original_20260912/00_raw/tomato/scene_05_step50/when_what_ours_what_only_thres_0-8_rand_0-4/exp_tomato_20260922_190957_821819.txt,4649dca7c01bcef87db628d30d5e7ddfbba8fdd69555b1a6f0a96064a08197d6,ok,1,11,18,1.8392,30.0,GOAL DONE,0.2,100,,,,0.8,2026-09-22 19:09:57
664,tomato,ours,05,6,1582002385,experiments_logs/analysis_recent/when_what_original_20260912/00_raw/tomato/scene_05_step50/when_what_ours_thres_0-8_rand_0-4/exp_tomato_20260922_190959_431630.txt,98212728eb238e4b98fe845ed3af78a104892f8d5620616cf40e546457c8e85b,ok,1,9,16,1.4668,30.0,GOAL DONE,0.2,100,,,,0.8,2026-09-22 19:09:59
665,tomato,random,05,7,4043055438,experiments_logs/analysis_recent/when_what_original_20260912/00_raw/tomato/scene_05_step50/when_what_random_thres_0-8_rand_0-4/exp_tomato_20260922_191000_545743.txt,c426237681a05087b01d9b82e6526420def6b4e632c9b31645c9b39f522669b6,ok,1,3,13,0.9723,30.0,GOAL DONE,0.2,100,,,,0.8,2026-09-22 19:10:00
666,tomato,ours_when_only,05,7,4043055438,experiments_logs/analysis_recent/when_what_original_20260912/00_raw/tomato/scene_05_step50/when_what_ours_when_only_thres_0-8_rand_0-4/exp_tomato_20260922_191001_701457.txt,1097ddcdb387cdaa2800fcefb044577c08310a84ef17e2043e4a9f90f69eab6a,ok,1,13,13,1.0082,30.0,GOAL DONE,0.2,100,,,,0.8,2026-09-22 19:10:01
667,tomato,ours_what_only,05,7,4043055438,experiments_logs/analysis_recent/when_what_original_20260912/00_raw/tomato/scene_05_step50/when_what_ours_what_only_thres_0-8_rand_0-4/exp_tomato_20260922_191002_850325.txt,a032dd352dab9899479bb8e0a7202e84ed24fa0709c7bf98118c97a84c296c51,ok,1,3,13,1.0008,30.0,GOAL DONE,0.2,100,,,,0.8,2026-09-22 19:10:02
668,tomato,ours,05,7,4043055438,experiments_logs/analysis_recent/when_what_original_20260912/00_raw/tomato/scene_05_step50/when_what_ours_thres_0-8_rand_0-4/exp_tomato_20260922_191004_013742.txt,0a398ca98aa3ac1a412f09ab0268d66d13f7afe467eb46a7c691a609ec14b703,ok,1,8,13,1.0427,30.0,GOAL DONE,0.2,100,,,,0.8,2026-09-22 19:10:04
669,tomato,random,05,8,2016582733,experiments_logs/analysis_recent/when_what_original_20260912/00_raw/tomato/scene_05_step50/when_what_random_thres_0-8_rand_0-4/exp_tomato_20260922_191005_260574.txt,923fd5096a85b193278cb75ae13ad39514083abd34de056d8c8e16e8c09db98e,ok,1,2,14,1.1202,30.0,GOAL DONE,0.2,100,,,,0.8,2026-09-22 19:10:05
670,tomato,ours_when_only,05,8,2016582733,experiments_logs/analysis_recent/when_what_original_20260912/00_raw/tomato/scene_05_step50/when_what_ours_when_only_thres_0-8_rand_0-4/exp_tomato_20260922_191006_529475.txt,cd82fd87d5c89863e5e1f0401a6f2564e0744f07730f33034b77ee7dbc73d816,ok,1,13,14,1.1212,30.0,GOAL DONE,0.2,100,,,,0.8,2026-09-22 19:10:06
671,tomato,ours_what_only,05,8,2016582733,experiments_logs/analysis_recent/when_what_original_20260912/00_raw/tomato/scene_05_step50/when_what_ours_what_only_thres_0-8_rand_0-4/exp_tomato_20260922_191007_780815.txt,6d48174e9fa9cbef04aa746643a390a7c2b2e5f632426870201d18852673a6ff,ok,1,2,14,1.1096,30.0,GOAL DONE,0.2,100,,,,0.8,2026-09-22 19:10:07
672,tomato,ours,05,8,2016582733,experiments_logs/analysis_recent/when_what_original_20260912/00_raw/tomato/scene_05_step50/when_what_ours_thres_0-8_rand_0-4/exp_tomato_20260922_191009_033434.txt,2c54e72ad5bd185d44203d79ee216218dca22069aee358d5a1a0074b3feecd95,ok,1,9,14,1.1109,30.0,GOAL DONE,0.2,100,,,,0.8,2026-09-22 19:10:09
673,tomato,random,05,9,762735143,experiments_logs/analysis_recent/when_what_original_20260912/00_raw/tomato/scene_05_step50/when_what_random_thres_0-8_rand_0-4/exp_tomato_20260922_191010_211113.txt,d89faeac185bd26f6eada2e03be5fed888ca4fca7f7c79514b7f9ba3cf01329a,ok,1,6,14,1.0311,30.0,GOAL DONE,0.2,100,,,,0.8,2026-09-22 19:10:10
674,tomato,ours_when_only,05,9,762735143,experiments_logs/analysis_recent/when_what_original_20260912/00_raw/tomato/scene_05_step50/when_what_ours_when_only_thres_0-8_rand_0-4/exp_tomato_20260922_191011_405713.txt,250fb8e0c02ca9a8e5f5aca1c89fd0c4c0ec157cb631a27c1754729eece568eb,ok,1,11,14,1.0471,30.0,GOAL DONE,0.2,100,,,,0.8,2026-09-22 19:10:11
675,tomato,ours_what_only,05,9,762735143,experiments_logs/analysis_recent/when_what_original_20260912/00_raw/tomato/scene_05_step50/when_what_ours_what_only_thres_0-8_rand_0-4/exp_tomato_20260922_191012_616594.txt,c650aa21c32f94f8b51f032a9cbceea69e3bcad26db8dc534d4a80323e1d70f3,ok,1,6,14,1.0616,30.0,GOAL DONE,0.2,100,,,,0.8,2026-09-22 19:10:12
676,tomato,ours,05,9,762735143,experiments_logs/analysis_recent/when_what_original_20260912/00_raw/tomato/scene_05_step50/when_what_ours_thres_0-8_rand_0-4/exp_tomato_20260922_191013_809639.txt,de72387abbe036c3ed2d9fc16798207575f2a66b8d1a9fa5930b70a64534d5e6,ok,1,8,14,1.0378,30.0,GOAL DONE,0.2,100,,,,0.8,2026-09-22 19:10:13
677,tomato,random,05,10,3828457915,experiments_logs/analysis_recent/when_what_original_20260912/00_raw/tomato/scene_05_step50/when_what_random_thres_0-8_rand_0-4/exp_tomato_20260922_191015_614130.txt,82d3dcab255fb7c80e97ab5b4a56600dae136e57ba277bd4e865427b3088d301,ok,1,13,17,1.6489,30.0,GOAL DONE,0.2,100,,,,0.8,2026-09-22 19:10:15
678,tomato,ours_when_only,05,10,3828457915,experiments_logs/analysis_recent/when_what_original_20260912/00_raw/tomato/scene_05_step50/when_what_ours_when_only_thres_0-8_rand_0-4/exp_tomato_20260922_191016_840162.txt,f9134f73d156d34e316ff9fbfcb2baab3ee1c04765d46533c78eb144849d9df6,ok,1,14,15,1.0815,30.0,GOAL DONE,0.2,100,,,,0.8,2026-09-22 19:10:16
679,tomato,ours_what_only,05,10,3828457915,experiments_logs/analysis_recent/when_what_original_20260912/00_raw/tomato/scene_05_step50/when_what_ours_what_only_thres_0-8_rand_0-4/exp_tomato_20260922_191018_665615.txt,8331e7915959b0179b6711de4830e540065c29873d26e2f1233c52e853320640,ok,1,9,17,1.6759,30.0,GOAL DONE,0.2,100,,,,0.8,2026-09-22 19:10:18
680,tomato,ours,05,10,3828457915,experiments_logs/analysis_recent/when_what_original_20260912/00_raw/tomato/scene_05_step50/when_what_ours_thres_0-8_rand_0-4/exp_tomato_20260922_191019_917213.txt,566efbedb5393fec01cd82091cd57e3707b8c4b04196d19b61347b65561b9410,ok,1,10,15,1.1099,30.0,GOAL DONE,0.2,100,,,,0.8,2026-09-22 19:10:19
681,tomato,random,05,11,916026888,experiments_logs/analysis_recent/when_what_original_20260912/00_raw/tomato/scene_05_step50/when_what_random_thres_0-8_rand_0-4/exp_tomato_20260922_191021_165113.txt,96c7f60fb2c7c0b58f1a6356211637e65736cca12d598074dc74cc83b382e357,ok,0,19,14,1.1056,20.0,PLAN FAILURE,0.2,100,,,,0.8,2026-09-22 19:10:21
682,tomato,ours_when_only,05,11,916026888,experiments_logs/analysis_recent/when_what_original_20260912/00_raw/tomato/scene_05_step50/when_what_ours_when_only_thres_0-8_rand_0-4/exp_tomato_20260922_191022_471645.txt,39bde884b2302da1d05a8d120380a7ac7f7e8af7242b66d1c14276c556eb9968,ok,1,17,14,1.1585,30.0,GOAL DONE,0.2,100,,,,0.8,2026-09-22 19:10:22
683,tomato,ours_what_only,05,11,916026888,experiments_logs/analysis_recent/when_what_original_20260912/00_raw/tomato/scene_05_step50/when_what_ours_what_only_thres_0-8_rand_0-4/exp_tomato_20260922_191023_741480.txt,55377c2c456d8fe90fcc88007e58559ba64ffd1717ec917c827b2b826df0929b,ok,0,13,14,1.1211,20.0,PLAN FAILURE,0.2,100,,,,0.8,2026-09-22 19:10:23
684,tomato,ours,05,11,916026888,experiments_logs/analysis_recent/when_what_original_20260912/00_raw/tomato/scene_05_step50/when_what_ours_thres_0-8_rand_0-4/exp_tomato_20260922_191025_006571.txt,78a8db99f2f4905531645acd7cf46371acda8d828175f6df2a9da53c2ae04e74,ok,1,11,14,1.1239,30.0,GOAL DONE,0.2,100,,,,0.8,2026-09-22 19:10:25
685,tomato,random,05,12,1237564885,experiments_logs/analysis_recent/when_what_original_20260912/00_raw/tomato/scene_05_step50/when_what_random_thres_0-8_rand_0-4/exp_tomato_20260922_191026_183054.txt,d415cfcef9ecc959200d1cf3fcdf0403c1591e2ae60fd59c3c2faf804040c1c9,ok,1,12,13,1.0366,30.0,GOAL DONE,0.2,100,,,,0.8,2026-09-22 19:10:26
686,tomato,ours_when_only,05,12,1237564885,experiments_logs/analysis_recent/when_what_original_20260912/00_raw/tomato/scene_05_step50/when_what_ours_when_only_thres_0-8_rand_0-4/exp_tomato_20260922_191027_386038.txt,1258a2c156d672e569702a829355e5bb6f11d337c2b1564822c8b14ed98d8a5b,ok,1,13,14,1.0575,30.0,GOAL DONE,0.2,100,,,,0.8,2026-09-22 19:10:27
687,tomato,ours_what_only,05,12,1237564885,experiments_logs/analysis_recent/when_what_original_20260912/00_raw/tomato/scene_05_step50/when_what_ours_what_only_thres_0-8_rand_0-4/exp_tomato_20260922_191028_574729.txt,2878ce990e74fc175f5d13f0e3a038f084235c53f048ce35ba915e4710b75695,ok,1,7,13,1.0442,30.0,GOAL DONE,0.2,100,,,,0.8,2026-09-22 19:10:28
688,tomato,ours,05,12,1237564885,experiments_logs/analysis_recent/when_what_original_20260912/00_raw/tomato/scene_05_step50/when_what_ours_thres_0-8_rand_0-4/exp_tomato_20260922_191029_752427.txt,63a27f2e230f3d3093f69736dc778d7570b121bf7ae737b3ddf06c938b954c35,ok,1,8,14,1.0351,30.0,GOAL DONE,0.2,100,,,,0.8,2026-09-22 19:10:29
689,tomato,random,05,13,1858585129,experiments_logs/analysis_recent/when_what_original_20260912/00_raw/tomato/scene_05_step50/when_what_random_thres_0-8_rand_0-4/exp_tomato_20260922_191030_908617.txt,b0d2fff224f82d81d6c6319ee5f54575ddc3e8400bd4aed65a2fc659096e3d33,ok,1,9,13,0.9649,30.0,GOAL DONE,0.2,100,,,,0.8,2026-09-22 19:10:30
690,tomato,ours_when_only,05,13,1858585129,experiments_logs/analysis_recent/when_what_original_20260912/00_raw/tomato/scene_05_step50/when_what_ours_when_only_thres_0-8_rand_0-4/exp_tomato_20260922_191032_070440.txt,8e3686a0a682c2c2f0b665dc9ffde2f2abd064f448cff1001d54aceb1cead116,ok,1,13,13,1.0326,30.0,GOAL DONE,0.2,100,,,,0.8,2026-09-22 19:10:32
691,tomato,ours_what_only,05,13,1858585129,experiments_logs/analysis_recent/when_what_original_20260912/00_raw/tomato/scene_05_step50/when_what_ours_what_only_thres_0-8_rand_0-4/exp_tomato_20260922_191033_190090.txt,7feb26005b983c162311159d1ba06ba7098d49cf2936c5d5eca4a55bb7b2a665,ok,1,8,13,0.9984,30.0,GOAL DONE,0.2,100,,,,0.8,2026-09-22 19:10:33
692,tomato,ours,05,13,1858585129,experiments_logs/analysis_recent/when_what_original_20260912/00_raw/tomato/scene_05_step50/when_what_ours_thres_0-8_rand_0-4/exp_tomato_20260922_191034_318746.txt,68c5d88c1263c308bfc820336d5874dbbe5657fe66892ce80f1a85186d23c7b2,ok,1,8,13,0.9772,30.0,GOAL DONE,0.2,100,,,,0.8,2026-09-22 19:10:34
693,tomato,random,05,14,3332990051,experiments_logs/analysis_recent/when_what_original_20260912/00_raw/tomato/scene_05_step50/when_what_random_thres_0-8_rand_0-4/exp_tomato_20260922_191035_474337.txt,99ba7d35bb6ddf8dd954009972de5391148d255d51bba64794c966c653a3e6b0,ok,1,9,13,1.0017,30.0,GOAL DONE,0.2,100,,,,0.8,2026-09-22 19:10:35
694,tomato,ours_when_only,05,14,3332990051,experiments_logs/analysis_recent/when_what_original_20260912/00_raw/tomato/scene_05_step50/when_what_ours_when_only_thres_0-8_rand_0-4/exp_tomato_20260922_191036_640856.txt,7960aa14c5ec91d6c97a16a0e44de6289a75fe736ec21b7afda29139d657a2f5,ok,1,8,14,1.0238,30.0,GOAL DONE,0.2,100,,,,0.8,2026-09-22 19:10:36
695,tomato,ours_what_only,05,14,3332990051,experiments_logs/analysis_recent/when_what_original_20260912/00_raw/tomato/scene_05_step50/when_what_ours_what_only_thres_0-8_rand_0-4/exp_tomato_20260922_191037_809716.txt,433fa42633c987ba074ab65e2be5efc344093b1cd58d92da3588d101057f5825,ok,1,8,13,1.0291,30.0,GOAL DONE,0.2,100,,,,0.8,2026-09-22 19:10:37
696,tomato,ours,05,14,3332990051,experiments_logs/analysis_recent/when_what_original_20260912/00_raw/tomato/scene_05_step50/when_what_ours_thres_0-8_rand_0-4/exp_tomato_20260922_191039_026608.txt,df740b399dd6eecb1d0464afebac613dd68d28797c1431ec4d28db4678adaf65,ok,1,8,14,1.065,30.0,GOAL DONE,0.2,100,,,,0.8,2026-09-22 19:10:39
697,tomato,random,05,15,3143175010,experiments_logs/analysis_recent/when_what_original_20260912/00_raw/tomato/scene_05_step50/when_what_random_thres_0-8_rand_0-4/exp_tomato_20260922_191039_928712.txt,535e629dfe57f3bf12c3c91735dfba7c9ddd5042a6f93915f9c7f50295f3242c,ok,0,15,10,0.7626,10.0,PLAN FAILURE,0.2,100,,,,0.8,2026-09-22 19:10:39
698,tomato,ours_when_only,05,15,3143175010,experiments_logs/analysis_recent/when_what_original_20260912/00_raw/tomato/scene_05_step50/when_what_ours_when_only_thres_0-8_rand_0-4/exp_tomato_20260922_191041_119055.txt,176903e687988efd6cf36eb57abe66d7be739f0be2649379c8be580288848741,ok,1,13,13,1.0397,30.0,GOAL DONE,0.2,100,,,,0.8,2026-09-22 19:10:41
699,tomato,ours_what_only,05,15,3143175010,experiments_logs/analysis_recent/when_what_original_20260912/00_raw/tomato/scene_05_step50/when_what_ours_what_only_thres_0-8_rand_0-4/exp_tomato_20260922_191042_013942.txt,80c64c0acc3c0843eed291c30dec3b49f0d47d7ca45d3f07adad78de9c639eca,ok,0,8,10,0.7491,10.0,PLAN FAILURE,0.2,100,,,,0.8,2026-09-22 19:10:42
700,tomato,ours,05,15,3143175010,experiments_logs/analysis_recent/when_what_original_20260912/00_raw/tomato/scene_05_step50/when_what_ours_thres_0-8_rand_0-4/exp_tomato_20260922_191043_213652.txt,096137f802ca768094636b23dd30d4eb81031dbabd004f4e54160d32370ada10,ok,1,7,13,1.0426,30.0,GOAL DONE,0.2,100,,,,0.8,2026-09-22 19:10:43
701,tomato,random,05,16,835105112,experiments_logs/analysis_recent/when_what_original_20260912/00_raw/tomato/scene_05_step50/when_what_random_thres_0-8_rand_0-4/exp_tomato_20260922_191045_599957.txt,9cd369d1cd3153e38d296717bbb185aafce4e2a0dfa9dda6856d479d3ef2d760,ok,1,10,20,2.2394,30.0,GOAL DONE,0.2,100,,,,0.8,2026-09-22 19:10:45
702,tomato,ours_when_only,05,16,835105112,experiments_logs/analysis_recent/when_what_original_20260912/00_raw/tomato/scene_05_step50/when_what_ours_when_only_thres_0-8_rand_0-4/exp_tomato_20260922_191046_790006.txt,3144b8593f6aeaa6ff2bcafbc86afe0c037a49d6f8fe8750919cf1c324f8444d,ok,1,11,13,1.0396,30.0,GOAL DONE,0.2,100,,,,0.8,2026-09-22 19:10:46
703,tomato,ours_what_only,05,16,835105112,experiments_logs/analysis_recent/when_what_original_20260912/00_raw/tomato/scene_05_step50/when_what_ours_what_only_thres_0-8_rand_0-4/exp_tomato_20260922_191049_168482.txt,294635f5fd2aa997ddf8966a530a1661a454d4884c4f925bbd8a294dcb58204b,ok,1,9,20,2.2235,30.0,GOAL DONE,0.2,100,,,,0.8,2026-09-22 19:10:49
704,tomato,ours,05,16,835105112,experiments_logs/analysis_recent/when_what_original_20260912/00_raw/tomato/scene_05_step50/when_what_ours_thres_0-8_rand_0-4/exp_tomato_20260922_191050_348279.txt,a6765bcd9a83713f4ccbefd5c948e01bd87955e002131741a66d55945ea10167,ok,1,7,13,1.0329,30.0,GOAL DONE,0.2,100,,,,0.8,2026-09-22 19:10:50
705,tomato,random,05,17,958391921,experiments_logs/analysis_recent/when_what_original_20260912/00_raw/tomato/scene_05_step50/when_what_random_thres_0-8_rand_0-4/exp_tomato_20260922_191051_652175.txt,be6794c94c4de081e4beed77aa8c12db2aedcc385f96ed80f9476f4b453bba5a,ok,1,11,14,1.158,30.0,GOAL DONE,0.2,100,,,,0.8,2026-09-22 19:10:51
706,tomato,ours_when_only,05,17,958391921,experiments_logs/analysis_recent/when_what_original_20260912/00_raw/tomato/scene_05_step50/when_what_ours_when_only_thres_0-8_rand_0-4/exp_tomato_20260922_191052_951227.txt,d0dbd309df2c232ccdb60e4e0523cae9eb1d0857cf58e06a13ef38f5b9e67bfa,ok,1,12,14,1.1573,30.0,GOAL DONE,0.2,100,,,,0.8,2026-09-22 19:10:52
707,tomato,ours_what_only,05,17,958391921,experiments_logs/analysis_recent/when_what_original_20260912/00_raw/tomato/scene_05_step50/when_what_ours_what_only_thres_0-8_rand_0-4/exp_tomato_20260922_191054_249855.txt,5b2b0ad5e383e325dcf45edd65c5d39887ebc847bc2fb6c05bb8f0db78e8786c,ok,1,10,14,1.1535,30.0,GOAL DONE,0.2,100,,,,0.8,2026-09-22 19:10:54
708,tomato,ours,05,17,958391921,experiments_logs/analysis_recent/when_what_original_20260912/00_raw/tomato/scene_05_step50/when_what_ours_thres_0-8_rand_0-4/exp_tomato_20260922_191055_559675.txt,64d3f847f3893fe0707d2f5ca12c284530c55c5e1244cdce1dadb5b05a5e60d2,ok,1,10,14,1.16,30.0,GOAL DONE,0.2,100,,,,0.8,2026-09-22 19:10:55
709,tomato,random,05,18,3345339169,experiments_logs/analysis_recent/when_what_original_20260912/00_raw/tomato/scene_05_step50/when_what_random_thres_0-8_rand_0-4/exp_tomato_20260922_191056_846152.txt,9c4491bcfaf14d75f2ef736b9e6a18e2b34422c0e6c6951add56022771733475,ok,1,9,14,1.1419,30.0,GOAL DONE,0.2,100,,,,0.8,2026-09-22 19:10:56
710,tomato,ours_when_only,05,18,3345339169,experiments_logs/analysis_recent/when_what_original_20260912/00_raw/tomato/scene_05_step50/when_what_ours_when_only_thres_0-8_rand_0-4/exp_tomato_20260922_191058_077262.txt,e88c5ae130b3de25e64594ac47d911b231fa19b3d7f878faf513e2e5609cca7d,ok,1,12,14,1.111,30.0,GOAL DONE,0.2,100,,,,0.8,2026-09-22 19:10:58
711,tomato,ours_what_only,05,18,3345339169,experiments_logs/analysis_recent/when_what_original_20260912/00_raw/tomato/scene_05_step50/when_what_ours_what_only_thres_0-8_rand_0-4/exp_tomato_20260922_191059_386604.txt,10807ea120361f1805fb95dd87aa3a2c54e83ca196eda9cca43cc4ed65820b98,ok,1,7,14,1.1144,30.0,GOAL DONE,0.2,100,,,,0.8,2026-09-22 19:10:59
712,tomato,ours,05,18,3345339169,experiments_logs/analysis_recent/when_what_original_20260912/00_raw/tomato/scene_05_step50/when_what_ours_thres_0-8_rand_0-4/exp_tomato_20260922_191100_635841.txt,0bc902afe5c77e5ad596e2feff1d724304c93dd28dfcc9f94a6ea33ce0e681c2,ok,1,9,14,1.1254,30.0,GOAL DONE,0.2,100,,,,0.8,2026-09-22 19:11:00
713,tomato,random,05,19,3918246753,experiments_logs/analysis_recent/when_what_original_20260912/00_raw/tomato/scene_05_step50/when_what_random_thres_0-8_rand_0-4/exp_tomato_20260922_191100_998299.txt,0f0acc0e64e78e302e61c4e6ed9f31045ff8395738027d7c8fdad414bb9a5807,ok,0,1,5,0.2195,0.0,PLAN FAILURE,0.2,100,,,,0.8,2026-09-22 19:11:00
714,tomato,ours_when_only,05,19,3918246753,experiments_logs/analysis_recent/when_what_original_20260912/00_raw/tomato/scene_05_step50/when_what_ours_when_only_thres_0-8_rand_0-4/exp_tomato_20260922_191102_369380.txt,2114649ed89bfd32e6efbedf054b5606619a4f0ea155830c0d56268e6e318ad6,ok,1,12,14,1.2135,30.0,GOAL DONE,0.2,100,,,,0.8,2026-09-22 19:11:02
715,tomato,ours_what_only,05,19,3918246753,experiments_logs/analysis_recent/when_what_original_20260912/00_raw/tomato/scene_05_step50/when_what_ours_what_only_thres_0-8_rand_0-4/exp_tomato_20260922_191102_744253.txt,4d13bca4046bc68301df79e4b088d6c242da4e1ca034453e93ba53bab24e4adb,ok,0,1,5,0.2322,0.0,PLAN FAILURE,0.2,100,,,,0.8,2026-09-22 19:11:02
716,tomato,ours,05,19,3918246753,experiments_logs/analysis_recent/when_what_original_20260912/00_raw/tomato/scene_05_step50/when_what_ours_thres_0-8_rand_0-4/exp_tomato_20260922_191104_097010.txt,38054f9c0d4188430cb414420cdfb806b84202bdc6a4852e37d6bb14e58151bd,ok,1,9,14,1.1982,30.0,GOAL DONE,0.2,100,,,,0.8,2026-09-22 19:11:04
717,tomato,random,05,20,1092621324,experiments_logs/analysis_recent/when_what_original_20260912/00_raw/tomato/scene_05_step50/when_what_random_thres_0-8_rand_0-4/exp_tomato_20260922_191105_246088.txt,7b3419fb9cef5a3a41abc1738ce6f8bc674315ef21a16e901872316e6e506534,ok,1,6,13,1.0044,30.0,GOAL DONE,0.2,100,,,,0.8,2026-09-22 19:11:05
718,tomato,ours_when_only,05,20,1092621324,experiments_logs/analysis_recent/when_what_original_20260912/00_raw/tomato/scene_05_step50/when_what_ours_when_only_thres_0-8_rand_0-4/exp_tomato_20260922_191106_433268.txt,11751dddb67d37f5d6b9c309870b2d98e149e03e5e0e0403e08b8b94c8057b37,ok,1,9,14,1.0474,30.0,GOAL DONE,0.2,100,,,,0.8,2026-09-22 19:11:06
719,tomato,ours_what_only,05,20,1092621324,experiments_logs/analysis_recent/when_what_original_20260912/00_raw/tomato/scene_05_step50/when_what_ours_what_only_thres_0-8_rand_0-4/exp_tomato_20260922_191107_594134.txt,7a9ff79b9e48d118f3d35d4427136781f0e475d4f721321a4e70907bc54b735c,ok,1,7,13,1.0164,30.0,GOAL DONE,0.2,100,,,,0.8,2026-09-22 19:11:07
720,tomato,ours,05,20,1092621324,experiments_logs/analysis_recent/when_what_original_20260912/00_raw/tomato/scene_05_step50/when_what_ours_thres_0-8_rand_0-4/exp_tomato_20260922_191108_730419.txt,d61c5c7dbd678fbf4af8365559a16f6f223476442c7dd9ded4667590ba7cef64,ok,1,10,14,1.0197,30.0,GOAL DONE,0.2,100,,,,0.8,2026-09-22 19:11:08
721,tomato,random,05,21,3051762641,experiments_logs/analysis_recent/when_what_original_20260912/00_raw/tomato/scene_05_step50/when_what_random_thres_0-8_rand_0-4/exp_tomato_20260922_191110_313887.txt,bf25c08a2a527744a075e490fb8388a091fbe161d63ffda2aac3269ac1d19300,ok,1,7,15,1.4415,30.0,GOAL DONE,0.2,100,,,,0.8,2026-09-22 19:11:10
722,tomato,ours_when_only,05,21,3051762641,experiments_logs/analysis_recent/when_what_original_20260912/00_raw/tomato/scene_05_step50/when_what_ours_when_only_thres_0-8_rand_0-4/exp_tomato_20260922_191111_662104.txt,40ce40a52216dec095a9748ed9b4a68fa3353a344f36d09ef722319c61a7466b,ok,1,12,14,1.2068,30.0,GOAL DONE,0.2,100,,,,0.8,2026-09-22 19:11:11
723,tomato,ours_what_only,05,21,3051762641,experiments_logs/analysis_recent/when_what_original_20260912/00_raw/tomato/scene_05_step50/when_what_ours_what_only_thres_0-8_rand_0-4/exp_tomato_20260922_191113_249492.txt,f00d0de379e214b4c27bfad5bf3ec7329fcaed2802426fb3e617888dc606694f,ok,1,6,15,1.44,30.0,GOAL DONE,0.2,100,,,,0.8,2026-09-22 19:11:13
724,tomato,ours,05,21,3051762641,experiments_logs/analysis_recent/when_what_original_20260912/00_raw/tomato/scene_05_step50/when_what_ours_thres_0-8_rand_0-4/exp_tomato_20260922_191114_612360.txt,3e766adcd140ef3a8957a15c5318a6ea99ad600bbe0e4bc6bcd990a0fe742752,ok,1,10,14,1.2124,30.0,GOAL DONE,0.2,100,,,,0.8,2026-09-22 19:11:14
725,tomato,random,05,22,999109550,experiments_logs/analysis_recent/when_what_original_20260912/00_raw/tomato/scene_05_step50/when_what_random_thres_0-8_rand_0-4/exp_tomato_20260922_191115_723007.txt,0b56ebe24facf66b13b2776c5341590812d18c263ff257fccb0f7d3fa1e5b62c,ok,1,6,13,0.9656,30.0,GOAL DONE,0.2,100,,,,0.8,2026-09-22 19:11:15
726,tomato,ours_when_only,05,22,999109550,experiments_logs/analysis_recent/when_what_original_20260912/00_raw/tomato/scene_05_step50/when_what_ours_when_only_thres_0-8_rand_0-4/exp_tomato_20260922_191116_856334.txt,9d2a5d53ec3fc049e61f64968bebb9566dbe923466b1c0f54df5fd8410e2616e,ok,1,12,13,0.9847,30.0,GOAL DONE,0.2,100,,,,0.8,2026-09-22 19:11:16
727,tomato,ours_what_only,05,22,999109550,experiments_logs/analysis_recent/when_what_original_20260912/00_raw/tomato/scene_05_step50/when_what_ours_what_only_thres_0-8_rand_0-4/exp_tomato_20260922_191117_992210.txt,eb5de13a145043b382c3ca8f87369128ea9162fd681e94175221db723be5eda8,ok,1,6,13,0.9892,30.0,GOAL DONE,0.2,100,,,,0.8,2026-09-22 19:11:17
728,tomato,ours,05,22,999109550,experiments_logs/analysis_recent/when_what_original_20260912/00_raw/tomato/scene_05_step50/when_what_ours_thres_0-8_rand_0-4/exp_tomato_20260922_191119_128570.txt,175e3365ae298da6b0e9b3e32f9e16446e9c7001ec044c60884a41c31d66a040,ok,1,7,13,0.9926,30.0,GOAL DONE,0.2,100,,,,0.8,2026-09-22 19:11:19
729,tomato,random,05,23,2666324108,experiments_logs/analysis_recent/when_what_original_20260912/00_raw/tomato/scene_05_step50/when_what_random_thres_0-8_rand_0-4/exp_tomato_20260922_191120_275809.txt,b775b7cc906e52508b79c6ff288c9ddcd09ab89cb2330812801b6c490bf836cd,ok,1,1,13,0.9998,30.0,GOAL DONE,0.2,100,,,,0.8,2026-09-22 19:11:20
730,tomato,ours_when_only,05,23,2666324108,experiments_logs/analysis_recent/when_what_original_20260912/00_raw/tomato/scene_05_step50/when_what_ours_when_only_thres_0-8_rand_0-4/exp_tomato_20260922_191121_412037.txt,f8d99ceea2ce6d764383809cb1386ccfaf52ec5cc9caf824b74daa44bb38a372,ok,1,6,13,0.9882,30.0,GOAL DONE,0.2,100,,,,0.8,2026-09-22 19:11:21
731,tomato,ours_what_only,05,23,2666324108,experiments_logs/analysis_recent/when_what_original_20260912/00_raw/tomato/scene_05_step50/when_what_ours_what_only_thres_0-8_rand_0-4/exp_tomato_20260922_191122_522961.txt,648dee4d58e7c5fb2fdd79b9cc0ff007a1f3e5d448b0aabe284924819ceb6f99,ok,1,1,13,0.9527,30.0,GOAL DONE,0.2,100,,,,0.8,2026-09-22 19:11:22
732,tomato,ours,05,23,2666324108,experiments_logs/analysis_recent/when_what_original_20260912/00_raw/tomato/scene_05_step50/when_what_ours_thres_0-8_rand_0-4/exp_tomato_20260922_191123_641935.txt,90a50e91782f7860fd703ccc689bd5c160b863697547eedecb1ae83d37d21984,ok,1,6,13,0.9597,30.0,GOAL DONE,0.2,100,,,,0.8,2026-09-22 19:11:23
733,tomato,random,05,24,2555223862,experiments_logs/analysis_recent/when_what_original_20260912/00_raw/tomato/scene_05_step50/when_what_random_thres_0-8_rand_0-4/exp_tomato_20260922_191124_930564.txt,1ae1d196824e4df2e2bed83ffd305a2645f94472bdf929b376879e6603837e93,ok,1,13,14,1.1444,30.0,GOAL DONE,0.2,100,,,,0.8,2026-09-22 19:11:24
734,tomato,ours_when_only,05,24,2555223862,experiments_logs/analysis_recent/when_what_original_20260912/00_raw/tomato/scene_05_step50/when_what_ours_when_only_thres_0-8_rand_0-4/exp_tomato_20260922_191133_910127.txt,3f965ed2a0f2fc049b89f171232c3c3c9289482c0bde1b31709fd275ee9d1d2c,ok,0,12,50,8.7877,-165.0,MAX STEP,0.2,100,,,,0.8,2026-09-22 19:11:33
735,tomato,ours_what_only,05,24,2555223862,experiments_logs/analysis_recent/when_what_original_20260912/00_raw/tomato/scene_05_step50/when_what_ours_what_only_thres_0-8_rand_0-4/exp_tomato_20260922_191135_223314.txt,1633d3069bfc787580c587bc61b1e581223adac96228116dfe12fb6def4b06c0,ok,1,11,14,1.1595,30.0,GOAL DONE,0.2,100,,,,0.8,2026-09-22 19:11:35
736,tomato,ours,05,24,2555223862,experiments_logs/analysis_recent/when_what_original_20260912/00_raw/tomato/scene_05_step50/when_what_ours_thres_0-8_rand_0-4/exp_tomato_20260922_191144_274118.txt,c2dc95bfa900ab39b0f76926fdbcac60978e4d59c80e04564103c9e7fea9190f,ok,0,10,50,8.9099,-165.0,MAX STEP,0.2,100,,,,0.8,2026-09-22 19:11:44
737,tomato,random,05,25,2758408146,experiments_logs/analysis_recent/when_what_original_20260912/00_raw/tomato/scene_05_step50/when_what_random_thres_0-8_rand_0-4/exp_tomato_20260922_191146_100059.txt,844108da2d737b0a40f3dcc3cc32d53edd56d6ea221212f339f190c226876b42,ok,1,7,17,1.705,30.0,GOAL DONE,0.2,100,,,,0.8,2026-09-22 19:11:46
738,tomato,ours_when_only,05,25,2758408146,experiments_logs/analysis_recent/when_what_original_20260912/00_raw/tomato/scene_05_step50/when_what_ours_when_only_thres_0-8_rand_0-4/exp_tomato_20260922_191148_007884.txt,7f572aeb1a612776bfa09ce1a1f82e0d951cbd0ff34c65bfe23703736c251580,ok,1,13,17,1.7579,30.0,GOAL DONE,0.2,100,,,,0.8,2026-09-22 19:11:48
739,tomato,ours_what_only,05,25,2758408146,experiments_logs/analysis_recent/when_what_original_20260912/00_raw/tomato/scene_05_step50/when_what_ours_what_only_thres_0-8_rand_0-4/exp_tomato_20260922_191149_861083.txt,2dafcbde91bfc420109fafa0ca5bbd6dc46732c6a22ef1165b2d33f66f2c0d92,ok,1,7,17,1.7034,30.0,GOAL DONE,0.2,100,,,,0.8,2026-09-22 19:11:49
740,tomato,ours,05,25,2758408146,experiments_logs/analysis_recent/when_what_original_20260912/00_raw/tomato/scene_05_step50/when_what_ours_thres_0-8_rand_0-4/exp_tomato_20260922_191151_669762.txt,4778023fdfa5b6d9f5a84c16389099575a739123984ae74c0c4ebe1d9d8b9d17,ok,1,7,17,1.6733,30.0,GOAL DONE,0.2,100,,,,0.8,2026-09-22 19:11:51
741,tomato,random,05,26,2066581592,experiments_logs/analysis_recent/when_what_original_20260912/00_raw/tomato/scene_05_step50/when_what_random_thres_0-8_rand_0-4/exp_tomato_20260922_191152_455442.txt,fcbb00ee0fd6e55ba7f7590cc147f871fe551e3af8dae3bda9000f46c20a2d97,ok,0,5,10,0.632,20.0,PLAN FAILURE,0.2,100,,,,0.8,2026-09-22 19:11:52
742,tomato,ours_when_only,05,26,2066581592,experiments_logs/analysis_recent/when_what_original_20260912/00_raw/tomato/scene_05_step50/when_what_ours_when_only_thres_0-8_rand_0-4/exp_tomato_20260922_191153_706715.txt,3c48dec89aca8cd3ca48f29e5c5eafa51c2da5745deaccff0352803a40d29db4,ok,1,18,14,1.1127,30.0,GOAL DONE,0.2,100,,,,0.8,2026-09-22 19:11:53
743,tomato,ours_what_only,05,26,2066581592,experiments_logs/analysis_recent/when_what_original_20260912/00_raw/tomato/scene_05_step50/when_what_ours_what_only_thres_0-8_rand_0-4/exp_tomato_20260922_191154_921422.txt,dd1a0d97be89f88caf4686403302dd01e0bbc90ec8c67f4e79e08c52dba1e20e,ok,1,4,14,1.0674,30.0,GOAL DONE,0.2,100,,,,0.8,2026-09-22 19:11:54
744,tomato,ours,05,26,2066581592,experiments_logs/analysis_recent/when_what_original_20260912/00_raw/tomato/scene_05_step50/when_what_ours_thres_0-8_rand_0-4/exp_tomato_20260922_191156_141573.txt,13447df03b07d6c6f2a5d193761ee630bdc21e73ab1ec8765d1cd5ca56b2ea5a,ok,1,10,14,1.0983,30.0,GOAL DONE,0.2,100,,,,0.8,2026-09-22 19:11:56
745,tomato,random,05,27,462432420,experiments_logs/analysis_recent/when_what_original_20260912/00_raw/tomato/scene_05_step50/when_what_random_thres_0-8_rand_0-4/exp_tomato_20260922_191156_591712.txt,2cb02f1e9975e348d8c04063e02f7d31af93e2765db38d5e2c7c05ca85cbd655,ok,0,7,5,0.3336,0.0,PLAN FAILURE,0.2,100,,,,0.8,2026-09-22 19:11:56
746,tomato,ours_when_only,05,27,462432420,experiments_logs/analysis_recent/when_what_original_20260912/00_raw/tomato/scene_05_step50/when_what_ours_when_only_thres_0-8_rand_0-4/exp_tomato_20260922_191157_745915.txt,3c567735af164b08c8b9f2e2b47493e7bd692ab3726a055c66c3ba85e942eeaa,ok,1,11,13,1.0072,30.0,GOAL DONE,0.2,100,,,,0.8,2026-09-22 19:11:57
747,tomato,ours_what_only,05,27,462432420,experiments_logs/analysis_recent/when_what_original_20260912/00_raw/tomato/scene_05_step50/when_what_ours_what_only_thres_0-8_rand_0-4/exp_tomato_20260922_191158_220885.txt,ab4d988fb9d659ab5dbb507c528f2c2ca0967e39ab1be414fdcb0c92b595a323,ok,0,6,5,0.3312,0.0,PLAN FAILURE,0.2,100,,,,0.8,2026-09-22 19:11:58
748,tomato,ours,05,27,462432420,experiments_logs/analysis_recent/when_what_original_20260912/00_raw/tomato/scene_05_step50/when_what_ours_thres_0-8_rand_0-4/exp_tomato_20260922_191159_355542.txt,dfa5b722212e1e866f9c7b874bf027239693874c7072c90d8fff97e6274b29c8,ok,1,11,13,0.9865,30.0,GOAL DONE,0.2,100,,,,0.8,2026-09-22 19:11:59
749,tomato,random,05,28,926546794,experiments_logs/analysis_recent/when_what_original_20260912/00_raw/tomato/scene_05_step50/when_what_random_thres_0-8_rand_0-4/exp_tomato_20260922_191201_075941.txt,110dd36e0039413cbf45df52682ce0599f93751f82a5578be7d8a10cecbc5c32,ok,0,6,17,1.5753,20.0,PLAN FAILURE,0.2,100,,,,0.8,2026-09-22 19:12:01
750,tomato,ours_when_only,05,28,926546794,experiments_logs/analysis_recent/when_what_original_20260912/00_raw/tomato/scene_05_step50/when_what_ours_when_only_thres_0-8_rand_0-4/exp_tomato_20260922_191202_142342.txt,90e1167df82bf021e5d73c1c20651c6213419ab3123c7c38e26b02ddfd7105df,ok,1,14,13,0.9495,30.0,GOAL DONE,0.2,100,,,,0.8,2026-09-22 19:12:02
751,tomato,ours_what_only,05,28,926546794,experiments_logs/analysis_recent/when_what_original_20260912/00_raw/tomato/scene_05_step50/when_what_ours_what_only_thres_0-8_rand_0-4/exp_tomato_20260922_191203_858303.txt,a8504e4a0e678fc5da4fa0e5f701997b12801c2060f99f7a48a7e83730670a18,ok,0,6,17,1.5645,20.0,PLAN FAILURE,0.2,100,,,,0.8,2026-09-22 19:12:03
752,tomato,ours,05,28,926546794,experiments_logs/analysis_recent/when_what_original_20260912/00_raw/tomato/scene_05_step50/when_what_ours_thres_0-8_rand_0-4/exp_tomato_20260922_191205_041083.txt,a7d3e41596156d0a1eef0efd454befdc863ad0d8c7f659e53b4f162a61c819cc,ok,1,8,13,1.0365,30.0,GOAL DONE,0.2,100,,,,0.8,2026-09-22 19:12:05
753,tomato,random,05,29,3748770798,experiments_logs/analysis_recent/when_what_original_20260912/00_raw/tomato/scene_05_step50/when_what_random_thres_0-8_rand_0-4/exp_tomato_20260922_191206_259068.txt,55ff54ff8ac40706db269895d9b33ee49313737893cfe6809d5b5e40f084e10e,ok,1,6,14,1.1014,30.0,GOAL DONE,0.2,100,,,,0.8,2026-09-22 19:12:06
754,tomato,ours_when_only,05,29,3748770798,experiments_logs/analysis_recent/when_what_original_20260912/00_raw/tomato/scene_05_step50/when_what_ours_when_only_thres_0-8_rand_0-4/exp_tomato_20260922_191207_523494.txt,4e0d0371c66b44fc6eef6ff74bded7dcb86c6d7091a1855122c1bc3f548b836f,ok,1,12,14,1.1143,30.0,GOAL DONE,0.2,100,,,,0.8,2026-09-22 19:12:07
755,tomato,ours_what_only,05,29,3748770798,experiments_logs/analysis_recent/when_what_original_20260912/00_raw/tomato/scene_05_step50/when_what_ours_what_only_thres_0-8_rand_0-4/exp_tomato_20260922_191208_772554.txt,5ad75d0c7d94b0d14b675e3ea36e240b9ec539c23d339eb3de90744ee2324a54,ok,1,6,14,1.1032,30.0,GOAL DONE,0.2,100,,,,0.8,2026-09-22 19:12:08
756,tomato,ours,05,29,3748770798,experiments_logs/analysis_recent/when_what_original_20260912/00_raw/tomato/scene_05_step50/when_what_ours_thres_0-8_rand_0-4/exp_tomato_20260922_191210_002679.txt,a2d9ac8505025b34135556577c5c1127e201304676a286258efa3e6662744d94,ok,1,9,14,1.112,30.0,GOAL DONE,0.2,100,,,,0.8,2026-09-22 19:12:10
757,tomato,random,05,30,3529758282,experiments_logs/analysis_recent/when_what_original_20260912/00_raw/tomato/scene_05_step50/when_what_random_thres_0-8_rand_0-4/exp_tomato_20260922_191211_583803.txt,95bf1d517307497cc255e1af0d1e78c9fcc04199d5991f408249d93aeadd220b,ok,1,9,15,1.4381,30.0,GOAL DONE,0.2,100,,,,0.8,2026-09-22 19:12:11
758,tomato,ours_when_only,05,30,3529758282,experiments_logs/analysis_recent/when_what_original_20260912/00_raw/tomato/scene_05_step50/when_what_ours_when_only_thres_0-8_rand_0-4/exp_tomato_20260922_191213_137375.txt,8abff1495007dca6d57c6518b59171dae5d58ec023a76a615bde17595820cd4f,ok,1,10,15,1.3987,30.0,GOAL DONE,0.2,100,,,,0.8,2026-09-22 19:12:13
759,tomato,ours_what_only,05,30,3529758282,experiments_logs/analysis_recent/when_what_original_20260912/00_raw/tomato/scene_05_step50/when_what_ours_what_only_thres_0-8_rand_0-4/exp_tomato_20260922_191214_713536.txt,340f597885d4a67a6da61224b35072e9bb1c17efa544c1230ec568bfa6315f86,ok,1,5,15,1.4252,30.0,GOAL DONE,0.2,100,,,,0.8,2026-09-22 19:12:14
760,tomato,ours,05,30,3529758282,experiments_logs/analysis_recent/when_what_original_20260912/00_raw/tomato/scene_05_step50/when_what_ours_thres_0-8_rand_0-4/exp_tomato_20260922_191216_267114.txt,baa3fa5077bf5af11b066695e17ae074268e145be5c8aff0d2393d379a87b99b,ok,1,6,15,1.4039,30.0,GOAL DONE,0.2,100,,,,0.8,2026-09-22 19:12:16
761,tomato,random,05,31,3778638932,experiments_logs/analysis_recent/when_what_original_20260912/00_raw/tomato/scene_05_step50/when_what_random_thres_0-8_rand_0-4/exp_tomato_20260922_191218_078923.txt,d925f7dddfeb189c6117308aa7fafad29d79ab216f4effa6f7f2bf0b615b68f8,ok,1,6,18,1.6595,30.0,GOAL DONE,0.2,100,,,,0.8,2026-09-22 19:12:18
762,tomato,ours_when_only,05,31,3778638932,experiments_logs/analysis_recent/when_what_original_20260912/00_raw/tomato/scene_05_step50/when_what_ours_when_only_thres_0-8_rand_0-4/exp_tomato_20260922_191219_336443.txt,9474205479e4f6a5211c10a2eb552915a7c99ac7f193a1d35df062f457f89fb6,ok,1,16,14,1.1118,30.0,GOAL DONE,0.2,100,,,,0.8,2026-09-22 19:12:19
763,tomato,ours_what_only,05,31,3778638932,experiments_logs/analysis_recent/when_what_original_20260912/00_raw/tomato/scene_05_step50/when_what_ours_what_only_thres_0-8_rand_0-4/exp_tomato_20260922_191221_176977.txt,f5dadbee497092793d8ba4001682272cc5d336e82ef3de071055cfed52d66fb1,ok,1,6,18,1.6864,30.0,GOAL DONE,0.2,100,,,,0.8,2026-09-22 19:12:21
764,tomato,ours,05,31,3778638932,experiments_logs/analysis_recent/when_what_original_20260912/00_raw/tomato/scene_05_step50/when_what_ours_thres_0-8_rand_0-4/exp_tomato_20260922_191222_492632.txt,4e31f8c88a42da08aa1b3db1abc984155f2d4168acc7424eede197555c3c3b52,ok,1,12,14,1.1173,30.0,GOAL DONE,0.2,100,,,,0.8,2026-09-22 19:12:22
765,tomato,random,05,32,3488062672,experiments_logs/analysis_recent/when_what_original_20260912/00_raw/tomato/scene_05_step50/when_what_random_thres_0-8_rand_0-4/exp_tomato_20260922_191223_650355.txt,2e374776804e8a0c502a8040e6a8be48efb3922d2337d38621614b2abb8d9f97,ok,1,3,13,1.0121,30.0,GOAL DONE,0.2,100,,,,0.8,2026-09-22 19:12:23
766,tomato,ours_when_only,05,32,3488062672,experiments_logs/analysis_recent/when_what_original_20260912/00_raw/tomato/scene_05_step50/when_what_ours_when_only_thres_0-8_rand_0-4/exp_tomato_20260922_191224_810142.txt,77118547420c952aa696715db7d7a6eb18cf0fb9a059f6d77e8cb9c853dc1340,ok,1,8,13,1.0104,30.0,GOAL DONE,0.2,100,,,,0.8,2026-09-22 19:12:24
767,tomato,ours_what_only,05,32,3488062672,experiments_logs/analysis_recent/when_what_original_20260912/00_raw/tomato/scene_05_step50/when_what_ours_what_only_thres_0-8_rand_0-4/exp_tomato_20260922_191225_964497.txt,6d704a6060b29e05af57b2bfd5e220237c4f6d6fff70139165537e0411b5ae37,ok,1,3,13,1.0125,30.0,GOAL DONE,0.2,100,,,,0.8,2026-09-22 19:12:25
768,tomato,ours,05,32,3488062672,experiments_logs/analysis_recent/when_what_original_20260912/00_raw/tomato/scene_05_step50/when_what_ours_thres_0-8_rand_0-4/exp_tomato_20260922_191227_142617.txt,0db3701518e1ae7f9e8fd8eee83cde2331f22ce18d0d7813ed7ea063df74a440,ok,1,7,13,1.0303,30.0,GOAL DONE,0.2,100,,,,0.8,2026-09-22 19:12:27
769,tomato,random,05,33,4280522133,experiments_logs/analysis_recent/when_what_original_20260912/00_raw/tomato/scene_05_step50/when_what_random_thres_0-8_rand_0-4/exp_tomato_20260922_191229_089189.txt,3573025e7a660ffc802e1cc062cbd922bb8c9f30c25b8786351ce7369f281a94,ok,1,12,20,1.7932,30.0,GOAL DONE,0.2,100,,,,0.8,2026-09-22 19:12:29
770,tomato,ours_when_only,05,33,4280522133,experiments_logs/analysis_recent/when_what_original_20260912/00_raw/tomato/scene_05_step50/when_what_ours_when_only_thres_0-8_rand_0-4/exp_tomato_20260922_191230_227564.txt,b7a2d68868f9aad6f6a5366f1dc3a74dd9d06a5b753c7cc804aef51b8c7908ad,ok,1,10,13,0.9972,30.0,GOAL DONE,0.2,100,,,,0.8,2026-09-22 19:12:30
771,tomato,ours_what_only,05,33,4280522133,experiments_logs/analysis_recent/when_what_original_20260912/00_raw/tomato/scene_05_step50/when_what_ours_what_only_thres_0-8_rand_0-4/exp_tomato_20260922_191232_189206.txt,881f99053019e53c5c399f6bdd1d559e3a7db7e18108d8cc1f3ad39bcd9e2c81,ok,1,11,20,1.7983,30.0,GOAL DONE,0.2,100,,,,0.8,2026-09-22 19:12:32
772,tomato,ours,05,33,4280522133,experiments_logs/analysis_recent/when_what_original_20260912/00_raw/tomato/scene_05_step50/when_what_ours_thres_0-8_rand_0-4/exp_tomato_20260922_191233_343580.txt,b1df0e0696a6971fb82e52b38e19ed344619b87a8e775a48d2bafb5d62cbcb20,ok,1,10,13,1.0121,30.0,GOAL DONE,0.2,100,,,,0.8,2026-09-22 19:12:33
773,tomato,random,05,34,1151189711,experiments_logs/analysis_recent/when_what_original_20260912/00_raw/tomato/scene_05_step50/when_what_random_thres_0-8_rand_0-4/exp_tomato_20260922_191234_654150.txt,0d49f78ebb94e757b8a2cd6b45f3870bff681bf8778e83d728203b178096a7ae,ok,1,16,14,1.169,30.0,GOAL DONE,0.2,100,,,,0.8,2026-09-22 19:12:34
774,tomato,ours_when_only,05,34,1151189711,experiments_logs/analysis_recent/when_what_original_20260912/00_raw/tomato/scene_05_step50/when_what_ours_when_only_thres_0-8_rand_0-4/exp_tomato_20260922_191235_964784.txt,b33381cf45ed2be20a0414418fc8e44c430640ca9529ee0cf90731dcf4bc289d,ok,1,14,14,1.1595,30.0,GOAL DONE,0.2,100,,,,0.8,2026-09-22 19:12:35
775,tomato,ours_what_only,05,34,1151189711,experiments_logs/analysis_recent/when_what_original_20260912/00_raw/tomato/scene_05_step50/when_what_ours_what_only_thres_0-8_rand_0-4/exp_tomato_20260922_191237_275812.txt,8d768943c6a5607673cb02de5d71a5bdc8cc4963b730fca41b6c8a841d649c89,ok,1,12,14,1.1664,30.0,GOAL DONE,0.2,100,,,,0.8,2026-09-22 19:12:37
776,tomato,ours,05,34,1151189711,experiments_logs/analysis_recent/when_what_original_20260912/00_raw/tomato/scene_05_step50/when_what_ours_thres_0-8_rand_0-4/exp_tomato_20260922_191238_642318.txt,bbfb1135824dc1359cbee3c05bbd149930db16e7414bfd6c511a771345d95053,ok,1,9,14,1.2099,30.0,GOAL DONE,0.2,100,,,,0.8,2026-09-22 19:12:38
777,tomato,random,05,35,1585236825,experiments_logs/analysis_recent/when_what_original_20260912/00_raw/tomato/scene_05_step50/when_what_random_thres_0-8_rand_0-4/exp_tomato_20260922_191239_896380.txt,9600cef23806112ca41c11eb2bc30ad6955755da4eec4e98fe088155aa51bc71,ok,1,7,14,1.1108,30.0,GOAL DONE,0.2,100,,,,0.8,2026-09-22 19:12:39
778,tomato,ours_when_only,05,35,1585236825,experiments_logs/analysis_recent/when_what_original_20260912/00_raw/tomato/scene_05_step50/when_what_ours_when_only_thres_0-8_rand_0-4/exp_tomato_20260922_191241_142027.txt,1e98714bd0d7db1761cf834bf3a60215acf27e179c91edfca1e0916e4d96dcb8,ok,1,17,14,1.0998,30.0,GOAL DONE,0.2,100,,,,0.8,2026-09-22 19:12:41
779,tomato,ours_what_only,05,35,1585236825,experiments_logs/analysis_recent/when_what_original_20260912/00_raw/tomato/scene_05_step50/when_what_ours_what_only_thres_0-8_rand_0-4/exp_tomato_20260922_191242_411789.txt,43f74b225f163a1acfd5225eafe36b017fc1b736d75883b64587af71553ae445,ok,1,7,14,1.1267,30.0,GOAL DONE,0.2,100,,,,0.8,2026-09-22 19:12:42
780,tomato,ours,05,35,1585236825,experiments_logs/analysis_recent/when_what_original_20260912/00_raw/tomato/scene_05_step50/when_what_ours_thres_0-8_rand_0-4/exp_tomato_20260922_191243_657874.txt,af2c6cbac8ab9204ca36a868fa6331b2d720ef63ab2204693ce998fb5c619645,ok,1,12,14,1.1041,30.0,GOAL DONE,0.2,100,,,,0.8,2026-09-22 19:12:43
781,tomato,random,05,36,1966383925,experiments_logs/analysis_recent/when_what_original_20260912/00_raw/tomato/scene_05_step50/when_what_random_thres_0-8_rand_0-4/exp_tomato_20260922_191244_958706.txt,4c3e1f67a57579048704dfa5e3f6978677c06640492ea1e6740f508cea10399f,ok,1,16,14,1.1517,30.0,GOAL DONE,0.2,100,,,,0.8,2026-09-22 19:12:44
782,tomato,ours_when_only,05,36,1966383925,experiments_logs/analysis_recent/when_what_original_20260912/00_raw/tomato/scene_05_step50/when_what_ours_when_only_thres_0-8_rand_0-4/exp_tomato_20260922_191246_231714.txt,d3811f9c5cb2754bef1c4d406b21238b55f95c994c4e9d5272423f38dac1359e,ok,1,14,14,1.1271,30.0,GOAL DONE,0.2,100,,,,0.8,2026-09-22 19:12:46
783,tomato,ours_what_only,05,36,1966383925,experiments_logs/analysis_recent/when_what_original_20260912/00_raw/tomato/scene_05_step50/when_what_ours_what_only_thres_0-8_rand_0-4/exp_tomato_20260922_191247_525272.txt,248584370f4870a19cfc36da1dab40921ae60269dd77d21738242a8d698f6749,ok,1,11,14,1.1444,30.0,GOAL DONE,0.2,100,,,,0.8,2026-09-22 19:12:47
784,tomato,ours,05,36,1966383925,experiments_logs/analysis_recent/when_what_original_20260912/00_raw/tomato/scene_05_step50/when_what_ours_thres_0-8_rand_0-4/exp_tomato_20260922_191248_795918.txt,9c9b26450c24efb4da6a8753eaf17e8aedb1d9606892af626dad15bd74ea6972,ok,1,9,14,1.125,30.0,GOAL DONE,0.2,100,,,,0.8,2026-09-22 19:12:48
785,tomato,random,05,37,1258393178,experiments_logs/analysis_recent/when_what_original_20260912/00_raw/tomato/scene_05_step50/when_what_random_thres_0-8_rand_0-4/exp_tomato_20260922_191249_905653.txt,5bec992fd95e8500ec757cd40b759e621466723dcc7fbbbd50b8a6991a7558f5,ok,1,3,13,0.9656,30.0,GOAL DONE,0.2,100,,,,0.8,2026-09-22 19:12:49
786,tomato,ours_when_only,05,37,1258393178,experiments_logs/analysis_recent/when_what_original_20260912/00_raw/tomato/scene_05_step50/when_what_ours_when_only_thres_0-8_rand_0-4/exp_tomato_20260922_191251_012403.txt,a87fe056c9f2e1fefd94168fb87efd013ba4e0b98ec441d61d911f66fda916b1,ok,1,8,13,0.9549,30.0,GOAL DONE,0.2,100,,,,0.8,2026-09-22 19:12:51
787,tomato,ours_what_only,05,37,1258393178,experiments_logs/analysis_recent/when_what_original_20260912/00_raw/tomato/scene_05_step50/when_what_ours_what_only_thres_0-8_rand_0-4/exp_tomato_20260922_191252_140572.txt,f2c086a5f0c46e399302ed3b28c4fac44bc74796688b2dc73eb4dc017875f273,ok,1,3,13,0.9778,30.0,GOAL DONE,0.2,100,,,,0.8,2026-09-22 19:12:52
788,tomato,ours,05,37,1258393178,experiments_logs/analysis_recent/when_what_original_20260912/00_raw/tomato/scene_05_step50/when_what_ours_thres_0-8_rand_0-4/exp_tomato_20260922_191253_286971.txt,bf5959aa3379ef042892ad38438b395205dce24723269d86dccd7472a4fbd8c2,ok,1,7,13,0.9997,30.0,GOAL DONE,0.2,100,,,,0.8,2026-09-22 19:12:53
789,tomato,random,05,38,2457463473,experiments_logs/analysis_recent/when_what_original_20260912/00_raw/tomato/scene_05_step50/when_what_random_thres_0-8_rand_0-4/exp_tomato_20260922_191254_555726.txt,495c60aa1e1c75356de302f1a4fda15df3b1340ea109f807de1b60c486f6cdcc,ok,0,8,14,1.1512,20.0,PLAN FAILURE,0.2,100,,,,0.8,2026-09-22 19:12:54
790,tomato,ours_when_only,05,38,2457463473,experiments_logs/analysis_recent/when_what_original_20260912/00_raw/tomato/scene_05_step50/when_what_ours_when_only_thres_0-8_rand_0-4/exp_tomato_20260922_191255_854323.txt,1210f44e87cc80db9f726f642f39b82258b643345c7d2bb11d8803b5df6deb0b,ok,1,12,14,1.1541,30.0,GOAL DONE,0.2,100,,,,0.8,2026-09-22 19:12:55
791,tomato,ours_what_only,05,38,2457463473,experiments_logs/analysis_recent/when_what_original_20260912/00_raw/tomato/scene_05_step50/when_what_ours_what_only_thres_0-8_rand_0-4/exp_tomato_20260922_191257_406106.txt,d60e23f3054e567ed43adccbd92b64feb245d49610898ccef4227576b2e025c1,ok,1,6,15,1.4071,30.0,GOAL DONE,0.2,100,,,,0.8,2026-09-22 19:12:57
792,tomato,ours,05,38,2457463473,experiments_logs/analysis_recent/when_what_original_20260912/00_raw/tomato/scene_05_step50/when_what_ours_thres_0-8_rand_0-4/exp_tomato_20260922_191258_969086.txt,5cf6a82b64b1986a0a941d0e7076e521daec425fe73f50a82ffc3d1a5f32abe6,ok,1,10,15,1.4164,30.0,GOAL DONE,0.2,100,,,,0.8,2026-09-22 19:12:58
793,tomato,random,05,39,831725290,experiments_logs/analysis_recent/when_what_original_20260912/00_raw/tomato/scene_05_step50/when_what_random_thres_0-8_rand_0-4/exp_tomato_20260922_191300_118146.txt,49b50a995fb074914dbd8b09bef9f840fc1c14aaf3cf7f6397199d9e05400095,ok,1,7,13,1.0028,30.0,GOAL DONE,0.2,100,,,,0.8,2026-09-22 19:13:00
794,tomato,ours_when_only,05,39,831725290,experiments_logs/analysis_recent/when_what_original_20260912/00_raw/tomato/scene_05_step50/when_what_ours_when_only_thres_0-8_rand_0-4/exp_tomato_20260922_191301_294398.txt,fcbecabcf554683eecb456a00f76f54707d7208b617f2e70eebc9f327f637dd4,ok,1,12,14,1.0288,30.0,GOAL DONE,0.2,100,,,,0.8,2026-09-22 19:13:01
795,tomato,ours_what_only,05,39,831725290,experiments_logs/analysis_recent/when_what_original_20260912/00_raw/tomato/scene_05_step50/when_what_ours_what_only_thres_0-8_rand_0-4/exp_tomato_20260922_191302_428063.txt,225f613cfada67717ac2ff341ab2490f93eb059ed6c5d5577e38cec1ef9ca096,ok,1,7,13,0.9925,30.0,GOAL DONE,0.2,100,,,,0.8,2026-09-22 19:13:02
796,tomato,ours,05,39,831725290,experiments_logs/analysis_recent/when_what_original_20260912/00_raw/tomato/scene_05_step50/when_what_ours_thres_0-8_rand_0-4/exp_tomato_20260922_191303_633376.txt,279d646e0797155ac4cef0b582dbdf4b4db811bbd51a83f27d59dd3a4bd7d745,ok,1,12,14,1.079,30.0,GOAL DONE,0.2,100,,,,0.8,2026-09-22 19:13:03
797,tomato,random,05,40,660451748,experiments_logs/analysis_recent/when_what_original_20260912/00_raw/tomato/scene_05_step50/when_what_random_thres_0-8_rand_0-4/exp_tomato_20260922_191304_796910.txt,f227b3cea88800e1d00bd4195ea9ac545f0bdabea6bbe3a911baa34937159401,ok,1,13,13,1.0129,30.0,GOAL DONE,0.2,100,,,,0.8,2026-09-22 19:13:04
798,tomato,ours_when_only,05,40,660451748,experiments_logs/analysis_recent/when_what_original_20260912/00_raw/tomato/scene_05_step50/when_what_ours_when_only_thres_0-8_rand_0-4/exp_tomato_20260922_191305_935644.txt,767481d2ea3f5b96371a57fc19c49de76afe972815a9ae14e0be5aad838f1fbe,ok,1,11,13,0.9934,30.0,GOAL DONE,0.2,100,,,,0.8,2026-09-22 19:13:05
799,tomato,ours_what_only,05,40,660451748,experiments_logs/analysis_recent/when_what_original_20260912/00_raw/tomato/scene_05_step50/when_what_ours_what_only_thres_0-8_rand_0-4/exp_tomato_20260922_191307_044510.txt,8e4858e40f2c6c0f3b2162957796e9601c8531bb02bab89cf6aa351d97032acc,ok,1,11,13,0.9909,30.0,GOAL DONE,0.2,100,,,,0.8,2026-09-22 19:13:07
800,tomato,ours,05,40,660451748,experiments_logs/analysis_recent/when_what_original_20260912/00_raw/tomato/scene_05_step50/when_what_ours_thres_0-8_rand_0-4/exp_tomato_20260922_191308_184338.txt,92754c7326e01a5b950003c7e4960c98e131d182385292d1677064f20340f774,ok,1,7,13,0.9956,30.0,GOAL DONE,0.2,100,,,,0.8,2026-09-22 19:13:08
801,wastesorting,random,01,1,2104963647,experiments_logs/analysis_recent/when_what_original_20260912/00_raw/wastesorting/scene_01_step50/when_what_random_thres_0-8_rand_0-4/exp_wastesorting_20260922_191309_274861.txt,b7fec71364906fa9bd9c2bafd82da05e1d6a1de0bcb17d61e0b650827dd3f30a,ok,1,11,10,0.9402,30.0,GOAL DONE,0.2,100,,,,0.8,2026-09-22 19:13:09
802,wastesorting,ours_when_only,01,1,2104963647,experiments_logs/analysis_recent/when_what_original_20260912/00_raw/wastesorting/scene_01_step50/when_what_ours_when_only_thres_0-8_rand_0-4/exp_wastesorting_20260922_191310_370660.txt,fb145b55fc05ed43263f68c0b9771a93051e9a824ed5c16b5e2cafdc48a9b67b,ok,1,8,10,0.9499,30.0,GOAL DONE,0.2,100,,,,0.8,2026-09-22 19:13:10
803,wastesorting,ours_what_only,01,1,2104963647,experiments_logs/analysis_recent/when_what_original_20260912/00_raw/wastesorting/scene_01_step50/when_what_ours_what_only_thres_0-8_rand_0-4/exp_wastesorting_20260922_191311_474793.txt,8d3e61bb995037b193c5fb2d8f1428f0c496002c1f663619d25b439b1b7cd270,ok,1,10,10,0.9553,30.0,GOAL DONE,0.2,100,,,,0.8,2026-09-22 19:13:11
804,wastesorting,ours,01,1,2104963647,experiments_logs/analysis_recent/when_what_original_20260912/00_raw/wastesorting/scene_01_step50/when_what_ours_thres_0-8_rand_0-4/exp_wastesorting_20260922_191312_550793.txt,03906521f6fa155744ec073a5bfcbd0b7813e461e4761808b8d367ee56493e60,ok,1,7,9,0.9321,15.0,GOAL DONE,0.2,100,,,,0.8,2026-09-22 19:13:12
805,wastesorting,random,01,2,2721448190,experiments_logs/analysis_recent/when_what_original_20260912/00_raw/wastesorting/scene_01_step50/when_what_random_thres_0-8_rand_0-4/exp_wastesorting_20260922_191313_684837.txt,68617a2cfcb18c4c7be409022975d9d0a984e358f6f18b44367cda48da97a8cf,ok,1,14,11,0.983,30.0,GOAL DONE,0.2,100,,,,0.8,2026-09-22 19:13:13
806,wastesorting,ours_when_only,01,2,2721448190,experiments_logs/analysis_recent/when_what_original_20260912/00_raw/wastesorting/scene_01_step50/when_what_ours_when_only_thres_0-8_rand_0-4/exp_wastesorting_20260922_191314_807580.txt,7eacadd1b659f2ed5251aba80019fd064001f2cad09b91556f3bee54093c7029,ok,1,10,11,0.9983,30.0,GOAL DONE,0.2,100,,,,0.8,2026-09-22 19:13:14
807,wastesorting,ours_what_only,01,2,2721448190,experiments_logs/analysis_recent/when_what_original_20260912/00_raw/wastesorting/scene_01_step50/when_what_ours_what_only_thres_0-8_rand_0-4/exp_wastesorting_20260922_191315_960020.txt,657109ae4bc0b275f62fbbacea1497a5973d3b3e7f1f29876ea82f8b830f1f7e,ok,1,10,11,0.9999,30.0,GOAL DONE,0.2,100,,,,0.8,2026-09-22 19:13:15
808,wastesorting,ours,01,2,2721448190,experiments_logs/analysis_recent/when_what_original_20260912/00_raw/wastesorting/scene_01_step50/when_what_ours_thres_0-8_rand_0-4/exp_wastesorting_20260922_191317_079967.txt,56fd1074793a57a16885871546f21112fffd2d4d5ad157cedf3d79ff5252ac4d,ok,1,6,10,0.9719,15.0,GOAL DONE,0.2,100,,,,0.8,2026-09-22 19:13:17
809,wastesorting,random,01,3,1256529404,experiments_logs/analysis_recent/when_what_original_20260912/00_raw/wastesorting/scene_01_step50/when_what_random_thres_0-8_rand_0-4/exp_wastesorting_20260922_191318_077358.txt,b9fa3681cbcdd6b666e998a1ae02dfa13c0305584f6eb67526421a1dd9a9eca4,ok,0,2,9,0.8672,10.0,PLAN FAILURE,0.2,100,,,,0.8,2026-09-22 19:13:18
810,wastesorting,ours_when_only,01,3,1256529404,experiments_logs/analysis_recent/when_what_original_20260912/00_raw/wastesorting/scene_01_step50/when_what_ours_when_only_thres_0-8_rand_0-4/exp_wastesorting_20260922_191319_152873.txt,c26425610d907f87729d6837783e066c108fd4fb8d561c57a7a4daa81339dc58,ok,1,11,10,0.9187,30.0,GOAL DONE,0.2,100,,,,0.8,2026-09-22 19:13:19
811,wastesorting,ours_what_only,01,3,1256529404,experiments_logs/analysis_recent/when_what_original_20260912/00_raw/wastesorting/scene_01_step50/when_what_ours_what_only_thres_0-8_rand_0-4/exp_wastesorting_20260922_191320_177374.txt,8218fcb57a89cd788359be1b5475fb92e23211db47f08dbd70a00991c71d64f6,ok,0,2,9,0.8641,10.0,PLAN FAILURE,0.2,100,,,,0.8,2026-09-22 19:13:20
812,wastesorting,ours,01,3,1256529404,experiments_logs/analysis_recent/when_what_original_20260912/00_raw/wastesorting/scene_01_step50/when_what_ours_thres_0-8_rand_0-4/exp_wastesorting_20260922_191321_283151.txt,d2627716d6bde11fa5ef931d6669af920be3b3d5d3f49946abdc9077dbfb3b68,ok,1,10,11,0.9578,15.0,GOAL DONE,0.2,100,,,,0.8,2026-09-22 19:13:21
813,wastesorting,random,01,4,1767223113,experiments_logs/analysis_recent/when_what_original_20260912/00_raw/wastesorting/scene_01_step50/when_what_random_thres_0-8_rand_0-4/exp_wastesorting_20260922_191322_249627.txt,e19c71f3aaf4fad545d6395aa37d409c559827b1f3cd8d3c35c35554cb8bd7c1,ok,0,2,5,0.808,5.0,PLAN FAILURE,0.2,100,,,,0.8,2026-09-22 19:13:22
814,wastesorting,ours_when_only,01,4,1767223113,experiments_logs/analysis_recent/when_what_original_20260912/00_raw/wastesorting/scene_01_step50/when_what_ours_when_only_thres_0-8_rand_0-4/exp_wastesorting_20260922_191323_340716.txt,6d97640c80831dfc53f7f6c090ab867fd90cc889f0f319290d784cfe6ae04ba5,ok,1,14,9,0.9394,30.0,GOAL DONE,0.2,100,,,,0.8,2026-09-22 19:13:23
815,wastesorting,ours_what_only,01,4,1767223113,experiments_logs/analysis_recent/when_what_original_20260912/00_raw/wastesorting/scene_01_step50/when_what_ours_what_only_thres_0-8_rand_0-4/exp_wastesorting_20260922_191324_320924.txt,5f4a24ccd1f3f45d01389dc336f3770d7dfbcf8ad6c10f4723af57db5b46bf09,ok,0,2,5,0.8333,5.0,PLAN FAILURE,0.2,100,,,,0.8,2026-09-22 19:13:24
816,wastesorting,ours,01,4,1767223113,experiments_logs/analysis_recent/when_what_original_20260912/00_raw/wastesorting/scene_01_step50/when_what_ours_thres_0-8_rand_0-4/exp_wastesorting_20260922_191325_381822.txt,52c8f1d4a254220c8f3f53277b475779125ecfe425e21550c195449e07b8bad8,ok,1,7,9,0.9129,30.0,GOAL DONE,0.2,100,,,,0.8,2026-09-22 19:13:25
817,wastesorting,random,01,5,2374727305,experiments_logs/analysis_recent/when_what_original_20260912/00_raw/wastesorting/scene_01_step50/when_what_random_thres_0-8_rand_0-4/exp_wastesorting_20260922_191326_410842.txt,42cd70c093c7209953d3fcfc96c6e0d6affa492e3294f80bbb9f198279b8e236,ok,1,6,9,0.876,15.0,GOAL DONE,0.2,100,,,,0.8,2026-09-22 19:13:26
818,wastesorting,ours_when_only,01,5,2374727305,experiments_logs/analysis_recent/when_what_original_20260912/00_raw/wastesorting/scene_01_step50/when_what_ours_when_only_thres_0-8_rand_0-4/exp_wastesorting_20260922_191327_535631.txt,98e5e093e6623f84e21b4fdb14c8d578ddf9d6d009778ad17ac42abb50696d88,ok,1,13,10,0.976,30.0,GOAL DONE,0.2,100,,,,0.8,2026-09-22 19:13:27
819,wastesorting,ours_what_only,01,5,2374727305,experiments_logs/analysis_recent/when_what_original_20260912/00_raw/wastesorting/scene_01_step50/when_what_ours_what_only_thres_0-8_rand_0-4/exp_wastesorting_20260922_191328_559215.txt,4693dc749fc8a1bee32e17d5411d32908e0e6df317274ac8bc1a40656847fece,ok,1,6,9,0.8747,15.0,GOAL DONE,0.2,100,,,,0.8,2026-09-22 19:13:28
820,wastesorting,ours,01,5,2374727305,experiments_logs/analysis_recent/when_what_original_20260912/00_raw/wastesorting/scene_01_step50/when_what_ours_thres_0-8_rand_0-4/exp_wastesorting_20260922_191329_594999.txt,3b6dd9e84c00b6daa24db440c9a7c2985a1a540b1075894055a019404cfe0534,ok,1,6,9,0.8898,15.0,GOAL DONE,0.2,100,,,,0.8,2026-09-22 19:13:29
821,wastesorting,random,01,6,3440234690,experiments_logs/analysis_recent/when_what_original_20260912/00_raw/wastesorting/scene_01_step50/when_what_random_thres_0-8_rand_0-4/exp_wastesorting_20260922_191330_668921.txt,af8155e92cb17c04dd929d21a88bf9303b5d56fb8a9b85ab67f40c8e5b6e0e05,ok,1,4,9,0.9243,30.0,GOAL DONE,0.2,100,,,,0.8,2026-09-22 19:13:30
822,wastesorting,ours_when_only,01,6,3440234690,experiments_logs/analysis_recent/when_what_original_20260912/00_raw/wastesorting/scene_01_step50/when_what_ours_when_only_thres_0-8_rand_0-4/exp_wastesorting_20260922_191331_747840.txt,cdbcd23ce303a18cbfde612996591c95c1d8ce01b0bbff2b8d5480fa7f924404,ok,1,12,9,0.9298,30.0,GOAL DONE,0.2,100,,,,0.8,2026-09-22 19:13:31
823,wastesorting,ours_what_only,01,6,3440234690,experiments_logs/analysis_recent/when_what_original_20260912/00_raw/wastesorting/scene_01_step50/when_what_ours_what_only_thres_0-8_rand_0-4/exp_wastesorting_20260922_191332_780507.txt,3c0366c5d186b1d45d01ad20e3067e9d7ad874f327f5c1697f486b478065e593,ok,1,4,9,0.9057,30.0,GOAL DONE,0.2,100,,,,0.8,2026-09-22 19:13:32
824,wastesorting,ours,01,6,3440234690,experiments_logs/analysis_recent/when_what_original_20260912/00_raw/wastesorting/scene_01_step50/when_what_ours_thres_0-8_rand_0-4/exp_wastesorting_20260922_191333_891861.txt,42a68b55b5bb51bdfc0e9c399d0be1ef08e0c2b24683dfd60b4736598ce21519,ok,1,5,9,0.9201,30.0,GOAL DONE,0.2,100,,,,0.8,2026-09-22 19:13:33
825,wastesorting,random,01,7,2254463547,experiments_logs/analysis_recent/when_what_original_20260912/00_raw/wastesorting/scene_01_step50/when_what_random_thres_0-8_rand_0-4/exp_wastesorting_20260922_191335_029965.txt,98cb5ad961676e8477ec1a8c5a2479d44a7f11dad42fd9d799fe567b1436735b,ok,1,15,9,0.9848,30.0,GOAL DONE,0.2,100,,,,0.8,2026-09-22 19:13:35
826,wastesorting,ours_when_only,01,7,2254463547,experiments_logs/analysis_recent/when_what_original_20260912/00_raw/wastesorting/scene_01_step50/when_what_ours_when_only_thres_0-8_rand_0-4/exp_wastesorting_20260922_191336_159729.txt,24fcbae5e088d16741b825fb00de0743a66f5ded1fd972e11e36d0a7c3fc2627,ok,1,14,9,0.9489,30.0,GOAL DONE,0.2,100,,,,0.8,2026-09-22 19:13:36
827,wastesorting,ours_what_only,01,7,2254463547,experiments_logs/analysis_recent/when_what_original_20260912/00_raw/wastesorting/scene_01_step50/when_what_ours_what_only_thres_0-8_rand_0-4/exp_wastesorting_20260922_191337_236267.txt,20c8b52ef31db34b58693bd5ad71d9e4c2c6632b0a056228b0e49e80127b06b7,ok,1,6,9,0.9231,30.0,GOAL DONE,0.2,100,,,,0.8,2026-09-22 19:13:37
828,wastesorting,ours,01,7,2254463547,experiments_logs/analysis_recent/when_what_original_20260912/00_raw/wastesorting/scene_01_step50/when_what_ours_thres_0-8_rand_0-4/exp_wastesorting_20260922_191338_334060.txt,fac6dce6c3e677076336e9198029658ed99c44670cc17cc99991b8cc991b1cab,ok,1,5,9,0.9496,30.0,GOAL DONE,0.2,100,,,,0.8,2026-09-22 19:13:38
829,wastesorting,random,01,8,523185590,experiments_logs/analysis_recent/when_what_original_20260912/00_raw/wastesorting/scene_01_step50/when_what_random_thres_0-8_rand_0-4/exp_wastesorting_20260922_191339_515058.txt,3d4536dd5a006d3e087d82d487ef2363c8e487267573f114f42abd27201f7eb3,ok,1,17,10,1.0279,30.0,GOAL DONE,0.2,100,,,,0.8,2026-09-22 19:13:39
830,wastesorting,ours_when_only,01,8,523185590,experiments_logs/analysis_recent/when_what_original_20260912/00_raw/wastesorting/scene_01_step50/when_what_ours_when_only_thres_0-8_rand_0-4/exp_wastesorting_20260922_191340_693981.txt,ddc8396b1522c153469660265158086c88f0ca1ff62220f0c6c6e53f2ec938ad,ok,1,13,10,1.0287,30.0,GOAL DONE,0.2,100,,,,0.8,2026-09-22 19:13:40
831,wastesorting,ours_what_only,01,8,523185590,experiments_logs/analysis_recent/when_what_original_20260912/00_raw/wastesorting/scene_01_step50/when_what_ours_what_only_thres_0-8_rand_0-4/exp_wastesorting_20260922_191341_876580.txt,800d8e6ae855305e6eac96a19c7a37bc65cf8f3c617ce3d9598ee7063373eb0f,ok,1,9,10,1.0348,30.0,GOAL DONE,0.2,100,,,,0.8,2026-09-22 19:13:41
832,wastesorting,ours,01,8,523185590,experiments_logs/analysis_recent/when_what_original_20260912/00_raw/wastesorting/scene_01_step50/when_what_ours_thres_0-8_rand_0-4/exp_wastesorting_20260922_191343_043954.txt,0bd2ce642866eedfe7b8f89837667fb6ce505c0d5e69d44984e17a5310c54013,ok,1,5,10,1.0191,30.0,GOAL DONE,0.2,100,,,,0.8,2026-09-22 19:13:43
833,wastesorting,random,01,9,1942788985,experiments_logs/analysis_recent/when_what_original_20260912/00_raw/wastesorting/scene_01_step50/when_what_random_thres_0-8_rand_0-4/exp_wastesorting_20260922_191343_940663.txt,a69343c4853251e8024f56722eb8cc59e58a6cf112ed6167db9be5a2f214b0d3,ok,0,1,3,0.7505,0.0,PLAN FAILURE,0.2,100,,,,0.8,2026-09-22 19:13:43
834,wastesorting,ours_when_only,01,9,1942788985,experiments_logs/analysis_recent/when_what_original_20260912/00_raw/wastesorting/scene_01_step50/when_what_ours_when_only_thres_0-8_rand_0-4/exp_wastesorting_20260922_191345_042021.txt,e39c536acd44bbf688b491d2f4d428f46546c2dbf88078abacb68b0579e17c4a,ok,1,14,10,0.952,30.0,GOAL DONE,0.2,100,,,,0.8,2026-09-22 19:13:45
835,wastesorting,ours_what_only,01,9,1942788985,experiments_logs/analysis_recent/when_what_original_20260912/00_raw/wastesorting/scene_01_step50/when_what_ours_what_only_thres_0-8_rand_0-4/exp_wastesorting_20260922_191345_985497.txt,02f546d17562a1ea9dc337d44e5bb3e76e8193a95abeb921cf3fbc988fc756e1,ok,0,1,3,0.7932,0.0,PLAN FAILURE,0.2,100,,,,0.8,2026-09-22 19:13:45
836,wastesorting,ours,01,9,1942788985,experiments_logs/analysis_recent/when_what_original_20260912/00_raw/wastesorting/scene_01_step50/when_what_ours_thres_0-8_rand_0-4/exp_wastesorting_20260922_191347_057606.txt,7a6dfc22181cd93660a3df7be9163be68061e77541f64b03ff51fa9c5ff14578,ok,1,7,9,0.921,15.0,GOAL DONE,0.2,100,,,,0.8,2026-09-22 19:13:47
837,wastesorting,random,01,10,4262001169,experiments_logs/analysis_recent/when_what_original_20260912/00_raw/wastesorting/scene_01_step50/when_what_random_thres_0-8_rand_0-4/exp_wastesorting_20260922_191348_106009.txt,49bac279e0ea3ae19e2d7a8a0592502c18053baf026bd2d9ff38a38dbbdbcbea,ok,1,3,9,0.8919,30.0,GOAL DONE,0.2,100,,,,0.8,2026-09-22 19:13:48
838,wastesorting,ours_when_only,01,10,4262001169,experiments_logs/analysis_recent/when_what_original_20260912/00_raw/wastesorting/scene_01_step50/when_what_ours_when_only_thres_0-8_rand_0-4/exp_wastesorting_20260922_191349_211439.txt,7741ad8942a908bf30c3da572ae6ba4bd64919e20c84d07af53bcbbd6070f2bb,ok,1,9,9,0.9356,30.0,GOAL DONE,0.2,100,,,,0.8,2026-09-22 19:13:49
839,wastesorting,ours_what_only,01,10,4262001169,experiments_logs/analysis_recent/when_what_original_20260912/00_raw/wastesorting/scene_01_step50/when_what_ours_what_only_thres_0-8_rand_0-4/exp_wastesorting_20260922_191350_277697.txt,1cbaa09e938da10d9685068686955987cbeda93ee73bc48792ee114f3c24082e,ok,1,3,9,0.9138,30.0,GOAL DONE,0.2,100,,,,0.8,2026-09-22 19:13:50
840,wastesorting,ours,01,10,4262001169,experiments_logs/analysis_recent/when_what_original_20260912/00_raw/wastesorting/scene_01_step50/when_what_ours_thres_0-8_rand_0-4/exp_wastesorting_20260922_191351_403972.txt,ebbea4441a0ac4f6c1b0a4667760033db8a365c4eb479e43230fd5fb6af91ad1,ok,1,4,9,0.9732,30.0,GOAL DONE,0.2,100,,,,0.8,2026-09-22 19:13:51
841,wastesorting,random,01,11,1329791218,experiments_logs/analysis_recent/when_what_original_20260912/00_raw/wastesorting/scene_01_step50/when_what_random_thres_0-8_rand_0-4/exp_wastesorting_20260922_191352_467518.txt,e402710de3571e29f17c7452dcd35624698b80191d372109d623d0393d3ab04f,ok,0,2,8,0.9179,10.0,PLAN FAILURE,0.2,100,,,,0.8,2026-09-22 19:13:52
842,wastesorting,ours_when_only,01,11,1329791218,experiments_logs/analysis_recent/when_what_original_20260912/00_raw/wastesorting/scene_01_step50/when_what_ours_when_only_thres_0-8_rand_0-4/exp_wastesorting_20260922_191353_545299.txt,aa2ecb411a43efe35b529ccca718b589638bbeeeab810b5105576d0e220f5c27,ok,1,12,10,0.9389,30.0,GOAL DONE,0.2,100,,,,0.8,2026-09-22 19:13:53
843,wastesorting,ours_what_only,01,11,1329791218,experiments_logs/analysis_recent/when_what_original_20260912/00_raw/wastesorting/scene_01_step50/when_what_ours_what_only_thres_0-8_rand_0-4/exp_wastesorting_20260922_191354_557443.txt,ed31c3d2b47da0efe5374ea92fbf6f478940ad973c48912cf2b6f2e5344009a9,ok,0,2,8,0.8644,10.0,PLAN FAILURE,0.2,100,,,,0.8,2026-09-22 19:13:54
844,wastesorting,ours,01,11,1329791218,experiments_logs/analysis_recent/when_what_original_20260912/00_raw/wastesorting/scene_01_step50/when_what_ours_thres_0-8_rand_0-4/exp_wastesorting_20260922_191355_608497.txt,efd96a0c6e352a74bdcf5af293724564f5a0a2042d9dd380e622269d8476e4be,ok,1,9,9,0.904,15.0,GOAL DONE,0.2,100,,,,0.8,2026-09-22 19:13:55
845,wastesorting,random,01,12,3358148121,experiments_logs/analysis_recent/when_what_original_20260912/00_raw/wastesorting/scene_01_step50/when_what_random_thres_0-8_rand_0-4/exp_wastesorting_20260922_191356_692915.txt,caabf5d8e263fdb99557adce40e9c64641165a78b1143842cfbdb02a211a2de9,ok,1,4,10,0.8768,30.0,GOAL DONE,0.2,100,,,,0.8,2026-09-22 19:13:56
846,wastesorting,ours_when_only,01,12,3358148121,experiments_logs/analysis_recent/when_what_original_20260912/00_raw/wastesorting/scene_01_step50/when_what_ours_when_only_thres_0-8_rand_0-4/exp_wastesorting_20260922_191357_760093.txt,3dd49f33dba05f411b661ed491e69dd3a5805923859292288960888f8f9ca50e,ok,1,9,10,0.9053,30.0,GOAL DONE,0.2,100,,,,0.8,2026-09-22 19:13:57
847,wastesorting,ours_what_only,01,12,3358148121,experiments_logs/analysis_recent/when_what_original_20260912/00_raw/wastesorting/scene_01_step50/when_what_ours_what_only_thres_0-8_rand_0-4/exp_wastesorting_20260922_191358_794967.txt,e1af73e3842a25814edd3373594367ebb92a1386cdd04dc81d0440cd9a757ee5,ok,1,4,10,0.8813,30.0,GOAL DONE,0.2,100,,,,0.8,2026-09-22 19:13:58
848,wastesorting,ours,01,12,3358148121,experiments_logs/analysis_recent/when_what_original_20260912/00_raw/wastesorting/scene_01_step50/when_what_ours_thres_0-8_rand_0-4/exp_wastesorting_20260922_191359_811041.txt,09a19142548452c5d5a9571821da5d58737fdd7551d5baabeef5dc6b23393cb5,ok,1,5,9,0.869,15.0,GOAL DONE,0.2,100,,,,0.8,2026-09-22 19:13:59
849,wastesorting,random,01,13,2746909558,experiments_logs/analysis_recent/when_what_original_20260912/00_raw/wastesorting/scene_01_step50/when_what_random_thres_0-8_rand_0-4/exp_wastesorting_20260922_191400_925445.txt,74c0a9dd2817254b35e90481e26c34097b5f9e3414dd1e91afeef48f6c29ab41,ok,1,15,10,0.9668,30.0,GOAL DONE,0.2,100,,,,0.8,2026-09-22 19:14:00
850,wastesorting,ours_when_only,01,13,2746909558,experiments_logs/analysis_recent/when_what_original_20260912/00_raw/wastesorting/scene_01_step50/when_what_ours_when_only_thres_0-8_rand_0-4/exp_wastesorting_20260922_191402_050195.txt,162ff232681926e49f2bbbc99ade5ed78ab7afffa172d5380dbece01f33454e9,ok,1,11,10,0.9755,30.0,GOAL DONE,0.2,100,,,,0.8,2026-09-22 19:14:02
851,wastesorting,ours_what_only,01,13,2746909558,experiments_logs/analysis_recent/when_what_original_20260912/00_raw/wastesorting/scene_01_step50/when_what_ours_what_only_thres_0-8_rand_0-4/exp_wastesorting_20260922_191403_155554.txt,d195cbe565af3513c563216bbf56383360de8d591ba48d32b82c98388a6a3134,ok,1,10,10,0.9551,30.0,GOAL DONE,0.2,100,,,,0.8,2026-09-22 19:14:03
852,wastesorting,ours,01,13,2746909558,experiments_logs/analysis_recent/when_what_original_20260912/00_raw/wastesorting/scene_01_step50/when_what_ours_thres_0-8_rand_0-4/exp_wastesorting_20260922_191404_274649.txt,03fad2e94767c32317732fa346538dea0d97144ae4a0f9fbf6c407d24af4f050,ok,1,6,10,0.9722,30.0,GOAL DONE,0.2,100,,,,0.8,2026-09-22 19:14:04
853,wastesorting,random,01,14,325298933,experiments_logs/analysis_recent/when_what_original_20260912/00_raw/wastesorting/scene_01_step50/when_what_random_thres_0-8_rand_0-4/exp_wastesorting_20260922_191405_188831.txt,1dee6340f45fbb99f919d26b7c4e40b289d9ec7b2af4f9f6b60f091a7d2fb132,ok,0,1,3,0.7701,0.0,PLAN FAILURE,0.2,100,,,,0.8,2026-09-22 19:14:05
854,wastesorting,ours_when_only,01,14,325298933,experiments_logs/analysis_recent/when_what_original_20260912/00_raw/wastesorting/scene_01_step50/when_what_ours_when_only_thres_0-8_rand_0-4/exp_wastesorting_20260922_191406_312029.txt,32bb0c568c823937dd6c72b064ca0200de6f2377724805c8fe40967f5b189a7e,ok,1,14,9,0.9461,30.0,GOAL DONE,0.2,100,,,,0.8,2026-09-22 19:14:06
855,wastesorting,ours_what_only,01,14,325298933,experiments_logs/analysis_recent/when_what_original_20260912/00_raw/wastesorting/scene_01_step50/when_what_ours_what_only_thres_0-8_rand_0-4/exp_wastesorting_20260922_191407_239522.txt,a46fb77ff664a4c085a3f482376a3504e52b9b54074eb10416f445a9f53b1095,ok,0,1,3,0.7677,0.0,PLAN FAILURE,0.2,100,,,,0.8,2026-09-22 19:14:07
856,wastesorting,ours,01,14,325298933,experiments_logs/analysis_recent/when_what_original_20260912/00_raw/wastesorting/scene_01_step50/when_what_ours_thres_0-8_rand_0-4/exp_wastesorting_20260922_191408_349098.txt,57eae55897ed7d4b619b4d07a5b01727d637ae087ba5bf69de1a9032a521ce41,ok,1,10,9,0.9439,30.0,GOAL DONE,0.2,100,,,,0.8,2026-09-22 19:14:08
857,wastesorting,random,01,15,3748976134,experiments_logs/analysis_recent/when_what_original_20260912/00_raw/wastesorting/scene_01_step50/when_what_random_thres_0-8_rand_0-4/exp_wastesorting_20260922_191409_343277.txt,eb08e0fe279b9095712f21998479d4ade7f572da4474f89cd9ea03e32833fa1a,ok,0,1,4,0.8337,0.0,PLAN FAILURE,0.2,100,,,,0.8,2026-09-22 19:14:09
858,wastesorting,ours_when_only,01,15,3748976134,experiments_logs/analysis_recent/when_what_original_20260912/00_raw/wastesorting/scene_01_step50/when_what_ours_when_only_thres_0-8_rand_0-4/exp_wastesorting_20260922_191410_533928.txt,19f729eb57e1ea204b7389bfd1750835373e72b9ecae58d5ed260a884f6ed383,ok,1,14,10,1.0417,30.0,GOAL DONE,0.2,100,,,,0.8,2026-09-22 19:14:10
859,wastesorting,ours_what_only,01,15,3748976134,experiments_logs/analysis_recent/when_what_original_20260912/00_raw/wastesorting/scene_01_step50/when_what_ours_what_only_thres_0-8_rand_0-4/exp_wastesorting_20260922_191411_512237.txt,28bf689de63c92473e25f8f3a880d0e8209d71eafc1ba8bac533c081185e26b6,ok,0,1,3,0.8256,0.0,PLAN FAILURE,0.2,100,,,,0.8,2026-09-22 19:14:11
860,wastesorting,ours,01,15,3748976134,experiments_logs/analysis_recent/when_what_original_20260912/00_raw/wastesorting/scene_01_step50/when_what_ours_thres_0-8_rand_0-4/exp_wastesorting_20260922_191412_744582.txt,c9c43c6e0a4f56ef92f4232e81f10aea0e88b0f74ef7d3c80edf70b5ef055d75,ok,1,8,10,1.0876,30.0,GOAL DONE,0.2,100,,,,0.8,2026-09-22 19:14:12
861,wastesorting,random,01,16,558580489,experiments_logs/analysis_recent/when_what_original_20260912/00_raw/wastesorting/scene_01_step50/when_what_random_thres_0-8_rand_0-4/exp_wastesorting_20260922_191413_846844.txt,05fc56f99807a3e74a01e56349c7c45e60c3db7dc550327c1c191b8cf561b00b,ok,1,13,10,0.9438,30.0,GOAL DONE,0.2,100,,,,0.8,2026-09-22 19:14:13
862,wastesorting,ours_when_only,01,16,558580489,experiments_logs/analysis_recent/when_what_original_20260912/00_raw/wastesorting/scene_01_step50/when_what_ours_when_only_thres_0-8_rand_0-4/exp_wastesorting_20260922_191414_957773.txt,9fa166a226b2728ad023adfa16d8143244db32964336ec22c17e60a7d5520653,ok,1,13,10,0.9545,30.0,GOAL DONE,0.2,100,,,,0.8,2026-09-22 19:14:14
863,wastesorting,ours_what_only,01,16,558580489,experiments_logs/analysis_recent/when_what_original_20260912/00_raw/wastesorting/scene_01_step50/when_what_ours_what_only_thres_0-8_rand_0-4/exp_wastesorting_20260922_191416_043383.txt,bc0108ea42843e03283192cde009ef73c95d5135b68e532d806feaf6f9a28499,ok,1,5,10,0.9323,30.0,GOAL DONE,0.2,100,,,,0.8,2026-09-22 19:14:16
864,wastesorting,ours,01,16,558580489,experiments_logs/analysis_recent/when_what_original_20260912/00_raw/wastesorting/scene_01_step50/when_what_ours_thres_0-8_rand_0-4/exp_wastesorting_20260922_191417_122289.txt,6ca5e21f63b1d86c0bb794bb22ca9c16b7ffee175b1f85c4baf22c90f78a09a2,ok,1,5,10,0.9275,30.0,GOAL DONE,0.2,100,,,,0.8,2026-09-22 19:14:17
865,wastesorting,random,01,17,3024665236,experiments_logs/analysis_recent/when_what_original_20260912/00_raw/wastesorting/scene_01_step50/when_what_random_thres_0-8_rand_0-4/exp_wastesorting_20260922_191418_232029.txt,52032ca6e15a09a43ebf69e0d49ed045b167f0602708547578fa9079328516cc,ok,0,4,10,0.9661,15.0,PLAN FAILURE,0.2,100,,,,0.8,2026-09-22 19:14:18
866,wastesorting,ours_when_only,01,17,3024665236,experiments_logs/analysis_recent/when_what_original_20260912/00_raw/wastesorting/scene_01_step50/when_what_ours_when_only_thres_0-8_rand_0-4/exp_wastesorting_20260922_191419_343326.txt,2b37c604930c25ce9dcf17b12008322c27d16e3899e458eebce9a95ab924c28e,ok,1,13,10,0.961,30.0,GOAL DONE,0.2,100,,,,0.8,2026-09-22 19:14:19
867,wastesorting,ours_what_only,01,17,3024665236,experiments_logs/analysis_recent/when_what_original_20260912/00_raw/wastesorting/scene_01_step50/when_what_ours_what_only_thres_0-8_rand_0-4/exp_wastesorting_20260922_191420_451869.txt,b42d131e69809bc7544490bed57149b2e027b1256e187ec46e9b52542679504f,ok,0,4,10,0.9636,15.0,PLAN FAILURE,0.2,100,,,,0.8,2026-09-22 19:14:20
868,wastesorting,ours,01,17,3024665236,experiments_logs/analysis_recent/when_what_original_20260912/00_raw/wastesorting/scene_01_step50/when_what_ours_thres_0-8_rand_0-4/exp_wastesorting_20260922_191421_558436.txt,7b1e22c0ef227fed24b74bf37c33ebf033e5c208a4ef7f38b31cbe499bd1d4c3,ok,1,6,10,0.9573,30.0,GOAL DONE,0.2,100,,,,0.8,2026-09-22 19:14:21
869,wastesorting,random,01,18,3782666406,experiments_logs/analysis_recent/when_what_original_20260912/00_raw/wastesorting/scene_01_step50/when_what_random_thres_0-8_rand_0-4/exp_wastesorting_20260922_191422_624079.txt,e7a72669c4daa525180feb33eec67a54f6cd4f9b511b83473f1b7394479e8f95,ok,1,18,11,0.9183,30.0,GOAL DONE,0.2,100,,,,0.8,2026-09-22 19:14:22
870,wastesorting,ours_when_only,01,18,3782666406,experiments_logs/analysis_recent/when_what_original_20260912/00_raw/wastesorting/scene_01_step50/when_what_ours_when_only_thres_0-8_rand_0-4/exp_wastesorting_20260922_191423_688518.txt,2e6b81b309aa975a29b6f34a9a8af32ec0b7e7ff4666f4b286479603a1244193,ok,1,14,11,0.9167,30.0,GOAL DONE,0.2,100,,,,0.8,2026-09-22 19:14:23
871,wastesorting,ours_what_only,01,18,3782666406,experiments_logs/analysis_recent/when_what_original_20260912/00_raw/wastesorting/scene_01_step50/when_what_ours_what_only_thres_0-8_rand_0-4/exp_wastesorting_20260922_191424_800149.txt,476ce5877a53243fb6e983a03656b140d24e48948046b0404647304405e03469,ok,1,13,11,0.9623,30.0,GOAL DONE,0.2,100,,,,0.8,2026-09-22 19:14:24
872,wastesorting,ours,01,18,3782666406,experiments_logs/analysis_recent/when_what_original_20260912/00_raw/wastesorting/scene_01_step50/when_what_ours_thres_0-8_rand_0-4/exp_wastesorting_20260922_191425_913221.txt,88d26f979579db9872cd9667770dff8fca373ab42b2ae2a04fb146050471fdc1,ok,1,10,11,0.9607,30.0,GOAL DONE,0.2,100,,,,0.8,2026-09-22 19:14:25
873,wastesorting,random,01,19,1268468228,experiments_logs/analysis_recent/when_what_original_20260912/00_raw/wastesorting/scene_01_step50/when_what_random_thres_0-8_rand_0-4/exp_wastesorting_20260922_191426_885681.txt,654da6f9cc6a99a3eccb32115259521f7698fed3ed09dc8f05f0b01d0b3b69a9,ok,0,1,7,0.8298,10.0,PLAN FAILURE,0.2,100,,,,0.8,2026-09-22 19:14:26
874,wastesorting,ours_when_only,01,19,1268468228,experiments_logs/analysis_recent/when_what_original_20260912/00_raw/wastesorting/scene_01_step50/when_what_ours_when_only_thres_0-8_rand_0-4/exp_wastesorting_20260922_191427_947307.txt,9b066c00453b14ca41ca29c33e12306895e67d6daf107ee9a9b5da91a4adbfc2,ok,1,8,9,0.9052,15.0,GOAL DONE,0.2,100,,,,0.8,2026-09-22 19:14:27
875,wastesorting,ours_what_only,01,19,1268468228,experiments_logs/analysis_recent/when_what_original_20260912/00_raw/wastesorting/scene_01_step50/when_what_ours_what_only_thres_0-8_rand_0-4/exp_wastesorting_20260922_191428_927433.txt,12a4730827ae92e2c827a1b507c69c704f09dca0fe1ed5bace3d40ad06f26cea,ok,0,1,7,0.829,10.0,PLAN FAILURE,0.2,100,,,,0.8,2026-09-22 19:14:28
876,wastesorting,ours,01,19,1268468228,experiments_logs/analysis_recent/when_what_original_20260912/00_raw/wastesorting/scene_01_step50/when_what_ours_thres_0-8_rand_0-4/exp_wastesorting_20260922_191430_059301.txt,e688d49a8731b16f7b629d63611b52a902f93498e5c148fdf0d998007119cac7,ok,1,6,9,0.9805,15.0,GOAL DONE,0.2,100,,,,0.8,2026-09-22 19:14:30
877,wastesorting,random,01,20,1481577599,experiments_logs/analysis_recent/when_what_original_20260912/00_raw/wastesorting/scene_01_step50/when_what_random_thres_0-8_rand_0-4/exp_wastesorting_20260922_191431_155523.txt,2d64d4b39fb9c7ad38df464dd6b19be7ec0b56dbd2ba0a94d334d56a309bc97c,ok,1,4,10,0.9487,15.0,GOAL DONE,0.2,100,,,,0.8,2026-09-22 19:14:31
878,wastesorting,ours_when_only,01,20,1481577599,experiments_logs/analysis_recent/when_what_original_20260912/00_raw/wastesorting/scene_01_step50/when_what_ours_when_only_thres_0-8_rand_0-4/exp_wastesorting_20260922_191432_326273.txt,602cee311c1680ba45c177fe880d812f584674fa92f0089bfa4024930440da05,ok,1,15,11,1.0177,30.0,GOAL DONE,0.2,100,,,,0.8,2026-09-22 19:14:32
879,wastesorting,ours_what_only,01,20,1481577599,experiments_logs/analysis_recent/when_what_original_20260912/00_raw/wastesorting/scene_01_step50/when_what_ours_what_only_thres_0-8_rand_0-4/exp_wastesorting_20260922_191433_417514.txt,3cbf7a6fc31d305cddbd4f63523f804688ed2a0b3f1bffc073a7a1bfd3c2fc32,ok,1,4,10,0.9494,15.0,GOAL DONE,0.2,100,,,,0.8,2026-09-22 19:14:33
880,wastesorting,ours,01,20,1481577599,experiments_logs/analysis_recent/when_what_original_20260912/00_raw/wastesorting/scene_01_step50/when_what_ours_thres_0-8_rand_0-4/exp_wastesorting_20260922_191434_551881.txt,5c33eb10f54223154546a859e2a14f17490b08f8c1efe77aa3e67a2ec38d99b0,ok,1,7,10,0.9812,15.0,GOAL DONE,0.2,100,,,,0.8,2026-09-22 19:14:34
881,wastesorting,random,01,21,1010865554,experiments_logs/analysis_recent/when_what_original_20260912/00_raw/wastesorting/scene_01_step50/when_what_random_thres_0-8_rand_0-4/exp_wastesorting_20260922_191435_636511.txt,c084ae4d35e1f7a5fbda0a6cef9e551b62672508da2561814c14bfb5eb7df19b,ok,1,7,10,0.9378,30.0,GOAL DONE,0.2,100,,,,0.8,2026-09-22 19:14:35
882,wastesorting,ours_when_only,01,21,1010865554,experiments_logs/analysis_recent/when_what_original_20260912/00_raw/wastesorting/scene_01_step50/when_what_ours_when_only_thres_0-8_rand_0-4/exp_wastesorting_20260922_191436_736634.txt,069d44818a9a80a3ae8b22ac0a0063e5dc65c7f6b66cde24ac84d2edd2c1d3cb,ok,1,13,10,0.9478,30.0,GOAL DONE,0.2,100,,,,0.8,2026-09-22 19:14:36
883,wastesorting,ours_what_only,01,21,1010865554,experiments_logs/analysis_recent/when_what_original_20260912/00_raw/wastesorting/scene_01_step50/when_what_ours_what_only_thres_0-8_rand_0-4/exp_wastesorting_20260922_191437_802629.txt,59ca85ff84ad440057f6d9184bc259a0032369b39502242f59847f1cd34bd1d3,ok,1,7,10,0.9172,30.0,GOAL DONE,0.2,100,,,,0.8,2026-09-22 19:14:37
884,wastesorting,ours,01,21,1010865554,experiments_logs/analysis_recent/when_what_original_20260912/00_raw/wastesorting/scene_01_step50/when_what_ours_thres_0-8_rand_0-4/exp_wastesorting_20260922_191438_886012.txt,5a2d797d432afd337f4e1977fad64d2e606e4553c501b25e37b7f913e11e001c,ok,1,5,10,0.9362,30.0,GOAL DONE,0.2,100,,,,0.8,2026-09-22 19:14:38
885,wastesorting,random,01,22,3065177848,experiments_logs/analysis_recent/when_what_original_20260912/00_raw/wastesorting/scene_01_step50/when_what_random_thres_0-8_rand_0-4/exp_wastesorting_20260922_191439_770298.txt,c3b34526c4f5a2223ade74e65752190eb318ab9cd055100901a799ecfe78fed9,ok,0,1,5,0.7356,5.0,PLAN FAILURE,0.2,100,,,,0.8,2026-09-22 19:14:39
886,wastesorting,ours_when_only,01,22,3065177848,experiments_logs/analysis_recent/when_what_original_20260912/00_raw/wastesorting/scene_01_step50/when_what_ours_when_only_thres_0-8_rand_0-4/exp_wastesorting_20260922_191440_786361.txt,d159d0b96bda4e9f0fcaff2e6d4e58cef919fe725807e7aa89fd490dde00fbf1,ok,1,16,9,0.8692,30.0,GOAL DONE,0.2,100,,,,0.8,2026-09-22 19:14:40
887,wastesorting,ours_what_only,01,22,3065177848,experiments_logs/analysis_recent/when_what_original_20260912/00_raw/wastesorting/scene_01_step50/when_what_ours_what_only_thres_0-8_rand_0-4/exp_wastesorting_20260922_191441_723877.txt,bc94e7086d0f3c761644d17909b61fe805f84fc90ec8529c2daec98161ee2933,ok,0,1,5,0.788,5.0,PLAN FAILURE,0.2,100,,,,0.8,2026-09-22 19:14:41
888,wastesorting,ours,01,22,3065177848,experiments_logs/analysis_recent/when_what_original_20260912/00_raw/wastesorting/scene_01_step50/when_what_ours_thres_0-8_rand_0-4/exp_wastesorting_20260922_191442_747731.txt,f6c21137c1235b0427987f5949fb52ea1f46a986f2926c07ce4fcbe919e1c2b3,ok,1,7,9,0.877,30.0,GOAL DONE,0.2,100,,,,0.8,2026-09-22 19:14:42
889,wastesorting,random,01,23,877526726,experiments_logs/analysis_recent/when_what_original_20260912/00_raw/wastesorting/scene_01_step50/when_what_random_thres_0-8_rand_0-4/exp_wastesorting_20260922_191443_788084.txt,e1a47c5d0ff4cedd30ed4ff006326b8628e02679de81763144436115c64c9393,ok,1,10,9,0.9162,30.0,GOAL DONE,0.2,100,,,,0.8,2026-09-22 19:14:43
890,wastesorting,ours_when_only,01,23,877526726,experiments_logs/analysis_recent/when_what_original_20260912/00_raw/wastesorting/scene_01_step50/when_what_ours_when_only_thres_0-8_rand_0-4/exp_wastesorting_20260922_191444_823126.txt,129f3bed6c6c477df97df69b37763ebbe215ecbea3b0d5fcb9901d7c5fc772c8,ok,1,8,9,0.8917,30.0,GOAL DONE,0.2,100,,,,0.8,2026-09-22 19:14:44
891,wastesorting,ours_what_only,01,23,877526726,experiments_logs/analysis_recent/when_what_original_20260912/00_raw/wastesorting/scene_01_step50/when_what_ours_what_only_thres_0-8_rand_0-4/exp_wastesorting_20260922_191445_925071.txt,97d281164aca00e5a32261da8ee6484d07fae293f9be2687ebeaa46a1e12eb5e,ok,1,8,9,0.9023,30.0,GOAL DONE,0.2,100,,,,0.8,2026-09-22 19:14:45
892,wastesorting,ours,01,23,877526726,experiments_logs/analysis_recent/when_what_original_20260912/00_raw/wastesorting/scene_01_step50/when_what_ours_thres_0-8_rand_0-4/exp_wastesorting_20260922_191447_029054.txt,3d2b89460b87ed17a57f1fec876d681af5057f2c60bd1b6972039aec8cf33114,ok,1,6,9,0.9001,30.0,GOAL DONE,0.2,100,,,,0.8,2026-09-22 19:14:47
893,wastesorting,random,01,24,3509031758,experiments_logs/analysis_recent/when_what_original_20260912/00_raw/wastesorting/scene_01_step50/when_what_random_thres_0-8_rand_0-4/exp_wastesorting_20260922_191447_974086.txt,851c6f1445a4bda03c9c137220404bc311aa5bcc884fc687dd0417c27bcf5543,ok,0,3,5,0.7827,5.0,PLAN FAILURE,0.2,100,,,,0.8,2026-09-22 19:14:47
894,wastesorting,ours_when_only,01,24,3509031758,experiments_logs/analysis_recent/when_what_original_20260912/00_raw/wastesorting/scene_01_step50/when_what_ours_when_only_thres_0-8_rand_0-4/exp_wastesorting_20260922_191449_044797.txt,0af75010b8755a085bcd3ef4e9317bb5e9b3930958511bf94b231e28612d98c4,ok,1,17,9,0.9258,15.0,GOAL DONE,0.2,100,,,,0.8,2026-09-22 19:14:49
895,wastesorting,ours_what_only,01,24,3509031758,experiments_logs/analysis_recent/when_what_original_20260912/00_raw/wastesorting/scene_01_step50/when_what_ours_what_only_thres_0-8_rand_0-4/exp_wastesorting_20260922_191449_997577.txt,4348e753cfd655214dd503fb231ed0db3853c6effd0ec41dd92c67994f879c0e,ok,0,3,5,0.8035,5.0,PLAN FAILURE,0.2,100,,,,0.8,2026-09-22 19:14:49
896,wastesorting,ours,01,24,3509031758,experiments_logs/analysis_recent/when_what_original_20260912/00_raw/wastesorting/scene_01_step50/when_what_ours_thres_0-8_rand_0-4/exp_wastesorting_20260922_191451_054535.txt,206b6545b284f074ecfe187407972e853d886069a1da17ffc51142a6259ea29a,ok,1,8,9,0.9176,15.0,GOAL DONE,0.2,100,,,,0.8,2026-09-22 19:14:51
897,wastesorting,random,01,25,2259474335,experiments_logs/analysis_recent/when_what_original_20260912/00_raw/wastesorting/scene_01_step50/when_what_random_thres_0-8_rand_0-4/exp_wastesorting_20260922_191452_230980.txt,d4b74853e6d3d30e75bc0c804a3f9781dca03b36b5f9fc06fac2f7f7730d4eda,ok,1,18,11,1.0215,30.0,GOAL DONE,0.2,100,,,,0.8,2026-09-22 19:14:52
898,wastesorting,ours_when_only,01,25,2259474335,experiments_logs/analysis_recent/when_what_original_20260912/00_raw/wastesorting/scene_01_step50/when_what_ours_when_only_thres_0-8_rand_0-4/exp_wastesorting_20260922_191453_428941.txt,143ea504589717ebd1a95c608c391a6ce1ed03d7387939375b06eadcca044d48,ok,1,18,12,1.0535,15.0,GOAL DONE,0.2,100,,,,0.8,2026-09-22 19:14:53
899,wastesorting,ours_what_only,01,25,2259474335,experiments_logs/analysis_recent/when_what_original_20260912/00_raw/wastesorting/scene_01_step50/when_what_ours_what_only_thres_0-8_rand_0-4/exp_wastesorting_20260922_191454_569312.txt,36f83f6837bb9868a5a3b584f41a6d9f3e8ed0badaeaaac5a96f161d669becf2,ok,1,9,11,0.9926,30.0,GOAL DONE,0.2,100,,,,0.8,2026-09-22 19:14:54
900,wastesorting,ours,01,25,2259474335,experiments_logs/analysis_recent/when_what_original_20260912/00_raw/wastesorting/scene_01_step50/when_what_ours_thres_0-8_rand_0-4/exp_wastesorting_20260922_191455_699878.txt,84f98d9ee9c3a0f7c463ee077b277b3e86b874b59605544a61d665e3e06ad399,ok,1,7,10,0.979,15.0,GOAL DONE,0.2,100,,,,0.8,2026-09-22 19:14:55
901,wastesorting,random,01,26,137694140,experiments_logs/analysis_recent/when_what_original_20260912/00_raw/wastesorting/scene_01_step50/when_what_random_thres_0-8_rand_0-4/exp_wastesorting_20260922_191456_775179.txt,a77cac8e98582caa518614aa017454a5552b09b6c7c9b4d69cc1335ace6e247d,ok,0,3,9,0.928,15.0,PLAN FAILURE,0.2,100,,,,0.8,2026-09-22 19:14:56
902,wastesorting,ours_when_only,01,26,137694140,experiments_logs/analysis_recent/when_what_original_20260912/00_raw/wastesorting/scene_01_step50/when_what_ours_when_only_thres_0-8_rand_0-4/exp_wastesorting_20260922_191457_855995.txt,35c580b5252c7999e1ee5d093550f8f526c6b7476faed014a3c5aa247de2f99d,ok,1,14,10,0.9308,30.0,GOAL DONE,0.2,100,,,,0.8,2026-09-22 19:14:57
903,wastesorting,ours_what_only,01,26,137694140,experiments_logs/analysis_recent/when_what_original_20260912/00_raw/wastesorting/scene_01_step50/when_what_ours_what_only_thres_0-8_rand_0-4/exp_wastesorting_20260922_191458_891953.txt,d1d53c96f34962042999221ebcb2ccb64d35afa2aaa58b25609eaca76b355baf,ok,0,3,9,0.8885,15.0,PLAN FAILURE,0.2,100,,,,0.8,2026-09-22 19:14:58
904,wastesorting,ours,01,26,137694140,experiments_logs/analysis_recent/when_what_original_20260912/00_raw/wastesorting/scene_01_step50/when_what_ours_thres_0-8_rand_0-4/exp_wastesorting_20260922_191459_958975.txt,80ae6fdae9f77c3f94e4a4b5158ded197cdbf54122ed020278ead0eb4f50603b,ok,1,6,10,0.9153,30.0,GOAL DONE,0.2,100,,,,0.8,2026-09-22 19:14:59
905,wastesorting,random,01,27,2286011344,experiments_logs/analysis_recent/when_what_original_20260912/00_raw/wastesorting/scene_01_step50/when_what_random_thres_0-8_rand_0-4/exp_wastesorting_20260922_191501_064266.txt,21651700563f7a2a483e001c52afb59c6eb9bf124f00ebc05b28e2afd5922423,ok,1,14,10,0.9647,30.0,GOAL DONE,0.2,100,,,,0.8,2026-09-22 19:15:01
906,wastesorting,ours_when_only,01,27,2286011344,experiments_logs/analysis_recent/when_what_original_20260912/00_raw/wastesorting/scene_01_step50/when_what_ours_when_only_thres_0-8_rand_0-4/exp_wastesorting_20260922_191502_188966.txt,346f0eb1eefd6f3def3fa4b2c95ed979aad56597e77ad02201447cb7d4b55f24,ok,1,13,10,0.9693,30.0,GOAL DONE,0.2,100,,,,0.8,2026-09-22 19:15:02
907,wastesorting,ours_what_only,01,27,2286011344,experiments_logs/analysis_recent/when_what_original_20260912/00_raw/wastesorting/scene_01_step50/when_what_ours_what_only_thres_0-8_rand_0-4/exp_wastesorting_20260922_191503_287709.txt,6001c2ee256629251c0084973c533bf099557fab403422f56ffb8047d04798a0,ok,1,8,10,0.9524,30.0,GOAL DONE,0.2,100,,,,0.8,2026-09-22 19:15:03
908,wastesorting,ours,01,27,2286011344,experiments_logs/analysis_recent/when_what_original_20260912/00_raw/wastesorting/scene_01_step50/when_what_ours_thres_0-8_rand_0-4/exp_wastesorting_20260922_191504_390719.txt,0279404649c616c71867464f5ab13091f051c0c4f17cc22cd8bcb31b4bdbf591,ok,1,7,10,0.9588,30.0,GOAL DONE,0.2,100,,,,0.8,2026-09-22 19:15:04
909,wastesorting,random,01,28,3143820822,experiments_logs/analysis_recent/when_what_original_20260912/00_raw/wastesorting/scene_01_step50/when_what_random_thres_0-8_rand_0-4/exp_wastesorting_20260922_191505_448554.txt,18ee90f84ba45556a1ec8a0e41538541c1f3ab68d707371b7236ce5bce4b9b21,ok,1,14,9,0.9149,30.0,GOAL DONE,0.2,100,,,,0.8,2026-09-22 19:15:05
910,wastesorting,ours_when_only,01,28,3143820822,experiments_logs/analysis_recent/when_what_original_20260912/00_raw/wastesorting/scene_01_step50/when_what_ours_when_only_thres_0-8_rand_0-4/exp_wastesorting_20260922_191506_506357.txt,5f0511f30f0cdb29fb6476b44723030924c8ada1d9970e2f7e35f4de05cae166,ok,1,10,9,0.9085,30.0,GOAL DONE,0.2,100,,,,0.8,2026-09-22 19:15:06
911,wastesorting,ours_what_only,01,28,3143820822,experiments_logs/analysis_recent/when_what_original_20260912/00_raw/wastesorting/scene_01_step50/when_what_ours_what_only_thres_0-8_rand_0-4/exp_wastesorting_20260922_191507_539392.txt,a146e9e4f8ef62b5a02c69194cc9d0bf41132221d67651e76c24d99b7d8e9f71,ok,1,10,9,0.882,30.0,GOAL DONE,0.2,100,,,,0.8,2026-09-22 19:15:07
912,wastesorting,ours,01,28,3143820822,experiments_logs/analysis_recent/when_what_original_20260912/00_raw/wastesorting/scene_01_step50/when_what_ours_thres_0-8_rand_0-4/exp_wastesorting_20260922_191508_563228.txt,39ba38846c246eeca422b734d3b2317cae2285e2994730561bea1219c0160761,ok,1,6,9,0.874,30.0,GOAL DONE,0.2,100,,,,0.8,2026-09-22 19:15:08
913,wastesorting,random,01,29,1539996014,experiments_logs/analysis_recent/when_what_original_20260912/00_raw/wastesorting/scene_01_step50/when_what_random_thres_0-8_rand_0-4/exp_wastesorting_20260922_191509_637720.txt,9026bc30ec7db2d807f6a99df19d46d647cc6cb83308dcd86e628cae26e063d1,ok,1,14,9,0.922,30.0,GOAL DONE,0.2,100,,,,0.8,2026-09-22 19:15:09
914,wastesorting,ours_when_only,01,29,1539996014,experiments_logs/analysis_recent/when_what_original_20260912/00_raw/wastesorting/scene_01_step50/when_what_ours_when_only_thres_0-8_rand_0-4/exp_wastesorting_20260922_191510_686310.txt,1e0cf6f5fa4e06ba5e0ffb335d3a0d4bee37444396bfa9626731a3262620c263,ok,1,13,9,0.8994,30.0,GOAL DONE,0.2,100,,,,0.8,2026-09-22 19:15:10
915,wastesorting,ours_what_only,01,29,1539996014,experiments_logs/analysis_recent/when_what_original_20260912/00_raw/wastesorting/scene_01_step50/when_what_ours_what_only_thres_0-8_rand_0-4/exp_wastesorting_20260922_191511_741745.txt,aa028b2ac9cd497f7e6ce203a9e91676a9e704d3d51122a01a4ddce46d7b3940,ok,1,6,9,0.911,30.0,GOAL DONE,0.2,100,,,,0.8,2026-09-22 19:15:11
916,wastesorting,ours,01,29,1539996014,experiments_logs/analysis_recent/when_what_original_20260912/00_raw/wastesorting/scene_01_step50/when_what_ours_thres_0-8_rand_0-4/exp_wastesorting_20260922_191512_798115.txt,0cbab6112c667df212f29dcadcc881c3075a127d7f19108347cfde8c219e73e5,ok,1,5,9,0.9143,30.0,GOAL DONE,0.2,100,,,,0.8,2026-09-22 19:15:12
917,wastesorting,random,01,30,3243281596,experiments_logs/analysis_recent/when_what_original_20260912/00_raw/wastesorting/scene_01_step50/when_what_random_thres_0-8_rand_0-4/exp_wastesorting_20260922_191513_855415.txt,44df9977118b2d2189a9bd3892de3028739d3e66372009477c6c1a8f3497f7e6,ok,1,18,10,0.9141,30.0,GOAL DONE,0.2,100,,,,0.8,2026-09-22 19:15:13
918,wastesorting,ours_when_only,01,30,3243281596,experiments_logs/analysis_recent/when_what_original_20260912/00_raw/wastesorting/scene_01_step50/when_what_ours_when_only_thres_0-8_rand_0-4/exp_wastesorting_20260922_191514_938186.txt,da31a096e8bf3157e55c1c4f47633aefdf42ed1ae2102f8d28bb5afe15c79084,ok,1,13,9,0.9277,15.0,GOAL DONE,0.2,100,,,,0.8,2026-09-22 19:15:14
919,wastesorting,ours_what_only,01,30,3243281596,experiments_logs/analysis_recent/when_what_original_20260912/00_raw/wastesorting/scene_01_step50/when_what_ours_what_only_thres_0-8_rand_0-4/exp_wastesorting_20260922_191515_997169.txt,5ca09a0c8cca65799247075000b521a02d87548ecdc12b9c9a13d29309110b31,ok,1,10,10,0.8987,30.0,GOAL DONE,0.2,100,,,,0.8,2026-09-22 19:15:15
920,wastesorting,ours,01,30,3243281596,experiments_logs/analysis_recent/when_what_original_20260912/00_raw/wastesorting/scene_01_step50/when_what_ours_thres_0-8_rand_0-4/exp_wastesorting_20260922_191517_024372.txt,4480e74454c49192189205a351466908273cc5ffe96849e7461b398fdd896167,ok,1,5,9,0.8805,15.0,GOAL DONE,0.2,100,,,,0.8,2026-09-22 19:15:17
921,wastesorting,random,01,31,3124833855,experiments_logs/analysis_recent/when_what_original_20260912/00_raw/wastesorting/scene_01_step50/when_what_random_thres_0-8_rand_0-4/exp_wastesorting_20260922_191518_155653.txt,a028f1a0a4a7b3803651f233f020b1f5c2f3e1e7027c2f87b6f1e2f057e01d84,ok,1,14,10,0.9835,30.0,GOAL DONE,0.2,100,,,,0.8,2026-09-22 19:15:18
922,wastesorting,ours_when_only,01,31,3124833855,experiments_logs/analysis_recent/when_what_original_20260912/00_raw/wastesorting/scene_01_step50/when_what_ours_when_only_thres_0-8_rand_0-4/exp_wastesorting_20260922_191519_278694.txt,293e244a38c539f0dbaea03f639005df5aeeeb771eef82db355d0dd5da42423c,ok,1,15,10,0.9737,30.0,GOAL DONE,0.2,100,,,,0.8,2026-09-22 19:15:19
923,wastesorting,ours_what_only,01,31,3124833855,experiments_logs/analysis_recent/when_what_original_20260912/00_raw/wastesorting/scene_01_step50/when_what_ours_what_only_thres_0-8_rand_0-4/exp_wastesorting_20260922_191520_414976.txt,9e6ac46e314c8294c4d20000333d39d839459b55768d9e839e1e21be72cbf520,ok,1,6,10,0.9796,30.0,GOAL DONE,0.2,100,,,,0.8,2026-09-22 19:15:20
924,wastesorting,ours,01,31,3124833855,experiments_logs/analysis_recent/when_what_original_20260912/00_raw/wastesorting/scene_01_step50/when_what_ours_thres_0-8_rand_0-4/exp_wastesorting_20260922_191521_495686.txt,b72bb431efe32dd640d339924418c52d8044d64147e79c528fd0540ddf6793f5,ok,1,6,9,0.9323,15.0,GOAL DONE,0.2,100,,,,0.8,2026-09-22 19:15:21
925,wastesorting,random,01,32,1220235808,experiments_logs/analysis_recent/when_what_original_20260912/00_raw/wastesorting/scene_01_step50/when_what_random_thres_0-8_rand_0-4/exp_wastesorting_20260922_191522_517351.txt,0312d82e01aee62944b48983152892de3a3e84e1560b072c6371a29e358335ba,ok,1,12,9,0.8705,30.0,GOAL DONE,0.2,100,,,,0.8,2026-09-22 19:15:22
926,wastesorting,ours_when_only,01,32,1220235808,experiments_logs/analysis_recent/when_what_original_20260912/00_raw/wastesorting/scene_01_step50/when_what_ours_when_only_thres_0-8_rand_0-4/exp_wastesorting_20260922_191523_561287.txt,e492916773bc3e5f0ca12e0eb53842946a26be8fea0d8aeffa280e82b587f571,ok,1,10,9,0.8965,30.0,GOAL DONE,0.2,100,,,,0.8,2026-09-22 19:15:23
927,wastesorting,ours_what_only,01,32,1220235808,experiments_logs/analysis_recent/when_what_original_20260912/00_raw/wastesorting/scene_01_step50/when_what_ours_what_only_thres_0-8_rand_0-4/exp_wastesorting_20260922_191524_600900.txt,0941a28a30825b1e07d759728dc93b62d475959c1803de8b38a9b593f2cb8e77,ok,1,7,9,0.8915,30.0,GOAL DONE,0.2,100,,,,0.8,2026-09-22 19:15:24
928,wastesorting,ours,01,32,1220235808,experiments_logs/analysis_recent/when_what_original_20260912/00_raw/wastesorting/scene_01_step50/when_what_ours_thres_0-8_rand_0-4/exp_wastesorting_20260922_191525_636450.txt,c5ad708d7edc248fcd9bc371badb2a215514651058ee68275c507f72d8dcf355,ok,1,5,9,0.8833,30.0,GOAL DONE,0.2,100,,,,0.8,2026-09-22 19:15:25
929,wastesorting,random,01,33,1797980958,experiments_logs/analysis_recent/when_what_original_20260912/00_raw/wastesorting/scene_01_step50/when_what_random_thres_0-8_rand_0-4/exp_wastesorting_20260922_191526_537109.txt,e27384877967610e7a7a818e4478e5e579b08584d70b565ff5e3a2cc8efc7ae5,ok,0,0,3,0.7536,0.0,PLAN FAILURE,0.2,100,,,,0.8,2026-09-22 19:15:26
930,wastesorting,ours_when_only,01,33,1797980958,experiments_logs/analysis_recent/when_what_original_20260912/00_raw/wastesorting/scene_01_step50/when_what_ours_when_only_thres_0-8_rand_0-4/exp_wastesorting_20260922_191527_655273.txt,b1317505c7b700d14f3e047b1a52c10499f806c14c083435a00dc35c1378a4b0,ok,1,14,11,0.9709,30.0,GOAL DONE,0.2,100,,,,0.8,2026-09-22 19:15:27
931,wastesorting,ours_what_only,01,33,1797980958,experiments_logs/analysis_recent/when_what_original_20260912/00_raw/wastesorting/scene_01_step50/when_what_ours_what_only_thres_0-8_rand_0-4/exp_wastesorting_20260922_191528_570193.txt,8a81cb47bb9a38badce1c675c3c465dfdd82fc8f85903136318120e9b9bb67a4,ok,0,0,3,0.7634,0.0,PLAN FAILURE,0.2,100,,,,0.8,2026-09-22 19:15:28
932,wastesorting,ours,01,33,1797980958,experiments_logs/analysis_recent/when_what_original_20260912/00_raw/wastesorting/scene_01_step50/when_what_ours_thres_0-8_rand_0-4/exp_wastesorting_20260922_191529_682271.txt,f1d4e876e42af5c9c13faa75fb3686a6e72694af21df35bb9c826e41ccc06e4e,ok,1,11,10,0.9574,15.0,GOAL DONE,0.2,100,,,,0.8,2026-09-22 19:15:29
933,wastesorting,random,01,34,3331537212,experiments_logs/analysis_recent/when_what_original_20260912/00_raw/wastesorting/scene_01_step50/when_what_random_thres_0-8_rand_0-4/exp_wastesorting_20260922_191530_726280.txt,09d48ace1fa8ea7e19cf132b60121efbd29f954cc32e7457172f001f46b2db1e,ok,1,9,9,0.8966,30.0,GOAL DONE,0.2,100,,,,0.8,2026-09-22 19:15:30
934,wastesorting,ours_when_only,01,34,3331537212,experiments_logs/analysis_recent/when_what_original_20260912/00_raw/wastesorting/scene_01_step50/when_what_ours_when_only_thres_0-8_rand_0-4/exp_wastesorting_20260922_191531_754340.txt,cc70c39c40cb2c940330f00e154ace25c9b076b89494a0aaca759ba6efe4e8c0,ok,1,10,9,0.8998,30.0,GOAL DONE,0.2,100,,,,0.8,2026-09-22 19:15:31
935,wastesorting,ours_what_only,01,34,3331537212,experiments_logs/analysis_recent/when_what_original_20260912/00_raw/wastesorting/scene_01_step50/when_what_ours_what_only_thres_0-8_rand_0-4/exp_wastesorting_20260922_191532_828090.txt,f2a78228557d4ce46e9655a70e429eaf6b19cb614936482f6576cf643c22d3e3,ok,1,5,9,0.9227,30.0,GOAL DONE,0.2,100,,,,0.8,2026-09-22 19:15:32
936,wastesorting,ours,01,34,3331537212,experiments_logs/analysis_recent/when_what_original_20260912/00_raw/wastesorting/scene_01_step50/when_what_ours_thres_0-8_rand_0-4/exp_wastesorting_20260922_191533_864841.txt,7aa9431748d3a6b6d18c502efa9413a4bc1709adab0b2b45f99b35d44dcb4814,ok,1,6,9,0.8906,30.0,GOAL DONE,0.2,100,,,,0.8,2026-09-22 19:15:33
937,wastesorting,random,01,35,4198837602,experiments_logs/analysis_recent/when_what_original_20260912/00_raw/wastesorting/scene_01_step50/when_what_random_thres_0-8_rand_0-4/exp_wastesorting_20260922_191534_920373.txt,cee7397ae66d33322b202455de2a9d5f51baca5b36bc2ec699deb4923e68a5a6,ok,1,1,10,0.9028,30.0,GOAL DONE,0.2,100,,,,0.8,2026-09-22 19:15:34
938,wastesorting,ours_when_only,01,35,4198837602,experiments_logs/analysis_recent/when_what_original_20260912/00_raw/wastesorting/scene_01_step50/when_what_ours_when_only_thres_0-8_rand_0-4/exp_wastesorting_20260922_191535_950745.txt,1956e412c2c31ef9e924984ce3be09c65f673a04edcae08032973074b0bfc9d0,ok,1,7,10,0.8836,30.0,GOAL DONE,0.2,100,,,,0.8,2026-09-22 19:15:35
939,wastesorting,ours_what_only,01,35,4198837602,experiments_logs/analysis_recent/when_what_original_20260912/00_raw/wastesorting/scene_01_step50/when_what_ours_what_only_thres_0-8_rand_0-4/exp_wastesorting_20260922_191537_004140.txt,3ce4cdc91cad65bbad6bcee757803586ca4ce24cec7dda8d01641a0e3a9b213e,ok,1,1,10,0.9072,30.0,GOAL DONE,0.2,100,,,,0.8,2026-09-22 19:15:37
940,wastesorting,ours,01,35,4198837602,experiments_logs/analysis_recent/when_what_original_20260912/00_raw/wastesorting/scene_01_step50/when_what_ours_thres_0-8_rand_0-4/exp_wastesorting_20260922_191538_047268.txt,767fe7586cbee254e4d349e962f19a0c23e0064fa8770b02b490d9e4746bce24,ok,1,5,10,0.8966,30.0,GOAL DONE,0.2,100,,,,0.8,2026-09-22 19:15:38
941,wastesorting,random,01,36,2303287981,experiments_logs/analysis_recent/when_what_original_20260912/00_raw/wastesorting/scene_01_step50/when_what_random_thres_0-8_rand_0-4/exp_wastesorting_20260922_191539_116267.txt,01824293e5432ef8b5d3d8b6b87144c693f5dc1e6d6a3371d70b9c775b97cccb,ok,1,1,10,0.9192,30.0,GOAL DONE,0.2,100,,,,0.8,2026-09-22 19:15:39
942,wastesorting,ours_when_only,01,36,2303287981,experiments_logs/analysis_recent/when_what_original_20260912/00_raw/wastesorting/scene_01_step50/when_what_ours_when_only_thres_0-8_rand_0-4/exp_wastesorting_20260922_191540_196056.txt,91b830ba9d0eb172efee8b5f53adf738ff0954ce97c194e7260d5fe0cddf9ed2,ok,1,10,10,0.9324,30.0,GOAL DONE,0.2,100,,,,0.8,2026-09-22 19:15:40
943,wastesorting,ours_what_only,01,36,2303287981,experiments_logs/analysis_recent/when_what_original_20260912/00_raw/wastesorting/scene_01_step50/when_what_ours_what_only_thres_0-8_rand_0-4/exp_wastesorting_20260922_191541_267951.txt,94367a05cbc8a18d1373b6df55e0461a7fe49ec3d25b74f7f59d0461c16cddac,ok,1,1,10,0.9208,30.0,GOAL DONE,0.2,100,,,,0.8,2026-09-22 19:15:41
944,wastesorting,ours,01,36,2303287981,experiments_logs/analysis_recent/when_what_original_20260912/00_raw/wastesorting/scene_01_step50/when_what_ours_thres_0-8_rand_0-4/exp_wastesorting_20260922_191542_374569.txt,786ac4a20a2ea2782199161778957339f11149973eeb689a267b382083a9f890,ok,1,5,10,0.9509,30.0,GOAL DONE,0.2,100,,,,0.8,2026-09-22 19:15:42
945,wastesorting,random,01,37,2820035523,experiments_logs/analysis_recent/when_what_original_20260912/00_raw/wastesorting/scene_01_step50/when_what_random_thres_0-8_rand_0-4/exp_wastesorting_20260922_191543_430500.txt,5be909ea66e477f29f46f49a632888b5b759790e8c39bd796636d37b7963e0ba,ok,1,3,10,0.9112,30.0,GOAL DONE,0.2,100,,,,0.8,2026-09-22 19:15:43
946,wastesorting,ours_when_only,01,37,2820035523,experiments_logs/analysis_recent/when_what_original_20260912/00_raw/wastesorting/scene_01_step50/when_what_ours_when_only_thres_0-8_rand_0-4/exp_wastesorting_20260922_191544_518618.txt,073ecbde87430bf02992f2422d9c452b858171cb2690ba8b1243c58af24356ea,ok,1,14,10,0.935,15.0,GOAL DONE,0.2,100,,,,0.8,2026-09-22 19:15:44
947,wastesorting,ours_what_only,01,37,2820035523,experiments_logs/analysis_recent/when_what_original_20260912/00_raw/wastesorting/scene_01_step50/when_what_ours_what_only_thres_0-8_rand_0-4/exp_wastesorting_20260922_191545_557371.txt,714cc08e353026dd06cc0285fe113c53fc637f7286f2264ff2c2e5d2dae8162d,ok,1,3,10,0.8934,30.0,GOAL DONE,0.2,100,,,,0.8,2026-09-22 19:15:45
948,wastesorting,ours,01,37,2820035523,experiments_logs/analysis_recent/when_what_original_20260912/00_raw/wastesorting/scene_01_step50/when_what_ours_thres_0-8_rand_0-4/exp_wastesorting_20260922_191546_596175.txt,a51b1d9c41c5da7704529aa8c6c005a92f52bdadbf13ee88a13b03b9c46617cf,ok,1,6,9,0.8898,10.0,GOAL DONE,0.2,100,,,,0.8,2026-09-22 19:15:46
949,wastesorting,random,01,38,2111686531,experiments_logs/analysis_recent/when_what_original_20260912/00_raw/wastesorting/scene_01_step50/when_what_random_thres_0-8_rand_0-4/exp_wastesorting_20260922_191547_690817.txt,724d86d73b931cd934b414487ba7377a2f1e8dbbe3f153724457d84cf261e14c,ok,1,5,11,0.9416,30.0,GOAL DONE,0.2,100,,,,0.8,2026-09-22 19:15:47
950,wastesorting,ours_when_only,01,38,2111686531,experiments_logs/analysis_recent/when_what_original_20260912/00_raw/wastesorting/scene_01_step50/when_what_ours_when_only_thres_0-8_rand_0-4/exp_wastesorting_20260922_191548_745950.txt,0732f04dcd141c5b5de7297b292f78858514f85ccf41c795969d12278ca949d9,ok,1,13,10,0.9097,30.0,GOAL DONE,0.2,100,,,,0.8,2026-09-22 19:15:48
951,wastesorting,ours_what_only,01,38,2111686531,experiments_logs/analysis_recent/when_what_original_20260912/00_raw/wastesorting/scene_01_step50/when_what_ours_what_only_thres_0-8_rand_0-4/exp_wastesorting_20260922_191549_835588.txt,df4d2989c5712756f6c002a3fb5bc8864d6b268de7d788e8976768f6a1422654,ok,1,5,11,0.9375,30.0,GOAL DONE,0.2,100,,,,0.8,2026-09-22 19:15:49
952,wastesorting,ours,01,38,2111686531,experiments_logs/analysis_recent/when_what_original_20260912/00_raw/wastesorting/scene_01_step50/when_what_ours_thres_0-8_rand_0-4/exp_wastesorting_20260922_191550_958832.txt,26c223d4962027cab063960c8f41c562e27b736eccb4136697f59b4fe645c2cc,ok,1,7,11,0.982,30.0,GOAL DONE,0.2,100,,,,0.8,2026-09-22 19:15:50
953,wastesorting,random,01,39,1697037715,experiments_logs/analysis_recent/when_what_original_20260912/00_raw/wastesorting/scene_01_step50/when_what_random_thres_0-8_rand_0-4/exp_wastesorting_20260922_191551_997121.txt,f1ad5d7b7f8e4bb94157aee47333c6a1b593f63219f02ceb9446773100559034,ok,1,2,9,0.8912,30.0,GOAL DONE,0.2,100,,,,0.8,2026-09-22 19:15:51
954,wastesorting,ours_when_only,01,39,1697037715,experiments_logs/analysis_recent/when_what_original_20260912/00_raw/wastesorting/scene_01_step50/when_what_ours_when_only_thres_0-8_rand_0-4/exp_wastesorting_20260922_191553_067451.txt,98172f457ae311649645de6a000f11f5d801de96d8bc595e04bf8ab481dd1a04,ok,1,10,9,0.9123,30.0,GOAL DONE,0.2,100,,,,0.8,2026-09-22 19:15:53
955,wastesorting,ours_what_only,01,39,1697037715,experiments_logs/analysis_recent/when_what_original_20260912/00_raw/wastesorting/scene_01_step50/when_what_ours_what_only_thres_0-8_rand_0-4/exp_wastesorting_20260922_191554_101070.txt,3a825dc0f9bf345ef64134c85182c1c8ab122faa4914beb2f09961079b2df55a,ok,1,2,9,0.8868,30.0,GOAL DONE,0.2,100,,,,0.8,2026-09-22 19:15:54
956,wastesorting,ours,01,39,1697037715,experiments_logs/analysis_recent/when_what_original_20260912/00_raw/wastesorting/scene_01_step50/when_what_ours_thres_0-8_rand_0-4/exp_wastesorting_20260922_191555_141428.txt,5ff6fe3b2811b4c1023a32d590bfda02126cc5ba26f002cbab87397afac84c45,ok,1,5,9,0.8963,30.0,GOAL DONE,0.2,100,,,,0.8,2026-09-22 19:15:55
957,wastesorting,random,01,40,2864044817,experiments_logs/analysis_recent/when_what_original_20260912/00_raw/wastesorting/scene_01_step50/when_what_random_thres_0-8_rand_0-4/exp_wastesorting_20260922_191556_064798.txt,afdba429a82ea0250c672485755f8625cc5d5f34784a0182a6eb1059eb056a4c,ok,0,1,3,0.7797,0.0,PLAN FAILURE,0.2,100,,,,0.8,2026-09-22 19:15:56
958,wastesorting,ours_when_only,01,40,2864044817,experiments_logs/analysis_recent/when_what_original_20260912/00_raw/wastesorting/scene_01_step50/when_what_ours_when_only_thres_0-8_rand_0-4/exp_wastesorting_20260922_191557_184812.txt,e5580518dff7707e1de3d553bf1180bd349b5dc34093af2483d270cb246db035,ok,1,16,10,0.9737,30.0,GOAL DONE,0.2,100,,,,0.8,2026-09-22 19:15:57
959,wastesorting,ours_what_only,01,40,2864044817,experiments_logs/analysis_recent/when_what_original_20260912/00_raw/wastesorting/scene_01_step50/when_what_ours_what_only_thres_0-8_rand_0-4/exp_wastesorting_20260922_191558_117486.txt,a6d8700224118c65276d3e219a5ca909599b34c53b4dcc161dd70c5bd324f0e1,ok,0,1,3,0.7834,0.0,PLAN FAILURE,0.2,100,,,,0.8,2026-09-22 19:15:58
960,wastesorting,ours,01,40,2864044817,experiments_logs/analysis_recent/when_what_original_20260912/00_raw/wastesorting/scene_01_step50/when_what_ours_thres_0-8_rand_0-4/exp_wastesorting_20260922_191559_261701.txt,cb21ab05ba0a3d1140b5e31714d312c7b023012be8e5feee8f6f94261781f293,ok,1,15,10,0.9939,30.0,GOAL DONE,0.2,100,,,,0.8,2026-09-22 19:15:59
961,wastesorting,random,02,1,3459846159,experiments_logs/analysis_recent/when_what_original_20260912/00_raw/wastesorting/scene_02_step50/when_what_random_thres_0-8_rand_0-4/exp_wastesorting_20260922_191600_099061.txt,0f7c1782f8ac5810f13f76415b936c1a91f01aa3a1dbcfdb8ff5dd1788aa0852,ok,0,2,5,0.6904,5.0,PLAN FAILURE,0.2,100,,,,0.8,2026-09-22 19:16:00
962,wastesorting,ours_when_only,02,1,3459846159,experiments_logs/analysis_recent/when_what_original_20260912/00_raw/wastesorting/scene_02_step50/when_what_ours_when_only_thres_0-8_rand_0-4/exp_wastesorting_20260922_191601_068138.txt,ec16ae0f6628f0a3c9bc604c39b4c746afb5b1f2a0b306f74279c7671d39547f,ok,1,11,11,0.8216,30.0,GOAL DONE,0.2,100,,,,0.8,2026-09-22 19:16:01
963,wastesorting,ours_what_only,02,1,3459846159,experiments_logs/analysis_recent/when_what_original_20260912/00_raw/wastesorting/scene_02_step50/when_what_ours_what_only_thres_0-8_rand_0-4/exp_wastesorting_20260922_191601_871465.txt,19cf0aeca56775ed4f9f080ea2dff6f06cada32f34ce0e8b497672fbab33726b,ok,0,2,5,0.6577,5.0,PLAN FAILURE,0.2,100,,,,0.8,2026-09-22 19:16:01
964,wastesorting,ours,02,1,3459846159,experiments_logs/analysis_recent/when_what_original_20260912/00_raw/wastesorting/scene_02_step50/when_what_ours_thres_0-8_rand_0-4/exp_wastesorting_20260922_191602_834204.txt,cd67b3d328042d3932e455951f4c4fb662b501fc54d7fa442b417c75c1e830fb,ok,1,9,11,0.8317,30.0,GOAL DONE,0.2,100,,,,0.8,2026-09-22 19:16:02
965,wastesorting,random,02,2,2075473244,experiments_logs/analysis_recent/when_what_original_20260912/00_raw/wastesorting/scene_02_step50/when_what_random_thres_0-8_rand_0-4/exp_wastesorting_20260922_191603_751153.txt,2bbde9f5cd72875eceb8b20fcde0bfb0948114b91c75de7bf11cdb9a652ad7a5,ok,1,17,10,0.7659,30.0,GOAL DONE,0.2,100,,,,0.8,2026-09-22 19:16:03
966,wastesorting,ours_when_only,02,2,2075473244,experiments_logs/analysis_recent/when_what_original_20260912/00_raw/wastesorting/scene_02_step50/when_what_ours_when_only_thres_0-8_rand_0-4/exp_wastesorting_20260922_191604_664754.txt,8c0f4f1bd5d59f7057d9b2e21bf5026cc4e21fc71855201fcdad1914d6ae21f4,ok,1,12,10,0.7617,30.0,GOAL DONE,0.2,100,,,,0.8,2026-09-22 19:16:04
967,wastesorting,ours_what_only,02,2,2075473244,experiments_logs/analysis_recent/when_what_original_20260912/00_raw/wastesorting/scene_02_step50/when_what_ours_what_only_thres_0-8_rand_0-4/exp_wastesorting_20260922_191605_581174.txt,0499881fdcc95fe75ca1ceec2fd17ba221254bbdef70e07e40b94df4ebe5b566,ok,1,8,10,0.7591,30.0,GOAL DONE,0.2,100,,,,0.8,2026-09-22 19:16:05
968,wastesorting,ours,02,2,2075473244,experiments_logs/analysis_recent/when_what_original_20260912/00_raw/wastesorting/scene_02_step50/when_what_ours_thres_0-8_rand_0-4/exp_wastesorting_20260922_191606_505774.txt,33831db917508d00723b4d07d791d84b7e80afdd60c44aa820939838f7bacf13,ok,1,6,10,0.7755,30.0,GOAL DONE,0.2,100,,,,0.8,2026-09-22 19:16:06
969,wastesorting,random,02,3,3668952504,experiments_logs/analysis_recent/when_what_original_20260912/00_raw/wastesorting/scene_02_step50/when_what_random_thres_0-8_rand_0-4/exp_wastesorting_20260922_191607_489262.txt,355d89321867f9b916daff4f188980830126ab3e48e73e627d205efdb3d68b2e,ok,1,18,11,0.8389,30.0,GOAL DONE,0.2,100,,,,0.8,2026-09-22 19:16:07
970,wastesorting,ours_when_only,02,3,3668952504,experiments_logs/analysis_recent/when_what_original_20260912/00_raw/wastesorting/scene_02_step50/when_what_ours_when_only_thres_0-8_rand_0-4/exp_wastesorting_20260922_191608_448851.txt,3f4f4179167733b729c280279e8e869a23904941a1857cd21e913a76ac6b2a1f,ok,1,17,11,0.8088,30.0,GOAL DONE,0.2,100,,,,0.8,2026-09-22 19:16:08
971,wastesorting,ours_what_only,02,3,3668952504,experiments_logs/analysis_recent/when_what_original_20260912/00_raw/wastesorting/scene_02_step50/when_what_ours_what_only_thres_0-8_rand_0-4/exp_wastesorting_20260922_191609_454648.txt,aaac69ebc4fd5392ed520eb17f707882ca463edcae77970a7de9ecb5db108a4f,ok,1,12,11,0.8501,30.0,GOAL DONE,0.2,100,,,,0.8,2026-09-22 19:16:09
972,wastesorting,ours,02,3,3668952504,experiments_logs/analysis_recent/when_what_original_20260912/00_raw/wastesorting/scene_02_step50/when_what_ours_thres_0-8_rand_0-4/exp_wastesorting_20260922_191610_412789.txt,8e411e760421156626d243fd453c090698b5c25a12d6b834a02fa81281847791,ok,1,8,11,0.8115,30.0,GOAL DONE,0.2,100,,,,0.8,2026-09-22 19:16:10
973,wastesorting,random,02,4,522315453,experiments_logs/analysis_recent/when_what_original_20260912/00_raw/wastesorting/scene_02_step50/when_what_random_thres_0-8_rand_0-4/exp_wastesorting_20260922_191611_326216.txt,b24906cc2e7f6b0dd08489f27ee297d8ce335d12ec4ddfff2c2c83341f333215,ok,1,2,11,0.7748,30.0,GOAL DONE,0.2,100,,,,0.8,2026-09-22 19:16:11
974,wastesorting,ours_when_only,02,4,522315453,experiments_logs/analysis_recent/when_what_original_20260912/00_raw/wastesorting/scene_02_step50/when_what_ours_when_only_thres_0-8_rand_0-4/exp_wastesorting_20260922_191612_264310.txt,4539d8e4af8731f85c34aff5a80c3844262fcd63695f343183fe66fc9d850a5f,ok,1,13,11,0.7931,30.0,GOAL DONE,0.2,100,,,,0.8,2026-09-22 19:16:12
975,wastesorting,ours_what_only,02,4,522315453,experiments_logs/analysis_recent/when_what_original_20260912/00_raw/wastesorting/scene_02_step50/when_what_ours_what_only_thres_0-8_rand_0-4/exp_wastesorting_20260922_191613_179892.txt,1b7a870eb38837e06315cdea21126519f3064eac3a85315519b79578ec29755b,ok,1,2,11,0.7624,30.0,GOAL DONE,0.2,100,,,,0.8,2026-09-22 19:16:13
976,wastesorting,ours,02,4,522315453,experiments_logs/analysis_recent/when_what_original_20260912/00_raw/wastesorting/scene_02_step50/when_what_ours_thres_0-8_rand_0-4/exp_wastesorting_20260922_191614_094116.txt,882aec237e896c95d478a81d4efb076dab3f0b5a1a4c9fa10e5074e0ba4f40c7,ok,1,6,11,0.7705,30.0,GOAL DONE,0.2,100,,,,0.8,2026-09-22 19:16:14
977,wastesorting,random,02,5,2911761525,experiments_logs/analysis_recent/when_what_original_20260912/00_raw/wastesorting/scene_02_step50/when_what_random_thres_0-8_rand_0-4/exp_wastesorting_20260922_191615_006721.txt,cba169dc320388220f98c53c0d2278fdc0ff6c469df30c974ed42acaa061ecf2,ok,1,3,10,0.7637,15.0,GOAL DONE,0.2,100,,,,0.8,2026-09-22 19:16:15
978,wastesorting,ours_when_only,02,5,2911761525,experiments_logs/analysis_recent/when_what_original_20260912/00_raw/wastesorting/scene_02_step50/when_what_ours_when_only_thres_0-8_rand_0-4/exp_wastesorting_20260922_191615_948058.txt,3e6ae27c32f0df324895ee31c788ac40ed581f8f27d4273b6371f31dbd2e689c,ok,1,16,10,0.7902,15.0,GOAL DONE,0.2,100,,,,0.8,2026-09-22 19:16:15
979,wastesorting,ours_what_only,02,5,2911761525,experiments_logs/analysis_recent/when_what_original_20260912/00_raw/wastesorting/scene_02_step50/when_what_ours_what_only_thres_0-8_rand_0-4/exp_wastesorting_20260922_191616_859115.txt,125c76661b4652f4ba954093873cfec3d4235a17e727d12243eacef698b3e976,ok,1,3,10,0.7589,15.0,GOAL DONE,0.2,100,,,,0.8,2026-09-22 19:16:16
980,wastesorting,ours,02,5,2911761525,experiments_logs/analysis_recent/when_what_original_20260912/00_raw/wastesorting/scene_02_step50/when_what_ours_thres_0-8_rand_0-4/exp_wastesorting_20260922_191617_786132.txt,a69f4bee8e4adaf4e4bd76d2292fc3ddab981c35337a7f4ea8dbafd512169d7c,ok,1,6,10,0.7844,15.0,GOAL DONE,0.2,100,,,,0.8,2026-09-22 19:16:17
981,wastesorting,random,02,6,532720013,experiments_logs/analysis_recent/when_what_original_20260912/00_raw/wastesorting/scene_02_step50/when_what_random_thres_0-8_rand_0-4/exp_wastesorting_20260922_191618_735195.txt,f8e0363f9feacdc98d3f14e58e5cb798d67a5e5020c9e8cad6486cee6ef522d6,ok,1,3,10,0.7955,30.0,GOAL DONE,0.2,100,,,,0.8,2026-09-22 19:16:18
982,wastesorting,ours_when_only,02,6,532720013,experiments_logs/analysis_recent/when_what_original_20260912/00_raw/wastesorting/scene_02_step50/when_what_ours_when_only_thres_0-8_rand_0-4/exp_wastesorting_20260922_191619_678818.txt,ae915a384a226971cbd9a3788ea64c5256dc0f15ca99b5da7b05f550b3f57ca6,ok,1,12,10,0.7926,30.0,GOAL DONE,0.2,100,,,,0.8,2026-09-22 19:16:19
983,wastesorting,ours_what_only,02,6,532720013,experiments_logs/analysis_recent/when_what_original_20260912/00_raw/wastesorting/scene_02_step50/when_what_ours_what_only_thres_0-8_rand_0-4/exp_wastesorting_20260922_191620_565183.txt,d01a0c441431bb0d8f511f92e5162d44613ed48ebb749c425d0934bf380a3778,ok,1,3,10,0.7473,30.0,GOAL DONE,0.2,100,,,,0.8,2026-09-22 19:16:20
984,wastesorting,ours,02,6,532720013,experiments_logs/analysis_recent/when_what_original_20260912/00_raw/wastesorting/scene_02_step50/when_what_ours_thres_0-8_rand_0-4/exp_wastesorting_20260922_191621_493402.txt,0d283e494992e55afbb4ee9fe8799fe80a4a2491642b3a4fd0402dae7bf6a6b6,ok,1,5,10,0.7863,30.0,GOAL DONE,0.2,100,,,,0.8,2026-09-22 19:16:21
985,wastesorting,random,02,7,113949897,experiments_logs/analysis_recent/when_what_original_20260912/00_raw/wastesorting/scene_02_step50/when_what_random_thres_0-8_rand_0-4/exp_wastesorting_20260922_191622_220834.txt,95a02dae9aefdd0282370dc4c6d2f5216dec8e10eeabd8a3a2596b25be60daea,ok,0,1,3,0.5828,0.0,PLAN FAILURE,0.2,100,,,,0.8,2026-09-22 19:16:22
986,wastesorting,ours_when_only,02,7,113949897,experiments_logs/analysis_recent/when_what_original_20260912/00_raw/wastesorting/scene_02_step50/when_what_ours_when_only_thres_0-8_rand_0-4/exp_wastesorting_20260922_191623_187079.txt,efdcd78d5ddb40d7c03c56e9c33e84af36ddf0413ca4b57c43ef768e85c99ebb,ok,1,18,12,0.8209,30.0,GOAL DONE,0.2,100,,,,0.8,2026-09-22 19:16:23
987,wastesorting,ours_what_only,02,7,113949897,experiments_logs/analysis_recent/when_what_original_20260912/00_raw/wastesorting/scene_02_step50/when_what_ours_what_only_thres_0-8_rand_0-4/exp_wastesorting_20260922_191623_879067.txt,60925f5b00b52ed44faa8c63ee84f74f96a750643ba4ac928f45dc2f67892822,ok,0,1,3,0.5599,0.0,PLAN FAILURE,0.2,100,,,,0.8,2026-09-22 19:16:23
988,wastesorting,ours,02,7,113949897,experiments_logs/analysis_recent/when_what_original_20260912/00_raw/wastesorting/scene_02_step50/when_what_ours_thres_0-8_rand_0-4/exp_wastesorting_20260922_191624_809075.txt,a9b477f1d6926b5a5e22de907a0ef728936bf16ae7094affe2fff9a6041ed46b,ok,1,9,10,0.7816,15.0,GOAL DONE,0.2,100,,,,0.8,2026-09-22 19:16:24
989,wastesorting,random,02,8,1284104742,experiments_logs/analysis_recent/when_what_original_20260912/00_raw/wastesorting/scene_02_step50/when_what_random_thres_0-8_rand_0-4/exp_wastesorting_20260922_191625_794933.txt,eeec350796fb21ff2de619bafc29736c000339a4d20df677710c90c9dc67f19d,ok,0,11,11,0.8388,15.0,PLAN FAILURE,0.2,100,,,,0.8,2026-09-22 19:16:25
990,wastesorting,ours_when_only,02,8,1284104742,experiments_logs/analysis_recent/when_what_original_20260912/00_raw/wastesorting/scene_02_step50/when_what_ours_when_only_thres_0-8_rand_0-4/exp_wastesorting_20260922_191626_777157.txt,7cf423ebdbb438013d9c422798f6eb0424ef0f19c3d7a13a541278cfd9800ec7,ok,1,15,11,0.8352,30.0,GOAL DONE,0.2,100,,,,0.8,2026-09-22 19:16:26
991,wastesorting,ours_what_only,02,8,1284104742,experiments_logs/analysis_recent/when_what_original_20260912/00_raw/wastesorting/scene_02_step50/when_what_ours_what_only_thres_0-8_rand_0-4/exp_wastesorting_20260922_191627_729373.txt,0c781e45ad849f1cfae48ad32023008ce5936f3959671333e06cc952ad75c63a,ok,0,6,11,0.8272,15.0,PLAN FAILURE,0.2,100,,,,0.8,2026-09-22 19:16:27
992,wastesorting,ours,02,8,1284104742,experiments_logs/analysis_recent/when_what_original_20260912/00_raw/wastesorting/scene_02_step50/when_what_ours_thres_0-8_rand_0-4/exp_wastesorting_20260922_191628_664841.txt,69885e2e3b369195dec0b1c8a3ebf940e89a68b19283451c0e1c6fdc7fde4200,ok,1,7,10,0.7873,15.0,GOAL DONE,0.2,100,,,,0.8,2026-09-22 19:16:28
993,wastesorting,random,02,9,3369864147,experiments_logs/analysis_recent/when_what_original_20260912/00_raw/wastesorting/scene_02_step50/when_what_random_thres_0-8_rand_0-4/exp_wastesorting_20260922_191629_608500.txt,ac7e3580c543ee3b356f6ff1e3b0433f13e9de54450046a8b775d08cba0be369,ok,1,4,12,0.7912,30.0,GOAL DONE,0.2,100,,,,0.8,2026-09-22 19:16:29
994,wastesorting,ours_when_only,02,9,3369864147,experiments_logs/analysis_recent/when_what_original_20260912/00_raw/wastesorting/scene_02_step50/when_what_ours_when_only_thres_0-8_rand_0-4/exp_wastesorting_20260922_191630_575786.txt,4eec29d714d7e107fb3caf417826e5ffa87169f7788db9b155d8be85fe15f932,ok,1,14,12,0.819,30.0,GOAL DONE,0.2,100,,,,0.8,2026-09-22 19:16:30
995,wastesorting,ours_what_only,02,9,3369864147,experiments_logs/analysis_recent/when_what_original_20260912/00_raw/wastesorting/scene_02_step50/when_what_ours_what_only_thres_0-8_rand_0-4/exp_wastesorting_20260922_191631_487464.txt,c8a1cc9fcb3ed73ccd6ff25397cf51cb813fd8720e4344698e90935804754c77,ok,1,4,11,0.758,15.0,GOAL DONE,0.2,100,,,,0.8,2026-09-22 19:16:31
996,wastesorting,ours,02,9,3369864147,experiments_logs/analysis_recent/when_what_original_20260912/00_raw/wastesorting/scene_02_step50/when_what_ours_thres_0-8_rand_0-4/exp_wastesorting_20260922_191632_408944.txt,e3ba6345d564bca5eeb58bef2bf183f3252e12d56d56374517985eae909438c1,ok,1,7,11,0.7721,15.0,GOAL DONE,0.2,100,,,,0.8,2026-09-22 19:16:32
997,wastesorting,random,02,10,2363379651,experiments_logs/analysis_recent/when_what_original_20260912/00_raw/wastesorting/scene_02_step50/when_what_random_thres_0-8_rand_0-4/exp_wastesorting_20260922_191633_216846.txt,88f6e636d0c30ccd6ba40db8e65f9c563186a20348c2750da7559dd2fb379f74,ok,0,2,4,0.6815,0.0,PLAN FAILURE,0.2,100,,,,0.8,2026-09-22 19:16:33
998,wastesorting,ours_when_only,02,10,2363379651,experiments_logs/analysis_recent/when_what_original_20260912/00_raw/wastesorting/scene_02_step50/when_what_ours_when_only_thres_0-8_rand_0-4/exp_wastesorting_20260922_191634_248938.txt,9200c373a7d74f33bc42d047f1cc2a8ab5b497b8787d4544235c09e7286d6f3e,ok,1,11,11,0.8818,30.0,GOAL DONE,0.2,100,,,,0.8,2026-09-22 19:16:34
999,wastesorting,ours_what_only,02,10,2363379651,experiments_logs/analysis_recent/when_what_original_20260912/00_raw/wastesorting/scene_02_step50/when_what_ours_what_only_thres_0-8_rand_0-4/exp_wastesorting_20260922_191635_080419.txt,56b6927a7b93b2dcc14aab9f297e9240d6d5ed4fd8754f46cbfe74543ebc23b1,ok,0,2,4,0.6699,0.0,PLAN FAILURE,0.2,100,,,,0.8,2026-09-22 19:16:35
1000,wastesorting,ours,02,10,2363379651,experiments_logs/analysis_recent/when_what_original_20260912/00_raw/wastesorting/scene_02_step50/when_what_ours_thres_0-8_rand_0-4/exp_wastesorting_20260922_191636_128827.txt,35ccb84287a04821ea5ddfbd8bae7901b95c77dd3b13579fc2f947b1ae7575e6,ok,1,7,11,0.8914,30.0,GOAL DONE,0.2,100,,,,0.8,2026-09-22 19:16:36
1001,wastesorting,random,02,11,3156184595,experiments_logs/analysis_recent/when_what_original_20260912/00_raw/wastesorting/scene_02_step50/when_what_random_thres_0-8_rand_0-4/exp_wastesorting_20260922_191636_864317.txt,138a3082b112f5e1430d9619fd2fc8a64d3b38d8cc8d7ee0da6ebf18e2c870ec,ok,0,1,3,0.5878,0.0,PLAN FAILURE,0.2,100,,,,0.8,2026-09-22 19:16:36
1002,wastesorting,ours_when_only,02,11,3156184595,experiments_logs/analysis_recent/when_what_original_20260912/00_raw/wastesorting/scene_02_step50/when_what_ours_when_only_thres_0-8_rand_0-4/exp_wastesorting_20260922_191637_814048.txt,39c6864da0350c81b3e930bf40e0396bce77e142e75741b06dc1cc5052182df0,ok,1,12,10,0.8007,30.0,GOAL DONE,0.2,100,,,,0.8,2026-09-22 19:16:37
1003,wastesorting,ours_what_only,02,11,3156184595,experiments_logs/analysis_recent/when_what_original_20260912/00_raw/wastesorting/scene_02_step50/when_what_ours_what_only_thres_0-8_rand_0-4/exp_wastesorting_20260922_191638_543376.txt,63fbd66e6c3a4e32818e0bdc26b3b88727f3c3ff8e8a6df2e89dbe73a35fa0cb,ok,0,1,3,0.5804,0.0,PLAN FAILURE,0.2,100,,,,0.8,2026-09-22 19:16:38
1004,wastesorting,ours,02,11,3156184595,experiments_logs/analysis_recent/when_what_original_20260912/00_raw/wastesorting/scene_02_step50/when_what_ours_thres_0-8_rand_0-4/exp_wastesorting_20260922_191639_513780.txt,163a0c6b37ae544e4bedd30c65ce7944abfb7ece3160b37ad0f2a74c6cef5405,ok,1,8,10,0.8066,30.0,GOAL DONE,0.2,100,,,,0.8,2026-09-22 19:16:39
1005,wastesorting,random,02,12,3944271860,experiments_logs/analysis_recent/when_what_original_20260912/00_raw/wastesorting/scene_02_step50/when_what_random_thres_0-8_rand_0-4/exp_wastesorting_20260922_191640_493136.txt,8967cdd2c2d72bc5c390032fda960f61c91997f30ab1c87a4dd0c9362ef8ed78,ok,1,9,10,0.8225,30.0,GOAL DONE,0.2,100,,,,0.8,2026-09-22 19:16:40
1006,wastesorting,ours_when_only,02,12,3944271860,experiments_logs/analysis_recent/when_what_original_20260912/00_raw/wastesorting/scene_02_step50/when_what_ours_when_only_thres_0-8_rand_0-4/exp_wastesorting_20260922_191641_444454.txt,d72c0609aee382ed7982ff802f2b5b8976089adf5777388d58ac8d38cb76276d,ok,1,13,13,0.827,30.0,GOAL DONE,0.2,100,,,,0.8,2026-09-22 19:16:41
1007,wastesorting,ours_what_only,02,12,3944271860,experiments_logs/analysis_recent/when_what_original_20260912/00_raw/wastesorting/scene_02_step50/when_what_ours_what_only_thres_0-8_rand_0-4/exp_wastesorting_20260922_191642_341424.txt,a8124b9ffcc7814dba186eeb0bccd486d64b4a019d129ecb66073021a41ff239,ok,1,4,10,0.7738,30.0,GOAL DONE,0.2,100,,,,0.8,2026-09-22 19:16:42
1008,wastesorting,ours,02,12,3944271860,experiments_logs/analysis_recent/when_what_original_20260912/00_raw/wastesorting/scene_02_step50/when_what_ours_thres_0-8_rand_0-4/exp_wastesorting_20260922_191643_289304.txt,a8e72f5dcf21770f4664d131de73302c436504c0e5e1089fd840f51c679665ee,ok,1,6,10,0.8053,30.0,GOAL DONE,0.2,100,,,,0.8,2026-09-22 19:16:43
1009,wastesorting,random,02,13,2794645965,experiments_logs/analysis_recent/when_what_original_20260912/00_raw/wastesorting/scene_02_step50/when_what_random_thres_0-8_rand_0-4/exp_wastesorting_20260922_191644_175777.txt,4daaaed2f90b801f987588a9d7994b34d3b5296dd8e93f59c4cfc6e8226ba2df,ok,1,13,10,0.7411,30.0,GOAL DONE,0.2,100,,,,0.8,2026-09-22 19:16:44
1010,wastesorting,ours_when_only,02,13,2794645965,experiments_logs/analysis_recent/when_what_original_20260912/00_raw/wastesorting/scene_02_step50/when_what_ours_when_only_thres_0-8_rand_0-4/exp_wastesorting_20260922_191645_064139.txt,2b7067be9b5661e4c6392718200a49ad061c309426453f0e488ab23ab9f2b92e,ok,1,12,10,0.7394,30.0,GOAL DONE,0.2,100,,,,0.8,2026-09-22 19:16:45
1011,wastesorting,ours_what_only,02,13,2794645965,experiments_logs/analysis_recent/when_what_original_20260912/00_raw/wastesorting/scene_02_step50/when_what_ours_what_only_thres_0-8_rand_0-4/exp_wastesorting_20260922_191645_966183.txt,d65819bce9a4aa4e99a4d184735af0d21358e6c44b902f8f5f9241998857e1ca,ok,1,10,10,0.7509,30.0,GOAL DONE,0.2,100,,,,0.8,2026-09-22 19:16:45
1012,wastesorting,ours,02,13,2794645965,experiments_logs/analysis_recent/when_what_original_20260912/00_raw/wastesorting/scene_02_step50/when_what_ours_thres_0-8_rand_0-4/exp_wastesorting_20260922_191646_849302.txt,ef477f0e2a48bcf73393cd7f3e33224bfaaff3be7c65296c424e300526215200,ok,1,8,10,0.7392,30.0,GOAL DONE,0.2,100,,,,0.8,2026-09-22 19:16:46
1013,wastesorting,random,02,14,2121493353,experiments_logs/analysis_recent/when_what_original_20260912/00_raw/wastesorting/scene_02_step50/when_what_random_thres_0-8_rand_0-4/exp_wastesorting_20260922_191647_683289.txt,96bd76547e152240c177000030f78875c00678b79279f48d2ae28bb1a5c62d91,ok,0,2,7,0.683,10.0,PLAN FAILURE,0.2,100,,,,0.8,2026-09-22 19:16:47
1014,wastesorting,ours_when_only,02,14,2121493353,experiments_logs/analysis_recent/when_what_original_20260912/00_raw/wastesorting/scene_02_step50/when_what_ours_when_only_thres_0-8_rand_0-4/exp_wastesorting_20260922_191648_601837.txt,69936f79a722b489a14ff8a7837a6717e876e11a533094105d70b2e4ae137021,ok,1,12,10,0.7776,30.0,GOAL DONE,0.2,100,,,,0.8,2026-09-22 19:16:48
1015,wastesorting,ours_what_only,02,14,2121493353,experiments_logs/analysis_recent/when_what_original_20260912/00_raw/wastesorting/scene_02_step50/when_what_ours_what_only_thres_0-8_rand_0-4/exp_wastesorting_20260922_191649_429986.txt,006cc668af95578dbda21ad5ad97a3dfcccea9f93769556a3a87817327baa75b,ok,0,2,7,0.6726,10.0,PLAN FAILURE,0.2,100,,,,0.8,2026-09-22 19:16:49
1016,wastesorting,ours,02,14,2121493353,experiments_logs/analysis_recent/when_what_original_20260912/00_raw/wastesorting/scene_02_step50/when_what_ours_thres_0-8_rand_0-4/exp_wastesorting_20260922_191650_352553.txt,71ddf4e1f812fa2d99a32aa3097b0e118a8b621219147607683830e093bb2cb5,ok,1,9,10,0.7642,30.0,GOAL DONE,0.2,100,,,,0.8,2026-09-22 19:16:50
1017,wastesorting,random,02,15,4209971380,experiments_logs/analysis_recent/when_what_original_20260912/00_raw/wastesorting/scene_02_step50/when_what_random_thres_0-8_rand_0-4/exp_wastesorting_20260922_191651_337968.txt,9824e7b60c030c30fb9d266df37b40188ed2d386283e40ecf6871b427eef7a40,ok,1,18,12,0.8433,30.0,GOAL DONE,0.2,100,,,,0.8,2026-09-22 19:16:51
1018,wastesorting,ours_when_only,02,15,4209971380,experiments_logs/analysis_recent/when_what_original_20260912/00_raw/wastesorting/scene_02_step50/when_what_ours_when_only_thres_0-8_rand_0-4/exp_wastesorting_20260922_191652_335862.txt,f16770c3a8f8bfa07b7ba99fbe18771669bf862f0eed9170f532094806bd40bf,ok,1,17,12,0.8498,30.0,GOAL DONE,0.2,100,,,,0.8,2026-09-22 19:16:52
1019,wastesorting,ours_what_only,02,15,4209971380,experiments_logs/analysis_recent/when_what_original_20260912/00_raw/wastesorting/scene_02_step50/when_what_ours_what_only_thres_0-8_rand_0-4/exp_wastesorting_20260922_191653_304548.txt,b096e437a263a4653d8c9a3f2c0021007f2346954e7bcc87eb34824e40719741,ok,1,10,12,0.827,30.0,GOAL DONE,0.2,100,,,,0.8,2026-09-22 19:16:53
1020,wastesorting,ours,02,15,4209971380,experiments_logs/analysis_recent/when_what_original_20260912/00_raw/wastesorting/scene_02_step50/when_what_ours_thres_0-8_rand_0-4/exp_wastesorting_20260922_191654_290477.txt,836f168140022f0e0c1ede7e90b19ec19cfb442a6cdb89dd3fba11d34766c456,ok,1,10,12,0.8452,10.0,GOAL DONE,0.2,100,,,,0.8,2026-09-22 19:16:54
1021,wastesorting,random,02,16,277515669,experiments_logs/analysis_recent/when_what_original_20260912/00_raw/wastesorting/scene_02_step50/when_what_random_thres_0-8_rand_0-4/exp_wastesorting_20260922_191655_239110.txt,0217244fb1235f0772ed1f5a21272f6579b074aabbdc383b60643df53e82c9b8,ok,1,3,10,0.7942,30.0,GOAL DONE,0.2,100,,,,0.8,2026-09-22 19:16:55
1022,wastesorting,ours_when_only,02,16,277515669,experiments_logs/analysis_recent/when_what_original_20260912/00_raw/wastesorting/scene_02_step50/when_what_ours_when_only_thres_0-8_rand_0-4/exp_wastesorting_20260922_191656_161741.txt,1c120520f48ec52ca3f9a86342fd2316aff2f81743b14f433e698050df53f678,ok,1,17,10,0.7858,30.0,GOAL DONE,0.2,100,,,,0.8,2026-09-22 19:16:56
1023,wastesorting,ours_what_only,02,16,277515669,experiments_logs/analysis_recent/when_what_original_20260912/00_raw/wastesorting/scene_02_step50/when_what_ours_what_only_thres_0-8_rand_0-4/exp_wastesorting_20260922_191657_101694.txt,871b0df05c63111862d25497f3bb3eaa87e16787a5a13ddfc0421615d6f47e1c,ok,1,3,10,0.779,30.0,GOAL DONE,0.2,100,,,,0.8,2026-09-22 19:16:57
1024,wastesorting,ours,02,16,277515669,experiments_logs/analysis_recent/when_what_original_20260912/00_raw/wastesorting/scene_02_step50/when_what_ours_thres_0-8_rand_0-4/exp_wastesorting_20260922_191658_054797.txt,4aff3ac4e8dea75fb2c95f270af12065e7bb9d61e5e3baa54da49a49cd33b3a8,ok,1,6,10,0.8025,30.0,GOAL DONE,0.2,100,,,,0.8,2026-09-22 19:16:58
1025,wastesorting,random,02,17,3248036319,experiments_logs/analysis_recent/when_what_original_20260912/00_raw/wastesorting/scene_02_step50/when_what_random_thres_0-8_rand_0-4/exp_wastesorting_20260922_191658_952072.txt,c645aec77430516c4156b3eaa1dff4b378edf58a7e4a1f7ae80caecb6c80b60a,ok,0,3,10,0.7441,10.0,PLAN FAILURE,0.2,100,,,,0.8,2026-09-22 19:16:58
1026,wastesorting,ours_when_only,02,17,3248036319,experiments_logs/analysis_recent/when_what_original_20260912/00_raw/wastesorting/scene_02_step50/when_what_ours_when_only_thres_0-8_rand_0-4/exp_wastesorting_20260922_191659_926136.txt,1f91585b038e00f21f76cdb66591ca54f55b5f5aa5208d2fe375c551bb9fee58,ok,1,17,12,0.8234,30.0,GOAL DONE,0.2,100,,,,0.8,2026-09-22 19:16:59
1027,wastesorting,ours_what_only,02,17,3248036319,experiments_logs/analysis_recent/when_what_original_20260912/00_raw/wastesorting/scene_02_step50/when_what_ours_what_only_thres_0-8_rand_0-4/exp_wastesorting_20260922_191700_830378.txt,b6280f0c2355340bb7a2f440253fe25bd8cac7407d444832f95079894cb4b170,ok,0,3,10,0.7529,10.0,PLAN FAILURE,0.2,100,,,,0.8,2026-09-22 19:17:00
1028,wastesorting,ours,02,17,3248036319,experiments_logs/analysis_recent/when_what_original_20260912/00_raw/wastesorting/scene_02_step50/when_what_ours_thres_0-8_rand_0-4/exp_wastesorting_20260922_191701_767124.txt,4ac7a0a51bd2d929729ee11ba1f8b66ddc83f0f5141d5b74b953e3907d16fb33,ok,1,7,10,0.7898,15.0,GOAL DONE,0.2,100,,,,0.8,2026-09-22 19:17:01
1029,wastesorting,random,02,18,2237411697,experiments_logs/analysis_recent/when_what_original_20260912/00_raw/wastesorting/scene_02_step50/when_what_random_thres_0-8_rand_0-4/exp_wastesorting_20260922_191702_630232.txt,c51d57e492c9ffc654e85262f9a0860dacc2aba799e90db275f8cf5012d74223,ok,0,5,8,0.7157,10.0,PLAN FAILURE,0.2,100,,,,0.8,2026-09-22 19:17:02
1030,wastesorting,ours_when_only,02,18,2237411697,experiments_logs/analysis_recent/when_what_original_20260912/00_raw/wastesorting/scene_02_step50/when_what_ours_when_only_thres_0-8_rand_0-4/exp_wastesorting_20260922_191703_575508.txt,25ecad2adc49beef68505c167922eb6ffbfa4d94b4a3bc8b7ab3f385f75f6548,ok,1,16,11,0.7972,30.0,GOAL DONE,0.2,100,,,,0.8,2026-09-22 19:17:03
1031,wastesorting,ours_what_only,02,18,2237411697,experiments_logs/analysis_recent/when_what_original_20260912/00_raw/wastesorting/scene_02_step50/when_what_ours_what_only_thres_0-8_rand_0-4/exp_wastesorting_20260922_191704_392311.txt,42937581842f93ff10d5d8d5dcf4b898ffe637ca4e9fac10a4387d931219fc41,ok,0,5,7,0.6832,0.0,PLAN FAILURE,0.2,100,,,,0.8,2026-09-22 19:17:04
1032,wastesorting,ours,02,18,2237411697,experiments_logs/analysis_recent/when_what_original_20260912/00_raw/wastesorting/scene_02_step50/when_what_ours_thres_0-8_rand_0-4/exp_wastesorting_20260922_191705_360511.txt,b50bfe5d682f1b12f0de2c72f1150ffe7a8d30e3b5a7033805e4f7a825266635,ok,1,9,11,0.8169,10.0,GOAL DONE,0.2,100,,,,0.8,2026-09-22 19:17:05
1033,wastesorting,random,02,19,1910918374,experiments_logs/analysis_recent/when_what_original_20260912/00_raw/wastesorting/scene_02_step50/when_what_random_thres_0-8_rand_0-4/exp_wastesorting_20260922_191706_214334.txt,8b32955d41a3b97cbabdd13d49a61d6dd747e15d931be8d5b6e583d69b70cb91,ok,0,3,8,0.7021,10.0,PLAN FAILURE,0.2,100,,,,0.8,2026-09-22 19:17:06
1034,wastesorting,ours_when_only,02,19,1910918374,experiments_logs/analysis_recent/when_what_original_20260912/00_raw/wastesorting/scene_02_step50/when_what_ours_when_only_thres_0-8_rand_0-4/exp_wastesorting_20260922_191707_148954.txt,2b04176f1edbbf08b23169a6e035b7a7b0d6098255b3ecd21b9e5ea3f8c1deb8,ok,1,10,11,0.7913,30.0,GOAL DONE,0.2,100,,,,0.8,2026-09-22 19:17:07
1035,wastesorting,ours_what_only,02,19,1910918374,experiments_logs/analysis_recent/when_what_original_20260912/00_raw/wastesorting/scene_02_step50/when_what_ours_what_only_thres_0-8_rand_0-4/exp_wastesorting_20260922_191707_982483.txt,54b045cd5a2fcd01fa31510b6e9a09a0998725f71e81875f304ffd10dd88788b,ok,0,3,8,0.6902,10.0,PLAN FAILURE,0.2,100,,,,0.8,2026-09-22 19:17:07
1036,wastesorting,ours,02,19,1910918374,experiments_logs/analysis_recent/when_what_original_20260912/00_raw/wastesorting/scene_02_step50/when_what_ours_thres_0-8_rand_0-4/exp_wastesorting_20260922_191708_929002.txt,be2d12fb2bf6efe1f3c16706c16d7501780798c37844d16898c0f42efc5a59f8,ok,1,8,11,0.7932,30.0,GOAL DONE,0.2,100,,,,0.8,2026-09-22 19:17:08
1037,wastesorting,random,02,20,1901918461,experiments_logs/analysis_recent/when_what_original_20260912/00_raw/wastesorting/scene_02_step50/when_what_random_thres_0-8_rand_0-4/exp_wastesorting_20260922_191709_903211.txt,97ddbaf792dbc254ed50c7dc2cd0140598fe55496163f4fe8137f219b547a2c8,ok,1,11,10,0.8232,30.0,GOAL DONE,0.2,100,,,,0.8,2026-09-22 19:17:09
1038,wastesorting,ours_when_only,02,20,1901918461,experiments_logs/analysis_recent/when_what_original_20260912/00_raw/wastesorting/scene_02_step50/when_what_ours_when_only_thres_0-8_rand_0-4/exp_wastesorting_20260922_191710_874669.txt,3b392b3f88738a717774c8d6e3f9a4fc58f1717b10605b7049ff97592d2ff888,ok,1,10,10,0.8217,30.0,GOAL DONE,0.2,100,,,,0.8,2026-09-22 19:17:10
1039,wastesorting,ours_what_only,02,20,1901918461,experiments_logs/analysis_recent/when_what_original_20260912/00_raw/wastesorting/scene_02_step50/when_what_ours_what_only_thres_0-8_rand_0-4/exp_wastesorting_20260922_191711_840393.txt,19e00c9185a350c3df93bf5276bd6d2e3619230f40478059d306107b09196418,ok,1,7,10,0.8172,30.0,GOAL DONE,0.2,100,,,,0.8,2026-09-22 19:17:11
1040,wastesorting,ours,02,20,1901918461,experiments_logs/analysis_recent/when_what_original_20260912/00_raw/wastesorting/scene_02_step50/when_what_ours_thres_0-8_rand_0-4/exp_wastesorting_20260922_191712_792548.txt,6b2d04363c1d379970c2686bbd4d4742a7f90ce235fc293a369a8abeb63beb59,ok,1,6,10,0.803,30.0,GOAL DONE,0.2,100,,,,0.8,2026-09-22 19:17:12
1041,wastesorting,random,02,21,146112514,experiments_logs/analysis_recent/when_what_original_20260912/00_raw/wastesorting/scene_02_step50/when_what_random_thres_0-8_rand_0-4/exp_wastesorting_20260922_191713_639721.txt,884adae8c760a3a53f014acf0447a0a6464e44e91c82b9ab41e06efd7d50f92b,ok,0,2,8,0.7015,10.0,PLAN FAILURE,0.2,100,,,,0.8,2026-09-22 19:17:13
1042,wastesorting,ours_when_only,02,21,146112514,experiments_logs/analysis_recent/when_what_original_20260912/00_raw/wastesorting/scene_02_step50/when_what_ours_when_only_thres_0-8_rand_0-4/exp_wastesorting_20260922_191714_615663.txt,31b3c36f9b1b9682c167461ca0be2de53bbdaaa673f3cee7ae25aac730edc24b,ok,1,17,12,0.822,30.0,GOAL DONE,0.2,100,,,,0.8,2026-09-22 19:17:14
1043,wastesorting,ours_what_only,02,21,146112514,experiments_logs/analysis_recent/when_what_original_20260912/00_raw/wastesorting/scene_02_step50/when_what_ours_what_only_thres_0-8_rand_0-4/exp_wastesorting_20260922_191715_449223.txt,2b9c01b3335e636894a3f9c7f8689a305582f8243561fd5e26be7c3b0d7cb96d,ok,0,2,8,0.6938,10.0,PLAN FAILURE,0.2,100,,,,0.8,2026-09-22 19:17:15
1044,wastesorting,ours,02,21,146112514,experiments_logs/analysis_recent/when_what_original_20260912/00_raw/wastesorting/scene_02_step50/when_what_ours_thres_0-8_rand_0-4/exp_wastesorting_20260922_191716_401934.txt,754784b2d5ac6f6d458a55d76a08a24b7a3be678424693384d15aa01a8775e35,ok,1,10,12,0.7984,30.0,GOAL DONE,0.2,100,,,,0.8,2026-09-22 19:17:16
1045,wastesorting,random,02,22,3489877720,experiments_logs/analysis_recent/when_what_original_20260912/00_raw/wastesorting/scene_02_step50/when_what_random_thres_0-8_rand_0-4/exp_wastesorting_20260922_191717_322234.txt,fb359acbc6f503fa2f7f4cff693dd18aba655d6047012806029733772438d3c3,ok,1,5,11,0.7792,30.0,GOAL DONE,0.2,100,,,,0.8,2026-09-22 19:17:17
1046,wastesorting,ours_when_only,02,22,3489877720,experiments_logs/analysis_recent/when_what_original_20260912/00_raw/wastesorting/scene_02_step50/when_what_ours_when_only_thres_0-8_rand_0-4/exp_wastesorting_20260922_191718_282918.txt,6bcb0df7c1a8cca6278e238892e317d21990d157d8a6982b469e6e1ea3e95f4b,ok,1,16,11,0.8151,30.0,GOAL DONE,0.2,100,,,,0.8,2026-09-22 19:17:18
1047,wastesorting,ours_what_only,02,22,3489877720,experiments_logs/analysis_recent/when_what_original_20260912/00_raw/wastesorting/scene_02_step50/when_what_ours_what_only_thres_0-8_rand_0-4/exp_wastesorting_20260922_191719_233201.txt,c764c5667ba989916dd88e60dbdcecf01577dc3e1eb2fab3151f70be5e421b5c,ok,1,5,11,0.7961,30.0,GOAL DONE,0.2,100,,,,0.8,2026-09-22 19:17:19
1048,wastesorting,ours,02,22,3489877720,experiments_logs/analysis_recent/when_what_original_20260912/00_raw/wastesorting/scene_02_step50/when_what_ours_thres_0-8_rand_0-4/exp_wastesorting_20260922_191720_181311.txt,3e544ee9732b58102af8a0a9a385c6b105affeca16695743fe528820878fb3da,ok,1,6,11,0.7991,30.0,GOAL DONE,0.2,100,,,,0.8,2026-09-22 19:17:20
1049,wastesorting,random,02,23,545966904,experiments_logs/analysis_recent/when_what_original_20260912/00_raw/wastesorting/scene_02_step50/when_what_random_thres_0-8_rand_0-4/exp_wastesorting_20260922_191721_101595.txt,23de18599de8766632141f8d0cccefa7d1dc176b815c557c58eb30c0b446c8c6,ok,1,3,10,0.7731,30.0,GOAL DONE,0.2,100,,,,0.8,2026-09-22 19:17:21
1050,wastesorting,ours_when_only,02,23,545966904,experiments_logs/analysis_recent/when_what_original_20260912/00_raw/wastesorting/scene_02_step50/when_what_ours_when_only_thres_0-8_rand_0-4/exp_wastesorting_20260922_191722_076128.txt,f2063bd626c646b50c1320a2005fda158234f56bc0004080edca2ae35689207c,ok,1,14,10,0.824,30.0,GOAL DONE,0.2,100,,,,0.8,2026-09-22 19:17:22
1051,wastesorting,ours_what_only,02,23,545966904,experiments_logs/analysis_recent/when_what_original_20260912/00_raw/wastesorting/scene_02_step50/when_what_ours_what_only_thres_0-8_rand_0-4/exp_wastesorting_20260922_191723_031701.txt,cc91f0a46877965eed719574a1caf7e0a7eacf8f9d35cad7c4cdb4eed8806f17,ok,1,3,10,0.8015,30.0,GOAL DONE,0.2,100,,,,0.8,2026-09-22 19:17:23
1052,wastesorting,ours,02,23,545966904,experiments_logs/analysis_recent/when_what_original_20260912/00_raw/wastesorting/scene_02_step50/when_what_ours_thres_0-8_rand_0-4/exp_wastesorting_20260922_191723_975846.txt,0630566dd089b22c57c3fcf75d2dc49681abe9f20becd35db10730068e0167c1,ok,1,5,10,0.7967,30.0,GOAL DONE,0.2,100,,,,0.8,2026-09-22 19:17:23
1053,wastesorting,random,02,24,947053626,experiments_logs/analysis_recent/when_what_original_20260912/00_raw/wastesorting/scene_02_step50/when_what_random_thres_0-8_rand_0-4/exp_wastesorting_20260922_191724_971870.txt,fa6558f214634f2eb765097c0597fdfda7e211cb9f8049586656bf33445252e5,ok,1,16,12,0.8622,15.0,GOAL DONE,0.2,100,,,,0.8,2026-09-22 19:17:24
1054,wastesorting,ours_when_only,02,24,947053626,experiments_logs/analysis_recent/when_what_original_20260912/00_raw/wastesorting/scene_02_step50/when_what_ours_when_only_thres_0-8_rand_0-4/exp_wastesorting_20260922_191725_972581.txt,bc4f28176b87912223495b395d47e6346d959717f9c860eb60a86ad2d7be6bd4,ok,1,15,12,0.8552,15.0,GOAL DONE,0.2,100,,,,0.8,2026-09-22 19:17:25
1055,wastesorting,ours_what_only,02,24,947053626,experiments_logs/analysis_recent/when_what_original_20260912/00_raw/wastesorting/scene_02_step50/when_what_ours_what_only_thres_0-8_rand_0-4/exp_wastesorting_20260922_191726_949579.txt,f1385122ed0f686d347db0ad1fa446bc9610a86d1c043ced1d5acc2a91fa76d0,ok,1,14,12,0.8323,15.0,GOAL DONE,0.2,100,,,,0.8,2026-09-22 19:17:26
1056,wastesorting,ours,02,24,947053626,experiments_logs/analysis_recent/when_what_original_20260912/00_raw/wastesorting/scene_02_step50/when_what_ours_thres_0-8_rand_0-4/exp_wastesorting_20260922_191727_961133.txt,6b788a044b9372089803112c38236ddef9adfd76f4a6721e1d88e9a6fe341aa4,ok,1,13,12,0.8619,15.0,GOAL DONE,0.2,100,,,,0.8,2026-09-22 19:17:27
1057,wastesorting,random,02,25,1483508049,experiments_logs/analysis_recent/when_what_original_20260912/00_raw/wastesorting/scene_02_step50/when_what_random_thres_0-8_rand_0-4/exp_wastesorting_20260922_191728_937838.txt,18cf42a8016bc2350d5699ae0d9f7b8bc60109b7c512aadc7c243e64944929d3,ok,0,18,11,0.8189,15.0,PLAN FAILURE,0.2,100,,,,0.8,2026-09-22 19:17:28
1058,wastesorting,ours_when_only,02,25,1483508049,experiments_logs/analysis_recent/when_what_original_20260912/00_raw/wastesorting/scene_02_step50/when_what_ours_when_only_thres_0-8_rand_0-4/exp_wastesorting_20260922_191729_924384.txt,a05fe32458ef6d1d8b7dbbe61fa8700792f894cbaa2c49e81beab762eb9c6417,ok,1,20,11,0.8413,30.0,GOAL DONE,0.2,100,,,,0.8,2026-09-22 19:17:29
1059,wastesorting,ours_what_only,02,25,1483508049,experiments_logs/analysis_recent/when_what_original_20260912/00_raw/wastesorting/scene_02_step50/when_what_ours_what_only_thres_0-8_rand_0-4/exp_wastesorting_20260922_191730_857144.txt,5615c08a263b2adacaa8c86827ae39b92eddba2bd994d28755fca498d6735bf8,ok,0,8,11,0.808,15.0,PLAN FAILURE,0.2,100,,,,0.8,2026-09-22 19:17:30
1060,wastesorting,ours,02,25,1483508049,experiments_logs/analysis_recent/when_what_original_20260912/00_raw/wastesorting/scene_02_step50/when_what_ours_thres_0-8_rand_0-4/exp_wastesorting_20260922_191731_802405.txt,5409b0e62377e2d81e7039a695698c24c53367e5aeb2347a48496c2412a89041,ok,1,6,10,0.7893,15.0,GOAL DONE,0.2,100,,,,0.8,2026-09-22 19:17:31
1061,wastesorting,random,02,26,3951400784,experiments_logs/analysis_recent/when_what_original_20260912/00_raw/wastesorting/scene_02_step50/when_what_random_thres_0-8_rand_0-4/exp_wastesorting_20260922_191732_711951.txt,11052a827b918e6ea07b450c6964286783fb32467e23f0a486fda0ed549684a7,ok,1,4,10,0.7566,30.0,GOAL DONE,0.2,100,,,,0.8,2026-09-22 19:17:32
1062,wastesorting,ours_when_only,02,26,3951400784,experiments_logs/analysis_recent/when_what_original_20260912/00_raw/wastesorting/scene_02_step50/when_what_ours_when_only_thres_0-8_rand_0-4/exp_wastesorting_20260922_191733_617559.txt,a7bcb2c93077b7cbd11147ca4294d8026bf1a3bbaab10f0415b7c5f67b20e491,ok,1,6,10,0.7576,30.0,GOAL DONE,0.2,100,,,,0.8,2026-09-22 19:17:33
1063,wastesorting,ours_what_only,02,26,3951400784,experiments_logs/analysis_recent/when_what_original_20260912/00_raw/wastesorting/scene_02_step50/when_what_ours_what_only_thres_0-8_rand_0-4/exp_wastesorting_20260922_191734_519754.txt,d5f26280671d0987b739dfd91fb6ad8fc5ac5bdfb983a60983953d4f718c7b94,ok,1,3,10,0.7431,30.0,GOAL DONE,0.2,100,,,,0.8,2026-09-22 19:17:34
1064,wastesorting,ours,02,26,3951400784,experiments_logs/analysis_recent/when_what_original_20260912/00_raw/wastesorting/scene_02_step50/when_what_ours_thres_0-8_rand_0-4/exp_wastesorting_20260922_191735_441266.txt,71129b382cda743f61a6ae8a1a08139aefeb0b6809033890321e9763c719209c,ok,1,5,10,0.7663,30.0,GOAL DONE,0.2,100,,,,0.8,2026-09-22 19:17:35
1065,wastesorting,random,02,27,732658778,experiments_logs/analysis_recent/when_what_original_20260912/00_raw/wastesorting/scene_02_step50/when_what_random_thres_0-8_rand_0-4/exp_wastesorting_20260922_191736_434795.txt,10de609fff4af77b45b93d65542738705d42e02103cf78b2b0bea3f9b4280e64,ok,1,15,10,0.8427,30.0,GOAL DONE,0.2,100,,,,0.8,2026-09-22 19:17:36
1066,wastesorting,ours_when_only,02,27,732658778,experiments_logs/analysis_recent/when_what_original_20260912/00_raw/wastesorting/scene_02_step50/when_what_ours_when_only_thres_0-8_rand_0-4/exp_wastesorting_20260922_191737_404615.txt,ee5661c19d3dabca355e99d670c33eb000a99f6ad5fca189c623030c59d120b2,ok,1,18,10,0.8214,30.0,GOAL DONE,0.2,100,,,,0.8,2026-09-22 19:17:37
1067,wastesorting,ours_what_only,02,27,732658778,experiments_logs/analysis_recent/when_what_original_20260912/00_raw/wastesorting/scene_02_step50/when_what_ours_what_only_thres_0-8_rand_0-4/exp_wastesorting_20260922_191738_350833.txt,6072072421a9c896460209e08d0ef3a6624f17aa1324a725ea2b86d198d637a3,ok,1,7,10,0.7985,30.0,GOAL DONE,0.2,100,,,,0.8,2026-09-22 19:17:38
1068,wastesorting,ours,02,27,732658778,experiments_logs/analysis_recent/when_what_original_20260912/00_raw/wastesorting/scene_02_step50/when_what_ours_thres_0-8_rand_0-4/exp_wastesorting_20260922_191739_299049.txt,4abe3e3d76a9a6954b81ff319b1786926d52ff4a9ba4b886869995fb1b3b4de1,ok,1,7,10,0.7999,30.0,GOAL DONE,0.2,100,,,,0.8,2026-09-22 19:17:39
1069,wastesorting,random,02,28,3967846734,experiments_logs/analysis_recent/when_what_original_20260912/00_raw/wastesorting/scene_02_step50/when_what_random_thres_0-8_rand_0-4/exp_wastesorting_20260922_191740_180844.txt,49aeb6a4a1c4378e749d7b30073b0d3908e8bd6b5f6e706ec98c437c1c786b44,ok,1,3,10,0.7562,30.0,GOAL DONE,0.2,100,,,,0.8,2026-09-22 19:17:40
1070,wastesorting,ours_when_only,02,28,3967846734,experiments_logs/analysis_recent/when_what_original_20260912/00_raw/wastesorting/scene_02_step50/when_what_ours_when_only_thres_0-8_rand_0-4/exp_wastesorting_20260922_191741_127383.txt,e3ad0ff4943adff4acdd9f9618616f5f1f0dae444364c63eede925c9ad6c37db,ok,1,14,10,0.7978,30.0,GOAL DONE,0.2,100,,,,0.8,2026-09-22 19:17:41
1071,wastesorting,ours_what_only,02,28,3967846734,experiments_logs/analysis_recent/when_what_original_20260912/00_raw/wastesorting/scene_02_step50/when_what_ours_what_only_thres_0-8_rand_0-4/exp_wastesorting_20260922_191742_025173.txt,1b5723ab475f2ab9142847ca8f1a8bee786391773ee2ad5fead31ba18f563e82,ok,1,3,10,0.7538,30.0,GOAL DONE,0.2,100,,,,0.8,2026-09-22 19:17:42
1072,wastesorting,ours,02,28,3967846734,experiments_logs/analysis_recent/when_what_original_20260912/00_raw/wastesorting/scene_02_step50/when_what_ours_thres_0-8_rand_0-4/exp_wastesorting_20260922_191742_922742.txt,8a6e55897115421853cfdebd842fc1a39847fd48ea8961ceeee38b945570146f,ok,1,6,10,0.7511,30.0,GOAL DONE,0.2,100,,,,0.8,2026-09-22 19:17:42
1073,wastesorting,random,02,29,3571133342,experiments_logs/analysis_recent/when_what_original_20260912/00_raw/wastesorting/scene_02_step50/when_what_random_thres_0-8_rand_0-4/exp_wastesorting_20260922_191743_914042.txt,f3675394a82928c530601c710b68183dc633c9c06a398e87367f5d5550e3c6ac,ok,1,3,12,0.8362,30.0,GOAL DONE,0.2,100,,,,0.8,2026-09-22 19:17:43
1074,wastesorting,ours_when_only,02,29,3571133342,experiments_logs/analysis_recent/when_what_original_20260912/00_raw/wastesorting/scene_02_step50/when_what_ours_when_only_thres_0-8_rand_0-4/exp_wastesorting_20260922_191744_924005.txt,a2c333a001a8b697d441559a9fdda45aaa77b5ea54062d0d802dca5a0a27da00,ok,1,17,12,0.8656,30.0,GOAL DONE,0.2,100,,,,0.8,2026-09-22 19:17:44
1075,wastesorting,ours_what_only,02,29,3571133342,experiments_logs/analysis_recent/when_what_original_20260912/00_raw/wastesorting/scene_02_step50/when_what_ours_what_only_thres_0-8_rand_0-4/exp_wastesorting_20260922_191745_882385.txt,d19250ccd1dfcae0b209dd97adf74ad5789c4d4e2f6494dc97a7a2e5a2709c40,ok,1,3,12,0.8348,30.0,GOAL DONE,0.2,100,,,,0.8,2026-09-22 19:17:45
1076,wastesorting,ours,02,29,3571133342,experiments_logs/analysis_recent/when_what_original_20260912/00_raw/wastesorting/scene_02_step50/when_what_ours_thres_0-8_rand_0-4/exp_wastesorting_20260922_191746_848251.txt,ec3dd750bbe7ee6e8b41c611c7814d86cba0ed4484ec9b7340543b991401a3e4,ok,1,7,12,0.8219,30.0,GOAL DONE,0.2,100,,,,0.8,2026-09-22 19:17:46
1077,wastesorting,random,02,30,2514066646,experiments_logs/analysis_recent/when_what_original_20260912/00_raw/wastesorting/scene_02_step50/when_what_random_thres_0-8_rand_0-4/exp_wastesorting_20260922_191747_783188.txt,62a4678acb09dd3c8a1964b485e5c21a7913639365d119de3c4df97a71c3466b,ok,1,19,10,0.7893,30.0,GOAL DONE,0.2,100,,,,0.8,2026-09-22 19:17:47
1078,wastesorting,ours_when_only,02,30,2514066646,experiments_logs/analysis_recent/when_what_original_20260912/00_raw/wastesorting/scene_02_step50/when_what_ours_when_only_thres_0-8_rand_0-4/exp_wastesorting_20260922_191748_711030.txt,f28d7d0069e71da07910654e42ceecc4170bdbdcfed7e9164780a01fdc10ccf6,ok,1,18,10,0.7843,30.0,GOAL DONE,0.2,100,,,,0.8,2026-09-22 19:17:48
1079,wastesorting,ours_what_only,02,30,2514066646,experiments_logs/analysis_recent/when_what_original_20260912/00_raw/wastesorting/scene_02_step50/when_what_ours_what_only_thres_0-8_rand_0-4/exp_wastesorting_20260922_191749_599077.txt,fa0d6740f9d94e8c0f65e738b819df4c2f85336486d3e2246efabbbdfe7f92d1,ok,1,8,10,0.7399,30.0,GOAL DONE,0.2,100,,,,0.8,2026-09-22 19:17:49
1080,wastesorting,ours,02,30,2514066646,experiments_logs/analysis_recent/when_what_original_20260912/00_raw/wastesorting/scene_02_step50/when_what_ours_thres_0-8_rand_0-4/exp_wastesorting_20260922_191750_494500.txt,3e4d0d13c93b9b9f9208cc6d13f4922c81638d58109c64105eb555d9e5e99b1e,ok,1,5,10,0.7366,30.0,GOAL DONE,0.2,100,,,,0.8,2026-09-22 19:17:50
1081,wastesorting,random,02,31,511775352,experiments_logs/analysis_recent/when_what_original_20260912/00_raw/wastesorting/scene_02_step50/when_what_random_thres_0-8_rand_0-4/exp_wastesorting_20260922_191751_473489.txt,d0f84b8b8f910a3077e85674cf16db23bdfc39dd07b6e9f2d23131fdc10ded98,ok,1,7,12,0.8324,30.0,GOAL DONE,0.2,100,,,,0.8,2026-09-22 19:17:51
1082,wastesorting,ours_when_only,02,31,511775352,experiments_logs/analysis_recent/when_what_original_20260912/00_raw/wastesorting/scene_02_step50/when_what_ours_when_only_thres_0-8_rand_0-4/exp_wastesorting_20260922_191752_457601.txt,b40e818f8babce5d288afbdc687e4a0d6c0e3ad22befddfce7fb1a269355b441,ok,1,16,12,0.8581,30.0,GOAL DONE,0.2,100,,,,0.8,2026-09-22 19:17:52
1083,wastesorting,ours_what_only,02,31,511775352,experiments_logs/analysis_recent/when_what_original_20260912/00_raw/wastesorting/scene_02_step50/when_what_ours_what_only_thres_0-8_rand_0-4/exp_wastesorting_20260922_191753_393183.txt,1c36027d1be89a7af01b485a668459c1480a3297fc246dbadb3246b0966f43e3,ok,1,6,10,0.781,15.0,GOAL DONE,0.2,100,,,,0.8,2026-09-22 19:17:53
1084,wastesorting,ours,02,31,511775352,experiments_logs/analysis_recent/when_what_original_20260912/00_raw/wastesorting/scene_02_step50/when_what_ours_thres_0-8_rand_0-4/exp_wastesorting_20260922_191754_322911.txt,b5c1904f80bb965b7e924e69b3031bab0af7cdce2522a01694baac38040ce7b3,ok,1,6,10,0.7922,15.0,GOAL DONE,0.2,100,,,,0.8,2026-09-22 19:17:54
1085,wastesorting,random,02,32,2851719817,experiments_logs/analysis_recent/when_what_original_20260912/00_raw/wastesorting/scene_02_step50/when_what_random_thres_0-8_rand_0-4/exp_wastesorting_20260922_191755_342802.txt,17c4ae0a7028bc5ad1991a9541e5f35620aa7de3d72aac40a4446f0b1f80c9c3,ok,1,11,13,0.8715,30.0,GOAL DONE,0.2,100,,,,0.8,2026-09-22 19:17:55
1086,wastesorting,ours_when_only,02,32,2851719817,experiments_logs/analysis_recent/when_what_original_20260912/00_raw/wastesorting/scene_02_step50/when_what_ours_when_only_thres_0-8_rand_0-4/exp_wastesorting_20260922_191756_364609.txt,3bcdcb073aa368841ba1d9183fe4f422f388398ad8878c6e74adbffed0929e7a,ok,1,13,13,0.8714,30.0,GOAL DONE,0.2,100,,,,0.8,2026-09-22 19:17:56
1087,wastesorting,ours_what_only,02,32,2851719817,experiments_logs/analysis_recent/when_what_original_20260912/00_raw/wastesorting/scene_02_step50/when_what_ours_what_only_thres_0-8_rand_0-4/exp_wastesorting_20260922_191757_425959.txt,957c8f7be6f5fc6bc1744f140ba1e7f5eb217b5ff6167cd08e51ff12bab6e4ab,ok,1,8,13,0.9044,30.0,GOAL DONE,0.2,100,,,,0.8,2026-09-22 19:17:57
1088,wastesorting,ours,02,32,2851719817,experiments_logs/analysis_recent/when_what_original_20260912/00_raw/wastesorting/scene_02_step50/when_what_ours_thres_0-8_rand_0-4/exp_wastesorting_20260922_191758_577361.txt,76921f64c0b0d8363c3570cf3d545f7a8bddf9a3840995d1751261b1acf24801,ok,1,10,12,0.9798,15.0,GOAL DONE,0.2,100,,,,0.8,2026-09-22 19:17:58
1089,wastesorting,random,02,33,3536434647,experiments_logs/analysis_recent/when_what_original_20260912/00_raw/wastesorting/scene_02_step50/when_what_random_thres_0-8_rand_0-4/exp_wastesorting_20260922_191759_817285.txt,b4c3b7018ec15a42b87ad914be705e1753b29cb42357b6e3677fcd960491702f,ok,0,1,6,1.0751,5.0,PLAN FAILURE,0.2,100,,,,0.8,2026-09-22 19:17:59
1090,wastesorting,ours_when_only,02,33,3536434647,experiments_logs/analysis_recent/when_what_original_20260912/00_raw/wastesorting/scene_02_step50/when_what_ours_when_only_thres_0-8_rand_0-4/exp_wastesorting_20260922_191800_882402.txt,170148189bf7faa53af7499976879b0b809d85fe60f493e82375f7b7e200336d,ok,1,13,10,0.8757,30.0,GOAL DONE,0.2,100,,,,0.8,2026-09-22 19:18:00
1091,wastesorting,ours_what_only,02,33,3536434647,experiments_logs/analysis_recent/when_what_original_20260912/00_raw/wastesorting/scene_02_step50/when_what_ours_what_only_thres_0-8_rand_0-4/exp_wastesorting_20260922_191802_083023.txt,ae8ccef1f49d0f384ee041efd286317b680fc2625a0a4d054804aa793085bf16,ok,0,1,6,1.0337,5.0,PLAN FAILURE,0.2,100,,,,0.8,2026-09-22 19:18:02
1092,wastesorting,ours,02,33,3536434647,experiments_logs/analysis_recent/when_what_original_20260912/00_raw/wastesorting/scene_02_step50/when_what_ours_thres_0-8_rand_0-4/exp_wastesorting_20260922_191803_311097.txt,fe20ff08d87877d87f8ce65fc95c6f54ea0fb4855937bdf8efa63db6eb6ae59f,ok,1,9,11,1.0718,30.0,GOAL DONE,0.2,100,,,,0.8,2026-09-22 19:18:03
1093,wastesorting,random,02,34,922326914,experiments_logs/analysis_recent/when_what_original_20260912/00_raw/wastesorting/scene_02_step50/when_what_random_thres_0-8_rand_0-4/exp_wastesorting_20260922_191804_222805.txt,406d1dd0aaece7b7868e6c72ae933ea0db807fc2f357edd324a5411c59104aa8,ok,1,3,10,0.7549,30.0,GOAL DONE,0.2,100,,,,0.8,2026-09-22 19:18:04
1094,wastesorting,ours_when_only,02,34,922326914,experiments_logs/analysis_recent/when_what_original_20260912/00_raw/wastesorting/scene_02_step50/when_what_ours_when_only_thres_0-8_rand_0-4/exp_wastesorting_20260922_191805_168180.txt,adc572dbafe468ceb3154690d85e372e73a96bca7b983b0aed4991ea2794e712,ok,1,13,10,0.8056,30.0,GOAL DONE,0.2,100,,,,0.8,2026-09-22 19:18:05
1095,wastesorting,ours_what_only,02,34,922326914,experiments_logs/analysis_recent/when_what_original_20260912/00_raw/wastesorting/scene_02_step50/when_what_ours_what_only_thres_0-8_rand_0-4/exp_wastesorting_20260922_191806_100859.txt,8f7af58948bf4ffea535e18adce3abf7defa62165c3696ce5a0aedcc3d64fc18,ok,1,3,10,0.7856,30.0,GOAL DONE,0.2,100,,,,0.8,2026-09-22 19:18:06
1096,wastesorting,ours,02,34,922326914,experiments_logs/analysis_recent/when_what_original_20260912/00_raw/wastesorting/scene_02_step50/when_what_ours_thres_0-8_rand_0-4/exp_wastesorting_20260922_191807_004539.txt,ca8687174c68d21971d442c6fb8592c7e0ac953194d962eb5fd01b7a4fbf9b3c,ok,1,5,10,0.7545,30.0,GOAL DONE,0.2,100,,,,0.8,2026-09-22 19:18:07
1097,wastesorting,random,02,35,1473872963,experiments_logs/analysis_recent/when_what_original_20260912/00_raw/wastesorting/scene_02_step50/when_what_random_thres_0-8_rand_0-4/exp_wastesorting_20260922_191807_995392.txt,15d92802605420490267d74f2498a9ca78b08c1f87d6c8909f099873e073b34c,ok,1,19,11,0.847,30.0,GOAL DONE,0.2,100,,,,0.8,2026-09-22 19:18:07
1098,wastesorting,ours_when_only,02,35,1473872963,experiments_logs/analysis_recent/when_what_original_20260912/00_raw/wastesorting/scene_02_step50/when_what_ours_when_only_thres_0-8_rand_0-4/exp_wastesorting_20260922_191808_970009.txt,8d90d649bcb48a8e59ca458a31bd2c646abd92a815727a10d20e31a33412b730,ok,1,16,11,0.8195,30.0,GOAL DONE,0.2,100,,,,0.8,2026-09-22 19:18:08
1099,wastesorting,ours_what_only,02,35,1473872963,experiments_logs/analysis_recent/when_what_original_20260912/00_raw/wastesorting/scene_02_step50/when_what_ours_what_only_thres_0-8_rand_0-4/exp_wastesorting_20260922_191809_958929.txt,50cdff092d9ff9d6fe54b6c2e0e29a62c5383aa5c4036704bf96197263d212b0,ok,1,10,10,0.8446,15.0,GOAL DONE,0.2,100,,,,0.8,2026-09-22 19:18:09
1100,wastesorting,ours,02,35,1473872963,experiments_logs/analysis_recent/when_what_original_20260912/00_raw/wastesorting/scene_02_step50/when_what_ours_thres_0-8_rand_0-4/exp_wastesorting_20260922_191810_904043.txt,bc60d8df9322645e6db532771106253b03ec557a1f327afbe9621f8f7ae5a685,ok,1,8,10,0.798,15.0,GOAL DONE,0.2,100,,,,0.8,2026-09-22 19:18:10
1101,wastesorting,random,02,36,1885453268,experiments_logs/analysis_recent/when_what_original_20260912/00_raw/wastesorting/scene_02_step50/when_what_random_thres_0-8_rand_0-4/exp_wastesorting_20260922_191811_810982.txt,ad37167636e4fe5a099c6084bc8d86cfd6ffc47f643e750bc6ee9f1e22935b06,ok,1,11,10,0.7802,30.0,GOAL DONE,0.2,100,,,,0.8,2026-09-22 19:18:11
1102,wastesorting,ours_when_only,02,36,1885453268,experiments_logs/analysis_recent/when_what_original_20260912/00_raw/wastesorting/scene_02_step50/when_what_ours_when_only_thres_0-8_rand_0-4/exp_wastesorting_20260922_191812_805755.txt,ae0caf556792bcc7963bf4abd3036696199454bc3816b4bba3d6dcb249f22ab1,ok,1,12,10,0.8449,30.0,GOAL DONE,0.2,100,,,,0.8,2026-09-22 19:18:12
1103,wastesorting,ours_what_only,02,36,1885453268,experiments_logs/analysis_recent/when_what_original_20260912/00_raw/wastesorting/scene_02_step50/when_what_ours_what_only_thres_0-8_rand_0-4/exp_wastesorting_20260922_191813_779254.txt,7d371ed107b0d874728ffaf3e1e6f86b66a6713331cb512b9b185024e986878a,ok,1,8,10,0.8197,30.0,GOAL DONE,0.2,100,,,,0.8,2026-09-22 19:18:13
1104,wastesorting,ours,02,36,1885453268,experiments_logs/analysis_recent/when_what_original_20260912/00_raw/wastesorting/scene_02_step50/when_what_ours_thres_0-8_rand_0-4/exp_wastesorting_20260922_191814_719889.txt,e08684f62171b7088d35367931b2f80659af314cbf9cee4d9f4fe8e4f80594b9,ok,1,7,10,0.7898,30.0,GOAL DONE,0.2,100,,,,0.8,2026-09-22 19:18:14
1105,wastesorting,random,02,37,3482937890,experiments_logs/analysis_recent/when_what_original_20260912/00_raw/wastesorting/scene_02_step50/when_what_random_thres_0-8_rand_0-4/exp_wastesorting_20260922_191815_763346.txt,14daa37d4ad039c5d2ff6ab707bd73365ce572acf257f05c55bbe8f7ed0d1c5a,ok,1,8,14,0.8939,30.0,GOAL DONE,0.2,100,,,,0.8,2026-09-22 19:18:15
1106,wastesorting,ours_when_only,02,37,3482937890,experiments_logs/analysis_recent/when_what_original_20260912/00_raw/wastesorting/scene_02_step50/when_what_ours_when_only_thres_0-8_rand_0-4/exp_wastesorting_20260922_191816_845169.txt,e436151a2374eed8fd8397b6a84765102698f78721b2733b33576ad48a41bcff,ok,1,20,14,0.9335,30.0,GOAL DONE,0.2,100,,,,0.8,2026-09-22 19:18:16
1107,wastesorting,ours_what_only,02,37,3482937890,experiments_logs/analysis_recent/when_what_original_20260912/00_raw/wastesorting/scene_02_step50/when_what_ours_what_only_thres_0-8_rand_0-4/exp_wastesorting_20260922_191817_920454.txt,73c2f22dce69f2d97effe6857c6dee5d1522de7ea64df179c027c6d4696b4ee8,ok,1,6,14,0.9233,30.0,GOAL DONE,0.2,100,,,,0.8,2026-09-22 19:18:17
1108,wastesorting,ours,02,37,3482937890,experiments_logs/analysis_recent/when_what_original_20260912/00_raw/wastesorting/scene_02_step50/when_what_ours_thres_0-8_rand_0-4/exp_wastesorting_20260922_191818_877276.txt,a1e1b63d5b90872e0f94385b4b7536dc21462e5cd1f9f335e0a39a956afd8658,ok,1,7,10,0.8033,10.0,GOAL DONE,0.2,100,,,,0.8,2026-09-22 19:18:18
1109,wastesorting,random,02,38,2328635802,experiments_logs/analysis_recent/when_what_original_20260912/00_raw/wastesorting/scene_02_step50/when_what_random_thres_0-8_rand_0-4/exp_wastesorting_20260922_191819_575448.txt,ffe9eff8d29453fde3137fd1d184fe919ecc36d280ff56af493306bda654f939,ok,0,1,3,0.5481,0.0,PLAN FAILURE,0.2,100,,,,0.8,2026-09-22 19:18:19
1110,wastesorting,ours_when_only,02,38,2328635802,experiments_logs/analysis_recent/when_what_original_20260912/00_raw/wastesorting/scene_02_step50/when_what_ours_when_only_thres_0-8_rand_0-4/exp_wastesorting_20260922_191820_507011.txt,ed7fb05ef10c9ab0a25164d0b3ae07abb104eb2700119bc29fb89f24d96ea3dd,ok,1,16,10,0.7819,30.0,GOAL DONE,0.2,100,,,,0.8,2026-09-22 19:18:20
1111,wastesorting,ours_what_only,02,38,2328635802,experiments_logs/analysis_recent/when_what_original_20260912/00_raw/wastesorting/scene_02_step50/when_what_ours_what_only_thres_0-8_rand_0-4/exp_wastesorting_20260922_191821_222165.txt,fb2ca042b3408189bdae71ceccfe65764af06cf2b1865c563c05ce0d94a28925,ok,0,1,3,0.5622,0.0,PLAN FAILURE,0.2,100,,,,0.8,2026-09-22 19:18:21
1112,wastesorting,ours,02,38,2328635802,experiments_logs/analysis_recent/when_what_original_20260912/00_raw/wastesorting/scene_02_step50/when_what_ours_thres_0-8_rand_0-4/exp_wastesorting_20260922_191822_128910.txt,831d9570bf6ceda264b6e68be433b3ad66966ae09ac2f27af3225b2ef571cf97,ok,1,7,10,0.7573,30.0,GOAL DONE,0.2,100,,,,0.8,2026-09-22 19:18:22
1113,wastesorting,random,02,39,1486903773,experiments_logs/analysis_recent/when_what_original_20260912/00_raw/wastesorting/scene_02_step50/when_what_random_thres_0-8_rand_0-4/exp_wastesorting_20260922_191823_053016.txt,7394e500a76157b29e39fc9f7d5a2af3b028001b0795bd130d4586b53a0ce910,ok,1,4,11,0.7658,30.0,GOAL DONE,0.2,100,,,,0.8,2026-09-22 19:18:23
1114,wastesorting,ours_when_only,02,39,1486903773,experiments_logs/analysis_recent/when_what_original_20260912/00_raw/wastesorting/scene_02_step50/when_what_ours_when_only_thres_0-8_rand_0-4/exp_wastesorting_20260922_191824_029901.txt,478a03181180961b5dd59b1633ce0a6027fe9018074b47a3a443ddc19d0b12ea,ok,1,12,11,0.8262,30.0,GOAL DONE,0.2,100,,,,0.8,2026-09-22 19:18:24
1115,wastesorting,ours_what_only,02,39,1486903773,experiments_logs/analysis_recent/when_what_original_20260912/00_raw/wastesorting/scene_02_step50/when_what_ours_what_only_thres_0-8_rand_0-4/exp_wastesorting_20260922_191824_948920.txt,526c298a5b330469c0a1a3ec31c79160d54bd808227e5f3ee8f53eeef084be6e,ok,1,4,11,0.7984,30.0,GOAL DONE,0.2,100,,,,0.8,2026-09-22 19:18:24
1116,wastesorting,ours,02,39,1486903773,experiments_logs/analysis_recent/when_what_original_20260912/00_raw/wastesorting/scene_02_step50/when_what_ours_thres_0-8_rand_0-4/exp_wastesorting_20260922_191825_875607.txt,f3c2a77da5e43450291e84491ddbe3b9e0e69ba4e69465ff0ee212c69f26f5c9,ok,1,6,10,0.776,15.0,GOAL DONE,0.2,100,,,,0.8,2026-09-22 19:18:25
1117,wastesorting,random,02,40,4011128609,experiments_logs/analysis_recent/when_what_original_20260912/00_raw/wastesorting/scene_02_step50/when_what_random_thres_0-8_rand_0-4/exp_wastesorting_20260922_191826_781899.txt,f1ab4b1a0a3a9c7a9c7f0ca171aa6f7e7b342d9407725da0154c26dc6d9004ce,ok,0,4,10,0.7605,10.0,PLAN FAILURE,0.2,100,,,,0.8,2026-09-22 19:18:26
1118,wastesorting,ours_when_only,02,40,4011128609,experiments_logs/analysis_recent/when_what_original_20260912/00_raw/wastesorting/scene_02_step50/when_what_ours_when_only_thres_0-8_rand_0-4/exp_wastesorting_20260922_191827_737177.txt,c2945df07176334685d1340e5a3d81598fdb81b71ced11e6295c2f7c0866788f,ok,1,17,11,0.8036,15.0,GOAL DONE,0.2,100,,,,0.8,2026-09-22 19:18:27
1119,wastesorting,ours_what_only,02,40,4011128609,experiments_logs/analysis_recent/when_what_original_20260912/00_raw/wastesorting/scene_02_step50/when_what_ours_what_only_thres_0-8_rand_0-4/exp_wastesorting_20260922_191828_655619.txt,4b7f8b17b9dd1fc39b982f671d97875026ba8bf180361fcc058faf508eaebc04,ok,0,4,10,0.7721,10.0,PLAN FAILURE,0.2,100,,,,0.8,2026-09-22 19:18:28
1120,wastesorting,ours,02,40,4011128609,experiments_logs/analysis_recent/when_what_original_20260912/00_raw/wastesorting/scene_02_step50/when_what_ours_thres_0-8_rand_0-4/exp_wastesorting_20260922_191829_597414.txt,6cb93a95c3b90980fcb65c10706dbcb725e245d2bdfa744d361be6e11df654b1,ok,1,7,10,0.8006,15.0,GOAL DONE,0.2,100,,,,0.8,2026-09-22 19:18:29
1121,wastesorting,random,03,1,2430890336,experiments_logs/analysis_recent/when_what_original_20260912/00_raw/wastesorting/scene_03_step50/when_what_random_thres_0-8_rand_0-4/exp_wastesorting_20260922_191830_635729.txt,b931f2720b060b00451b6b7baabea571fe70b8651637ccaeb43c389f20e3eba9,ok,1,15,12,0.8933,30.0,GOAL DONE,0.2,100,,,,0.8,2026-09-22 19:18:30
1122,wastesorting,ours_when_only,03,1,2430890336,experiments_logs/analysis_recent/when_what_original_20260912/00_raw/wastesorting/scene_03_step50/when_what_ours_when_only_thres_0-8_rand_0-4/exp_wastesorting_20260922_191831_675180.txt,9a0859bebe028b60a99ebd1478f08457809b5b03e1c6e0dbb41903f89b2fbdda,ok,1,18,12,0.8961,30.0,GOAL DONE,0.2,100,,,,0.8,2026-09-22 19:18:31
1123,wastesorting,ours_what_only,03,1,2430890336,experiments_logs/analysis_recent/when_what_original_20260912/00_raw/wastesorting/scene_03_step50/when_what_ours_what_only_thres_0-8_rand_0-4/exp_wastesorting_20260922_191832_702198.txt,f9f3b2a746457c96502ac76f43599cab90e51f478bb76beb0f4178918edd0f93,ok,1,7,12,0.877,30.0,GOAL DONE,0.2,100,,,,0.8,2026-09-22 19:18:32
1124,wastesorting,ours,03,1,2430890336,experiments_logs/analysis_recent/when_what_original_20260912/00_raw/wastesorting/scene_03_step50/when_what_ours_thres_0-8_rand_0-4/exp_wastesorting_20260922_191833_746203.txt,2687e241122dbe363a7e298b7c4b1d275013db0bb4b76a8158d62f3ef1bf44b6,ok,1,7,12,0.897,30.0,GOAL DONE,0.2,100,,,,0.8,2026-09-22 19:18:33
1125,wastesorting,random,03,2,1847937815,experiments_logs/analysis_recent/when_what_original_20260912/00_raw/wastesorting/scene_03_step50/when_what_random_thres_0-8_rand_0-4/exp_wastesorting_20260922_191834_666142.txt,d1fef26004e8758d163de3d1e53997188208c605deb8eabc284751b6ab75912f,ok,1,10,10,0.7785,30.0,GOAL DONE,0.2,100,,,,0.8,2026-09-22 19:18:34
1126,wastesorting,ours_when_only,03,2,1847937815,experiments_logs/analysis_recent/when_what_original_20260912/00_raw/wastesorting/scene_03_step50/when_what_ours_when_only_thres_0-8_rand_0-4/exp_wastesorting_20260922_191835_610449.txt,d1a532d63d6b734e920aaa761a63e5f15ea800f1e9f061aeef97c97513f3bff5,ok,1,10,10,0.7819,30.0,GOAL DONE,0.2,100,,,,0.8,2026-09-22 19:18:35
1127,wastesorting,ours_what_only,03,2,1847937815,experiments_logs/analysis_recent/when_what_original_20260912/00_raw/wastesorting/scene_03_step50/when_what_ours_what_only_thres_0-8_rand_0-4/exp_wastesorting_20260922_191836_534864.txt,c42f57070bd6ca8983e8d18fec63cb51dc6fd8c418731c782f03925079bc326f,ok,1,9,10,0.7766,30.0,GOAL DONE,0.2,100,,,,0.8,2026-09-22 19:18:36
1128,wastesorting,ours,03,2,1847937815,experiments_logs/analysis_recent/when_what_original_20260912/00_raw/wastesorting/scene_03_step50/when_what_ours_thres_0-8_rand_0-4/exp_wastesorting_20260922_191837_465980.txt,168cd31e07d914603f84868ec5ca7d2bc42ba968d8760eb5e3f592a3652a4fad,ok,1,8,10,0.7801,30.0,GOAL DONE,0.2,100,,,,0.8,2026-09-22 19:18:37
1129,wastesorting,random,03,3,2586312657,experiments_logs/analysis_recent/when_what_original_20260912/00_raw/wastesorting/scene_03_step50/when_what_random_thres_0-8_rand_0-4/exp_wastesorting_20260922_191838_481161.txt,b644208c3169012c805b60f2f2d35a231349d8adba848b263755b1fb00899dbf,ok,1,12,12,0.8669,30.0,GOAL DONE,0.2,100,,,,0.8,2026-09-22 19:18:38
1130,wastesorting,ours_when_only,03,3,2586312657,experiments_logs/analysis_recent/when_what_original_20260912/00_raw/wastesorting/scene_03_step50/when_what_ours_when_only_thres_0-8_rand_0-4/exp_wastesorting_20260922_191839_461485.txt,0a7dd851b60282bb32335c4707b6721d84c2bb5c66aa00f9d6ee71c8118f83e4,ok,1,10,12,0.8324,30.0,GOAL DONE,0.2,100,,,,0.8,2026-09-22 19:18:39
1131,wastesorting,ours_what_only,03,3,2586312657,experiments_logs/analysis_recent/when_what_original_20260912/00_raw/wastesorting/scene_03_step50/when_what_ours_what_only_thres_0-8_rand_0-4/exp_wastesorting_20260922_191840_481189.txt,f4edb32fc6a83e617d6dcfcb3df8ed1a4e6503725a89eeac267e4a08eafbf1ed,ok,1,13,11,0.874,15.0,GOAL DONE,0.2,100,,,,0.8,2026-09-22 19:18:40
1132,wastesorting,ours,03,3,2586312657,experiments_logs/analysis_recent/when_what_original_20260912/00_raw/wastesorting/scene_03_step50/when_what_ours_thres_0-8_rand_0-4/exp_wastesorting_20260922_191841_480436.txt,33cccdf67f085087da393e62ebc9a5606ac1e3f99f3b6dda6a471a006b033de0,ok,1,12,11,0.8468,15.0,GOAL DONE,0.2,100,,,,0.8,2026-09-22 19:18:41
1133,wastesorting,random,03,4,994955588,experiments_logs/analysis_recent/when_what_original_20260912/00_raw/wastesorting/scene_03_step50/when_what_random_thres_0-8_rand_0-4/exp_wastesorting_20260922_191842_454472.txt,218e389b38fc027c5923d46db306b0386c7132013c783edca1f50b4225a867dc,ok,1,3,11,0.8269,30.0,GOAL DONE,0.2,100,,,,0.8,2026-09-22 19:18:42
1134,wastesorting,ours_when_only,03,4,994955588,experiments_logs/analysis_recent/when_what_original_20260912/00_raw/wastesorting/scene_03_step50/when_what_ours_when_only_thres_0-8_rand_0-4/exp_wastesorting_20260922_191843_423367.txt,14186cd7b2736d56e1b90297eead7eef64ca5dd8da2e0ea4a2df53403fc10597,ok,1,16,11,0.8218,30.0,GOAL DONE,0.2,100,,,,0.8,2026-09-22 19:18:43
1135,wastesorting,ours_what_only,03,4,994955588,experiments_logs/analysis_recent/when_what_original_20260912/00_raw/wastesorting/scene_03_step50/when_what_ours_what_only_thres_0-8_rand_0-4/exp_wastesorting_20260922_191844_390185.txt,0bb21805fe3d838fd58add5bccbd6e5cbec16c03d05e9e84720cf752b5ba8cb7,ok,1,3,11,0.7933,30.0,GOAL DONE,0.2,100,,,,0.8,2026-09-22 19:18:44
1136,wastesorting,ours,03,4,994955588,experiments_logs/analysis_recent/when_what_original_20260912/00_raw/wastesorting/scene_03_step50/when_what_ours_thres_0-8_rand_0-4/exp_wastesorting_20260922_191845_369485.txt,970c4388d6ad35a8ee9da2c64fd56f4a62a0c9ff263d80871f7a6cfdd2c65c28,ok,1,8,11,0.8269,30.0,GOAL DONE,0.2,100,,,,0.8,2026-09-22 19:18:45
1137,wastesorting,random,03,5,2659350391,experiments_logs/analysis_recent/when_what_original_20260912/00_raw/wastesorting/scene_03_step50/when_what_random_thres_0-8_rand_0-4/exp_wastesorting_20260922_191846_346974.txt,e6a5e2844baa6d99c09ea66687be192229980d9ee979494f9bf7a2e73b1ca51e,ok,1,19,10,0.815,30.0,GOAL DONE,0.2,100,,,,0.8,2026-09-22 19:18:46
1138,wastesorting,ours_when_only,03,5,2659350391,experiments_logs/analysis_recent/when_what_original_20260912/00_raw/wastesorting/scene_03_step50/when_what_ours_when_only_thres_0-8_rand_0-4/exp_wastesorting_20260922_191847_297440.txt,7e048170dc3fc3e094ecc76776d902d62f7f0c43357a3a6c38b3f128e3f5a4fa,ok,1,14,10,0.7993,30.0,GOAL DONE,0.2,100,,,,0.8,2026-09-22 19:18:47
1139,wastesorting,ours_what_only,03,5,2659350391,experiments_logs/analysis_recent/when_what_original_20260912/00_raw/wastesorting/scene_03_step50/when_what_ours_what_only_thres_0-8_rand_0-4/exp_wastesorting_20260922_191848_229377.txt,760c35f61f799456007c85982486bb992c9b65daeb68441ccefcd2ffa9b72386,ok,1,11,10,0.7869,30.0,GOAL DONE,0.2,100,,,,0.8,2026-09-22 19:18:48
1140,wastesorting,ours,03,5,2659350391,experiments_logs/analysis_recent/when_what_original_20260912/00_raw/wastesorting/scene_03_step50/when_what_ours_thres_0-8_rand_0-4/exp_wastesorting_20260922_191849_192110.txt,691cec4ef9564e7c77bf871e4a890ed4fdbb6b154b0445c213e338871eb457c2,ok,1,8,10,0.8113,30.0,GOAL DONE,0.2,100,,,,0.8,2026-09-22 19:18:49
1141,wastesorting,random,03,6,1207283810,experiments_logs/analysis_recent/when_what_original_20260912/00_raw/wastesorting/scene_03_step50/when_what_random_thres_0-8_rand_0-4/exp_wastesorting_20260922_191850_125077.txt,185263012cfea40e9c4b22e7cb25fb96f4db1c5e2332a80e2f724a6428dedbce,ok,1,5,10,0.7851,30.0,GOAL DONE,0.2,100,,,,0.8,2026-09-22 19:18:50
1142,wastesorting,ours_when_only,03,6,1207283810,experiments_logs/analysis_recent/when_what_original_20260912/00_raw/wastesorting/scene_03_step50/when_what_ours_when_only_thres_0-8_rand_0-4/exp_wastesorting_20260922_191851_077067.txt,10f1f5dd6a0ac587addc51cd957967cb1ee5aeeb417db817f79589e362fdea36,ok,1,18,10,0.8034,30.0,GOAL DONE,0.2,100,,,,0.8,2026-09-22 19:18:51
1143,wastesorting,ours_what_only,03,6,1207283810,experiments_logs/analysis_recent/when_what_original_20260912/00_raw/wastesorting/scene_03_step50/when_what_ours_what_only_thres_0-8_rand_0-4/exp_wastesorting_20260922_191851_951941.txt,c0ef82810550940e558c7894044f75a386dfa2886b918cc6e71394d89c859d49,ok,1,3,10,0.7557,30.0,GOAL DONE,0.2,100,,,,0.8,2026-09-22 19:18:51
1144,wastesorting,ours,03,6,1207283810,experiments_logs/analysis_recent/when_what_original_20260912/00_raw/wastesorting/scene_03_step50/when_what_ours_thres_0-8_rand_0-4/exp_wastesorting_20260922_191852_902524.txt,ca88273c50e144bfccbf2503ac81ab34e603dc6ae6fc03e339ba2f4e7d5ea110,ok,1,5,10,0.7998,30.0,GOAL DONE,0.2,100,,,,0.8,2026-09-22 19:18:52
1145,wastesorting,random,03,7,1181928726,experiments_logs/analysis_recent/when_what_original_20260912/00_raw/wastesorting/scene_03_step50/when_what_random_thres_0-8_rand_0-4/exp_wastesorting_20260922_191853_668534.txt,7eb84cb068bf2ce0363f3782d735e7b9a02ab5a61b97a128148a744057e24af9,ok,0,1,5,0.6129,5.0,PLAN FAILURE,0.2,100,,,,0.8,2026-09-22 19:18:53
1146,wastesorting,ours_when_only,03,7,1181928726,experiments_logs/analysis_recent/when_what_original_20260912/00_raw/wastesorting/scene_03_step50/when_what_ours_when_only_thres_0-8_rand_0-4/exp_wastesorting_20260922_191854_595873.txt,de10b7744467610ac9c271c682d0000936ca0364fdb7adc786ce34359f7daf84,ok,1,18,10,0.7821,30.0,GOAL DONE,0.2,100,,,,0.8,2026-09-22 19:18:54
1147,wastesorting,ours_what_only,03,7,1181928726,experiments_logs/analysis_recent/when_what_original_20260912/00_raw/wastesorting/scene_03_step50/when_what_ours_what_only_thres_0-8_rand_0-4/exp_wastesorting_20260922_191855_345222.txt,85bfb54022a20d268476e41db88f986e746b2d8714a8d16e1e091c7798c4584b,ok,0,1,5,0.6081,5.0,PLAN FAILURE,0.2,100,,,,0.8,2026-09-22 19:18:55
1148,wastesorting,ours,03,7,1181928726,experiments_logs/analysis_recent/when_what_original_20260912/00_raw/wastesorting/scene_03_step50/when_what_ours_thres_0-8_rand_0-4/exp_wastesorting_20260922_191856_270111.txt,e6983ff50869210bd22a3118fbb52aea25f9d920df975e084da154fae6d9b577,ok,1,7,10,0.7801,30.0,GOAL DONE,0.2,100,,,,0.8,2026-09-22 19:18:56
1149,wastesorting,random,03,8,975284279,experiments_logs/analysis_recent/when_what_original_20260912/00_raw/wastesorting/scene_03_step50/when_what_random_thres_0-8_rand_0-4/exp_wastesorting_20260922_191857_244603.txt,3927bf023a1fb43a5addb0edb4c61de258a989a5602bafc2df61c14924e98284,ok,1,19,11,0.8269,15.0,GOAL DONE,0.2,100,,,,0.8,2026-09-22 19:18:57
1150,wastesorting,ours_when_only,03,8,975284279,experiments_logs/analysis_recent/when_what_original_20260912/00_raw/wastesorting/scene_03_step50/when_what_ours_when_only_thres_0-8_rand_0-4/exp_wastesorting_20260922_191858_178345.txt,b2f776e6020d6b9bd29b8ab97c62681074bb5086dd74203a9036b12f919db076,ok,1,16,11,0.786,30.0,GOAL DONE,0.2,100,,,,0.8,2026-09-22 19:18:58
1151,wastesorting,ours_what_only,03,8,975284279,experiments_logs/analysis_recent/when_what_original_20260912/00_raw/wastesorting/scene_03_step50/when_what_ours_what_only_thres_0-8_rand_0-4/exp_wastesorting_20260922_191859_132739.txt,1f9c3702adf7f475cb0ad449064465d4b4f98fca3da731907551bb561f4f9894,ok,1,9,10,0.7972,10.0,GOAL DONE,0.2,100,,,,0.8,2026-09-22 19:18:59
1152,wastesorting,ours,03,8,975284279,experiments_logs/analysis_recent/when_what_original_20260912/00_raw/wastesorting/scene_03_step50/when_what_ours_thres_0-8_rand_0-4/exp_wastesorting_20260922_191900_062922.txt,4c89506ccd718e9e8a1cd29a76e2d49d1c32304450ae7a005ddd5dbe66890ed2,ok,1,7,10,0.7813,10.0,GOAL DONE,0.2,100,,,,0.8,2026-09-22 19:19:00
1153,wastesorting,random,03,9,625038827,experiments_logs/analysis_recent/when_what_original_20260912/00_raw/wastesorting/scene_03_step50/when_what_random_thres_0-8_rand_0-4/exp_wastesorting_20260922_191900_980768.txt,49ae68af33ad20962230a94c78ed94677b06e999ad5938ca772bf2321820f4b6,ok,1,12,10,0.7665,30.0,GOAL DONE,0.2,100,,,,0.8,2026-09-22 19:19:00
1154,wastesorting,ours_when_only,03,9,625038827,experiments_logs/analysis_recent/when_what_original_20260912/00_raw/wastesorting/scene_03_step50/when_what_ours_when_only_thres_0-8_rand_0-4/exp_wastesorting_20260922_191901_885616.txt,4c0cd8188e12ca1113e4676b2d7635ed78f5a929821924fe169b1e4cbff746e3,ok,1,13,10,0.7453,30.0,GOAL DONE,0.2,100,,,,0.8,2026-09-22 19:19:01
1155,wastesorting,ours_what_only,03,9,625038827,experiments_logs/analysis_recent/when_what_original_20260912/00_raw/wastesorting/scene_03_step50/when_what_ours_what_only_thres_0-8_rand_0-4/exp_wastesorting_20260922_191902_792279.txt,2237d53aef11cf9fa0769122358a11131fc08b041d0e59664e422779cf6c3e34,ok,1,6,10,0.7588,30.0,GOAL DONE,0.2,100,,,,0.8,2026-09-22 19:19:02
1156,wastesorting,ours,03,9,625038827,experiments_logs/analysis_recent/when_what_original_20260912/00_raw/wastesorting/scene_03_step50/when_what_ours_thres_0-8_rand_0-4/exp_wastesorting_20260922_191903_696828.txt,146f71b9c482eda76dc099b5502829c38ac320003d7f5db6d6738b05dfcf40cf,ok,1,5,10,0.7584,30.0,GOAL DONE,0.2,100,,,,0.8,2026-09-22 19:19:03
1157,wastesorting,random,03,10,1098540104,experiments_logs/analysis_recent/when_what_original_20260912/00_raw/wastesorting/scene_03_step50/when_what_random_thres_0-8_rand_0-4/exp_wastesorting_20260922_191904_453567.txt,41e33d80422bb2fe25f492d772871852434390bfd62fbd363570acd3999b4ed9,ok,0,0,5,0.6081,5.0,PLAN FAILURE,0.2,100,,,,0.8,2026-09-22 19:19:04
1158,wastesorting,ours_when_only,03,10,1098540104,experiments_logs/analysis_recent/when_what_original_20260912/00_raw/wastesorting/scene_03_step50/when_what_ours_when_only_thres_0-8_rand_0-4/exp_wastesorting_20260922_191905_402303.txt,9925c71a31d650008489700dcbe3f8ffbab643690fec415b75260ad921632898,ok,1,14,10,0.7987,30.0,GOAL DONE,0.2,100,,,,0.8,2026-09-22 19:19:05
1159,wastesorting,ours_what_only,03,10,1098540104,experiments_logs/analysis_recent/when_what_original_20260912/00_raw/wastesorting/scene_03_step50/when_what_ours_what_only_thres_0-8_rand_0-4/exp_wastesorting_20260922_191906_173673.txt,211ce71f77769e4611cb5c3df3cf7c875a76a2c0d2a1a25e199c28aeeb355fa0,ok,0,0,5,0.6198,5.0,PLAN FAILURE,0.2,100,,,,0.8,2026-09-22 19:19:06
1160,wastesorting,ours,03,10,1098540104,experiments_logs/analysis_recent/when_what_original_20260912/00_raw/wastesorting/scene_03_step50/when_what_ours_thres_0-8_rand_0-4/exp_wastesorting_20260922_191907_083165.txt,8bfdeccf471b93589330896a7c0d455a2cfe168eb17bbd3bf76fc5e8ffb10993,ok,1,8,10,0.7651,30.0,GOAL DONE,0.2,100,,,,0.8,2026-09-22 19:19:07
1161,wastesorting,random,03,11,140708523,experiments_logs/analysis_recent/when_what_original_20260912/00_raw/wastesorting/scene_03_step50/when_what_random_thres_0-8_rand_0-4/exp_wastesorting_20260922_191908_048113.txt,bcbe3ff771b5ab3b9661a97b7b5637154cc7a440571655b89bffc611de89525e,ok,1,17,12,0.8095,30.0,GOAL DONE,0.2,100,,,,0.8,2026-09-22 19:19:08
1162,wastesorting,ours_when_only,03,11,140708523,experiments_logs/analysis_recent/when_what_original_20260912/00_raw/wastesorting/scene_03_step50/when_what_ours_when_only_thres_0-8_rand_0-4/exp_wastesorting_20260922_191908_991767.txt,33f1f19c9aa7e85cdcc94f6a6f2c90871ba1bbc481579963b145413b11bdbbde,ok,1,14,12,0.7947,30.0,GOAL DONE,0.2,100,,,,0.8,2026-09-22 19:19:08
1163,wastesorting,ours_what_only,03,11,140708523,experiments_logs/analysis_recent/when_what_original_20260912/00_raw/wastesorting/scene_03_step50/when_what_ours_what_only_thres_0-8_rand_0-4/exp_wastesorting_20260922_191909_970463.txt,fc9aa6effde31c3b84b1a0a8555a1e1cf58b78bae882bef71e5de8e40afda666,ok,1,12,12,0.8259,15.0,GOAL DONE,0.2,100,,,,0.8,2026-09-22 19:19:09
1164,wastesorting,ours,03,11,140708523,experiments_logs/analysis_recent/when_what_original_20260912/00_raw/wastesorting/scene_03_step50/when_what_ours_thres_0-8_rand_0-4/exp_wastesorting_20260922_191910_860011.txt,cc8aa10abf6bb91ef56bf6c4560ac95514f1d220c610e0260a09e28638a3a5b6,ok,1,9,10,0.7385,15.0,GOAL DONE,0.2,100,,,,0.8,2026-09-22 19:19:10
1165,wastesorting,random,03,12,611755179,experiments_logs/analysis_recent/when_what_original_20260912/00_raw/wastesorting/scene_03_step50/when_what_random_thres_0-8_rand_0-4/exp_wastesorting_20260922_191911_926698.txt,3877ce2ad5dfc04062ccf15401707ce1bd6c58f6d07f67465dfd35b59fe761b4,ok,1,8,13,0.9184,15.0,GOAL DONE,0.2,100,,,,0.8,2026-09-22 19:19:11
1166,wastesorting,ours_when_only,03,12,611755179,experiments_logs/analysis_recent/when_what_original_20260912/00_raw/wastesorting/scene_03_step50/when_what_ours_when_only_thres_0-8_rand_0-4/exp_wastesorting_20260922_191912_836576.txt,1c1ad962e9e111ec85eb06cdb125ff8e066e5061b8f04d6ec8b25d4fbd6771f5,ok,1,10,10,0.7647,10.0,GOAL DONE,0.2,100,,,,0.8,2026-09-22 19:19:12
1167,wastesorting,ours_what_only,03,12,611755179,experiments_logs/analysis_recent/when_what_original_20260912/00_raw/wastesorting/scene_03_step50/when_what_ours_what_only_thres_0-8_rand_0-4/exp_wastesorting_20260922_191913_922519.txt,202fe417082048801405fc5186e0435b2249bcc0bedef00a8dbef8175a015092,ok,1,6,13,0.9364,15.0,GOAL DONE,0.2,100,,,,0.8,2026-09-22 19:19:13
1168,wastesorting,ours,03,12,611755179,experiments_logs/analysis_recent/when_what_original_20260912/00_raw/wastesorting/scene_03_step50/when_what_ours_thres_0-8_rand_0-4/exp_wastesorting_20260922_191915_006235.txt,41c506a26ea16778d1ccd9febb909cc5c10c6cc68e55f19d2d7a577820330818,ok,1,10,13,0.9343,15.0,GOAL DONE,0.2,100,,,,0.8,2026-09-22 19:19:15
1169,wastesorting,random,03,13,278036014,experiments_logs/analysis_recent/when_what_original_20260912/00_raw/wastesorting/scene_03_step50/when_what_random_thres_0-8_rand_0-4/exp_wastesorting_20260922_191915_940080.txt,ccea24d8453282717f5ccaa9f4771464e52140cc37a6ae89e86fb934ed35a029,ok,1,2,10,0.8113,30.0,GOAL DONE,0.2,100,,,,0.8,2026-09-22 19:19:15
1170,wastesorting,ours_when_only,03,13,278036014,experiments_logs/analysis_recent/when_what_original_20260912/00_raw/wastesorting/scene_03_step50/when_what_ours_when_only_thres_0-8_rand_0-4/exp_wastesorting_20260922_191916_898136.txt,bd79c90919839ffede41ef738de46a714cb96f339afc5ed1396ba5150c7c5ed5,ok,1,15,10,0.8095,30.0,GOAL DONE,0.2,100,,,,0.8,2026-09-22 19:19:16
1171,wastesorting,ours_what_only,03,13,278036014,experiments_logs/analysis_recent/when_what_original_20260912/00_raw/wastesorting/scene_03_step50/when_what_ours_what_only_thres_0-8_rand_0-4/exp_wastesorting_20260922_191917_851683.txt,d7a5215c9e85102f8f5e0df56f9e87bec575e6c31e99cf06afafdcd7ef523347,ok,1,2,10,0.8032,30.0,GOAL DONE,0.2,100,,,,0.8,2026-09-22 19:19:17
1172,wastesorting,ours,03,13,278036014,experiments_logs/analysis_recent/when_what_original_20260912/00_raw/wastesorting/scene_03_step50/when_what_ours_thres_0-8_rand_0-4/exp_wastesorting_20260922_191918_825884.txt,f3bc3ae8b396d4746922c77820d6b38ab81408d46b8dfd861eaf47b7fdf0889b,ok,1,6,10,0.8232,30.0,GOAL DONE,0.2,100,,,,0.8,2026-09-22 19:19:18
1173,wastesorting,random,03,14,2681865935,experiments_logs/analysis_recent/when_what_original_20260912/00_raw/wastesorting/scene_03_step50/when_what_random_thres_0-8_rand_0-4/exp_wastesorting_20260922_191919_798107.txt,843398455df6ad5ea48350027e683b2114244ae75dab227b92a38ef2ecec4c1d,ok,1,9,10,0.8195,30.0,GOAL DONE,0.2,100,,,,0.8,2026-09-22 19:19:19
1174,wastesorting,ours_when_only,03,14,2681865935,experiments_logs/analysis_recent/when_what_original_20260912/00_raw/wastesorting/scene_03_step50/when_what_ours_when_only_thres_0-8_rand_0-4/exp_wastesorting_20260922_191920_741717.txt,19ec93b8c4c423d7eb349611f7df481936d96c77f9b2014658b91b883887cbdc,ok,1,11,10,0.7981,30.0,GOAL DONE,0.2,100,,,,0.8,2026-09-22 19:19:20
1175,wastesorting,ours_what_only,03,14,2681865935,experiments_logs/analysis_recent/when_what_original_20260912/00_raw/wastesorting/scene_03_step50/when_what_ours_what_only_thres_0-8_rand_0-4/exp_wastesorting_20260922_191921_712148.txt,5147f8dc0bbaef2b7e24ae3cc7c298c5a85855dca66b7057b931e612bd449979,ok,1,7,10,0.814,30.0,GOAL DONE,0.2,100,,,,0.8,2026-09-22 19:19:21
1176,wastesorting,ours,03,14,2681865935,experiments_logs/analysis_recent/when_what_original_20260912/00_raw/wastesorting/scene_03_step50/when_what_ours_thres_0-8_rand_0-4/exp_wastesorting_20260922_191922_711296.txt,8cef18f32c27c8f9963b8f016c2f95b03edea1d05b9f73e4edad1028062fde17,ok,1,7,10,0.8496,30.0,GOAL DONE,0.2,100,,,,0.8,2026-09-22 19:19:22
1177,wastesorting,random,03,15,2838349825,experiments_logs/analysis_recent/when_what_original_20260912/00_raw/wastesorting/scene_03_step50/when_what_random_thres_0-8_rand_0-4/exp_wastesorting_20260922_191923_595769.txt,6b33b6a7d787949facff3e6caf8c38cd84cf02dc9ded6c398ba678d4dad077ba,ok,1,2,10,0.7517,30.0,GOAL DONE,0.2,100,,,,0.8,2026-09-22 19:19:23
1178,wastesorting,ours_when_only,03,15,2838349825,experiments_logs/analysis_recent/when_what_original_20260912/00_raw/wastesorting/scene_03_step50/when_what_ours_when_only_thres_0-8_rand_0-4/exp_wastesorting_20260922_191924_524394.txt,6ac015aeba92ac55f591d61c0e78c5465e541a77c60daf04cca145e60aa4410e,ok,1,15,10,0.7757,30.0,GOAL DONE,0.2,100,,,,0.8,2026-09-22 19:19:24
1179,wastesorting,ours_what_only,03,15,2838349825,experiments_logs/analysis_recent/when_what_original_20260912/00_raw/wastesorting/scene_03_step50/when_what_ours_what_only_thres_0-8_rand_0-4/exp_wastesorting_20260922_191925_395782.txt,56fb10ac5c2f286783c9fdbf1fd4a1b76f652585e9848e162f116ff04d96890e,ok,1,2,10,0.7226,30.0,GOAL DONE,0.2,100,,,,0.8,2026-09-22 19:19:25
1180,wastesorting,ours,03,15,2838349825,experiments_logs/analysis_recent/when_what_original_20260912/00_raw/wastesorting/scene_03_step50/when_what_ours_thres_0-8_rand_0-4/exp_wastesorting_20260922_191926_323919.txt,d1b662f8b98b951b340136454af120cfee6dafd09a28ad738f074eeefd83c597,ok,1,5,10,0.764,30.0,GOAL DONE,0.2,100,,,,0.8,2026-09-22 19:19:26
1181,wastesorting,random,03,16,3020893717,experiments_logs/analysis_recent/when_what_original_20260912/00_raw/wastesorting/scene_03_step50/when_what_random_thres_0-8_rand_0-4/exp_wastesorting_20260922_191927_286022.txt,e84258319f6dfd79b5cfadb36141bd348ca857fcafbf33bc8280a4b21f2cdffc,ok,1,2,10,0.8129,30.0,GOAL DONE,0.2,100,,,,0.8,2026-09-22 19:19:27
1182,wastesorting,ours_when_only,03,16,3020893717,experiments_logs/analysis_recent/when_what_original_20260912/00_raw/wastesorting/scene_03_step50/when_what_ours_when_only_thres_0-8_rand_0-4/exp_wastesorting_20260922_191928_292112.txt,853c95466ed19148fbe8f598b2e53cc9c7916f23e421dec2923b5f3a7238d5e7,ok,1,13,10,0.8547,30.0,GOAL DONE,0.2,100,,,,0.8,2026-09-22 19:19:28
1183,wastesorting,ours_what_only,03,16,3020893717,experiments_logs/analysis_recent/when_what_original_20260912/00_raw/wastesorting/scene_03_step50/when_what_ours_what_only_thres_0-8_rand_0-4/exp_wastesorting_20260922_191929_250816.txt,8e189db72269088013a90edc10d35ef458804926a6a7b76f81b127a0256cb6f8,ok,1,2,10,0.811,30.0,GOAL DONE,0.2,100,,,,0.8,2026-09-22 19:19:29
1184,wastesorting,ours,03,16,3020893717,experiments_logs/analysis_recent/when_what_original_20260912/00_raw/wastesorting/scene_03_step50/when_what_ours_thres_0-8_rand_0-4/exp_wastesorting_20260922_191930_208920.txt,d80da4c4f71cbc9e2c767bd038d1aef22463b9a3b4519b3d173eefc72e871935,ok,1,5,10,0.8216,30.0,GOAL DONE,0.2,100,,,,0.8,2026-09-22 19:19:30
1185,wastesorting,random,03,17,2326573660,experiments_logs/analysis_recent/when_what_original_20260912/00_raw/wastesorting/scene_03_step50/when_what_random_thres_0-8_rand_0-4/exp_wastesorting_20260922_191931_265885.txt,124621628f4eb1d2d2896e756746d6ef083a09ef1ff5e8d033cbbe60045d0c14,ok,1,14,12,0.9112,30.0,GOAL DONE,0.2,100,,,,0.8,2026-09-22 19:19:31
1186,wastesorting,ours_when_only,03,17,2326573660,experiments_logs/analysis_recent/when_what_original_20260912/00_raw/wastesorting/scene_03_step50/when_what_ours_when_only_thres_0-8_rand_0-4/exp_wastesorting_20260922_191932_336642.txt,753de351e74177c46435fe437b8c84296bdf676359de33c31943249bf8736283,ok,1,16,12,0.9291,30.0,GOAL DONE,0.2,100,,,,0.8,2026-09-22 19:19:32
1187,wastesorting,ours_what_only,03,17,2326573660,experiments_logs/analysis_recent/when_what_original_20260912/00_raw/wastesorting/scene_03_step50/when_what_ours_what_only_thres_0-8_rand_0-4/exp_wastesorting_20260922_191933_400416.txt,7892c7d10f018e252931e1228a8e5406427c45d375998be0af09150754379251,ok,1,9,12,0.9227,30.0,GOAL DONE,0.2,100,,,,0.8,2026-09-22 19:19:33
1188,wastesorting,ours,03,17,2326573660,experiments_logs/analysis_recent/when_what_original_20260912/00_raw/wastesorting/scene_03_step50/when_what_ours_thres_0-8_rand_0-4/exp_wastesorting_20260922_191934_402161.txt,260e1c591b2706825c69f324f4c715dcd3087fe974ce583030a9010a6f3472d1,ok,1,10,11,0.8472,5.0,GOAL DONE,0.2,100,,,,0.8,2026-09-22 19:19:34
1189,wastesorting,random,03,18,1257641980,experiments_logs/analysis_recent/when_what_original_20260912/00_raw/wastesorting/scene_03_step50/when_what_random_thres_0-8_rand_0-4/exp_wastesorting_20260922_191935_298042.txt,705de9ecb233d91699c0997659674357525f1947d063e595374e5e318812aed3,ok,0,2,8,0.7376,10.0,PLAN FAILURE,0.2,100,,,,0.8,2026-09-22 19:19:35
1190,wastesorting,ours_when_only,03,18,1257641980,experiments_logs/analysis_recent/when_what_original_20260912/00_raw/wastesorting/scene_03_step50/when_what_ours_when_only_thres_0-8_rand_0-4/exp_wastesorting_20260922_191936_319133.txt,398f8444e6d0c6baa78e4731e37d38474af4d9147409553caacbfcba61785ddf,ok,1,16,12,0.8751,30.0,GOAL DONE,0.2,100,,,,0.8,2026-09-22 19:19:36
1191,wastesorting,ours_what_only,03,18,1257641980,experiments_logs/analysis_recent/when_what_original_20260912/00_raw/wastesorting/scene_03_step50/when_what_ours_what_only_thres_0-8_rand_0-4/exp_wastesorting_20260922_191937_226563.txt,bfccb6c1fead14f64985b1b68706bf9654c00afd6ea80261c2d23c4c9df689ac,ok,0,2,8,0.7626,5.0,PLAN FAILURE,0.2,100,,,,0.8,2026-09-22 19:19:37
1192,wastesorting,ours,03,18,1257641980,experiments_logs/analysis_recent/when_what_original_20260912/00_raw/wastesorting/scene_03_step50/when_what_ours_thres_0-8_rand_0-4/exp_wastesorting_20260922_191938_205432.txt,b57d7ea9da21d6f8d4c442bbf3c3501cc01d7cbddb507cba01b8b8ee2940c320,ok,1,13,11,0.8291,10.0,GOAL DONE,0.2,100,,,,0.8,2026-09-22 19:19:38
1193,wastesorting,random,03,19,3601254363,experiments_logs/analysis_recent/when_what_original_20260912/00_raw/wastesorting/scene_03_step50/when_what_random_thres_0-8_rand_0-4/exp_wastesorting_20260922_191939_036882.txt,51958b5c0e56c2965549b76e26a6c9fb3f3b7aeada83e08e7097fb5ca0197688,ok,0,2,5,0.6533,0.0,PLAN FAILURE,0.2,100,,,,0.8,2026-09-22 19:19:39
1194,wastesorting,ours_when_only,03,19,3601254363,experiments_logs/analysis_recent/when_what_original_20260912/00_raw/wastesorting/scene_03_step50/when_what_ours_when_only_thres_0-8_rand_0-4/exp_wastesorting_20260922_191940_054356.txt,e95dbdb8ef8830f4a58b84f6d4fc7bcffc24dfe6405655e977a2a06e4a87fae8,ok,1,22,12,0.8742,15.0,GOAL DONE,0.2,100,,,,0.8,2026-09-22 19:19:40
1195,wastesorting,ours_what_only,03,19,3601254363,experiments_logs/analysis_recent/when_what_original_20260912/00_raw/wastesorting/scene_03_step50/when_what_ours_what_only_thres_0-8_rand_0-4/exp_wastesorting_20260922_191940_878453.txt,1ccf92619765cfc6733c0581bc0712a60327274eab1eb4106be2f79b12c22493,ok,0,2,5,0.6835,0.0,PLAN FAILURE,0.2,100,,,,0.8,2026-09-22 19:19:40
1196,wastesorting,ours,03,19,3601254363,experiments_logs/analysis_recent/when_what_original_20260912/00_raw/wastesorting/scene_03_step50/when_what_ours_thres_0-8_rand_0-4/exp_wastesorting_20260922_191941_885327.txt,c918494478129f538d7c670d2e4c3f738b78e297e302a0f8e446209ffca57b34,ok,1,12,12,0.8622,15.0,GOAL DONE,0.2,100,,,,0.8,2026-09-22 19:19:41
1197,wastesorting,random,03,20,1039146477,experiments_logs/analysis_recent/when_what_original_20260912/00_raw/wastesorting/scene_03_step50/when_what_random_thres_0-8_rand_0-4/exp_wastesorting_20260922_191942_834008.txt,e3e1449dc0da05aec5ed412bf7ac4c5783113a4644aa321fd4e51206ee17e9b1,ok,1,17,10,0.8105,30.0,GOAL DONE,0.2,100,,,,0.8,2026-09-22 19:19:42
1198,wastesorting,ours_when_only,03,20,1039146477,experiments_logs/analysis_recent/when_what_original_20260912/00_raw/wastesorting/scene_03_step50/when_what_ours_when_only_thres_0-8_rand_0-4/exp_wastesorting_20260922_191943_767602.txt,22e210ce351f727d637208a1a9685666060e44fe1ce05a44b48f724fdc1708c0,ok,1,16,10,0.8072,30.0,GOAL DONE,0.2,100,,,,0.8,2026-09-22 19:19:43
1199,wastesorting,ours_what_only,03,20,1039146477,experiments_logs/analysis_recent/when_what_original_20260912/00_raw/wastesorting/scene_03_step50/when_what_ours_what_only_thres_0-8_rand_0-4/exp_wastesorting_20260922_191944_696104.txt,5a36498dbb9b64f3fa62dea0bd542f72379a900d84067bb768252e1114c6d56b,ok,1,7,10,0.7793,30.0,GOAL DONE,0.2,100,,,,0.8,2026-09-22 19:19:44
1200,wastesorting,ours,03,20,1039146477,experiments_logs/analysis_recent/when_what_original_20260912/00_raw/wastesorting/scene_03_step50/when_what_ours_thres_0-8_rand_0-4/exp_wastesorting_20260922_191945_616652.txt,b1066bc209aae293f19ec34b1f632c4df46e3dadc6285211f74ed9111f381927,ok,1,5,10,0.7725,30.0,GOAL DONE,0.2,100,,,,0.8,2026-09-22 19:19:45
1201,wastesorting,random,03,21,2504431767,experiments_logs/analysis_recent/when_what_original_20260912/00_raw/wastesorting/scene_03_step50/when_what_random_thres_0-8_rand_0-4/exp_wastesorting_20260922_191946_303272.txt,570f5baa1ce8eda26ff701e806cee0f895a499a0177ac2a49ad36763bea15675,ok,0,0,3,0.5337,0.0,PLAN FAILURE,0.2,100,,,,0.8,2026-09-22 19:19:46
1202,wastesorting,ours_when_only,03,21,2504431767,experiments_logs/analysis_recent/when_what_original_20260912/00_raw/wastesorting/scene_03_step50/when_what_ours_when_only_thres_0-8_rand_0-4/exp_wastesorting_20260922_191947_196166.txt,bfbd9dc4c75d74d9f9b45cbb5c0a9babc38ae13beddbd71363035978f1e9caba,ok,1,15,10,0.7446,30.0,GOAL DONE,0.2,100,,,,0.8,2026-09-22 19:19:47
1203,wastesorting,ours_what_only,03,21,2504431767,experiments_logs/analysis_recent/when_what_original_20260912/00_raw/wastesorting/scene_03_step50/when_what_ours_what_only_thres_0-8_rand_0-4/exp_wastesorting_20260922_191947_868823.txt,cf25a3ae5c1141c72155cce4e78bc44710537498452794836374ee8a68c09307,ok,0,0,3,0.5243,0.0,PLAN FAILURE,0.2,100,,,,0.8,2026-09-22 19:19:47
1204,wastesorting,ours,03,21,2504431767,experiments_logs/analysis_recent/when_what_original_20260912/00_raw/wastesorting/scene_03_step50/when_what_ours_thres_0-8_rand_0-4/exp_wastesorting_20260922_191948_770273.txt,4e5ec3be35fafeec7c73f0f7ec89267d8b3134a9abb7b47fa1db3ae5ec973168,ok,1,9,10,0.7458,30.0,GOAL DONE,0.2,100,,,,0.8,2026-09-22 19:19:48
1205,wastesorting,random,03,22,2823865284,experiments_logs/analysis_recent/when_what_original_20260912/00_raw/wastesorting/scene_03_step50/when_what_random_thres_0-8_rand_0-4/exp_wastesorting_20260922_191949_576122.txt,09f22c478bfb85f977c2390438736416b8d3785b0f525715298c7185f0765888,ok,0,2,5,0.6414,5.0,PLAN FAILURE,0.2,100,,,,0.8,2026-09-22 19:19:49
1206,wastesorting,ours_when_only,03,22,2823865284,experiments_logs/analysis_recent/when_what_original_20260912/00_raw/wastesorting/scene_03_step50/when_what_ours_when_only_thres_0-8_rand_0-4/exp_wastesorting_20260922_191950_593432.txt,38880d031aba09322460a8082dd7cbc209242c7e83eac94f358928770c4e81e7,ok,1,16,13,0.867,30.0,GOAL DONE,0.2,100,,,,0.8,2026-09-22 19:19:50
1207,wastesorting,ours_what_only,03,22,2823865284,experiments_logs/analysis_recent/when_what_original_20260912/00_raw/wastesorting/scene_03_step50/when_what_ours_what_only_thres_0-8_rand_0-4/exp_wastesorting_20260922_191951_378714.txt,c1410a598e322306acbea1e2aaa61c93f5e3b36ae426b0f5b1654e7644723cac,ok,0,2,5,0.627,5.0,PLAN FAILURE,0.2,100,,,,0.8,2026-09-22 19:19:51
1208,wastesorting,ours,03,22,2823865284,experiments_logs/analysis_recent/when_what_original_20260912/00_raw/wastesorting/scene_03_step50/when_what_ours_thres_0-8_rand_0-4/exp_wastesorting_20260922_191952_414176.txt,3761219e97aad56e1ac544c8c3c84e7c6cfeed941bc04c91a43c503767d6e619,ok,1,14,13,0.8969,30.0,GOAL DONE,0.2,100,,,,0.8,2026-09-22 19:19:52
1209,wastesorting,random,03,23,1391536608,experiments_logs/analysis_recent/when_what_original_20260912/00_raw/wastesorting/scene_03_step50/when_what_random_thres_0-8_rand_0-4/exp_wastesorting_20260922_191953_301822.txt,b9e755c355007ac7ff8b15783e45ae5a45992c88bda7fa8453fdd8b510be4c7e,ok,1,2,10,0.7399,30.0,GOAL DONE,0.2,100,,,,0.8,2026-09-22 19:19:53
1210,wastesorting,ours_when_only,03,23,1391536608,experiments_logs/analysis_recent/when_what_original_20260912/00_raw/wastesorting/scene_03_step50/when_what_ours_when_only_thres_0-8_rand_0-4/exp_wastesorting_20260922_191954_208096.txt,5093b8410924186bad451df8e370a80617a56f45aa855b3dbd6bfd3eb9098835,ok,1,16,10,0.7642,30.0,GOAL DONE,0.2,100,,,,0.8,2026-09-22 19:19:54
1211,wastesorting,ours_what_only,03,23,1391536608,experiments_logs/analysis_recent/when_what_original_20260912/00_raw/wastesorting/scene_03_step50/when_what_ours_what_only_thres_0-8_rand_0-4/exp_wastesorting_20260922_191955_095621.txt,d621c7118a15681398e8b7909ea4b7dfab4144c2f38c324c98d815899a35301b,ok,1,2,10,0.74,30.0,GOAL DONE,0.2,100,,,,0.8,2026-09-22 19:19:55
1212,wastesorting,ours,03,23,1391536608,experiments_logs/analysis_recent/when_what_original_20260912/00_raw/wastesorting/scene_03_step50/when_what_ours_thres_0-8_rand_0-4/exp_wastesorting_20260922_191956_014321.txt,edc96703b48b9e463c8b499bf964f69d8a1a6d8c735a27e564adb737b759fefa,ok,1,5,10,0.7652,30.0,GOAL DONE,0.2,100,,,,0.8,2026-09-22 19:19:56
1213,wastesorting,random,03,24,3205349761,experiments_logs/analysis_recent/when_what_original_20260912/00_raw/wastesorting/scene_03_step50/when_what_random_thres_0-8_rand_0-4/exp_wastesorting_20260922_191956_876553.txt,045b67fcba39fe2bb19e616d02c6159e4fbf6e6d489328b4ed413ddc50ef9f59,ok,0,1,8,0.7073,10.0,PLAN FAILURE,0.2,100,,,,0.8,2026-09-22 19:19:56
1214,wastesorting,ours_when_only,03,24,3205349761,experiments_logs/analysis_recent/when_what_original_20260912/00_raw/wastesorting/scene_03_step50/when_what_ours_when_only_thres_0-8_rand_0-4/exp_wastesorting_20260922_191957_874736.txt,c43af381f3d101d0f55ecc9d3910a05c60e492eeb40836f4a2792300bf647350,ok,1,17,12,0.843,30.0,GOAL DONE,0.2,100,,,,0.8,2026-09-22 19:19:57
1215,wastesorting,ours_what_only,03,24,3205349761,experiments_logs/analysis_recent/when_what_original_20260912/00_raw/wastesorting/scene_03_step50/when_what_ours_what_only_thres_0-8_rand_0-4/exp_wastesorting_20260922_191958_724450.txt,4ee1122986a99277a1d1634e3e555251b4de4f071bcceeb6298565d58a96a207,ok,0,1,8,0.6936,10.0,PLAN FAILURE,0.2,100,,,,0.8,2026-09-22 19:19:58
1216,wastesorting,ours,03,24,3205349761,experiments_logs/analysis_recent/when_what_original_20260912/00_raw/wastesorting/scene_03_step50/when_what_ours_thres_0-8_rand_0-4/exp_wastesorting_20260922_191959_680926.txt,49769bcdcdbd362ed65ce10b45381b13c3f66397513d71b645cce9df43747c7b,ok,1,9,11,0.8062,15.0,GOAL DONE,0.2,100,,,,0.8,2026-09-22 19:19:59
1217,wastesorting,random,03,25,2174959688,experiments_logs/analysis_recent/when_what_original_20260912/00_raw/wastesorting/scene_03_step50/when_what_random_thres_0-8_rand_0-4/exp_wastesorting_20260922_192000_623129.txt,cfbb1895f754b7d158f544fa47af581882bab6fbab42af491cda6cc37041c49b,ok,1,17,10,0.7837,30.0,GOAL DONE,0.2,100,,,,0.8,2026-09-22 19:20:00
1218,wastesorting,ours_when_only,03,25,2174959688,experiments_logs/analysis_recent/when_what_original_20260912/00_raw/wastesorting/scene_03_step50/when_what_ours_when_only_thres_0-8_rand_0-4/exp_wastesorting_20260922_192001_541474.txt,36351cfc4325394fce531d5462c431248a2149c916054722a9b84e9c50b08cd4,ok,1,16,10,0.7724,30.0,GOAL DONE,0.2,100,,,,0.8,2026-09-22 19:20:01
1219,wastesorting,ours_what_only,03,25,2174959688,experiments_logs/analysis_recent/when_what_original_20260912/00_raw/wastesorting/scene_03_step50/when_what_ours_what_only_thres_0-8_rand_0-4/exp_wastesorting_20260922_192002_465222.txt,76970bc69288cbee62d30057b0ed331713c8f435e7e44049b60d7c0065713cdc,ok,1,9,10,0.7777,30.0,GOAL DONE,0.2,100,,,,0.8,2026-09-22 19:20:02
1220,wastesorting,ours,03,25,2174959688,experiments_logs/analysis_recent/when_what_original_20260912/00_raw/wastesorting/scene_03_step50/when_what_ours_thres_0-8_rand_0-4/exp_wastesorting_20260922_192003_393210.txt,d86bc6c1fdc9713da50b81f7ad887d66ea18c652e7bdf0c291b8ea2744de1530,ok,1,6,10,0.7802,30.0,GOAL DONE,0.2,100,,,,0.8,2026-09-22 19:20:03
1221,wastesorting,random,03,26,2756408042,experiments_logs/analysis_recent/when_what_original_20260912/00_raw/wastesorting/scene_03_step50/when_what_random_thres_0-8_rand_0-4/exp_wastesorting_20260922_192004_377778.txt,e6619f49462ccac1c5a1d2799531dc323bc376975c5b21484ba17227961627fd,ok,1,13,11,0.8309,15.0,GOAL DONE,0.2,100,,,,0.8,2026-09-22 19:20:04
1222,wastesorting,ours_when_only,03,26,2756408042,experiments_logs/analysis_recent/when_what_original_20260912/00_raw/wastesorting/scene_03_step50/when_what_ours_when_only_thres_0-8_rand_0-4/exp_wastesorting_20260922_192005_385831.txt,3d59f480f79c9235e9447b1c43e32e14514abb161877ca5b00962ee44bfe039d,ok,1,15,12,0.8577,15.0,GOAL DONE,0.2,100,,,,0.8,2026-09-22 19:20:05
1223,wastesorting,ours_what_only,03,26,2756408042,experiments_logs/analysis_recent/when_what_original_20260912/00_raw/wastesorting/scene_03_step50/when_what_ours_what_only_thres_0-8_rand_0-4/exp_wastesorting_20260922_192006_329582.txt,b1ba51fcdd2f8b5062a0320b6a08edf5de0c3da982adf307400ed1c5f736e91b,ok,1,6,11,0.8186,15.0,GOAL DONE,0.2,100,,,,0.8,2026-09-22 19:20:06
1224,wastesorting,ours,03,26,2756408042,experiments_logs/analysis_recent/when_what_original_20260912/00_raw/wastesorting/scene_03_step50/when_what_ours_thres_0-8_rand_0-4/exp_wastesorting_20260922_192007_315683.txt,5c6c5086584e84941fafcf458ef53ede35b3ac83a108e82f92fdec238e58ae13,ok,1,7,11,0.8341,15.0,GOAL DONE,0.2,100,,,,0.8,2026-09-22 19:20:07
1225,wastesorting,random,03,27,2512077851,experiments_logs/analysis_recent/when_what_original_20260912/00_raw/wastesorting/scene_03_step50/when_what_random_thres_0-8_rand_0-4/exp_wastesorting_20260922_192008_327566.txt,cbc65557a57bf5c7801e8051d0632f734d295bf86bc544527c4876066494d8a5,ok,1,2,12,0.8551,30.0,GOAL DONE,0.2,100,,,,0.8,2026-09-22 19:20:08
1226,wastesorting,ours_when_only,03,27,2512077851,experiments_logs/analysis_recent/when_what_original_20260912/00_raw/wastesorting/scene_03_step50/when_what_ours_when_only_thres_0-8_rand_0-4/exp_wastesorting_20260922_192009_291597.txt,4421411104dced37bd63f77a45a4313ca9ad7d9f1a576859aa72cb2eeaaa6994,ok,1,18,11,0.8158,15.0,GOAL DONE,0.2,100,,,,0.8,2026-09-22 19:20:09
1227,wastesorting,ours_what_only,03,27,2512077851,experiments_logs/analysis_recent/when_what_original_20260912/00_raw/wastesorting/scene_03_step50/when_what_ours_what_only_thres_0-8_rand_0-4/exp_wastesorting_20260922_192010_247162.txt,2d4fcd35ebd0a5e90c835ca7475bc439dec5f30a258233dbdfb43c7e11a5d5a2,ok,1,2,12,0.812,30.0,GOAL DONE,0.2,100,,,,0.8,2026-09-22 19:20:10
1228,wastesorting,ours,03,27,2512077851,experiments_logs/analysis_recent/when_what_original_20260912/00_raw/wastesorting/scene_03_step50/when_what_ours_thres_0-8_rand_0-4/exp_wastesorting_20260922_192011_174231.txt,401c4e1a0bb6ccf6a288e42db56948693186fc90c36da54601db75a8e51c235f,ok,1,9,10,0.7736,10.0,GOAL DONE,0.2,100,,,,0.8,2026-09-22 19:20:11
1229,wastesorting,random,03,28,344300299,experiments_logs/analysis_recent/when_what_original_20260912/00_raw/wastesorting/scene_03_step50/when_what_random_thres_0-8_rand_0-4/exp_wastesorting_20260922_192012_243085.txt,80497da1c75844f00d2ee2266d784af203d3891db03d8624c01c8777a56825fc,ok,1,3,12,0.9155,30.0,GOAL DONE,0.2,100,,,,0.8,2026-09-22 19:20:12
1230,wastesorting,ours_when_only,03,28,344300299,experiments_logs/analysis_recent/when_what_original_20260912/00_raw/wastesorting/scene_03_step50/when_what_ours_when_only_thres_0-8_rand_0-4/exp_wastesorting_20260922_192013_187979.txt,7ecdc305ec5af36511aa9bc84eb8aa0973342c4ef3ff596edf3ff835cdfbd503,ok,1,13,10,0.7949,30.0,GOAL DONE,0.2,100,,,,0.8,2026-09-22 19:20:13
1231,wastesorting,ours_what_only,03,28,344300299,experiments_logs/analysis_recent/when_what_original_20260912/00_raw/wastesorting/scene_03_step50/when_what_ours_what_only_thres_0-8_rand_0-4/exp_wastesorting_20260922_192014_231228.txt,099dec9533433a313c3592b5a0104cbc874deab07e8d39d456dd436bd5467a10,ok,1,3,12,0.8931,30.0,GOAL DONE,0.2,100,,,,0.8,2026-09-22 19:20:14
1232,wastesorting,ours,03,28,344300299,experiments_logs/analysis_recent/when_what_original_20260912/00_raw/wastesorting/scene_03_step50/when_what_ours_thres_0-8_rand_0-4/exp_wastesorting_20260922_192015_274515.txt,bf145452d6ffe0cf3e1f900cb708b8b750f127108603a6c9dcfe13a728e6059a,ok,1,8,11,0.8937,15.0,GOAL DONE,0.2,100,,,,0.8,2026-09-22 19:20:15
1233,wastesorting,random,03,29,2464051583,experiments_logs/analysis_recent/when_what_original_20260912/00_raw/wastesorting/scene_03_step50/when_what_random_thres_0-8_rand_0-4/exp_wastesorting_20260922_192016_222960.txt,22bb5a77bf9c02cbfd821e7051875144a1531af6effd4988d38f2c691fe82845,ok,1,4,11,0.7979,30.0,GOAL DONE,0.2,100,,,,0.8,2026-09-22 19:20:16
1234,wastesorting,ours_when_only,03,29,2464051583,experiments_logs/analysis_recent/when_what_original_20260912/00_raw/wastesorting/scene_03_step50/when_what_ours_when_only_thres_0-8_rand_0-4/exp_wastesorting_20260922_192017_171790.txt,1315d265630450416a51ef5e872d6c8246b403ad203d487de31c337a7bf10f8a,ok,1,19,10,0.7995,15.0,GOAL DONE,0.2,100,,,,0.8,2026-09-22 19:20:17
1235,wastesorting,ours_what_only,03,29,2464051583,experiments_logs/analysis_recent/when_what_original_20260912/00_raw/wastesorting/scene_03_step50/when_what_ours_what_only_thres_0-8_rand_0-4/exp_wastesorting_20260922_192018_125495.txt,6e33dcd1fed512bd47df261dc5a2b6fc4ff7355c8daf63613170713274f1fdd5,ok,1,4,11,0.7996,30.0,GOAL DONE,0.2,100,,,,0.8,2026-09-22 19:20:18
1236,wastesorting,ours,03,29,2464051583,experiments_logs/analysis_recent/when_what_original_20260912/00_raw/wastesorting/scene_03_step50/when_what_ours_thres_0-8_rand_0-4/exp_wastesorting_20260922_192019_066940.txt,7bf046b5dc2824e568825648471b634a2c2138c09d57834910bc800a772fcb6b,ok,1,7,10,0.7935,15.0,GOAL DONE,0.2,100,,,,0.8,2026-09-22 19:20:19
1237,wastesorting,random,03,30,474824891,experiments_logs/analysis_recent/when_what_original_20260912/00_raw/wastesorting/scene_03_step50/when_what_random_thres_0-8_rand_0-4/exp_wastesorting_20260922_192020_003069.txt,74a715bc3a7bf81c54a5deda31a4cc91f4e5f42bcf2a4f365b54f94f45bac413,ok,1,15,10,0.771,30.0,GOAL DONE,0.2,100,,,,0.8,2026-09-22 19:20:20
1238,wastesorting,ours_when_only,03,30,474824891,experiments_logs/analysis_recent/when_what_original_20260912/00_raw/wastesorting/scene_03_step50/when_what_ours_when_only_thres_0-8_rand_0-4/exp_wastesorting_20260922_192020_906970.txt,dd743d8bd50d99a89867bc63d59e908f300fbb53d321976aa360198b1d96e46a,ok,1,14,10,0.7559,30.0,GOAL DONE,0.2,100,,,,0.8,2026-09-22 19:20:20
1239,wastesorting,ours_what_only,03,30,474824891,experiments_logs/analysis_recent/when_what_original_20260912/00_raw/wastesorting/scene_03_step50/when_what_ours_what_only_thres_0-8_rand_0-4/exp_wastesorting_20260922_192021_813860.txt,5b9428885bbc714e80d23f81f8a1daac5f0c4b6acedd6401bc020072b6aa4295,ok,1,8,10,0.7584,30.0,GOAL DONE,0.2,100,,,,0.8,2026-09-22 19:20:21
1240,wastesorting,ours,03,30,474824891,experiments_logs/analysis_recent/when_what_original_20260912/00_raw/wastesorting/scene_03_step50/when_what_ours_thres_0-8_rand_0-4/exp_wastesorting_20260922_192022_717752.txt,d1db662c84c955388708a0955538da6431bb738418e7dafdbc239067c393d13c,ok,1,7,10,0.7608,30.0,GOAL DONE,0.2,100,,,,0.8,2026-09-22 19:20:22
1241,wastesorting,random,03,31,1705696473,experiments_logs/analysis_recent/when_what_original_20260912/00_raw/wastesorting/scene_03_step50/when_what_random_thres_0-8_rand_0-4/exp_wastesorting_20260922_192023_661734.txt,fe6451ece83fbb102edae4214470f9bbda7628528a13cd475788097b553f4a0b,ok,1,2,10,0.7917,30.0,GOAL DONE,0.2,100,,,,0.8,2026-09-22 19:20:23
1242,wastesorting,ours_when_only,03,31,1705696473,experiments_logs/analysis_recent/when_what_original_20260912/00_raw/wastesorting/scene_03_step50/when_what_ours_when_only_thres_0-8_rand_0-4/exp_wastesorting_20260922_192024_608081.txt,e3211bb77cc8c5bf8e39ffbfd3eeb16adad7dcae9268e091248b9aa666c8a205,ok,1,20,10,0.8004,30.0,GOAL DONE,0.2,100,,,,0.8,2026-09-22 19:20:24
1243,wastesorting,ours_what_only,03,31,1705696473,experiments_logs/analysis_recent/when_what_original_20260912/00_raw/wastesorting/scene_03_step50/when_what_ours_what_only_thres_0-8_rand_0-4/exp_wastesorting_20260922_192025_561224.txt,b2e4cc612697cc5c97cd7437a8552779dd2c2bc286ed011384d40476c54bd07f,ok,1,2,10,0.7988,30.0,GOAL DONE,0.2,100,,,,0.8,2026-09-22 19:20:25
1244,wastesorting,ours,03,31,1705696473,experiments_logs/analysis_recent/when_what_original_20260912/00_raw/wastesorting/scene_03_step50/when_what_ours_thres_0-8_rand_0-4/exp_wastesorting_20260922_192026_493320.txt,7752e239526a1f90a24113e998b8ea4d5e91fe7e3b5c8854d29f23e578466f20,ok,1,7,10,0.7826,30.0,GOAL DONE,0.2,100,,,,0.8,2026-09-22 19:20:26
1245,wastesorting,random,03,32,1133667841,experiments_logs/analysis_recent/when_what_original_20260912/00_raw/wastesorting/scene_03_step50/when_what_random_thres_0-8_rand_0-4/exp_wastesorting_20260922_192027_399734.txt,b502dcd5e3cb9f55f2fdfa5916eaf600c9f4042c4db63d0facb38ddbdaa0f895,ok,1,12,11,0.7622,30.0,GOAL DONE,0.2,100,,,,0.8,2026-09-22 19:20:27
1246,wastesorting,ours_when_only,03,32,1133667841,experiments_logs/analysis_recent/when_what_original_20260912/00_raw/wastesorting/scene_03_step50/when_what_ours_when_only_thres_0-8_rand_0-4/exp_wastesorting_20260922_192028_281497.txt,66559ee8369340fb76d7f86900e1aee223e80f7cb31b5fe483f44b26fd59cb77,ok,1,12,11,0.7405,30.0,GOAL DONE,0.2,100,,,,0.8,2026-09-22 19:20:28
1247,wastesorting,ours_what_only,03,32,1133667841,experiments_logs/analysis_recent/when_what_original_20260912/00_raw/wastesorting/scene_03_step50/when_what_ours_what_only_thres_0-8_rand_0-4/exp_wastesorting_20260922_192029_169909.txt,d67b2f20d33a971f228c97edcd20d2fd6e4166d32164e7b0df009c29c545d58e,ok,1,6,11,0.7353,30.0,GOAL DONE,0.2,100,,,,0.8,2026-09-22 19:20:29
1248,wastesorting,ours,03,32,1133667841,experiments_logs/analysis_recent/when_what_original_20260912/00_raw/wastesorting/scene_03_step50/when_what_ours_thres_0-8_rand_0-4/exp_wastesorting_20260922_192030_068043.txt,11dddd7c794851e9ce2c44fe1bcf9e05a7a8c067e5e38d1e84d8088255e1a22a,ok,1,6,11,0.7484,30.0,GOAL DONE,0.2,100,,,,0.8,2026-09-22 19:20:30
1249,wastesorting,random,03,33,4161225568,experiments_logs/analysis_recent/when_what_original_20260912/00_raw/wastesorting/scene_03_step50/when_what_random_thres_0-8_rand_0-4/exp_wastesorting_20260922_192031_039190.txt,21cf54e034b658c0dfca11b6a2bcc3cd68db6471f86dac69d7cb8683ca156953,ok,1,12,11,0.8237,30.0,GOAL DONE,0.2,100,,,,0.8,2026-09-22 19:20:31
1250,wastesorting,ours_when_only,03,33,4161225568,experiments_logs/analysis_recent/when_what_original_20260912/00_raw/wastesorting/scene_03_step50/when_what_ours_when_only_thres_0-8_rand_0-4/exp_wastesorting_20260922_192032_028287.txt,63dcd827f5bfd86a5b5cae89372e8427cefb00ca1144bd57667ede44741f7c95,ok,1,16,11,0.8401,30.0,GOAL DONE,0.2,100,,,,0.8,2026-09-22 19:20:32
1251,wastesorting,ours_what_only,03,33,4161225568,experiments_logs/analysis_recent/when_what_original_20260912/00_raw/wastesorting/scene_03_step50/when_what_ours_what_only_thres_0-8_rand_0-4/exp_wastesorting_20260922_192033_003583.txt,10191063ec885300e5e27fd844526f0aa7b6593f02872f5495e70e3957fa33d0,ok,1,7,11,0.828,30.0,GOAL DONE,0.2,100,,,,0.8,2026-09-22 19:20:33
1252,wastesorting,ours,03,33,4161225568,experiments_logs/analysis_recent/when_what_original_20260912/00_raw/wastesorting/scene_03_step50/when_what_ours_thres_0-8_rand_0-4/exp_wastesorting_20260922_192033_985138.txt,f8807a38521d484e6aa94dbda806bfd5173f6cc2ab71d2f9751e3390215ef614,ok,1,6,11,0.8307,30.0,GOAL DONE,0.2,100,,,,0.8,2026-09-22 19:20:33
1253,wastesorting,random,03,34,1924383898,experiments_logs/analysis_recent/when_what_original_20260912/00_raw/wastesorting/scene_03_step50/when_what_random_thres_0-8_rand_0-4/exp_wastesorting_20260922_192034_911045.txt,7013cbc4738a426bebbc083839a5a66584614ac96ca4607b76362777be246e75,ok,1,7,10,0.7783,30.0,GOAL DONE,0.2,100,,,,0.8,2026-09-22 19:20:34
1254,wastesorting,ours_when_only,03,34,1924383898,experiments_logs/analysis_recent/when_what_original_20260912/00_raw/wastesorting/scene_03_step50/when_what_ours_when_only_thres_0-8_rand_0-4/exp_wastesorting_20260922_192035_846632.txt,88cfd02ad5668fcacdf79a57f4f757d636d3f4e4b2571a2fc0272c239bcae5cb,ok,1,13,10,0.783,30.0,GOAL DONE,0.2,100,,,,0.8,2026-09-22 19:20:35
1255,wastesorting,ours_what_only,03,34,1924383898,experiments_logs/analysis_recent/when_what_original_20260912/00_raw/wastesorting/scene_03_step50/when_what_ours_what_only_thres_0-8_rand_0-4/exp_wastesorting_20260922_192036_753170.txt,e9feac0da4aaa2a3cf06a7f931f6bb583ce4e50ff609cc341fd2b55a73be872d,ok,1,5,10,0.76,30.0,GOAL DONE,0.2,100,,,,0.8,2026-09-22 19:20:36
1256,wastesorting,ours,03,34,1924383898,experiments_logs/analysis_recent/when_what_original_20260912/00_raw/wastesorting/scene_03_step50/when_what_ours_thres_0-8_rand_0-4/exp_wastesorting_20260922_192037_669151.txt,f23da8037b75a21bd9ac55910cf7ac593e324c460df56d060872fae4a173ef3e,ok,1,6,10,0.7664,30.0,GOAL DONE,0.2,100,,,,0.8,2026-09-22 19:20:37
1257,wastesorting,random,03,35,2311352574,experiments_logs/analysis_recent/when_what_original_20260912/00_raw/wastesorting/scene_03_step50/when_what_random_thres_0-8_rand_0-4/exp_wastesorting_20260922_192038_553682.txt,100cdfd682e45c3b7ef3db9ee89dd1f6611ea65eeb6853a9f748873ccb90a971,ok,1,5,10,0.7477,30.0,GOAL DONE,0.2,100,,,,0.8,2026-09-22 19:20:38
1258,wastesorting,ours_when_only,03,35,2311352574,experiments_logs/analysis_recent/when_what_original_20260912/00_raw/wastesorting/scene_03_step50/when_what_ours_when_only_thres_0-8_rand_0-4/exp_wastesorting_20260922_192039_467870.txt,cb7ecf74adc4a607379951f9c0a4ad409b405ee36329464c0f72c858274fbbff,ok,1,11,10,0.7659,30.0,GOAL DONE,0.2,100,,,,0.8,2026-09-22 19:20:39
1259,wastesorting,ours_what_only,03,35,2311352574,experiments_logs/analysis_recent/when_what_original_20260912/00_raw/wastesorting/scene_03_step50/when_what_ours_what_only_thres_0-8_rand_0-4/exp_wastesorting_20260922_192040_371514.txt,4135058fd2637fa0369279dd41891f2a37ac81d9b9394fccee15f0a647f8d386,ok,1,5,10,0.7513,30.0,GOAL DONE,0.2,100,,,,0.8,2026-09-22 19:20:40
1260,wastesorting,ours,03,35,2311352574,experiments_logs/analysis_recent/when_what_original_20260912/00_raw/wastesorting/scene_03_step50/when_what_ours_thres_0-8_rand_0-4/exp_wastesorting_20260922_192041_278691.txt,29d61ee65c01e6b57037a6e9af9e8e1ab4ee844120fc75e561ebc80d52e18e89,ok,1,5,10,0.7609,30.0,GOAL DONE,0.2,100,,,,0.8,2026-09-22 19:20:41
1261,wastesorting,random,03,36,170511165,experiments_logs/analysis_recent/when_what_original_20260912/00_raw/wastesorting/scene_03_step50/when_what_random_thres_0-8_rand_0-4/exp_wastesorting_20260922_192042_204457.txt,229195cfac148d66876521072be43b56e7ab40f927ae89001a63085cf6a299d4,ok,1,19,10,0.7757,30.0,GOAL DONE,0.2,100,,,,0.8,2026-09-22 19:20:42
1262,wastesorting,ours_when_only,03,36,170511165,experiments_logs/analysis_recent/when_what_original_20260912/00_raw/wastesorting/scene_03_step50/when_what_ours_when_only_thres_0-8_rand_0-4/exp_wastesorting_20260922_192043_097710.txt,3d44fc0acc417889fa3fd96d1ecb58f6764884dfc42b98ebf088331181c0fd4c,ok,1,14,10,0.7735,30.0,GOAL DONE,0.2,100,,,,0.8,2026-09-22 19:20:43
1263,wastesorting,ours_what_only,03,36,170511165,experiments_logs/analysis_recent/when_what_original_20260912/00_raw/wastesorting/scene_03_step50/when_what_ours_what_only_thres_0-8_rand_0-4/exp_wastesorting_20260922_192044_024919.txt,41ced373d754acd68c20f1c4b85cb6159d94220fc05cbb9d55b3c99a6f71db0e,ok,1,8,10,0.7811,30.0,GOAL DONE,0.2,100,,,,0.8,2026-09-22 19:20:44
1264,wastesorting,ours,03,36,170511165,experiments_logs/analysis_recent/when_what_original_20260912/00_raw/wastesorting/scene_03_step50/when_what_ours_thres_0-8_rand_0-4/exp_wastesorting_20260922_192044_929587.txt,9d432085af930886ff1f33ffd90bb42d3ebe51fc0cbc9b5a470f3fa50c61cf2d,ok,1,5,10,0.7634,30.0,GOAL DONE,0.2,100,,,,0.8,2026-09-22 19:20:44
1265,wastesorting,random,03,37,112909991,experiments_logs/analysis_recent/when_what_original_20260912/00_raw/wastesorting/scene_03_step50/when_what_random_thres_0-8_rand_0-4/exp_wastesorting_20260922_192045_986803.txt,26d45eda9623f327536895560f1615f5725d30875f4b6830d160206f09ed9d1d,ok,1,10,12,0.9047,30.0,GOAL DONE,0.2,100,,,,0.8,2026-09-22 19:20:45
1266,wastesorting,ours_when_only,03,37,112909991,experiments_logs/analysis_recent/when_what_original_20260912/00_raw/wastesorting/scene_03_step50/when_what_ours_when_only_thres_0-8_rand_0-4/exp_wastesorting_20260922_192046_968313.txt,7c2b1bfdc41c958418488daa9155267025f4bb52927ee69b9c396db1be02ea23,ok,1,12,10,0.8283,30.0,GOAL DONE,0.2,100,,,,0.8,2026-09-22 19:20:46
1267,wastesorting,ours_what_only,03,37,112909991,experiments_logs/analysis_recent/when_what_original_20260912/00_raw/wastesorting/scene_03_step50/when_what_ours_what_only_thres_0-8_rand_0-4/exp_wastesorting_20260922_192047_967371.txt,81e329b42f06a04a346bd75770bc72b0252220cf5c5e9058436d07494449febe,ok,1,7,11,0.8574,15.0,GOAL DONE,0.2,100,,,,0.8,2026-09-22 19:20:47
1268,wastesorting,ours,03,37,112909991,experiments_logs/analysis_recent/when_what_original_20260912/00_raw/wastesorting/scene_03_step50/when_what_ours_thres_0-8_rand_0-4/exp_wastesorting_20260922_192048_987824.txt,5b2cff9e115ae63ec23023bb497cf03185e708a3cafdc0f827592c12c5b50e35,ok,1,8,11,0.877,15.0,GOAL DONE,0.2,100,,,,0.8,2026-09-22 19:20:48
1269,wastesorting,random,03,38,119905013,experiments_logs/analysis_recent/when_what_original_20260912/00_raw/wastesorting/scene_03_step50/when_what_random_thres_0-8_rand_0-4/exp_wastesorting_20260922_192049_968235.txt,3f36cf2c02b3cb9e26c13c8222c119e0eae301640ce1a78fdc6cdfd013ee9381,ok,1,17,13,0.8267,15.0,GOAL DONE,0.2,100,,,,0.8,2026-09-22 19:20:49
1270,wastesorting,ours_when_only,03,38,119905013,experiments_logs/analysis_recent/when_what_original_20260912/00_raw/wastesorting/scene_03_step50/when_what_ours_when_only_thres_0-8_rand_0-4/exp_wastesorting_20260922_192050_938386.txt,bc0bdf9ac85d0cdef8142e0551b5974b9cd1869fbbde34e1c52866664886f18c,ok,1,20,13,0.8229,15.0,GOAL DONE,0.2,100,,,,0.8,2026-09-22 19:20:50
1271,wastesorting,ours_what_only,03,38,119905013,experiments_logs/analysis_recent/when_what_original_20260912/00_raw/wastesorting/scene_03_step50/when_what_ours_what_only_thres_0-8_rand_0-4/exp_wastesorting_20260922_192051_910638.txt,a2f966c79e80f3bed33a590522e344891dbcc45576e5a2c309ef36ec38eb138b,ok,1,12,13,0.8247,15.0,GOAL DONE,0.2,100,,,,0.8,2026-09-22 19:20:51
1272,wastesorting,ours,03,38,119905013,experiments_logs/analysis_recent/when_what_original_20260912/00_raw/wastesorting/scene_03_step50/when_what_ours_thres_0-8_rand_0-4/exp_wastesorting_20260922_192052_918860.txt,fe9b936ce79959146b55ccc1ce93a57f198f2a364aeb3aabc1652f98e941f767,ok,1,13,13,0.8583,15.0,GOAL DONE,0.2,100,,,,0.8,2026-09-22 19:20:52
1273,wastesorting,random,03,39,30346021,experiments_logs/analysis_recent/when_what_original_20260912/00_raw/wastesorting/scene_03_step50/when_what_random_thres_0-8_rand_0-4/exp_wastesorting_20260922_192053_863542.txt,82d5da8298af2352d13c34986f17d1ef87fa6745c6df180eb68cd5094e991131,ok,1,14,11,0.7969,30.0,GOAL DONE,0.2,100,,,,0.8,2026-09-22 19:20:53
1274,wastesorting,ours_when_only,03,39,30346021,experiments_logs/analysis_recent/when_what_original_20260912/00_raw/wastesorting/scene_03_step50/when_what_ours_when_only_thres_0-8_rand_0-4/exp_wastesorting_20260922_192054_794207.txt,16acdfb5fdf97183dfbbec6cf5b36c25bde55c9ed2f21239ef7112e34ea470bd,ok,1,13,11,0.7829,30.0,GOAL DONE,0.2,100,,,,0.8,2026-09-22 19:20:54
1275,wastesorting,ours_what_only,03,39,30346021,experiments_logs/analysis_recent/when_what_original_20260912/00_raw/wastesorting/scene_03_step50/when_what_ours_what_only_thres_0-8_rand_0-4/exp_wastesorting_20260922_192055_691131.txt,db52f35870568c296ea3da31633c9dd3b4e4facead43c32c8258b7c189389807,ok,1,7,10,0.7446,15.0,GOAL DONE,0.2,100,,,,0.8,2026-09-22 19:20:55
1276,wastesorting,ours,03,39,30346021,experiments_logs/analysis_recent/when_what_original_20260912/00_raw/wastesorting/scene_03_step50/when_what_ours_thres_0-8_rand_0-4/exp_wastesorting_20260922_192056_599171.txt,f5611d1bad57cc31d47e6721a6775747d56cac75cd562c50050c6ba3171a3b28,ok,1,6,10,0.7505,15.0,GOAL DONE,0.2,100,,,,0.8,2026-09-22 19:20:56
1277,wastesorting,random,03,40,972490330,experiments_logs/analysis_recent/when_what_original_20260912/00_raw/wastesorting/scene_03_step50/when_what_random_thres_0-8_rand_0-4/exp_wastesorting_20260922_192057_489313.txt,82d7a9a7dd02eac602fb283b47953fcd2b00a4994e93f6fe09696135f7e729b7,ok,1,12,10,0.7392,30.0,GOAL DONE,0.2,100,,,,0.8,2026-09-22 19:20:57
1278,wastesorting,ours_when_only,03,40,972490330,experiments_logs/analysis_recent/when_what_original_20260912/00_raw/wastesorting/scene_03_step50/when_what_ours_when_only_thres_0-8_rand_0-4/exp_wastesorting_20260922_192058_362695.txt,58b572d7f7560bd4e2ff3af72a8734a9f73b1c34cb9734c46c4b9facaeea4dce,ok,1,12,10,0.7275,30.0,GOAL DONE,0.2,100,,,,0.8,2026-09-22 19:20:58
1279,wastesorting,ours_what_only,03,40,972490330,experiments_logs/analysis_recent/when_what_original_20260912/00_raw/wastesorting/scene_03_step50/when_what_ours_what_only_thres_0-8_rand_0-4/exp_wastesorting_20260922_192059_237958.txt,768e4ff12d66203c2c87d987e358631f8929d09382198d8f8a2cbf67bbda6948,ok,1,10,10,0.7218,30.0,GOAL DONE,0.2,100,,,,0.8,2026-09-22 19:20:59
1280,wastesorting,ours,03,40,972490330,experiments_logs/analysis_recent/when_what_original_20260912/00_raw/wastesorting/scene_03_step50/when_what_ours_thres_0-8_rand_0-4/exp_wastesorting_20260922_192100_103075.txt,da1366e4a63bb6549d959b1cda5c7e40031aae2c6563d8b37ea07a6a33844ef1,ok,1,8,10,0.7167,30.0,GOAL DONE,0.2,100,,,,0.8,2026-09-22 19:21:00
1281,wastesorting,random,04,1,2842394218,experiments_logs/analysis_recent/when_what_original_20260912/00_raw/wastesorting/scene_04_step50/when_what_random_thres_0-8_rand_0-4/exp_wastesorting_20260922_192101_092674.txt,f3336b16381a4525e6ce36d1b66959a014ddcba3782d4c7553a4bc4190cf1225,ok,1,16,11,0.8369,30.0,GOAL DONE,0.2,100,,,,0.8,2026-09-22 19:21:01
1282,wastesorting,ours_when_only,04,1,2842394218,experiments_logs/analysis_recent/when_what_original_20260912/00_raw/wastesorting/scene_04_step50/when_what_ours_when_only_thres_0-8_rand_0-4/exp_wastesorting_20260922_192102_075671.txt,6fe9dac362149560959f2b2e9872eda6c671ecf5238826c76fe88ac286c58d68,ok,1,11,11,0.8456,30.0,GOAL DONE,0.2,100,,,,0.8,2026-09-22 19:21:02
1283,wastesorting,ours_what_only,04,1,2842394218,experiments_logs/analysis_recent/when_what_original_20260912/00_raw/wastesorting/scene_04_step50/when_what_ours_what_only_thres_0-8_rand_0-4/exp_wastesorting_20260922_192103_035579.txt,0650194919ea0426e17dc97bd7d5234ae88bb05805981cf042bf82da219ff7f8,ok,1,13,10,0.803,15.0,GOAL DONE,0.2,100,,,,0.8,2026-09-22 19:21:03
1284,wastesorting,ours,04,1,2842394218,experiments_logs/analysis_recent/when_what_original_20260912/00_raw/wastesorting/scene_04_step50/when_what_ours_thres_0-8_rand_0-4/exp_wastesorting_20260922_192103_983937.txt,eb9c78aa64a7592c34a59a32905148988ef4c712512464d00192bdfac9b67add,ok,1,10,10,0.7926,15.0,GOAL DONE,0.2,100,,,,0.8,2026-09-22 19:21:03
1285,wastesorting,random,04,2,652899458,experiments_logs/analysis_recent/when_what_original_20260912/00_raw/wastesorting/scene_04_step50/when_what_random_thres_0-8_rand_0-4/exp_wastesorting_20260922_192104_677755.txt,8d58934fca5787ff8feffc3b4f550e55e918e2233b67384e29577c1c1fab455f,ok,0,0,3,0.5512,0.0,PLAN FAILURE,0.2,100,,,,0.8,2026-09-22 19:21:04
1286,wastesorting,ours_when_only,04,2,652899458,experiments_logs/analysis_recent/when_what_original_20260912/00_raw/wastesorting/scene_04_step50/when_what_ours_when_only_thres_0-8_rand_0-4/exp_wastesorting_20260922_192105_615032.txt,7ae53be688fbab1ce0e318ea71d626ab6f81f5970dcfbcddf8868ae454f05691,ok,1,14,10,0.79,15.0,GOAL DONE,0.2,100,,,,0.8,2026-09-22 19:21:05
1287,wastesorting,ours_what_only,04,2,652899458,experiments_logs/analysis_recent/when_what_original_20260912/00_raw/wastesorting/scene_04_step50/when_what_ours_what_only_thres_0-8_rand_0-4/exp_wastesorting_20260922_192106_300710.txt,0e0ae87f1d206a961ebd43589df34a575a306329462c1d81acf398c388b8b4dc,ok,0,0,3,0.5356,0.0,PLAN FAILURE,0.2,100,,,,0.8,2026-09-22 19:21:06
1288,wastesorting,ours,04,2,652899458,experiments_logs/analysis_recent/when_what_original_20260912/00_raw/wastesorting/scene_04_step50/when_what_ours_thres_0-8_rand_0-4/exp_wastesorting_20260922_192107_196426.txt,964b475567e35c983acf4c2c3bd5ead654a451a2c99895f93fc08688ba7246a7,ok,1,9,10,0.7724,15.0,GOAL DONE,0.2,100,,,,0.8,2026-09-22 19:21:07
1289,wastesorting,random,04,3,2840543545,experiments_logs/analysis_recent/when_what_original_20260912/00_raw/wastesorting/scene_04_step50/when_what_random_thres_0-8_rand_0-4/exp_wastesorting_20260922_192108_115229.txt,f1de7221e3bb996d2ca2e698459daefe4b66cbd6218adcb27249aa2a1b20a0fd,ok,1,5,10,0.7668,30.0,GOAL DONE,0.2,100,,,,0.8,2026-09-22 19:21:08
1290,wastesorting,ours_when_only,04,3,2840543545,experiments_logs/analysis_recent/when_what_original_20260912/00_raw/wastesorting/scene_04_step50/when_what_ours_when_only_thres_0-8_rand_0-4/exp_wastesorting_20260922_192109_038266.txt,e54b1a5eaa9911506c0ab857b688d4473a06463164c6ca2a209fe78c413303be,ok,1,19,10,0.7778,30.0,GOAL DONE,0.2,100,,,,0.8,2026-09-22 19:21:09
1291,wastesorting,ours_what_only,04,3,2840543545,experiments_logs/analysis_recent/when_what_original_20260912/00_raw/wastesorting/scene_04_step50/when_what_ours_what_only_thres_0-8_rand_0-4/exp_wastesorting_20260922_192109_955377.txt,bc9274cc6aac291b804463157a6242ade8598152a656bf787af6a6a9fd008284,ok,1,5,10,0.7692,30.0,GOAL DONE,0.2,100,,,,0.8,2026-09-22 19:21:09
1292,wastesorting,ours,04,3,2840543545,experiments_logs/analysis_recent/when_what_original_20260912/00_raw/wastesorting/scene_04_step50/when_what_ours_thres_0-8_rand_0-4/exp_wastesorting_20260922_192110_895834.txt,b57522f3483919ecd914c9f7092caa0727c7d7669158dfccc5e8cbbffd56cd57,ok,1,6,10,0.7946,30.0,GOAL DONE,0.2,100,,,,0.8,2026-09-22 19:21:10
1293,wastesorting,random,04,4,1669646939,experiments_logs/analysis_recent/when_what_original_20260912/00_raw/wastesorting/scene_04_step50/when_what_random_thres_0-8_rand_0-4/exp_wastesorting_20260922_192111_821961.txt,16202b7ff71e94bea1873d2a1c9d2979efc6fdadf149c5578637c93973d25f75,ok,1,4,10,0.7745,30.0,GOAL DONE,0.2,100,,,,0.8,2026-09-22 19:21:11
1294,wastesorting,ours_when_only,04,4,1669646939,experiments_logs/analysis_recent/when_what_original_20260912/00_raw/wastesorting/scene_04_step50/when_what_ours_when_only_thres_0-8_rand_0-4/exp_wastesorting_20260922_192112_803595.txt,e5aec897b2f7d42ba7eaed25e6bf21af06098ae5cfa8edefe0324c2f30e6b0f6,ok,1,14,10,0.8013,30.0,GOAL DONE,0.2,100,,,,0.8,2026-09-22 19:21:12
1295,wastesorting,ours_what_only,04,4,1669646939,experiments_logs/analysis_recent/when_what_original_20260912/00_raw/wastesorting/scene_04_step50/when_what_ours_what_only_thres_0-8_rand_0-4/exp_wastesorting_20260922_192113_725409.txt,ddb8bb16789c1ac52c2bf161f8c86f9fe17ea025e77bed9c0b026b5c2ed4b780,ok,1,4,10,0.7947,30.0,GOAL DONE,0.2,100,,,,0.8,2026-09-22 19:21:13
1296,wastesorting,ours,04,4,1669646939,experiments_logs/analysis_recent/when_what_original_20260912/00_raw/wastesorting/scene_04_step50/when_what_ours_thres_0-8_rand_0-4/exp_wastesorting_20260922_192114_679068.txt,2dfeea9d2bd0c20590c63ca40d2a7b9469df334c2bad66e42fcec423b2708e57,ok,1,7,10,0.7988,30.0,GOAL DONE,0.2,100,,,,0.8,2026-09-22 19:21:14
1297,wastesorting,random,04,5,3632149052,experiments_logs/analysis_recent/when_what_original_20260912/00_raw/wastesorting/scene_04_step50/when_what_random_thres_0-8_rand_0-4/exp_wastesorting_20260922_192115_617856.txt,e60100cba0a30ba54815275ac8e00b45d3ff9349e3b23d1b5f003eeec97677ad,ok,1,17,11,0.7866,30.0,GOAL DONE,0.2,100,,,,0.8,2026-09-22 19:21:15
1298,wastesorting,ours_when_only,04,5,3632149052,experiments_logs/analysis_recent/when_what_original_20260912/00_raw/wastesorting/scene_04_step50/when_what_ours_when_only_thres_0-8_rand_0-4/exp_wastesorting_20260922_192116_586742.txt,9ae3ab11a7c60e8c56efae85b5cc1fd9966037c5f0519492733ff4f405cff68e,ok,1,15,11,0.8198,30.0,GOAL DONE,0.2,100,,,,0.8,2026-09-22 19:21:16
1299,wastesorting,ours_what_only,04,5,3632149052,experiments_logs/analysis_recent/when_what_original_20260912/00_raw/wastesorting/scene_04_step50/when_what_ours_what_only_thres_0-8_rand_0-4/exp_wastesorting_20260922_192117_549809.txt,b98f9623086b77a5c131c6f53c3c4f756edd281ddbd1100c19f85b10234c0358,ok,1,10,11,0.8138,30.0,GOAL DONE,0.2,100,,,,0.8,2026-09-22 19:21:17
1300,wastesorting,ours,04,5,3632149052,experiments_logs/analysis_recent/when_what_original_20260912/00_raw/wastesorting/scene_04_step50/when_what_ours_thres_0-8_rand_0-4/exp_wastesorting_20260922_192118_477953.txt,295632c7343e0ce3f0ff9ae3665fa48d80766ccf6cee5a48f529b0ad17611657,ok,1,7,11,0.785,30.0,GOAL DONE,0.2,100,,,,0.8,2026-09-22 19:21:18
1301,wastesorting,random,04,6,1311079145,experiments_logs/analysis_recent/when_what_original_20260912/00_raw/wastesorting/scene_04_step50/when_what_random_thres_0-8_rand_0-4/exp_wastesorting_20260922_192119_392371.txt,1f09a60bc23195a8fb25ea3f9e6c4b4e2f107c5cfcbeb1a8f8efe0fceb57bf6b,ok,1,4,10,0.7696,30.0,GOAL DONE,0.2,100,,,,0.8,2026-09-22 19:21:19
1302,wastesorting,ours_when_only,04,6,1311079145,experiments_logs/analysis_recent/when_what_original_20260912/00_raw/wastesorting/scene_04_step50/when_what_ours_when_only_thres_0-8_rand_0-4/exp_wastesorting_20260922_192120_313875.txt,ee22847016091ef06ad5edef35fdcfcd7a7765f61774bd84b49629595d894e0a,ok,1,14,10,0.7755,30.0,GOAL DONE,0.2,100,,,,0.8,2026-09-22 19:21:20
1303,wastesorting,ours_what_only,04,6,1311079145,experiments_logs/analysis_recent/when_what_original_20260912/00_raw/wastesorting/scene_04_step50/when_what_ours_what_only_thres_0-8_rand_0-4/exp_wastesorting_20260922_192121_210159.txt,68874df2b395d973b9d573b2ea86e74ba18fd28268b6c513c3b0f99f28c4b80f,ok,1,4,10,0.755,30.0,GOAL DONE,0.2,100,,,,0.8,2026-09-22 19:21:21
1304,wastesorting,ours,04,6,1311079145,experiments_logs/analysis_recent/when_what_original_20260912/00_raw/wastesorting/scene_04_step50/when_what_ours_thres_0-8_rand_0-4/exp_wastesorting_20260922_192122_136552.txt,19cdd9b57f75233a07660bfa9015362ef2850ad5a18910c6166535d6c6a6f203,ok,1,6,10,0.7795,30.0,GOAL DONE,0.2,100,,,,0.8,2026-09-22 19:21:22
1305,wastesorting,random,04,7,1047800473,experiments_logs/analysis_recent/when_what_original_20260912/00_raw/wastesorting/scene_04_step50/when_what_random_thres_0-8_rand_0-4/exp_wastesorting_20260922_192123_031093.txt,514119c0a01fe0206ad21e013e4a8b06088644336af2f1350f01d069404929a2,ok,1,3,10,0.74,30.0,GOAL DONE,0.2,100,,,,0.8,2026-09-22 19:21:23
1306,wastesorting,ours_when_only,04,7,1047800473,experiments_logs/analysis_recent/when_what_original_20260912/00_raw/wastesorting/scene_04_step50/when_what_ours_when_only_thres_0-8_rand_0-4/exp_wastesorting_20260922_192123_949866.txt,635b03ace6529192727c1ee06b145a174967e7f8e952f2cee36ec0cb60b40de6,ok,1,13,10,0.7642,30.0,GOAL DONE,0.2,100,,,,0.8,2026-09-22 19:21:23
1307,wastesorting,ours_what_only,04,7,1047800473,experiments_logs/analysis_recent/when_what_original_20260912/00_raw/wastesorting/scene_04_step50/when_what_ours_what_only_thres_0-8_rand_0-4/exp_wastesorting_20260922_192124_844055.txt,f59c6909c86f3cb4605f885b8fa6306594d015a04b7ec731f3e39cdfef15b33a,ok,1,3,10,0.7444,30.0,GOAL DONE,0.2,100,,,,0.8,2026-09-22 19:21:24
1308,wastesorting,ours,04,7,1047800473,experiments_logs/analysis_recent/when_what_original_20260912/00_raw/wastesorting/scene_04_step50/when_what_ours_thres_0-8_rand_0-4/exp_wastesorting_20260922_192125_752878.txt,ceb815e335dcd0095902b180800231b0a7b1d7e51dbc6e56c8879f8af085c497,ok,1,6,10,0.7605,30.0,GOAL DONE,0.2,100,,,,0.8,2026-09-22 19:21:25
1309,wastesorting,random,04,8,1617075458,experiments_logs/analysis_recent/when_what_original_20260912/00_raw/wastesorting/scene_04_step50/when_what_random_thres_0-8_rand_0-4/exp_wastesorting_20260922_192126_539774.txt,f2a8f42bdddbd51476f4af64b469bbabfbed31332005035b9393fc246b611ed9,ok,0,2,5,0.641,5.0,PLAN FAILURE,0.2,100,,,,0.8,2026-09-22 19:21:26
1310,wastesorting,ours_when_only,04,8,1617075458,experiments_logs/analysis_recent/when_what_original_20260912/00_raw/wastesorting/scene_04_step50/when_what_ours_when_only_thres_0-8_rand_0-4/exp_wastesorting_20260922_192127_478665.txt,7a4d32c60a8924b671c21e31a7d0bd98f88e3814e2d3f5c065abec25f317a265,ok,1,16,10,0.7854,30.0,GOAL DONE,0.2,100,,,,0.8,2026-09-22 19:21:27
1311,wastesorting,ours_what_only,04,8,1617075458,experiments_logs/analysis_recent/when_what_original_20260912/00_raw/wastesorting/scene_04_step50/when_what_ours_what_only_thres_0-8_rand_0-4/exp_wastesorting_20260922_192128_238272.txt,5a938dc58dc54c72c43f952e0a21226d6b241f2bfaa7a5b5bb34eae85c29f991,ok,0,2,5,0.6154,5.0,PLAN FAILURE,0.2,100,,,,0.8,2026-09-22 19:21:28
1312,wastesorting,ours,04,8,1617075458,experiments_logs/analysis_recent/when_what_original_20260912/00_raw/wastesorting/scene_04_step50/when_what_ours_thres_0-8_rand_0-4/exp_wastesorting_20260922_192129_143655.txt,c84d4efb20612e2ab094a0dde3a73e44c8f275409d33c010db6f0cbadb994f90,ok,1,10,10,0.7611,30.0,GOAL DONE,0.2,100,,,,0.8,2026-09-22 19:21:29
1313,wastesorting,random,04,9,2234030568,experiments_logs/analysis_recent/when_what_original_20260912/00_raw/wastesorting/scene_04_step50/when_what_random_thres_0-8_rand_0-4/exp_wastesorting_20260922_192130_073510.txt,65b4e610e101a3f30a51e7f4e73c25dc773e47a6b1b5047b3abcce4a9cb3389b,ok,1,21,10,0.7844,15.0,GOAL DONE,0.2,100,,,,0.8,2026-09-22 19:21:30
1314,wastesorting,ours_when_only,04,9,2234030568,experiments_logs/analysis_recent/when_what_original_20260912/00_raw/wastesorting/scene_04_step50/when_what_ours_when_only_thres_0-8_rand_0-4/exp_wastesorting_20260922_192131_002806.txt,e2b95ad1a430a9f2263a7488376e07fe5969bbb846b7e387fb70065c472bcd07,ok,1,20,10,0.7851,15.0,GOAL DONE,0.2,100,,,,0.8,2026-09-22 19:21:31
1315,wastesorting,ours_what_only,04,9,2234030568,experiments_logs/analysis_recent/when_what_original_20260912/00_raw/wastesorting/scene_04_step50/when_what_ours_what_only_thres_0-8_rand_0-4/exp_wastesorting_20260922_192131_920764.txt,0d0735de91b271e486e987b6a3d0ebbecd145d703bef23701343b9d6aa3ec25e,ok,1,9,10,0.7672,15.0,GOAL DONE,0.2,100,,,,0.8,2026-09-22 19:21:31
1316,wastesorting,ours,04,9,2234030568,experiments_logs/analysis_recent/when_what_original_20260912/00_raw/wastesorting/scene_04_step50/when_what_ours_thres_0-8_rand_0-4/exp_wastesorting_20260922_192132_852422.txt,e205aa0c44487a15240c4c0ba1c5a6831c7f293e2c55dc642492ddb51cc9798b,ok,1,8,10,0.7853,15.0,GOAL DONE,0.2,100,,,,0.8,2026-09-22 19:21:32
1317,wastesorting,random,04,10,2212527469,experiments_logs/analysis_recent/when_what_original_20260912/00_raw/wastesorting/scene_04_step50/when_what_random_thres_0-8_rand_0-4/exp_wastesorting_20260922_192133_808563.txt,57c34d7150e4c23bacf489ea51982e3ba9909b473f82a3ef59a2a991e54035ce,ok,1,15,10,0.8105,30.0,GOAL DONE,0.2,100,,,,0.8,2026-09-22 19:21:33
1318,wastesorting,ours_when_only,04,10,2212527469,experiments_logs/analysis_recent/when_what_original_20260912/00_raw/wastesorting/scene_04_step50/when_what_ours_when_only_thres_0-8_rand_0-4/exp_wastesorting_20260922_192134_782530.txt,043b9383aabe266a505664cfe38d4b68ae8a61caedc16b518ad55ef65a24b824,ok,1,14,10,0.8092,30.0,GOAL DONE,0.2,100,,,,0.8,2026-09-22 19:21:34
1319,wastesorting,ours_what_only,04,10,2212527469,experiments_logs/analysis_recent/when_what_original_20260912/00_raw/wastesorting/scene_04_step50/when_what_ours_what_only_thres_0-8_rand_0-4/exp_wastesorting_20260922_192135_725020.txt,57fac1bc2163fb4e30b446f4c73b385dcc044ffda7b94086d220c304161bb4a8,ok,1,11,10,0.7961,30.0,GOAL DONE,0.2,100,,,,0.8,2026-09-22 19:21:35
1320,wastesorting,ours,04,10,2212527469,experiments_logs/analysis_recent/when_what_original_20260912/00_raw/wastesorting/scene_04_step50/when_what_ours_thres_0-8_rand_0-4/exp_wastesorting_20260922_192136_676394.txt,7fc97753b57f2299cead770dc1e29bac2d9d1772feccb5bbff9ce66a8de8f5c3,ok,1,9,10,0.8079,30.0,GOAL DONE,0.2,100,,,,0.8,2026-09-22 19:21:36
1321,wastesorting,random,04,11,3669918805,experiments_logs/analysis_recent/when_what_original_20260912/00_raw/wastesorting/scene_04_step50/when_what_random_thres_0-8_rand_0-4/exp_wastesorting_20260922_192137_633765.txt,d1f3a91ea35f3de2c5e527c41f52cddf4f3f414698512baebbfafbbe17d2c4ec,ok,1,5,11,0.8263,30.0,GOAL DONE,0.2,100,,,,0.8,2026-09-22 19:21:37
1322,wastesorting,ours_when_only,04,11,3669918805,experiments_logs/analysis_recent/when_what_original_20260912/00_raw/wastesorting/scene_04_step50/when_what_ours_when_only_thres_0-8_rand_0-4/exp_wastesorting_20260922_192138_624759.txt,c382b79a46596f5e19519e3d8137fa8934736382a82e68732a800caa4e994d24,ok,1,12,11,0.8423,30.0,GOAL DONE,0.2,100,,,,0.8,2026-09-22 19:21:38
1323,wastesorting,ours_what_only,04,11,3669918805,experiments_logs/analysis_recent/when_what_original_20260912/00_raw/wastesorting/scene_04_step50/when_what_ours_what_only_thres_0-8_rand_0-4/exp_wastesorting_20260922_192139_584769.txt,4146d3f2c212153bb8441b2c259344d8721596f697fe25982fb4d9c34bc86936,ok,1,5,11,0.8184,30.0,GOAL DONE,0.2,100,,,,0.8,2026-09-22 19:21:39
1324,wastesorting,ours,04,11,3669918805,experiments_logs/analysis_recent/when_what_original_20260912/00_raw/wastesorting/scene_04_step50/when_what_ours_thres_0-8_rand_0-4/exp_wastesorting_20260922_192140_608657.txt,307e06b26f62613373938bf3fa32b74bb26e42a9b8426f75258920a381e5a42d,ok,1,7,10,0.879,15.0,GOAL DONE,0.2,100,,,,0.8,2026-09-22 19:21:40
1325,wastesorting,random,04,12,2171966882,experiments_logs/analysis_recent/when_what_original_20260912/00_raw/wastesorting/scene_04_step50/when_what_random_thres_0-8_rand_0-4/exp_wastesorting_20260922_192141_572800.txt,67f667f7e85706a16b89d7df1c92443e52dfc805129361a9f68083685016a6fb,ok,1,5,12,0.819,30.0,GOAL DONE,0.2,100,,,,0.8,2026-09-22 19:21:41
1326,wastesorting,ours_when_only,04,12,2171966882,experiments_logs/analysis_recent/when_what_original_20260912/00_raw/wastesorting/scene_04_step50/when_what_ours_when_only_thres_0-8_rand_0-4/exp_wastesorting_20260922_192142_556672.txt,484025d35883b2524fb5cf5e25798647eedbdb6b94547f2dec22035c96e7bb01,ok,1,14,12,0.8287,30.0,GOAL DONE,0.2,100,,,,0.8,2026-09-22 19:21:42
1327,wastesorting,ours_what_only,04,12,2171966882,experiments_logs/analysis_recent/when_what_original_20260912/00_raw/wastesorting/scene_04_step50/when_what_ours_what_only_thres_0-8_rand_0-4/exp_wastesorting_20260922_192143_523702.txt,2186b2ec5366d613821782525421a206d26079f2d6f42e731e8971177dc9672c,ok,1,5,12,0.8182,30.0,GOAL DONE,0.2,100,,,,0.8,2026-09-22 19:21:43
1328,wastesorting,ours,04,12,2171966882,experiments_logs/analysis_recent/when_what_original_20260912/00_raw/wastesorting/scene_04_step50/when_what_ours_thres_0-8_rand_0-4/exp_wastesorting_20260922_192144_474159.txt,1d8bac09f51b7fee6ba3dad99e58ea9aec624f5039b61e7c25735ac8460c43a6,ok,1,8,12,0.8071,30.0,GOAL DONE,0.2,100,,,,0.8,2026-09-22 19:21:44
1329,wastesorting,random,04,13,2285003294,experiments_logs/analysis_recent/when_what_original_20260912/00_raw/wastesorting/scene_04_step50/when_what_random_thres_0-8_rand_0-4/exp_wastesorting_20260922_192145_146538.txt,202ed5144235b4d7a9dfc89a0ae3d39097355e933e303f5c3d179b80a00ff33c,ok,0,1,3,0.5193,0.0,PLAN FAILURE,0.2,100,,,,0.8,2026-09-22 19:21:45
1330,wastesorting,ours_when_only,04,13,2285003294,experiments_logs/analysis_recent/when_what_original_20260912/00_raw/wastesorting/scene_04_step50/when_what_ours_when_only_thres_0-8_rand_0-4/exp_wastesorting_20260922_192146_026979.txt,f374d61bc545391e76aa23f620aa575d2eedbd5db4aa848884c38210dd87b1d9,ok,1,19,10,0.7553,30.0,GOAL DONE,0.2,100,,,,0.8,2026-09-22 19:21:46
1331,wastesorting,ours_what_only,04,13,2285003294,experiments_logs/analysis_recent/when_what_original_20260912/00_raw/wastesorting/scene_04_step50/when_what_ours_what_only_thres_0-8_rand_0-4/exp_wastesorting_20260922_192146_692989.txt,0e4549a2099d6cc28cf365588a92664f5d23d0817dd40a5606a54efcee70d0cd,ok,0,1,3,0.5151,0.0,PLAN FAILURE,0.2,100,,,,0.8,2026-09-22 19:21:46
1332,wastesorting,ours,04,13,2285003294,experiments_logs/analysis_recent/when_what_original_20260912/00_raw/wastesorting/scene_04_step50/when_what_ours_thres_0-8_rand_0-4/exp_wastesorting_20260922_192147_591619.txt,4468ecad6616038b4b8cdcbfc7ec82c9dc7eee4473103fece5784ac52d26fc9b,ok,1,8,10,0.7526,30.0,GOAL DONE,0.2,100,,,,0.8,2026-09-22 19:21:47
1333,wastesorting,random,04,14,225601161,experiments_logs/analysis_recent/when_what_original_20260912/00_raw/wastesorting/scene_04_step50/when_what_random_thres_0-8_rand_0-4/exp_wastesorting_20260922_192148_509793.txt,75b6f34975f9a53a988ef081697581eb0fa406cae0c242412ba8933e50bb3d68,ok,1,2,10,0.7683,30.0,GOAL DONE,0.2,100,,,,0.8,2026-09-22 19:21:48
1334,wastesorting,ours_when_only,04,14,225601161,experiments_logs/analysis_recent/when_what_original_20260912/00_raw/wastesorting/scene_04_step50/when_what_ours_when_only_thres_0-8_rand_0-4/exp_wastesorting_20260922_192149_444400.txt,e112ab7b8c9e4e97abd39d508c6b2f0271fb1ac45dfd08e44533e814fa7aaaa0,ok,1,15,10,0.7871,30.0,GOAL DONE,0.2,100,,,,0.8,2026-09-22 19:21:49
1335,wastesorting,ours_what_only,04,14,225601161,experiments_logs/analysis_recent/when_what_original_20260912/00_raw/wastesorting/scene_04_step50/when_what_ours_what_only_thres_0-8_rand_0-4/exp_wastesorting_20260922_192150_368734.txt,06bffdc1e6a3dc46040220ef0862f501718d4760aacae37e869d7bbdf2ced84b,ok,1,2,10,0.7777,30.0,GOAL DONE,0.2,100,,,,0.8,2026-09-22 19:21:50
1336,wastesorting,ours,04,14,225601161,experiments_logs/analysis_recent/when_what_original_20260912/00_raw/wastesorting/scene_04_step50/when_what_ours_thres_0-8_rand_0-4/exp_wastesorting_20260922_192151_300603.txt,bbad6e8bd0f8a1ac82b95fe7ded549a5d732c0b810b9a59db0dded5892e33d1c,ok,1,6,10,0.7824,30.0,GOAL DONE,0.2,100,,,,0.8,2026-09-22 19:21:51
1337,wastesorting,random,04,15,4121901153,experiments_logs/analysis_recent/when_what_original_20260912/00_raw/wastesorting/scene_04_step50/when_what_random_thres_0-8_rand_0-4/exp_wastesorting_20260922_192152_290775.txt,af96a2475ca98c72a26ea90f1b6bc5f7b865121415fa9491f0b1067b3711c1b2,ok,1,14,12,0.839,30.0,GOAL DONE,0.2,100,,,,0.8,2026-09-22 19:21:52
1338,wastesorting,ours_when_only,04,15,4121901153,experiments_logs/analysis_recent/when_what_original_20260912/00_raw/wastesorting/scene_04_step50/when_what_ours_when_only_thres_0-8_rand_0-4/exp_wastesorting_20260922_192153_279345.txt,1411b12651836157c049ccb158cb2a53d042f38fa794f8b2f881446da8af6ea2,ok,1,15,11,0.8308,30.0,GOAL DONE,0.2,100,,,,0.8,2026-09-22 19:21:53
1339,wastesorting,ours_what_only,04,15,4121901153,experiments_logs/analysis_recent/when_what_original_20260912/00_raw/wastesorting/scene_04_step50/when_what_ours_what_only_thres_0-8_rand_0-4/exp_wastesorting_20260922_192154_234844.txt,eaf4d696fa5b374e346196c403277ba819f8c610343b9efcd0c9a0cc87140c0e,ok,1,8,11,0.8051,15.0,GOAL DONE,0.2,100,,,,0.8,2026-09-22 19:21:54
1340,wastesorting,ours,04,15,4121901153,experiments_logs/analysis_recent/when_what_original_20260912/00_raw/wastesorting/scene_04_step50/when_what_ours_thres_0-8_rand_0-4/exp_wastesorting_20260922_192155_188340.txt,03296c33b2ae8b8930e3c21bf029a8db9a792cd525710814b4263515e2a0f854,ok,1,8,11,0.7957,15.0,GOAL DONE,0.2,100,,,,0.8,2026-09-22 19:21:55
1341,wastesorting,random,04,16,2752520662,experiments_logs/analysis_recent/when_what_original_20260912/00_raw/wastesorting/scene_04_step50/when_what_random_thres_0-8_rand_0-4/exp_wastesorting_20260922_192156_218337.txt,27ff0bdf0b52aba5d1a999da5381bd95fc9fd6b866b91f6d1e04d86657f0e1fa,ok,1,21,11,0.8814,30.0,GOAL DONE,0.2,100,,,,0.8,2026-09-22 19:21:56
1342,wastesorting,ours_when_only,04,16,2752520662,experiments_logs/analysis_recent/when_what_original_20260912/00_raw/wastesorting/scene_04_step50/when_what_ours_when_only_thres_0-8_rand_0-4/exp_wastesorting_20260922_192157_232756.txt,ef8b3b93fa0ecb7131e37005e08e1269b0d09f1a68f4f9521e2dfb3545be76fb,ok,1,18,11,0.8595,30.0,GOAL DONE,0.2,100,,,,0.8,2026-09-22 19:21:57
1343,wastesorting,ours_what_only,04,16,2752520662,experiments_logs/analysis_recent/when_what_original_20260912/00_raw/wastesorting/scene_04_step50/when_what_ours_what_only_thres_0-8_rand_0-4/exp_wastesorting_20260922_192158_363430.txt,63bd693b1537bc3544a4b2dba3a7b39a90b73d326c6ebb3f64b39ba6c4861f94,ok,1,15,11,0.9874,30.0,GOAL DONE,0.2,100,,,,0.8,2026-09-22 19:21:58
1344,wastesorting,ours,04,16,2752520662,experiments_logs/analysis_recent/when_what_original_20260912/00_raw/wastesorting/scene_04_step50/when_what_ours_thres_0-8_rand_0-4/exp_wastesorting_20260922_192159_516788.txt,8a1d26f2cfae51506fecbea85048be26486f1a2874e3200db98e45616e2ebe55,ok,1,10,11,1.0051,30.0,GOAL DONE,0.2,100,,,,0.8,2026-09-22 19:21:59
1345,wastesorting,random,04,17,1160982749,experiments_logs/analysis_recent/when_what_original_20260912/00_raw/wastesorting/scene_04_step50/when_what_random_thres_0-8_rand_0-4/exp_wastesorting_20260922_192200_481024.txt,a341803444ac54a27c346baaf2b06a95b5783d5d57d7a8f68f374948d7823b2f,ok,1,17,10,0.8148,30.0,GOAL DONE,0.2,100,,,,0.8,2026-09-22 19:22:00
1346,wastesorting,ours_when_only,04,17,1160982749,experiments_logs/analysis_recent/when_what_original_20260912/00_raw/wastesorting/scene_04_step50/when_what_ours_when_only_thres_0-8_rand_0-4/exp_wastesorting_20260922_192201_450102.txt,d6aea3e89e727bdd3a690e8b14409c0bb790e0e590befe0379e149198acba220,ok,1,14,10,0.8032,30.0,GOAL DONE,0.2,100,,,,0.8,2026-09-22 19:22:01
1347,wastesorting,ours_what_only,04,17,1160982749,experiments_logs/analysis_recent/when_what_original_20260912/00_raw/wastesorting/scene_04_step50/when_what_ours_what_only_thres_0-8_rand_0-4/exp_wastesorting_20260922_192202_425036.txt,1163dbf6720f5bec6c42ac06c8b2488e40248b7980b88c9affb226552c2664fd,ok,1,13,10,0.8261,30.0,GOAL DONE,0.2,100,,,,0.8,2026-09-22 19:22:02
1348,wastesorting,ours,04,17,1160982749,experiments_logs/analysis_recent/when_what_original_20260912/00_raw/wastesorting/scene_04_step50/when_what_ours_thres_0-8_rand_0-4/exp_wastesorting_20260922_192203_374670.txt,c343d7b8d5a4fc8e77cde87891ef90caa5d0bdbc2eb6642bf3bdd5e1603c4250,ok,1,10,10,0.8003,30.0,GOAL DONE,0.2,100,,,,0.8,2026-09-22 19:22:03
1349,wastesorting,random,04,18,4060653491,experiments_logs/analysis_recent/when_what_original_20260912/00_raw/wastesorting/scene_04_step50/when_what_random_thres_0-8_rand_0-4/exp_wastesorting_20260922_192204_434829.txt,21ca6edf6c4cc4dec47249ed941d66e267ddea77e8a3fb7b9c3c37eddf54dac7,ok,1,15,12,0.9146,30.0,GOAL DONE,0.2,100,,,,0.8,2026-09-22 19:22:04
1350,wastesorting,ours_when_only,04,18,4060653491,experiments_logs/analysis_recent/when_what_original_20260912/00_raw/wastesorting/scene_04_step50/when_what_ours_when_only_thres_0-8_rand_0-4/exp_wastesorting_20260922_192205_499453.txt,2ac996e62bac44d42eb1a46605760ac7d48689dacc26747a5477181e1181dc70,ok,1,18,12,0.9155,30.0,GOAL DONE,0.2,100,,,,0.8,2026-09-22 19:22:05
1351,wastesorting,ours_what_only,04,18,4060653491,experiments_logs/analysis_recent/when_what_original_20260912/00_raw/wastesorting/scene_04_step50/when_what_ours_what_only_thres_0-8_rand_0-4/exp_wastesorting_20260922_192206_546656.txt,6c831e4f01b792a3fe24cb960d907d0af23170068af086d9cbdf970ff91a9d8e,ok,1,8,12,0.8993,30.0,GOAL DONE,0.2,100,,,,0.8,2026-09-22 19:22:06
1352,wastesorting,ours,04,18,4060653491,experiments_logs/analysis_recent/when_what_original_20260912/00_raw/wastesorting/scene_04_step50/when_what_ours_thres_0-8_rand_0-4/exp_wastesorting_20260922_192207_588564.txt,0a4b062b1a0075ec5b1ae40f7f0d0d41ddfabde975ea4a3c37b6a7210239eba7,ok,1,8,12,0.9156,30.0,GOAL DONE,0.2,100,,,,0.8,2026-09-22 19:22:07
1353,wastesorting,random,04,19,1061794476,experiments_logs/analysis_recent/when_what_original_20260912/00_raw/wastesorting/scene_04_step50/when_what_random_thres_0-8_rand_0-4/exp_wastesorting_20260922_192208_513562.txt,879d5e86642fb27b209ffae60f0d70941652d2b8587ef2ed655b8ebacc48ecbc,ok,1,16,10,0.7732,30.0,GOAL DONE,0.2,100,,,,0.8,2026-09-22 19:22:08
1354,wastesorting,ours_when_only,04,19,1061794476,experiments_logs/analysis_recent/when_what_original_20260912/00_raw/wastesorting/scene_04_step50/when_what_ours_when_only_thres_0-8_rand_0-4/exp_wastesorting_20260922_192209_396902.txt,fb430049362e4a7adf8e18e4e13c2ef6e1091cdb6164adcfdc32245af0b51113,ok,1,12,10,0.7397,30.0,GOAL DONE,0.2,100,,,,0.8,2026-09-22 19:22:09
1355,wastesorting,ours_what_only,04,19,1061794476,experiments_logs/analysis_recent/when_what_original_20260912/00_raw/wastesorting/scene_04_step50/when_what_ours_what_only_thres_0-8_rand_0-4/exp_wastesorting_20260922_192210_517678.txt,f93c1299c7fe1fc36538de034a6630c39b32f0c24be2b95587c64523c4977b9d,ok,1,10,11,0.9755,30.0,GOAL DONE,0.2,100,,,,0.8,2026-09-22 19:22:10
1356,wastesorting,ours,04,19,1061794476,experiments_logs/analysis_recent/when_what_original_20260912/00_raw/wastesorting/scene_04_step50/when_what_ours_thres_0-8_rand_0-4/exp_wastesorting_20260922_192211_631458.txt,f332d5bcc2d88ff3b04d9b804bda0b69214728c0eaedc0dc49b803b2e11d4695,ok,1,9,11,0.9626,30.0,GOAL DONE,0.2,100,,,,0.8,2026-09-22 19:22:11
1357,wastesorting,random,04,20,3569717717,experiments_logs/analysis_recent/when_what_original_20260912/00_raw/wastesorting/scene_04_step50/when_what_random_thres_0-8_rand_0-4/exp_wastesorting_20260922_192212_682063.txt,602728f90e913182fd748ee8e35ecbfd05e3e93397ff33839d3c07c8b2b7838d,ok,1,19,12,0.8899,30.0,GOAL DONE,0.2,100,,,,0.8,2026-09-22 19:22:12
1358,wastesorting,ours_when_only,04,20,3569717717,experiments_logs/analysis_recent/when_what_original_20260912/00_raw/wastesorting/scene_04_step50/when_what_ours_when_only_thres_0-8_rand_0-4/exp_wastesorting_20260922_192213_711894.txt,a3a8be396964f769a31ad15e22e89a8e010407a93b0874a4f6376591421aef97,ok,1,19,12,0.8796,30.0,GOAL DONE,0.2,100,,,,0.8,2026-09-22 19:22:13
1359,wastesorting,ours_what_only,04,20,3569717717,experiments_logs/analysis_recent/when_what_original_20260912/00_raw/wastesorting/scene_04_step50/when_what_ours_what_only_thres_0-8_rand_0-4/exp_wastesorting_20260922_192214_754231.txt,93c65b631f8459201905071812ba14765bd99f6e6b485a83ba94588925c09352,ok,1,9,12,0.8702,5.0,GOAL DONE,0.2,100,,,,0.8,2026-09-22 19:22:14
1360,wastesorting,ours,04,20,3569717717,experiments_logs/analysis_recent/when_what_original_20260912/00_raw/wastesorting/scene_04_step50/when_what_ours_thres_0-8_rand_0-4/exp_wastesorting_20260922_192215_716862.txt,56df0ac65bc5d26a1d5626dd33b12f144f20b45d77e13bf31b2fc45c29cb7ed1,ok,1,12,11,0.8189,5.0,GOAL DONE,0.2,100,,,,0.8,2026-09-22 19:22:15
1361,wastesorting,random,04,21,3408972385,experiments_logs/analysis_recent/when_what_original_20260912/00_raw/wastesorting/scene_04_step50/when_what_random_thres_0-8_rand_0-4/exp_wastesorting_20260922_192216_731336.txt,c039dc007c8912b4f79497d0de6c937740e7b2cfdddbcfb298f0860baf358e34,ok,1,4,11,0.8117,30.0,GOAL DONE,0.2,100,,,,0.8,2026-09-22 19:22:16
1362,wastesorting,ours_when_only,04,21,3408972385,experiments_logs/analysis_recent/when_what_original_20260912/00_raw/wastesorting/scene_04_step50/when_what_ours_when_only_thres_0-8_rand_0-4/exp_wastesorting_20260922_192217_702158.txt,3c9c789c745a16e13d145182f9e2b6ca2c761e08c688e1e88b0a965d0d37786c,ok,1,18,11,0.8174,30.0,GOAL DONE,0.2,100,,,,0.8,2026-09-22 19:22:17
1363,wastesorting,ours_what_only,04,21,3408972385,experiments_logs/analysis_recent/when_what_original_20260912/00_raw/wastesorting/scene_04_step50/when_what_ours_what_only_thres_0-8_rand_0-4/exp_wastesorting_20260922_192218_648013.txt,e8c29beae65bbc4de1c6a7413965c73c2b912079569469d880eef536369bf340,ok,1,2,11,0.7989,30.0,GOAL DONE,0.2,100,,,,0.8,2026-09-22 19:22:18
1364,wastesorting,ours,04,21,3408972385,experiments_logs/analysis_recent/when_what_original_20260912/00_raw/wastesorting/scene_04_step50/when_what_ours_thres_0-8_rand_0-4/exp_wastesorting_20260922_192219_547793.txt,6bff2980758be8c452d43eef542ab2ecdf204e28a4efd876085376f57bc92b7c,ok,1,7,10,0.7759,15.0,GOAL DONE,0.2,100,,,,0.8,2026-09-22 19:22:19
1365,wastesorting,random,04,22,2521883784,experiments_logs/analysis_recent/when_what_original_20260912/00_raw/wastesorting/scene_04_step50/when_what_random_thres_0-8_rand_0-4/exp_wastesorting_20260922_192220_546128.txt,03844b790d1696cb3a64e39209424f26cef7f7706b83c3f356d5af3ac5e996a8,ok,0,5,12,0.8461,15.0,PLAN FAILURE,0.2,100,,,,0.8,2026-09-22 19:22:20
1366,wastesorting,ours_when_only,04,22,2521883784,experiments_logs/analysis_recent/when_what_original_20260912/00_raw/wastesorting/scene_04_step50/when_what_ours_when_only_thres_0-8_rand_0-4/exp_wastesorting_20260922_192221_578608.txt,c74a4c8c10c9d1a30f6e0baacd9d39924581d748256e31d117d1da3ad64c1e97,ok,1,20,12,0.8879,30.0,GOAL DONE,0.2,100,,,,0.8,2026-09-22 19:22:21
1367,wastesorting,ours_what_only,04,22,2521883784,experiments_logs/analysis_recent/when_what_original_20260912/00_raw/wastesorting/scene_04_step50/when_what_ours_what_only_thres_0-8_rand_0-4/exp_wastesorting_20260922_192222_574428.txt,3e26c082aa4b0d6cc2828b573b4b19655d4dc9f15ccffbb54c128d3d52124917,ok,0,5,12,0.8643,15.0,PLAN FAILURE,0.2,100,,,,0.8,2026-09-22 19:22:22
1368,wastesorting,ours,04,22,2521883784,experiments_logs/analysis_recent/when_what_original_20260912/00_raw/wastesorting/scene_04_step50/when_what_ours_thres_0-8_rand_0-4/exp_wastesorting_20260922_192223_562480.txt,0d6efbabeaf4ec1bc1dee96c0a8cb4cb3ded8995ff6e912dd3590fc34f9e2418,ok,1,9,11,0.8438,15.0,GOAL DONE,0.2,100,,,,0.8,2026-09-22 19:22:23
1369,wastesorting,random,04,23,248219670,experiments_logs/analysis_recent/when_what_original_20260912/00_raw/wastesorting/scene_04_step50/when_what_random_thres_0-8_rand_0-4/exp_wastesorting_20260922_192224_490330.txt,f099fff4d0e5b32d13cf1c0f85db6f8c8d0bcdbfdf31d94dde80b866d6216500,ok,1,14,10,0.7855,30.0,GOAL DONE,0.2,100,,,,0.8,2026-09-22 19:22:24
1370,wastesorting,ours_when_only,04,23,248219670,experiments_logs/analysis_recent/when_what_original_20260912/00_raw/wastesorting/scene_04_step50/when_what_ours_when_only_thres_0-8_rand_0-4/exp_wastesorting_20260922_192225_416261.txt,15d0cf2bdcc2ae1aee828ea3e7b30c1bd4f302613c7dae3a7c1431d8f267a0ed,ok,1,16,10,0.776,30.0,GOAL DONE,0.2,100,,,,0.8,2026-09-22 19:22:25
1371,wastesorting,ours_what_only,04,23,248219670,experiments_logs/analysis_recent/when_what_original_20260912/00_raw/wastesorting/scene_04_step50/when_what_ours_what_only_thres_0-8_rand_0-4/exp_wastesorting_20260922_192226_358112.txt,d912c234a36ae00e0465488c032edc41e5c484441f1646700062ec227b35ce5c,ok,1,7,10,0.795,30.0,GOAL DONE,0.2,100,,,,0.8,2026-09-22 19:22:26
1372,wastesorting,ours,04,23,248219670,experiments_logs/analysis_recent/when_what_original_20260912/00_raw/wastesorting/scene_04_step50/when_what_ours_thres_0-8_rand_0-4/exp_wastesorting_20260922_192227_302731.txt,e4ae1731d2970ce5ee2156789f0b7d65a5807fc3a7cf2ab39a64bb5c246178e8,ok,1,6,10,0.7976,30.0,GOAL DONE,0.2,100,,,,0.8,2026-09-22 19:22:27
1373,wastesorting,random,04,24,2257262592,experiments_logs/analysis_recent/when_what_original_20260912/00_raw/wastesorting/scene_04_step50/when_what_random_thres_0-8_rand_0-4/exp_wastesorting_20260922_192228_218957.txt,a64c08584d7212d907f46dd1bcdbd804b7b2146617ab1d2a022dd199018986ce,ok,1,8,10,0.768,30.0,GOAL DONE,0.2,100,,,,0.8,2026-09-22 19:22:28
1374,wastesorting,ours_when_only,04,24,2257262592,experiments_logs/analysis_recent/when_what_original_20260912/00_raw/wastesorting/scene_04_step50/when_what_ours_when_only_thres_0-8_rand_0-4/exp_wastesorting_20260922_192229_131096.txt,3c7e0353250b4addd1f88b44c81a7c3ffead816f5924e7730a55912eb83324d1,ok,1,10,10,0.7645,30.0,GOAL DONE,0.2,100,,,,0.8,2026-09-22 19:22:29
1375,wastesorting,ours_what_only,04,24,2257262592,experiments_logs/analysis_recent/when_what_original_20260912/00_raw/wastesorting/scene_04_step50/when_what_ours_what_only_thres_0-8_rand_0-4/exp_wastesorting_20260922_192230_063364.txt,1795d09699671db1d1b0f584c381d3a64cc7b879936110011473d00d540aae4f,ok,1,5,10,0.7837,30.0,GOAL DONE,0.2,100,,,,0.8,2026-09-22 19:22:30
1376,wastesorting,ours,04,24,2257262592,experiments_logs/analysis_recent/when_what_original_20260912/00_raw/wastesorting/scene_04_step50/when_what_ours_thres_0-8_rand_0-4/exp_wastesorting_20260922_192231_000562.txt,84641b446b0274da85ce6ec24a538f845ba9b101e7e2fa25c0f604ceb97ecd08,ok,1,6,10,0.7873,30.0,GOAL DONE,0.2,100,,,,0.8,2026-09-22 19:22:31
1377,wastesorting,random,04,25,1615458532,experiments_logs/analysis_recent/when_what_original_20260912/00_raw/wastesorting/scene_04_step50/when_what_random_thres_0-8_rand_0-4/exp_wastesorting_20260922_192231_930061.txt,1be5c878d5df19fda4fca1c2a0015cf2de97dc8c5a83bd119071378e35a43b27,ok,1,11,10,0.7863,30.0,GOAL DONE,0.2,100,,,,0.8,2026-09-22 19:22:31
1378,wastesorting,ours_when_only,04,25,1615458532,experiments_logs/analysis_recent/when_what_original_20260912/00_raw/wastesorting/scene_04_step50/when_what_ours_when_only_thres_0-8_rand_0-4/exp_wastesorting_20260922_192232_930210.txt,7762b638d59bc9f62e004e2d3b4f2cf0014be9fe691e7b2c3d047f28f16e7215,ok,1,18,11,0.8505,15.0,GOAL DONE,0.2,100,,,,0.8,2026-09-22 19:22:32
1379,wastesorting,ours_what_only,04,25,1615458532,experiments_logs/analysis_recent/when_what_original_20260912/00_raw/wastesorting/scene_04_step50/when_what_ours_what_only_thres_0-8_rand_0-4/exp_wastesorting_20260922_192233_860322.txt,0bb5857134c64b90d9c7175b4f4680d19da1c5099f85f841e956d9905dffbd0b,ok,1,6,10,0.7835,30.0,GOAL DONE,0.2,100,,,,0.8,2026-09-22 19:22:33
1380,wastesorting,ours,04,25,1615458532,experiments_logs/analysis_recent/when_what_original_20260912/00_raw/wastesorting/scene_04_step50/when_what_ours_thres_0-8_rand_0-4/exp_wastesorting_20260922_192234_833314.txt,e143582cfc6c06d160ced0dfbeeea688df9538f3c20d403b42f80268963bbe93,ok,1,9,11,0.8283,15.0,GOAL DONE,0.2,100,,,,0.8,2026-09-22 19:22:34
1381,wastesorting,random,04,26,3523846490,experiments_logs/analysis_recent/when_what_original_20260912/00_raw/wastesorting/scene_04_step50/when_what_random_thres_0-8_rand_0-4/exp_wastesorting_20260922_192235_778737.txt,33529b544119d59dad7869e1838d7cbb5fad10ab49478fbc4756e26fdeb3cfc3,ok,1,20,10,0.7937,30.0,GOAL DONE,0.2,100,,,,0.8,2026-09-22 19:22:35
1382,wastesorting,ours_when_only,04,26,3523846490,experiments_logs/analysis_recent/when_what_original_20260912/00_raw/wastesorting/scene_04_step50/when_what_ours_when_only_thres_0-8_rand_0-4/exp_wastesorting_20260922_192236_696715.txt,ccb78521bff2232d638b2c404dff8d03b70fbbe0adec065e0b8abc8b47819130,ok,1,15,10,0.7744,30.0,GOAL DONE,0.2,100,,,,0.8,2026-09-22 19:22:36
1383,wastesorting,ours_what_only,04,26,3523846490,experiments_logs/analysis_recent/when_what_original_20260912/00_raw/wastesorting/scene_04_step50/when_what_ours_what_only_thres_0-8_rand_0-4/exp_wastesorting_20260922_192237_632133.txt,49ca545a8118bde488a0e38213c67635dd3f80639bf8195cf1402103e3065cd4,ok,1,15,10,0.7844,30.0,GOAL DONE,0.2,100,,,,0.8,2026-09-22 19:22:37
1384,wastesorting,ours,04,26,3523846490,experiments_logs/analysis_recent/when_what_original_20260912/00_raw/wastesorting/scene_04_step50/when_what_ours_thres_0-8_rand_0-4/exp_wastesorting_20260922_192238_529602.txt,895413907af6af2038da305ffc651fc6eda0ef54810bd8c2364a1b64b6e8c678,ok,1,9,10,0.7757,30.0,GOAL DONE,0.2,100,,,,0.8,2026-09-22 19:22:38
1385,wastesorting,random,04,27,422840456,experiments_logs/analysis_recent/when_what_original_20260912/00_raw/wastesorting/scene_04_step50/when_what_random_thres_0-8_rand_0-4/exp_wastesorting_20260922_192239_292783.txt,ef2dac1877bcf3bdd7d8bca8b51bce10c70a66af7f6e67fb9f9dd93d85fdda86,ok,0,2,5,0.6362,5.0,PLAN FAILURE,0.2,100,,,,0.8,2026-09-22 19:22:39
1386,wastesorting,ours_when_only,04,27,422840456,experiments_logs/analysis_recent/when_what_original_20260912/00_raw/wastesorting/scene_04_step50/when_what_ours_when_only_thres_0-8_rand_0-4/exp_wastesorting_20260922_192240_201604.txt,7d913c77aa7e1e37e47412a1e4cc5ffb5f906c6146620d55ec66f31cac90c97f,ok,1,13,10,0.7607,30.0,GOAL DONE,0.2,100,,,,0.8,2026-09-22 19:22:40
1387,wastesorting,ours_what_only,04,27,422840456,experiments_logs/analysis_recent/when_what_original_20260912/00_raw/wastesorting/scene_04_step50/when_what_ours_what_only_thres_0-8_rand_0-4/exp_wastesorting_20260922_192240_984229.txt,046ad7622466c55e9a2e8e8f41ea3ed1191f50df5f775994fc17d33686f4a0b2,ok,0,2,5,0.6343,5.0,PLAN FAILURE,0.2,100,,,,0.8,2026-09-22 19:22:40
1388,wastesorting,ours,04,27,422840456,experiments_logs/analysis_recent/when_what_original_20260912/00_raw/wastesorting/scene_04_step50/when_what_ours_thres_0-8_rand_0-4/exp_wastesorting_20260922_192241_919977.txt,032b25e5b0f4e97e7ad9fa37719a8dd8871b4906f92ba6e94164fb63f196813b,ok,1,10,10,0.7876,30.0,GOAL DONE,0.2,100,,,,0.8,2026-09-22 19:22:41
1389,wastesorting,random,04,28,3700116064,experiments_logs/analysis_recent/when_what_original_20260912/00_raw/wastesorting/scene_04_step50/when_what_random_thres_0-8_rand_0-4/exp_wastesorting_20260922_192242_705137.txt,fe09322d937b1d142f482316ee9ee2ee0dfa981f8b1deaaedbad0aa772c5ec19,ok,0,1,5,0.6377,5.0,PLAN FAILURE,0.2,100,,,,0.8,2026-09-22 19:22:42
1390,wastesorting,ours_when_only,04,28,3700116064,experiments_logs/analysis_recent/when_what_original_20260912/00_raw/wastesorting/scene_04_step50/when_what_ours_when_only_thres_0-8_rand_0-4/exp_wastesorting_20260922_192243_622158.txt,e55502dd459f8d42e45b5901f74ff737388e3487d179d9d6099700507fcf3190,ok,1,16,10,0.771,30.0,GOAL DONE,0.2,100,,,,0.8,2026-09-22 19:22:43
1391,wastesorting,ours_what_only,04,28,3700116064,experiments_logs/analysis_recent/when_what_original_20260912/00_raw/wastesorting/scene_04_step50/when_what_ours_what_only_thres_0-8_rand_0-4/exp_wastesorting_20260922_192244_405260.txt,cd6b671963082b54d2b727316b8a1affd0e48282e6519c1f077634a3ecac2e78,ok,0,1,5,0.6362,5.0,PLAN FAILURE,0.2,100,,,,0.8,2026-09-22 19:22:44
1392,wastesorting,ours,04,28,3700116064,experiments_logs/analysis_recent/when_what_original_20260912/00_raw/wastesorting/scene_04_step50/when_what_ours_thres_0-8_rand_0-4/exp_wastesorting_20260922_192245_342077.txt,f75d57b816789ab652f130a997348f576668b4dbea96688ae235beb34c2bd4c0,ok,1,10,10,0.7882,30.0,GOAL DONE,0.2,100,,,,0.8,2026-09-22 19:22:45
1393,wastesorting,random,04,29,1545581081,experiments_logs/analysis_recent/when_what_original_20260912/00_raw/wastesorting/scene_04_step50/when_what_random_thres_0-8_rand_0-4/exp_wastesorting_20260922_192246_541380.txt,c4b85771b7d9abdabb79d2f144ba77cdf94d1e1f79e4738f1f3f8fb5afe32b73,ok,1,4,14,1.0703,30.0,GOAL DONE,0.2,100,,,,0.8,2026-09-22 19:22:46
1394,wastesorting,ours_when_only,04,29,1545581081,experiments_logs/analysis_recent/when_what_original_20260912/00_raw/wastesorting/scene_04_step50/when_what_ours_when_only_thres_0-8_rand_0-4/exp_wastesorting_20260922_192247_718684.txt,378616018d1795ebdb03ac750027ce847aa77d3eaec24e64bef59d33c83a3ca4,ok,1,22,12,1.0325,15.0,GOAL DONE,0.2,100,,,,0.8,2026-09-22 19:22:47
1395,wastesorting,ours_what_only,04,29,1545581081,experiments_logs/analysis_recent/when_what_original_20260912/00_raw/wastesorting/scene_04_step50/when_what_ours_what_only_thres_0-8_rand_0-4/exp_wastesorting_20260922_192248_876055.txt,41cc102d7a86dbe564943661f55be2b3e95be6be05eb3312634c5007b480d3de,ok,1,4,12,1.0089,15.0,GOAL DONE,0.2,100,,,,0.8,2026-09-22 19:22:48
1396,wastesorting,ours,04,29,1545581081,experiments_logs/analysis_recent/when_what_original_20260912/00_raw/wastesorting/scene_04_step50/when_what_ours_thres_0-8_rand_0-4/exp_wastesorting_20260922_192249_980591.txt,9f4cf34677a41a39339ac6e923d0cbc090298bebbb9941244ccbeb19b88f3793,ok,1,9,11,0.9521,15.0,GOAL DONE,0.2,100,,,,0.8,2026-09-22 19:22:49
1397,wastesorting,random,04,30,4103864926,experiments_logs/analysis_recent/when_what_original_20260912/00_raw/wastesorting/scene_04_step50/when_what_random_thres_0-8_rand_0-4/exp_wastesorting_20260922_192250_980000.txt,17f444b79fe7b1721c300f5378aacdc6751fe4496ad1f65e756939b4d4e3cb9c,ok,1,14,10,0.8401,30.0,GOAL DONE,0.2,100,,,,0.8,2026-09-22 19:22:50
1398,wastesorting,ours_when_only,04,30,4103864926,experiments_logs/analysis_recent/when_what_original_20260912/00_raw/wastesorting/scene_04_step50/when_what_ours_when_only_thres_0-8_rand_0-4/exp_wastesorting_20260922_192252_047505.txt,188f6a4b42b65e1d79ba988520ea4daf6a337cc1baa5de8c9f8a29e9c7b59a58,ok,1,15,10,0.8634,30.0,GOAL DONE,0.2,100,,,,0.8,2026-09-22 19:22:52
1399,wastesorting,ours_what_only,04,30,4103864926,experiments_logs/analysis_recent/when_what_original_20260912/00_raw/wastesorting/scene_04_step50/when_what_ours_what_only_thres_0-8_rand_0-4/exp_wastesorting_20260922_192253_041341.txt,ff83cab532f917dda8dfd7964260bc17358af42924851d6c1643867be4808867,ok,1,10,10,0.8394,30.0,GOAL DONE,0.2,100,,,,0.8,2026-09-22 19:22:53
1400,wastesorting,ours,04,30,4103864926,experiments_logs/analysis_recent/when_what_original_20260912/00_raw/wastesorting/scene_04_step50/when_what_ours_thres_0-8_rand_0-4/exp_wastesorting_20260922_192254_033702.txt,73c7ac52a331ec363e990bbaab58016fe76616168c80bd54e6cca202849a00a4,ok,1,9,10,0.8448,30.0,GOAL DONE,0.2,100,,,,0.8,2026-09-22 19:22:54
1401,wastesorting,random,04,31,1575024027,experiments_logs/analysis_recent/when_what_original_20260912/00_raw/wastesorting/scene_04_step50/when_what_random_thres_0-8_rand_0-4/exp_wastesorting_20260922_192254_974227.txt,85e9830805167eb7137575dc79d1078b665224ddc27e3b0ad1016d96aabb40ff,ok,1,9,12,0.8217,30.0,GOAL DONE,0.2,100,,,,0.8,2026-09-22 19:22:54
1402,wastesorting,ours_when_only,04,31,1575024027,experiments_logs/analysis_recent/when_what_original_20260912/00_raw/wastesorting/scene_04_step50/when_what_ours_when_only_thres_0-8_rand_0-4/exp_wastesorting_20260922_192255_983680.txt,d2c4e91e665bae4556f20ff639879324ed9166397d2efc5a6a6945ad101ef6bf,ok,1,16,12,0.8591,30.0,GOAL DONE,0.2,100,,,,0.8,2026-09-22 19:22:55
1403,wastesorting,ours_what_only,04,31,1575024027,experiments_logs/analysis_recent/when_what_original_20260912/00_raw/wastesorting/scene_04_step50/when_what_ours_what_only_thres_0-8_rand_0-4/exp_wastesorting_20260922_192256_965613.txt,cb8580f357c68ba136881ed94e30ec48c4bedcea641219c2164338697d0e4510,ok,1,9,12,0.8303,30.0,GOAL DONE,0.2,100,,,,0.8,2026-09-22 19:22:56
1404,wastesorting,ours,04,31,1575024027,experiments_logs/analysis_recent/when_what_original_20260912/00_raw/wastesorting/scene_04_step50/when_what_ours_thres_0-8_rand_0-4/exp_wastesorting_20260922_192257_940825.txt,eb0903cbbd340b3a093632187e8b48593cec538426f6829cc5fec7c8da288540,ok,1,10,11,0.8261,15.0,GOAL DONE,0.2,100,,,,0.8,2026-09-22 19:22:57
1405,wastesorting,random,04,32,2189290720,experiments_logs/analysis_recent/when_what_original_20260912/00_raw/wastesorting/scene_04_step50/when_what_random_thres_0-8_rand_0-4/exp_wastesorting_20260922_192259_003316.txt,9f3e8154147eee7301843dfac8fc0fb9c62fa2aa27dd0cc40e2a5afb7b15a243,ok,0,5,13,0.9105,15.0,PLAN FAILURE,0.2,100,,,,0.8,2026-09-22 19:22:59
1406,wastesorting,ours_when_only,04,32,2189290720,experiments_logs/analysis_recent/when_what_original_20260912/00_raw/wastesorting/scene_04_step50/when_what_ours_when_only_thres_0-8_rand_0-4/exp_wastesorting_20260922_192300_028374.txt,1eb4cdd3abaf1941130d7ba881d5e46218350305f6ac375e9a768a860c14de3f,ok,1,24,11,0.8786,30.0,GOAL DONE,0.2,100,,,,0.8,2026-09-22 19:23:00
1407,wastesorting,ours_what_only,04,32,2189290720,experiments_logs/analysis_recent/when_what_original_20260912/00_raw/wastesorting/scene_04_step50/when_what_ours_what_only_thres_0-8_rand_0-4/exp_wastesorting_20260922_192301_047548.txt,447533e31a45cfdf8337cf2c2696d0e63442e2f04eae140b0ae8f4f5c78e35d1,ok,0,5,13,0.8928,15.0,PLAN FAILURE,0.2,100,,,,0.8,2026-09-22 19:23:01
1408,wastesorting,ours,04,32,2189290720,experiments_logs/analysis_recent/when_what_original_20260912/00_raw/wastesorting/scene_04_step50/when_what_ours_thres_0-8_rand_0-4/exp_wastesorting_20260922_192302_064674.txt,2300aab53d8953a7e1c6c0c66cfc7a14338f1b9d8515531e1036e2b22c4ebfe2,ok,1,10,11,0.8693,30.0,GOAL DONE,0.2,100,,,,0.8,2026-09-22 19:23:02
1409,wastesorting,random,04,33,770089738,experiments_logs/analysis_recent/when_what_original_20260912/00_raw/wastesorting/scene_04_step50/when_what_random_thres_0-8_rand_0-4/exp_wastesorting_20260922_192303_009947.txt,0f0ef00e21aacd3c35c1344740a074dfff772018dc07da3c35da58a87655049c,ok,0,2,10,0.7969,15.0,PLAN FAILURE,0.2,100,,,,0.8,2026-09-22 19:23:03
1410,wastesorting,ours_when_only,04,33,770089738,experiments_logs/analysis_recent/when_what_original_20260912/00_raw/wastesorting/scene_04_step50/when_what_ours_when_only_thres_0-8_rand_0-4/exp_wastesorting_20260922_192303_955889.txt,0dc506f26ed6383e0e8f00a08a2fb0200e6806f54a7f9717ec73202eb97888a0,ok,1,12,10,0.8027,30.0,GOAL DONE,0.2,100,,,,0.8,2026-09-22 19:23:03
1411,wastesorting,ours_what_only,04,33,770089738,experiments_logs/analysis_recent/when_what_original_20260912/00_raw/wastesorting/scene_04_step50/when_what_ours_what_only_thres_0-8_rand_0-4/exp_wastesorting_20260922_192304_878582.txt,134a6d2dd6a5d056c9036a1317325182ce0b453296deac4731193af8f4956805,ok,0,2,10,0.7824,15.0,PLAN FAILURE,0.2,100,,,,0.8,2026-09-22 19:23:04
1412,wastesorting,ours,04,33,770089738,experiments_logs/analysis_recent/when_what_original_20260912/00_raw/wastesorting/scene_04_step50/when_what_ours_thres_0-8_rand_0-4/exp_wastesorting_20260922_192305_828515.txt,21cd0459e106ff9da859d95de781d6e90e99b5d94687923193d5ab7f4329615c,ok,1,8,10,0.811,30.0,GOAL DONE,0.2,100,,,,0.8,2026-09-22 19:23:05
1413,wastesorting,random,04,34,3204647648,experiments_logs/analysis_recent/when_what_original_20260912/00_raw/wastesorting/scene_04_step50/when_what_random_thres_0-8_rand_0-4/exp_wastesorting_20260922_192306_773390.txt,18f14ab6ccaa57a74f8459b6c7cb9aa4889d42023ed2d7ea903e537be60dd09a,ok,1,4,11,0.791,30.0,GOAL DONE,0.2,100,,,,0.8,2026-09-22 19:23:06
1414,wastesorting,ours_when_only,04,34,3204647648,experiments_logs/analysis_recent/when_what_original_20260912/00_raw/wastesorting/scene_04_step50/when_what_ours_when_only_thres_0-8_rand_0-4/exp_wastesorting_20260922_192307_715818.txt,85456c34a2c778bd7457109b007dc7ed0e19063d7dfee9357de89d844cd53265,ok,1,19,10,0.7637,30.0,GOAL DONE,0.2,100,,,,0.8,2026-09-22 19:23:07
1415,wastesorting,ours_what_only,04,34,3204647648,experiments_logs/analysis_recent/when_what_original_20260912/00_raw/wastesorting/scene_04_step50/when_what_ours_what_only_thres_0-8_rand_0-4/exp_wastesorting_20260922_192308_658255.txt,c58f1d5ca61d037e280f3c4fad29a3c5135a043822542e77d821382d520a2910,ok,1,4,11,0.7955,30.0,GOAL DONE,0.2,100,,,,0.8,2026-09-22 19:23:08
1416,wastesorting,ours,04,34,3204647648,experiments_logs/analysis_recent/when_what_original_20260912/00_raw/wastesorting/scene_04_step50/when_what_ours_thres_0-8_rand_0-4/exp_wastesorting_20260922_192309_610133.txt,b7a98f5964bfc4b17506e0d5ba5ffa7617f1b9f273128ca07e3c37ae8f28e26a,ok,1,7,11,0.8067,30.0,GOAL DONE,0.2,100,,,,0.8,2026-09-22 19:23:09
1417,wastesorting,random,04,35,4250308561,experiments_logs/analysis_recent/when_what_original_20260912/00_raw/wastesorting/scene_04_step50/when_what_random_thres_0-8_rand_0-4/exp_wastesorting_20260922_192310_533155.txt,b3461a1133debc312c7342a1fb6e535a71449a94a68ad706dac8924ce5f60f0c,ok,1,8,10,0.7726,30.0,GOAL DONE,0.2,100,,,,0.8,2026-09-22 19:23:10
1418,wastesorting,ours_when_only,04,35,4250308561,experiments_logs/analysis_recent/when_what_original_20260912/00_raw/wastesorting/scene_04_step50/when_what_ours_when_only_thres_0-8_rand_0-4/exp_wastesorting_20260922_192311_464648.txt,cae6713f9b8132c6c65e5fc9622b222bf1fbe11b1b43486d20aa75f546f70e7f,ok,1,18,10,0.7817,30.0,GOAL DONE,0.2,100,,,,0.8,2026-09-22 19:23:11
1419,wastesorting,ours_what_only,04,35,4250308561,experiments_logs/analysis_recent/when_what_original_20260912/00_raw/wastesorting/scene_04_step50/when_what_ours_what_only_thres_0-8_rand_0-4/exp_wastesorting_20260922_192312_342138.txt,72661eec032cbbd8726e43bec2df7d423d5df00ad66ebe743c6cd96af782ed36,ok,1,6,10,0.7228,30.0,GOAL DONE,0.2,100,,,,0.8,2026-09-22 19:23:12
1420,wastesorting,ours,04,35,4250308561,experiments_logs/analysis_recent/when_what_original_20260912/00_raw/wastesorting/scene_04_step50/when_what_ours_thres_0-8_rand_0-4/exp_wastesorting_20260922_192313_249386.txt,ce9f51ab98794004e7d3023dce14df94bcf5cb3f17faebcba6e04ce874b835ea,ok,1,6,10,0.7695,30.0,GOAL DONE,0.2,100,,,,0.8,2026-09-22 19:23:13
1421,wastesorting,random,04,36,2442188668,experiments_logs/analysis_recent/when_what_original_20260912/00_raw/wastesorting/scene_04_step50/when_what_random_thres_0-8_rand_0-4/exp_wastesorting_20260922_192314_235981.txt,71e3ad7628c41857600eab8eb8b032f1a9147c9fdda0fc730c0dab46c96d4f0f,ok,1,13,11,0.8345,30.0,GOAL DONE,0.2,100,,,,0.8,2026-09-22 19:23:14
1422,wastesorting,ours_when_only,04,36,2442188668,experiments_logs/analysis_recent/when_what_original_20260912/00_raw/wastesorting/scene_04_step50/when_what_ours_when_only_thres_0-8_rand_0-4/exp_wastesorting_20260922_192315_219976.txt,44e0f812fbe3824f58c99f52cfd6f8823b082bf77ce2a4e3deeb1ba06f13311c,ok,1,17,11,0.8355,30.0,GOAL DONE,0.2,100,,,,0.8,2026-09-22 19:23:15
1423,wastesorting,ours_what_only,04,36,2442188668,experiments_logs/analysis_recent/when_what_original_20260912/00_raw/wastesorting/scene_04_step50/when_what_ours_what_only_thres_0-8_rand_0-4/exp_wastesorting_20260922_192316_156769.txt,b2e9f2413421c37bd6261258d60f8631d5c3ca5a69e2b15269ab7d492b084655,ok,1,9,11,0.7929,30.0,GOAL DONE,0.2,100,,,,0.8,2026-09-22 19:23:16
1424,wastesorting,ours,04,36,2442188668,experiments_logs/analysis_recent/when_what_original_20260912/00_raw/wastesorting/scene_04_step50/when_what_ours_thres_0-8_rand_0-4/exp_wastesorting_20260922_192317_117399.txt,5ee3781140183cb4196c6698c89783b9c350689521fa324a8a6229e933d90c4f,ok,1,7,11,0.814,30.0,GOAL DONE,0.2,100,,,,0.8,2026-09-22 19:23:17
1425,wastesorting,random,04,37,2180392179,experiments_logs/analysis_recent/when_what_original_20260912/00_raw/wastesorting/scene_04_step50/when_what_random_thres_0-8_rand_0-4/exp_wastesorting_20260922_192318_072244.txt,24909decee3e511853e66c74c578d4b75c2afdf70c675a645c1ea7a166710fcc,ok,1,8,11,0.8028,30.0,GOAL DONE,0.2,100,,,,0.8,2026-09-22 19:23:18
1426,wastesorting,ours_when_only,04,37,2180392179,experiments_logs/analysis_recent/when_what_original_20260912/00_raw/wastesorting/scene_04_step50/when_what_ours_when_only_thres_0-8_rand_0-4/exp_wastesorting_20260922_192319_030138.txt,8c5ec75b67fe306550ac025970ec6ef4ab6a6b4cffb7b321b13592d9f2cbcd20,ok,1,21,11,0.8081,30.0,GOAL DONE,0.2,100,,,,0.8,2026-09-22 19:23:19
1427,wastesorting,ours_what_only,04,37,2180392179,experiments_logs/analysis_recent/when_what_original_20260912/00_raw/wastesorting/scene_04_step50/when_what_ours_what_only_thres_0-8_rand_0-4/exp_wastesorting_20260922_192319_973212.txt,9264d5cde1ca547dc89242264b1125266b2889b88c8f76773f668bba566d8e36,ok,1,7,11,0.8197,30.0,GOAL DONE,0.2,100,,,,0.8,2026-09-22 19:23:19
1428,wastesorting,ours,04,37,2180392179,experiments_logs/analysis_recent/when_what_original_20260912/00_raw/wastesorting/scene_04_step50/when_what_ours_thres_0-8_rand_0-4/exp_wastesorting_20260922_192320_937973.txt,439415f61bdd66ced78b252ea58abd7f6cd3bef51f51d2ce68a7343b2f507175,ok,1,9,11,0.8196,30.0,GOAL DONE,0.2,100,,,,0.8,2026-09-22 19:23:20
1429,wastesorting,random,04,38,1789330639,experiments_logs/analysis_recent/when_what_original_20260912/00_raw/wastesorting/scene_04_step50/when_what_random_thres_0-8_rand_0-4/exp_wastesorting_20260922_192321_866705.txt,1b8646e1280b8741d026b87d58e5c02c47eabed79875196d8808196341445198,ok,1,3,10,0.7732,30.0,GOAL DONE,0.2,100,,,,0.8,2026-09-22 19:23:21
1430,wastesorting,ours_when_only,04,38,1789330639,experiments_logs/analysis_recent/when_what_original_20260912/00_raw/wastesorting/scene_04_step50/when_what_ours_when_only_thres_0-8_rand_0-4/exp_wastesorting_20260922_192322_817181.txt,4f007d10809ef7a871b887bd46b11bdbd9bb8e2e105ef64f6f7e9d678bb2d7c8,ok,1,18,10,0.7962,30.0,GOAL DONE,0.2,100,,,,0.8,2026-09-22 19:23:22
1431,wastesorting,ours_what_only,04,38,1789330639,experiments_logs/analysis_recent/when_what_original_20260912/00_raw/wastesorting/scene_04_step50/when_what_ours_what_only_thres_0-8_rand_0-4/exp_wastesorting_20260922_192323_716250.txt,3f6a6d6c2ab61ab30ab080ead967e6371d56279ce8331e27995634475660ea6c,ok,1,3,10,0.747,30.0,GOAL DONE,0.2,100,,,,0.8,2026-09-22 19:23:23
1432,wastesorting,ours,04,38,1789330639,experiments_logs/analysis_recent/when_what_original_20260912/00_raw/wastesorting/scene_04_step50/when_what_ours_thres_0-8_rand_0-4/exp_wastesorting_20260922_192324_665491.txt,4487a371a8c18a40c6c831e2532c87a635e55f927de39397c323fa2452c8c2d3,ok,1,6,10,0.7744,30.0,GOAL DONE,0.2,100,,,,0.8,2026-09-22 19:23:24
1433,wastesorting,random,04,39,2684228259,experiments_logs/analysis_recent/when_what_original_20260912/00_raw/wastesorting/scene_04_step50/when_what_random_thres_0-8_rand_0-4/exp_wastesorting_20260922_192325_643796.txt,7efecf505621dc86e60d9b68cbfdad4ea4643c9cbb7675862fa9ee16897fc571,ok,1,20,11,0.8312,30.0,GOAL DONE,0.2,100,,,,0.8,2026-09-22 19:23:25
1434,wastesorting,ours_when_only,04,39,2684228259,experiments_logs/analysis_recent/when_what_original_20260912/00_raw/wastesorting/scene_04_step50/when_what_ours_when_only_thres_0-8_rand_0-4/exp_wastesorting_20260922_192326_624795.txt,17ada4b1db46affabe8287715002d2c5e4d45d432a50d27783171007aecc9739,ok,1,18,11,0.8317,30.0,GOAL DONE,0.2,100,,,,0.8,2026-09-22 19:23:26
1435,wastesorting,ours_what_only,04,39,2684228259,experiments_logs/analysis_recent/when_what_original_20260912/00_raw/wastesorting/scene_04_step50/when_what_ours_what_only_thres_0-8_rand_0-4/exp_wastesorting_20260922_192327_594117.txt,6b30646e5cdf6bdf18eeff3e482b3609a005a0b2446f1eff711a5b76970094b9,ok,1,11,11,0.8236,30.0,GOAL DONE,0.2,100,,,,0.8,2026-09-22 19:23:27
1436,wastesorting,ours,04,39,2684228259,experiments_logs/analysis_recent/when_what_original_20260912/00_raw/wastesorting/scene_04_step50/when_what_ours_thres_0-8_rand_0-4/exp_wastesorting_20260922_192328_561823.txt,747438bbb3439abb14d7032348a78ad2346b6756e40b46a32ee50b8fda81cdb3,ok,1,7,11,0.8226,30.0,GOAL DONE,0.2,100,,,,0.8,2026-09-22 19:23:28
1437,wastesorting,random,04,40,2965103294,experiments_logs/analysis_recent/when_what_original_20260912/00_raw/wastesorting/scene_04_step50/when_what_random_thres_0-8_rand_0-4/exp_wastesorting_20260922_192329_530028.txt,4605036df04c38444ceaeeb1ed731fdfb5fc703a47dc71517f5918d6d000c0ed,ok,1,3,11,0.8154,30.0,GOAL DONE,0.2,100,,,,0.8,2026-09-22 19:23:29
1438,wastesorting,ours_when_only,04,40,2965103294,experiments_logs/analysis_recent/when_what_original_20260912/00_raw/wastesorting/scene_04_step50/when_what_ours_when_only_thres_0-8_rand_0-4/exp_wastesorting_20260922_192330_494170.txt,2874ad190680a470172d8aed75733e849a5a0de782cac5c0bfcde22b306e0e81,ok,1,14,10,0.7924,15.0,GOAL DONE,0.2,100,,,,0.8,2026-09-22 19:23:30
1439,wastesorting,ours_what_only,04,40,2965103294,experiments_logs/analysis_recent/when_what_original_20260912/00_raw/wastesorting/scene_04_step50/when_what_ours_what_only_thres_0-8_rand_0-4/exp_wastesorting_20260922_192331_447432.txt,bb560ad820d6b9598a387d646cd0fe90b5bac18943378bc3b353c16290665bfd,ok,1,3,11,0.8295,30.0,GOAL DONE,0.2,100,,,,0.8,2026-09-22 19:23:31
1440,wastesorting,ours,04,40,2965103294,experiments_logs/analysis_recent/when_what_original_20260912/00_raw/wastesorting/scene_04_step50/when_what_ours_thres_0-8_rand_0-4/exp_wastesorting_20260922_192332_472631.txt,a06d567b3080ce02bb497bf53ae63549da5499d8bcf04d35f0f19988e579b525,ok,1,7,11,0.8654,30.0,GOAL DONE,0.2,100,,,,0.8,2026-09-22 19:23:32
1441,wastesorting,random,05,1,1742402684,experiments_logs/analysis_recent/when_what_original_20260912/00_raw/wastesorting/scene_05_step50/when_what_random_thres_0-8_rand_0-4/exp_wastesorting_20260922_192333_429358.txt,159f5dcfc1d972443d75608d6704ae1c38e04064f44e2a2924ab070d78cd676f,ok,1,17,10,0.8055,30.0,GOAL DONE,0.2,100,,,,0.8,2026-09-22 19:23:33
1442,wastesorting,ours_when_only,05,1,1742402684,experiments_logs/analysis_recent/when_what_original_20260912/00_raw/wastesorting/scene_05_step50/when_what_ours_when_only_thres_0-8_rand_0-4/exp_wastesorting_20260922_192334_383730.txt,2ce6ba1725868263458abf0d5c1148d9d2cd7dcb78fdea977a8572aa8e135a58,ok,1,16,10,0.7974,30.0,GOAL DONE,0.2,100,,,,0.8,2026-09-22 19:23:34
1443,wastesorting,ours_what_only,05,1,1742402684,experiments_logs/analysis_recent/when_what_original_20260912/00_raw/wastesorting/scene_05_step50/when_what_ours_what_only_thres_0-8_rand_0-4/exp_wastesorting_20260922_192335_374274.txt,c589dd475eef3b5f0c85dd493dba978c7da4a0c4780d41d7a88b5a0d88a02ce8,ok,1,10,10,0.8372,30.0,GOAL DONE,0.2,100,,,,0.8,2026-09-22 19:23:35
1444,wastesorting,ours,05,1,1742402684,experiments_logs/analysis_recent/when_what_original_20260912/00_raw/wastesorting/scene_05_step50/when_what_ours_thres_0-8_rand_0-4/exp_wastesorting_20260922_192336_343563.txt,ed3acd607a392e73555b8e4ec05c5140c3b992aa8e70014a98fc05d2fb10e520,ok,1,9,10,0.8223,30.0,GOAL DONE,0.2,100,,,,0.8,2026-09-22 19:23:36
1445,wastesorting,random,05,2,3592175244,experiments_logs/analysis_recent/when_what_original_20260912/00_raw/wastesorting/scene_05_step50/when_what_random_thres_0-8_rand_0-4/exp_wastesorting_20260922_192337_189837.txt,ae2e08ae8d871778927f94eebc00908a4fd0965517aba054560fcf7dd54ce56f,ok,0,14,8,0.7222,10.0,PLAN FAILURE,0.2,100,,,,0.8,2026-09-22 19:23:37
1446,wastesorting,ours_when_only,05,2,3592175244,experiments_logs/analysis_recent/when_what_original_20260912/00_raw/wastesorting/scene_05_step50/when_what_ours_when_only_thres_0-8_rand_0-4/exp_wastesorting_20260922_192338_130353.txt,0f5a66aa1fd605b1ca0ed5a6fcac06ca0311705f80cd47e0ed36b00d227544d2,ok,1,17,12,0.7973,30.0,GOAL DONE,0.2,100,,,,0.8,2026-09-22 19:23:38
1447,wastesorting,ours_what_only,05,2,3592175244,experiments_logs/analysis_recent/when_what_original_20260912/00_raw/wastesorting/scene_05_step50/when_what_ours_what_only_thres_0-8_rand_0-4/exp_wastesorting_20260922_192339_015462.txt,c95aaf2968bb676f3ef1a312460b2154bca55c82a33235156837d7181c4da3b2,ok,0,10,8,0.7386,10.0,PLAN FAILURE,0.2,100,,,,0.8,2026-09-22 19:23:39
1448,wastesorting,ours,05,2,3592175244,experiments_logs/analysis_recent/when_what_original_20260912/00_raw/wastesorting/scene_05_step50/when_what_ours_thres_0-8_rand_0-4/exp_wastesorting_20260922_192339_938438.txt,452c6a3f8da9e2588bd28c3907128d9b27eb2b01e14d45e214e88edcbc1dd038,ok,1,10,10,0.7793,15.0,GOAL DONE,0.2,100,,,,0.8,2026-09-22 19:23:39
1449,wastesorting,random,05,3,451202211,experiments_logs/analysis_recent/when_what_original_20260912/00_raw/wastesorting/scene_05_step50/when_what_random_thres_0-8_rand_0-4/exp_wastesorting_20260922_192340_907715.txt,528fec02d1ef099ae8cd77042c373c67bce7d8f5ad2c44a0c6b003776680601c,ok,1,13,12,0.8197,30.0,GOAL DONE,0.2,100,,,,0.8,2026-09-22 19:23:40
1450,wastesorting,ours_when_only,05,3,451202211,experiments_logs/analysis_recent/when_what_original_20260912/00_raw/wastesorting/scene_05_step50/when_what_ours_when_only_thres_0-8_rand_0-4/exp_wastesorting_20260922_192341_856621.txt,c902d6f952ee282610a12869bacd8d1427b03d9399492f8f150879df715d29f0,ok,1,18,11,0.8212,15.0,GOAL DONE,0.2,100,,,,0.8,2026-09-22 19:23:41
1451,wastesorting,ours_what_only,05,3,451202211,experiments_logs/analysis_recent/when_what_original_20260912/00_raw/wastesorting/scene_05_step50/when_what_ours_what_only_thres_0-8_rand_0-4/exp_wastesorting_20260922_192342_843194.txt,b72d5dbb64a0cc0bf32c44738e941a20236c19e1a7df316744b0c302d91d26b0,ok,1,6,12,0.8308,30.0,GOAL DONE,0.2,100,,,,0.8,2026-09-22 19:23:42
1452,wastesorting,ours,05,3,451202211,experiments_logs/analysis_recent/when_what_original_20260912/00_raw/wastesorting/scene_05_step50/when_what_ours_thres_0-8_rand_0-4/exp_wastesorting_20260922_192343_766722.txt,4a856751792c6c0296c39f2f614fdac6c26bfd1b0e3438e17645a4bada27b712,ok,1,8,11,0.782,15.0,GOAL DONE,0.2,100,,,,0.8,2026-09-22 19:23:43
1453,wastesorting,random,05,4,981055266,experiments_logs/analysis_recent/when_what_original_20260912/00_raw/wastesorting/scene_05_step50/when_what_random_thres_0-8_rand_0-4/exp_wastesorting_20260922_192344_717351.txt,f364831a01bfaa1f9d6dd8abafff1e705202be17683ffc9979e89d4f03904848,ok,1,12,11,0.8047,15.0,GOAL DONE,0.2,100,,,,0.8,2026-09-22 19:23:44
1454,wastesorting,ours_when_only,05,4,981055266,experiments_logs/analysis_recent/when_what_original_20260912/00_raw/wastesorting/scene_05_step50/when_what_ours_when_only_thres_0-8_rand_0-4/exp_wastesorting_20260922_192345_705888.txt,833c96b74b5bc7d46cee50359fa483cd83e3afedb6ac6cf58d1f6bef8f232395,ok,1,23,11,0.8474,30.0,GOAL DONE,0.2,100,,,,0.8,2026-09-22 19:23:45
1455,wastesorting,ours_what_only,05,4,981055266,experiments_logs/analysis_recent/when_what_original_20260912/00_raw/wastesorting/scene_05_step50/when_what_ours_what_only_thres_0-8_rand_0-4/exp_wastesorting_20260922_192346_669269.txt,a82f09f79b949d60abf8302c560f329c673d0f0fc1c82d8067cbab8de78b2636,ok,1,7,11,0.8135,15.0,GOAL DONE,0.2,100,,,,0.8,2026-09-22 19:23:46
1456,wastesorting,ours,05,4,981055266,experiments_logs/analysis_recent/when_what_original_20260912/00_raw/wastesorting/scene_05_step50/when_what_ours_thres_0-8_rand_0-4/exp_wastesorting_20260922_192347_604841.txt,af50746d5eda887aedf20646831d2e3fa41fc7ac8d7b9b2f7e13da821753eb29,ok,1,8,11,0.7843,15.0,GOAL DONE,0.2,100,,,,0.8,2026-09-22 19:23:47
1457,wastesorting,random,05,5,3674715204,experiments_logs/analysis_recent/when_what_original_20260912/00_raw/wastesorting/scene_05_step50/when_what_random_thres_0-8_rand_0-4/exp_wastesorting_20260922_192348_576428.txt,111eecc114b1b5825328ff1260490f00c1be9c6a14ff28cfb5a7fbb0503c02ef,ok,1,7,10,0.8152,15.0,GOAL DONE,0.2,100,,,,0.8,2026-09-22 19:23:48
1458,wastesorting,ours_when_only,05,5,3674715204,experiments_logs/analysis_recent/when_what_original_20260912/00_raw/wastesorting/scene_05_step50/when_what_ours_when_only_thres_0-8_rand_0-4/exp_wastesorting_20260922_192349_545308.txt,bfcbb416c85f0dd1aa17d18301111e1e2aa1b031c57d4a07f9c01d3ab788c241,ok,1,18,10,0.8246,15.0,GOAL DONE,0.2,100,,,,0.8,2026-09-22 19:23:49
1459,wastesorting,ours_what_only,05,5,3674715204,experiments_logs/analysis_recent/when_what_original_20260912/00_raw/wastesorting/scene_05_step50/when_what_ours_what_only_thres_0-8_rand_0-4/exp_wastesorting_20260922_192350_445159.txt,d83ba38e60ce7c5ad34ff6365c10d1b78c07595eeaa68085745ceab543de1d45,ok,1,6,10,0.7779,15.0,GOAL DONE,0.2,100,,,,0.8,2026-09-22 19:23:50
1460,wastesorting,ours,05,5,3674715204,experiments_logs/analysis_recent/when_what_original_20260912/00_raw/wastesorting/scene_05_step50/when_what_ours_thres_0-8_rand_0-4/exp_wastesorting_20260922_192351_437848.txt,1b1335df2b021378b6a135f0c009cd1980e58cc8e241daaf094c3ecb53243e8c,ok,1,9,10,0.8304,15.0,GOAL DONE,0.2,100,,,,0.8,2026-09-22 19:23:51
1461,wastesorting,random,05,6,3551928492,experiments_logs/analysis_recent/when_what_original_20260912/00_raw/wastesorting/scene_05_step50/when_what_random_thres_0-8_rand_0-4/exp_wastesorting_20260922_192352_409101.txt,abb36e55fb0781708417aba75defe2ac40633871796c436e30344c57ec8c2b68,ok,1,22,10,0.8256,30.0,GOAL DONE,0.2,100,,,,0.8,2026-09-22 19:23:52
1462,wastesorting,ours_when_only,05,6,3551928492,experiments_logs/analysis_recent/when_what_original_20260912/00_raw/wastesorting/scene_05_step50/when_what_ours_when_only_thres_0-8_rand_0-4/exp_wastesorting_20260922_192353_391153.txt,e212bfe3fd374db91ff048a6178796a9762f4af94d8fdae115e514521498fb20,ok,1,22,10,0.8306,30.0,GOAL DONE,0.2,100,,,,0.8,2026-09-22 19:23:53
1463,wastesorting,ours_what_only,05,6,3551928492,experiments_logs/analysis_recent/when_what_original_20260912/00_raw/wastesorting/scene_05_step50/when_what_ours_what_only_thres_0-8_rand_0-4/exp_wastesorting_20260922_192354_345134.txt,c6bb16e623368ceb2fd02424851f38b4a6482eb596b27e226738d1c73fef558f,ok,1,8,10,0.8152,30.0,GOAL DONE,0.2,100,,,,0.8,2026-09-22 19:23:54
1464,wastesorting,ours,05,6,3551928492,experiments_logs/analysis_recent/when_what_original_20260912/00_raw/wastesorting/scene_05_step50/when_what_ours_thres_0-8_rand_0-4/exp_wastesorting_20260922_192355_328911.txt,aa888cd700fb1c37d574a80c094f93e28a390af39664cec1e541bbf0f9361290,ok,1,8,10,0.8327,30.0,GOAL DONE,0.2,100,,,,0.8,2026-09-22 19:23:55
1465,wastesorting,random,05,7,1489123432,experiments_logs/analysis_recent/when_what_original_20260912/00_raw/wastesorting/scene_05_step50/when_what_random_thres_0-8_rand_0-4/exp_wastesorting_20260922_192356_346184.txt,e743d5630fad334416d04f52fb628e7cc4018369a14a80f99f302b9f10427d54,ok,1,22,11,0.864,30.0,GOAL DONE,0.2,100,,,,0.8,2026-09-22 19:23:56
1466,wastesorting,ours_when_only,05,7,1489123432,experiments_logs/analysis_recent/when_what_original_20260912/00_raw/wastesorting/scene_05_step50/when_what_ours_when_only_thres_0-8_rand_0-4/exp_wastesorting_20260922_192357_331699.txt,c422d7e1d11f9af8b5b07a6b09902bf55d956fe3abf40b531c52246eedb58cf6,ok,1,23,11,0.8316,30.0,GOAL DONE,0.2,100,,,,0.8,2026-09-22 19:23:57
1467,wastesorting,ours_what_only,05,7,1489123432,experiments_logs/analysis_recent/when_what_original_20260912/00_raw/wastesorting/scene_05_step50/when_what_ours_what_only_thres_0-8_rand_0-4/exp_wastesorting_20260922_192358_323614.txt,8e40ac1be32dc417510979fd2de8ccbdc7a3f77d3652f10081124f2ab3eb296a,ok,1,11,11,0.8264,30.0,GOAL DONE,0.2,100,,,,0.8,2026-09-22 19:23:58
1468,wastesorting,ours,05,7,1489123432,experiments_logs/analysis_recent/when_what_original_20260912/00_raw/wastesorting/scene_05_step50/when_what_ours_thres_0-8_rand_0-4/exp_wastesorting_20260922_192359_303620.txt,451dc51c3cb4c7647e32e97e0a3bfd2558c9dcd1d36aafbeaa3833307e514d3d,ok,1,9,10,0.8314,15.0,GOAL DONE,0.2,100,,,,0.8,2026-09-22 19:23:59
1469,wastesorting,random,05,8,1414185434,experiments_logs/analysis_recent/when_what_original_20260912/00_raw/wastesorting/scene_05_step50/when_what_random_thres_0-8_rand_0-4/exp_wastesorting_20260922_192400_209045.txt,85db15da54a23d2f5a4cca76aaeca876e32e4885e70419ca24fc5eb484125f09,ok,1,16,10,0.7648,30.0,GOAL DONE,0.2,100,,,,0.8,2026-09-22 19:24:00
1470,wastesorting,ours_when_only,05,8,1414185434,experiments_logs/analysis_recent/when_what_original_20260912/00_raw/wastesorting/scene_05_step50/when_what_ours_when_only_thres_0-8_rand_0-4/exp_wastesorting_20260922_192401_129977.txt,571372466c69f2a9d49350216200675feed2386684efc02daa956a734633eff6,ok,1,14,10,0.7677,30.0,GOAL DONE,0.2,100,,,,0.8,2026-09-22 19:24:01
1471,wastesorting,ours_what_only,05,8,1414185434,experiments_logs/analysis_recent/when_what_original_20260912/00_raw/wastesorting/scene_05_step50/when_what_ours_what_only_thres_0-8_rand_0-4/exp_wastesorting_20260922_192402_060411.txt,9a1c4b6650bb5c36005c5a5b24409539d1cafd729fe70a30ee17b080baeeb969,ok,1,10,10,0.7824,30.0,GOAL DONE,0.2,100,,,,0.8,2026-09-22 19:24:02
1472,wastesorting,ours,05,8,1414185434,experiments_logs/analysis_recent/when_what_original_20260912/00_raw/wastesorting/scene_05_step50/when_what_ours_thres_0-8_rand_0-4/exp_wastesorting_20260922_192402_957203.txt,8fc5e9327c71d6f12a7a1ede83cc5104aadd1391936fcfd8c0460f9ca4a71a53,ok,1,8,10,0.7483,30.0,GOAL DONE,0.2,100,,,,0.8,2026-09-22 19:24:02
1473,wastesorting,random,05,9,538476089,experiments_logs/analysis_recent/when_what_original_20260912/00_raw/wastesorting/scene_05_step50/when_what_random_thres_0-8_rand_0-4/exp_wastesorting_20260922_192403_775555.txt,b29cdd5c7438f5024839d6732cb75fb9637e76260ad8dabdd2ed06a557a000f4,ok,0,2,5,0.6647,5.0,PLAN FAILURE,0.2,100,,,,0.8,2026-09-22 19:24:03
1474,wastesorting,ours_when_only,05,9,538476089,experiments_logs/analysis_recent/when_what_original_20260912/00_raw/wastesorting/scene_05_step50/when_what_ours_when_only_thres_0-8_rand_0-4/exp_wastesorting_20260922_192404_733646.txt,ed95cb57f3101cd1110481aea7e49db504537cdca8e70850355ace93e08342f6,ok,1,14,10,0.8339,15.0,GOAL DONE,0.2,100,,,,0.8,2026-09-22 19:24:04
1475,wastesorting,ours_what_only,05,9,538476089,experiments_logs/analysis_recent/when_what_original_20260912/00_raw/wastesorting/scene_05_step50/when_what_ours_what_only_thres_0-8_rand_0-4/exp_wastesorting_20260922_192405_510998.txt,c2d9b85ec993e1c942bf26b07f703b74cbc93935709daceb18978b50c35ac00b,ok,0,2,5,0.6315,5.0,PLAN FAILURE,0.2,100,,,,0.8,2026-09-22 19:24:05
1476,wastesorting,ours,05,9,538476089,experiments_logs/analysis_recent/when_what_original_20260912/00_raw/wastesorting/scene_05_step50/when_what_ours_thres_0-8_rand_0-4/exp_wastesorting_20260922_192406_479711.txt,559ed107d7409006860e8744198bdf4aa888e8342237c8355d18458ec66c8beb,ok,1,10,10,0.7939,15.0,GOAL DONE,0.2,100,,,,0.8,2026-09-22 19:24:06
1477,wastesorting,random,05,10,3557903789,experiments_logs/analysis_recent/when_what_original_20260912/00_raw/wastesorting/scene_05_step50/when_what_random_thres_0-8_rand_0-4/exp_wastesorting_20260922_192407_344943.txt,0d199b2d6c2c6c15c4fe0eda7532066382b6ff0665917265c65102ae3d9a003e,ok,0,2,8,0.7202,10.0,PLAN FAILURE,0.2,100,,,,0.8,2026-09-22 19:24:07
1478,wastesorting,ours_when_only,05,10,3557903789,experiments_logs/analysis_recent/when_what_original_20260912/00_raw/wastesorting/scene_05_step50/when_what_ours_when_only_thres_0-8_rand_0-4/exp_wastesorting_20260922_192408_321760.txt,fd5462302e373e928e513974fb7f11257cafc6adea7dd59d019cfa79f23cf5f7,ok,1,17,11,0.8345,30.0,GOAL DONE,0.2,100,,,,0.8,2026-09-22 19:24:08
1479,wastesorting,ours_what_only,05,10,3557903789,experiments_logs/analysis_recent/when_what_original_20260912/00_raw/wastesorting/scene_05_step50/when_what_ours_what_only_thres_0-8_rand_0-4/exp_wastesorting_20260922_192409_186930.txt,f6e785005518a1a61f77364d1606feff2cdd1ae9d389bb601bff4da29c99b2f0,ok,0,2,8,0.7155,10.0,PLAN FAILURE,0.2,100,,,,0.8,2026-09-22 19:24:09
1480,wastesorting,ours,05,10,3557903789,experiments_logs/analysis_recent/when_what_original_20260912/00_raw/wastesorting/scene_05_step50/when_what_ours_thres_0-8_rand_0-4/exp_wastesorting_20260922_192410_130116.txt,d06988e781fd6d318fbe097888b351c219e3a62cf90c623a2fc1b9c0aad05e9c,ok,1,9,11,0.7993,30.0,GOAL DONE,0.2,100,,,,0.8,2026-09-22 19:24:10
1481,wastesorting,random,05,11,3588947578,experiments_logs/analysis_recent/when_what_original_20260912/00_raw/wastesorting/scene_05_step50/when_what_random_thres_0-8_rand_0-4/exp_wastesorting_20260922_192411_015706.txt,8d42fe9cf80ba6b12d84e829fbae0b48f6411621c94028684f1603942521f00f,ok,0,4,8,0.7382,10.0,PLAN FAILURE,0.2,100,,,,0.8,2026-09-22 19:24:11
1482,wastesorting,ours_when_only,05,11,3588947578,experiments_logs/analysis_recent/when_what_original_20260912/00_raw/wastesorting/scene_05_step50/when_what_ours_when_only_thres_0-8_rand_0-4/exp_wastesorting_20260922_192411_978361.txt,be17b968663430a64f991c7d091b9200d4541ab2960c8724ea6a3a2cc5ad6fee,ok,1,12,10,0.8124,30.0,GOAL DONE,0.2,100,,,,0.8,2026-09-22 19:24:11
1483,wastesorting,ours_what_only,05,11,3588947578,experiments_logs/analysis_recent/when_what_original_20260912/00_raw/wastesorting/scene_05_step50/when_what_ours_what_only_thres_0-8_rand_0-4/exp_wastesorting_20260922_192412_903222.txt,ecad06d5240396ec2716567fc2a2de4934c5d5e315fd3c572452a86241331efa,ok,0,4,8,0.7743,10.0,PLAN FAILURE,0.2,100,,,,0.8,2026-09-22 19:24:12
1484,wastesorting,ours,05,11,3588947578,experiments_logs/analysis_recent/when_what_original_20260912/00_raw/wastesorting/scene_05_step50/when_what_ours_thres_0-8_rand_0-4/exp_wastesorting_20260922_192413_886866.txt,8ee272a6eeaeb421b781ea8e21162ba59ea3a2e5bdb783a93438009c8bfb8b76,ok,1,8,10,0.8371,30.0,GOAL DONE,0.2,100,,,,0.8,2026-09-22 19:24:13
1485,wastesorting,random,05,12,4048635371,experiments_logs/analysis_recent/when_what_original_20260912/00_raw/wastesorting/scene_05_step50/when_what_random_thres_0-8_rand_0-4/exp_wastesorting_20260922_192414_911142.txt,b32456bf6f9f307c5cd34c9b521d3dc1f34c052fc8e3dc862ee1481667cb3386,ok,1,9,12,0.881,30.0,GOAL DONE,0.2,100,,,,0.8,2026-09-22 19:24:14
1486,wastesorting,ours_when_only,05,12,4048635371,experiments_logs/analysis_recent/when_what_original_20260912/00_raw/wastesorting/scene_05_step50/when_what_ours_when_only_thres_0-8_rand_0-4/exp_wastesorting_20260922_192415_978889.txt,f1fab24c25a8362f0e9e06963650b1339dbc525ee1ee4705ce8e0ca74147bfb9,ok,1,22,12,0.9153,30.0,GOAL DONE,0.2,100,,,,0.8,2026-09-22 19:24:15
1487,wastesorting,ours_what_only,05,12,4048635371,experiments_logs/analysis_recent/when_what_original_20260912/00_raw/wastesorting/scene_05_step50/when_what_ours_what_only_thres_0-8_rand_0-4/exp_wastesorting_20260922_192417_021337.txt,5c5058ca9b275b62b7ed9a457f1896df8267fca50a00e43fd944c5a12e83787a,ok,1,8,12,0.8945,30.0,GOAL DONE,0.2,100,,,,0.8,2026-09-22 19:24:17
1488,wastesorting,ours,05,12,4048635371,experiments_logs/analysis_recent/when_what_original_20260912/00_raw/wastesorting/scene_05_step50/when_what_ours_thres_0-8_rand_0-4/exp_wastesorting_20260922_192418_094403.txt,d1645536e120a18d32222fd7cdf373b24ee779195e45f241a1d1493a5f0425aa,ok,1,8,12,0.9246,30.0,GOAL DONE,0.2,100,,,,0.8,2026-09-22 19:24:18
1489,wastesorting,random,05,13,1208155246,experiments_logs/analysis_recent/when_what_original_20260912/00_raw/wastesorting/scene_05_step50/when_what_random_thres_0-8_rand_0-4/exp_wastesorting_20260922_192419_060849.txt,c9deaa18ef3766fcf4fb8aad1837c42282a5972eb1b784da08b7f31bbd823a96,ok,1,10,12,0.8194,30.0,GOAL DONE,0.2,100,,,,0.8,2026-09-22 19:24:19
1490,wastesorting,ours_when_only,05,13,1208155246,experiments_logs/analysis_recent/when_what_original_20260912/00_raw/wastesorting/scene_05_step50/when_what_ours_when_only_thres_0-8_rand_0-4/exp_wastesorting_20260922_192420_029689.txt,57a176b7ec1953e787956fb2e8f565b51d166efe9e649412c071c68708b77e10,ok,1,16,12,0.8215,30.0,GOAL DONE,0.2,100,,,,0.8,2026-09-22 19:24:20
1491,wastesorting,ours_what_only,05,13,1208155246,experiments_logs/analysis_recent/when_what_original_20260912/00_raw/wastesorting/scene_05_step50/when_what_ours_what_only_thres_0-8_rand_0-4/exp_wastesorting_20260922_192420_964981.txt,480fb7216bf5511fc5eb2eac3190bc335939c2b7de1deef243333d1ee5e9899f,ok,1,7,10,0.7845,15.0,GOAL DONE,0.2,100,,,,0.8,2026-09-22 19:24:20
1492,wastesorting,ours,05,13,1208155246,experiments_logs/analysis_recent/when_what_original_20260912/00_raw/wastesorting/scene_05_step50/when_what_ours_thres_0-8_rand_0-4/exp_wastesorting_20260922_192421_923206.txt,8ba00854d0692e18f54cd33ff43a91344ee9efaf38ab203b73ecbe11af69e711,ok,1,7,10,0.8019,15.0,GOAL DONE,0.2,100,,,,0.8,2026-09-22 19:24:21
1493,wastesorting,random,05,14,947154873,experiments_logs/analysis_recent/when_what_original_20260912/00_raw/wastesorting/scene_05_step50/when_what_random_thres_0-8_rand_0-4/exp_wastesorting_20260922_192422_857585.txt,cdf97a1e38810719a7cdd8f4b048630c9b5a107ecc0d85472c89e92cb9755908,ok,1,5,11,0.7901,30.0,GOAL DONE,0.2,100,,,,0.8,2026-09-22 19:24:22
1494,wastesorting,ours_when_only,05,14,947154873,experiments_logs/analysis_recent/when_what_original_20260912/00_raw/wastesorting/scene_05_step50/when_what_ours_when_only_thres_0-8_rand_0-4/exp_wastesorting_20260922_192423_856542.txt,1452313e1a67c9da59bdc00451beb23420a1291b85b082db2cca856de2cd6aee,ok,1,17,11,0.8509,30.0,GOAL DONE,0.2,100,,,,0.8,2026-09-22 19:24:23
1495,wastesorting,ours_what_only,05,14,947154873,experiments_logs/analysis_recent/when_what_original_20260912/00_raw/wastesorting/scene_05_step50/when_what_ours_what_only_thres_0-8_rand_0-4/exp_wastesorting_20260922_192424_783692.txt,4f0a43487676c3dd82e314756699c9db8a7da0c9c3c6e918feb757bece688fd8,ok,1,5,10,0.784,15.0,GOAL DONE,0.2,100,,,,0.8,2026-09-22 19:24:24
1496,wastesorting,ours,05,14,947154873,experiments_logs/analysis_recent/when_what_original_20260912/00_raw/wastesorting/scene_05_step50/when_what_ours_thres_0-8_rand_0-4/exp_wastesorting_20260922_192425_736730.txt,45a8e6b06e33f062330fede9c6bd496b2cd1135979106b7a2f30e9113374c4ba,ok,1,7,10,0.8055,15.0,GOAL DONE,0.2,100,,,,0.8,2026-09-22 19:24:25
1497,wastesorting,random,05,15,3408379195,experiments_logs/analysis_recent/when_what_original_20260912/00_raw/wastesorting/scene_05_step50/when_what_random_thres_0-8_rand_0-4/exp_wastesorting_20260922_192426_751160.txt,8ba76ff1337aebf0503c32768f7dee083925ea9a3c88509033e65ff5d1bfea07,ok,1,16,11,0.8606,30.0,GOAL DONE,0.2,100,,,,0.8,2026-09-22 19:24:26
1498,wastesorting,ours_when_only,05,15,3408379195,experiments_logs/analysis_recent/when_what_original_20260912/00_raw/wastesorting/scene_05_step50/when_what_ours_when_only_thres_0-8_rand_0-4/exp_wastesorting_20260922_192427_751065.txt,1b02b320cb9933b0b366e895e6513e46dd35aaf92213e48589c213b7d85c26fd,ok,1,20,11,0.8544,30.0,GOAL DONE,0.2,100,,,,0.8,2026-09-22 19:24:27
1499,wastesorting,ours_what_only,05,15,3408379195,experiments_logs/analysis_recent/when_what_original_20260912/00_raw/wastesorting/scene_05_step50/when_what_ours_what_only_thres_0-8_rand_0-4/exp_wastesorting_20260922_192428_717751.txt,b10c27c288d5aef64715b09027e2987aa759e39559d40d83e580f7e7a7b033ea,ok,1,7,11,0.8194,30.0,GOAL DONE,0.2,100,,,,0.8,2026-09-22 19:24:28
1500,wastesorting,ours,05,15,3408379195,experiments_logs/analysis_recent/when_what_original_20260912/00_raw/wastesorting/scene_05_step50/when_what_ours_thres_0-8_rand_0-4/exp_wastesorting_20260922_192429_705295.txt,59543c62fd276ab48a1a9a4c662b0960e18c269470d7f94a8e12e0b68b5e950e,ok,1,7,11,0.8453,30.0,GOAL DONE,0.2,100,,,,0.8,2026-09-22 19:24:29
1501,wastesorting,random,05,16,519208862,experiments_logs/analysis_recent/when_what_original_20260912/00_raw/wastesorting/scene_05_step50/when_what_random_thres_0-8_rand_0-4/exp_wastesorting_20260922_192430_640395.txt,ce4788d53398da1e41853163ab4616cc2ee731b5011174c974d07a58c2c90040,ok,1,20,10,0.7867,30.0,GOAL DONE,0.2,100,,,,0.8,2026-09-22 19:24:30
1502,wastesorting,ours_when_only,05,16,519208862,experiments_logs/analysis_recent/when_what_original_20260912/00_raw/wastesorting/scene_05_step50/when_what_ours_when_only_thres_0-8_rand_0-4/exp_wastesorting_20260922_192431_621754.txt,87efacdf4e30475d6a34d873c8302a20619438074210ebb974f645e95687a093,ok,1,14,10,0.784,30.0,GOAL DONE,0.2,100,,,,0.8,2026-09-22 19:24:31
1503,wastesorting,ours_what_only,05,16,519208862,experiments_logs/analysis_recent/when_what_original_20260912/00_raw/wastesorting/scene_05_step50/when_what_ours_what_only_thres_0-8_rand_0-4/exp_wastesorting_20260922_192432_560783.txt,bb0eec432da7086908d15075ac893049bd4dd429bf2fd55f7e0b7af58b125f95,ok,1,15,10,0.8121,30.0,GOAL DONE,0.2,100,,,,0.8,2026-09-22 19:24:32
1504,wastesorting,ours,05,16,519208862,experiments_logs/analysis_recent/when_what_original_20260912/00_raw/wastesorting/scene_05_step50/when_what_ours_thres_0-8_rand_0-4/exp_wastesorting_20260922_192433_467097.txt,5ad64847adcb28137cbff7a75d4fd14211272e925b845313675fafb4b8e75999,ok,1,10,10,0.7844,30.0,GOAL DONE,0.2,100,,,,0.8,2026-09-22 19:24:33
1505,wastesorting,random,05,17,2731265933,experiments_logs/analysis_recent/when_what_original_20260912/00_raw/wastesorting/scene_05_step50/when_what_random_thres_0-8_rand_0-4/exp_wastesorting_20260922_192434_390433.txt,15678181a4ae1f84d1e25328e7dca381916de58795a7af8ce0133f4600885c69,ok,1,5,10,0.7713,30.0,GOAL DONE,0.2,100,,,,0.8,2026-09-22 19:24:34
1506,wastesorting,ours_when_only,05,17,2731265933,experiments_logs/analysis_recent/when_what_original_20260912/00_raw/wastesorting/scene_05_step50/when_what_ours_when_only_thres_0-8_rand_0-4/exp_wastesorting_20260922_192435_352386.txt,969c130e95efc2e02142eefc7432cbdb94904756464d8c08f2138983dd199e97,ok,1,18,10,0.8055,30.0,GOAL DONE,0.2,100,,,,0.8,2026-09-22 19:24:35
1507,wastesorting,ours_what_only,05,17,2731265933,experiments_logs/analysis_recent/when_what_original_20260912/00_raw/wastesorting/scene_05_step50/when_what_ours_what_only_thres_0-8_rand_0-4/exp_wastesorting_20260922_192436_245408.txt,9508f98a611b240f88e62476a4358809d99943371353a76dbcce22eac18e8274,ok,1,5,10,0.7419,30.0,GOAL DONE,0.2,100,,,,0.8,2026-09-22 19:24:36
1508,wastesorting,ours,05,17,2731265933,experiments_logs/analysis_recent/when_what_original_20260912/00_raw/wastesorting/scene_05_step50/when_what_ours_thres_0-8_rand_0-4/exp_wastesorting_20260922_192437_164349.txt,fe069d2a388a86d564c7faff046badf2e375d0633180f50351d5e857b8d9902a,ok,1,7,10,0.7657,30.0,GOAL DONE,0.2,100,,,,0.8,2026-09-22 19:24:37
1509,wastesorting,random,05,18,152784741,experiments_logs/analysis_recent/when_what_original_20260912/00_raw/wastesorting/scene_05_step50/when_what_random_thres_0-8_rand_0-4/exp_wastesorting_20260922_192438_338476.txt,74299142ab51a63b8b89cb7168a37467c6e39d1d4be67dcf3624ff5929796a36,ok,0,14,12,1.0289,15.0,PLAN FAILURE,0.2,100,,,,0.8,2026-09-22 19:24:38
1510,wastesorting,ours_when_only,05,18,152784741,experiments_logs/analysis_recent/when_what_original_20260912/00_raw/wastesorting/scene_05_step50/when_what_ours_when_only_thres_0-8_rand_0-4/exp_wastesorting_20260922_192439_386802.txt,4a28f37cfcfe97ceb15e8af32e41372af8b0582f7e51d34f18ae732410adb905,ok,1,21,12,0.8932,30.0,GOAL DONE,0.2,100,,,,0.8,2026-09-22 19:24:39
1511,wastesorting,ours_what_only,05,18,152784741,experiments_logs/analysis_recent/when_what_original_20260912/00_raw/wastesorting/scene_05_step50/when_what_ours_what_only_thres_0-8_rand_0-4/exp_wastesorting_20260922_192440_555982.txt,5cea2b40345a78e7d469ccfd9c6a26e53c9e09908af7133f228f5585ebe8aa76,ok,0,7,12,1.0186,15.0,PLAN FAILURE,0.2,100,,,,0.8,2026-09-22 19:24:40
1512,wastesorting,ours,05,18,152784741,experiments_logs/analysis_recent/when_what_original_20260912/00_raw/wastesorting/scene_05_step50/when_what_ours_thres_0-8_rand_0-4/exp_wastesorting_20260922_192441_729385.txt,e654e02f9c399fd46fb4bfc6676ca95507088fe8c4605e7d417ce404b74ed6a8,ok,1,11,12,1.0227,30.0,GOAL DONE,0.2,100,,,,0.8,2026-09-22 19:24:41
1513,wastesorting,random,05,19,1860840237,experiments_logs/analysis_recent/when_what_original_20260912/00_raw/wastesorting/scene_05_step50/when_what_random_thres_0-8_rand_0-4/exp_wastesorting_20260922_192442_657870.txt,2239b5e067cc005fc4b05b90ec32ed2c8f2a92f867f2ec91e64673b0c549efc0,ok,1,6,10,0.7659,30.0,GOAL DONE,0.2,100,,,,0.8,2026-09-22 19:24:42
1514,wastesorting,ours_when_only,05,19,1860840237,experiments_logs/analysis_recent/when_what_original_20260912/00_raw/wastesorting/scene_05_step50/when_what_ours_when_only_thres_0-8_rand_0-4/exp_wastesorting_20260922_192443_634023.txt,6d9d0f18d696c711fcc768c1dd1a69a434a8a508e8eb92a1ac80571cb9bf1634,ok,1,18,10,0.827,30.0,GOAL DONE,0.2,100,,,,0.8,2026-09-22 19:24:43
1515,wastesorting,ours_what_only,05,19,1860840237,experiments_logs/analysis_recent/when_what_original_20260912/00_raw/wastesorting/scene_05_step50/when_what_ours_what_only_thres_0-8_rand_0-4/exp_wastesorting_20260922_192444_564450.txt,898814050a804e9744b68dd2e01437d4a0aedb8261038e932abe98094c135d7a,ok,1,3,10,0.7889,30.0,GOAL DONE,0.2,100,,,,0.8,2026-09-22 19:24:44
1516,wastesorting,ours,05,19,1860840237,experiments_logs/analysis_recent/when_what_original_20260912/00_raw/wastesorting/scene_05_step50/when_what_ours_thres_0-8_rand_0-4/exp_wastesorting_20260922_192445_511241.txt,faec0e82a3146e68490f12224c0cef822416a16d1781f05a453de23bf8185a00,ok,1,6,10,0.7976,30.0,GOAL DONE,0.2,100,,,,0.8,2026-09-22 19:24:45
1517,wastesorting,random,05,20,2564808521,experiments_logs/analysis_recent/when_what_original_20260912/00_raw/wastesorting/scene_05_step50/when_what_random_thres_0-8_rand_0-4/exp_wastesorting_20260922_192446_562389.txt,cd4257688bd046c2d9f9c40bc36e95fabe8e22c7b82c9621b6cb4864b97882ce,ok,0,14,13,0.9024,15.0,PLAN FAILURE,0.2,100,,,,0.8,2026-09-22 19:24:46
1518,wastesorting,ours_when_only,05,20,2564808521,experiments_logs/analysis_recent/when_what_original_20260912/00_raw/wastesorting/scene_05_step50/when_what_ours_when_only_thres_0-8_rand_0-4/exp_wastesorting_20260922_192447_605144.txt,b5b18edf74b23cff023af537e310bb56af73550eb6a80f3223f87dd38dd02e30,ok,1,15,12,0.8902,30.0,GOAL DONE,0.2,100,,,,0.8,2026-09-22 19:24:47
1519,wastesorting,ours_what_only,05,20,2564808521,experiments_logs/analysis_recent/when_what_original_20260912/00_raw/wastesorting/scene_05_step50/when_what_ours_what_only_thres_0-8_rand_0-4/exp_wastesorting_20260922_192448_649524.txt,851fa63ce636671cc166c381c77f21131771430e0fd6e24b9d6a00cce8676a55,ok,0,13,13,0.893,15.0,PLAN FAILURE,0.2,100,,,,0.8,2026-09-22 19:24:48
1520,wastesorting,ours,05,20,2564808521,experiments_logs/analysis_recent/when_what_original_20260912/00_raw/wastesorting/scene_05_step50/when_what_ours_thres_0-8_rand_0-4/exp_wastesorting_20260922_192449_647233.txt,59fbb845a17f5de5556ae6717c926a269addf0f25330b8ab3aff55c00a202ec4,ok,1,14,11,0.8366,15.0,GOAL DONE,0.2,100,,,,0.8,2026-09-22 19:24:49
1521,wastesorting,random,05,21,3598248670,experiments_logs/analysis_recent/when_what_original_20260912/00_raw/wastesorting/scene_05_step50/when_what_random_thres_0-8_rand_0-4/exp_wastesorting_20260922_192450_671296.txt,04f1d1d16a0dd8a142f8ffdd2e2029bd46a9cbf8a35d3251c0db519954730586,ok,1,16,11,0.8699,30.0,GOAL DONE,0.2,100,,,,0.8,2026-09-22 19:24:50
1522,wastesorting,ours_when_only,05,21,3598248670,experiments_logs/analysis_recent/when_what_original_20260912/00_raw/wastesorting/scene_05_step50/when_what_ours_when_only_thres_0-8_rand_0-4/exp_wastesorting_20260922_192451_687274.txt,4c1db10fa9bf26b70e707e0cabb328b2c9c9285238bff25b9d455211c5cfa7b2,ok,1,20,11,0.8681,30.0,GOAL DONE,0.2,100,,,,0.8,2026-09-22 19:24:51
1523,wastesorting,ours_what_only,05,21,3598248670,experiments_logs/analysis_recent/when_what_original_20260912/00_raw/wastesorting/scene_05_step50/when_what_ours_what_only_thres_0-8_rand_0-4/exp_wastesorting_20260922_192452_706978.txt,f56f31f80633555e0c58e7becc898bd18ab2ad3e9f9385ecbc1c7840cd8770d0,ok,1,8,11,0.867,30.0,GOAL DONE,0.2,100,,,,0.8,2026-09-22 19:24:52
1524,wastesorting,ours,05,21,3598248670,experiments_logs/analysis_recent/when_what_original_20260912/00_raw/wastesorting/scene_05_step50/when_what_ours_thres_0-8_rand_0-4/exp_wastesorting_20260922_192453_724352.txt,e1582f5156c59b8d6f2682345ea6b82c3884fadf963c5b1eb027011e97e02398,ok,1,8,11,0.8662,30.0,GOAL DONE,0.2,100,,,,0.8,2026-09-22 19:24:53
1525,wastesorting,random,05,22,1648830549,experiments_logs/analysis_recent/when_what_original_20260912/00_raw/wastesorting/scene_05_step50/when_what_random_thres_0-8_rand_0-4/exp_wastesorting_20260922_192454_731633.txt,40d2782dfb3bbdfb802cc7735e2e6760d2e1cb52b35085c5d675235cc49c2249,ok,1,3,12,0.8484,30.0,GOAL DONE,0.2,100,,,,0.8,2026-09-22 19:24:54
1526,wastesorting,ours_when_only,05,22,1648830549,experiments_logs/analysis_recent/when_what_original_20260912/00_raw/wastesorting/scene_05_step50/when_what_ours_when_only_thres_0-8_rand_0-4/exp_wastesorting_20260922_192455_760088.txt,0404c7826941c8690e1c8710c1fdc6458992b008189a8fe082a548923cf97150,ok,1,24,12,0.8717,30.0,GOAL DONE,0.2,100,,,,0.8,2026-09-22 19:24:55
1527,wastesorting,ours_what_only,05,22,1648830549,experiments_logs/analysis_recent/when_what_original_20260912/00_raw/wastesorting/scene_05_step50/when_what_ours_what_only_thres_0-8_rand_0-4/exp_wastesorting_20260922_192456_788560.txt,937b8ea0dd5464ecd3af86cdba81c6b3d5f0ccf1db6c54b22775a69024777560,ok,1,3,12,0.8731,30.0,GOAL DONE,0.2,100,,,,0.8,2026-09-22 19:24:56
1528,wastesorting,ours,05,22,1648830549,experiments_logs/analysis_recent/when_what_original_20260912/00_raw/wastesorting/scene_05_step50/when_what_ours_thres_0-8_rand_0-4/exp_wastesorting_20260922_192457_753242.txt,429091cf79f534c61befefbd8260602b2f46f50ce62191982614b852931a9918,ok,1,11,11,0.8163,5.0,GOAL DONE,0.2,100,,,,0.8,2026-09-22 19:24:57
1529,wastesorting,random,05,23,1807365816,experiments_logs/analysis_recent/when_what_original_20260912/00_raw/wastesorting/scene_05_step50/when_what_random_thres_0-8_rand_0-4/exp_wastesorting_20260922_192458_541249.txt,c6accd8aa3df17d98a0e291fb9a9d5ed4d052e783cb584affe0c224a24495489,ok,0,1,5,0.6311,5.0,PLAN FAILURE,0.2,100,,,,0.8,2026-09-22 19:24:58
1530,wastesorting,ours_when_only,05,23,1807365816,experiments_logs/analysis_recent/when_what_original_20260912/00_raw/wastesorting/scene_05_step50/when_what_ours_when_only_thres_0-8_rand_0-4/exp_wastesorting_20260922_192459_518152.txt,0e4eddc8792f5511c8d6982cd62f7af4befa9e43562d64ac8775d2b52034b835,ok,1,15,11,0.824,30.0,GOAL DONE,0.2,100,,,,0.8,2026-09-22 19:24:59
1531,wastesorting,ours_what_only,05,23,1807365816,experiments_logs/analysis_recent/when_what_original_20260912/00_raw/wastesorting/scene_05_step50/when_what_ours_what_only_thres_0-8_rand_0-4/exp_wastesorting_20260922_192500_319601.txt,6d2c5c19fbf4001436aecd85af6a243826abf7b2f31210154cabfe3ce3be928a,ok,0,1,5,0.6592,5.0,PLAN FAILURE,0.2,100,,,,0.8,2026-09-22 19:25:00
1532,wastesorting,ours,05,23,1807365816,experiments_logs/analysis_recent/when_what_original_20260912/00_raw/wastesorting/scene_05_step50/when_what_ours_thres_0-8_rand_0-4/exp_wastesorting_20260922_192501_255835.txt,43847be8facbe8c4f90d29c95328bc776f62f3bee22681815fd2efab85b90fe7,ok,1,13,10,0.7869,10.0,GOAL DONE,0.2,100,,,,0.8,2026-09-22 19:25:01
1533,wastesorting,random,05,24,1848481052,experiments_logs/analysis_recent/when_what_original_20260912/00_raw/wastesorting/scene_05_step50/when_what_random_thres_0-8_rand_0-4/exp_wastesorting_20260922_192502_433134.txt,41a353c6615a1c6712f3d99e66da7b12fb50b48912b4b9c052b4cb8b3061e8d4,ok,1,14,12,1.0031,30.0,GOAL DONE,0.2,100,,,,0.8,2026-09-22 19:25:02
1534,wastesorting,ours_when_only,05,24,1848481052,experiments_logs/analysis_recent/when_what_original_20260912/00_raw/wastesorting/scene_05_step50/when_what_ours_when_only_thres_0-8_rand_0-4/exp_wastesorting_20260922_192503_384006.txt,eb8a99b6a3c38f7d6b243b9f7e7dbed6bc8610e65e9b7244d7b2d0e73c9b7cb7,ok,1,10,10,0.7977,30.0,GOAL DONE,0.2,100,,,,0.8,2026-09-22 19:25:03
1535,wastesorting,ours_what_only,05,24,1848481052,experiments_logs/analysis_recent/when_what_original_20260912/00_raw/wastesorting/scene_05_step50/when_what_ours_what_only_thres_0-8_rand_0-4/exp_wastesorting_20260922_192504_536442.txt,7be8c285ab324cd8481c3080a0fdc3a4df5ae1519142be6dc15b6ed5199b42b9,ok,1,11,12,1.0163,30.0,GOAL DONE,0.2,100,,,,0.8,2026-09-22 19:25:04
1536,wastesorting,ours,05,24,1848481052,experiments_logs/analysis_recent/when_what_original_20260912/00_raw/wastesorting/scene_05_step50/when_what_ours_thres_0-8_rand_0-4/exp_wastesorting_20260922_192505_684613.txt,d8ed5d471e2600a9078d7c26f201fc8fc093efb3e8c726a969110095abcbfa54,ok,1,14,11,0.9934,10.0,GOAL DONE,0.2,100,,,,0.8,2026-09-22 19:25:05
1537,wastesorting,random,05,25,2084258147,experiments_logs/analysis_recent/when_what_original_20260912/00_raw/wastesorting/scene_05_step50/when_what_random_thres_0-8_rand_0-4/exp_wastesorting_20260922_192506_629669.txt,0b9a2f6bea98ccdcdd4ffecc74938cec372f57f6be657abc89539be854b14b0f,ok,1,21,10,0.7877,30.0,GOAL DONE,0.2,100,,,,0.8,2026-09-22 19:25:06
1538,wastesorting,ours_when_only,05,25,2084258147,experiments_logs/analysis_recent/when_what_original_20260912/00_raw/wastesorting/scene_05_step50/when_what_ours_when_only_thres_0-8_rand_0-4/exp_wastesorting_20260922_192507_575922.txt,fd75931246b8d9249b0df34e6a8a94b11f3eed018d92f7f6619fd16f493b3087,ok,1,19,10,0.8006,30.0,GOAL DONE,0.2,100,,,,0.8,2026-09-22 19:25:07
1539,wastesorting,ours_what_only,05,25,2084258147,experiments_logs/analysis_recent/when_what_original_20260912/00_raw/wastesorting/scene_05_step50/when_what_ours_what_only_thres_0-8_rand_0-4/exp_wastesorting_20260922_192508_508667.txt,e025fd2fcedbe0f213845e6b9b9859893f94b86dda17a8d93a525e98127aa269,ok,1,10,10,0.7888,30.0,GOAL DONE,0.2,100,,,,0.8,2026-09-22 19:25:08
1540,wastesorting,ours,05,25,2084258147,experiments_logs/analysis_recent/when_what_original_20260912/00_raw/wastesorting/scene_05_step50/when_what_ours_thres_0-8_rand_0-4/exp_wastesorting_20260922_192509_435225.txt,e1f50189a3cfb91de24074bed8cc50e065308a46e0f62b8df7e5e54acd889067,ok,1,7,10,0.7792,30.0,GOAL DONE,0.2,100,,,,0.8,2026-09-22 19:25:09
1541,wastesorting,random,05,26,3546107739,experiments_logs/analysis_recent/when_what_original_20260912/00_raw/wastesorting/scene_05_step50/when_what_random_thres_0-8_rand_0-4/exp_wastesorting_20260922_192510_316685.txt,750801ae4f4d55b0f42ff166b8e6473fe4ae7aa04bc4269e6418e0c42dff0541,ok,0,9,9,0.7298,10.0,PLAN FAILURE,0.2,100,,,,0.8,2026-09-22 19:25:10
1542,wastesorting,ours_when_only,05,26,3546107739,experiments_logs/analysis_recent/when_what_original_20260912/00_raw/wastesorting/scene_05_step50/when_what_ours_when_only_thres_0-8_rand_0-4/exp_wastesorting_20260922_192511_245094.txt,a1efb429ef20e18da56e2c2aaae88d30934b73ca28725591e84ef131ccb9d007,ok,1,15,11,0.7736,30.0,GOAL DONE,0.2,100,,,,0.8,2026-09-22 19:25:11
1543,wastesorting,ours_what_only,05,26,3546107739,experiments_logs/analysis_recent/when_what_original_20260912/00_raw/wastesorting/scene_05_step50/when_what_ours_what_only_thres_0-8_rand_0-4/exp_wastesorting_20260922_192512_155349.txt,22f03cbb11c2296153d1d80b39f4dc0e569f01b99a6bc5644ca8dc79b1c7f777,ok,1,5,10,0.7636,15.0,GOAL DONE,0.2,100,,,,0.8,2026-09-22 19:25:12
1544,wastesorting,ours,05,26,3546107739,experiments_logs/analysis_recent/when_what_original_20260912/00_raw/wastesorting/scene_05_step50/when_what_ours_thres_0-8_rand_0-4/exp_wastesorting_20260922_192513_058908.txt,1857b40ff415ece774690972d38565989e75886dbc9def9dab7018fe4a09b22e,ok,1,7,10,0.7538,15.0,GOAL DONE,0.2,100,,,,0.8,2026-09-22 19:25:13
1545,wastesorting,random,05,27,2512782675,experiments_logs/analysis_recent/when_what_original_20260912/00_raw/wastesorting/scene_05_step50/when_what_random_thres_0-8_rand_0-4/exp_wastesorting_20260922_192514_633441.txt,58e51814efcde2e0fbe13a202c7fd16b04396909c119798b2084141552e637c9,ok,1,3,12,1.4208,30.0,GOAL DONE,0.2,100,,,,0.8,2026-09-22 19:25:14
1546,wastesorting,ours_when_only,05,27,2512782675,experiments_logs/analysis_recent/when_what_original_20260912/00_raw/wastesorting/scene_05_step50/when_what_ours_when_only_thres_0-8_rand_0-4/exp_wastesorting_20260922_192515_799373.txt,6b36276e85df44b681d57a6b18ff2d2b2edc6551b6e70459f8c974b394cc8054,ok,1,22,11,1.0184,15.0,GOAL DONE,0.2,100,,,,0.8,2026-09-22 19:25:15
1547,wastesorting,ours_what_only,05,27,2512782675,experiments_logs/analysis_recent/when_what_original_20260912/00_raw/wastesorting/scene_05_step50/when_what_ours_what_only_thres_0-8_rand_0-4/exp_wastesorting_20260922_192517_384401.txt,0e5381ba500f99b1adb24f68af3a457cb4792e3791ae47ad4bb301fb0f56a5b4,ok,1,3,12,1.4262,30.0,GOAL DONE,0.2,100,,,,0.8,2026-09-22 19:25:17
1548,wastesorting,ours,05,27,2512782675,experiments_logs/analysis_recent/when_what_original_20260912/00_raw/wastesorting/scene_05_step50/when_what_ours_thres_0-8_rand_0-4/exp_wastesorting_20260922_192519_050529.txt,917b1f3b7ea2b8e651d374e0ffaca3da85100ad19f64b1d9d18ec9f6c04059a4,ok,1,12,12,1.518,30.0,GOAL DONE,0.2,100,,,,0.8,2026-09-22 19:25:19
1549,wastesorting,random,05,28,1246837607,experiments_logs/analysis_recent/when_what_original_20260912/00_raw/wastesorting/scene_05_step50/when_what_random_thres_0-8_rand_0-4/exp_wastesorting_20260922_192519_864713.txt,4a057cf87cd3a8662227bcca46bf38b0b5744bda0e236b3114555b232a315317,ok,0,1,3,0.6574,0.0,PLAN FAILURE,0.2,100,,,,0.8,2026-09-22 19:25:19
1550,wastesorting,ours_when_only,05,28,1246837607,experiments_logs/analysis_recent/when_what_original_20260912/00_raw/wastesorting/scene_05_step50/when_what_ours_when_only_thres_0-8_rand_0-4/exp_wastesorting_20260922_192521_026703.txt,3d6f8f2a98d2679aade28ee0ad5923c40abf6871f3cfc20ebbb01b4cd7e2e9f1,ok,1,20,11,1.0101,30.0,GOAL DONE,0.2,100,,,,0.8,2026-09-22 19:25:21
1551,wastesorting,ours_what_only,05,28,1246837607,experiments_logs/analysis_recent/when_what_original_20260912/00_raw/wastesorting/scene_05_step50/when_what_ours_what_only_thres_0-8_rand_0-4/exp_wastesorting_20260922_192521_856631.txt,06d6403699666d3fbfb03e9221570bea7b4effc9242db79709d229804ce95f91,ok,0,1,3,0.6794,0.0,PLAN FAILURE,0.2,100,,,,0.8,2026-09-22 19:25:21
1552,wastesorting,ours,05,28,1246837607,experiments_logs/analysis_recent/when_what_original_20260912/00_raw/wastesorting/scene_05_step50/when_what_ours_thres_0-8_rand_0-4/exp_wastesorting_20260922_192523_014685.txt,b369aa094714a0a8cd7680ccbe94331e0f529b747649572fe785da0f01915b8b,ok,1,11,11,1.0022,30.0,GOAL DONE,0.2,100,,,,0.8,2026-09-22 19:25:23
1553,wastesorting,random,05,29,745256119,experiments_logs/analysis_recent/when_what_original_20260912/00_raw/wastesorting/scene_05_step50/when_what_random_thres_0-8_rand_0-4/exp_wastesorting_20260922_192523_896438.txt,621950d390fd5a68fbbb4d2e3b8f82c638a62323327c4ac9f7ecaaf741e9f9aa,ok,0,2,8,0.7358,10.0,PLAN FAILURE,0.2,100,,,,0.8,2026-09-22 19:25:23
1554,wastesorting,ours_when_only,05,29,745256119,experiments_logs/analysis_recent/when_what_original_20260912/00_raw/wastesorting/scene_05_step50/when_what_ours_when_only_thres_0-8_rand_0-4/exp_wastesorting_20260922_192524_875258.txt,5a6144a4da4202e251b403a09d5960e9737848c5ade141da9f7c8fccac26ece6,ok,1,19,11,0.825,15.0,GOAL DONE,0.2,100,,,,0.8,2026-09-22 19:25:24
1555,wastesorting,ours_what_only,05,29,745256119,experiments_logs/analysis_recent/when_what_original_20260912/00_raw/wastesorting/scene_05_step50/when_what_ours_what_only_thres_0-8_rand_0-4/exp_wastesorting_20260922_192525_772057.txt,cbda60a741b6df8fdd3a64252aaa5050bb498e3bbb6c04316b383d60d8674e76,ok,0,2,8,0.749,10.0,PLAN FAILURE,0.2,100,,,,0.8,2026-09-22 19:25:25
1556,wastesorting,ours,05,29,745256119,experiments_logs/analysis_recent/when_what_original_20260912/00_raw/wastesorting/scene_05_step50/when_what_ours_thres_0-8_rand_0-4/exp_wastesorting_20260922_192526_741567.txt,fb09359ad50e049ea43b842628e7eb9c9cae683f02d5079f67fa34cbdf70a06a,ok,1,10,11,0.8444,15.0,GOAL DONE,0.2,100,,,,0.8,2026-09-22 19:25:26
1557,wastesorting,random,05,30,1822052111,experiments_logs/analysis_recent/when_what_original_20260912/00_raw/wastesorting/scene_05_step50/when_what_random_thres_0-8_rand_0-4/exp_wastesorting_20260922_192527_591275.txt,4bb22e1164250aad37305f55829a6f2e713d40c4b0ded7764ec54fec622eabdb,ok,0,3,8,0.7271,5.0,PLAN FAILURE,0.2,100,,,,0.8,2026-09-22 19:25:27
1558,wastesorting,ours_when_only,05,30,1822052111,experiments_logs/analysis_recent/when_what_original_20260912/00_raw/wastesorting/scene_05_step50/when_what_ours_when_only_thres_0-8_rand_0-4/exp_wastesorting_20260922_192528_618138.txt,442cdab1151d275f9a7eda3139cec39463775a287e64bbeb47a4c25681b6cfa5,ok,1,21,12,0.8818,30.0,GOAL DONE,0.2,100,,,,0.8,2026-09-22 19:25:28
1559,wastesorting,ours_what_only,05,30,1822052111,experiments_logs/analysis_recent/when_what_original_20260912/00_raw/wastesorting/scene_05_step50/when_what_ours_what_only_thres_0-8_rand_0-4/exp_wastesorting_20260922_192529_488926.txt,df287b0dcca1e9464a0e48c5d6397d3eec2f8b695d68cf5a6006095901ec6479,ok,0,3,8,0.7208,5.0,PLAN FAILURE,0.2,100,,,,0.8,2026-09-22 19:25:29
1560,wastesorting,ours,05,30,1822052111,experiments_logs/analysis_recent/when_what_original_20260912/00_raw/wastesorting/scene_05_step50/when_what_ours_thres_0-8_rand_0-4/exp_wastesorting_20260922_192530_405716.txt,b26a66344bb0e6c19b49e853c104347b36e7e6579b69460688b1cefac6a466fc,ok,1,8,10,0.7645,15.0,GOAL DONE,0.2,100,,,,0.8,2026-09-22 19:25:30
1561,wastesorting,random,05,31,2466276235,experiments_logs/analysis_recent/when_what_original_20260912/00_raw/wastesorting/scene_05_step50/when_what_random_thres_0-8_rand_0-4/exp_wastesorting_20260922_192531_434008.txt,2dcbb1def88f1689f2e223dc9e4ba6942c4acb6614b9230f29faaa39dbea81d6,ok,1,9,12,0.8195,30.0,GOAL DONE,0.2,100,,,,0.8,2026-09-22 19:25:31
1562,wastesorting,ours_when_only,05,31,2466276235,experiments_logs/analysis_recent/when_what_original_20260912/00_raw/wastesorting/scene_05_step50/when_what_ours_when_only_thres_0-8_rand_0-4/exp_wastesorting_20260922_192532_403855.txt,812e432417b2c9123c45a6801523ab56f8366f4d847d545c33e364eb43bcf1b5,ok,1,20,11,0.8234,15.0,GOAL DONE,0.2,100,,,,0.8,2026-09-22 19:25:32
1563,wastesorting,ours_what_only,05,31,2466276235,experiments_logs/analysis_recent/when_what_original_20260912/00_raw/wastesorting/scene_05_step50/when_what_ours_what_only_thres_0-8_rand_0-4/exp_wastesorting_20260922_192533_407393.txt,7d55f401b67823a1018fee391413cbb2e23972a2c98ca03ec2b2e6275b3aecbf,ok,1,6,12,0.8533,30.0,GOAL DONE,0.2,100,,,,0.8,2026-09-22 19:25:33
1564,wastesorting,ours,05,31,2466276235,experiments_logs/analysis_recent/when_what_original_20260912/00_raw/wastesorting/scene_05_step50/when_what_ours_thres_0-8_rand_0-4/exp_wastesorting_20260922_192534_363966.txt,791194e1c3ee37d61a916942f5dfc762c3e12c4b803c50a9b2db544118cf6a9f,ok,1,8,10,0.8061,15.0,GOAL DONE,0.2,100,,,,0.8,2026-09-22 19:25:34
1565,wastesorting,random,05,32,3011206223,experiments_logs/analysis_recent/when_what_original_20260912/00_raw/wastesorting/scene_05_step50/when_what_random_thres_0-8_rand_0-4/exp_wastesorting_20260922_192535_345383.txt,8a49014f20e0e28f04e5c8cdf18cd7bbd03af0e76fbac30a83f4296b23fa7ed0,ok,1,9,11,0.8435,30.0,GOAL DONE,0.2,100,,,,0.8,2026-09-22 19:25:35
1566,wastesorting,ours_when_only,05,32,3011206223,experiments_logs/analysis_recent/when_what_original_20260912/00_raw/wastesorting/scene_05_step50/when_what_ours_when_only_thres_0-8_rand_0-4/exp_wastesorting_20260922_192536_363393.txt,119e200b5910bba8799ab233c36a1e0cf0b8b4085f08f996514b38cf01576372,ok,1,17,11,0.8656,30.0,GOAL DONE,0.2,100,,,,0.8,2026-09-22 19:25:36
1567,wastesorting,ours_what_only,05,32,3011206223,experiments_logs/analysis_recent/when_what_original_20260912/00_raw/wastesorting/scene_05_step50/when_what_ours_what_only_thres_0-8_rand_0-4/exp_wastesorting_20260922_192537_361429.txt,d41cdc891e918edbc236f218152bf8e78379d5269c4ebd2ef6aa66d637e8bedf,ok,1,7,11,0.8455,30.0,GOAL DONE,0.2,100,,,,0.8,2026-09-22 19:25:37
1568,wastesorting,ours,05,32,3011206223,experiments_logs/analysis_recent/when_what_original_20260912/00_raw/wastesorting/scene_05_step50/when_what_ours_thres_0-8_rand_0-4/exp_wastesorting_20260922_192538_366703.txt,32e5143fb5c8d822d079f48f81c8760bbfa1ae62fe78ac31250f65f0701b316f,ok,1,9,11,0.845,30.0,GOAL DONE,0.2,100,,,,0.8,2026-09-22 19:25:38
1569,wastesorting,random,05,33,1434036286,experiments_logs/analysis_recent/when_what_original_20260912/00_raw/wastesorting/scene_05_step50/when_what_random_thres_0-8_rand_0-4/exp_wastesorting_20260922_192539_437029.txt,342cb5b1be1f340a1a8abb1d1b9eb094b3c6d655e6ae949b352daff4a8b59437,ok,1,21,13,0.9199,30.0,GOAL DONE,0.2,100,,,,0.8,2026-09-22 19:25:39
1570,wastesorting,ours_when_only,05,33,1434036286,experiments_logs/analysis_recent/when_what_original_20260912/00_raw/wastesorting/scene_05_step50/when_what_ours_when_only_thres_0-8_rand_0-4/exp_wastesorting_20260922_192540_481202.txt,af80dd53b13c5f23e68a2fe4d93cf344948f626e2715e5050a0c06ad8eafa210,ok,1,22,13,0.8994,30.0,GOAL DONE,0.2,100,,,,0.8,2026-09-22 19:25:40
1571,wastesorting,ours_what_only,05,33,1434036286,experiments_logs/analysis_recent/when_what_original_20260912/00_raw/wastesorting/scene_05_step50/when_what_ours_what_only_thres_0-8_rand_0-4/exp_wastesorting_20260922_192541_506246.txt,543b2b7bc9e970ece6a706da25425cbad071cde42cc054d365b1a259df55bab2,ok,1,13,13,0.8771,30.0,GOAL DONE,0.2,100,,,,0.8,2026-09-22 19:25:41
1572,wastesorting,ours,05,33,1434036286,experiments_logs/analysis_recent/when_what_original_20260912/00_raw/wastesorting/scene_05_step50/when_what_ours_thres_0-8_rand_0-4/exp_wastesorting_20260922_192542_552749.txt,1b5d828752990950ecb833df9d4a6bee7e58739b146eb6ace858ff24b73374fc,ok,1,12,13,0.8928,30.0,GOAL DONE,0.2,100,,,,0.8,2026-09-22 19:25:42
1573,wastesorting,random,05,34,4164323739,experiments_logs/analysis_recent/when_what_original_20260912/00_raw/wastesorting/scene_05_step50/when_what_random_thres_0-8_rand_0-4/exp_wastesorting_20260922_192543_555905.txt,db6815d0dd1d42e01411d3837d82255e6f0bae23fce91f4c4f146ac231728578,ok,1,10,12,0.8564,30.0,GOAL DONE,0.2,100,,,,0.8,2026-09-22 19:25:43
1574,wastesorting,ours_when_only,05,34,4164323739,experiments_logs/analysis_recent/when_what_original_20260912/00_raw/wastesorting/scene_05_step50/when_what_ours_when_only_thres_0-8_rand_0-4/exp_wastesorting_20260922_192544_534789.txt,671701eaba1b22f7e86c8eba98fcee6e6c16e6ae16c901c23bbf0d068871bdc0,ok,1,19,12,0.8332,30.0,GOAL DONE,0.2,100,,,,0.8,2026-09-22 19:25:44
1575,wastesorting,ours_what_only,05,34,4164323739,experiments_logs/analysis_recent/when_what_original_20260912/00_raw/wastesorting/scene_05_step50/when_what_ours_what_only_thres_0-8_rand_0-4/exp_wastesorting_20260922_192545_466597.txt,1221c79671124bd5681e29f6bc163c28036b4e05222634af6835e608d6c6476d,ok,1,5,10,0.7687,15.0,GOAL DONE,0.2,100,,,,0.8,2026-09-22 19:25:45
1576,wastesorting,ours,05,34,4164323739,experiments_logs/analysis_recent/when_what_original_20260912/00_raw/wastesorting/scene_05_step50/when_what_ours_thres_0-8_rand_0-4/exp_wastesorting_20260922_192546_415790.txt,8f42cb27aee49df7163c1ba57161db15893e7e14612c5980797f1659350e1618,ok,1,7,10,0.8028,15.0,GOAL DONE,0.2,100,,,,0.8,2026-09-22 19:25:46
1577,wastesorting,random,05,35,979252549,experiments_logs/analysis_recent/when_what_original_20260912/00_raw/wastesorting/scene_05_step50/when_what_random_thres_0-8_rand_0-4/exp_wastesorting_20260922_192547_436957.txt,0fc27df7642873967bbb70aec062e98a19dd41e1788ed40cd22358c390d943d5,ok,1,3,12,0.8784,30.0,GOAL DONE,0.2,100,,,,0.8,2026-09-22 19:25:47
1578,wastesorting,ours_when_only,05,35,979252549,experiments_logs/analysis_recent/when_what_original_20260912/00_raw/wastesorting/scene_05_step50/when_what_ours_when_only_thres_0-8_rand_0-4/exp_wastesorting_20260922_192548_490798.txt,6b5ee1d53d3f69e2dcb297fcc6123eb3f69cf8ce2ece47520df8ce30553b73d2,ok,1,18,12,0.9057,30.0,GOAL DONE,0.2,100,,,,0.8,2026-09-22 19:25:48
1579,wastesorting,ours_what_only,05,35,979252549,experiments_logs/analysis_recent/when_what_original_20260912/00_raw/wastesorting/scene_05_step50/when_what_ours_what_only_thres_0-8_rand_0-4/exp_wastesorting_20260922_192549_461667.txt,965c6d5443efce0a8ca7a12f0d186983d38836a795eea1c3f1c2a6dbdf7c8dfa,ok,1,3,12,0.8498,30.0,GOAL DONE,0.2,100,,,,0.8,2026-09-22 19:25:49
1580,wastesorting,ours,05,35,979252549,experiments_logs/analysis_recent/when_what_original_20260912/00_raw/wastesorting/scene_05_step50/when_what_ours_thres_0-8_rand_0-4/exp_wastesorting_20260922_192550_460062.txt,52eb3aefffe1e44dbbb183b615e09e5cf42eeafa7f8fd5d0c08242307407a9b9,ok,1,10,11,0.8385,10.0,GOAL DONE,0.2,100,,,,0.8,2026-09-22 19:25:50
1581,wastesorting,random,05,36,1598581067,experiments_logs/analysis_recent/when_what_original_20260912/00_raw/wastesorting/scene_05_step50/when_what_random_thres_0-8_rand_0-4/exp_wastesorting_20260922_192551_612641.txt,95d3796badfca988562debe93d002b014f01d5010e6781ce99b2bf1d9cbfd9a8,ok,1,15,16,1.0041,15.0,GOAL DONE,0.2,100,,,,0.8,2026-09-22 19:25:51
1582,wastesorting,ours_when_only,05,36,1598581067,experiments_logs/analysis_recent/when_what_original_20260912/00_raw/wastesorting/scene_05_step50/when_what_ours_when_only_thres_0-8_rand_0-4/exp_wastesorting_20260922_192552_700599.txt,5c779806d047e3c04ff1e71ea51dc4fcdb4e391260b3b72ea5a16df3f3e5b3c2,ok,1,23,14,0.9428,10.0,GOAL DONE,0.2,100,,,,0.8,2026-09-22 19:25:52
1583,wastesorting,ours_what_only,05,36,1598581067,experiments_logs/analysis_recent/when_what_original_20260912/00_raw/wastesorting/scene_05_step50/when_what_ours_what_only_thres_0-8_rand_0-4/exp_wastesorting_20260922_192553_843162.txt,47359077b5559ad404202cf1e286beed97835f6283701ee6d4d82dcb961d64e8,ok,1,6,16,0.9915,15.0,GOAL DONE,0.2,100,,,,0.8,2026-09-22 19:25:53
1584,wastesorting,ours,05,36,1598581067,experiments_logs/analysis_recent/when_what_original_20260912/00_raw/wastesorting/scene_05_step50/when_what_ours_thres_0-8_rand_0-4/exp_wastesorting_20260922_192554_798710.txt,2cfc677639d47da7b6cf79035489fad314fc3216b9181e786fea2992d6d16a58,ok,1,8,10,0.8096,15.0,GOAL DONE,0.2,100,,,,0.8,2026-09-22 19:25:54
1585,wastesorting,random,05,37,1016474981,experiments_logs/analysis_recent/when_what_original_20260912/00_raw/wastesorting/scene_05_step50/when_what_random_thres_0-8_rand_0-4/exp_wastesorting_20260922_192555_726078.txt,14e610cf873803a7d4c1aceed3ba65d3020acfb7f0a9b9e276c47f54a0fdfc07,ok,1,5,10,0.7785,30.0,GOAL DONE,0.2,100,,,,0.8,2026-09-22 19:25:55
1586,wastesorting,ours_when_only,05,37,1016474981,experiments_logs/analysis_recent/when_what_original_20260912/00_raw/wastesorting/scene_05_step50/when_what_ours_when_only_thres_0-8_rand_0-4/exp_wastesorting_20260922_192556_673817.txt,08c774accf2705645be0235ca8a66a1e80c3324e7a4d60976c4d24a081ecaa88,ok,1,17,10,0.8021,30.0,GOAL DONE,0.2,100,,,,0.8,2026-09-22 19:25:56
1587,wastesorting,ours_what_only,05,37,1016474981,experiments_logs/analysis_recent/when_what_original_20260912/00_raw/wastesorting/scene_05_step50/when_what_ours_what_only_thres_0-8_rand_0-4/exp_wastesorting_20260922_192557_619322.txt,c0af41c7e6a25c510f30d3436f3a2294e3904316efbf78bb9ff48587525f63d3,ok,1,5,10,0.7965,30.0,GOAL DONE,0.2,100,,,,0.8,2026-09-22 19:25:57
1588,wastesorting,ours,05,37,1016474981,experiments_logs/analysis_recent/when_what_original_20260912/00_raw/wastesorting/scene_05_step50/when_what_ours_thres_0-8_rand_0-4/exp_wastesorting_20260922_192558_574651.txt,b79428d3d55a0d9c58705068615e5c545c33bfc084d6d3fdfb0b92925cd8341d,ok,1,6,10,0.8061,30.0,GOAL DONE,0.2,100,,,,0.8,2026-09-22 19:25:58
1589,wastesorting,random,05,38,3703335883,experiments_logs/analysis_recent/when_what_original_20260912/00_raw/wastesorting/scene_05_step50/when_what_random_thres_0-8_rand_0-4/exp_wastesorting_20260922_192559_694915.txt,28e55f93db7998225782a01635a41e60f472b0ba11efe004f1d6dfbf3d1dec9d,ok,1,17,12,0.9646,30.0,GOAL DONE,0.2,100,,,,0.8,2026-09-22 19:25:59
1590,wastesorting,ours_when_only,05,38,3703335883,experiments_logs/analysis_recent/when_what_original_20260912/00_raw/wastesorting/scene_05_step50/when_what_ours_when_only_thres_0-8_rand_0-4/exp_wastesorting_20260922_192600_777636.txt,5bce939a85250c4fc5025a603131d75ffb09976ae1fabae7f16e588b3114e4d5,ok,1,14,12,0.9353,30.0,GOAL DONE,0.2,100,,,,0.8,2026-09-22 19:26:00
1591,wastesorting,ours_what_only,05,38,3703335883,experiments_logs/analysis_recent/when_what_original_20260912/00_raw/wastesorting/scene_05_step50/when_what_ours_what_only_thres_0-8_rand_0-4/exp_wastesorting_20260922_192602_007394.txt,38575120f2682701abfb216f9b523e4bb21cbfbaae8013fcebd7b994dfb06fdc,ok,0,11,12,1.0523,15.0,PLAN FAILURE,0.2,100,,,,0.8,2026-09-22 19:26:02
1592,wastesorting,ours,05,38,3703335883,experiments_logs/analysis_recent/when_what_original_20260912/00_raw/wastesorting/scene_05_step50/when_what_ours_thres_0-8_rand_0-4/exp_wastesorting_20260922_192603_223565.txt,ea8d4957207a488e8e48b7da4e49a18c03ccca13680cef7ddf73e4f93bac3dc4,ok,1,10,12,1.0533,30.0,GOAL DONE,0.2,100,,,,0.8,2026-09-22 19:26:03
1593,wastesorting,random,05,39,160444275,experiments_logs/analysis_recent/when_what_original_20260912/00_raw/wastesorting/scene_05_step50/when_what_random_thres_0-8_rand_0-4/exp_wastesorting_20260922_192604_176499.txt,3c0a7dc303cd1ba0bd4e61c4fd357579a4fefa7090945e24187bf2f00436c4a3,ok,1,6,13,0.7888,30.0,GOAL DONE,0.2,100,,,,0.8,2026-09-22 19:26:04
1594,wastesorting,ours_when_only,05,39,160444275,experiments_logs/analysis_recent/when_what_original_20260912/00_raw/wastesorting/scene_05_step50/when_what_ours_when_only_thres_0-8_rand_0-4/exp_wastesorting_20260922_192605_155234.txt,d16b7f83ac96c1af6f0f08ccff2a0817cfa8de38445692edb945a15a7d3ad130,ok,1,21,13,0.835,30.0,GOAL DONE,0.2,100,,,,0.8,2026-09-22 19:26:05
1595,wastesorting,ours_what_only,05,39,160444275,experiments_logs/analysis_recent/when_what_original_20260912/00_raw/wastesorting/scene_05_step50/when_what_ours_what_only_thres_0-8_rand_0-4/exp_wastesorting_20260922_192606_120802.txt,4ee206e7782ddc4e856542007bde6ae5deeddd3fa530c75933383422fab6f9d7,ok,1,6,13,0.8115,30.0,GOAL DONE,0.2,100,,,,0.8,2026-09-22 19:26:06
1596,wastesorting,ours,05,39,160444275,experiments_logs/analysis_recent/when_what_original_20260912/00_raw/wastesorting/scene_05_step50/when_what_ours_thres_0-8_rand_0-4/exp_wastesorting_20260922_192607_049383.txt,57534aec7741a1b54d39fae524db19450b3634d18bd9dc3dc098f4c6f0899522,ok,1,9,12,0.7851,15.0,GOAL DONE,0.2,100,,,,0.8,2026-09-22 19:26:07
1597,wastesorting,random,05,40,2520899952,experiments_logs/analysis_recent/when_what_original_20260912/00_raw/wastesorting/scene_05_step50/when_what_random_thres_0-8_rand_0-4/exp_wastesorting_20260922_192607_996577.txt,e83c055cc6e3fda055c194eea0d0544f261d6d2a0b39ec069221d03c5ab12a85,ok,1,3,11,0.7797,30.0,GOAL DONE,0.2,100,,,,0.8,2026-09-22 19:26:07
1598,wastesorting,ours_when_only,05,40,2520899952,experiments_logs/analysis_recent/when_what_original_20260912/00_raw/wastesorting/scene_05_step50/when_what_ours_when_only_thres_0-8_rand_0-4/exp_wastesorting_20260922_192608_950632.txt,7650620a908383b8baad03ac0524005de03639420a706ce44edc31e5ed1575e4,ok,1,16,10,0.7962,15.0,GOAL DONE,0.2,100,,,,0.8,2026-09-22 19:26:08
1599,wastesorting,ours_what_only,05,40,2520899952,experiments_logs/analysis_recent/when_what_original_20260912/00_raw/wastesorting/scene_05_step50/when_what_ours_what_only_thres_0-8_rand_0-4/exp_wastesorting_20260922_192609_897135.txt,ff28dc80306226838161a329d61d45e8ca73002e4d6f046948aa19b7efb46dee,ok,1,3,11,0.7966,30.0,GOAL DONE,0.2,100,,,,0.8,2026-09-22 19:26:09
1600,wastesorting,ours,05,40,2520899952,experiments_logs/analysis_recent/when_what_original_20260912/00_raw/wastesorting/scene_05_step50/when_what_ours_thres_0-8_rand_0-4/exp_wastesorting_20260922_192610_844105.txt,54532cb510162b96910e67f7c0e6aa3c676a68d7fa28a052a4f456eb10c17f06,ok,1,8,10,0.7964,15.0,GOAL DONE,0.2,100,,,,0.8,2026-09-22 19:26:10
