index,domain,condition,scene,iteration,seed,raw_source,raw_sha256,status,success,questions,steps,seconds,reward,end_reason,gamma,n_simulations,threshold,timestamp
1,tomato,0.8,01,1,53,experiments_logs/gamma/20260917_010622_1860115/tomato/gamma_0-80/scene_01/run_1/exp_tomato_20260917_010627_257484.txt,1e3ce99f102ce97edbfeb6c0d94e7fae5aadd456946d0ba0d623a7c5961b5b95,ok,1,10,14,4.7316,10.0,GOAL DONE,0.8,100,0.8,2026-09-17 01:06:27
2,tomato,0.9,01,1,53,experiments_logs/gamma/20260917_010622_1860115/tomato/gamma_0-90/scene_01/run_1/exp_tomato_20260917_010647_901530.txt,1fa9c8436f7d2d050183ca99ddfb048385263967efb48f005c48df88e40dc485,ok,0,15,50,20.5232,-80.0,MAX STEP,0.9,100,0.8,2026-09-17 01:06:47
3,tomato,0.95,01,1,53,experiments_logs/gamma/20260917_010622_1860115/tomato/gamma_0-95/scene_01/run_1/exp_tomato_20260917_010653_401599.txt,180512e973cc8a08ffa98ad10e2aae085f65f64ffde330313d72173372704958,ok,1,11,17,5.3791,-15.0,GOAL DONE,0.95,100,0.8,2026-09-17 01:06:53
4,tomato,0.99,01,1,53,experiments_logs/gamma/20260917_010622_1860115/tomato/gamma_0-99/scene_01/run_1/exp_tomato_20260917_010659_896010.txt,914788d3ec33f6541014864b6e6d40e1ffbddab2668c4b975e3011773b12e565,ok,1,15,21,6.3765,-25.0,GOAL DONE,0.99,100,0.8,2026-09-17 01:06:59
5,tomato,0.8,01,2,54,experiments_logs/gamma/20260917_010622_1860115/tomato/gamma_0-80/scene_01/run_2/exp_tomato_20260917_010704_727868.txt,19be4a9a0e71cabd9450b02fcd411e9fcd7332233ff93272b656566a860eb1c4,ok,1,10,14,4.7175,20.0,GOAL DONE,0.8,100,0.8,2026-09-17 01:07:04
6,tomato,0.9,01,2,54,experiments_logs/gamma/20260917_010622_1860115/tomato/gamma_0-90/scene_01/run_2/exp_tomato_20260917_010709_408024.txt,ff0a352cfbc2c37d823639d66fa9d31960a7067dd70d1afbd0313ca7aa4ab6ce,ok,1,10,14,4.5606,20.0,GOAL DONE,0.9,100,0.8,2026-09-17 01:07:09
7,tomato,0.95,01,2,54,experiments_logs/gamma/20260917_010622_1860115/tomato/gamma_0-95/scene_01/run_2/exp_tomato_20260917_010713_703592.txt,2f44721f473043a716fcff6b40e3a67407caed21ef17808ed8bd4cc17f0e9f5d,ok,1,8,13,4.1803,0.0,GOAL DONE,0.95,100,0.8,2026-09-17 01:07:13
8,tomato,0.99,01,2,54,experiments_logs/gamma/20260917_010622_1860115/tomato/gamma_0-99/scene_01/run_2/exp_tomato_20260917_010721_609954.txt,978e1f177687b66555bf749be73769e93af75061510b60bf134a83d217df0959,ok,1,17,22,7.7815,-10.0,GOAL DONE,0.99,100,0.8,2026-09-17 01:07:21
9,tomato,0.8,01,3,55,experiments_logs/gamma/20260917_010622_1860115/tomato/gamma_0-80/scene_01/run_3/exp_tomato_20260917_010726_459323.txt,c90a0f3b37ce13627ade05b672f2422e532cc610e25d8b0fc29ee32fdab0b131,ok,1,12,15,4.7274,10.0,GOAL DONE,0.8,100,0.8,2026-09-17 01:07:26
10,tomato,0.9,01,3,55,experiments_logs/gamma/20260917_010622_1860115/tomato/gamma_0-90/scene_01/run_3/exp_tomato_20260917_010731_589670.txt,844044eb33491ddfe69050f52fabca2a1eea7631295296e53c00df1253ef6a25,ok,1,12,15,5.0121,20.0,GOAL DONE,0.9,100,0.8,2026-09-17 01:07:31
11,tomato,0.95,01,3,55,experiments_logs/gamma/20260917_010622_1860115/tomato/gamma_0-95/scene_01/run_3/exp_tomato_20260917_010737_971187.txt,4f9935bcf441a13529f4ec5c923d69a60eb9dff77ad98720267d4389ed631949,ok,1,23,18,6.2653,0.0,GOAL DONE,0.95,100,0.8,2026-09-17 01:07:37
12,tomato,0.99,01,3,55,experiments_logs/gamma/20260917_010622_1860115/tomato/gamma_0-99/scene_01/run_3/exp_tomato_20260917_010744_713148.txt,5193beb6901b4c489ccdb14af0113d920315801318a97a463739df7e2cb3a968,ok,1,13,20,6.6252,-10.0,GOAL DONE,0.99,100,0.8,2026-09-17 01:07:44
13,tomato,0.8,01,4,56,experiments_logs/gamma/20260917_010622_1860115/tomato/gamma_0-80/scene_01/run_4/exp_tomato_20260917_010749_775595.txt,8d96ed821349ca1ec01c3a59d4f9d7d3a6f9c2dd80611d549487d24ade301105,ok,1,14,15,4.9445,25.0,GOAL DONE,0.8,100,0.8,2026-09-17 01:07:49
14,tomato,0.9,01,4,56,experiments_logs/gamma/20260917_010622_1860115/tomato/gamma_0-90/scene_01/run_4/exp_tomato_20260917_010755_497850.txt,9e0fc37f0d0dbf142eb52ac9d09e0bcd7e45ddcd1a555277c02a4ba5b15a1c50,ok,1,14,17,5.6013,15.0,GOAL DONE,0.9,100,0.8,2026-09-17 01:07:55
15,tomato,0.95,01,4,56,experiments_logs/gamma/20260917_010622_1860115/tomato/gamma_0-95/scene_01/run_4/exp_tomato_20260917_010800_801691.txt,b3b1648cf32dccb5cf89f7d500ffbb36b73c207b8e827a05f6e351fbffa44080,ok,1,11,16,5.184,10.0,GOAL DONE,0.95,100,0.8,2026-09-17 01:08:00
16,tomato,0.99,01,4,56,experiments_logs/gamma/20260917_010622_1860115/tomato/gamma_0-99/scene_01/run_4/exp_tomato_20260917_010807_564574.txt,ba54989beb80fa90c65a96943a3de05ebd8409e62d5ee5072abc1d5dcb30e64b,ok,1,17,22,6.6433,0.0,GOAL DONE,0.99,100,0.8,2026-09-17 01:08:07
17,tomato,0.8,01,5,57,experiments_logs/gamma/20260917_010622_1860115/tomato/gamma_0-80/scene_01/run_5/exp_tomato_20260917_010812_671007.txt,600eeb043655d1628a561deec471225d2d9841f3ce668d164042139b1a525eca,ok,1,13,15,4.9889,25.0,GOAL DONE,0.8,100,0.8,2026-09-17 01:08:12
18,tomato,0.9,01,5,57,experiments_logs/gamma/20260917_010622_1860115/tomato/gamma_0-90/scene_01/run_5/exp_tomato_20260917_010818_756495.txt,e35dabbf1755adad8b0b619a161727764aade34ba8f0e221c43a09076c1f2672,ok,1,12,17,5.9666,10.0,GOAL DONE,0.9,100,0.8,2026-09-17 01:08:18
19,tomato,0.95,01,5,57,experiments_logs/gamma/20260917_010622_1860115/tomato/gamma_0-95/scene_01/run_5/exp_tomato_20260917_010824_657199.txt,88ba89b56703625bc5cdb150b038e732d141ae72b5dd5f574c0aa92c2ad34e55,ok,1,12,18,5.7828,-10.0,GOAL DONE,0.95,100,0.8,2026-09-17 01:08:24
20,tomato,0.99,01,5,57,experiments_logs/gamma/20260917_010622_1860115/tomato/gamma_0-99/scene_01/run_5/exp_tomato_20260917_010832_469499.txt,bd8e82583828760e50a25c81704697f150c29b9512d1c0f1810a860344652a75,ok,1,20,24,7.6898,-30.0,GOAL DONE,0.99,100,0.8,2026-09-17 01:08:32
21,tomato,0.8,01,6,58,experiments_logs/gamma/20260917_010622_1860115/tomato/gamma_0-80/scene_01/run_6/exp_tomato_20260917_010839_517256.txt,3c5b83353335066fb176c4e5fce47223238d8a22b2d487e4705ffc3754ae06fa,ok,1,15,20,6.9261,20.0,GOAL DONE,0.8,100,0.8,2026-09-17 01:08:39
22,tomato,0.9,01,6,58,experiments_logs/gamma/20260917_010622_1860115/tomato/gamma_0-90/scene_01/run_6/exp_tomato_20260917_010845_442179.txt,f0f4c7613f2378277834b0d18d6830df787efddce9117d55fd59f4fa7ef94e89,ok,1,16,17,5.8058,-15.0,GOAL DONE,0.9,100,0.8,2026-09-17 01:08:45
23,tomato,0.95,01,6,58,experiments_logs/gamma/20260917_010622_1860115/tomato/gamma_0-95/scene_01/run_6/exp_tomato_20260917_010851_896164.txt,f63b274155096fce0e43e6856e975d0d07285a1f6bbb2a249fc5ef56d275030a,ok,1,9,19,6.3338,-5.0,GOAL DONE,0.95,100,0.8,2026-09-17 01:08:51
24,tomato,0.99,01,6,58,experiments_logs/gamma/20260917_010622_1860115/tomato/gamma_0-99/scene_01/run_6/exp_tomato_20260917_010904_842687.txt,398538bad112fd95c62d2ed2a95547fbd23dfa00b0b3c20e7adcce639bcd1327,ok,1,51,37,12.8271,-80.0,GOAL DONE,0.99,100,0.8,2026-09-17 01:09:04
25,tomato,0.8,01,7,59,experiments_logs/gamma/20260917_010622_1860115/tomato/gamma_0-80/scene_01/run_7/exp_tomato_20260917_010911_051966.txt,4af6612575ec5726a3809dafe8ebc1c8f460809aa15e0c841f958c13dfaab344,ok,1,14,18,6.0918,20.0,GOAL DONE,0.8,100,0.8,2026-09-17 01:09:11
26,tomato,0.9,01,7,59,experiments_logs/gamma/20260917_010622_1860115/tomato/gamma_0-90/scene_01/run_7/exp_tomato_20260917_010916_099635.txt,a50afe62b626977ebc9bd61539fe5328ece38e5b4e897f3ceb46abc5e9d9420c,ok,1,14,15,4.9315,5.0,GOAL DONE,0.9,100,0.8,2026-09-17 01:09:16
27,tomato,0.95,01,7,59,experiments_logs/gamma/20260917_010622_1860115/tomato/gamma_0-95/scene_01/run_7/exp_tomato_20260917_010922_835486.txt,df7930ca28a55bdbeffa9eb3ac0a0ecca9a700969f9d0903171aa1cc6bac9e1b,ok,1,17,20,6.6163,10.0,GOAL DONE,0.95,100,0.8,2026-09-17 01:09:22
28,tomato,0.99,01,7,59,experiments_logs/gamma/20260917_010622_1860115/tomato/gamma_0-99/scene_01/run_7/exp_tomato_20260917_010934_392142.txt,6182d2a1c762d248f2cfbc93aa05b34dfd4efdb25111c511e49d731122deb2cc,ok,1,23,34,11.4377,-35.0,GOAL DONE,0.99,100,0.8,2026-09-17 01:09:34
29,tomato,0.8,01,8,60,experiments_logs/gamma/20260917_010622_1860115/tomato/gamma_0-80/scene_01/run_8/exp_tomato_20260917_010940_680378.txt,22d3e17eefd2c71b4e6302545b3867beba6372dd919aafcad07d2a0dfc9d37e4,ok,1,11,18,6.1728,0.0,GOAL DONE,0.8,100,0.8,2026-09-17 01:09:40
30,tomato,0.9,01,8,60,experiments_logs/gamma/20260917_010622_1860115/tomato/gamma_0-90/scene_01/run_8/exp_tomato_20260917_010946_572178.txt,57ed87050ef7a60f7985869ca6c8530d6abc639e1e6c74cba78244ac402c33f4,ok,1,12,17,5.7764,15.0,GOAL DONE,0.9,100,0.8,2026-09-17 01:09:46
31,tomato,0.95,01,8,60,experiments_logs/gamma/20260917_010622_1860115/tomato/gamma_0-95/scene_01/run_8/exp_tomato_20260917_010953_372361.txt,be8729831262d319d8aa5e959bca8af55764dbdb0ada0e505fce322a36b4a332,ok,1,14,20,6.6828,-15.0,GOAL DONE,0.95,100,0.8,2026-09-17 01:09:53
32,tomato,0.99,01,8,60,experiments_logs/gamma/20260917_010622_1860115/tomato/gamma_0-99/scene_01/run_8/exp_tomato_20260917_010959_477766.txt,f0787451cd7efcd4dd32b67660a09c36445521d6f6288d9489ed399abcb5b8af,ok,1,10,20,5.9857,20.0,GOAL DONE,0.99,100,0.8,2026-09-17 01:09:59
33,tomato,0.8,01,9,61,experiments_logs/gamma/20260917_010622_1860115/tomato/gamma_0-80/scene_01/run_9/exp_tomato_20260917_011004_600087.txt,bb2cf3bda048bf32b0c37ab3a2e4c681398c5dc78de2484398b37628f42fd91a,ok,1,13,15,5.0026,15.0,GOAL DONE,0.8,100,0.8,2026-09-17 01:10:04
34,tomato,0.9,01,9,61,experiments_logs/gamma/20260917_010622_1860115/tomato/gamma_0-90/scene_01/run_9/exp_tomato_20260917_011012_510176.txt,90d5140d08f0f8b042a19b3861a89fe4848e7e3ab24846e99dca358c9f015454,ok,1,23,23,7.7968,-25.0,GOAL DONE,0.9,100,0.8,2026-09-17 01:10:12
35,tomato,0.95,01,9,61,experiments_logs/gamma/20260917_010622_1860115/tomato/gamma_0-95/scene_01/run_9/exp_tomato_20260917_011018_154473.txt,6ebed7b4369c964ab271bdd9fbc94b191e305141374a4598ab46eafe37c0d5ce,ok,1,16,17,5.5266,5.0,GOAL DONE,0.95,100,0.8,2026-09-17 01:10:18
36,tomato,0.99,01,9,61,experiments_logs/gamma/20260917_010622_1860115/tomato/gamma_0-99/scene_01/run_9/exp_tomato_20260917_011024_996314.txt,73a0bf536c16852787a8b83a99c7ac66909ace102f5b51f1cb338a49c0f4416e,ok,1,13,21,6.7212,-10.0,GOAL DONE,0.99,100,0.8,2026-09-17 01:10:24
37,tomato,0.8,01,10,62,experiments_logs/gamma/20260917_010622_1860115/tomato/gamma_0-80/scene_01/run_10/exp_tomato_20260917_011031_524573.txt,80b0501f93cc48fb45543fbf5c491312b4dd2b269fb10f2074c222f9ef45bec6,ok,1,10,18,6.4101,10.0,GOAL DONE,0.8,100,0.8,2026-09-17 01:10:31
38,tomato,0.9,01,10,62,experiments_logs/gamma/20260917_010622_1860115/tomato/gamma_0-90/scene_01/run_10/exp_tomato_20260917_011036_582708.txt,aa7c5cbc744a0a8ce8ef9a8bacd83b5ad7e9f3c7f2d36e3c2c1d1290567c37c6,ok,1,15,15,4.9371,15.0,GOAL DONE,0.9,100,0.8,2026-09-17 01:10:36
39,tomato,0.95,01,10,62,experiments_logs/gamma/20260917_010622_1860115/tomato/gamma_0-95/scene_01/run_10/exp_tomato_20260917_011041_853545.txt,bd59140b87c3bc06e93db2337547872550248562a7bf072113fae9efe9917b72,ok,1,15,16,5.152,10.0,GOAL DONE,0.95,100,0.8,2026-09-17 01:10:41
40,tomato,0.99,01,10,62,experiments_logs/gamma/20260917_010622_1860115/tomato/gamma_0-99/scene_01/run_10/exp_tomato_20260917_011047_792275.txt,a777eb67d16d3ef742aa4d1630e229f8c9baa5e3ba0d22438ef5ca2bb9a7b23e,ok,1,14,18,5.8183,0.0,GOAL DONE,0.99,100,0.8,2026-09-17 01:10:47
41,tomato,0.8,02,1,63,experiments_logs/gamma/20260917_010622_1860115/tomato/gamma_0-80/scene_02/run_1/exp_tomato_20260917_011052_549302.txt,961c0d3f24861567d9a6f210d0e92186db12d3c6ef9f757f26da4966f5cdd6be,ok,1,12,14,4.6347,10.0,GOAL DONE,0.8,100,0.8,2026-09-17 01:10:52
42,tomato,0.9,02,1,63,experiments_logs/gamma/20260917_010622_1860115/tomato/gamma_0-90/scene_02/run_1/exp_tomato_20260917_011057_756325.txt,69053ed3e04ce77d9857122cfdbbbb3660b4c209dfec7ddd6ddf25e4e976848e,ok,1,11,15,5.0874,-5.0,GOAL DONE,0.9,100,0.8,2026-09-17 01:10:57
43,tomato,0.95,02,1,63,experiments_logs/gamma/20260917_010622_1860115/tomato/gamma_0-95/scene_02/run_1/exp_tomato_20260917_011106_263774.txt,9a64f75a00e1f9fc711b3356da84263df712c99adb2e6c8bc60d0be9b3c3cf81,ok,1,27,25,8.3852,-30.0,GOAL DONE,0.95,100,0.8,2026-09-17 01:11:06
44,tomato,0.99,02,1,63,experiments_logs/gamma/20260917_010622_1860115/tomato/gamma_0-99/scene_02/run_1/exp_tomato_20260917_011115_135963.txt,2b95e64fc5fd176726767aa5b7e3cac29c98303df34443767c43e8d74d77d1af,ok,1,15,26,8.7542,-30.0,GOAL DONE,0.99,100,0.8,2026-09-17 01:11:15
45,tomato,0.8,02,2,64,experiments_logs/gamma/20260917_010622_1860115/tomato/gamma_0-80/scene_02/run_2/exp_tomato_20260917_011120_385880.txt,c016ed5b6a6c13efc69c0fe9b7247c4726434f945540f49e19dc9cd463dd18da,ok,1,14,15,5.1298,-5.0,GOAL DONE,0.8,100,0.8,2026-09-17 01:11:20
46,tomato,0.9,02,2,64,experiments_logs/gamma/20260917_010622_1860115/tomato/gamma_0-90/scene_02/run_2/exp_tomato_20260917_011125_377497.txt,75e39c6c4d4b53376b5f9a058547ce91fa26af43efd4b782e29783700f72ebb7,ok,1,14,15,4.8703,5.0,GOAL DONE,0.9,100,0.8,2026-09-17 01:11:25
47,tomato,0.95,02,2,64,experiments_logs/gamma/20260917_010622_1860115/tomato/gamma_0-95/scene_02/run_2/exp_tomato_20260917_011131_753967.txt,ad576926e1ba21229fec38cd1f81c2dfd38cbb331534a985c957fde7478b56e1,ok,1,13,18,6.2579,-5.0,GOAL DONE,0.95,100,0.8,2026-09-17 01:11:31
48,tomato,0.99,02,2,64,experiments_logs/gamma/20260917_010622_1860115/tomato/gamma_0-99/scene_02/run_2/exp_tomato_20260917_011138_348237.txt,dea35ade8b598ed288919d1f9b20280c33b060566912cfde6c8e50f1f78b02d7,ok,1,12,20,6.4772,10.0,GOAL DONE,0.99,100,0.8,2026-09-17 01:11:38
49,tomato,0.8,02,3,65,experiments_logs/gamma/20260917_010622_1860115/tomato/gamma_0-80/scene_02/run_3/exp_tomato_20260917_011143_233796.txt,1581a41315015ede8b33cfe5ce718a2f8f0ee323fbb2981918266244038e09df,ok,1,10,14,4.761,0.0,GOAL DONE,0.8,100,0.8,2026-09-17 01:11:43
50,tomato,0.9,02,3,65,experiments_logs/gamma/20260917_010622_1860115/tomato/gamma_0-90/scene_02/run_3/exp_tomato_20260917_011149_125767.txt,6af64e855b2b936611a95d393c9600e8222472e9607531c5e826009b56e341fd,ok,1,19,17,5.7701,15.0,GOAL DONE,0.9,100,0.8,2026-09-17 01:11:49
51,tomato,0.95,02,3,65,experiments_logs/gamma/20260917_010622_1860115/tomato/gamma_0-95/scene_02/run_3/exp_tomato_20260917_011153_894420.txt,d36e7b71d2333f2802f3c62736f93af71c326dee82c594eb3b4caaee68b3fb5e,ok,1,11,14,4.6468,20.0,GOAL DONE,0.95,100,0.8,2026-09-17 01:11:53
52,tomato,0.99,02,3,65,experiments_logs/gamma/20260917_010622_1860115/tomato/gamma_0-99/scene_02/run_3/exp_tomato_20260917_011203_433681.txt,7370ca3472043f0b1eb4f97379d9ca753c8e04a030f0565fd40652b2d39e1ab6,ok,1,22,28,9.4224,-25.0,GOAL DONE,0.99,100,0.8,2026-09-17 01:12:03
53,tomato,0.8,02,4,66,experiments_logs/gamma/20260917_010622_1860115/tomato/gamma_0-80/scene_02/run_4/exp_tomato_20260917_011224_602878.txt,e0e8127e0f46d3f7284e171f0074e89da68477a06ec48ee9e2a7c4e94b488cbd,ok,0,6,50,21.0452,-180.0,MAX STEP,0.8,100,0.8,2026-09-17 01:12:24
54,tomato,0.9,02,4,66,experiments_logs/gamma/20260917_010622_1860115/tomato/gamma_0-90/scene_02/run_4/exp_tomato_20260917_011230_135788.txt,fb75688c2321d2a09c843b6d9dedc82926ddd8f6513172a65d4901fab8719e72,ok,1,13,16,5.4193,0.0,GOAL DONE,0.9,100,0.8,2026-09-17 01:12:30
55,tomato,0.95,02,4,66,experiments_logs/gamma/20260917_010622_1860115/tomato/gamma_0-95/scene_02/run_4/exp_tomato_20260917_011236_978037.txt,6f9ba4953ac9e5367a56cfea241de81327ba115bda4b0a6067353a850036dcd5,ok,1,15,21,6.7228,-20.0,GOAL DONE,0.95,100,0.8,2026-09-17 01:12:36
56,tomato,0.99,02,4,66,experiments_logs/gamma/20260917_010622_1860115/tomato/gamma_0-99/scene_02/run_4/exp_tomato_20260917_011241_860382.txt,18fb7e378a3eb97e8319b0e6c1e1a62f020f961370a89cdbbb54c6bb7875b8f9,ok,1,14,15,4.7598,15.0,GOAL DONE,0.99,100,0.8,2026-09-17 01:12:41
57,tomato,0.8,02,5,67,experiments_logs/gamma/20260917_010622_1860115/tomato/gamma_0-80/scene_02/run_5/exp_tomato_20260917_011246_703934.txt,d3a2aa2bd5f4720060917ed5e1de1d14e50d1e755dd1a8f601e12698c7189c97,ok,1,7,14,4.7225,10.0,GOAL DONE,0.8,100,0.8,2026-09-17 01:12:46
58,tomato,0.9,02,5,67,experiments_logs/gamma/20260917_010622_1860115/tomato/gamma_0-90/scene_02/run_5/exp_tomato_20260917_011307_181301.txt,bc90bdb77c4b0bc41da61af6a979d55db2d9341d649864e117f968d75a889f6a,ok,0,19,50,20.3578,-120.0,MAX STEP,0.9,100,0.8,2026-09-17 01:13:07
59,tomato,0.95,02,5,67,experiments_logs/gamma/20260917_010622_1860115/tomato/gamma_0-95/scene_02/run_5/exp_tomato_20260917_011312_097164.txt,ad5d40f06fabdc3ba781f28bba4eed949a755d5bdee8eb323846a948cbce69ca,ok,1,6,15,4.797,30.0,GOAL DONE,0.95,100,0.8,2026-09-17 01:13:12
60,tomato,0.99,02,5,67,experiments_logs/gamma/20260917_010622_1860115/tomato/gamma_0-99/scene_02/run_5/exp_tomato_20260917_011319_383338.txt,0e0a5519e1235232232a84c403595630f88f9839b9084a6391c9147af23aa15f,ok,1,25,21,7.1699,-10.0,GOAL DONE,0.99,100,0.8,2026-09-17 01:13:19
61,tomato,0.8,02,6,68,experiments_logs/gamma/20260917_010622_1860115/tomato/gamma_0-80/scene_02/run_6/exp_tomato_20260917_011325_947141.txt,b5da14e798b87c59899437345ec48372d43bbbefabff0a301be1e87656a4c571,ok,1,12,18,6.4385,5.0,GOAL DONE,0.8,100,0.8,2026-09-17 01:13:25
62,tomato,0.9,02,6,68,experiments_logs/gamma/20260917_010622_1860115/tomato/gamma_0-90/scene_02/run_6/exp_tomato_20260917_011331_729729.txt,1c7bf423524f00ef9a84375da34b035fdb04c2590666f08b5f386425837bd658,ok,1,9,16,5.6633,0.0,GOAL DONE,0.9,100,0.8,2026-09-17 01:13:31
63,tomato,0.95,02,6,68,experiments_logs/gamma/20260917_010622_1860115/tomato/gamma_0-95/scene_02/run_6/exp_tomato_20260917_011337_205183.txt,781eead9d04f35e94472f873405b740c83e912e7cc39d9bfccba91229a39299e,ok,1,8,16,5.3601,10.0,GOAL DONE,0.95,100,0.8,2026-09-17 01:13:37
64,tomato,0.99,02,6,68,experiments_logs/gamma/20260917_010622_1860115/tomato/gamma_0-99/scene_02/run_6/exp_tomato_20260917_011345_600248.txt,8d0a9608949d4aec72a8897b2feacb9a4875f5cdbf93d67802ff3711982aaf58,ok,1,13,26,8.2701,-30.0,GOAL DONE,0.99,100,0.8,2026-09-17 01:13:45
65,tomato,0.8,02,7,69,experiments_logs/gamma/20260917_010622_1860115/tomato/gamma_0-80/scene_02/run_7/exp_tomato_20260917_011350_729896.txt,6fe963857bd749b08bfc38084b9467544d9c1b233a3500ca2e019dd92d771329,ok,1,12,15,5.0077,25.0,GOAL DONE,0.8,100,0.8,2026-09-17 01:13:50
66,tomato,0.9,02,7,69,experiments_logs/gamma/20260917_010622_1860115/tomato/gamma_0-90/scene_02/run_7/exp_tomato_20260917_011356_691246.txt,7512a34aed2828a5da1817d2920e1fbc6e3d901658fe9a15ef8249d104c0539f,ok,1,10,19,5.8428,0.0,GOAL DONE,0.9,100,0.8,2026-09-17 01:13:56
67,tomato,0.95,02,7,69,experiments_logs/gamma/20260917_010622_1860115/tomato/gamma_0-95/scene_02/run_7/exp_tomato_20260917_011403_953212.txt,ef67a092950bd3269e63313a2b8ab9680d3ceb16fcef2d400367e3e4d310dcc3,ok,1,16,21,7.1415,5.0,GOAL DONE,0.95,100,0.8,2026-09-17 01:14:03
68,tomato,0.99,02,7,69,experiments_logs/gamma/20260917_010622_1860115/tomato/gamma_0-99/scene_02/run_7/exp_tomato_20260917_011411_569526.txt,c320a4c72dbebec462f8bb845373cefec421cfa15abc161c397f20cace83cd1a,ok,1,17,25,7.4991,-25.0,GOAL DONE,0.99,100,0.8,2026-09-17 01:14:11
69,tomato,0.8,02,8,70,experiments_logs/gamma/20260917_010622_1860115/tomato/gamma_0-80/scene_02/run_8/exp_tomato_20260917_011416_381861.txt,ee6ba9ddcdc8353a15bc24d8e872066ea9bf84b866b807b62bf0e7f98dc30501,ok,1,13,14,4.6933,0.0,GOAL DONE,0.8,100,0.8,2026-09-17 01:14:16
70,tomato,0.9,02,8,70,experiments_logs/gamma/20260917_010622_1860115/tomato/gamma_0-90/scene_02/run_8/exp_tomato_20260917_011422_314023.txt,78c54146d4204929cebf25a82008b7acee2f372ab6e38ab631826d6b06e5184b,ok,1,15,17,5.8124,0.0,GOAL DONE,0.9,100,0.8,2026-09-17 01:14:22
71,tomato,0.95,02,8,70,experiments_logs/gamma/20260917_010622_1860115/tomato/gamma_0-95/scene_02/run_8/exp_tomato_20260917_011427_726295.txt,7832e25e0b3b8f736bfe8f3e38b0bb2343200eea6658d662de5aa3e79f08ce84,ok,1,14,16,5.3154,-10.0,GOAL DONE,0.95,100,0.8,2026-09-17 01:14:27
72,tomato,0.99,02,8,70,experiments_logs/gamma/20260917_010622_1860115/tomato/gamma_0-99/scene_02/run_8/exp_tomato_20260917_011432_151874.txt,a08d1c36b1f7d287852ffd1d34a8b2a26994ee2056f481b7d77a24bbb234a88a,ok,1,11,13,4.294,10.0,GOAL DONE,0.99,100,0.8,2026-09-17 01:14:32
73,tomato,0.8,02,9,71,experiments_logs/gamma/20260917_010622_1860115/tomato/gamma_0-80/scene_02/run_9/exp_tomato_20260917_011436_997106.txt,eaa00f0d5f1119ba6aba372a081c85fde94b8d7fbae93b648d2c242e5bfa86c0,ok,1,17,14,4.729,20.0,GOAL DONE,0.8,100,0.8,2026-09-17 01:14:36
74,tomato,0.9,02,9,71,experiments_logs/gamma/20260917_010622_1860115/tomato/gamma_0-90/scene_02/run_9/exp_tomato_20260917_011441_953252.txt,3c0ebe2efe65d44a57efeb0e756ad05e76bf618b81e38cab534481a80be282b2,ok,1,15,15,4.8344,5.0,GOAL DONE,0.9,100,0.8,2026-09-17 01:14:41
75,tomato,0.95,02,9,71,experiments_logs/gamma/20260917_010622_1860115/tomato/gamma_0-95/scene_02/run_9/exp_tomato_20260917_011446_835078.txt,2f94f6660e76fbb0df87c2520324a013a01f289983dfcea38eb716038b531eee,ok,1,12,15,4.7656,5.0,GOAL DONE,0.95,100,0.8,2026-09-17 01:14:46
76,tomato,0.99,02,9,71,experiments_logs/gamma/20260917_010622_1860115/tomato/gamma_0-99/scene_02/run_9/exp_tomato_20260917_011452_787531.txt,be826e687ecb3830b3f2c0a303c458d5715641405d6757e0f2ffeac211c66373,ok,1,19,18,5.8322,-10.0,GOAL DONE,0.99,100,0.8,2026-09-17 01:14:52
77,tomato,0.8,02,10,72,experiments_logs/gamma/20260917_010622_1860115/tomato/gamma_0-80/scene_02/run_10/exp_tomato_20260917_011457_520305.txt,236cfb2d3b8432cd5e42849747d604ab7d205a1f4011767c0610c15030146dee,ok,1,10,14,4.6174,10.0,GOAL DONE,0.8,100,0.8,2026-09-17 01:14:57
78,tomato,0.9,02,10,72,experiments_logs/gamma/20260917_010622_1860115/tomato/gamma_0-90/scene_02/run_10/exp_tomato_20260917_011502_331447.txt,4c893c23cfb0541afd6d4b39a8be63111fbc2b6c7e8019f335fff3c8cd8326db,ok,1,11,14,4.6865,5.0,GOAL DONE,0.9,100,0.8,2026-09-17 01:15:02
79,tomato,0.95,02,10,72,experiments_logs/gamma/20260917_010622_1860115/tomato/gamma_0-95/scene_02/run_10/exp_tomato_20260917_011506_869356.txt,12e5badf98d92451b04b7d39d3e605a9d72764781295301f244f0ce625c9ea63,ok,1,10,14,4.424,15.0,GOAL DONE,0.95,100,0.8,2026-09-17 01:15:06
80,tomato,0.99,02,10,72,experiments_logs/gamma/20260917_010622_1860115/tomato/gamma_0-99/scene_02/run_10/exp_tomato_20260917_011512_233188.txt,95f834a50e4d498ddf988a4b8f2879a56cefe856e2c7c363769ec4488fa159a3,ok,1,10,16,5.2447,-10.0,GOAL DONE,0.99,100,0.8,2026-09-17 01:15:12
81,tomato,0.8,03,1,73,experiments_logs/gamma/20260917_010622_1860115/tomato/gamma_0-80/scene_03/run_1/exp_tomato_20260917_011517_017588.txt,ecee6590e802fcf7ede09c56b1d8070e7a9a2b59b664a0b2b2a7e0e056dc547e,ok,1,9,14,4.6633,20.0,GOAL DONE,0.8,100,0.8,2026-09-17 01:15:17
82,tomato,0.9,03,1,73,experiments_logs/gamma/20260917_010622_1860115/tomato/gamma_0-90/scene_03/run_1/exp_tomato_20260917_011521_865089.txt,f4bcc4825f594dd69dbf77c940c95c5750eb368477475fd48a187cadaed9b58e,ok,1,9,14,4.7268,20.0,GOAL DONE,0.9,100,0.8,2026-09-17 01:15:21
83,tomato,0.95,03,1,73,experiments_logs/gamma/20260917_010622_1860115/tomato/gamma_0-95/scene_03/run_1/exp_tomato_20260917_011526_510319.txt,693dfc4512dc4fc5edcdba0b85529d6324291ac29d4e21fc0ca76d0fc666beb0,ok,1,9,14,4.5274,10.0,GOAL DONE,0.95,100,0.8,2026-09-17 01:15:26
84,tomato,0.99,03,1,73,experiments_logs/gamma/20260917_010622_1860115/tomato/gamma_0-99/scene_03/run_1/exp_tomato_20260917_011532_502181.txt,e44f85eeb5367f9fe536b3e23ec9595bf8b01e06b7fbc4ad06a8f10876a36bd0,ok,1,12,19,5.8733,-10.0,GOAL DONE,0.99,100,0.8,2026-09-17 01:15:32
85,tomato,0.8,03,2,74,experiments_logs/gamma/20260917_010622_1860115/tomato/gamma_0-80/scene_03/run_2/exp_tomato_20260917_011537_585136.txt,fbef2ce56fe76020e072d2e58b383105bf30163e23dad1aab3ec2609c50375c9,ok,1,11,15,4.9619,5.0,GOAL DONE,0.8,100,0.8,2026-09-17 01:15:37
86,tomato,0.9,03,2,74,experiments_logs/gamma/20260917_010622_1860115/tomato/gamma_0-90/scene_03/run_2/exp_tomato_20260917_011542_314243.txt,06eaf21845c6467f7362a18ce0b1731f566c5c01ef7715058123351a8a8c9a43,ok,1,13,14,4.6069,20.0,GOAL DONE,0.9,100,0.8,2026-09-17 01:15:42
87,tomato,0.95,03,2,74,experiments_logs/gamma/20260917_010622_1860115/tomato/gamma_0-95/scene_03/run_2/exp_tomato_20260917_011549_507800.txt,f0b78231cad441f8728c037b47f297311887fbced2708d760663f086b7659e66,ok,1,22,21,7.0725,-10.0,GOAL DONE,0.95,100,0.8,2026-09-17 01:15:49
88,tomato,0.99,03,2,74,experiments_logs/gamma/20260917_010622_1860115/tomato/gamma_0-99/scene_03/run_2/exp_tomato_20260917_011556_186490.txt,b62eed77e9695bb359c9b9ee4116b1b2bb024a8dc7fea9fd0f0c0e71945b1b8f,ok,1,12,21,6.5538,-15.0,GOAL DONE,0.99,100,0.8,2026-09-17 01:15:56
89,tomato,0.8,03,3,75,experiments_logs/gamma/20260917_010622_1860115/tomato/gamma_0-80/scene_03/run_3/exp_tomato_20260917_011602_720536.txt,52a29dd30039825cc052b23c2e125c7db9952546d356f553f6f0fd5e40cbae04,ok,1,19,19,6.412,15.0,GOAL DONE,0.8,100,0.8,2026-09-17 01:16:02
90,tomato,0.9,03,3,75,experiments_logs/gamma/20260917_010622_1860115/tomato/gamma_0-90/scene_03/run_3/exp_tomato_20260917_011607_380100.txt,b94e831dcad0e1eec7c1dd03fae94cb1f6e92baeb7c85fe1151d98b1077a02cc,ok,1,9,14,4.5417,20.0,GOAL DONE,0.9,100,0.8,2026-09-17 01:16:07
91,tomato,0.95,03,3,75,experiments_logs/gamma/20260917_010622_1860115/tomato/gamma_0-95/scene_03/run_3/exp_tomato_20260917_011612_272407.txt,0b71a29df58b0066c02f05ba1d608ea8e50aecc6827735be3920b861a51429de,ok,1,7,15,4.7718,5.0,GOAL DONE,0.95,100,0.8,2026-09-17 01:16:12
92,tomato,0.99,03,3,75,experiments_logs/gamma/20260917_010622_1860115/tomato/gamma_0-99/scene_03/run_3/exp_tomato_20260917_011616_616193.txt,c1d9710fea26729fd1ed14202486fb3a2a035f563cf68dc89251035a0a2ede10,ok,1,9,13,4.2155,30.0,GOAL DONE,0.99,100,0.8,2026-09-17 01:16:16
93,tomato,0.8,03,4,76,experiments_logs/gamma/20260917_010622_1860115/tomato/gamma_0-80/scene_03/run_4/exp_tomato_20260917_011622_713062.txt,dca6096d1206ec67410bdcdec70bfa1978393f95442a75b2a47b70a76f5bd880,ok,1,17,17,5.9787,0.0,GOAL DONE,0.8,100,0.8,2026-09-17 01:16:22
94,tomato,0.9,03,4,76,experiments_logs/gamma/20260917_010622_1860115/tomato/gamma_0-90/scene_03/run_4/exp_tomato_20260917_011633_327225.txt,5e96a3ac02e8fc21aa51e72d75e3c5d0ae4ccc58e73efc3e357ce1394e908deb,ok,1,30,28,10.4937,-45.0,GOAL DONE,0.9,100,0.8,2026-09-17 01:16:33
95,tomato,0.95,03,4,76,experiments_logs/gamma/20260917_010622_1860115/tomato/gamma_0-95/scene_03/run_4/exp_tomato_20260917_011640_888709.txt,940e30dd524e669b8e2d9fd7aba49923efc2d4129e907c479753ce6548fe82cd,ok,1,9,22,7.4422,-20.0,GOAL DONE,0.95,100,0.8,2026-09-17 01:16:40
96,tomato,0.99,03,4,76,experiments_logs/gamma/20260917_010622_1860115/tomato/gamma_0-99/scene_03/run_4/exp_tomato_20260917_011648_467752.txt,d1b5310a093aa0dad3d4173bc14c9b467e253f885d524793d4a219197f012a17,ok,1,18,23,7.4597,-25.0,GOAL DONE,0.99,100,0.8,2026-09-17 01:16:48
97,tomato,0.8,03,5,77,experiments_logs/gamma/20260917_010622_1860115/tomato/gamma_0-80/scene_03/run_5/exp_tomato_20260917_011655_719269.txt,2cd8a432150ae335cfcee526b70013ad85dd49efbdae47278efa5b4a7ee20e07,ok,1,17,20,7.1363,0.0,GOAL DONE,0.8,100,0.8,2026-09-17 01:16:55
98,tomato,0.9,03,5,77,experiments_logs/gamma/20260917_010622_1860115/tomato/gamma_0-90/scene_03/run_5/exp_tomato_20260917_011700_426936.txt,d7df923129092c734a0a13cd384e87d0d130e5b7649d433fdc8f4b41a31aaab4,ok,1,11,14,4.5851,30.0,GOAL DONE,0.9,100,0.8,2026-09-17 01:17:00
99,tomato,0.95,03,5,77,experiments_logs/gamma/20260917_010622_1860115/tomato/gamma_0-95/scene_03/run_5/exp_tomato_20260917_011706_767884.txt,5e39ea43074dcdf503390fe3bb511546f3ba3f859a9dd49c068dc24422c86d13,ok,1,10,19,6.222,-10.0,GOAL DONE,0.95,100,0.8,2026-09-17 01:17:06
100,tomato,0.99,03,5,77,experiments_logs/gamma/20260917_010622_1860115/tomato/gamma_0-99/scene_03/run_5/exp_tomato_20260917_011719_088962.txt,a50741c6d3269c6b4e91755a1bf775af197d4fcd0c05cd87b889cb7b57d29a35,ok,1,34,35,12.2024,-55.0,GOAL DONE,0.99,100,0.8,2026-09-17 01:17:19
101,tomato,0.8,03,6,78,experiments_logs/gamma/20260917_010622_1860115/tomato/gamma_0-80/scene_03/run_6/exp_tomato_20260917_011724_551830.txt,4a72354d3f3d8012d4c3fce8496972479eabf97ddea5ae331437faec5e9d29f8,ok,1,17,16,5.3449,10.0,GOAL DONE,0.8,100,0.8,2026-09-17 01:17:24
102,tomato,0.9,03,6,78,experiments_logs/gamma/20260917_010622_1860115/tomato/gamma_0-90/scene_03/run_6/exp_tomato_20260917_011730_975836.txt,9a8bcf9a41c880deb5734b1dce28bb633eb0a150bb4687a67a020b7e87fc0e56,ok,1,16,19,6.3055,-15.0,GOAL DONE,0.9,100,0.8,2026-09-17 01:17:30
103,tomato,0.95,03,6,78,experiments_logs/gamma/20260917_010622_1860115/tomato/gamma_0-95/scene_03/run_6/exp_tomato_20260917_011738_212664.txt,0bdd37511984dd95808d11a2e6f93585397441aa1f3f66878944b6f85f75c2e2,ok,1,28,22,7.1166,0.0,GOAL DONE,0.95,100,0.8,2026-09-17 01:17:38
104,tomato,0.99,03,6,78,experiments_logs/gamma/20260917_010622_1860115/tomato/gamma_0-99/scene_03/run_6/exp_tomato_20260917_011745_314596.txt,6b0d34994b44637ec4bd8fa717de32072c33a7d28c2c63c975710e3d9d472f33,ok,1,19,21,6.9826,0.0,GOAL DONE,0.99,100,0.8,2026-09-17 01:17:45
105,tomato,0.8,03,7,79,experiments_logs/gamma/20260917_010622_1860115/tomato/gamma_0-80/scene_03/run_7/exp_tomato_20260917_011751_582493.txt,43b113b717dcae14e7ac7ba3a1d85e60c8392a705b3a0408e5c426603ffcbdf4,ok,1,17,18,6.1509,-5.0,GOAL DONE,0.8,100,0.8,2026-09-17 01:17:51
106,tomato,0.9,03,7,79,experiments_logs/gamma/20260917_010622_1860115/tomato/gamma_0-90/scene_03/run_7/exp_tomato_20260917_011757_264443.txt,4b9ee86a43f7eab693e674825c9c18ce23410dd0556e774019cfc8dd556d7878,ok,1,12,17,5.5612,10.0,GOAL DONE,0.9,100,0.8,2026-09-17 01:17:57
107,tomato,0.95,03,7,79,experiments_logs/gamma/20260917_010622_1860115/tomato/gamma_0-95/scene_03/run_7/exp_tomato_20260917_011803_568336.txt,5a90b6ddc33ff400271fa4e5e9d0c4cc7b87e0dd1f3bcdfa7f2f95b97e7b7770,ok,1,13,18,6.185,10.0,GOAL DONE,0.95,100,0.8,2026-09-17 01:18:03
108,tomato,0.99,03,7,79,experiments_logs/gamma/20260917_010622_1860115/tomato/gamma_0-99/scene_03/run_7/exp_tomato_20260917_011809_240600.txt,de2c3e924f20fb9ffa3cd15565ba2a375f57023a0cdba97bd1651c56c85863cf,ok,1,15,17,5.5571,25.0,GOAL DONE,0.99,100,0.8,2026-09-17 01:18:09
109,tomato,0.8,03,8,80,experiments_logs/gamma/20260917_010622_1860115/tomato/gamma_0-80/scene_03/run_8/exp_tomato_20260917_011814_191255.txt,e30fa593a49a4523c6ef9ec1c39226c80c1fdb801fe48ff019565fbc72f88f95,ok,1,8,14,4.8578,20.0,GOAL DONE,0.8,100,0.8,2026-09-17 01:18:14
110,tomato,0.9,03,8,80,experiments_logs/gamma/20260917_010622_1860115/tomato/gamma_0-90/scene_03/run_8/exp_tomato_20260917_011819_653628.txt,d8cf57ffb0f5dc360c6643e6dff0dcbc69ed3500e5a4edd331cc0d396b9e73be,ok,1,13,15,5.3417,10.0,GOAL DONE,0.9,100,0.8,2026-09-17 01:18:19
111,tomato,0.95,03,8,80,experiments_logs/gamma/20260917_010622_1860115/tomato/gamma_0-95/scene_03/run_8/exp_tomato_20260917_011825_706605.txt,ac7e79431cc26f8fb51d7e92fc19b0938c783ab500ba57c1c990acd442280277,ok,1,9,18,5.9568,5.0,GOAL DONE,0.95,100,0.8,2026-09-17 01:18:25
112,tomato,0.99,03,8,80,experiments_logs/gamma/20260917_010622_1860115/tomato/gamma_0-99/scene_03/run_8/exp_tomato_20260917_011835_131892.txt,31a6ee69bf55ae13379a11ea958b1597bf6dbad42c347d587e805e4dd561d1c4,ok,1,9,26,9.3081,-40.0,GOAL DONE,0.99,100,0.8,2026-09-17 01:18:35
113,tomato,0.8,03,9,81,experiments_logs/gamma/20260917_010622_1860115/tomato/gamma_0-80/scene_03/run_9/exp_tomato_20260917_011839_931105.txt,b79974094c4caa5a22cf660768a2c38661059222e7e36752448d922b2af23bd0,ok,1,11,14,4.6789,20.0,GOAL DONE,0.8,100,0.8,2026-09-17 01:18:39
114,tomato,0.9,03,9,81,experiments_logs/gamma/20260917_010622_1860115/tomato/gamma_0-90/scene_03/run_9/exp_tomato_20260917_011846_024510.txt,b864e30e20527cb9f25b6e78d8f2689a3eb59366f0ba8765bd106b569d834482,ok,1,12,19,5.967,10.0,GOAL DONE,0.9,100,0.8,2026-09-17 01:18:46
115,tomato,0.95,03,9,81,experiments_logs/gamma/20260917_010622_1860115/tomato/gamma_0-95/scene_03/run_9/exp_tomato_20260917_011850_343679.txt,87cf590e22803945f5457a0e4d79f30a6f1571c69fc8e8cfc0690375be61c395,ok,1,7,14,4.1993,0.0,GOAL DONE,0.95,100,0.8,2026-09-17 01:18:50
116,tomato,0.99,03,9,81,experiments_logs/gamma/20260917_010622_1860115/tomato/gamma_0-99/scene_03/run_9/exp_tomato_20260917_011858_008615.txt,3e18d146d7cb71255f201c4be049275d0dc9059eba72253604c041903af06d36,ok,1,18,22,7.5417,-10.0,GOAL DONE,0.99,100,0.8,2026-09-17 01:18:58
117,tomato,0.8,03,10,82,experiments_logs/gamma/20260917_010622_1860115/tomato/gamma_0-80/scene_03/run_10/exp_tomato_20260917_011902_309566.txt,e54e65efb22c31b806d8c9b8c2d57984ce32e81533662a4da8d0bd51eb171e9e,ok,1,8,13,4.1818,20.0,GOAL DONE,0.8,100,0.8,2026-09-17 01:19:02
118,tomato,0.9,03,10,82,experiments_logs/gamma/20260917_010622_1860115/tomato/gamma_0-90/scene_03/run_10/exp_tomato_20260917_011906_594897.txt,812308dc66a2ad2d2eefbb7878ee50db2dd2b4d6d83fadd93ee0a2d26ca666a7,ok,1,7,14,4.1685,10.0,GOAL DONE,0.9,100,0.8,2026-09-17 01:19:06
119,tomato,0.95,03,10,82,experiments_logs/gamma/20260917_010622_1860115/tomato/gamma_0-95/scene_03/run_10/exp_tomato_20260917_011911_430678.txt,bc62ad8318474add9afa102781985af31e782d5ae5a5bd36b62e3318a7f50ce8,ok,1,8,15,4.7136,20.0,GOAL DONE,0.95,100,0.8,2026-09-17 01:19:11
120,tomato,0.99,03,10,82,experiments_logs/gamma/20260917_010622_1860115/tomato/gamma_0-99/scene_03/run_10/exp_tomato_20260917_011919_283733.txt,43f29ea242a18ae1f3fa4c127e566261d3d59580a79e30820466619e2bc65838,ok,1,31,24,7.7323,-30.0,GOAL DONE,0.99,100,0.8,2026-09-17 01:19:19
121,tomato,0.8,04,1,83,experiments_logs/gamma/20260917_010622_1860115/tomato/gamma_0-80/scene_04/run_1/exp_tomato_20260917_011924_002931.txt,2bdf834794a01bf5becfac41647a5611c4bf03e3c49f41006f99ae0c9bf65b30,ok,1,7,14,4.5984,20.0,GOAL DONE,0.8,100,0.8,2026-09-17 01:19:24
122,tomato,0.9,04,1,83,experiments_logs/gamma/20260917_010622_1860115/tomato/gamma_0-90/scene_04/run_1/exp_tomato_20260917_011929_515217.txt,8351f5cc07cc403784f7b641e8f98946f8c183bf25a22081f9d9a0189fb441eb,ok,1,12,16,5.3885,-5.0,GOAL DONE,0.9,100,0.8,2026-09-17 01:19:29
123,tomato,0.95,04,1,83,experiments_logs/gamma/20260917_010622_1860115/tomato/gamma_0-95/scene_04/run_1/exp_tomato_20260917_011934_618360.txt,cca82350eb471ca53252299220a2e9b37e2e4479f4a901316b7931460d0b9302,ok,1,9,15,4.9777,0.0,GOAL DONE,0.95,100,0.8,2026-09-17 01:19:34
124,tomato,0.99,04,1,83,experiments_logs/gamma/20260917_010622_1860115/tomato/gamma_0-99/scene_04/run_1/exp_tomato_20260917_011940_505867.txt,520d8266726821929f67551db8610ae42bf8c532ef2903aa8cda3fb6fd1ffdc1,ok,1,11,18,5.7657,15.0,GOAL DONE,0.99,100,0.8,2026-09-17 01:19:40
125,tomato,0.8,04,2,84,experiments_logs/gamma/20260917_010622_1860115/tomato/gamma_0-80/scene_04/run_2/exp_tomato_20260917_011947_686891.txt,394f4bb10e44a40c623bc9a3ae4375f627ba21656a70f7fa89dcc6c74701058a,ok,1,16,20,7.0613,-10.0,GOAL DONE,0.8,100,0.8,2026-09-17 01:19:47
126,tomato,0.9,04,2,84,experiments_logs/gamma/20260917_010622_1860115/tomato/gamma_0-90/scene_04/run_2/exp_tomato_20260917_011952_466777.txt,7e9cac3f65859db698bef8af189db4ca6c609107844a24027469f3dec76805d0,ok,1,13,14,4.6664,20.0,GOAL DONE,0.9,100,0.8,2026-09-17 01:19:52
127,tomato,0.95,04,2,84,experiments_logs/gamma/20260917_010622_1860115/tomato/gamma_0-95/scene_04/run_2/exp_tomato_20260917_012010_913654.txt,73765a154d933b095a5e0c96d9faba3e5ab90364e180bcb6e5397cb5e354441b,ok,0,25,50,18.3294,-125.0,MAX STEP,0.95,100,0.8,2026-09-17 01:20:10
128,tomato,0.99,04,2,84,experiments_logs/gamma/20260917_010622_1860115/tomato/gamma_0-99/scene_04/run_2/exp_tomato_20260917_012017_402203.txt,7395e3c1410eb9a41e50ca3ca49cb1b44fdafdd9294847bb07765d303d7b2e37,ok,1,14,21,6.3745,0.0,GOAL DONE,0.99,100,0.8,2026-09-17 01:20:17
129,tomato,0.8,04,3,85,experiments_logs/gamma/20260917_010622_1860115/tomato/gamma_0-80/scene_04/run_3/exp_tomato_20260917_012022_850913.txt,ebeee08aded5bf5ed25ec477087715849eb3c33ea7a9b017a2648fa6d8b962c1,ok,1,13,16,5.3266,20.0,GOAL DONE,0.8,100,0.8,2026-09-17 01:20:22
130,tomato,0.9,04,3,85,experiments_logs/gamma/20260917_010622_1860115/tomato/gamma_0-90/scene_04/run_3/exp_tomato_20260917_012029_394520.txt,ce17cc1dc59d74ca012e9812895132351768ef790156763d780447d86e262f89,ok,1,23,19,6.4196,-15.0,GOAL DONE,0.9,100,0.8,2026-09-17 01:20:29
131,tomato,0.95,04,3,85,experiments_logs/gamma/20260917_010622_1860115/tomato/gamma_0-95/scene_04/run_3/exp_tomato_20260917_012034_929681.txt,7bb514e8fff64a1b9d193f614b15d30bbcdbda219b878b24035522d6689908ea,ok,1,13,17,5.4165,-20.0,GOAL DONE,0.95,100,0.8,2026-09-17 01:20:34
132,tomato,0.99,04,3,85,experiments_logs/gamma/20260917_010622_1860115/tomato/gamma_0-99/scene_04/run_3/exp_tomato_20260917_012041_116543.txt,2ae4c73d92d639baf6cf44be335fb23383a58116166c08341087bfaa0d7fbe4e,ok,1,13,19,6.0702,0.0,GOAL DONE,0.99,100,0.8,2026-09-17 01:20:41
133,tomato,0.8,04,4,86,experiments_logs/gamma/20260917_010622_1860115/tomato/gamma_0-80/scene_04/run_4/exp_tomato_20260917_012045_938489.txt,95d39530a78324f9298ca352b2ba436635c15d22e59727fbc61e96e32b2b0c2b,ok,1,10,14,4.7022,20.0,GOAL DONE,0.8,100,0.8,2026-09-17 01:20:45
134,tomato,0.9,04,4,86,experiments_logs/gamma/20260917_010622_1860115/tomato/gamma_0-90/scene_04/run_4/exp_tomato_20260917_012050_365385.txt,65b568726c5d560ee8b763493ea1e6f0c12c8961b221bcf8f96356179b483e4a,ok,1,7,13,4.3075,10.0,GOAL DONE,0.9,100,0.8,2026-09-17 01:20:50
135,tomato,0.95,04,4,86,experiments_logs/gamma/20260917_010622_1860115/tomato/gamma_0-95/scene_04/run_4/exp_tomato_20260917_012056_370934.txt,a1c486198f5f465a940452b77be9959a1911d35e9007de017b73775fdeb9a6cb,ok,1,17,19,5.8904,-15.0,GOAL DONE,0.95,100,0.8,2026-09-17 01:20:56
136,tomato,0.99,04,4,86,experiments_logs/gamma/20260917_010622_1860115/tomato/gamma_0-99/scene_04/run_4/exp_tomato_20260917_012103_604053.txt,adeb2fa0860253f33f3a1e1a97688a0917bf72dfa683130810cb109b45226a68,ok,1,13,21,7.1093,-5.0,GOAL DONE,0.99,100,0.8,2026-09-17 01:21:03
137,tomato,0.8,04,5,87,experiments_logs/gamma/20260917_010622_1860115/tomato/gamma_0-80/scene_04/run_5/exp_tomato_20260917_012111_899085.txt,ed8ec6768cde4c59897d98091d3e985b59362ddb014fd3ec91bed346e010b62a,ok,1,19,23,8.1646,20.0,GOAL DONE,0.8,100,0.8,2026-09-17 01:21:11
138,tomato,0.9,04,5,87,experiments_logs/gamma/20260917_010622_1860115/tomato/gamma_0-90/scene_04/run_5/exp_tomato_20260917_012116_667492.txt,a25376ebd917079d558d994e19a80623b4b516de128837483e6c7c95d01844d4,ok,1,12,15,4.6481,20.0,GOAL DONE,0.9,100,0.8,2026-09-17 01:21:16
139,tomato,0.95,04,5,87,experiments_logs/gamma/20260917_010622_1860115/tomato/gamma_0-95/scene_04/run_5/exp_tomato_20260917_012122_884662.txt,e5a3a63111f3583fbb03a0a66b524543c44728795a4ced8b4238df88c3cede37,ok,1,20,18,6.0981,-10.0,GOAL DONE,0.95,100,0.8,2026-09-17 01:21:22
140,tomato,0.99,04,5,87,experiments_logs/gamma/20260917_010622_1860115/tomato/gamma_0-99/scene_04/run_5/exp_tomato_20260917_012131_924188.txt,640c4c9c3db4395b047573f15398879dff59bd4b1198d1aad98e9d4210f035da,ok,1,14,26,8.9233,-20.0,GOAL DONE,0.99,100,0.8,2026-09-17 01:21:31
141,tomato,0.8,04,6,88,experiments_logs/gamma/20260917_010622_1860115/tomato/gamma_0-80/scene_04/run_6/exp_tomato_20260917_012136_814003.txt,89c8aa3b510e12499f6b568d6401721381aed53db38ca393ca667aca25161c2f,ok,1,10,14,4.7714,20.0,GOAL DONE,0.8,100,0.8,2026-09-17 01:21:36
142,tomato,0.9,04,6,88,experiments_logs/gamma/20260917_010622_1860115/tomato/gamma_0-90/scene_04/run_6/exp_tomato_20260917_012142_085526.txt,75d40fc624a45df94a7404c53d4120d9c450f172a8c9d25cc9b73cd49a21b774,ok,1,12,15,5.15,5.0,GOAL DONE,0.9,100,0.8,2026-09-17 01:21:42
143,tomato,0.95,04,6,88,experiments_logs/gamma/20260917_010622_1860115/tomato/gamma_0-95/scene_04/run_6/exp_tomato_20260917_012147_384179.txt,2967d96fbc7dcd41d7b05a58ae51cc43280be0805fc9fd8ffacfb8e1729a1eb8,ok,1,15,16,5.1808,-10.0,GOAL DONE,0.95,100,0.8,2026-09-17 01:21:47
144,tomato,0.99,04,6,88,experiments_logs/gamma/20260917_010622_1860115/tomato/gamma_0-99/scene_04/run_6/exp_tomato_20260917_012153_288744.txt,517465a78dcf73e18482b96b23fdc6bd21e3ef6d04f4875be304f9b401c473cf,ok,1,8,20,5.7815,-25.0,GOAL DONE,0.99,100,0.8,2026-09-17 01:21:53
145,tomato,0.8,04,7,89,experiments_logs/gamma/20260917_010622_1860115/tomato/gamma_0-80/scene_04/run_7/exp_tomato_20260917_012202_067898.txt,b37768df362d5f9e562dc5b8ba6e5fbf1d78d227bf89b21affd26e1f15da9c48,ok,1,26,26,8.6591,-10.0,GOAL DONE,0.8,100,0.8,2026-09-17 01:22:02
146,tomato,0.9,04,7,89,experiments_logs/gamma/20260917_010622_1860115/tomato/gamma_0-90/scene_04/run_7/exp_tomato_20260917_012206_687162.txt,53da659f25173d5ae5f61c5c0c7b119d6e4f968dc0f50754368a3c897ac88ec0,ok,1,10,14,4.4977,0.0,GOAL DONE,0.9,100,0.8,2026-09-17 01:22:06
147,tomato,0.95,04,7,89,experiments_logs/gamma/20260917_010622_1860115/tomato/gamma_0-95/scene_04/run_7/exp_tomato_20260917_012213_258787.txt,19a7e38cff023625080ccba20cbaa3b4852a5e30bee967ac79c66e7dac48472b,ok,1,20,19,6.4378,-5.0,GOAL DONE,0.95,100,0.8,2026-09-17 01:22:13
148,tomato,0.99,04,7,89,experiments_logs/gamma/20260917_010622_1860115/tomato/gamma_0-99/scene_04/run_7/exp_tomato_20260917_012220_372932.txt,6f74f7876bb3acd9bddbcbcc978dc78c870724ddd64ae0ed8d11b3c3b0265869,ok,1,23,22,6.9976,-10.0,GOAL DONE,0.99,100,0.8,2026-09-17 01:22:20
149,tomato,0.8,04,8,90,experiments_logs/gamma/20260917_010622_1860115/tomato/gamma_0-80/scene_04/run_8/exp_tomato_20260917_012240_679414.txt,5ff3194862261ed1b6ca8684a3c23da61d86c94941967d85ab8493790d2d7c50,ok,0,15,50,20.1847,-135.0,MAX STEP,0.8,100,0.8,2026-09-17 01:22:40
150,tomato,0.9,04,8,90,experiments_logs/gamma/20260917_010622_1860115/tomato/gamma_0-90/scene_04/run_8/exp_tomato_20260917_012246_390647.txt,b4a19908fc9f7637ac8c5dd262f2eb3c5241de876c2006530bd0dc0e7bc25c6d,ok,1,13,18,5.5908,10.0,GOAL DONE,0.9,100,0.8,2026-09-17 01:22:46
151,tomato,0.95,04,8,90,experiments_logs/gamma/20260917_010622_1860115/tomato/gamma_0-95/scene_04/run_8/exp_tomato_20260917_012252_507165.txt,e418c185d19b407a557356559f2b6f62876a481e89ee55e0b3de93dfb0e2f381,ok,1,20,18,6.001,0.0,GOAL DONE,0.95,100,0.8,2026-09-17 01:22:52
152,tomato,0.99,04,8,90,experiments_logs/gamma/20260917_010622_1860115/tomato/gamma_0-99/scene_04/run_8/exp_tomato_20260917_012257_745047.txt,cb85ebf4315a31c34870d3f9a2e695d0462a8d507e3d0b51f53774c42f45b27b,ok,1,11,16,5.1151,-10.0,GOAL DONE,0.99,100,0.8,2026-09-17 01:22:57
153,tomato,0.8,04,9,91,experiments_logs/gamma/20260917_010622_1860115/tomato/gamma_0-80/scene_04/run_9/exp_tomato_20260917_012303_261261.txt,a1415d31b3083bd5326c7f85e1e724b4a36d038182f7569a2d1cac56e60c80e4,ok,1,14,16,5.3958,10.0,GOAL DONE,0.8,100,0.8,2026-09-17 01:23:03
154,tomato,0.9,04,9,91,experiments_logs/gamma/20260917_010622_1860115/tomato/gamma_0-90/scene_04/run_9/exp_tomato_20260917_012307_504434.txt,1a1c74b9c169c43d1bc7db0dfcc953544af379e11c0ef1aee8d6c94370cb24e9,ok,1,8,13,4.1223,20.0,GOAL DONE,0.9,100,0.8,2026-09-17 01:23:07
155,tomato,0.95,04,9,91,experiments_logs/gamma/20260917_010622_1860115/tomato/gamma_0-95/scene_04/run_9/exp_tomato_20260917_012312_924240.txt,87b7bc8a887b30fc62c223aff1441e93e95e7c1c84513af96bc78a6d8a8be8a8,ok,1,12,17,5.3037,15.0,GOAL DONE,0.95,100,0.8,2026-09-17 01:23:12
156,tomato,0.99,04,9,91,experiments_logs/gamma/20260917_010622_1860115/tomato/gamma_0-99/scene_04/run_9/exp_tomato_20260917_012318_588691.txt,2fe3faf846bcdb93b6665a6dfdc6e5218192f1bc281c21bf4113a5c8c0764149,ok,1,11,17,5.547,15.0,GOAL DONE,0.99,100,0.8,2026-09-17 01:23:18
157,tomato,0.8,04,10,92,experiments_logs/gamma/20260917_010622_1860115/tomato/gamma_0-80/scene_04/run_10/exp_tomato_20260917_012323_235225.txt,ca8069f17f9083c48688b7aa567c2e95a7949aaad8161884708c496b0c1a934a,ok,1,14,14,4.5272,20.0,GOAL DONE,0.8,100,0.8,2026-09-17 01:23:23
158,tomato,0.9,04,10,92,experiments_logs/gamma/20260917_010622_1860115/tomato/gamma_0-90/scene_04/run_10/exp_tomato_20260917_012327_525169.txt,fe7befe68dac95b0b5f529f0067dc6fa2391826314cdec06224637590a2c68b7,ok,1,10,13,4.1713,30.0,GOAL DONE,0.9,100,0.8,2026-09-17 01:23:27
159,tomato,0.95,04,10,92,experiments_logs/gamma/20260917_010622_1860115/tomato/gamma_0-95/scene_04/run_10/exp_tomato_20260917_012333_473793.txt,5651ded5f32f5d36a47cde27759f002a5778bd2ef494602ce59f29e535b97cf9,ok,1,15,18,5.8328,-10.0,GOAL DONE,0.95,100,0.8,2026-09-17 01:23:33
160,tomato,0.99,04,10,92,experiments_logs/gamma/20260917_010622_1860115/tomato/gamma_0-99/scene_04/run_10/exp_tomato_20260917_012339_942722.txt,0a12dfaac3da99e6d4117a4c6c832b6da46e9422d35df0aee47340568c488408,ok,1,15,20,6.351,-5.0,GOAL DONE,0.99,100,0.8,2026-09-17 01:23:39
161,tomato,0.8,05,1,93,experiments_logs/gamma/20260917_010622_1860115/tomato/gamma_0-80/scene_05/run_1/exp_tomato_20260917_012345_025753.txt,3e4b6eeab419a5598fb46a637f8b3864343b7791154576fc9d9643d188a010fa,ok,1,14,15,4.9675,15.0,GOAL DONE,0.8,100,0.8,2026-09-17 01:23:45
162,tomato,0.9,05,1,93,experiments_logs/gamma/20260917_010622_1860115/tomato/gamma_0-90/scene_05/run_1/exp_tomato_20260917_012350_542287.txt,846aee965ca9b284ee9aeabbe7f1ff21a2def141a8f5cda8dab42061f9c32192,ok,1,17,16,5.3925,0.0,GOAL DONE,0.9,100,0.8,2026-09-17 01:23:50
163,tomato,0.95,05,1,93,experiments_logs/gamma/20260917_010622_1860115/tomato/gamma_0-95/scene_05/run_1/exp_tomato_20260917_012356_339559.txt,4ec0087efaaa92abf0ac1611271d2f07da1e751c9a023ab8560aa0f0f33b7c48,ok,1,8,18,5.6769,-20.0,GOAL DONE,0.95,100,0.8,2026-09-17 01:23:56
164,tomato,0.99,05,1,93,experiments_logs/gamma/20260917_010622_1860115/tomato/gamma_0-99/scene_05/run_1/exp_tomato_20260917_012401_190944.txt,48dc2bfded77189f3c8689198cd5ee3656239564cad16013432a5c8fcd4e755c,ok,1,9,16,4.7315,0.0,GOAL DONE,0.99,100,0.8,2026-09-17 01:24:01
165,tomato,0.8,05,2,94,experiments_logs/gamma/20260917_010622_1860115/tomato/gamma_0-80/scene_05/run_2/exp_tomato_20260917_012407_985919.txt,cc8c1d6b00f365b1854439ced5a6392107a92c664ff110dea7e5548c7674abcf,ok,1,15,19,6.6704,-10.0,GOAL DONE,0.8,100,0.8,2026-09-17 01:24:07
166,tomato,0.9,05,2,94,experiments_logs/gamma/20260917_010622_1860115/tomato/gamma_0-90/scene_05/run_2/exp_tomato_20260917_012412_419959.txt,7eecdc17a8f0cad1aae74680045f1a743274725febf262e446d9dcf404c0ccbb,ok,1,7,13,4.314,10.0,GOAL DONE,0.9,100,0.8,2026-09-17 01:24:12
167,tomato,0.95,05,2,94,experiments_logs/gamma/20260917_010622_1860115/tomato/gamma_0-95/scene_05/run_2/exp_tomato_20260917_012417_186634.txt,f63eb32a00933f19239f75b9584dd401c45626f4a4fc1b957eaf194abb4a5e1d,ok,1,8,15,4.6493,5.0,GOAL DONE,0.95,100,0.8,2026-09-17 01:24:17
168,tomato,0.99,05,2,94,experiments_logs/gamma/20260917_010622_1860115/tomato/gamma_0-99/scene_05/run_2/exp_tomato_20260917_012422_669153.txt,8481ae3c870368bb4e94220a06260042b5f970a969455fda1ed3f7ca12cf0c10,ok,1,13,17,5.3576,-5.0,GOAL DONE,0.99,100,0.8,2026-09-17 01:24:22
169,tomato,0.8,05,3,95,experiments_logs/gamma/20260917_010622_1860115/tomato/gamma_0-80/scene_05/run_3/exp_tomato_20260917_012427_923288.txt,eff23e91ba548460872fbbe756cbef7910db6be51297ce74b26eecd967af594d,ok,1,13,15,5.1331,30.0,GOAL DONE,0.8,100,0.8,2026-09-17 01:24:27
170,tomato,0.9,05,3,95,experiments_logs/gamma/20260917_010622_1860115/tomato/gamma_0-90/scene_05/run_3/exp_tomato_20260917_012437_900785.txt,6c95630a739d715087e475e355d049795c548832b52c7a9fd0b32a573166d4d8,ok,1,27,27,9.8536,-35.0,GOAL DONE,0.9,100,0.8,2026-09-17 01:24:37
171,tomato,0.95,05,3,95,experiments_logs/gamma/20260917_010622_1860115/tomato/gamma_0-95/scene_05/run_3/exp_tomato_20260917_012444_406521.txt,71223bb7854da32fd5d8759dd6358bc4611288302e689b04dfe704c631e20677,ok,1,16,20,6.3846,-5.0,GOAL DONE,0.95,100,0.8,2026-09-17 01:24:44
172,tomato,0.99,05,3,95,experiments_logs/gamma/20260917_010622_1860115/tomato/gamma_0-99/scene_05/run_3/exp_tomato_20260917_012449_310758.txt,1fee6568d5189e6543b3cb48c233463804698a21216aae837e764d0b884f33e3,ok,1,13,15,4.7898,10.0,GOAL DONE,0.99,100,0.8,2026-09-17 01:24:49
173,tomato,0.8,05,4,96,experiments_logs/gamma/20260917_010622_1860115/tomato/gamma_0-80/scene_05/run_4/exp_tomato_20260917_012453_661405.txt,83d18b2e539aa4d0ada2fd89a1489d7dd349da0e411b3f95ba94995142700248,ok,1,7,13,4.2318,0.0,GOAL DONE,0.8,100,0.8,2026-09-17 01:24:53
174,tomato,0.9,05,4,96,experiments_logs/gamma/20260917_010622_1860115/tomato/gamma_0-90/scene_05/run_4/exp_tomato_20260917_012458_049873.txt,80db87e8c8573e9f0b3797d80e405f4ea16b453834e26e8295dea5fc1e59eb2c,ok,1,7,13,4.2685,20.0,GOAL DONE,0.9,100,0.8,2026-09-17 01:24:58
175,tomato,0.95,05,4,96,experiments_logs/gamma/20260917_010622_1860115/tomato/gamma_0-95/scene_05/run_4/exp_tomato_20260917_012507_192517.txt,2dee4d5401d3426c4347343263e48cf14aa4b19872950f09646fea115e833da0,ok,1,28,26,9.0223,-20.0,GOAL DONE,0.95,100,0.8,2026-09-17 01:25:07
176,tomato,0.99,05,4,96,experiments_logs/gamma/20260917_010622_1860115/tomato/gamma_0-99/scene_05/run_4/exp_tomato_20260917_012514_289234.txt,8c1ba2fdd0abe916ef9013e6611a8576fde0a70b58948954379a9828e8f5ba44,ok,1,28,21,6.973,-25.0,GOAL DONE,0.99,100,0.8,2026-09-17 01:25:14
177,tomato,0.8,05,5,97,experiments_logs/gamma/20260917_010622_1860115/tomato/gamma_0-80/scene_05/run_5/exp_tomato_20260917_012520_372867.txt,95177fc692049d86103f07e206639d1e903c22175819ede2c22033c55f2eadf6,ok,1,16,17,5.9614,25.0,GOAL DONE,0.8,100,0.8,2026-09-17 01:25:20
178,tomato,0.9,05,5,97,experiments_logs/gamma/20260917_010622_1860115/tomato/gamma_0-90/scene_05/run_5/exp_tomato_20260917_012525_128601.txt,5a5117eac208137a56227adb07316a55c419456e953979220b52af45a9adae0b,ok,1,11,14,4.6377,30.0,GOAL DONE,0.9,100,0.8,2026-09-17 01:25:25
179,tomato,0.95,05,5,97,experiments_logs/gamma/20260917_010622_1860115/tomato/gamma_0-95/scene_05/run_5/exp_tomato_20260917_012531_761215.txt,aa572b76e58e343d48dce86a47582c2a79666a054f62b246ef2d5bbad9aca6e9,ok,1,17,19,6.5167,5.0,GOAL DONE,0.95,100,0.8,2026-09-17 01:25:31
180,tomato,0.99,05,5,97,experiments_logs/gamma/20260917_010622_1860115/tomato/gamma_0-99/scene_05/run_5/exp_tomato_20260917_012538_642712.txt,62940af94d75cbee140f1dc4298330a3e9ba09d5366189c9cfa02d3a074a4b53,ok,1,28,20,6.7575,-15.0,GOAL DONE,0.99,100,0.8,2026-09-17 01:25:38
181,tomato,0.8,05,6,98,experiments_logs/gamma/20260917_010622_1860115/tomato/gamma_0-80/scene_05/run_6/exp_tomato_20260917_012543_876118.txt,93048b0a6f202d7b6691ab15b688af0fceb3b6c244bc6360cec14a5206fd6ceb,ok,1,15,15,5.1164,15.0,GOAL DONE,0.8,100,0.8,2026-09-17 01:25:43
182,tomato,0.9,05,6,98,experiments_logs/gamma/20260917_010622_1860115/tomato/gamma_0-90/scene_05/run_6/exp_tomato_20260917_012549_235764.txt,31743ae288f8b2b9a7d11cbe5fb02ff40f852ff943b1a060e3884a46dd87a6fd,ok,1,10,15,5.2392,20.0,GOAL DONE,0.9,100,0.8,2026-09-17 01:25:49
183,tomato,0.95,05,6,98,experiments_logs/gamma/20260917_010622_1860115/tomato/gamma_0-95/scene_05/run_6/exp_tomato_20260917_012553_922538.txt,e8eeb87d0e21344c5bc23d329fac8adf5ea81bea4fba695524d94c3ef8e0ce9b,ok,1,11,14,4.5648,20.0,GOAL DONE,0.95,100,0.8,2026-09-17 01:25:53
184,tomato,0.99,05,6,98,experiments_logs/gamma/20260917_010622_1860115/tomato/gamma_0-99/scene_05/run_6/exp_tomato_20260917_012559_656162.txt,89e4ea04f2d697d41ad40ced6be8e0b14b04a7819912cdb5946ac91d5dc17012,ok,1,13,17,5.6105,-5.0,GOAL DONE,0.99,100,0.8,2026-09-17 01:25:59
185,tomato,0.8,05,7,99,experiments_logs/gamma/20260917_010622_1860115/tomato/gamma_0-80/scene_05/run_7/exp_tomato_20260917_012604_723707.txt,78a914043c5570f0cb645b9e31bab18c873f5cd6350a59fc10cbe4bd77bec760,ok,1,12,15,4.9466,20.0,GOAL DONE,0.8,100,0.8,2026-09-17 01:26:04
186,tomato,0.9,05,7,99,experiments_logs/gamma/20260917_010622_1860115/tomato/gamma_0-90/scene_05/run_7/exp_tomato_20260917_012609_800125.txt,8c8cd345192a9a1fc6a28fcd8c94d934dc3686fae3407cd8b0f21a1a600f0847,ok,1,11,15,4.9558,-5.0,GOAL DONE,0.9,100,0.8,2026-09-17 01:26:09
187,tomato,0.95,05,7,99,experiments_logs/gamma/20260917_010622_1860115/tomato/gamma_0-95/scene_05/run_7/exp_tomato_20260917_012614_742363.txt,8c92ee925b1d0ea3beca9c5e3cac777fce3f9a5fdb881e48e99180a7caaaeebd,ok,1,7,15,4.8219,5.0,GOAL DONE,0.95,100,0.8,2026-09-17 01:26:14
188,tomato,0.99,05,7,99,experiments_logs/gamma/20260917_010622_1860115/tomato/gamma_0-99/scene_05/run_7/exp_tomato_20260917_012626_217374.txt,6203296fbbbbd4b5e5a1edff67f5810eb5d44ff6a9ae55cb64ecd6520efffe0f,ok,1,14,33,11.3554,-30.0,GOAL DONE,0.99,100,0.8,2026-09-17 01:26:26
189,tomato,0.8,05,8,100,experiments_logs/gamma/20260917_010622_1860115/tomato/gamma_0-80/scene_05/run_8/exp_tomato_20260917_012631_025363.txt,8fae3da496719c033ccec56bab3ba00811f6a7a2faecc373d7eb95e69b51f88f,ok,1,11,14,4.689,0.0,GOAL DONE,0.8,100,0.8,2026-09-17 01:26:31
190,tomato,0.9,05,8,100,experiments_logs/gamma/20260917_010622_1860115/tomato/gamma_0-90/scene_05/run_8/exp_tomato_20260917_012636_425522.txt,4d2a6314f6c46976b5b698b29aae0cddabbbd36e550ceeb6b06f9d6f9bda2871,ok,1,17,16,5.2787,10.0,GOAL DONE,0.9,100,0.8,2026-09-17 01:26:36
191,tomato,0.95,05,8,100,experiments_logs/gamma/20260917_010622_1860115/tomato/gamma_0-95/scene_05/run_8/exp_tomato_20260917_012641_368945.txt,f59ae5aca43ab1f1c34e6615590ea7667f6adc23125d9a1d79a877f23f580ca7,ok,1,10,15,4.8225,5.0,GOAL DONE,0.95,100,0.8,2026-09-17 01:26:41
192,tomato,0.99,05,8,100,experiments_logs/gamma/20260917_010622_1860115/tomato/gamma_0-99/scene_05/run_8/exp_tomato_20260917_012650_987823.txt,18597b1c07ceb5fd20da4cfda495483b179de944070a02d07a7ebc1225d10485,ok,1,21,29,9.4978,-30.0,GOAL DONE,0.99,100,0.8,2026-09-17 01:26:50
193,tomato,0.8,05,9,101,experiments_logs/gamma/20260917_010622_1860115/tomato/gamma_0-80/scene_05/run_9/exp_tomato_20260917_012656_732351.txt,b71950859f4851193cbc817d21c7c6f7f758aab668ff6d6c42165e7b401d88a6,ok,1,16,17,5.6244,5.0,GOAL DONE,0.8,100,0.8,2026-09-17 01:26:56
194,tomato,0.9,05,9,101,experiments_logs/gamma/20260917_010622_1860115/tomato/gamma_0-90/scene_05/run_9/exp_tomato_20260917_012704_888533.txt,b851c84b3934721ffdaf526d92f1523f6f0aed239ebf4bfdf036a13739f25686,ok,1,25,23,8.0357,-5.0,GOAL DONE,0.9,100,0.8,2026-09-17 01:27:04
195,tomato,0.95,05,9,101,experiments_logs/gamma/20260917_010622_1860115/tomato/gamma_0-95/scene_05/run_9/exp_tomato_20260917_012724_881053.txt,6990811af5abf249fd9cc5b4be2c4921210b614557dd5369bb4c5ff0647f11cb,ok,0,34,50,19.8768,-100.0,MAX STEP,0.95,100,0.8,2026-09-17 01:27:24
196,tomato,0.99,05,9,101,experiments_logs/gamma/20260917_010622_1860115/tomato/gamma_0-99/scene_05/run_9/exp_tomato_20260917_012745_107259.txt,1e9b52f188816ce293cdf9d4e706ab33d59f08e4e0e2f8ca641caae7f6247e7e,ok,0,25,50,20.1026,-95.0,MAX STEP,0.99,100,0.8,2026-09-17 01:27:45
197,tomato,0.8,05,10,102,experiments_logs/gamma/20260917_010622_1860115/tomato/gamma_0-80/scene_05/run_10/exp_tomato_20260917_012749_963253.txt,d0ee742c437e7cff0cd6acf051799a7456b75a93b139629d930ba8ccfbcb6bfb,ok,1,13,14,4.7337,10.0,GOAL DONE,0.8,100,0.8,2026-09-17 01:27:49
198,tomato,0.9,05,10,102,experiments_logs/gamma/20260917_010622_1860115/tomato/gamma_0-90/scene_05/run_10/exp_tomato_20260917_012754_322131.txt,6d258e3142ca05dee9adfb98e2b2fb737a2979dde2d45095be06f8df9440a522,ok,1,9,13,4.2444,20.0,GOAL DONE,0.9,100,0.8,2026-09-17 01:27:54
199,tomato,0.95,05,10,102,experiments_logs/gamma/20260917_010622_1860115/tomato/gamma_0-95/scene_05/run_10/exp_tomato_20260917_012759_459551.txt,52d31f5f1c6f4e94bf9a34fd786949dbd5cd260f97e1887803ce28dff6111b7c,ok,1,10,15,5.0201,5.0,GOAL DONE,0.95,100,0.8,2026-09-17 01:27:59
200,tomato,0.99,05,10,102,experiments_logs/gamma/20260917_010622_1860115/tomato/gamma_0-99/scene_05/run_10/exp_tomato_20260917_012806_187395.txt,0569820cc2c8e323188adea95429d308e9f9077123176a95b4734cf6758e9c0a,ok,1,20,21,6.6066,-15.0,GOAL DONE,0.99,100,0.8,2026-09-17 01:28:06
201,wastesorting,0.8,01,1,1000053,experiments_logs/gamma/20260917_010622_1860115/wastesorting/gamma_0-80/scene_01/run_1/exp_wastesorting_20260917_012807_825319.txt,773e21e9ae1ac94f7f1ab3dba963284fd2f478a40fa8ddb02744fc19caf04953,ok,1,5,9,1.5172,0.0,GOAL DONE,0.8,100,0.8,2026-09-17 01:28:07
202,wastesorting,0.9,01,1,1000053,experiments_logs/gamma/20260917_010622_1860115/wastesorting/gamma_0-90/scene_01/run_1/exp_wastesorting_20260917_012809_501994.txt,46830efc36aa69ddb0ddf32fcb85f7248b9fb431c4a3b97b286a2c47f1599f2b,ok,1,14,10,1.5593,0.0,GOAL DONE,0.9,100,0.8,2026-09-17 01:28:09
203,wastesorting,0.95,01,1,1000053,experiments_logs/gamma/20260917_010622_1860115/wastesorting/gamma_0-95/scene_01/run_1/exp_wastesorting_20260917_012811_298447.txt,735ca4eb12d5b063fb6e743f97a7ee584600af72b740bc59c4626fb67dc42e8d,ok,1,6,11,1.6727,10.0,GOAL DONE,0.95,100,0.8,2026-09-17 01:28:11
204,wastesorting,0.99,01,1,1000053,experiments_logs/gamma/20260917_010622_1860115/wastesorting/gamma_0-99/scene_01/run_1/exp_wastesorting_20260917_012813_205262.txt,1612cbe7a891f9ef04f9777a55c60f36f9f8bf9df6a880fd8f17b8f05606fb80,ok,1,9,11,1.7849,15.0,GOAL DONE,0.99,100,0.8,2026-09-17 01:28:13
205,wastesorting,0.8,01,2,1000054,experiments_logs/gamma/20260917_010622_1860115/wastesorting/gamma_0-80/scene_01/run_2/exp_wastesorting_20260917_012814_982493.txt,d62c26d09cdd6cc22acd8a0f0a6eaf2f2bca03b475bb5bedfd663cc4a688a57f,ok,1,7,10,1.6564,15.0,GOAL DONE,0.8,100,0.8,2026-09-17 01:28:14
206,wastesorting,0.9,01,2,1000054,experiments_logs/gamma/20260917_010622_1860115/wastesorting/gamma_0-90/scene_01/run_2/exp_wastesorting_20260917_012816_740304.txt,d06055b0460c3ba46115bc2b2fed6fe1037b913bc7b680feafd6f54b2d131bbe,ok,1,7,10,1.6362,10.0,GOAL DONE,0.9,100,0.8,2026-09-17 01:28:16
207,wastesorting,0.95,01,2,1000054,experiments_logs/gamma/20260917_010622_1860115/wastesorting/gamma_0-95/scene_01/run_2/exp_wastesorting_20260917_012818_766632.txt,dac1cd9bf4fdd418cc555139aaf7439ac9220ab9074ef44bf663b7db3cdca1e1,ok,1,10,12,1.9042,15.0,GOAL DONE,0.95,100,0.8,2026-09-17 01:28:18
208,wastesorting,0.99,01,2,1000054,experiments_logs/gamma/20260917_010622_1860115/wastesorting/gamma_0-99/scene_01/run_2/exp_wastesorting_20260917_012820_857557.txt,5fbe1ce7b44a5bbed6fd328a3643ab7c27120428fbfa2a5ae2c3f26b5f8967f4,ok,1,11,12,1.9643,15.0,GOAL DONE,0.99,100,0.8,2026-09-17 01:28:20
209,wastesorting,0.8,01,3,1000055,experiments_logs/gamma/20260917_010622_1860115/wastesorting/gamma_0-80/scene_01/run_3/exp_wastesorting_20260917_012822_471242.txt,ea5ee0c0d33e27f5248d55baf47bd15a154542e9a6a66a8b5888b705f2736087,ok,1,5,10,1.4923,15.0,GOAL DONE,0.8,100,0.8,2026-09-17 01:28:22
210,wastesorting,0.9,01,3,1000055,experiments_logs/gamma/20260917_010622_1860115/wastesorting/gamma_0-90/scene_01/run_3/exp_wastesorting_20260917_012824_213605.txt,e868918f57883e19916a792df08c4e85b81c3f517a103a6e0c511a8f5e9ddd24,ok,1,8,11,1.6155,15.0,GOAL DONE,0.9,100,0.8,2026-09-17 01:28:24
211,wastesorting,0.95,01,3,1000055,experiments_logs/gamma/20260917_010622_1860115/wastesorting/gamma_0-95/scene_01/run_3/exp_wastesorting_20260917_012825_951581.txt,5b530a564a0493b8f568ad2f1c78bda3b9b3f5abb3b547b429726f62810ccfc6,ok,1,7,10,1.6173,5.0,GOAL DONE,0.95,100,0.8,2026-09-17 01:28:25
212,wastesorting,0.99,01,3,1000055,experiments_logs/gamma/20260917_010622_1860115/wastesorting/gamma_0-99/scene_01/run_3/exp_wastesorting_20260917_012828_030959.txt,290d2281e1b374af66035079701bfe921672ff149afe973583a62df7b33eca33,ok,1,11,12,1.9584,20.0,GOAL DONE,0.99,100,0.8,2026-09-17 01:28:28
213,wastesorting,0.8,01,4,1000056,experiments_logs/gamma/20260917_010622_1860115/wastesorting/gamma_0-80/scene_01/run_4/exp_wastesorting_20260917_012829_697015.txt,2186baad5e8a8a3986de09f56829f63a09b85b392dc4fd4b096241f861e6f3df,ok,1,4,9,1.5416,20.0,GOAL DONE,0.8,100,0.8,2026-09-17 01:28:29
214,wastesorting,0.9,01,4,1000056,experiments_logs/gamma/20260917_010622_1860115/wastesorting/gamma_0-90/scene_01/run_4/exp_wastesorting_20260917_012831_417048.txt,33688014d84a532149d82359fc72981cb505c6734422a1d1c225d31f93d37edb,ok,1,8,10,1.5955,20.0,GOAL DONE,0.9,100,0.8,2026-09-17 01:28:31
215,wastesorting,0.95,01,4,1000056,experiments_logs/gamma/20260917_010622_1860115/wastesorting/gamma_0-95/scene_01/run_4/exp_wastesorting_20260917_012833_306329.txt,6ba5e72fb1b88fd36a8157d302d54978c2ecb8fe4329b277cf9df8ff2f761497,ok,1,13,11,1.7677,25.0,GOAL DONE,0.95,100,0.8,2026-09-17 01:28:33
216,wastesorting,0.99,01,4,1000056,experiments_logs/gamma/20260917_010622_1860115/wastesorting/gamma_0-99/scene_01/run_4/exp_wastesorting_20260917_012835_736106.txt,55c42e3c3b8b0aea63439f9f98e47781d65b85892e3e30cb285199bbf23b752a,ok,1,10,12,2.3071,15.0,GOAL DONE,0.99,100,0.8,2026-09-17 01:28:35
217,wastesorting,0.8,01,5,1000057,experiments_logs/gamma/20260917_010622_1860115/wastesorting/gamma_0-80/scene_01/run_5/exp_wastesorting_20260917_012837_455883.txt,5c02d8477ed4aa530170b8e2eeef08b64dde7d0065f0cf497d31d7f513772547,ok,1,5,9,1.5941,10.0,GOAL DONE,0.8,100,0.8,2026-09-17 01:28:37
218,wastesorting,0.9,01,5,1000057,experiments_logs/gamma/20260917_010622_1860115/wastesorting/gamma_0-90/scene_01/run_5/exp_wastesorting_20260917_012839_283987.txt,c823af0c08c8a52b07c387c517d1f021bed55afb26db9d4592d1ed5d89ccb4f2,ok,1,6,10,1.7031,10.0,GOAL DONE,0.9,100,0.8,2026-09-17 01:28:39
219,wastesorting,0.95,01,5,1000057,experiments_logs/gamma/20260917_010622_1860115/wastesorting/gamma_0-95/scene_01/run_5/exp_wastesorting_20260917_012841_396828.txt,22e72789898b0205299ad54d077e5f6aebdc38985dd53d434c9a6d131c348925,ok,1,11,12,1.9924,10.0,GOAL DONE,0.95,100,0.8,2026-09-17 01:28:41
220,wastesorting,0.99,01,5,1000057,experiments_logs/gamma/20260917_010622_1860115/wastesorting/gamma_0-99/scene_01/run_5/exp_wastesorting_20260917_012844_036744.txt,b69813efb6a9d446b30cb1705eee3ba604c66dd07641e71c66423f98014e4df0,ok,1,15,14,2.5132,15.0,GOAL DONE,0.99,100,0.8,2026-09-17 01:28:44
221,wastesorting,0.8,01,6,1000058,experiments_logs/gamma/20260917_010622_1860115/wastesorting/gamma_0-80/scene_01/run_6/exp_wastesorting_20260917_012845_707962.txt,72e86d003619a3b46ceb0d32faa6821313025781e7d9679d0763e1f6097e8624,ok,1,8,9,1.5491,5.0,GOAL DONE,0.8,100,0.8,2026-09-17 01:28:45
222,wastesorting,0.9,01,6,1000058,experiments_logs/gamma/20260917_010622_1860115/wastesorting/gamma_0-90/scene_01/run_6/exp_wastesorting_20260917_012847_526988.txt,f24e1dd97d912509550ddd056c09f8e3b9598d7ab9c896d1851267232fea1163,ok,1,8,10,1.6973,0.0,GOAL DONE,0.9,100,0.8,2026-09-17 01:28:47
223,wastesorting,0.95,01,6,1000058,experiments_logs/gamma/20260917_010622_1860115/wastesorting/gamma_0-95/scene_01/run_6/exp_wastesorting_20260917_012849_401866.txt,b9e0398e19397f7d021edc949d4644b4b74eed431c376dfbd8d0083ea8038aa3,ok,1,11,10,1.7491,20.0,GOAL DONE,0.95,100,0.8,2026-09-17 01:28:49
224,wastesorting,0.99,01,6,1000058,experiments_logs/gamma/20260917_010622_1860115/wastesorting/gamma_0-99/scene_01/run_6/exp_wastesorting_20260917_012851_388342.txt,bfba4975480787551d31b9cce02e0c84a1beac90edaff9da2a00afe0d0dbb232,ok,1,13,12,1.8639,0.0,GOAL DONE,0.99,100,0.8,2026-09-17 01:28:51
225,wastesorting,0.8,01,7,1000059,experiments_logs/gamma/20260917_010622_1860115/wastesorting/gamma_0-80/scene_01/run_7/exp_wastesorting_20260917_012853_050898.txt,11e2150037ccf83a3060ce36f04e05e8cbd5a8da0ca0a3ce63b995e4e52a22a1,ok,1,5,9,1.5428,10.0,GOAL DONE,0.8,100,0.8,2026-09-17 01:28:53
226,wastesorting,0.9,01,7,1000059,experiments_logs/gamma/20260917_010622_1860115/wastesorting/gamma_0-90/scene_01/run_7/exp_wastesorting_20260917_012855_129353.txt,6f2b9fd6a940150fadbadacab92d63b3eeb84ea9abfb078ecb2ebc934f7a2782,ok,1,10,11,1.9625,0.0,GOAL DONE,0.9,100,0.8,2026-09-17 01:28:55
227,wastesorting,0.95,01,7,1000059,experiments_logs/gamma/20260917_010622_1860115/wastesorting/gamma_0-95/scene_01/run_7/exp_wastesorting_20260917_012857_056683.txt,fe25e811fea4412bc3fca57ce8b59d224da5e5914d35cc45c72057bfe0ceca3a,ok,1,11,11,1.8043,5.0,GOAL DONE,0.95,100,0.8,2026-09-17 01:28:57
228,wastesorting,0.99,01,7,1000059,experiments_logs/gamma/20260917_010622_1860115/wastesorting/gamma_0-99/scene_01/run_7/exp_wastesorting_20260917_012858_910914.txt,69293460ba0364d13251bdfb8a01198891d41815501586c4bc54fd1d5dc96654,ok,1,9,11,1.73,10.0,GOAL DONE,0.99,100,0.8,2026-09-17 01:28:58
229,wastesorting,0.8,01,8,1000060,experiments_logs/gamma/20260917_010622_1860115/wastesorting/gamma_0-80/scene_01/run_8/exp_wastesorting_20260917_012900_569154.txt,78351d9e4c99df8b50bbe93b50d7e5b119cb7c2e8e51cf554a589cb1250305dc,ok,1,6,9,1.5375,0.0,GOAL DONE,0.8,100,0.8,2026-09-17 01:29:00
230,wastesorting,0.9,01,8,1000060,experiments_logs/gamma/20260917_010622_1860115/wastesorting/gamma_0-90/scene_01/run_8/exp_wastesorting_20260917_012902_424180.txt,c0c6f5fda9655b57ca8a9be8a79c50ca8f273121b1097fa115e57c077fdf53ff,ok,1,8,11,1.733,10.0,GOAL DONE,0.9,100,0.8,2026-09-17 01:29:02
231,wastesorting,0.95,01,8,1000060,experiments_logs/gamma/20260917_010622_1860115/wastesorting/gamma_0-95/scene_01/run_8/exp_wastesorting_20260917_012904_551376.txt,206bbc55f9283da2d44fb8e247f76d4f6a5e0c272c0dcbf82376601753b8353e,ok,1,13,12,2.0005,15.0,GOAL DONE,0.95,100,0.8,2026-09-17 01:29:04
232,wastesorting,0.99,01,8,1000060,experiments_logs/gamma/20260917_010622_1860115/wastesorting/gamma_0-99/scene_01/run_8/exp_wastesorting_20260917_012906_329060.txt,fe0fe567d793948d5913d6d3f94dcc3a8fcd5efb47a0ddaea949f91ea7997337,ok,1,6,11,1.6533,10.0,GOAL DONE,0.99,100,0.8,2026-09-17 01:29:06
233,wastesorting,0.8,01,9,1000061,experiments_logs/gamma/20260917_010622_1860115/wastesorting/gamma_0-80/scene_01/run_9/exp_wastesorting_20260917_012907_969933.txt,7f3029381b0dcc11a847802d76343c4c891bd48d8696d66843a39cbcd956f6cd,ok,1,4,9,1.5201,10.0,GOAL DONE,0.8,100,0.8,2026-09-17 01:29:07
234,wastesorting,0.9,01,9,1000061,experiments_logs/gamma/20260917_010622_1860115/wastesorting/gamma_0-90/scene_01/run_9/exp_wastesorting_20260917_012909_838051.txt,b7aca67c2d086975477f4eb96077c371e7602eebacffd9cf013fb71445494572,ok,1,7,10,1.7415,10.0,GOAL DONE,0.9,100,0.8,2026-09-17 01:29:09
235,wastesorting,0.95,01,9,1000061,experiments_logs/gamma/20260917_010622_1860115/wastesorting/gamma_0-95/scene_01/run_9/exp_wastesorting_20260917_012911_780150.txt,842ef7eecdfe0295e5869f51939d957fe4ab769267909989361de7e12953fea6,ok,1,11,10,1.8086,10.0,GOAL DONE,0.95,100,0.8,2026-09-17 01:29:11
236,wastesorting,0.99,01,9,1000061,experiments_logs/gamma/20260917_010622_1860115/wastesorting/gamma_0-99/scene_01/run_9/exp_wastesorting_20260917_012913_577070.txt,8ed896d7d63ed4f205192a0791d3617f6d51b0d8465cdc829300afa80b8370b2,ok,1,6,10,1.6733,0.0,GOAL DONE,0.99,100,0.8,2026-09-17 01:29:13
237,wastesorting,0.8,01,10,1000062,experiments_logs/gamma/20260917_010622_1860115/wastesorting/gamma_0-80/scene_01/run_10/exp_wastesorting_20260917_012915_357442.txt,92a7332f5ee0ab7f9e9b81bf5ffe19b35536d1a459a72b0bef0879895c86f2a5,ok,1,8,10,1.6636,15.0,GOAL DONE,0.8,100,0.8,2026-09-17 01:29:15
238,wastesorting,0.9,01,10,1000062,experiments_logs/gamma/20260917_010622_1860115/wastesorting/gamma_0-90/scene_01/run_10/exp_wastesorting_20260917_012917_073444.txt,ae085c08a1700e0750f4b35821ba679a50429025371c8058bb4b9fe8e6016260,ok,1,12,10,1.5929,0.0,GOAL DONE,0.9,100,0.8,2026-09-17 01:29:17
239,wastesorting,0.95,01,10,1000062,experiments_logs/gamma/20260917_010622_1860115/wastesorting/gamma_0-95/scene_01/run_10/exp_wastesorting_20260917_012918_902377.txt,1a590c2d9dbd05d3775ef2424b2dab37578846a31b43dca93d81f3bd5d7adadb,ok,1,12,11,1.7107,10.0,GOAL DONE,0.95,100,0.8,2026-09-17 01:29:18
240,wastesorting,0.99,01,10,1000062,experiments_logs/gamma/20260917_010622_1860115/wastesorting/gamma_0-99/scene_01/run_10/exp_wastesorting_20260917_012921_585658.txt,3090daf4565f46090ab43ef9b8c36dbab4bbab5dd80e21127d1657d984a844ab,ok,1,21,13,2.5613,15.0,GOAL DONE,0.99,100,0.8,2026-09-17 01:29:21
241,wastesorting,0.8,02,1,1000063,experiments_logs/gamma/20260917_010622_1860115/wastesorting/gamma_0-80/scene_02/run_1/exp_wastesorting_20260917_012923_104501.txt,83a98e69b1250927b8fc9e84ca571f441715546f453accbf78c9e7109a2dfc73,ok,1,6,10,1.3982,10.0,GOAL DONE,0.8,100,0.8,2026-09-17 01:29:23
242,wastesorting,0.9,02,1,1000063,experiments_logs/gamma/20260917_010622_1860115/wastesorting/gamma_0-90/scene_02/run_1/exp_wastesorting_20260917_012924_783523.txt,4a416792c293ccb5d84f82862cc4b6d221b91352bf3778c0ff4d6a0791fcbbd1,ok,1,11,12,1.5497,15.0,GOAL DONE,0.9,100,0.8,2026-09-17 01:29:24
243,wastesorting,0.95,02,1,1000063,experiments_logs/gamma/20260917_010622_1860115/wastesorting/gamma_0-95/scene_02/run_1/exp_wastesorting_20260917_012926_886119.txt,3a2c39d1458cae2af3e125466718ff6cddfdbcfbbd9d87a748790fc3e86af0f1,ok,1,17,15,1.9803,10.0,GOAL DONE,0.95,100,0.8,2026-09-17 01:29:26
244,wastesorting,0.99,02,1,1000063,experiments_logs/gamma/20260917_010622_1860115/wastesorting/gamma_0-99/scene_02/run_1/exp_wastesorting_20260917_012928_809943.txt,54d2bc1442928147e3fbf6280258eb85f94cb5273d04642f173770b9c2ae7331,ok,1,12,12,1.8008,10.0,GOAL DONE,0.99,100,0.8,2026-09-17 01:29:28
245,wastesorting,0.8,02,2,1000064,experiments_logs/gamma/20260917_010622_1860115/wastesorting/gamma_0-80/scene_02/run_2/exp_wastesorting_20260917_012930_400375.txt,3fd16ce79490250317e1cd49e58a6de96c5d679e2fac88d6668df4e4a5b4f7ce,ok,1,6,10,1.4707,15.0,GOAL DONE,0.8,100,0.8,2026-09-17 01:29:30
246,wastesorting,0.9,02,2,1000064,experiments_logs/gamma/20260917_010622_1860115/wastesorting/gamma_0-90/scene_02/run_2/exp_wastesorting_20260917_012932_082425.txt,c6afc34f54e8f256c09709ad535b3440f64778238bdd7996cc5ea6afcf41c895,ok,1,7,11,1.5586,10.0,GOAL DONE,0.9,100,0.8,2026-09-17 01:29:32
247,wastesorting,0.95,02,2,1000064,experiments_logs/gamma/20260917_010622_1860115/wastesorting/gamma_0-95/scene_02/run_2/exp_wastesorting_20260917_012933_943032.txt,67bcd3b6f68858c89cbf2b7ddfccb3ecc4c8fc07c3e52a542299f6a81d17b437,ok,1,11,12,1.7341,5.0,GOAL DONE,0.95,100,0.8,2026-09-17 01:29:33
248,wastesorting,0.99,02,2,1000064,experiments_logs/gamma/20260917_010622_1860115/wastesorting/gamma_0-99/scene_02/run_2/exp_wastesorting_20260917_012935_733337.txt,267f4d1c7dbf1d470702a077544e4f984e024c8116a57bfaf42290429b8ad3ce,ok,1,10,12,1.6687,15.0,GOAL DONE,0.99,100,0.8,2026-09-17 01:29:35
249,wastesorting,0.8,02,3,1000065,experiments_logs/gamma/20260917_010622_1860115/wastesorting/gamma_0-80/scene_02/run_3/exp_wastesorting_20260917_012937_295118.txt,4826cce96b51143b52b1d1c5f086e40c1d41ca4857b31fbcd13c948da84e263b,ok,1,8,11,1.4389,5.0,GOAL DONE,0.8,100,0.8,2026-09-17 01:29:37
250,wastesorting,0.9,02,3,1000065,experiments_logs/gamma/20260917_010622_1860115/wastesorting/gamma_0-90/scene_02/run_3/exp_wastesorting_20260917_012938_921753.txt,aff54f9371ae0b4edac4f1d103a351c3bccf6ac1f9d615bf09c0f6e16db4f903,ok,1,7,11,1.5031,10.0,GOAL DONE,0.9,100,0.8,2026-09-17 01:29:38
251,wastesorting,0.95,02,3,1000065,experiments_logs/gamma/20260917_010622_1860115/wastesorting/gamma_0-95/scene_02/run_3/exp_wastesorting_20260917_012940_936728.txt,1db766f2d719606bb94152d5325d9d2258bf402ac245adda766a8b68183e2f82,ok,1,17,15,1.8945,15.0,GOAL DONE,0.95,100,0.8,2026-09-17 01:29:40
252,wastesorting,0.99,02,3,1000065,experiments_logs/gamma/20260917_010622_1860115/wastesorting/gamma_0-99/scene_02/run_3/exp_wastesorting_20260917_012942_694502.txt,7dd6db0158cac5e34074bce40f1aaf4a6a65c55cda9aa14e750b2c33ec195d6c,ok,1,9,12,1.6336,0.0,GOAL DONE,0.99,100,0.8,2026-09-17 01:29:42
253,wastesorting,0.8,02,4,1000066,experiments_logs/gamma/20260917_010622_1860115/wastesorting/gamma_0-80/scene_02/run_4/exp_wastesorting_20260917_012944_229759.txt,7bc531a5894f1288f941ddb7a4ea0cd5c010f7a1f9e2874a68ff89dd28355fd1,ok,1,8,11,1.4162,0.0,GOAL DONE,0.8,100,0.8,2026-09-17 01:29:44
254,wastesorting,0.9,02,4,1000066,experiments_logs/gamma/20260917_010622_1860115/wastesorting/gamma_0-90/scene_02/run_4/exp_wastesorting_20260917_012945_876767.txt,678f07a49d528bbe0d777a52786a63866cb6bbd25d4a71501124d7b3f26acb8a,ok,1,8,11,1.5238,0.0,GOAL DONE,0.9,100,0.8,2026-09-17 01:29:45
255,wastesorting,0.95,02,4,1000066,experiments_logs/gamma/20260917_010622_1860115/wastesorting/gamma_0-95/scene_02/run_4/exp_wastesorting_20260917_012948_286662.txt,7d3a2b2d032d288827fd3f43429157bf4264bf3940fe977f0c52073abd0081f0,ok,1,19,17,2.2843,15.0,GOAL DONE,0.95,100,0.8,2026-09-17 01:29:48
256,wastesorting,0.99,02,4,1000066,experiments_logs/gamma/20260917_010622_1860115/wastesorting/gamma_0-99/scene_02/run_4/exp_wastesorting_20260917_012950_511492.txt,e3cbe56877684f2a1f0b56e8d4d1973972c0cf521fdb973001affe40398abd0e,ok,1,16,13,2.1031,20.0,GOAL DONE,0.99,100,0.8,2026-09-17 01:29:50
257,wastesorting,0.8,02,5,1000067,experiments_logs/gamma/20260917_010622_1860115/wastesorting/gamma_0-80/scene_02/run_5/exp_wastesorting_20260917_012952_069739.txt,8074d54a6ef6ceeae56cff2d67021a488809303a59eb69d4a22e2e12f4564384,ok,1,9,11,1.4361,10.0,GOAL DONE,0.8,100,0.8,2026-09-17 01:29:52
258,wastesorting,0.9,02,5,1000067,experiments_logs/gamma/20260917_010622_1860115/wastesorting/gamma_0-90/scene_02/run_5/exp_wastesorting_20260917_012953_747251.txt,3c7b02b74ee3d0939458b273dd85a3b73c5301e9460889474ab938a9044cbbeb,ok,1,9,11,1.5308,10.0,GOAL DONE,0.9,100,0.8,2026-09-17 01:29:53
259,wastesorting,0.95,02,5,1000067,experiments_logs/gamma/20260917_010622_1860115/wastesorting/gamma_0-95/scene_02/run_5/exp_wastesorting_20260917_012955_435064.txt,cde980951af305c3bf363ff1bc5f702238aaf8833bf60b66ded990a5e6cf72ad,ok,1,9,11,1.5601,10.0,GOAL DONE,0.95,100,0.8,2026-09-17 01:29:55
260,wastesorting,0.99,02,5,1000067,experiments_logs/gamma/20260917_010622_1860115/wastesorting/gamma_0-99/scene_02/run_5/exp_wastesorting_20260917_012957_566676.txt,ac01e69fd329740b90366975957b76eebf50199e09757f6cf96f06d15d810f73,ok,1,18,14,2.0085,10.0,GOAL DONE,0.99,100,0.8,2026-09-17 01:29:57
261,wastesorting,0.8,02,6,1000068,experiments_logs/gamma/20260917_010622_1860115/wastesorting/gamma_0-80/scene_02/run_6/exp_wastesorting_20260917_012959_078310.txt,f2b5d88a32c0546f7fe03d541fb47d268ab42b54c88ece66ef0ff8adfcfb8ddb,ok,1,6,10,1.3909,15.0,GOAL DONE,0.8,100,0.8,2026-09-17 01:29:59
262,wastesorting,0.9,02,6,1000068,experiments_logs/gamma/20260917_010622_1860115/wastesorting/gamma_0-90/scene_02/run_6/exp_wastesorting_20260917_013000_750232.txt,308b85f6f82d4914388bff33dccedd284180393c620aef5f2c1247595489c0d7,ok,1,9,10,1.5496,0.0,GOAL DONE,0.9,100,0.8,2026-09-17 01:30:00
263,wastesorting,0.95,02,6,1000068,experiments_logs/gamma/20260917_010622_1860115/wastesorting/gamma_0-95/scene_02/run_6/exp_wastesorting_20260917_013002_437056.txt,eff5ad3b09719fafcf046912ca4df4134bdc1139375c69034ba353413790aa76,ok,1,10,12,1.5654,20.0,GOAL DONE,0.95,100,0.8,2026-09-17 01:30:02
264,wastesorting,0.99,02,6,1000068,experiments_logs/gamma/20260917_010622_1860115/wastesorting/gamma_0-99/scene_02/run_6/exp_wastesorting_20260917_013004_204279.txt,f15570d171e54cff772236b28f575932ae770178214a295b0ebc14869a01869a,ok,1,11,12,1.6486,10.0,GOAL DONE,0.99,100,0.8,2026-09-17 01:30:04
265,wastesorting,0.8,02,7,1000069,experiments_logs/gamma/20260917_010622_1860115/wastesorting/gamma_0-80/scene_02/run_7/exp_wastesorting_20260917_013005_731900.txt,458efa984f811a957107b45dc12a4341d5d213fdede8bedf4f48ca18a9c3ca39,ok,1,11,11,1.4064,0.0,GOAL DONE,0.8,100,0.8,2026-09-17 01:30:05
266,wastesorting,0.9,02,7,1000069,experiments_logs/gamma/20260917_010622_1860115/wastesorting/gamma_0-90/scene_02/run_7/exp_wastesorting_20260917_013007_437156.txt,0430611faaa5830735f35f1f1488ba040f1369fd0bc02b4613c178edcded3554,ok,1,10,11,1.5854,15.0,GOAL DONE,0.9,100,0.8,2026-09-17 01:30:07
267,wastesorting,0.95,02,7,1000069,experiments_logs/gamma/20260917_010622_1860115/wastesorting/gamma_0-95/scene_02/run_7/exp_wastesorting_20260917_013009_642466.txt,6217ed896e83aa7ce8ff7ace908b521f851da53c7c93af6cd7a85424e792b0b3,ok,1,17,12,2.0842,5.0,GOAL DONE,0.95,100,0.8,2026-09-17 01:30:09
268,wastesorting,0.99,02,7,1000069,experiments_logs/gamma/20260917_010622_1860115/wastesorting/gamma_0-99/scene_02/run_7/exp_wastesorting_20260917_013012_525625.txt,801598758cb9cde491b1380fc283b15c824ae45b71d1545955fbc3e67d97a0b8,ok,1,22,15,2.7587,-5.0,GOAL DONE,0.99,100,0.8,2026-09-17 01:30:12
269,wastesorting,0.8,02,8,1000070,experiments_logs/gamma/20260917_010622_1860115/wastesorting/gamma_0-80/scene_02/run_8/exp_wastesorting_20260917_013014_134641.txt,9484061cc09286ead155dcecce849979f118b64c9d6eaae40a706c8583884a31,ok,1,7,11,1.482,10.0,GOAL DONE,0.8,100,0.8,2026-09-17 01:30:14
270,wastesorting,0.9,02,8,1000070,experiments_logs/gamma/20260917_010622_1860115/wastesorting/gamma_0-90/scene_02/run_8/exp_wastesorting_20260917_013015_856053.txt,12749f4d885d03dee182a8419310f7cde8f7b8c868021a810c5c10e01cd86067,ok,1,9,11,1.604,15.0,GOAL DONE,0.9,100,0.8,2026-09-17 01:30:15
271,wastesorting,0.95,02,8,1000070,experiments_logs/gamma/20260917_010622_1860115/wastesorting/gamma_0-95/scene_02/run_8/exp_wastesorting_20260917_013018_135091.txt,bdfe841a8afae342abe0002e103776600851ea2001e770f50716996051e936ac,ok,1,16,12,2.1564,20.0,GOAL DONE,0.95,100,0.8,2026-09-17 01:30:18
272,wastesorting,0.99,02,8,1000070,experiments_logs/gamma/20260917_010622_1860115/wastesorting/gamma_0-99/scene_02/run_8/exp_wastesorting_20260917_013020_345283.txt,1f24c79ae7278560e750c1566d9f1c01e20431d7213283c768cf84dc16cdd034,ok,1,13,12,2.0871,20.0,GOAL DONE,0.99,100,0.8,2026-09-17 01:30:20
273,wastesorting,0.8,02,9,1000071,experiments_logs/gamma/20260917_010622_1860115/wastesorting/gamma_0-80/scene_02/run_9/exp_wastesorting_20260917_013021_853951.txt,e024fab6a9bd02644db7a48f9797dd9a4089f86798f6cee6f4ec6b2bccca9d11,ok,1,7,10,1.3859,15.0,GOAL DONE,0.8,100,0.8,2026-09-17 01:30:21
274,wastesorting,0.9,02,9,1000071,experiments_logs/gamma/20260917_010622_1860115/wastesorting/gamma_0-90/scene_02/run_9/exp_wastesorting_20260917_013023_617947.txt,431b7960e34e9087a4e0665d9a26fe4d92c3ef9495acc38d5a2e1a1ee225fc78,ok,1,14,12,1.6414,5.0,GOAL DONE,0.9,100,0.8,2026-09-17 01:30:23
275,wastesorting,0.95,02,9,1000071,experiments_logs/gamma/20260917_010622_1860115/wastesorting/gamma_0-95/scene_02/run_9/exp_wastesorting_20260917_013025_323072.txt,23cb46b5854e7240b8cc9944e518a5f686c55a03252c85fcda55e716f40cbc8c,ok,1,9,12,1.5784,15.0,GOAL DONE,0.95,100,0.8,2026-09-17 01:30:25
276,wastesorting,0.99,02,9,1000071,experiments_logs/gamma/20260917_010622_1860115/wastesorting/gamma_0-99/scene_02/run_9/exp_wastesorting_20260917_013027_083226.txt,99f1167200f3d218ddf4fa346b06156aa829c91a91d1ae4213099b55d4b090c5,ok,1,12,12,1.6359,10.0,GOAL DONE,0.99,100,0.8,2026-09-17 01:30:27
277,wastesorting,0.8,02,10,1000072,experiments_logs/gamma/20260917_010622_1860115/wastesorting/gamma_0-80/scene_02/run_10/exp_wastesorting_20260917_013028_774813.txt,210c52c9f78381990416dac3515a59c17be54691735b3f9963e64053f6e6177a,ok,1,8,10,1.5896,15.0,GOAL DONE,0.8,100,0.8,2026-09-17 01:30:28
278,wastesorting,0.9,02,10,1000072,experiments_logs/gamma/20260917_010622_1860115/wastesorting/gamma_0-90/scene_02/run_10/exp_wastesorting_20260917_013030_331557.txt,8aabfa7ef19a3d83102dddf89aca3a89cba5f5adc3376d1228460783fc13087f,ok,1,7,10,1.4337,15.0,GOAL DONE,0.9,100,0.8,2026-09-17 01:30:30
279,wastesorting,0.95,02,10,1000072,experiments_logs/gamma/20260917_010622_1860115/wastesorting/gamma_0-95/scene_02/run_10/exp_wastesorting_20260917_013032_097852.txt,f755258f9cd47302a9cfcd5e627de2b0207c795792f8fe53a9dcb207ba7e9c9c,ok,1,11,11,1.6427,0.0,GOAL DONE,0.95,100,0.8,2026-09-17 01:30:32
280,wastesorting,0.99,02,10,1000072,experiments_logs/gamma/20260917_010622_1860115/wastesorting/gamma_0-99/scene_02/run_10/exp_wastesorting_20260917_013034_124012.txt,2ad60ca4870081a49aea0e5316a73037c6e33cfaf95fcd0bd0723e8b1b20859c,ok,1,13,13,1.9042,15.0,GOAL DONE,0.99,100,0.8,2026-09-17 01:30:34
281,wastesorting,0.8,03,1,1000073,experiments_logs/gamma/20260917_010622_1860115/wastesorting/gamma_0-80/scene_03/run_1/exp_wastesorting_20260917_013035_930796.txt,79638654645f2360294b2e60dbe224065b3cef280c83998f8665769ffb3af0dd,ok,1,12,11,1.6787,10.0,GOAL DONE,0.8,100,0.8,2026-09-17 01:30:35
282,wastesorting,0.9,03,1,1000073,experiments_logs/gamma/20260917_010622_1860115/wastesorting/gamma_0-90/scene_03/run_1/exp_wastesorting_20260917_013037_683244.txt,6aa3dd8792d0651b1ac998dea6bf7e7e3776d89e9cf8433d3c783903d68da606,ok,1,12,10,1.628,5.0,GOAL DONE,0.9,100,0.8,2026-09-17 01:30:37
283,wastesorting,0.95,03,1,1000073,experiments_logs/gamma/20260917_010622_1860115/wastesorting/gamma_0-95/scene_03/run_1/exp_wastesorting_20260917_013040_235579.txt,c7eac72d39483389d6b52861b3c5e0f01b1cb786908391b8b09f6f43aedcd8f0,ok,1,26,14,2.4289,5.0,GOAL DONE,0.95,100,0.8,2026-09-17 01:30:40
284,wastesorting,0.99,03,1,1000073,experiments_logs/gamma/20260917_010622_1860115/wastesorting/gamma_0-99/scene_03/run_1/exp_wastesorting_20260917_013041_946161.txt,5bce362277cb1e42b4052a476008d5fd109cf32c155949207d4e2ffc070c64c6,ok,1,11,11,1.5882,15.0,GOAL DONE,0.99,100,0.8,2026-09-17 01:30:41
285,wastesorting,0.8,03,2,1000074,experiments_logs/gamma/20260917_010622_1860115/wastesorting/gamma_0-80/scene_03/run_2/exp_wastesorting_20260917_013043_443336.txt,bceb51507535068b2525d80916da5012d9580050b5e20538b2d5ed1df76458b2,ok,1,10,10,1.372,0.0,GOAL DONE,0.8,100,0.8,2026-09-17 01:30:43
286,wastesorting,0.9,03,2,1000074,experiments_logs/gamma/20260917_010622_1860115/wastesorting/gamma_0-90/scene_03/run_2/exp_wastesorting_20260917_013044_984798.txt,e0ae0bf606428a2db5f97432c4c520f31dff99b9c39b9d5f96d6f02a040953a1,ok,1,5,10,1.4163,15.0,GOAL DONE,0.9,100,0.8,2026-09-17 01:30:44
287,wastesorting,0.95,03,2,1000074,experiments_logs/gamma/20260917_010622_1860115/wastesorting/gamma_0-95/scene_03/run_2/exp_wastesorting_20260917_013047_353596.txt,ba1826539daca022ea850bb7f3c41f10c55a2b025ec945139510605e7ad0a559,ok,1,17,13,2.2472,10.0,GOAL DONE,0.95,100,0.8,2026-09-17 01:30:47
288,wastesorting,0.99,03,2,1000074,experiments_logs/gamma/20260917_010622_1860115/wastesorting/gamma_0-99/scene_03/run_2/exp_wastesorting_20260917_013049_493206.txt,f6057a734b21a6120bbc9e4b9e21916f0a8c344a65f874bfa8d7d7d981b76d2f,ok,1,10,11,2.0216,0.0,GOAL DONE,0.99,100,0.8,2026-09-17 01:30:49
289,wastesorting,0.8,03,3,1000075,experiments_logs/gamma/20260917_010622_1860115/wastesorting/gamma_0-80/scene_03/run_3/exp_wastesorting_20260917_013051_048580.txt,44eda715fb01e65592e57d66bf7e8a990780abb8ade4287e64ced61e1e4499c5,ok,1,7,10,1.4294,15.0,GOAL DONE,0.8,100,0.8,2026-09-17 01:30:51
290,wastesorting,0.9,03,3,1000075,experiments_logs/gamma/20260917_010622_1860115/wastesorting/gamma_0-90/scene_03/run_3/exp_wastesorting_20260917_013052_641102.txt,2c2bb320e40ff31a57491bff519d9fea90014b2a5bc61ce9c355281ad0aeba54,ok,1,10,10,1.4702,15.0,GOAL DONE,0.9,100,0.8,2026-09-17 01:30:52
291,wastesorting,0.95,03,3,1000075,experiments_logs/gamma/20260917_010622_1860115/wastesorting/gamma_0-95/scene_03/run_3/exp_wastesorting_20260917_013054_773157.txt,e0e16b927c849c7de9bb02509f1439e35ef80ba8ae76ee6f0817efe1072f858d,ok,1,17,12,2.0112,0.0,GOAL DONE,0.95,100,0.8,2026-09-17 01:30:54
292,wastesorting,0.99,03,3,1000075,experiments_logs/gamma/20260917_010622_1860115/wastesorting/gamma_0-99/scene_03/run_3/exp_wastesorting_20260917_013057_016477.txt,ba371588e32bc9a2c7a6cfd57a592979135ab41f8e8975a44c0feaf74989c782,ok,1,16,13,2.1168,15.0,GOAL DONE,0.99,100,0.8,2026-09-17 01:30:57
293,wastesorting,0.8,03,4,1000076,experiments_logs/gamma/20260917_010622_1860115/wastesorting/gamma_0-80/scene_03/run_4/exp_wastesorting_20260917_013058_532735.txt,e8f6b34ba6478d8a160ea75db219bc63664af3da870bcaebba0a31d42a61c756,ok,1,13,10,1.397,15.0,GOAL DONE,0.8,100,0.8,2026-09-17 01:30:58
294,wastesorting,0.9,03,4,1000076,experiments_logs/gamma/20260917_010622_1860115/wastesorting/gamma_0-90/scene_03/run_4/exp_wastesorting_20260917_013100_297688.txt,2d03477898c402fad85aab31bf1696a13ec2eba6b649b8caa03b7d4275e0ea3c,ok,1,14,12,1.6402,0.0,GOAL DONE,0.9,100,0.8,2026-09-17 01:31:00
295,wastesorting,0.95,03,4,1000076,experiments_logs/gamma/20260917_010622_1860115/wastesorting/gamma_0-95/scene_03/run_4/exp_wastesorting_20260917_013102_564225.txt,7283d59b58f961086dd2d3eb6d07094b24e52e14631b4994b0f21b8de2b1e02c,ok,1,24,13,2.1452,0.0,GOAL DONE,0.95,100,0.8,2026-09-17 01:31:02
296,wastesorting,0.99,03,4,1000076,experiments_logs/gamma/20260917_010622_1860115/wastesorting/gamma_0-99/scene_03/run_4/exp_wastesorting_20260917_013105_126489.txt,7acccaab988d4ae3c0bee0f5c1db0a2e4db05bb32c71380174d9c632a5259a1a,ok,1,28,16,2.4408,20.0,GOAL DONE,0.99,100,0.8,2026-09-17 01:31:05
297,wastesorting,0.8,03,5,1000077,experiments_logs/gamma/20260917_010622_1860115/wastesorting/gamma_0-80/scene_03/run_5/exp_wastesorting_20260917_013106_709780.txt,5f4efd399cfaa05349f81dcfac95b6ff48597cd2eb79c3c3432494c2a4290185,ok,1,6,10,1.4584,15.0,GOAL DONE,0.8,100,0.8,2026-09-17 01:31:06
298,wastesorting,0.9,03,5,1000077,experiments_logs/gamma/20260917_010622_1860115/wastesorting/gamma_0-90/scene_03/run_5/exp_wastesorting_20260917_013108_347139.txt,1cc76bc6509cec1ae5df3331bf4cbecb578b595348db09f1d072dd239a62f73b,ok,1,6,10,1.5328,20.0,GOAL DONE,0.9,100,0.8,2026-09-17 01:31:08
299,wastesorting,0.95,03,5,1000077,experiments_logs/gamma/20260917_010622_1860115/wastesorting/gamma_0-95/scene_03/run_5/exp_wastesorting_20260917_013110_536573.txt,00837de11970cf21037d8a585d70c8415b672176968cfe1228bc974035b367d1,ok,1,14,13,2.0664,10.0,GOAL DONE,0.95,100,0.8,2026-09-17 01:31:10
300,wastesorting,0.99,03,5,1000077,experiments_logs/gamma/20260917_010622_1860115/wastesorting/gamma_0-99/scene_03/run_5/exp_wastesorting_20260917_013112_980421.txt,2aeefbf6009406eea3784d3cc0c2558225a0889b4b66e824f72c26a9b6cd84b5,ok,1,17,14,2.3194,10.0,GOAL DONE,0.99,100,0.8,2026-09-17 01:31:12
301,wastesorting,0.8,03,6,1000078,experiments_logs/gamma/20260917_010622_1860115/wastesorting/gamma_0-80/scene_03/run_6/exp_wastesorting_20260917_013114_653281.txt,281b50ef2a251454dfb31d45ac39a2d4670103443be707dc597a36c33e9cc37c,ok,1,13,11,1.5549,0.0,GOAL DONE,0.8,100,0.8,2026-09-17 01:31:14
302,wastesorting,0.9,03,6,1000078,experiments_logs/gamma/20260917_010622_1860115/wastesorting/gamma_0-90/scene_03/run_6/exp_wastesorting_20260917_013116_478783.txt,705fd91e8dd9941718bab38eb3eea197e0e4aeb78ba55d06016f18300f2d04ca,ok,1,17,12,1.7031,15.0,GOAL DONE,0.9,100,0.8,2026-09-17 01:31:16
303,wastesorting,0.95,03,6,1000078,experiments_logs/gamma/20260917_010622_1860115/wastesorting/gamma_0-95/scene_03/run_6/exp_wastesorting_20260917_013118_157561.txt,0745a52e834b75aea8f50f908995b501a98fbaa822d984f4ade26b9096f280a6,ok,1,17,11,1.5516,15.0,GOAL DONE,0.95,100,0.8,2026-09-17 01:31:18
304,wastesorting,0.99,03,6,1000078,experiments_logs/gamma/20260917_010622_1860115/wastesorting/gamma_0-99/scene_03/run_6/exp_wastesorting_20260917_013119_902084.txt,68d6f419a0be930517ce53a0b89c3dfa0e3a962b829ecf02bb88e81a7958b098,ok,1,15,12,1.6228,15.0,GOAL DONE,0.99,100,0.8,2026-09-17 01:31:19
305,wastesorting,0.8,03,7,1000079,experiments_logs/gamma/20260917_010622_1860115/wastesorting/gamma_0-80/scene_03/run_7/exp_wastesorting_20260917_013121_364990.txt,4b123a30201c9ae195800fc57ecbc0cc50da2332785b0890740c71f26350256e,ok,1,6,10,1.3408,10.0,GOAL DONE,0.8,100,0.8,2026-09-17 01:31:21
306,wastesorting,0.9,03,7,1000079,experiments_logs/gamma/20260917_010622_1860115/wastesorting/gamma_0-90/scene_03/run_7/exp_wastesorting_20260917_013122_969311.txt,062cc0076733fe6eb62c57e2a81557ce1ec58f67beb9b1d2b1d46bce412d4e77,ok,1,10,10,1.4744,0.0,GOAL DONE,0.9,100,0.8,2026-09-17 01:31:22
307,wastesorting,0.95,03,7,1000079,experiments_logs/gamma/20260917_010622_1860115/wastesorting/gamma_0-95/scene_03/run_7/exp_wastesorting_20260917_013124_840110.txt,2a69308ab1ba8bad5de25f2768d132df4181249f32ec2f7983d4a3444dbf1f00,ok,1,14,12,1.748,0.0,GOAL DONE,0.95,100,0.8,2026-09-17 01:31:24
308,wastesorting,0.99,03,7,1000079,experiments_logs/gamma/20260917_010622_1860115/wastesorting/gamma_0-99/scene_03/run_7/exp_wastesorting_20260917_013126_692728.txt,27e61557b95b550f2a1ca146f2af8dddddeae0bdc8c150fd57666d69e05ebc74,ok,1,16,13,1.7278,0.0,GOAL DONE,0.99,100,0.8,2026-09-17 01:31:26
309,wastesorting,0.8,03,8,1000080,experiments_logs/gamma/20260917_010622_1860115/wastesorting/gamma_0-80/scene_03/run_8/exp_wastesorting_20260917_013128_271919.txt,04be5adedbc4c4b11f38842220381911a5c17dd921047d103872fea1a300b49e,ok,1,7,10,1.443,5.0,GOAL DONE,0.8,100,0.8,2026-09-17 01:31:28
310,wastesorting,0.9,03,8,1000080,experiments_logs/gamma/20260917_010622_1860115/wastesorting/gamma_0-90/scene_03/run_8/exp_wastesorting_20260917_013129_885395.txt,c60b2afa8186c4d84b9d31190d4d999b1ad05e947290f37db34e1e58ad369a64,ok,1,5,10,1.4868,15.0,GOAL DONE,0.9,100,0.8,2026-09-17 01:31:29
311,wastesorting,0.95,03,8,1000080,experiments_logs/gamma/20260917_010622_1860115/wastesorting/gamma_0-95/scene_03/run_8/exp_wastesorting_20260917_013131_766091.txt,6976f67fe02951bfa9b6488a14110f91c726c7ccf46a71e1a614d73b0a9d8bec,ok,1,10,12,1.76,15.0,GOAL DONE,0.95,100,0.8,2026-09-17 01:31:31
312,wastesorting,0.99,03,8,1000080,experiments_logs/gamma/20260917_010622_1860115/wastesorting/gamma_0-99/scene_03/run_8/exp_wastesorting_20260917_013134_057885.txt,592651ca7117460858e6753c907958ed946e4395e581492a93d6e13e4a1633b3,ok,1,15,13,2.1667,0.0,GOAL DONE,0.99,100,0.8,2026-09-17 01:31:34
313,wastesorting,0.8,03,9,1000081,experiments_logs/gamma/20260917_010622_1860115/wastesorting/gamma_0-80/scene_03/run_9/exp_wastesorting_20260917_013135_657828.txt,ee07b2aa61fd7de2725ca479fd34ae150263eef41e136d504c47a8fc8f9621af,ok,1,9,11,1.4746,15.0,GOAL DONE,0.8,100,0.8,2026-09-17 01:31:35
314,wastesorting,0.9,03,9,1000081,experiments_logs/gamma/20260917_010622_1860115/wastesorting/gamma_0-90/scene_03/run_9/exp_wastesorting_20260917_013137_423987.txt,a42c7b3ea052b81c66ba1501b5902adc60cc335fc93045aa7bedf62185c7186e,ok,1,9,11,1.6429,10.0,GOAL DONE,0.9,100,0.8,2026-09-17 01:31:37
315,wastesorting,0.95,03,9,1000081,experiments_logs/gamma/20260917_010622_1860115/wastesorting/gamma_0-95/scene_03/run_9/exp_wastesorting_20260917_013139_761308.txt,f77cbce462e1aad3c4b5e685839e506a83db87db7aad43da8b7d395eb5d40890,ok,1,19,14,2.2082,5.0,GOAL DONE,0.95,100,0.8,2026-09-17 01:31:39
316,wastesorting,0.99,03,9,1000081,experiments_logs/gamma/20260917_010622_1860115/wastesorting/gamma_0-99/scene_03/run_9/exp_wastesorting_20260917_013141_955381.txt,177325af66c91b16ac58b8460ce05a02eda02e2ae0b0bd22117eb41825f1c45f,ok,1,12,13,2.0736,20.0,GOAL DONE,0.99,100,0.8,2026-09-17 01:31:41
317,wastesorting,0.8,03,10,1000082,experiments_logs/gamma/20260917_010622_1860115/wastesorting/gamma_0-80/scene_03/run_10/exp_wastesorting_20260917_013143_466626.txt,fd8856e8c61fac938e5aa6f6a02f072256210b2aa2e8a98433cf7dd83630b6d4,ok,1,8,10,1.3876,15.0,GOAL DONE,0.8,100,0.8,2026-09-17 01:31:43
318,wastesorting,0.9,03,10,1000082,experiments_logs/gamma/20260917_010622_1860115/wastesorting/gamma_0-90/scene_03/run_10/exp_wastesorting_20260917_013145_029871.txt,cde6f3a8c15ca4deccfe63cb5347d346e19c0812214a0f69aca5da14aeae5f8f,ok,1,10,10,1.4457,15.0,GOAL DONE,0.9,100,0.8,2026-09-17 01:31:45
319,wastesorting,0.95,03,10,1000082,experiments_logs/gamma/20260917_010622_1860115/wastesorting/gamma_0-95/scene_03/run_10/exp_wastesorting_20260917_013147_101921.txt,e60ee066945b188adbc585f8edd27f94a07c8f6596952848776c2ad8bb875200,ok,1,16,14,1.9499,15.0,GOAL DONE,0.95,100,0.8,2026-09-17 01:31:47
320,wastesorting,0.99,03,10,1000082,experiments_logs/gamma/20260917_010622_1860115/wastesorting/gamma_0-99/scene_03/run_10/exp_wastesorting_20260917_013149_628049.txt,065e9b00f5783e1f1acd0ce7d87ea0582da040cc68fe42df18adae9b2d41017d,ok,1,24,17,2.4026,10.0,GOAL DONE,0.99,100,0.8,2026-09-17 01:31:49
321,wastesorting,0.8,04,1,1000083,experiments_logs/gamma/20260917_010622_1860115/wastesorting/gamma_0-80/scene_04/run_1/exp_wastesorting_20260917_013151_258436.txt,1f16ddbe5e727b3f4c02f47414359b65736ebbda4fd666e723c46eb255de9564,ok,1,6,10,1.5047,10.0,GOAL DONE,0.8,100,0.8,2026-09-17 01:31:51
322,wastesorting,0.9,04,1,1000083,experiments_logs/gamma/20260917_010622_1860115/wastesorting/gamma_0-90/scene_04/run_1/exp_wastesorting_20260917_013152_865392.txt,4016eecc87150860f93bc58001ea38572857168bdc3f0b25822c1af4a9e96e84,ok,1,7,10,1.4815,15.0,GOAL DONE,0.9,100,0.8,2026-09-17 01:31:52
323,wastesorting,0.95,04,1,1000083,experiments_logs/gamma/20260917_010622_1860115/wastesorting/gamma_0-95/scene_04/run_1/exp_wastesorting_20260917_013155_159186.txt,1ccb0a74d59a0d8dc1d1b2f5729e9a638844a42b34bf20c23aa756e571850482,ok,1,17,14,2.1762,15.0,GOAL DONE,0.95,100,0.8,2026-09-17 01:31:55
324,wastesorting,0.99,04,1,1000083,experiments_logs/gamma/20260917_010622_1860115/wastesorting/gamma_0-99/scene_04/run_1/exp_wastesorting_20260917_013156_984920.txt,c2527a29642de4c0c964544d53afd980fe784d0edc1981ddcbb194346fa39185,ok,1,13,13,1.6968,5.0,GOAL DONE,0.99,100,0.8,2026-09-17 01:31:56
325,wastesorting,0.8,04,2,1000084,experiments_logs/gamma/20260917_010622_1860115/wastesorting/gamma_0-80/scene_04/run_2/exp_wastesorting_20260917_013158_709282.txt,83ff0532cfc34b179a313ea721d27757cc0505b518305df7e0caff54c5b2be4a,ok,1,11,12,1.5995,20.0,GOAL DONE,0.8,100,0.8,2026-09-17 01:31:58
326,wastesorting,0.9,04,2,1000084,experiments_logs/gamma/20260917_010622_1860115/wastesorting/gamma_0-90/scene_04/run_2/exp_wastesorting_20260917_013200_886910.txt,25e18bda500d598f1dde34bb7a3bf620cddbb151a628cfa3ad604d7770806955,ok,1,17,12,2.0565,0.0,GOAL DONE,0.9,100,0.8,2026-09-17 01:32:00
327,wastesorting,0.95,04,2,1000084,experiments_logs/gamma/20260917_010622_1860115/wastesorting/gamma_0-95/scene_04/run_2/exp_wastesorting_20260917_013203_185007.txt,c6b6c61009e6401785eb6d9b8232b0f61cea49608104e6dba98a48e3fa8e22fb,ok,1,18,13,2.1776,20.0,GOAL DONE,0.95,100,0.8,2026-09-17 01:32:03
328,wastesorting,0.99,04,2,1000084,experiments_logs/gamma/20260917_010622_1860115/wastesorting/gamma_0-99/scene_04/run_2/exp_wastesorting_20260917_013205_626931.txt,9dd80579684dd340f32831d88b9e4e63f51ff2044f64b08c19532222762a0474,ok,1,21,15,2.3118,20.0,GOAL DONE,0.99,100,0.8,2026-09-17 01:32:05
329,wastesorting,0.8,04,3,1000085,experiments_logs/gamma/20260917_010622_1860115/wastesorting/gamma_0-80/scene_04/run_3/exp_wastesorting_20260917_013207_244050.txt,950d2e56956495ff37bb923da89c94730b7964947cd0040e09c27b0fb0472c1a,ok,1,9,11,1.4966,5.0,GOAL DONE,0.8,100,0.8,2026-09-17 01:32:07
330,wastesorting,0.9,04,3,1000085,experiments_logs/gamma/20260917_010622_1860115/wastesorting/gamma_0-90/scene_04/run_3/exp_wastesorting_20260917_013208_878149.txt,5055b58a96a30cbd9a7fdaadba25d881bfae4c141304b703dca1020f460ccf40,ok,1,8,11,1.5099,20.0,GOAL DONE,0.9,100,0.8,2026-09-17 01:32:08
331,wastesorting,0.95,04,3,1000085,experiments_logs/gamma/20260917_010622_1860115/wastesorting/gamma_0-95/scene_04/run_3/exp_wastesorting_20260917_013210_680544.txt,5e9950d70b562aafb4a2681a968e9e75c274c05ced098b7282f8bcfe3930fac6,ok,1,9,11,1.678,5.0,GOAL DONE,0.95,100,0.8,2026-09-17 01:32:10
332,wastesorting,0.99,04,3,1000085,experiments_logs/gamma/20260917_010622_1860115/wastesorting/gamma_0-99/scene_04/run_3/exp_wastesorting_20260917_013212_776436.txt,1157466543a9884fbebd937e06890a4954385a18d3e0bbecab9d3961b2ed631c,ok,1,14,13,1.9779,20.0,GOAL DONE,0.99,100,0.8,2026-09-17 01:32:12
333,wastesorting,0.8,04,4,1000086,experiments_logs/gamma/20260917_010622_1860115/wastesorting/gamma_0-80/scene_04/run_4/exp_wastesorting_20260917_013214_434719.txt,ff865b8a05d48e291606e658ca16f0a7cf3db093c7a30f3052a46f2095e23734,ok,1,7,10,1.5377,10.0,GOAL DONE,0.8,100,0.8,2026-09-17 01:32:14
334,wastesorting,0.9,04,4,1000086,experiments_logs/gamma/20260917_010622_1860115/wastesorting/gamma_0-90/scene_04/run_4/exp_wastesorting_20260917_013216_067643.txt,ef2612d39887d8d4c38a0d8e453e7ae0b3c9d71c76ee15f28f7093928a7ebf3a,ok,1,8,10,1.5032,10.0,GOAL DONE,0.9,100,0.8,2026-09-17 01:32:16
335,wastesorting,0.95,04,4,1000086,experiments_logs/gamma/20260917_010622_1860115/wastesorting/gamma_0-95/scene_04/run_4/exp_wastesorting_20260917_013217_862116.txt,8bfd47f170d55e69ab1e58b6a649a02b3939f7f9e10d79c7f60f341725dd3f90,ok,1,13,12,1.6742,20.0,GOAL DONE,0.95,100,0.8,2026-09-17 01:32:17
336,wastesorting,0.99,04,4,1000086,experiments_logs/gamma/20260917_010622_1860115/wastesorting/gamma_0-99/scene_04/run_4/exp_wastesorting_20260917_013219_891336.txt,bcaf73233ce1d83e499924fd3b443f8e01aabe452635728ef852e9cc72ff2d6b,ok,1,16,14,1.9053,10.0,GOAL DONE,0.99,100,0.8,2026-09-17 01:32:19
337,wastesorting,0.8,04,5,1000087,experiments_logs/gamma/20260917_010622_1860115/wastesorting/gamma_0-80/scene_04/run_5/exp_wastesorting_20260917_013221_482878.txt,55713e993bad16f6627699ee01b197755e65d84a60ec10f31c069007fc9d26f2,ok,1,7,10,1.464,20.0,GOAL DONE,0.8,100,0.8,2026-09-17 01:32:21
338,wastesorting,0.9,04,5,1000087,experiments_logs/gamma/20260917_010622_1860115/wastesorting/gamma_0-90/scene_04/run_5/exp_wastesorting_20260917_013223_145743.txt,809351fc6013319097c77daf5eeb3eec47f53bb349554c5e2c3b351b40438757,ok,1,10,11,1.536,0.0,GOAL DONE,0.9,100,0.8,2026-09-17 01:32:23
339,wastesorting,0.95,04,5,1000087,experiments_logs/gamma/20260917_010622_1860115/wastesorting/gamma_0-95/scene_04/run_5/exp_wastesorting_20260917_013224_913980.txt,507a124ad41b88676f696f5bdda239475d299068b2856844eb2c8d1ca203e88b,ok,1,13,12,1.6484,15.0,GOAL DONE,0.95,100,0.8,2026-09-17 01:32:24
340,wastesorting,0.99,04,5,1000087,experiments_logs/gamma/20260917_010622_1860115/wastesorting/gamma_0-99/scene_04/run_5/exp_wastesorting_20260917_013226_834901.txt,8669be71ff7b6c25fa24142f74cc9e2bbc94b94da29974af75240f5cc2a5736f,ok,1,15,14,1.8008,0.0,GOAL DONE,0.99,100,0.8,2026-09-17 01:32:26
341,wastesorting,0.8,04,6,1000088,experiments_logs/gamma/20260917_010622_1860115/wastesorting/gamma_0-80/scene_04/run_6/exp_wastesorting_20260917_013228_442893.txt,e7069c98263f1bd90d8ab1f222a6d10f17a103b173ffa908b928a9429d3e65dc,ok,1,9,10,1.4843,15.0,GOAL DONE,0.8,100,0.8,2026-09-17 01:32:28
342,wastesorting,0.9,04,6,1000088,experiments_logs/gamma/20260917_010622_1860115/wastesorting/gamma_0-90/scene_04/run_6/exp_wastesorting_20260917_013230_218550.txt,3c66be272aca7c33c1f7ce2315397af41e77670cf4def6314a2f5cf4c2f44fab,ok,1,12,11,1.6435,20.0,GOAL DONE,0.9,100,0.8,2026-09-17 01:32:30
343,wastesorting,0.95,04,6,1000088,experiments_logs/gamma/20260917_010622_1860115/wastesorting/gamma_0-95/scene_04/run_6/exp_wastesorting_20260917_013231_891832.txt,77bf5da1035d445196edcae1341da42f04d3869bd8d17c592bb50ea8052f8099,ok,1,10,10,1.5542,15.0,GOAL DONE,0.95,100,0.8,2026-09-17 01:32:31
344,wastesorting,0.99,04,6,1000088,experiments_logs/gamma/20260917_010622_1860115/wastesorting/gamma_0-99/scene_04/run_6/exp_wastesorting_20260917_013233_702846.txt,6907af8b89b3ead159bf82b9d1bea95eea9b5b720f223599a0185ba4f6a9c4f2,ok,1,11,12,1.6873,15.0,GOAL DONE,0.99,100,0.8,2026-09-17 01:32:33
345,wastesorting,0.8,04,7,1000089,experiments_logs/gamma/20260917_010622_1860115/wastesorting/gamma_0-80/scene_04/run_7/exp_wastesorting_20260917_013235_324171.txt,63927d2c6f6ad0f8fcd58e2f35157fa099ad7eb346bbb77aa25d65f66bc0fa1c,ok,1,8,10,1.5014,0.0,GOAL DONE,0.8,100,0.8,2026-09-17 01:32:35
346,wastesorting,0.9,04,7,1000089,experiments_logs/gamma/20260917_010622_1860115/wastesorting/gamma_0-90/scene_04/run_7/exp_wastesorting_20260917_013236_924128.txt,972243757fb0e1b4d3f489938f85a60a214af347f8ff89f9ac0c3738773e40ae,ok,1,8,11,1.4769,15.0,GOAL DONE,0.9,100,0.8,2026-09-17 01:32:36
347,wastesorting,0.95,04,7,1000089,experiments_logs/gamma/20260917_010622_1860115/wastesorting/gamma_0-95/scene_04/run_7/exp_wastesorting_20260917_013238_717029.txt,7a62889775c25fbe9b5744d9b354576d97e7c64371aac632cc11f925181efd88,ok,1,10,11,1.6692,10.0,GOAL DONE,0.95,100,0.8,2026-09-17 01:32:38
348,wastesorting,0.99,04,7,1000089,experiments_logs/gamma/20260917_010622_1860115/wastesorting/gamma_0-99/scene_04/run_7/exp_wastesorting_20260917_013241_077586.txt,b6e646f808b0c621e534fa4a24cab81a1d2b7896c643ab7fdfa3f252f921dd01,ok,1,20,14,2.2448,15.0,GOAL DONE,0.99,100,0.8,2026-09-17 01:32:41
349,wastesorting,0.8,04,8,1000090,experiments_logs/gamma/20260917_010622_1860115/wastesorting/gamma_0-80/scene_04/run_8/exp_wastesorting_20260917_013242_620384.txt,cf002dbadbddf1991e4b07fc2475d1ef128e2dc7257f50a346d2e58bae753870,ok,1,10,10,1.4232,10.0,GOAL DONE,0.8,100,0.8,2026-09-17 01:32:42
350,wastesorting,0.9,04,8,1000090,experiments_logs/gamma/20260917_010622_1860115/wastesorting/gamma_0-90/scene_04/run_8/exp_wastesorting_20260917_013244_550173.txt,3286063ae470a4d9ec0672e884380f24116653f3f8133c815f0dd4cb1a540540,ok,1,18,14,1.8052,0.0,GOAL DONE,0.9,100,0.8,2026-09-17 01:32:44
351,wastesorting,0.95,04,8,1000090,experiments_logs/gamma/20260917_010622_1860115/wastesorting/gamma_0-95/scene_04/run_8/exp_wastesorting_20260917_013246_203503.txt,4f9107d36cb16a2c1f90cf373a8064cecc7dad9533fdc89d70c59153b35027c8,ok,1,13,11,1.533,15.0,GOAL DONE,0.95,100,0.8,2026-09-17 01:32:46
352,wastesorting,0.99,04,8,1000090,experiments_logs/gamma/20260917_010622_1860115/wastesorting/gamma_0-99/scene_04/run_8/exp_wastesorting_20260917_013247_927104.txt,0dd6101b13c2c533aa8f05a6259200439fed55f4e39e3569c8296590c003198f,ok,1,13,12,1.6022,20.0,GOAL DONE,0.99,100,0.8,2026-09-17 01:32:47
353,wastesorting,0.8,04,9,1000091,experiments_logs/gamma/20260917_010622_1860115/wastesorting/gamma_0-80/scene_04/run_9/exp_wastesorting_20260917_013249_519193.txt,6a45815fa8236c4a0dbeb146bad55d33d0eaf8bb7ebc647c509463c70b1e2a5f,ok,1,9,11,1.4705,0.0,GOAL DONE,0.8,100,0.8,2026-09-17 01:32:49
354,wastesorting,0.9,04,9,1000091,experiments_logs/gamma/20260917_010622_1860115/wastesorting/gamma_0-90/scene_04/run_9/exp_wastesorting_20260917_013251_212883.txt,c70fa6e9ea69dfe42a37572bedd76578abebe5014e1dc7524313548a03764b43,ok,1,11,11,1.5649,0.0,GOAL DONE,0.9,100,0.8,2026-09-17 01:32:51
355,wastesorting,0.95,04,9,1000091,experiments_logs/gamma/20260917_010622_1860115/wastesorting/gamma_0-95/scene_04/run_9/exp_wastesorting_20260917_013253_347164.txt,a663331b81815c0ad9d5134f782ca0924c09555ec0470e84a1a93ba9f8bedd34,ok,1,13,12,2.0115,10.0,GOAL DONE,0.95,100,0.8,2026-09-17 01:32:53
356,wastesorting,0.99,04,9,1000091,experiments_logs/gamma/20260917_010622_1860115/wastesorting/gamma_0-99/scene_04/run_9/exp_wastesorting_20260917_013255_931882.txt,12a9e103ec7fe4d71ca6e4b07ca93f2d47c09c3f42c9abd5dc35524923390868,ok,1,22,15,2.4599,5.0,GOAL DONE,0.99,100,0.8,2026-09-17 01:32:55
357,wastesorting,0.8,04,10,1000092,experiments_logs/gamma/20260917_010622_1860115/wastesorting/gamma_0-80/scene_04/run_10/exp_wastesorting_20260917_013257_494402.txt,a9fb30cec8cfc9fbca6d81bfaaf8b94ab4799efee25ca1a44bb60d64f8c15905,ok,1,9,11,1.4456,15.0,GOAL DONE,0.8,100,0.8,2026-09-17 01:32:57
358,wastesorting,0.9,04,10,1000092,experiments_logs/gamma/20260917_010622_1860115/wastesorting/gamma_0-90/scene_04/run_10/exp_wastesorting_20260917_013259_215173.txt,aa9b79c6d09da31f8f1edf8e57daeef26d8772fd2c4588ed8f21d003ae2a4291,ok,1,13,11,1.5967,15.0,GOAL DONE,0.9,100,0.8,2026-09-17 01:32:59
359,wastesorting,0.95,04,10,1000092,experiments_logs/gamma/20260917_010622_1860115/wastesorting/gamma_0-95/scene_04/run_10/exp_wastesorting_20260917_013300_952118.txt,d2796a232dac7f0b1dece0fea13c847291e009861ca333d021acff53b9d3187f,ok,1,12,12,1.6186,10.0,GOAL DONE,0.95,100,0.8,2026-09-17 01:33:00
360,wastesorting,0.99,04,10,1000092,experiments_logs/gamma/20260917_010622_1860115/wastesorting/gamma_0-99/scene_04/run_10/exp_wastesorting_20260917_013303_106402.txt,6efa702504752acac980287220aabd5ccdb8fe8cf39a6c5762f2baa833dc4734,ok,1,16,13,2.0366,15.0,GOAL DONE,0.99,100,0.8,2026-09-17 01:33:03
361,wastesorting,0.8,05,1,1000093,experiments_logs/gamma/20260917_010622_1860115/wastesorting/gamma_0-80/scene_05/run_1/exp_wastesorting_20260917_013304_680956.txt,278c532db136cb01a6bd944060cf1bfe682bad1bc97734b7757f7d05c0d2e843,ok,1,7,10,1.4488,10.0,GOAL DONE,0.8,100,0.8,2026-09-17 01:33:04
362,wastesorting,0.9,05,1,1000093,experiments_logs/gamma/20260917_010622_1860115/wastesorting/gamma_0-90/scene_05/run_1/exp_wastesorting_20260917_013306_375213.txt,76a51653a12c02bcff02e0f809e5271367b2d4b8203fd33876eb8b101fee401b,ok,1,10,11,1.574,0.0,GOAL DONE,0.9,100,0.8,2026-09-17 01:33:06
363,wastesorting,0.95,05,1,1000093,experiments_logs/gamma/20260917_010622_1860115/wastesorting/gamma_0-95/scene_05/run_1/exp_wastesorting_20260917_013308_210454.txt,6f4a2aa590b310efd89b2fd6cfc6598873f6366770a6a074d9f4d792b98c9cf1,ok,1,13,12,1.7186,15.0,GOAL DONE,0.95,100,0.8,2026-09-17 01:33:08
364,wastesorting,0.99,05,1,1000093,experiments_logs/gamma/20260917_010622_1860115/wastesorting/gamma_0-99/scene_05/run_1/exp_wastesorting_20260917_013310_391174.txt,1992a6fa7ba151ab9adbbde4fef9852e1153bbb7f8e348bf700f7d67693717f1,ok,1,17,13,2.0557,0.0,GOAL DONE,0.99,100,0.8,2026-09-17 01:33:10
365,wastesorting,0.8,05,2,1000094,experiments_logs/gamma/20260917_010622_1860115/wastesorting/gamma_0-80/scene_05/run_2/exp_wastesorting_20260917_013311_992597.txt,7610b86582d8b90fa857e300fda3b3002c317fa69944d789ff3f641544241f4a,ok,1,8,10,1.4729,0.0,GOAL DONE,0.8,100,0.8,2026-09-17 01:33:11
366,wastesorting,0.9,05,2,1000094,experiments_logs/gamma/20260917_010622_1860115/wastesorting/gamma_0-90/scene_05/run_2/exp_wastesorting_20260917_013313_694434.txt,825b0d07125dff685146cc526391e861105b02fe1ccd4fa8b9e342daaaa7f21f,ok,1,10,12,1.577,10.0,GOAL DONE,0.9,100,0.8,2026-09-17 01:33:13
367,wastesorting,0.95,05,2,1000094,experiments_logs/gamma/20260917_010622_1860115/wastesorting/gamma_0-95/scene_05/run_2/exp_wastesorting_20260917_013315_984905.txt,85b97a0bee56a7150fff46fd6ff162d7907fc7b127146859403d2ffe1b30ac90,ok,1,15,12,2.1702,20.0,GOAL DONE,0.95,100,0.8,2026-09-17 01:33:15
368,wastesorting,0.99,05,2,1000094,experiments_logs/gamma/20260917_010622_1860115/wastesorting/gamma_0-99/scene_05/run_2/exp_wastesorting_20260917_013318_237833.txt,bee0690d78ae94e636f4ac6a69ba4e3173a66b40e2db78b8efaa71573b468b70,ok,1,13,12,2.1164,20.0,GOAL DONE,0.99,100,0.8,2026-09-17 01:33:18
369,wastesorting,0.8,05,3,1000095,experiments_logs/gamma/20260917_010622_1860115/wastesorting/gamma_0-80/scene_05/run_3/exp_wastesorting_20260917_013319_792946.txt,9dc48a42e11381362ca114ff649b2ca5e60c5f9904efdea52850927952c304fd,ok,1,8,11,1.4317,10.0,GOAL DONE,0.8,100,0.8,2026-09-17 01:33:19
370,wastesorting,0.9,05,3,1000095,experiments_logs/gamma/20260917_010622_1860115/wastesorting/gamma_0-90/scene_05/run_3/exp_wastesorting_20260917_013321_597689.txt,b49bcac4c05b5e90058b56875da2f9100a3d9f18ac4b4c185525dd093de9a328,ok,1,11,12,1.6794,10.0,GOAL DONE,0.9,100,0.8,2026-09-17 01:33:21
371,wastesorting,0.95,05,3,1000095,experiments_logs/gamma/20260917_010622_1860115/wastesorting/gamma_0-95/scene_05/run_3/exp_wastesorting_20260917_013323_722154.txt,99534e3dfae2c9c12469c448feb2db559a954105bd93b83e0086bdf7c493fac3,ok,1,12,12,2.0024,15.0,GOAL DONE,0.95,100,0.8,2026-09-17 01:33:23
372,wastesorting,0.99,05,3,1000095,experiments_logs/gamma/20260917_010622_1860115/wastesorting/gamma_0-99/scene_05/run_3/exp_wastesorting_20260917_013326_083599.txt,65f673c9796ee484f9918c13e5159afd5e0b8ab5951697397a45eb070cafedeb,ok,1,19,14,2.2352,20.0,GOAL DONE,0.99,100,0.8,2026-09-17 01:33:26
373,wastesorting,0.8,05,4,1000096,experiments_logs/gamma/20260917_010622_1860115/wastesorting/gamma_0-80/scene_05/run_4/exp_wastesorting_20260917_013327_733795.txt,c58a9212f809be33851d37dd536bff2ac677762d7d5232436afb7ae855604747,ok,1,12,11,1.5228,15.0,GOAL DONE,0.8,100,0.8,2026-09-17 01:33:27
374,wastesorting,0.9,05,4,1000096,experiments_logs/gamma/20260917_010622_1860115/wastesorting/gamma_0-90/scene_05/run_4/exp_wastesorting_20260917_013329_434474.txt,b1724a781671e2410da9f9278f7f7bc82749d7ccaca165769c59869b56c6b8d7,ok,1,12,11,1.5823,10.0,GOAL DONE,0.9,100,0.8,2026-09-17 01:33:29
375,wastesorting,0.95,05,4,1000096,experiments_logs/gamma/20260917_010622_1860115/wastesorting/gamma_0-95/scene_05/run_4/exp_wastesorting_20260917_013331_073119.txt,04917d33682dda97d717deca8053aee01a97f1d11eea356645545bee47d8ab74,ok,1,11,11,1.5175,15.0,GOAL DONE,0.95,100,0.8,2026-09-17 01:33:31
376,wastesorting,0.99,05,4,1000096,experiments_logs/gamma/20260917_010622_1860115/wastesorting/gamma_0-99/scene_05/run_4/exp_wastesorting_20260917_013332_984890.txt,56de1b14d2fc89b0fed377983e34f428b66a857311c10ae3f7b579aa992b003a,ok,1,18,14,1.7889,5.0,GOAL DONE,0.99,100,0.8,2026-09-17 01:33:32
377,wastesorting,0.8,05,5,1000097,experiments_logs/gamma/20260917_010622_1860115/wastesorting/gamma_0-80/scene_05/run_5/exp_wastesorting_20260917_013334_575179.txt,0ff9c67bd04b74ccc3c21db2b38acb00cafe5ddd71d25d4e17c1d36b8d8179da,ok,1,9,10,1.465,15.0,GOAL DONE,0.8,100,0.8,2026-09-17 01:33:34
378,wastesorting,0.9,05,5,1000097,experiments_logs/gamma/20260917_010622_1860115/wastesorting/gamma_0-90/scene_05/run_5/exp_wastesorting_20260917_013336_258628.txt,222f8e36ca225c7dfc3d86c16fcefeda14cf745b14c89fd2fdcc555af279b377,ok,1,11,11,1.561,10.0,GOAL DONE,0.9,100,0.8,2026-09-17 01:33:36
379,wastesorting,0.95,05,5,1000097,experiments_logs/gamma/20260917_010622_1860115/wastesorting/gamma_0-95/scene_05/run_5/exp_wastesorting_20260917_013338_384683.txt,274eb7186b055f9b2b4a9d20abc6b5da7ef73d0964b13e662321c0e6de422c8c,ok,1,12,11,2.0028,15.0,GOAL DONE,0.95,100,0.8,2026-09-17 01:33:38
380,wastesorting,0.99,05,5,1000097,experiments_logs/gamma/20260917_010622_1860115/wastesorting/gamma_0-99/scene_05/run_5/exp_wastesorting_20260917_013340_628019.txt,d0b9a3c40fbeed727723e7420d6f37c43109ad99bfa8285cb9dd41071ccaa7be,ok,1,16,12,2.1183,0.0,GOAL DONE,0.99,100,0.8,2026-09-17 01:33:40
381,wastesorting,0.8,05,6,1000098,experiments_logs/gamma/20260917_010622_1860115/wastesorting/gamma_0-80/scene_05/run_6/exp_wastesorting_20260917_013342_229053.txt,60059329e054bd6d7b8fffe0cbaf3c4e2429258dec606c2937b34d86c9c78b18,ok,1,9,10,1.4805,10.0,GOAL DONE,0.8,100,0.8,2026-09-17 01:33:42
382,wastesorting,0.9,05,6,1000098,experiments_logs/gamma/20260917_010622_1860115/wastesorting/gamma_0-90/scene_05/run_6/exp_wastesorting_20260917_013344_011681.txt,d3ac18634545fb75684f46cadf72da99f33e79329e4061e852e8ecf4e9a575e0,ok,1,16,11,1.66,5.0,GOAL DONE,0.9,100,0.8,2026-09-17 01:33:44
383,wastesorting,0.95,05,6,1000098,experiments_logs/gamma/20260917_010622_1860115/wastesorting/gamma_0-95/scene_05/run_6/exp_wastesorting_20260917_013345_877672.txt,466b17a4d440c6a1d12f96eec1ecf3d6232dc7c4d546e717a7262badf0066373,ok,1,18,12,1.7398,10.0,GOAL DONE,0.95,100,0.8,2026-09-17 01:33:45
384,wastesorting,0.99,05,6,1000098,experiments_logs/gamma/20260917_010622_1860115/wastesorting/gamma_0-99/scene_05/run_6/exp_wastesorting_20260917_013347_817771.txt,1079d5c52c0f244bd36bd322d2ecfd101c83b31cb1bb38282f91626169c4783b,ok,1,17,13,1.8191,25.0,GOAL DONE,0.99,100,0.8,2026-09-17 01:33:47
385,wastesorting,0.8,05,7,1000099,experiments_logs/gamma/20260917_010622_1860115/wastesorting/gamma_0-80/scene_05/run_7/exp_wastesorting_20260917_013349_356424.txt,8f8e658124481a9d46a4002cb3283d4e2d3986f9213c43bdc92d45879bc73fb4,ok,1,6,10,1.4393,15.0,GOAL DONE,0.8,100,0.8,2026-09-17 01:33:49
386,wastesorting,0.9,05,7,1000099,experiments_logs/gamma/20260917_010622_1860115/wastesorting/gamma_0-90/scene_05/run_7/exp_wastesorting_20260917_013351_618343.txt,84fdb99f11e84ab75c40c358eb4cb1ee020f844e1dd876d7287cef9d536d92a2,ok,1,17,13,2.14,5.0,GOAL DONE,0.9,100,0.8,2026-09-17 01:33:51
387,wastesorting,0.95,05,7,1000099,experiments_logs/gamma/20260917_010622_1860115/wastesorting/gamma_0-95/scene_05/run_7/exp_wastesorting_20260917_013353_261989.txt,ddec96394057afab28af55b776bd1c841437816c7c986a8caa684a37a51293a8,ok,1,8,11,1.5222,20.0,GOAL DONE,0.95,100,0.8,2026-09-17 01:33:53
388,wastesorting,0.99,05,7,1000099,experiments_logs/gamma/20260917_010622_1860115/wastesorting/gamma_0-99/scene_05/run_7/exp_wastesorting_20260917_013354_898924.txt,e62dff740a1cda953efff8d2c4509641921e74ca6beb49b3dcb8b932e50f58da,ok,1,10,12,1.5107,5.0,GOAL DONE,0.99,100,0.8,2026-09-17 01:33:54
389,wastesorting,0.8,05,8,1000100,experiments_logs/gamma/20260917_010622_1860115/wastesorting/gamma_0-80/scene_05/run_8/exp_wastesorting_20260917_013357_021713.txt,0e134e14eca47d04d3a5fa07d1145b9e35e7cab1c8811b97cefeffc68bc477fc,ok,1,11,11,1.9981,15.0,GOAL DONE,0.8,100,0.8,2026-09-17 01:33:57
390,wastesorting,0.9,05,8,1000100,experiments_logs/gamma/20260917_010622_1860115/wastesorting/gamma_0-90/scene_05/run_8/exp_wastesorting_20260917_013359_330271.txt,4342730f6baf431a732e7c35ddc7bea92841d767c270a35746fd94899cbe3434,ok,1,15,12,2.1813,0.0,GOAL DONE,0.9,100,0.8,2026-09-17 01:33:59
391,wastesorting,0.95,05,8,1000100,experiments_logs/gamma/20260917_010622_1860115/wastesorting/gamma_0-95/scene_05/run_8/exp_wastesorting_20260917_013401_715178.txt,984f944573fce9e7dd71e5299f5dff7e52e813f3f280a1353a8efcf9387f786a,ok,1,18,14,2.2602,0.0,GOAL DONE,0.95,100,0.8,2026-09-17 01:34:01
392,wastesorting,0.99,05,8,1000100,experiments_logs/gamma/20260917_010622_1860115/wastesorting/gamma_0-99/scene_05/run_8/exp_wastesorting_20260917_013403_917297.txt,fb618bf1ff6046a3d1b8cf683747d512037588ad6730506c18e073a8aca60675,ok,1,15,13,2.0812,15.0,GOAL DONE,0.99,100,0.8,2026-09-17 01:34:03
393,wastesorting,0.8,05,9,1000101,experiments_logs/gamma/20260917_010622_1860115/wastesorting/gamma_0-80/scene_05/run_9/exp_wastesorting_20260917_013405_433553.txt,9a7fb0f26401d5ac185d5a8521bd2f5e9b13e8688b9341cb21a9262aff309945,ok,1,9,10,1.3918,15.0,GOAL DONE,0.8,100,0.8,2026-09-17 01:34:05
394,wastesorting,0.9,05,9,1000101,experiments_logs/gamma/20260917_010622_1860115/wastesorting/gamma_0-90/scene_05/run_9/exp_wastesorting_20260917_013407_090970.txt,0c116238ec4baddf05e752a99243a314b89006dd6b409fabf39f58a8fa525775,ok,1,8,10,1.5301,20.0,GOAL DONE,0.9,100,0.8,2026-09-17 01:34:07
395,wastesorting,0.95,05,9,1000101,experiments_logs/gamma/20260917_010622_1860115/wastesorting/gamma_0-95/scene_05/run_9/exp_wastesorting_20260917_013409_062470.txt,9f7c9ec70265ee1c936c5dfae2b2bdfaa70c3d2345d96184d50e73cc82c5da76,ok,1,18,13,1.8487,10.0,GOAL DONE,0.95,100,0.8,2026-09-17 01:34:09
396,wastesorting,0.99,05,9,1000101,experiments_logs/gamma/20260917_010622_1860115/wastesorting/gamma_0-99/scene_05/run_9/exp_wastesorting_20260917_013410_803275.txt,5697cdf35a8181dcf346ecdf2c02a6d86535e48b6896b0009815486af749258f,ok,1,12,12,1.6151,10.0,GOAL DONE,0.99,100,0.8,2026-09-17 01:34:10
397,wastesorting,0.8,05,10,1000102,experiments_logs/gamma/20260917_010622_1860115/wastesorting/gamma_0-80/scene_05/run_10/exp_wastesorting_20260917_013412_590068.txt,bf9a47d38114aedcaa626906ab2ec9109b8295637461ec8e61e141a4c38e6bb1,ok,1,10,11,1.6651,10.0,GOAL DONE,0.8,100,0.8,2026-09-17 01:34:12
398,wastesorting,0.9,05,10,1000102,experiments_logs/gamma/20260917_010622_1860115/wastesorting/gamma_0-90/scene_05/run_10/exp_wastesorting_20260917_013414_519973.txt,bd77ecfba548523e4e21dc1dff19c1ea511ba4f07a86e57b207cdbde8040adfe,ok,1,15,13,1.8043,20.0,GOAL DONE,0.9,100,0.8,2026-09-17 01:34:14
399,wastesorting,0.95,05,10,1000102,experiments_logs/gamma/20260917_010622_1860115/wastesorting/gamma_0-95/scene_05/run_10/exp_wastesorting_20260917_013416_442052.txt,1121b52c9c7ce980ddae7c900837743ad20176268d29730c98c0c459ea17efb9,ok,1,18,12,1.7992,5.0,GOAL DONE,0.95,100,0.8,2026-09-17 01:34:16
400,wastesorting,0.99,05,10,1000102,experiments_logs/gamma/20260917_010622_1860115/wastesorting/gamma_0-99/scene_05/run_10/exp_wastesorting_20260917_013418_346774.txt,5d2669f38463129a69d2e9b673e09eab91ec3dd77d41bf45d941956ae4ef8fe8,ok,1,14,13,1.7842,15.0,GOAL DONE,0.99,100,0.8,2026-09-17 01:34:18
