source,copy,sha256
collect_exp/logs/03_BRL_TOMATO/logs/master/20261001_202435_gui_knowno_scene1/planner_experiments/exp_tomato_20261001_202607_627561.txt,00_raw/tomato/20261001_202435_gui_knowno_scene1/exp_tomato_20261001_202607_627561.txt,2666e4b36a2ad27dcfb1ad681f3ae5008e0de273fd8bbb06bf7208a7edf1d35d
collect_exp/logs/03_BRL_TOMATO/logs/master/20261001_202435_gui_knowno_scene1/feedback_manager.log,00_raw/tomato/20261001_202435_gui_knowno_scene1/feedback_manager.log,cd99994e4f170c3d2dcf5b2def5cc0d707bcc13719322143334ddaf402009eb0
collect_exp/logs/03_BRL_TOMATO/logs/master/20261001_202435_gui_knowno_scene1/planner.log,00_raw/tomato/20261001_202435_gui_knowno_scene1/planner.log,7dc69d9dd9a7cce9dc93442bce7541254109ef6f94244dba66afb6e9896454e2
collect_exp/logs/03_BRL_TOMATO/logs/master/20261001_202632_gui/planner_experiments/exp_tomato_20261001_203047_127166.txt,00_raw/tomato/20261001_202632_gui/exp_tomato_20261001_203047_127166.txt,697d8c11eaeb5c5834e9cc8ee0717de22a183cfb2f8d4025c265ce26d527ff4e
collect_exp/logs/03_BRL_TOMATO/logs/master/20261001_202632_gui/feedback_manager.log,00_raw/tomato/20261001_202632_gui/feedback_manager.log,5c9c509fbbe094edbc5fe38d79607e85c77cf7ff89803062a93048acd06fa386
collect_exp/logs/03_BRL_TOMATO/logs/master/20261001_202632_gui/planner.log,00_raw/tomato/20261001_202632_gui/planner.log,50281212d6daa0e67d12968c04a33ba7d986ccad0819e0dc01f5ed0b1d04d218
collect_exp/logs/03_BRL_TOMATO/logs/master/20261001_203125_gui/planner_experiments/exp_tomato_20261001_203514_983504.txt,00_raw/tomato/20261001_203125_gui/exp_tomato_20261001_203514_983504.txt,f031eaeb03f7c66a9f2eb51c4f81870d28b6b811efdd05d8d5443c6d03d18b5e
collect_exp/logs/03_BRL_TOMATO/logs/master/20261001_203125_gui/feedback_manager.log,00_raw/tomato/20261001_203125_gui/feedback_manager.log,81d6fa8c726d4bb931e39ef89d6c23a9e37891771f660aed73c4d91c77e3ee1c
collect_exp/logs/03_BRL_TOMATO/logs/master/20261001_203125_gui/planner.log,00_raw/tomato/20261001_203125_gui/planner.log,998de9d32a7d326a1ddefba990bc3bd705796c85424bba641b0abf1490aa763d
collect_exp/logs/03_BRL_TOMATO/logs/master/20261001_203545_gui/planner_experiments/exp_tomato_20261001_203722_162209.txt,00_raw/tomato/20261001_203545_gui/exp_tomato_20261001_203722_162209.txt,a36ab30d41a13ed6cccc9151bdaf44c7f923266a489075b2d899c828621116a9
collect_exp/logs/03_BRL_TOMATO/logs/master/20261001_203545_gui/feedback_manager.log,00_raw/tomato/20261001_203545_gui/feedback_manager.log,0ba38e11b7a38cac581580977d86ebb3bb7bfbf4b9e86557a73306f03baa1445
collect_exp/logs/03_BRL_TOMATO/logs/master/20261001_203545_gui/planner.log,00_raw/tomato/20261001_203545_gui/planner.log,66f028371169814d0c3d4fb13f1a3d59a22e06a95691bf48590978ab5b08bc23
collect_exp/logs/03_BRL_TOMATO/logs/master/20261001_203742_gui/planner_experiments/exp_tomato_20261001_204118_951054.txt,00_raw/tomato/20261001_203742_gui/exp_tomato_20261001_204118_951054.txt,c8116912b5d73e5157a8b8b929caa7f778d6b7de58c96ecbd8a95c5b692a04c4
collect_exp/logs/03_BRL_TOMATO/logs/master/20261001_203742_gui/feedback_manager.log,00_raw/tomato/20261001_203742_gui/feedback_manager.log,1070825119a7addbf001f51f4f5cca0f4af04380b385bee0889a1a048b3171be
collect_exp/logs/03_BRL_TOMATO/logs/master/20261001_203742_gui/planner.log,00_raw/tomato/20261001_203742_gui/planner.log,133af409b2a818d6139cfdf1a5915a736c6315d0918ad2247c9fa9f0930f615f
collect_exp/logs/03_BRL_TOMATO/logs/master/20261001_204135_gui/planner_experiments/exp_tomato_20261001_204528_378041.txt,00_raw/tomato/20261001_204135_gui/exp_tomato_20261001_204528_378041.txt,cbae36d83f782d3543044615e6117a3f91bcabfac3122e90566bfb2ee99b0309
collect_exp/logs/03_BRL_TOMATO/logs/master/20261001_204135_gui/feedback_manager.log,00_raw/tomato/20261001_204135_gui/feedback_manager.log,696c1a9ea29a376871f176b5bba799667f710f8824ab259405791fa6f60dd5a0
collect_exp/logs/03_BRL_TOMATO/logs/master/20261001_204135_gui/planner.log,00_raw/tomato/20261001_204135_gui/planner.log,37d0ff155df648d3d6d384b6c1f88a1fb78f45795937ba2d926ae7b52c0d05ec
collect_exp/logs/03_BRL_TOMATO/logs/master/20261001_204546_gui/planner_experiments/exp_tomato_20261001_204821_702731.txt,00_raw/tomato/20261001_204546_gui/exp_tomato_20261001_204821_702731.txt,1275770ee546f5e69e4c53fb4d9ac09dd4ee31d6484e3372e074cadbcc4c9d4f
collect_exp/logs/03_BRL_TOMATO/logs/master/20261001_204546_gui/feedback_manager.log,00_raw/tomato/20261001_204546_gui/feedback_manager.log,2edeec06a0a9cd62dabbfde48943586b9971f926d30b2aa10a5638124d9b8da2
collect_exp/logs/03_BRL_TOMATO/logs/master/20261001_204546_gui/planner.log,00_raw/tomato/20261001_204546_gui/planner.log,661a627dc29dd8c3c54a4f7ca00475dd0a010826863c2b214084e6642aae864a
collect_exp/logs/03_BRL_TOMATO/logs/master/20261001_204831_gui/planner_experiments/exp_tomato_20261001_205056_723613.txt,00_raw/tomato/20261001_204831_gui/exp_tomato_20261001_205056_723613.txt,e4925215ca3025633110b28d02bfb1735f0952e3ed4026d65fce9acdee4b6d30
collect_exp/logs/03_BRL_TOMATO/logs/master/20261001_204831_gui/feedback_manager.log,00_raw/tomato/20261001_204831_gui/feedback_manager.log,39826cd744907689fb51118c73d6877ceeb35dacb7573af2c167a0f5f13e307e
collect_exp/logs/03_BRL_TOMATO/logs/master/20261001_204831_gui/planner.log,00_raw/tomato/20261001_204831_gui/planner.log,1e060a81920bf8d644674cd97ce823b4330e42b2df64c5dc6fdd537d8566000a
collect_exp/logs/03_BRL_TOMATO/logs/master/20261001_205101_gui/planner_experiments/exp_tomato_20261001_205554_683162.txt,00_raw/tomato/20261001_205101_gui/exp_tomato_20261001_205554_683162.txt,f025a48d0eb541d03a85a4bdd37a198e35958c9c4d23b1aab0f89577a720b022
collect_exp/logs/03_BRL_TOMATO/logs/master/20261001_205101_gui/feedback_manager.log,00_raw/tomato/20261001_205101_gui/feedback_manager.log,a37e5f3ab577dfe7392840c5d7b1d9b3b782d07d2f41fe02190eb4511efc1c51
collect_exp/logs/03_BRL_TOMATO/logs/master/20261001_205101_gui/planner.log,00_raw/tomato/20261001_205101_gui/planner.log,51dadd3780aad79ce32f2d0afa3a41a29221e6b5ecbb6d0763ef6813ca4237db
collect_exp/logs/03_BRL_TOMATO/logs/master/20261001_205602_gui/planner_experiments/exp_tomato_20261001_205927_499711.txt,00_raw/tomato/20261001_205602_gui/exp_tomato_20261001_205927_499711.txt,a0769d8d2ae732624f52224159a995d2a0b9fec89aa945073aae931dc33236b5
collect_exp/logs/03_BRL_TOMATO/logs/master/20261001_205602_gui/feedback_manager.log,00_raw/tomato/20261001_205602_gui/feedback_manager.log,40a9cb3c273104c4b249dc07892643cdacc00d3dc82b116678d1e13faa670211
collect_exp/logs/03_BRL_TOMATO/logs/master/20261001_205602_gui/planner.log,00_raw/tomato/20261001_205602_gui/planner.log,a1e75225710239a51da1eb9fc7b3f1f5ee87fc42c29d009e6e2687d28942cd9f
collect_exp/logs/03_BRL_TOMATO/logs/master/20261001_210149_gui_pomdp_scene1/planner_experiments/exp_tomato_20261001_210536_875502.txt,00_raw/tomato/20261001_210149_gui_pomdp_scene1/exp_tomato_20261001_210536_875502.txt,5c658c94107caad2e78df2ab1087b0ae40a0e4c379f5261263fa4cd8d5c35d97
collect_exp/logs/03_BRL_TOMATO/logs/master/20261001_210149_gui_pomdp_scene1/feedback_manager.log,00_raw/tomato/20261001_210149_gui_pomdp_scene1/feedback_manager.log,359a8c6685f9316cf45e839b0956602a163d03d2d25a9f25f89999f70a34bd1c
collect_exp/logs/03_BRL_TOMATO/logs/master/20261001_210149_gui_pomdp_scene1/planner.log,00_raw/tomato/20261001_210149_gui_pomdp_scene1/planner.log,0d4e8766dfa3b0e2131c68af922076cdf3e80d8520a35f371125b7924d10b7c6
collect_exp/logs/03_BRL_TOMATO/logs/master/20261001_210716_gui/planner_experiments/exp_tomato_20261001_211043_594979.txt,00_raw/tomato/20261001_210716_gui/exp_tomato_20261001_211043_594979.txt,04fea1634db6173b5eb14524a78589dde8e6e85438232f6380b7d405f1f60670
collect_exp/logs/03_BRL_TOMATO/logs/master/20261001_210716_gui/feedback_manager.log,00_raw/tomato/20261001_210716_gui/feedback_manager.log,09d206ca5b47ae47f6d019b6c5bae13cf46aece80b5638fe3ee2d2be0250c381
collect_exp/logs/03_BRL_TOMATO/logs/master/20261001_210716_gui/planner.log,00_raw/tomato/20261001_210716_gui/planner.log,bb81d47688f2e366755e8d12e8c3b1890187de7d4916fede4e69966aced7c740
collect_exp/logs/03_BRL_TOMATO/logs/master/20261001_212201_gui/planner_experiments/exp_tomato_20261001_213613_309338.txt,00_raw/tomato/20261001_212201_gui/exp_tomato_20261001_213613_309338.txt,213c674db0a536eb82693fdc2e3110ed144d812a22693201382adefaf1671cdf
collect_exp/logs/03_BRL_TOMATO/logs/master/20261001_212201_gui/feedback_manager.log,00_raw/tomato/20261001_212201_gui/feedback_manager.log,91004d31d10f4e1f6c816c5c69cfe774d43e5efec63a082ccfdfe5def32647f2
collect_exp/logs/03_BRL_TOMATO/logs/master/20261001_212201_gui/planner.log,00_raw/tomato/20261001_212201_gui/planner.log,9f4faf9c231a634b30a649eea346a6a142b5977a1d5ca0042afb1c6d96f6515e
collect_exp/logs/03_BRL_TOMATO/logs/master/20261001_213621_gui/planner_experiments/exp_tomato_20261001_213947_886451.txt,00_raw/tomato/20261001_213621_gui/exp_tomato_20261001_213947_886451.txt,d1d6095e4e9d8edecbca3b453c06cfe211898be55f4f33074ee3efaf40626597
collect_exp/logs/03_BRL_TOMATO/logs/master/20261001_213621_gui/feedback_manager.log,00_raw/tomato/20261001_213621_gui/feedback_manager.log,cc5f8b868c9dc486061114debc766c50a343090c9e3b9f319efa23db626259b3
collect_exp/logs/03_BRL_TOMATO/logs/master/20261001_213621_gui/planner.log,00_raw/tomato/20261001_213621_gui/planner.log,097fa267ae941ba26414205fb8b0e028070eb77df1d68666ad778003b0393986
collect_exp/logs/03_BRL_TOMATO/logs/master/20261001_214018_gui/planner_experiments/exp_tomato_20261001_214344_858540.txt,00_raw/tomato/20261001_214018_gui/exp_tomato_20261001_214344_858540.txt,954f91fd4d8ac7b99e99244762275e5bdac9472d039f47ee44211a9abd15a0c3
collect_exp/logs/03_BRL_TOMATO/logs/master/20261001_214018_gui/feedback_manager.log,00_raw/tomato/20261001_214018_gui/feedback_manager.log,67a7d24911c3ca1d5b1a5e2f5d8dc581960be14f7b3713fe3b1f99e6aab91f0b
collect_exp/logs/03_BRL_TOMATO/logs/master/20261001_214018_gui/planner.log,00_raw/tomato/20261001_214018_gui/planner.log,e5739f29d43e1624ee6cc0f6455ddebe087d39fafdb47cfeb597482c77349ab0
collect_exp/logs/03_BRL_TOMATO/logs/master/20261001_214611_gui/planner_experiments/exp_tomato_20261001_214826_100661.txt,00_raw/tomato/20261001_214611_gui/exp_tomato_20261001_214826_100661.txt,8ac66b1344f4d25d870177f9519e6cbaf16d5c95b596efe4ee674c9216a531c9
collect_exp/logs/03_BRL_TOMATO/logs/master/20261001_214611_gui/feedback_manager.log,00_raw/tomato/20261001_214611_gui/feedback_manager.log,933b1105ceaf20ef65c0adf475d5dcedf0877995b8589e5e4b01ddccb4562076
collect_exp/logs/03_BRL_TOMATO/logs/master/20261001_214611_gui/planner.log,00_raw/tomato/20261001_214611_gui/planner.log,3678bba10d078ff246a39b50f7e781b1987c9544e07a38f076c589d94a14d2aa
collect_exp/logs/03_BRL_TOMATO/logs/master/20261001_214857_gui/planner_experiments/exp_tomato_20261001_215207_938939.txt,00_raw/tomato/20261001_214857_gui/exp_tomato_20261001_215207_938939.txt,7c2865ea2a98806781139d4936c7e8a39f24f3a2828c20c4534a37748239086f
collect_exp/logs/03_BRL_TOMATO/logs/master/20261001_214857_gui/feedback_manager.log,00_raw/tomato/20261001_214857_gui/feedback_manager.log,0d3d9c4c9abefdd2f4b6114e51fa5e648c153f48ad58f5086ac0ca44fdee9fe5
collect_exp/logs/03_BRL_TOMATO/logs/master/20261001_214857_gui/planner.log,00_raw/tomato/20261001_214857_gui/planner.log,aab8d02ce038bbde60ee0965596f597114fb710a246f0ecbf2643f599efcae7d
collect_exp/logs/03_BRL_TOMATO/logs/master/20261001_215222_gui/planner_experiments/exp_tomato_20261001_215546_802422.txt,00_raw/tomato/20261001_215222_gui/exp_tomato_20261001_215546_802422.txt,980750aeb69c784b7293dbe958b8ea321f734627db56a889aeb26d68ff068677
collect_exp/logs/03_BRL_TOMATO/logs/master/20261001_215222_gui/feedback_manager.log,00_raw/tomato/20261001_215222_gui/feedback_manager.log,6c4c0727420418eb974e0eb2fb8a0f5f1841bf0f9c3c7c11b89102a35398ae3f
collect_exp/logs/03_BRL_TOMATO/logs/master/20261001_215222_gui/planner.log,00_raw/tomato/20261001_215222_gui/planner.log,d356afa089ee601f7fb9594e8d5a6038027f5c1a5b52be49b5276940545dabcd
collect_exp/logs/03_BRL_TOMATO/logs/master/20261001_223050_gui/planner_experiments/exp_tomato_20261001_223432_464646.txt,00_raw/tomato/20261001_223050_gui/exp_tomato_20261001_223432_464646.txt,a8b5cff64e332da863ea376dac766c63719c9cadd9d8e7dc94b121a771f2c1d5
collect_exp/logs/03_BRL_TOMATO/logs/master/20261001_223050_gui/feedback_manager.log,00_raw/tomato/20261001_223050_gui/feedback_manager.log,39de4dec4d1389e81f426e529b4bbacfcdac232a27d9c9630e12eb27d394e314
collect_exp/logs/03_BRL_TOMATO/logs/master/20261001_223050_gui/planner.log,00_raw/tomato/20261001_223050_gui/planner.log,e3a37ee872b37045eb16f5a67e4f7ad40808e69cb119298a7d6a4febc2b36bf6
collect_exp/logs/03_BRL_TOMATO/logs/master/20261001_223603_gui/planner_experiments/exp_tomato_20261001_223937_569971.txt,00_raw/tomato/20261001_223603_gui/exp_tomato_20261001_223937_569971.txt,519b7bb9344787c89aa2ce49d43fc5de16a77d4b3d38f7d7e6542d63007b5538
collect_exp/logs/03_BRL_TOMATO/logs/master/20261001_223603_gui/feedback_manager.log,00_raw/tomato/20261001_223603_gui/feedback_manager.log,64227d7057329879bc86bdfddeeae2fac8b64aa7df79faabff05196dfc0653f8
collect_exp/logs/03_BRL_TOMATO/logs/master/20261001_223603_gui/planner.log,00_raw/tomato/20261001_223603_gui/planner.log,4fdd6b527d08ee915a8a92b72b0300503d348f49847cc31ee9e9f9530bb4397a
collect_exp/logs/03_BRL_TOMATO/logs/master/20261001_224024_gui_pomdp_scene2/planner_experiments/exp_tomato_20261001_224336_361397.txt,00_raw/tomato/20261001_224024_gui_pomdp_scene2/exp_tomato_20261001_224336_361397.txt,81a529faa14483246efb85e0ea3252e458af4103122d9c54b1094b5bd65bfe8f
collect_exp/logs/03_BRL_TOMATO/logs/master/20261001_224024_gui_pomdp_scene2/feedback_manager.log,00_raw/tomato/20261001_224024_gui_pomdp_scene2/feedback_manager.log,a94454b9dff8e80da3929f943af06e5635ccb9686b3a3b5b5180150f8656336c
collect_exp/logs/03_BRL_TOMATO/logs/master/20261001_224024_gui_pomdp_scene2/planner.log,00_raw/tomato/20261001_224024_gui_pomdp_scene2/planner.log,3d7d12f861c689e1728491bb26e2cb7004be7d77f120df08cd0f96a14bdcf5f5
collect_exp/logs/03_BRL_TOMATO/logs/master/20261001_224706_gui/planner_experiments/exp_tomato_20261001_225019_735655.txt,00_raw/tomato/20261001_224706_gui/exp_tomato_20261001_225019_735655.txt,f2f6cb3b10ac1df75cefc50e1d9bc0da342fdd50caf0dbd4dd0dd0eb2b19166f
collect_exp/logs/03_BRL_TOMATO/logs/master/20261001_224706_gui/feedback_manager.log,00_raw/tomato/20261001_224706_gui/feedback_manager.log,d0a7243b250822700f492f843590b29aa8d8005515cb46260ad386cc8058ed2d
collect_exp/logs/03_BRL_TOMATO/logs/master/20261001_224706_gui/planner.log,00_raw/tomato/20261001_224706_gui/planner.log,7a1e557433ae56305988271df002fe30ef8343cd51d1f6eaf8ae4c5342a68d5e
collect_exp/logs/03_BRL_TOMATO/logs/master/20261001_225035_gui/planner_experiments/exp_tomato_20261001_225357_728477.txt,00_raw/tomato/20261001_225035_gui/exp_tomato_20261001_225357_728477.txt,23ceec3b8f5253cfc3b39df6f42604ba258f71a33d4b785d0ae4b4aa51b6a112
collect_exp/logs/03_BRL_TOMATO/logs/master/20261001_225035_gui/feedback_manager.log,00_raw/tomato/20261001_225035_gui/feedback_manager.log,a28fd18beaa332bd21f3e6cd66e3038423badd64ea2910d8073e9ce025dfdcdb
collect_exp/logs/03_BRL_TOMATO/logs/master/20261001_225035_gui/planner.log,00_raw/tomato/20261001_225035_gui/planner.log,6d0901fbe07fdb571bec1b30cd1f6e37ec3150337db5efa5b10ac207379949ec
collect_exp/logs/03_BRL_TOMATO/logs/master/20261001_225627_gui/planner_experiments/exp_tomato_20261001_230047_572998.txt,00_raw/tomato/20261001_225627_gui/exp_tomato_20261001_230047_572998.txt,c0b02be1165a9703de95e33fe40c30412b7d4a0d7458c54204999bab04f213e3
collect_exp/logs/03_BRL_TOMATO/logs/master/20261001_225627_gui/feedback_manager.log,00_raw/tomato/20261001_225627_gui/feedback_manager.log,90576d1e5714d6f222ba063e37c129c25118bee857bb4edd27bb76f6ffe901bf
collect_exp/logs/03_BRL_TOMATO/logs/master/20261001_225627_gui/planner.log,00_raw/tomato/20261001_225627_gui/planner.log,471d07b4b66b4ff8a28874e289cecde43d0c52425e89152403a39362d6275bee
collect_exp/logs/03_BRL_TOMATO/logs/master/20261002_092931_gui/planner_experiments/exp_tomato_20261002_093314_445710.txt,00_raw/tomato/20261002_092931_gui/exp_tomato_20261002_093314_445710.txt,303a29037fb1f5be74ab09db3300c9c8f2424c8dbf6fefc590fea8af07f8eb4c
collect_exp/logs/03_BRL_TOMATO/logs/master/20261002_092931_gui/feedback_manager.log,00_raw/tomato/20261002_092931_gui/feedback_manager.log,6ffb700e20cbbf327c1033c3e1583cfe31db48a3da4c8546b67c501c2fda5729
collect_exp/logs/03_BRL_TOMATO/logs/master/20261002_092931_gui/planner.log,00_raw/tomato/20261002_092931_gui/planner.log,59ab7657f35ac52e22d256bfcc3c80058914db79879cebde974df127a852ca73
collect_exp/logs/03_BRL_TOMATO/logs/master/20261002_093343_gui/planner_experiments/exp_tomato_20261002_093737_537055.txt,00_raw/tomato/20261002_093343_gui/exp_tomato_20261002_093737_537055.txt,ce72e77b23d6dd773594fc3ca7ba8a483d881ed19b6fec44f9c82675df9e3286
collect_exp/logs/03_BRL_TOMATO/logs/master/20261002_093343_gui/feedback_manager.log,00_raw/tomato/20261002_093343_gui/feedback_manager.log,5e0f9be148faffe4f38a333a14e6c984375c5395ca73fe877543d2478a5ca15d
collect_exp/logs/03_BRL_TOMATO/logs/master/20261002_093343_gui/planner.log,00_raw/tomato/20261002_093343_gui/planner.log,2cf94f2d30cde71306e6f4f6e9f8ce28efe6d270a56978f5c0b1ce10a6cbdae6
collect_exp/logs/03_BRL_TOMATO/logs/master/20261002_093823_gui/planner_experiments/exp_tomato_20261002_094137_751567.txt,00_raw/tomato/20261002_093823_gui/exp_tomato_20261002_094137_751567.txt,5d3cd52257cb47e5e0580ac11b66985085d67c3955e20ddefc5c552baeb08869
collect_exp/logs/03_BRL_TOMATO/logs/master/20261002_093823_gui/feedback_manager.log,00_raw/tomato/20261002_093823_gui/feedback_manager.log,a5b714e486ecde1c5bbdbec10d32a2675345c2472d8e63d729e28c7da55cf9c4
collect_exp/logs/03_BRL_TOMATO/logs/master/20261002_093823_gui/planner.log,00_raw/tomato/20261002_093823_gui/planner.log,a4cd94eadcc04dbd22856cdd8c646ddf9a9e6cf6041d081fb039263bc4fc54b6
collect_exp/logs/03_BRL_TOMATO/logs/master/20261002_094153_gui/planner_experiments/exp_tomato_20261002_094526_489511.txt,00_raw/tomato/20261002_094153_gui/exp_tomato_20261002_094526_489511.txt,479cf38e46a43ba7b88bb0ba4b170b4a528c78c4def505755ac06df5ef02a22e
collect_exp/logs/03_BRL_TOMATO/logs/master/20261002_094153_gui/feedback_manager.log,00_raw/tomato/20261002_094153_gui/feedback_manager.log,a9eafa158ef76494d0606613d186ff5e2fb3ef5f3f613ceb3bf26da0fd2142c4
collect_exp/logs/03_BRL_TOMATO/logs/master/20261002_094153_gui/planner.log,00_raw/tomato/20261002_094153_gui/planner.log,738bcc18cc433e13b17ee4b1573936f261f156963be016dade497773d10be4c2
collect_exp/logs/03_BRL_TOMATO/logs/master/20261002_094550_gui/planner_experiments/exp_tomato_20261002_094916_136592.txt,00_raw/tomato/20261002_094550_gui/exp_tomato_20261002_094916_136592.txt,6481d0edae26ea533008d57ade10528d323644dc1a799280a09de629e5b7ceaa
collect_exp/logs/03_BRL_TOMATO/logs/master/20261002_094550_gui/feedback_manager.log,00_raw/tomato/20261002_094550_gui/feedback_manager.log,5b3e615ae92e564bc09ad6a9286e37aa1096758798ebac16fcc41594e7a8d455
collect_exp/logs/03_BRL_TOMATO/logs/master/20261002_094550_gui/planner.log,00_raw/tomato/20261002_094550_gui/planner.log,1ea59a190ccaa09b6ec9a6c4f3c681bcf1cec58bf82975d45fedbdfdf1d415eb
collect_exp/logs/03_BRL_TOMATO/logs/master/20261002_094931_gui/planner_experiments/exp_tomato_20261002_095337_941981.txt,00_raw/tomato/20261002_094931_gui/exp_tomato_20261002_095337_941981.txt,923ad344114d00b8098399d784f1b3e792b9603903593593e52a1129421235b5
collect_exp/logs/03_BRL_TOMATO/logs/master/20261002_094931_gui/feedback_manager.log,00_raw/tomato/20261002_094931_gui/feedback_manager.log,4b2c40fc1d6dd790d9366f4e3766e91d882a73e33b84260ed399746cebd672bb
collect_exp/logs/03_BRL_TOMATO/logs/master/20261002_094931_gui/planner.log,00_raw/tomato/20261002_094931_gui/planner.log,7527aed8af21d69611111d90d685d0e5f61bc9706bf8ee25fb7b637e958eba66
collect_exp/logs/03_BRL_TOMATO/logs/master/20261005_125507_gui_knowno_scene2/planner_experiments/exp_tomato_20261005_125716_717456.txt,00_raw/tomato/20261005_125507_gui_knowno_scene2/exp_tomato_20261005_125716_717456.txt,5eb2d5bf1dd561fd18255e9b01fcdee947a943c92e4c1cfcc1ba770018a98e90
collect_exp/logs/03_BRL_TOMATO/logs/master/20261005_125507_gui_knowno_scene2/feedback_manager.log,00_raw/tomato/20261005_125507_gui_knowno_scene2/feedback_manager.log,08abaf82e1a596325300874a37fa89da0b9f2d8e347e3edbc17dc7558fafbb2c
collect_exp/logs/03_BRL_TOMATO/logs/master/20261005_125507_gui_knowno_scene2/planner.log,00_raw/tomato/20261005_125507_gui_knowno_scene2/planner.log,88b803be17020ce472743dc23f46afca36681ce3a8b343ccce719c04fd1ac00a
collect_exp/logs/03_BRL_TOMATO/logs/master/20261005_125759_gui/planner_experiments/exp_tomato_20261005_125940_775287.txt,00_raw/tomato/20261005_125759_gui/exp_tomato_20261005_125940_775287.txt,c514f7709dc5e13eab1ea4f7dbe587f135ab1c613527b4bff7e015aba6b1852d
collect_exp/logs/03_BRL_TOMATO/logs/master/20261005_125759_gui/feedback_manager.log,00_raw/tomato/20261005_125759_gui/feedback_manager.log,5aeebb94ccc3df9ad0d928241400f5bce14a024353c1e33dc3fb72932f98a028
collect_exp/logs/03_BRL_TOMATO/logs/master/20261005_125759_gui/planner.log,00_raw/tomato/20261005_125759_gui/planner.log,b48fdae860080e9b04ce2468fdc983e36bcaa0aa8b43a63b341ddd622b193ac5
collect_exp/logs/03_BRL_TOMATO/logs/master/20261005_125957_gui/planner_experiments/exp_tomato_20261005_130129_395065.txt,00_raw/tomato/20261005_125957_gui/exp_tomato_20261005_130129_395065.txt,691f10b3ed2f52013ab66f2cd837014ba7ce6b1b536f6e8b70a3c86886ec9cc9
collect_exp/logs/03_BRL_TOMATO/logs/master/20261005_125957_gui/feedback_manager.log,00_raw/tomato/20261005_125957_gui/feedback_manager.log,c6a1520916114ade95d0053375b6bd4a77374733e4d036ec410a7bd0d356db2b
collect_exp/logs/03_BRL_TOMATO/logs/master/20261005_125957_gui/planner.log,00_raw/tomato/20261005_125957_gui/planner.log,e31949570109c6dba4b07538cfde5c9d4aec820acb4497985bc3174b681800fe
collect_exp/logs/03_BRL_TOMATO/logs/master/20261005_130146_gui/planner_experiments/exp_tomato_20261005_130511_482509.txt,00_raw/tomato/20261005_130146_gui/exp_tomato_20261005_130511_482509.txt,ef31bfb6f942156183cd3b37bcbf36edbb1064b750af5f05f9a21456247cffec
collect_exp/logs/03_BRL_TOMATO/logs/master/20261005_130146_gui/feedback_manager.log,00_raw/tomato/20261005_130146_gui/feedback_manager.log,7ff5886d84954acf609eb871aeafae84191340b670dc266c24623c867e2641f2
collect_exp/logs/03_BRL_TOMATO/logs/master/20261005_130146_gui/planner.log,00_raw/tomato/20261005_130146_gui/planner.log,64a9acbcbc426a4cd758204610f68798ddcaca1aa00b7f89954929eff5c680be
collect_exp/logs/03_BRL_TOMATO/logs/master/20261005_130526_gui/planner_experiments/exp_tomato_20261005_130659_954797.txt,00_raw/tomato/20261005_130526_gui/exp_tomato_20261005_130659_954797.txt,d60c3d9d4d6199551642b7b2b80bf0ad81bf2d81a37f18e9ec019ac88d093787
collect_exp/logs/03_BRL_TOMATO/logs/master/20261005_130526_gui/feedback_manager.log,00_raw/tomato/20261005_130526_gui/feedback_manager.log,baef1dd3c0e52bf861484c7864c4ef3be51ab0bd8faaa390d6911445df4cab7f
collect_exp/logs/03_BRL_TOMATO/logs/master/20261005_130526_gui/planner.log,00_raw/tomato/20261005_130526_gui/planner.log,065219e259c3bd03a38d93d2a98c9d331d182e4cc9761a9fb16eccb7c7cc724b
collect_exp/logs/03_BRL_TOMATO/logs/master/20261005_130707_gui/planner_experiments/exp_tomato_20261005_130839_104194.txt,00_raw/tomato/20261005_130707_gui/exp_tomato_20261005_130839_104194.txt,b98543544f57da09bb889aa67ac54002349d85d5adcb6405cda364d06c12c6ad
collect_exp/logs/03_BRL_TOMATO/logs/master/20261005_130707_gui/feedback_manager.log,00_raw/tomato/20261005_130707_gui/feedback_manager.log,254609566316e78d771bfe80e992c599c4e0a0d90b4936427e869ec2a5c24de6
collect_exp/logs/03_BRL_TOMATO/logs/master/20261005_130707_gui/planner.log,00_raw/tomato/20261005_130707_gui/planner.log,be52b4772e9c0c02bbc63df6f6a17b024d422fa032deff4e5cabe3845d8a0bf5
collect_exp/logs/03_BRL_TOMATO/logs/master/20261005_130848_gui/planner_experiments/exp_tomato_20261005_131314_868443.txt,00_raw/tomato/20261005_130848_gui/exp_tomato_20261005_131314_868443.txt,c5dad0d83e773a1b6e9600e82f7de48b3b01770f78b047615b265a87b3dbbe25
collect_exp/logs/03_BRL_TOMATO/logs/master/20261005_130848_gui/feedback_manager.log,00_raw/tomato/20261005_130848_gui/feedback_manager.log,02a5e571fce9165db58744e952338967d9ad5c0780505b4d4a34d2334804e479
collect_exp/logs/03_BRL_TOMATO/logs/master/20261005_130848_gui/planner.log,00_raw/tomato/20261005_130848_gui/planner.log,9887923ca53b76326eaa11f59384baf2e163c7c8c61c675752b5800ce0f0641c
collect_exp/logs/03_BRL_TOMATO/logs/master/20261005_131330_gui/planner_experiments/exp_tomato_20261005_131459_480373.txt,00_raw/tomato/20261005_131330_gui/exp_tomato_20261005_131459_480373.txt,fa9e673f564426810212d69287bd5d22963f0f2a3f61bb3da13e26a1ad02a8ee
collect_exp/logs/03_BRL_TOMATO/logs/master/20261005_131330_gui/feedback_manager.log,00_raw/tomato/20261005_131330_gui/feedback_manager.log,3e93c4cfa547f0b1356fb15fe9998354dc32cc8986668bf5c467e4b29f5fce99
collect_exp/logs/03_BRL_TOMATO/logs/master/20261005_131330_gui/planner.log,00_raw/tomato/20261005_131330_gui/planner.log,b5278eb16216864a2acf5813355662e08c9fbbba7db1e49125d17e6f83343e0b
collect_exp/logs/03_BRL_TOMATO/logs/master/20261005_131507_gui/planner_experiments/exp_tomato_20261005_131634_122254.txt,00_raw/tomato/20261005_131507_gui/exp_tomato_20261005_131634_122254.txt,ad76d4073151c9d331ca3c3ee634a9287e0b48a410fea94ec727cc5b33dab133
collect_exp/logs/03_BRL_TOMATO/logs/master/20261005_131507_gui/feedback_manager.log,00_raw/tomato/20261005_131507_gui/feedback_manager.log,e3e193e5f9e7bacc09554b4b33e5b78baa7b6a1ef8554b79ef3dce55ea83ee4d
collect_exp/logs/03_BRL_TOMATO/logs/master/20261005_131507_gui/planner.log,00_raw/tomato/20261005_131507_gui/planner.log,f28daaecb1b8d4be43541e4f80bdde8fcaab58e4edbbddb674d1d81fa3f4d729
collect_exp/logs/03_BRL_TOMATO/logs/master/20261005_131656_gui/planner_experiments/exp_tomato_20261005_132012_781157.txt,00_raw/tomato/20261005_131656_gui/exp_tomato_20261005_132012_781157.txt,4a2c0b4cc4f1eb466dd4413e76f42f7f52adefe1a32bc7aa66948865b39e730b
collect_exp/logs/03_BRL_TOMATO/logs/master/20261005_131656_gui/feedback_manager.log,00_raw/tomato/20261005_131656_gui/feedback_manager.log,aca4e16455ffe474940f0b8cbeee953206424d99a11c489fac7ab8bf93e55600
collect_exp/logs/03_BRL_TOMATO/logs/master/20261005_131656_gui/planner.log,00_raw/tomato/20261005_131656_gui/planner.log,6147b914c7658d3be773096ce72e3fb960bf6ecac1fc1a0ac83ac3bbcd947cf4
collect_exp/logs/03_BRL_TOMATO/logs/master/20261005_134203_gui_pomdp_scene3/planner_experiments/exp_tomato_20261005_134600_503483.txt,00_raw/tomato/20261005_134203_gui_pomdp_scene3/exp_tomato_20261005_134600_503483.txt,a6ec44b9e2788bbb53ff44cef5131dde09b9c0d6f2f26901651e0d7f981f5118
collect_exp/logs/03_BRL_TOMATO/logs/master/20261005_134203_gui_pomdp_scene3/feedback_manager.log,00_raw/tomato/20261005_134203_gui_pomdp_scene3/feedback_manager.log,974c210eee80f3ce648e5510884cb153c00cd1ebcab6a4bccbd556f848695772
collect_exp/logs/03_BRL_TOMATO/logs/master/20261005_134203_gui_pomdp_scene3/planner.log,00_raw/tomato/20261005_134203_gui_pomdp_scene3/planner.log,5bea903b6de66fcea4646e61c4aad7733e1abe83cd5651bca0b368cbecb7d554
collect_exp/logs/03_BRL_TOMATO/logs/master/20261005_134704_gui/planner_experiments/exp_tomato_20261005_134841_493018.txt,00_raw/tomato/20261005_134704_gui/exp_tomato_20261005_134841_493018.txt,dcc170c8d955628fc4f7f794a91aa684bb47fac099309a793d04a112d1cfeb4c
collect_exp/logs/03_BRL_TOMATO/logs/master/20261005_134704_gui/feedback_manager.log,00_raw/tomato/20261005_134704_gui/feedback_manager.log,5786ea9671abe012ecbf82d27d6b3edc09f9cf1249d8ffb6eae4014b94431a86
collect_exp/logs/03_BRL_TOMATO/logs/master/20261005_134704_gui/planner.log,00_raw/tomato/20261005_134704_gui/planner.log,9c07af9675e3b7f6e03a293cb71821a29a02da11d1abd79051a363f85a490d2c
collect_exp/logs/03_BRL_TOMATO/logs/master/20261005_134914_gui/planner_experiments/exp_tomato_20261005_135240_699685.txt,00_raw/tomato/20261005_134914_gui/exp_tomato_20261005_135240_699685.txt,e3a941bec0a1546dfe1c1ce2624e39fe54a76933c9b2792c687067a2b13b154c
collect_exp/logs/03_BRL_TOMATO/logs/master/20261005_134914_gui/feedback_manager.log,00_raw/tomato/20261005_134914_gui/feedback_manager.log,57bba0de3efca9a5288435b118b30b4c8dab237c5e98ae9edcb3deba6b308e19
collect_exp/logs/03_BRL_TOMATO/logs/master/20261005_134914_gui/planner.log,00_raw/tomato/20261005_134914_gui/planner.log,db8fddb2569b813248b38f857d24ec063e8283f1aa476446707e72b8872565b6
collect_exp/logs/03_BRL_TOMATO/logs/master/20261005_135255_gui/planner_experiments/exp_tomato_20261005_135608_176723.txt,00_raw/tomato/20261005_135255_gui/exp_tomato_20261005_135608_176723.txt,3b550fc28547ebc2087e31f104a49c26db57142c76275a024dd001ac468a6c3d
collect_exp/logs/03_BRL_TOMATO/logs/master/20261005_135255_gui/feedback_manager.log,00_raw/tomato/20261005_135255_gui/feedback_manager.log,84fd8c0bb8701022d2fa380c0998130632db573323a500516c0a1bf418c010f9
collect_exp/logs/03_BRL_TOMATO/logs/master/20261005_135255_gui/planner.log,00_raw/tomato/20261005_135255_gui/planner.log,916f99cc7fa171d03c48f618eec486324eab67b0aee05c0125adfa17f3ca3ef8
collect_exp/logs/03_BRL_TOMATO/logs/master/20261005_135623_gui/planner_experiments/exp_tomato_20261005_135938_080132.txt,00_raw/tomato/20261005_135623_gui/exp_tomato_20261005_135938_080132.txt,5158aef6872aa6c8840f1dceeca37fc097a2050d16d5f7720c8d22fd54baf236
collect_exp/logs/03_BRL_TOMATO/logs/master/20261005_135623_gui/feedback_manager.log,00_raw/tomato/20261005_135623_gui/feedback_manager.log,3d22a2ed24f9c9c8a55e391605f3b71b17d1dfbc53f7368f22a1d871b257f8c0
collect_exp/logs/03_BRL_TOMATO/logs/master/20261005_135623_gui/planner.log,00_raw/tomato/20261005_135623_gui/planner.log,c987e84e36b975bf210b943809df03479a398074252c19c0193fc0b81aca6101
collect_exp/logs/03_BRL_TOMATO/logs/master/20261005_135952_gui/planner_experiments/exp_tomato_20261005_140323_090145.txt,00_raw/tomato/20261005_135952_gui/exp_tomato_20261005_140323_090145.txt,207b18215fd89da086e2241e68b4e3b7c66fa9ca89a4fb3599f549cd1a293553
collect_exp/logs/03_BRL_TOMATO/logs/master/20261005_135952_gui/feedback_manager.log,00_raw/tomato/20261005_135952_gui/feedback_manager.log,05c094da98b7d42bddbcc9d35b0a0a5a1b8aa36f0c216b7c6f1a9a93c91ac077
collect_exp/logs/03_BRL_TOMATO/logs/master/20261005_135952_gui/planner.log,00_raw/tomato/20261005_135952_gui/planner.log,90c44a5ce8b8554e57b6d0a3914a78774628c74b2eab573841a35ecf9f32c9fd
collect_exp/logs/03_BRL_TOMATO/logs/master/20261005_140337_gui/planner_experiments/exp_tomato_20261005_140733_309599.txt,00_raw/tomato/20261005_140337_gui/exp_tomato_20261005_140733_309599.txt,5f8030636000b9391052ae1572a9abe9bbfed32512dd17541c334367137cfb81
collect_exp/logs/03_BRL_TOMATO/logs/master/20261005_140337_gui/feedback_manager.log,00_raw/tomato/20261005_140337_gui/feedback_manager.log,e9adfb728352d6b84bead91c25475c6c68d6d8b97f3009721164a768170f76b5
collect_exp/logs/03_BRL_TOMATO/logs/master/20261005_140337_gui/planner.log,00_raw/tomato/20261005_140337_gui/planner.log,7bf92d466529bb0f30e5931aa802b8ac61e968c563d760ac94837de29c3ed731
collect_exp/logs/03_BRL_TOMATO/logs/master/20261005_140754_gui/planner_experiments/exp_tomato_20261005_141117_474131.txt,00_raw/tomato/20261005_140754_gui/exp_tomato_20261005_141117_474131.txt,ddcd44f84c42f8fcbc042be3b6a83f2c4f8587ecb2ab8629aeb917ce180ed325
collect_exp/logs/03_BRL_TOMATO/logs/master/20261005_140754_gui/feedback_manager.log,00_raw/tomato/20261005_140754_gui/feedback_manager.log,a7bcc36164d1b9a22c8ebcf73e4ee3b116ee812202326ff6339e40c32c9d8848
collect_exp/logs/03_BRL_TOMATO/logs/master/20261005_140754_gui/planner.log,00_raw/tomato/20261005_140754_gui/planner.log,0a0a19e3a37df39074ed93d528c4c2c332640f5ff5a4e20014a6e6841c60223c
collect_exp/logs/03_BRL_TOMATO/logs/master/20261005_141136_gui/planner_experiments/exp_tomato_20261005_141456_083517.txt,00_raw/tomato/20261005_141136_gui/exp_tomato_20261005_141456_083517.txt,93c5c1917ec092bc58308a9b02c1518d30ce2e2d8bca66958720de1cf431f98f
collect_exp/logs/03_BRL_TOMATO/logs/master/20261005_141136_gui/feedback_manager.log,00_raw/tomato/20261005_141136_gui/feedback_manager.log,c1781041b2a35a8af614b707b9d0255045bc4b3c50cdba582b00006fa6dea986
collect_exp/logs/03_BRL_TOMATO/logs/master/20261005_141136_gui/planner.log,00_raw/tomato/20261005_141136_gui/planner.log,fcab88ac8be3edb4cbb15075728d07cadf73ff8de5d4670cce287fa2df4e85ff
collect_exp/logs/03_BRL_TOMATO/logs/master/20261005_141516_gui/planner_experiments/exp_tomato_20261005_141850_207732.txt,00_raw/tomato/20261005_141516_gui/exp_tomato_20261005_141850_207732.txt,9fe99dc925bf9d32ae082d898e610d621a45ff4945b869913d4abf14c5c03ce8
collect_exp/logs/03_BRL_TOMATO/logs/master/20261005_141516_gui/feedback_manager.log,00_raw/tomato/20261005_141516_gui/feedback_manager.log,9f88a08573d405ac5a6c44df3b61f5787862cb008bfe3a935c010cc8c7695200
collect_exp/logs/03_BRL_TOMATO/logs/master/20261005_141516_gui/planner.log,00_raw/tomato/20261005_141516_gui/planner.log,bcbd7b3fe17ee4174ae9155290518c75d100cade87cd3b7c696d07a6a025d16c
collect_exp/logs/03_BRL_TOMATO/logs/master/20261005_150228_gui_pomdp_scene4/planner_experiments/exp_tomato_20261005_150623_301161.txt,00_raw/tomato/20261005_150228_gui_pomdp_scene4/exp_tomato_20261005_150623_301161.txt,417a5939f7284d6f7bab7e40f79143c4857d455845fe36c44e12b2b847c48cee
collect_exp/logs/03_BRL_TOMATO/logs/master/20261005_150228_gui_pomdp_scene4/feedback_manager.log,00_raw/tomato/20261005_150228_gui_pomdp_scene4/feedback_manager.log,7312ab778c4021fff83f398d4c54e33eaf28be21ca487fbeeaf5c0b5d11abc86
collect_exp/logs/03_BRL_TOMATO/logs/master/20261005_150228_gui_pomdp_scene4/planner.log,00_raw/tomato/20261005_150228_gui_pomdp_scene4/planner.log,4e311a47e228319cdd52b0107896c08b795769f2057cf48ddc90945b1d29a737
collect_exp/logs/03_BRL_TOMATO/logs/master/20261005_150638_gui/planner_experiments/exp_tomato_20261005_151014_146271.txt,00_raw/tomato/20261005_150638_gui/exp_tomato_20261005_151014_146271.txt,c9e5c41b25553c8274317dea1d337c9b0c71e9c9595a4da652919972e5e347ac
collect_exp/logs/03_BRL_TOMATO/logs/master/20261005_150638_gui/feedback_manager.log,00_raw/tomato/20261005_150638_gui/feedback_manager.log,f3fa3da7818060215c3f78fafca042c3b0d8131d4f6e83cb3556687a3dc2b3d8
collect_exp/logs/03_BRL_TOMATO/logs/master/20261005_150638_gui/planner.log,00_raw/tomato/20261005_150638_gui/planner.log,b5dd18e606631ab31cc953bfecdc2aff4ed7f6d56a660b4d3f9158a41c56899f
collect_exp/logs/03_BRL_TOMATO/logs/master/20261005_151032_gui/planner_experiments/exp_tomato_20261005_151410_703036.txt,00_raw/tomato/20261005_151032_gui/exp_tomato_20261005_151410_703036.txt,8a9807e1d943f2e50f544aa6e5c85a7377ada346cf7dbd84d99575c596bde75a
collect_exp/logs/03_BRL_TOMATO/logs/master/20261005_151032_gui/feedback_manager.log,00_raw/tomato/20261005_151032_gui/feedback_manager.log,2e03f1ff1cc6b5618d321e37caca208cd7f448e9a53fe99858b2c1f754f0e4f4
collect_exp/logs/03_BRL_TOMATO/logs/master/20261005_151032_gui/planner.log,00_raw/tomato/20261005_151032_gui/planner.log,c83badd39802f3bb63f1128307dca64da9efd051810d831553608775917db583
collect_exp/logs/03_BRL_TOMATO/logs/master/20261005_151426_gui/planner_experiments/exp_tomato_20261005_151739_986126.txt,00_raw/tomato/20261005_151426_gui/exp_tomato_20261005_151739_986126.txt,097380a73d99a5c0f63e081c0ff65260331f101a99d6d4c19a2cfba9beb4e329
collect_exp/logs/03_BRL_TOMATO/logs/master/20261005_151426_gui/feedback_manager.log,00_raw/tomato/20261005_151426_gui/feedback_manager.log,d13587a96e2a5eba5e570f078f68cf130feb1e566a23642e1499904512480b18
collect_exp/logs/03_BRL_TOMATO/logs/master/20261005_151426_gui/planner.log,00_raw/tomato/20261005_151426_gui/planner.log,9a87feb93a9d999d43dc3430feed24b0554b47027562b382697b14a9b5bd7058
collect_exp/logs/03_BRL_TOMATO/logs/master/20261005_151754_gui/planner_experiments/exp_tomato_20261005_152128_186489.txt,00_raw/tomato/20261005_151754_gui/exp_tomato_20261005_152128_186489.txt,1b7ad18d22f75336f812e5518aff88f3b442a03b58489986f40038c1934e6e5d
collect_exp/logs/03_BRL_TOMATO/logs/master/20261005_151754_gui/feedback_manager.log,00_raw/tomato/20261005_151754_gui/feedback_manager.log,e43f394fde373ba4ee043c58b195eb8b029fab3aaf5f3e9f19f7f4d61bd94d26
collect_exp/logs/03_BRL_TOMATO/logs/master/20261005_151754_gui/planner.log,00_raw/tomato/20261005_151754_gui/planner.log,8f526975f3b5573b3deba1a0affc54b2d2a1d90e7490f75f74ed4bdc30ef651d
collect_exp/logs/03_BRL_TOMATO/logs/master/20261005_152146_gui/planner_experiments/exp_tomato_20261005_152510_284015.txt,00_raw/tomato/20261005_152146_gui/exp_tomato_20261005_152510_284015.txt,f29c9238d1f732dc08e7a7a22e574a1bb4d3b7085ebd7128ba8608a5d9b48789
collect_exp/logs/03_BRL_TOMATO/logs/master/20261005_152146_gui/feedback_manager.log,00_raw/tomato/20261005_152146_gui/feedback_manager.log,adde0d4db1b1b9d75c431051257aee851a3955c31e275c2516650e5fd9781f1d
collect_exp/logs/03_BRL_TOMATO/logs/master/20261005_152146_gui/planner.log,00_raw/tomato/20261005_152146_gui/planner.log,441e4db5306fec892ae83ad41759efb0a08c3b0469569e0d3b305e7de2277c38
collect_exp/logs/03_BRL_TOMATO/logs/master/20261005_152525_gui/planner_experiments/exp_tomato_20261005_152830_765334.txt,00_raw/tomato/20261005_152525_gui/exp_tomato_20261005_152830_765334.txt,5d3f509426971897fc520e9098ee9bd6b0fd4267966478714299f428a055141d
collect_exp/logs/03_BRL_TOMATO/logs/master/20261005_152525_gui/feedback_manager.log,00_raw/tomato/20261005_152525_gui/feedback_manager.log,3e653d7fbce7b50e72bc6d329a73623d2c6e01cf9073b6a91b41c85ace96ce8c
collect_exp/logs/03_BRL_TOMATO/logs/master/20261005_152525_gui/planner.log,00_raw/tomato/20261005_152525_gui/planner.log,3c26b0ae814c87282e9280cf9bc42769b5a007596efd1f4c383ac810761cbc4b
collect_exp/logs/03_BRL_TOMATO/logs/master/20261005_152845_gui/planner_experiments/exp_tomato_20261005_153227_580381.txt,00_raw/tomato/20261005_152845_gui/exp_tomato_20261005_153227_580381.txt,6c3755afe4ac2e5f5fce853e05b16c813fc27fc303a64825b88494d329744673
collect_exp/logs/03_BRL_TOMATO/logs/master/20261005_152845_gui/feedback_manager.log,00_raw/tomato/20261005_152845_gui/feedback_manager.log,02aa9a3c4b7746ba42839e6ea1e562d7e03615bd5a319b9bb7504ffef993537c
collect_exp/logs/03_BRL_TOMATO/logs/master/20261005_152845_gui/planner.log,00_raw/tomato/20261005_152845_gui/planner.log,2ba3c475de819f57e4cbda9eaa44ad4c8cb360483617874a8b50be7942c5f902
collect_exp/logs/03_BRL_TOMATO/logs/master/20261005_153243_gui/planner_experiments/exp_tomato_20261005_153608_306456.txt,00_raw/tomato/20261005_153243_gui/exp_tomato_20261005_153608_306456.txt,4c2fa2ebab39897c167fc27cd6fed0dc6625c3949ee0984d30430f3fcf10f141
collect_exp/logs/03_BRL_TOMATO/logs/master/20261005_153243_gui/feedback_manager.log,00_raw/tomato/20261005_153243_gui/feedback_manager.log,2cb3b78f554928205afb2ff3e6e90aaf420f4c93a571d4345b83a8fba8c703e9
collect_exp/logs/03_BRL_TOMATO/logs/master/20261005_153243_gui/planner.log,00_raw/tomato/20261005_153243_gui/planner.log,270e53f39e4bde03ba07c974dfad7816add0bb5567652a258db5c9078df58903
collect_exp/logs/03_BRL_TOMATO/logs/master/20261005_153622_gui/planner_experiments/exp_tomato_20261005_153956_974574.txt,00_raw/tomato/20261005_153622_gui/exp_tomato_20261005_153956_974574.txt,cc3305256be9dc2a1df66fac60cd79910337a582f674fa11f688581734e901cc
collect_exp/logs/03_BRL_TOMATO/logs/master/20261005_153622_gui/feedback_manager.log,00_raw/tomato/20261005_153622_gui/feedback_manager.log,ff8a5a3d88cc29a2bc7ebd5eb372d769bf8831ad9ab0d282731688e7d4e44658
collect_exp/logs/03_BRL_TOMATO/logs/master/20261005_153622_gui/planner.log,00_raw/tomato/20261005_153622_gui/planner.log,d22d10f50b55bc01ab8fefb7bd20e315f4fe9f78e7d248cae8be4e7d178d5545
collect_exp/logs/03_BRL_TOMATO/logs/master/20261005_161403_gui_knowno_scene4/planner_experiments/exp_tomato_20261005_161806_995649.txt,00_raw/tomato/20261005_161403_gui_knowno_scene4/exp_tomato_20261005_161806_995649.txt,4a35e1249ca95a0bbfeb5d2f104d5bc060848c32328d458553b796bd89e11d02
collect_exp/logs/03_BRL_TOMATO/logs/master/20261005_161403_gui_knowno_scene4/feedback_manager.log,00_raw/tomato/20261005_161403_gui_knowno_scene4/feedback_manager.log,3a13d9638d8bb788aeb23556594768da14f09ac9c2f0be0af0f16bea38235703
collect_exp/logs/03_BRL_TOMATO/logs/master/20261005_161403_gui_knowno_scene4/planner.log,00_raw/tomato/20261005_161403_gui_knowno_scene4/planner.log,20bebf495d2e4b238ac6bc05891ca2bdf5103f5add211fe644b511ceaed185f4
collect_exp/logs/03_BRL_TOMATO/logs/master/20261005_161818_gui/planner_experiments/exp_tomato_20261005_162139_686542.txt,00_raw/tomato/20261005_161818_gui/exp_tomato_20261005_162139_686542.txt,976e07210feaebc40e52031810dc29869b49737607d97b56578c5f9c4292fe06
collect_exp/logs/03_BRL_TOMATO/logs/master/20261005_161818_gui/feedback_manager.log,00_raw/tomato/20261005_161818_gui/feedback_manager.log,2a678094b8c233ecba7fd981181cf0ca3eaacbd392352ba2698d7b8ce806ebcb
collect_exp/logs/03_BRL_TOMATO/logs/master/20261005_161818_gui/planner.log,00_raw/tomato/20261005_161818_gui/planner.log,4371b7c6813e346555b92435346110cb6fbe1278c54425226d87b346fb301097
collect_exp/logs/03_BRL_TOMATO/logs/master/20261005_162143_gui/planner_experiments/exp_tomato_20261005_162502_961657.txt,00_raw/tomato/20261005_162143_gui/exp_tomato_20261005_162502_961657.txt,dc38c54c96b35a0b3a325727e6b89242017f84c1bd30d8af9db09a99e617ddf8
collect_exp/logs/03_BRL_TOMATO/logs/master/20261005_162143_gui/feedback_manager.log,00_raw/tomato/20261005_162143_gui/feedback_manager.log,7ddd955e08f54ebcc06138e8a161b7c50aaec72e852616a3c7d4849c362ce07a
collect_exp/logs/03_BRL_TOMATO/logs/master/20261005_162143_gui/planner.log,00_raw/tomato/20261005_162143_gui/planner.log,7d5741fcba938c4d1ede419c4de2b3476577d4d57dc231bc1fea4699ba36f502
collect_exp/logs/03_BRL_TOMATO/logs/master/20261005_162504_gui/planner_experiments/exp_tomato_20261005_162851_145112.txt,00_raw/tomato/20261005_162504_gui/exp_tomato_20261005_162851_145112.txt,a94114901476e802d5bf630a240afb8fb1d46cf5bb385c7343574b94633c4590
collect_exp/logs/03_BRL_TOMATO/logs/master/20261005_162504_gui/feedback_manager.log,00_raw/tomato/20261005_162504_gui/feedback_manager.log,654e3f8d37e1e0571d6226bec208962fc90df474fe53ef0fc6e4d468cb6070fc
collect_exp/logs/03_BRL_TOMATO/logs/master/20261005_162504_gui/planner.log,00_raw/tomato/20261005_162504_gui/planner.log,33608044993557af844f959cac863e310159a6cc879ec957b5f615704fc538e8
collect_exp/logs/03_BRL_TOMATO/logs/master/20261005_162856_gui/planner_experiments/exp_tomato_20261005_163349_149539.txt,00_raw/tomato/20261005_162856_gui/exp_tomato_20261005_163349_149539.txt,e51c27d0ad7c1bbf187ddcf97938cf0560cb35f0540d8e31919a87a45a7d4b0d
collect_exp/logs/03_BRL_TOMATO/logs/master/20261005_162856_gui/feedback_manager.log,00_raw/tomato/20261005_162856_gui/feedback_manager.log,219037c2e05d28fdf4be45dc0bf1dd40ece5cd1077ca3fb6dc134ff3695bbac9
collect_exp/logs/03_BRL_TOMATO/logs/master/20261005_162856_gui/planner.log,00_raw/tomato/20261005_162856_gui/planner.log,72bbe250fd157dc75fca05f64ea21533e1cb1d7e9127464efa23c16935dff11d
collect_exp/logs/03_BRL_TOMATO/logs/master/20261005_163404_gui/planner_experiments/exp_tomato_20261005_163734_295296.txt,00_raw/tomato/20261005_163404_gui/exp_tomato_20261005_163734_295296.txt,bd16faf5c88e5a5a77b884e06432b31003fafb4bc2ad9ef3b2bb1579dee7e51a
collect_exp/logs/03_BRL_TOMATO/logs/master/20261005_163404_gui/feedback_manager.log,00_raw/tomato/20261005_163404_gui/feedback_manager.log,a18cfdba6ab72e101bcdb245966621a9a47ec7b61abd63104f0fef4050454ba7
collect_exp/logs/03_BRL_TOMATO/logs/master/20261005_163404_gui/planner.log,00_raw/tomato/20261005_163404_gui/planner.log,f56fc935f368fc370376be5375c97d7caa37ba924ac305c8d95669fe6c848bbf
collect_exp/logs/03_BRL_TOMATO/logs/master/20261005_163741_gui/planner_experiments/exp_tomato_20261005_164057_988586.txt,00_raw/tomato/20261005_163741_gui/exp_tomato_20261005_164057_988586.txt,250fd8a70883a8e3672937dc2dd3624477bf3ffb156c43d97e4b0d81699d9d9d
collect_exp/logs/03_BRL_TOMATO/logs/master/20261005_163741_gui/feedback_manager.log,00_raw/tomato/20261005_163741_gui/feedback_manager.log,cafdcef417d47b81239b5e7cc0d45a2fa2c12c1bb5a6379c5026a8f9c0d6a8b4
collect_exp/logs/03_BRL_TOMATO/logs/master/20261005_163741_gui/planner.log,00_raw/tomato/20261005_163741_gui/planner.log,2ccf5d2977d0c3c8c17e5c12dec494fdda5a86544a608ec3b6b128b552a3ee98
collect_exp/logs/03_BRL_TOMATO/logs/master/20261005_164108_gui/planner_experiments/exp_tomato_20261005_164417_725357.txt,00_raw/tomato/20261005_164108_gui/exp_tomato_20261005_164417_725357.txt,b9a039830bc7260ebce06807ce07c2fdec5b5c74cb21bfc33c8ba7ab4de41c87
collect_exp/logs/03_BRL_TOMATO/logs/master/20261005_164108_gui/feedback_manager.log,00_raw/tomato/20261005_164108_gui/feedback_manager.log,b273ece50e60704646e563e07f54211b467e454d05933898ea8c3d5cfc91ffd5
collect_exp/logs/03_BRL_TOMATO/logs/master/20261005_164108_gui/planner.log,00_raw/tomato/20261005_164108_gui/planner.log,2ca77324135c4bfc4d16be708ad9297401b044c665863a84a5a049e3c17795dd
collect_exp/logs/03_BRL_TOMATO/logs/master/20261005_164422_gui/planner_experiments/exp_tomato_20261005_164749_113534.txt,00_raw/tomato/20261005_164422_gui/exp_tomato_20261005_164749_113534.txt,1335e2d9ca46e14ba192db1c46170f5ce80f04f79c54cf861f323b449427dca8
collect_exp/logs/03_BRL_TOMATO/logs/master/20261005_164422_gui/feedback_manager.log,00_raw/tomato/20261005_164422_gui/feedback_manager.log,720f571343c988c95fc2267cafcdd83a02352d8968ac1720643e0c2a7c59b2ce
collect_exp/logs/03_BRL_TOMATO/logs/master/20261005_164422_gui/planner.log,00_raw/tomato/20261005_164422_gui/planner.log,85cc72f8c1fcc7d069f33024f805ca4ce42107cf29c5f158225a4c7bf76c3d7b
collect_exp/logs/03_BRL_TOMATO/logs/master/20261005_164811_gui/planner_experiments/exp_tomato_20261005_165246_386889.txt,00_raw/tomato/20261005_164811_gui/exp_tomato_20261005_165246_386889.txt,6038e7a1c0ca4d0de0409238961cfa6cbbd006f0ce7138b4a3cc2d0090c523f9
collect_exp/logs/03_BRL_TOMATO/logs/master/20261005_164811_gui/feedback_manager.log,00_raw/tomato/20261005_164811_gui/feedback_manager.log,9dde2144d883a7ff62c4b9cc36d928fa37a5ac15162e06e42eb6b4d988f37d5b
collect_exp/logs/03_BRL_TOMATO/logs/master/20261005_164811_gui/planner.log,00_raw/tomato/20261005_164811_gui/planner.log,d73ef4d8ad9213070a059a93fecdcae94ff8c29e4c9dd25b9a767591da6184a4
collect_exp/logs/03_BRL_TOMATO/logs/master/20261005_173520_gui_knowno_scene3/planner_experiments/exp_tomato_20261005_174025_872494.txt,00_raw/tomato/20261005_173520_gui_knowno_scene3/exp_tomato_20261005_174025_872494.txt,d64b7d1b1e609775386a4cc1291d80f4134203856023edd1828ed5b61b67aa9f
collect_exp/logs/03_BRL_TOMATO/logs/master/20261005_173520_gui_knowno_scene3/feedback_manager.log,00_raw/tomato/20261005_173520_gui_knowno_scene3/feedback_manager.log,3441e4c45cfd1cd46ec619572e9b1ffa322fb2bd62fba3408dee3cb16519980c
collect_exp/logs/03_BRL_TOMATO/logs/master/20261005_173520_gui_knowno_scene3/planner.log,00_raw/tomato/20261005_173520_gui_knowno_scene3/planner.log,6b8ba82d9a68c073eb1e2983f64d583a8b29fe3f9933cdffb8bb9df997b604ce
collect_exp/logs/03_BRL_TOMATO/logs/master/20261005_174043_gui/planner_experiments/exp_tomato_20261005_174457_848299.txt,00_raw/tomato/20261005_174043_gui/exp_tomato_20261005_174457_848299.txt,bd346c6d0372604865d42477864d65b11493587a478a20d9bb7269db00434c43
collect_exp/logs/03_BRL_TOMATO/logs/master/20261005_174043_gui/feedback_manager.log,00_raw/tomato/20261005_174043_gui/feedback_manager.log,da0bca394038cf0c5debdd131fb8a457b0f1771e0bda384ed40f2ef111fd5284
collect_exp/logs/03_BRL_TOMATO/logs/master/20261005_174043_gui/planner.log,00_raw/tomato/20261005_174043_gui/planner.log,91baccc99459c670acc62dc1c9cf0bd219464e4377d6741bc41abf5a0224bca1
collect_exp/logs/03_BRL_TOMATO/logs/master/20261005_174513_gui/planner_experiments/exp_tomato_20261005_174932_272039.txt,00_raw/tomato/20261005_174513_gui/exp_tomato_20261005_174932_272039.txt,1a4e6d3427117b78c528de05b5d045f0e5e735b0d862a084f893ab42858141a6
collect_exp/logs/03_BRL_TOMATO/logs/master/20261005_174513_gui/feedback_manager.log,00_raw/tomato/20261005_174513_gui/feedback_manager.log,0478448900fcbc79080114334d5229dd2a1ea1eef618977fd6d008780557c58d
collect_exp/logs/03_BRL_TOMATO/logs/master/20261005_174513_gui/planner.log,00_raw/tomato/20261005_174513_gui/planner.log,16b516ccaca085a9a1befaac1b35b2fae629b251ca02d0937582091c50b287d9
collect_exp/logs/03_BRL_TOMATO/logs/master/20261005_174949_gui/planner_experiments/exp_tomato_20261005_175302_433270.txt,00_raw/tomato/20261005_174949_gui/exp_tomato_20261005_175302_433270.txt,b97532bea91922199d89a8ff1107a2def36be3fb784db362e826c40323c58bd2
collect_exp/logs/03_BRL_TOMATO/logs/master/20261005_174949_gui/feedback_manager.log,00_raw/tomato/20261005_174949_gui/feedback_manager.log,1801eb5349ab4045ee3999cb25a83d6ce021d59be6d86c20921a39f3bc7e1a16
collect_exp/logs/03_BRL_TOMATO/logs/master/20261005_174949_gui/planner.log,00_raw/tomato/20261005_174949_gui/planner.log,805ef437e1fecd72447b4b0e52d3ee1daf4cf5e27449bed56b52db5388b4f783
collect_exp/logs/03_BRL_TOMATO/logs/master/20261005_175307_gui/planner_experiments/exp_tomato_20261005_175452_997944.txt,00_raw/tomato/20261005_175307_gui/exp_tomato_20261005_175452_997944.txt,57ce33e65854464148cafc6d6b4b54b89dd5075647129f36419a37f992eadaeb
collect_exp/logs/03_BRL_TOMATO/logs/master/20261005_175307_gui/feedback_manager.log,00_raw/tomato/20261005_175307_gui/feedback_manager.log,d8ae4a8e10747b3a172f2bfe335e014f98f0d0a69b5014872e117e74628c6077
collect_exp/logs/03_BRL_TOMATO/logs/master/20261005_175307_gui/planner.log,00_raw/tomato/20261005_175307_gui/planner.log,48afde9e968668ef5383433e0b6966c31b2f1361476040e06dcbca490998387c
collect_exp/logs/03_BRL_TOMATO/logs/master/20261005_175458_gui/planner_experiments/exp_tomato_20261005_175851_327405.txt,00_raw/tomato/20261005_175458_gui/exp_tomato_20261005_175851_327405.txt,0ad42c74119063cb07c04889d3f342386e2256914888b9e6bb17b3e72438785f
collect_exp/logs/03_BRL_TOMATO/logs/master/20261005_175458_gui/feedback_manager.log,00_raw/tomato/20261005_175458_gui/feedback_manager.log,8fe96efc765adf0ed14e8c587940a664c0b415782a0531c3ac860e679fef7956
collect_exp/logs/03_BRL_TOMATO/logs/master/20261005_175458_gui/planner.log,00_raw/tomato/20261005_175458_gui/planner.log,2f1c6030b8479fc70402dfdc700eacba08557a36663675f95305602754fb131d
collect_exp/logs/03_BRL_TOMATO/logs/master/20261005_175900_gui/planner_experiments/exp_tomato_20261005_180304_550093.txt,00_raw/tomato/20261005_175900_gui/exp_tomato_20261005_180304_550093.txt,6e7cd70a8a751bc3af569f4d676fe4c784751b5991b9400da9a060334a13e8ac
collect_exp/logs/03_BRL_TOMATO/logs/master/20261005_175900_gui/feedback_manager.log,00_raw/tomato/20261005_175900_gui/feedback_manager.log,e33ebc30baefffbb1f7611c78c76c661bfe6d1d075d9498a9fe7b28a4eb11973
collect_exp/logs/03_BRL_TOMATO/logs/master/20261005_175900_gui/planner.log,00_raw/tomato/20261005_175900_gui/planner.log,fe2bcaf05e74291ee5207b64fcb10375f427d51244999949e6eaa4b21d795e06
collect_exp/logs/03_BRL_TOMATO/logs/master/20261005_180322_gui/planner_experiments/exp_tomato_20261005_180805_021548.txt,00_raw/tomato/20261005_180322_gui/exp_tomato_20261005_180805_021548.txt,691bb51ad878f6ec6d02827dea0e4d0f3288ec9e84d12f9b24b9af46c62860e1
collect_exp/logs/03_BRL_TOMATO/logs/master/20261005_180322_gui/feedback_manager.log,00_raw/tomato/20261005_180322_gui/feedback_manager.log,00ab93327f61147bf59c5ccd04015b66eefffe23e45f26b093fd48b257920e25
collect_exp/logs/03_BRL_TOMATO/logs/master/20261005_180322_gui/planner.log,00_raw/tomato/20261005_180322_gui/planner.log,9278feb9d8a104c73201bb60f3dd0203afcdc59ffc4328a511914f8225a970f1
collect_exp/logs/03_BRL_TOMATO/logs/master/20261005_180810_gui/planner_experiments/exp_tomato_20261005_180939_368573.txt,00_raw/tomato/20261005_180810_gui/exp_tomato_20261005_180939_368573.txt,34f002519f63d4604fabe3b092daabfacbad6d0d3fa169ae230457e5b2c19b3c
collect_exp/logs/03_BRL_TOMATO/logs/master/20261005_180810_gui/feedback_manager.log,00_raw/tomato/20261005_180810_gui/feedback_manager.log,85f25b9b9c6aaa9e72b4524cde5afd4e98e84c7ed999e84a071e827f5bc87c6d
collect_exp/logs/03_BRL_TOMATO/logs/master/20261005_180810_gui/planner.log,00_raw/tomato/20261005_180810_gui/planner.log,096330bf6ae0c4cf19891ce2b082fce2c961df50e403474a60a071be1bd25507
collect_exp/logs/03_BRL_TOMATO/logs/master/20261005_180946_gui/planner_experiments/exp_tomato_20261005_181227_296000.txt,00_raw/tomato/20261005_180946_gui/exp_tomato_20261005_181227_296000.txt,b877dce95189744ea1ea7253974e018eaf5a85bba1ece1c90074c6d76b3fe2a4
collect_exp/logs/03_BRL_TOMATO/logs/master/20261005_180946_gui/feedback_manager.log,00_raw/tomato/20261005_180946_gui/feedback_manager.log,a0a027179aa4eedf38798866e3edfed742fa5c36025e945836329ff519cd3b05
collect_exp/logs/03_BRL_TOMATO/logs/master/20261005_180946_gui/planner.log,00_raw/tomato/20261005_180946_gui/planner.log,b631cd7bb0deb766fba69f09cd3b591419618b04536063fa9c3f1c85e56899aa
collect_exp/logs/04_BRL_WASTE/logs/master/20260927_233838_gui_pomdp_scene1/pomdp_experiments/exp_wastesorting_20260927_234219_431369.txt,00_raw/waste/20260927_233838_gui_pomdp_scene1/exp_wastesorting_20260927_234219_431369.txt,90b922c849937f56f9fae66061bc8391d1a85a068559652f8c740cd856ed57a5
collect_exp/logs/04_BRL_WASTE/logs/master/20260927_233838_gui_pomdp_scene1/feedback_manager.log,00_raw/waste/20260927_233838_gui_pomdp_scene1/feedback_manager.log,4a9ebd46a955a89102a7753f49d4f9ccc0d4e4d45b2ee4d7eb6b9992df7de5b3
collect_exp/logs/04_BRL_WASTE/logs/master/20260927_233838_gui_pomdp_scene1/planner.log,00_raw/waste/20260927_233838_gui_pomdp_scene1/planner.log,5cb671f8f2fc2345d543ac9d224f36adc54380fac56c465ea3e8c74d3168bc8f
collect_exp/logs/04_BRL_WASTE/logs/master/20260927_234309_gui/pomdp_experiments/exp_wastesorting_20260927_234701_798922.txt,00_raw/waste/20260927_234309_gui/exp_wastesorting_20260927_234701_798922.txt,8ca86408e21f8c2a9e5e8a44ed09dc78e4f92f17189cea637479a552ee42a53d
collect_exp/logs/04_BRL_WASTE/logs/master/20260927_234309_gui/feedback_manager.log,00_raw/waste/20260927_234309_gui/feedback_manager.log,334a1f5a30f03f62c4d367c52fc546cd0cd5cea25d8c869687fcd2c950266bda
collect_exp/logs/04_BRL_WASTE/logs/master/20260927_234309_gui/planner.log,00_raw/waste/20260927_234309_gui/planner.log,7800b16a4bf6754794b9b78fd910c29b1986396ad3ab7dcc6b92015e5ea32655
collect_exp/logs/04_BRL_WASTE/logs/master/20260927_234727_gui/pomdp_experiments/exp_wastesorting_20260927_235110_079210.txt,00_raw/waste/20260927_234727_gui/exp_wastesorting_20260927_235110_079210.txt,1fc42a399a220057eb3592468ed9268551e5ae9d301895534feec0e4ce5fe5c7
collect_exp/logs/04_BRL_WASTE/logs/master/20260927_234727_gui/feedback_manager.log,00_raw/waste/20260927_234727_gui/feedback_manager.log,1d68fd079401e1952c197c837745ebe81a24d90008e5dfb85b1385fd746a9eab
collect_exp/logs/04_BRL_WASTE/logs/master/20260927_234727_gui/planner.log,00_raw/waste/20260927_234727_gui/planner.log,467961beba84d363c8a9894080b6e3dd8839716e820188de93078d4600d03aac
collect_exp/logs/04_BRL_WASTE/logs/master/20260927_235152_gui/pomdp_experiments/exp_wastesorting_20260927_235530_098236.txt,00_raw/waste/20260927_235152_gui/exp_wastesorting_20260927_235530_098236.txt,b4ee15d7dd4e780992e9ce6d0b693e962ae1b019a24da5311d79e577abbbeef1
collect_exp/logs/04_BRL_WASTE/logs/master/20260927_235152_gui/feedback_manager.log,00_raw/waste/20260927_235152_gui/feedback_manager.log,1f8faff0939a173102fdbcea7a18903fb32f6385309740c48d19802f9f3c6e67
collect_exp/logs/04_BRL_WASTE/logs/master/20260927_235152_gui/planner.log,00_raw/waste/20260927_235152_gui/planner.log,6d53507232e0c86f819c63abfcdd123d4213ae71fb5eb4422de8088a9a3056ae
collect_exp/logs/04_BRL_WASTE/logs/master/20260927_235604_gui/pomdp_experiments/exp_wastesorting_20260928_000000_817565.txt,00_raw/waste/20260927_235604_gui/exp_wastesorting_20260928_000000_817565.txt,db1fe3d52e29ff9222a74140917c9c19665ff90db9f6ce68e17b1546b5fd0265
collect_exp/logs/04_BRL_WASTE/logs/master/20260927_235604_gui/feedback_manager.log,00_raw/waste/20260927_235604_gui/feedback_manager.log,3059e540797511893da91f96b6ea81eeb7c0c1e5a93323b85caed2ecf5d4d575
collect_exp/logs/04_BRL_WASTE/logs/master/20260927_235604_gui/planner.log,00_raw/waste/20260927_235604_gui/planner.log,09c3b99e7105b526e0ccb1329e503e8716bbe3bf211d8d69126e898a6f0f9b6c
collect_exp/logs/04_BRL_WASTE/logs/master/20260928_000039_gui/pomdp_experiments/exp_wastesorting_20260928_000413_016685.txt,00_raw/waste/20260928_000039_gui/exp_wastesorting_20260928_000413_016685.txt,f64647f89500b4b9818e47f1a9acd856ed258041a673d503d9bea4ba10e6cc93
collect_exp/logs/04_BRL_WASTE/logs/master/20260928_000039_gui/feedback_manager.log,00_raw/waste/20260928_000039_gui/feedback_manager.log,901d1feb21a13cd25217d60a87bb2d440d18053fac98caa5a9a2c9472d72cf91
collect_exp/logs/04_BRL_WASTE/logs/master/20260928_000039_gui/planner.log,00_raw/waste/20260928_000039_gui/planner.log,a7ef1db9bedd13433c48a1d2780b343970128b24aeed5f0cb7878f8d7a0936d3
collect_exp/logs/04_BRL_WASTE/logs/master/20260928_000418_gui/pomdp_experiments/exp_wastesorting_20260928_000822_575566.txt,00_raw/waste/20260928_000418_gui/exp_wastesorting_20260928_000822_575566.txt,961729681f5e9219ef33299a03a8f9626474452732bed22f87d48f818e717449
collect_exp/logs/04_BRL_WASTE/logs/master/20260928_000418_gui/feedback_manager.log,00_raw/waste/20260928_000418_gui/feedback_manager.log,49fe19d47de157e7f00483173dea258b8ca312c0a780f55090cc1ba067cddd3f
collect_exp/logs/04_BRL_WASTE/logs/master/20260928_000418_gui/planner.log,00_raw/waste/20260928_000418_gui/planner.log,7cf337db5ac73852e8c494edb3150a5a7a1199081de1997f11c0de3d780c8633
collect_exp/logs/04_BRL_WASTE/logs/master/20260928_001648_gui/pomdp_experiments/exp_wastesorting_20260928_002020_911111.txt,00_raw/waste/20260928_001648_gui/exp_wastesorting_20260928_002020_911111.txt,4cddd657114efe9beca63257d7f5cc8500f9fa15742cf65626bc4c0728c0b400
collect_exp/logs/04_BRL_WASTE/logs/master/20260928_001648_gui/feedback_manager.log,00_raw/waste/20260928_001648_gui/feedback_manager.log,5063fb78e1923f8eeaf6c117a72b5a10069dadf13672661fe130f78ef22d64e6
collect_exp/logs/04_BRL_WASTE/logs/master/20260928_001648_gui/planner.log,00_raw/waste/20260928_001648_gui/planner.log,546efaec9b0e4ac4b8a69443a92ce792b59f5c82b5aeb597aa002b37a5277733
collect_exp/logs/04_BRL_WASTE/logs/master/20260928_002040_gui/pomdp_experiments/exp_wastesorting_20260928_002409_115223.txt,00_raw/waste/20260928_002040_gui/exp_wastesorting_20260928_002409_115223.txt,c620500d4c7039bdcad556fcd9424bb35edfab67724ae7d7e1d067ebcd2a3f0f
collect_exp/logs/04_BRL_WASTE/logs/master/20260928_002040_gui/feedback_manager.log,00_raw/waste/20260928_002040_gui/feedback_manager.log,84191dadbde62f7706e22eaac4903bad83500683559216731e34312f667c08a1
collect_exp/logs/04_BRL_WASTE/logs/master/20260928_002040_gui/planner.log,00_raw/waste/20260928_002040_gui/planner.log,761b442e0f3667d87253e49f2cb3533aa9c4a86b880bb1c9be4589b399a6baf0
collect_exp/logs/04_BRL_WASTE/logs/master/20260928_002425_gui/pomdp_experiments/exp_wastesorting_20260928_002754_317581.txt,00_raw/waste/20260928_002425_gui/exp_wastesorting_20260928_002754_317581.txt,a547ef6add7e7755450820f2c1e9dc5b5360aeff8ae1054310e000ee4e9e1f1e
collect_exp/logs/04_BRL_WASTE/logs/master/20260928_002425_gui/feedback_manager.log,00_raw/waste/20260928_002425_gui/feedback_manager.log,466dc0098da7fc4b0a66b2084acdad0bcb194ecd9ba2887919cb4a2023fa1cc8
collect_exp/logs/04_BRL_WASTE/logs/master/20260928_002425_gui/planner.log,00_raw/waste/20260928_002425_gui/planner.log,eb6675b6c40176beff08750bd4adb7f6aefc799aa57165c12478fd7da2be3d85
collect_exp/logs/04_BRL_WASTE/logs/master/20260928_010255_gui_pomdp_scene2/pomdp_experiments/exp_wastesorting_20260928_010700_398095.txt,00_raw/waste/20260928_010255_gui_pomdp_scene2/exp_wastesorting_20260928_010700_398095.txt,d8062ac77d3d7704b14305974e3ed4ddf5356771814a14695e403b9c13263c20
collect_exp/logs/04_BRL_WASTE/logs/master/20260928_010255_gui_pomdp_scene2/feedback_manager.log,00_raw/waste/20260928_010255_gui_pomdp_scene2/feedback_manager.log,385097f7e00af9a8fad2d9d5d91b41fa00d71314a41a4b781f2404bc1ea45a70
collect_exp/logs/04_BRL_WASTE/logs/master/20260928_010255_gui_pomdp_scene2/planner.log,00_raw/waste/20260928_010255_gui_pomdp_scene2/planner.log,d849b02131f0ace03388a8e1ea2cb3d5e2675ee9671718164ea92f927f6f5808
collect_exp/logs/04_BRL_WASTE/logs/master/20260928_010713_gui/pomdp_experiments/exp_wastesorting_20260928_011113_235491.txt,00_raw/waste/20260928_010713_gui/exp_wastesorting_20260928_011113_235491.txt,e9d9d6e351dc5c4efc87e5cecb5f6617a6cc53c949cda21855bd8a5fda843488
collect_exp/logs/04_BRL_WASTE/logs/master/20260928_010713_gui/feedback_manager.log,00_raw/waste/20260928_010713_gui/feedback_manager.log,188674f53df8f7f0f7d03c38eb40c0bf13e4ca87165df2841f52cc88564830b8
collect_exp/logs/04_BRL_WASTE/logs/master/20260928_010713_gui/planner.log,00_raw/waste/20260928_010713_gui/planner.log,cad6b3d6a5d6f396070a8c93a13e45b1e9af32395633740040b2cb42c93922c7
collect_exp/logs/04_BRL_WASTE/logs/master/20260928_011126_gui/pomdp_experiments/exp_wastesorting_20260928_011524_033237.txt,00_raw/waste/20260928_011126_gui/exp_wastesorting_20260928_011524_033237.txt,84622bd42fde6919ebb79e985a3a10dee2c0c28cf6f22b37203336951aa72591
collect_exp/logs/04_BRL_WASTE/logs/master/20260928_011126_gui/feedback_manager.log,00_raw/waste/20260928_011126_gui/feedback_manager.log,b84df397f6ed380670db9943eb6e6e85a614cdee6e76576cbd2aca537fe8478a
collect_exp/logs/04_BRL_WASTE/logs/master/20260928_011126_gui/planner.log,00_raw/waste/20260928_011126_gui/planner.log,7e2d26a0911326f9426062267105293fd4f267f1c6ca9b8fa5bca3b967ea13f1
collect_exp/logs/04_BRL_WASTE/logs/master/20260928_011527_gui/pomdp_experiments/exp_wastesorting_20260928_011912_433962.txt,00_raw/waste/20260928_011527_gui/exp_wastesorting_20260928_011912_433962.txt,11f4a93004b622a67124112bef52a58a16a61d6ceb8ba85e7654f05acd2a46fd
collect_exp/logs/04_BRL_WASTE/logs/master/20260928_011527_gui/feedback_manager.log,00_raw/waste/20260928_011527_gui/feedback_manager.log,cf80b4a6a0e33d0cdcf9b0562b6f9a14eb0fcb016885c5b21349215e1eafb7cf
collect_exp/logs/04_BRL_WASTE/logs/master/20260928_011527_gui/planner.log,00_raw/waste/20260928_011527_gui/planner.log,7af8d54460adea99133c68ee05c265c88ba296ad3de511978e9d4309be7e2d3f
collect_exp/logs/04_BRL_WASTE/logs/master/20260928_011926_gui/pomdp_experiments/exp_wastesorting_20260928_012303_130437.txt,00_raw/waste/20260928_011926_gui/exp_wastesorting_20260928_012303_130437.txt,74a0cab953c62c77888672ef239f5d9dd21a81ae873bc687b78028175ea37d9e
collect_exp/logs/04_BRL_WASTE/logs/master/20260928_011926_gui/feedback_manager.log,00_raw/waste/20260928_011926_gui/feedback_manager.log,d8535fa0dc732c0be0102f316b57abac923d7b0b996e8ad63ea4f907911c9c63
collect_exp/logs/04_BRL_WASTE/logs/master/20260928_011926_gui/planner.log,00_raw/waste/20260928_011926_gui/planner.log,61b152414a793d25fe701bfbd5a77048adbbad49029190f1a2231c57c228b9f1
collect_exp/logs/04_BRL_WASTE/logs/master/20260928_012312_gui/pomdp_experiments/exp_wastesorting_20260928_012710_529602.txt,00_raw/waste/20260928_012312_gui/exp_wastesorting_20260928_012710_529602.txt,c96cda65c5fd5798a6d876891b08158855da198d5a3e81b05c4d3458667de827
collect_exp/logs/04_BRL_WASTE/logs/master/20260928_012312_gui/feedback_manager.log,00_raw/waste/20260928_012312_gui/feedback_manager.log,4edb24d22ab26eaa1f3fa86a5fb4611b900e464e8aea1dcf25e7135623928e6d
collect_exp/logs/04_BRL_WASTE/logs/master/20260928_012312_gui/planner.log,00_raw/waste/20260928_012312_gui/planner.log,5bc6178c4c75133d045ca4fc3dacbdcc67f273fe38ae1dcd3f5130097b6ae1c8
collect_exp/logs/04_BRL_WASTE/logs/master/20260928_012733_gui/pomdp_experiments/exp_wastesorting_20260928_013116_712907.txt,00_raw/waste/20260928_012733_gui/exp_wastesorting_20260928_013116_712907.txt,8870eb50df73a12855a21af7e5900b9de3d4a07a0f1e1a2b864e5fb1177aed99
collect_exp/logs/04_BRL_WASTE/logs/master/20260928_012733_gui/feedback_manager.log,00_raw/waste/20260928_012733_gui/feedback_manager.log,089df675a6ffa0fa0bf28732cebe1c1ec2fb5bb20925c228108dd6b2e4eff130
collect_exp/logs/04_BRL_WASTE/logs/master/20260928_012733_gui/planner.log,00_raw/waste/20260928_012733_gui/planner.log,4b89a88d88897f35fa1ed70e229a9092f5d52841300b98a1ad0e7495257c4593
collect_exp/logs/04_BRL_WASTE/logs/master/20260928_013137_gui/pomdp_experiments/exp_wastesorting_20260928_013533_574558.txt,00_raw/waste/20260928_013137_gui/exp_wastesorting_20260928_013533_574558.txt,ac9ff54237a1d528827d13a84f2b151c96769344014911d08ba1e130f413beb9
collect_exp/logs/04_BRL_WASTE/logs/master/20260928_013137_gui/feedback_manager.log,00_raw/waste/20260928_013137_gui/feedback_manager.log,85ae431b6e513151fd6a4ed7ad029b76f09661820f8a09e3d9082249ea2a04e5
collect_exp/logs/04_BRL_WASTE/logs/master/20260928_013137_gui/planner.log,00_raw/waste/20260928_013137_gui/planner.log,a6320e157e66b4075033a042f0b33867816549e46cace56af8540aceac4c370d
collect_exp/logs/04_BRL_WASTE/logs/master/20260928_013541_gui/pomdp_experiments/exp_wastesorting_20260928_013928_548934.txt,00_raw/waste/20260928_013541_gui/exp_wastesorting_20260928_013928_548934.txt,c220df93ed3bbcaf02c499426199464770e4b2bfa83cafcdc48ca812a1a9667c
collect_exp/logs/04_BRL_WASTE/logs/master/20260928_013541_gui/feedback_manager.log,00_raw/waste/20260928_013541_gui/feedback_manager.log,d70a9fecf5351c0bd355701425ff7c5c189ef83fd2e02ccc57362618a4609f54
collect_exp/logs/04_BRL_WASTE/logs/master/20260928_013541_gui/planner.log,00_raw/waste/20260928_013541_gui/planner.log,39ea65d295b59eff10e35d116b332a8bc0f52f0c2a3e0d7d4f387ec70197844e
collect_exp/logs/04_BRL_WASTE/logs/master/20260928_013931_gui/pomdp_experiments/exp_wastesorting_20260928_014317_020670.txt,00_raw/waste/20260928_013931_gui/exp_wastesorting_20260928_014317_020670.txt,42a55d209d62f30b84bdce677d4e88b6ff854de9c755977f358ba92d49bae95a
collect_exp/logs/04_BRL_WASTE/logs/master/20260928_013931_gui/feedback_manager.log,00_raw/waste/20260928_013931_gui/feedback_manager.log,c4e598fb9748c91d8b0eefe4c45ec7fb2b3116ac957dc3d51a42c4ca8d247339
collect_exp/logs/04_BRL_WASTE/logs/master/20260928_013931_gui/planner.log,00_raw/waste/20260928_013931_gui/planner.log,bd74a1b5cb288be7272674d39832a9efd835c63ae5319015aaca058172c82ca7
collect_exp/logs/04_BRL_WASTE/logs/master/20260930_075705_gui_pomdp_scene3/pomdp_experiments/exp_wastesorting_20260930_080058_509004.txt,00_raw/waste/20260930_075705_gui_pomdp_scene3/exp_wastesorting_20260930_080058_509004.txt,18288181f1f12fb6c2cf2ccc8368e12eec5a59ebf7ab9a7f400d6d7668c897ad
collect_exp/logs/04_BRL_WASTE/logs/master/20260930_075705_gui_pomdp_scene3/feedback_manager.log,00_raw/waste/20260930_075705_gui_pomdp_scene3/feedback_manager.log,f8386a6371cf21e06248317cb3db39f054726e2e4f0d46be2f86cc307445fd8a
collect_exp/logs/04_BRL_WASTE/logs/master/20260930_075705_gui_pomdp_scene3/planner.log,00_raw/waste/20260930_075705_gui_pomdp_scene3/planner.log,c5a79780c3c710e4ade88f38aa5cc2660afcbbc3601466cdae187df7d5906460
collect_exp/logs/04_BRL_WASTE/logs/master/20260930_080126_gui/pomdp_experiments/exp_wastesorting_20260930_080444_321872.txt,00_raw/waste/20260930_080126_gui/exp_wastesorting_20260930_080444_321872.txt,82d91b034715f1a1ddd55df8bb8e29cff90caf3687927cac559f7d144e7c4ad6
collect_exp/logs/04_BRL_WASTE/logs/master/20260930_080126_gui/feedback_manager.log,00_raw/waste/20260930_080126_gui/feedback_manager.log,838f233e1e3b3765350e9503d82ac722e424ed36dda52c1f35ace2ff7ef5c0e1
collect_exp/logs/04_BRL_WASTE/logs/master/20260930_080126_gui/planner.log,00_raw/waste/20260930_080126_gui/planner.log,b01d74fd0877aa08822bfb8fb2745cdaff21d82dcde06108c4d6235cf43db220
collect_exp/logs/04_BRL_WASTE/logs/master/20260930_080521_gui/pomdp_experiments/exp_wastesorting_20260930_080847_932892.txt,00_raw/waste/20260930_080521_gui/exp_wastesorting_20260930_080847_932892.txt,f9b13356e850e85521fe5e1295f6d5c2c552ab89cb8ab242340904b83dcfe468
collect_exp/logs/04_BRL_WASTE/logs/master/20260930_080521_gui/feedback_manager.log,00_raw/waste/20260930_080521_gui/feedback_manager.log,6f53f366640c5b70da4a260886bc2efbd774673d65ac34019211575a23085e8b
collect_exp/logs/04_BRL_WASTE/logs/master/20260930_080521_gui/planner.log,00_raw/waste/20260930_080521_gui/planner.log,5d8927f7bdf860a9032c8ddf90b5d5d8d223fbf2e3b854de722b4b89083ef9c9
collect_exp/logs/04_BRL_WASTE/logs/master/20260930_081029_gui/pomdp_experiments/exp_wastesorting_20260930_081344_737391.txt,00_raw/waste/20260930_081029_gui/exp_wastesorting_20260930_081344_737391.txt,418b2a34009b01d9c641612230feb977e69db3e25399b9255f0369cecaaa2659
collect_exp/logs/04_BRL_WASTE/logs/master/20260930_081029_gui/feedback_manager.log,00_raw/waste/20260930_081029_gui/feedback_manager.log,4e21302889864da76a9dbaa40d6fe07c06fc5afe70a3d29508955fe8add88197
collect_exp/logs/04_BRL_WASTE/logs/master/20260930_081029_gui/planner.log,00_raw/waste/20260930_081029_gui/planner.log,708ee11af670c811fdcbcd28480e6e828a7753da3786ce7fd6325f705e064b69
collect_exp/logs/04_BRL_WASTE/logs/master/20260930_081411_gui/pomdp_experiments/exp_wastesorting_20260930_081740_595258.txt,00_raw/waste/20260930_081411_gui/exp_wastesorting_20260930_081740_595258.txt,193f1c032e66d28b2b3f4f2c6b59d7d19fbd9213e7afc5396ea063dd5b2834db
collect_exp/logs/04_BRL_WASTE/logs/master/20260930_081411_gui/feedback_manager.log,00_raw/waste/20260930_081411_gui/feedback_manager.log,6fdd77732771609337ebd281e86237bc8fc6b44464a80bc1078c6a56b9de462d
collect_exp/logs/04_BRL_WASTE/logs/master/20260930_081411_gui/planner.log,00_raw/waste/20260930_081411_gui/planner.log,38b1da80dfd4480a7afae1e45d4a97b0c3ab03ef168c0c0b4c621c99d66b9008
collect_exp/logs/04_BRL_WASTE/logs/master/20260930_081800_gui/pomdp_experiments/exp_wastesorting_20260930_082114_850200.txt,00_raw/waste/20260930_081800_gui/exp_wastesorting_20260930_082114_850200.txt,4487c8a7f4cecb4e531b020f0f23fd077ec27653b01ed93f0d5871300b434cc4
collect_exp/logs/04_BRL_WASTE/logs/master/20260930_081800_gui/feedback_manager.log,00_raw/waste/20260930_081800_gui/feedback_manager.log,90899757e77a28566e745816d16d8850809d01694f4ad16d578ca1be717c643c
collect_exp/logs/04_BRL_WASTE/logs/master/20260930_081800_gui/planner.log,00_raw/waste/20260930_081800_gui/planner.log,460158a7bdba8e71e56ae2e5fa773354ae3ccb011c1c6be5122d3c3b1f7ec701
collect_exp/logs/04_BRL_WASTE/logs/master/20260930_082305_gui/pomdp_experiments/exp_wastesorting_20260930_082634_075917.txt,00_raw/waste/20260930_082305_gui/exp_wastesorting_20260930_082634_075917.txt,8f1e890bd40cb41e202a5805f511ecc1a6600be0766ba30e272e313143d54e36
collect_exp/logs/04_BRL_WASTE/logs/master/20260930_082305_gui/feedback_manager.log,00_raw/waste/20260930_082305_gui/feedback_manager.log,8569aca57740e1eeda2d8389397bd5bf994036b6dd6e47f5e692aa6e89bb485c
collect_exp/logs/04_BRL_WASTE/logs/master/20260930_082305_gui/planner.log,00_raw/waste/20260930_082305_gui/planner.log,70669bf55010cb56883291a8273c7c4362e518ab587a3d36673faf42cc7260f3
collect_exp/logs/04_BRL_WASTE/logs/master/20260930_082636_gui/pomdp_experiments/exp_wastesorting_20260930_083005_434174.txt,00_raw/waste/20260930_082636_gui/exp_wastesorting_20260930_083005_434174.txt,7b672a63078cca58c1d4672b0c00058a61497f4501e0a8052ad7c53534daa31d
collect_exp/logs/04_BRL_WASTE/logs/master/20260930_082636_gui/feedback_manager.log,00_raw/waste/20260930_082636_gui/feedback_manager.log,df91ef0ee17bdaa8063ad00597fb6f63234b8a481c8b28cfcb99fefa13a2b108
collect_exp/logs/04_BRL_WASTE/logs/master/20260930_082636_gui/planner.log,00_raw/waste/20260930_082636_gui/planner.log,3c596b9d6332456045302f75bd398c4671ef37f879108ca1014c377b3f793613
collect_exp/logs/04_BRL_WASTE/logs/master/20260930_083202_gui/pomdp_experiments/exp_wastesorting_20260930_083555_732675.txt,00_raw/waste/20260930_083202_gui/exp_wastesorting_20260930_083555_732675.txt,4294f18e32b16decab56e387d34f7622b298ab879fa24f191bfb8e82a470fa27
collect_exp/logs/04_BRL_WASTE/logs/master/20260930_083202_gui/feedback_manager.log,00_raw/waste/20260930_083202_gui/feedback_manager.log,1e2530adf6ef71c69dc9534512faf9d908f1cc81026bdbf4509e5b69e5f8f369
collect_exp/logs/04_BRL_WASTE/logs/master/20260930_083202_gui/planner.log,00_raw/waste/20260930_083202_gui/planner.log,a768d17ad2ff335100a13d56af4b21705775c1dfea20fb0374530af04279c57d
collect_exp/logs/04_BRL_WASTE/logs/master/20260930_083559_gui/pomdp_experiments/exp_wastesorting_20260930_083927_235355.txt,00_raw/waste/20260930_083559_gui/exp_wastesorting_20260930_083927_235355.txt,cc69bfa7eccbb99eb870efd6ce40b672cce504aad54dc98ac6a768ab45df45a4
collect_exp/logs/04_BRL_WASTE/logs/master/20260930_083559_gui/feedback_manager.log,00_raw/waste/20260930_083559_gui/feedback_manager.log,a336cd9d06623ddcc09e8d933adb6692f2d63dc08c60521907f52f35493520c7
collect_exp/logs/04_BRL_WASTE/logs/master/20260930_083559_gui/planner.log,00_raw/waste/20260930_083559_gui/planner.log,d6ffa13a370bf03d9faf898236201653b328d059e6e6d8af8d7f766bf1f0ed14
collect_exp/logs/04_BRL_WASTE/logs/master/20260930_083932_gui_knowno_scene3/planner_experiments/exp_wastesorting_20260930_084320_950052.txt,00_raw/waste/20260930_083932_gui_knowno_scene3/exp_wastesorting_20260930_084320_950052.txt,86fa8fcd021b5447f8822e9274171f5dcf8e9e7a2def97ed3139cf20f862d387
collect_exp/logs/04_BRL_WASTE/logs/master/20260930_083932_gui_knowno_scene3/feedback_manager.log,00_raw/waste/20260930_083932_gui_knowno_scene3/feedback_manager.log,156faa25267d02a8e407d5dd5c301f3c44fc36a6bce485c2fa87a96b3304264f
collect_exp/logs/04_BRL_WASTE/logs/master/20260930_083932_gui_knowno_scene3/planner.log,00_raw/waste/20260930_083932_gui_knowno_scene3/planner.log,5350f105ade3cf74f6d5d5f527907f3c85e2d570e6af4fb39e983007927ca277
collect_exp/logs/04_BRL_WASTE/logs/master/20260930_084324_gui/planner_experiments/exp_wastesorting_20260930_084705_594665.txt,00_raw/waste/20260930_084324_gui/exp_wastesorting_20260930_084705_594665.txt,6f1fdb0bd7887b23b9c1161e58902fd4960907a88d53e2c199c05da90496a0ea
collect_exp/logs/04_BRL_WASTE/logs/master/20260930_084324_gui/feedback_manager.log,00_raw/waste/20260930_084324_gui/feedback_manager.log,0c77048822471b7e4450dfa5eadbe0cf4ba4646a669c9e466df4ea21d312657d
collect_exp/logs/04_BRL_WASTE/logs/master/20260930_084324_gui/planner.log,00_raw/waste/20260930_084324_gui/planner.log,492f23cb44408634e20fda346b7ef81d66b9bb43eb766613d8af6e418479a340
collect_exp/logs/04_BRL_WASTE/logs/master/20260930_084708_gui/planner_experiments/exp_wastesorting_20260930_085039_974763.txt,00_raw/waste/20260930_084708_gui/exp_wastesorting_20260930_085039_974763.txt,b23337da0f5bc822016be5b4dbc13643c3e50d9851a572f0bd3619e85cfaa400
collect_exp/logs/04_BRL_WASTE/logs/master/20260930_084708_gui/feedback_manager.log,00_raw/waste/20260930_084708_gui/feedback_manager.log,28ac652e564c3d2e9cc862624ba0d26edadfe00c3678c1d6557edd22312c099b
collect_exp/logs/04_BRL_WASTE/logs/master/20260930_084708_gui/planner.log,00_raw/waste/20260930_084708_gui/planner.log,fd2931b22a2a3466df480c45102c8d25a4bf6090b5cb98ac0d14f9a228771acd
collect_exp/logs/04_BRL_WASTE/logs/master/20260930_085043_gui/planner_experiments/exp_wastesorting_20260930_085433_052218.txt,00_raw/waste/20260930_085043_gui/exp_wastesorting_20260930_085433_052218.txt,39cd66e141a3471aa7c7f6c48cf741222372eda73de9b5cc7deeaf5cf9dece7f
collect_exp/logs/04_BRL_WASTE/logs/master/20260930_085043_gui/feedback_manager.log,00_raw/waste/20260930_085043_gui/feedback_manager.log,7a4a5b26b864686b0af103c36850f66694795bcf465f291fafab7ff4e3cfc4d0
collect_exp/logs/04_BRL_WASTE/logs/master/20260930_085043_gui/planner.log,00_raw/waste/20260930_085043_gui/planner.log,67924c5c7044c933ab734f9cfed9ca4416502fe790a0dffaef1ef3638782efd0
collect_exp/logs/04_BRL_WASTE/logs/master/20260930_085449_gui/planner_experiments/exp_wastesorting_20260930_085838_075994.txt,00_raw/waste/20260930_085449_gui/exp_wastesorting_20260930_085838_075994.txt,73db5990301f99a9428394e140e6863ddddd1282f14690f180516f56e1850229
collect_exp/logs/04_BRL_WASTE/logs/master/20260930_085449_gui/feedback_manager.log,00_raw/waste/20260930_085449_gui/feedback_manager.log,ce509a36e97b57b512af8dabca5f5fec32c28de710b07f41a9275c1459d5e404
collect_exp/logs/04_BRL_WASTE/logs/master/20260930_085449_gui/planner.log,00_raw/waste/20260930_085449_gui/planner.log,f8bf53f11a79d3a2edaf8163a59ddfa146d723403f7a3ac5de4dac9c255047f2
collect_exp/logs/04_BRL_WASTE/logs/master/20260930_085840_gui/planner_experiments/exp_wastesorting_20260930_090223_857291.txt,00_raw/waste/20260930_085840_gui/exp_wastesorting_20260930_090223_857291.txt,230928e929b48c2c434c1bc330bbc5347b7654d035f236749b2f0b967914f191
collect_exp/logs/04_BRL_WASTE/logs/master/20260930_085840_gui/feedback_manager.log,00_raw/waste/20260930_085840_gui/feedback_manager.log,b8b101b9164fd7cf658e556470bdcc8dac75b67bdb52895e2a089981e5845ed9
collect_exp/logs/04_BRL_WASTE/logs/master/20260930_085840_gui/planner.log,00_raw/waste/20260930_085840_gui/planner.log,a0ffabb626a43a497d3a8920d40fa6db32c085ea8b87c6843eaf2009816198ce
collect_exp/logs/04_BRL_WASTE/logs/master/20260930_090226_gui/planner_experiments/exp_wastesorting_20260930_090557_052869.txt,00_raw/waste/20260930_090226_gui/exp_wastesorting_20260930_090557_052869.txt,2400a2372382a5da6ee4497111546a1f763d6a91b392338c56be2178b84d0481
collect_exp/logs/04_BRL_WASTE/logs/master/20260930_090226_gui/feedback_manager.log,00_raw/waste/20260930_090226_gui/feedback_manager.log,1ff52d8b3d05ef9d5cb9f9b5c74943b8aeb2385abe509f30ff4d2231daf5cffc
collect_exp/logs/04_BRL_WASTE/logs/master/20260930_090226_gui/planner.log,00_raw/waste/20260930_090226_gui/planner.log,398ab5f815796a407eb6b78088fafc9d98c303353458724c357f5a6f0dd08d28
collect_exp/logs/04_BRL_WASTE/logs/master/20260930_090644_gui/planner_experiments/exp_wastesorting_20260930_091015_655141.txt,00_raw/waste/20260930_090644_gui/exp_wastesorting_20260930_091015_655141.txt,0dfc225e1a01a019dd821b0ce64862fe95e0b990e26cd054895abd9eebfda243
collect_exp/logs/04_BRL_WASTE/logs/master/20260930_090644_gui/feedback_manager.log,00_raw/waste/20260930_090644_gui/feedback_manager.log,d6b59d90473cb182444df52348a8bc96bbc9d7ad6ef4d6f3104f965cdc282396
collect_exp/logs/04_BRL_WASTE/logs/master/20260930_090644_gui/planner.log,00_raw/waste/20260930_090644_gui/planner.log,7647f93a31ddc738baabc586cb0615d8b0cceaa4ea1f72d188e570fc080552b0
collect_exp/logs/04_BRL_WASTE/logs/master/20260930_091018_gui/planner_experiments/exp_wastesorting_20260930_091351_523940.txt,00_raw/waste/20260930_091018_gui/exp_wastesorting_20260930_091351_523940.txt,c4018ab81c7fe47d3a21c25fa5e0842dad03b30cd2bd5b58200a3555012af4a6
collect_exp/logs/04_BRL_WASTE/logs/master/20260930_091018_gui/feedback_manager.log,00_raw/waste/20260930_091018_gui/feedback_manager.log,5ea6a1189d86bade4325bc453d0ef5ecef0ccd0b5c57b86cf3c1379cec2d8b06
collect_exp/logs/04_BRL_WASTE/logs/master/20260930_091018_gui/planner.log,00_raw/waste/20260930_091018_gui/planner.log,42fff73f6a8f7de7fa058620654e85a4fceb8309c349248e99a07728b21624b6
collect_exp/logs/04_BRL_WASTE/logs/master/20260930_092651_gui/planner_experiments/exp_wastesorting_20260930_093146_327658.txt,00_raw/waste/20260930_092651_gui/exp_wastesorting_20260930_093146_327658.txt,ea85d657ba91f7186b8e6eb2b149f5cd2e82405add9f7c88fb7aa6c733c12a62
collect_exp/logs/04_BRL_WASTE/logs/master/20260930_092651_gui/feedback_manager.log,00_raw/waste/20260930_092651_gui/feedback_manager.log,cde69938b73802494d4d97b948f926b9c84f24c8a743e918f48ebfa1d647eb8e
collect_exp/logs/04_BRL_WASTE/logs/master/20260930_092651_gui/planner.log,00_raw/waste/20260930_092651_gui/planner.log,22928b8d6b1f2517bf758520a3420b67a475620ef5bdc031c6384a5718283187
collect_exp/logs/04_BRL_WASTE/logs/master/20260930_094117_gui_knowno_scene4/planner_experiments/exp_wastesorting_20260930_094509_329289.txt,00_raw/waste/20260930_094117_gui_knowno_scene4/exp_wastesorting_20260930_094509_329289.txt,f3aa2b736e4187c7f348ef07b399e0b4f7f5c993f1dcaac59445d97561485955
collect_exp/logs/04_BRL_WASTE/logs/master/20260930_094117_gui_knowno_scene4/feedback_manager.log,00_raw/waste/20260930_094117_gui_knowno_scene4/feedback_manager.log,7db8da12cf769091de1a0db56fb8ec72a9ffe8ac7b9703d781ebd6610d678c0b
collect_exp/logs/04_BRL_WASTE/logs/master/20260930_094117_gui_knowno_scene4/planner.log,00_raw/waste/20260930_094117_gui_knowno_scene4/planner.log,454c8b936ea964a66f2bb18811e283c965d0a028044cb0d0cdbdbb4ad79aaf4d
collect_exp/logs/04_BRL_WASTE/logs/master/20260930_094524_gui/planner_experiments/exp_wastesorting_20260930_094915_311629.txt,00_raw/waste/20260930_094524_gui/exp_wastesorting_20260930_094915_311629.txt,5b93d3d3242d399bd140b9e6261d4b3d4b71b27780cb8f16d7574251e0abfcc7
collect_exp/logs/04_BRL_WASTE/logs/master/20260930_094524_gui/feedback_manager.log,00_raw/waste/20260930_094524_gui/feedback_manager.log,d5fd486ef1c9c5169c4f96ffda2b53bbdbc633360ce9bd3b5926fb9643f8d31a
collect_exp/logs/04_BRL_WASTE/logs/master/20260930_094524_gui/planner.log,00_raw/waste/20260930_094524_gui/planner.log,2cdd1756f1dad25b1737a0c82c25ab5308c957607f91c636b884d5d173957b39
collect_exp/logs/04_BRL_WASTE/logs/master/20260930_094924_gui/planner_experiments/exp_wastesorting_20260930_095308_298123.txt,00_raw/waste/20260930_094924_gui/exp_wastesorting_20260930_095308_298123.txt,8b1eb93ba969cf0320d90c89cb2c7c0f6ce1808cd71acaed882cafba1767f2f2
collect_exp/logs/04_BRL_WASTE/logs/master/20260930_094924_gui/feedback_manager.log,00_raw/waste/20260930_094924_gui/feedback_manager.log,0bd7dea84355dcb0d81c0f61530f7809cf11b2efdfceef75207bfb7a5ae4661b
collect_exp/logs/04_BRL_WASTE/logs/master/20260930_094924_gui/planner.log,00_raw/waste/20260930_094924_gui/planner.log,59586cb9f722c033cca87e109ed4b6af6c34de54cf8d7ca09d466e1d54a75b74
collect_exp/logs/04_BRL_WASTE/logs/master/20260930_095417_gui/planner_experiments/exp_wastesorting_20260930_095806_142171.txt,00_raw/waste/20260930_095417_gui/exp_wastesorting_20260930_095806_142171.txt,2de87d2fd059fd2caac07bae7b84cc1eef5e08e30e5a5b7fecee2410db89fd8b
collect_exp/logs/04_BRL_WASTE/logs/master/20260930_095417_gui/feedback_manager.log,00_raw/waste/20260930_095417_gui/feedback_manager.log,a34fe3434d5f7d9a9bbec438248b844401cda64105590d2243036add85a3ce04
collect_exp/logs/04_BRL_WASTE/logs/master/20260930_095417_gui/planner.log,00_raw/waste/20260930_095417_gui/planner.log,142630dfb4fb6e6f7812f0a0662a6b1626de47d3355771790ef263f678f2972c
collect_exp/logs/04_BRL_WASTE/logs/master/20260930_095815_gui/planner_experiments/exp_wastesorting_20260930_100305_576655.txt,00_raw/waste/20260930_095815_gui/exp_wastesorting_20260930_100305_576655.txt,007ea33d651a10156c97c1e3ae0edfe27a0b67d66df29854e7d584ea145824e2
collect_exp/logs/04_BRL_WASTE/logs/master/20260930_095815_gui/feedback_manager.log,00_raw/waste/20260930_095815_gui/feedback_manager.log,4f870ce0c433201925fa601ad26e0fb29c9c4f5c8f77ae7f74ca64fa3d5cfef6
collect_exp/logs/04_BRL_WASTE/logs/master/20260930_095815_gui/planner.log,00_raw/waste/20260930_095815_gui/planner.log,96973968b2e4cd2801205ff450e5959eb9383befab6ad563cb288ff4d7796e2a
collect_exp/logs/04_BRL_WASTE/logs/master/20260930_100316_gui/planner_experiments/exp_wastesorting_20260930_100635_233375.txt,00_raw/waste/20260930_100316_gui/exp_wastesorting_20260930_100635_233375.txt,6d5d913a43e4a3617ad8c18eaa2f87747057b479c7a5fd009977ed280e75e94c
collect_exp/logs/04_BRL_WASTE/logs/master/20260930_100316_gui/feedback_manager.log,00_raw/waste/20260930_100316_gui/feedback_manager.log,e896b62cc451dbd921cf250f6ab193bb83bd9dfddcc415a905b924621ed9beff
collect_exp/logs/04_BRL_WASTE/logs/master/20260930_100316_gui/planner.log,00_raw/waste/20260930_100316_gui/planner.log,cf094cca1bd7af045d9bc5b6386df3ff23eb16481ef9529a37a26dfe86c17ab4
collect_exp/logs/04_BRL_WASTE/logs/master/20260930_100903_gui/planner_experiments/exp_wastesorting_20260930_101158_823996.txt,00_raw/waste/20260930_100903_gui/exp_wastesorting_20260930_101158_823996.txt,a53f02ae247ee7fa0c1a407ba63fe6488633b85c2399cb1ac6b05434107839a6
collect_exp/logs/04_BRL_WASTE/logs/master/20260930_100903_gui/feedback_manager.log,00_raw/waste/20260930_100903_gui/feedback_manager.log,1bc790bf47d8080d2013120968c8eb8378bf6ef61409e5daeca101a2d7564a3a
collect_exp/logs/04_BRL_WASTE/logs/master/20260930_100903_gui/planner.log,00_raw/waste/20260930_100903_gui/planner.log,4bab5a730248005359c2f313747409b2375abe491eb8ee77fd4fd8be87de9767
collect_exp/logs/04_BRL_WASTE/logs/master/20260930_101231_gui/planner_experiments/exp_wastesorting_20260930_101642_560976.txt,00_raw/waste/20260930_101231_gui/exp_wastesorting_20260930_101642_560976.txt,a42f549172d2153c68b602b40efc815dbbc88dcf440737d0328953bfe3ea2c92
collect_exp/logs/04_BRL_WASTE/logs/master/20260930_101231_gui/feedback_manager.log,00_raw/waste/20260930_101231_gui/feedback_manager.log,0c799b3161db9f78f3926e4c35fb55c073f20696e309fc55cc07999d562cbdb8
collect_exp/logs/04_BRL_WASTE/logs/master/20260930_101231_gui/planner.log,00_raw/waste/20260930_101231_gui/planner.log,1adcb407951f9cbd9b37674eb9f12d18c6a476e72ff7466fd5143f3742b2b90f
collect_exp/logs/04_BRL_WASTE/logs/master/20260930_101653_gui/planner_experiments/exp_wastesorting_20260930_102105_995821.txt,00_raw/waste/20260930_101653_gui/exp_wastesorting_20260930_102105_995821.txt,7998a8ca5da52758b0bdc4cee5b7a6572d5913279ca20ce2f647b81216cb701d
collect_exp/logs/04_BRL_WASTE/logs/master/20260930_101653_gui/feedback_manager.log,00_raw/waste/20260930_101653_gui/feedback_manager.log,dd984f7d1becc385db7d0c0590ad539b0280ce51a4f5d8963db50ab6b772ddc6
collect_exp/logs/04_BRL_WASTE/logs/master/20260930_101653_gui/planner.log,00_raw/waste/20260930_101653_gui/planner.log,34422accb14917cde1c67fd90c5e105519ea984066d6c64cd8dc6b4f5d421237
collect_exp/logs/04_BRL_WASTE/logs/master/20260930_102252_gui/planner_experiments/exp_wastesorting_20260930_102619_236642.txt,00_raw/waste/20260930_102252_gui/exp_wastesorting_20260930_102619_236642.txt,df789e29351cf08636a4d7835b54f658e16dae8f72792923e70819ea92dda6ea
collect_exp/logs/04_BRL_WASTE/logs/master/20260930_102252_gui/feedback_manager.log,00_raw/waste/20260930_102252_gui/feedback_manager.log,c3d110b3d2ba6fbc1acd4a8a107c24bf2f1a0d665669f450fe197247aaebc985
collect_exp/logs/04_BRL_WASTE/logs/master/20260930_102252_gui/planner.log,00_raw/waste/20260930_102252_gui/planner.log,ce54345d699507c91c1d5a2506fcd76dfe94eccd6af6d6f21e51cd65aeba6b47
collect_exp/logs/04_BRL_WASTE/logs/master/20260930_103050_gui_pomdp_scene4/pomdp_experiments/exp_wastesorting_20260930_103448_038589.txt,00_raw/waste/20260930_103050_gui_pomdp_scene4/exp_wastesorting_20260930_103448_038589.txt,1b71af94fa0e4d569664db2c6f205f56f6332c39dde0f643b78201aa7fdf5df6
collect_exp/logs/04_BRL_WASTE/logs/master/20260930_103050_gui_pomdp_scene4/feedback_manager.log,00_raw/waste/20260930_103050_gui_pomdp_scene4/feedback_manager.log,50796c8f7369e655b06f84bee95cf2218533e33e78a4b54cf664ab908bb17481
collect_exp/logs/04_BRL_WASTE/logs/master/20260930_103050_gui_pomdp_scene4/planner.log,00_raw/waste/20260930_103050_gui_pomdp_scene4/planner.log,bb447c99578f6a0e8ce55b7defa42ccf1180c14d38d84f512e033dc49ddc06a1
collect_exp/logs/04_BRL_WASTE/logs/master/20260930_103453_gui/pomdp_experiments/exp_wastesorting_20260930_103903_955723.txt,00_raw/waste/20260930_103453_gui/exp_wastesorting_20260930_103903_955723.txt,dd284fb0f4eb3a17b64149d39f151f9d84825fe11a20a106ae0ecb0338f7a5ab
collect_exp/logs/04_BRL_WASTE/logs/master/20260930_103453_gui/feedback_manager.log,00_raw/waste/20260930_103453_gui/feedback_manager.log,75bbfccc54dbc7b6e4f8f0bf71fd3f1cedfa2c886945ee8d921da392bed689bf
collect_exp/logs/04_BRL_WASTE/logs/master/20260930_103453_gui/planner.log,00_raw/waste/20260930_103453_gui/planner.log,3ddb2a521943495fe9e4553ef608c07a82e0f2c62375e7edf327c9a5e039c23c
collect_exp/logs/04_BRL_WASTE/logs/master/20260930_104118_gui/pomdp_experiments/exp_wastesorting_20260930_104506_638780.txt,00_raw/waste/20260930_104118_gui/exp_wastesorting_20260930_104506_638780.txt,4bb60aedc5e22cc65bfc0e30c266b5cef230e611e1d728573f6739c71a7343e8
collect_exp/logs/04_BRL_WASTE/logs/master/20260930_104118_gui/feedback_manager.log,00_raw/waste/20260930_104118_gui/feedback_manager.log,4fb02299e5fc60d5484efa9f50a98494b09edcd42beecd5c6e192cd79c9a65e6
collect_exp/logs/04_BRL_WASTE/logs/master/20260930_104118_gui/planner.log,00_raw/waste/20260930_104118_gui/planner.log,c7ed394a4fbd0e1b9980633cf2ae7d511623a94deba3dcf16bd2ab5a5ece3aca
collect_exp/logs/04_BRL_WASTE/logs/master/20260930_104532_gui/pomdp_experiments/exp_wastesorting_20260930_104928_000256.txt,00_raw/waste/20260930_104532_gui/exp_wastesorting_20260930_104928_000256.txt,4a82aa69fa65edc539f0ebcda45774404ab8dc7053b0524ff9f5d3edb667d8a9
collect_exp/logs/04_BRL_WASTE/logs/master/20260930_104532_gui/feedback_manager.log,00_raw/waste/20260930_104532_gui/feedback_manager.log,666f0801524ec3f73034880751e83b8d9158f417bb25ef505c097f65f7af616f
collect_exp/logs/04_BRL_WASTE/logs/master/20260930_104532_gui/planner.log,00_raw/waste/20260930_104532_gui/planner.log,b2cfcdf84d0933caff517fde6a7b8450136cbc2da51b80996a601fb800efae87
collect_exp/logs/04_BRL_WASTE/logs/master/20260930_105227_gui/pomdp_experiments/exp_wastesorting_20260930_105641_536492.txt,00_raw/waste/20260930_105227_gui/exp_wastesorting_20260930_105641_536492.txt,a4e6ec0d1d77006a4d06c55ed3a1196bd579b9b698cfc2d61710dc7903925ff7
collect_exp/logs/04_BRL_WASTE/logs/master/20260930_105227_gui/feedback_manager.log,00_raw/waste/20260930_105227_gui/feedback_manager.log,b60a3011067dd0810416c184c4c0b56408a266534c45e18da344b5d9ebcec97b
collect_exp/logs/04_BRL_WASTE/logs/master/20260930_105227_gui/planner.log,00_raw/waste/20260930_105227_gui/planner.log,e8d04f9436f923197ed0eb3fbbe4ead22cdd82df823e6862351082e9c053a4e1
collect_exp/logs/04_BRL_WASTE/logs/master/20260930_105852_gui/pomdp_experiments/exp_wastesorting_20260930_105951_134528.txt,00_raw/waste/20260930_105852_gui/exp_wastesorting_20260930_105951_134528.txt,a17924a5f18b9a8f54d68d824358771c580a57c27671135354205825477645bd
collect_exp/logs/04_BRL_WASTE/logs/master/20260930_105852_gui/feedback_manager.log,00_raw/waste/20260930_105852_gui/feedback_manager.log,2d20e7e768b624ee754604c9b09ca7ac859c37a0cd42ebcaf7bf919c7ce11faa
collect_exp/logs/04_BRL_WASTE/logs/master/20260930_105852_gui/planner.log,00_raw/waste/20260930_105852_gui/planner.log,05040f90075da720eef9885558567957af123588eb517789c757313ff2d4bd97
collect_exp/logs/04_BRL_WASTE/logs/master/20260930_111719_gui/pomdp_experiments/exp_wastesorting_20260930_112027_753757.txt,00_raw/waste/20260930_111719_gui/exp_wastesorting_20260930_112027_753757.txt,6040f1fbeb8c7a718c2e44f7c6f7b5474dba57b43aebb9290e470c725f10853b
collect_exp/logs/04_BRL_WASTE/logs/master/20260930_111719_gui/feedback_manager.log,00_raw/waste/20260930_111719_gui/feedback_manager.log,c123ffa49fa70604de4e7251fc1d83993f70294ada6272c223d975de2c2ea24d
collect_exp/logs/04_BRL_WASTE/logs/master/20260930_111719_gui/planner.log,00_raw/waste/20260930_111719_gui/planner.log,9a85988bd5ed2ebe2338437b708ac0a7a090b0d8a5009ca7c998a3573c67e99c
collect_exp/logs/04_BRL_WASTE/logs/master/20260930_112143_gui/pomdp_experiments/exp_wastesorting_20260930_112535_599033.txt,00_raw/waste/20260930_112143_gui/exp_wastesorting_20260930_112535_599033.txt,00baffbb9232fa73de24c344555b15b4dd28cf3d02e17b7c98a913cdefedd4c8
collect_exp/logs/04_BRL_WASTE/logs/master/20260930_112143_gui/feedback_manager.log,00_raw/waste/20260930_112143_gui/feedback_manager.log,76550476fe7cb923e2cd95122666572e29ce96016c32de54cc08c51154568196
collect_exp/logs/04_BRL_WASTE/logs/master/20260930_112143_gui/planner.log,00_raw/waste/20260930_112143_gui/planner.log,f2a37bf2f86cd9d9e1a36847aee391986a62dd58a250093c211cc96306d2c86d
collect_exp/logs/04_BRL_WASTE/logs/master/20260930_112820_gui/pomdp_experiments/exp_wastesorting_20260930_113225_198569.txt,00_raw/waste/20260930_112820_gui/exp_wastesorting_20260930_113225_198569.txt,c0c3eaf6f874a746be1b57996fa0e2dbae9a2114e6cb1ddd323dd5699c521618
collect_exp/logs/04_BRL_WASTE/logs/master/20260930_112820_gui/feedback_manager.log,00_raw/waste/20260930_112820_gui/feedback_manager.log,5a3b8da280c06dd7d0474fefbad313a6abeefd13d835ca6cd6a7329be0017da0
collect_exp/logs/04_BRL_WASTE/logs/master/20260930_112820_gui/planner.log,00_raw/waste/20260930_112820_gui/planner.log,8675d86c0e0ce29669866e6b1c8319ffda1190834cf88e04d90c2b9dc58ad61f
collect_exp/logs/04_BRL_WASTE/logs/master/20260930_113245_gui/pomdp_experiments/exp_wastesorting_20260930_113648_277888.txt,00_raw/waste/20260930_113245_gui/exp_wastesorting_20260930_113648_277888.txt,e027b45ec9590c466cc346e8d899a906fb4dd687d40710a6e7dfe1ff312ae211
collect_exp/logs/04_BRL_WASTE/logs/master/20260930_113245_gui/feedback_manager.log,00_raw/waste/20260930_113245_gui/feedback_manager.log,f7aeeb0997c93b230da2b4c666f771744981017caacaf8261d2fa53ea95b32d8
collect_exp/logs/04_BRL_WASTE/logs/master/20260930_113245_gui/planner.log,00_raw/waste/20260930_113245_gui/planner.log,9a1f23cf8becb18ad32096db7ef7ae5e3063616b979d410df7a53685d510291d
collect_exp/logs/04_BRL_WASTE/logs/master/20261002_171809_gui_knowno_scene1/planner_experiments/exp_wastesorting_20261002_172022_919740.txt,00_raw/waste/20261002_171809_gui_knowno_scene1/exp_wastesorting_20261002_172022_919740.txt,8463406d0f54429ec3a7f4af98c857ea466ce2b307b5a387ecfe1c8f19b69e5a
collect_exp/logs/04_BRL_WASTE/logs/master/20261002_171809_gui_knowno_scene1/feedback_manager.log,00_raw/waste/20261002_171809_gui_knowno_scene1/feedback_manager.log,e9ac976cb4511dde6f99f6f057f70ffc4f35de00b79e2c90db55a321437c22fd
collect_exp/logs/04_BRL_WASTE/logs/master/20261002_171809_gui_knowno_scene1/planner.log,00_raw/waste/20261002_171809_gui_knowno_scene1/planner.log,cd80b97bfa3e42d3fe79a92dfb4ff4c4b578d4fc437cb2e56d2cb62150c63442
collect_exp/logs/04_BRL_WASTE/logs/master/20261002_172037_gui/planner_experiments/exp_wastesorting_20261002_172311_970515.txt,00_raw/waste/20261002_172037_gui/exp_wastesorting_20261002_172311_970515.txt,b93d2d815f4b42169b4d5efaa2967d12f14c2df7d6ecec94d63fed124169ea21
collect_exp/logs/04_BRL_WASTE/logs/master/20261002_172037_gui/feedback_manager.log,00_raw/waste/20261002_172037_gui/feedback_manager.log,56f3faf2304f87a0e5023dec1a9ca48a55d605c4f6766a3584a1c852e98e784f
collect_exp/logs/04_BRL_WASTE/logs/master/20261002_172037_gui/planner.log,00_raw/waste/20261002_172037_gui/planner.log,42b06a9bf0ce31451e29dd7f805060ea37afb368d3f7427f7b34df951590c82e
collect_exp/logs/04_BRL_WASTE/logs/master/20261002_172322_gui/planner_experiments/exp_wastesorting_20261002_172650_540100.txt,00_raw/waste/20261002_172322_gui/exp_wastesorting_20261002_172650_540100.txt,8ab9134e5c9f5a1bdeb11880a83c7c4055faaa38bf3534d2eef196a6218b461a
collect_exp/logs/04_BRL_WASTE/logs/master/20261002_172322_gui/feedback_manager.log,00_raw/waste/20261002_172322_gui/feedback_manager.log,dbbc0b5291b7469d5c51bd67682cbfd58330b9e0d5ede5bf9208f1d7f02aed06
collect_exp/logs/04_BRL_WASTE/logs/master/20261002_172322_gui/planner.log,00_raw/waste/20261002_172322_gui/planner.log,a0fe76b05148c08029351fb09b498d0cd49d849a32050b85328e6216b985301e
collect_exp/logs/04_BRL_WASTE/logs/master/20261002_172657_gui/planner_experiments/exp_wastesorting_20261002_173034_222772.txt,00_raw/waste/20261002_172657_gui/exp_wastesorting_20261002_173034_222772.txt,5d1ff01515063a11058e3e117ef1949fcb84d9f432e0aea4bd14db3915183e1c
collect_exp/logs/04_BRL_WASTE/logs/master/20261002_172657_gui/feedback_manager.log,00_raw/waste/20261002_172657_gui/feedback_manager.log,1769c0e28e868997928c0d084d970aad5b540898c872071b45ad796e12dc2454
collect_exp/logs/04_BRL_WASTE/logs/master/20261002_172657_gui/planner.log,00_raw/waste/20261002_172657_gui/planner.log,8c250d19ffa26b17f852ac6b5d180ece86d46fb3ee8819b596209bd245a22673
collect_exp/logs/04_BRL_WASTE/logs/master/20261002_173047_gui/planner_experiments/exp_wastesorting_20261002_173415_374747.txt,00_raw/waste/20261002_173047_gui/exp_wastesorting_20261002_173415_374747.txt,d7fe0a106a8517aac3cf705e9a7e562805584b9c2055e56a6d44a3d1a406eced
collect_exp/logs/04_BRL_WASTE/logs/master/20261002_173047_gui/feedback_manager.log,00_raw/waste/20261002_173047_gui/feedback_manager.log,11ccafb87dc02d9e0b561ec1241bfb65a0497aacef7b9fb0bb31eb2a17faee24
collect_exp/logs/04_BRL_WASTE/logs/master/20261002_173047_gui/planner.log,00_raw/waste/20261002_173047_gui/planner.log,04f01c2b91d559951ae2432555941947927657fe8c8d02c3073c0815992fdb52
collect_exp/logs/04_BRL_WASTE/logs/master/20261002_173512_gui/planner_experiments/exp_wastesorting_20261002_173851_552516.txt,00_raw/waste/20261002_173512_gui/exp_wastesorting_20261002_173851_552516.txt,14d1222ee4a47a0890d5f28a58f1740337dbe97d6f31dd960d9b8cdf8fb6de46
collect_exp/logs/04_BRL_WASTE/logs/master/20261002_173512_gui/feedback_manager.log,00_raw/waste/20261002_173512_gui/feedback_manager.log,2adec017cf57a74bf35ab3dfd57dd5c8aa3b96046be5c6b12dd3815a8e90ad53
collect_exp/logs/04_BRL_WASTE/logs/master/20261002_173512_gui/planner.log,00_raw/waste/20261002_173512_gui/planner.log,04864af5d6e43e45e61d200ca6a954754b9cfc61cf86ed9d6ffdb5d9e4b85aff
collect_exp/logs/04_BRL_WASTE/logs/master/20261002_175202_gui/planner_experiments/exp_wastesorting_20261002_175433_497555.txt,00_raw/waste/20261002_175202_gui/exp_wastesorting_20261002_175433_497555.txt,cda8d9b858f8a121749e0dfb173fa4f702ea58c4dbcd3fe98eec9b88d0cc2a00
collect_exp/logs/04_BRL_WASTE/logs/master/20261002_175202_gui/feedback_manager.log,00_raw/waste/20261002_175202_gui/feedback_manager.log,8ac99838ba7446a9c304e11e57cde78180ca0c13e06bf12101598f96c94b90ec
collect_exp/logs/04_BRL_WASTE/logs/master/20261002_175202_gui/planner.log,00_raw/waste/20261002_175202_gui/planner.log,d456465dd4389648a3508dab7a486b0f8e0f8a3e0e4888bf80396c02326d8e72
collect_exp/logs/04_BRL_WASTE/logs/master/20261005_203307_gui_knowno_scene1/planner_experiments/exp_wastesorting_20261005_203649_932949.txt,00_raw/waste/20261005_203307_gui_knowno_scene1/exp_wastesorting_20261005_203649_932949.txt,9226c3734ca6ff9fc83789e5a26fe585119289b5071bc02545ce2cdeeab066ce
collect_exp/logs/04_BRL_WASTE/logs/master/20261005_203307_gui_knowno_scene1/feedback_manager.log,00_raw/waste/20261005_203307_gui_knowno_scene1/feedback_manager.log,b403524b614c9796c281a1712910754b953ab338bd0f2f837a69a450ab3ad47b
collect_exp/logs/04_BRL_WASTE/logs/master/20261005_203307_gui_knowno_scene1/planner.log,00_raw/waste/20261005_203307_gui_knowno_scene1/planner.log,5aadd09987819d42bdaec9940c029fc65ffc313bf6a01dddc5748637cb312ad1
collect_exp/logs/04_BRL_WASTE/logs/master/20261005_203728_gui/planner_experiments/exp_wastesorting_20261005_203953_336417.txt,00_raw/waste/20261005_203728_gui/exp_wastesorting_20261005_203953_336417.txt,4bb5849ac87c20b050a52a4c1bcde346ade30a4fec3bb193aaad8e4b8b8eb3c7
collect_exp/logs/04_BRL_WASTE/logs/master/20261005_203728_gui/feedback_manager.log,00_raw/waste/20261005_203728_gui/feedback_manager.log,a08dd8500c571dd615cb90159f4c6861c6ca5ee67ea22102c88b194f74344627
collect_exp/logs/04_BRL_WASTE/logs/master/20261005_203728_gui/planner.log,00_raw/waste/20261005_203728_gui/planner.log,22f26560e6667604e4c60a4acb7c085be7a9766eb230ea290c6f18a79f357a31
collect_exp/logs/04_BRL_WASTE/logs/master/20261005_204002_gui/planner_experiments/exp_wastesorting_20261005_204323_236856.txt,00_raw/waste/20261005_204002_gui/exp_wastesorting_20261005_204323_236856.txt,91581b5d7704f60b612300ced4d9c92f972702ac7774ed1ecdf339aa7e1730fc
collect_exp/logs/04_BRL_WASTE/logs/master/20261005_204002_gui/feedback_manager.log,00_raw/waste/20261005_204002_gui/feedback_manager.log,b1552bf327d4023092fb458ceeb3deb46c894e0300243fe4d52d567c5c87c7c4
collect_exp/logs/04_BRL_WASTE/logs/master/20261005_204002_gui/planner.log,00_raw/waste/20261005_204002_gui/planner.log,f1908894805fab6809e7bc2915b51821fb23e3cb0ad965915be4525ab38293aa
collect_exp/logs/04_BRL_WASTE/logs/master/20261005_204423_gui_knowno_scene2/planner_experiments/exp_wastesorting_20261005_204739_525430.txt,00_raw/waste/20261005_204423_gui_knowno_scene2/exp_wastesorting_20261005_204739_525430.txt,df5b74e0ae88384234d26a7260cb662e049733c2755b9cfae7dc224a3e6b9525
collect_exp/logs/04_BRL_WASTE/logs/master/20261005_204423_gui_knowno_scene2/feedback_manager.log,00_raw/waste/20261005_204423_gui_knowno_scene2/feedback_manager.log,9344f89ba76587c284f7756a2fc0acafbf84079165c63ebfa59e26a06f079d51
collect_exp/logs/04_BRL_WASTE/logs/master/20261005_204423_gui_knowno_scene2/planner.log,00_raw/waste/20261005_204423_gui_knowno_scene2/planner.log,11de1e88e3db065b469915770bec6bb7a6952f0624de56bcbc6867cefa8430d2
collect_exp/logs/04_BRL_WASTE/logs/master/20261005_204921_gui/planner_experiments/exp_wastesorting_20261005_205224_235819.txt,00_raw/waste/20261005_204921_gui/exp_wastesorting_20261005_205224_235819.txt,a69b566d4af376c1d2cd849664b628145d5abf3f9859e386cdc57ac6feab810e
collect_exp/logs/04_BRL_WASTE/logs/master/20261005_204921_gui/feedback_manager.log,00_raw/waste/20261005_204921_gui/feedback_manager.log,e1eb2c0e323b2c210bfcc56a65e99fdc73cf704059947d7719f417dafd1d08e4
collect_exp/logs/04_BRL_WASTE/logs/master/20261005_204921_gui/planner.log,00_raw/waste/20261005_204921_gui/planner.log,c86e90f961eba4aede44c19f761bbfbe590dec555937b59716fa3ac510aab1b5
collect_exp/logs/04_BRL_WASTE/logs/master/20261005_205328_gui/planner_experiments/exp_wastesorting_20261005_205644_645623.txt,00_raw/waste/20261005_205328_gui/exp_wastesorting_20261005_205644_645623.txt,ef56bad54efa34f2c1c2315c13aca400315f1348891fcf1538eed8a6e3d0ee93
collect_exp/logs/04_BRL_WASTE/logs/master/20261005_205328_gui/feedback_manager.log,00_raw/waste/20261005_205328_gui/feedback_manager.log,ef4157814862bec85bfcde353d985c6b6477715ba86bc21e54e965c7f9ce4cb2
collect_exp/logs/04_BRL_WASTE/logs/master/20261005_205328_gui/planner.log,00_raw/waste/20261005_205328_gui/planner.log,8aaa856d934b0fe6a9472fb8d34ca20b4f622dee9e4aa9aa5055f0ad4ca6dcaa
collect_exp/logs/04_BRL_WASTE/logs/master/20261005_205725_gui/planner_experiments/exp_wastesorting_20261005_210056_382334.txt,00_raw/waste/20261005_205725_gui/exp_wastesorting_20261005_210056_382334.txt,dfbee3b4e8610810bc04af91cd11720b069d81305a1c79ac633164f25a7dc87a
collect_exp/logs/04_BRL_WASTE/logs/master/20261005_205725_gui/feedback_manager.log,00_raw/waste/20261005_205725_gui/feedback_manager.log,b00d5a951d1d870fba9969f480f8a44d64c2c586dff3eb45a143295142304ad6
collect_exp/logs/04_BRL_WASTE/logs/master/20261005_205725_gui/planner.log,00_raw/waste/20261005_205725_gui/planner.log,5311a8ebe58d8fd5484293eee3bfac05da7fd5710afee98b31beb7388de519a9
collect_exp/logs/04_BRL_WASTE/logs/master/20261005_210208_gui/planner_experiments/exp_wastesorting_20261005_210249_174634.txt,00_raw/waste/20261005_210208_gui/exp_wastesorting_20261005_210249_174634.txt,d76317f37a5469a311bd7d5c45c44d21eb0ab3ed05f0afc8c82ffbdf9cf72a7a
collect_exp/logs/04_BRL_WASTE/logs/master/20261005_210208_gui/feedback_manager.log,00_raw/waste/20261005_210208_gui/feedback_manager.log,bee9100d532710e9057082716fbb484bcf86dbd4934858334f5f5b4da2ab06dd
collect_exp/logs/04_BRL_WASTE/logs/master/20261005_210208_gui/planner.log,00_raw/waste/20261005_210208_gui/planner.log,3663b4e221fa5b436bbe48534b9a750d885e6e1410a50f756a23e9eec60851b6
collect_exp/logs/04_BRL_WASTE/logs/master/20261005_210358_gui/planner_experiments/exp_wastesorting_20261005_210643_663440.txt,00_raw/waste/20261005_210358_gui/exp_wastesorting_20261005_210643_663440.txt,af490a9a10138409a23c6ac12ef79c656ebb80da2045e2278b062f82c8703aae
collect_exp/logs/04_BRL_WASTE/logs/master/20261005_210358_gui/feedback_manager.log,00_raw/waste/20261005_210358_gui/feedback_manager.log,c3077dcf7347ab6a60ee38a8ecd82e83a10431b9a1cdf17b404e5e7a3ba54430
collect_exp/logs/04_BRL_WASTE/logs/master/20261005_210358_gui/planner.log,00_raw/waste/20261005_210358_gui/planner.log,73176a402cd64d5bda8e1c9966046cd49f27baa0bdde63a59b723c71e9bd9c1f
collect_exp/logs/04_BRL_WASTE/logs/master/20261005_210653_gui/planner_experiments/exp_wastesorting_20261005_211026_519488.txt,00_raw/waste/20261005_210653_gui/exp_wastesorting_20261005_211026_519488.txt,cb20da3116316bb51408b771c5854032c793c13187db32033bf929a36bf42e9c
collect_exp/logs/04_BRL_WASTE/logs/master/20261005_210653_gui/feedback_manager.log,00_raw/waste/20261005_210653_gui/feedback_manager.log,3bdbd23889f27251087ad8a9c69e667ecaa7dd33e76f60300faa8bf9cee866ac
collect_exp/logs/04_BRL_WASTE/logs/master/20261005_210653_gui/planner.log,00_raw/waste/20261005_210653_gui/planner.log,c19b9ebf45b71f6dadf6b8b2f764f208032fd0e7e56e911189ff4b16a1250bf0
collect_exp/logs/04_BRL_WASTE/logs/master/20261005_211145_gui/planner_experiments/exp_wastesorting_20261005_211448_048846.txt,00_raw/waste/20261005_211145_gui/exp_wastesorting_20261005_211448_048846.txt,358ec3f3595bb32fb4281dc868d38d4519062710a9e230a8ef58ffd3d44f98ee
collect_exp/logs/04_BRL_WASTE/logs/master/20261005_211145_gui/feedback_manager.log,00_raw/waste/20261005_211145_gui/feedback_manager.log,748fa62c83852aebaf2880008bb728058b7e928d09d28de024b24eb95772e504
collect_exp/logs/04_BRL_WASTE/logs/master/20261005_211145_gui/planner.log,00_raw/waste/20261005_211145_gui/planner.log,fd8292bb73458ccc3fd00f02389d2adf884d269c8194b37aa80e4004a4ebe961
collect_exp/logs/04_BRL_WASTE/logs/master/20261005_211523_gui/planner_experiments/exp_wastesorting_20261005_211844_803521.txt,00_raw/waste/20261005_211523_gui/exp_wastesorting_20261005_211844_803521.txt,43ca76d8851d59d0ad2523fad75bde7f9867efa257faf9da562e503442f5f9af
collect_exp/logs/04_BRL_WASTE/logs/master/20261005_211523_gui/feedback_manager.log,00_raw/waste/20261005_211523_gui/feedback_manager.log,e13f7acd41328ae91ebc5e15c67607480e0ddd59594e2fb2dcf62f589ef9b6f2
collect_exp/logs/04_BRL_WASTE/logs/master/20261005_211523_gui/planner.log,00_raw/waste/20261005_211523_gui/planner.log,aeceddf64ce8004103b166d0c3aeb50c13643591845368d650097908af3cacb1
collect_exp/logs/04_BRL_WASTE/logs/master/20261005_212154_gui/planner_experiments/exp_wastesorting_20261005_212440_395883.txt,00_raw/waste/20261005_212154_gui/exp_wastesorting_20261005_212440_395883.txt,b90ffa16ca62e6aaed2265efb9db1cfbf2a4e9be3c873ba1f334911c01201b56
collect_exp/logs/04_BRL_WASTE/logs/master/20261005_212154_gui/feedback_manager.log,00_raw/waste/20261005_212154_gui/feedback_manager.log,cd0cd47efae99a9cf9e5b995710910228c4d73fef9f44a9a4ea024cda75e9d6f
collect_exp/logs/04_BRL_WASTE/logs/master/20261005_212154_gui/planner.log,00_raw/waste/20261005_212154_gui/planner.log,3b0bf2aa204875d66c719f64a9842a249983fffcbd84c8cabdb6cb61f56f117b
