domain,scene,seed,reference,comparison,reference_source,comparison_source,reference_success,comparison_success,questions_delta,steps_delta,seconds_delta,reward_delta
tomato,01,53,50,100,experiments_logs/n_simulations/20260917_005549_1854141/tomato/sim_50/scene_01/run_1/exp_tomato_20260917_005552_415934.txt,experiments_logs/n_simulations/20260917_005549_1854141/tomato/sim_100/scene_01/run_1/exp_tomato_20260917_005557_724055.txt,1,1,8.0,2.0,-2.221,0.0
tomato,01,54,50,100,experiments_logs/n_simulations/20260917_005549_1854141/tomato/sim_50/scene_01/run_2/exp_tomato_20260917_005719_728002.txt,experiments_logs/n_simulations/20260917_005549_1854141/tomato/sim_100/scene_01/run_2/exp_tomato_20260917_005723_958137.txt,1,1,-1.0,0.0,-2.0773,10.0
tomato,01,55,50,100,experiments_logs/n_simulations/20260917_005549_1854141/tomato/sim_50/scene_01/run_3/exp_tomato_20260917_005847_653130.txt,experiments_logs/n_simulations/20260917_005549_1854141/tomato/sim_100/scene_01/run_3/exp_tomato_20260917_005853_732519.txt,1,1,-14.0,-4.0,-3.8032999999999997,15.0
tomato,01,56,50,100,experiments_logs/n_simulations/20260917_005549_1854141/tomato/sim_50/scene_01/run_4/exp_tomato_20260917_005956_867363.txt,experiments_logs/n_simulations/20260917_005549_1854141/tomato/sim_100/scene_01/run_4/exp_tomato_20260917_010002_114608.txt,1,1,1.0,2.0,-2.5012,-5.0
tomato,01,57,50,100,experiments_logs/n_simulations/20260917_005549_1854141/tomato/sim_50/scene_01/run_5/exp_tomato_20260917_010105_470995.txt,experiments_logs/n_simulations/20260917_005549_1854141/tomato/sim_100/scene_01/run_5/exp_tomato_20260917_010111_536798.txt,1,1,-2.0,0.0,-3.1059000000000005,20.0
tomato,01,58,50,100,experiments_logs/n_simulations/20260917_005549_1854141/tomato/sim_50/scene_01/run_6/exp_tomato_20260917_010201_870747.txt,experiments_logs/n_simulations/20260917_005549_1854141/tomato/sim_100/scene_01/run_6/exp_tomato_20260917_010208_170516.txt,1,1,-2.0,-3.0,-3.9547,5.0
tomato,01,59,50,100,experiments_logs/n_simulations/20260917_005549_1854141/tomato/sim_50/scene_01/run_7/exp_tomato_20260917_010306_521361.txt,experiments_logs/n_simulations/20260917_005549_1854141/tomato/sim_100/scene_01/run_7/exp_tomato_20260917_010313_081125.txt,1,1,-8.0,-4.0,-3.9324999999999997,-15.0
tomato,01,60,50,100,experiments_logs/n_simulations/20260917_005549_1854141/tomato/sim_50/scene_01/run_8/exp_tomato_20260917_010404_094881.txt,experiments_logs/n_simulations/20260917_005549_1854141/tomato/sim_100/scene_01/run_8/exp_tomato_20260917_010410_791899.txt,1,1,-6.0,-4.0,-4.1484000000000005,25.0
tomato,01,61,50,100,experiments_logs/n_simulations/20260917_005549_1854141/tomato/sim_50/scene_01/run_9/exp_tomato_20260917_010510_452300.txt,experiments_logs/n_simulations/20260917_005549_1854141/tomato/sim_100/scene_01/run_9/exp_tomato_20260917_010516_007025.txt,1,1,-8.0,5.0,-2.0185999999999997,-20.0
tomato,01,62,50,100,experiments_logs/n_simulations/20260917_005549_1854141/tomato/sim_50/scene_01/run_10/exp_tomato_20260917_010631_478898.txt,experiments_logs/n_simulations/20260917_005549_1854141/tomato/sim_100/scene_01/run_10/exp_tomato_20260917_010636_781298.txt,1,1,-4.0,-2.0,-2.9141,-10.0
tomato,02,63,50,100,experiments_logs/n_simulations/20260917_005549_1854141/tomato/sim_50/scene_02/run_1/exp_tomato_20260917_010741_366403.txt,experiments_logs/n_simulations/20260917_005549_1854141/tomato/sim_100/scene_02/run_1/exp_tomato_20260917_010749_984217.txt,1,1,-9.0,-7.0,-5.5981000000000005,40.0
tomato,02,64,50,100,experiments_logs/n_simulations/20260917_005549_1854141/tomato/sim_50/scene_02/run_2/exp_tomato_20260917_010845_897516.txt,experiments_logs/n_simulations/20260917_005549_1854141/tomato/sim_100/scene_02/run_2/exp_tomato_20260917_010852_244582.txt,1,1,-4.0,3.0,-2.7857,-10.0
tomato,02,65,50,100,experiments_logs/n_simulations/20260917_005549_1854141/tomato/sim_50/scene_02/run_3/exp_tomato_20260917_010943_376437.txt,experiments_logs/n_simulations/20260917_005549_1854141/tomato/sim_100/scene_02/run_3/exp_tomato_20260917_010948_101108.txt,1,1,0.0,2.0,-1.8921000000000001,-15.0
tomato,02,66,50,100,experiments_logs/n_simulations/20260917_005549_1854141/tomato/sim_50/scene_02/run_4/exp_tomato_20260917_011053_391314.txt,experiments_logs/n_simulations/20260917_005549_1854141/tomato/sim_100/scene_02/run_4/exp_tomato_20260917_011100_126080.txt,1,1,1.0,-1.0,-3.4875000000000003,30.0
tomato,02,67,50,100,experiments_logs/n_simulations/20260917_005549_1854141/tomato/sim_50/scene_02/run_5/exp_tomato_20260917_011159_278537.txt,experiments_logs/n_simulations/20260917_005549_1854141/tomato/sim_100/scene_02/run_5/exp_tomato_20260917_011204_186444.txt,1,1,7.0,0.0,-2.4548,-30.0
tomato,02,68,50,100,experiments_logs/n_simulations/20260917_005549_1854141/tomato/sim_50/scene_02/run_6/exp_tomato_20260917_011309_046787.txt,experiments_logs/n_simulations/20260917_005549_1854141/tomato/sim_100/scene_02/run_6/exp_tomato_20260917_011314_477338.txt,1,1,0.0,0.0,-2.8880999999999997,0.0
tomato,02,69,50,100,experiments_logs/n_simulations/20260917_005549_1854141/tomato/sim_50/scene_02/run_7/exp_tomato_20260917_011421_387787.txt,experiments_logs/n_simulations/20260917_005549_1854141/tomato/sim_100/scene_02/run_7/exp_tomato_20260917_011428_709646.txt,1,1,2.0,-3.0,-4.2745,-5.0
tomato,02,70,50,100,experiments_logs/n_simulations/20260917_005549_1854141/tomato/sim_50/scene_02/run_8/exp_tomato_20260917_011616_461567.txt,experiments_logs/n_simulations/20260917_005549_1854141/tomato/sim_100/scene_02/run_8/exp_tomato_20260917_011621_932528.txt,1,1,1.0,8.0,-1.3204000000000002,-5.0
tomato,02,71,50,100,experiments_logs/n_simulations/20260917_005549_1854141/tomato/sim_50/scene_02/run_9/exp_tomato_20260917_011726_381302.txt,experiments_logs/n_simulations/20260917_005549_1854141/tomato/sim_100/scene_02/run_9/exp_tomato_20260917_011731_298455.txt,1,1,2.0,-1.0,-2.4749000000000003,5.0
tomato,02,72,50,100,experiments_logs/n_simulations/20260917_005549_1854141/tomato/sim_50/scene_02/run_10/exp_tomato_20260917_011837_656780.txt,experiments_logs/n_simulations/20260917_005549_1854141/tomato/sim_100/scene_02/run_10/exp_tomato_20260917_011842_256665.txt,1,1,6.0,10.0,-0.25619999999999976,-35.0
tomato,03,73,50,100,experiments_logs/n_simulations/20260917_005549_1854141/tomato/sim_50/scene_03/run_1/exp_tomato_20260917_011943_748363.txt,experiments_logs/n_simulations/20260917_005549_1854141/tomato/sim_100/scene_03/run_1/exp_tomato_20260917_011948_432651.txt,1,1,15.0,11.0,-0.3379000000000003,-40.0
tomato,03,74,50,100,experiments_logs/n_simulations/20260917_005549_1854141/tomato/sim_50/scene_03/run_2/exp_tomato_20260917_012045_091113.txt,experiments_logs/n_simulations/20260917_005549_1854141/tomato/sim_100/scene_03/run_2/exp_tomato_20260917_012052_297580.txt,1,1,-11.0,-7.0,-4.832599999999999,25.0
tomato,03,75,50,100,experiments_logs/n_simulations/20260917_005549_1854141/tomato/sim_50/scene_03/run_3/exp_tomato_20260917_012146_509653.txt,experiments_logs/n_simulations/20260917_005549_1854141/tomato/sim_100/scene_03/run_3/exp_tomato_20260917_012151_427726.txt,1,1,10.0,1.0,-2.1209000000000002,-15.0
tomato,03,76,50,100,experiments_logs/n_simulations/20260917_005549_1854141/tomato/sim_50/scene_03/run_4/exp_tomato_20260917_012259_914113.txt,experiments_logs/n_simulations/20260917_005549_1854141/tomato/sim_100/scene_03/run_4/exp_tomato_20260917_012307_344251.txt,1,1,2.0,-7.0,-4.8567,15.0
tomato,03,77,50,100,experiments_logs/n_simulations/20260917_005549_1854141/tomato/sim_50/scene_03/run_5/exp_tomato_20260917_012430_032307.txt,experiments_logs/n_simulations/20260917_005549_1854141/tomato/sim_100/scene_03/run_5/exp_tomato_20260917_012436_404644.txt,1,1,9.0,1.0,-2.8907999999999996,-10.0
tomato,03,78,50,100,experiments_logs/n_simulations/20260917_005549_1854141/tomato/sim_50/scene_03/run_6/exp_tomato_20260917_012546_700575.txt,experiments_logs/n_simulations/20260917_005549_1854141/tomato/sim_100/scene_03/run_6/exp_tomato_20260917_012554_114490.txt,1,1,18.0,13.0,-1.3858999999999995,-45.0
tomato,03,79,50,100,experiments_logs/n_simulations/20260917_005549_1854141/tomato/sim_50/scene_03/run_7/exp_tomato_20260917_012658_713881.txt,experiments_logs/n_simulations/20260917_005549_1854141/tomato/sim_100/scene_03/run_7/exp_tomato_20260917_012704_986946.txt,1,1,-4.0,-1.0,-3.3982000000000006,-10.0
tomato,03,80,50,100,experiments_logs/n_simulations/20260917_005549_1854141/tomato/sim_50/scene_03/run_8/exp_tomato_20260917_012811_875245.txt,experiments_logs/n_simulations/20260917_005549_1854141/tomato/sim_100/scene_03/run_8/exp_tomato_20260917_012818_110369.txt,1,1,2.0,-2.0,-3.4946,5.0
tomato,03,81,50,100,experiments_logs/n_simulations/20260917_005549_1854141/tomato/sim_50/scene_03/run_9/exp_tomato_20260917_012956_162861.txt,experiments_logs/n_simulations/20260917_005549_1854141/tomato/sim_100/scene_03/run_9/exp_tomato_20260917_013000_539658.txt,1,1,16.0,9.0,-0.2609999999999997,0.0
tomato,03,82,50,100,experiments_logs/n_simulations/20260917_005549_1854141/tomato/sim_50/scene_03/run_10/exp_tomato_20260917_013121_848101.txt,experiments_logs/n_simulations/20260917_005549_1854141/tomato/sim_100/scene_03/run_10/exp_tomato_20260917_013126_638435.txt,1,1,2.0,1.0,-2.0398,-15.0
tomato,04,83,50,100,experiments_logs/n_simulations/20260917_005549_1854141/tomato/sim_50/scene_04/run_1/exp_tomato_20260917_013248_776372.txt,experiments_logs/n_simulations/20260917_005549_1854141/tomato/sim_100/scene_04/run_1/exp_tomato_20260917_013253_848092.txt,1,1,6.0,4.0,-1.8695,5.0
tomato,04,84,50,100,experiments_logs/n_simulations/20260917_005549_1854141/tomato/sim_50/scene_04/run_2/exp_tomato_20260917_013358_893884.txt,experiments_logs/n_simulations/20260917_005549_1854141/tomato/sim_100/scene_04/run_2/exp_tomato_20260917_013417_962259.txt,1,0,-20.0,-37.0,-16.8479,135.0
tomato,04,85,50,100,experiments_logs/n_simulations/20260917_005549_1854141/tomato/sim_50/scene_04/run_3/exp_tomato_20260917_013507_784089.txt,experiments_logs/n_simulations/20260917_005549_1854141/tomato/sim_100/scene_04/run_3/exp_tomato_20260917_013513_271242.txt,1,1,1.0,-1.0,-2.8625000000000003,40.0
tomato,04,86,50,100,experiments_logs/n_simulations/20260917_005549_1854141/tomato/sim_50/scene_04/run_4/exp_tomato_20260917_013618_454041.txt,experiments_logs/n_simulations/20260917_005549_1854141/tomato/sim_100/scene_04/run_4/exp_tomato_20260917_013624_125801.txt,1,1,-5.0,-1.0,-2.5651,20.0
tomato,04,87,50,100,experiments_logs/n_simulations/20260917_005549_1854141/tomato/sim_50/scene_04/run_5/exp_tomato_20260917_013730_575635.txt,experiments_logs/n_simulations/20260917_005549_1854141/tomato/sim_100/scene_04/run_5/exp_tomato_20260917_013736_655645.txt,1,1,4.0,15.0,-0.20279999999999987,0.0
tomato,04,88,50,100,experiments_logs/n_simulations/20260917_005549_1854141/tomato/sim_50/scene_04/run_6/exp_tomato_20260917_013903_603550.txt,experiments_logs/n_simulations/20260917_005549_1854141/tomato/sim_100/scene_04/run_6/exp_tomato_20260917_013908_800189.txt,1,1,-8.0,-3.0,-3.0484000000000004,20.0
tomato,04,89,50,100,experiments_logs/n_simulations/20260917_005549_1854141/tomato/sim_50/scene_04/run_7/exp_tomato_20260917_014016_322814.txt,experiments_logs/n_simulations/20260917_005549_1854141/tomato/sim_100/scene_04/run_7/exp_tomato_20260917_014022_749744.txt,1,1,-8.0,-1.0,-3.5302,10.0
tomato,04,90,50,100,experiments_logs/n_simulations/20260917_005549_1854141/tomato/sim_50/scene_04/run_8/exp_tomato_20260917_014122_526564.txt,experiments_logs/n_simulations/20260917_005549_1854141/tomato/sim_100/scene_04/run_8/exp_tomato_20260917_014128_532479.txt,1,1,-2.0,1.0,-2.7528,-15.0
tomato,04,91,50,100,experiments_logs/n_simulations/20260917_005549_1854141/tomato/sim_50/scene_04/run_9/exp_tomato_20260917_014225_761332.txt,experiments_logs/n_simulations/20260917_005549_1854141/tomato/sim_100/scene_04/run_9/exp_tomato_20260917_014231_125059.txt,1,1,1.0,0.0,-2.7139,-20.0
tomato,04,92,50,100,experiments_logs/n_simulations/20260917_005549_1854141/tomato/sim_50/scene_04/run_10/exp_tomato_20260917_014328_295059.txt,experiments_logs/n_simulations/20260917_005549_1854141/tomato/sim_100/scene_04/run_10/exp_tomato_20260917_014334_071503.txt,1,1,2.0,-3.0,-3.3554,35.0
tomato,05,100,50,100,experiments_logs/n_simulations/20260917_005549_1854141/tomato/sim_50/scene_05/run_8/exp_tomato_20260917_015309_930738.txt,experiments_logs/n_simulations/20260917_005549_1854141/tomato/sim_100/scene_05/run_8/exp_tomato_20260917_015314_890747.txt,1,1,3.0,1.0,-2.3725000000000005,-5.0
tomato,05,101,50,100,experiments_logs/n_simulations/20260917_005549_1854141/tomato/sim_50/scene_05/run_9/exp_tomato_20260917_015412_009147.txt,experiments_logs/n_simulations/20260917_005549_1854141/tomato/sim_100/scene_05/run_9/exp_tomato_20260917_015431_810064.txt,1,0,-23.0,-33.0,-17.128500000000003,100.0
tomato,05,102,50,100,experiments_logs/n_simulations/20260917_005549_1854141/tomato/sim_50/scene_05/run_10/exp_tomato_20260917_015531_717966.txt,experiments_logs/n_simulations/20260917_005549_1854141/tomato/sim_100/scene_05/run_10/exp_tomato_20260917_015536_711172.txt,1,1,5.0,6.0,-1.3600999999999996,5.0
tomato,05,93,50,100,experiments_logs/n_simulations/20260917_005549_1854141/tomato/sim_50/scene_05/run_1/exp_tomato_20260917_014439_244324.txt,experiments_logs/n_simulations/20260917_005549_1854141/tomato/sim_100/scene_05/run_1/exp_tomato_20260917_014445_075897.txt,1,1,6.0,-3.0,-3.2916000000000003,35.0
tomato,05,94,50,100,experiments_logs/n_simulations/20260917_005549_1854141/tomato/sim_50/scene_05/run_2/exp_tomato_20260917_014551_561819.txt,experiments_logs/n_simulations/20260917_005549_1854141/tomato/sim_100/scene_05/run_2/exp_tomato_20260917_014556_055647.txt,1,1,6.0,7.0,-1.0482999999999998,-15.0
tomato,05,95,50,100,experiments_logs/n_simulations/20260917_005549_1854141/tomato/sim_50/scene_05/run_3/exp_tomato_20260917_014715_835964.txt,experiments_logs/n_simulations/20260917_005549_1854141/tomato/sim_100/scene_05/run_3/exp_tomato_20260917_014722_394305.txt,1,1,-2.0,-3.0,-3.8923,15.0
tomato,05,96,50,100,experiments_logs/n_simulations/20260917_005549_1854141/tomato/sim_50/scene_05/run_4/exp_tomato_20260917_014819_039603.txt,experiments_logs/n_simulations/20260917_005549_1854141/tomato/sim_100/scene_05/run_4/exp_tomato_20260917_014828_395539.txt,1,1,-11.0,-7.0,-6.1761,30.0
tomato,05,97,50,100,experiments_logs/n_simulations/20260917_005549_1854141/tomato/sim_50/scene_05/run_5/exp_tomato_20260917_014945_205381.txt,experiments_logs/n_simulations/20260917_005549_1854141/tomato/sim_100/scene_05/run_5/exp_tomato_20260917_014951_712978.txt,1,1,-4.0,-3.0,-3.8815,-5.0
tomato,05,98,50,100,experiments_logs/n_simulations/20260917_005549_1854141/tomato/sim_50/scene_05/run_6/exp_tomato_20260917_015100_222083.txt,experiments_logs/n_simulations/20260917_005549_1854141/tomato/sim_100/scene_05/run_6/exp_tomato_20260917_015104_766478.txt,1,1,2.0,2.0,-1.7756999999999996,-15.0
tomato,05,99,50,100,experiments_logs/n_simulations/20260917_005549_1854141/tomato/sim_50/scene_05/run_7/exp_tomato_20260917_015214_647226.txt,experiments_logs/n_simulations/20260917_005549_1854141/tomato/sim_100/scene_05/run_7/exp_tomato_20260917_015219_260350.txt,1,1,1.0,0.0,-2.1821,5.0
tomato,01,53,50,200,experiments_logs/n_simulations/20260917_005549_1854141/tomato/sim_50/scene_01/run_1/exp_tomato_20260917_005552_415934.txt,experiments_logs/n_simulations/20260917_005549_1854141/tomato/sim_200/scene_01/run_1/exp_tomato_20260917_005608_965331.txt,1,1,8.0,2.0,-8.1521,-15.0
tomato,01,54,50,200,experiments_logs/n_simulations/20260917_005549_1854141/tomato/sim_50/scene_01/run_2/exp_tomato_20260917_005719_728002.txt,experiments_logs/n_simulations/20260917_005549_1854141/tomato/sim_200/scene_01/run_2/exp_tomato_20260917_005803_079103.txt,1,0,-9.0,-37.0,-36.9671,120.0
tomato,01,55,50,200,experiments_logs/n_simulations/20260917_005549_1854141/tomato/sim_50/scene_01/run_3/exp_tomato_20260917_005847_653130.txt,experiments_logs/n_simulations/20260917_005549_1854141/tomato/sim_200/scene_01/run_3/exp_tomato_20260917_005906_220187.txt,1,1,-1.0,-5.0,-10.210700000000001,15.0
tomato,01,56,50,200,experiments_logs/n_simulations/20260917_005549_1854141/tomato/sim_50/scene_01/run_4/exp_tomato_20260917_005956_867363.txt,experiments_logs/n_simulations/20260917_005549_1854141/tomato/sim_200/scene_01/run_4/exp_tomato_20260917_010014_646492.txt,1,1,-6.0,0.0,-9.7843,-10.0
tomato,01,57,50,200,experiments_logs/n_simulations/20260917_005549_1854141/tomato/sim_50/scene_01/run_5/exp_tomato_20260917_010105_470995.txt,experiments_logs/n_simulations/20260917_005549_1854141/tomato/sim_200/scene_01/run_5/exp_tomato_20260917_010120_052949.txt,1,1,3.0,5.0,-5.558399999999999,10.0
tomato,01,58,50,200,experiments_logs/n_simulations/20260917_005549_1854141/tomato/sim_50/scene_01/run_6/exp_tomato_20260917_010201_870747.txt,experiments_logs/n_simulations/20260917_005549_1854141/tomato/sim_200/scene_01/run_6/exp_tomato_20260917_010222_392690.txt,1,1,-9.0,-5.0,-11.8748,20.0
tomato,01,59,50,200,experiments_logs/n_simulations/20260917_005549_1854141/tomato/sim_50/scene_01/run_7/exp_tomato_20260917_010306_521361.txt,experiments_logs/n_simulations/20260917_005549_1854141/tomato/sim_200/scene_01/run_7/exp_tomato_20260917_010322_865881.txt,1,1,-2.0,1.0,-7.1515,-10.0
tomato,01,60,50,200,experiments_logs/n_simulations/20260917_005549_1854141/tomato/sim_50/scene_01/run_8/exp_tomato_20260917_010404_094881.txt,experiments_logs/n_simulations/20260917_005549_1854141/tomato/sim_200/scene_01/run_8/exp_tomato_20260917_010421_945986.txt,1,1,-4.0,-1.0,-8.604000000000001,5.0
tomato,01,61,50,200,experiments_logs/n_simulations/20260917_005549_1854141/tomato/sim_50/scene_01/run_9/exp_tomato_20260917_010510_452300.txt,experiments_logs/n_simulations/20260917_005549_1854141/tomato/sim_200/scene_01/run_9/exp_tomato_20260917_010539_121798.txt,1,1,-28.0,-11.0,-19.5789,10.0
tomato,01,62,50,200,experiments_logs/n_simulations/20260917_005549_1854141/tomato/sim_50/scene_01/run_10/exp_tomato_20260917_010631_478898.txt,experiments_logs/n_simulations/20260917_005549_1854141/tomato/sim_200/scene_01/run_10/exp_tomato_20260917_010646_193587.txt,1,1,4.0,-2.0,-7.0296,-15.0
tomato,02,63,50,200,experiments_logs/n_simulations/20260917_005549_1854141/tomato/sim_50/scene_02/run_1/exp_tomato_20260917_010741_366403.txt,experiments_logs/n_simulations/20260917_005549_1854141/tomato/sim_200/scene_02/run_1/exp_tomato_20260917_010759_677501.txt,1,1,8.0,3.0,-6.6716,5.0
tomato,02,64,50,200,experiments_logs/n_simulations/20260917_005549_1854141/tomato/sim_50/scene_02/run_2/exp_tomato_20260917_010845_897516.txt,experiments_logs/n_simulations/20260917_005549_1854141/tomato/sim_200/scene_02/run_2/exp_tomato_20260917_010903_694528.txt,1,1,-4.0,3.0,-7.8886,-15.0
tomato,02,65,50,200,experiments_logs/n_simulations/20260917_005549_1854141/tomato/sim_50/scene_02/run_3/exp_tomato_20260917_010943_376437.txt,experiments_logs/n_simulations/20260917_005549_1854141/tomato/sim_200/scene_02/run_3/exp_tomato_20260917_011009_588145.txt,1,1,-20.0,-15.0,-18.6581,35.0
tomato,02,66,50,200,experiments_logs/n_simulations/20260917_005549_1854141/tomato/sim_50/scene_02/run_4/exp_tomato_20260917_011053_391314.txt,experiments_logs/n_simulations/20260917_005549_1854141/tomato/sim_200/scene_02/run_4/exp_tomato_20260917_011111_045631.txt,1,1,4.0,4.0,-7.674999999999999,10.0
tomato,02,67,50,200,experiments_logs/n_simulations/20260917_005549_1854141/tomato/sim_50/scene_02/run_5/exp_tomato_20260917_011159_278537.txt,experiments_logs/n_simulations/20260917_005549_1854141/tomato/sim_200/scene_02/run_5/exp_tomato_20260917_011216_333661.txt,1,1,2.0,-4.0,-9.6944,10.0
tomato,02,68,50,200,experiments_logs/n_simulations/20260917_005549_1854141/tomato/sim_50/scene_02/run_6/exp_tomato_20260917_011309_046787.txt,experiments_logs/n_simulations/20260917_005549_1854141/tomato/sim_200/scene_02/run_6/exp_tomato_20260917_011324_527494.txt,1,1,-3.0,1.0,-7.5107,15.0
tomato,02,69,50,200,experiments_logs/n_simulations/20260917_005549_1854141/tomato/sim_50/scene_02/run_7/exp_tomato_20260917_011421_387787.txt,experiments_logs/n_simulations/20260917_005549_1854141/tomato/sim_200/scene_02/run_7/exp_tomato_20260917_011508_739162.txt,1,0,-1.0,-32.0,-36.999900000000004,35.0
tomato,02,70,50,200,experiments_logs/n_simulations/20260917_005549_1854141/tomato/sim_50/scene_02/run_8/exp_tomato_20260917_011616_461567.txt,experiments_logs/n_simulations/20260917_005549_1854141/tomato/sim_200/scene_02/run_8/exp_tomato_20260917_011639_567566.txt,1,1,-5.0,0.0,-13.4861,0.0
tomato,02,71,50,200,experiments_logs/n_simulations/20260917_005549_1854141/tomato/sim_50/scene_02/run_9/exp_tomato_20260917_011726_381302.txt,experiments_logs/n_simulations/20260917_005549_1854141/tomato/sim_200/scene_02/run_9/exp_tomato_20260917_011742_382869.txt,1,1,1.0,-3.0,-8.6424,15.0
tomato,02,72,50,200,experiments_logs/n_simulations/20260917_005549_1854141/tomato/sim_50/scene_02/run_10/exp_tomato_20260917_011837_656780.txt,experiments_logs/n_simulations/20260917_005549_1854141/tomato/sim_200/scene_02/run_10/exp_tomato_20260917_011851_316449.txt,1,1,8.0,10.0,-4.707599999999999,-15.0
tomato,03,73,50,200,experiments_logs/n_simulations/20260917_005549_1854141/tomato/sim_50/scene_03/run_1/exp_tomato_20260917_011943_748363.txt,experiments_logs/n_simulations/20260917_005549_1854141/tomato/sim_200/scene_03/run_1/exp_tomato_20260917_012000_923312.txt,1,1,6.0,6.0,-8.1462,-35.0
tomato,03,74,50,200,experiments_logs/n_simulations/20260917_005549_1854141/tomato/sim_50/scene_03/run_2/exp_tomato_20260917_012045_091113.txt,experiments_logs/n_simulations/20260917_005549_1854141/tomato/sim_200/scene_03/run_2/exp_tomato_20260917_012104_547133.txt,1,1,0.0,-5.0,-9.8771,25.0
tomato,03,75,50,200,experiments_logs/n_simulations/20260917_005549_1854141/tomato/sim_50/scene_03/run_3/exp_tomato_20260917_012146_509653.txt,experiments_logs/n_simulations/20260917_005549_1854141/tomato/sim_200/scene_03/run_3/exp_tomato_20260917_012206_686725.txt,1,1,-2.0,-6.0,-12.468,15.0
tomato,03,76,50,200,experiments_logs/n_simulations/20260917_005549_1854141/tomato/sim_50/scene_03/run_4/exp_tomato_20260917_012259_914113.txt,experiments_logs/n_simulations/20260917_005549_1854141/tomato/sim_200/scene_03/run_4/exp_tomato_20260917_012317_750398.txt,1,1,0.0,0.0,-7.809899999999999,-25.0
tomato,03,77,50,200,experiments_logs/n_simulations/20260917_005549_1854141/tomato/sim_50/scene_03/run_5/exp_tomato_20260917_012430_032307.txt,experiments_logs/n_simulations/20260917_005549_1854141/tomato/sim_200/scene_03/run_5/exp_tomato_20260917_012453_898149.txt,1,1,-11.0,-5.0,-14.008400000000002,5.0
tomato,03,78,50,200,experiments_logs/n_simulations/20260917_005549_1854141/tomato/sim_50/scene_03/run_6/exp_tomato_20260917_012546_700575.txt,experiments_logs/n_simulations/20260917_005549_1854141/tomato/sim_200/scene_03/run_6/exp_tomato_20260917_012607_961043.txt,1,1,25.0,15.0,-7.8212,-30.0
tomato,03,79,50,200,experiments_logs/n_simulations/20260917_005549_1854141/tomato/sim_50/scene_03/run_7/exp_tomato_20260917_012658_713881.txt,experiments_logs/n_simulations/20260917_005549_1854141/tomato/sim_200/scene_03/run_7/exp_tomato_20260917_012713_371792.txt,1,1,-1.0,3.0,-5.5082,-20.0
tomato,03,80,50,200,experiments_logs/n_simulations/20260917_005549_1854141/tomato/sim_50/scene_03/run_8/exp_tomato_20260917_012811_875245.txt,experiments_logs/n_simulations/20260917_005549_1854141/tomato/sim_200/scene_03/run_8/exp_tomato_20260917_012827_774413.txt,1,1,2.0,2.0,-6.923,-10.0
tomato,03,81,50,200,experiments_logs/n_simulations/20260917_005549_1854141/tomato/sim_50/scene_03/run_9/exp_tomato_20260917_012956_162861.txt,experiments_logs/n_simulations/20260917_005549_1854141/tomato/sim_200/scene_03/run_9/exp_tomato_20260917_013010_197808.txt,1,1,13.0,9.0,-5.541699999999999,-10.0
tomato,03,82,50,200,experiments_logs/n_simulations/20260917_005549_1854141/tomato/sim_50/scene_03/run_10/exp_tomato_20260917_013121_848101.txt,experiments_logs/n_simulations/20260917_005549_1854141/tomato/sim_200/scene_03/run_10/exp_tomato_20260917_013137_692962.txt,1,1,-3.0,0.0,-8.2985,-10.0
tomato,04,83,50,200,experiments_logs/n_simulations/20260917_005549_1854141/tomato/sim_50/scene_04/run_1/exp_tomato_20260917_013248_776372.txt,experiments_logs/n_simulations/20260917_005549_1854141/tomato/sim_200/scene_04/run_1/exp_tomato_20260917_013303_439687.txt,1,1,5.0,5.0,-6.3827,5.0
tomato,04,84,50,200,experiments_logs/n_simulations/20260917_005549_1854141/tomato/sim_50/scene_04/run_2/exp_tomato_20260917_013358_893884.txt,experiments_logs/n_simulations/20260917_005549_1854141/tomato/sim_200/scene_04/run_2/exp_tomato_20260917_013426_486492.txt,1,1,-2.0,0.0,-6.2987,-10.0
tomato,04,85,50,200,experiments_logs/n_simulations/20260917_005549_1854141/tomato/sim_50/scene_04/run_3/exp_tomato_20260917_013507_784089.txt,experiments_logs/n_simulations/20260917_005549_1854141/tomato/sim_200/scene_04/run_3/exp_tomato_20260917_013523_956581.txt,1,1,-2.0,0.0,-8.059600000000001,10.0
tomato,04,86,50,200,experiments_logs/n_simulations/20260917_005549_1854141/tomato/sim_50/scene_04/run_4/exp_tomato_20260917_013618_454041.txt,experiments_logs/n_simulations/20260917_005549_1854141/tomato/sim_200/scene_04/run_4/exp_tomato_20260917_013635_491392.txt,1,1,2.0,-1.0,-8.255,0.0
tomato,04,87,50,200,experiments_logs/n_simulations/20260917_005549_1854141/tomato/sim_50/scene_04/run_5/exp_tomato_20260917_013730_575635.txt,experiments_logs/n_simulations/20260917_005549_1854141/tomato/sim_200/scene_04/run_5/exp_tomato_20260917_013746_693636.txt,1,1,13.0,17.0,-4.1578,-15.0
tomato,04,88,50,200,experiments_logs/n_simulations/20260917_005549_1854141/tomato/sim_50/scene_04/run_6/exp_tomato_20260917_013903_603550.txt,experiments_logs/n_simulations/20260917_005549_1854141/tomato/sim_200/scene_04/run_6/exp_tomato_20260917_013920_792508.txt,1,1,-5.0,-5.0,-9.841800000000001,15.0
tomato,04,89,50,200,experiments_logs/n_simulations/20260917_005549_1854141/tomato/sim_50/scene_04/run_7/exp_tomato_20260917_014016_322814.txt,experiments_logs/n_simulations/20260917_005549_1854141/tomato/sim_200/scene_04/run_7/exp_tomato_20260917_014029_777468.txt,1,1,5.0,6.0,-4.132099999999999,-25.0
tomato,04,90,50,200,experiments_logs/n_simulations/20260917_005549_1854141/tomato/sim_50/scene_04/run_8/exp_tomato_20260917_014122_526564.txt,experiments_logs/n_simulations/20260917_005549_1854141/tomato/sim_200/scene_04/run_8/exp_tomato_20260917_014139_673285.txt,1,1,9.0,1.0,-7.888199999999999,-40.0
tomato,04,91,50,200,experiments_logs/n_simulations/20260917_005549_1854141/tomato/sim_50/scene_04/run_9/exp_tomato_20260917_014225_761332.txt,experiments_logs/n_simulations/20260917_005549_1854141/tomato/sim_200/scene_04/run_9/exp_tomato_20260917_014242_280485.txt,1,1,3.0,0.0,-8.5057,-5.0
tomato,04,92,50,200,experiments_logs/n_simulations/20260917_005549_1854141/tomato/sim_50/scene_04/run_10/exp_tomato_20260917_014328_295059.txt,experiments_logs/n_simulations/20260917_005549_1854141/tomato/sim_200/scene_04/run_10/exp_tomato_20260917_014344_753119.txt,1,1,4.0,-1.0,-8.258799999999999,15.0
tomato,05,100,50,200,experiments_logs/n_simulations/20260917_005549_1854141/tomato/sim_50/scene_05/run_8/exp_tomato_20260917_015309_930738.txt,experiments_logs/n_simulations/20260917_005549_1854141/tomato/sim_200/scene_05/run_8/exp_tomato_20260917_015325_618529.txt,1,1,3.0,-1.0,-8.1415,5.0
tomato,05,101,50,200,experiments_logs/n_simulations/20260917_005549_1854141/tomato/sim_50/scene_05/run_9/exp_tomato_20260917_015412_009147.txt,experiments_logs/n_simulations/20260917_005549_1854141/tomato/sim_200/scene_05/run_9/exp_tomato_20260917_015441_116566.txt,1,1,1.0,3.0,-6.629199999999999,-30.0
tomato,05,102,50,200,experiments_logs/n_simulations/20260917_005549_1854141/tomato/sim_50/scene_05/run_10/exp_tomato_20260917_015531_717966.txt,experiments_logs/n_simulations/20260917_005549_1854141/tomato/sim_200/scene_05/run_10/exp_tomato_20260917_015549_553487.txt,1,1,-1.0,2.0,-9.2044,5.0
tomato,05,93,50,200,experiments_logs/n_simulations/20260917_005549_1854141/tomato/sim_50/scene_05/run_1/exp_tomato_20260917_014439_244324.txt,experiments_logs/n_simulations/20260917_005549_1854141/tomato/sim_200/scene_05/run_1/exp_tomato_20260917_014458_889355.txt,1,1,1.0,-5.0,-11.2752,20.0
tomato,05,94,50,200,experiments_logs/n_simulations/20260917_005549_1854141/tomato/sim_50/scene_05/run_2/exp_tomato_20260917_014551_561819.txt,experiments_logs/n_simulations/20260917_005549_1854141/tomato/sim_200/scene_05/run_2/exp_tomato_20260917_014611_016398.txt,1,1,-7.0,0.0,-11.514100000000001,-20.0
tomato,05,95,50,200,experiments_logs/n_simulations/20260917_005549_1854141/tomato/sim_50/scene_05/run_3/exp_tomato_20260917_014715_835964.txt,experiments_logs/n_simulations/20260917_005549_1854141/tomato/sim_200/scene_05/run_3/exp_tomato_20260917_014735_152210.txt,1,1,-1.0,-1.0,-10.0901,-5.0
tomato,05,96,50,200,experiments_logs/n_simulations/20260917_005549_1854141/tomato/sim_50/scene_05/run_4/exp_tomato_20260917_014819_039603.txt,experiments_logs/n_simulations/20260917_005549_1854141/tomato/sim_200/scene_05/run_4/exp_tomato_20260917_014841_382423.txt,1,1,5.0,-1.0,-9.8081,15.0
tomato,05,97,50,200,experiments_logs/n_simulations/20260917_005549_1854141/tomato/sim_50/scene_05/run_5/exp_tomato_20260917_014945_205381.txt,experiments_logs/n_simulations/20260917_005549_1854141/tomato/sim_200/scene_05/run_5/exp_tomato_20260917_015002_582730.txt,1,1,2.0,0.0,-8.2385,-20.0
tomato,05,98,50,200,experiments_logs/n_simulations/20260917_005549_1854141/tomato/sim_50/scene_05/run_6/exp_tomato_20260917_015100_222083.txt,experiments_logs/n_simulations/20260917_005549_1854141/tomato/sim_200/scene_05/run_6/exp_tomato_20260917_015117_419946.txt,1,1,-2.0,-3.0,-9.881499999999999,-15.0
tomato,05,99,50,200,experiments_logs/n_simulations/20260917_005549_1854141/tomato/sim_50/scene_05/run_7/exp_tomato_20260917_015214_647226.txt,experiments_logs/n_simulations/20260917_005549_1854141/tomato/sim_200/scene_05/run_7/exp_tomato_20260917_015229_930119.txt,1,1,-4.0,-1.0,-8.2347,20.0
tomato,01,53,50,300,experiments_logs/n_simulations/20260917_005549_1854141/tomato/sim_50/scene_01/run_1/exp_tomato_20260917_005552_415934.txt,experiments_logs/n_simulations/20260917_005549_1854141/tomato/sim_300/scene_01/run_1/exp_tomato_20260917_005645_720861.txt,1,1,-28.0,-16.0,-33.6631,30.0
tomato,01,54,50,300,experiments_logs/n_simulations/20260917_005549_1854141/tomato/sim_50/scene_01/run_2/exp_tomato_20260917_005719_728002.txt,experiments_logs/n_simulations/20260917_005549_1854141/tomato/sim_300/scene_01/run_2/exp_tomato_20260917_005818_368742.txt,1,1,-5.0,-3.0,-13.1344,10.0
tomato,01,55,50,300,experiments_logs/n_simulations/20260917_005549_1854141/tomato/sim_50/scene_01/run_3/exp_tomato_20260917_005847_653130.txt,experiments_logs/n_simulations/20260917_005549_1854141/tomato/sim_300/scene_01/run_3/exp_tomato_20260917_005931_276443.txt,1,1,-25.0,-11.0,-22.7771,50.0
tomato,01,56,50,300,experiments_logs/n_simulations/20260917_005549_1854141/tomato/sim_50/scene_01/run_4/exp_tomato_20260917_005956_867363.txt,experiments_logs/n_simulations/20260917_005549_1854141/tomato/sim_300/scene_01/run_4/exp_tomato_20260917_010028_479760.txt,1,1,-3.0,4.0,-11.0815,5.0
tomato,01,57,50,300,experiments_logs/n_simulations/20260917_005549_1854141/tomato/sim_50/scene_01/run_5/exp_tomato_20260917_010105_470995.txt,experiments_logs/n_simulations/20260917_005549_1854141/tomato/sim_300/scene_01/run_5/exp_tomato_20260917_010136_504525.txt,1,1,0.0,1.0,-13.489700000000001,0.0
tomato,01,58,50,300,experiments_logs/n_simulations/20260917_005549_1854141/tomato/sim_50/scene_01/run_6/exp_tomato_20260917_010201_870747.txt,experiments_logs/n_simulations/20260917_005549_1854141/tomato/sim_300/scene_01/run_6/exp_tomato_20260917_010235_668816.txt,1,1,-5.0,2.0,-10.9274,-15.0
tomato,01,59,50,300,experiments_logs/n_simulations/20260917_005549_1854141/tomato/sim_50/scene_01/run_7/exp_tomato_20260917_010306_521361.txt,experiments_logs/n_simulations/20260917_005549_1854141/tomato/sim_300/scene_01/run_7/exp_tomato_20260917_010338_377685.txt,1,1,-1.0,-2.0,-12.8794,-10.0
tomato,01,60,50,300,experiments_logs/n_simulations/20260917_005549_1854141/tomato/sim_50/scene_01/run_8/exp_tomato_20260917_010404_094881.txt,experiments_logs/n_simulations/20260917_005549_1854141/tomato/sim_300/scene_01/run_8/exp_tomato_20260917_010436_600546.txt,1,1,0.0,1.0,-12.1027,10.0
tomato,01,61,50,300,experiments_logs/n_simulations/20260917_005549_1854141/tomato/sim_50/scene_01/run_9/exp_tomato_20260917_010510_452300.txt,experiments_logs/n_simulations/20260917_005549_1854141/tomato/sim_300/scene_01/run_9/exp_tomato_20260917_010559_212477.txt,1,1,-20.0,2.0,-16.552200000000003,-10.0
tomato,01,62,50,300,experiments_logs/n_simulations/20260917_005549_1854141/tomato/sim_50/scene_01/run_10/exp_tomato_20260917_010631_478898.txt,experiments_logs/n_simulations/20260917_005549_1854141/tomato/sim_300/scene_01/run_10/exp_tomato_20260917_010708_669617.txt,1,1,-3.0,-7.0,-20.090600000000002,0.0
tomato,02,63,50,300,experiments_logs/n_simulations/20260917_005549_1854141/tomato/sim_50/scene_02/run_1/exp_tomato_20260917_010741_366403.txt,experiments_logs/n_simulations/20260917_005549_1854141/tomato/sim_300/scene_02/run_1/exp_tomato_20260917_010813_066267.txt,1,1,13.0,5.0,-10.365400000000001,0.0
tomato,02,64,50,300,experiments_logs/n_simulations/20260917_005549_1854141/tomato/sim_50/scene_02/run_2/exp_tomato_20260917_010845_897516.txt,experiments_logs/n_simulations/20260917_005549_1854141/tomato/sim_300/scene_02/run_2/exp_tomato_20260917_010916_538013.txt,1,1,2.0,8.0,-9.2817,-35.0
tomato,02,65,50,300,experiments_logs/n_simulations/20260917_005549_1854141/tomato/sim_50/scene_02/run_3/exp_tomato_20260917_010943_376437.txt,experiments_logs/n_simulations/20260917_005549_1854141/tomato/sim_300/scene_02/run_3/exp_tomato_20260917_011023_283109.txt,1,1,4.0,2.0,-10.8666,-10.0
tomato,02,66,50,300,experiments_logs/n_simulations/20260917_005549_1854141/tomato/sim_50/scene_02/run_4/exp_tomato_20260917_011053_391314.txt,experiments_logs/n_simulations/20260917_005549_1854141/tomato/sim_300/scene_02/run_4/exp_tomato_20260917_011126_920706.txt,1,1,1.0,4.0,-12.6303,15.0
tomato,02,67,50,300,experiments_logs/n_simulations/20260917_005549_1854141/tomato/sim_50/scene_02/run_5/exp_tomato_20260917_011159_278537.txt,experiments_logs/n_simulations/20260917_005549_1854141/tomato/sim_300/scene_02/run_5/exp_tomato_20260917_011237_830834.txt,1,1,-2.0,-6.0,-19.0404,-5.0
tomato,02,68,50,300,experiments_logs/n_simulations/20260917_005549_1854141/tomato/sim_50/scene_02/run_6/exp_tomato_20260917_011309_046787.txt,experiments_logs/n_simulations/20260917_005549_1854141/tomato/sim_300/scene_02/run_6/exp_tomato_20260917_011353_479483.txt,1,1,-13.0,-12.0,-26.4095,35.0
tomato,02,69,50,300,experiments_logs/n_simulations/20260917_005549_1854141/tomato/sim_50/scene_02/run_7/exp_tomato_20260917_011421_387787.txt,experiments_logs/n_simulations/20260917_005549_1854141/tomato/sim_300/scene_02/run_7/exp_tomato_20260917_011531_243601.txt,1,1,-9.0,-4.0,-19.4566,10.0
tomato,02,70,50,300,experiments_logs/n_simulations/20260917_005549_1854141/tomato/sim_50/scene_02/run_8/exp_tomato_20260917_011616_461567.txt,experiments_logs/n_simulations/20260917_005549_1854141/tomato/sim_300/scene_02/run_8/exp_tomato_20260917_011654_400162.txt,1,1,2.0,9.0,-10.6858,-20.0
tomato,02,71,50,300,experiments_logs/n_simulations/20260917_005549_1854141/tomato/sim_50/scene_02/run_9/exp_tomato_20260917_011726_381302.txt,experiments_logs/n_simulations/20260917_005549_1854141/tomato/sim_300/scene_02/run_9/exp_tomato_20260917_011800_031666.txt,1,1,-4.0,-3.0,-15.197799999999999,15.0
tomato,02,72,50,300,experiments_logs/n_simulations/20260917_005549_1854141/tomato/sim_50/scene_02/run_10/exp_tomato_20260917_011837_656780.txt,experiments_logs/n_simulations/20260917_005549_1854141/tomato/sim_300/scene_02/run_10/exp_tomato_20260917_011913_596213.txt,1,1,4.0,3.0,-17.9291,-20.0
tomato,03,73,50,300,experiments_logs/n_simulations/20260917_005549_1854141/tomato/sim_50/scene_03/run_1/exp_tomato_20260917_011943_748363.txt,experiments_logs/n_simulations/20260917_005549_1854141/tomato/sim_300/scene_03/run_1/exp_tomato_20260917_012015_708253.txt,1,1,13.0,10.0,-10.4357,-45.0
tomato,03,74,50,300,experiments_logs/n_simulations/20260917_005549_1854141/tomato/sim_50/scene_03/run_2/exp_tomato_20260917_012045_091113.txt,experiments_logs/n_simulations/20260917_005549_1854141/tomato/sim_300/scene_03/run_2/exp_tomato_20260917_012118_037114.txt,1,1,2.0,0.0,-11.122900000000001,-15.0
tomato,03,75,50,300,experiments_logs/n_simulations/20260917_005549_1854141/tomato/sim_50/scene_03/run_3/exp_tomato_20260917_012146_509653.txt,experiments_logs/n_simulations/20260917_005549_1854141/tomato/sim_300/scene_03/run_3/exp_tomato_20260917_012225_368448.txt,1,1,9.0,-2.0,-15.8704,-20.0
tomato,03,76,50,300,experiments_logs/n_simulations/20260917_005549_1854141/tomato/sim_50/scene_03/run_4/exp_tomato_20260917_012259_914113.txt,experiments_logs/n_simulations/20260917_005549_1854141/tomato/sim_300/scene_03/run_4/exp_tomato_20260917_012331_520910.txt,1,1,2.0,1.0,-11.176599999999999,-20.0
tomato,03,77,50,300,experiments_logs/n_simulations/20260917_005549_1854141/tomato/sim_50/scene_03/run_5/exp_tomato_20260917_012430_032307.txt,experiments_logs/n_simulations/20260917_005549_1854141/tomato/sim_300/scene_03/run_5/exp_tomato_20260917_012508_237138.txt,1,1,9.0,6.0,-10.8503,-30.0
tomato,03,78,50,300,experiments_logs/n_simulations/20260917_005549_1854141/tomato/sim_50/scene_03/run_6/exp_tomato_20260917_012546_700575.txt,experiments_logs/n_simulations/20260917_005549_1854141/tomato/sim_300/scene_03/run_6/exp_tomato_20260917_012626_636524.txt,1,1,32.0,16.0,-12.6448,-40.0
tomato,03,79,50,300,experiments_logs/n_simulations/20260917_005549_1854141/tomato/sim_50/scene_03/run_7/exp_tomato_20260917_012658_713881.txt,experiments_logs/n_simulations/20260917_005549_1854141/tomato/sim_300/scene_03/run_7/exp_tomato_20260917_012727_070426.txt,1,1,-2.0,3.0,-10.823500000000001,5.0
tomato,03,80,50,300,experiments_logs/n_simulations/20260917_005549_1854141/tomato/sim_50/scene_03/run_8/exp_tomato_20260917_012811_875245.txt,experiments_logs/n_simulations/20260917_005549_1854141/tomato/sim_300/scene_03/run_8/exp_tomato_20260917_012930_106008.txt,1,0,-4.0,-34.0,-59.5954,100.0
tomato,03,81,50,300,experiments_logs/n_simulations/20260917_005549_1854141/tomato/sim_50/scene_03/run_9/exp_tomato_20260917_012956_162861.txt,experiments_logs/n_simulations/20260917_005549_1854141/tomato/sim_300/scene_03/run_9/exp_tomato_20260917_013037_308122.txt,1,1,-1.0,-2.0,-22.9905,25.0
tomato,03,82,50,300,experiments_logs/n_simulations/20260917_005549_1854141/tomato/sim_50/scene_03/run_10/exp_tomato_20260917_013121_848101.txt,experiments_logs/n_simulations/20260917_005549_1854141/tomato/sim_300/scene_03/run_10/exp_tomato_20260917_013151_469405.txt,1,1,-1.0,2.0,-11.0279,0.0
tomato,04,83,50,300,experiments_logs/n_simulations/20260917_005549_1854141/tomato/sim_50/scene_04/run_1/exp_tomato_20260917_013248_776372.txt,experiments_logs/n_simulations/20260917_005549_1854141/tomato/sim_300/scene_04/run_1/exp_tomato_20260917_013315_958499.txt,1,1,6.0,6.0,-9.317300000000001,-15.0
tomato,04,84,50,300,experiments_logs/n_simulations/20260917_005549_1854141/tomato/sim_50/scene_04/run_2/exp_tomato_20260917_013358_893884.txt,experiments_logs/n_simulations/20260917_005549_1854141/tomato/sim_300/scene_04/run_2/exp_tomato_20260917_013441_946803.txt,1,1,-4.0,-3.0,-13.260399999999999,-5.0
tomato,04,85,50,300,experiments_logs/n_simulations/20260917_005549_1854141/tomato/sim_50/scene_04/run_3/exp_tomato_20260917_013507_784089.txt,experiments_logs/n_simulations/20260917_005549_1854141/tomato/sim_300/scene_04/run_3/exp_tomato_20260917_013540_987508.txt,1,1,1.0,-2.0,-14.405700000000001,5.0
tomato,04,86,50,300,experiments_logs/n_simulations/20260917_005549_1854141/tomato/sim_50/scene_04/run_4/exp_tomato_20260917_013618_454041.txt,experiments_logs/n_simulations/20260917_005549_1854141/tomato/sim_300/scene_04/run_4/exp_tomato_20260917_013659_368516.txt,1,1,-8.0,-5.0,-20.7686,35.0
tomato,04,87,50,300,experiments_logs/n_simulations/20260917_005549_1854141/tomato/sim_50/scene_04/run_5/exp_tomato_20260917_013730_575635.txt,experiments_logs/n_simulations/20260917_005549_1854141/tomato/sim_300/scene_04/run_5/exp_tomato_20260917_013800_223077.txt,1,1,16.0,18.0,-7.649099999999999,-15.0
tomato,04,88,50,300,experiments_logs/n_simulations/20260917_005549_1854141/tomato/sim_50/scene_04/run_6/exp_tomato_20260917_013903_603550.txt,experiments_logs/n_simulations/20260917_005549_1854141/tomato/sim_300/scene_04/run_6/exp_tomato_20260917_013942_894773.txt,1,1,-14.0,-9.0,-19.953500000000002,35.0
tomato,04,89,50,300,experiments_logs/n_simulations/20260917_005549_1854141/tomato/sim_50/scene_04/run_7/exp_tomato_20260917_014016_322814.txt,experiments_logs/n_simulations/20260917_005549_1854141/tomato/sim_300/scene_04/run_7/exp_tomato_20260917_014044_362566.txt,1,1,3.0,2.0,-11.690999999999999,-10.0
tomato,04,90,50,300,experiments_logs/n_simulations/20260917_005549_1854141/tomato/sim_50/scene_04/run_8/exp_tomato_20260917_014122_526564.txt,experiments_logs/n_simulations/20260917_005549_1854141/tomato/sim_300/scene_04/run_8/exp_tomato_20260917_014158_819435.txt,1,1,-3.0,-1.0,-15.8918,-35.0
tomato,04,91,50,300,experiments_logs/n_simulations/20260917_005549_1854141/tomato/sim_50/scene_04/run_9/exp_tomato_20260917_014225_761332.txt,experiments_logs/n_simulations/20260917_005549_1854141/tomato/sim_300/scene_04/run_9/exp_tomato_20260917_014258_573024.txt,1,1,4.0,0.0,-13.636600000000001,-25.0
tomato,04,92,50,300,experiments_logs/n_simulations/20260917_005549_1854141/tomato/sim_50/scene_04/run_10/exp_tomato_20260917_014328_295059.txt,experiments_logs/n_simulations/20260917_005549_1854141/tomato/sim_300/scene_04/run_10/exp_tomato_20260917_014400_873084.txt,1,1,2.0,-1.0,-13.6928,25.0
tomato,05,100,50,300,experiments_logs/n_simulations/20260917_005549_1854141/tomato/sim_50/scene_05/run_8/exp_tomato_20260917_015309_930738.txt,experiments_logs/n_simulations/20260917_005549_1854141/tomato/sim_300/scene_05/run_8/exp_tomato_20260917_015341_206293.txt,1,1,-5.0,1.0,-13.003800000000002,-5.0
tomato,05,101,50,300,experiments_logs/n_simulations/20260917_005549_1854141/tomato/sim_50/scene_05/run_9/exp_tomato_20260917_015412_009147.txt,experiments_logs/n_simulations/20260917_005549_1854141/tomato/sim_300/scene_05/run_9/exp_tomato_20260917_015502_332434.txt,1,1,-11.0,-4.0,-18.543100000000003,-5.0
tomato,05,102,50,300,experiments_logs/n_simulations/20260917_005549_1854141/tomato/sim_50/scene_05/run_10/exp_tomato_20260917_015531_717966.txt,experiments_logs/n_simulations/20260917_005549_1854141/tomato/sim_300/scene_05/run_10/exp_tomato_20260917_015606_284490.txt,1,1,6.0,5.0,-13.087299999999999,15.0
tomato,05,93,50,300,experiments_logs/n_simulations/20260917_005549_1854141/tomato/sim_50/scene_05/run_1/exp_tomato_20260917_014439_244324.txt,experiments_logs/n_simulations/20260917_005549_1854141/tomato/sim_300/scene_05/run_1/exp_tomato_20260917_014516_924764.txt,1,1,-1.0,-3.0,-15.493599999999999,15.0
tomato,05,94,50,300,experiments_logs/n_simulations/20260917_005549_1854141/tomato/sim_50/scene_05/run_2/exp_tomato_20260917_014551_561819.txt,experiments_logs/n_simulations/20260917_005549_1854141/tomato/sim_300/scene_05/run_2/exp_tomato_20260917_014627_782004.txt,1,1,1.0,5.0,-13.316400000000002,-15.0
tomato,05,95,50,300,experiments_logs/n_simulations/20260917_005549_1854141/tomato/sim_50/scene_05/run_3/exp_tomato_20260917_014715_835964.txt,experiments_logs/n_simulations/20260917_005549_1854141/tomato/sim_300/scene_05/run_3/exp_tomato_20260917_014750_898336.txt,1,1,2.0,1.0,-13.0809,0.0
tomato,05,96,50,300,experiments_logs/n_simulations/20260917_005549_1854141/tomato/sim_50/scene_05/run_4/exp_tomato_20260917_014819_039603.txt,experiments_logs/n_simulations/20260917_005549_1854141/tomato/sim_300/scene_05/run_4/exp_tomato_20260917_014905_480572.txt,1,1,4.0,-4.0,-20.923,35.0
tomato,05,97,50,300,experiments_logs/n_simulations/20260917_005549_1854141/tomato/sim_50/scene_05/run_5/exp_tomato_20260917_014945_205381.txt,experiments_logs/n_simulations/20260917_005549_1854141/tomato/sim_300/scene_05/run_5/exp_tomato_20260917_015023_857924.txt,1,1,-5.0,-4.0,-18.6455,-10.0
tomato,05,98,50,300,experiments_logs/n_simulations/20260917_005549_1854141/tomato/sim_50/scene_05/run_6/exp_tomato_20260917_015100_222083.txt,experiments_logs/n_simulations/20260917_005549_1854141/tomato/sim_300/scene_05/run_6/exp_tomato_20260917_015134_694776.txt,1,1,-11.0,-1.0,-14.502199999999998,10.0
tomato,05,99,50,300,experiments_logs/n_simulations/20260917_005549_1854141/tomato/sim_50/scene_05/run_7/exp_tomato_20260917_015214_647226.txt,experiments_logs/n_simulations/20260917_005549_1854141/tomato/sim_300/scene_05/run_7/exp_tomato_20260917_015243_536475.txt,1,1,-4.0,1.0,-11.1574,-5.0
tomato,01,53,50,500,experiments_logs/n_simulations/20260917_005549_1854141/tomato/sim_50/scene_01/run_1/exp_tomato_20260917_005552_415934.txt,experiments_logs/n_simulations/20260917_005549_1854141/tomato/sim_500/scene_01/run_1/exp_tomato_20260917_005717_572262.txt,1,1,3.0,0.0,-28.7607,-15.0
tomato,01,54,50,500,experiments_logs/n_simulations/20260917_005549_1854141/tomato/sim_50/scene_01/run_2/exp_tomato_20260917_005719_728002.txt,experiments_logs/n_simulations/20260917_005549_1854141/tomato/sim_500/scene_01/run_2/exp_tomato_20260917_005845_370616.txt,1,1,-2.0,-3.0,-24.8497,-5.0
tomato,01,55,50,500,experiments_logs/n_simulations/20260917_005549_1854141/tomato/sim_50/scene_01/run_3/exp_tomato_20260917_005847_653130.txt,experiments_logs/n_simulations/20260917_005549_1854141/tomato/sim_500/scene_01/run_3/exp_tomato_20260917_005954_117173.txt,1,1,-1.0,0.0,-20.5588,5.0
tomato,01,56,50,500,experiments_logs/n_simulations/20260917_005549_1854141/tomato/sim_50/scene_01/run_4/exp_tomato_20260917_005956_867363.txt,experiments_logs/n_simulations/20260917_005549_1854141/tomato/sim_500/scene_01/run_4/exp_tomato_20260917_010102_507261.txt,1,1,2.0,-3.0,-31.2748,-5.0
tomato,01,57,50,500,experiments_logs/n_simulations/20260917_005549_1854141/tomato/sim_50/scene_01/run_5/exp_tomato_20260917_010105_470995.txt,experiments_logs/n_simulations/20260917_005549_1854141/tomato/sim_500/scene_01/run_5/exp_tomato_20260917_010159_519811.txt,1,1,-2.0,4.0,-20.0526,-10.0
tomato,01,58,50,500,experiments_logs/n_simulations/20260917_005549_1854141/tomato/sim_50/scene_01/run_6/exp_tomato_20260917_010201_870747.txt,experiments_logs/n_simulations/20260917_005549_1854141/tomato/sim_500/scene_01/run_6/exp_tomato_20260917_010303_889787.txt,1,1,-3.0,-1.0,-25.8737,0.0
tomato,01,59,50,500,experiments_logs/n_simulations/20260917_005549_1854141/tomato/sim_50/scene_01/run_7/exp_tomato_20260917_010306_521361.txt,experiments_logs/n_simulations/20260917_005549_1854141/tomato/sim_500/scene_01/run_7/exp_tomato_20260917_010401_545295.txt,1,1,-1.0,2.0,-20.535500000000003,-25.0
tomato,01,60,50,500,experiments_logs/n_simulations/20260917_005549_1854141/tomato/sim_50/scene_01/run_8/exp_tomato_20260917_010404_094881.txt,experiments_logs/n_simulations/20260917_005549_1854141/tomato/sim_500/scene_01/run_8/exp_tomato_20260917_010506_912343.txt,1,1,-2.0,-2.0,-27.7594,-5.0
tomato,01,61,50,500,experiments_logs/n_simulations/20260917_005549_1854141/tomato/sim_50/scene_01/run_9/exp_tomato_20260917_010510_452300.txt,experiments_logs/n_simulations/20260917_005549_1854141/tomato/sim_500/scene_01/run_9/exp_tomato_20260917_010629_090832.txt,1,1,1.0,3.0,-26.3381,-5.0
tomato,01,62,50,500,experiments_logs/n_simulations/20260917_005549_1854141/tomato/sim_50/scene_01/run_10/exp_tomato_20260917_010631_478898.txt,experiments_logs/n_simulations/20260917_005549_1854141/tomato/sim_500/scene_01/run_10/exp_tomato_20260917_010738_344114.txt,1,1,0.0,-4.0,-27.275100000000002,5.0
tomato,02,63,50,500,experiments_logs/n_simulations/20260917_005549_1854141/tomato/sim_50/scene_02/run_1/exp_tomato_20260917_010741_366403.txt,experiments_logs/n_simulations/20260917_005549_1854141/tomato/sim_500/scene_02/run_1/exp_tomato_20260917_010842_340412.txt,1,1,11.0,1.0,-26.2505,20.0
tomato,02,64,50,500,experiments_logs/n_simulations/20260917_005549_1854141/tomato/sim_50/scene_02/run_2/exp_tomato_20260917_010845_897516.txt,experiments_logs/n_simulations/20260917_005549_1854141/tomato/sim_500/scene_02/run_2/exp_tomato_20260917_010940_541101.txt,1,1,-1.0,7.0,-20.4414,-35.0
tomato,02,65,50,500,experiments_logs/n_simulations/20260917_005549_1854141/tomato/sim_50/scene_02/run_3/exp_tomato_20260917_010943_376437.txt,experiments_logs/n_simulations/20260917_005549_1854141/tomato/sim_500/scene_02/run_3/exp_tomato_20260917_011050_140038.txt,1,1,4.0,-1.0,-24.0207,0.0
tomato,02,66,50,500,experiments_logs/n_simulations/20260917_005549_1854141/tomato/sim_50/scene_02/run_4/exp_tomato_20260917_011053_391314.txt,experiments_logs/n_simulations/20260917_005549_1854141/tomato/sim_500/scene_02/run_4/exp_tomato_20260917_011156_820059.txt,1,1,-2.0,3.0,-26.6591,5.0
tomato,02,67,50,500,experiments_logs/n_simulations/20260917_005549_1854141/tomato/sim_50/scene_02/run_5/exp_tomato_20260917_011159_278537.txt,experiments_logs/n_simulations/20260917_005549_1854141/tomato/sim_500/scene_02/run_5/exp_tomato_20260917_011306_503880.txt,1,1,0.0,-2.0,-26.2218,5.0
tomato,02,68,50,500,experiments_logs/n_simulations/20260917_005549_1854141/tomato/sim_50/scene_02/run_6/exp_tomato_20260917_011309_046787.txt,experiments_logs/n_simulations/20260917_005549_1854141/tomato/sim_500/scene_02/run_6/exp_tomato_20260917_011418_333199.txt,1,1,-5.0,1.0,-22.3069,15.0
tomato,02,69,50,500,experiments_logs/n_simulations/20260917_005549_1854141/tomato/sim_50/scene_02/run_7/exp_tomato_20260917_011421_387787.txt,experiments_logs/n_simulations/20260917_005549_1854141/tomato/sim_500/scene_02/run_7/exp_tomato_20260917_011612_292146.txt,1,1,-9.0,-5.0,-37.9987,20.0
tomato,02,70,50,500,experiments_logs/n_simulations/20260917_005549_1854141/tomato/sim_50/scene_02/run_8/exp_tomato_20260917_011616_461567.txt,experiments_logs/n_simulations/20260917_005549_1854141/tomato/sim_500/scene_02/run_8/exp_tomato_20260917_011723_928945.txt,1,1,4.0,7.0,-25.3783,-40.0
tomato,02,71,50,500,experiments_logs/n_simulations/20260917_005549_1854141/tomato/sim_50/scene_02/run_9/exp_tomato_20260917_011726_381302.txt,experiments_logs/n_simulations/20260917_005549_1854141/tomato/sim_500/scene_02/run_9/exp_tomato_20260917_011833_311917.txt,1,1,-4.0,-6.0,-30.835700000000003,5.0
tomato,02,72,50,500,experiments_logs/n_simulations/20260917_005549_1854141/tomato/sim_50/scene_02/run_10/exp_tomato_20260917_011837_656780.txt,experiments_logs/n_simulations/20260917_005549_1854141/tomato/sim_500/scene_02/run_10/exp_tomato_20260917_011939_396414.txt,1,1,6.0,7.0,-21.4512,-35.0
tomato,03,73,50,500,experiments_logs/n_simulations/20260917_005549_1854141/tomato/sim_50/scene_03/run_1/exp_tomato_20260917_011943_748363.txt,experiments_logs/n_simulations/20260917_005549_1854141/tomato/sim_500/scene_03/run_1/exp_tomato_20260917_012042_719072.txt,1,1,9.0,9.0,-22.6656,-30.0
tomato,03,74,50,500,experiments_logs/n_simulations/20260917_005549_1854141/tomato/sim_50/scene_03/run_2/exp_tomato_20260917_012045_091113.txt,experiments_logs/n_simulations/20260917_005549_1854141/tomato/sim_500/scene_03/run_2/exp_tomato_20260917_012143_705559.txt,1,1,3.0,-3.0,-23.296300000000002,20.0
tomato,03,75,50,500,experiments_logs/n_simulations/20260917_005549_1854141/tomato/sim_50/scene_03/run_3/exp_tomato_20260917_012146_509653.txt,experiments_logs/n_simulations/20260917_005549_1854141/tomato/sim_500/scene_03/run_3/exp_tomato_20260917_012257_314624.txt,1,1,-1.0,-3.0,-29.1481,-25.0
tomato,03,76,50,500,experiments_logs/n_simulations/20260917_005549_1854141/tomato/sim_50/scene_03/run_4/exp_tomato_20260917_012259_914113.txt,experiments_logs/n_simulations/20260917_005549_1854141/tomato/sim_500/scene_03/run_4/exp_tomato_20260917_012426_542571.txt,1,1,-4.0,-15.0,-52.4219,20.0
tomato,03,77,50,500,experiments_logs/n_simulations/20260917_005549_1854141/tomato/sim_50/scene_03/run_5/exp_tomato_20260917_012430_032307.txt,experiments_logs/n_simulations/20260917_005549_1854141/tomato/sim_500/scene_03/run_5/exp_tomato_20260917_012540_665327.txt,1,1,2.0,1.0,-28.9394,-30.0
tomato,03,78,50,500,experiments_logs/n_simulations/20260917_005549_1854141/tomato/sim_50/scene_03/run_6/exp_tomato_20260917_012546_700575.txt,experiments_logs/n_simulations/20260917_005549_1854141/tomato/sim_500/scene_03/run_6/exp_tomato_20260917_012655_829782.txt,1,1,32.0,18.0,-23.1605,-50.0
tomato,03,79,50,500,experiments_logs/n_simulations/20260917_005549_1854141/tomato/sim_50/scene_03/run_7/exp_tomato_20260917_012658_713881.txt,experiments_logs/n_simulations/20260917_005549_1854141/tomato/sim_500/scene_03/run_7/exp_tomato_20260917_012809_127627.txt,1,1,-32.0,-7.0,-39.1721,40.0
tomato,03,80,50,500,experiments_logs/n_simulations/20260917_005549_1854141/tomato/sim_50/scene_03/run_8/exp_tomato_20260917_012811_875245.txt,experiments_logs/n_simulations/20260917_005549_1854141/tomato/sim_500/scene_03/run_8/exp_tomato_20260917_012952_038169.txt,1,1,4.0,3.0,-19.1869,-20.0
tomato,03,81,50,500,experiments_logs/n_simulations/20260917_005549_1854141/tomato/sim_50/scene_03/run_9/exp_tomato_20260917_012956_162861.txt,experiments_logs/n_simulations/20260917_005549_1854141/tomato/sim_500/scene_03/run_9/exp_tomato_20260917_013119_094472.txt,1,1,4.0,0.0,-37.667100000000005,15.0
tomato,03,82,50,500,experiments_logs/n_simulations/20260917_005549_1854141/tomato/sim_50/scene_03/run_10/exp_tomato_20260917_013121_848101.txt,experiments_logs/n_simulations/20260917_005549_1854141/tomato/sim_500/scene_03/run_10/exp_tomato_20260917_013245_561670.txt,1,1,-18.0,-15.0,-51.3413,40.0
tomato,04,83,50,500,experiments_logs/n_simulations/20260917_005549_1854141/tomato/sim_50/scene_04/run_1/exp_tomato_20260917_013248_776372.txt,experiments_logs/n_simulations/20260917_005549_1854141/tomato/sim_500/scene_04/run_1/exp_tomato_20260917_013356_662942.txt,1,1,-4.0,-4.0,-37.4878,15.0
tomato,04,84,50,500,experiments_logs/n_simulations/20260917_005549_1854141/tomato/sim_50/scene_04/run_2/exp_tomato_20260917_013358_893884.txt,experiments_logs/n_simulations/20260917_005549_1854141/tomato/sim_500/scene_04/run_2/exp_tomato_20260917_013505_158111.txt,1,1,-6.0,-1.0,-21.0148,0.0
tomato,04,85,50,500,experiments_logs/n_simulations/20260917_005549_1854141/tomato/sim_50/scene_04/run_3/exp_tomato_20260917_013507_784089.txt,experiments_logs/n_simulations/20260917_005549_1854141/tomato/sim_500/scene_04/run_3/exp_tomato_20260917_013615_343481.txt,1,1,-8.0,-6.0,-31.732099999999996,25.0
tomato,04,86,50,500,experiments_logs/n_simulations/20260917_005549_1854141/tomato/sim_50/scene_04/run_4/exp_tomato_20260917_013618_454041.txt,experiments_logs/n_simulations/20260917_005549_1854141/tomato/sim_500/scene_04/run_4/exp_tomato_20260917_013724_692499.txt,1,1,-2.0,3.0,-22.214799999999997,-10.0
tomato,04,87,50,500,experiments_logs/n_simulations/20260917_005549_1854141/tomato/sim_50/scene_04/run_5/exp_tomato_20260917_013730_575635.txt,experiments_logs/n_simulations/20260917_005549_1854141/tomato/sim_500/scene_04/run_5/exp_tomato_20260917_013901_449100.txt,1,1,-5.0,1.0,-55.3487,45.0
tomato,04,88,50,500,experiments_logs/n_simulations/20260917_005549_1854141/tomato/sim_50/scene_04/run_6/exp_tomato_20260917_013903_603550.txt,experiments_logs/n_simulations/20260917_005549_1854141/tomato/sim_500/scene_04/run_6/exp_tomato_20260917_014013_422969.txt,1,1,-4.0,-5.0,-28.38,-10.0
tomato,04,89,50,500,experiments_logs/n_simulations/20260917_005549_1854141/tomato/sim_50/scene_04/run_7/exp_tomato_20260917_014016_322814.txt,experiments_logs/n_simulations/20260917_005549_1854141/tomato/sim_500/scene_04/run_7/exp_tomato_20260917_014119_266234.txt,1,1,-9.0,-2.0,-32.0029,-5.0
tomato,04,90,50,500,experiments_logs/n_simulations/20260917_005549_1854141/tomato/sim_50/scene_04/run_8/exp_tomato_20260917_014122_526564.txt,experiments_logs/n_simulations/20260917_005549_1854141/tomato/sim_500/scene_04/run_8/exp_tomato_20260917_014223_101299.txt,1,1,5.0,4.0,-21.0213,-30.0
tomato,04,91,50,500,experiments_logs/n_simulations/20260917_005549_1854141/tomato/sim_50/scene_04/run_9/exp_tomato_20260917_014225_761332.txt,experiments_logs/n_simulations/20260917_005549_1854141/tomato/sim_500/scene_04/run_9/exp_tomato_20260917_014325_865885.txt,1,1,4.0,0.0,-24.6378,5.0
tomato,04,92,50,500,experiments_logs/n_simulations/20260917_005549_1854141/tomato/sim_50/scene_04/run_10/exp_tomato_20260917_014328_295059.txt,experiments_logs/n_simulations/20260917_005549_1854141/tomato/sim_500/scene_04/run_10/exp_tomato_20260917_014436_697314.txt,1,1,-9.0,-6.0,-33.3964,30.0
tomato,05,100,50,500,experiments_logs/n_simulations/20260917_005549_1854141/tomato/sim_50/scene_05/run_8/exp_tomato_20260917_015309_930738.txt,experiments_logs/n_simulations/20260917_005549_1854141/tomato/sim_500/scene_05/run_8/exp_tomato_20260917_015409_332654.txt,1,1,5.0,-1.0,-25.5417,5.0
tomato,05,101,50,500,experiments_logs/n_simulations/20260917_005549_1854141/tomato/sim_50/scene_05/run_9/exp_tomato_20260917_015412_009147.txt,experiments_logs/n_simulations/20260917_005549_1854141/tomato/sim_500/scene_05/run_9/exp_tomato_20260917_015528_075495.txt,1,1,-3.0,2.0,-23.0665,5.0
tomato,05,102,50,500,experiments_logs/n_simulations/20260917_005549_1854141/tomato/sim_50/scene_05/run_10/exp_tomato_20260917_015531_717966.txt,experiments_logs/n_simulations/20260917_005549_1854141/tomato/sim_500/scene_05/run_10/exp_tomato_20260917_015633_776871.txt,1,1,7.0,4.0,-23.8546,15.0
tomato,05,93,50,500,experiments_logs/n_simulations/20260917_005549_1854141/tomato/sim_50/scene_05/run_1/exp_tomato_20260917_014439_244324.txt,experiments_logs/n_simulations/20260917_005549_1854141/tomato/sim_500/scene_05/run_1/exp_tomato_20260917_014548_108989.txt,1,1,1.0,-4.0,-28.6409,5.0
tomato,05,94,50,500,experiments_logs/n_simulations/20260917_005549_1854141/tomato/sim_50/scene_05/run_2/exp_tomato_20260917_014551_561819.txt,experiments_logs/n_simulations/20260917_005549_1854141/tomato/sim_500/scene_05/run_2/exp_tomato_20260917_014713_169794.txt,1,1,-3.0,-3.0,-41.9376,-5.0
tomato,05,95,50,500,experiments_logs/n_simulations/20260917_005549_1854141/tomato/sim_50/scene_05/run_3/exp_tomato_20260917_014715_835964.txt,experiments_logs/n_simulations/20260917_005549_1854141/tomato/sim_500/scene_05/run_3/exp_tomato_20260917_014815_861288.txt,1,1,4.0,2.0,-22.294,5.0
tomato,05,96,50,500,experiments_logs/n_simulations/20260917_005549_1854141/tomato/sim_50/scene_05/run_4/exp_tomato_20260917_014819_039603.txt,experiments_logs/n_simulations/20260917_005549_1854141/tomato/sim_500/scene_05/run_4/exp_tomato_20260917_014942_575403.txt,1,1,1.0,-2.0,-33.9147,20.0
tomato,05,97,50,500,experiments_logs/n_simulations/20260917_005549_1854141/tomato/sim_50/scene_05/run_5/exp_tomato_20260917_014945_205381.txt,experiments_logs/n_simulations/20260917_005549_1854141/tomato/sim_500/scene_05/run_5/exp_tomato_20260917_015057_450286.txt,1,1,-5.0,-3.0,-30.962400000000002,5.0
tomato,05,98,50,500,experiments_logs/n_simulations/20260917_005549_1854141/tomato/sim_50/scene_05/run_6/exp_tomato_20260917_015100_222083.txt,experiments_logs/n_simulations/20260917_005549_1854141/tomato/sim_500/scene_05/run_6/exp_tomato_20260917_015212_212718.txt,1,1,-8.0,-6.0,-34.7447,10.0
tomato,05,99,50,500,experiments_logs/n_simulations/20260917_005549_1854141/tomato/sim_50/scene_05/run_7/exp_tomato_20260917_015214_647226.txt,experiments_logs/n_simulations/20260917_005549_1854141/tomato/sim_500/scene_05/run_7/exp_tomato_20260917_015307_345332.txt,1,1,-1.0,0.0,-21.3733,10.0
wastesorting,01,1000053,50,100,experiments_logs/n_simulations/20260917_005549_1854141/wastesorting/sim_50/scene_01/run_1/exp_wastesorting_20260917_015635_049355.txt,experiments_logs/n_simulations/20260917_005549_1854141/wastesorting/sim_100/scene_01/run_1/exp_wastesorting_20260917_015636_845252.txt,1,1,7.0,0.0,-0.5286,15.0
wastesorting,01,1000054,50,100,experiments_logs/n_simulations/20260917_005549_1854141/wastesorting/sim_50/scene_01/run_2/exp_wastesorting_20260917_015658_839491.txt,experiments_logs/n_simulations/20260917_005549_1854141/wastesorting/sim_100/scene_01/run_2/exp_wastesorting_20260917_015700_756449.txt,1,1,6.0,1.0,-0.5323,-10.0
wastesorting,01,1000055,50,100,experiments_logs/n_simulations/20260917_005549_1854141/wastesorting/sim_50/scene_01/run_3/exp_wastesorting_20260917_015724_456726.txt,experiments_logs/n_simulations/20260917_005549_1854141/wastesorting/sim_100/scene_01/run_3/exp_wastesorting_20260917_015726_152606.txt,1,1,0.0,1.0,-0.7398000000000001,10.0
wastesorting,01,1000056,50,100,experiments_logs/n_simulations/20260917_005549_1854141/wastesorting/sim_50/scene_01/run_4/exp_wastesorting_20260917_015746_996722.txt,experiments_logs/n_simulations/20260917_005549_1854141/wastesorting/sim_100/scene_01/run_4/exp_wastesorting_20260917_015748_800745.txt,1,1,-2.0,0.0,-0.7304,-10.0
wastesorting,01,1000057,50,100,experiments_logs/n_simulations/20260917_005549_1854141/wastesorting/sim_50/scene_01/run_5/exp_wastesorting_20260917_015810_373077.txt,experiments_logs/n_simulations/20260917_005549_1854141/wastesorting/sim_100/scene_01/run_5/exp_wastesorting_20260917_015812_391047.txt,1,1,9.0,0.0,-0.9060000000000001,-10.0
wastesorting,01,1000058,50,100,experiments_logs/n_simulations/20260917_005549_1854141/wastesorting/sim_50/scene_01/run_6/exp_wastesorting_20260917_015834_513458.txt,experiments_logs/n_simulations/20260917_005549_1854141/wastesorting/sim_100/scene_01/run_6/exp_wastesorting_20260917_015836_310725.txt,1,1,-2.0,1.0,-0.8880999999999999,-20.0
wastesorting,01,1000059,50,100,experiments_logs/n_simulations/20260917_005549_1854141/wastesorting/sim_50/scene_01/run_7/exp_wastesorting_20260917_015900_341950.txt,experiments_logs/n_simulations/20260917_005549_1854141/wastesorting/sim_100/scene_01/run_7/exp_wastesorting_20260917_015902_186558.txt,1,1,-1.0,0.0,-0.9381,-5.0
wastesorting,01,1000060,50,100,experiments_logs/n_simulations/20260917_005549_1854141/wastesorting/sim_50/scene_01/run_8/exp_wastesorting_20260917_015925_276872.txt,experiments_logs/n_simulations/20260917_005549_1854141/wastesorting/sim_100/scene_01/run_8/exp_wastesorting_20260917_015927_367744.txt,1,1,-5.0,-1.0,-0.9954000000000001,0.0
wastesorting,01,1000061,50,100,experiments_logs/n_simulations/20260917_005549_1854141/wastesorting/sim_50/scene_01/run_9/exp_wastesorting_20260917_015952_894184.txt,experiments_logs/n_simulations/20260917_005549_1854141/wastesorting/sim_100/scene_01/run_9/exp_wastesorting_20260917_015954_743285.txt,1,1,-6.0,-1.0,-0.9801999999999998,0.0
wastesorting,01,1000062,50,100,experiments_logs/n_simulations/20260917_005549_1854141/wastesorting/sim_50/scene_01/run_10/exp_wastesorting_20260917_020014_633078.txt,experiments_logs/n_simulations/20260917_005549_1854141/wastesorting/sim_100/scene_01/run_10/exp_wastesorting_20260917_020016_424717.txt,1,1,8.0,3.0,-0.26149999999999984,-10.0
wastesorting,02,1000063,50,100,experiments_logs/n_simulations/20260917_005549_1854141/wastesorting/sim_50/scene_02/run_1/exp_wastesorting_20260917_020034_370155.txt,experiments_logs/n_simulations/20260917_005549_1854141/wastesorting/sim_100/scene_02/run_1/exp_wastesorting_20260917_020036_386627.txt,1,1,-3.0,-2.0,-1.0893,-10.0
wastesorting,02,1000064,50,100,experiments_logs/n_simulations/20260917_005549_1854141/wastesorting/sim_50/scene_02/run_2/exp_wastesorting_20260917_020055_937761.txt,experiments_logs/n_simulations/20260917_005549_1854141/wastesorting/sim_100/scene_02/run_2/exp_wastesorting_20260917_020057_735566.txt,1,1,2.0,1.0,-0.7299999999999999,15.0
wastesorting,02,1000065,50,100,experiments_logs/n_simulations/20260917_005549_1854141/wastesorting/sim_50/scene_02/run_3/exp_wastesorting_20260917_020117_556787.txt,experiments_logs/n_simulations/20260917_005549_1854141/wastesorting/sim_100/scene_02/run_3/exp_wastesorting_20260917_020119_476006.txt,1,1,-1.0,-1.0,-0.9404000000000001,0.0
wastesorting,02,1000066,50,100,experiments_logs/n_simulations/20260917_005549_1854141/wastesorting/sim_50/scene_02/run_4/exp_wastesorting_20260917_020135_247619.txt,experiments_logs/n_simulations/20260917_005549_1854141/wastesorting/sim_100/scene_02/run_4/exp_wastesorting_20260917_020137_595431.txt,1,1,-14.0,-7.0,-1.5724,5.0
wastesorting,02,1000067,50,100,experiments_logs/n_simulations/20260917_005549_1854141/wastesorting/sim_50/scene_02/run_5/exp_wastesorting_20260917_020154_723442.txt,experiments_logs/n_simulations/20260917_005549_1854141/wastesorting/sim_100/scene_02/run_5/exp_wastesorting_20260917_020156_322763.txt,1,1,6.0,2.0,-0.5892000000000001,0.0
wastesorting,02,1000068,50,100,experiments_logs/n_simulations/20260917_005549_1854141/wastesorting/sim_50/scene_02/run_6/exp_wastesorting_20260917_020213_953809.txt,experiments_logs/n_simulations/20260917_005549_1854141/wastesorting/sim_100/scene_02/run_6/exp_wastesorting_20260917_020215_594236.txt,1,1,6.0,1.0,-0.5151000000000001,-20.0
wastesorting,02,1000069,50,100,experiments_logs/n_simulations/20260917_005549_1854141/wastesorting/sim_50/scene_02/run_7/exp_wastesorting_20260917_020235_738987.txt,experiments_logs/n_simulations/20260917_005549_1854141/wastesorting/sim_100/scene_02/run_7/exp_wastesorting_20260917_020237_889621.txt,1,1,-5.0,1.0,-1.1856,0.0
wastesorting,02,1000070,50,100,experiments_logs/n_simulations/20260917_005549_1854141/wastesorting/sim_50/scene_02/run_8/exp_wastesorting_20260917_020254_085567.txt,experiments_logs/n_simulations/20260917_005549_1854141/wastesorting/sim_100/scene_02/run_8/exp_wastesorting_20260917_020256_266473.txt,1,1,-6.0,0.0,-1.2981,-20.0
wastesorting,02,1000071,50,100,experiments_logs/n_simulations/20260917_005549_1854141/wastesorting/sim_50/scene_02/run_9/exp_wastesorting_20260917_020314_691458.txt,experiments_logs/n_simulations/20260917_005549_1854141/wastesorting/sim_100/scene_02/run_9/exp_wastesorting_20260917_020316_314771.txt,1,1,-4.0,-2.0,-0.6989000000000001,0.0
wastesorting,02,1000072,50,100,experiments_logs/n_simulations/20260917_005549_1854141/wastesorting/sim_50/scene_02/run_10/exp_wastesorting_20260917_020335_648973.txt,experiments_logs/n_simulations/20260917_005549_1854141/wastesorting/sim_100/scene_02/run_10/exp_wastesorting_20260917_020337_319555.txt,1,1,8.0,3.0,-0.6315000000000001,0.0
wastesorting,03,1000073,50,100,experiments_logs/n_simulations/20260917_005549_1854141/wastesorting/sim_50/scene_03/run_1/exp_wastesorting_20260917_020359_025476.txt,experiments_logs/n_simulations/20260917_005549_1854141/wastesorting/sim_100/scene_03/run_1/exp_wastesorting_20260917_020401_451023.txt,1,1,-17.0,-2.0,-1.5468000000000002,5.0
wastesorting,03,1000074,50,100,experiments_logs/n_simulations/20260917_005549_1854141/wastesorting/sim_50/scene_03/run_2/exp_wastesorting_20260917_020418_477693.txt,experiments_logs/n_simulations/20260917_005549_1854141/wastesorting/sim_100/scene_03/run_2/exp_wastesorting_20260917_020420_767227.txt,1,1,-2.0,-2.0,-1.1996,0.0
wastesorting,03,1000075,50,100,experiments_logs/n_simulations/20260917_005549_1854141/wastesorting/sim_50/scene_03/run_3/exp_wastesorting_20260917_020437_178361.txt,experiments_logs/n_simulations/20260917_005549_1854141/wastesorting/sim_100/scene_03/run_3/exp_wastesorting_20260917_020439_249855.txt,1,1,-12.0,-2.0,-1.245,10.0
wastesorting,03,1000076,50,100,experiments_logs/n_simulations/20260917_005549_1854141/wastesorting/sim_50/scene_03/run_4/exp_wastesorting_20260917_020456_235324.txt,experiments_logs/n_simulations/20260917_005549_1854141/wastesorting/sim_100/scene_03/run_4/exp_wastesorting_20260917_020458_482864.txt,1,1,-4.0,1.0,-0.9430000000000001,10.0
wastesorting,03,1000077,50,100,experiments_logs/n_simulations/20260917_005549_1854141/wastesorting/sim_50/scene_03/run_5/exp_wastesorting_20260917_020516_150589.txt,experiments_logs/n_simulations/20260917_005549_1854141/wastesorting/sim_100/scene_03/run_5/exp_wastesorting_20260917_020518_310808.txt,1,1,10.0,-1.0,-1.1313999999999997,-10.0
wastesorting,03,1000078,50,100,experiments_logs/n_simulations/20260917_005549_1854141/wastesorting/sim_50/scene_03/run_6/exp_wastesorting_20260917_020537_321560.txt,experiments_logs/n_simulations/20260917_005549_1854141/wastesorting/sim_100/scene_03/run_6/exp_wastesorting_20260917_020538_955652.txt,1,1,8.0,4.0,-0.35340000000000016,5.0
wastesorting,03,1000079,50,100,experiments_logs/n_simulations/20260917_005549_1854141/wastesorting/sim_50/scene_03/run_7/exp_wastesorting_20260917_020557_970054.txt,experiments_logs/n_simulations/20260917_005549_1854141/wastesorting/sim_100/scene_03/run_7/exp_wastesorting_20260917_020559_846447.txt,1,1,-8.0,-1.0,-1.0177,15.0
wastesorting,03,1000080,50,100,experiments_logs/n_simulations/20260917_005549_1854141/wastesorting/sim_50/scene_03/run_8/exp_wastesorting_20260917_020617_154177.txt,experiments_logs/n_simulations/20260917_005549_1854141/wastesorting/sim_100/scene_03/run_8/exp_wastesorting_20260917_020618_965159.txt,1,1,-3.0,-1.0,-0.9301999999999999,0.0
wastesorting,03,1000081,50,100,experiments_logs/n_simulations/20260917_005549_1854141/wastesorting/sim_50/scene_03/run_9/exp_wastesorting_20260917_020637_720206.txt,experiments_logs/n_simulations/20260917_005549_1854141/wastesorting/sim_100/scene_03/run_9/exp_wastesorting_20260917_020640_019717.txt,1,1,-10.0,-2.0,-1.4185999999999999,10.0
wastesorting,03,1000082,50,100,experiments_logs/n_simulations/20260917_005549_1854141/wastesorting/sim_50/scene_03/run_10/exp_wastesorting_20260917_020656_775974.txt,experiments_logs/n_simulations/20260917_005549_1854141/wastesorting/sim_100/scene_03/run_10/exp_wastesorting_20260917_020658_690520.txt,1,1,-3.0,0.0,-0.8883999999999999,0.0
wastesorting,04,1000083,50,100,experiments_logs/n_simulations/20260917_005549_1854141/wastesorting/sim_50/scene_04/run_1/exp_wastesorting_20260917_020719_045266.txt,experiments_logs/n_simulations/20260917_005549_1854141/wastesorting/sim_100/scene_04/run_1/exp_wastesorting_20260917_020721_338104.txt,1,1,-1.0,-1.0,-1.1369,0.0
wastesorting,04,1000084,50,100,experiments_logs/n_simulations/20260917_005549_1854141/wastesorting/sim_50/scene_04/run_2/exp_wastesorting_20260917_020737_633117.txt,experiments_logs/n_simulations/20260917_005549_1854141/wastesorting/sim_100/scene_04/run_2/exp_wastesorting_20260917_020739_861332.txt,1,1,-5.0,-1.0,-1.2694999999999999,-10.0
wastesorting,04,1000085,50,100,experiments_logs/n_simulations/20260917_005549_1854141/wastesorting/sim_50/scene_04/run_3/exp_wastesorting_20260917_020756_327400.txt,experiments_logs/n_simulations/20260917_005549_1854141/wastesorting/sim_100/scene_04/run_3/exp_wastesorting_20260917_020758_112320.txt,1,1,5.0,1.0,-0.7047,10.0
wastesorting,04,1000086,50,100,experiments_logs/n_simulations/20260917_005549_1854141/wastesorting/sim_50/scene_04/run_4/exp_wastesorting_20260917_020816_149223.txt,experiments_logs/n_simulations/20260917_005549_1854141/wastesorting/sim_100/scene_04/run_4/exp_wastesorting_20260917_020817_904550.txt,1,1,0.0,-1.0,-0.7111,-5.0
wastesorting,04,1000087,50,100,experiments_logs/n_simulations/20260917_005549_1854141/wastesorting/sim_50/scene_04/run_5/exp_wastesorting_20260917_020837_030221.txt,experiments_logs/n_simulations/20260917_005549_1854141/wastesorting/sim_100/scene_04/run_5/exp_wastesorting_20260917_020838_818024.txt,1,1,1.0,1.0,-0.6335,10.0
wastesorting,04,1000088,50,100,experiments_logs/n_simulations/20260917_005549_1854141/wastesorting/sim_50/scene_04/run_6/exp_wastesorting_20260917_020856_393626.txt,experiments_logs/n_simulations/20260917_005549_1854141/wastesorting/sim_100/scene_04/run_6/exp_wastesorting_20260917_020858_033651.txt,1,1,-1.0,2.0,-0.7104999999999999,0.0
wastesorting,04,1000089,50,100,experiments_logs/n_simulations/20260917_005549_1854141/wastesorting/sim_50/scene_04/run_7/exp_wastesorting_20260917_020916_281542.txt,experiments_logs/n_simulations/20260917_005549_1854141/wastesorting/sim_100/scene_04/run_7/exp_wastesorting_20260917_020917_981310.txt,1,1,0.0,0.0,-0.7631,15.0
wastesorting,04,1000090,50,100,experiments_logs/n_simulations/20260917_005549_1854141/wastesorting/sim_50/scene_04/run_8/exp_wastesorting_20260917_020938_612746.txt,experiments_logs/n_simulations/20260917_005549_1854141/wastesorting/sim_100/scene_04/run_8/exp_wastesorting_20260917_020940_233777.txt,1,1,-3.0,0.0,-0.67,0.0
wastesorting,04,1000091,50,100,experiments_logs/n_simulations/20260917_005549_1854141/wastesorting/sim_50/scene_04/run_9/exp_wastesorting_20260917_021001_093933.txt,experiments_logs/n_simulations/20260917_005549_1854141/wastesorting/sim_100/scene_04/run_9/exp_wastesorting_20260917_021003_132201.txt,1,1,8.0,3.0,-0.7744,-5.0
wastesorting,04,1000092,50,100,experiments_logs/n_simulations/20260917_005549_1854141/wastesorting/sim_50/scene_04/run_10/exp_wastesorting_20260917_021021_600629.txt,experiments_logs/n_simulations/20260917_005549_1854141/wastesorting/sim_100/scene_04/run_10/exp_wastesorting_20260917_021023_294452.txt,1,1,-4.0,-1.0,-0.8169,10.0
wastesorting,05,1000093,50,100,experiments_logs/n_simulations/20260917_005549_1854141/wastesorting/sim_50/scene_05/run_1/exp_wastesorting_20260917_021042_927984.txt,experiments_logs/n_simulations/20260917_005549_1854141/wastesorting/sim_100/scene_05/run_1/exp_wastesorting_20260917_021044_749633.txt,1,1,6.0,1.0,-0.7475999999999999,-15.0
wastesorting,05,1000094,50,100,experiments_logs/n_simulations/20260917_005549_1854141/wastesorting/sim_50/scene_05/run_2/exp_wastesorting_20260917_021102_353871.txt,experiments_logs/n_simulations/20260917_005549_1854141/wastesorting/sim_100/scene_05/run_2/exp_wastesorting_20260917_021104_539724.txt,1,1,-9.0,-2.0,-1.3000000000000003,-5.0
wastesorting,05,1000095,50,100,experiments_logs/n_simulations/20260917_005549_1854141/wastesorting/sim_50/scene_05/run_3/exp_wastesorting_20260917_021124_648058.txt,experiments_logs/n_simulations/20260917_005549_1854141/wastesorting/sim_100/scene_05/run_3/exp_wastesorting_20260917_021126_743371.txt,1,1,-1.0,-2.0,-1.2734,-10.0
wastesorting,05,1000096,50,100,experiments_logs/n_simulations/20260917_005549_1854141/wastesorting/sim_50/scene_05/run_4/exp_wastesorting_20260917_021145_641801.txt,experiments_logs/n_simulations/20260917_005549_1854141/wastesorting/sim_100/scene_05/run_4/exp_wastesorting_20260917_021147_218160.txt,1,1,-2.0,0.0,-0.6811,0.0
wastesorting,05,1000097,50,100,experiments_logs/n_simulations/20260917_005549_1854141/wastesorting/sim_50/scene_05/run_5/exp_wastesorting_20260917_021208_715592.txt,experiments_logs/n_simulations/20260917_005549_1854141/wastesorting/sim_100/scene_05/run_5/exp_wastesorting_20260917_021210_772589.txt,1,1,3.0,1.0,-0.9944000000000001,-15.0
wastesorting,05,1000098,50,100,experiments_logs/n_simulations/20260917_005549_1854141/wastesorting/sim_50/scene_05/run_6/exp_wastesorting_20260917_021230_617713.txt,experiments_logs/n_simulations/20260917_005549_1854141/wastesorting/sim_100/scene_05/run_6/exp_wastesorting_20260917_021232_387430.txt,1,1,-4.0,1.0,-0.8013,5.0
wastesorting,05,1000099,50,100,experiments_logs/n_simulations/20260917_005549_1854141/wastesorting/sim_50/scene_05/run_7/exp_wastesorting_20260917_021252_182888.txt,experiments_logs/n_simulations/20260917_005549_1854141/wastesorting/sim_100/scene_05/run_7/exp_wastesorting_20260917_021253_770105.txt,1,1,2.0,0.0,-0.7065,-10.0
wastesorting,05,1000100,50,100,experiments_logs/n_simulations/20260917_005549_1854141/wastesorting/sim_50/scene_05/run_8/exp_wastesorting_20260917_021309_832320.txt,experiments_logs/n_simulations/20260917_005549_1854141/wastesorting/sim_100/scene_05/run_8/exp_wastesorting_20260917_021312_213405.txt,1,1,-8.0,-3.0,-1.4756,15.0
wastesorting,05,1000101,50,100,experiments_logs/n_simulations/20260917_005549_1854141/wastesorting/sim_50/scene_05/run_9/exp_wastesorting_20260917_021330_219973.txt,experiments_logs/n_simulations/20260917_005549_1854141/wastesorting/sim_100/scene_05/run_9/exp_wastesorting_20260917_021332_129495.txt,1,1,-4.0,0.0,-0.7557,5.0
wastesorting,05,1000102,50,100,experiments_logs/n_simulations/20260917_005549_1854141/wastesorting/sim_50/scene_05/run_10/exp_wastesorting_20260917_021351_800876.txt,experiments_logs/n_simulations/20260917_005549_1854141/wastesorting/sim_100/scene_05/run_10/exp_wastesorting_20260917_021353_683740.txt,1,1,-5.0,2.0,-0.8763,5.0
wastesorting,01,1000053,50,200,experiments_logs/n_simulations/20260917_005549_1854141/wastesorting/sim_50/scene_01/run_1/exp_wastesorting_20260917_015635_049355.txt,experiments_logs/n_simulations/20260917_005549_1854141/wastesorting/sim_200/scene_01/run_1/exp_wastesorting_20260917_015640_385414.txt,1,1,2.0,0.0,-2.2727,10.0
wastesorting,01,1000054,50,200,experiments_logs/n_simulations/20260917_005549_1854141/wastesorting/sim_50/scene_01/run_2/exp_wastesorting_20260917_015658_839491.txt,experiments_logs/n_simulations/20260917_005549_1854141/wastesorting/sim_200/scene_01/run_2/exp_wastesorting_20260917_015706_604497.txt,1,1,-12.0,-2.0,-4.4614,-10.0
wastesorting,01,1000055,50,200,experiments_logs/n_simulations/20260917_005549_1854141/wastesorting/sim_50/scene_01/run_3/exp_wastesorting_20260917_015724_456726.txt,experiments_logs/n_simulations/20260917_005549_1854141/wastesorting/sim_200/scene_01/run_3/exp_wastesorting_20260917_015731_385942.txt,1,1,-10.0,-2.0,-4.2751,0.0
wastesorting,01,1000056,50,200,experiments_logs/n_simulations/20260917_005549_1854141/wastesorting/sim_50/scene_01/run_4/exp_wastesorting_20260917_015746_996722.txt,experiments_logs/n_simulations/20260917_005549_1854141/wastesorting/sim_200/scene_01/run_4/exp_wastesorting_20260917_015752_461895.txt,1,1,0.0,-1.0,-2.5892,-5.0
wastesorting,01,1000057,50,200,experiments_logs/n_simulations/20260917_005549_1854141/wastesorting/sim_50/scene_01/run_5/exp_wastesorting_20260917_015810_373077.txt,experiments_logs/n_simulations/20260917_005549_1854141/wastesorting/sim_200/scene_01/run_5/exp_wastesorting_20260917_015817_463946.txt,1,1,2.0,-1.0,-3.9482,-15.0
wastesorting,01,1000058,50,200,experiments_logs/n_simulations/20260917_005549_1854141/wastesorting/sim_50/scene_01/run_6/exp_wastesorting_20260917_015834_513458.txt,experiments_logs/n_simulations/20260917_005549_1854141/wastesorting/sim_200/scene_01/run_6/exp_wastesorting_20260917_015839_720977.txt,1,1,-1.0,1.0,-2.4977,-10.0
wastesorting,01,1000059,50,200,experiments_logs/n_simulations/20260917_005549_1854141/wastesorting/sim_50/scene_01/run_7/exp_wastesorting_20260917_015900_341950.txt,experiments_logs/n_simulations/20260917_005549_1854141/wastesorting/sim_200/scene_01/run_7/exp_wastesorting_20260917_015906_805967.txt,1,1,-4.0,0.0,-3.7167999999999997,-15.0
wastesorting,01,1000060,50,200,experiments_logs/n_simulations/20260917_005549_1854141/wastesorting/sim_50/scene_01/run_8/exp_wastesorting_20260917_015925_276872.txt,experiments_logs/n_simulations/20260917_005549_1854141/wastesorting/sim_200/scene_01/run_8/exp_wastesorting_20260917_015930_733033.txt,1,1,2.0,2.0,-2.2652,10.0
wastesorting,01,1000061,50,200,experiments_logs/n_simulations/20260917_005549_1854141/wastesorting/sim_50/scene_01/run_9/exp_wastesorting_20260917_015952_894184.txt,experiments_logs/n_simulations/20260917_005549_1854141/wastesorting/sim_200/scene_01/run_9/exp_wastesorting_20260917_015958_653482.txt,1,1,-9.0,-3.0,-3.0434,-5.0
wastesorting,01,1000062,50,200,experiments_logs/n_simulations/20260917_005549_1854141/wastesorting/sim_50/scene_01/run_10/exp_wastesorting_20260917_020014_633078.txt,experiments_logs/n_simulations/20260917_005549_1854141/wastesorting/sim_200/scene_01/run_10/exp_wastesorting_20260917_020019_664255.txt,1,1,12.0,4.0,-1.7101999999999997,-20.0
wastesorting,02,1000063,50,200,experiments_logs/n_simulations/20260917_005549_1854141/wastesorting/sim_50/scene_02/run_1/exp_wastesorting_20260917_020034_370155.txt,experiments_logs/n_simulations/20260917_005549_1854141/wastesorting/sim_200/scene_02/run_1/exp_wastesorting_20260917_020039_463307.txt,1,1,6.0,2.0,-2.146,-20.0
wastesorting,02,1000064,50,200,experiments_logs/n_simulations/20260917_005549_1854141/wastesorting/sim_50/scene_02/run_2/exp_wastesorting_20260917_020055_937761.txt,experiments_logs/n_simulations/20260917_005549_1854141/wastesorting/sim_200/scene_02/run_2/exp_wastesorting_20260917_020101_267283.txt,1,1,1.0,1.0,-2.459,0.0
wastesorting,02,1000065,50,200,experiments_logs/n_simulations/20260917_005549_1854141/wastesorting/sim_50/scene_02/run_3/exp_wastesorting_20260917_020117_556787.txt,experiments_logs/n_simulations/20260917_005549_1854141/wastesorting/sim_200/scene_02/run_3/exp_wastesorting_20260917_020122_382492.txt,1,1,10.0,4.0,-1.9236,-10.0
wastesorting,02,1000066,50,200,experiments_logs/n_simulations/20260917_005549_1854141/wastesorting/sim_50/scene_02/run_4/exp_wastesorting_20260917_020135_247619.txt,experiments_logs/n_simulations/20260917_005549_1854141/wastesorting/sim_200/scene_02/run_4/exp_wastesorting_20260917_020140_537901.txt,1,1,-4.0,-1.0,-2.1678,15.0
wastesorting,02,1000067,50,200,experiments_logs/n_simulations/20260917_005549_1854141/wastesorting/sim_50/scene_02/run_5/exp_wastesorting_20260917_020154_723442.txt,experiments_logs/n_simulations/20260917_005549_1854141/wastesorting/sim_200/scene_02/run_5/exp_wastesorting_20260917_020159_704733.txt,1,1,4.0,0.0,-2.3706,0.0
wastesorting,02,1000068,50,200,experiments_logs/n_simulations/20260917_005549_1854141/wastesorting/sim_50/scene_02/run_6/exp_wastesorting_20260917_020213_953809.txt,experiments_logs/n_simulations/20260917_005549_1854141/wastesorting/sim_200/scene_02/run_6/exp_wastesorting_20260917_020218_910099.txt,1,1,2.0,1.0,-2.1944999999999997,-15.0
wastesorting,02,1000069,50,200,experiments_logs/n_simulations/20260917_005549_1854141/wastesorting/sim_50/scene_02/run_7/exp_wastesorting_20260917_020235_738987.txt,experiments_logs/n_simulations/20260917_005549_1854141/wastesorting/sim_200/scene_02/run_7/exp_wastesorting_20260917_020240_958611.txt,1,1,5.0,2.0,-2.0982,-15.0
wastesorting,02,1000070,50,200,experiments_logs/n_simulations/20260917_005549_1854141/wastesorting/sim_50/scene_02/run_8/exp_wastesorting_20260917_020254_085567.txt,experiments_logs/n_simulations/20260917_005549_1854141/wastesorting/sim_200/scene_02/run_8/exp_wastesorting_20260917_020300_439086.txt,1,1,-7.0,-1.0,-3.2863999999999995,-25.0
wastesorting,02,1000071,50,200,experiments_logs/n_simulations/20260917_005549_1854141/wastesorting/sim_50/scene_02/run_9/exp_wastesorting_20260917_020314_691458.txt,experiments_logs/n_simulations/20260917_005549_1854141/wastesorting/sim_200/scene_02/run_9/exp_wastesorting_20260917_020320_853580.txt,1,1,-15.0,-3.0,-3.6119,-5.0
wastesorting,02,1000072,50,200,experiments_logs/n_simulations/20260917_005549_1854141/wastesorting/sim_50/scene_02/run_10/exp_wastesorting_20260917_020335_648973.txt,experiments_logs/n_simulations/20260917_005549_1854141/wastesorting/sim_200/scene_02/run_10/exp_wastesorting_20260917_020340_906784.txt,1,1,3.0,1.0,-2.5514,0.0
wastesorting,03,1000073,50,200,experiments_logs/n_simulations/20260917_005549_1854141/wastesorting/sim_50/scene_03/run_1/exp_wastesorting_20260917_020359_025476.txt,experiments_logs/n_simulations/20260917_005549_1854141/wastesorting/sim_200/scene_03/run_1/exp_wastesorting_20260917_020405_049763.txt,1,1,-6.0,-1.0,-2.7167,10.0
wastesorting,03,1000074,50,200,experiments_logs/n_simulations/20260917_005549_1854141/wastesorting/sim_50/scene_03/run_2/exp_wastesorting_20260917_020418_477693.txt,experiments_logs/n_simulations/20260917_005549_1854141/wastesorting/sim_200/scene_03/run_2/exp_wastesorting_20260917_020424_597190.txt,1,1,0.0,-3.0,-2.7397,-15.0
wastesorting,03,1000075,50,200,experiments_logs/n_simulations/20260917_005549_1854141/wastesorting/sim_50/scene_03/run_3/exp_wastesorting_20260917_020437_178361.txt,experiments_logs/n_simulations/20260917_005549_1854141/wastesorting/sim_200/scene_03/run_3/exp_wastesorting_20260917_020442_648051.txt,1,1,-7.0,-2.0,-2.5708,10.0
wastesorting,03,1000076,50,200,experiments_logs/n_simulations/20260917_005549_1854141/wastesorting/sim_50/scene_03/run_4/exp_wastesorting_20260917_020456_235324.txt,experiments_logs/n_simulations/20260917_005549_1854141/wastesorting/sim_200/scene_03/run_4/exp_wastesorting_20260917_020502_234806.txt,1,1,5.0,2.0,-2.4513000000000003,0.0
wastesorting,03,1000077,50,200,experiments_logs/n_simulations/20260917_005549_1854141/wastesorting/sim_50/scene_03/run_5/exp_wastesorting_20260917_020516_150589.txt,experiments_logs/n_simulations/20260917_005549_1854141/wastesorting/sim_200/scene_03/run_5/exp_wastesorting_20260917_020522_823310.txt,1,1,6.0,-2.0,-3.4812,-10.0
wastesorting,03,1000078,50,200,experiments_logs/n_simulations/20260917_005549_1854141/wastesorting/sim_50/scene_03/run_6/exp_wastesorting_20260917_020537_321560.txt,experiments_logs/n_simulations/20260917_005549_1854141/wastesorting/sim_200/scene_03/run_6/exp_wastesorting_20260917_020542_240430.txt,1,1,17.0,4.0,-2.0061999999999998,20.0
wastesorting,03,1000079,50,200,experiments_logs/n_simulations/20260917_005549_1854141/wastesorting/sim_50/scene_03/run_7/exp_wastesorting_20260917_020557_970054.txt,experiments_logs/n_simulations/20260917_005549_1854141/wastesorting/sim_200/scene_03/run_7/exp_wastesorting_20260917_020602_822380.txt,1,1,-4.0,0.0,-2.1118,0.0
wastesorting,03,1000080,50,200,experiments_logs/n_simulations/20260917_005549_1854141/wastesorting/sim_50/scene_03/run_8/exp_wastesorting_20260917_020617_154177.txt,experiments_logs/n_simulations/20260917_005549_1854141/wastesorting/sim_200/scene_03/run_8/exp_wastesorting_20260917_020621_729590.txt,1,1,1.0,1.0,-1.8855,0.0
wastesorting,03,1000081,50,200,experiments_logs/n_simulations/20260917_005549_1854141/wastesorting/sim_50/scene_03/run_9/exp_wastesorting_20260917_020637_720206.txt,experiments_logs/n_simulations/20260917_005549_1854141/wastesorting/sim_200/scene_03/run_9/exp_wastesorting_20260917_020643_339892.txt,1,1,2.0,1.0,-2.4394,5.0
wastesorting,03,1000082,50,200,experiments_logs/n_simulations/20260917_005549_1854141/wastesorting/sim_50/scene_03/run_10/exp_wastesorting_20260917_020656_775974.txt,experiments_logs/n_simulations/20260917_005549_1854141/wastesorting/sim_200/scene_03/run_10/exp_wastesorting_20260917_020702_449804.txt,1,1,-1.0,3.0,-2.7325999999999997,0.0
wastesorting,04,1000083,50,200,experiments_logs/n_simulations/20260917_005549_1854141/wastesorting/sim_50/scene_04/run_1/exp_wastesorting_20260917_020719_045266.txt,experiments_logs/n_simulations/20260917_005549_1854141/wastesorting/sim_200/scene_04/run_1/exp_wastesorting_20260917_020724_507738.txt,1,1,6.0,2.0,-2.0115,10.0
wastesorting,04,1000084,50,200,experiments_logs/n_simulations/20260917_005549_1854141/wastesorting/sim_50/scene_04/run_2/exp_wastesorting_20260917_020737_633117.txt,experiments_logs/n_simulations/20260917_005549_1854141/wastesorting/sim_200/scene_04/run_2/exp_wastesorting_20260917_020743_290423.txt,1,1,0.0,-1.0,-2.469,-5.0
wastesorting,04,1000085,50,200,experiments_logs/n_simulations/20260917_005549_1854141/wastesorting/sim_50/scene_04/run_3/exp_wastesorting_20260917_020756_327400.txt,experiments_logs/n_simulations/20260917_005549_1854141/wastesorting/sim_200/scene_04/run_3/exp_wastesorting_20260917_020802_392850.txt,1,1,0.0,0.0,-3.2030999999999996,15.0
wastesorting,04,1000086,50,200,experiments_logs/n_simulations/20260917_005549_1854141/wastesorting/sim_50/scene_04/run_4/exp_wastesorting_20260917_020816_149223.txt,experiments_logs/n_simulations/20260917_005549_1854141/wastesorting/sim_200/scene_04/run_4/exp_wastesorting_20260917_020822_182854.txt,1,1,-4.0,-2.0,-3.2384999999999997,5.0
wastesorting,04,1000087,50,200,experiments_logs/n_simulations/20260917_005549_1854141/wastesorting/sim_50/scene_04/run_5/exp_wastesorting_20260917_020837_030221.txt,experiments_logs/n_simulations/20260917_005549_1854141/wastesorting/sim_200/scene_04/run_5/exp_wastesorting_20260917_020842_019823.txt,1,1,3.0,2.0,-2.0488999999999997,15.0
wastesorting,04,1000088,50,200,experiments_logs/n_simulations/20260917_005549_1854141/wastesorting/sim_50/scene_04/run_6/exp_wastesorting_20260917_020856_393626.txt,experiments_logs/n_simulations/20260917_005549_1854141/wastesorting/sim_200/scene_04/run_6/exp_wastesorting_20260917_020901_656066.txt,1,1,-9.0,-1.0,-2.69,-5.0
wastesorting,04,1000089,50,200,experiments_logs/n_simulations/20260917_005549_1854141/wastesorting/sim_50/scene_04/run_7/exp_wastesorting_20260917_020916_281542.txt,experiments_logs/n_simulations/20260917_005549_1854141/wastesorting/sim_200/scene_04/run_7/exp_wastesorting_20260917_020922_664922.txt,1,1,-10.0,-3.0,-3.7434000000000003,20.0
wastesorting,04,1000090,50,200,experiments_logs/n_simulations/20260917_005549_1854141/wastesorting/sim_50/scene_04/run_8/exp_wastesorting_20260917_020938_612746.txt,experiments_logs/n_simulations/20260917_005549_1854141/wastesorting/sim_200/scene_04/run_8/exp_wastesorting_20260917_020944_422504.txt,1,1,-4.0,-2.0,-3.2383999999999995,15.0
wastesorting,04,1000091,50,200,experiments_logs/n_simulations/20260917_005549_1854141/wastesorting/sim_50/scene_04/run_9/exp_wastesorting_20260917_021001_093933.txt,experiments_logs/n_simulations/20260917_005549_1854141/wastesorting/sim_200/scene_04/run_9/exp_wastesorting_20260917_021006_615271.txt,1,1,11.0,2.0,-2.2147,-10.0
wastesorting,04,1000092,50,200,experiments_logs/n_simulations/20260917_005549_1854141/wastesorting/sim_50/scene_04/run_10/exp_wastesorting_20260917_021021_600629.txt,experiments_logs/n_simulations/20260917_005549_1854141/wastesorting/sim_200/scene_04/run_10/exp_wastesorting_20260917_021027_539668.txt,1,1,-8.0,-2.0,-3.3663,10.0
wastesorting,05,1000093,50,200,experiments_logs/n_simulations/20260917_005549_1854141/wastesorting/sim_50/scene_05/run_1/exp_wastesorting_20260917_021042_927984.txt,experiments_logs/n_simulations/20260917_005549_1854141/wastesorting/sim_200/scene_05/run_1/exp_wastesorting_20260917_021048_016891.txt,1,1,4.0,1.0,-2.1942,-5.0
wastesorting,05,1000094,50,200,experiments_logs/n_simulations/20260917_005549_1854141/wastesorting/sim_50/scene_05/run_2/exp_wastesorting_20260917_021102_353871.txt,experiments_logs/n_simulations/20260917_005549_1854141/wastesorting/sim_200/scene_05/run_2/exp_wastesorting_20260917_021108_021825.txt,1,1,-6.0,-3.0,-2.5913,0.0
wastesorting,05,1000095,50,200,experiments_logs/n_simulations/20260917_005549_1854141/wastesorting/sim_50/scene_05/run_3/exp_wastesorting_20260917_021124_648058.txt,experiments_logs/n_simulations/20260917_005549_1854141/wastesorting/sim_200/scene_05/run_3/exp_wastesorting_20260917_021129_961486.txt,1,1,-2.0,-2.0,-2.3955,0.0
wastesorting,05,1000096,50,200,experiments_logs/n_simulations/20260917_005549_1854141/wastesorting/sim_50/scene_05/run_4/exp_wastesorting_20260917_021145_641801.txt,experiments_logs/n_simulations/20260917_005549_1854141/wastesorting/sim_200/scene_05/run_4/exp_wastesorting_20260917_021150_997935.txt,1,1,-7.0,-4.0,-2.8842,15.0
wastesorting,05,1000097,50,200,experiments_logs/n_simulations/20260917_005549_1854141/wastesorting/sim_50/scene_05/run_5/exp_wastesorting_20260917_021208_715592.txt,experiments_logs/n_simulations/20260917_005549_1854141/wastesorting/sim_200/scene_05/run_5/exp_wastesorting_20260917_021214_034735.txt,1,1,6.0,0.0,-2.2018,-15.0
wastesorting,05,1000098,50,200,experiments_logs/n_simulations/20260917_005549_1854141/wastesorting/sim_50/scene_05/run_6/exp_wastesorting_20260917_021230_617713.txt,experiments_logs/n_simulations/20260917_005549_1854141/wastesorting/sim_200/scene_05/run_6/exp_wastesorting_20260917_021235_979438.txt,1,1,-2.0,0.0,-2.6245,-5.0
wastesorting,05,1000099,50,200,experiments_logs/n_simulations/20260917_005549_1854141/wastesorting/sim_50/scene_05/run_7/exp_wastesorting_20260917_021252_182888.txt,experiments_logs/n_simulations/20260917_005549_1854141/wastesorting/sim_200/scene_05/run_7/exp_wastesorting_20260917_021256_735266.txt,1,1,0.0,1.0,-2.0879000000000003,5.0
wastesorting,05,1000100,50,200,experiments_logs/n_simulations/20260917_005549_1854141/wastesorting/sim_50/scene_05/run_8/exp_wastesorting_20260917_021309_832320.txt,experiments_logs/n_simulations/20260917_005549_1854141/wastesorting/sim_200/scene_05/run_8/exp_wastesorting_20260917_021315_589066.txt,1,1,0.0,-1.0,-2.4716,-5.0
wastesorting,05,1000101,50,200,experiments_logs/n_simulations/20260917_005549_1854141/wastesorting/sim_50/scene_05/run_9/exp_wastesorting_20260917_021330_219973.txt,experiments_logs/n_simulations/20260917_005549_1854141/wastesorting/sim_200/scene_05/run_9/exp_wastesorting_20260917_021335_436762.txt,1,1,1.0,0.0,-2.1554,0.0
wastesorting,05,1000102,50,200,experiments_logs/n_simulations/20260917_005549_1854141/wastesorting/sim_50/scene_05/run_10/exp_wastesorting_20260917_021351_800876.txt,experiments_logs/n_simulations/20260917_005549_1854141/wastesorting/sim_200/scene_05/run_10/exp_wastesorting_20260917_021356_827271.txt,1,1,3.0,3.0,-2.1334,-5.0
wastesorting,01,1000053,50,300,experiments_logs/n_simulations/20260917_005549_1854141/wastesorting/sim_50/scene_01/run_1/exp_wastesorting_20260917_015635_049355.txt,experiments_logs/n_simulations/20260917_005549_1854141/wastesorting/sim_300/scene_01/run_1/exp_wastesorting_20260917_015648_152348.txt,1,1,-4.0,-3.0,-6.4965,5.0
wastesorting,01,1000054,50,300,experiments_logs/n_simulations/20260917_005549_1854141/wastesorting/sim_50/scene_01/run_2/exp_wastesorting_20260917_015658_839491.txt,experiments_logs/n_simulations/20260917_005549_1854141/wastesorting/sim_300/scene_01/run_2/exp_wastesorting_20260917_015714_140337.txt,1,1,-1.0,0.0,-6.147,5.0
wastesorting,01,1000055,50,300,experiments_logs/n_simulations/20260917_005549_1854141/wastesorting/sim_50/scene_01/run_3/exp_wastesorting_20260917_015724_456726.txt,experiments_logs/n_simulations/20260917_005549_1854141/wastesorting/sim_300/scene_01/run_3/exp_wastesorting_20260917_015737_093690.txt,1,1,-5.0,-1.0,-4.7501999999999995,0.0
wastesorting,01,1000056,50,300,experiments_logs/n_simulations/20260917_005549_1854141/wastesorting/sim_50/scene_01/run_4/exp_wastesorting_20260917_015746_996722.txt,experiments_logs/n_simulations/20260917_005549_1854141/wastesorting/sim_300/scene_01/run_4/exp_wastesorting_20260917_015759_202034.txt,1,1,-11.0,-3.0,-5.6671000000000005,0.0
wastesorting,01,1000057,50,300,experiments_logs/n_simulations/20260917_005549_1854141/wastesorting/sim_50/scene_01/run_5/exp_wastesorting_20260917_015810_373077.txt,experiments_logs/n_simulations/20260917_005549_1854141/wastesorting/sim_300/scene_01/run_5/exp_wastesorting_20260917_015825_331786.txt,1,1,-1.0,-2.0,-6.753,-15.0
wastesorting,01,1000058,50,300,experiments_logs/n_simulations/20260917_005549_1854141/wastesorting/sim_50/scene_01/run_6/exp_wastesorting_20260917_015834_513458.txt,experiments_logs/n_simulations/20260917_005549_1854141/wastesorting/sim_300/scene_01/run_6/exp_wastesorting_20260917_015846_950472.txt,1,1,-6.0,-1.0,-6.3157000000000005,-10.0
wastesorting,01,1000059,50,300,experiments_logs/n_simulations/20260917_005549_1854141/wastesorting/sim_50/scene_01/run_7/exp_wastesorting_20260917_015900_341950.txt,experiments_logs/n_simulations/20260917_005549_1854141/wastesorting/sim_300/scene_01/run_7/exp_wastesorting_20260917_015911_690969.txt,1,1,1.0,0.0,-3.9777,0.0
wastesorting,01,1000060,50,300,experiments_logs/n_simulations/20260917_005549_1854141/wastesorting/sim_50/scene_01/run_8/exp_wastesorting_20260917_015925_276872.txt,experiments_logs/n_simulations/20260917_005549_1854141/wastesorting/sim_300/scene_01/run_8/exp_wastesorting_20260917_015938_267837.txt,1,1,-11.0,-2.0,-6.4346000000000005,15.0
wastesorting,01,1000061,50,300,experiments_logs/n_simulations/20260917_005549_1854141/wastesorting/sim_50/scene_01/run_9/exp_wastesorting_20260917_015952_894184.txt,experiments_logs/n_simulations/20260917_005549_1854141/wastesorting/sim_300/scene_01/run_9/exp_wastesorting_20260917_020004_341123.txt,1,1,-5.0,-3.0,-4.8172999999999995,-5.0
wastesorting,01,1000062,50,300,experiments_logs/n_simulations/20260917_005549_1854141/wastesorting/sim_50/scene_01/run_10/exp_wastesorting_20260917_020014_633078.txt,experiments_logs/n_simulations/20260917_005549_1854141/wastesorting/sim_300/scene_01/run_10/exp_wastesorting_20260917_020024_688412.txt,1,1,14.0,5.0,-3.4949000000000003,0.0
wastesorting,02,1000063,50,300,experiments_logs/n_simulations/20260917_005549_1854141/wastesorting/sim_50/scene_02/run_1/exp_wastesorting_20260917_020034_370155.txt,experiments_logs/n_simulations/20260917_005549_1854141/wastesorting/sim_300/scene_02/run_1/exp_wastesorting_20260917_020044_738024.txt,1,1,-2.0,0.0,-4.3446,-20.0
wastesorting,02,1000064,50,300,experiments_logs/n_simulations/20260917_005549_1854141/wastesorting/sim_50/scene_02/run_2/exp_wastesorting_20260917_020055_937761.txt,experiments_logs/n_simulations/20260917_005549_1854141/wastesorting/sim_300/scene_02/run_2/exp_wastesorting_20260917_020105_935155.txt,1,1,6.0,2.0,-3.5968,20.0
wastesorting,02,1000065,50,300,experiments_logs/n_simulations/20260917_005549_1854141/wastesorting/sim_50/scene_02/run_3/exp_wastesorting_20260917_020117_556787.txt,experiments_logs/n_simulations/20260917_005549_1854141/wastesorting/sim_300/scene_02/run_3/exp_wastesorting_20260917_020126_645104.txt,1,1,7.0,3.0,-3.2827,15.0
wastesorting,02,1000066,50,300,experiments_logs/n_simulations/20260917_005549_1854141/wastesorting/sim_50/scene_02/run_4/exp_wastesorting_20260917_020135_247619.txt,experiments_logs/n_simulations/20260917_005549_1854141/wastesorting/sim_300/scene_02/run_4/exp_wastesorting_20260917_020145_055135.txt,1,1,-2.0,-1.0,-3.7396,0.0
wastesorting,02,1000067,50,300,experiments_logs/n_simulations/20260917_005549_1854141/wastesorting/sim_50/scene_02/run_5/exp_wastesorting_20260917_020154_723442.txt,experiments_logs/n_simulations/20260917_005549_1854141/wastesorting/sim_300/scene_02/run_5/exp_wastesorting_20260917_020204_227664.txt,1,1,6.0,1.0,-3.5094999999999996,-15.0
wastesorting,02,1000068,50,300,experiments_logs/n_simulations/20260917_005549_1854141/wastesorting/sim_50/scene_02/run_6/exp_wastesorting_20260917_020213_953809.txt,experiments_logs/n_simulations/20260917_005549_1854141/wastesorting/sim_300/scene_02/run_6/exp_wastesorting_20260917_020226_080024.txt,1,1,-7.0,-2.0,-6.0469,-5.0
wastesorting,02,1000069,50,300,experiments_logs/n_simulations/20260917_005549_1854141/wastesorting/sim_50/scene_02/run_7/exp_wastesorting_20260917_020235_738987.txt,experiments_logs/n_simulations/20260917_005549_1854141/wastesorting/sim_300/scene_02/run_7/exp_wastesorting_20260917_020245_203468.txt,1,1,5.0,3.0,-3.2734,0.0
wastesorting,02,1000070,50,300,experiments_logs/n_simulations/20260917_005549_1854141/wastesorting/sim_50/scene_02/run_8/exp_wastesorting_20260917_020254_085567.txt,experiments_logs/n_simulations/20260917_005549_1854141/wastesorting/sim_300/scene_02/run_8/exp_wastesorting_20260917_020305_550392.txt,1,1,-2.0,0.0,-4.2216,-5.0
wastesorting,02,1000071,50,300,experiments_logs/n_simulations/20260917_005549_1854141/wastesorting/sim_50/scene_02/run_9/exp_wastesorting_20260917_020314_691458.txt,experiments_logs/n_simulations/20260917_005549_1854141/wastesorting/sim_300/scene_02/run_9/exp_wastesorting_20260917_020327_286972.txt,1,1,-12.0,-3.0,-5.5045,5.0
wastesorting,02,1000072,50,300,experiments_logs/n_simulations/20260917_005549_1854141/wastesorting/sim_50/scene_02/run_10/exp_wastesorting_20260917_020335_648973.txt,experiments_logs/n_simulations/20260917_005549_1854141/wastesorting/sim_300/scene_02/run_10/exp_wastesorting_20260917_020347_101114.txt,1,1,8.0,3.0,-5.156899999999999,-10.0
wastesorting,03,1000073,50,300,experiments_logs/n_simulations/20260917_005549_1854141/wastesorting/sim_50/scene_03/run_1/exp_wastesorting_20260917_020359_025476.txt,experiments_logs/n_simulations/20260917_005549_1854141/wastesorting/sim_300/scene_03/run_1/exp_wastesorting_20260917_020410_407220.txt,1,1,-9.0,1.0,-4.4714,10.0
wastesorting,03,1000074,50,300,experiments_logs/n_simulations/20260917_005549_1854141/wastesorting/sim_50/scene_03/run_2/exp_wastesorting_20260917_020418_477693.txt,experiments_logs/n_simulations/20260917_005549_1854141/wastesorting/sim_300/scene_03/run_2/exp_wastesorting_20260917_020428_679869.txt,1,1,10.0,1.0,-2.9909,0.0
wastesorting,03,1000075,50,300,experiments_logs/n_simulations/20260917_005549_1854141/wastesorting/sim_50/scene_03/run_3/exp_wastesorting_20260917_020437_178361.txt,experiments_logs/n_simulations/20260917_005549_1854141/wastesorting/sim_300/scene_03/run_3/exp_wastesorting_20260917_020447_469635.txt,1,1,-6.0,-2.0,-3.9939000000000004,-5.0
wastesorting,03,1000076,50,300,experiments_logs/n_simulations/20260917_005549_1854141/wastesorting/sim_50/scene_03/run_4/exp_wastesorting_20260917_020456_235324.txt,experiments_logs/n_simulations/20260917_005549_1854141/wastesorting/sim_300/scene_03/run_4/exp_wastesorting_20260917_020507_229445.txt,1,1,6.0,2.0,-3.6904000000000003,10.0
wastesorting,03,1000077,50,300,experiments_logs/n_simulations/20260917_005549_1854141/wastesorting/sim_50/scene_03/run_5/exp_wastesorting_20260917_020516_150589.txt,experiments_logs/n_simulations/20260917_005549_1854141/wastesorting/sim_300/scene_03/run_5/exp_wastesorting_20260917_020528_117005.txt,1,1,9.0,-1.0,-4.2599,-20.0
wastesorting,03,1000078,50,300,experiments_logs/n_simulations/20260917_005549_1854141/wastesorting/sim_50/scene_03/run_6/exp_wastesorting_20260917_020537_321560.txt,experiments_logs/n_simulations/20260917_005549_1854141/wastesorting/sim_300/scene_03/run_6/exp_wastesorting_20260917_020548_528352.txt,1,1,10.0,2.0,-5.0081999999999995,0.0
wastesorting,03,1000079,50,300,experiments_logs/n_simulations/20260917_005549_1854141/wastesorting/sim_50/scene_03/run_7/exp_wastesorting_20260917_020557_970054.txt,experiments_logs/n_simulations/20260917_005549_1854141/wastesorting/sim_300/scene_03/run_7/exp_wastesorting_20260917_020608_991853.txt,1,1,-12.0,-3.0,-5.3117,5.0
wastesorting,03,1000080,50,300,experiments_logs/n_simulations/20260917_005549_1854141/wastesorting/sim_50/scene_03/run_8/exp_wastesorting_20260917_020617_154177.txt,experiments_logs/n_simulations/20260917_005549_1854141/wastesorting/sim_300/scene_03/run_8/exp_wastesorting_20260917_020626_633668.txt,1,1,-4.0,-1.0,-4.0227,0.0
wastesorting,03,1000081,50,300,experiments_logs/n_simulations/20260917_005549_1854141/wastesorting/sim_50/scene_03/run_9/exp_wastesorting_20260917_020637_720206.txt,experiments_logs/n_simulations/20260917_005549_1854141/wastesorting/sim_300/scene_03/run_9/exp_wastesorting_20260917_020648_406465.txt,1,1,-2.0,-1.0,-4.1815,5.0
wastesorting,03,1000082,50,300,experiments_logs/n_simulations/20260917_005549_1854141/wastesorting/sim_50/scene_03/run_10/exp_wastesorting_20260917_020656_775974.txt,experiments_logs/n_simulations/20260917_005549_1854141/wastesorting/sim_300/scene_03/run_10/exp_wastesorting_20260917_020707_081665.txt,1,1,5.0,4.0,-3.6041,0.0
wastesorting,04,1000083,50,300,experiments_logs/n_simulations/20260917_005549_1854141/wastesorting/sim_50/scene_04/run_1/exp_wastesorting_20260917_020719_045266.txt,experiments_logs/n_simulations/20260917_005549_1854141/wastesorting/sim_300/scene_04/run_1/exp_wastesorting_20260917_020729_289907.txt,1,1,5.0,1.0,-3.6252999999999993,0.0
wastesorting,04,1000084,50,300,experiments_logs/n_simulations/20260917_005549_1854141/wastesorting/sim_50/scene_04/run_2/exp_wastesorting_20260917_020737_633117.txt,experiments_logs/n_simulations/20260917_005549_1854141/wastesorting/sim_300/scene_04/run_2/exp_wastesorting_20260917_020747_951566.txt,1,1,4.0,1.0,-3.6961,-5.0
wastesorting,04,1000085,50,300,experiments_logs/n_simulations/20260917_005549_1854141/wastesorting/sim_50/scene_04/run_3/exp_wastesorting_20260917_020756_327400.txt,experiments_logs/n_simulations/20260917_005549_1854141/wastesorting/sim_300/scene_04/run_3/exp_wastesorting_20260917_020807_010445.txt,1,1,4.0,1.0,-3.5349999999999997,0.0
wastesorting,04,1000086,50,300,experiments_logs/n_simulations/20260917_005549_1854141/wastesorting/sim_50/scene_04/run_4/exp_wastesorting_20260917_020816_149223.txt,experiments_logs/n_simulations/20260917_005549_1854141/wastesorting/sim_300/scene_04/run_4/exp_wastesorting_20260917_020828_443723.txt,1,1,-1.0,-1.0,-5.2152,-5.0
wastesorting,04,1000087,50,300,experiments_logs/n_simulations/20260917_005549_1854141/wastesorting/sim_50/scene_04/run_5/exp_wastesorting_20260917_020837_030221.txt,experiments_logs/n_simulations/20260917_005549_1854141/wastesorting/sim_300/scene_04/run_5/exp_wastesorting_20260917_020846_901871.txt,1,1,-2.0,1.0,-3.7273000000000005,20.0
wastesorting,04,1000088,50,300,experiments_logs/n_simulations/20260917_005549_1854141/wastesorting/sim_50/scene_04/run_6/exp_wastesorting_20260917_020856_393626.txt,experiments_logs/n_simulations/20260917_005549_1854141/wastesorting/sim_300/scene_04/run_6/exp_wastesorting_20260917_020906_425105.txt,1,1,-2.0,0.0,-3.8386,0.0
wastesorting,04,1000089,50,300,experiments_logs/n_simulations/20260917_005549_1854141/wastesorting/sim_50/scene_04/run_7/exp_wastesorting_20260917_020916_281542.txt,experiments_logs/n_simulations/20260917_005549_1854141/wastesorting/sim_300/scene_04/run_7/exp_wastesorting_20260917_020928_655097.txt,1,1,-3.0,-1.0,-5.0544,10.0
wastesorting,04,1000090,50,300,experiments_logs/n_simulations/20260917_005549_1854141/wastesorting/sim_50/scene_04/run_8/exp_wastesorting_20260917_020938_612746.txt,experiments_logs/n_simulations/20260917_005549_1854141/wastesorting/sim_300/scene_04/run_8/exp_wastesorting_20260917_020949_660426.txt,1,1,-7.0,-2.0,-4.2844,0.0
wastesorting,04,1000091,50,300,experiments_logs/n_simulations/20260917_005549_1854141/wastesorting/sim_50/scene_04/run_9/exp_wastesorting_20260917_021001_093933.txt,experiments_logs/n_simulations/20260917_005549_1854141/wastesorting/sim_300/scene_04/run_9/exp_wastesorting_20260917_021012_428933.txt,1,1,10.0,3.0,-4.5478,-20.0
wastesorting,04,1000092,50,300,experiments_logs/n_simulations/20260917_005549_1854141/wastesorting/sim_50/scene_04/run_10/exp_wastesorting_20260917_021021_600629.txt,experiments_logs/n_simulations/20260917_005549_1854141/wastesorting/sim_300/scene_04/run_10/exp_wastesorting_20260917_021033_323782.txt,1,1,-8.0,-1.0,-4.9056999999999995,15.0
wastesorting,05,1000093,50,300,experiments_logs/n_simulations/20260917_005549_1854141/wastesorting/sim_50/scene_05/run_1/exp_wastesorting_20260917_021042_927984.txt,experiments_logs/n_simulations/20260917_005549_1854141/wastesorting/sim_300/scene_05/run_1/exp_wastesorting_20260917_021053_577264.txt,1,1,5.0,1.0,-4.4841,-15.0
wastesorting,05,1000094,50,300,experiments_logs/n_simulations/20260917_005549_1854141/wastesorting/sim_50/scene_05/run_2/exp_wastesorting_20260917_021102_353871.txt,experiments_logs/n_simulations/20260917_005549_1854141/wastesorting/sim_300/scene_05/run_2/exp_wastesorting_20260917_021113_143563.txt,1,1,-6.0,-3.0,-4.2302,5.0
wastesorting,05,1000095,50,300,experiments_logs/n_simulations/20260917_005549_1854141/wastesorting/sim_50/scene_05/run_3/exp_wastesorting_20260917_021124_648058.txt,experiments_logs/n_simulations/20260917_005549_1854141/wastesorting/sim_300/scene_05/run_3/exp_wastesorting_20260917_021136_104006.txt,1,1,-5.0,-3.0,-5.3187,-15.0
wastesorting,05,1000096,50,300,experiments_logs/n_simulations/20260917_005549_1854141/wastesorting/sim_50/scene_05/run_4/exp_wastesorting_20260917_021145_641801.txt,experiments_logs/n_simulations/20260917_005549_1854141/wastesorting/sim_300/scene_05/run_4/exp_wastesorting_20260917_021156_041041.txt,1,1,-3.0,-1.0,-4.1465,5.0
wastesorting,05,1000097,50,300,experiments_logs/n_simulations/20260917_005549_1854141/wastesorting/sim_50/scene_05/run_5/exp_wastesorting_20260917_021208_715592.txt,experiments_logs/n_simulations/20260917_005549_1854141/wastesorting/sim_300/scene_05/run_5/exp_wastesorting_20260917_021218_599531.txt,1,1,7.0,1.0,-3.4905000000000004,-10.0
wastesorting,05,1000098,50,300,experiments_logs/n_simulations/20260917_005549_1854141/wastesorting/sim_50/scene_05/run_6/exp_wastesorting_20260917_021230_617713.txt,experiments_logs/n_simulations/20260917_005549_1854141/wastesorting/sim_300/scene_05/run_6/exp_wastesorting_20260917_021241_287847.txt,1,1,-1.0,0.0,-4.3418,-5.0
wastesorting,05,1000099,50,300,experiments_logs/n_simulations/20260917_005549_1854141/wastesorting/sim_50/scene_05/run_7/exp_wastesorting_20260917_021252_182888.txt,experiments_logs/n_simulations/20260917_005549_1854141/wastesorting/sim_300/scene_05/run_7/exp_wastesorting_20260917_021301_273184.txt,1,1,-1.0,0.0,-3.6561000000000003,-5.0
wastesorting,05,1000100,50,300,experiments_logs/n_simulations/20260917_005549_1854141/wastesorting/sim_50/scene_05/run_8/exp_wastesorting_20260917_021309_832320.txt,experiments_logs/n_simulations/20260917_005549_1854141/wastesorting/sim_300/scene_05/run_8/exp_wastesorting_20260917_021320_864130.txt,1,1,-2.0,-1.0,-4.3736999999999995,-10.0
wastesorting,05,1000101,50,300,experiments_logs/n_simulations/20260917_005549_1854141/wastesorting/sim_50/scene_05/run_9/exp_wastesorting_20260917_021330_219973.txt,experiments_logs/n_simulations/20260917_005549_1854141/wastesorting/sim_300/scene_05/run_9/exp_wastesorting_20260917_021340_033971.txt,1,1,5.0,2.0,-3.4450000000000003,0.0
wastesorting,05,1000102,50,300,experiments_logs/n_simulations/20260917_005549_1854141/wastesorting/sim_50/scene_05/run_10/exp_wastesorting_20260917_021351_800876.txt,experiments_logs/n_simulations/20260917_005549_1854141/wastesorting/sim_300/scene_05/run_10/exp_wastesorting_20260917_021401_444462.txt,1,1,6.0,3.0,-3.6092,0.0
wastesorting,01,1000053,50,500,experiments_logs/n_simulations/20260917_005549_1854141/wastesorting/sim_50/scene_01/run_1/exp_wastesorting_20260917_015635_049355.txt,experiments_logs/n_simulations/20260917_005549_1854141/wastesorting/sim_500/scene_01/run_1/exp_wastesorting_20260917_015657_448231.txt,1,1,1.0,-1.0,-8.021799999999999,15.0
wastesorting,01,1000054,50,500,experiments_logs/n_simulations/20260917_005549_1854141/wastesorting/sim_50/scene_01/run_2/exp_wastesorting_20260917_015658_839491.txt,experiments_logs/n_simulations/20260917_005549_1854141/wastesorting/sim_500/scene_01/run_2/exp_wastesorting_20260917_015723_495460.txt,1,1,1.0,0.0,-7.961,-5.0
wastesorting,01,1000055,50,500,experiments_logs/n_simulations/20260917_005549_1854141/wastesorting/sim_50/scene_01/run_3/exp_wastesorting_20260917_015724_456726.txt,experiments_logs/n_simulations/20260917_005549_1854141/wastesorting/sim_500/scene_01/run_3/exp_wastesorting_20260917_015745_915487.txt,1,1,-3.0,0.0,-7.8642,0.0
wastesorting,01,1000056,50,500,experiments_logs/n_simulations/20260917_005549_1854141/wastesorting/sim_50/scene_01/run_4/exp_wastesorting_20260917_015746_996722.txt,experiments_logs/n_simulations/20260917_005549_1854141/wastesorting/sim_500/scene_01/run_4/exp_wastesorting_20260917_015809_252171.txt,1,1,-4.0,-1.0,-8.974599999999999,-15.0
wastesorting,01,1000057,50,500,experiments_logs/n_simulations/20260917_005549_1854141/wastesorting/sim_50/scene_01/run_5/exp_wastesorting_20260917_015810_373077.txt,experiments_logs/n_simulations/20260917_005549_1854141/wastesorting/sim_500/scene_01/run_5/exp_wastesorting_20260917_015833_597325.txt,1,1,6.0,2.0,-7.145,-10.0
wastesorting,01,1000058,50,500,experiments_logs/n_simulations/20260917_005549_1854141/wastesorting/sim_50/scene_01/run_6/exp_wastesorting_20260917_015834_513458.txt,experiments_logs/n_simulations/20260917_005549_1854141/wastesorting/sim_500/scene_01/run_6/exp_wastesorting_20260917_015859_427270.txt,1,1,-6.0,-2.0,-11.557500000000001,-15.0
wastesorting,01,1000059,50,500,experiments_logs/n_simulations/20260917_005549_1854141/wastesorting/sim_50/scene_01/run_7/exp_wastesorting_20260917_015900_341950.txt,experiments_logs/n_simulations/20260917_005549_1854141/wastesorting/sim_500/scene_01/run_7/exp_wastesorting_20260917_015924_173671.txt,1,1,-5.0,-2.0,-11.577,-5.0
wastesorting,01,1000060,50,500,experiments_logs/n_simulations/20260917_005549_1854141/wastesorting/sim_50/scene_01/run_8/exp_wastesorting_20260917_015925_276872.txt,experiments_logs/n_simulations/20260917_005549_1854141/wastesorting/sim_500/scene_01/run_8/exp_wastesorting_20260917_015952_013980.txt,1,1,-16.0,-4.0,-12.6442,10.0
wastesorting,01,1000061,50,500,experiments_logs/n_simulations/20260917_005549_1854141/wastesorting/sim_50/scene_01/run_9/exp_wastesorting_20260917_015952_894184.txt,experiments_logs/n_simulations/20260917_005549_1854141/wastesorting/sim_500/scene_01/run_9/exp_wastesorting_20260917_020013_098406.txt,1,1,-6.0,-3.0,-7.885799999999999,10.0
wastesorting,01,1000062,50,500,experiments_logs/n_simulations/20260917_005549_1854141/wastesorting/sim_50/scene_01/run_10/exp_wastesorting_20260917_020014_633078.txt,experiments_logs/n_simulations/20260917_005549_1854141/wastesorting/sim_500/scene_01/run_10/exp_wastesorting_20260917_020033_434170.txt,1,1,11.0,4.0,-7.2114,0.0
wastesorting,02,1000063,50,500,experiments_logs/n_simulations/20260917_005549_1854141/wastesorting/sim_50/scene_02/run_1/exp_wastesorting_20260917_020034_370155.txt,experiments_logs/n_simulations/20260917_005549_1854141/wastesorting/sim_500/scene_02/run_1/exp_wastesorting_20260917_020054_857374.txt,1,1,-3.0,0.0,-9.1888,-5.0
wastesorting,02,1000064,50,500,experiments_logs/n_simulations/20260917_005549_1854141/wastesorting/sim_50/scene_02/run_2/exp_wastesorting_20260917_020055_937761.txt,experiments_logs/n_simulations/20260917_005549_1854141/wastesorting/sim_500/scene_02/run_2/exp_wastesorting_20260917_020116_572361.txt,1,1,-4.0,0.0,-9.5623,15.0
wastesorting,02,1000065,50,500,experiments_logs/n_simulations/20260917_005549_1854141/wastesorting/sim_50/scene_02/run_3/exp_wastesorting_20260917_020117_556787.txt,experiments_logs/n_simulations/20260917_005549_1854141/wastesorting/sim_500/scene_02/run_3/exp_wastesorting_20260917_020134_465386.txt,1,1,3.0,2.0,-6.8367,0.0
wastesorting,02,1000066,50,500,experiments_logs/n_simulations/20260917_005549_1854141/wastesorting/sim_50/scene_02/run_4/exp_wastesorting_20260917_020135_247619.txt,experiments_logs/n_simulations/20260917_005549_1854141/wastesorting/sim_500/scene_02/run_4/exp_wastesorting_20260917_020153_706800.txt,1,1,-8.0,-2.0,-7.8719,5.0
wastesorting,02,1000067,50,500,experiments_logs/n_simulations/20260917_005549_1854141/wastesorting/sim_50/scene_02/run_5/exp_wastesorting_20260917_020154_723442.txt,experiments_logs/n_simulations/20260917_005549_1854141/wastesorting/sim_500/scene_02/run_5/exp_wastesorting_20260917_020212_821189.txt,1,1,-2.0,1.0,-7.575800000000001,-5.0
wastesorting,02,1000068,50,500,experiments_logs/n_simulations/20260917_005549_1854141/wastesorting/sim_50/scene_02/run_6/exp_wastesorting_20260917_020213_953809.txt,experiments_logs/n_simulations/20260917_005549_1854141/wastesorting/sim_500/scene_02/run_6/exp_wastesorting_20260917_020234_766439.txt,1,1,2.0,1.0,-7.561,-10.0
wastesorting,02,1000069,50,500,experiments_logs/n_simulations/20260917_005549_1854141/wastesorting/sim_50/scene_02/run_7/exp_wastesorting_20260917_020235_738987.txt,experiments_logs/n_simulations/20260917_005549_1854141/wastesorting/sim_500/scene_02/run_7/exp_wastesorting_20260917_020253_191291.txt,1,1,2.0,1.0,-7.0154,-10.0
wastesorting,02,1000070,50,500,experiments_logs/n_simulations/20260917_005549_1854141/wastesorting/sim_50/scene_02/run_8/exp_wastesorting_20260917_020254_085567.txt,experiments_logs/n_simulations/20260917_005549_1854141/wastesorting/sim_500/scene_02/run_8/exp_wastesorting_20260917_020313_756284.txt,1,1,-1.0,1.0,-7.315799999999999,0.0
wastesorting,02,1000071,50,500,experiments_logs/n_simulations/20260917_005549_1854141/wastesorting/sim_50/scene_02/run_9/exp_wastesorting_20260917_020314_691458.txt,experiments_logs/n_simulations/20260917_005549_1854141/wastesorting/sim_500/scene_02/run_9/exp_wastesorting_20260917_020334_603676.txt,1,1,-5.0,-1.0,-6.385400000000001,15.0
wastesorting,02,1000072,50,500,experiments_logs/n_simulations/20260917_005549_1854141/wastesorting/sim_50/scene_02/run_10/exp_wastesorting_20260917_020335_648973.txt,experiments_logs/n_simulations/20260917_005549_1854141/wastesorting/sim_500/scene_02/run_10/exp_wastesorting_20260917_020358_136521.txt,1,1,6.0,1.0,-9.993,-25.0
wastesorting,03,1000073,50,500,experiments_logs/n_simulations/20260917_005549_1854141/wastesorting/sim_50/scene_03/run_1/exp_wastesorting_20260917_020359_025476.txt,experiments_logs/n_simulations/20260917_005549_1854141/wastesorting/sim_500/scene_03/run_1/exp_wastesorting_20260917_020417_377192.txt,1,1,4.0,2.0,-6.084,-5.0
wastesorting,03,1000074,50,500,experiments_logs/n_simulations/20260917_005549_1854141/wastesorting/sim_50/scene_03/run_2/exp_wastesorting_20260917_020418_477693.txt,experiments_logs/n_simulations/20260917_005549_1854141/wastesorting/sim_500/scene_03/run_2/exp_wastesorting_20260917_020436_341324.txt,1,1,7.0,0.0,-6.5678,0.0
wastesorting,03,1000075,50,500,experiments_logs/n_simulations/20260917_005549_1854141/wastesorting/sim_50/scene_03/run_3/exp_wastesorting_20260917_020437_178361.txt,experiments_logs/n_simulations/20260917_005549_1854141/wastesorting/sim_500/scene_03/run_3/exp_wastesorting_20260917_020454_923528.txt,1,1,-3.0,-1.0,-6.624499999999999,-10.0
wastesorting,03,1000076,50,500,experiments_logs/n_simulations/20260917_005549_1854141/wastesorting/sim_50/scene_03/run_4/exp_wastesorting_20260917_020456_235324.txt,experiments_logs/n_simulations/20260917_005549_1854141/wastesorting/sim_500/scene_03/run_4/exp_wastesorting_20260917_020515_112571.txt,1,1,7.0,2.0,-6.5751,0.0
wastesorting,03,1000077,50,500,experiments_logs/n_simulations/20260917_005549_1854141/wastesorting/sim_50/scene_03/run_5/exp_wastesorting_20260917_020516_150589.txt,experiments_logs/n_simulations/20260917_005549_1854141/wastesorting/sim_500/scene_03/run_5/exp_wastesorting_20260917_020536_032815.txt,1,1,8.0,0.0,-6.881600000000001,-15.0
wastesorting,03,1000078,50,500,experiments_logs/n_simulations/20260917_005549_1854141/wastesorting/sim_50/scene_03/run_6/exp_wastesorting_20260917_020537_321560.txt,experiments_logs/n_simulations/20260917_005549_1854141/wastesorting/sim_500/scene_03/run_6/exp_wastesorting_20260917_020557_104730.txt,1,1,7.0,3.0,-7.293099999999999,15.0
wastesorting,03,1000079,50,500,experiments_logs/n_simulations/20260917_005549_1854141/wastesorting/sim_50/scene_03/run_7/exp_wastesorting_20260917_020557_970054.txt,experiments_logs/n_simulations/20260917_005549_1854141/wastesorting/sim_500/scene_03/run_7/exp_wastesorting_20260917_020616_270384.txt,1,1,-2.0,0.0,-6.416399999999999,5.0
wastesorting,03,1000080,50,500,experiments_logs/n_simulations/20260917_005549_1854141/wastesorting/sim_50/scene_03/run_8/exp_wastesorting_20260917_020617_154177.txt,experiments_logs/n_simulations/20260917_005549_1854141/wastesorting/sim_500/scene_03/run_8/exp_wastesorting_20260917_020636_833542.txt,1,1,-7.0,-1.0,-9.319199999999999,-5.0
wastesorting,03,1000081,50,500,experiments_logs/n_simulations/20260917_005549_1854141/wastesorting/sim_50/scene_03/run_9/exp_wastesorting_20260917_020637_720206.txt,experiments_logs/n_simulations/20260917_005549_1854141/wastesorting/sim_500/scene_03/run_9/exp_wastesorting_20260917_020655_740034.txt,1,1,0.0,2.0,-6.4502999999999995,5.0
wastesorting,03,1000082,50,500,experiments_logs/n_simulations/20260917_005549_1854141/wastesorting/sim_50/scene_03/run_10/exp_wastesorting_20260917_020656_775974.txt,experiments_logs/n_simulations/20260917_005549_1854141/wastesorting/sim_500/scene_03/run_10/exp_wastesorting_20260917_020717_879654.txt,1,1,-3.0,1.0,-9.768899999999999,5.0
wastesorting,04,1000083,50,500,experiments_logs/n_simulations/20260917_005549_1854141/wastesorting/sim_50/scene_04/run_1/exp_wastesorting_20260917_020719_045266.txt,experiments_logs/n_simulations/20260917_005549_1854141/wastesorting/sim_500/scene_04/run_1/exp_wastesorting_20260917_020736_663869.txt,1,1,7.0,2.0,-6.215199999999999,0.0
wastesorting,04,1000084,50,500,experiments_logs/n_simulations/20260917_005549_1854141/wastesorting/sim_50/scene_04/run_2/exp_wastesorting_20260917_020737_633117.txt,experiments_logs/n_simulations/20260917_005549_1854141/wastesorting/sim_500/scene_04/run_2/exp_wastesorting_20260917_020755_244700.txt,1,1,3.0,1.0,-6.3307,0.0
wastesorting,04,1000085,50,500,experiments_logs/n_simulations/20260917_005549_1854141/wastesorting/sim_50/scene_04/run_3/exp_wastesorting_20260917_020756_327400.txt,experiments_logs/n_simulations/20260917_005549_1854141/wastesorting/sim_500/scene_04/run_3/exp_wastesorting_20260917_020815_098779.txt,1,1,2.0,0.0,-7.004300000000001,-5.0
wastesorting,04,1000086,50,500,experiments_logs/n_simulations/20260917_005549_1854141/wastesorting/sim_50/scene_04/run_4/exp_wastesorting_20260917_020816_149223.txt,experiments_logs/n_simulations/20260917_005549_1854141/wastesorting/sim_500/scene_04/run_4/exp_wastesorting_20260917_020835_866421.txt,1,1,2.0,0.0,-6.375900000000001,5.0
wastesorting,04,1000087,50,500,experiments_logs/n_simulations/20260917_005549_1854141/wastesorting/sim_50/scene_04/run_5/exp_wastesorting_20260917_020837_030221.txt,experiments_logs/n_simulations/20260917_005549_1854141/wastesorting/sim_500/scene_04/run_5/exp_wastesorting_20260917_020855_456072.txt,1,1,4.0,1.0,-7.395600000000001,10.0
wastesorting,04,1000088,50,500,experiments_logs/n_simulations/20260917_005549_1854141/wastesorting/sim_50/scene_04/run_6/exp_wastesorting_20260917_020856_393626.txt,experiments_logs/n_simulations/20260917_005549_1854141/wastesorting/sim_500/scene_04/run_6/exp_wastesorting_20260917_020915_334944.txt,1,1,-2.0,-1.0,-7.9725,0.0
wastesorting,04,1000089,50,500,experiments_logs/n_simulations/20260917_005549_1854141/wastesorting/sim_50/scene_04/run_7/exp_wastesorting_20260917_020916_281542.txt,experiments_logs/n_simulations/20260917_005549_1854141/wastesorting/sim_500/scene_04/run_7/exp_wastesorting_20260917_020937_657918.txt,1,1,-6.0,-2.0,-8.060599999999999,10.0
wastesorting,04,1000090,50,500,experiments_logs/n_simulations/20260917_005549_1854141/wastesorting/sim_50/scene_04/run_8/exp_wastesorting_20260917_020938_612746.txt,experiments_logs/n_simulations/20260917_005549_1854141/wastesorting/sim_500/scene_04/run_8/exp_wastesorting_20260917_020959_818987.txt,1,1,-6.0,-1.0,-9.207,5.0
wastesorting,04,1000091,50,500,experiments_logs/n_simulations/20260917_005549_1854141/wastesorting/sim_50/scene_04/run_9/exp_wastesorting_20260917_021001_093933.txt,experiments_logs/n_simulations/20260917_005549_1854141/wastesorting/sim_500/scene_04/run_9/exp_wastesorting_20260917_021020_713691.txt,1,1,12.0,4.0,-7.0169999999999995,-5.0
wastesorting,04,1000092,50,500,experiments_logs/n_simulations/20260917_005549_1854141/wastesorting/sim_50/scene_04/run_10/exp_wastesorting_20260917_021021_600629.txt,experiments_logs/n_simulations/20260917_005549_1854141/wastesorting/sim_500/scene_04/run_10/exp_wastesorting_20260917_021041_844099.txt,1,1,-10.0,-2.0,-7.635199999999999,20.0
wastesorting,05,1000093,50,500,experiments_logs/n_simulations/20260917_005549_1854141/wastesorting/sim_50/scene_05/run_1/exp_wastesorting_20260917_021042_927984.txt,experiments_logs/n_simulations/20260917_005549_1854141/wastesorting/sim_500/scene_05/run_1/exp_wastesorting_20260917_021101_457717.txt,1,1,10.0,2.0,-6.7999,-10.0
wastesorting,05,1000094,50,500,experiments_logs/n_simulations/20260917_005549_1854141/wastesorting/sim_50/scene_05/run_2/exp_wastesorting_20260917_021102_353871.txt,experiments_logs/n_simulations/20260917_005549_1854141/wastesorting/sim_500/scene_05/run_2/exp_wastesorting_20260917_021123_820036.txt,1,1,-6.0,-3.0,-9.7859,-5.0
wastesorting,05,1000095,50,500,experiments_logs/n_simulations/20260917_005549_1854141/wastesorting/sim_50/scene_05/run_3/exp_wastesorting_20260917_021124_648058.txt,experiments_logs/n_simulations/20260917_005549_1854141/wastesorting/sim_500/scene_05/run_3/exp_wastesorting_20260917_021144_739253.txt,1,1,-5.0,-4.0,-7.8113,-10.0
wastesorting,05,1000096,50,500,experiments_logs/n_simulations/20260917_005549_1854141/wastesorting/sim_50/scene_05/run_4/exp_wastesorting_20260917_021145_641801.txt,experiments_logs/n_simulations/20260917_005549_1854141/wastesorting/sim_500/scene_05/run_4/exp_wastesorting_20260917_021207_647566.txt,1,1,-12.0,-4.0,-10.707699999999999,0.0
wastesorting,05,1000097,50,500,experiments_logs/n_simulations/20260917_005549_1854141/wastesorting/sim_50/scene_05/run_5/exp_wastesorting_20260917_021208_715592.txt,experiments_logs/n_simulations/20260917_005549_1854141/wastesorting/sim_500/scene_05/run_5/exp_wastesorting_20260917_021229_642576.txt,1,1,-2.0,-1.0,-9.9756,-10.0
wastesorting,05,1000098,50,500,experiments_logs/n_simulations/20260917_005549_1854141/wastesorting/sim_50/scene_05/run_6/exp_wastesorting_20260917_021230_617713.txt,experiments_logs/n_simulations/20260917_005549_1854141/wastesorting/sim_500/scene_05/run_6/exp_wastesorting_20260917_021251_295746.txt,1,1,-8.0,-1.0,-9.0357,5.0
wastesorting,05,1000099,50,500,experiments_logs/n_simulations/20260917_005549_1854141/wastesorting/sim_50/scene_05/run_7/exp_wastesorting_20260917_021252_182888.txt,experiments_logs/n_simulations/20260917_005549_1854141/wastesorting/sim_500/scene_05/run_7/exp_wastesorting_20260917_021308_923241.txt,1,1,2.0,0.0,-6.7661,0.0
wastesorting,05,1000100,50,500,experiments_logs/n_simulations/20260917_005549_1854141/wastesorting/sim_50/scene_05/run_8/exp_wastesorting_20260917_021309_832320.txt,experiments_logs/n_simulations/20260917_005549_1854141/wastesorting/sim_500/scene_05/run_8/exp_wastesorting_20260917_021329_063254.txt,1,1,-2.0,0.0,-7.292,0.0
wastesorting,05,1000101,50,500,experiments_logs/n_simulations/20260917_005549_1854141/wastesorting/sim_50/scene_05/run_9/exp_wastesorting_20260917_021330_219973.txt,experiments_logs/n_simulations/20260917_005549_1854141/wastesorting/sim_500/scene_05/run_9/exp_wastesorting_20260917_021350_785800.txt,1,1,0.0,0.0,-9.5944,-5.0
wastesorting,05,1000102,50,500,experiments_logs/n_simulations/20260917_005549_1854141/wastesorting/sim_50/scene_05/run_10/exp_wastesorting_20260917_021351_800876.txt,experiments_logs/n_simulations/20260917_005549_1854141/wastesorting/sim_500/scene_05/run_10/exp_wastesorting_20260917_021409_937687.txt,1,1,-2.0,2.0,-7.480499999999999,5.0
